;FLAVOR:Marlin
;TIME:1045
;Filament used: 0.276628m
;Layer height: 0.12
;MINX:99.679
;MINY:99.702
;MINZ:0.12
;MAXX:120.299
;MAXY:120.297
;MAXZ:8.04
;Generated with Cura_SteamEngine 4.11.0
M140 S60
M105
M190 S60
M104 S245
M105
M109 S245
M82 ;absolute extrusion mode
; Ender 3 Custom Start G-code
G92 E0 ; Reset Extruder
G28 ; Home all axes
G1 Z2.0 F3000 ; Move Z Axis up little to prevent scratching of Heat Bed
G1 X0.1 Y20 Z0.3 F5000.0 ; Move to start position
G1 X0.1 Y200.0 Z0.3 F1500.0 E15 ; Draw the first line
G1 X0.4 Y200.0 Z0.3 F5000.0 ; Move to side a little
G1 X0.4 Y20 Z0.3 F1500.0 E30 ; Draw the second line
G92 E0 ; Reset Extruder
G1 Z2.0 F3000 ; Move Z Axis up little to prevent scratching of Heat Bed
G1 X5 Y20 Z0.3 F5000.0 ; Move over to prevent blob squish
G92 E0
G92 E0
G1 F1500 E-6.5
;LAYER_COUNT:67
;LAYER:0
M107
G0 F6000 X102.864 Y102.598 Z0.12
;TYPE:SKIRT
G1 F1500 E0
G1 F1200 X103.26 Y102.214 E0.01101
G1 X103.544 Y101.998 E0.01813
G1 X104.807 Y101.128 E0.04873
G1 X105.223 Y100.879 E0.05841
G1 X105.256 Y100.862 E0.05915
G1 X105.65 Y100.686 E0.06776
G1 X107.107 Y100.134 E0.09885
G1 X107.635 Y99.977 E0.10985
G1 X107.993 Y99.916 E0.11709
G1 X109.518 Y99.73 E0.14775
G1 X109.978 Y99.702 E0.15695
G1 X110.026 Y99.702 E0.15791
G1 X110.488 Y99.73 E0.16714
G1 X111.998 Y99.915 E0.1975
G1 X112.508 Y100.014 E0.20787
G1 X112.542 Y100.023 E0.20857
G1 X112.916 Y100.142 E0.2164
G1 X114.376 Y100.695 E0.24756
G1 X114.876 Y100.927 E0.25856
G1 X115.189 Y101.122 E0.26592
G1 X116.472 Y102.008 E0.29704
G1 X116.902 Y102.353 E0.30804
G1 X117.161 Y102.619 E0.31545
G1 X118.186 Y103.779 E0.34634
G1 X118.52 Y104.217 E0.35733
G1 X118.701 Y104.525 E0.36446
G1 X119.433 Y105.916 E0.39583
G1 X119.653 Y106.421 E0.40682
G1 X119.761 Y106.781 E0.41432
G1 X120.147 Y108.356 E0.44668
G1 X120.217 Y108.717 E0.45402
G1 X120.252 Y109.044 E0.46058
G1 X120.292 Y109.684 E0.47338
G1 X120.299 Y110.05 E0.48068
G1 X120.292 Y110.277 E0.48522
G1 X120.252 Y110.945 E0.49857
G1 X120.202 Y111.373 E0.50717
G1 X120.188 Y111.453 E0.50879
G1 X120.136 Y111.701 E0.51385
G1 X119.767 Y113.209 E0.54483
G1 X119.598 Y113.734 E0.55584
G1 X119.439 Y114.075 E0.56334
G1 X118.705 Y115.47 E0.5948
G1 X118.414 Y115.938 E0.6058
G1 X118.191 Y116.216 E0.61291
G1 X117.165 Y117.378 E0.64385
G1 X116.771 Y117.764 E0.65485
G1 X116.465 Y117.997 E0.66253
G1 X115.176 Y118.881 E0.69372
G1 X114.7 Y119.159 E0.70472
G1 X114.381 Y119.298 E0.71166
G1 X112.912 Y119.858 E0.74304
G1 X112.384 Y120.016 E0.75404
G1 X112.023 Y120.078 E0.76135
G1 X110.473 Y120.269 E0.79251
G1 X109.922 Y120.297 E0.80352
G1 X109.552 Y120.271 E0.81092
G1 X107.979 Y120.081 E0.84254
G1 X107.439 Y119.975 E0.85352
G1 X107.086 Y119.86 E0.86093
G1 X105.643 Y119.312 E0.89174
G1 X105.273 Y119.149 E0.89981
G1 X104.811 Y118.876 E0.91051
G1 X103.525 Y117.987 E0.94171
G1 X103.096 Y117.641 E0.95271
G1 X102.839 Y117.378 E0.96005
G1 X101.808 Y116.212 E0.99111
G1 X101.397 Y115.65 E1.005
G1 X101.268 Y115.424 E1.0102
G1 X100.574 Y114.105 E1.03994
G1 X100.369 Y113.644 E1.05001
G1 X100.358 Y113.614 E1.05065
G1 X100.237 Y113.216 E1.05895
G1 X99.859 Y111.683 E1.09046
G1 X99.765 Y111.136 E1.10153
G1 X99.691 Y110.365 E1.11699
G1 X99.679 Y109.814 E1.12799
G1 X99.704 Y109.524 E1.1338
G1 X99.75 Y109.159 E1.14114
G1 X99.787 Y108.654 E1.15124
G1 X99.856 Y108.299 E1.15846
G1 X100.219 Y106.819 E1.18887
G1 X100.462 Y106.126 E1.20353
G1 X100.563 Y105.92 E1.2081
G1 X101.287 Y104.538 E1.23924
G1 X101.577 Y104.069 E1.25024
G1 X101.817 Y103.772 E1.25786
G1 X102.864 Y102.598 E1.28926
G0 F6000 X103.163 Y102.864
G1 F1200 X103.538 Y102.503 E1.29964
G1 X103.771 Y102.327 E1.30547
G1 X105.034 Y101.457 E1.33608
G1 X105.406 Y101.234 E1.34473
G1 X105.439 Y101.217 E1.34547
G1 X105.791 Y101.061 E1.35316
G1 X107.248 Y100.509 E1.38425
G1 X107.748 Y100.362 E1.39465
G1 X108.041 Y100.313 E1.40058
G1 X109.566 Y100.127 E1.43124
G1 X109.978 Y100.102 E1.43947
G1 X110.026 Y100.102 E1.44043
G1 X110.439 Y100.127 E1.44869
G1 X111.949 Y100.312 E1.47905
G1 X112.406 Y100.4 E1.48833
G1 X112.44 Y100.409 E1.48904
G1 X112.774 Y100.516 E1.49603
G1 X114.234 Y101.069 E1.52719
G1 X114.706 Y101.291 E1.5376
G1 X114.962 Y101.451 E1.54362
G1 X116.245 Y102.337 E1.57474
G1 X116.65 Y102.665 E1.58514
G1 X116.861 Y102.884 E1.59121
G1 X117.886 Y104.044 E1.6221
G1 X118.2 Y104.46 E1.6325
G1 X118.347 Y104.712 E1.63832
G1 X119.079 Y106.103 E1.66969
G1 X119.285 Y106.581 E1.68008
G1 X119.372 Y106.877 E1.68624
G1 X119.758 Y108.452 E1.7186
G1 X119.821 Y108.777 E1.7252
G1 X119.852 Y109.069 E1.73106
G1 X119.892 Y109.709 E1.74386
G1 X119.899 Y110.05 E1.75067
G1 X119.893 Y110.253 E1.75472
G1 X119.853 Y110.921 E1.76807
G1 X119.808 Y111.304 E1.77577
G1 X119.748 Y111.606 E1.78191
G1 X119.379 Y113.114 E1.8129
G1 X119.216 Y113.609 E1.8233
G1 X119.085 Y113.889 E1.82946
G1 X118.351 Y115.284 E1.86092
G1 X118.074 Y115.725 E1.87131
G1 X117.891 Y115.951 E1.87712
G1 X116.865 Y117.113 E1.90805
G1 X116.491 Y117.476 E1.91845
G1 X116.239 Y117.667 E1.92476
G1 X114.95 Y118.551 E1.95595
G1 X114.499 Y118.812 E1.96635
G1 X114.238 Y118.924 E1.97202
G1 X112.769 Y119.484 E2.00339
G1 X112.269 Y119.632 E2.0138
G1 X111.974 Y119.681 E2.01977
G1 X110.424 Y119.872 E2.05093
G1 X109.903 Y119.896 E2.06134
G1 X109.6 Y119.873 E2.06741
G1 X108.027 Y119.683 E2.09903
G1 X107.516 Y119.582 E2.10942
G1 X107.228 Y119.487 E2.11547
G1 X105.785 Y118.939 E2.14628
G1 X105.451 Y118.791 E2.15357
G1 X105.039 Y118.547 E2.16312
G1 X103.753 Y117.658 E2.19432
G1 X103.348 Y117.329 E2.20473
G1 X103.139 Y117.113 E2.21073
G1 X102.108 Y115.947 E2.24179
G1 X101.74 Y115.444 E2.25423
G1 X101.622 Y115.238 E2.25897
G1 X100.928 Y113.919 E2.28871
G1 X100.745 Y113.506 E2.29772
G1 X100.734 Y113.476 E2.29836
G1 X100.625 Y113.12 E2.30579
G1 X100.247 Y111.587 E2.3373
G1 X100.164 Y111.098 E2.3472
G1 X100.09 Y110.327 E2.36266
G1 X100.101 Y109.575 E2.37766
G1 X100.147 Y109.204 E2.38513
G1 X100.187 Y108.684 E2.39553
G1 X100.245 Y108.394 E2.40144
G1 X100.608 Y106.914 E2.43185
G1 X100.825 Y106.294 E2.44495
G1 X100.917 Y106.105 E2.44915
G1 X101.641 Y104.723 E2.48028
G1 X101.918 Y104.281 E2.49069
G1 X102.116 Y104.038 E2.49695
G1 X103.163 Y102.864 E2.52834
G0 F6000 X103.461 Y103.13
G1 F1200 X103.998 Y102.656 E2.54263
G1 X105.261 Y101.786 E2.57324
G1 X105.589 Y101.59 E2.58087
G1 X105.622 Y101.573 E2.58161
G1 X105.933 Y101.435 E2.5884
G1 X107.39 Y100.883 E2.61949
G1 X108.09 Y100.71 E2.63388
G1 X109.615 Y100.524 E2.66454
G1 X109.978 Y100.502 E2.67179
G1 X110.026 Y100.502 E2.67275
G1 X110.391 Y100.524 E2.68005
G1 X111.901 Y100.709 E2.71041
G1 X112.304 Y100.787 E2.7186
G1 X112.338 Y100.796 E2.7193
G1 X112.633 Y100.891 E2.72549
G1 X114.093 Y101.444 E2.75664
G1 X114.735 Y101.78 E2.7711
G1 X116.018 Y102.666 E2.80222
G1 X116.561 Y103.149 E2.81672
G1 X117.586 Y104.309 E2.84761
G1 X117.993 Y104.898 E2.8619
G1 X118.725 Y106.289 E2.89327
G1 X118.984 Y106.972 E2.90784
G1 X119.37 Y108.547 E2.94021
G1 X119.426 Y108.836 E2.94608
G1 X119.453 Y109.094 E2.95126
G1 X119.493 Y109.734 E2.96405
G1 X119.499 Y110.05 E2.97036
G1 X119.494 Y110.229 E2.97393
G1 X119.454 Y110.897 E2.98729
G1 X119.414 Y111.235 E2.99408
G1 X119.359 Y111.511 E2.9997
G1 X118.99 Y113.019 E3.03068
G1 X118.731 Y113.703 E3.04527
G1 X117.997 Y115.098 E3.07673
G1 X117.591 Y115.687 E3.09101
G1 X116.565 Y116.849 E3.12194
G1 X116.212 Y117.188 E3.13171
G1 X116.013 Y117.337 E3.13667
G1 X114.724 Y118.221 E3.16786
G1 X114.096 Y118.55 E3.18201
G1 X112.627 Y119.11 E3.21338
G1 X111.925 Y119.284 E3.22782
G1 X110.375 Y119.475 E3.25898
G1 X109.648 Y119.476 E3.27349
G1 X108.075 Y119.286 E3.30511
G1 X107.37 Y119.113 E3.3196
G1 X105.927 Y118.565 E3.3504
G1 X105.63 Y118.433 E3.35689
G1 X105.266 Y118.218 E3.36532
G1 X103.98 Y117.329 E3.39652
G1 X103.439 Y116.848 E3.41097
G1 X102.408 Y115.682 E3.44203
G1 X102.083 Y115.238 E3.45301
G1 X101.976 Y115.052 E3.45729
G1 X101.282 Y113.733 E3.48703
G1 X101.12 Y113.369 E3.49498
G1 X101.109 Y113.339 E3.49562
G1 X101.013 Y113.024 E3.50219
G1 X100.635 Y111.491 E3.5337
G1 X100.562 Y111.06 E3.54243
G1 X100.488 Y110.289 E3.55788
G1 X100.498 Y109.625 E3.57114
G1 X100.547 Y109.238 E3.57892
G1 X100.547 Y109.204 E3.5796
G1 X100.633 Y108.489 E3.59397
G1 X100.996 Y107.009 E3.62438
G1 X101.188 Y106.463 E3.63593
G1 X101.272 Y106.291 E3.63975
G1 X101.996 Y104.909 E3.67088
G1 X102.257 Y104.495 E3.68065
G1 X102.414 Y104.304 E3.68559
G1 X103.461 Y103.13 E3.71698
G0 F6000 X103.76 Y103.396
G1 F1200 X104.225 Y102.986 E3.72935
G1 X105.488 Y102.116 E3.75995
G1 X105.772 Y101.946 E3.76656
G1 X105.805 Y101.929 E3.7673
G1 X106.075 Y101.809 E3.7732
G1 X107.532 Y101.257 E3.80429
G1 X108.138 Y101.107 E3.81675
G1 X109.663 Y100.921 E3.84741
G1 X109.978 Y100.902 E3.8537
G1 X110.026 Y100.902 E3.85466
G1 X110.342 Y100.921 E3.86098
G1 X111.852 Y101.106 E3.89134
G1 X112.201 Y101.174 E3.89843
G1 X112.235 Y101.183 E3.89914
G1 X112.491 Y101.265 E3.9045
G1 X113.951 Y101.818 E3.93566
G1 X114.507 Y102.11 E3.94819
G1 X115.79 Y102.996 E3.9793
G1 X116.261 Y103.413 E3.99186
G1 X117.286 Y104.573 E4.02275
G1 X117.639 Y105.084 E4.03514
G1 X118.371 Y106.475 E4.06651
G1 X118.595 Y107.067 E4.07914
G1 X118.981 Y108.642 E4.1115
G1 X119.03 Y108.895 E4.11665
G1 X119.054 Y109.119 E4.12114
G1 X119.094 Y109.759 E4.13394
G1 X119.099 Y110.05 E4.13975
G1 X119.094 Y110.205 E4.14284
G1 X119.054 Y110.873 E4.1562
G1 X119.02 Y111.166 E4.16208
G1 X118.97 Y111.416 E4.16717
G1 X118.601 Y112.924 E4.19815
G1 X118.377 Y113.517 E4.2108
G1 X117.643 Y114.912 E4.24226
G1 X117.291 Y115.422 E4.25463
G1 X116.265 Y116.584 E4.28556
G1 X115.787 Y117.007 E4.2983
G1 X114.498 Y117.891 E4.32949
G1 X113.953 Y118.176 E4.34176
G1 X112.484 Y118.736 E4.37314
G1 X111.876 Y118.887 E4.38564
G1 X110.326 Y119.078 E4.4168
G1 X109.696 Y119.079 E4.42938
G1 X108.123 Y118.889 E4.461
G1 X107.512 Y118.739 E4.47355
G1 X106.069 Y118.191 E4.50435
G1 X105.809 Y118.076 E4.51003
G1 X105.494 Y117.889 E4.51734
G1 X104.208 Y117 E4.54854
G1 X103.738 Y116.583 E4.56108
G1 X102.707 Y115.417 E4.59214
G1 X102.426 Y115.033 E4.60163
G1 X102.33 Y114.866 E4.60548
G1 X101.636 Y113.547 E4.63522
G1 X101.496 Y113.231 E4.64212
G1 X101.485 Y113.201 E4.64275
G1 X101.402 Y112.928 E4.64845
G1 X101.024 Y111.395 E4.67996
G1 X100.96 Y111.021 E4.68753
G1 X100.886 Y110.25 E4.70299
G1 X100.895 Y109.675 E4.71446
G1 X100.947 Y109.265 E4.72271
G1 X100.947 Y109.204 E4.72393
G1 X101.022 Y108.585 E4.73637
G1 X101.385 Y107.105 E4.76678
G1 X101.551 Y106.631 E4.7768
G1 X101.626 Y106.476 E4.78024
G1 X102.35 Y105.094 E4.81137
G1 X102.713 Y104.57 E4.8241
G1 X103.76 Y103.396 E4.85549
G0 F6000 X104.058 Y103.663
G1 F1200 X104.452 Y103.315 E4.86598
G1 X105.715 Y102.445 E4.89658
G1 X105.955 Y102.301 E4.90217
G1 X105.988 Y102.284 E4.90291
G1 X106.217 Y102.183 E4.9079
G1 X107.674 Y101.631 E4.939
G1 X108.187 Y101.504 E4.94954
G1 X109.712 Y101.318 E4.9802
G1 X109.978 Y101.302 E4.98552
G1 X110.026 Y101.302 E4.98648
G1 X110.294 Y101.318 E4.99184
G1 X111.804 Y101.503 E5.0222
G1 X112.099 Y101.56 E5.02819
G1 X112.349 Y101.639 E5.03342
G1 X113.809 Y102.192 E5.06458
G1 X114.28 Y102.439 E5.07519
G1 X115.563 Y103.325 E5.10631
G1 X115.962 Y103.678 E5.11694
G1 X116.987 Y104.838 E5.14783
G1 X117.285 Y105.27 E5.1583
G1 X118.017 Y106.661 E5.18967
G1 X118.207 Y107.162 E5.20036
G1 X118.593 Y108.737 E5.23273
G1 X118.655 Y109.144 E5.24094
G1 X118.695 Y109.784 E5.25374
G1 X118.699 Y110.05 E5.25905
G1 X118.695 Y110.182 E5.26168
G1 X118.655 Y110.85 E5.27504
G1 X118.612 Y111.177 E5.28162
G1 X118.582 Y111.321 E5.28455
G1 X118.213 Y112.829 E5.31554
G1 X118.023 Y113.33 E5.32623
G1 X117.289 Y114.725 E5.35769
G1 X116.991 Y115.157 E5.36816
G1 X115.965 Y116.319 E5.39909
G1 X115.56 Y116.677 E5.40988
G1 X114.271 Y117.561 E5.44107
G1 X113.811 Y117.803 E5.45145
G1 X112.342 Y118.363 E5.48282
G1 X111.827 Y118.49 E5.4934
G1 X110.277 Y118.681 E5.52457
G1 X109.744 Y118.682 E5.53521
G1 X108.171 Y118.492 E5.56683
G1 X107.654 Y118.365 E5.57745
G1 X106.211 Y117.817 E5.60825
G1 X105.988 Y117.718 E5.61312
G1 X105.721 Y117.56 E5.61931
G1 X104.435 Y116.671 E5.65051
G1 X104.038 Y116.318 E5.66111
G1 X103.007 Y115.152 E5.69217
G1 X102.769 Y114.827 E5.70021
G1 X102.684 Y114.679 E5.70362
G1 X101.99 Y113.36 E5.73336
G1 X101.871 Y113.093 E5.7392
G1 X101.79 Y112.833 E5.74463
G1 X101.412 Y111.3 E5.77614
G1 X101.358 Y110.983 E5.78256
G1 X101.284 Y110.212 E5.79801
G1 X101.291 Y109.725 E5.80773
G1 X101.347 Y109.283 E5.81662
G1 X101.347 Y109.204 E5.8182
G1 X101.41 Y108.68 E5.82873
G1 X101.773 Y107.2 E5.85914
G1 X101.914 Y106.799 E5.86763
G1 X101.98 Y106.662 E5.87066
G1 X102.704 Y105.28 E5.90179
G1 X103.011 Y104.837 E5.91255
G1 X104.058 Y103.663 E5.94394
G0 F6000 X104.357 Y103.929
G1 F1200 X104.679 Y103.645 E5.95251
G1 X105.942 Y102.775 E5.98312
G1 X106.172 Y102.64 E5.98844
G1 X106.358 Y102.557 E5.9925
G1 X107.815 Y102.005 E6.0236
G1 X108.235 Y101.901 E6.03223
G1 X109.76 Y101.715 E6.06289
G1 X110.026 Y101.702 E6.0682
G1 X110.245 Y101.715 E6.07258
G1 X111.755 Y101.9 E6.10294
G1 X112.031 Y101.956 E6.10856
G1 X112.208 Y102.013 E6.11227
G1 X113.668 Y102.566 E6.14343
G1 X114.053 Y102.768 E6.1521
G1 X115.336 Y103.654 E6.18322
G1 X115.662 Y103.943 E6.19191
G1 X116.687 Y105.103 E6.2228
G1 X116.931 Y105.457 E6.23138
G1 X117.663 Y106.848 E6.26275
G1 X117.818 Y107.258 E6.2715
G1 X118.204 Y108.833 E6.30386
G1 X118.255 Y109.169 E6.31064
G1 X118.295 Y109.809 E6.32344
G1 X118.296 Y110.158 E6.3304
G1 X118.256 Y110.826 E6.34376
G1 X118.218 Y111.108 E6.34944
G1 X118.193 Y111.226 E6.35184
G1 X117.824 Y112.734 E6.38283
G1 X117.669 Y113.144 E6.39157
G1 X116.935 Y114.539 E6.42303
G1 X116.691 Y114.892 E6.43159
G1 X115.665 Y116.054 E6.46253
G1 X115.334 Y116.347 E6.47135
G1 X114.045 Y117.231 E6.50254
G1 X113.668 Y117.429 E6.51104
G1 X112.199 Y117.989 E6.54241
G1 X111.778 Y118.093 E6.55107
G1 X110.228 Y118.284 E6.58223
G1 X109.792 Y118.285 E6.59093
G1 X108.219 Y118.095 E6.62255
G1 X107.796 Y117.991 E6.63125
G1 X106.353 Y117.443 E6.66205
G1 X106.167 Y117.36 E6.66611
G1 X105.948 Y117.231 E6.67119
G1 X104.662 Y116.342 E6.70238
G1 X104.338 Y116.053 E6.71105
G1 X103.307 Y114.887 E6.74211
G1 X103.112 Y114.621 E6.74869
G1 X103.038 Y114.493 E6.75164
G1 X102.344 Y113.174 E6.78138
G1 X102.236 Y112.926 E6.78678
G1 X102.178 Y112.737 E6.79073
G1 X101.8 Y111.204 E6.82224
G1 X101.756 Y110.945 E6.82748
G1 X101.682 Y110.174 E6.84294
G1 X101.688 Y109.776 E6.85088
G1 X101.747 Y109.31 E6.86025
G1 X101.747 Y109.204 E6.86237
G1 X101.799 Y108.775 E6.87099
G1 X102.162 Y107.295 E6.9014
G1 X102.277 Y106.967 E6.90834
G1 X102.335 Y106.848 E6.91098
G1 X103.059 Y105.466 E6.94212
G1 X103.31 Y105.103 E6.95092
G1 X104.357 Y103.929 E6.98232
G0 F6000 X104.655 Y104.195
G1 F1200 X104.906 Y103.974 E6.98899
G1 X106.169 Y103.104 E7.01959
G1 X106.5 Y102.931 E7.02705
G1 X107.957 Y102.379 E7.05814
G1 X108.284 Y102.298 E7.06486
G1 X109.809 Y102.112 E7.09552
G1 X110.196 Y102.112 E7.10325
G1 X111.706 Y102.297 E7.1336
G1 X112.066 Y102.387 E7.14101
G1 X113.526 Y102.94 E7.17217
G1 X113.826 Y103.097 E7.17892
G1 X115.109 Y103.983 E7.21004
G1 X115.362 Y104.208 E7.21679
G1 X116.387 Y105.368 E7.24769
G1 X116.577 Y105.643 E7.25436
G1 X117.309 Y107.034 E7.28572
G1 X117.43 Y107.353 E7.29253
G1 X117.816 Y108.928 E7.32489
G1 X117.856 Y109.194 E7.33026
G1 X117.896 Y109.834 E7.34306
G1 X117.896 Y110.134 E7.34905
G1 X117.856 Y110.802 E7.3624
G1 X117.805 Y111.131 E7.36904
G1 X117.436 Y112.639 E7.40003
G1 X117.315 Y112.958 E7.40683
G1 X116.581 Y114.353 E7.43829
G1 X116.391 Y114.628 E7.44496
G1 X115.365 Y115.79 E7.4759
G1 X115.108 Y116.018 E7.48275
G1 X113.819 Y116.902 E7.51394
G1 X113.526 Y117.055 E7.52054
G1 X112.057 Y117.615 E7.55191
G1 X111.729 Y117.696 E7.55866
G1 X110.179 Y117.887 E7.58982
G1 X109.84 Y117.888 E7.59659
G1 X108.267 Y117.698 E7.62821
G1 X107.938 Y117.617 E7.63497
G1 X106.495 Y117.069 E7.66577
G1 X106.176 Y116.902 E7.67296
G1 X104.89 Y116.013 E7.70415
G1 X104.637 Y115.788 E7.71091
G1 X103.606 Y114.622 E7.74197
G1 X103.455 Y114.415 E7.74709
G1 X103.392 Y114.307 E7.74958
G1 X102.698 Y112.988 E7.77932
G1 X102.567 Y112.641 E7.78673
G1 X102.189 Y111.108 E7.81823
G1 X102.154 Y110.907 E7.82231
G1 X102.08 Y110.136 E7.83776
G1 X102.085 Y109.826 E7.84395
G1 X102.147 Y109.337 E7.85379
G1 X102.147 Y109.204 E7.85644
G1 X102.187 Y108.871 E7.86313
G1 X102.55 Y107.391 E7.89354
G1 X102.64 Y107.135 E7.89896
G1 X102.689 Y107.033 E7.90122
G1 X103.413 Y105.651 E7.93235
G1 X103.608 Y105.369 E7.93919
G1 X104.655 Y104.195 E7.97059
G0 F6000 X104.954 Y104.461
G1 F1200 X105.133 Y104.303 E7.97535
G1 X106.396 Y103.433 E8.00596
G1 X106.642 Y103.305 E8.01149
G1 X108.099 Y102.753 E8.04258
G1 X108.332 Y102.695 E8.04738
G1 X109.857 Y102.509 E8.07803
G1 X110.148 Y102.509 E8.08384
G1 X111.658 Y102.694 E8.1142
G1 X111.924 Y102.761 E8.11967
G1 X113.384 Y103.314 E8.15083
G1 X113.598 Y103.426 E8.15565
G1 X114.881 Y104.312 E8.18677
G1 X115.062 Y104.473 E8.1916
G1 X116.087 Y105.633 E8.22249
G1 X116.223 Y105.829 E8.22725
G1 X116.955 Y107.22 E8.25862
G1 X117.041 Y107.448 E8.26348
G1 X117.427 Y109.023 E8.29584
G1 X117.457 Y109.219 E8.2998
G1 X117.497 Y109.859 E8.3126
G1 X117.497 Y110.11 E8.31761
G1 X117.457 Y110.778 E8.33096
G1 X117.416 Y111.036 E8.33617
G1 X117.047 Y112.544 E8.36716
G1 X116.961 Y112.772 E8.37202
G1 X116.227 Y114.167 E8.40348
G1 X116.092 Y114.363 E8.40823
G1 X115.066 Y115.525 E8.43916
G1 X114.882 Y115.688 E8.44407
G1 X113.593 Y116.572 E8.47526
G1 X113.383 Y116.681 E8.47998
G1 X111.914 Y117.241 E8.51135
G1 X111.68 Y117.299 E8.51616
G1 X110.13 Y117.49 E8.54733
G1 X109.888 Y117.491 E8.55216
G1 X108.315 Y117.301 E8.58378
G1 X108.08 Y117.243 E8.58861
G1 X106.637 Y116.695 E8.61941
G1 X106.403 Y116.573 E8.62468
G1 X105.117 Y115.684 E8.65588
G1 X104.937 Y115.523 E8.6607
G1 X103.906 Y114.357 E8.69176
G1 X103.746 Y114.121 E8.69745
G1 X103.052 Y112.802 E8.72719
G1 X102.955 Y112.545 E8.73267
G1 X102.577 Y111.012 E8.76418
G1 X102.553 Y110.869 E8.76707
G1 X102.479 Y110.098 E8.78253
G1 X102.482 Y109.876 E8.78696
G1 X102.547 Y109.363 E8.79728
G1 X102.576 Y108.966 E8.80522
G1 X102.939 Y107.486 E8.83563
G1 X103.043 Y107.219 E8.84135
G1 X103.767 Y105.837 E8.87249
G1 X103.907 Y105.635 E8.87739
G1 X104.954 Y104.461 E8.90878
G0 F6000 X105.252 Y104.728
G1 F1200 X105.36 Y104.633 E8.91165
G1 X106.623 Y103.763 E8.94226
G1 X106.783 Y103.679 E8.94587
G1 X108.24 Y103.127 E8.97696
G1 X108.38 Y103.092 E8.97984
G1 X109.905 Y102.906 E9.0105
G1 X110.099 Y102.906 E9.01437
G1 X111.609 Y103.091 E9.04473
G1 X111.783 Y103.135 E9.04831
G1 X113.243 Y103.688 E9.07947
G1 X113.371 Y103.755 E9.08235
G1 X114.654 Y104.641 E9.11346
G1 X114.763 Y104.738 E9.11638
G1 X115.788 Y105.898 E9.14727
G1 X115.869 Y106.016 E9.15012
G1 X116.601 Y107.407 E9.18149
G1 X116.653 Y107.543 E9.1844
G1 X117.039 Y109.118 E9.21676
G1 X117.058 Y109.244 E9.2193
G1 X117.099 Y109.921 E9.23284
G1 X117.098 Y110.086 E9.23613
G1 X117.058 Y110.754 E9.24948
G1 X117.028 Y110.941 E9.25326
G1 X116.659 Y112.449 E9.28424
G1 X116.607 Y112.585 E9.28715
G1 X115.873 Y113.98 E9.31861
G1 X115.792 Y114.098 E9.32146
G1 X114.766 Y115.26 E9.3524
G1 X114.655 Y115.358 E9.35535
G1 X113.366 Y116.242 E9.38654
G1 X113.241 Y116.308 E9.38937
G1 X111.772 Y116.868 E9.42074
G1 X111.631 Y116.902 E9.42363
G1 X110.081 Y117.093 E9.4548
G1 X109.936 Y117.094 E9.45769
G1 X108.363 Y116.904 E9.48931
G1 X108.222 Y116.869 E9.49221
G1 X106.779 Y116.321 E9.52301
G1 X106.631 Y116.244 E9.52634
G1 X105.345 Y115.355 E9.55754
G1 X105.237 Y115.258 E9.56044
G1 X104.206 Y114.092 E9.5915
G1 X104.1 Y113.934 E9.5953
G1 X103.406 Y112.615 E9.62504
G1 X103.343 Y112.45 E9.62856
G1 X102.965 Y110.917 E9.66007
G1 X102.951 Y110.83 E9.66183
G1 X102.877 Y110.059 E9.67729
G1 X102.879 Y109.927 E9.67992
G1 X102.947 Y109.39 E9.69072
G1 X102.964 Y109.061 E9.6973
G1 X103.327 Y107.581 E9.72771
G1 X103.398 Y107.405 E9.7315
G1 X104.122 Y106.023 E9.76263
G1 X104.205 Y105.902 E9.76556
G1 X105.252 Y104.728 E9.79695
G0 F6000 X105.551 Y104.994
G1 F1200 X105.587 Y104.962 E9.79791
G1 X106.871 Y104.079 E9.82901
G1 X106.925 Y104.053 E9.83021
G1 X108.382 Y103.501 E9.8613
G1 X108.429 Y103.489 E9.86227
G1 X109.954 Y103.303 E9.89293
G1 X110.05 Y103.303 E9.89484
G1 X111.56 Y103.488 E9.9252
G1 X111.641 Y103.509 E9.92687
G1 X113.101 Y104.062 E9.95803
G1 X113.144 Y104.084 E9.95899
G1 X114.427 Y104.97 E9.99011
G1 X114.463 Y105.003 E9.99108
G1 X115.488 Y106.163 E10.02197
G1 X115.515 Y106.202 E10.02292
G1 X116.247 Y107.593 E10.05429
G1 X116.264 Y107.638 E10.05525
G1 X116.654 Y109.231 E10.08798
G1 X116.659 Y109.269 E10.08874
G1 X116.699 Y109.909 E10.10154
G1 X116.699 Y110.062 E10.10459
G1 X116.659 Y110.73 E10.11794
G1 X116.639 Y110.846 E10.12029
G1 X116.27 Y112.354 E10.15128
G1 X116.253 Y112.399 E10.15224
G1 X115.519 Y113.794 E10.18369
G1 X115.492 Y113.833 E10.18464
G1 X114.466 Y114.995 E10.21557
G1 X114.429 Y115.028 E10.21656
G1 X113.14 Y115.912 E10.24775
G1 X113.098 Y115.934 E10.2487
G1 X111.629 Y116.494 E10.28007
G1 X111.582 Y116.505 E10.28104
G1 X110.032 Y116.696 E10.3122
G1 X109.984 Y116.697 E10.31316
G1 X108.411 Y116.507 E10.34478
G1 X108.364 Y116.495 E10.34575
G1 X106.903 Y115.939 E10.37694
G1 X106.858 Y115.915 E10.37796
G1 X105.572 Y115.026 E10.40916
G1 X105.536 Y114.993 E10.41014
G1 X104.505 Y113.827 E10.4412
G1 X104.454 Y113.748 E10.44307
G1 X103.76 Y112.429 E10.47282
G1 X103.732 Y112.354 E10.47441
G1 X103.354 Y110.821 E10.50592
G1 X103.349 Y110.792 E10.50651
G1 X103.275 Y110.021 E10.52197
G1 X103.276 Y109.977 E10.52284
G1 X103.347 Y109.417 E10.53411
G1 X103.353 Y109.156 E10.53932
G1 X103.716 Y107.676 E10.56973
G1 X103.752 Y107.59 E10.57159
G1 X104.476 Y106.208 E10.60273
G1 X104.504 Y106.168 E10.6037
G1 X105.551 Y104.994 E10.63509
G0 F6000 X105.829 Y105.282
G1 F1200 X107.068 Y104.428 E10.66512
G1 X107.081 Y104.421 E10.66542
G1 X108.5 Y103.884 E10.69569
G1 X109.993 Y103.702 E10.72571
G1 X110.011 Y103.702 E10.72607
G1 X111.509 Y103.886 E10.75619
G1 X112.932 Y104.426 E10.78656
G1 X114.183 Y105.29 E10.8169
G1 X115.172 Y106.41 E10.84672
G1 X115.881 Y107.756 E10.87708
G1 X116.26 Y109.302 E10.90884
G1 X116.299 Y109.934 E10.92148
G1 X116.299 Y110.038 E10.92355
G1 X116.26 Y110.698 E10.93675
G1 X116.249 Y110.759 E10.93799
G1 X115.887 Y112.236 E10.96833
G1 X115.176 Y113.586 E10.99878
G1 X114.184 Y114.711 E11.02871
G1 X112.928 Y115.572 E11.0591
G1 X111.509 Y116.112 E11.0894
G1 X110.016 Y116.297 E11.11942
G1 X108.482 Y116.112 E11.15026
G1 X107.073 Y115.578 E11.18033
G1 X105.819 Y114.71 E11.21076
G1 X104.819 Y113.578 E11.24091
G1 X104.802 Y113.551 E11.24154
G1 X104.121 Y112.258 E11.27071
G1 X104.116 Y112.244 E11.271
G1 X103.746 Y110.739 E11.30193
G1 X103.675 Y109.999 E11.31677
G1 X103.747 Y109.428 E11.32825
G1 X103.747 Y109.23 E11.3322
G1 X104.101 Y107.787 E11.36185
G1 X104.819 Y106.415 E11.39276
G1 X105.829 Y105.282 E11.42305
G0 F6000 X106.097 Y105.583
G1 F1200 X107.261 Y104.78 E11.45127
G1 X108.595 Y104.276 E11.47972
G1 X110.002 Y104.104 E11.50801
G1 X111.41 Y104.277 E11.53632
G1 X112.746 Y104.783 E11.56483
G1 X113.914 Y105.59 E11.59316
G1 X114.84 Y106.639 E11.62108
G1 X115.504 Y107.899 E11.64951
G1 X115.863 Y109.363 E11.67959
G1 X115.899 Y109.941 E11.69114
G1 X115.899 Y110.031 E11.69294
G1 X115.862 Y110.645 E11.70522
G1 X115.857 Y110.674 E11.7058
G1 X115.51 Y112.094 E11.73497
G1 X114.844 Y113.358 E11.76349
G1 X113.917 Y114.408 E11.79144
G1 X112.74 Y115.216 E11.81993
G1 X111.411 Y115.721 E11.8483
G1 X110.015 Y115.894 E11.87637
G1 X108.579 Y115.721 E11.90524
G1 X107.259 Y115.22 E11.93341
G1 X106.088 Y114.41 E11.96183
G1 X105.145 Y113.343 E11.99024
G1 X104.496 Y112.109 E12.01807
G1 X104.141 Y110.666 E12.04772
G1 X104.078 Y110.008 E12.06091
G1 X104.142 Y109.504 E12.07105
G1 X104.147 Y109.28 E12.07552
G1 X104.48 Y107.923 E12.10341
G1 X105.149 Y106.647 E12.13216
G1 X106.097 Y105.583 E12.1606
G0 F6000 X106.365 Y105.884
G1 F1200 X107.447 Y105.138 E12.18682
G1 X108.692 Y104.667 E12.21339
G1 X110.001 Y104.507 E12.23971
G1 X111.315 Y104.668 E12.26612
G1 X112.559 Y105.139 E12.29267
G1 X113.645 Y105.889 E12.31901
G1 X114.509 Y106.869 E12.34508
G1 X115.128 Y108.043 E12.37157
G1 X115.466 Y109.422 E12.3999
G1 X115.499 Y109.952 E12.4105
G1 X115.499 Y110.023 E12.41191
G1 X115.465 Y110.597 E12.42339
G1 X115.134 Y111.949 E12.45117
G1 X114.513 Y113.127 E12.47774
G1 X113.649 Y114.107 E12.50381
G1 X112.553 Y114.859 E12.53034
G1 X111.314 Y115.33 E12.55679
G1 X110.014 Y115.491 E12.58293
G1 X108.675 Y115.33 E12.60984
G1 X107.448 Y114.864 E12.63604
G1 X106.353 Y114.107 E12.6626
G1 X105.478 Y113.116 E12.68898
G1 X104.872 Y111.965 E12.71494
G1 X104.537 Y110.605 E12.74289
G1 X104.48 Y110.017 E12.75468
G1 X104.539 Y109.555 E12.76398
G1 X104.547 Y109.326 E12.76855
G1 X104.855 Y108.07 E12.79436
G1 X105.482 Y106.874 E12.82131
G1 X106.365 Y105.884 E12.84778
G0 F6000 X106.63 Y106.187
G1 F1200 X107.636 Y105.494 E12.87216
G1 X108.788 Y105.058 E12.89674
G1 X110.001 Y104.91 E12.92113
G1 X111.218 Y105.059 E12.94559
G1 X112.371 Y105.496 E12.9702
G1 X113.379 Y106.193 E12.99466
G1 X114.177 Y107.096 E13.0187
G1 X114.75 Y108.184 E13.04324
G1 X115.069 Y109.486 E13.07
G1 X115.099 Y109.961 E13.07949
G1 X115.099 Y109.999 E13.08025
G1 X115.067 Y110.538 E13.09103
G1 X114.756 Y111.808 E13.11712
G1 X114.181 Y112.9 E13.14175
G1 X113.381 Y113.807 E13.16588
G1 X112.37 Y114.501 E13.19036
G1 X111.217 Y114.939 E13.21497
G1 X110.013 Y115.088 E13.23918
G1 X108.772 Y114.938 E13.26412
G1 X107.634 Y114.507 E13.28841
G1 X106.623 Y113.807 E13.31295
G1 X105.808 Y112.886 E13.33749
G1 X105.248 Y111.822 E13.36149
G1 X104.934 Y110.546 E13.38771
G1 X104.883 Y110.02 E13.39826
G1 X104.936 Y109.606 E13.40658
G1 X104.947 Y109.377 E13.41116
G1 X105.233 Y108.21 E13.43514
G1 X105.813 Y107.104 E13.46006
G1 X106.63 Y106.187 E13.48457
G0 F6000 X106.748 Y106.61
G1 F1200 X106.61 Y106.748 E13.48846
G1 X106.436 Y106.96 E13.49394
G1 X105.826 Y107.872 E13.51583
G1 X105.692 Y108.125 E13.52155
G1 X105.618 Y108.308 E13.52549
G1 X105.543 Y108.56 E13.53073
G1 X105.331 Y109.628 E13.55246
G1 X105.304 Y109.901 E13.55794
G1 X105.304 Y110.099 E13.56189
G1 X105.331 Y110.372 E13.56736
G1 X105.543 Y111.44 E13.58909
G1 X105.618 Y111.692 E13.59434
G1 X105.692 Y111.875 E13.59828
G1 X105.826 Y112.128 E13.60399
G1 X106.436 Y113.04 E13.62589
G1 X106.61 Y113.252 E13.63136
G1 X106.748 Y113.39 E13.63525
G1 X106.96 Y113.564 E13.64073
G1 X107.872 Y114.174 E13.66262
G1 X108.125 Y114.308 E13.66834
G1 X108.308 Y114.382 E13.67228
G1 X108.56 Y114.457 E13.67752
G1 X109.628 Y114.669 E13.69925
G1 X109.901 Y114.696 E13.70473
G1 X110.099 Y114.696 E13.70868
G1 X110.372 Y114.669 E13.71415
G1 X111.44 Y114.457 E13.73588
G1 X111.692 Y114.382 E13.74113
G1 X111.875 Y114.308 E13.74507
G1 X112.128 Y114.174 E13.75078
G1 X113.04 Y113.564 E13.77268
G1 X113.252 Y113.39 E13.77815
G1 X113.39 Y113.252 E13.78204
G1 X113.564 Y113.04 E13.78752
G1 X114.174 Y112.128 E13.80941
G1 X114.308 Y111.875 E13.81513
G1 X114.382 Y111.692 E13.81907
G1 X114.457 Y111.44 E13.82431
G1 X114.669 Y110.372 E13.84604
G1 X114.696 Y110.099 E13.85152
G1 X114.696 Y109.901 E13.85547
G1 X114.669 Y109.628 E13.86094
G1 X114.457 Y108.56 E13.88267
G1 X114.382 Y108.308 E13.88792
G1 X114.308 Y108.125 E13.89186
G1 X114.174 Y107.872 E13.89757
G1 X113.564 Y106.96 E13.91947
G1 X113.39 Y106.748 E13.92494
G1 X113.252 Y106.61 E13.92883
G1 X113.04 Y106.436 E13.93431
G1 X112.128 Y105.826 E13.9562
G1 X111.875 Y105.692 E13.96192
G1 X111.692 Y105.618 E13.96586
G1 X111.44 Y105.543 E13.9711
G1 X110.372 Y105.331 E13.99283
G1 X110.099 Y105.304 E13.99831
G1 X109.901 Y105.304 E14.00226
G1 X109.628 Y105.331 E14.00773
G1 X108.56 Y105.543 E14.02946
G1 X108.308 Y105.618 E14.03471
G1 X108.125 Y105.692 E14.03865
G1 X107.872 Y105.826 E14.04436
G1 X106.96 Y106.436 E14.06626
G1 X106.748 Y106.61 E14.07173
G0 F6000 X106.893 Y107.031
G1 F1200 X106.769 Y107.182 E14.07563
G1 X106.159 Y108.094 E14.09752
G1 X105.989 Y108.458 E14.10554
G1 X105.935 Y108.638 E14.10929
G1 X105.723 Y109.706 E14.13102
G1 X105.704 Y110.099 E14.13887
G1 X105.723 Y110.294 E14.14278
G1 X105.935 Y111.362 E14.16451
G1 X106.063 Y111.725 E14.17219
G1 X106.159 Y111.906 E14.17628
G1 X106.769 Y112.818 E14.19818
G1 X107.031 Y113.107 E14.20596
G1 X107.182 Y113.231 E14.20986
G1 X108.094 Y113.841 E14.23176
G1 X108.458 Y114.011 E14.23977
G1 X108.638 Y114.065 E14.24352
G1 X109.706 Y114.277 E14.26525
G1 X110.099 Y114.296 E14.2731
G1 X110.294 Y114.277 E14.27701
G1 X111.362 Y114.065 E14.29874
G1 X111.725 Y113.937 E14.30642
G1 X111.906 Y113.841 E14.31051
G1 X112.818 Y113.231 E14.33241
G1 X113.107 Y112.969 E14.34019
G1 X113.231 Y112.818 E14.34409
G1 X113.841 Y111.906 E14.36599
G1 X114.011 Y111.542 E14.37401
G1 X114.065 Y111.362 E14.37776
G1 X114.277 Y110.294 E14.39949
G1 X114.296 Y109.901 E14.40734
G1 X114.277 Y109.706 E14.41125
G1 X114.065 Y108.638 E14.43298
G1 X113.937 Y108.275 E14.44066
G1 X113.841 Y108.094 E14.44475
G1 X113.231 Y107.182 E14.46664
G1 X112.969 Y106.893 E14.47443
G1 X112.818 Y106.769 E14.47833
G1 X111.906 Y106.159 E14.50022
G1 X111.542 Y105.989 E14.50824
G1 X111.362 Y105.935 E14.51199
G1 X110.294 Y105.723 E14.53372
G1 X110.099 Y105.704 E14.53763
G1 X109.706 Y105.723 E14.54548
G1 X108.638 Y105.935 E14.56721
G1 X108.275 Y106.063 E14.57489
G1 X108.094 Y106.159 E14.57898
G1 X107.182 Y106.769 E14.60087
G1 X106.893 Y107.031 E14.60866
G0 F6000 X107.176 Y107.314
G1 F1200 X107.101 Y107.404 E14.611
G1 X106.491 Y108.316 E14.63289
G1 X106.36 Y108.608 E14.63928
G1 X106.327 Y108.716 E14.64153
G1 X106.115 Y109.784 E14.66326
G1 X106.104 Y110.099 E14.66955
G1 X106.115 Y110.216 E14.6719
G1 X106.327 Y111.284 E14.69363
G1 X106.434 Y111.575 E14.69981
G1 X106.491 Y111.684 E14.70227
G1 X107.101 Y112.596 E14.72416
G1 X107.314 Y112.824 E14.73039
G1 X107.404 Y112.899 E14.73273
G1 X108.316 Y113.509 E14.75462
G1 X108.608 Y113.64 E14.76101
G1 X108.716 Y113.673 E14.76326
G1 X109.784 Y113.885 E14.78499
G1 X110.099 Y113.896 E14.79128
G1 X110.216 Y113.885 E14.79363
G1 X111.284 Y113.673 E14.81536
G1 X111.575 Y113.566 E14.82154
G1 X111.684 Y113.509 E14.824
G1 X112.596 Y112.899 E14.84589
G1 X112.824 Y112.686 E14.85212
G1 X112.899 Y112.596 E14.85446
G1 X113.509 Y111.684 E14.87636
G1 X113.64 Y111.392 E14.88274
G1 X113.673 Y111.284 E14.885
G1 X113.885 Y110.216 E14.90672
G1 X113.896 Y109.901 E14.91301
G1 X113.885 Y109.784 E14.91536
G1 X113.673 Y108.716 E14.93709
G1 X113.566 Y108.425 E14.94328
G1 X113.509 Y108.316 E14.94573
G1 X112.899 Y107.404 E14.96763
G1 X112.686 Y107.176 E14.97385
G1 X112.596 Y107.101 E14.97619
G1 X111.684 Y106.491 E14.99809
G1 X111.392 Y106.36 E15.00447
G1 X111.284 Y106.327 E15.00673
G1 X110.216 Y106.115 E15.02846
G1 X110.099 Y106.104 E15.0308
G1 X109.784 Y106.115 E15.03709
G1 X108.716 Y106.327 E15.05882
G1 X108.425 Y106.434 E15.06501
G1 X108.316 Y106.491 E15.06746
G1 X107.404 Y107.101 E15.08936
G1 X107.176 Y107.314 E15.09558
G0 F6000 X107.627 Y107.434
G1 F1200 X107.434 Y107.627 E15.10103
G1 X106.824 Y108.539 E15.12293
G1 X106.72 Y108.794 E15.12842
G1 X106.508 Y109.862 E15.15015
G1 X106.508 Y110.138 E15.15566
G1 X106.72 Y111.206 E15.17739
G1 X106.824 Y111.461 E15.18288
G1 X107.434 Y112.373 E15.20478
G1 X107.627 Y112.566 E15.21023
G1 X108.539 Y113.176 E15.23212
G1 X108.794 Y113.28 E15.23762
G1 X109.862 Y113.492 E15.25935
G1 X110.138 Y113.492 E15.26486
G1 X111.206 Y113.28 E15.28658
G1 X111.461 Y113.176 E15.29208
G1 X112.373 Y112.566 E15.31398
G1 X112.566 Y112.373 E15.31942
G1 X113.176 Y111.461 E15.34132
G1 X113.28 Y111.206 E15.34681
G1 X113.492 Y110.138 E15.36854
G1 X113.492 Y109.862 E15.37405
G1 X113.28 Y108.794 E15.39578
G1 X113.176 Y108.539 E15.40128
G1 X112.566 Y107.627 E15.42317
G1 X112.373 Y107.434 E15.42862
G1 X111.461 Y106.824 E15.45051
G1 X111.206 Y106.72 E15.45601
G1 X110.138 Y106.508 E15.47774
G1 X109.862 Y106.508 E15.48325
G1 X108.794 Y106.72 E15.50498
G1 X108.539 Y106.824 E15.51047
G1 X107.627 Y107.434 E15.53237
G0 F6000 X107.862 Y107.757
G1 F1200 X107.757 Y107.862 E15.53533
G1 X107.168 Y108.744 E15.5565
G1 X107.108 Y108.893 E15.5597
G1 X106.904 Y109.922 E15.58064
G1 X106.904 Y110.078 E15.58375
G1 X107.108 Y111.107 E15.60468
G1 X107.168 Y111.256 E15.60789
G1 X107.757 Y112.138 E15.62905
G1 X107.862 Y112.243 E15.63202
G1 X108.745 Y112.833 E15.65321
G1 X108.888 Y112.89 E15.65628
G1 X109.922 Y113.096 E15.67732
G1 X110.078 Y113.096 E15.68044
G1 X111.112 Y112.89 E15.70148
G1 X111.255 Y112.833 E15.70455
G1 X112.138 Y112.243 E15.72574
G1 X112.243 Y112.138 E15.7287
G1 X112.832 Y111.256 E15.74987
G1 X112.892 Y111.107 E15.75307
G1 X113.096 Y110.078 E15.77401
G1 X113.096 Y109.922 E15.77712
G1 X112.891 Y108.892 E15.79808
G1 X112.831 Y108.742 E15.8013
G1 X112.243 Y107.862 E15.82242
G1 X112.138 Y107.757 E15.82539
G1 X111.255 Y107.167 E15.84658
G1 X111.112 Y107.11 E15.84965
G1 X110.078 Y106.904 E15.87069
G1 X109.922 Y106.904 E15.87381
G1 X108.888 Y107.11 E15.89485
G1 X108.745 Y107.167 E15.89792
G1 X107.862 Y107.757 E15.91911
G0 F6000 X108.135 Y108.056
G1 F1200 X108.916 Y107.535 E15.93785
G1 X109.023 Y107.491 E15.94016
G1 X109.943 Y107.308 E15.95887
G1 X110.057 Y107.308 E15.96115
G1 X110.977 Y107.491 E15.97987
G1 X111.084 Y107.535 E15.98218
G1 X111.865 Y108.056 E16.00091
G1 X111.944 Y108.135 E16.00314
G1 X112.466 Y108.917 E16.02191
G1 X112.509 Y109.022 E16.02417
G1 X112.692 Y109.943 E16.04291
G1 X112.692 Y110.057 E16.04518
G1 X112.51 Y110.975 E16.06386
G1 X112.466 Y111.083 E16.06619
G1 X111.944 Y111.865 E16.08495
G1 X111.865 Y111.944 E16.08718
G1 X111.084 Y112.465 E16.10592
G1 X110.978 Y112.509 E16.10821
G1 X110.057 Y112.692 E16.12694
G1 X109.943 Y112.692 E16.12922
G1 X109.022 Y112.509 E16.14796
G1 X108.916 Y112.465 E16.15025
G1 X108.135 Y111.944 E16.16898
G1 X108.056 Y111.865 E16.17121
G1 X107.534 Y111.083 E16.18998
G1 X107.49 Y110.975 E16.1923
G1 X107.308 Y110.057 E16.21098
G1 X107.308 Y109.943 E16.21326
G1 X107.49 Y109.025 E16.23193
G1 X107.534 Y108.917 E16.23426
G1 X108.056 Y108.135 E16.25302
G1 X108.135 Y108.056 E16.25525
G1 F1500 E9.75525
;MESH:carrucola plisse.stl
G0 F6000 X108.534 Y108.534
G0 X108.792 Y110.499
G0 X110 Y111.99
G1 F1500 E16.25525
G0 F6000 X110 Y112.296
;TYPE:WALL-OUTER
G1 F1200 X109.121 Y112.122 E16.27313
G1 X108.376 Y111.624 E16.29102
G1 X107.878 Y110.879 E16.3089
G1 X107.704 Y110 E16.32678
G1 X107.878 Y109.121 E16.34466
G1 X108.376 Y108.376 E16.36255
G1 X109.121 Y107.878 E16.38043
G1 X110 Y107.704 E16.39831
G1 X110.879 Y107.878 E16.41619
G1 X111.624 Y108.376 E16.43408
G1 X112.122 Y109.121 E16.45196
G1 X112.296 Y110 E16.46984
G1 X112.122 Y110.879 E16.48772
G1 X111.624 Y111.624 E16.5056
G1 X110.879 Y112.122 E16.52349
G1 X110 Y112.296 E16.54137
G0 F6000 X110 Y111.856
G0 X110 Y111.889
;TYPE:WALL-INNER
G1 F1200 X109.278 Y111.746 E16.55606
G1 X108.665 Y111.335 E16.57079
G1 X108.254 Y110.722 E16.58551
G1 X108.239 Y110.643 E16.58712
G1 X108.127 Y110.078 E16.59861
G1 X108.111 Y110 E16.6002
G1 X108.254 Y109.278 E16.61489
G1 X108.665 Y108.665 E16.62962
G1 X109.278 Y108.254 E16.64435
G1 X109.357 Y108.239 E16.64595
G1 X109.922 Y108.127 E16.65745
G1 X110 Y108.111 E16.65904
G1 X110.722 Y108.254 E16.67372
G1 X111.335 Y108.665 E16.68845
G1 X111.746 Y109.278 E16.70318
G1 X111.761 Y109.357 E16.70478
G1 X111.873 Y109.922 E16.71628
G1 X111.889 Y110 E16.71787
G1 X111.746 Y110.722 E16.73256
G1 X111.335 Y111.335 E16.74728
G1 X110.722 Y111.746 E16.76201
G1 X110.643 Y111.761 E16.76362
G1 X110.078 Y111.873 E16.77511
G1 X110 Y111.889 E16.7767
G0 F6000 X110 Y111.482
G1 F1200 X109.435 Y111.37 E16.7882
G1 X108.953 Y111.047 E16.79977
G1 X108.63 Y110.565 E16.81135
G1 X108.518 Y110 E16.82285
G1 X108.63 Y109.435 E16.83434
G1 X108.953 Y108.953 E16.84592
G1 X109.435 Y108.63 E16.8575
G1 X110 Y108.518 E16.86899
G1 X110.565 Y108.63 E16.88049
G1 X111.047 Y108.953 E16.89207
G1 X111.37 Y109.435 E16.90365
G1 X111.482 Y110 E16.91514
G1 X111.37 Y110.565 E16.92664
G1 X111.047 Y111.047 E16.93822
G1 X110.565 Y111.37 E16.94979
G1 X110 Y111.482 E16.96129
G0 F6000 X110 Y111.085
;TYPE:SKIN
G1 F1200 X109.589 Y111.004 E16.96965
G1 X109.234 Y110.766 E16.97818
G1 X108.996 Y110.411 E16.98671
G1 X108.915 Y110 E16.99507
G1 X108.996 Y109.589 E17.00343
G1 X109.234 Y109.234 E17.01196
G1 X109.589 Y108.996 E17.02048
G1 X110 Y108.915 E17.02884
G1 X110.411 Y108.996 E17.0372
G1 X110.766 Y109.234 E17.04573
G1 X111.004 Y109.589 E17.05426
G1 X111.085 Y110 E17.06262
G1 X111.004 Y110.411 E17.07098
G1 X110.766 Y110.766 E17.07951
G1 X110.411 Y111.004 E17.08804
G1 X110 Y111.085 E17.0964
G0 F6000 X109.738 Y110.87
G1 F1200 X109.128 Y110.259 E17.11363
G0 F6000 X109.135 Y109.701
G1 F1200 X110.297 Y110.863 E17.14642
G0 F6000 X110.65 Y110.65
G1 F1200 X109.348 Y109.348 E17.18317
G0 F6000 X109.701 Y109.136
G1 F1200 X110.863 Y110.298 E17.21596
G0 F6000 X110.87 Y109.739
G1 F1200 X110.26 Y109.129 E17.23318
G0 F6000 X110.403 Y108.405
G1 F1500 E10.73318
;MESH:NONMESH
G0 F300 X110.403 Y108.405 Z0.24
G0 F6000 X109.206 Y108.084
G0 X108.603 Y107.184
G0 X105.826 Y105.284
;TIME_ELAPSED:50.875821
;LAYER:1
;TYPE:SUPPORT
G1 F1500 E17.23318
G1 F1246.5 X107.078 Y104.422 E17.26351
G1 X108.497 Y103.885 E17.29379
G1 X109.995 Y103.702 E17.32391
G1 X110.01 Y103.702 E17.32421
G1 X111.509 Y103.886 E17.35435
G1 X112.931 Y104.425 E17.38469
G1 X114.183 Y105.29 E17.41506
G1 X115.173 Y106.411 E17.44491
G1 X115.88 Y107.754 E17.47519
G1 X116.259 Y109.297 E17.5069
G1 X116.299 Y109.936 E17.51968
G1 X116.299 Y110.03 E17.52155
G1 X116.258 Y110.707 E17.53509
G1 X116.248 Y110.766 E17.53628
G1 X115.888 Y112.233 E17.56643
G1 X115.177 Y113.585 E17.59691
G1 X114.183 Y114.711 E17.62689
G1 X112.929 Y115.572 E17.65724
G1 X111.507 Y116.113 E17.6876
G1 X110.014 Y116.297 E17.71762
G1 X108.483 Y116.113 E17.7484
G1 X107.073 Y115.577 E17.7785
G1 X105.82 Y114.71 E17.80891
G1 X104.817 Y113.577 E17.8391
G1 X104.123 Y112.263 E17.86876
G1 X104.117 Y112.245 E17.86914
G1 X103.746 Y110.739 E17.90009
G1 X103.675 Y110 E17.9149
G1 X103.747 Y109.443 E17.92611
G1 X103.747 Y109.231 E17.93034
G1 X104.102 Y107.786 E17.96004
G1 X104.112 Y107.762 E17.96056
G1 X104.818 Y106.416 E17.99089
G1 X105.826 Y105.284 E18.02114
G0 F7500 X107.61 Y107.445
G1 F1246.5 X107.445 Y107.61 E18.02579
G1 X106.812 Y108.556 E18.04851
G1 X106.724 Y108.776 E18.05324
G1 X106.504 Y109.881 E18.07572
G1 X106.504 Y110.119 E18.08047
G1 X106.724 Y111.224 E18.10295
G1 X106.812 Y111.444 E18.10768
G1 X107.445 Y112.39 E18.1304
G1 X107.61 Y112.555 E18.13505
G1 X108.556 Y113.188 E18.15777
G1 X108.776 Y113.276 E18.1625
G1 X109.881 Y113.496 E18.18498
G1 X110.119 Y113.496 E18.18973
G1 X111.224 Y113.276 E18.21222
G1 X111.444 Y113.188 E18.21694
G1 X112.39 Y112.555 E18.23966
G1 X112.555 Y112.39 E18.24432
G1 X113.188 Y111.444 E18.26703
G1 X113.276 Y111.224 E18.27176
G1 X113.496 Y110.119 E18.29424
G1 X113.496 Y109.881 E18.29899
G1 X113.276 Y108.776 E18.32148
G1 X113.188 Y108.556 E18.32621
G1 X112.555 Y107.61 E18.34892
G1 X112.39 Y107.445 E18.35358
G1 X111.444 Y106.812 E18.37629
G1 X111.224 Y106.724 E18.38102
G1 X110.119 Y106.504 E18.40351
G1 X109.881 Y106.504 E18.40825
G1 X108.776 Y106.724 E18.43074
G1 X108.556 Y106.812 E18.43547
G1 X107.61 Y107.445 E18.45818
G0 F7500 X110.159 Y106.104
G1 F1246.5 X111.338 Y106.338 E18.48217
G1 X111.632 Y106.456 E18.48849
G1 X112 Y106.702 E18.49733
G1 X112 Y104.501 E18.54125
G1 X112.739 Y104.781 E18.55702
G1 X113.919 Y105.596 E18.58564
G1 X114 Y105.688 E18.58808
G1 X114 Y114.315 E18.76025
G1 X114.845 Y113.357 E18.78574
G1 X115.512 Y112.089 E18.81433
G1 X115.856 Y110.687 E18.84314
G1 X115.858 Y110.672 E18.84344
G1 X115.899 Y110.006 E18.85676
G1 X115.899 Y109.96 E18.85767
G1 X115.861 Y109.353 E18.86981
G1 X115.504 Y107.898 E18.89971
G1 X114.841 Y106.639 E18.9281
G1 X114 Y105.688 E18.95344
G0 F7500 X112 Y106.702
G1 F1246.5 X112.646 Y107.135 E18.96896
G1 X112.865 Y107.354 E18.97514
G1 X113.544 Y108.368 E18.99949
G1 X113.662 Y108.662 E19.00581
G1 X113.896 Y109.841 E19.0298
G1 X113.896 Y110.159 E19.03615
G1 X113.662 Y111.338 E19.06013
G1 X113.544 Y111.632 E19.06646
G1 X112.865 Y112.646 E19.09081
G1 X112.646 Y112.865 E19.09699
G1 X112 Y113.297 E19.1125
G1 X112 Y115.497 E19.1564
G1 X111.406 Y115.723 E19.16908
G1 X110.021 Y115.895 E19.19694
G1 X110 Y115.892 E19.19736
G1 X110 Y113.896 E19.23719
G1 X109.841 Y113.896 E19.24037
G1 X108.662 Y113.662 E19.26435
G1 X108.368 Y113.544 E19.27067
G1 X108 Y113.298 E19.27951
G1 X107.354 Y112.865 E19.29503
G1 X107.135 Y112.646 E19.30121
G1 X106.456 Y111.632 E19.32556
G1 X106.338 Y111.338 E19.33188
G1 X106.104 Y110.159 E19.35587
G1 X106.104 Y109.841 E19.36222
G1 X106.338 Y108.662 E19.3862
G1 X106.456 Y108.368 E19.39253
G1 X107.135 Y107.354 E19.41688
G1 X107.354 Y107.135 E19.42306
G1 X108 Y106.703 E19.43857
G1 X108 Y104.501 E19.48251
G1 X108.591 Y104.277 E19.49512
G1 X110 Y104.105 E19.52345
G1 X110 Y106.104 E19.56334
G1 X110.159 Y106.104 E19.56652
G1 F1500 E13.06652
G0 F7500 X110.55 Y102.897
G0 X109.939 Y102.838
G0 X108.29 Y103.04
G0 X106.631 Y103.678
G0 X105.252 Y104.63
G0 X104.102 Y105.922
G0 X103.281 Y107.508
G0 X102.883 Y109.127
G0 X102.806 Y109.99
G0 X102.89 Y110.88
G0 X103.325 Y112.602
G0 X104.116 Y114.089
G0 X105.127 Y115.232
G0 X106.144 Y115.984
G0 X108 Y113.298
G1 F1500 E19.56652
G1 F1246.5 X108 Y115.501 E19.61048
G1 X107.259 Y115.219 E19.6263
G1 X106.092 Y114.412 E19.65462
G1 X106 Y114.307 E19.6574
G1 X106 Y105.689 E19.82938
G1 X105.15 Y106.644 E19.8549
G1 X104.482 Y107.917 E19.88359
G1 X104.147 Y109.279 E19.91158
G1 X104.147 Y109.469 E19.91537
G1 X104.077 Y110 E19.92606
G1 X104.142 Y110.673 E19.93955
G1 X104.495 Y112.11 E19.96908
G1 X105.147 Y113.343 E19.99691
G1 X106 Y114.307 E20.0226
G1 F1500 E13.5226
;MESH:carrucola plisse.stl
G0 F7500 X108.534 Y111.466
G0 X110 Y111.482
;TYPE:WALL-INNER
G1 F1500 E20.0226
G1 F1246.5 X109.435 Y111.37 E20.0341
G1 X108.953 Y111.047 E20.04567
G1 X108.63 Y110.565 E20.05725
G1 X108.518 Y110 E20.06875
G1 X108.63 Y109.435 E20.08024
G1 X108.953 Y108.953 E20.09182
G1 X109.435 Y108.63 E20.1034
G1 X110 Y108.518 E20.1149
G1 X110.565 Y108.63 E20.12639
G1 X111.047 Y108.953 E20.13797
G1 X111.37 Y109.435 E20.14955
G1 X111.482 Y110 E20.16104
G1 X111.37 Y110.565 E20.17254
G1 X111.047 Y111.047 E20.18412
G1 X110.565 Y111.37 E20.19569
G1 X110 Y111.482 E20.20719
G0 F7500 X110 Y111.889
G1 F1246.5 X109.278 Y111.746 E20.22188
G1 X108.665 Y111.335 E20.23661
G1 X108.254 Y110.722 E20.25133
G1 X108.239 Y110.643 E20.25294
G1 X108.127 Y110.078 E20.26443
G1 X108.111 Y110 E20.26602
G1 X108.254 Y109.278 E20.28071
G1 X108.665 Y108.665 E20.29544
G1 X109.278 Y108.254 E20.31017
G1 X109.357 Y108.239 E20.31177
G1 X109.922 Y108.127 E20.32327
G1 X110 Y108.111 E20.32485
G1 X110.722 Y108.254 E20.33954
G1 X111.335 Y108.665 E20.35427
G1 X111.746 Y109.278 E20.369
G1 X111.761 Y109.357 E20.3706
G1 X111.873 Y109.922 E20.3821
G1 X111.889 Y110 E20.38369
G1 X111.746 Y110.722 E20.39838
G1 X111.335 Y111.335 E20.4131
G1 X110.722 Y111.746 E20.42783
G1 X110.643 Y111.761 E20.42944
G1 X110.078 Y111.873 E20.44093
G1 X110 Y111.889 E20.44252
G0 F7500 X110 Y112.296
;TYPE:WALL-OUTER
G1 F1246.5 X109.121 Y112.122 E20.4604
G1 X108.376 Y111.624 E20.47829
G1 X107.878 Y110.879 E20.49617
G1 X107.704 Y110 E20.51405
G1 X107.878 Y109.121 E20.53193
G1 X108.376 Y108.376 E20.54981
G1 X109.121 Y107.878 E20.5677
G1 X110 Y107.704 E20.58558
G1 X110.879 Y107.878 E20.60346
G1 X111.624 Y108.376 E20.62134
G1 X112.122 Y109.121 E20.63923
G1 X112.296 Y110 E20.65711
G1 X112.122 Y110.879 E20.67499
G1 X111.624 Y111.624 E20.69287
G1 X110.879 Y112.122 E20.71076
G1 X110 Y112.296 E20.72864
G0 F7500 X110 Y111.856
G0 X110 Y111.085
;TYPE:SKIN
G1 F1246.5 X109.589 Y111.004 E20.737
G1 X109.234 Y110.766 E20.74553
G1 X108.996 Y110.411 E20.75406
G1 X108.915 Y110 E20.76242
G1 X108.996 Y109.589 E20.77078
G1 X109.234 Y109.234 E20.77931
G1 X109.589 Y108.996 E20.78783
G1 X110 Y108.915 E20.79619
G1 X110.411 Y108.996 E20.80455
G1 X110.766 Y109.234 E20.81308
G1 X111.004 Y109.589 E20.82161
G1 X111.085 Y110 E20.82997
G1 X111.004 Y110.411 E20.83833
G1 X110.766 Y110.766 E20.84686
G1 X110.411 Y111.004 E20.85539
G1 X110 Y111.085 E20.86375
G0 F7500 X110.324 Y110.858
G1 F1246.5 X110.858 Y110.324 E20.87882
G0 F7500 X110.871 Y109.745
G1 F1246.5 X109.745 Y110.872 E20.91061
G0 F7500 X109.38 Y110.671
G1 F1246.5 X110.67 Y109.38 E20.94703
G0 F7500 X110.341 Y109.144
G1 F1246.5 X109.145 Y110.34 E20.98079
G0 F7500 X109.115 Y109.804
G1 F1246.5 X109.805 Y109.115 E21.00025
G0 F7500 X109.664 Y108.391
G1 F1500 E14.50025
;MESH:NONMESH
G0 F300 X109.664 Y108.391 Z0.36
G0 F7500 X108.534 Y108.534
G0 X105.826 Y105.284
;TIME_ELAPSED:64.340200
;LAYER:2
;TYPE:SUPPORT
G1 F1500 E21.00025
G1 F1237.1 X107.078 Y104.422 E21.03058
G1 X108.497 Y103.885 E21.06086
G1 X110.008 Y103.702 E21.09123
G1 X111.506 Y103.885 E21.12135
G1 X112.931 Y104.425 E21.15176
G1 X114.183 Y105.29 E21.18213
G1 X115.174 Y106.412 E21.212
G1 X115.879 Y107.751 E21.2422
G1 X116.259 Y109.304 E21.27411
G1 X116.299 Y109.939 E21.2868
G1 X116.299 Y110.022 E21.28846
G1 X116.257 Y110.716 E21.30233
G1 X116.248 Y110.771 E21.30345
G1 X115.889 Y112.231 E21.33345
G1 X115.177 Y113.585 E21.36398
G1 X114.183 Y114.71 E21.39394
G1 X112.925 Y115.575 E21.4244
G1 X111.509 Y116.113 E21.45463
G1 X110.013 Y116.298 E21.48472
G1 X108.487 Y116.114 E21.51539
G1 X107.077 Y115.577 E21.5455
G1 X105.818 Y114.708 E21.57603
G1 X104.817 Y113.576 E21.60618
G1 X104.119 Y112.253 E21.63603
G1 X103.745 Y110.735 E21.66723
G1 X103.675 Y110.002 E21.68193
G1 X103.747 Y109.444 E21.69315
G1 X103.747 Y109.233 E21.69737
G1 X104.102 Y107.782 E21.72718
G1 X104.819 Y106.415 E21.75798
G1 X105.826 Y105.284 E21.7882
G0 F9000 X107.61 Y107.445
G1 F1237.1 X107.445 Y107.61 E21.79286
G1 X106.812 Y108.556 E21.81557
G1 X106.724 Y108.776 E21.8203
G1 X106.504 Y109.881 E21.84279
G1 X106.504 Y110.119 E21.84753
G1 X106.724 Y111.224 E21.87002
G1 X106.812 Y111.444 E21.87475
G1 X107.445 Y112.39 E21.89746
G1 X107.61 Y112.555 E21.90212
G1 X108.556 Y113.188 E21.92483
G1 X108.776 Y113.276 E21.92956
G1 X109.881 Y113.496 E21.95205
G1 X110.119 Y113.496 E21.9568
G1 X111.224 Y113.276 E21.97928
G1 X111.444 Y113.188 E21.98401
G1 X112.39 Y112.555 E22.00672
G1 X112.555 Y112.39 E22.01138
G1 X113.188 Y111.444 E22.0341
G1 X113.276 Y111.224 E22.03882
G1 X113.496 Y110.119 E22.06131
G1 X113.496 Y109.881 E22.06606
G1 X113.276 Y108.776 E22.08854
G1 X113.188 Y108.556 E22.09327
G1 X112.555 Y107.61 E22.11599
G1 X112.39 Y107.445 E22.12064
G1 X111.444 Y106.812 E22.14336
G1 X111.224 Y106.724 E22.14809
G1 X110.119 Y106.504 E22.17057
G1 X109.881 Y106.504 E22.17532
G1 X108.776 Y106.724 E22.1978
G1 X108.556 Y106.812 E22.20253
G1 X107.61 Y107.445 E22.22525
G0 F9000 X110.159 Y106.104
G1 F1237.1 X111.338 Y106.338 E22.24923
G1 X111.632 Y106.456 E22.25556
G1 X112 Y106.702 E22.26439
G1 X112 Y104.501 E22.30831
G1 X112.739 Y104.781 E22.32408
G1 X113.919 Y105.596 E22.3527
G1 X114 Y105.688 E22.35515
G1 X114 Y114.314 E22.52729
G1 X114.845 Y113.357 E22.55277
G1 X115.513 Y112.087 E22.5814
G1 X115.857 Y110.687 E22.61017
G1 X115.899 Y109.998 E22.62395
G1 X115.899 Y109.965 E22.62461
G1 X115.861 Y109.358 E22.63674
G1 X115.503 Y107.895 E22.6668
G1 X114.842 Y106.64 E22.69511
G1 X114 Y105.688 E22.72047
G0 F9000 X112 Y106.702
G1 F1237.1 X112.646 Y107.135 E22.73599
G1 X112.865 Y107.354 E22.74217
G1 X113.544 Y108.368 E22.76652
G1 X113.662 Y108.662 E22.77285
G1 X113.896 Y109.841 E22.79683
G1 X113.896 Y110.159 E22.80318
G1 X113.662 Y111.338 E22.82717
G1 X113.544 Y111.632 E22.83349
G1 X112.865 Y112.646 E22.85784
G1 X112.646 Y112.865 E22.86402
G1 X112 Y113.297 E22.87953
G1 X112 Y115.499 E22.92347
G1 X111.409 Y115.723 E22.93609
G1 X110.019 Y115.895 E22.96404
G1 X110 Y115.892 E22.96442
G1 X110 Y113.896 E23.00425
G1 X109.841 Y113.896 E23.00743
G1 X108.662 Y113.662 E23.03141
G1 X108.368 Y113.544 E23.03774
G1 X108 Y113.298 E23.04657
G1 X107.354 Y112.865 E23.06209
G1 X107.135 Y112.646 E23.06827
G1 X106.456 Y111.632 E23.09262
G1 X106.338 Y111.338 E23.09895
G1 X106.104 Y110.159 E23.12293
G1 X106.104 Y109.841 E23.12928
G1 X106.338 Y108.662 E23.15327
G1 X106.456 Y108.368 E23.15959
G1 X107.135 Y107.354 E23.18394
G1 X107.354 Y107.135 E23.19012
G1 X108 Y106.703 E23.20563
G1 X108 Y104.5 E23.24959
G1 X108.59 Y104.277 E23.26218
G1 X110 Y104.106 E23.29052
G1 X110 Y106.104 E23.3304
G1 X110.159 Y106.104 E23.33357
G1 F1500 E16.83357
G0 F9000 X110.55 Y102.897
G0 X109.942 Y102.838
G0 X108.29 Y103.04
G0 X106.629 Y103.68
G0 X105.252 Y104.63
G0 X104.103 Y105.921
G0 X103.282 Y107.501
G0 X102.883 Y109.13
G0 X102.806 Y109.992
G0 X102.891 Y110.883
G0 X103.327 Y112.603
G0 X104.117 Y114.09
G0 X105.127 Y115.232
G0 X106.146 Y115.985
G0 X108 Y113.298
G1 F1500 E23.33357
G1 F1237.1 X108 Y115.5 E23.37751
G1 X107.269 Y115.221 E23.39313
G1 X106.084 Y114.404 E23.42185
G1 X106 Y114.309 E23.42438
G1 X106 Y105.689 E23.5964
G1 X105.151 Y106.643 E23.62189
G1 X104.478 Y107.926 E23.6508
G1 X104.147 Y109.279 E23.6786
G1 X104.147 Y109.47 E23.68241
G1 X104.077 Y110.002 E23.69312
G1 X104.141 Y110.669 E23.70649
G1 X104.495 Y112.109 E23.73608
G1 X105.148 Y113.346 E23.764
G1 X106 Y114.309 E23.78966
G1 F1500 E17.28966
;MESH:carrucola plisse.stl
G0 F9000 X108.534 Y111.466
G0 X110 Y111.482
;TYPE:WALL-INNER
G1 F1500 E23.78966
G1 F1237.1 X109.435 Y111.37 E23.80115
G1 X108.953 Y111.047 E23.81273
G1 X108.63 Y110.565 E23.82431
G1 X108.518 Y110 E23.8358
G1 X108.63 Y109.435 E23.8473
G1 X108.953 Y108.953 E23.85888
G1 X109.435 Y108.63 E23.87045
G1 X110 Y108.518 E23.88195
G1 X110.565 Y108.63 E23.89344
G1 X111.047 Y108.953 E23.90502
G1 X111.37 Y109.435 E23.9166
G1 X111.482 Y110 E23.9281
G1 X111.37 Y110.565 E23.93959
G1 X111.047 Y111.047 E23.95117
G1 X110.565 Y111.37 E23.96275
G1 X110 Y111.482 E23.97424
G0 F9000 X110 Y111.889
G1 F1237.1 X109.278 Y111.746 E23.98893
G1 X108.665 Y111.335 E24.00366
G1 X108.254 Y110.722 E24.01839
G1 X108.239 Y110.643 E24.01999
G1 X108.127 Y110.078 E24.03149
G1 X108.111 Y110 E24.03308
G1 X108.254 Y109.278 E24.04776
G1 X108.665 Y108.665 E24.06249
G1 X109.278 Y108.254 E24.07722
G1 X109.357 Y108.239 E24.07883
G1 X109.922 Y108.127 E24.09032
G1 X110 Y108.111 E24.09191
G1 X110.722 Y108.254 E24.1066
G1 X111.335 Y108.665 E24.12133
G1 X111.746 Y109.278 E24.13605
G1 X111.761 Y109.357 E24.13766
G1 X111.873 Y109.922 E24.14915
G1 X111.889 Y110 E24.15074
G1 X111.746 Y110.722 E24.16543
G1 X111.335 Y111.335 E24.18016
G1 X110.722 Y111.746 E24.19489
G1 X110.643 Y111.761 E24.19649
G1 X110.078 Y111.873 E24.20799
G1 X110 Y111.889 E24.20957
G0 F9000 X110 Y112.296
;TYPE:WALL-OUTER
G1 F1237.1 X109.121 Y112.122 E24.22746
G1 X108.376 Y111.624 E24.24534
G1 X107.878 Y110.879 E24.26322
G1 X107.704 Y110 E24.2811
G1 X107.878 Y109.121 E24.29899
G1 X108.376 Y108.376 E24.31687
G1 X109.121 Y107.878 E24.33475
G1 X110 Y107.704 E24.35263
G1 X110.879 Y107.878 E24.37052
G1 X111.624 Y108.376 E24.3884
G1 X112.122 Y109.121 E24.40628
G1 X112.296 Y110 E24.42416
G1 X112.122 Y110.879 E24.44205
G1 X111.624 Y111.624 E24.45993
G1 X110.879 Y112.122 E24.47781
G1 X110 Y112.296 E24.49569
G0 F9000 X110 Y111.856
G0 X110 Y111.085
;TYPE:SKIN
G1 F1237.1 X109.589 Y111.004 E24.50405
G1 X109.234 Y110.766 E24.51258
G1 X108.996 Y110.411 E24.52111
G1 X108.915 Y110 E24.52947
G1 X108.996 Y109.589 E24.53783
G1 X109.234 Y109.234 E24.54636
G1 X109.589 Y108.996 E24.55489
G1 X110 Y108.915 E24.56325
G1 X110.411 Y108.996 E24.57161
G1 X110.766 Y109.234 E24.58014
G1 X111.004 Y109.589 E24.58867
G1 X111.085 Y110 E24.59703
G1 X111.004 Y110.411 E24.60539
G1 X110.766 Y110.766 E24.61392
G1 X110.411 Y111.004 E24.62244
G1 X110 Y111.085 E24.6308
G0 F9000 X109.738 Y110.87
G1 F1237.1 X109.128 Y110.259 E24.64803
G0 F9000 X109.135 Y109.701
G1 F1237.1 X110.297 Y110.863 E24.68083
G0 F9000 X110.65 Y110.65
G1 F1237.1 X109.348 Y109.348 E24.71757
G0 F9000 X109.701 Y109.136
G1 F1237.1 X110.863 Y110.298 E24.75037
G0 F9000 X110.87 Y109.739
G1 F1237.1 X110.26 Y109.129 E24.76758
G0 F9000 X110.403 Y108.405
G1 F1500 E18.26758
;MESH:NONMESH
G0 F300 X110.403 Y108.405 Z0.48
G0 F9000 X109.206 Y108.084
G0 X105.826 Y105.284
;TIME_ELAPSED:77.855387
;LAYER:3
;TYPE:SUPPORT
G1 F1500 E24.76758
G1 F1237.6 X107.07 Y104.426 E24.79774
G1 X108.496 Y103.885 E24.82818
G1 X110.007 Y103.702 E24.85855
G1 X111.511 Y103.887 E24.88879
G1 X112.93 Y104.425 E24.91908
G1 X114.183 Y105.29 E24.94946
G1 X115.175 Y106.413 E24.97936
G1 X115.88 Y107.752 E25.00956
G1 X116.259 Y109.297 E25.04131
G1 X116.299 Y109.942 E25.0542
G1 X116.299 Y110.03 E25.05596
G1 X116.259 Y110.708 E25.06951
G1 X116.251 Y110.759 E25.07054
G1 X115.891 Y112.228 E25.10073
G1 X115.177 Y113.585 E25.13133
G1 X114.183 Y114.71 E25.16129
G1 X112.928 Y115.574 E25.19169
G1 X111.513 Y116.113 E25.22191
G1 X110.012 Y116.298 E25.25209
G1 X108.491 Y116.115 E25.28266
G1 X107.083 Y115.58 E25.31272
G1 X105.818 Y114.708 E25.34338
G1 X104.816 Y113.575 E25.37356
G1 X104.116 Y112.245 E25.40356
G1 X103.746 Y110.742 E25.43445
G1 X103.675 Y110.003 E25.44926
G1 X103.747 Y109.445 E25.46049
G1 X103.747 Y109.234 E25.4647
G1 X104.106 Y107.773 E25.49472
G1 X104.819 Y106.416 E25.52532
G1 X105.826 Y105.284 E25.55555
G0 F9000 X107.61 Y107.445
G1 F1237.6 X107.445 Y107.61 E25.56021
G1 X106.812 Y108.556 E25.58292
G1 X106.724 Y108.776 E25.58765
G1 X106.504 Y109.881 E25.61013
G1 X106.504 Y110.119 E25.61488
G1 X106.724 Y111.224 E25.63737
G1 X106.812 Y111.444 E25.6421
G1 X107.445 Y112.39 E25.66481
G1 X107.61 Y112.555 E25.66947
G1 X108.556 Y113.188 E25.69218
G1 X108.776 Y113.276 E25.69691
G1 X109.881 Y113.496 E25.7194
G1 X110.119 Y113.496 E25.72415
G1 X111.224 Y113.276 E25.74663
G1 X111.444 Y113.188 E25.75136
G1 X112.39 Y112.555 E25.77407
G1 X112.555 Y112.39 E25.77873
G1 X113.188 Y111.444 E25.80145
G1 X113.276 Y111.224 E25.80617
G1 X113.496 Y110.119 E25.82866
G1 X113.496 Y109.881 E25.83341
G1 X113.276 Y108.776 E25.85589
G1 X113.188 Y108.556 E25.86062
G1 X112.555 Y107.61 E25.88334
G1 X112.39 Y107.445 E25.88799
G1 X111.444 Y106.812 E25.91071
G1 X111.224 Y106.724 E25.91544
G1 X110.119 Y106.504 E25.93792
G1 X109.881 Y106.504 E25.94267
G1 X108.776 Y106.724 E25.96515
G1 X108.556 Y106.812 E25.96988
G1 X107.61 Y107.445 E25.9926
G0 F9000 X110.159 Y106.104
G1 F1237.6 X111.338 Y106.338 E26.01658
G1 X111.632 Y106.456 E26.02291
G1 X112 Y106.702 E26.03174
G1 X112 Y104.501 E26.07566
G1 X112.738 Y104.781 E26.09142
G1 X113.919 Y105.596 E26.12005
G1 X114 Y105.688 E26.1225
G1 X114 Y114.314 E26.29464
G1 X114.845 Y113.357 E26.32012
G1 X115.515 Y112.084 E26.34882
G1 X115.86 Y110.675 E26.37777
G0 F9000 X115.86 Y110.672
G1 F1237.6 X115.899 Y110.006 E26.39109
G1 X115.899 Y109.966 E26.39188
G1 X115.861 Y109.351 E26.40418
G1 X115.504 Y107.896 E26.43408
G1 X114.843 Y106.641 E26.46238
G1 X114 Y105.688 E26.48777
G0 F9000 X112 Y106.702
G1 F1237.6 X112.646 Y107.135 E26.50329
G1 X112.865 Y107.354 E26.50947
G1 X113.544 Y108.368 E26.53383
G1 X113.662 Y108.662 E26.54015
G1 X113.896 Y109.841 E26.56414
G1 X113.896 Y110.159 E26.57048
G1 X113.662 Y111.338 E26.59447
G1 X113.544 Y111.632 E26.60079
G1 X112.865 Y112.646 E26.62515
G1 X112.646 Y112.865 E26.63133
G1 X112 Y113.297 E26.64683
G1 X112 Y115.5 E26.6908
G1 X111.412 Y115.723 E26.70335
G1 X110.019 Y115.896 E26.73136
G1 X110 Y115.893 E26.73174
G1 X110 Y113.896 E26.7716
G1 X109.841 Y113.896 E26.77477
G1 X108.662 Y113.662 E26.79876
G1 X108.368 Y113.544 E26.80508
G1 X108 Y113.298 E26.81391
G1 X107.354 Y112.865 E26.82943
G1 X107.135 Y112.646 E26.83561
G1 X106.456 Y111.632 E26.85997
G1 X106.338 Y111.338 E26.86629
G1 X106.104 Y110.159 E26.89028
G1 X106.104 Y109.841 E26.89662
G1 X106.338 Y108.662 E26.92061
G1 X106.456 Y108.368 E26.92693
G1 X107.135 Y107.354 E26.95128
G1 X107.354 Y107.135 E26.95746
G1 X108 Y106.703 E26.97297
G1 X108 Y104.5 E27.01694
G1 X108.59 Y104.277 E27.02952
G1 X110 Y104.106 E27.05787
G1 X110 Y106.104 E27.09774
G1 X110.159 Y106.104 E27.10091
G1 F1500 E20.60091
G0 F9000 X110.551 Y102.897
G0 X109.944 Y102.838
G0 X108.289 Y103.04
G0 X106.625 Y103.683
G0 X105.252 Y104.63
G0 X104.103 Y105.922
G0 X103.281 Y107.506
G0 X102.883 Y109.13
G0 X102.806 Y109.993
G0 X102.89 Y110.882
G0 X103.323 Y112.596
G0 X104.118 Y114.091
G0 X105.127 Y115.232
G0 X106.147 Y115.985
G0 X108 Y113.298
G1 F1500 E27.10091
G1 F1237.6 X108 Y115.5 E27.14486
G1 X107.272 Y115.224 E27.16039
G1 X106.082 Y114.404 E27.18923
G1 X106 Y114.311 E27.19171
G1 X106 Y105.689 E27.36377
G1 X105.151 Y106.644 E27.38927
G1 X104.482 Y107.917 E27.41797
G1 X104.147 Y109.282 E27.44602
G1 X104.147 Y109.471 E27.44979
G1 X104.077 Y110.003 E27.4605
G1 X104.142 Y110.676 E27.47399
G1 X104.492 Y112.101 E27.50327
G1 X105.148 Y113.347 E27.53137
G1 X106 Y114.311 E27.55705
G1 F1500 E21.05705
;MESH:carrucola plisse.stl
G0 F9000 X108.534 Y111.466
G0 X110 Y111.482
;TYPE:WALL-INNER
G1 F1500 E27.55705
G1 F1237.6 X109.435 Y111.37 E27.56854
G1 X108.953 Y111.047 E27.58012
G1 X108.63 Y110.565 E27.5917
G1 X108.518 Y110 E27.60319
G1 X108.63 Y109.435 E27.61469
G1 X108.953 Y108.953 E27.62627
G1 X109.435 Y108.63 E27.63785
G1 X110 Y108.518 E27.64934
G1 X110.565 Y108.63 E27.66083
G1 X111.047 Y108.953 E27.67241
G1 X111.37 Y109.435 E27.68399
G1 X111.482 Y110 E27.69549
G1 X111.37 Y110.565 E27.70698
G1 X111.047 Y111.047 E27.71856
G1 X110.565 Y111.37 E27.73014
G1 X110 Y111.482 E27.74163
G0 F9000 X110 Y111.889
G1 F1237.6 X109.278 Y111.746 E27.75632
G1 X108.665 Y111.335 E27.77105
G1 X108.254 Y110.722 E27.78578
G1 X108.239 Y110.643 E27.78738
G1 X108.127 Y110.078 E27.79888
G1 X108.111 Y110 E27.80047
G1 X108.254 Y109.278 E27.81516
G1 X108.665 Y108.665 E27.82988
G1 X109.278 Y108.254 E27.84461
G1 X109.357 Y108.239 E27.84622
G1 X109.922 Y108.127 E27.85771
G1 X110 Y108.111 E27.8593
G1 X110.722 Y108.254 E27.87399
G1 X111.335 Y108.665 E27.88872
G1 X111.746 Y109.278 E27.90344
G1 X111.761 Y109.357 E27.90505
G1 X111.873 Y109.922 E27.91654
G1 X111.889 Y110 E27.91813
G1 X111.746 Y110.722 E27.93282
G1 X111.335 Y111.335 E27.94755
G1 X110.722 Y111.746 E27.96228
G1 X110.643 Y111.761 E27.96388
G1 X110.078 Y111.873 E27.97538
G1 X110 Y111.889 E27.97697
G0 F9000 X110 Y112.296
;TYPE:WALL-OUTER
G1 F1237.6 X109.121 Y112.122 E27.99485
G1 X108.376 Y111.624 E28.01273
G1 X107.878 Y110.879 E28.03061
G1 X107.704 Y110 E28.0485
G1 X107.878 Y109.121 E28.06638
G1 X108.376 Y108.376 E28.08426
G1 X109.121 Y107.878 E28.10214
G1 X110 Y107.704 E28.12002
G1 X110.879 Y107.878 E28.13791
G1 X111.624 Y108.376 E28.15579
G1 X112.122 Y109.121 E28.17367
G1 X112.296 Y110 E28.19155
G1 X112.122 Y110.879 E28.20944
G1 X111.624 Y111.624 E28.22732
G1 X110.879 Y112.122 E28.2452
G1 X110 Y112.296 E28.26308
G0 F9000 X110 Y111.856
G0 X110 Y111.085
;TYPE:SKIN
G1 F1237.6 X109.589 Y111.004 E28.27144
G1 X109.234 Y110.766 E28.27997
G1 X108.996 Y110.411 E28.2885
G1 X108.915 Y110 E28.29686
G1 X108.996 Y109.589 E28.30522
G1 X109.234 Y109.234 E28.31375
G1 X109.589 Y108.996 E28.32228
G1 X110 Y108.915 E28.33064
G1 X110.411 Y108.996 E28.339
G1 X110.766 Y109.234 E28.34753
G1 X111.004 Y109.589 E28.35606
G1 X111.085 Y110 E28.36442
G1 X111.004 Y110.411 E28.37278
G1 X110.766 Y110.766 E28.38131
G1 X110.411 Y111.004 E28.38984
G1 X110 Y111.085 E28.3982
G0 F9000 X110.324 Y110.858
G1 F1237.6 X110.858 Y110.324 E28.41327
G0 F9000 X110.871 Y109.745
G1 F1237.6 X109.745 Y110.872 E28.44506
G0 F9000 X109.38 Y110.671
G1 F1237.6 X110.67 Y109.38 E28.48148
G0 F9000 X110.341 Y109.144
G1 F1237.6 X109.145 Y110.34 E28.51523
G0 F9000 X109.115 Y109.804
G1 F1237.6 X109.805 Y109.115 E28.53469
G0 F9000 X109.664 Y108.391
G1 F1500 E22.03469
;MESH:NONMESH
G0 F300 X109.664 Y108.391 Z0.6
G0 F9000 X108.534 Y108.534
G0 X105.824 Y105.287
;TIME_ELAPSED:91.428572
;LAYER:4
;TYPE:SUPPORT
G1 F1500 E28.53469
G1 F1237.1 X107.081 Y104.421 E28.56515
G1 X108.497 Y103.885 E28.59537
G1 X110.007 Y103.702 E28.62572
G1 X111.509 Y103.886 E28.65592
G1 X112.93 Y104.426 E28.68626
G1 X114.183 Y105.29 E28.71663
G1 X115.176 Y106.414 E28.74656
G1 X115.881 Y107.753 E28.77676
G1 X116.259 Y109.292 E28.80838
G1 X116.299 Y109.946 E28.82146
G1 X116.299 Y110.022 E28.82298
G1 X116.257 Y110.72 E28.83693
G1 X116.249 Y110.769 E28.83792
G1 X115.891 Y112.227 E28.86788
G1 X115.177 Y113.585 E28.8985
G1 X114.181 Y114.713 E28.92853
G1 X112.921 Y115.577 E28.95902
G1 X111.515 Y116.113 E28.98905
G1 X110.012 Y116.298 E29.01927
G1 X108.495 Y116.116 E29.04976
G1 X107.082 Y115.58 E29.07991
G1 X105.818 Y114.708 E29.11056
G1 X104.816 Y113.575 E29.14074
G1 X104.117 Y112.249 E29.17066
G1 X103.746 Y110.744 E29.20159
G1 X103.675 Y110.004 E29.21642
G1 X103.747 Y109.446 E29.22765
G1 X103.747 Y109.235 E29.23186
G1 X104.105 Y107.776 E29.26184
G1 X104.819 Y106.416 E29.2925
G1 X105.824 Y105.287 E29.32266
G0 F9000 X107.61 Y107.445
G1 F1237.1 X107.445 Y107.61 E29.32732
G1 X106.812 Y108.556 E29.35003
G1 X106.724 Y108.776 E29.35476
G1 X106.504 Y109.881 E29.37724
G1 X106.504 Y110.119 E29.38199
G1 X106.724 Y111.224 E29.40448
G1 X106.812 Y111.444 E29.40921
G1 X107.445 Y112.39 E29.43192
G1 X107.61 Y112.555 E29.43658
G1 X108.556 Y113.188 E29.45929
G1 X108.776 Y113.276 E29.46402
G1 X109.881 Y113.496 E29.48651
G1 X110.119 Y113.496 E29.49126
G1 X111.224 Y113.276 E29.51374
G1 X111.444 Y113.188 E29.51847
G1 X112.39 Y112.555 E29.54118
G1 X112.555 Y112.39 E29.54584
G1 X113.188 Y111.444 E29.56856
G1 X113.276 Y111.224 E29.57328
G1 X113.496 Y110.119 E29.59577
G1 X113.496 Y109.881 E29.60052
G1 X113.276 Y108.776 E29.623
G1 X113.188 Y108.556 E29.62773
G1 X112.555 Y107.61 E29.65045
G1 X112.39 Y107.445 E29.6551
G1 X111.444 Y106.812 E29.67782
G1 X111.224 Y106.724 E29.68255
G1 X110.119 Y106.504 E29.70503
G1 X109.881 Y106.504 E29.70978
G1 X108.776 Y106.724 E29.73226
G1 X108.556 Y106.812 E29.73699
G1 X107.61 Y107.445 E29.75971
G0 F9000 X110.159 Y106.104
G1 F1237.1 X111.338 Y106.338 E29.78369
G1 X111.632 Y106.456 E29.79002
G1 X112 Y106.702 E29.79885
G1 X112 Y104.501 E29.84277
G1 X112.738 Y104.782 E29.85853
G1 X113.92 Y105.596 E29.88717
G1 X114 Y105.687 E29.88959
G1 X114 Y114.315 E30.06177
G1 X114.845 Y113.357 E30.08726
G1 X115.515 Y112.083 E30.11599
G1 X115.856 Y110.694 E30.14453
G1 X115.899 Y109.998 E30.15845
G1 X115.899 Y109.97 E30.15901
G1 X115.861 Y109.346 E30.17148
G1 X115.505 Y107.897 E30.20126
G1 X114.844 Y106.642 E30.22956
G1 X114 Y105.687 E30.255
G0 F9000 X112 Y106.702
G1 F1237.1 X112.646 Y107.135 E30.27052
G1 X112.865 Y107.354 E30.2767
G1 X113.544 Y108.368 E30.30105
G1 X113.662 Y108.662 E30.30737
G1 X113.896 Y109.841 E30.33136
G1 X113.896 Y110.159 E30.33771
G1 X113.662 Y111.338 E30.36169
G1 X113.544 Y111.632 E30.36802
G1 X112.865 Y112.646 E30.39237
G1 X112.646 Y112.865 E30.39855
G1 X112 Y113.297 E30.41406
G1 X112 Y115.501 E30.45804
G1 X111.421 Y115.721 E30.4704
G1 X110.012 Y115.894 E30.49873
G1 X110 Y115.892 E30.49897
G1 X110 Y113.896 E30.53881
G1 X109.841 Y113.896 E30.54198
G1 X108.662 Y113.662 E30.56597
G1 X108.368 Y113.544 E30.57229
G1 X108 Y113.298 E30.58112
G1 X107.354 Y112.865 E30.59664
G1 X107.135 Y112.646 E30.60282
G1 X106.456 Y111.632 E30.62718
G1 X106.338 Y111.338 E30.6335
G1 X106.104 Y110.159 E30.65749
G1 X106.104 Y109.841 E30.66383
G1 X106.338 Y108.662 E30.68782
G1 X106.456 Y108.368 E30.69414
G1 X107.135 Y107.354 E30.71849
G1 X107.354 Y107.135 E30.72467
G1 X108 Y106.703 E30.74018
G1 X108 Y104.501 E30.78413
G1 X108.591 Y104.277 E30.79674
G1 X110 Y104.106 E30.82506
G1 X110 Y106.104 E30.86494
G1 X110.159 Y106.104 E30.86811
G1 F1500 E24.36811
G0 F9000 X110.551 Y102.897
G0 X109.946 Y102.838
G0 X108.29 Y103.04
G0 X106.627 Y103.682
G0 X105.25 Y104.633
G0 X104.103 Y105.922
G0 X103.283 Y107.502
G0 X102.883 Y109.131
G0 X102.806 Y109.994
G0 X102.89 Y110.882
G0 X103.326 Y112.602
G0 X104.118 Y114.091
G0 X105.127 Y115.232
G0 X106.147 Y115.985
G0 X108 Y113.298
G1 F1500 E30.86811
G1 F1237.1 X108 Y115.5 E30.91205
G1 X107.271 Y115.224 E30.92761
G1 X106.082 Y114.404 E30.95643
G1 X106 Y114.311 E30.95891
G1 X106 Y105.689 E31.13097
G1 X105.151 Y106.644 E31.15647
G1 X104.482 Y107.918 E31.18518
G1 X104.147 Y109.283 E31.21323
G1 X104.147 Y109.472 E31.217
G1 X104.077 Y110.004 E31.22771
G1 X104.14 Y110.673 E31.24112
G1 X104.493 Y112.105 E31.27055
G1 X105.148 Y113.347 E31.29858
G1 X106 Y114.311 E31.32425
G1 F1500 E24.82425
;MESH:carrucola plisse.stl
G0 F9000 X108.534 Y111.466
G0 X110 Y111.482
;TYPE:WALL-INNER
G1 F1500 E31.32425
G1 F1237.1 X109.435 Y111.37 E31.33574
G1 X108.953 Y111.047 E31.34732
G1 X108.63 Y110.565 E31.3589
G1 X108.518 Y110 E31.3704
G1 X108.63 Y109.435 E31.38189
G1 X108.953 Y108.953 E31.39347
G1 X109.435 Y108.63 E31.40505
G1 X110 Y108.518 E31.41654
G1 X110.565 Y108.63 E31.42804
G1 X111.047 Y108.953 E31.43962
G1 X111.37 Y109.435 E31.4512
G1 X111.482 Y110 E31.46269
G1 X111.37 Y110.565 E31.47418
G1 X111.047 Y111.047 E31.48576
G1 X110.565 Y111.37 E31.49734
G1 X110 Y111.482 E31.50884
G0 F9000 X110 Y111.889
G1 F1237.1 X109.278 Y111.746 E31.52353
G1 X108.665 Y111.335 E31.53825
G1 X108.254 Y110.722 E31.55298
G1 X108.239 Y110.643 E31.55459
G1 X108.127 Y110.078 E31.56608
G1 X108.111 Y110 E31.56767
G1 X108.254 Y109.278 E31.58236
G1 X108.665 Y108.665 E31.59709
G1 X109.278 Y108.254 E31.61181
G1 X109.357 Y108.239 E31.61342
G1 X109.922 Y108.127 E31.62491
G1 X110 Y108.111 E31.6265
G1 X110.722 Y108.254 E31.64119
G1 X111.335 Y108.665 E31.65592
G1 X111.746 Y109.278 E31.67065
G1 X111.761 Y109.357 E31.67225
G1 X111.873 Y109.922 E31.68375
G1 X111.889 Y110 E31.68534
G1 X111.746 Y110.722 E31.70002
G1 X111.335 Y111.335 E31.71475
G1 X110.722 Y111.746 E31.72948
G1 X110.643 Y111.761 E31.73109
G1 X110.078 Y111.873 E31.74258
G1 X110 Y111.889 E31.74417
G0 F9000 X110 Y112.296
;TYPE:WALL-OUTER
G1 F1237.1 X109.121 Y112.122 E31.76205
G1 X108.376 Y111.624 E31.77993
G1 X107.878 Y110.879 E31.79782
G1 X107.704 Y110 E31.8157
G1 X107.878 Y109.121 E31.83358
G1 X108.376 Y108.376 E31.85146
G1 X109.121 Y107.878 E31.86935
G1 X110 Y107.704 E31.88723
G1 X110.879 Y107.878 E31.90511
G1 X111.624 Y108.376 E31.92299
G1 X112.122 Y109.121 E31.94088
G1 X112.296 Y110 E31.95876
G1 X112.122 Y110.879 E31.97664
G1 X111.624 Y111.624 E31.99452
G1 X110.879 Y112.122 E32.01241
G1 X110 Y112.296 E32.03029
G0 F9000 X110 Y111.856
G0 X110 Y111.085
;TYPE:SKIN
G1 F1237.1 X109.589 Y111.004 E32.03865
G1 X109.234 Y110.766 E32.04718
G1 X108.996 Y110.411 E32.05571
G1 X108.915 Y110 E32.06406
G1 X108.996 Y109.589 E32.07242
G1 X109.234 Y109.234 E32.08095
G1 X109.589 Y108.996 E32.08948
G1 X110 Y108.915 E32.09784
G1 X110.411 Y108.996 E32.1062
G1 X110.766 Y109.234 E32.11473
G1 X111.004 Y109.589 E32.12326
G1 X111.085 Y110 E32.13162
G1 X111.004 Y110.411 E32.13998
G1 X110.766 Y110.766 E32.14851
G1 X110.411 Y111.004 E32.15704
G1 X110 Y111.085 E32.1654
G0 F9000 X109.738 Y110.87
G1 F1237.1 X109.128 Y110.259 E32.18263
G0 F9000 X109.135 Y109.701
G1 F1237.1 X110.297 Y110.863 E32.21542
G0 F9000 X110.65 Y110.65
G1 F1237.1 X109.348 Y109.348 E32.25217
G0 F9000 X109.701 Y109.136
G1 F1237.1 X110.863 Y110.298 E32.28496
G0 F9000 X110.87 Y109.739
G1 F1237.1 X110.26 Y109.129 E32.30218
G0 F9000 X110.403 Y108.405
G1 F1500 E25.80218
;MESH:NONMESH
G0 F300 X110.403 Y108.405 Z0.72
G0 F9000 X109.206 Y108.084
G0 X105.824 Y105.287
;TIME_ELAPSED:104.943400
;LAYER:5
;TYPE:SUPPORT
G1 F1500 E32.30218
G1 F1237.6 X107.071 Y104.427 E32.33241
G1 X107.085 Y104.42 E32.33272
G1 X108.496 Y103.885 E32.36283
G1 X110.007 Y103.702 E32.39321
G1 X111.511 Y103.887 E32.42345
G1 X112.929 Y104.425 E32.45371
G1 X114.183 Y105.29 E32.48411
G1 X115.174 Y106.409 E32.51394
G1 X115.882 Y107.753 E32.54426
G1 X116.259 Y109.294 E32.57592
G1 X116.299 Y109.949 E32.58901
G1 X116.299 Y110.015 E32.59033
G1 X116.258 Y110.716 E32.60434
G1 X116.245 Y110.786 E32.60576
G1 X115.891 Y112.227 E32.63538
G1 X115.177 Y113.585 E32.66599
G1 X114.182 Y114.712 E32.696
G1 X112.921 Y115.577 E32.72651
G1 X111.511 Y116.113 E32.75661
G1 X110.008 Y116.298 E32.78683
G1 X108.491 Y116.115 E32.81733
G1 X107.083 Y115.58 E32.84739
G1 X105.817 Y114.708 E32.87806
G1 X104.816 Y113.575 E32.90823
G1 X104.116 Y112.248 E32.93817
G1 X103.745 Y110.744 E32.96909
G1 X103.675 Y110.005 E32.9839
G1 X103.747 Y109.446 E32.99515
G1 X103.747 Y109.236 E32.99934
G1 X104.105 Y107.777 E33.02932
G1 X104.82 Y106.415 E33.06002
G1 X105.824 Y105.287 E33.09015
G0 F9000 X107.61 Y107.445
G1 F1237.6 X107.445 Y107.61 E33.09481
G1 X106.812 Y108.556 E33.11752
G1 X106.724 Y108.776 E33.12225
G1 X106.504 Y109.881 E33.14474
G1 X106.504 Y110.119 E33.14949
G1 X106.724 Y111.224 E33.17197
G1 X106.812 Y111.444 E33.1767
G1 X107.445 Y112.39 E33.19941
G1 X107.61 Y112.555 E33.20407
G1 X108.556 Y113.188 E33.22679
G1 X108.776 Y113.276 E33.23151
G1 X109.881 Y113.496 E33.254
G1 X110.119 Y113.496 E33.25875
G1 X111.224 Y113.276 E33.28123
G1 X111.444 Y113.188 E33.28596
G1 X112.39 Y112.555 E33.30868
G1 X112.555 Y112.39 E33.31333
G1 X113.188 Y111.444 E33.33605
G1 X113.276 Y111.224 E33.34078
G1 X113.496 Y110.119 E33.36326
G1 X113.496 Y109.881 E33.36801
G1 X113.276 Y108.776 E33.39049
G1 X113.188 Y108.556 E33.39522
G1 X112.555 Y107.61 E33.41794
G1 X112.39 Y107.445 E33.42259
G1 X111.444 Y106.812 E33.44531
G1 X111.224 Y106.724 E33.45004
G1 X110.119 Y106.504 E33.47252
G1 X109.881 Y106.504 E33.47727
G1 X108.776 Y106.724 E33.49976
G1 X108.556 Y106.812 E33.50448
G1 X107.61 Y107.445 E33.5272
G0 F9000 X110.159 Y106.104
G1 F1237.6 X111.338 Y106.338 E33.55119
G1 X111.632 Y106.456 E33.55751
G1 X112 Y106.702 E33.56634
G1 X112 Y104.501 E33.61027
G1 X112.74 Y104.781 E33.62605
G1 X113.914 Y105.591 E33.65452
G1 X114 Y105.689 E33.65712
G1 X114 Y114.315 E33.82926
G1 X114.845 Y113.357 E33.85475
G1 X115.515 Y112.083 E33.88348
G1 X115.854 Y110.701 E33.91188
G1 X115.859 Y110.673 E33.91244
G1 X115.899 Y109.991 E33.92608
G1 X115.899 Y109.973 E33.92644
G1 X115.861 Y109.348 E33.93893
G1 X115.506 Y107.897 E33.96874
G1 X114.844 Y106.641 E33.99708
G1 X114 Y105.689 E34.02246
G0 F9000 X112 Y106.702
G1 F1237.6 X112.646 Y107.135 E34.03798
G1 X112.865 Y107.354 E34.04416
G1 X113.544 Y108.368 E34.06852
G1 X113.662 Y108.662 E34.07484
G1 X113.896 Y109.841 E34.09883
G1 X113.896 Y110.159 E34.10517
G1 X113.662 Y111.338 E34.12916
G1 X113.544 Y111.632 E34.13548
G1 X112.865 Y112.646 E34.15984
G1 X112.646 Y112.865 E34.16602
G1 X112 Y113.297 E34.18152
G1 X112 Y115.499 E34.22547
G1 X111.417 Y115.721 E34.23792
G1 X110.008 Y115.894 E34.26625
G1 X110 Y115.893 E34.26641
G1 X110 Y113.896 E34.30626
G1 X109.841 Y113.896 E34.30943
G1 X108.662 Y113.662 E34.33342
G1 X108.368 Y113.544 E34.33974
G1 X108 Y113.298 E34.34858
G1 X107.354 Y112.865 E34.3641
G1 X107.135 Y112.646 E34.37028
G1 X106.456 Y111.632 E34.39463
G1 X106.338 Y111.338 E34.40095
G1 X106.104 Y110.159 E34.42494
G1 X106.104 Y109.841 E34.43128
G1 X106.338 Y108.662 E34.45527
G1 X106.456 Y108.368 E34.46159
G1 X107.135 Y107.354 E34.48595
G1 X107.354 Y107.135 E34.49213
G1 X108 Y106.703 E34.50764
G1 X108 Y104.501 E34.55158
G1 X108.59 Y104.277 E34.56417
G1 X110 Y104.106 E34.59252
G1 X110 Y106.104 E34.63239
G1 X110.159 Y106.104 E34.63556
G1 F1500 E28.13556
G0 F9000 X110.552 Y102.897
G0 X109.949 Y102.838
G0 X108.289 Y103.04
G0 X106.621 Y103.687
G0 X105.25 Y104.633
G0 X104.104 Y105.921
G0 X103.284 Y107.5
G0 X102.883 Y109.132
G0 X102.806 Y109.995
G0 X102.887 Y110.875
G0 X103.325 Y112.6
G0 X104.116 Y114.091
G0 X105.127 Y115.232
G0 X106.148 Y115.985
G0 X108 Y113.298
G1 F1500 E34.63556
G1 F1237.6 X108 Y115.501 E34.67953
G1 X107.269 Y115.224 E34.69513
G1 X106.083 Y114.406 E34.72388
G1 X106 Y114.311 E34.7264
G1 X106 Y105.689 E34.89846
G1 X105.152 Y106.643 E34.92393
G1 X104.481 Y107.921 E34.95273
G1 X104.147 Y109.284 E34.98074
G1 X104.147 Y109.472 E34.98449
G1 X104.077 Y110.005 E34.99522
G1 X104.141 Y110.678 E35.00871
G1 X104.492 Y112.104 E35.03802
G1 X105.148 Y113.347 E35.06606
G1 X106 Y114.311 E35.09174
G1 F1500 E28.59174
;MESH:carrucola plisse.stl
G0 F9000 X108.534 Y111.466
G0 X110 Y111.482
;TYPE:WALL-INNER
G1 F1500 E35.09174
G1 F1237.6 X109.435 Y111.37 E35.10323
G1 X108.953 Y111.047 E35.11481
G1 X108.63 Y110.565 E35.12639
G1 X108.518 Y110 E35.13789
G1 X108.63 Y109.435 E35.14938
G1 X108.953 Y108.953 E35.16096
G1 X109.435 Y108.63 E35.17254
G1 X110 Y108.518 E35.18403
G1 X110.565 Y108.63 E35.19553
G1 X111.047 Y108.953 E35.20711
G1 X111.37 Y109.435 E35.21869
G1 X111.482 Y110 E35.23018
G1 X111.37 Y110.565 E35.24167
G1 X111.047 Y111.047 E35.25325
G1 X110.565 Y111.37 E35.26483
G1 X110 Y111.482 E35.27633
G0 F9000 X110 Y111.889
G1 F1237.6 X109.278 Y111.746 E35.29101
G1 X108.665 Y111.335 E35.30574
G1 X108.254 Y110.722 E35.32047
G1 X108.239 Y110.643 E35.32208
G1 X108.127 Y110.078 E35.33357
G1 X108.111 Y110 E35.33516
G1 X108.254 Y109.278 E35.34985
G1 X108.665 Y108.665 E35.36458
G1 X109.278 Y108.254 E35.3793
G1 X109.357 Y108.239 E35.38091
G1 X109.922 Y108.127 E35.3924
G1 X110 Y108.111 E35.39399
G1 X110.722 Y108.254 E35.40868
G1 X111.335 Y108.665 E35.42341
G1 X111.746 Y109.278 E35.43814
G1 X111.761 Y109.357 E35.43974
G1 X111.873 Y109.922 E35.45124
G1 X111.889 Y110 E35.45283
G1 X111.746 Y110.722 E35.46751
G1 X111.335 Y111.335 E35.48224
G1 X110.722 Y111.746 E35.49697
G1 X110.643 Y111.761 E35.49857
G1 X110.078 Y111.873 E35.51007
G1 X110 Y111.889 E35.51166
G0 F9000 X110 Y112.296
;TYPE:WALL-OUTER
G1 F1237.6 X109.121 Y112.122 E35.52954
G1 X108.376 Y111.624 E35.54742
G1 X107.878 Y110.879 E35.56531
G1 X107.704 Y110 E35.58319
G1 X107.878 Y109.121 E35.60107
G1 X108.376 Y108.376 E35.61895
G1 X109.121 Y107.878 E35.63684
G1 X110 Y107.704 E35.65472
G1 X110.879 Y107.878 E35.6726
G1 X111.624 Y108.376 E35.69048
G1 X112.122 Y109.121 E35.70837
G1 X112.296 Y110 E35.72625
G1 X112.122 Y110.879 E35.74413
G1 X111.624 Y111.624 E35.76201
G1 X110.879 Y112.122 E35.77989
G1 X110 Y112.296 E35.79778
G0 F9000 X110 Y111.856
G0 X110 Y111.085
;TYPE:SKIN
G1 F1237.6 X109.589 Y111.004 E35.80614
G1 X109.234 Y110.766 E35.81467
G1 X108.996 Y110.411 E35.82319
G1 X108.915 Y110 E35.83155
G1 X108.996 Y109.589 E35.83991
G1 X109.234 Y109.234 E35.84844
G1 X109.589 Y108.996 E35.85697
G1 X110 Y108.915 E35.86533
G1 X110.411 Y108.996 E35.87369
G1 X110.766 Y109.234 E35.88222
G1 X111.004 Y109.589 E35.89075
G1 X111.085 Y110 E35.89911
G1 X111.004 Y110.411 E35.90747
G1 X110.766 Y110.766 E35.916
G1 X110.411 Y111.004 E35.92453
G1 X110 Y111.085 E35.93289
G0 F9000 X110.324 Y110.858
G1 F1237.6 X110.858 Y110.324 E35.94796
G0 F9000 X110.871 Y109.745
G1 F1237.6 X109.745 Y110.872 E35.97975
G0 F9000 X109.38 Y110.671
G1 F1237.6 X110.67 Y109.38 E36.01617
G0 F9000 X110.341 Y109.144
G1 F1237.6 X109.145 Y110.34 E36.04993
G0 F9000 X109.115 Y109.804
G1 F1237.6 X109.805 Y109.115 E36.06938
G0 F9000 X109.664 Y108.391
G1 F1500 E29.56938
;MESH:NONMESH
G0 F300 X109.664 Y108.391 Z0.84
G0 F9000 X108.534 Y108.534
G0 X105.824 Y105.287
;TIME_ELAPSED:118.480925
;LAYER:6
;TYPE:SUPPORT
G1 F1500 E36.06938
G1 F1237.1 X107.068 Y104.429 E36.09954
G1 X107.081 Y104.422 E36.09984
G1 X108.495 Y103.885 E36.13002
G1 X110.007 Y103.702 E36.16041
G1 X111.511 Y103.887 E36.19065
G1 X112.928 Y104.425 E36.2209
G1 X114.183 Y105.291 E36.25133
G1 X115.178 Y106.416 E36.2813
G1 X115.882 Y107.752 E36.31144
G1 X116.259 Y109.295 E36.34314
G1 X116.299 Y109.952 E36.35627
G1 X116.299 Y110.022 E36.35767
G1 X116.259 Y110.708 E36.37138
G1 X116.243 Y110.792 E36.37309
G1 X115.897 Y112.208 E36.40218
G1 X115.889 Y112.23 E36.40265
G1 X115.177 Y113.585 E36.43319
G1 X114.181 Y114.713 E36.46322
G1 X112.929 Y115.573 E36.49353
G1 X111.513 Y116.113 E36.52378
G1 X110.007 Y116.298 E36.55406
G1 X108.492 Y116.116 E36.58451
G1 X107.083 Y115.58 E36.61459
G1 X105.818 Y114.708 E36.64525
G1 X104.818 Y113.579 E36.67535
G1 X104.117 Y112.249 E36.70535
G1 X103.746 Y110.751 E36.73615
G1 X103.675 Y110.005 E36.7511
G1 X103.747 Y109.446 E36.76235
G1 X103.747 Y109.238 E36.7665
G1 X104.106 Y107.774 E36.79658
G1 X104.82 Y106.415 E36.82722
G1 X105.824 Y105.287 E36.85735
G0 F9000 X107.61 Y107.445
G1 F1237.1 X107.445 Y107.61 E36.86201
G1 X106.812 Y108.556 E36.88473
G1 X106.724 Y108.776 E36.88945
G1 X106.504 Y109.881 E36.91194
G1 X106.504 Y110.119 E36.91669
G1 X106.724 Y111.224 E36.93917
G1 X106.812 Y111.444 E36.9439
G1 X107.445 Y112.39 E36.96662
G1 X107.61 Y112.555 E36.97127
G1 X108.556 Y113.188 E36.99399
G1 X108.776 Y113.276 E36.99872
G1 X109.881 Y113.496 E37.0212
G1 X110.119 Y113.496 E37.02595
G1 X111.224 Y113.276 E37.04843
G1 X111.444 Y113.188 E37.05316
G1 X112.39 Y112.555 E37.07588
G1 X112.555 Y112.39 E37.08053
G1 X113.188 Y111.444 E37.10325
G1 X113.276 Y111.224 E37.10798
G1 X113.496 Y110.119 E37.13046
G1 X113.496 Y109.881 E37.13521
G1 X113.276 Y108.776 E37.1577
G1 X113.188 Y108.556 E37.16242
G1 X112.555 Y107.61 E37.18514
G1 X112.39 Y107.445 E37.1898
G1 X111.444 Y106.812 E37.21251
G1 X111.224 Y106.724 E37.21724
G1 X110.119 Y106.504 E37.23972
G1 X109.881 Y106.504 E37.24447
G1 X108.776 Y106.724 E37.26696
G1 X108.556 Y106.812 E37.27169
G1 X107.61 Y107.445 E37.2944
G0 F9000 X110.159 Y106.104
G1 F1237.1 X111.338 Y106.338 E37.31839
G1 X111.632 Y106.456 E37.32471
G1 X112 Y106.702 E37.33354
G1 X112 Y104.501 E37.37747
G1 X112.736 Y104.781 E37.39318
G1 X113.918 Y105.595 E37.42182
G1 X114 Y105.688 E37.4243
G1 X114 Y114.315 E37.59646
G1 X114.845 Y113.357 E37.62195
G1 X115.518 Y112.076 E37.65083
G1 X115.852 Y110.709 E37.67891
G1 X115.86 Y110.667 E37.67976
G1 X115.899 Y109.998 E37.69314
G1 X115.899 Y109.976 E37.69357
G1 X115.861 Y109.348 E37.70613
G1 X115.506 Y107.897 E37.73594
G1 X114.847 Y106.646 E37.76416
G1 X114 Y105.688 E37.78968
G0 F9000 X112 Y106.702
G1 F1237.1 X112.646 Y107.135 E37.8052
G1 X112.865 Y107.354 E37.81138
G1 X113.544 Y108.368 E37.83573
G1 X113.662 Y108.662 E37.84205
G1 X113.896 Y109.841 E37.86604
G1 X113.896 Y110.159 E37.87238
G1 X113.662 Y111.338 E37.89637
G1 X113.544 Y111.632 E37.90269
G1 X112.865 Y112.646 E37.92705
G1 X112.646 Y112.865 E37.93323
G1 X112 Y113.297 E37.94874
G1 X112 Y115.5 E37.9927
G1 X111.419 Y115.721 E38.0051
G1 X110.007 Y115.894 E38.03349
G1 X110 Y115.893 E38.03363
G1 X110 Y113.896 E38.07349
G1 X109.841 Y113.896 E38.07666
G1 X108.662 Y113.662 E38.10065
G1 X108.368 Y113.544 E38.10697
G1 X108 Y113.298 E38.1158
G1 X107.354 Y112.865 E38.13132
G1 X107.135 Y112.646 E38.1375
G1 X106.456 Y111.632 E38.16186
G1 X106.338 Y111.338 E38.16818
G1 X106.104 Y110.159 E38.19217
G1 X106.104 Y109.841 E38.19851
G1 X106.338 Y108.662 E38.2225
G1 X106.456 Y108.368 E38.22882
G1 X107.135 Y107.354 E38.25317
G1 X107.354 Y107.135 E38.25935
G1 X108 Y106.703 E38.27486
G1 X108 Y104.5 E38.31883
G1 X108.589 Y104.277 E38.33139
G1 X110 Y104.106 E38.35976
G1 X110 Y106.104 E38.39963
G1 X110.159 Y106.104 E38.4028
G1 F1500 E31.9028
G0 F9000 X110.551 Y102.897
G0 X109.953 Y102.838
G0 X108.288 Y103.04
G0 X106.622 Y103.686
G0 X105.25 Y104.633
G0 X104.104 Y105.921
G0 X103.285 Y107.497
G0 X102.883 Y109.134
G0 X102.806 Y109.995
G0 X102.888 Y110.882
G0 X103.33 Y112.609
G0 X104.118 Y114.093
G0 X105.128 Y115.232
G0 X106.146 Y115.984
G0 X108 Y113.298
G1 F1500 E38.4028
G1 F1237.1 X108 Y115.501 E38.44677
G1 X107.272 Y115.224 E38.46231
G1 X106.087 Y114.407 E38.49104
G1 X106 Y114.308 E38.49367
G1 X106 Y105.689 E38.66567
G1 X105.152 Y106.643 E38.69114
G1 X104.482 Y107.918 E38.71988
G1 X104.147 Y109.286 E38.74799
G1 X104.147 Y109.472 E38.7517
G1 X104.077 Y110.005 E38.76243
G1 X104.142 Y110.685 E38.77606
G1 X104.493 Y112.105 E38.80525
G1 X105.148 Y113.345 E38.83324
G1 X106 Y114.308 E38.8589
G1 F1500 E32.3589
;MESH:carrucola plisse.stl
G0 F9000 X108.534 Y111.466
G0 X110 Y111.482
;TYPE:WALL-INNER
G1 F1500 E38.8589
G1 F1237.1 X109.435 Y111.37 E38.87039
G1 X108.953 Y111.047 E38.88197
G1 X108.63 Y110.565 E38.89355
G1 X108.518 Y110 E38.90504
G1 X108.63 Y109.435 E38.91654
G1 X108.953 Y108.953 E38.92812
G1 X109.435 Y108.63 E38.9397
G1 X110 Y108.518 E38.95119
G1 X110.565 Y108.63 E38.96268
G1 X111.047 Y108.953 E38.97426
G1 X111.37 Y109.435 E38.98584
G1 X111.482 Y110 E38.99734
G1 X111.37 Y110.565 E39.00883
G1 X111.047 Y111.047 E39.02041
G1 X110.565 Y111.37 E39.03199
G1 X110 Y111.482 E39.04348
G0 F9000 X110 Y111.889
G1 F1237.1 X109.278 Y111.746 E39.05817
G1 X108.665 Y111.335 E39.0729
G1 X108.254 Y110.722 E39.08763
G1 X108.239 Y110.643 E39.08923
G1 X108.127 Y110.078 E39.10073
G1 X108.111 Y110 E39.10232
G1 X108.254 Y109.278 E39.117
G1 X108.665 Y108.665 E39.13173
G1 X109.278 Y108.254 E39.14646
G1 X109.357 Y108.239 E39.14807
G1 X109.922 Y108.127 E39.15956
G1 X110 Y108.111 E39.16115
G1 X110.722 Y108.254 E39.17584
G1 X111.335 Y108.665 E39.19057
G1 X111.746 Y109.278 E39.20529
G1 X111.761 Y109.357 E39.2069
G1 X111.873 Y109.922 E39.21839
G1 X111.889 Y110 E39.21998
G1 X111.746 Y110.722 E39.23467
G1 X111.335 Y111.335 E39.2494
G1 X110.722 Y111.746 E39.26413
G1 X110.643 Y111.761 E39.26573
G1 X110.078 Y111.873 E39.27723
G1 X110 Y111.889 E39.27882
G0 F9000 X110 Y112.296
;TYPE:WALL-OUTER
G1 F1237.1 X109.121 Y112.122 E39.2967
G1 X108.376 Y111.624 E39.31458
G1 X107.878 Y110.879 E39.33246
G1 X107.704 Y110 E39.35034
G1 X107.878 Y109.121 E39.36823
G1 X108.376 Y108.376 E39.38611
G1 X109.121 Y107.878 E39.40399
G1 X110 Y107.704 E39.42187
G1 X110.879 Y107.878 E39.43976
G1 X111.624 Y108.376 E39.45764
G1 X112.122 Y109.121 E39.47552
G1 X112.296 Y110 E39.4934
G1 X112.122 Y110.879 E39.51129
G1 X111.624 Y111.624 E39.52917
G1 X110.879 Y112.122 E39.54705
G1 X110 Y112.296 E39.56493
G0 F9000 X110 Y111.856
G0 X110 Y111.085
;TYPE:SKIN
G1 F1237.1 X109.589 Y111.004 E39.57329
G1 X109.234 Y110.766 E39.58182
G1 X108.996 Y110.411 E39.59035
G1 X108.915 Y110 E39.59871
G1 X108.996 Y109.589 E39.60707
G1 X109.234 Y109.234 E39.6156
G1 X109.589 Y108.996 E39.62413
G1 X110 Y108.915 E39.63249
G1 X110.411 Y108.996 E39.64085
G1 X110.766 Y109.234 E39.64938
G1 X111.004 Y109.589 E39.65791
G1 X111.085 Y110 E39.66627
G1 X111.004 Y110.411 E39.67463
G1 X110.766 Y110.766 E39.68316
G1 X110.411 Y111.004 E39.69168
G1 X110 Y111.085 E39.70004
G0 F9000 X109.738 Y110.87
G1 F1237.1 X109.128 Y110.259 E39.71727
G0 F9000 X109.135 Y109.701
G1 F1237.1 X110.297 Y110.863 E39.75007
G0 F9000 X110.65 Y110.65
G1 F1237.1 X109.348 Y109.348 E39.78681
G0 F9000 X109.701 Y109.136
G1 F1237.1 X110.863 Y110.298 E39.81961
G0 F9000 X110.87 Y109.739
G1 F1237.1 X110.26 Y109.129 E39.83682
G0 F9000 X110.403 Y108.405
G1 F1500 E33.33682
;MESH:NONMESH
G0 F300 X110.403 Y108.405 Z0.96
G0 F9000 X109.206 Y108.084
G0 X105.428 Y105.428
;TIME_ELAPSED:131.993141
;LAYER:7
;TYPE:SUPPORT-INTERFACE
G1 F1500 E39.83682
G1 F867.4 X107.668 Y107.668 E39.90004
G0 F9000 X110.097 Y106.703
G1 F867.4 X107.458 Y104.064 E39.97452
G1 F1500 E33.47452
G0 F9000 X107.222 Y103.444
G0 X108.182 Y103.08
G0 X110.06 Y102.838
G0 X110.293 Y103.535
G1 F1500 E39.97452
G1 F867.4 X103.504 Y110.324 E40.16612
G0 F9000 X103.501 Y110.289
G1 F867.4 X109.67 Y116.458 E40.34022
G0 F9000 X111.032 Y116.372
G1 F867.4 X116.396 Y111.009 E40.49159
G0 F9000 X116.483 Y109.694
G1 F867.4 X110.328 Y103.54 E40.66528
G0 F9000 X112.989 Y104.233
G1 F867.4 X110.449 Y106.773 E40.73697
G0 F9000 X112.591 Y108.025
G1 F867.4 X114.861 Y105.756 E40.80102
G0 F9000 X116.121 Y107.89
G1 F867.4 X113.142 Y110.868 E40.88508
G0 F9000 X113.295 Y109.901
G1 F867.4 X115.945 Y112.551 E40.95987
G0 F9000 X114.571 Y114.571
G1 F867.4 X112.33 Y112.33 E41.02311
G0 F9000 X110.869 Y113.142
G1 F867.4 X107.905 Y116.105 E41.10675
G0 F9000 X105.727 Y114.89
G1 F867.4 X108.026 Y112.591 E41.17163
G0 F9000 X109.901 Y113.295
G1 F867.4 X112.54 Y115.935 E41.24613
G1 F1500 E34.74613
G0 F9000 X112.778 Y116.557
G0 X111.635 Y116.968
G0 X109.948 Y117.162
G0 X108.219 Y116.936
G0 X106.65 Y116.332
G0 X105.24 Y115.359
G0 X104.067 Y114.006
G0 X103.367 Y112.656
G0 X103.012 Y111.38
G0 X106.773 Y110.45
G1 F1500 E41.24613
G1 F867.4 X104.265 Y112.957 E41.31689
G0 F9000 X106.703 Y110.097
G1 F867.4 X104.052 Y107.446 E41.39171
G1 F1500 E34.89171
;MESH:carrucola plisse.stl
G0 F9000 X108.084 Y109.206
G0 X109.076 Y110.924
G0 X110 Y111.482
;TYPE:WALL-INNER
G1 F1500 E41.39171
G1 F867.4 X109.435 Y111.37 E41.4032
G1 X108.953 Y111.047 E41.41478
G1 X108.63 Y110.565 E41.42636
G1 X108.518 Y110 E41.43786
G1 X108.63 Y109.435 E41.44935
G1 X108.953 Y108.953 E41.46093
G1 X109.435 Y108.63 E41.47251
G1 X110 Y108.518 E41.484
G1 X110.565 Y108.63 E41.4955
G1 X111.047 Y108.953 E41.50708
G1 X111.37 Y109.435 E41.51866
G1 X111.482 Y110 E41.53015
G1 X111.37 Y110.565 E41.54164
G1 X111.047 Y111.047 E41.55322
G1 X110.565 Y111.37 E41.5648
G1 X110 Y111.482 E41.5763
G0 F9000 X110 Y111.889
G1 F867.4 X109.278 Y111.746 E41.59099
G1 X108.665 Y111.335 E41.60571
G1 X108.254 Y110.722 E41.62044
G1 X108.239 Y110.643 E41.62205
G1 X108.127 Y110.078 E41.63354
G1 X108.111 Y110 E41.63513
G1 X108.254 Y109.278 E41.64982
G1 X108.665 Y108.665 E41.66455
G1 X109.278 Y108.254 E41.67927
G1 X109.357 Y108.239 E41.68088
G1 X109.922 Y108.127 E41.69237
G1 X110 Y108.111 E41.69396
G1 X110.722 Y108.254 E41.70865
G1 X111.335 Y108.665 E41.72338
G1 X111.746 Y109.278 E41.73811
G1 X111.761 Y109.357 E41.73971
G1 X111.873 Y109.922 E41.75121
G1 X111.889 Y110 E41.7528
G1 X111.746 Y110.722 E41.76748
G1 X111.335 Y111.335 E41.78221
G1 X110.722 Y111.746 E41.79694
G1 X110.643 Y111.761 E41.79854
G1 X110.078 Y111.873 E41.81004
G1 X110 Y111.889 E41.81163
G0 F9000 X110 Y112.296
;TYPE:WALL-OUTER
G1 F867.4 X109.121 Y112.122 E41.82951
G1 X108.376 Y111.624 E41.84739
G1 X107.878 Y110.879 E41.86528
G1 X107.704 Y110 E41.88316
G1 X107.878 Y109.121 E41.90104
G1 X108.376 Y108.376 E41.91892
G1 X109.121 Y107.878 E41.93681
G1 X110 Y107.704 E41.95469
G1 X110.879 Y107.878 E41.97257
G1 X111.624 Y108.376 E41.99045
G1 X112.122 Y109.121 E42.00834
G1 X112.296 Y110 E42.02622
G1 X112.122 Y110.879 E42.0441
G1 X111.624 Y111.624 E42.06198
G1 X110.879 Y112.122 E42.07986
G1 X110 Y112.296 E42.09775
G0 F9000 X110 Y111.856
G0 X110 Y111.085
;TYPE:SKIN
G1 F867.4 X109.589 Y111.004 E42.10611
G1 X109.234 Y110.766 E42.11464
G1 X108.996 Y110.411 E42.12316
G1 X108.915 Y110 E42.13152
G1 X108.996 Y109.589 E42.13988
G1 X109.234 Y109.234 E42.14841
G1 X109.589 Y108.996 E42.15694
G1 X110 Y108.915 E42.1653
G1 X110.411 Y108.996 E42.17366
G1 X110.766 Y109.234 E42.18219
G1 X111.004 Y109.589 E42.19072
G1 X111.085 Y110 E42.19908
G1 X111.004 Y110.411 E42.20744
G1 X110.766 Y110.766 E42.21597
G1 X110.411 Y111.004 E42.2245
G1 X110 Y111.085 E42.23286
G0 F9000 X110.324 Y110.858
G1 F867.4 X110.858 Y110.324 E42.24793
G0 F9000 X110.871 Y109.745
G1 F867.4 X109.745 Y110.872 E42.27972
G0 F9000 X109.38 Y110.671
G1 F867.4 X110.67 Y109.38 E42.31614
G0 F9000 X110.341 Y109.144
G1 F867.4 X109.145 Y110.34 E42.3499
G0 F9000 X109.115 Y109.804
G1 F867.4 X109.805 Y109.115 E42.36935
G0 F9000 X109.664 Y108.391
G1 F1500 E35.86935
;MESH:NONMESH
G0 F300 X109.664 Y108.391 Z1.08
G0 F9000 X108.534 Y108.534
G0 X105.428 Y105.428
;TIME_ELAPSED:146.636928
;LAYER:8
;TYPE:SUPPORT-INTERFACE
G1 F1500 E42.36935
G1 F705 X108.231 Y108.231 E42.44846
G0 F9000 X109.655 Y107.567
G1 F705 X112.989 Y104.233 E42.54255
G0 F9000 X114.861 Y105.756
G1 F705 X112.015 Y108.601 E42.62286
G0 F9000 X112.052 Y108.658
G1 F705 X115.946 Y112.552 E42.73276
G0 F9000 X116.395 Y111.01
G1 F705 X111.032 Y116.372 E42.8841
G0 F9000 X109.67 Y116.459
G1 F705 X103.5 Y110.288 E43.05824
G0 F9000 X103.504 Y110.324
G1 F705 X110.293 Y103.535 E43.24984
G0 F9000 X110.328 Y103.54
G1 F705 X116.482 Y109.694 E43.42352
G0 F9000 X116.121 Y107.89
G1 F705 X107.905 Y116.105 E43.65538
G0 F9000 X105.727 Y114.89
G1 F705 X108.602 Y112.014 E43.73653
G0 F9000 X108.658 Y112.053
G1 F705 X112.541 Y115.935 E43.84611
G0 F9000 X114.571 Y114.571
G1 F705 X111.767 Y111.767 E43.92524
G1 F1500 E37.42524
G0 F9000 X111.289 Y111.289
G0 X110.295 Y111.635
G0 X109.5 Y111.584
G0 X108.499 Y110.97
G0 X107.946 Y111.341
G1 F1500 E43.92524
G1 F705 X104.052 Y107.446 E44.03515
G1 F1500 E37.53515
G0 F9000 X103.464 Y107.139
G0 X108.221 Y109.784
G0 X107.567 Y109.655
G1 F1500 E44.03515
G1 F705 X104.265 Y112.957 E44.12834
G1 F1500 E37.62834
G0 F9000 X103.677 Y113.267
G0 X108.379 Y110.192
G0 X108.365 Y109.7
G0 X108.692 Y108.974
G0 X109.323 Y108.483
G0 X110.025 Y108.357
G0 X110.971 Y108.499
G0 X111.34 Y107.946
G1 F1500 E44.12834
G1 F705 X107.458 Y104.064 E44.2379
G1 F1500 E37.7379
;MESH:carrucola plisse.stl
G0 F9000 X107.222 Y103.443
G0 X109.478 Y108.445
G0 X109.738 Y109.496
G0 X110.092 Y110.371
;TYPE:WALL-INNER
G1 F1500 E44.2379
G1 F705 X109.908 Y110.371 E44.24157
G1 X109.749 Y110.287 E44.24516
G1 X109.643 Y110.135 E44.24886
G1 X109.621 Y109.953 E44.25252
G1 X109.685 Y109.785 E44.25611
G1 X109.824 Y109.661 E44.25982
G1 X110 Y109.618 E44.26344
G1 X110.176 Y109.661 E44.26705
G1 X110.315 Y109.785 E44.27077
G1 X110.379 Y109.953 E44.27436
G1 X110.357 Y110.135 E44.27802
G1 X110.251 Y110.287 E44.28172
G1 X110.092 Y110.371 E44.2853
G0 F9000 X110.19 Y110.771
;TYPE:WALL-OUTER
G1 F705 X109.81 Y110.771 E44.29289
G1 X109.475 Y110.595 E44.30044
G1 X109.258 Y110.282 E44.30804
G1 X109.212 Y109.903 E44.31566
G1 X109.346 Y109.55 E44.32319
G1 X109.632 Y109.297 E44.33081
G1 X110 Y109.206 E44.33838
G1 X110.368 Y109.297 E44.34594
G1 X110.654 Y109.55 E44.35356
G1 X110.788 Y109.903 E44.3611
G1 X110.742 Y110.282 E44.36872
G1 X110.525 Y110.595 E44.37632
G1 X110.19 Y110.771 E44.38387
G0 F9000 X110.085 Y110.344
G0 X110.14 Y110.14
;TYPE:SKIN
G1 F705 X109.861 Y109.861 E44.38781
G0 F9000 X109.878 Y109.882
G1 F1500 E37.88781
;MESH:NONMESH
G0 F300 X109.878 Y109.882 Z1.2
G0 F9000 X109.531 Y109.679
G0 X108.813 Y108.867
G0 X104.932 Y104.988
G0 X105.428 Y105.428
;TIME_ELAPSED:160.915180
;LAYER:9
;TYPE:SUPPORT-INTERFACE
G1 F1500 E44.38781
G1 F704.4 X108.234 Y108.234 E44.467
G0 F9000 X109.654 Y107.568
G1 F704.4 X112.988 Y104.234 E44.56109
G0 F9000 X114.861 Y105.756
G1 F704.4 X112.015 Y108.601 E44.6414
G0 F9000 X112.052 Y108.658
G1 F704.4 X115.946 Y112.552 E44.75129
G0 F9000 X116.395 Y111.01
G1 F704.4 X111.032 Y116.372 E44.90264
G0 F9000 X109.67 Y116.459
G1 F704.4 X103.5 Y110.288 E45.07678
G0 F9000 X103.504 Y110.324
G1 F704.4 X110.293 Y103.535 E45.26838
G0 F9000 X110.329 Y103.54
G1 F704.4 X116.483 Y109.694 E45.44206
G0 F9000 X116.121 Y107.889
G1 F704.4 X107.905 Y116.106 E45.67395
G0 F9000 X105.727 Y114.89
G1 F704.4 X108.602 Y112.014 E45.7551
G0 F9000 X108.658 Y112.053
G1 F704.4 X112.541 Y115.935 E45.86467
G0 F9000 X114.571 Y114.571
G1 F704.4 X111.765 Y111.765 E45.94386
G1 F1500 E39.44386
G0 F9000 X111.289 Y111.289
G0 X110.295 Y111.635
G0 X109.5 Y111.584
G0 X108.498 Y110.97
G0 X107.946 Y111.341
G1 F1500 E45.94386
G1 F704.4 X104.052 Y107.446 E46.05378
G1 F1500 E39.55378
G0 F9000 X103.465 Y107.139
G0 X108.221 Y109.784
G0 X107.567 Y109.655
G1 F1500 E46.05378
G1 F704.4 X104.265 Y112.958 E46.14698
G1 F1500 E39.64698
G0 F9000 X103.677 Y113.268
G0 X108.378 Y110.192
G0 X108.365 Y109.7
G0 X108.692 Y108.974
G0 X109.323 Y108.483
G0 X110.025 Y108.357
G0 X110.971 Y108.499
G0 X111.34 Y107.946
G1 F1500 E46.14698
G1 F704.4 X107.458 Y104.064 E46.25654
G1 F1500 E39.75654
;MESH:carrucola plisse.stl
G0 F9000 X107.222 Y103.443
G0 X109.478 Y108.445
G0 X109.738 Y109.496
G0 X110.092 Y110.371
;TYPE:WALL-INNER
G1 F1500 E46.25654
G1 F704.4 X109.908 Y110.371 E46.26021
G1 X109.748 Y110.287 E46.26382
G1 X109.643 Y110.135 E46.2675
G1 X109.621 Y109.953 E46.27116
G1 X109.685 Y109.785 E46.27475
G1 X109.824 Y109.661 E46.27847
G1 X110 Y109.618 E46.28208
G1 X110.176 Y109.661 E46.2857
G1 X110.315 Y109.784 E46.2894
G1 X110.382 Y109.96 E46.29316
G1 X110.362 Y110.128 E46.29654
G1 X110.252 Y110.287 E46.30039
G1 X110.092 Y110.371 E46.304
G0 F9000 X110.19 Y110.771
;TYPE:WALL-OUTER
G1 F704.4 X109.81 Y110.771 E46.31158
G1 X109.475 Y110.595 E46.31914
G1 X109.258 Y110.281 E46.32675
G1 X109.212 Y109.903 E46.33435
G1 X109.346 Y109.55 E46.34189
G1 X109.632 Y109.297 E46.34951
G1 X110 Y109.206 E46.35707
G1 X110.368 Y109.297 E46.36464
G1 X110.654 Y109.55 E46.37226
G1 X110.791 Y109.909 E46.37992
G1 X110.747 Y110.275 E46.38728
G1 X110.525 Y110.595 E46.39505
G1 X110.19 Y110.771 E46.40261
G0 F9000 X110.085 Y110.344
G0 X110.027 Y110.023
;TYPE:SKIN
G1 F704.4 X109.882 Y109.885 E46.40874
G0 F9000 X109.828 Y109.974
G1 F1500 E39.90874
;MESH:NONMESH
G0 F300 X109.828 Y109.974 Z1.32
G0 F9000 X109.531 Y109.679
G0 X108.813 Y108.867
G0 X104.932 Y104.988
G0 X105.428 Y105.428
;TIME_ELAPSED:175.196854
;LAYER:10
;TYPE:SUPPORT-INTERFACE
G1 F1500 E46.40874
G1 F758.7 X108.744 Y108.744 E46.50232
G0 F9000 X109.093 Y111.523
G1 F758.7 X105.726 Y114.89 E46.59735
G0 F9000 X104.265 Y112.957
G1 F758.7 X112.99 Y104.233 E46.84357
G0 F9000 X114.861 Y105.756
G1 F758.7 X111.54 Y109.076 E46.93728
G0 F9000 X111.271 Y111.271
G1 F758.7 X114.571 Y114.571 E47.03041
G0 F9000 X115.945 Y112.551
G1 F758.7 X107.457 Y104.063 E47.26996
G1 F1500 E40.76996
G0 F9000 X107.221 Y103.443
G0 X108.214 Y103.074
G0 X110.059 Y102.838
G0 X110.293 Y103.535
G1 F1500 E47.26996
G1 F758.7 X103.504 Y110.324 E47.46156
G0 F9000 X103.5 Y110.288
G1 F758.7 X109.672 Y116.46 E47.63575
G0 F9000 X111.032 Y116.372
G1 F758.7 X116.395 Y111.01 E47.78709
G0 F9000 X116.482 Y109.694
G1 F758.7 X110.329 Y103.54 E47.96076
G1 F1500 E41.46076
G0 F9000 X110.409 Y102.88
G0 X111.759 Y103.056
G0 X113.363 Y103.675
G0 X114.759 Y104.638
G0 X115.812 Y105.857
G0 X116.685 Y107.424
G0 X116.121 Y107.889
G1 F1500 E47.96076
G1 F758.7 X107.905 Y116.105 E48.19263
G1 F1500 E41.69263
G0 F9000 X107.669 Y116.727
G0 X108.337 Y116.969
G0 X110.059 Y117.162
G0 X111.587 Y116.968
G0 X112.779 Y116.557
G0 X112.541 Y115.935
G1 F1500 E48.19263
G1 F758.7 X104.052 Y107.446 E48.43221
G1 F1500 E41.93221
;MESH:carrucola plisse.stl
G0 F9000 X109.531 Y109.679
G0 X110.092 Y110.371
;TYPE:WALL-INNER
G1 F1500 E48.43221
G1 F758.7 X109.908 Y110.371 E48.43588
G1 X109.749 Y110.287 E48.43947
G1 X109.643 Y110.135 E48.44317
G1 X109.621 Y109.953 E48.44683
G1 X109.685 Y109.785 E48.45041
G1 X109.824 Y109.661 E48.45413
G1 X110 Y109.618 E48.45775
G1 X110.176 Y109.661 E48.46136
G1 X110.315 Y109.785 E48.46508
G1 X110.384 Y109.965 E48.46893
G1 X110.365 Y110.122 E48.47208
G1 X110.251 Y110.287 E48.47609
G1 X110.092 Y110.371 E48.47967
G0 F9000 X110.19 Y110.771
;TYPE:WALL-OUTER
G1 F758.7 X109.81 Y110.771 E48.48726
G1 X109.475 Y110.595 E48.49481
G1 X109.258 Y110.282 E48.50241
G1 X109.212 Y109.903 E48.51003
G1 X109.346 Y109.55 E48.51756
G1 X109.632 Y109.297 E48.52518
G1 X110 Y109.206 E48.53275
G1 X110.368 Y109.297 E48.54031
G1 X110.654 Y109.55 E48.54793
G1 X110.793 Y109.915 E48.55573
G1 X110.754 Y110.238 E48.56222
G1 X110.747 Y110.274 E48.56295
G1 X110.525 Y110.595 E48.57074
G1 X110.19 Y110.771 E48.57829
G0 F9000 X110.085 Y110.344
G0 X110.14 Y110.14
;TYPE:SKIN
G1 F758.7 X109.861 Y109.861 E48.58223
G0 F9000 X109.878 Y109.882
G1 F1500 E42.08223
;MESH:NONMESH
G0 F300 X109.878 Y109.882 Z1.44
G0 F9000 X109.531 Y109.679
G0 X105.428 Y105.428
;TIME_ELAPSED:189.205805
;LAYER:11
;TYPE:SUPPORT-INTERFACE
G1 F1500 E48.58223
G1 F757.5 X108.744 Y108.744 E48.67581
G0 F9000 X109.093 Y111.523
G1 F757.5 X105.726 Y114.89 E48.77084
G0 F9000 X104.265 Y112.958
G1 F757.5 X112.989 Y104.233 E49.01706
G0 F9000 X114.861 Y105.756
G1 F757.5 X111.54 Y109.076 E49.11077
G0 F9000 X111.271 Y111.271
G1 F757.5 X114.571 Y114.571 E49.20391
G0 F9000 X115.946 Y112.552
G1 F757.5 X107.457 Y104.063 E49.44349
G1 F1500 E42.94349
G0 F9000 X107.221 Y103.443
G0 X108.225 Y103.073
G0 X110.059 Y102.838
G0 X110.293 Y103.535
G1 F1500 E49.44349
G1 F757.5 X103.504 Y110.324 E49.63509
G0 F9000 X103.5 Y110.288
G1 F757.5 X109.672 Y116.46 E49.80927
G0 F9000 X111.032 Y116.373
G1 F757.5 X116.395 Y111.01 E49.96063
G0 F9000 X116.481 Y109.693
G1 F757.5 X110.328 Y103.54 E50.13428
G1 F1500 E43.63428
G0 F9000 X110.408 Y102.88
G0 X111.758 Y103.055
G0 X113.367 Y103.678
G0 X114.757 Y104.638
G0 X115.815 Y105.862
G0 X116.686 Y107.427
G0 X116.123 Y107.888
G1 F1500 E50.13428
G1 F757.5 X107.905 Y116.105 E50.36619
G1 F1500 E43.86619
G0 F9000 X107.67 Y116.727
G0 X108.337 Y116.969
G0 X110.059 Y117.162
G0 X111.588 Y116.967
G0 X112.777 Y116.557
G0 X112.54 Y115.935
G1 F1500 E50.36619
G1 F757.5 X104.052 Y107.446 E50.60576
G1 F1500 E44.10576
;MESH:carrucola plisse.stl
G0 F9000 X109.531 Y109.679
G0 X110.092 Y110.371
;TYPE:WALL-INNER
G1 F1500 E50.60576
G1 F757.5 X109.908 Y110.371 E50.60943
G1 X109.749 Y110.287 E50.61302
G1 X109.643 Y110.135 E50.61672
G1 X109.621 Y109.953 E50.62038
G1 X109.685 Y109.785 E50.62396
G1 X109.824 Y109.661 E50.62768
G1 X110 Y109.618 E50.6313
G1 X110.176 Y109.661 E50.63491
G1 X110.315 Y109.785 E50.63863
G1 X110.385 Y109.968 E50.64254
G1 X110.367 Y110.12 E50.64559
G1 X110.251 Y110.287 E50.64965
G1 X110.092 Y110.371 E50.65324
G0 F9000 X110.19 Y110.771
;TYPE:WALL-OUTER
G1 F757.5 X109.81 Y110.771 E50.66082
G1 X109.475 Y110.595 E50.66837
G1 X109.258 Y110.282 E50.67598
G1 X109.212 Y109.903 E50.68359
G1 X109.346 Y109.55 E50.69113
G1 X109.632 Y109.297 E50.69875
G1 X110 Y109.206 E50.70631
G1 X110.368 Y109.297 E50.71388
G1 X110.654 Y109.55 E50.7215
G1 X110.794 Y109.918 E50.72936
G1 X110.761 Y110.192 E50.73486
G1 X110.746 Y110.276 E50.73657
G1 X110.525 Y110.595 E50.74431
G1 X110.19 Y110.771 E50.75186
G0 F9000 X110.085 Y110.344
G0 X110.026 Y110.024
;TYPE:SKIN
G1 F757.5 X109.882 Y109.885 E50.75798
G0 F9000 X109.828 Y109.974
G1 F1500 E44.25798
;MESH:NONMESH
G0 F300 X109.828 Y109.974 Z1.56
G0 F9000 X109.531 Y109.679
G0 X105.428 Y105.428
;TIME_ELAPSED:203.225289
;LAYER:12
;TYPE:SUPPORT-INTERFACE
G1 F1500 E50.75798
G1 F758.7 X108.744 Y108.744 E50.85157
G0 F9000 X109.093 Y111.523
G1 F758.7 X105.726 Y114.89 E50.94659
G0 F9000 X104.265 Y112.958
G1 F758.7 X112.989 Y104.233 E51.19282
G0 F9000 X114.86 Y105.757
G1 F758.7 X111.54 Y109.076 E51.2865
G0 F9000 X111.271 Y111.271
G1 F758.7 X114.571 Y114.571 E51.37963
G0 F9000 X115.946 Y112.552
G1 F758.7 X107.458 Y104.064 E51.61918
G1 F1500 E45.11918
G0 F9000 X107.222 Y103.444
G0 X108.225 Y103.074
G0 X110.058 Y102.838
G0 X110.293 Y103.535
G1 F1500 E51.61918
G1 F758.7 X103.504 Y110.324 E51.81078
G0 F9000 X103.5 Y110.288
G1 F758.7 X109.672 Y116.46 E51.98497
G0 F9000 X111.032 Y116.373
G1 F758.7 X116.394 Y111.011 E52.1363
G0 F9000 X116.482 Y109.694
G1 F758.7 X110.328 Y103.54 E52.30998
G1 F1500 E45.80998
G0 F9000 X110.408 Y102.88
G0 X111.757 Y103.055
G0 X113.359 Y103.673
G0 X114.758 Y104.638
G0 X115.811 Y105.854
G0 X116.687 Y107.429
G0 X116.123 Y107.888
G1 F1500 E52.30998
G1 F758.7 X107.905 Y116.106 E52.54191
G1 F1500 E46.04191
G0 F9000 X107.67 Y116.727
G0 X108.337 Y116.968
G0 X110.058 Y117.162
G0 X111.587 Y116.967
G0 X112.777 Y116.557
G0 X112.54 Y115.935
G1 F1500 E52.54191
G1 F758.7 X104.052 Y107.446 E52.78147
G1 F1500 E46.28147
;MESH:carrucola plisse.stl
G0 F9000 X109.531 Y109.679
G0 X110.092 Y110.371
;TYPE:WALL-INNER
G1 F1500 E52.78147
G1 F758.7 X109.908 Y110.371 E52.78514
G1 X109.749 Y110.287 E52.78873
G1 X109.643 Y110.135 E52.79243
G1 X109.621 Y109.953 E52.79609
G1 X109.685 Y109.785 E52.79968
G1 X109.824 Y109.661 E52.80339
G1 X110 Y109.618 E52.80701
G1 X110.176 Y109.661 E52.81062
G1 X110.315 Y109.785 E52.81434
G1 X110.385 Y109.967 E52.81823
G1 X110.363 Y110.126 E52.82144
G1 X110.251 Y110.287 E52.82535
G1 X110.092 Y110.371 E52.82894
G0 F9000 X110.19 Y110.771
;TYPE:WALL-OUTER
G1 F758.7 X109.81 Y110.771 E52.83652
G1 X109.475 Y110.595 E52.84407
G1 X109.258 Y110.282 E52.85167
G1 X109.212 Y109.903 E52.85929
G1 X109.346 Y109.55 E52.86683
G1 X109.632 Y109.297 E52.87445
G1 X110 Y109.206 E52.88201
G1 X110.368 Y109.297 E52.88958
G1 X110.654 Y109.55 E52.8972
G1 X110.795 Y109.92 E52.9051
G1 X110.746 Y110.276 E52.91227
G1 X110.525 Y110.595 E52.92002
G1 X110.19 Y110.771 E52.92757
G0 F9000 X110.085 Y110.344
G0 X110.141 Y110.141
;TYPE:SKIN
G1 F758.7 X109.861 Y109.861 E52.93152
G0 F9000 X109.878 Y109.882
G1 F1500 E46.43152
;MESH:NONMESH
G0 F300 X109.878 Y109.882 Z1.68
G0 F9000 X109.531 Y109.679
G0 X105.428 Y105.428
;TIME_ELAPSED:217.234026
;LAYER:13
;TYPE:SUPPORT-INTERFACE
G1 F1500 E52.93152
G1 F757.4 X108.744 Y108.744 E53.0251
G0 F9000 X109.093 Y111.523
G1 F757.4 X105.726 Y114.89 E53.12013
G0 F9000 X104.265 Y112.957
G1 F757.4 X112.989 Y104.233 E53.36634
G0 F9000 X114.86 Y105.757
G1 F757.4 X111.54 Y109.076 E53.46002
G0 F9000 X111.271 Y111.271
G1 F757.4 X114.571 Y114.571 E53.55315
G0 F9000 X115.946 Y112.552
G1 F757.4 X107.459 Y104.064 E53.79269
G1 F1500 E47.29269
G0 F9000 X107.223 Y103.443
G0 X108.219 Y103.074
G0 X110.056 Y102.838
G0 X110.293 Y103.535
G1 F1500 E53.79269
G1 F757.4 X103.504 Y110.324 E53.98429
G0 F9000 X103.5 Y110.288
G1 F757.4 X109.671 Y116.459 E54.15845
G0 F9000 X111.032 Y116.373
G1 F757.4 X116.394 Y111.011 E54.30978
G0 F9000 X116.48 Y109.692
G1 F757.4 X110.328 Y103.54 E54.4834
G1 F1500 E47.9834
G0 F9000 X110.407 Y102.88
G0 X111.756 Y103.055
G0 X113.367 Y103.678
G0 X114.791 Y104.675
G0 X115.818 Y105.863
G0 X116.683 Y107.422
G0 X116.123 Y107.888
G1 F1500 E54.4834
G1 F757.4 X107.905 Y116.105 E54.71531
G1 F1500 E48.21531
G0 F9000 X107.669 Y116.727
G0 X108.33 Y116.967
G0 X110.056 Y117.162
G0 X111.586 Y116.967
G0 X112.777 Y116.557
G0 X112.54 Y115.935
G1 F1500 E54.71531
G1 F757.4 X104.052 Y107.446 E54.95488
G1 F1500 E48.45488
;MESH:carrucola plisse.stl
G0 F9000 X109.531 Y109.679
G0 X110.092 Y110.371
;TYPE:WALL-INNER
G1 F1500 E54.95488
G1 F757.4 X109.908 Y110.371 E54.95855
G1 X109.749 Y110.287 E54.96214
G1 X109.643 Y110.135 E54.96584
G1 X109.621 Y109.953 E54.9695
G1 X109.685 Y109.785 E54.97308
G1 X109.824 Y109.661 E54.9768
G1 X110 Y109.618 E54.98042
G1 X110.176 Y109.661 E54.98403
G1 X110.315 Y109.785 E54.98775
G1 X110.385 Y109.967 E54.99164
G1 X110.363 Y110.126 E54.99484
G1 X110.251 Y110.287 E54.99876
G1 X110.092 Y110.371 E55.00235
G0 F9000 X110.19 Y110.771
;TYPE:WALL-OUTER
G1 F757.4 X109.81 Y110.771 E55.00993
G1 X109.475 Y110.595 E55.01748
G1 X109.258 Y110.282 E55.02508
G1 X109.212 Y109.903 E55.0327
G1 X109.346 Y109.55 E55.04023
G1 X109.632 Y109.297 E55.04786
G1 X110 Y109.206 E55.05542
G1 X110.368 Y109.297 E55.06299
G1 X110.654 Y109.55 E55.07061
G1 X110.795 Y109.92 E55.07851
G1 X110.746 Y110.276 E55.08568
G1 X110.525 Y110.595 E55.09342
G1 X110.19 Y110.771 E55.10097
G0 F9000 X110.085 Y110.344
G0 X110.026 Y110.024
;TYPE:SKIN
G1 F757.4 X109.882 Y109.885 E55.1071
G0 F9000 X109.828 Y109.974
G1 F1500 E48.6071
;MESH:NONMESH
G0 F300 X109.828 Y109.974 Z1.8
G0 F9000 X109.531 Y109.679
G0 X105.428 Y105.428
;TIME_ELAPSED:231.253382
;LAYER:14
;TYPE:SUPPORT-INTERFACE
G1 F1500 E55.1071
G1 F758.7 X108.744 Y108.744 E55.20068
G0 F9000 X109.093 Y111.523
G1 F758.7 X105.726 Y114.89 E55.2957
G0 F9000 X104.265 Y112.957
G1 F758.7 X112.989 Y104.233 E55.54191
G0 F9000 X114.86 Y105.757
G1 F758.7 X111.54 Y109.076 E55.6356
G0 F9000 X111.271 Y111.271
G1 F758.7 X114.571 Y114.571 E55.72873
G0 F9000 X115.946 Y112.552
G1 F758.7 X107.458 Y104.064 E55.96828
G1 F1500 E49.46828
G0 F9000 X107.222 Y103.444
G0 X108.216 Y103.075
G0 X110.054 Y102.838
G0 X110.293 Y103.535
G1 F1500 E55.96828
G1 F758.7 X103.504 Y110.324 E56.15988
G0 F9000 X103.5 Y110.288
G1 F758.7 X109.67 Y116.459 E56.33403
G0 F9000 X111.032 Y116.373
G1 F758.7 X116.394 Y111.011 E56.48535
G0 F9000 X116.48 Y109.692
G1 F758.7 X110.329 Y103.54 E56.65896
G1 F1500 E50.15896
G0 F9000 X110.408 Y102.88
G0 X111.763 Y103.057
G0 X113.365 Y103.677
G0 X114.791 Y104.675
G0 X115.816 Y105.857
G0 X116.683 Y107.421
G0 X116.123 Y107.888
G1 F1500 E56.65896
G1 F758.7 X107.905 Y116.105 E56.89088
G1 F1500 E50.39088
G0 F9000 X107.669 Y116.727
G0 X108.327 Y116.966
G0 X110.054 Y117.162
G0 X111.592 Y116.965
G0 X112.777 Y116.557
G0 X112.54 Y115.935
G1 F1500 E56.89088
G1 F758.7 X104.052 Y107.446 E57.13044
G1 F1500 E50.63044
;MESH:carrucola plisse.stl
G0 F9000 X109.531 Y109.679
G0 X110.092 Y110.371
;TYPE:WALL-INNER
G1 F1500 E57.13044
G1 F758.7 X109.908 Y110.371 E57.13411
G1 X109.749 Y110.287 E57.1377
G1 X109.643 Y110.135 E57.1414
G1 X109.621 Y109.953 E57.14506
G1 X109.685 Y109.785 E57.14865
G1 X109.824 Y109.661 E57.15236
G1 X110 Y109.618 E57.15598
G1 X110.176 Y109.661 E57.15959
G1 X110.315 Y109.785 E57.16331
G1 X110.385 Y109.967 E57.1672
G1 X110.363 Y110.126 E57.17041
G1 X110.251 Y110.287 E57.17432
G1 X110.092 Y110.371 E57.17791
G0 F9000 X110.19 Y110.771
;TYPE:WALL-OUTER
G1 F758.7 X109.81 Y110.771 E57.18549
G1 X109.475 Y110.595 E57.19304
G1 X109.258 Y110.282 E57.20064
G1 X109.212 Y109.903 E57.20826
G1 X109.346 Y109.55 E57.2158
G1 X109.632 Y109.297 E57.22342
G1 X110 Y109.206 E57.23098
G1 X110.368 Y109.297 E57.23855
G1 X110.654 Y109.55 E57.24617
G1 X110.795 Y109.92 E57.25407
G1 X110.746 Y110.276 E57.26124
G1 X110.525 Y110.595 E57.26899
G1 X110.19 Y110.771 E57.27654
G0 F9000 X110.085 Y110.344
G0 X110.141 Y110.141
;TYPE:SKIN
G1 F758.7 X109.861 Y109.861 E57.28049
G0 F9000 X109.878 Y109.882
;MESH:NONMESH
G0 F300 X109.878 Y109.882 Z1.92
G0 F9000 X110.092 Y110.371
;TIME_ELAPSED:244.800543
;LAYER:15
;TYPE:WALL-INNER
;MESH:carrucola plisse.stl
G1 F600 X109.908 Y110.371 E57.28416
G1 X109.749 Y110.287 E57.28775
G1 X109.643 Y110.135 E57.29145
G1 X109.621 Y109.953 E57.29511
G1 X109.685 Y109.785 E57.29869
G1 X109.824 Y109.661 E57.30241
G1 X110 Y109.618 E57.30603
G1 X110.176 Y109.661 E57.30964
G1 X110.315 Y109.785 E57.31336
G1 X110.393 Y109.988 E57.3177
G1 X110.369 Y110.117 E57.32032
G1 X110.251 Y110.287 E57.32445
G1 X110.092 Y110.371 E57.32804
G0 F9000 X110.19 Y110.771
;TYPE:WALL-OUTER
G1 F600 X109.81 Y110.771 E57.33562
G1 X109.475 Y110.595 E57.34317
G1 X109.258 Y110.282 E57.35077
G1 X109.212 Y109.903 E57.35839
G1 X109.346 Y109.55 E57.36592
G1 X109.632 Y109.297 E57.37355
G1 X110 Y109.206 E57.38111
G1 X110.368 Y109.297 E57.38868
G1 X110.654 Y109.55 E57.3963
G1 X110.795 Y109.92 E57.4042
G1 X110.795 Y110.012 E57.40603
G1 X110.746 Y110.276 E57.41139
G1 X110.525 Y110.595 E57.41914
G1 X110.19 Y110.771 E57.42669
G0 F9000 X110.085 Y110.344
G0 X110.026 Y110.024
;TYPE:SKIN
G1 F600 X109.882 Y109.885 E57.43281
G0 F9000 X109.828 Y109.974
;MESH:NONMESH
G0 F300 X109.828 Y109.974 Z2.04
G0 F9000 X110.092 Y110.371
;TIME_ELAPSED:245.796648
;LAYER:16
;TYPE:WALL-INNER
;MESH:carrucola plisse.stl
G1 F600 X109.908 Y110.371 E57.43648
G1 X109.749 Y110.287 E57.44007
G1 X109.643 Y110.135 E57.44377
G1 X109.621 Y109.953 E57.44743
G1 X109.685 Y109.785 E57.45101
G1 X109.824 Y109.661 E57.45473
G1 X110 Y109.618 E57.45835
G1 X110.176 Y109.661 E57.46196
G1 X110.315 Y109.785 E57.46568
G1 X110.392 Y109.985 E57.46996
G1 X110.367 Y110.12 E57.4727
G1 X110.251 Y110.287 E57.47675
G1 X110.092 Y110.371 E57.48034
G0 F9000 X110.19 Y110.771
;TYPE:WALL-OUTER
G1 F600 X109.81 Y110.771 E57.48793
G1 X109.475 Y110.595 E57.49548
G1 X109.258 Y110.282 E57.50308
G1 X109.212 Y109.903 E57.5107
G1 X109.346 Y109.55 E57.51823
G1 X109.632 Y109.297 E57.52585
G1 X110 Y109.206 E57.53342
G1 X110.368 Y109.297 E57.54098
G1 X110.654 Y109.55 E57.5486
G1 X110.795 Y109.92 E57.5565
G1 X110.799 Y109.985 E57.5578
G1 X110.746 Y110.276 E57.56371
G1 X110.525 Y110.595 E57.57145
G1 X110.19 Y110.771 E57.579
G0 F9000 X110.085 Y110.344
G0 X110.139 Y110.139
;TYPE:SKIN
G1 F600 X109.861 Y109.861 E57.58292
G0 F9000 X109.878 Y109.882
G1 F1500 E51.08292
;MESH:NONMESH
G0 F300 X109.878 Y109.882 Z2.16
G0 F9000 X110 Y110.551
G0 X110 Y111.636
G0 X110 Y115.492
;TIME_ELAPSED:247.250886
;LAYER:17
;TYPE:WALL-INNER
;MESH:carrucola plisse.stl
G1 F1500 E57.58292
G1 X108.685 Y115.333 E57.60936
G1 X107.447 Y114.863 E57.63578
G1 X106.356 Y114.11 E57.66224
G1 X105.479 Y113.12 E57.68863
G1 X104.862 Y111.945 E57.71512
G1 X104.546 Y110.656 E57.7416
G1 X104.546 Y109.339 E57.76788
G1 X104.862 Y108.055 E57.79427
G1 X105.479 Y106.88 E57.82076
G1 X106.356 Y105.89 E57.84715
G1 X107.447 Y105.137 E57.8736
G1 X108.685 Y104.667 E57.90003
G1 X110 Y104.508 E57.92646
G1 X111.314 Y104.667 E57.95288
G1 X112.553 Y105.137 E57.97932
G1 X113.644 Y105.89 E58.00578
G1 X114.52 Y106.879 E58.03214
G1 X115.137 Y108.055 E58.05864
G1 X115.46 Y109.371 E58.08569
G1 X115.498 Y110.004 E58.09834
G1 X115.459 Y110.635 E58.11096
G1 X115.137 Y111.945 E58.13788
G1 X114.52 Y113.121 E58.16438
G1 X113.644 Y114.11 E58.19075
G1 X112.553 Y114.863 E58.2172
G1 X111.314 Y115.333 E58.24365
G1 X110 Y115.492 E58.27006
G0 F9000 X110 Y115.895
G1 F1500 X108.588 Y115.724 E58.29844
G1 X107.261 Y115.22 E58.32677
G1 X106.09 Y114.412 E58.35516
G1 X106.058 Y114.375 E58.35614
G1 X105.147 Y113.348 E58.38353
G1 X104.486 Y112.089 E58.41191
G1 X104.475 Y112.041 E58.41289
G1 X104.159 Y110.752 E58.43938
G1 X104.146 Y110.702 E58.44041
G1 X104.146 Y109.292 E58.46855
G1 X104.486 Y107.911 E58.49693
G1 X105.147 Y106.652 E58.52531
G1 X106.057 Y105.626 E58.55268
G1 X106.09 Y105.588 E58.55368
G1 X106.129 Y105.562 E58.55462
G1 X107.261 Y104.78 E58.58207
G1 X108.588 Y104.276 E58.6104
G1 X110 Y104.105 E58.63878
G1 X111.411 Y104.276 E58.66715
G1 X112.739 Y104.78 E58.69549
G1 X113.91 Y105.588 E58.72388
G1 X114.818 Y106.614 E58.75123
G1 X114.852 Y106.652 E58.75224
G1 X115.513 Y107.911 E58.78062
G1 X115.524 Y107.959 E58.7816
G1 X115.857 Y109.312 E58.80941
G1 X115.899 Y110.005 E58.82326
G1 X115.856 Y110.695 E58.83706
G1 X115.513 Y112.089 E58.86571
G1 X114.852 Y113.348 E58.89409
G1 X114.819 Y113.385 E58.89508
G1 X113.91 Y114.412 E58.92245
G1 X113.871 Y114.438 E58.92338
G1 X112.739 Y115.22 E58.95084
G1 X111.411 Y115.724 E58.97918
G1 X110 Y115.895 E59.00755
G0 F9000 X110 Y116.298
;TYPE:WALL-OUTER
G1 F1500 X108.491 Y116.115 E59.03788
G1 X107.075 Y115.577 E59.06811
G1 X105.824 Y114.714 E59.09844
G1 X104.815 Y113.576 E59.12879
G1 X104.11 Y112.233 E59.15906
G1 X103.746 Y110.748 E59.18957
G1 X103.746 Y109.245 E59.21957
G1 X104.11 Y107.767 E59.24994
G1 X104.815 Y106.424 E59.28021
G1 X105.824 Y105.286 E59.31056
G1 X107.075 Y104.423 E59.34089
G1 X108.491 Y103.885 E59.37112
G1 X110 Y103.702 E59.40146
G1 X111.508 Y103.885 E59.43177
G1 X112.925 Y104.423 E59.46202
G1 X114.176 Y105.286 E59.49235
G1 X115.184 Y106.424 E59.52268
G1 X115.889 Y107.767 E59.55295
G1 X116.254 Y109.253 E59.58349
G1 X116.299 Y110.005 E59.59852
G1 X116.253 Y110.755 E59.61352
G1 X115.889 Y112.233 E59.6439
G1 X115.184 Y113.576 E59.67416
G1 X114.176 Y114.714 E59.7045
G1 X112.925 Y115.577 E59.73483
G1 X111.508 Y116.115 E59.76508
G1 X110 Y116.298 E59.79539
G0 F9000 X110 Y115.858
G0 X110 Y115.098
;TYPE:SKIN
G1 F1500 X108.779 Y114.951 E59.81994
G1 X107.629 Y114.514 E59.84449
G1 X106.617 Y113.816 E59.86902
G1 X105.801 Y112.895 E59.89358
G1 X105.23 Y111.808 E59.91808
G1 X104.936 Y110.607 E59.94275
G1 X104.936 Y109.388 E59.96708
G1 X105.23 Y108.192 E59.99166
G1 X105.801 Y107.105 E60.01616
G1 X106.617 Y106.184 E60.04072
G1 X107.629 Y105.486 E60.06525
G1 X108.779 Y105.049 E60.0898
G1 X110 Y104.902 E60.11434
G1 X111.222 Y105.049 E60.13891
G1 X112.37 Y105.485 E60.16341
G1 X113.383 Y106.184 E60.18797
G1 X114.198 Y107.104 E60.2125
G1 X114.769 Y108.192 E60.23702
G1 X115.072 Y109.427 E60.2624
G1 X115.106 Y110.003 E60.27391
G1 X115.071 Y110.579 E60.28543
G1 X114.769 Y111.808 E60.31068
G1 X114.198 Y112.896 E60.3352
G1 X113.383 Y113.816 E60.35973
G1 X112.37 Y114.515 E60.38429
G1 X111.222 Y114.951 E60.4088
G1 X110 Y115.098 E60.43336
G0 F9000 X109.966 Y115.377
G0 X111.272 Y115.166
G0 X112.243 Y114.799
G0 X113.104 Y114.348
G0 X112.854 Y113.984
G1 F1500 X114.096 Y112.743 E60.4684
G0 F9000 X114.486 Y112.948
G0 X115.075 Y111.73
G0 X114.648 Y111.625
G1 F1500 X111.661 Y114.612 E60.5527
G0 F9000 X110.877 Y114.83
G1 F1500 X114.832 Y110.875 E60.66432
G0 F9000 X114.931 Y110.211
G1 F1500 X110.235 Y114.906 E60.79683
G0 F9000 X109.68 Y114.897
G1 F1500 X114.923 Y109.653 E60.94482
G0 F9000 X114.843 Y109.168
G1 F1500 X109.174 Y114.836 E61.10479
G0 F9000 X108.696 Y114.749
G1 F1500 X114.731 Y108.714 E61.27512
G0 F9000 X114.62 Y108.259
G1 F1500 X108.287 Y114.593 E61.45386
G0 F9000 X107.877 Y114.436
G1 F1500 X114.427 Y107.886 E61.63872
G0 F9000 X114.232 Y107.516
G1 F1500 X107.511 Y114.237 E61.8284
G0 F9000 X107.176 Y114.006
G1 F1500 X114.028 Y107.154 E62.02178
G0 F9000 X113.762 Y106.855
G1 F1500 X106.841 Y113.776 E62.2171
G0 F9000 X106.551 Y113.499
G1 F1500 X113.496 Y106.555 E62.41309
G0 F9000 X113.219 Y106.266
G1 F1500 X106.285 Y113.2 E62.60878
G0 F9000 X106.02 Y112.899
G1 F1500 X112.885 Y106.034 E62.80253
G0 F9000 X112.55 Y105.804
G1 F1500 X105.802 Y112.552 E62.99297
G0 F9000 X105.607 Y112.181
G1 F1500 X112.198 Y105.59 E63.17898
G0 F9000 X111.787 Y105.435
G1 F1500 X105.412 Y111.81 E63.3589
G0 F9000 X105.287 Y111.37
G1 F1500 X111.377 Y105.279 E63.53079
G0 F9000 X110.918 Y105.173
G1 F1500 X105.176 Y110.915 E63.69284
G0 F9000 X105.095 Y110.43
G1 F1500 X110.412 Y105.113 E63.84289
G0 F9000 X109.882 Y105.077
G1 F1500 X105.095 Y109.864 E63.97799
G0 F9000 X105.131 Y109.263
G1 F1500 X109.239 Y105.155 E64.09393
G0 F9000 X108.505 Y105.323
G1 F1500 X105.315 Y108.513 E64.18396
G0 F9000 X104.889 Y108.408
G0 X105.398 Y107.273
G0 X105.786 Y107.477
G1 F1500 X107.481 Y105.781 E64.23181
G0 F9000 X107.062 Y105.172
;MESH:NONMESH
G0 F300 X107.062 Y105.172 Z2.28
G0 F9000 X105.622 Y106.976
G0 X105.023 Y108.117
G0 X104.717 Y109.361
G0 X104.717 Y110.634
G0 X105.023 Y111.883
G0 X105.622 Y113.024
G0 X106.469 Y113.98
G0 X107.528 Y114.711
G0 X108.5 Y115.079
G0 X110 Y115.492
;TIME_ELAPSED:263.946639
;LAYER:18
;TYPE:WALL-INNER
;MESH:carrucola plisse.stl
G1 F1500 X108.685 Y115.333 E64.25824
G1 X107.447 Y114.863 E64.28467
G1 X106.356 Y114.11 E64.31112
G1 X105.479 Y113.12 E64.33752
G1 X104.862 Y111.945 E64.364
G1 X104.544 Y110.654 E64.39054
G1 X104.543 Y109.355 E64.41646
G1 X104.862 Y108.055 E64.44317
G1 X105.479 Y106.88 E64.46966
G1 X106.356 Y105.89 E64.49605
G1 X107.447 Y105.137 E64.5225
G1 X108.685 Y104.667 E64.54893
G1 X110 Y104.508 E64.57536
G1 X111.314 Y104.667 E64.60178
G1 X112.553 Y105.137 E64.62822
G1 X113.644 Y105.89 E64.65468
G1 X114.52 Y106.879 E64.68104
G1 X115.137 Y108.055 E64.70754
G1 X115.459 Y109.364 E64.73444
G1 X115.499 Y110.011 E64.74738
G1 X115.461 Y110.627 E64.7597
G1 X115.137 Y111.945 E64.78678
G1 X114.52 Y113.121 E64.81328
G1 X113.644 Y114.11 E64.83965
G1 X112.553 Y114.863 E64.8661
G1 X111.314 Y115.333 E64.89255
G1 X110 Y115.492 E64.91896
G0 F9000 X110 Y115.895
G1 F1500 X108.588 Y115.724 E64.94735
G1 X107.261 Y115.22 E64.97567
G1 X106.09 Y114.412 E65.00407
G1 X106.058 Y114.375 E65.00504
G1 X105.147 Y113.348 E65.03244
G1 X104.486 Y112.089 E65.06082
G1 X104.475 Y112.041 E65.0618
G1 X104.157 Y110.75 E65.08833
G1 X104.144 Y110.701 E65.08934
G1 X104.143 Y109.309 E65.11712
G1 X104.486 Y107.911 E65.14585
G1 X105.147 Y106.652 E65.17422
G1 X106.057 Y105.626 E65.20159
G1 X106.09 Y105.588 E65.2026
G1 X106.129 Y105.562 E65.20353
G1 X107.261 Y104.78 E65.23099
G1 X108.588 Y104.276 E65.25932
G1 X110 Y104.105 E65.2877
G1 X111.411 Y104.276 E65.31606
G1 X112.739 Y104.78 E65.34441
G1 X113.91 Y105.588 E65.3728
G1 X114.818 Y106.614 E65.40014
G1 X114.852 Y106.652 E65.40116
G1 X115.513 Y107.911 E65.42954
G1 X115.524 Y107.959 E65.43052
G1 X115.856 Y109.304 E65.45817
G1 X115.897 Y109.986 E65.4718
G1 X115.899 Y110.011 E65.4723
G1 X115.858 Y110.687 E65.48582
G1 X115.513 Y112.089 E65.51463
G1 X114.852 Y113.348 E65.54301
G1 X114.819 Y113.385 E65.544
G1 X113.91 Y114.412 E65.57137
G1 X113.871 Y114.438 E65.5723
G1 X112.739 Y115.22 E65.59976
G1 X111.411 Y115.724 E65.62811
G1 X110 Y115.895 E65.65647
G0 F9000 X110 Y116.298
;TYPE:WALL-OUTER
G1 F1500 X108.491 Y116.115 E65.6868
G1 X107.075 Y115.577 E65.71703
G1 X105.824 Y114.714 E65.74736
G1 X104.815 Y113.576 E65.77771
G1 X104.11 Y112.233 E65.80798
G1 X103.746 Y110.756 E65.83834
G1 X103.744 Y110.719 E65.83908
G1 X103.743 Y109.263 E65.86813
G1 X104.11 Y107.767 E65.89887
G1 X104.815 Y106.424 E65.92914
G1 X105.824 Y105.286 E65.95949
G1 X107.075 Y104.423 E65.98982
G1 X108.491 Y103.885 E66.02005
G1 X110 Y103.702 E66.05039
G1 X111.508 Y103.885 E66.0807
G1 X112.925 Y104.423 E66.11095
G1 X114.176 Y105.286 E66.14128
G1 X115.184 Y106.424 E66.17162
G1 X115.889 Y107.767 E66.20188
G1 X116.253 Y109.244 E66.23224
G1 X116.299 Y110.011 E66.24758
G1 X116.255 Y110.747 E66.26229
G1 X115.889 Y112.233 E66.29283
G1 X115.184 Y113.576 E66.3231
G1 X114.176 Y114.714 E66.35344
G1 X112.925 Y115.577 E66.38377
G1 X111.508 Y116.115 E66.41401
G1 X110 Y116.298 E66.44433
G0 F9000 X110 Y115.858
G0 X110 Y115.098
;TYPE:SKIN
G1 F1500 X108.779 Y114.951 E66.46887
G1 X107.629 Y114.514 E66.49342
G1 X106.617 Y113.816 E66.51795
G1 X105.801 Y112.895 E66.54251
G1 X105.228 Y111.804 E66.5671
G1 X104.934 Y110.609 E66.59166
G1 X104.933 Y109.403 E66.61573
G1 X105.23 Y108.192 E66.64061
G1 X105.801 Y107.105 E66.66511
G1 X106.617 Y106.184 E66.68967
G1 X107.629 Y105.486 E66.7142
G1 X108.779 Y105.049 E66.73875
G1 X110 Y104.902 E66.7633
G1 X111.222 Y105.049 E66.78786
G1 X112.37 Y105.485 E66.81236
G1 X113.383 Y106.184 E66.83693
G1 X114.198 Y107.104 E66.86145
G1 X114.769 Y108.192 E66.88597
G1 X115.071 Y109.421 E66.91123
G1 X115.107 Y110.011 E66.92303
G1 X115.073 Y110.571 E66.93422
G1 X114.769 Y111.808 E66.95964
G1 X114.198 Y112.896 E66.98416
G1 X113.383 Y113.816 E67.00869
G1 X112.37 Y114.515 E67.03325
G1 X111.222 Y114.951 E67.05776
G1 X110 Y115.098 E67.08232
G0 F9000 X109.966 Y115.377
G0 X108.728 Y115.166
G0 X108.048 Y114.909
G0 X107.059 Y114.46
G0 X107.309 Y114.098
G1 F1500 X105.843 Y112.631 E67.12371
G0 F9000 X105.454 Y112.834
G0 X104.905 Y111.656
G0 X105.33 Y111.553
G1 F1500 X108.42 Y114.643 E67.21091
G0 F9000 X109.18 Y114.836
G1 F1500 X105.146 Y110.802 E67.32476
G0 F9000 X105.093 Y110.184
G1 F1500 X109.822 Y114.914 E67.45824
G0 F9000 X110.365 Y114.89
G1 F1500 X105.093 Y109.618 E67.60703
G0 F9000 X105.165 Y109.124
G1 F1500 X110.87 Y114.83 E67.76805
G0 F9000 X111.339 Y114.733
G1 F1500 X105.276 Y108.67 E67.93916
G0 F9000 X105.393 Y108.221
G1 F1500 X111.749 Y114.578 E68.11855
G0 F9000 X112.159 Y114.422
G1 F1500 X105.588 Y107.851 E68.304
G0 F9000 X105.783 Y107.48
G1 F1500 X112.519 Y114.216 E68.49411
G0 F9000 X112.853 Y113.984
G1 F1500 X105.995 Y107.126 E68.68765
G0 F9000 X106.261 Y106.826
G1 F1500 X113.187 Y113.753 E68.88313
G0 F9000 X113.472 Y113.472
G1 F1500 X106.526 Y106.526 E69.07916
G0 F9000 X106.811 Y106.245
G1 F1500 X113.738 Y113.172 E69.27466
G0 F9000 X114.003 Y112.872
G1 F1500 X107.145 Y106.014 E69.46821
G0 F9000 X107.48 Y105.783
G1 F1500 X114.215 Y112.518 E69.65828
G0 F9000 X114.41 Y112.147
G1 F1500 X107.839 Y105.576 E69.84373
G0 F9000 X108.249 Y105.421
G1 F1500 X114.605 Y111.776 E70.0231
G0 F9000 X114.722 Y111.328
G1 F1500 X108.659 Y105.265 E70.19421
G0 F9000 X109.128 Y105.168
G1 F1500 X114.834 Y110.874 E70.35524
G0 F9000 X114.922 Y110.397
G1 F1500 X109.634 Y105.108 E70.5045
G0 F9000 X110.176 Y105.085
G1 F1500 X114.935 Y109.844 E70.63881
G0 F9000 X114.85 Y109.193
G1 F1500 X110.819 Y105.163 E70.75256
G0 F9000 X111.578 Y105.356
G1 F1500 X114.666 Y108.444 E70.83971
G0 F9000 X115.094 Y108.34
G0 X114.544 Y107.163
G0 X114.154 Y107.366
G1 F1500 X112.688 Y105.9 E70.88108
G0 F9000 X113.11 Y105.291
;MESH:NONMESH
G0 F300 X113.11 Y105.291 Z2.4
G0 F9000 X114.377 Y106.975
G0 X114.976 Y108.117
G0 X115.289 Y109.388
G0 X115.291 Y110.603
G0 X114.976 Y111.883
G0 X114.377 Y113.025
G0 X113.531 Y113.98
G0 X112.471 Y114.712
G0 X111.5 Y115.079
G0 X110 Y115.492
;TIME_ELAPSED:280.336604
;LAYER:19
;TYPE:WALL-INNER
;MESH:carrucola plisse.stl
G1 F1500 X108.685 Y115.333 E70.90751
G1 X107.447 Y114.863 E70.93394
G1 X106.356 Y114.11 E70.96039
G1 X105.479 Y113.12 E70.98679
G1 X104.862 Y111.945 E71.01327
G1 X104.543 Y110.65 E71.03989
G1 X104.543 Y109.356 E71.06571
G1 X104.862 Y108.055 E71.09244
G1 X105.479 Y106.88 E71.11893
G1 X106.356 Y105.89 E71.14532
G1 X107.447 Y105.137 E71.17177
G1 X108.685 Y104.667 E71.1982
G1 X110 Y104.508 E71.22463
G1 X111.314 Y104.667 E71.25105
G1 X112.553 Y105.137 E71.27749
G1 X113.644 Y105.89 E71.30395
G1 X114.52 Y106.879 E71.33031
G1 X115.137 Y108.054 E71.3568
G1 X115.46 Y109.37 E71.38384
G1 X115.498 Y110.013 E71.39669
G1 X115.459 Y110.636 E71.40915
G1 X115.137 Y111.945 E71.43605
G1 X114.52 Y113.121 E71.46255
G1 X113.644 Y114.11 E71.48892
G1 X112.553 Y114.863 E71.51537
G1 X111.314 Y115.333 E71.54182
G1 X110 Y115.492 E71.56823
G0 F9000 X110 Y115.895
G1 F1500 X108.588 Y115.724 E71.59661
G1 X107.261 Y115.22 E71.62494
G1 X106.09 Y114.412 E71.65333
G1 X106.058 Y114.375 E71.65431
G1 X105.147 Y113.348 E71.68171
G1 X104.486 Y112.089 E71.71008
G1 X104.475 Y112.041 E71.71107
G1 X104.156 Y110.746 E71.73768
G1 X104.143 Y110.697 E71.73869
G1 X104.143 Y109.31 E71.76637
G1 X104.486 Y107.911 E71.79512
G1 X105.147 Y106.652 E71.82349
G1 X106.057 Y105.626 E71.85086
G1 X106.09 Y105.588 E71.85187
G1 X106.129 Y105.562 E71.8528
G1 X107.261 Y104.78 E71.88026
G1 X108.588 Y104.276 E71.90859
G1 X110 Y104.105 E71.93697
G1 X111.411 Y104.276 E71.96533
G1 X112.739 Y104.78 E71.99368
G1 X113.91 Y105.588 E72.02207
G1 X114.818 Y106.614 E72.04941
G1 X114.852 Y106.652 E72.05043
G1 X115.513 Y107.911 E72.07881
G1 X115.524 Y107.958 E72.07977
G1 X115.857 Y109.31 E72.10756
G1 X115.899 Y110.014 E72.12163
G1 X115.856 Y110.696 E72.13527
G1 X115.513 Y112.089 E72.1639
G1 X114.852 Y113.348 E72.19228
G1 X114.819 Y113.385 E72.19327
G1 X113.91 Y114.412 E72.22064
G1 X113.871 Y114.438 E72.22157
G1 X112.739 Y115.22 E72.24903
G1 X111.411 Y115.724 E72.27737
G1 X110 Y115.895 E72.30574
G0 F9000 X110 Y116.298
;TYPE:WALL-OUTER
G1 F1500 X108.491 Y116.115 E72.33607
G1 X107.075 Y115.577 E72.3663
G1 X105.824 Y114.714 E72.39663
G1 X104.815 Y113.576 E72.42698
G1 X104.11 Y112.233 E72.45725
G1 X103.746 Y110.756 E72.48761
G1 X103.743 Y110.701 E72.48871
G1 X103.743 Y109.264 E72.51738
G1 X104.11 Y107.767 E72.54814
G1 X104.815 Y106.424 E72.57841
G1 X105.824 Y105.286 E72.60876
G1 X107.075 Y104.423 E72.63909
G1 X108.491 Y103.885 E72.66932
G1 X110 Y103.702 E72.69965
G1 X111.508 Y103.885 E72.72997
G1 X112.925 Y104.423 E72.76022
G1 X114.176 Y105.286 E72.79055
G1 X115.184 Y106.424 E72.82088
G1 X115.889 Y107.767 E72.85115
G1 X116.254 Y109.25 E72.88163
G1 X116.299 Y110.016 E72.89694
G1 X116.253 Y110.756 E72.91174
G1 X115.889 Y112.233 E72.9421
G1 X115.184 Y113.576 E72.97237
G1 X114.176 Y114.714 E73.0027
G1 X112.925 Y115.577 E73.03303
G1 X111.508 Y116.115 E73.06328
G1 X110 Y116.298 E73.09359
G0 F9000 X110 Y115.858
G0 X110 Y115.098
;TYPE:SKIN
G1 F1500 X108.779 Y114.951 E73.11814
G1 X107.629 Y114.514 E73.14269
G1 X106.617 Y113.816 E73.16722
G1 X105.801 Y112.895 E73.19178
G1 X105.228 Y111.804 E73.21637
G1 X104.933 Y110.605 E73.24101
G1 X104.933 Y109.405 E73.26496
G1 X105.23 Y108.192 E73.28988
G1 X105.801 Y107.105 E73.31438
G1 X106.617 Y106.184 E73.33894
G1 X107.629 Y105.486 E73.36347
G1 X108.779 Y105.049 E73.38802
G1 X110 Y104.902 E73.41256
G1 X111.222 Y105.049 E73.43713
G1 X112.37 Y105.485 E73.46163
G1 X113.383 Y106.184 E73.48619
G1 X114.198 Y107.104 E73.51072
G1 X114.769 Y108.191 E73.53522
G1 X115.072 Y109.425 E73.56058
G1 X115.106 Y110.012 E73.57232
G1 X115.071 Y110.579 E73.58365
G1 X114.769 Y111.808 E73.60891
G1 X114.198 Y112.896 E73.63343
G1 X113.383 Y113.816 E73.65796
G1 X112.37 Y114.515 E73.68252
G1 X111.222 Y114.951 E73.70702
G1 X110 Y115.098 E73.73158
G0 F9000 X109.966 Y115.377
G0 X111.272 Y115.166
G0 X112.243 Y114.799
G0 X113.104 Y114.348
G0 X112.854 Y113.984
G1 F1500 X114.096 Y112.743 E73.76662
G0 F9000 X114.486 Y112.948
G0 X115.076 Y111.73
G0 X114.648 Y111.625
G1 F1500 X111.661 Y114.612 E73.85092
G0 F9000 X110.877 Y114.83
G1 F1500 X114.832 Y110.875 E73.96254
G0 F9000 X114.931 Y110.211
G1 F1500 X110.235 Y114.906 E74.09506
G0 F9000 X109.68 Y114.897
G1 F1500 X114.923 Y109.653 E74.24304
G0 F9000 X114.843 Y109.168
G1 F1500 X109.174 Y114.836 E74.40302
G0 F9000 X108.696 Y114.749
G1 F1500 X114.732 Y108.713 E74.57337
G0 F9000 X114.62 Y108.259
G1 F1500 X108.287 Y114.593 E74.75211
G0 F9000 X107.877 Y114.436
G1 F1500 X114.427 Y107.886 E74.93697
G0 F9000 X114.233 Y107.515
G1 F1500 X107.511 Y114.237 E75.12668
G0 F9000 X107.176 Y114.006
G1 F1500 X114.028 Y107.154 E75.32006
G0 F9000 X113.762 Y106.855
G1 F1500 X106.841 Y113.776 E75.51538
G0 F9000 X106.551 Y113.499
G1 F1500 X113.496 Y106.555 E75.71137
G0 F9000 X113.219 Y106.266
G1 F1500 X106.285 Y113.2 E75.90706
G0 F9000 X106.02 Y112.899
G1 F1500 X112.885 Y106.034 E76.10081
G0 F9000 X112.55 Y105.804
G1 F1500 X105.802 Y112.552 E76.29125
G0 F9000 X105.607 Y112.181
G1 F1500 X112.198 Y105.59 E76.47726
G0 F9000 X111.787 Y105.435
G1 F1500 X105.412 Y111.81 E76.65718
G0 F9000 X105.286 Y111.37
G1 F1500 X111.377 Y105.279 E76.82908
G0 F9000 X110.918 Y105.173
G1 F1500 X105.175 Y110.916 E76.99116
G0 F9000 X105.093 Y110.433
G1 F1500 X110.412 Y105.113 E77.14129
G0 F9000 X109.882 Y105.077
G1 F1500 X105.093 Y109.867 E77.27646
G0 F9000 X105.132 Y109.262
G1 F1500 X109.239 Y105.155 E77.39237
G0 F9000 X108.505 Y105.323
G1 F1500 X105.315 Y108.513 E77.48239
G0 F9000 X104.89 Y108.409
G0 X105.398 Y107.273
G0 X105.786 Y107.477
G1 F1500 X107.481 Y105.781 E77.53025
G0 F9000 X107.062 Y105.172
;MESH:NONMESH
G0 F300 X107.062 Y105.172 Z2.52
G0 F9000 X105.622 Y106.976
G0 X105.023 Y108.117
G0 X104.714 Y109.378
G0 X104.714 Y110.627
G0 X105.023 Y111.883
G0 X105.622 Y113.024
G0 X106.469 Y113.98
G0 X107.528 Y114.711
G0 X108.5 Y115.079
G0 X110 Y115.492
;TIME_ELAPSED:296.737179
;LAYER:20
;TYPE:WALL-INNER
;MESH:carrucola plisse.stl
G1 F1500 X108.685 Y115.333 E77.55668
G1 X107.447 Y114.863 E77.5831
G1 X106.356 Y114.11 E77.60956
G1 X105.479 Y113.12 E77.63595
G1 X104.862 Y111.945 E77.66244
G1 X104.541 Y110.641 E77.68924
G1 X104.54 Y109.365 E77.7147
G1 X104.862 Y108.054 E77.74164
G1 X105.479 Y106.88 E77.76811
G1 X106.356 Y105.89 E77.7945
G1 X107.447 Y105.137 E77.82096
G1 X108.685 Y104.667 E77.84738
G1 X110 Y104.508 E77.87382
G1 X111.314 Y104.667 E77.90023
G1 X112.553 Y105.137 E77.92667
G1 X113.644 Y105.89 E77.95313
G1 X114.52 Y106.879 E77.97949
G1 X115.137 Y108.054 E78.00598
G1 X115.46 Y109.368 E78.03298
G1 X115.499 Y110.021 E78.04604
G1 X115.461 Y110.628 E78.05817
G1 X115.137 Y111.945 E78.08524
G1 X114.52 Y113.121 E78.11174
G1 X113.644 Y114.11 E78.13811
G1 X112.553 Y114.863 E78.16456
G1 X111.314 Y115.333 E78.19101
G1 X110 Y115.492 E78.21742
G0 F9000 X110 Y115.895
G1 F1500 X108.588 Y115.724 E78.2458
G1 X107.261 Y115.22 E78.27413
G1 X106.09 Y114.412 E78.30252
G1 X106.058 Y114.375 E78.3035
G1 X105.147 Y113.348 E78.33089
G1 X104.486 Y112.089 E78.35927
G1 X104.475 Y112.041 E78.36025
G1 X104.154 Y110.737 E78.38705
G1 X104.141 Y110.688 E78.38807
G1 X104.14 Y109.332 E78.41513
G1 X104.142 Y109.31 E78.41557
G1 X104.486 Y107.911 E78.44432
G1 X105.147 Y106.652 E78.47269
G1 X106.057 Y105.626 E78.50006
G1 X106.09 Y105.588 E78.50107
G1 X106.129 Y105.562 E78.502
G1 X107.261 Y104.78 E78.52946
G1 X108.588 Y104.276 E78.55779
G1 X110 Y104.105 E78.58617
G1 X111.411 Y104.276 E78.61453
G1 X112.739 Y104.78 E78.64288
G1 X113.91 Y105.588 E78.67127
G1 X114.818 Y106.614 E78.69861
G1 X114.852 Y106.652 E78.69963
G1 X115.513 Y107.911 E78.72801
G1 X115.524 Y107.958 E78.72897
G1 X115.847 Y109.272 E78.75597
G1 X115.857 Y109.31 E78.75676
G1 X115.897 Y109.997 E78.77049
G1 X115.899 Y110.022 E78.77099
G1 X115.858 Y110.688 E78.78431
G1 X115.513 Y112.089 E78.8131
G1 X114.852 Y113.348 E78.84148
G1 X114.819 Y113.385 E78.84247
G1 X113.91 Y114.412 E78.86984
G1 X113.871 Y114.438 E78.87077
G1 X112.739 Y115.22 E78.89823
G1 X111.411 Y115.724 E78.92657
G1 X110 Y115.895 E78.95494
G0 F9000 X110 Y116.298
;TYPE:WALL-OUTER
G1 F1500 X108.491 Y116.115 E78.98527
G1 X107.075 Y115.577 E79.0155
G1 X105.824 Y114.714 E79.04583
G1 X104.815 Y113.576 E79.07618
G1 X104.11 Y112.233 E79.10645
G1 X103.744 Y110.748 E79.13697
G1 X103.741 Y110.704 E79.13785
G1 X103.74 Y109.313 E79.16561
G1 X103.745 Y109.25 E79.16687
G1 X104.11 Y107.767 E79.19735
G1 X104.815 Y106.424 E79.22762
G1 X105.824 Y105.286 E79.25797
G1 X107.075 Y104.423 E79.2883
G1 X108.491 Y103.885 E79.31853
G1 X110 Y103.702 E79.34886
G1 X111.508 Y103.885 E79.37918
G1 X112.925 Y104.423 E79.40943
G1 X114.176 Y105.286 E79.43975
G1 X115.184 Y106.424 E79.47009
G1 X115.889 Y107.767 E79.50036
G1 X116.254 Y109.25 E79.53084
G1 X116.299 Y110.023 E79.54629
G1 X116.255 Y110.748 E79.56079
G1 X115.889 Y112.233 E79.59131
G1 X115.184 Y113.576 E79.62158
G1 X114.176 Y114.714 E79.65192
G1 X112.925 Y115.577 E79.68225
G1 X111.508 Y116.115 E79.71249
G1 X110 Y116.298 E79.74281
G0 F9000 X110 Y115.858
G0 X110 Y115.098
;TYPE:SKIN
G1 F1500 X108.779 Y114.951 E79.76735
G1 X107.629 Y114.514 E79.7919
G1 X106.617 Y113.816 E79.81643
G1 X105.801 Y112.895 E79.84099
G1 X105.23 Y111.808 E79.86549
G1 X104.931 Y110.591 E79.8905
G1 X104.93 Y109.413 E79.91401
G1 X105.23 Y108.191 E79.93912
G1 X105.801 Y107.105 E79.9636
G1 X106.617 Y106.184 E79.98816
G1 X107.629 Y105.486 E80.01269
G1 X108.779 Y105.049 E80.03724
G1 X110 Y104.902 E80.06179
G1 X111.222 Y105.049 E80.08635
G1 X112.37 Y105.485 E80.11086
G1 X113.383 Y106.184 E80.13542
G1 X114.198 Y107.104 E80.15994
G1 X114.769 Y108.191 E80.18445
G1 X115.072 Y109.424 E80.20978
G1 X115.107 Y110.02 E80.2217
G1 X115.073 Y110.571 E80.23272
G1 X114.769 Y111.808 E80.25814
G1 X114.198 Y112.896 E80.28266
G1 X113.383 Y113.816 E80.30718
G1 X112.37 Y114.515 E80.33175
G1 X111.222 Y114.951 E80.35625
G1 X110 Y115.098 E80.38081
G0 F9000 X109.966 Y115.377
G0 X108.728 Y115.166
G0 X108.048 Y114.909
G0 X107.059 Y114.46
G0 X107.309 Y114.098
G1 F1500 X105.843 Y112.631 E80.4222
G0 F9000 X105.454 Y112.834
G0 X104.905 Y111.658
G0 X105.332 Y111.554
G1 F1500 X108.42 Y114.643 E80.50937
G0 F9000 X109.18 Y114.836
G1 F1500 X105.148 Y110.805 E80.62314
G0 F9000 X105.09 Y110.181
G1 F1500 X109.822 Y114.914 E80.7567
G0 F9000 X110.365 Y114.89
G1 F1500 X105.09 Y109.615 E80.90558
G0 F9000 X105.164 Y109.124
G1 F1500 X110.87 Y114.83 E81.06661
G0 F9000 X111.339 Y114.733
G1 F1500 X105.276 Y108.67 E81.23772
G0 F9000 X105.393 Y108.221
G1 F1500 X111.749 Y114.578 E81.41712
G0 F9000 X112.159 Y114.422
G1 F1500 X105.588 Y107.851 E81.60257
G0 F9000 X105.783 Y107.48
G1 F1500 X112.519 Y114.216 E81.79267
G0 F9000 X112.853 Y113.984
G1 F1500 X105.995 Y107.126 E81.98622
G0 F9000 X106.261 Y106.826
G1 F1500 X113.187 Y113.753 E82.1817
G0 F9000 X113.472 Y113.472
G1 F1500 X106.526 Y106.526 E82.37773
G0 F9000 X106.811 Y106.245
G1 F1500 X113.738 Y113.172 E82.57322
G0 F9000 X114.003 Y112.872
G1 F1500 X107.145 Y106.014 E82.76677
G0 F9000 X107.48 Y105.783
G1 F1500 X114.215 Y112.518 E82.95685
G0 F9000 X114.41 Y112.147
G1 F1500 X107.839 Y105.576 E83.1423
G0 F9000 X108.249 Y105.421
G1 F1500 X114.605 Y111.776 E83.32166
G0 F9000 X114.722 Y111.328
G1 F1500 X108.659 Y105.265 E83.49277
G0 F9000 X109.128 Y105.168
G1 F1500 X114.834 Y110.874 E83.65381
G0 F9000 X114.922 Y110.397
G1 F1500 X109.634 Y105.108 E83.80306
G0 F9000 X110.176 Y105.085
G1 F1500 X114.935 Y109.844 E83.93737
G0 F9000 X114.851 Y109.194
G1 F1500 X110.819 Y105.163 E84.05115
G0 F9000 X111.578 Y105.356
G1 F1500 X114.666 Y108.444 E84.1383
G0 F9000 X115.094 Y108.34
G0 X114.545 Y107.164
G0 X114.155 Y107.367
G1 F1500 X112.688 Y105.9 E84.1797
G0 F9000 X113.11 Y105.291
;MESH:NONMESH
G0 F300 X113.11 Y105.291 Z2.64
G0 F9000 X114.377 Y106.975
G0 X114.976 Y108.116
G0 X115.29 Y109.393
G0 X115.291 Y110.604
G0 X114.976 Y111.883
G0 X114.377 Y113.025
G0 X113.531 Y113.98
G0 X112.471 Y114.712
G0 X111.5 Y115.079
G0 X110 Y115.492
;TIME_ELAPSED:313.127692
;LAYER:21
;TYPE:WALL-INNER
;MESH:carrucola plisse.stl
G1 F1500 X108.685 Y115.333 E84.20613
G1 X107.447 Y114.863 E84.23256
G1 X106.356 Y114.11 E84.25901
G1 X105.479 Y113.12 E84.28541
G1 X104.862 Y111.946 E84.31187
G1 X104.54 Y110.634 E84.33883
G1 X104.539 Y109.369 E84.36408
G1 X104.862 Y108.055 E84.39108
G1 X105.479 Y106.88 E84.41757
G1 X106.356 Y105.89 E84.44396
G1 X107.447 Y105.137 E84.47041
G1 X108.685 Y104.667 E84.49684
G1 X110 Y104.508 E84.52327
G1 X111.314 Y104.667 E84.54969
G1 X112.553 Y105.137 E84.57613
G1 X113.644 Y105.89 E84.60259
G1 X114.52 Y106.88 E84.62897
G1 X115.137 Y108.054 E84.65543
G1 X115.463 Y109.38 E84.68268
G1 X115.5 Y110.013 E84.69534
G1 X115.46 Y110.63 E84.70768
G1 X115.137 Y111.946 E84.73472
G1 X114.52 Y113.121 E84.7612
G1 X113.644 Y114.11 E84.78757
G1 X112.553 Y114.863 E84.81402
G1 X111.314 Y115.333 E84.84047
G1 X110 Y115.492 E84.86688
G0 F9000 X110 Y115.895
G1 F1500 X108.588 Y115.724 E84.89526
G1 X107.261 Y115.22 E84.92359
G1 X106.09 Y114.412 E84.95198
G1 X106.058 Y114.375 E84.95296
G1 X105.147 Y113.348 E84.98036
G1 X104.486 Y112.089 E85.00873
G1 X104.475 Y112.042 E85.0097
G1 X104.143 Y110.694 E85.0374
G1 X104.14 Y110.654 E85.0382
G1 X104.138 Y109.356 E85.0641
G1 X104.142 Y109.309 E85.06505
G1 X104.486 Y107.911 E85.09378
G1 X105.147 Y106.652 E85.12215
G1 X106.057 Y105.626 E85.14952
G1 X106.09 Y105.588 E85.15053
G1 X106.129 Y105.562 E85.15146
G1 X107.261 Y104.78 E85.17892
G1 X108.588 Y104.276 E85.20724
G1 X110 Y104.105 E85.23563
G1 X111.411 Y104.276 E85.26399
G1 X112.739 Y104.78 E85.29234
G1 X113.91 Y105.588 E85.32073
G1 X114.852 Y106.652 E85.34909
G1 X115.513 Y107.91 E85.37745
G1 X115.524 Y107.958 E85.37843
G1 X115.85 Y109.284 E85.40568
G1 X115.857 Y109.309 E85.4062
G1 X115.859 Y109.333 E85.40668
G1 X115.861 Y109.343 E85.40688
G1 X115.861 Y109.356 E85.40714
G1 X115.898 Y109.989 E85.4198
G1 X115.9 Y110.015 E85.42032
G1 X115.857 Y110.69 E85.43381
G1 X115.513 Y112.089 E85.46256
G1 X114.852 Y113.348 E85.49094
G1 X114.819 Y113.385 E85.49193
G1 X113.91 Y114.412 E85.5193
G1 X113.871 Y114.438 E85.52024
G1 X112.739 Y115.22 E85.54769
G1 X111.411 Y115.724 E85.57604
G1 X110 Y115.895 E85.6044
G0 F9000 X110 Y116.298
;TYPE:WALL-OUTER
G1 F1500 X108.491 Y116.115 E85.63474
G1 X107.075 Y115.577 E85.66497
G1 X105.824 Y114.714 E85.6953
G1 X104.815 Y113.576 E85.72565
G1 X104.11 Y112.233 E85.75592
G1 X103.746 Y110.755 E85.78629
G1 X103.74 Y110.67 E85.78799
G1 X103.738 Y109.337 E85.81459
G1 X103.745 Y109.25 E85.81634
G1 X104.11 Y107.767 E85.84681
G1 X104.815 Y106.424 E85.87708
G1 X105.824 Y105.286 E85.90743
G1 X107.075 Y104.423 E85.93776
G1 X108.491 Y103.885 E85.96799
G1 X110 Y103.702 E85.99833
G1 X111.508 Y103.885 E86.02864
G1 X112.925 Y104.423 E86.05889
G1 X114.176 Y105.286 E86.08922
G1 X115.184 Y106.424 E86.11956
G1 X115.889 Y107.767 E86.14982
G1 X116.254 Y109.251 E86.18032
G1 X116.259 Y109.309 E86.18148
G1 X116.3 Y110.017 E86.19564
G1 X116.254 Y110.75 E86.21029
G1 X115.889 Y112.233 E86.24077
G1 X115.184 Y113.576 E86.27104
G1 X114.176 Y114.714 E86.30138
G1 X112.925 Y115.577 E86.33171
G1 X111.508 Y116.115 E86.36195
G1 X110 Y116.298 E86.39227
G0 F9000 X110 Y115.858
G0 X110 Y115.098
;TYPE:SKIN
G1 F1500 X108.779 Y114.951 E86.41681
G1 X107.629 Y114.514 E86.44136
G1 X106.617 Y113.816 E86.4659
G1 X105.801 Y112.895 E86.49045
G1 X105.23 Y111.809 E86.51494
G1 X104.93 Y110.585 E86.54009
G1 X104.929 Y109.417 E86.56339
G1 X105.23 Y108.192 E86.58857
G1 X105.801 Y107.105 E86.61307
G1 X106.617 Y106.184 E86.63763
G1 X107.629 Y105.486 E86.66216
G1 X108.779 Y105.049 E86.68671
G1 X110 Y104.902 E86.71125
G1 X111.222 Y105.049 E86.73582
G1 X112.37 Y105.485 E86.76032
G1 X113.383 Y106.184 E86.78488
G1 X114.198 Y107.105 E86.80942
G1 X114.769 Y108.191 E86.83391
G1 X115.075 Y109.436 E86.85949
G1 X115.108 Y110.011 E86.87099
G1 X115.072 Y110.574 E86.88225
G1 X114.769 Y111.809 E86.90762
G1 X114.198 Y112.896 E86.93213
G1 X113.383 Y113.816 E86.95665
G1 X112.37 Y114.515 E86.98122
G1 X111.222 Y114.951 E87.00572
G1 X110 Y115.098 E87.03028
G0 F9000 X109.966 Y115.377
G0 X111.272 Y115.166
G0 X112.243 Y114.799
G0 X113.104 Y114.348
G0 X112.854 Y113.984
G1 F1500 X114.096 Y112.743 E87.06532
G0 F9000 X114.486 Y112.948
G0 X115.076 Y111.73
G0 X114.648 Y111.625
G1 F1500 X111.661 Y114.612 E87.14962
G0 F9000 X110.877 Y114.83
G1 F1500 X114.832 Y110.875 E87.26124
G0 F9000 X114.933 Y110.209
G1 F1500 X110.235 Y114.906 E87.39381
G0 F9000 X109.68 Y114.897
G1 F1500 X114.926 Y109.651 E87.54187
G0 F9000 X114.844 Y109.167
G1 F1500 X109.174 Y114.836 E87.70187
G0 F9000 X108.696 Y114.749
G1 F1500 X114.732 Y108.713 E87.87222
G0 F9000 X114.62 Y108.259
G1 F1500 X108.287 Y114.593 E88.05097
G0 F9000 X107.877 Y114.436
G1 F1500 X114.427 Y107.886 E88.23582
G0 F9000 X114.232 Y107.516
G1 F1500 X107.511 Y114.237 E88.4255
G0 F9000 X107.176 Y114.006
G1 F1500 X114.027 Y107.155 E88.61885
G0 F9000 X113.762 Y106.855
G1 F1500 X106.841 Y113.776 E88.81418
G0 F9000 X106.551 Y113.499
G1 F1500 X113.496 Y106.555 E89.01017
G0 F9000 X113.219 Y106.266
G1 F1500 X106.285 Y113.2 E89.20586
G0 F9000 X106.02 Y112.899
G1 F1500 X112.885 Y106.034 E89.3996
G0 F9000 X112.55 Y105.804
G1 F1500 X105.802 Y112.552 E89.59005
G0 F9000 X105.607 Y112.181
G1 F1500 X112.198 Y105.59 E89.77606
G0 F9000 X111.787 Y105.435
G1 F1500 X105.412 Y111.81 E89.95598
G0 F9000 X105.287 Y111.37
G1 F1500 X111.377 Y105.279 E90.12786
G0 F9000 X110.918 Y105.173
G1 F1500 X105.175 Y110.916 E90.28994
G0 F9000 X105.089 Y110.436
G1 F1500 X110.412 Y105.113 E90.44017
G0 F9000 X109.882 Y105.077
G1 F1500 X105.089 Y109.87 E90.57544
G0 F9000 X105.131 Y109.263
G1 F1500 X109.239 Y105.155 E90.69138
G0 F9000 X108.505 Y105.323
G1 F1500 X105.315 Y108.513 E90.7814
G0 F9000 X104.889 Y108.409
G0 X105.398 Y107.273
G0 X105.786 Y107.477
G1 F1500 X107.481 Y105.781 E90.82925
G0 F9000 X107.062 Y105.172
;MESH:NONMESH
G0 F300 X107.062 Y105.172 Z2.76
G0 F9000 X105.622 Y106.976
G0 X105.023 Y108.117
G0 X104.71 Y109.391
G0 X104.711 Y110.612
G0 X105.023 Y111.884
G0 X105.622 Y113.024
G0 X106.469 Y113.98
G0 X107.528 Y114.711
G0 X108.5 Y115.079
G0 X110 Y115.492
;TIME_ELAPSED:329.529153
;LAYER:22
;TYPE:WALL-INNER
;MESH:carrucola plisse.stl
G1 F1500 X108.685 Y115.333 E90.85569
G1 X107.447 Y114.863 E90.88211
G1 X106.356 Y114.11 E90.90857
G1 X105.479 Y113.12 E90.93496
G1 X104.862 Y111.945 E90.96145
G1 X104.538 Y110.627 E90.98853
G1 X104.537 Y109.395 E91.01312
G1 X104.539 Y109.371 E91.0136
G1 X104.862 Y108.054 E91.04066
G1 X105.479 Y106.88 E91.06713
G1 X106.356 Y105.89 E91.09352
G1 X107.447 Y105.137 E91.11997
G1 X108.685 Y104.667 E91.1464
G1 X110 Y104.508 E91.17283
G1 X111.314 Y104.667 E91.19925
G1 X112.553 Y105.137 E91.22569
G1 X113.644 Y105.89 E91.25215
G1 X114.52 Y106.88 E91.27853
G1 X115.137 Y108.054 E91.30499
G1 X115.46 Y109.37 E91.33204
G1 X115.499 Y110.013 E91.34489
G1 X115.46 Y110.63 E91.35723
G1 X115.137 Y111.946 E91.38427
G1 X114.52 Y113.12 E91.41074
G1 X113.644 Y114.11 E91.43712
G1 X112.553 Y114.863 E91.46357
G1 X111.314 Y115.333 E91.49002
G1 X110 Y115.492 E91.51643
G0 F9000 X110 Y115.895
G1 F1500 X108.588 Y115.724 E91.54481
G1 X107.261 Y115.22 E91.57314
G1 X106.09 Y114.412 E91.60153
G1 X106.058 Y114.375 E91.60251
G1 X105.147 Y113.348 E91.62991
G1 X104.486 Y112.089 E91.65828
G1 X104.475 Y112.041 E91.65926
G1 X104.151 Y110.723 E91.68635
G1 X104.142 Y110.689 E91.68705
G1 X104.138 Y110.643 E91.68797
G1 X104.137 Y109.383 E91.71312
G1 X104.142 Y109.31 E91.71458
G1 X104.486 Y107.911 E91.74333
G1 X105.147 Y106.652 E91.77171
G1 X106.057 Y105.626 E91.79907
G1 X106.09 Y105.588 E91.80008
G1 X106.129 Y105.562 E91.80101
G1 X107.261 Y104.78 E91.82847
G1 X108.588 Y104.276 E91.8568
G1 X110 Y104.105 E91.88518
G1 X111.411 Y104.276 E91.91355
G1 X112.739 Y104.78 E91.94189
G1 X113.91 Y105.588 E91.97028
G1 X114.852 Y106.652 E91.99864
G1 X115.513 Y107.91 E92.027
G1 X115.524 Y107.958 E92.02798
G1 X115.857 Y109.311 E92.05579
G1 X115.9 Y110.014 E92.06985
G1 X115.857 Y110.689 E92.08334
G1 X115.513 Y112.09 E92.11213
G1 X114.852 Y113.348 E92.14049
G1 X113.91 Y114.412 E92.16885
G1 X113.871 Y114.438 E92.16979
G1 X112.739 Y115.22 E92.19724
G1 X111.411 Y115.724 E92.22559
G1 X110 Y115.895 E92.25395
G0 F9000 X110 Y116.298
;TYPE:WALL-OUTER
G1 F1500 X108.491 Y116.115 E92.28429
G1 X107.075 Y115.577 E92.31452
G1 X105.824 Y114.714 E92.34484
G1 X104.815 Y113.576 E92.3752
G1 X104.11 Y112.233 E92.40547
G1 X103.745 Y110.75 E92.43594
G1 X103.738 Y110.663 E92.43769
G1 X103.737 Y109.372 E92.46345
G1 X103.745 Y109.25 E92.46589
G1 X104.11 Y107.767 E92.49637
G1 X104.815 Y106.424 E92.52664
G1 X105.824 Y105.286 E92.55699
G1 X107.075 Y104.423 E92.58732
G1 X108.491 Y103.885 E92.61754
G1 X110 Y103.702 E92.64788
G1 X111.508 Y103.885 E92.67819
G1 X112.925 Y104.423 E92.70844
G1 X114.176 Y105.286 E92.73877
G1 X115.184 Y106.424 E92.76911
G1 X115.889 Y107.767 E92.79938
G1 X116.254 Y109.251 E92.82987
G1 X116.3 Y109.999 E92.84483
G1 X116.3 Y110.023 E92.84531
G1 X116.254 Y110.749 E92.85983
G1 X115.889 Y112.233 E92.89032
G1 X115.184 Y113.576 E92.92059
G1 X114.176 Y114.714 E92.95093
G1 X112.925 Y115.577 E92.98126
G1 X111.508 Y116.115 E93.01151
G1 X110 Y116.298 E93.04182
G0 F9000 X110 Y115.858
G0 X110 Y115.098
;TYPE:SKIN
G1 F1500 X108.779 Y114.951 E93.06636
G1 X107.629 Y114.514 E93.09091
G1 X106.617 Y113.816 E93.11545
G1 X105.801 Y112.895 E93.14
G1 X105.23 Y111.808 E93.16451
G1 X104.928 Y110.578 E93.18978
G1 X104.927 Y109.428 E93.21273
G1 X105.23 Y108.191 E93.23815
G1 X105.801 Y107.105 E93.26263
G1 X106.617 Y106.184 E93.28719
G1 X107.629 Y105.486 E93.31172
G1 X108.779 Y105.049 E93.33627
G1 X110 Y104.902 E93.36081
G1 X111.222 Y105.049 E93.38538
G1 X112.37 Y105.485 E93.40988
G1 X113.383 Y106.184 E93.43444
G1 X114.198 Y107.105 E93.45899
G1 X114.769 Y108.191 E93.48347
G1 X115.072 Y109.426 E93.50885
G1 X115.107 Y110.011 E93.52054
G1 X115.072 Y110.574 E93.5318
G1 X114.769 Y111.809 E93.55718
G1 X114.198 Y112.895 E93.58166
G1 X113.383 Y113.816 E93.6062
G1 X112.37 Y114.515 E93.63077
G1 X111.222 Y114.951 E93.65527
G1 X110 Y115.098 E93.67983
G0 F9000 X109.966 Y115.377
G0 X108.728 Y115.166
G0 X108.048 Y114.909
G0 X107.059 Y114.46
G0 X107.309 Y114.098
G1 F1500 X105.843 Y112.631 E93.72122
G0 F9000 X105.454 Y112.834
G0 X104.905 Y111.658
G0 X105.332 Y111.554
G1 F1500 X108.42 Y114.643 E93.80839
G0 F9000 X109.18 Y114.836
G1 F1500 X105.148 Y110.805 E93.92216
G0 F9000 X105.087 Y110.178
G1 F1500 X109.822 Y114.914 E94.05581
G0 F9000 X110.365 Y114.89
G1 F1500 X105.086 Y109.612 E94.20478
G0 F9000 X105.165 Y109.124
G1 F1500 X110.87 Y114.83 E94.3658
G0 F9000 X111.339 Y114.733
G1 F1500 X105.276 Y108.67 E94.53691
G0 F9000 X105.393 Y108.221
G1 F1500 X111.749 Y114.578 E94.71631
G0 F9000 X112.159 Y114.422
G1 F1500 X105.588 Y107.851 E94.90176
G0 F9000 X105.783 Y107.48
G1 F1500 X112.519 Y114.216 E95.09186
G0 F9000 X112.853 Y113.984
G1 F1500 X105.995 Y107.126 E95.28541
G0 F9000 X106.261 Y106.826
G1 F1500 X113.187 Y113.753 E95.48089
G0 F9000 X113.472 Y113.472
G1 F1500 X106.526 Y106.526 E95.67692
G0 F9000 X106.811 Y106.245
G1 F1500 X113.738 Y113.172 E95.87241
G0 F9000 X114.003 Y112.871
G1 F1500 X107.145 Y106.014 E96.06595
G0 F9000 X107.48 Y105.783
G1 F1500 X114.214 Y112.517 E96.256
G0 F9000 X114.409 Y112.147
G1 F1500 X107.839 Y105.576 E96.44143
G0 F9000 X108.249 Y105.421
G1 F1500 X114.605 Y111.776 E96.6208
G0 F9000 X114.722 Y111.328
G1 F1500 X108.659 Y105.265 E96.79191
G0 F9000 X109.128 Y105.168
G1 F1500 X114.833 Y110.873 E96.95291
G0 F9000 X114.921 Y110.396
G1 F1500 X109.634 Y105.108 E97.10214
G0 F9000 X110.176 Y105.085
G1 F1500 X114.935 Y109.844 E97.23645
G0 F9000 X114.851 Y109.194
G1 F1500 X110.819 Y105.163 E97.35023
G0 F9000 X111.578 Y105.356
G1 F1500 X114.666 Y108.444 E97.43738
G0 F9000 X115.094 Y108.34
G0 X114.543 Y107.161
G0 X114.153 Y107.365
G1 F1500 X112.688 Y105.9 E97.47872
G0 F9000 X113.11 Y105.291
;MESH:NONMESH
G0 F300 X113.11 Y105.291 Z2.88
G0 F9000 X114.377 Y106.976
G0 X114.976 Y108.116
G0 X115.29 Y109.394
G0 X115.29 Y110.606
G0 X114.976 Y111.884
G0 X114.377 Y113.024
G0 X113.531 Y113.98
G0 X112.471 Y114.712
G0 X111.5 Y115.079
G0 X110 Y115.492
;TIME_ELAPSED:345.919968
;LAYER:23
;TYPE:WALL-INNER
;MESH:carrucola plisse.stl
G1 F1500 X108.685 Y115.333 E97.50515
G1 X107.447 Y114.863 E97.53158
G1 X106.356 Y114.11 E97.55803
G1 X105.479 Y113.12 E97.58443
G1 X104.862 Y111.946 E97.61089
G1 X104.539 Y110.63 E97.63794
G1 X104.536 Y110.586 E97.63882
G1 X104.535 Y109.424 E97.66201
G1 X104.539 Y109.37 E97.66309
G1 X104.862 Y108.054 E97.69013
G1 X105.479 Y106.88 E97.71659
G1 X106.356 Y105.89 E97.74299
G1 X107.447 Y105.137 E97.76944
G1 X108.685 Y104.667 E97.79587
G1 X110 Y104.508 E97.8223
G1 X111.314 Y104.667 E97.84872
G1 X112.553 Y105.137 E97.87516
G1 X113.644 Y105.89 E97.90162
G1 X114.52 Y106.879 E97.92798
G1 X115.137 Y108.054 E97.95447
G1 X115.46 Y109.37 E97.98151
G1 X115.499 Y110.018 E97.99446
G1 X115.46 Y110.63 E98.0067
G1 X115.137 Y111.945 E98.03372
G1 X114.52 Y113.121 E98.06022
G1 X113.644 Y114.11 E98.08659
G1 X112.553 Y114.863 E98.11304
G1 X111.314 Y115.333 E98.13949
G1 X110 Y115.492 E98.1659
G0 F9000 X110 Y115.895
G1 F1500 X108.588 Y115.724 E98.19429
G1 X107.261 Y115.22 E98.22261
G1 X106.09 Y114.412 E98.25101
G1 X106.058 Y114.375 E98.25198
G1 X105.147 Y113.348 E98.27938
G1 X104.486 Y112.089 E98.30775
G1 X104.475 Y112.042 E98.30872
G1 X104.142 Y110.69 E98.3365
G1 X104.138 Y110.61 E98.3381
G1 X104.136 Y110.586 E98.33858
G1 X104.135 Y109.411 E98.36203
G1 X104.142 Y109.31 E98.36405
G1 X104.486 Y107.911 E98.3928
G1 X105.147 Y106.652 E98.42118
G1 X106.057 Y105.626 E98.44855
G1 X106.09 Y105.588 E98.44955
G1 X106.129 Y105.562 E98.45049
G1 X107.261 Y104.78 E98.47794
G1 X108.588 Y104.276 E98.50627
G1 X110 Y104.105 E98.53466
G1 X111.411 Y104.276 E98.56302
G1 X112.739 Y104.78 E98.59137
G1 X113.91 Y105.588 E98.61976
G1 X114.818 Y106.614 E98.6471
G1 X114.852 Y106.652 E98.64812
G1 X115.513 Y107.911 E98.67649
G1 X115.524 Y107.958 E98.67746
G1 X115.857 Y109.31 E98.70524
G1 X115.9 Y110.02 E98.71944
G1 X115.857 Y110.689 E98.73282
G1 X115.513 Y112.089 E98.76159
G1 X114.852 Y113.348 E98.78996
G1 X114.819 Y113.385 E98.79095
G1 X113.91 Y114.412 E98.81832
G1 X113.871 Y114.438 E98.81926
G1 X112.739 Y115.22 E98.84671
G1 X111.411 Y115.724 E98.87506
G1 X110 Y115.895 E98.90342
G0 F9000 X110 Y116.298
;TYPE:WALL-OUTER
G1 F1500 X108.491 Y116.115 E98.93376
G1 X107.075 Y115.577 E98.96399
G1 X105.824 Y114.714 E98.99432
G1 X104.815 Y113.576 E99.02467
G1 X104.11 Y112.233 E99.05494
G1 X103.745 Y110.75 E99.08541
G1 X103.736 Y110.586 E99.08869
G1 X103.735 Y109.399 E99.11238
G1 X103.745 Y109.25 E99.11536
G1 X104.11 Y107.767 E99.14584
G1 X104.815 Y106.424 E99.17611
G1 X105.824 Y105.286 E99.20646
G1 X107.075 Y104.423 E99.23679
G1 X108.491 Y103.885 E99.26702
G1 X110 Y103.702 E99.29735
G1 X111.508 Y103.885 E99.32767
G1 X112.925 Y104.423 E99.35791
G1 X114.176 Y105.286 E99.38824
G1 X115.184 Y106.424 E99.41858
G1 X115.889 Y107.767 E99.44885
G1 X116.254 Y109.25 E99.47933
G1 X116.3 Y109.997 E99.49426
G1 X116.3 Y110.029 E99.4949
G1 X116.254 Y110.75 E99.50932
G1 X115.889 Y112.233 E99.5398
G1 X115.184 Y113.576 E99.57007
G1 X114.176 Y114.714 E99.6004
G1 X112.925 Y115.577 E99.63073
G1 X111.508 Y116.115 E99.66098
G1 X110 Y116.298 E99.6913
G0 F9000 X110 Y115.858
G0 X110 Y115.098
;TYPE:SKIN
G1 F1500 X108.779 Y114.951 E99.71584
G1 X107.629 Y114.514 E99.74039
G1 X106.617 Y113.816 E99.76492
G1 X105.801 Y112.895 E99.78948
G1 X105.23 Y111.809 E99.81396
G1 X104.927 Y110.574 E99.83934
G1 X104.925 Y109.436 E99.86205
G1 X105.23 Y108.191 E99.88763
G1 X105.801 Y107.105 E99.91212
G1 X106.617 Y106.184 E99.93667
G1 X107.629 Y105.486 E99.9612
G1 X108.779 Y105.049 E99.98575
G1 X110 Y104.902 E100.0103
G1 X111.222 Y105.049 E100.03486
G1 X112.37 Y105.485 E100.05937
G1 X113.383 Y106.184 E100.08393
G1 X114.198 Y107.104 E100.10845
G1 X114.769 Y108.191 E100.13296
G1 X115.072 Y109.424 E100.15829
G1 X115.107 Y110.016 E100.17013
G1 X115.072 Y110.574 E100.18129
G1 X114.769 Y111.808 E100.20664
G1 X114.198 Y112.896 E100.23117
G1 X113.383 Y113.816 E100.25569
G1 X112.37 Y114.515 E100.28025
G1 X111.222 Y114.951 E100.30476
G1 X110 Y115.098 E100.32932
G0 F9000 X109.966 Y115.377
G0 X111.272 Y115.166
G0 X112.243 Y114.799
G0 X113.104 Y114.348
G0 X112.854 Y113.984
G1 F1500 X114.096 Y112.743 E100.36436
G0 F9000 X114.486 Y112.948
G0 X115.075 Y111.73
G0 X114.648 Y111.625
G1 F1500 X111.661 Y114.612 E100.44866
G0 F9000 X110.877 Y114.83
G1 F1500 X114.832 Y110.875 E100.56028
G0 F9000 X114.933 Y110.209
G1 F1500 X110.235 Y114.906 E100.69285
G0 F9000 X109.68 Y114.897
G1 F1500 X114.923 Y109.653 E100.84083
G0 F9000 X114.844 Y109.167
G1 F1500 X109.174 Y114.836 E101.00084
G0 F9000 X108.696 Y114.749
G1 F1500 X114.732 Y108.713 E101.17119
G0 F9000 X114.62 Y108.259
G1 F1500 X108.287 Y114.593 E101.34993
G0 F9000 X107.877 Y114.436
G1 F1500 X114.427 Y107.886 E101.53479
G0 F9000 X114.233 Y107.515
G1 F1500 X107.511 Y114.237 E101.7245
G0 F9000 X107.176 Y114.006
G1 F1500 X114.028 Y107.154 E101.91788
G0 F9000 X113.762 Y106.855
G1 F1500 X106.841 Y113.776 E102.1132
G0 F9000 X106.551 Y113.499
G1 F1500 X113.496 Y106.555 E102.30919
G0 F9000 X113.219 Y106.266
G1 F1500 X106.285 Y113.2 E102.50488
G0 F9000 X106.02 Y112.899
G1 F1500 X112.885 Y106.034 E102.69863
G0 F9000 X112.55 Y105.804
G1 F1500 X105.802 Y112.552 E102.88907
G0 F9000 X105.607 Y112.181
G1 F1500 X112.198 Y105.59 E103.07508
G0 F9000 X111.787 Y105.435
G1 F1500 X105.412 Y111.81 E103.255
G0 F9000 X105.287 Y111.37
G1 F1500 X111.377 Y105.279 E103.42689
G0 F9000 X110.918 Y105.173
G1 F1500 X105.175 Y110.916 E103.58897
G0 F9000 X105.086 Y110.439
G1 F1500 X110.412 Y105.113 E103.73928
G0 F9000 X109.882 Y105.077
G1 F1500 X105.085 Y109.874 E103.87466
G0 F9000 X105.131 Y109.263
G1 F1500 X109.239 Y105.155 E103.9906
G0 F9000 X108.505 Y105.323
G1 F1500 X105.315 Y108.514 E104.08064
G0 F9000 X104.889 Y108.41
G0 X105.398 Y107.273
G0 X105.786 Y107.477
G1 F1500 X107.481 Y105.781 E104.12849
G0 F9000 X107.062 Y105.172
;MESH:NONMESH
G0 F300 X107.062 Y105.172 Z3
G0 F9000 X105.622 Y106.976
G0 X105.023 Y108.116
G0 X104.706 Y109.422
G0 X104.709 Y110.606
G0 X105.023 Y111.884
G0 X105.622 Y113.024
G0 X106.469 Y113.98
G0 X107.528 Y114.711
G0 X108.5 Y115.079
G0 X110 Y115.492
;TIME_ELAPSED:362.322098
;LAYER:24
;TYPE:WALL-INNER
;MESH:carrucola plisse.stl
G1 F1500 X108.685 Y115.333 E104.15492
G1 X107.447 Y114.863 E104.18135
G1 X106.356 Y114.11 E104.2078
G1 X105.479 Y113.12 E104.2342
G1 X104.862 Y111.945 E104.26068
G1 X104.539 Y110.63 E104.2877
G1 X104.535 Y110.579 E104.28873
G1 X104.534 Y109.443 E104.3114
G1 X104.539 Y109.37 E104.31286
G1 X104.862 Y108.054 E104.3399
G1 X105.479 Y106.88 E104.36636
G1 X106.356 Y105.89 E104.39276
G1 X107.447 Y105.137 E104.41921
G1 X108.685 Y104.667 E104.44564
G1 X110 Y104.508 E104.47207
G1 X111.314 Y104.667 E104.49849
G1 X112.553 Y105.137 E104.52493
G1 X113.644 Y105.89 E104.55138
G1 X114.52 Y106.879 E104.57775
G1 X115.137 Y108.054 E104.60423
G1 X115.46 Y109.37 E104.63128
G1 X115.5 Y109.998 E104.64383
G1 X115.462 Y110.624 E104.65635
G1 X115.137 Y111.945 E104.6835
G1 X114.52 Y113.121 E104.71
G1 X113.644 Y114.11 E104.73637
G1 X112.553 Y114.863 E104.76282
G1 X111.314 Y115.333 E104.78926
G1 X110 Y115.492 E104.81568
G0 F9000 X110 Y115.895
G1 F1500 X108.588 Y115.724 E104.84406
G1 X107.261 Y115.22 E104.87239
G1 X106.09 Y114.412 E104.90078
G1 X106.058 Y114.375 E104.90176
G1 X105.147 Y113.348 E104.92915
G1 X104.486 Y112.089 E104.95753
G1 X104.475 Y112.041 E104.95851
G1 X104.152 Y110.726 E104.98554
G1 X104.142 Y110.689 E104.9863
G1 X104.135 Y110.596 E104.98816
G1 X104.134 Y109.432 E105.01139
G1 X104.142 Y109.31 E105.01383
G1 X104.486 Y107.911 E105.04258
G1 X105.147 Y106.652 E105.07096
G1 X106.057 Y105.626 E105.09833
G1 X106.09 Y105.588 E105.09933
G1 X106.129 Y105.562 E105.10027
G1 X107.261 Y104.78 E105.12772
G1 X108.588 Y104.276 E105.15605
G1 X110 Y104.105 E105.18443
G1 X111.411 Y104.276 E105.2128
G1 X112.739 Y104.78 E105.24114
G1 X113.91 Y105.588 E105.26954
G1 X114.818 Y106.614 E105.29688
G1 X114.852 Y106.652 E105.29789
G1 X115.513 Y107.911 E105.32627
G1 X115.524 Y107.958 E105.32723
G1 X115.857 Y109.31 E105.35502
G1 X115.898 Y109.973 E105.36828
G1 X115.9 Y109.997 E105.36876
G1 X115.859 Y110.684 E105.38249
G1 X115.513 Y112.089 E105.41137
G1 X114.852 Y113.348 E105.43975
G1 X114.819 Y113.385 E105.44073
G1 X113.91 Y114.412 E105.4681
G1 X113.871 Y114.438 E105.46904
G1 X112.739 Y115.22 E105.4965
G1 X111.411 Y115.724 E105.52484
G1 X110 Y115.895 E105.55321
G0 F9000 X110 Y116.298
;TYPE:WALL-OUTER
G1 F1500 X108.491 Y116.115 E105.58354
G1 X107.075 Y115.577 E105.61377
G1 X105.824 Y114.714 E105.6441
G1 X104.815 Y113.576 E105.67445
G1 X104.11 Y112.233 E105.70472
G1 X103.745 Y110.75 E105.7352
G1 X103.735 Y110.611 E105.73798
G1 X103.734 Y109.423 E105.76169
G1 X103.745 Y109.25 E105.76515
G1 X104.11 Y107.767 E105.79562
G1 X104.815 Y106.424 E105.82589
G1 X105.824 Y105.286 E105.85624
G1 X107.075 Y104.423 E105.88657
G1 X108.491 Y103.885 E105.9168
G1 X110 Y103.702 E105.94714
G1 X111.508 Y103.885 E105.97745
G1 X112.925 Y104.423 E106.0077
G1 X114.176 Y105.286 E106.03803
G1 X115.184 Y106.424 E106.06836
G1 X115.889 Y107.767 E106.09863
G1 X116.254 Y109.25 E106.12911
G1 X116.3 Y109.995 E106.14401
G1 X116.259 Y110.699 E106.15808
G1 X116.254 Y110.75 E106.1591
G1 X115.889 Y112.233 E106.18958
G1 X115.184 Y113.576 E106.21985
G1 X114.176 Y114.714 E106.25019
G1 X112.925 Y115.577 E106.28052
G1 X111.508 Y116.115 E106.31077
G1 X110 Y116.298 E106.34108
G0 F9000 X110 Y115.858
G0 X110 Y115.098
;TYPE:SKIN
G1 F1500 X108.779 Y114.951 E106.36562
G1 X107.629 Y114.514 E106.39017
G1 X106.617 Y113.816 E106.41471
G1 X105.801 Y112.895 E106.43926
G1 X105.23 Y111.808 E106.46376
G1 X104.925 Y110.564 E106.48933
G1 X104.924 Y109.47 E106.51116
G1 X104.927 Y109.426 E106.51204
G1 X105.23 Y108.191 E106.53741
G1 X105.801 Y107.105 E106.5619
G1 X106.617 Y106.184 E106.58646
G1 X107.629 Y105.486 E106.61099
G1 X108.779 Y105.049 E106.63554
G1 X110 Y104.902 E106.66008
G1 X111.222 Y105.049 E106.68464
G1 X112.37 Y105.485 E106.70915
G1 X113.383 Y106.184 E106.73371
G1 X114.198 Y107.104 E106.75824
G1 X114.769 Y108.191 E106.78274
G1 X115.072 Y109.426 E106.80812
G1 X115.108 Y109.998 E106.81956
G1 X115.074 Y110.573 E106.83105
G1 X114.771 Y111.804 E106.85635
G1 X114.198 Y112.896 E106.88096
G1 X113.383 Y113.816 E106.90549
G1 X112.37 Y114.515 E106.93005
G1 X111.222 Y114.951 E106.95455
G1 X110 Y115.098 E106.97912
G0 F9000 X109.966 Y115.377
G0 X108.728 Y115.166
G0 X108.048 Y114.909
G0 X107.059 Y114.46
G0 X107.309 Y114.098
G1 F1500 X105.843 Y112.631 E107.0205
G0 F9000 X105.454 Y112.834
G0 X104.905 Y111.658
G0 X105.332 Y111.554
G1 F1500 X108.42 Y114.643 E107.10767
G0 F9000 X109.18 Y114.836
G1 F1500 X105.148 Y110.805 E107.22145
G0 F9000 X105.084 Y110.175
G1 F1500 X109.822 Y114.914 E107.35518
G0 F9000 X110.365 Y114.89
G1 F1500 X105.083 Y109.609 E107.50423
G0 F9000 X105.164 Y109.124
G1 F1500 X110.87 Y114.83 E107.66527
G0 F9000 X111.339 Y114.733
G1 F1500 X105.276 Y108.67 E107.83638
G0 F9000 X105.393 Y108.221
G1 F1500 X111.749 Y114.578 E108.01577
G0 F9000 X112.159 Y114.422
G1 F1500 X105.588 Y107.851 E108.20122
G0 F9000 X105.783 Y107.48
G1 F1500 X112.519 Y114.216 E108.39133
G0 F9000 X112.853 Y113.984
G1 F1500 X105.995 Y107.126 E108.58487
G0 F9000 X106.261 Y106.826
G1 F1500 X113.187 Y113.753 E108.78035
G0 F9000 X113.472 Y113.472
G1 F1500 X106.526 Y106.526 E108.97638
G0 F9000 X106.811 Y106.245
G1 F1500 X113.738 Y113.172 E109.17188
G0 F9000 X114.003 Y112.872
G1 F1500 X107.145 Y106.014 E109.36543
G0 F9000 X107.48 Y105.783
G1 F1500 X114.215 Y112.518 E109.5555
G0 F9000 X114.409 Y112.147
G1 F1500 X107.839 Y105.576 E109.74094
G0 F9000 X108.249 Y105.421
G1 F1500 X114.604 Y111.775 E109.92027
G0 F9000 X114.723 Y111.329
G1 F1500 X108.659 Y105.265 E110.09141
G0 F9000 X109.128 Y105.168
G1 F1500 X114.835 Y110.875 E110.25248
G0 F9000 X114.923 Y110.398
G1 F1500 X109.634 Y105.108 E110.40176
G0 F9000 X110.176 Y105.085
G1 F1500 X114.937 Y109.846 E110.53612
G0 F9000 X114.851 Y109.194
G1 F1500 X110.819 Y105.163 E110.6499
G0 F9000 X111.578 Y105.356
G1 F1500 X114.666 Y108.444 E110.73705
G0 F9000 X115.094 Y108.34
G0 X114.545 Y107.164
G0 X114.155 Y107.367
G1 F1500 X112.688 Y105.9 E110.77845
G0 F9000 X113.11 Y105.291
;MESH:NONMESH
G0 F300 X113.11 Y105.291 Z3.12
G0 F9000 X114.377 Y106.975
G0 X114.976 Y108.116
G0 X115.29 Y109.394
G0 X115.292 Y110.6
G0 X114.976 Y111.883
G0 X114.377 Y113.025
G0 X113.531 Y113.98
G0 X112.471 Y114.712
G0 X111.5 Y115.079
G0 X110 Y115.492
;TIME_ELAPSED:378.713722
;LAYER:25
;TYPE:WALL-INNER
;MESH:carrucola plisse.stl
G1 F1500 X108.685 Y115.333 E110.80489
G1 X107.447 Y114.863 E110.83131
G1 X106.356 Y114.11 E110.85777
G1 X105.479 Y113.12 E110.88416
G1 X104.862 Y111.946 E110.91063
G1 X104.539 Y110.63 E110.93767
G1 X104.533 Y110.528 E110.93971
G1 X104.532 Y109.47 E110.96082
G1 X104.539 Y109.37 E110.96282
G1 X104.862 Y108.055 E110.98985
G1 X105.479 Y106.88 E111.01633
G1 X106.356 Y105.89 E111.04272
G1 X107.447 Y105.137 E111.06918
G1 X108.685 Y104.667 E111.0956
G1 X110 Y104.508 E111.12204
G1 X111.314 Y104.667 E111.14845
G1 X112.553 Y105.137 E111.1749
G1 X113.644 Y105.89 E111.20135
G1 X114.52 Y106.88 E111.22773
G1 X115.137 Y108.054 E111.2542
G1 X115.46 Y109.37 E111.28124
G1 X115.5 Y110 E111.29384
G1 X115.464 Y110.615 E111.30613
G1 X115.137 Y111.945 E111.33346
G1 X114.52 Y113.121 E111.35997
G1 X113.644 Y114.11 E111.38633
G1 X112.553 Y114.863 E111.41279
G1 X111.314 Y115.333 E111.43923
G1 X110 Y115.492 E111.46564
G0 F9000 X110 Y115.895
G1 F1500 X108.588 Y115.724 E111.49403
G1 X107.261 Y115.22 E111.52235
G1 X106.09 Y114.412 E111.55075
G1 X106.058 Y114.375 E111.55172
G1 X105.147 Y113.348 E111.57912
G1 X104.486 Y112.089 E111.6075
G1 X104.475 Y112.042 E111.60846
G1 X104.142 Y110.69 E111.63625
G1 X104.135 Y110.551 E111.63902
G1 X104.133 Y110.528 E111.63948
G1 X104.132 Y109.458 E111.66084
G1 X104.142 Y109.311 E111.66378
G1 X104.486 Y107.911 E111.69255
G1 X105.147 Y106.652 E111.72092
G1 X106.057 Y105.626 E111.74829
G1 X106.09 Y105.588 E111.7493
G1 X106.129 Y105.562 E111.75023
G1 X107.261 Y104.78 E111.77769
G1 X108.588 Y104.276 E111.80602
G1 X110 Y104.105 E111.8344
G1 X111.411 Y104.276 E111.86276
G1 X112.739 Y104.78 E111.89111
G1 X113.91 Y105.588 E111.9195
G1 X114.852 Y106.652 E111.94786
G1 X115.513 Y107.91 E111.97622
G1 X115.524 Y107.958 E111.9772
G1 X115.857 Y109.311 E112.00501
G1 X115.898 Y109.975 E112.01829
G1 X115.9 Y109.998 E112.01875
G1 X115.862 Y110.65 E112.03178
G1 X115.859 Y110.684 E112.03246
G1 X115.513 Y112.089 E112.06134
G1 X114.852 Y113.348 E112.08971
G1 X114.819 Y113.385 E112.0907
G1 X113.91 Y114.412 E112.11807
G1 X113.871 Y114.438 E112.11901
G1 X112.739 Y115.22 E112.14646
G1 X111.411 Y115.724 E112.17481
G1 X110 Y115.895 E112.20317
G0 F9000 X110 Y116.298
;TYPE:WALL-OUTER
G1 F1500 X108.491 Y116.115 E112.23351
G1 X107.075 Y115.577 E112.26374
G1 X105.824 Y114.714 E112.29407
G1 X104.815 Y113.576 E112.32442
G1 X104.11 Y112.233 E112.35469
G1 X103.745 Y110.75 E112.38517
G1 X103.733 Y110.528 E112.3896
G1 X103.732 Y109.447 E112.41117
G1 X103.745 Y109.25 E112.41511
G1 X104.11 Y107.767 E112.44559
G1 X104.815 Y106.424 E112.47586
G1 X105.824 Y105.286 E112.50621
G1 X107.075 Y104.423 E112.53654
G1 X108.491 Y103.885 E112.56677
G1 X110 Y103.702 E112.59711
G1 X111.508 Y103.885 E112.62742
G1 X112.925 Y104.423 E112.65767
G1 X114.176 Y105.286 E112.688
G1 X115.184 Y106.424 E112.71833
G1 X115.889 Y107.767 E112.7486
G1 X116.254 Y109.251 E112.7791
G1 X116.3 Y109.993 E112.79394
G1 X116.299 Y110.041 E112.79489
G1 X116.26 Y110.69 E112.80787
G1 X116.254 Y110.75 E112.80907
G1 X115.889 Y112.233 E112.83955
G1 X115.184 Y113.576 E112.86982
G1 X114.176 Y114.714 E112.90016
G1 X112.925 Y115.577 E112.93049
G1 X111.508 Y116.115 E112.96073
G1 X110 Y116.298 E112.99105
G0 F9000 X110 Y115.858
G0 X110 Y115.098
;TYPE:SKIN
G1 F1500 X108.779 Y114.951 E113.01559
G1 X107.629 Y114.514 E113.04014
G1 X106.617 Y113.816 E113.06468
G1 X105.801 Y112.895 E113.08923
G1 X105.23 Y111.809 E113.11372
G1 X104.927 Y110.574 E113.13909
G1 X104.923 Y110.505 E113.14047
G1 X104.922 Y109.497 E113.16059
G1 X104.927 Y109.426 E113.16201
G1 X105.23 Y108.192 E113.18737
G1 X105.801 Y107.105 E113.21187
G1 X106.617 Y106.184 E113.23642
G1 X107.629 Y105.486 E113.26096
G1 X108.779 Y105.049 E113.28551
G1 X110 Y104.902 E113.31005
G1 X111.222 Y105.049 E113.33461
G1 X112.37 Y105.485 E113.35912
G1 X113.383 Y106.184 E113.38368
G1 X114.198 Y107.105 E113.40822
G1 X114.769 Y108.191 E113.43271
G1 X115.072 Y109.426 E113.45808
G1 X115.108 Y110 E113.46956
G1 X115.076 Y110.558 E113.48072
G1 X114.769 Y111.808 E113.5064
G1 X114.198 Y112.896 E113.53092
G1 X113.383 Y113.816 E113.55545
G1 X112.37 Y114.515 E113.58001
G1 X111.222 Y114.951 E113.60452
G1 X110 Y115.098 E113.62908
G0 F9000 X109.966 Y115.377
G0 X111.272 Y115.166
G0 X112.243 Y114.799
G0 X113.104 Y114.348
G0 X112.854 Y113.984
G1 F1500 X114.096 Y112.743 E113.66412
G0 F9000 X114.486 Y112.948
G0 X115.076 Y111.73
G0 X114.648 Y111.625
G1 F1500 X111.661 Y114.612 E113.74842
G0 F9000 X110.877 Y114.83
G1 F1500 X114.833 Y110.875 E113.86005
G0 F9000 X114.934 Y110.208
G1 F1500 X110.235 Y114.906 E113.99265
G0 F9000 X109.68 Y114.897
G1 F1500 X114.924 Y109.652 E114.14066
G0 F9000 X114.843 Y109.168
G1 F1500 X109.174 Y114.836 E114.30064
G0 F9000 X108.696 Y114.749
G1 F1500 X114.732 Y108.713 E114.47099
G0 F9000 X114.62 Y108.259
G1 F1500 X108.287 Y114.593 E114.64973
G0 F9000 X107.877 Y114.436
G1 F1500 X114.427 Y107.886 E114.83459
G0 F9000 X114.232 Y107.516
G1 F1500 X107.511 Y114.237 E115.02427
G0 F9000 X107.176 Y114.006
G1 F1500 X114.027 Y107.155 E115.21762
G0 F9000 X113.762 Y106.855
G1 F1500 X106.841 Y113.776 E115.41295
G0 F9000 X106.551 Y113.499
G1 F1500 X113.496 Y106.555 E115.60894
G0 F9000 X113.219 Y106.266
G1 F1500 X106.285 Y113.2 E115.80463
G0 F9000 X106.02 Y112.899
G1 F1500 X112.885 Y106.034 E115.99837
G0 F9000 X112.55 Y105.804
G1 F1500 X105.802 Y112.552 E116.18882
G0 F9000 X105.607 Y112.181
G1 F1500 X112.198 Y105.59 E116.37483
G0 F9000 X111.787 Y105.435
G1 F1500 X105.412 Y111.81 E116.55474
G0 F9000 X105.287 Y111.37
G1 F1500 X111.377 Y105.279 E116.72663
G0 F9000 X110.918 Y105.173
G1 F1500 X105.175 Y110.916 E116.88871
G0 F9000 X105.082 Y110.443
G1 F1500 X110.412 Y105.113 E117.03914
G0 F9000 X109.882 Y105.077
G1 F1500 X105.082 Y109.878 E117.17462
G0 F9000 X105.131 Y109.263
G1 F1500 X109.239 Y105.155 E117.29055
G0 F9000 X108.505 Y105.323
G1 F1500 X105.315 Y108.513 E117.38058
G0 F9000 X104.89 Y108.409
G0 X105.398 Y107.273
G0 X105.786 Y107.477
G1 F1500 X107.481 Y105.781 E117.42843
G0 F9000 X107.062 Y105.172
;MESH:NONMESH
G0 F300 X107.062 Y105.172 Z3.24
G0 F9000 X105.622 Y106.976
G0 X105.023 Y108.117
G0 X104.703 Y109.469
G0 X104.709 Y110.605
G0 X105.023 Y111.884
G0 X105.622 Y113.024
G0 X106.469 Y113.98
G0 X107.528 Y114.711
G0 X108.5 Y115.079
G0 X110 Y115.492
;TIME_ELAPSED:395.116318
;LAYER:26
;TYPE:WALL-INNER
;MESH:carrucola plisse.stl
G1 F1500 X108.685 Y115.333 E117.45487
G1 X107.447 Y114.863 E117.48129
G1 X106.356 Y114.11 E117.50775
G1 X105.479 Y113.12 E117.53414
G1 X104.862 Y111.945 E117.56062
G1 X104.539 Y110.63 E117.58765
G1 X104.532 Y110.537 E117.58951
G1 X104.53 Y109.497 E117.61026
G1 X104.539 Y109.37 E117.6128
G1 X104.862 Y108.055 E117.63983
G1 X105.479 Y106.88 E117.66631
G1 X106.356 Y105.89 E117.6927
G1 X107.447 Y105.137 E117.71916
G1 X108.685 Y104.667 E117.74558
G1 X110 Y104.508 E117.77202
G1 X111.314 Y104.667 E117.79843
G1 X112.553 Y105.137 E117.82488
G1 X113.644 Y105.89 E117.85133
G1 X114.52 Y106.879 E117.8777
G1 X115.137 Y108.054 E117.90418
G1 X115.46 Y109.37 E117.93122
G1 X115.5 Y110 E117.94382
G1 X115.465 Y110.601 E117.95583
G1 X115.463 Y110.617 E117.95615
G1 X115.137 Y111.945 E117.98344
G1 X114.52 Y113.121 E118.00995
G1 X113.644 Y114.11 E118.03631
G1 X112.553 Y114.863 E118.06277
G1 X111.314 Y115.333 E118.08921
G1 X110 Y115.492 E118.11562
G0 F9000 X110 Y115.895
G1 F1500 X108.588 Y115.724 E118.14401
G1 X107.261 Y115.22 E118.17234
G1 X106.09 Y114.412 E118.20073
G1 X106.058 Y114.375 E118.2017
G1 X105.147 Y113.348 E118.2291
G1 X104.486 Y112.089 E118.25748
G1 X104.475 Y112.041 E118.25846
G1 X104.152 Y110.726 E118.28548
G1 X104.142 Y110.689 E118.28625
G1 X104.132 Y110.554 E118.28895
G1 X104.13 Y109.484 E118.3103
G1 X104.142 Y109.311 E118.31376
G1 X104.486 Y107.911 E118.34253
G1 X105.147 Y106.652 E118.37091
G1 X106.057 Y105.626 E118.39828
G1 X106.09 Y105.588 E118.39928
G1 X106.129 Y105.562 E118.40022
G1 X107.261 Y104.78 E118.42767
G1 X108.588 Y104.276 E118.456
G1 X110 Y104.105 E118.48438
G1 X111.411 Y104.276 E118.51275
G1 X112.739 Y104.78 E118.54109
G1 X113.91 Y105.588 E118.56949
G1 X114.818 Y106.614 E118.59683
G1 X114.852 Y106.652 E118.59784
G1 X115.513 Y107.911 E118.62622
G1 X115.524 Y107.958 E118.62718
G1 X115.857 Y109.31 E118.65497
G1 X115.898 Y109.975 E118.66827
G1 X115.9 Y109.996 E118.66869
G1 X115.899 Y110.04 E118.66957
G1 X115.863 Y110.641 E118.68158
G1 X115.859 Y110.681 E118.68238
G1 X115.513 Y112.089 E118.71132
G1 X114.852 Y113.348 E118.7397
G1 X114.819 Y113.385 E118.74068
G1 X113.91 Y114.412 E118.76805
G1 X113.871 Y114.438 E118.76899
G1 X112.739 Y115.22 E118.79645
G1 X111.411 Y115.724 E118.82479
G1 X110 Y115.895 E118.85316
G0 F9000 X110 Y116.298
;TYPE:WALL-OUTER
G1 F1500 X108.491 Y116.115 E118.88349
G1 X107.075 Y115.577 E118.91372
G1 X105.824 Y114.714 E118.94405
G1 X104.815 Y113.576 E118.9744
G1 X104.11 Y112.233 E119.00467
G1 X103.745 Y110.75 E119.03515
G1 X103.732 Y110.57 E119.03875
G1 X103.73 Y109.472 E119.06066
G1 X103.745 Y109.25 E119.0651
G1 X104.11 Y107.767 E119.09558
G1 X104.815 Y106.424 E119.12585
G1 X105.824 Y105.286 E119.1562
G1 X107.075 Y104.423 E119.18653
G1 X108.491 Y103.885 E119.21676
G1 X110 Y103.702 E119.24709
G1 X111.508 Y103.885 E119.27741
G1 X112.925 Y104.423 E119.30765
G1 X114.176 Y105.286 E119.33798
G1 X115.184 Y106.424 E119.36832
G1 X115.889 Y107.767 E119.39859
G1 X116.254 Y109.25 E119.42907
G1 X116.3 Y109.991 E119.44388
G1 X116.299 Y110.047 E119.445
G1 X116.261 Y110.681 E119.45768
G1 X116.254 Y110.75 E119.45906
G1 X115.889 Y112.233 E119.48954
G1 X115.184 Y113.576 E119.51981
G1 X114.176 Y114.714 E119.55015
G1 X112.925 Y115.577 E119.58047
G1 X111.508 Y116.115 E119.61072
G1 X110 Y116.298 E119.64104
G0 F9000 X110 Y115.858
G0 X110 Y115.098
;TYPE:SKIN
G1 F1500 X108.779 Y114.951 E119.66558
G1 X107.629 Y114.514 E119.69013
G1 X106.617 Y113.816 E119.71466
G1 X105.801 Y112.895 E119.73922
G1 X105.23 Y111.808 E119.76372
G1 X104.924 Y110.562 E119.78933
G1 X104.922 Y110.537 E119.78983
G1 X104.92 Y109.497 E119.81058
G1 X104.924 Y109.438 E119.81176
G1 X105.23 Y108.192 E119.83736
G1 X105.801 Y107.105 E119.86187
G1 X106.617 Y106.184 E119.88642
G1 X107.629 Y105.486 E119.91096
G1 X108.779 Y105.049 E119.93551
G1 X110 Y104.902 E119.96005
G1 X111.222 Y105.049 E119.98461
G1 X112.37 Y105.485 E120.00912
G1 X113.383 Y106.184 E120.03368
G1 X114.198 Y107.104 E120.05821
G1 X114.769 Y108.191 E120.08271
G1 X115.072 Y109.426 E120.10809
G1 X115.108 Y110 E120.11956
G1 X115.076 Y110.555 E120.13066
G1 X114.769 Y111.808 E120.1564
G1 X114.198 Y112.896 E120.18092
G1 X113.383 Y113.816 E120.20545
G1 X112.37 Y114.515 E120.23001
G1 X111.222 Y114.951 E120.25452
G1 X110 Y115.098 E120.27908
G0 F9000 X109.966 Y115.377
G0 X108.728 Y115.166
G0 X108.048 Y114.909
G0 X107.059 Y114.46
G0 X107.309 Y114.098
G1 F1500 X105.843 Y112.631 E120.32047
G0 F9000 X105.454 Y112.834
G0 X104.905 Y111.657
G0 X105.332 Y111.554
G1 F1500 X108.42 Y114.643 E120.40763
G0 F9000 X109.18 Y114.836
G1 F1500 X105.148 Y110.805 E120.52141
G0 F9000 X105.081 Y110.172
G1 F1500 X109.822 Y114.914 E120.65522
G0 F9000 X110.365 Y114.89
G1 F1500 X105.08 Y109.605 E120.80438
G0 F9000 X105.164 Y109.124
G1 F1500 X110.87 Y114.83 E120.96541
G0 F9000 X111.339 Y114.733
G1 F1500 X105.276 Y108.67 E121.13653
G0 F9000 X105.393 Y108.221
G1 F1500 X111.749 Y114.578 E121.31592
G0 F9000 X112.159 Y114.422
G1 F1500 X105.588 Y107.851 E121.50137
G0 F9000 X105.783 Y107.48
G1 F1500 X112.519 Y114.216 E121.69147
G0 F9000 X112.853 Y113.984
G1 F1500 X105.995 Y107.126 E121.88502
G0 F9000 X106.261 Y106.826
G1 F1500 X113.187 Y113.753 E122.0805
G0 F9000 X113.472 Y113.472
G1 F1500 X106.526 Y106.526 E122.27653
G0 F9000 X106.811 Y106.245
G1 F1500 X113.738 Y113.172 E122.47203
G0 F9000 X114.003 Y112.872
G1 F1500 X107.145 Y106.014 E122.66557
G0 F9000 X107.48 Y105.783
G1 F1500 X114.215 Y112.518 E122.85565
G0 F9000 X114.41 Y112.147
G1 F1500 X107.839 Y105.576 E123.0411
G0 F9000 X108.249 Y105.421
G1 F1500 X114.605 Y111.776 E123.22046
G0 F9000 X114.722 Y111.328
G1 F1500 X108.659 Y105.265 E123.39158
G0 F9000 X109.128 Y105.168
G1 F1500 X114.833 Y110.873 E123.55258
G0 F9000 X114.923 Y110.398
G1 F1500 X109.634 Y105.108 E123.70186
G0 F9000 X110.176 Y105.085
G1 F1500 X114.937 Y109.846 E123.83623
G0 F9000 X114.85 Y109.193
G1 F1500 X110.819 Y105.163 E123.94998
G0 F9000 X111.578 Y105.356
G1 F1500 X114.666 Y108.444 E124.03713
G0 F9000 X115.094 Y108.34
G0 X114.545 Y107.164
G0 X114.155 Y107.367
G1 F1500 X112.688 Y105.9 E124.07853
G0 F9000 X113.11 Y105.291
;MESH:NONMESH
G0 F300 X113.11 Y105.291 Z3.36
G0 F9000 X114.377 Y106.975
G0 X114.976 Y108.116
G0 X115.29 Y109.394
G0 X115.295 Y110.585
G0 X114.976 Y111.883
G0 X114.377 Y113.025
G0 X113.531 Y113.98
G0 X112.471 Y114.712
G0 X111.5 Y115.079
G0 X110 Y115.492
;TIME_ELAPSED:411.508326
;LAYER:27
;TYPE:WALL-INNER
;MESH:carrucola plisse.stl
G1 F1500 X108.685 Y115.333 E124.10496
G1 X107.447 Y114.863 E124.13139
G1 X106.356 Y114.11 E124.15784
G1 X105.479 Y113.12 E124.18424
G1 X104.862 Y111.946 E124.21071
G1 X104.539 Y110.63 E124.23775
G1 X104.53 Y110.47 E124.24094
G1 X104.529 Y109.517 E124.25996
G1 X104.539 Y109.371 E124.26288
G1 X104.862 Y108.054 E124.28994
G1 X105.479 Y106.88 E124.31641
G1 X106.356 Y105.89 E124.3428
G1 X107.447 Y105.137 E124.36926
G1 X108.685 Y104.667 E124.39569
G1 X110 Y104.508 E124.42212
G1 X111.314 Y104.667 E124.44853
G1 X112.553 Y105.137 E124.47498
G1 X113.644 Y105.89 E124.50143
G1 X114.52 Y106.879 E124.5278
G1 X115.137 Y108.054 E124.55428
G1 X115.46 Y109.37 E124.58132
G1 X115.5 Y109.995 E124.59382
G1 X115.499 Y110.038 E124.59468
G1 X115.464 Y110.618 E124.60628
G1 X115.137 Y111.945 E124.63355
G1 X114.52 Y113.121 E124.66005
G1 X113.644 Y114.11 E124.68642
G1 X112.553 Y114.863 E124.71287
G1 X111.314 Y115.333 E124.73932
G1 X110 Y115.492 E124.76573
G0 F9000 X110 Y115.895
G1 F1500 X108.588 Y115.724 E124.79411
G1 X107.261 Y115.22 E124.82244
G1 X106.09 Y114.412 E124.85083
G1 X106.058 Y114.375 E124.85181
G1 X105.147 Y113.348 E124.8792
G1 X104.486 Y112.089 E124.90758
G1 X104.475 Y112.042 E124.90855
G1 X104.142 Y110.69 E124.93633
G1 X104.132 Y110.492 E124.94029
G1 X104.13 Y110.47 E124.94073
G1 X104.129 Y109.506 E124.95997
G1 X104.142 Y109.31 E124.96389
G1 X104.486 Y107.911 E124.99264
G1 X105.147 Y106.652 E125.02101
G1 X106.057 Y105.626 E125.04838
G1 X106.09 Y105.588 E125.04939
G1 X106.129 Y105.562 E125.05032
G1 X107.261 Y104.78 E125.07778
G1 X108.588 Y104.276 E125.10611
G1 X110 Y104.105 E125.13449
G1 X111.411 Y104.276 E125.16285
G1 X112.739 Y104.78 E125.1912
G1 X113.91 Y105.588 E125.21959
G1 X114.818 Y106.614 E125.24693
G1 X114.852 Y106.652 E125.24795
G1 X115.513 Y107.911 E125.27633
G1 X115.524 Y107.958 E125.27729
G1 X115.857 Y109.31 E125.30508
G1 X115.898 Y109.969 E125.31825
G1 X115.9 Y109.989 E125.31866
G1 X115.899 Y110.045 E125.31977
G1 X115.864 Y110.631 E125.33149
G1 X115.859 Y110.684 E125.33255
G1 X115.513 Y112.089 E125.36143
G1 X114.852 Y113.348 E125.3898
G1 X114.819 Y113.385 E125.39079
G1 X113.91 Y114.412 E125.41816
G1 X113.871 Y114.438 E125.4191
G1 X112.739 Y115.22 E125.44655
G1 X111.411 Y115.724 E125.4749
G1 X110 Y115.895 E125.50326
G0 F9000 X110 Y116.298
;TYPE:WALL-OUTER
G1 F1500 X108.491 Y116.115 E125.5336
G1 X107.075 Y115.577 E125.56383
G1 X105.824 Y114.714 E125.59416
G1 X104.815 Y113.576 E125.62451
G1 X104.11 Y112.233 E125.65478
G1 X103.745 Y110.75 E125.68526
G1 X103.73 Y110.47 E125.69085
G1 X103.729 Y109.495 E125.71031
G1 X103.745 Y109.25 E125.71521
G1 X104.11 Y107.767 E125.74569
G1 X104.815 Y106.424 E125.77596
G1 X105.824 Y105.286 E125.80631
G1 X107.075 Y104.423 E125.83664
G1 X108.491 Y103.885 E125.86686
G1 X110 Y103.702 E125.8972
G1 X111.508 Y103.885 E125.92751
G1 X112.925 Y104.423 E125.95776
G1 X114.176 Y105.286 E125.98809
G1 X115.184 Y106.424 E126.01843
G1 X115.889 Y107.767 E126.0487
G1 X116.254 Y109.25 E126.07917
G1 X116.27 Y109.496 E126.08409
G1 X116.3 Y109.989 E126.09395
G1 X116.299 Y110.053 E126.09523
G1 X116.262 Y110.671 E126.10758
G1 X116.254 Y110.75 E126.10917
G1 X115.889 Y112.233 E126.13965
G1 X115.184 Y113.576 E126.16992
G1 X114.176 Y114.714 E126.20025
G1 X112.925 Y115.577 E126.23058
G1 X111.508 Y116.115 E126.26083
G1 X110 Y116.298 E126.29114
G0 F9000 X110 Y115.858
G0 X110 Y115.098
;TYPE:SKIN
G1 F1500 X108.779 Y114.951 E126.31569
G1 X107.629 Y114.514 E126.34024
G1 X106.617 Y113.816 E126.36477
G1 X105.801 Y112.895 E126.38933
G1 X105.23 Y111.809 E126.41381
G1 X104.927 Y110.574 E126.43919
G1 X104.92 Y110.448 E126.44171
G1 X104.919 Y109.544 E126.45975
G1 X104.927 Y109.427 E126.46209
G1 X105.23 Y108.191 E126.48748
G1 X105.801 Y107.105 E126.51197
G1 X106.617 Y106.184 E126.53652
G1 X107.629 Y105.486 E126.56106
G1 X108.779 Y105.049 E126.58561
G1 X110 Y104.902 E126.61015
G1 X111.222 Y105.049 E126.63471
G1 X112.37 Y105.485 E126.65922
G1 X113.383 Y106.184 E126.68378
G1 X114.198 Y107.104 E126.70831
G1 X114.769 Y108.191 E126.73281
G1 X115.072 Y109.426 E126.75819
G1 X115.109 Y110.015 E126.76996
G1 X115.076 Y110.567 E126.781
G1 X114.771 Y111.804 E126.80643
G1 X114.198 Y112.896 E126.83103
G1 X113.383 Y113.816 E126.85556
G1 X112.37 Y114.515 E126.88012
G1 X111.222 Y114.951 E126.90463
G1 X110 Y115.098 E126.92919
G0 F9000 X109.966 Y115.377
G0 X111.272 Y115.166
G0 X112.243 Y114.799
G0 X113.104 Y114.348
G0 X112.854 Y113.984
G1 F1500 X114.096 Y112.743 E126.96423
G0 F9000 X114.486 Y112.948
G0 X115.076 Y111.729
G0 X114.649 Y111.624
G1 F1500 X111.661 Y114.612 E127.04856
G0 F9000 X110.877 Y114.83
G1 F1500 X114.834 Y110.873 E127.16023
G0 F9000 X114.935 Y110.206
G1 F1500 X110.235 Y114.906 E127.29288
G0 F9000 X109.68 Y114.897
G1 F1500 X114.924 Y109.652 E127.44089
G0 F9000 X114.843 Y109.168
G1 F1500 X109.174 Y114.836 E127.60087
G0 F9000 X108.696 Y114.749
G1 F1500 X114.732 Y108.713 E127.77121
G0 F9000 X114.62 Y108.259
G1 F1500 X108.287 Y114.593 E127.94996
G0 F9000 X107.877 Y114.436
G1 F1500 X114.427 Y107.886 E128.13481
G0 F9000 X114.233 Y107.515
G1 F1500 X107.511 Y114.237 E128.32452
G0 F9000 X107.176 Y114.006
G1 F1500 X114.028 Y107.154 E128.5179
G0 F9000 X113.762 Y106.855
G1 F1500 X106.841 Y113.776 E128.71323
G0 F9000 X106.551 Y113.499
G1 F1500 X113.496 Y106.555 E128.90922
G0 F9000 X113.219 Y106.266
G1 F1500 X106.285 Y113.2 E129.10491
G0 F9000 X106.02 Y112.899
G1 F1500 X112.885 Y106.034 E129.29865
G0 F9000 X112.55 Y105.804
G1 F1500 X105.802 Y112.552 E129.4891
G0 F9000 X105.607 Y112.181
G1 F1500 X112.198 Y105.59 E129.67511
G0 F9000 X111.787 Y105.435
G1 F1500 X105.412 Y111.81 E129.85503
G0 F9000 X105.287 Y111.37
G1 F1500 X111.377 Y105.279 E130.02691
G0 F9000 X110.918 Y105.173
G1 F1500 X105.175 Y110.916 E130.18899
G0 F9000 X105.081 Y110.445
G1 F1500 X110.412 Y105.113 E130.33946
G0 F9000 X109.882 Y105.077
G1 F1500 X105.079 Y109.88 E130.47501
G0 F9000 X105.131 Y109.263
G1 F1500 X109.239 Y105.155 E130.59095
G0 F9000 X108.505 Y105.323
G1 F1500 X105.315 Y108.514 E130.68099
G0 F9000 X104.889 Y108.41
G0 X105.398 Y107.273
G0 X105.786 Y107.477
G1 F1500 X107.481 Y105.781 E130.72884
G0 F9000 X107.062 Y105.172
;MESH:NONMESH
G0 F300 X107.062 Y105.172 Z3.48
G0 F9000 X105.622 Y106.976
G0 X105.023 Y108.116
G0 X104.7 Y109.53
G0 X104.709 Y110.605
G0 X105.023 Y111.884
G0 X105.622 Y113.024
G0 X106.469 Y113.98
G0 X107.528 Y114.711
G0 X108.5 Y115.079
G0 X110 Y115.492
;TIME_ELAPSED:427.912023
;LAYER:28
;TYPE:WALL-INNER
;MESH:carrucola plisse.stl
G1 F1500 X108.685 Y115.333 E130.75527
G1 X107.447 Y114.863 E130.7817
G1 X106.356 Y114.11 E130.80815
G1 X105.479 Y113.12 E130.83455
G1 X104.862 Y111.945 E130.86103
G1 X104.539 Y110.63 E130.88805
G1 X104.529 Y110.504 E130.89058
G1 X104.527 Y109.545 E130.90971
G1 X104.539 Y109.37 E130.91322
G1 X104.862 Y108.054 E130.94026
G1 X105.479 Y106.88 E130.96672
G1 X106.356 Y105.89 E130.99312
G1 X107.447 Y105.137 E131.01957
G1 X108.685 Y104.667 E131.046
G1 X110 Y104.508 E131.07243
G1 X111.314 Y104.667 E131.09885
G1 X112.553 Y105.137 E131.12529
G1 X113.644 Y105.89 E131.15174
G1 X114.52 Y106.879 E131.17811
G1 X115.137 Y108.054 E131.20459
G1 X115.46 Y109.37 E131.23164
G1 X115.5 Y109.999 E131.24421
G1 X115.499 Y110.044 E131.24511
G1 X115.464 Y110.618 E131.25659
G1 X115.137 Y111.945 E131.28386
G1 X114.52 Y113.121 E131.31036
G1 X113.644 Y114.11 E131.33673
G1 X112.553 Y114.863 E131.36318
G1 X111.314 Y115.333 E131.38963
G1 X110 Y115.492 E131.41604
G0 F9000 X110 Y115.895
G1 F1500 X108.588 Y115.724 E131.44443
G1 X107.261 Y115.22 E131.47275
G1 X106.09 Y114.412 E131.50115
G1 X106.058 Y114.375 E131.50212
G1 X105.147 Y113.348 E131.52952
G1 X104.486 Y112.089 E131.55789
G1 X104.475 Y112.041 E131.55888
G1 X104.152 Y110.726 E131.5859
G1 X104.142 Y110.689 E131.58666
G1 X104.129 Y110.523 E131.58999
G1 X104.127 Y109.533 E131.60974
G1 X104.142 Y109.31 E131.6142
G1 X104.486 Y107.911 E131.64295
G1 X105.147 Y106.652 E131.67133
G1 X106.057 Y105.626 E131.6987
G1 X106.09 Y105.588 E131.6997
G1 X106.129 Y105.562 E131.70064
G1 X107.261 Y104.78 E131.7281
G1 X108.588 Y104.276 E131.75642
G1 X110 Y104.105 E131.78481
G1 X111.411 Y104.276 E131.81317
G1 X112.739 Y104.78 E131.84152
G1 X113.91 Y105.588 E131.86991
G1 X114.818 Y106.614 E131.89725
G1 X114.852 Y106.652 E131.89827
G1 X115.513 Y107.911 E131.92664
G1 X115.524 Y107.958 E131.92761
G1 X115.857 Y109.31 E131.9554
G1 X115.898 Y109.973 E131.96865
G1 X115.9 Y109.993 E131.96905
G1 X115.899 Y110.051 E131.97021
G1 X115.865 Y110.621 E131.98161
G1 X115.859 Y110.684 E131.98287
G1 X115.513 Y112.089 E132.01174
G1 X114.852 Y113.348 E132.04012
G1 X114.819 Y113.385 E132.04111
G1 X113.91 Y114.412 E132.06848
G1 X113.871 Y114.438 E132.06942
G1 X112.739 Y115.22 E132.09687
G1 X111.411 Y115.724 E132.12522
G1 X110 Y115.895 E132.15358
G0 F9000 X110 Y116.298
;TYPE:WALL-OUTER
G1 F1500 X108.491 Y116.115 E132.18392
G1 X107.075 Y115.577 E132.21415
G1 X105.824 Y114.714 E132.24447
G1 X104.815 Y113.576 E132.27483
G1 X104.11 Y112.233 E132.30509
G1 X103.745 Y110.75 E132.33557
G1 X103.729 Y110.54 E132.33978
G1 X103.727 Y109.521 E132.36011
G1 X103.745 Y109.25 E132.36553
G1 X104.11 Y107.767 E132.39601
G1 X104.815 Y106.424 E132.42628
G1 X105.824 Y105.286 E132.45663
G1 X107.075 Y104.423 E132.48696
G1 X108.491 Y103.885 E132.51719
G1 X110 Y103.702 E132.54752
G1 X111.508 Y103.885 E132.57784
G1 X112.925 Y104.423 E132.60808
G1 X114.176 Y105.286 E132.63841
G1 X115.184 Y106.424 E132.66875
G1 X115.889 Y107.767 E132.69902
G1 X116.254 Y109.25 E132.7295
G1 X116.271 Y109.52 E132.7349
G1 X116.3 Y109.987 E132.74423
G1 X116.299 Y110.059 E132.74567
G1 X116.263 Y110.662 E132.75773
G1 X116.254 Y110.75 E132.75949
G1 X115.889 Y112.233 E132.78997
G1 X115.184 Y113.576 E132.82024
G1 X114.176 Y114.714 E132.85058
G1 X112.925 Y115.577 E132.88091
G1 X111.508 Y116.115 E132.91115
G1 X110 Y116.298 E132.94147
G0 F9000 X110 Y115.858
G0 X110 Y115.098
;TYPE:SKIN
G1 F1500 X108.779 Y114.951 E132.96601
G1 X107.629 Y114.514 E132.99056
G1 X106.617 Y113.816 E133.01509
G1 X105.801 Y112.895 E133.03965
G1 X105.23 Y111.808 E133.06415
G1 X104.924 Y110.561 E133.08978
G1 X104.919 Y110.504 E133.09092
G1 X104.917 Y109.572 E133.10952
G1 X104.927 Y109.426 E133.11244
G1 X105.23 Y108.191 E133.13781
G1 X105.801 Y107.105 E133.1623
G1 X106.617 Y106.184 E133.18686
G1 X107.629 Y105.486 E133.21139
G1 X108.779 Y105.049 E133.23594
G1 X110 Y104.902 E133.26048
G1 X111.222 Y105.049 E133.28504
G1 X112.37 Y105.485 E133.30955
G1 X113.383 Y106.184 E133.33411
G1 X114.198 Y107.104 E133.35864
G1 X114.769 Y108.191 E133.38314
G1 X115.072 Y109.426 E133.40852
G1 X115.109 Y110.02 E133.4204
G1 X115.076 Y110.568 E133.43135
G1 X114.771 Y111.804 E133.45676
G1 X114.198 Y112.896 E133.48137
G1 X113.383 Y113.816 E133.50589
G1 X112.37 Y114.515 E133.53046
G1 X111.222 Y114.951 E133.55496
G1 X110 Y115.098 E133.57952
G0 F9000 X109.966 Y115.377
G0 X108.728 Y115.166
G0 X108.048 Y114.909
G0 X107.059 Y114.46
G0 X107.309 Y114.098
G1 F1500 X105.843 Y112.631 E133.62091
G0 F9000 X105.454 Y112.834
G0 X104.905 Y111.657
G0 X105.332 Y111.554
G1 F1500 X108.42 Y114.643 E133.70808
G0 F9000 X109.18 Y114.836
G1 F1500 X105.149 Y110.806 E133.82182
G0 F9000 X105.077 Y110.168
G1 F1500 X109.822 Y114.914 E133.95575
G0 F9000 X110.365 Y114.89
G1 F1500 X105.076 Y109.602 E134.10501
G0 F9000 X105.164 Y109.124
G1 F1500 X110.87 Y114.83 E134.26604
G0 F9000 X111.339 Y114.733
G1 F1500 X105.276 Y108.67 E134.43715
G0 F9000 X105.393 Y108.221
G1 F1500 X111.749 Y114.578 E134.61655
G0 F9000 X112.159 Y114.422
G1 F1500 X105.588 Y107.851 E134.80199
G0 F9000 X105.783 Y107.48
G1 F1500 X112.519 Y114.216 E134.9921
G0 F9000 X112.853 Y113.984
G1 F1500 X105.995 Y107.126 E135.18565
G0 F9000 X106.261 Y106.826
G1 F1500 X113.187 Y113.753 E135.38113
G0 F9000 X113.472 Y113.472
G1 F1500 X106.526 Y106.526 E135.57716
G0 F9000 X106.811 Y106.245
G1 F1500 X113.738 Y113.172 E135.77265
G0 F9000 X114.003 Y112.872
G1 F1500 X107.145 Y106.014 E135.9662
G0 F9000 X107.48 Y105.783
G1 F1500 X114.215 Y112.518 E136.15628
G0 F9000 X114.409 Y112.147
G1 F1500 X107.839 Y105.576 E136.34171
G0 F9000 X108.249 Y105.421
G1 F1500 X114.604 Y111.775 E136.52105
G0 F9000 X114.723 Y111.329
G1 F1500 X108.659 Y105.265 E136.69219
G0 F9000 X109.128 Y105.168
G1 F1500 X114.835 Y110.875 E136.85325
G0 F9000 X114.926 Y110.4
G1 F1500 X109.634 Y105.108 E137.0026
G0 F9000 X110.176 Y105.085
G1 F1500 X114.937 Y109.846 E137.13697
G0 F9000 X114.851 Y109.194
G1 F1500 X110.819 Y105.163 E137.25075
G0 F9000 X111.578 Y105.356
G1 F1500 X114.666 Y108.444 E137.3379
G0 F9000 X115.094 Y108.34
G0 X114.545 Y107.164
G0 X114.155 Y107.367
G1 F1500 X112.688 Y105.9 E137.3793
G0 F9000 X113.11 Y105.291
;MESH:NONMESH
G0 F300 X113.11 Y105.291 Z3.6
G0 F9000 X114.377 Y106.975
G0 X114.976 Y108.116
G0 X115.29 Y109.394
G0 X115.294 Y110.594
G0 X114.976 Y111.883
G0 X114.377 Y113.025
G0 X113.531 Y113.98
G0 X112.471 Y114.712
G0 X111.5 Y115.079
G0 X110 Y115.492
;TIME_ELAPSED:444.304739
;LAYER:29
;TYPE:WALL-INNER
;MESH:carrucola plisse.stl
G1 F1500 X108.685 Y115.333 E137.40573
G1 X107.447 Y114.863 E137.43216
G1 X106.356 Y114.11 E137.45861
G1 X105.479 Y113.12 E137.48501
G1 X104.862 Y111.946 E137.51147
G1 X104.539 Y110.629 E137.53853
G1 X104.528 Y110.486 E137.5414
G1 X104.526 Y109.566 E137.55976
G1 X104.539 Y109.37 E137.56368
G1 X104.862 Y108.054 E137.59072
G1 X105.479 Y106.88 E137.61718
G1 X106.356 Y105.89 E137.64358
G1 X107.447 Y105.137 E137.67003
G1 X108.685 Y104.667 E137.69646
G1 X110 Y104.508 E137.72289
G1 X111.314 Y104.667 E137.74931
G1 X112.553 Y105.137 E137.77575
G1 X113.644 Y105.89 E137.8022
G1 X114.52 Y106.879 E137.82857
G1 X115.137 Y108.054 E137.85505
G1 X115.46 Y109.37 E137.8821
G1 X115.5 Y109.992 E137.89453
G1 X115.499 Y110.049 E137.89567
G1 X115.464 Y110.618 E137.90705
G1 X115.137 Y111.945 E137.93432
G1 X114.52 Y113.121 E137.96083
G1 X113.644 Y114.11 E137.98719
G1 X112.553 Y114.863 E138.01364
G1 X111.314 Y115.333 E138.04009
G1 X110 Y115.492 E138.0665
G0 F9000 X110 Y115.895
G1 F1500 X108.588 Y115.724 E138.09489
G1 X107.261 Y115.22 E138.12321
G1 X106.09 Y114.412 E138.15161
G1 X106.058 Y114.375 E138.15258
G1 X105.147 Y113.348 E138.17998
G1 X104.486 Y112.09 E138.20834
G1 X104.475 Y112.042 E138.20932
G1 X104.142 Y110.688 E138.23715
G1 X104.128 Y110.503 E138.24085
G1 X104.126 Y109.556 E138.25975
G1 X104.142 Y109.31 E138.26467
G1 X104.486 Y107.911 E138.29342
G1 X105.147 Y106.652 E138.32179
G1 X106.057 Y105.626 E138.34916
G1 X106.09 Y105.588 E138.35017
G1 X106.129 Y105.562 E138.3511
G1 X107.261 Y104.78 E138.37856
G1 X108.588 Y104.276 E138.40689
G1 X110 Y104.105 E138.43527
G1 X111.411 Y104.276 E138.46363
G1 X112.739 Y104.78 E138.49198
G1 X113.91 Y105.588 E138.52037
G1 X114.818 Y106.614 E138.54771
G1 X114.852 Y106.652 E138.54873
G1 X115.513 Y107.911 E138.57711
G1 X115.524 Y107.958 E138.57807
G1 X115.857 Y109.31 E138.60586
G1 X115.898 Y109.966 E138.61897
G1 X115.9 Y109.985 E138.61936
G1 X115.899 Y110.057 E138.62079
G1 X115.866 Y110.612 E138.63189
G1 X115.859 Y110.684 E138.63333
G1 X115.513 Y112.089 E138.66221
G1 X114.852 Y113.348 E138.69058
G1 X114.819 Y113.385 E138.69157
G1 X113.91 Y114.412 E138.71894
G1 X113.871 Y114.438 E138.71988
G1 X112.739 Y115.22 E138.74734
G1 X111.411 Y115.724 E138.77568
G1 X110 Y115.895 E138.80405
G0 F9000 X110 Y116.298
;TYPE:WALL-OUTER
G1 F1500 X108.491 Y116.115 E138.83438
G1 X107.075 Y115.577 E138.86461
G1 X105.824 Y114.714 E138.89494
G1 X104.815 Y113.576 E138.92529
G1 X104.11 Y112.233 E138.95556
G1 X103.745 Y110.749 E138.98606
G1 X103.728 Y110.519 E138.99066
G1 X103.726 Y109.546 E139.01008
G1 X103.745 Y109.25 E139.01599
G1 X104.11 Y107.767 E139.04647
G1 X104.815 Y106.424 E139.07674
G1 X105.824 Y105.286 E139.10709
G1 X107.075 Y104.423 E139.13742
G1 X108.491 Y103.885 E139.16765
G1 X110 Y103.702 E139.19799
G1 X111.508 Y103.885 E139.2283
G1 X112.925 Y104.423 E139.25855
G1 X114.176 Y105.286 E139.28888
G1 X115.184 Y106.424 E139.31921
G1 X115.889 Y107.767 E139.34948
G1 X116.254 Y109.25 E139.37996
G1 X116.273 Y109.544 E139.38584
G1 X116.3 Y109.985 E139.39466
G1 X116.299 Y110.065 E139.39625
G1 X116.264 Y110.653 E139.40801
G1 X116.254 Y110.75 E139.40996
G1 X115.889 Y112.233 E139.44043
G1 X115.184 Y113.576 E139.4707
G1 X114.176 Y114.714 E139.50104
G1 X112.925 Y115.577 E139.53137
G1 X111.508 Y116.115 E139.56162
G1 X110 Y116.298 E139.59193
G0 F9000 X110 Y115.858
G0 X110 Y115.098
;TYPE:SKIN
G1 F1500 X108.779 Y114.951 E139.61647
G1 X107.629 Y114.514 E139.64102
G1 X106.617 Y113.816 E139.66556
G1 X105.801 Y112.895 E139.69011
G1 X105.23 Y111.809 E139.7146
G1 X104.924 Y110.56 E139.74026
G1 X104.918 Y110.486 E139.74174
G1 X104.916 Y109.592 E139.75958
G1 X104.927 Y109.426 E139.7629
G1 X105.23 Y108.191 E139.78828
G1 X105.801 Y107.105 E139.81277
G1 X106.617 Y106.184 E139.83732
G1 X107.629 Y105.486 E139.86185
G1 X108.779 Y105.049 E139.88641
G1 X110 Y104.902 E139.91095
G1 X111.222 Y105.049 E139.93551
G1 X112.37 Y105.485 E139.96002
G1 X113.383 Y106.184 E139.98458
G1 X114.198 Y107.104 E140.0091
G1 X114.769 Y108.191 E140.03361
G1 X115.072 Y109.426 E140.05898
G1 X115.11 Y110.011 E140.07068
G1 X115.076 Y110.566 E140.08178
G1 X114.771 Y111.804 E140.10722
G1 X114.198 Y112.896 E140.13183
G1 X113.383 Y113.816 E140.15636
G1 X112.37 Y114.515 E140.18092
G1 X111.222 Y114.951 E140.20543
G1 X110 Y115.098 E140.22999
G0 F9000 X109.966 Y115.377
G0 X111.272 Y115.166
G0 X112.243 Y114.799
G0 X113.104 Y114.348
G0 X112.854 Y113.984
G1 F1500 X114.096 Y112.743 E140.26503
G0 F9000 X114.486 Y112.948
G0 X115.076 Y111.729
G0 X114.649 Y111.624
G1 F1500 X111.661 Y114.612 E140.34936
G0 F9000 X110.877 Y114.83
G1 F1500 X114.835 Y110.872 E140.46106
G0 F9000 X114.935 Y110.206
G1 F1500 X110.235 Y114.906 E140.5937
G0 F9000 X109.68 Y114.897
G1 F1500 X114.925 Y109.651 E140.74174
G0 F9000 X114.843 Y109.168
G1 F1500 X109.174 Y114.836 E140.90172
G0 F9000 X108.696 Y114.749
G1 F1500 X114.732 Y108.713 E141.07207
G0 F9000 X114.62 Y108.259
G1 F1500 X108.287 Y114.593 E141.25081
G0 F9000 X107.877 Y114.436
G1 F1500 X114.427 Y107.886 E141.43567
G0 F9000 X114.233 Y107.515
G1 F1500 X107.511 Y114.237 E141.62538
G0 F9000 X107.176 Y114.006
G1 F1500 X114.028 Y107.154 E141.81876
G0 F9000 X113.762 Y106.855
G1 F1500 X106.841 Y113.776 E142.01408
G0 F9000 X106.551 Y113.499
G1 F1500 X113.496 Y106.555 E142.21007
G0 F9000 X113.219 Y106.266
G1 F1500 X106.285 Y113.2 E142.40576
G0 F9000 X106.02 Y112.899
G1 F1500 X112.885 Y106.034 E142.59951
G0 F9000 X112.55 Y105.804
G1 F1500 X105.802 Y112.552 E142.78995
G0 F9000 X105.607 Y112.181
G1 F1500 X112.198 Y105.59 E142.97597
G0 F9000 X111.787 Y105.435
G1 F1500 X105.412 Y111.81 E143.15588
G0 F9000 X105.287 Y111.37
G1 F1500 X111.377 Y105.279 E143.32777
G0 F9000 X110.918 Y105.173
G1 F1500 X105.175 Y110.916 E143.48985
G0 F9000 X105.078 Y110.447
G1 F1500 X110.412 Y105.113 E143.64039
G0 F9000 X109.882 Y105.077
G1 F1500 X105.076 Y109.883 E143.77602
G0 F9000 X105.131 Y109.263
G1 F1500 X109.239 Y105.155 E143.89196
G0 F9000 X108.505 Y105.323
G1 F1500 X105.315 Y108.514 E143.982
G0 F9000 X104.889 Y108.41
G0 X105.398 Y107.273
G0 X105.786 Y107.477
G1 F1500 X107.481 Y105.781 E144.02985
G0 F9000 X107.062 Y105.172
;MESH:NONMESH
G0 F300 X107.062 Y105.172 Z3.72
G0 F9000 X105.622 Y106.976
G0 X105.023 Y108.116
G0 X104.697 Y109.579
G0 X104.707 Y110.599
G0 X105.023 Y111.884
G0 X105.622 Y113.024
G0 X106.469 Y113.98
G0 X107.528 Y114.711
G0 X108.5 Y115.079
G0 X110 Y115.492
;TIME_ELAPSED:460.709150
;LAYER:30
;TYPE:WALL-INNER
;MESH:carrucola plisse.stl
G1 F1500 X108.685 Y115.333 E144.05628
G1 X107.447 Y114.863 E144.08271
G1 X106.356 Y114.11 E144.10916
G1 X105.479 Y113.12 E144.13556
G1 X104.862 Y111.945 E144.16204
G1 X104.539 Y110.63 E144.18907
G1 X104.526 Y110.462 E144.19243
G1 X104.524 Y109.591 E144.20981
G1 X104.539 Y109.37 E144.21423
G1 X104.862 Y108.055 E144.24125
G1 X105.479 Y106.88 E144.26774
G1 X106.356 Y105.89 E144.29413
G1 X107.447 Y105.137 E144.32059
G1 X108.685 Y104.667 E144.34701
G1 X110 Y104.508 E144.37344
G1 X111.314 Y104.667 E144.39986
G1 X112.553 Y105.137 E144.4263
G1 X113.644 Y105.89 E144.45276
G1 X114.52 Y106.879 E144.47912
G1 X115.137 Y108.054 E144.50561
G1 X115.46 Y109.37 E144.53265
G1 X115.5 Y109.997 E144.54519
G1 X115.499 Y110.056 E144.54636
G1 X115.469 Y110.564 E144.55652
G1 X115.464 Y110.618 E144.5576
G1 X115.137 Y111.945 E144.58488
G1 X114.52 Y113.121 E144.61138
G1 X113.644 Y114.11 E144.63774
G1 X112.553 Y114.863 E144.6642
G1 X111.314 Y115.333 E144.69064
G1 X110 Y115.492 E144.71706
G0 F9000 X110 Y115.895
G1 F1500 X108.588 Y115.724 E144.74544
G1 X107.261 Y115.22 E144.77377
G1 X106.09 Y114.412 E144.80216
G1 X106.058 Y114.375 E144.80314
G1 X105.147 Y113.348 E144.83053
G1 X104.486 Y112.089 E144.85891
G1 X104.475 Y112.041 E144.85989
G1 X104.152 Y110.726 E144.88691
G1 X104.142 Y110.689 E144.88768
G1 X104.126 Y110.481 E144.89184
G1 X104.124 Y109.579 E144.90984
G1 X104.142 Y109.311 E144.9152
G1 X104.486 Y107.911 E144.94397
G1 X105.147 Y106.652 E144.97235
G1 X106.057 Y105.626 E144.99972
G1 X106.09 Y105.588 E145.00072
G1 X106.129 Y105.562 E145.00166
G1 X107.261 Y104.78 E145.02911
G1 X108.588 Y104.276 E145.05744
G1 X110 Y104.105 E145.08582
G1 X111.411 Y104.276 E145.11419
G1 X112.739 Y104.78 E145.14253
G1 X113.91 Y105.588 E145.17093
G1 X114.818 Y106.614 E145.19827
G1 X114.852 Y106.652 E145.19929
G1 X115.513 Y107.911 E145.22766
G1 X115.524 Y107.958 E145.22863
G1 X115.857 Y109.31 E145.25641
G1 X115.898 Y109.971 E145.26963
G1 X115.9 Y109.991 E145.27003
G1 X115.899 Y110.063 E145.27147
G1 X115.867 Y110.603 E145.28226
G1 X115.859 Y110.684 E145.28389
G1 X115.513 Y112.089 E145.31276
G1 X114.852 Y113.348 E145.34114
G1 X114.819 Y113.385 E145.34213
G1 X113.91 Y114.412 E145.3695
G1 X113.871 Y114.438 E145.37043
G1 X112.739 Y115.22 E145.39789
G1 X111.411 Y115.724 E145.42624
G1 X110 Y115.895 E145.4546
G0 F9000 X110 Y116.298
;TYPE:WALL-OUTER
G1 F1500 X108.491 Y116.115 E145.48494
G1 X107.075 Y115.577 E145.51516
G1 X105.824 Y114.714 E145.54549
G1 X104.815 Y113.576 E145.57584
G1 X104.11 Y112.233 E145.60611
G1 X103.745 Y110.75 E145.63659
G1 X103.726 Y110.498 E145.64163
G1 X103.724 Y109.569 E145.66017
G1 X103.745 Y109.25 E145.66655
G1 X104.11 Y107.767 E145.69703
G1 X104.815 Y106.424 E145.7273
G1 X105.824 Y105.286 E145.75765
G1 X107.075 Y104.423 E145.78798
G1 X108.491 Y103.885 E145.81821
G1 X110 Y103.702 E145.84854
G1 X111.508 Y103.885 E145.87886
G1 X112.925 Y104.423 E145.90911
G1 X114.176 Y105.286 E145.93944
G1 X115.184 Y106.424 E145.96977
G1 X115.889 Y107.767 E146.00004
G1 X116.254 Y109.25 E146.03052
G1 X116.274 Y109.568 E146.03688
G1 X116.3 Y109.984 E146.0452
G1 X116.299 Y110.071 E146.04693
G1 X116.265 Y110.644 E146.05839
G1 X116.254 Y110.75 E146.06052
G1 X115.889 Y112.233 E146.09099
G1 X115.184 Y113.576 E146.12126
G1 X114.176 Y114.714 E146.1516
G1 X112.925 Y115.577 E146.18193
G1 X111.508 Y116.115 E146.21218
G1 X110 Y116.298 E146.24249
G0 F9000 X110 Y115.858
G0 X110 Y115.098
;TYPE:SKIN
G1 F1500 X108.779 Y114.951 E146.26703
G1 X107.629 Y114.514 E146.29158
G1 X106.617 Y113.816 E146.31612
G1 X105.801 Y112.895 E146.34067
G1 X105.23 Y111.808 E146.36518
G1 X104.924 Y110.561 E146.3908
G1 X104.916 Y110.462 E146.39278
G1 X104.914 Y109.618 E146.40962
G1 X104.927 Y109.426 E146.41347
G1 X105.23 Y108.192 E146.43882
G1 X105.801 Y107.105 E146.46333
G1 X106.617 Y106.184 E146.48788
G1 X107.629 Y105.486 E146.51241
G1 X108.779 Y105.049 E146.53697
G1 X110 Y104.902 E146.56151
G1 X111.222 Y105.049 E146.58607
G1 X112.37 Y105.485 E146.61058
G1 X113.383 Y106.184 E146.63514
G1 X114.198 Y107.104 E146.65966
G1 X114.769 Y108.191 E146.68417
G1 X115.072 Y109.426 E146.70954
G1 X115.11 Y110.016 E146.72134
G1 X115.078 Y110.559 E146.7322
G1 X114.771 Y111.804 E146.75779
G1 X114.198 Y112.896 E146.7824
G1 X113.383 Y113.816 E146.80692
G1 X112.37 Y114.515 E146.83149
G1 X111.222 Y114.951 E146.85599
G1 X110 Y115.098 E146.88055
G0 F9000 X109.966 Y115.377
G0 X108.728 Y115.166
G0 X108.048 Y114.909
G0 X107.059 Y114.46
G0 X107.309 Y114.098
G1 F1500 X105.843 Y112.631 E146.92194
G0 F9000 X105.454 Y112.834
G0 X104.905 Y111.658
G0 X105.332 Y111.554
G1 F1500 X108.42 Y114.643 E147.00911
G0 F9000 X109.18 Y114.836
G1 F1500 X105.148 Y110.805 E147.12288
G0 F9000 X105.074 Y110.165
G1 F1500 X109.822 Y114.914 E147.2569
G0 F9000 X110.365 Y114.89
G1 F1500 X105.075 Y109.6 E147.40619
G0 F9000 X105.164 Y109.124
G1 F1500 X110.87 Y114.83 E147.56723
G0 F9000 X111.339 Y114.733
G1 F1500 X105.276 Y108.67 E147.73834
G0 F9000 X105.393 Y108.221
G1 F1500 X111.749 Y114.578 E147.91773
G0 F9000 X112.159 Y114.422
G1 F1500 X105.588 Y107.851 E148.10318
G0 F9000 X105.783 Y107.48
G1 F1500 X112.519 Y114.216 E148.29329
G0 F9000 X112.853 Y113.984
G1 F1500 X105.995 Y107.126 E148.48683
G0 F9000 X106.261 Y106.826
G1 F1500 X113.187 Y113.753 E148.68231
G0 F9000 X113.472 Y113.472
G1 F1500 X106.526 Y106.526 E148.87834
G0 F9000 X106.811 Y106.245
G1 F1500 X113.738 Y113.172 E149.07384
G0 F9000 X114.003 Y112.872
G1 F1500 X107.145 Y106.014 E149.26739
G0 F9000 X107.48 Y105.783
G1 F1500 X114.215 Y112.518 E149.45746
G0 F9000 X114.409 Y112.147
G1 F1500 X107.839 Y105.576 E149.6429
G0 F9000 X108.249 Y105.421
G1 F1500 X114.604 Y111.775 E149.82223
G0 F9000 X114.723 Y111.329
G1 F1500 X108.659 Y105.265 E149.99337
G0 F9000 X109.128 Y105.168
G1 F1500 X114.835 Y110.875 E150.15444
G0 F9000 X114.926 Y110.401
G1 F1500 X109.634 Y105.108 E150.3038
G0 F9000 X110.176 Y105.085
G1 F1500 X114.938 Y109.846 E150.43818
G0 F9000 X114.851 Y109.194
G1 F1500 X110.819 Y105.163 E150.55196
G0 F9000 X111.578 Y105.356
G1 F1500 X114.666 Y108.444 E150.63911
G0 F9000 X115.094 Y108.34
G0 X114.545 Y107.164
G0 X114.155 Y107.367
G1 F1500 X112.688 Y105.9 E150.68051
G0 F9000 X113.11 Y105.291
;MESH:NONMESH
G0 F300 X113.11 Y105.291 Z3.84
G0 F9000 X114.377 Y106.975
G0 X114.976 Y108.116
G0 X115.29 Y109.394
G0 X115.296 Y110.586
G0 X114.976 Y111.883
G0 X114.377 Y113.025
G0 X113.531 Y113.98
G0 X112.471 Y114.712
G0 X111.5 Y115.079
G0 X110 Y115.492
;TIME_ELAPSED:477.102224
;LAYER:31
;TYPE:WALL-INNER
;MESH:carrucola plisse.stl
G1 F1500 X108.685 Y115.333 E150.70695
G1 X107.447 Y114.863 E150.73337
G1 X106.356 Y114.11 E150.75983
G1 X105.479 Y113.12 E150.78622
G1 X104.862 Y111.945 E150.81271
G1 X104.539 Y110.63 E150.83973
G1 X104.523 Y110.344 E150.84544
G1 X104.522 Y109.619 E150.85991
G1 X104.539 Y109.37 E150.86489
G1 X104.862 Y108.054 E150.89193
G1 X105.479 Y106.88 E150.9184
G1 X106.356 Y105.89 E150.94479
G1 X107.447 Y105.137 E150.97125
G1 X108.685 Y104.667 E150.99768
G1 X110 Y104.508 E151.02411
G1 X111.314 Y104.667 E151.05052
G1 X112.553 Y105.137 E151.07697
G1 X113.644 Y105.89 E151.10342
G1 X114.52 Y106.879 E151.12979
G1 X115.137 Y108.054 E151.15627
G1 X115.46 Y109.37 E151.18331
G1 X115.5 Y109.996 E151.19583
G1 X115.499 Y110.061 E151.19713
G1 X115.47 Y110.55 E151.2069
G1 X115.462 Y110.622 E151.20835
G1 X115.137 Y111.945 E151.23554
G1 X114.52 Y113.121 E151.26204
G1 X113.644 Y114.11 E151.2884
G1 X112.553 Y114.863 E151.31486
G1 X111.314 Y115.333 E151.3413
G1 X110 Y115.492 E151.36772
G0 F9000 X110 Y115.895
G1 F1500 X108.588 Y115.724 E151.3961
G1 X107.261 Y115.22 E151.42443
G1 X106.09 Y114.412 E151.45282
G1 X106.058 Y114.375 E151.4538
G1 X105.147 Y113.348 E151.48119
G1 X104.486 Y112.089 E151.50957
G1 X104.475 Y112.041 E151.51055
G1 X104.152 Y110.726 E151.53757
G1 X104.142 Y110.689 E151.53834
G1 X104.125 Y110.367 E151.54477
G1 X104.123 Y110.348 E151.54516
G1 X104.122 Y109.607 E151.55994
G1 X104.142 Y109.31 E151.56588
G1 X104.486 Y107.911 E151.59463
G1 X105.147 Y106.652 E151.62301
G1 X106.057 Y105.626 E151.65038
G1 X106.09 Y105.588 E151.65138
G1 X106.129 Y105.562 E151.65232
G1 X107.261 Y104.78 E151.67977
G1 X108.588 Y104.276 E151.7081
G1 X110 Y104.105 E151.73649
G1 X111.411 Y104.276 E151.76485
G1 X112.739 Y104.78 E151.7932
G1 X113.91 Y105.588 E151.82159
G1 X114.818 Y106.614 E151.84893
G1 X114.852 Y106.652 E151.84995
G1 X115.513 Y107.911 E151.87832
G1 X115.524 Y107.958 E151.87929
G1 X115.857 Y109.31 E151.90707
G1 X115.898 Y109.97 E151.92027
G1 X115.9 Y109.989 E151.92065
G1 X115.899 Y110.069 E151.92225
G1 X115.868 Y110.593 E151.93272
G1 X115.858 Y110.685 E151.93457
G1 X115.513 Y112.089 E151.96342
G1 X114.852 Y113.348 E151.9918
G1 X114.819 Y113.385 E151.99279
G1 X113.91 Y114.412 E152.02016
G1 X113.871 Y114.438 E152.02109
G1 X112.739 Y115.22 E152.04855
G1 X111.411 Y115.724 E152.0769
G1 X110 Y115.895 E152.10526
G0 F9000 X110 Y116.298
;TYPE:WALL-OUTER
G1 F1500 X108.491 Y116.115 E152.13559
G1 X107.075 Y115.577 E152.16582
G1 X105.824 Y114.714 E152.19615
G1 X104.815 Y113.576 E152.2265
G1 X104.11 Y112.233 E152.25677
G1 X103.745 Y110.75 E152.28725
G1 X103.725 Y110.469 E152.29287
G1 X103.723 Y110.355 E152.29515
G1 X103.722 Y109.595 E152.31031
G1 X103.745 Y109.25 E152.31721
G1 X104.11 Y107.767 E152.34769
G1 X104.815 Y106.424 E152.37796
G1 X105.824 Y105.286 E152.40831
G1 X107.075 Y104.423 E152.43864
G1 X108.491 Y103.885 E152.46887
G1 X110 Y103.702 E152.49921
G1 X111.508 Y103.885 E152.52952
G1 X112.925 Y104.423 E152.55977
G1 X114.176 Y105.286 E152.5901
G1 X115.184 Y106.424 E152.62043
G1 X115.889 Y107.767 E152.6507
G1 X116.254 Y109.25 E152.68118
G1 X116.276 Y109.593 E152.68804
G1 X116.3 Y109.981 E152.6958
G1 X116.299 Y110.077 E152.69771
G1 X116.266 Y110.635 E152.70887
G1 X116.254 Y110.75 E152.71118
G1 X115.889 Y112.233 E152.74165
G1 X115.184 Y113.576 E152.77192
G1 X114.176 Y114.714 E152.80226
G1 X112.925 Y115.577 E152.83259
G1 X111.508 Y116.115 E152.86284
G1 X110 Y116.298 E152.89315
G0 F9000 X110 Y115.858
G0 X110 Y115.098
;TYPE:SKIN
G1 F1500 X108.779 Y114.951 E152.9177
G1 X107.629 Y114.514 E152.94225
G1 X106.617 Y113.816 E152.96678
G1 X105.801 Y112.895 E152.99134
G1 X105.23 Y111.808 E153.01584
G1 X104.927 Y110.574 E153.0412
G1 X104.913 Y110.322 E153.04623
G1 X104.912 Y109.646 E153.05972
G1 X104.927 Y109.426 E153.06412
G1 X105.23 Y108.191 E153.0895
G1 X105.801 Y107.105 E153.11398
G1 X106.617 Y106.184 E153.13854
G1 X107.629 Y105.486 E153.16307
G1 X108.779 Y105.049 E153.18762
G1 X110 Y104.902 E153.21217
G1 X111.222 Y105.049 E153.23673
G1 X112.37 Y105.485 E153.26124
G1 X113.383 Y106.184 E153.2858
G1 X114.198 Y107.104 E153.31032
G1 X114.769 Y108.191 E153.33483
G1 X115.072 Y109.426 E153.3602
G1 X115.11 Y110.021 E153.3721
G1 X115.082 Y110.507 E153.38182
G1 X115.077 Y110.555 E153.38278
G1 X114.769 Y111.808 E153.40853
G1 X114.198 Y112.896 E153.43305
G1 X113.383 Y113.816 E153.45758
G1 X112.37 Y114.515 E153.48214
G1 X111.222 Y114.951 E153.50664
G1 X110 Y115.098 E153.53121
G0 F9000 X109.966 Y115.377
G0 X111.272 Y115.166
G0 X112.243 Y114.799
G0 X113.104 Y114.348
G0 X112.854 Y113.984
G1 F1500 X114.096 Y112.743 E153.56624
G0 F9000 X114.486 Y112.948
G0 X115.075 Y111.73
G0 X114.648 Y111.625
G1 F1500 X111.661 Y114.612 E153.65054
G0 F9000 X110.877 Y114.83
G1 F1500 X114.832 Y110.876 E153.76215
G0 F9000 X114.937 Y110.205
G1 F1500 X110.235 Y114.906 E153.89483
G0 F9000 X109.68 Y114.897
G1 F1500 X114.924 Y109.652 E154.04285
G0 F9000 X114.843 Y109.168
G1 F1500 X109.174 Y114.836 E154.20282
G0 F9000 X108.696 Y114.749
G1 F1500 X114.732 Y108.713 E154.37317
G0 F9000 X114.62 Y108.259
G1 F1500 X108.287 Y114.593 E154.55192
G0 F9000 X107.877 Y114.436
G1 F1500 X114.427 Y107.886 E154.73677
G0 F9000 X114.233 Y107.515
G1 F1500 X107.511 Y114.237 E154.92648
G0 F9000 X107.176 Y114.006
G1 F1500 X114.028 Y107.154 E155.11986
G0 F9000 X113.762 Y106.855
G1 F1500 X106.841 Y113.776 E155.31519
G0 F9000 X106.551 Y113.499
G1 F1500 X113.496 Y106.555 E155.51117
G0 F9000 X113.219 Y106.266
G1 F1500 X106.285 Y113.2 E155.70687
G0 F9000 X106.02 Y112.899
G1 F1500 X112.885 Y106.034 E155.90061
G0 F9000 X112.55 Y105.804
G1 F1500 X105.802 Y112.552 E156.09106
G0 F9000 X105.607 Y112.181
G1 F1500 X112.198 Y105.59 E156.27707
G0 F9000 X111.787 Y105.435
G1 F1500 X105.412 Y111.81 E156.45698
G0 F9000 X105.287 Y111.37
G1 F1500 X111.377 Y105.279 E156.62887
G0 F9000 X110.918 Y105.173
G1 F1500 X105.175 Y110.916 E156.79095
G0 F9000 X105.081 Y110.445
G1 F1500 X110.412 Y105.113 E156.94142
G0 F9000 X109.882 Y105.077
G1 F1500 X105.072 Y109.887 E157.07717
G0 F9000 X105.131 Y109.263
G1 F1500 X109.239 Y105.155 E157.1931
G0 F9000 X108.505 Y105.323
G1 F1500 X105.315 Y108.514 E157.28315
G0 F9000 X104.889 Y108.41
G0 X105.398 Y107.273
G0 X105.786 Y107.477
G1 F1500 X107.481 Y105.781 E157.331
G0 F9000 X107.062 Y105.172
;MESH:NONMESH
G0 F300 X107.062 Y105.172 Z3.96
G0 F9000 X105.622 Y106.976
G0 X105.023 Y108.116
G0 X104.693 Y109.632
G0 X104.709 Y110.604
G0 X105.023 Y111.883
G0 X105.622 Y113.024
G0 X106.469 Y113.98
G0 X107.528 Y114.711
G0 X108.5 Y115.079
G0 X110 Y115.492
;TIME_ELAPSED:493.507324
;LAYER:32
;TYPE:WALL-INNER
;MESH:carrucola plisse.stl
G1 F1500 X108.685 Y115.333 E157.35743
G1 X107.447 Y114.863 E157.38386
G1 X106.356 Y114.11 E157.41031
G1 X105.479 Y113.12 E157.4367
G1 X104.862 Y111.945 E157.46319
G1 X104.539 Y110.63 E157.49021
G1 X104.523 Y110.414 E157.49453
G1 X104.521 Y109.639 E157.51
G1 X104.539 Y109.371 E157.51536
G1 X104.862 Y108.054 E157.54242
G1 X105.479 Y106.88 E157.56889
G1 X106.356 Y105.89 E157.59528
G1 X107.447 Y105.137 E157.62173
G1 X108.685 Y104.667 E157.64816
G1 X110 Y104.508 E157.67459
G1 X111.314 Y104.667 E157.70101
G1 X112.553 Y105.137 E157.72745
G1 X113.644 Y105.89 E157.75391
G1 X114.52 Y106.879 E157.78027
G1 X115.137 Y108.054 E157.80676
G1 X115.46 Y109.37 E157.8338
G1 X115.5 Y109.987 E157.84614
G1 X115.499 Y110.067 E157.84773
G1 X115.47 Y110.55 E157.85739
G1 X115.464 Y110.617 E157.85873
G1 X115.137 Y111.945 E157.88603
G1 X114.52 Y113.121 E157.91253
G1 X113.644 Y114.11 E157.93889
G1 X112.553 Y114.863 E157.96535
G1 X111.314 Y115.333 E157.99179
G1 X110 Y115.492 E158.01821
G0 F9000 X110 Y115.895
G1 F1500 X108.588 Y115.724 E158.04659
G1 X107.261 Y115.22 E158.07492
G1 X106.09 Y114.412 E158.10331
G1 X106.058 Y114.375 E158.10429
G1 X105.147 Y113.348 E158.13168
G1 X104.486 Y112.089 E158.16006
G1 X104.475 Y112.041 E158.16104
G1 X104.152 Y110.726 E158.18806
G1 X104.142 Y110.689 E158.18883
G1 X104.123 Y110.43 E158.19401
G1 X104.121 Y109.629 E158.21
G1 X104.142 Y109.31 E158.21638
G1 X104.486 Y107.911 E158.24513
G1 X105.147 Y106.652 E158.2735
G1 X106.057 Y105.626 E158.30087
G1 X106.09 Y105.588 E158.30188
G1 X106.129 Y105.562 E158.30281
G1 X107.261 Y104.78 E158.33027
G1 X108.588 Y104.276 E158.35859
G1 X110 Y104.105 E158.38698
G1 X111.411 Y104.276 E158.41534
G1 X112.739 Y104.78 E158.44369
G1 X113.91 Y105.588 E158.47208
G1 X114.818 Y106.614 E158.49942
G1 X114.852 Y106.652 E158.50044
G1 X115.513 Y107.911 E158.52882
G1 X115.524 Y107.958 E158.52978
G1 X115.857 Y109.31 E158.55757
G1 X115.898 Y109.961 E158.57058
G1 X115.9 Y109.979 E158.57095
G1 X115.899 Y110.075 E158.57286
G1 X115.868 Y110.587 E158.5831
G1 X115.859 Y110.684 E158.58504
G1 X115.513 Y112.089 E158.61392
G1 X114.852 Y113.348 E158.64229
G1 X114.819 Y113.385 E158.64328
G1 X113.91 Y114.412 E158.67065
G1 X113.871 Y114.438 E158.67159
G1 X112.739 Y115.22 E158.69905
G1 X111.411 Y115.724 E158.72739
G1 X110 Y115.895 E158.75576
G0 F9000 X110 Y116.298
;TYPE:WALL-OUTER
G1 F1500 X108.491 Y116.115 E158.78609
G1 X107.075 Y115.577 E158.81632
G1 X105.824 Y114.714 E158.84665
G1 X104.815 Y113.576 E158.877
G1 X104.11 Y112.233 E158.90727
G1 X103.745 Y110.75 E158.93775
G1 X103.723 Y110.446 E158.94383
G1 X103.721 Y109.619 E158.96033
G1 X103.745 Y109.25 E158.96771
G1 X104.11 Y107.767 E158.99819
G1 X104.815 Y106.424 E159.02846
G1 X105.824 Y105.286 E159.05881
G1 X107.075 Y104.423 E159.08914
G1 X108.491 Y103.885 E159.11937
G1 X110 Y103.702 E159.1497
G1 X111.508 Y103.885 E159.18002
G1 X112.925 Y104.423 E159.21026
G1 X114.176 Y105.286 E159.24059
G1 X115.184 Y106.424 E159.27093
G1 X115.889 Y107.767 E159.3012
G1 X116.254 Y109.25 E159.33168
G1 X116.278 Y109.618 E159.33904
G1 X116.3 Y109.979 E159.34626
G1 X116.299 Y110.083 E159.34833
G1 X116.266 Y110.625 E159.35917
G1 X116.254 Y110.75 E159.36167
G1 X115.889 Y112.233 E159.39215
G1 X115.184 Y113.576 E159.42242
G1 X114.176 Y114.714 E159.45276
G1 X112.925 Y115.577 E159.48309
G1 X111.508 Y116.115 E159.51334
G1 X110 Y116.298 E159.54365
G0 F9000 X110 Y115.858
G0 X110 Y115.098
;TYPE:SKIN
G1 F1500 X108.779 Y114.951 E159.56819
G1 X107.629 Y114.514 E159.59274
G1 X106.617 Y113.816 E159.61728
G1 X105.801 Y112.895 E159.64183
G1 X105.23 Y111.808 E159.66633
G1 X104.924 Y110.562 E159.69194
G1 X104.913 Y110.412 E159.69494
G1 X104.911 Y109.665 E159.70985
G1 X104.927 Y109.428 E159.71459
G1 X105.23 Y108.191 E159.74
G1 X105.801 Y107.105 E159.76449
G1 X106.617 Y106.184 E159.78904
G1 X107.629 Y105.486 E159.81358
G1 X108.779 Y105.049 E159.83813
G1 X110 Y104.902 E159.86267
G1 X111.222 Y105.049 E159.88723
G1 X112.37 Y105.485 E159.91174
G1 X113.383 Y106.184 E159.9363
G1 X114.198 Y107.104 E159.96083
G1 X114.769 Y108.191 E159.98533
G1 X115.072 Y109.426 E160.01071
G1 X115.11 Y110.012 E160.02243
G1 X115.078 Y110.558 E160.03334
G1 X114.771 Y111.804 E160.05895
G1 X114.198 Y112.896 E160.08356
G1 X113.383 Y113.816 E160.10809
G1 X112.37 Y114.515 E160.13265
G1 X111.222 Y114.951 E160.15715
G1 X110 Y115.098 E160.18172
G0 F9000 X109.966 Y115.377
G0 X108.728 Y115.166
G0 X108.048 Y114.909
G0 X107.059 Y114.46
G0 X107.309 Y114.098
G1 F1500 X105.843 Y112.631 E160.2231
G0 F9000 X105.454 Y112.834
G0 X104.905 Y111.657
G0 X105.332 Y111.554
G1 F1500 X108.42 Y114.643 E160.31027
G0 F9000 X109.18 Y114.836
G1 F1500 X105.148 Y110.805 E160.42405
G0 F9000 X105.071 Y110.162
G1 F1500 X109.822 Y114.914 E160.55814
G0 F9000 X110.365 Y114.89
G1 F1500 X105.075 Y109.6 E160.70744
G0 F9000 X105.165 Y109.124
G1 F1500 X110.87 Y114.83 E160.86846
G0 F9000 X111.339 Y114.733
G1 F1500 X105.276 Y108.67 E161.03957
G0 F9000 X105.393 Y108.221
G1 F1500 X111.749 Y114.578 E161.21897
G0 F9000 X112.159 Y114.422
G1 F1500 X105.588 Y107.851 E161.40441
G0 F9000 X105.783 Y107.48
G1 F1500 X112.519 Y114.216 E161.59452
G0 F9000 X112.853 Y113.984
G1 F1500 X105.995 Y107.126 E161.78807
G0 F9000 X106.261 Y106.826
G1 F1500 X113.187 Y113.753 E161.98355
G0 F9000 X113.472 Y113.472
G1 F1500 X106.526 Y106.526 E162.17958
G0 F9000 X106.811 Y106.245
G1 F1500 X113.738 Y113.172 E162.37507
G0 F9000 X114.003 Y112.872
G1 F1500 X107.145 Y106.014 E162.56862
G0 F9000 X107.48 Y105.783
G1 F1500 X114.215 Y112.518 E162.7587
G0 F9000 X114.409 Y112.147
G1 F1500 X107.839 Y105.576 E162.94413
G0 F9000 X108.249 Y105.421
G1 F1500 X114.604 Y111.775 E163.12347
G0 F9000 X114.723 Y111.329
G1 F1500 X108.659 Y105.265 E163.29461
G0 F9000 X109.128 Y105.168
G1 F1500 X114.835 Y110.875 E163.45567
G0 F9000 X114.926 Y110.4
G1 F1500 X109.634 Y105.108 E163.60502
G0 F9000 X110.176 Y105.085
G1 F1500 X114.938 Y109.846 E163.7394
G0 F9000 X114.851 Y109.194
G1 F1500 X110.819 Y105.163 E163.85318
G0 F9000 X111.578 Y105.356
G1 F1500 X114.666 Y108.444 E163.94033
G0 F9000 X115.094 Y108.34
G0 X114.545 Y107.164
G0 X114.155 Y107.367
G1 F1500 X112.688 Y105.9 E163.98173
G0 F9000 X113.11 Y105.291
;MESH:NONMESH
G0 F300 X113.11 Y105.291 Z4.08
G0 F9000 X114.377 Y106.975
G0 X114.976 Y108.116
G0 X115.29 Y109.394
G0 X115.296 Y110.586
G0 X114.976 Y111.883
G0 X114.377 Y113.025
G0 X113.531 Y113.98
G0 X112.471 Y114.712
G0 X111.392 Y115.12
G0 X109.967 Y115.377
G0 X110 Y115.106
;TIME_ELAPSED:509.926872
;LAYER:33
;TYPE:WALL-INNER
;MESH:carrucola plisse.stl
G1 F1134.7 X111.445 Y114.898 E164.01087
G1 X112.761 Y114.296 E164.03975
G1 X113.86 Y113.343 E164.06877
G1 X114.647 Y112.114 E164.0979
G1 X115.048 Y110.744 E164.12638
G1 X115.102 Y109.997 E164.14133
G1 X115.048 Y109.252 E164.15624
G1 X114.641 Y107.874 E164.18491
G1 X113.859 Y106.656 E164.2138
G1 X112.76 Y105.704 E164.24281
G1 X111.433 Y105.099 E164.27192
G1 X110 Y104.894 E164.3008
G1 X108.555 Y105.102 E164.32994
G1 X107.239 Y105.704 E164.35882
G1 X106.14 Y106.657 E164.38785
G1 X105.353 Y107.885 E164.41695
G1 X104.946 Y109.275 E164.44586
G1 X104.946 Y110.727 E164.47483
G1 X105.359 Y112.126 E164.50394
G1 X106.141 Y113.344 E164.53283
G1 X107.24 Y114.296 E164.56184
G1 X108.567 Y114.901 E164.59095
G1 X110 Y115.106 E164.61984
G0 F9000 X110 Y114.702
;TYPE:WALL-OUTER
G1 F1134.7 X111.331 Y114.51 E164.64667
G1 X112.542 Y113.956 E164.67325
G1 X113.554 Y113.079 E164.69997
G1 X114.279 Y111.947 E164.7268
G1 X114.652 Y110.673 E164.75329
G1 X114.701 Y109.997 E164.76682
G1 X114.652 Y109.324 E164.78028
G1 X114.274 Y108.042 E164.80695
G1 X113.554 Y106.921 E164.83354
G1 X112.542 Y106.044 E164.86027
G1 X111.319 Y105.487 E164.88708
G1 X110 Y105.298 E164.91368
G1 X108.669 Y105.49 E164.94051
G1 X107.458 Y106.044 E164.96709
G1 X106.446 Y106.921 E164.99381
G1 X105.721 Y108.053 E165.02064
G1 X105.346 Y109.332 E165.04724
G1 X105.346 Y110.669 E165.07392
G1 X105.726 Y111.958 E165.10073
G1 X106.446 Y113.079 E165.12732
G1 X107.458 Y113.956 E165.15405
G1 X108.681 Y114.513 E165.18086
G1 X110 Y114.702 E165.20746
G0 F9000 X110 Y115.142
G0 X109.181 Y115.393
;TYPE:WALL-INNER
G1 F1134.7 X108.685 Y115.333 E165.21743
G1 X108.64 Y115.316 E165.21839
G1 X108.686 Y115.322 E165.21839
G1 X109.181 Y115.393 E165.21854
G0 F9000 X107.875 Y115.025
G1 F1134.7 X107.447 Y114.863 E165.22767
G1 X107.307 Y114.766 E165.23107
G1 X107.459 Y114.835 E165.23116
G1 X107.875 Y115.025 E165.23151
G0 F9000 X106.644 Y114.308
G1 F1134.7 X106.356 Y114.11 E165.23848
G1 X106.164 Y113.893 E165.24426
G1 X106.381 Y114.08 E165.24452
G1 X106.644 Y114.308 E165.24486
G0 F9000 X105.636 Y113.297
G1 F1134.7 X105.479 Y113.12 E165.24959
G1 X105.285 Y112.75 E165.25792
G1 X105.509 Y113.1 E165.25828
G1 X105.636 Y113.297 E165.25848
G0 F9000 X104.923 Y112.062
G1 F1134.7 X104.862 Y111.946 E165.26109
G1 X104.73 Y111.408 E165.27215
G1 X104.886 Y111.938 E165.27248
G1 X104.923 Y112.062 E165.27255
G0 F9000 X104.546 Y110.659
G1 F1134.7 X104.522 Y110.394 E165.27786
G1 X104.52 Y110.284 E165.28005
G1 X104.519 Y109.667 E165.29236
G1 X104.539 Y109.37 E165.29831
G1 X104.54 Y109.666 E165.29845
G1 X104.543 Y110.283 E165.29915
G1 X104.544 Y110.393 E165.29929
G1 X104.546 Y110.659 E165.29945
G0 F9000 X104.734 Y108.575
G1 F1134.7 X104.862 Y108.055 E165.31013
G1 X104.917 Y107.95 E165.3125
G1 X104.885 Y108.061 E165.31255
G1 X104.734 Y108.575 E165.31285
G0 F9000 X105.284 Y107.252
G1 F1134.7 X105.479 Y106.88 E165.32124
G1 X105.635 Y106.704 E165.32593
G1 X105.51 Y106.899 E165.32611
G1 X105.284 Y107.252 E165.32649
G0 F9000 X106.165 Y106.106
G1 F1134.7 X106.356 Y105.89 E165.33224
G1 X106.638 Y105.696 E165.33907
G1 X106.381 Y105.918 E165.33937
G1 X106.165 Y106.106 E165.33962
G0 F9000 X107.312 Y105.23
G1 F1134.7 X107.447 Y105.137 E165.34289
G1 X107.851 Y104.984 E165.35152
G1 X107.459 Y105.162 E165.35179
G1 X107.312 Y105.23 E165.35188
G0 F9000 X108.635 Y104.686
G1 F1134.7 X108.685 Y104.667 E165.35294
G1 X109.211 Y104.603 E165.36352
G1 X108.687 Y104.678 E165.36365
G1 X108.635 Y104.686 E165.36366
G0 F9000 X111.359 Y104.684
G1 F1134.7 X111.313 Y104.678 E165.36458
G1 X110.822 Y104.607 E165.37448
G1 X111.314 Y104.667 E165.37461
G1 X111.359 Y104.684 E165.37465
G0 F9000 X112.693 Y105.234
G1 F1134.7 X112.541 Y105.165 E165.37799
G1 X112.126 Y104.975 E165.38709
G1 X112.553 Y105.137 E165.38744
G1 X112.693 Y105.234 E165.38761
G0 F9000 X113.835 Y106.106
G1 F1134.7 X113.619 Y105.92 E165.3933
G1 X113.356 Y105.692 E165.40025
G1 X113.644 Y105.89 E165.40061
G1 X113.835 Y106.106 E165.40093
G0 F9000 X114.71 Y107.241
G1 F1134.7 X114.49 Y106.899 E165.40904
G1 X114.366 Y106.706 E165.41362
G1 X114.52 Y106.879 E165.41386
G1 X114.71 Y107.241 E165.41424
G0 F9000 X115.264 Y108.57
G1 F1134.7 X115.114 Y108.063 E165.42479
G1 X115.078 Y107.943 E165.42729
G1 X115.137 Y108.055 E165.42739
G1 X115.264 Y108.57 E165.42773
G0 F9000 X115.476 Y109.628
G1 F1134.7 X115.458 Y109.371 E165.43287
G1 X115.457 Y109.356 E165.43317
G1 X115.46 Y109.37
G1 X115.476 Y109.628 E165.43318
G0 F9000 X115.456 Y110.647
G1 F1134.7 X115.463 Y110.54 E165.43532
G1 X115.497 Y110.073 E165.44467
G1 X115.499 Y110.048 E165.44517
G1 X115.499 Y110.073 E165.44517
G1 X115.471 Y110.54 E165.44528
G1 X115.456 Y110.647 E165.44531
G0 F9000 X115.084 Y112.047
G1 F1134.7 X115.115 Y111.939 E165.44755
G1 X115.262 Y111.438 E165.45797
G1 X115.137 Y111.945 E165.45826
G1 X115.084 Y112.047 E165.45834
G0 F9000 X114.367 Y113.293
G1 F1134.7 X114.489 Y113.102 E165.46286
G1 X114.712 Y112.754 E165.47111
G1 X114.52 Y113.121 E165.4715
G1 X114.367 Y113.293 E165.47176
G0 F9000 X113.362 Y114.304
G1 F1134.7 X113.619 Y114.082 E165.47853
G1 X113.834 Y113.895 E165.48422
G1 X113.644 Y114.11 E165.4845
G1 X113.362 Y114.304 E165.48486
G0 F9000 X112.15 Y115.016
G1 F1134.7 X112.541 Y114.838 E165.49343
G1 X112.688 Y114.77 E165.49667
G1 X112.553 Y114.863 E165.4968
G1 X112.15 Y115.016 E165.49711
G0 F9000 X110.792 Y115.396
G1 F1134.7 X111.312 Y115.322 E165.50759
G1 X111.364 Y115.314 E165.50864
G1 X111.314 Y115.333 E165.50866
G1 X110.792 Y115.396 E165.50881
G0 F9000 X110 Y115.895
G1 F1134.7 X108.588 Y115.724 E165.53719
G1 X107.261 Y115.22 E165.56552
G1 X106.09 Y114.412 E165.59391
G1 X106.058 Y114.375 E165.59489
G1 X105.866 Y114.158 E165.60067
G1 X105.147 Y113.348 E165.62228
G1 X104.486 Y112.089 E165.65066
G1 X104.475 Y112.042 E165.65162
G1 X104.343 Y111.504 E165.66268
G1 X104.159 Y110.755 E165.67807
G1 X104.142 Y110.69 E165.67941
G1 X104.122 Y110.412 E165.68497
G1 X104.12 Y110.291 E165.68739
G1 X104.119 Y109.655 E165.70008
G1 X104.142 Y109.311 E165.70696
G1 X104.486 Y107.911 E165.73573
G1 X105.147 Y106.652 E165.76411
G1 X106.057 Y105.626 E165.79147
G1 X106.09 Y105.588 E165.79248
G1 X106.129 Y105.562 E165.79341
G1 X107.085 Y104.902 E165.8166
G1 X107.261 Y104.78 E165.82087
G1 X108.588 Y104.276 E165.8492
G1 X110 Y104.105 E165.87758
G1 X111.411 Y104.276 E165.90594
G1 X112.739 Y104.78 E165.93429
G1 X113.91 Y105.588 E165.96268
G1 X114.818 Y106.614 E165.99002
G1 X114.852 Y106.652 E165.99104
G1 X115.513 Y107.911 E166.01942
G1 X115.524 Y107.959 E166.0204
G1 X115.65 Y108.474 E166.03098
G1 X115.844 Y109.26 E166.04714
G1 X115.857 Y109.311 E166.04819
G1 X115.879 Y109.661 E166.05519
G1 X115.9 Y109.986 E166.06169
G1 X115.899 Y110.081 E166.06358
G1 X115.869 Y110.577 E166.0735
G1 X115.859 Y110.684 E166.07564
G1 X115.513 Y112.089 E166.10452
G1 X114.852 Y113.348 E166.1329
G1 X114.819 Y113.385 E166.13389
G1 X113.91 Y114.412 E166.16126
G1 X112.915 Y115.098 E166.18537
G1 X112.78 Y115.191 E166.18864
G1 X112.739 Y115.22 E166.18965
G1 X111.411 Y115.724 E166.21799
G1 X110 Y115.895 E166.24636
G0 F9000 X110 Y116.298
;TYPE:WALL-OUTER
G1 F1134.7 X108.491 Y116.115 E166.27669
G1 X107.075 Y115.577 E166.30692
G1 X105.824 Y114.714 E166.33725
G1 X104.815 Y113.576 E166.3676
G1 X104.11 Y112.233 E166.39787
G1 X103.745 Y110.75 E166.42835
G1 X103.722 Y110.429 E166.43477
G1 X103.72 Y110.297 E166.4374
G1 X103.719 Y109.644 E166.45044
G1 X103.745 Y109.25 E166.45832
G1 X104.11 Y107.767 E166.48879
G1 X104.815 Y106.424 E166.51906
G1 X105.824 Y105.286 E166.54941
G1 X107.075 Y104.423 E166.57974
G1 X108.491 Y103.885 E166.60997
G1 X110 Y103.702 E166.64031
G1 X111.508 Y103.885 E166.67062
G1 X112.925 Y104.423 E166.70087
G1 X114.176 Y105.286 E166.7312
G1 X115.184 Y106.424 E166.76154
G1 X115.889 Y107.767 E166.7918
G1 X116.254 Y109.25 E166.82228
G1 X116.275 Y109.504 E166.82737
G1 X116.279 Y109.643 E166.83014
G1 X116.3 Y109.978 E166.83684
G1 X116.299 Y110.089 E166.83906
G1 X116.267 Y110.616 E166.84959
G1 X116.254 Y110.75 E166.85228
G1 X115.889 Y112.233 E166.88276
G1 X115.184 Y113.576 E166.91303
G1 X114.176 Y114.714 E166.94337
G1 X112.925 Y115.577 E166.97369
G1 X111.508 Y116.115 E167.00394
G1 X110 Y116.298 E167.03426
G0 F9000 X110 Y115.858
G0 X109.991 Y115.717
;TYPE:SKIN
G1 F1134.7 X110.498 Y115.21 E167.04141
G0 F9000 X110.468 Y115.523
G1 F1134.7 X109.953 Y115.471 E167.0519
G1 X109.476 Y115.382 E167.06174
G0 F9000 X108.398 Y115.329
G1 F1134.7 X108.258 Y115.186 E167.0673
G1 X108.105 Y115.056 E167.07287
G0 F9000 X107.984 Y115.178
G0 X107.253 Y114.494
G0 X107.103 Y114.644
G1 F1134.7 X106.931 Y114.533 E167.0789
G1 X106.838 Y114.343 E167.08513
G0 F9000 X106.75 Y114.432
G0 X106.169 Y113.598
G0 X106.019 Y113.748
G1 F1134.7 X105.877 Y113.608 E167.09168
G1 X105.754 Y113.448 E167.09831
G0 F9000 X105.604 Y113.598
G0 X105.139 Y112.649
G0 X105.244 Y112.543
G1 F1134.7 X105.088 Y112.417 E167.10353
G1 X104.937 Y112.285 E167.10875
G0 F9000 X105.036 Y112.186
G0 X104.507 Y111.301
G0 X104.671 Y111.136
G1 F1134.7 X104.59 Y110.935 E167.11498
G1 X104.393 Y110.849 E167.12117
G0 F9000 X104.419 Y110.824
G0 X104.616 Y109.212
G1 F1134.7 X104.85 Y108.978 E167.12447
G0 F9000 X104.57 Y108.975
G1 F1134.7 X104.505 Y108.757 E167.1325
G0 F9000 X105.094 Y107.602
G1 F1134.7 X104.985 Y107.428 E167.13655
G1 X105.176 Y107.803 E167.14484
G0 F9000 X105.232 Y107.748
G0 X105.792 Y106.622
G0 X105.957 Y106.456
G1 F1134.7 X105.806 Y106.325 E167.15448
G0 F9000 X105.631 Y106.5
G0 X106.786 Y105.628
G0 X106.966 Y105.447
G1 F1134.7 X107.196 Y105.5 E167.1585
G1 X106.767 Y105.363 E167.16615
G0 F9000 X106.663 Y105.468
G0 X108.015 Y104.965
G0 X108.224 Y104.755
G1 F1134.7 X108.337 Y104.926 E167.171
G1 X107.975 Y104.721 E167.18083
G0 F9000 X108.019 Y104.678
G0 X109.354 Y104.474
G0 X109.42 Y104.408
G1 F1134.7 X109.598 Y104.513 E167.18579
G1 X110.408 Y104.551 E167.20524
G1 X110.56 Y104.682 E167.21006
G0 F9000 X110.459 Y104.784
G0 X111.465 Y104.909
G0 X111.619 Y104.754
G1 F1134.7 X111.814 Y104.842 E167.21615
G1 X111.893 Y105.046 E167.22238
G0 F9000 X111.942 Y104.997
G0 X112.816 Y105.537
G0 X112.962 Y105.391
G1 F1134.7 X113.125 Y105.511 E167.2307
G0 F9000 X112.976 Y105.66
G0 X113.885 Y106.449
G0 X114.031 Y106.302
G1 F1134.7 X114.167 Y106.449 E167.23886
G0 F9000 X114.025 Y106.592
G0 X115.001 Y107.313
G0 X114.845 Y107.469
G1 F1134.7 X114.948 Y107.647 E167.24435
G1 X115.164 Y107.714 E167.2504
G0 F9000 X115.201 Y108.809
G1 F1134.7 X115.362 Y108.931 E167.25227
G1 X115.482 Y109.094 E167.25413
G1 X115.307 Y109.834 E167.26116
G1 X115.593 Y109.832 E167.2638
G0 F9000 X115.65 Y109.775
G0 X115.465 Y110.808
G0 X115.284 Y110.988
G1 F1134.7 X115.446 Y111.11 E167.27367
G0 F9000 X115.614 Y110.942
G0 X115.157 Y112.248
G0 X114.973 Y112.431
G1 F1134.7 X114.782 Y112.339 E167.27861
G1 X114.985 Y112.703 E167.28832
G0 F9000 X114.249 Y113.721
G1 F1134.7 X114.098 Y113.589 E167.2939
G1 X114.092 Y113.312 E167.30161
G0 F9000 X114.077 Y113.328
G0 X113.134 Y114.27
G0 X112.96 Y114.444
G1 F1134.7 X113.073 Y114.614 E167.31173
G0 F9000 X113.258 Y114.43
G0 X111.931 Y114.908
G0 X111.729 Y115.109
G1 F1134.7 X111.854 Y115.267 E167.32193
G0 F9000 X112.014 Y115.107
;MESH:NONMESH
G0 F300 X112.014 Y115.107 Z4.2
G0 F9000 X110 Y115.106
;TIME_ELAPSED:525.662387
;LAYER:34
;TYPE:WALL-INNER
;MESH:carrucola plisse.stl
G1 F1130.9 X111.439 Y114.9 E167.35094
G1 X112.761 Y114.296 E167.37994
G1 X113.859 Y113.344 E167.40894
G1 X114.645 Y112.121 E167.43796
G1 X115.048 Y110.746 E167.46655
G1 X115.1 Y109.973 E167.48201
G1 X115.05 Y109.277 E167.49594
G1 X115.021 Y109.161 E167.49832
G1 X114.645 Y107.879 E167.52498
G1 X113.859 Y106.656 E167.554
G1 X112.761 Y105.704 E167.583
G1 X111.439 Y105.1 E167.612
G1 X110 Y104.894 E167.64101
G1 X108.561 Y105.1 E167.67002
G1 X107.239 Y105.704 E167.69903
G1 X106.141 Y106.656 E167.72803
G1 X105.355 Y107.879 E167.75704
G1 X104.951 Y109.264 E167.78583
G1 X104.942 Y109.393 E167.78841
G1 X104.941 Y110.631 E167.81312
G1 X104.955 Y110.759 E167.81569
G1 X105.355 Y112.121 E167.84401
G1 X106.141 Y113.344 E167.87303
G1 X107.239 Y114.296 E167.90203
G1 X108.561 Y114.9 E167.93103
G1 X110 Y115.106 E167.96004
G0 F9000 X110 Y114.702
;TYPE:WALL-OUTER
G1 F1130.9 X111.325 Y114.512 E167.98675
G1 X112.542 Y113.956 E168.01346
G1 X113.554 Y113.079 E168.04018
G1 X114.277 Y111.953 E168.06688
G1 X114.652 Y110.675 E168.09346
G1 X114.699 Y109.974 E168.10748
G1 X114.653 Y109.339 E168.12019
G1 X114.635 Y109.265 E168.12171
G1 X114.277 Y108.047 E168.14704
G1 X113.554 Y106.921 E168.17375
G1 X112.542 Y106.044 E168.20047
G1 X111.325 Y105.488 E168.22717
G1 X110 Y105.298 E168.25388
G1 X108.675 Y105.488 E168.2806
G1 X107.458 Y106.044 E168.3073
G1 X106.446 Y106.921 E168.33402
G1 X105.723 Y108.047 E168.36073
G1 X105.347 Y109.335 E168.3875
G1 X105.342 Y109.407 E168.38894
G1 X105.341 Y110.609 E168.41293
G1 X105.349 Y110.68 E168.41435
G1 X105.723 Y111.953 E168.44083
G1 X106.446 Y113.079 E168.46754
G1 X107.458 Y113.956 E168.49426
G1 X108.675 Y114.512 E168.52096
G1 X110 Y114.702 E168.54767
G0 F9000 X110 Y115.142
G0 X110.819 Y115.393
;TYPE:WALL-INNER
G1 F1130.9 X111.312 Y115.323 E168.55761
G1 X111.359 Y115.316 E168.55856
G1 X111.314 Y115.333 E168.55858
G1 X110.819 Y115.393 E168.55871
G0 F9000 X112.145 Y115.018
G1 F1130.9 X112.54 Y114.837 E168.56738
G1 X112.689 Y114.769 E168.57064
G1 X112.553 Y114.863 E168.57079
G1 X112.145 Y115.018 E168.57113
G0 F9000 X113.363 Y114.304
G1 F1130.9 X113.619 Y114.082 E168.57789
G1 X113.834 Y113.896 E168.58357
G1 X113.644 Y114.11 E168.58386
G1 X113.363 Y114.304 E168.5842
G0 F9000 X114.368 Y113.292
G1 F1130.9 X114.49 Y113.102 E168.58871
G1 X114.705 Y112.768 E168.59664
G1 X114.52 Y113.121 E168.597
G1 X114.368 Y113.292 E168.59723
G0 F9000 X115.084 Y112.045
G1 F1130.9 X115.115 Y111.939 E168.59944
G1 X115.259 Y111.449 E168.60963
G1 X115.137 Y111.945 E168.6099
G1 X115.084 Y112.045 E168.61
G0 F9000 X115.455 Y110.653
G1 F1130.9 X115.463 Y110.53 E168.61246
G1 X115.493 Y110.081 E168.62144
G1 X115.5 Y109.989 E168.62328
G1 X115.498 Y110.081 E168.62329
G1 X115.472 Y110.53 E168.62344
G1 X115.455 Y110.653 E168.62348
G0 F9000 X115.48 Y109.677
G1 F1130.9 X115.458 Y109.371 E168.6296
G1 X115.456 Y109.354 E168.62994
G1 X115.46 Y109.37
G1 X115.48 Y109.677 E168.62996
G0 F9000 X115.257 Y108.545
G1 F1130.9 X115.116 Y108.061 E168.64002
G1 X115.085 Y107.955 E168.64222
G1 X115.137 Y108.054 E168.64229
G1 X115.257 Y108.545 E168.64258
G0 F9000 X114.705 Y107.232
G1 F1130.9 X114.491 Y106.899 E168.65048
G1 X114.368 Y106.708 E168.65502
G1 X114.52 Y106.879 E168.65523
G1 X114.705 Y107.232 E168.65561
G0 F9000 X113.834 Y106.104
G1 F1130.9 X113.62 Y105.919 E168.66126
G1 X113.363 Y105.696 E168.66805
G1 X113.644 Y105.89 E168.66838
G1 X113.834 Y106.104 E168.66869
G0 F9000 X112.689 Y105.231
G1 F1130.9 X112.541 Y105.164 E168.67194
G1 X112.145 Y104.982 E168.68063
G1 X112.553 Y105.137 E168.68096
G1 X112.689 Y105.231 E168.68112
G0 F9000 X111.359 Y104.684
G1 F1130.9 X111.313 Y104.678 E168.68204
G1 X110.819 Y104.607 E168.692
G1 X111.314 Y104.667 E168.69213
G1 X111.359 Y104.684 E168.69217
G0 F9000 X108.639 Y104.685
G1 F1130.9 X108.685 Y104.667 E168.69316
G1 X109.185 Y104.607 E168.70321
G1 X108.687 Y104.678 E168.70335
G1 X108.639 Y104.685 E168.70335
G0 F9000 X107.311 Y105.231
G1 F1130.9 X107.447 Y105.137 E168.70665
G1 X107.857 Y104.982 E168.7154
G1 X107.46 Y105.163 E168.7157
G1 X107.311 Y105.231 E168.7158
G0 F9000 X106.165 Y106.105
G1 F1130.9 X106.356 Y105.89 E168.72154
G1 X106.637 Y105.696 E168.72836
G1 X106.381 Y105.918 E168.72864
G1 X106.165 Y106.105 E168.72889
G0 F9000 X105.29 Y107.24
G1 F1130.9 X105.479 Y106.88 E168.737
G1 X105.634 Y106.704 E168.74168
G1 X105.509 Y106.899 E168.74187
G1 X105.29 Y107.24 E168.74221
G0 F9000 X104.73 Y108.593
G1 F1130.9 X104.862 Y108.054 E168.75329
G1 X104.918 Y107.949 E168.75566
G1 X104.886 Y108.06 E168.7557
G1 X104.73 Y108.593 E168.75603
G0 F9000 X104.541 Y110.639
G1 F1130.9 X104.52 Y110.373 E168.76136
G1 X104.518 Y109.688 E168.77503
G1 X104.539 Y109.37 E168.78139
G1 X104.542 Y109.379
G1 X104.542 Y109.688 E168.78152
G1 X104.542 Y110.373 E168.78231
G1 X104.541 Y110.639 E168.78245
G0 F9000 X104.916 Y112.049
G1 F1130.9 X104.862 Y111.945 E168.78479
G1 X104.739 Y111.443 E168.79511
G1 X104.883 Y111.938 E168.79537
G1 X104.916 Y112.049 E168.79542
G0 F9000 X105.634 Y113.296
G1 F1130.9 X105.479 Y113.12 E168.8001
G1 X105.29 Y112.76 E168.80822
G1 X105.508 Y113.1 E168.80854
G1 X105.634 Y113.296 E168.80875
G0 F9000 X106.637 Y114.304
G1 F1130.9 X106.356 Y114.11 E168.81556
G1 X106.165 Y113.895 E168.8213
G1 X106.38 Y114.081 E168.82154
G1 X106.637 Y114.304 E168.82186
G0 F9000 X107.857 Y115.018
G1 F1130.9 X107.447 Y114.863 E168.83061
G1 X107.311 Y114.769 E168.8339
G1 X107.459 Y114.836 E168.834
G1 X107.857 Y115.018 E168.83431
G0 F9000 X109.185 Y115.393
G1 F1130.9 X108.685 Y115.333 E168.84436
G1 X108.639 Y115.315 E168.84535
G1 X108.686 Y115.321
G1 X109.185 Y115.393 E168.84551
G0 F9000 X110 Y115.895
G1 F1130.9 X108.588 Y115.724 E168.87389
G1 X107.261 Y115.22 E168.90222
G1 X106.09 Y114.412 E168.93061
G1 X106.058 Y114.375 E168.93159
G1 X105.867 Y114.16 E168.93733
G1 X105.336 Y113.561 E168.9533
G1 X105.147 Y113.348 E168.95898
G1 X104.486 Y112.089 E168.98736
G1 X104.475 Y112.041 E168.98834
G1 X104.352 Y111.539 E168.99866
G1 X104.154 Y110.735 E169.01518
G1 X104.142 Y110.689 E169.01613
G1 X104.12 Y110.389 E169.02213
G1 X104.118 Y109.678 E169.03632
G1 X104.142 Y109.31 E169.04368
G1 X104.486 Y107.911 E169.07243
G1 X105.147 Y106.652 E169.10081
G1 X105.335 Y106.44 E169.10646
G1 X105.866 Y105.841 E169.12244
G1 X106.09 Y105.588 E169.12918
G1 X106.129 Y105.562 E169.13012
G1 X106.41 Y105.368 E169.13693
G1 X107.261 Y104.78 E169.15757
G1 X108.588 Y104.276 E169.1859
G1 X110 Y104.105 E169.21428
G1 X111.411 Y104.276 E169.24265
G1 X112.739 Y104.78 E169.27099
G1 X113.91 Y105.588 E169.29939
G1 X114.132 Y105.839 E169.30607
G1 X114.818 Y106.614 E169.32673
G1 X114.852 Y106.652 E169.32774
G1 X115.513 Y107.911 E169.35612
G1 X115.524 Y107.958 E169.35708
G1 X115.857 Y109.31 E169.38487
G1 X115.878 Y109.651 E169.39169
G1 X115.881 Y109.685 E169.39237
G1 X115.898 Y109.963 E169.39793
G1 X115.9 Y109.981 E169.39829
G1 X115.898 Y110.088 E169.40043
G1 X115.87 Y110.568 E169.41002
G1 X115.859 Y110.684 E169.41235
G1 X115.513 Y112.089 E169.44122
G1 X114.852 Y113.348 E169.4696
G1 X114.819 Y113.385 E169.47059
G1 X114.133 Y114.16 E169.49124
G1 X113.91 Y114.412 E169.49796
G1 X113.59 Y114.632 E169.50571
G1 X112.916 Y115.097 E169.52205
G1 X112.78 Y115.191 E169.52535
G1 X112.739 Y115.22 E169.52635
G1 X111.411 Y115.724 E169.5547
G1 X110 Y115.895 E169.58306
G0 F9000 X110 Y116.298
;TYPE:WALL-OUTER
G1 F1130.9 X108.491 Y116.115 E169.6134
G1 X107.075 Y115.577 E169.64362
G1 X105.824 Y114.714 E169.67395
G1 X104.815 Y113.576 E169.7043
G1 X104.11 Y112.233 E169.73457
G1 X103.745 Y110.75 E169.76505
G1 X103.72 Y110.405 E169.77195
G1 X103.718 Y109.668 E169.78666
G1 X103.745 Y109.25 E169.79502
G1 X104.11 Y107.767 E169.8255
G1 X104.815 Y106.424 E169.85577
G1 X105.824 Y105.286 E169.88612
G1 X107.075 Y104.423 E169.91645
G1 X108.491 Y103.885 E169.94668
G1 X110 Y103.702 E169.97701
G1 X111.508 Y103.885 E170.00733
G1 X112.925 Y104.423 E170.03757
G1 X114.176 Y105.286 E170.0679
G1 X115.184 Y106.424 E170.09824
G1 X115.889 Y107.767 E170.12851
G1 X116.254 Y109.25 E170.15899
G1 X116.277 Y109.52 E170.1644
G1 X116.281 Y109.667 E170.16733
G1 X116.3 Y109.975 E170.17349
G1 X116.298 Y110.095 E170.17588
G1 X116.268 Y110.607 E170.18612
G1 X116.254 Y110.75 E170.18899
G1 X115.889 Y112.233 E170.21946
G1 X115.184 Y113.576 E170.24973
G1 X114.176 Y114.714 E170.28007
G1 X112.925 Y115.577 E170.3104
G1 X111.508 Y116.115 E170.34065
G1 X110 Y116.298 E170.37096
G0 F9000 X110 Y115.858
G0 X109.808 Y115.464
;TYPE:SKIN
G1 F1130.9 X109.553 Y115.492 E170.37657
G1 X109.375 Y115.598 E170.38111
G1 X110.362 Y115.453 E170.40293
G1 X110.541 Y115.349 E170.40746
G0 F9000 X111.609 Y115.286
G1 F1130.9 X111.777 Y115.172 E170.41348
G1 X111.914 Y115.025 E170.41943
G0 F9000 X112.019 Y115.13
G0 X112.781 Y114.478
G0 X112.928 Y114.625
G1 F1130.9 X113.096 Y114.51 E170.42776
G0 F9000 X112.949 Y114.363
G0 X113.859 Y113.576
G0 X114.006 Y113.723
G1 F1130.9 X114.145 Y113.58 E170.43336
G1 X114.337 Y113.488 E170.43933
G0 F9000 X114.419 Y113.57
G0 X114.984 Y112.721
G0 X114.826 Y112.563
G1 F1130.9 X114.929 Y112.384 E170.44564
G1 X115.099 Y112.271 E170.45188
G0 F9000 X115.174 Y111.214
G1 F1130.9 X115.351 Y111.109 E170.45708
G1 X115.455 Y110.93 E170.46232
G0 F9000 X115.326 Y110.8
G0 X115.419 Y109.197
G0 X115.273 Y109.051
G1 F1130.9 X115.428 Y108.922 E170.46825
G1 X115.493 Y108.705 E170.47491
G0 F9000 X114.933 Y107.579
G1 F1130.9 X114.991 Y107.354 E170.47947
G1 X114.798 Y107.727 E170.48772
G0 F9000 X114.919 Y107.848
G0 X114.24 Y106.603
G0 X114.07 Y106.433
G1 F1130.9 X114.22 Y106.301 E170.49763
G0 F9000 X114.4 Y106.481
G0 X113.235 Y105.598
G0 X113.052 Y105.415
G1 F1130.9 X112.94 Y105.586 E170.50197
G1 X113.328 Y105.408 E170.51105
G0 F9000 X113.299 Y105.379
G0 X111.995 Y104.924
G0 X111.802 Y104.731
G1 F1130.9 X111.712 Y104.923 E170.52212
G0 F9000 X111.912 Y105.124
G0 X110.644 Y104.704
G0 X110.447 Y104.507
G1 F1130.9 X110.191 Y104.534 E170.53006
G1 X109.636 Y104.545 E170.54717
G1 X109.459 Y104.651 E170.55353
G0 F9000 X108.387 Y104.71
G1 F1130.9 X108.22 Y104.826 E170.55952
G1 X108.085 Y104.974 E170.56541
G0 F9000 X107.982 Y104.871
G0 X107.217 Y105.52
G0 X107.07 Y105.372
G1 F1130.9 X106.902 Y105.488 E170.57371
G0 F9000 X107.049 Y105.635
G0 X106.14 Y106.423
G0 X105.992 Y106.275
G1 F1130.9 X105.852 Y106.418 E170.57913
G1 X105.648 Y106.497 E170.58506
G0 F9000 X105.578 Y106.427
G0 X105.014 Y107.277
G0 X105.172 Y107.435
G1 F1130.9 X105.069 Y107.614 E170.5913
G1 X104.893 Y107.721 E170.59753
G0 F9000 X104.856 Y108.816
G1 F1130.9 X104.647 Y108.89 E170.60136
G1 X104.385 Y109.194 E170.6083
G0 F9000 X104.357 Y109.165
G0 X104.574 Y110.796
G0 X104.722 Y110.945
G1 F1130.9 X104.565 Y111.07 E170.61415
G1 X104.499 Y111.287 E170.62076
G0 F9000 X105.063 Y112.417
G1 F1130.9 X105.002 Y112.639 E170.62519
G1 X105.201 Y112.272 E170.63321
G0 F9000 X105.082 Y112.153
G0 X105.761 Y113.398
G0 X105.929 Y113.566
G1 F1130.9 X105.778 Y113.698 E170.643
G0 F9000 X105.6 Y113.52
G0 X106.763 Y114.4
G0 X106.945 Y114.582
G1 F1130.9 X107.058 Y114.412 E170.64734
G1 X106.67 Y114.589 E170.65639
G0 F9000 X106.7 Y114.619
G0 X108.004 Y115.075
G0 X108.196 Y115.267
G1 F1130.9 X108.286 Y115.074 E170.66747
G0 F9000 X108.088 Y114.876
G0 X106.263 Y113.237
G0 X105.503 Y112.053
G0 X105.102 Y110.622
G0 X105.11 Y109.293
G0 X105.503 Y107.947
G0 X106.263 Y106.763
G0 X107.328 Y105.841
G0 X108.052 Y105.51
G0 X110.677 Y104.455
G1 F1130.9 X110.573 Y104.35 E170.66894
G0 F9000 X110.569 Y104.375
;MESH:NONMESH
G0 F300 X110.569 Y104.375 Z4.32
G0 F9000 X112.672 Y105.841
G0 X113.737 Y106.763
G0 X114.497 Y107.947
G0 X114.89 Y109.302
G0 X114.939 Y109.973
G0 X114.889 Y110.716
G0 X114.497 Y112.053
G0 X113.737 Y113.237
G0 X112.672 Y114.159
G0 X111.521 Y114.685
G0 X110 Y115.106
;TIME_ELAPSED:541.993630
;LAYER:35
;TYPE:WALL-INNER
;MESH:carrucola plisse.stl
G1 F1127.7 X111.439 Y114.9 E170.69795
G1 X112.761 Y114.296 E170.72696
G1 X113.859 Y113.344 E170.75596
G1 X114.645 Y112.121 E170.78497
G1 X115.047 Y110.748 E170.81352
G1 X115.099 Y110.01 E170.82828
G1 X115.099 Y109.933 E170.82982
G1 X115.058 Y109.363 E170.84122
G1 X115.045 Y109.241 E170.84367
G1 X114.645 Y107.879 E170.872
G1 X113.859 Y106.656 E170.90101
G1 X112.761 Y105.704 E170.93001
G1 X111.439 Y105.1 E170.95902
G1 X110 Y104.894 E170.98803
G1 X108.561 Y105.1 E171.01704
G1 X107.239 Y105.704 E171.04604
G1 X106.141 Y106.656 E171.07504
G1 X105.355 Y107.879 E171.10406
G1 X104.952 Y109.25 E171.13257
G1 X104.938 Y109.437 E171.13632
G1 X104.938 Y110.591 E171.15935
G1 X104.955 Y110.756 E171.16266
G1 X105.355 Y112.121 E171.19104
G1 X106.141 Y113.344 E171.22005
G1 X107.239 Y114.296 E171.24905
G1 X108.561 Y114.9 E171.27806
G1 X110 Y115.106 E171.30707
G0 F9000 X110 Y114.702
;TYPE:WALL-OUTER
G1 F1127.7 X111.325 Y114.512 E171.33378
G1 X112.542 Y113.956 E171.36048
G1 X113.554 Y113.079 E171.38721
G1 X114.277 Y111.953 E171.41391
G1 X114.651 Y110.677 E171.44044
G1 X114.699 Y109.996 E171.45407
G1 X114.699 Y109.947 E171.45505
G1 X114.66 Y109.4 E171.46599
G1 X114.651 Y109.32 E171.4676
G1 X114.277 Y108.047 E171.49407
G1 X113.554 Y106.921 E171.52078
G1 X112.542 Y106.044 E171.5475
G1 X111.325 Y105.488 E171.5742
G1 X110 Y105.298 E171.60092
G1 X108.675 Y105.488 E171.62763
G1 X107.458 Y106.044 E171.65433
G1 X106.446 Y106.921 E171.68105
G1 X105.723 Y108.047 E171.70776
G1 X105.348 Y109.323 E171.7343
G1 X105.338 Y109.452 E171.73688
G1 X105.338 Y110.571 E171.75921
G1 X105.349 Y110.679 E171.76138
G1 X105.723 Y111.953 E171.78787
G1 X106.446 Y113.079 E171.81458
G1 X107.458 Y113.956 E171.8413
G1 X108.675 Y114.512 E171.868
G1 X110 Y114.702 E171.89472
G0 F9000 X110 Y115.142
G0 X110.819 Y115.393
;TYPE:WALL-INNER
G1 F1127.7 X111.312 Y115.323 E171.90465
G1 X111.359 Y115.316 E171.9056
G1 X111.314 Y115.333 E171.90562
G1 X110.819 Y115.393 E171.90575
G0 F9000 X112.145 Y115.018
G1 F1127.7 X112.54 Y114.837 E171.91442
G1 X112.689 Y114.769 E171.91769
G1 X112.553 Y114.863 E171.91784
G1 X112.145 Y115.018 E171.91817
G0 F9000 X113.363 Y114.304
G1 F1127.7 X113.619 Y114.082 E171.92493
G1 X113.834 Y113.896 E171.93061
G1 X113.644 Y114.11 E171.9309
G1 X113.363 Y114.304 E171.93124
G0 F9000 X114.368 Y113.292
G1 F1127.7 X114.49 Y113.102 E171.93575
G1 X114.705 Y112.768 E171.94368
G1 X114.52 Y113.121 E171.94405
G1 X114.368 Y113.292 E171.94427
G0 F9000 X115.084 Y112.045
G1 F1127.7 X115.115 Y111.939 E171.94648
G1 X115.26 Y111.444 E171.95677
G1 X115.137 Y111.945 E171.95705
G1 X115.084 Y112.045 E171.95715
G0 F9000 X115.455 Y110.655
G1 F1127.7 X115.464 Y110.521 E171.95983
G1 X115.494 Y110.088 E171.96849
G1 X115.499 Y110.024 E171.96977
G1 X115.498 Y110.088 E171.96978
G1 X115.473 Y110.521 E171.96991
G1 X115.455 Y110.655 E171.96995
G0 F9000 X115.256 Y108.541
G1 F1127.7 X115.116 Y108.062 E171.97991
G1 X115.085 Y107.956 E171.98211
G1 X115.137 Y108.055 E171.98218
G1 X115.256 Y108.541 E171.98247
G0 F9000 X114.705 Y107.232
G1 F1127.7 X114.491 Y106.899 E171.99037
G1 X114.368 Y106.708 E171.9949
G1 X114.52 Y106.879 E171.99512
G1 X114.705 Y107.232 E171.9955
G0 F9000 X113.834 Y106.104
G1 F1127.7 X113.62 Y105.919 E172.00114
G1 X113.363 Y105.696 E172.00793
G1 X113.644 Y105.89 E172.00827
G1 X113.834 Y106.104 E172.00858
G0 F9000 X112.689 Y105.231
G1 F1127.7 X112.541 Y105.164 E172.01182
G1 X112.145 Y104.982 E172.02052
G1 X112.553 Y105.137 E172.02084
G1 X112.689 Y105.231 E172.021
G0 F9000 X111.359 Y104.684
G1 F1127.7 X111.313 Y104.678 E172.02193
G1 X110.819 Y104.607 E172.03189
G1 X111.314 Y104.667 E172.03202
G1 X111.359 Y104.684 E172.03206
G0 F9000 X108.639 Y104.685
G1 F1127.7 X108.685 Y104.667 E172.03304
G1 X109.185 Y104.607 E172.04309
G1 X108.687 Y104.678 E172.04323
G1 X108.639 Y104.685 E172.04324
G0 F9000 X107.311 Y105.231
G1 F1127.7 X107.447 Y105.137 E172.04654
G1 X107.857 Y104.982 E172.05528
G1 X107.46 Y105.163 E172.05558
G1 X107.311 Y105.231 E172.05569
G0 F9000 X106.165 Y106.105
G1 F1127.7 X106.356 Y105.89 E172.06143
G1 X106.637 Y105.696 E172.06824
G1 X106.381 Y105.918 E172.06853
G1 X106.165 Y106.105 E172.06877
G0 F9000 X105.29 Y107.24
G1 F1127.7 X105.479 Y106.88 E172.07689
G1 X105.634 Y106.704 E172.08157
G1 X105.509 Y106.899 E172.08175
G1 X105.29 Y107.24 E172.0821
G0 F9000 X104.739 Y108.555
G1 F1127.7 X104.862 Y108.055 E172.09237
G1 X104.916 Y107.952 E172.09469
G1 X104.884 Y108.061 E172.09473
G1 X104.739 Y108.555 E172.09501
G0 F9000 X104.518 Y110.351
G1 F1127.7 X104.516 Y109.731 E172.10738
G1 X104.532 Y109.422 E172.11356
G1 X104.535 Y109.382 E172.11436
G1 X104.538 Y109.422
G1 X104.532 Y109.731 E172.11453
G1 X104.518 Y110.351 E172.11477
G0 F9000 X104.917 Y112.05
G1 F1127.7 X104.862 Y111.945 E172.11714
G1 X104.734 Y111.425 E172.12783
G1 X104.884 Y111.938 E172.12812
G1 X104.917 Y112.05 E172.12817
G0 F9000 X105.634 Y113.296
G1 F1127.7 X105.479 Y113.12 E172.13285
G1 X105.29 Y112.76 E172.14097
G1 X105.508 Y113.1 E172.14129
G1 X105.634 Y113.296 E172.1415
G0 F9000 X106.637 Y114.304
G1 F1127.7 X106.356 Y114.11 E172.14831
G1 X106.165 Y113.895 E172.15405
G1 X106.38 Y114.081 E172.15429
G1 X106.637 Y114.304 E172.15461
G0 F9000 X107.857 Y115.018
G1 F1127.7 X107.447 Y114.863 E172.16335
G1 X107.311 Y114.769 E172.16665
G1 X107.459 Y114.836 E172.16675
G1 X107.857 Y115.018 E172.16706
G0 F9000 X109.185 Y115.393
G1 F1127.7 X108.685 Y115.333 E172.17711
G1 X108.639 Y115.315 E172.1781
G1 X108.686 Y115.321
G1 X109.185 Y115.393 E172.17826
G0 F9000 X110 Y115.895
G1 F1127.7 X108.588 Y115.724 E172.20664
G1 X107.261 Y115.22 E172.23497
G1 X106.09 Y114.412 E172.26336
G1 X106.058 Y114.375 E172.26434
G1 X105.867 Y114.16 E172.27008
G1 X105.336 Y113.561 E172.28605
G1 X105.147 Y113.348 E172.29173
G1 X104.486 Y112.089 E172.32011
G1 X104.475 Y112.041 E172.32109
G1 X104.347 Y111.521 E172.33178
G1 X104.142 Y110.689 E172.34888
G1 X104.118 Y110.368 E172.3553
G1 X104.116 Y109.711 E172.36841
G1 X104.131 Y109.41 E172.37443
G1 X104.14 Y109.316 E172.37631
G1 X104.486 Y107.911 E172.40519
G1 X105.147 Y106.652 E172.43357
G1 X105.335 Y106.44 E172.43922
G1 X105.866 Y105.841 E172.45519
G1 X106.09 Y105.588 E172.46194
G1 X106.129 Y105.562 E172.46287
G1 X106.41 Y105.368 E172.46969
G1 X107.261 Y104.78 E172.49033
G1 X108.588 Y104.276 E172.51866
G1 X110 Y104.105 E172.54704
G1 X111.411 Y104.276 E172.57541
G1 X112.739 Y104.78 E172.60375
G1 X113.91 Y105.588 E172.63214
G1 X114.132 Y105.839 E172.63883
G1 X114.818 Y106.614 E172.65948
G1 X114.852 Y106.652 E172.6605
G1 X115.513 Y107.911 E172.68888
G1 X115.524 Y107.959 E172.68986
G1 X115.859 Y109.316 E172.71776
G1 X115.872 Y109.446 E172.72036
G1 X115.884 Y109.713 E172.7257
G1 X115.9 Y109.973 E172.73089
G1 X115.898 Y110.095 E172.73333
G1 X115.871 Y110.559 E172.7426
G1 X115.859 Y110.684 E172.74511
G1 X115.513 Y112.089 E172.77399
G1 X114.852 Y113.348 E172.80236
G1 X114.819 Y113.385 E172.80335
G1 X114.133 Y114.16 E172.82401
G1 X113.91 Y114.412 E172.83072
G1 X113.59 Y114.632 E172.83847
G1 X112.916 Y115.097 E172.85481
G1 X112.78 Y115.191 E172.85811
G1 X112.739 Y115.22 E172.85911
G1 X111.411 Y115.724 E172.88746
G1 X110 Y115.895 E172.91582
G0 F9000 X110 Y116.298
;TYPE:WALL-OUTER
G1 F1127.7 X108.491 Y116.115 E172.94616
G1 X107.075 Y115.577 E172.97639
G1 X105.824 Y114.714 E173.00672
G1 X104.815 Y113.576 E173.03707
G1 X104.11 Y112.233 E173.06734
G1 X103.745 Y110.75 E173.09782
G1 X103.718 Y110.384 E173.10514
G1 X103.716 Y109.691 E173.11897
G1 X103.731 Y109.39 E173.12498
G1 X103.745 Y109.25 E173.12779
G1 X104.11 Y107.767 E173.15827
G1 X104.815 Y106.424 E173.18854
G1 X105.824 Y105.286 E173.21889
G1 X107.075 Y104.423 E173.24922
G1 X108.491 Y103.885 E173.27945
G1 X110 Y103.702 E173.30978
G1 X111.508 Y103.885 E173.3401
G1 X112.925 Y104.423 E173.37034
G1 X114.176 Y105.286 E173.40067
G1 X115.184 Y106.424 E173.43101
G1 X115.889 Y107.767 E173.46128
G1 X116.254 Y109.25 E173.49176
G1 X116.272 Y109.429 E173.49535
G1 X116.283 Y109.693 E173.50062
G1 X116.3 Y109.973 E173.50622
G1 X116.298 Y110.101 E173.50877
G1 X116.269 Y110.598 E173.51871
G1 X116.254 Y110.75 E173.52176
G1 X115.889 Y112.233 E173.55223
G1 X115.184 Y113.576 E173.5825
G1 X114.176 Y114.714 E173.61284
G1 X112.925 Y115.577 E173.64317
G1 X111.508 Y116.115 E173.67342
G1 X110 Y116.298 E173.70373
G0 F9000 X110 Y115.858
G0 X110.244 Y115.463
;TYPE:SKIN
G1 F1127.7 X110.48 Y115.511 E173.70907
G1 X110.657 Y115.616 E173.71363
G1 X109.682 Y115.459 E173.73551
G1 X109.48 Y115.379 E173.74033
G0 F9000 X108.397 Y115.33
G1 F1127.7 X108.257 Y115.187 E173.74603
G1 X108.085 Y115.076 E173.75186
G0 F9000 X107.946 Y115.216
G0 X107.253 Y114.494
G0 X107.103 Y114.644
G1 F1127.7 X106.931 Y114.533 E173.75825
G1 X106.815 Y114.367 E173.76457
G0 F9000 X106.703 Y114.479
G0 X105.87 Y113.898
G0 X106.019 Y113.748
G1 F1127.7 X105.877 Y113.608 E173.77111
G1 X105.754 Y113.448 E173.77772
G0 F9000 X105.904 Y113.299
G0 X105.107 Y112.681
G0 X105.228 Y112.56
G1 F1127.7 X105.087 Y112.417 E173.78346
G1 X104.948 Y112.274 E173.78915
G0 F9000 X104.884 Y111.206
G1 F1127.7 X104.658 Y111.149 E173.7923
G1 X104.565 Y110.677 E173.79878
G1 X104.381 Y110.577 E173.80161
G1 X104.721 Y110.238 E173.80809
G0 F9000 X104.608 Y109.22
G1 F1127.7 X104.846 Y108.982 E173.81144
G0 F9000 X104.578 Y108.967
G1 F1127.7 X104.513 Y108.749 E173.81995
G0 F9000 X105.098 Y107.598
G1 F1127.7 X104.991 Y107.422 E173.82416
G1 X105.172 Y107.806 E173.83282
G0 F9000 X105.226 Y107.753
G0 X105.791 Y106.623
G0 X105.957 Y106.456
G1 F1127.7 X105.806 Y106.324 E173.84252
G0 F9000 X105.63 Y106.501
G0 X106.787 Y105.627
G0 X106.966 Y105.447
G1 F1127.7 X107.195 Y105.501 E173.84649
G1 X106.766 Y105.364 E173.85409
G0 F9000 X106.664 Y105.467
G0 X108.02 Y104.96
G0 X108.227 Y104.752
G1 F1127.7 X108.337 Y104.925 E173.85887
G1 X107.978 Y104.719 E173.86851
G0 F9000 X108.019 Y104.678
G0 X109.332 Y104.496
G1 F1127.7 X109.486 Y104.342 E173.87068
G0 F9000 X109.586 Y104.525
G1 F1127.7 X109.861 Y104.532 E173.87773
G1 X110.409 Y104.55 E173.89178
G1 X110.559 Y104.683 E173.89691
G0 F9000 X110.459 Y104.784
G0 X111.466 Y104.908
G0 X111.619 Y104.754
G1 F1127.7 X111.815 Y104.841 E173.90326
G1 X111.912 Y105.027 E173.90947
G0 F9000 X111.98 Y104.96
G0 X112.816 Y105.537
G0 X112.962 Y105.391
G1 F1127.7 X113.125 Y105.511 E173.9178
G0 F9000 X112.976 Y105.66
G0 X113.885 Y106.448
G0 X114.031 Y106.302
G1 F1127.7 X114.167 Y106.449 E173.92594
G0 F9000 X114.025 Y106.591
G0 X115.001 Y107.313
G0 X114.845 Y107.468
G1 F1127.7 X114.948 Y107.648 E173.93166
G1 X115.149 Y107.729 E173.93765
G0 F9000 X115.223 Y108.787
G1 F1127.7 X115.363 Y108.93 E173.94245
G1 X115.483 Y109.659 E173.96019
G1 X115.633 Y109.792 E173.965
G0 F9000 X115.707 Y109.718
G0 X115.458 Y110.815
G0 X115.282 Y110.991
G1 F1127.7 X115.443 Y111.112 E173.97479
G0 F9000 X115.614 Y110.942
G0 X115.157 Y112.247
G0 X114.967 Y112.437
G1 F1127.7 X114.778 Y112.344 E173.98001
G1 X114.979 Y112.709 E173.99032
G0 F9000 X114.248 Y113.722
G1 F1127.7 X114.098 Y113.589 E173.99596
G1 X114.093 Y113.312 E174.00376
G0 F9000 X114.076 Y113.329
G0 X113.134 Y114.27
G0 X112.96 Y114.444
G1 F1127.7 X113.074 Y114.614 E174.01388
G0 F9000 X113.258 Y114.43
G0 X111.927 Y114.912
G0 X111.725 Y115.113
G1 F1127.7 X111.852 Y115.27 E174.02406
G0 F9000 X112.01 Y115.112
;MESH:NONMESH
G0 F300 X112.01 Y115.112 Z4.44
G0 F9000 X110 Y115.106
;TIME_ELAPSED:557.623598
;LAYER:36
;TYPE:WALL-INNER
;MESH:carrucola plisse.stl
G1 F1131 X111.439 Y114.9 E174.05307
G1 X112.761 Y114.296 E174.08207
G1 X113.859 Y113.344 E174.11107
G1 X114.645 Y112.121 E174.14008
G1 X115.047 Y110.751 E174.16858
G1 X115.099 Y110 E174.1836
G1 X115.098 Y109.906 E174.18548
G1 X115.061 Y109.391 E174.19578
G1 X115.045 Y109.241 E174.19879
G1 X114.645 Y107.879 E174.22712
G1 X113.859 Y106.656 E174.25613
G1 X112.761 Y105.704 E174.28513
G1 X111.439 Y105.1 E174.31414
G1 X110 Y104.894 E174.34315
G1 X108.561 Y105.1 E174.37215
G1 X107.239 Y105.704 E174.40116
G1 X106.141 Y106.656 E174.43016
G1 X105.355 Y107.879 E174.45917
G1 X104.953 Y109.249 E174.48767
G1 X104.935 Y109.488 E174.49245
G1 X104.935 Y110.552 E174.51368
G1 X104.954 Y110.754 E174.51773
G1 X105.355 Y112.121 E174.54616
G1 X106.141 Y113.344 E174.57517
G1 X107.239 Y114.296 E174.60417
G1 X108.561 Y114.9 E174.63318
G1 X110 Y115.106 E174.66219
G0 F9000 X110 Y114.702
;TYPE:WALL-OUTER
G1 F1131 X111.325 Y114.512 E174.6889
G1 X112.542 Y113.956 E174.7156
G1 X113.554 Y113.079 E174.74232
G1 X114.277 Y111.953 E174.76903
G1 X114.651 Y110.68 E174.79551
G1 X114.699 Y109.989 E174.80933
G1 X114.698 Y109.923 E174.81065
G1 X114.663 Y109.427 E174.82057
G1 X114.651 Y109.32 E174.82272
G1 X114.277 Y108.047 E174.8492
G1 X113.554 Y106.921 E174.8759
G1 X112.542 Y106.044 E174.90262
G1 X111.325 Y105.488 E174.92932
G1 X110 Y105.298 E174.95604
G1 X108.675 Y105.488 E174.98275
G1 X107.458 Y106.044 E175.00945
G1 X106.446 Y106.921 E175.03617
G1 X105.723 Y108.047 E175.06288
G1 X105.349 Y109.321 E175.08938
G1 X105.335 Y109.503 E175.09302
G1 X105.335 Y110.533 E175.11357
G1 X105.349 Y110.678 E175.11648
G1 X105.723 Y111.953 E175.143
G1 X106.446 Y113.079 E175.1697
G1 X107.458 Y113.956 E175.19642
G1 X108.675 Y114.512 E175.22312
G1 X110 Y114.702 E175.24984
G0 F9000 X110 Y115.142
G0 X110.819 Y115.393
;TYPE:WALL-INNER
G1 F1131 X111.312 Y115.323 E175.25977
G1 X111.359 Y115.316 E175.26072
G1 X111.314 Y115.333 E175.26074
G1 X110.819 Y115.393 E175.26087
G0 F9000 X112.145 Y115.018
G1 F1131 X112.54 Y114.837 E175.26954
G1 X112.689 Y114.769 E175.27281
G1 X112.553 Y114.863 E175.27296
G1 X112.145 Y115.018 E175.27329
G0 F9000 X113.363 Y114.304
G1 F1131 X113.619 Y114.082 E175.28006
G1 X113.834 Y113.896 E175.28573
G1 X113.644 Y114.11 E175.28602
G1 X113.363 Y114.304 E175.28637
G0 F9000 X114.368 Y113.292
G1 F1131 X114.49 Y113.102 E175.29087
G1 X114.705 Y112.768 E175.2988
G1 X114.52 Y113.121 E175.29917
G1 X114.368 Y113.292 E175.2994
G0 F9000 X115.085 Y112.045
G1 F1131 X115.116 Y111.939 E175.3016
G1 X115.258 Y111.454 E175.31169
G1 X115.137 Y111.945 E175.31195
G1 X115.085 Y112.045 E175.31203
G0 F9000 X115.455 Y110.655
G1 F1131 X115.464 Y110.511 E175.31491
G1 X115.492 Y110.094 E175.32325
G1 X115.497 Y110.028 E175.32457
G1 X115.499 Y110.012 E175.32489
G1 X115.498 Y110.094 E175.32527
G1 X115.474 Y110.511 E175.32541
G1 X115.455 Y110.655 E175.32546
G0 F9000 X115.256 Y108.54
G1 F1131 X115.116 Y108.062 E175.3354
G1 X115.085 Y107.956 E175.3376
G1 X115.137 Y108.055 E175.33768
G1 X115.256 Y108.54 E175.33796
G0 F9000 X114.705 Y107.232
G1 F1131 X114.491 Y106.899 E175.34586
G1 X114.368 Y106.708 E175.35039
G1 X114.52 Y106.879 E175.35061
G1 X114.705 Y107.232 E175.35099
G0 F9000 X113.834 Y106.104
G1 F1131 X113.62 Y105.919 E175.35664
G1 X113.363 Y105.696 E175.36343
G1 X113.644 Y105.89 E175.36376
G1 X113.834 Y106.104 E175.36407
G0 F9000 X112.689 Y105.231
G1 F1131 X112.541 Y105.164 E175.36731
G1 X112.145 Y104.982 E175.37601
G1 X112.553 Y105.137 E175.37634
G1 X112.689 Y105.231 E175.3765
G0 F9000 X111.359 Y104.684
G1 F1131 X111.313 Y104.678 E175.37742
G1 X110.819 Y104.607 E175.38738
G1 X111.314 Y104.667 E175.38751
G1 X111.359 Y104.684 E175.38755
G0 F9000 X108.639 Y104.685
G1 F1131 X108.685 Y104.667 E175.38854
G1 X109.185 Y104.607 E175.39859
G1 X108.687 Y104.678 E175.39873
G1 X108.639 Y104.685 E175.39873
G0 F9000 X107.311 Y105.231
G1 F1131 X107.447 Y105.137 E175.40203
G1 X107.857 Y104.982 E175.41078
G1 X107.46 Y105.163 E175.41107
G1 X107.311 Y105.231 E175.41118
G0 F9000 X106.165 Y106.105
G1 F1131 X106.356 Y105.89 E175.41692
G1 X106.637 Y105.696 E175.42374
G1 X106.381 Y105.918 E175.42402
G1 X106.165 Y106.105 E175.42427
G0 F9000 X105.29 Y107.24
G1 F1131 X105.479 Y106.88 E175.43238
G1 X105.634 Y106.704 E175.43706
G1 X105.509 Y106.899 E175.43724
G1 X105.29 Y107.24 E175.43759
G0 F9000 X104.737 Y108.563
G1 F1131 X104.862 Y108.055 E175.44803
G1 X104.917 Y107.951 E175.45038
G1 X104.885 Y108.061 E175.45041
G1 X104.737 Y108.563 E175.45071
G0 F9000 X104.517 Y110.332
G1 F1131 X104.514 Y109.712 E175.46309
G1 X104.535 Y109.473 E175.46788
G1 X104.53 Y109.712 E175.46797
G1 X104.517 Y110.332 E175.46822
G0 F9000 X104.917 Y112.049
G1 F1131 X104.862 Y111.945 E175.47057
G1 X104.738 Y111.439 E175.48096
G1 X104.884 Y111.938 E175.48124
G1 X104.917 Y112.049 E175.48129
G0 F9000 X105.634 Y113.296
G1 F1131 X105.479 Y113.12 E175.48597
G1 X105.29 Y112.76 E175.49408
G1 X105.508 Y113.1 E175.49441
G1 X105.634 Y113.296 E175.49461
G0 F9000 X106.637 Y114.304
G1 F1131 X106.356 Y114.11 E175.50143
G1 X106.165 Y113.895 E175.50717
G1 X106.38 Y114.081 E175.50741
G1 X106.637 Y114.304 E175.50773
G0 F9000 X107.857 Y115.018
G1 F1131 X107.447 Y114.863 E175.51647
G1 X107.311 Y114.769 E175.51977
G1 X107.459 Y114.836 E175.51987
G1 X107.857 Y115.018 E175.52018
G0 F9000 X109.185 Y115.393
G1 F1131 X108.685 Y115.333 E175.53023
G1 X108.639 Y115.315 E175.53121
G1 X108.686 Y115.321
G1 X109.185 Y115.393 E175.53137
G0 F9000 X110 Y115.895
G1 F1131 X108.588 Y115.724 E175.55976
G1 X107.261 Y115.22 E175.58809
G1 X106.09 Y114.412 E175.61648
G1 X106.058 Y114.375 E175.61745
G1 X105.867 Y114.16 E175.62319
G1 X105.336 Y113.561 E175.63917
G1 X105.147 Y113.348 E175.64485
G1 X104.486 Y112.089 E175.67323
G1 X104.475 Y112.041 E175.67421
G1 X104.351 Y111.535 E175.68461
G1 X104.142 Y110.689 E175.702
G1 X104.117 Y110.348 E175.70882
G1 X104.114 Y109.714 E175.72147
G1 X104.129 Y109.436 E175.72703
G1 X104.14 Y109.316 E175.72943
G1 X104.486 Y107.911 E175.75831
G1 X105.147 Y106.652 E175.78669
G1 X105.335 Y106.44 E175.79234
G1 X105.866 Y105.841 E175.80831
G1 X106.09 Y105.588 E175.81506
G1 X106.129 Y105.562 E175.81599
G1 X106.41 Y105.368 E175.82281
G1 X107.261 Y104.78 E175.84345
G1 X108.588 Y104.276 E175.87178
G1 X110 Y104.105 E175.90016
G1 X111.411 Y104.276 E175.92853
G1 X112.739 Y104.78 E175.95687
G1 X113.91 Y105.588 E175.98526
G1 X114.132 Y105.839 E175.99195
G1 X114.818 Y106.614 E176.0126
G1 X114.852 Y106.652 E176.01362
G1 X115.513 Y107.911 E176.042
G1 X115.524 Y107.959 E176.04298
G1 X115.643 Y108.444 E176.05295
G1 X115.857 Y109.311 E176.07077
G1 X115.881 Y109.587 E176.0763
G1 X115.9 Y109.978 E176.08411
G1 X115.898 Y110.101 E176.08656
G1 X115.872 Y110.549 E176.09552
G1 X115.859 Y110.684 E176.09823
G1 X115.513 Y112.089 E176.1271
G1 X114.852 Y113.348 E176.15548
G1 X114.819 Y113.385 E176.15647
G1 X114.133 Y114.16 E176.17712
G1 X113.91 Y114.412 E176.18384
G1 X113.59 Y114.632 E176.19159
G1 X112.916 Y115.097 E176.20793
G1 X112.78 Y115.191 E176.21123
G1 X112.739 Y115.22 E176.21223
G1 X111.411 Y115.724 E176.24058
G1 X110 Y115.895 E176.26894
G0 F9000 X110 Y116.298
;TYPE:WALL-OUTER
G1 F1131 X108.491 Y116.115 E176.29928
G1 X107.075 Y115.577 E176.3295
G1 X105.824 Y114.714 E176.35983
G1 X104.815 Y113.576 E176.39018
G1 X104.11 Y112.233 E176.42045
G1 X103.745 Y110.75 E176.45093
G1 X103.717 Y110.364 E176.45865
G1 X103.714 Y109.716 E176.47159
G1 X103.731 Y109.398 E176.47794
G1 X103.745 Y109.25 E176.48091
G1 X104.11 Y107.767 E176.51139
G1 X104.815 Y106.424 E176.54166
G1 X105.824 Y105.286 E176.57201
G1 X107.075 Y104.423 E176.60234
G1 X108.491 Y103.885 E176.63256
G1 X110 Y103.702 E176.6629
G1 X111.508 Y103.885 E176.69321
G1 X112.925 Y104.423 E176.72346
G1 X114.176 Y105.286 E176.75379
G1 X115.184 Y106.424 E176.78413
G1 X115.889 Y107.767 E176.8144
G1 X116.254 Y109.25 E176.84488
G1 X116.28 Y109.553 E176.85094
G1 X116.284 Y109.717 E176.85422
G1 X116.3 Y109.971 E176.8593
G1 X116.298 Y110.107 E176.86201
G1 X116.27 Y110.588 E176.87163
G1 X116.254 Y110.75 E176.87487
G1 X115.889 Y112.233 E176.90535
G1 X115.184 Y113.576 E176.93562
G1 X114.176 Y114.714 E176.96596
G1 X112.925 Y115.577 E176.99629
G1 X111.508 Y116.115 E177.02654
G1 X110 Y116.298 E177.05685
G0 F9000 X110 Y115.858
G0 X109.808 Y115.464
;TYPE:SKIN
G1 F1131 X109.553 Y115.492 E177.06246
G1 X109.375 Y115.598 E177.067
G1 X110.362 Y115.453 E177.08882
G1 X110.541 Y115.349 E177.09335
G0 F9000 X111.609 Y115.286
G1 F1131 X111.777 Y115.172 E177.09937
G1 X111.914 Y115.025 E177.10532
G0 F9000 X112.019 Y115.13
G0 X112.781 Y114.478
G0 X112.928 Y114.625
G1 F1131 X113.096 Y114.51 E177.11365
G0 F9000 X112.949 Y114.363
G0 X113.859 Y113.576
G0 X114.006 Y113.723
G1 F1131 X114.145 Y113.58 E177.11924
G1 X114.337 Y113.488 E177.12522
G0 F9000 X114.419 Y113.57
G0 X114.984 Y112.721
G0 X114.826 Y112.563
G1 F1131 X114.929 Y112.384 E177.13153
G1 X115.098 Y112.27 E177.13776
G0 F9000 X115.177 Y111.217
G1 F1131 X115.351 Y111.109 E177.143
G1 X115.457 Y110.931 E177.14831
G0 F9000 X115.509 Y109.852
G1 F1131 X115.249 Y109.593 E177.15197
G0 F9000 X115.469 Y109.529
G1 F1131 X115.411 Y109.188 E177.15991
G1 X115.49 Y108.702 E177.17122
G0 F9000 X114.933 Y107.58
G1 F1131 X114.991 Y107.354 E177.17579
G1 X114.798 Y107.727 E177.18402
G0 F9000 X114.919 Y107.848
G0 X114.24 Y106.603
G0 X114.07 Y106.433
G1 F1131 X114.22 Y106.301 E177.19393
G0 F9000 X114.4 Y106.481
G0 X113.235 Y105.598
G0 X113.052 Y105.415
G1 F1131 X112.94 Y105.586 E177.19827
G1 X113.328 Y105.408 E177.20734
G0 F9000 X113.299 Y105.379
G0 X111.995 Y104.924
G0 X111.802 Y104.731
G1 F1131 X111.712 Y104.923 E177.21842
G0 F9000 X111.912 Y105.124
G0 X110.644 Y104.704
G0 X110.447 Y104.507
G1 F1131 X110.191 Y104.534 E177.22636
G1 X109.636 Y104.545 E177.24347
G1 X109.459 Y104.651 E177.24983
G0 F9000 X108.387 Y104.71
G1 F1131 X108.22 Y104.826 E177.25582
G1 X108.085 Y104.974 E177.26171
G0 F9000 X107.982 Y104.871
G0 X107.217 Y105.52
G0 X107.07 Y105.372
G1 F1131 X106.902 Y105.488 E177.27001
G0 F9000 X107.049 Y105.635
G0 X106.14 Y106.423
G0 X105.992 Y106.275
G1 F1131 X105.852 Y106.418 E177.27543
G1 X105.648 Y106.497 E177.28136
G0 F9000 X105.578 Y106.427
G0 X105.014 Y107.277
G0 X105.172 Y107.435
G1 F1131 X105.068 Y107.614 E177.28762
G1 X104.895 Y107.723 E177.29379
G0 F9000 X104.833 Y108.793
G1 F1131 X104.645 Y108.888 E177.2982
G1 X104.428 Y109.237 E177.3068
G0 F9000 X104.356 Y109.165
G0 X104.676 Y110.333
G0 X104.717 Y110.374
G1 F1131 X104.663 Y110.603 E177.3111
G0 F9000 X104.871 Y111.093
G1 F1131 X104.304 Y110.527 E177.31909
G0 F9000 X104.563 Y111.069
G1 F1131 X104.498 Y111.286 E177.32577
G0 F9000 X104.459 Y111.247
G0 X104.881 Y112.235
G0 X105.063 Y112.417
G1 F1131 X105.002 Y112.639 E177.33018
G1 X105.201 Y112.272 E177.33816
G0 F9000 X105.083 Y112.154
G0 X105.761 Y113.398
G0 X105.929 Y113.566
G1 F1131 X105.778 Y113.698 E177.34796
G0 F9000 X105.6 Y113.52
G0 X106.763 Y114.4
G0 X106.945 Y114.582
G1 F1131 X107.058 Y114.412 E177.35229
G1 X106.67 Y114.589 E177.36135
G0 F9000 X106.7 Y114.619
G0 X108.004 Y115.075
G0 X108.196 Y115.267
G1 F1131 X108.286 Y115.074 E177.37242
G0 F9000 X108.088 Y114.876
G0 X106.263 Y113.237
G0 X105.503 Y112.053
G0 X105.096 Y110.544
G0 X105.112 Y109.278
G0 X105.503 Y107.947
G0 X106.263 Y106.763
G0 X107.328 Y105.841
G0 X108.052 Y105.51
G0 X110.677 Y104.455
G1 F1131 X110.573 Y104.35 E177.3739
G0 F9000 X110.569 Y104.375
;MESH:NONMESH
G0 F300 X110.569 Y104.375 Z4.56
G0 F9000 X112.672 Y105.841
G0 X113.737 Y106.763
G0 X114.497 Y107.947
G0 X114.901 Y109.406
G0 X114.938 Y109.995
G0 X114.888 Y110.723
G0 X114.497 Y112.053
G0 X113.737 Y113.237
G0 X112.672 Y114.159
G0 X111.521 Y114.685
G0 X110 Y115.106
;TIME_ELAPSED:574.027352
;LAYER:37
;TYPE:WALL-INNER
;MESH:carrucola plisse.stl
G1 F1229.5 X111.392 Y114.907 E177.40196
G1 X111.439 Y114.9 E177.40291
G1 X111.698 Y114.782 E177.40859
G1 X112.628 Y114.357 E177.42899
G1 X112.761 Y114.296 E177.43191
G1 X112.96 Y114.124 E177.43716
G1 X113.681 Y113.498 E177.45622
G1 X113.859 Y113.344 E177.46091
G1 X113.964 Y113.181 E177.46478
G1 X114.494 Y112.356 E177.48435
G1 X114.645 Y112.121 E177.48992
G1 X114.67 Y112.034 E177.49173
G1 X115 Y110.909 E177.51513
G1 X115.047 Y110.751 E177.51842
G1 X115.099 Y109.992 E177.5336
G1 X115.097 Y109.882 E177.5358
G1 X115.058 Y109.354 E177.54636
G1 X115.049 Y109.279 E177.54787
G1 X115.043 Y109.236 E177.54873
G1 X114.999 Y109.083 E177.55191
G1 X114.671 Y107.968 E177.57511
G1 X114.645 Y107.879 E177.57696
G1 X114.495 Y107.646 E177.58249
G1 X113.965 Y106.82 E177.60207
G1 X113.859 Y106.656 E177.60597
G1 X113.682 Y106.503 E177.61064
G1 X112.961 Y105.877 E177.62969
G1 X112.761 Y105.704 E177.63497
G1 X112.629 Y105.644 E177.63786
G1 X111.699 Y105.219 E177.65827
G1 X111.439 Y105.1 E177.66397
G1 X111.393 Y105.094 E177.6649
G1 X110 Y104.894 E177.69298
G1 X108.607 Y105.093 E177.72106
G1 X108.561 Y105.1 E177.72199
G1 X108.304 Y105.217 E177.72763
G1 X107.372 Y105.643 E177.74808
G1 X107.239 Y105.704 E177.751
G1 X107.04 Y105.876 E177.75625
G1 X106.317 Y106.503 E177.77535
G1 X106.141 Y106.656 E177.78
G1 X106.038 Y106.816 E177.7838
G1 X105.5 Y107.653 E177.80365
G1 X105.355 Y107.879 E177.80901
G1 X105.331 Y107.961 E177.81072
G1 X104.987 Y109.138 E177.83519
G1 X104.954 Y109.249 E177.8375
G1 X104.931 Y109.532 E177.84316
G1 X104.931 Y110.518 E177.86284
G1 X104.953 Y110.738 E177.86725
G1 X104.955 Y110.755 E177.8676
G1 X104.991 Y110.879 E177.87017
G1 X105.33 Y112.038 E177.89427
G1 X105.355 Y112.121 E177.896
G1 X105.499 Y112.346 E177.90133
G1 X106.037 Y113.183 E177.92119
G1 X106.141 Y113.344 E177.92501
G1 X106.316 Y113.496 E177.92964
G1 X107.039 Y114.123 E177.94874
G1 X107.239 Y114.296 E177.95401
G1 X107.371 Y114.356 E177.95691
G1 X108.303 Y114.782 E177.97736
G1 X108.561 Y114.9 E177.98302
G1 X108.606 Y114.906 E177.98392
G1 X110 Y115.106 E178.01203
G0 F9000 X110 Y114.702
;TYPE:WALL-OUTER
G1 F1229.5 X111.325 Y114.512 E178.03874
G1 X112.542 Y113.956 E178.06544
G1 X113.554 Y113.079 E178.09216
G1 X114.277 Y111.953 E178.11887
G1 X114.651 Y110.68 E178.14535
G1 X114.669 Y110.422 E178.15051
G1 X114.699 Y109.983 E178.15929
G1 X114.697 Y109.901 E178.16093
G1 X114.66 Y109.395 E178.17105
G1 X114.65 Y109.319 E178.17258
G1 X114.277 Y108.047 E178.19903
G1 X113.554 Y106.921 E178.22574
G1 X112.542 Y106.044 E178.25246
G1 X111.325 Y105.488 E178.27916
G1 X110 Y105.298 E178.30587
G1 X108.675 Y105.488 E178.33259
G1 X107.458 Y106.044 E178.35929
G1 X106.446 Y106.921 E178.38601
G1 X105.723 Y108.047 E178.41272
G1 X105.349 Y109.322 E178.43923
G1 X105.331 Y109.548 E178.44376
G1 X105.331 Y110.498 E178.46271
G1 X105.349 Y110.678 E178.46632
G1 X105.723 Y111.953 E178.49284
G1 X106.446 Y113.079 E178.51954
G1 X107.458 Y113.956 E178.54627
G1 X108.675 Y114.512 E178.57297
G1 X110 Y114.702 E178.59968
G0 F9000 X110 Y115.142
G0 X111.861 Y115.136
;TYPE:WALL-INNER
G1 F1229.5 X112.537 Y114.827 E178.61451
G1 X112.791 Y114.711 E178.62009
G1 X112.558 Y114.871 E178.62047
G1 X111.861 Y115.136 E178.62139
G0 F9000 X113.216 Y114.418
G1 F1229.5 X113.609 Y114.077 E178.63177
G1 X113.937 Y113.792 E178.64044
G1 X113.648 Y114.12 E178.64112
G1 X113.216 Y114.418 E178.64193
G0 F9000 X114.292 Y113.391
G1 F1229.5 X114.484 Y113.093 E178.649
G1 X114.823 Y112.566 E178.66151
G1 X114.53 Y113.122 E178.66239
G1 X114.292 Y113.391 E178.66294
G0 F9000 X115.045 Y112.143
G1 F1229.5 X115.104 Y111.941 E178.66714
G1 X115.375 Y111.019 E178.68631
G1 X115.145 Y111.952 E178.68731
G1 X115.045 Y112.143 E178.68761
G0 F9000 X115.437 Y110.767
G1 F1229.5 X115.454 Y110.5 E178.69294
G1 X115.481 Y110.099 E178.70097
G1 X115.487 Y110.019 E178.70257
G1 X115.489 Y110.002 E178.70291
G1 X115.489 Y109.987 E178.70321
G1 X115.488 Y109.876 E178.70542
G1 X115.487 Y109.864 E178.70566
G1 X115.487 Y109.853 E178.70588
G1 X115.469 Y109.61 E178.71074
G1 X115.447 Y109.325 E178.71645
G1 X115.446 Y109.315 E178.71665
G1 X115.445 Y109.305 E178.71685
G1 X115.435 Y109.229 E178.71838
G1 X115.445 Y109.296
G1 X115.447 Y109.314 E178.71856
G1 X115.491 Y109.608 E178.71892
G1 X115.503 Y109.863 E178.71929
G1 X115.51 Y110.007 E178.71978
G1 X115.508 Y110.1 E178.72002
G1 X115.485 Y110.502 E178.7206
G1 X115.437 Y110.767 E178.72084
G0 F9000 X115.372 Y108.973
G1 F1229.5 X115.105 Y108.06 E178.73982
G1 X115.045 Y107.857 E178.74405
G1 X115.145 Y108.048 E178.74431
G1 X115.372 Y108.973 E178.7453
G0 F9000 X114.823 Y107.434
G1 F1229.5 X114.485 Y106.908 E178.75778
G1 X114.292 Y106.609 E178.76488
G1 X114.53 Y106.878 E178.76541
G1 X114.823 Y107.434 E178.7663
G0 F9000 X113.937 Y106.208
G1 F1229.5 X113.61 Y105.924 E178.77494
G1 X113.216 Y105.582 E178.78535
G1 X113.648 Y105.88 E178.78615
G1 X113.937 Y106.208 E178.78684
G0 F9000 X112.791 Y105.289
G1 F1229.5 X112.538 Y105.174 E178.79239
G1 X111.861 Y104.864 E178.80725
G1 X112.558 Y105.129 E178.80817
G1 X112.791 Y105.289 E178.80857
G0 F9000 X108.551 Y104.708
G1 F1229.5 X108.684 Y104.657 E178.81141
G1 X109.952 Y104.504 E178.8369
G1 X110 Y104.498 E178.83787
G1 X110.047 Y104.503 E178.83881
G1 X111.315 Y104.657 E178.8643
G1 X111.448 Y104.707 E178.86712
G1 X111.311 Y104.688 E178.86721
G1 X110.056 Y104.508 E178.86841
G1 X110 Y104.5 E178.8686
G1 X109.945 Y104.507 E178.86875
G1 X108.689 Y104.688 E178.86986
G1 X108.551 Y104.708 E178.86995
G0 F9000 X107.209 Y105.289
G1 F1229.5 X107.442 Y105.129 E178.87559
G1 X108.142 Y104.863 E178.89054
G1 X107.463 Y105.173 E178.89141
G1 X107.209 Y105.289 E178.89174
G0 F9000 X106.061 Y106.209
G1 F1229.5 X106.352 Y105.88 E178.90051
G1 X106.784 Y105.582 E178.91098
G1 X106.39 Y105.923 E178.9117
G1 X106.061 Y106.209 E178.9123
G0 F9000 X105.172 Y107.443
G1 F1229.5 X105.469 Y106.878 E178.92504
G1 X105.71 Y106.606 E178.93229
G1 X105.516 Y106.908 E178.93274
G1 X105.172 Y107.443 E178.93361
G0 F9000 X104.613 Y109.029
G1 F1229.5 X104.854 Y108.048 E178.95377
G1 X104.957 Y107.852 E178.95819
G1 X104.897 Y108.06 E178.9584
G1 X104.613 Y109.029 E178.9595
G0 F9000 X104.566 Y110.778
G1 F1229.5 X104.529 Y110.627 E178.9626
G1 X104.523 Y110.54 E178.96434
G1 X104.505 Y110.31 E178.96895
G1 X104.503 Y109.739 E178.98034
G1 X104.514 Y109.515 E178.98482
G1 X104.516 Y109.481 E178.9855
G1 X104.566 Y109.22 E178.9908
G1 X104.545 Y109.483 E178.99097
G1 X104.543 Y109.499
G1 X104.541 Y109.516
G1 X104.541 Y109.532
G1 X104.541 Y109.739 E178.99117
G1 X104.541 Y110.31 E178.99223
G1 X104.541 Y110.518 E178.99236
G1 X104.541 Y110.538
G1 X104.543 Y110.558
G1 X104.549 Y110.624
G1 X104.566 Y110.778 E178.99243
G0 F9000 X104.957 Y112.148
G1 F1229.5 X104.854 Y111.952 E178.99685
G1 X104.618 Y110.989 E179.01663
G1 X104.896 Y111.939 E179.01768
G1 X104.957 Y112.148 E179.01789
G0 F9000 X105.71 Y113.394
G1 F1229.5 X105.469 Y113.122 E179.02515
G1 X105.172 Y112.557 E179.03788
G1 X105.515 Y113.091 E179.03873
G1 X105.71 Y113.394 E179.03922
G0 F9000 X106.784 Y114.418
G1 F1229.5 X106.352 Y114.12 E179.04969
G1 X106.061 Y113.791 E179.05845
G1 X106.389 Y114.076 E179.05905
G1 X106.784 Y114.418 E179.05978
G0 F9000 X108.142 Y115.137
G1 F1229.5 X107.442 Y114.871 E179.07473
G1 X107.209 Y114.711 E179.08037
G1 X107.462 Y114.826 E179.08067
G1 X108.142 Y115.137 E179.08158
G0 F9000 X110 Y115.502
G1 F1229.5 X109.953 Y115.497 E179.08251
G1 X108.684 Y115.343 E179.10802
G1 X108.551 Y115.292 E179.11086
G1 X108.688 Y115.311 E179.11095
G1 X109.944 Y115.492 E179.11218
G1 X110 Y115.5 E179.11237
G1 X110.055 Y115.493 E179.11258
G1 X111.31 Y115.313 E179.13788
G1 X111.448 Y115.293 E179.14067
G1 X111.315 Y115.343 E179.14082
G1 X110.048 Y115.496 E179.14209
G1 X110 Y115.502 E179.1421
G0 F9000 X110 Y115.895
G1 F1229.5 X109.953 Y115.89 E179.14303
G1 X108.637 Y115.73 E179.16949
G1 X108.588 Y115.724 E179.17048
G1 X108.546 Y115.708 E179.17137
G1 X108.413 Y115.658 E179.17421
G1 X108.004 Y115.503 E179.18294
G1 X107.303 Y115.236 E179.19791
G1 X107.261 Y115.22 E179.1988
G1 X107.221 Y115.193 E179.19977
G1 X106.988 Y115.032 E179.20542
G1 X106.563 Y114.739 E179.21572
G1 X106.131 Y114.441 E179.22619
G1 X106.09 Y114.412 E179.22719
G1 X106.061 Y114.379 E179.22807
G1 X105.77 Y114.05 E179.23684
G1 X105.418 Y113.654 E179.24741
G1 X105.177 Y113.382 E179.25466
G1 X105.147 Y113.348 E179.25557
G1 X105.124 Y113.304 E179.25656
G1 X104.827 Y112.739 E179.2693
G1 X104.612 Y112.33 E179.27852
G1 X104.509 Y112.133 E179.28295
G1 X104.486 Y112.089 E179.28394
G1 X104.476 Y112.046 E179.28482
G1 X104.239 Y111.083 E179.30462
G1 X104.187 Y110.872 E179.30895
G1 X104.15 Y110.721 E179.31206
G1 X104.142 Y110.689 E179.31271
G1 X104.14 Y110.656 E179.31337
G1 X104.117 Y110.34 E179.3197
G1 X104.115 Y110.326 E179.31998
G1 X104.115 Y110.312 E179.32026
G1 X104.113 Y109.74 E179.33167
G1 X104.114 Y109.72 E179.33207
G1 X104.127 Y109.462 E179.33723
G1 X104.128 Y109.445 E179.33757
G1 X104.14 Y109.316 E179.34015
G1 X104.186 Y109.127 E179.34403
G1 X104.233 Y108.936 E179.34796
G1 X104.475 Y107.955 E179.36812
G1 X104.486 Y107.911 E179.36903
G1 X104.509 Y107.867 E179.37002
G1 X104.612 Y107.671 E179.37444
G1 X104.826 Y107.262 E179.38365
G1 X105.123 Y106.697 E179.39639
G1 X105.147 Y106.652 E179.39741
G1 X105.176 Y106.619 E179.39828
G1 X105.417 Y106.347 E179.40553
G1 X105.768 Y105.951 E179.41609
G1 X106.06 Y105.622 E179.42487
G1 X106.09 Y105.588 E179.42578
G1 X106.13 Y105.56 E179.42675
G1 X106.562 Y105.262 E179.43723
G1 X106.987 Y104.969 E179.44753
G1 X107.22 Y104.808 E179.45318
G1 X107.261 Y104.78 E179.45417
G1 X107.303 Y104.764 E179.45507
G1 X108.003 Y104.499 E179.47
G1 X108.411 Y104.344 E179.47871
G1 X108.544 Y104.293 E179.48156
G1 X108.588 Y104.276 E179.4825
G1 X108.637 Y104.271 E179.48348
G1 X109.952 Y104.111 E179.50992
G1 X110 Y104.105 E179.51088
G1 X110.047 Y104.11 E179.51182
G1 X111.361 Y104.27 E179.53823
G1 X111.411 Y104.276 E179.53924
G1 X111.452 Y104.291 E179.54011
G1 X111.586 Y104.341 E179.54296
G1 X111.999 Y104.498 E179.55178
G1 X112.696 Y104.763 E179.56666
G1 X112.739 Y104.78 E179.56759
G1 X112.779 Y104.807 E179.56855
G1 X113.012 Y104.968 E179.5742
G1 X113.437 Y105.261 E179.5845
G1 X113.869 Y105.559 E179.59497
G1 X113.91 Y105.588 E179.59598
G1 X113.939 Y105.621 E179.59685
G1 X114.229 Y105.948 E179.60558
G1 X114.584 Y106.349 E179.61626
G1 X114.822 Y106.618 E179.62343
G1 X114.852 Y106.652 E179.62434
G1 X114.875 Y106.696 E179.62533
G1 X115.167 Y107.253 E179.63788
G1 X115.389 Y107.676 E179.64741
G1 X115.489 Y107.866 E179.6517
G1 X115.513 Y107.911 E179.65271
G1 X115.523 Y107.954 E179.65359
G1 X115.751 Y108.879 E179.67261
G1 X115.814 Y109.135 E179.67787
G1 X115.857 Y109.31 E179.68146
G1 X115.879 Y109.574 E179.68675
G1 X115.881 Y109.589 E179.68705
G1 X115.9 Y109.988 E179.69502
G1 X115.9 Y110.013 E179.69552
G1 X115.898 Y110.107 E179.6974
G1 X115.898 Y110.122 E179.6977
G1 X115.874 Y110.525 E179.70575
G1 X115.873 Y110.539 E179.70603
G1 X115.859 Y110.684 E179.70894
G1 X115.816 Y110.859 E179.71254
G1 X115.754 Y111.112 E179.71774
G1 X115.524 Y112.045 E179.73691
G1 X115.513 Y112.089 E179.73782
G1 X115.49 Y112.133 E179.73881
G1 X115.39 Y112.324 E179.74311
G1 X115.168 Y112.746 E179.75263
G1 X114.876 Y113.303 E179.76518
G1 X114.852 Y113.348 E179.76619
G1 X114.823 Y113.381 E179.76707
G1 X114.585 Y113.65 E179.77424
G1 X114.23 Y114.051 E179.78493
G1 X113.94 Y114.378 E179.79365
G1 X113.91 Y114.412 E179.79455
G1 X113.87 Y114.44 E179.79553
G1 X113.438 Y114.738 E179.806
G1 X113.013 Y115.031 E179.8163
G1 X112.78 Y115.192 E179.82195
G1 X112.739 Y115.22 E179.82295
G1 X112.697 Y115.236 E179.82384
G1 X112 Y115.5 E179.83872
G1 X111.587 Y115.657 E179.84753
G1 X111.454 Y115.707 E179.85037
G1 X111.411 Y115.724 E179.85129
G1 X111.362 Y115.729 E179.85227
G1 X110.048 Y115.889 E179.87869
G1 X110 Y115.895 E179.87966
G0 F9000 X110 Y116.298
;TYPE:WALL-OUTER
G1 F1229.5 X108.491 Y116.115 E179.90999
G1 X107.075 Y115.577 E179.94022
G1 X105.824 Y114.714 E179.97055
G1 X104.815 Y113.576 E180.0009
G1 X104.11 Y112.233 E180.03117
G1 X103.745 Y110.75 E180.06165
G1 X103.715 Y110.342 E180.06981
G1 X103.713 Y109.741 E180.0818
G1 X103.73 Y109.407 E180.08848
G1 X103.745 Y109.25 E180.09163
G1 X104.11 Y107.767 E180.1221
G1 X104.815 Y106.424 E180.15237
G1 X105.824 Y105.286 E180.18272
G1 X107.075 Y104.423 E180.21305
G1 X108.491 Y103.885 E180.24328
G1 X110 Y103.702 E180.27362
G1 X111.508 Y103.885 E180.30393
G1 X112.925 Y104.423 E180.33418
G1 X114.176 Y105.286 E180.36451
G1 X115.184 Y106.424 E180.39485
G1 X115.889 Y107.767 E180.42511
G1 X116.254 Y109.25 E180.45559
G1 X116.281 Y109.57 E180.462
G1 X116.3 Y109.969 E180.46997
G1 X116.298 Y110.113 E180.47285
G1 X116.271 Y110.579 E180.48216
G1 X116.254 Y110.75 E180.48559
G1 X115.889 Y112.233 E180.51607
G1 X115.184 Y113.576 E180.54634
G1 X114.176 Y114.714 E180.57668
G1 X112.925 Y115.577 E180.60701
G1 X111.508 Y116.115 E180.63725
G1 X110 Y116.298 E180.66757
G0 F9000 X110 Y115.858
G0 X108.366 Y115.361
G0 X108.333 Y115.394
;TYPE:SKIN
G1 F1229.5 X108.369 Y115.076 E180.66989
G0 F9000 X108.419 Y115.026
G0 X107.007 Y114.741
G0 X106.98 Y114.767
G1 F1229.5 X106.932 Y114.533 E180.67476
G0 F9000 X107.078 Y114.387
G0 X106.017 Y113.468
G1 F1229.5 X105.737 Y113.748 E180.67871
G0 F9000 X105.083 Y112.422
G0 X105.161 Y112.343
G1 F1229.5 X104.852 Y112.37 E180.68132
G0 F9000 X104.838 Y112.384
G0 X105.001 Y107.696
G0 X105.054 Y107.642
G1 F1229.5 X104.905 Y107.509 E180.6835
G0 F9000 X104.881 Y107.533
G0 X105.719 Y106.412
G0 X105.798 Y106.332
G1 F1229.5 X105.95 Y106.464 E180.68771
G0 F9000 X105.88 Y106.534
G0 X106.918 Y105.496
G0 X106.989 Y105.424
G1 F1229.5 X107.147 Y105.549 E180.68893
G1 X106.832 Y105.299 E180.69139
G0 F9000 X106.795 Y105.336
G0 X108.256 Y104.723
G0 X108.308 Y104.671
G1 F1229.5 X108.379 Y104.883 E180.69399
G0 F9000 X108.339 Y104.924
G0 X111.592 Y104.781
G1 F1229.5 X111.774 Y104.6 E180.69655
G0 F9000 X112.857 Y105.497
G1 F1229.5 X113.107 Y105.247 E180.70008
G0 F9000 X114.31 Y106.307
G1 F1229.5 X114.025 Y106.591 E180.70409
G0 F9000 X115.098 Y107.498
G1 F1229.5 X114.822 Y107.774 E180.70798
G0 F9000 X114.915 Y109.566
G0 X114.875 Y112.246
G0 X114.823 Y112.298
G1 F1229.5 X115.013 Y112.392 E180.71127
G0 F9000 X115.077 Y112.328
G0 X114.181 Y113.506
G0 X114.105 Y113.582
G1 F1229.5 X114.255 Y113.714 E180.71583
G0 F9000 X114.341 Y113.629
G0 X113.126 Y114.561
G0 X113.05 Y114.636
G1 F1229.5 X112.938 Y114.467 E180.71978
G0 F9000 X113.002 Y114.403
G0 X111.691 Y115.148
G0 X111.645 Y115.194
G1 F1229.5 X111.734 Y115.387 E180.72223
G0 F9000 X111.685 Y115.405
;MESH:NONMESH
G0 F300 X111.685 Y115.405 Z4.68
G0 F9000 X110 Y115.106
;TIME_ELAPSED:588.996554
;LAYER:38
;TYPE:WALL-INNER
;MESH:carrucola plisse.stl
G1 F1219.9 X111.392 Y114.907 E180.75029
G1 X111.439 Y114.9 E180.75124
G1 X111.698 Y114.782 E180.75692
G1 X112.628 Y114.357 E180.77732
G1 X112.761 Y114.296 E180.78024
G1 X112.96 Y114.124 E180.78549
G1 X113.681 Y113.498 E180.80455
G1 X113.859 Y113.344 E180.80924
G1 X113.964 Y113.181 E180.81311
G1 X114.494 Y112.356 E180.83268
G1 X114.645 Y112.121 E180.83826
G1 X114.67 Y112.034 E180.84006
G1 X115.002 Y110.904 E180.86357
G1 X115.047 Y110.75 E180.86677
G1 X115.099 Y109.99 E180.88197
G1 X115.097 Y109.86 E180.88456
G1 X115.066 Y109.446 E180.89285
G1 X115.048 Y109.272 E180.89634
G1 X115.045 Y109.243 E180.89692
G1 X114.998 Y109.083 E180.90025
G1 X114.671 Y107.967 E180.92346
G1 X114.645 Y107.879 E180.92529
G1 X114.495 Y107.646 E180.93082
G1 X113.965 Y106.82 E180.9504
G1 X113.859 Y106.656 E180.9543
G1 X113.682 Y106.503 E180.95897
G1 X112.961 Y105.877 E180.97802
G1 X112.761 Y105.704 E180.9833
G1 X112.629 Y105.644 E180.98619
G1 X111.699 Y105.219 E181.0066
G1 X111.439 Y105.1 E181.01231
G1 X111.393 Y105.094 E181.01323
G1 X110 Y104.894 E181.04132
G1 X108.607 Y105.093 E181.0694
G1 X108.561 Y105.1 E181.07033
G1 X108.304 Y105.217 E181.07596
G1 X107.372 Y105.643 E181.09641
G1 X107.239 Y105.704 E181.09933
G1 X107.04 Y105.876 E181.10458
G1 X106.317 Y106.503 E181.12368
G1 X106.141 Y106.656 E181.12833
G1 X106.038 Y106.816 E181.13213
G1 X105.5 Y107.653 E181.15198
G1 X105.355 Y107.879 E181.15734
G1 X105.331 Y107.962 E181.15907
G1 X104.994 Y109.114 E181.18302
G1 X104.954 Y109.248 E181.18581
G1 X104.927 Y109.584 E181.19254
G1 X104.929 Y109.689 E181.19463
G1 X104.928 Y110.48 E181.21042
G1 X104.954 Y110.743 E181.21569
G1 X104.956 Y110.759 E181.21601
G1 X104.992 Y110.883 E181.21859
G1 X105.33 Y112.037 E181.24259
G1 X105.355 Y112.121 E181.24434
G1 X105.499 Y112.346 E181.24967
G1 X106.037 Y113.183 E181.26952
G1 X106.141 Y113.344 E181.27335
G1 X106.316 Y113.496 E181.27798
G1 X107.039 Y114.123 E181.29707
G1 X107.239 Y114.296 E181.30235
G1 X107.371 Y114.356 E181.30524
G1 X108.303 Y114.782 E181.32569
G1 X108.561 Y114.9 E181.33136
G1 X108.606 Y114.906 E181.33226
G1 X110 Y115.106 E181.36037
G0 F9000 X110 Y114.702
;TYPE:WALL-OUTER
G1 F1219.9 X111.325 Y114.512 E181.38708
G1 X112.542 Y113.956 E181.41378
G1 X113.554 Y113.079 E181.4405
G1 X114.277 Y111.953 E181.46721
G1 X114.651 Y110.68 E181.49368
G1 X114.672 Y110.354 E181.5002
G1 X114.699 Y109.98 E181.50769
G1 X114.697 Y109.879 E181.5097
G1 X114.668 Y109.482 E181.51765
G1 X114.651 Y109.321 E181.52088
G1 X114.277 Y108.047 E181.54737
G1 X113.554 Y106.921 E181.57408
G1 X112.542 Y106.044 E181.6008
G1 X111.325 Y105.488 E181.6275
G1 X110 Y105.298 E181.65421
G1 X108.675 Y105.488 E181.68093
G1 X107.458 Y106.044 E181.70763
G1 X106.446 Y106.921 E181.73435
G1 X105.723 Y108.047 E181.76106
G1 X105.349 Y109.321 E181.78755
G1 X105.327 Y109.596 E181.79306
G1 X105.329 Y109.69 E181.79493
G1 X105.328 Y110.46 E181.8103
G1 X105.35 Y110.682 E181.81475
G1 X105.723 Y111.953 E181.84119
G1 X106.446 Y113.079 E181.86789
G1 X107.458 Y113.956 E181.89461
G1 X108.675 Y114.512 E181.92132
G1 X110 Y114.702 E181.94803
G0 F9000 X110 Y115.142
G0 X111.861 Y115.136
;TYPE:WALL-INNER
G1 F1219.9 X112.537 Y114.827 E181.96286
G1 X112.791 Y114.711 E181.96843
G1 X112.558 Y114.871 E181.96882
G1 X111.861 Y115.136 E181.96973
G0 F9000 X113.216 Y114.418
G1 F1219.9 X113.609 Y114.077 E181.98012
G1 X113.937 Y113.792 E181.98879
G1 X113.648 Y114.12 E181.98947
G1 X113.216 Y114.418 E181.99028
G0 F9000 X114.292 Y113.391
G1 F1219.9 X114.484 Y113.093 E181.99735
G1 X114.823 Y112.566 E182.00985
G1 X114.53 Y113.122 E182.01073
G1 X114.292 Y113.391 E182.01128
G0 F9000 X115.045 Y112.143
G1 F1219.9 X115.104 Y111.941 E182.01548
G1 X115.376 Y111.013 E182.03478
G1 X115.145 Y111.952 E182.03579
G1 X115.045 Y112.143 E182.03608
G0 F9000 X115.437 Y110.768
G1 F1219.9 X115.455 Y110.49 E182.04164
G1 X115.481 Y110.106 E182.04932
G1 X115.487 Y110.017 E182.0511
G1 X115.489 Y110 E182.05144
G1 X115.489 Y109.986 E182.05172
G1 X115.488 Y109.855 E182.05433
G1 X115.487 Y109.842 E182.05459
G1 X115.487 Y109.831 E182.05481
G1 X115.472 Y109.628 E182.05888
G1 X115.454 Y109.411 E182.06322
G1 X115.451 Y109.375 E182.06394
G1 X115.436 Y109.231 E182.06683
G1 X115.47 Y109.373 E182.06692
G1 X115.473 Y109.409 E182.06697
G1 X115.492 Y109.626 E182.06717
G1 X115.502 Y109.841 E182.06749
G1 X115.51 Y110.004 E182.06797
G1 X115.508 Y110.107 E182.06817
G1 X115.486 Y110.492 E182.06873
G1 X115.437 Y110.768 E182.06896
G0 F9000 X115.372 Y108.973
G1 F1219.9 X115.105 Y108.06 E182.08795
G1 X115.045 Y107.857 E182.09217
G1 X115.145 Y108.048 E182.09244
G1 X115.372 Y108.973 E182.09342
G0 F9000 X114.823 Y107.434
G1 F1219.9 X114.485 Y106.908 E182.1059
G1 X114.292 Y106.609 E182.113
G1 X114.53 Y106.878 E182.11354
G1 X114.823 Y107.434 E182.11442
G0 F9000 X113.937 Y106.208
G1 F1219.9 X113.61 Y105.924 E182.12306
G1 X113.216 Y105.582 E182.13348
G1 X113.648 Y105.88 E182.13427
G1 X113.937 Y106.208 E182.13496
G0 F9000 X112.791 Y105.289
G1 F1219.9 X112.538 Y105.174 E182.14051
G1 X111.861 Y104.864 E182.15537
G1 X112.558 Y105.129 E182.15629
G1 X112.791 Y105.289 E182.1567
G0 F9000 X108.551 Y104.708
G1 F1219.9 X108.684 Y104.657 E182.15954
G1 X109.952 Y104.504 E182.18503
G1 X110 Y104.498 E182.18599
G1 X110.047 Y104.503 E182.18693
G1 X111.315 Y104.657 E182.21242
G1 X111.448 Y104.707 E182.21525
G1 X111.311 Y104.688 E182.21533
G1 X110.056 Y104.508 E182.21653
G1 X110 Y104.5 E182.21673
G1 X109.945 Y104.507 E182.21688
G1 X108.689 Y104.688 E182.21799
G1 X108.551 Y104.708 E182.21808
G0 F9000 X107.209 Y105.289
G1 F1219.9 X107.442 Y105.129 E182.22372
G1 X108.142 Y104.863 E182.23866
G1 X107.463 Y105.173 E182.23954
G1 X107.209 Y105.289 E182.23986
G0 F9000 X106.061 Y106.209
G1 F1219.9 X106.352 Y105.88 E182.24863
G1 X106.784 Y105.582 E182.2591
G1 X106.39 Y105.923 E182.25983
G1 X106.061 Y106.209 E182.26042
G0 F9000 X105.172 Y107.443
G1 F1219.9 X105.469 Y106.878 E182.27316
G1 X105.71 Y106.606 E182.28041
G1 X105.516 Y106.908 E182.28087
G1 X105.172 Y107.443 E182.28173
G0 F9000 X104.619 Y109.005
G1 F1219.9 X104.854 Y108.048 E182.3014
G1 X104.957 Y107.853 E182.30579
G1 X104.897 Y108.06 E182.306
G1 X104.619 Y109.005 E182.30709
G0 F9000 X104.567 Y110.782
G1 F1219.9 X104.529 Y110.627 E182.31027
G1 X104.52 Y110.501 E182.3128
G1 X104.504 Y110.291 E182.317
G1 X104.501 Y109.761 E182.32758
G1 X104.504 Y109.688 E182.32903
G1 X104.51 Y109.571 E182.33137
G1 X104.515 Y109.491 E182.33297
G1 X104.564 Y109.225 E182.33837
G1 X104.544 Y109.493 E182.33854
G1 X104.539 Y109.553
G1 X104.537 Y109.572
G1 X104.537 Y109.59
G1 X104.539 Y109.689 E182.33855
G1 X104.539 Y109.761 E182.33857
G1 X104.539 Y110.291 E182.33954
G1 X104.539 Y110.479 E182.33964
G1 X104.538 Y110.499
G1 X104.54 Y110.519
G1 X104.55 Y110.624
G1 X104.567 Y110.782 E182.33971
G0 F9000 X104.957 Y112.147
G1 F1219.9 X104.854 Y111.952 E182.34412
G1 X104.618 Y110.993 E182.36382
G1 X104.896 Y111.939 E182.36487
G1 X104.957 Y112.147 E182.36508
G0 F9000 X105.71 Y113.394
G1 F1219.9 X105.469 Y113.122 E182.37233
G1 X105.172 Y112.557 E182.38507
G1 X105.515 Y113.091 E182.38591
G1 X105.71 Y113.394 E182.3864
G0 F9000 X106.784 Y114.418
G1 F1219.9 X106.352 Y114.12 E182.39687
G1 X106.061 Y113.791 E182.40564
G1 X106.389 Y114.076 E182.40623
G1 X106.784 Y114.418 E182.40697
G0 F9000 X108.142 Y115.137
G1 F1219.9 X107.442 Y114.871 E182.42191
G1 X107.209 Y114.711 E182.42755
G1 X107.462 Y114.826 E182.42785
G1 X108.142 Y115.137 E182.42876
G0 F9000 X110 Y115.502
G1 F1219.9 X109.953 Y115.497 E182.4297
G1 X108.684 Y115.343 E182.45521
G1 X108.551 Y115.292 E182.45804
G1 X108.688 Y115.311 E182.45813
G1 X109.944 Y115.492 E182.45936
G1 X110 Y115.5 E182.45956
G1 X110.055 Y115.493 E182.45977
G1 X111.31 Y115.313 E182.48507
G1 X111.448 Y115.293 E182.48785
G1 X111.315 Y115.343 E182.48801
G1 X110.048 Y115.496 E182.48927
G1 X110 Y115.502 E182.48928
G0 F9000 X110 Y115.895
G1 F1219.9 X109.953 Y115.89 E182.49022
G1 X108.637 Y115.73 E182.51668
G1 X108.588 Y115.724 E182.51766
G1 X108.546 Y115.708 E182.51856
G1 X108.413 Y115.658 E182.52139
G1 X108.004 Y115.503 E182.53012
G1 X107.303 Y115.236 E182.54509
G1 X107.261 Y115.22 E182.54599
G1 X107.221 Y115.193 E182.54695
G1 X106.988 Y115.032 E182.5526
G1 X106.563 Y114.739 E182.5629
G1 X106.131 Y114.441 E182.57338
G1 X106.09 Y114.412 E182.57438
G1 X106.061 Y114.379 E182.57526
G1 X105.77 Y114.05 E182.58402
G1 X105.418 Y113.654 E182.5946
G1 X105.177 Y113.382 E182.60185
G1 X105.147 Y113.348 E182.60275
G1 X105.124 Y113.304 E182.60374
G1 X104.827 Y112.739 E182.61648
G1 X104.612 Y112.329 E182.62572
G1 X104.51 Y112.134 E182.63011
G1 X104.486 Y112.089 E182.63113
G1 X104.476 Y112.046 E182.63201
G1 X104.24 Y111.087 E182.65172
G1 X104.188 Y110.876 E182.65606
G1 X104.15 Y110.721 E182.65924
G1 X104.142 Y110.689 E182.6599
G1 X104.14 Y110.656 E182.66056
G1 X104.115 Y110.32 E182.66728
G1 X104.114 Y110.307 E182.66754
G1 X104.114 Y110.294 E182.6678
G1 X104.111 Y109.763 E182.6784
G1 X104.112 Y109.741 E182.67884
G1 X104.126 Y109.471 E182.68423
G1 X104.127 Y109.454 E182.68457
G1 X104.14 Y109.316 E182.68734
G1 X104.185 Y109.132 E182.69112
G1 X104.239 Y108.912 E182.69564
G1 X104.475 Y107.955 E182.71531
G1 X104.486 Y107.911 E182.71622
G1 X104.509 Y107.867 E182.71721
G1 X104.611 Y107.672 E182.7216
G1 X104.826 Y107.262 E182.73084
G1 X105.123 Y106.697 E182.74358
G1 X105.147 Y106.652 E182.74459
G1 X105.176 Y106.619 E182.74547
G1 X105.417 Y106.347 E182.75272
G1 X105.768 Y105.951 E182.76328
G1 X106.06 Y105.622 E182.77206
G1 X106.09 Y105.588 E182.77297
G1 X106.13 Y105.56 E182.77394
G1 X106.562 Y105.262 E182.78441
G1 X106.987 Y104.969 E182.79471
G1 X107.22 Y104.808 E182.80037
G1 X107.261 Y104.78 E182.80136
G1 X107.303 Y104.764 E182.80225
G1 X108.003 Y104.499 E182.81719
G1 X108.411 Y104.344 E182.8259
G1 X108.544 Y104.293 E182.82874
G1 X108.588 Y104.276 E182.82968
G1 X108.637 Y104.271 E182.83067
G1 X109.952 Y104.111 E182.8571
G1 X110 Y104.105 E182.85807
G1 X110.047 Y104.11 E182.85901
G1 X111.361 Y104.27 E182.88542
G1 X111.411 Y104.276 E182.88643
G1 X111.452 Y104.291 E182.8873
G1 X111.586 Y104.341 E182.89015
G1 X111.999 Y104.498 E182.89897
G1 X112.696 Y104.763 E182.91385
G1 X112.739 Y104.78 E182.91477
G1 X112.779 Y104.807 E182.91574
G1 X113.012 Y104.968 E182.92139
G1 X113.437 Y105.261 E182.93169
G1 X113.869 Y105.559 E182.94216
G1 X113.91 Y105.588 E182.94316
G1 X113.939 Y105.621 E182.94404
G1 X114.229 Y105.948 E182.95276
G1 X114.584 Y106.349 E182.96345
G1 X114.822 Y106.618 E182.97062
G1 X114.852 Y106.652 E182.97152
G1 X114.875 Y106.696 E182.97251
G1 X115.167 Y107.253 E182.98506
G1 X115.389 Y107.676 E182.9946
G1 X115.489 Y107.866 E182.99888
G1 X115.513 Y107.911 E182.9999
G1 X115.523 Y107.955 E183.0008
G1 X115.75 Y108.879 E183.01979
G1 X115.814 Y109.138 E183.02511
G1 X115.849 Y109.279 E183.02801
G1 X115.857 Y109.311 E183.02867
G1 X115.859 Y109.34 E183.02925
G1 X115.88 Y109.592 E183.0343
G1 X115.882 Y109.607 E183.0346
G1 X115.9 Y109.985 E183.04215
G1 X115.9 Y110.01 E183.04265
G1 X115.898 Y110.113 E183.04471
G1 X115.898 Y110.129 E183.04502
G1 X115.875 Y110.515 E183.05274
G1 X115.874 Y110.53 E183.05304
G1 X115.859 Y110.684 E183.05613
G1 X115.816 Y110.86 E183.05974
G1 X115.756 Y111.106 E183.0648
G1 X115.524 Y112.045 E183.0841
G1 X115.513 Y112.089 E183.08501
G1 X115.49 Y112.133 E183.086
G1 X115.39 Y112.324 E183.0903
G1 X115.168 Y112.746 E183.09981
G1 X114.876 Y113.303 E183.11236
G1 X114.852 Y113.348 E183.11338
G1 X114.823 Y113.381 E183.11426
G1 X114.585 Y113.65 E183.12143
G1 X114.23 Y114.051 E183.13211
G1 X113.94 Y114.378 E183.14084
G1 X113.91 Y114.412 E183.14174
G1 X113.87 Y114.44 E183.14272
G1 X113.438 Y114.738 E183.15319
G1 X113.013 Y115.031 E183.16349
G1 X112.78 Y115.192 E183.16914
G1 X112.739 Y115.22 E183.17013
G1 X112.697 Y115.236 E183.17103
G1 X112 Y115.5 E183.1859
G1 X111.587 Y115.657 E183.19472
G1 X111.454 Y115.707 E183.19756
G1 X111.411 Y115.724 E183.19848
G1 X111.362 Y115.729 E183.19946
G1 X110.048 Y115.889 E183.22588
G1 X110 Y115.895 E183.22684
G0 F9000 X110 Y116.298
;TYPE:WALL-OUTER
G1 F1219.9 X108.491 Y116.115 E183.25718
G1 X107.075 Y115.577 E183.28741
G1 X105.824 Y114.714 E183.31774
G1 X104.815 Y113.576 E183.34809
G1 X104.11 Y112.233 E183.37836
G1 X103.745 Y110.75 E183.40883
G1 X103.714 Y110.323 E183.41738
G1 X103.711 Y109.765 E183.42851
G1 X103.729 Y109.415 E183.43551
G1 X103.745 Y109.25 E183.43882
G1 X104.11 Y107.767 E183.46929
G1 X104.815 Y106.424 E183.49956
G1 X105.824 Y105.286 E183.52991
G1 X107.075 Y104.423 E183.56024
G1 X108.491 Y103.885 E183.59047
G1 X110 Y103.702 E183.62081
G1 X111.508 Y103.885 E183.65112
G1 X112.925 Y104.423 E183.68137
G1 X114.176 Y105.286 E183.7117
G1 X115.184 Y106.424 E183.74203
G1 X115.889 Y107.767 E183.7723
G1 X116.254 Y109.25 E183.80278
G1 X116.282 Y109.588 E183.80955
G1 X116.3 Y109.966 E183.8171
G1 X116.298 Y110.119 E183.82016
G1 X116.272 Y110.57 E183.82917
G1 X116.254 Y110.75 E183.83278
G1 X115.889 Y112.233 E183.86326
G1 X115.184 Y113.576 E183.89353
G1 X114.176 Y114.714 E183.92387
G1 X112.925 Y115.577 E183.9542
G1 X111.508 Y116.115 E183.98444
G1 X110 Y116.298 E184.01476
G0 F9000 X110 Y115.858
G0 X108.351 Y115.422
G0 X108.296 Y115.367
;TYPE:SKIN
G1 F1219.9 X108.367 Y115.155 E184.01752
G0 F9000 X108.324 Y115.112
G0 X107.145 Y114.498
G0 X107.082 Y114.435
G1 F1219.9 X106.968 Y114.605 E184.02136
G0 F9000 X107.042 Y114.679
G0 X105.993 Y113.63
G0 X105.922 Y113.558
G1 F1219.9 X105.771 Y113.69 E184.02569
G0 F9000 X105.853 Y113.772
G0 X105.073 Y112.427
G0 X105.018 Y112.372
G1 F1219.9 X105.208 Y112.279 E184.02847
G0 F9000 X105.252 Y112.323
G0 X105.089 Y110.471
G0 X105.095 Y110.133
G0 X105.219 Y107.765
G1 F1219.9 X104.956 Y107.502 E184.03218
G0 F9000 X105.994 Y106.56
G1 F1219.9 X105.711 Y106.277 E184.03617
G0 F9000 X106.947 Y105.532
G0 X106.998 Y105.584
G1 F1219.9 X106.999 Y105.301 E184.03977
G0 F9000 X106.923 Y105.225
G0 X108.353 Y104.959
G0 X108.368 Y104.974
G1 F1219.9 X108.324 Y104.647 E184.04191
G0 F9000 X108.263 Y104.586
G0 X111.587 Y104.799
G0 X111.631 Y104.843
G1 F1219.9 X111.702 Y104.631 E184.04479
G0 F9000 X111.645 Y104.574
G0 X112.956 Y105.32
G0 X113.029 Y105.393
G1 F1219.9 X112.917 Y105.563 E184.04864
G0 F9000 X112.854 Y105.5
G0 X114.003 Y106.366
G0 X114.077 Y106.44
G1 F1219.9 X114.227 Y106.308 E184.05309
G0 F9000 X114.144 Y106.225
G0 X114.917 Y107.563
G0 X114.978 Y107.624
G1 F1219.9 X114.788 Y107.717 E184.05622
G0 F9000 X114.738 Y107.667
G0 X114.918 Y109.754
G0 X114.779 Y112.234
G1 F1219.9 X115.071 Y112.526 E184.06034
G0 F9000 X114.004 Y113.439
G1 F1219.9 X114.286 Y113.721 E184.06432
G0 F9000 X113.052 Y114.466
G0 X113 Y114.414
G1 F1219.9 X113 Y114.697 E184.06791
G0 F9000 X113.076 Y114.773
G0 X111.65 Y115.044
G0 X111.633 Y115.027
G1 F1219.9 X111.673 Y115.35 E184.07014
G0 F9000 X111.727 Y115.389
;MESH:NONMESH
G0 F300 X111.727 Y115.389 Z4.8
G0 F9000 X110 Y115.106
;TIME_ELAPSED:604.009334
;LAYER:39
;TYPE:WALL-INNER
;MESH:carrucola plisse.stl
G1 F1221.3 X111.392 Y114.907 E184.0982
G1 X111.439 Y114.9 E184.09915
G1 X111.698 Y114.782 E184.10483
G1 X112.628 Y114.357 E184.12523
G1 X112.761 Y114.296 E184.12815
G1 X112.96 Y114.124 E184.1334
G1 X113.681 Y113.498 E184.15246
G1 X113.859 Y113.344 E184.15715
G1 X113.964 Y113.181 E184.16102
G1 X114.494 Y112.356 E184.18059
G1 X114.645 Y112.121 E184.18617
G1 X114.67 Y112.034 E184.18797
G1 X115 Y110.911 E184.21133
G1 X115.046 Y110.754 E184.2146
G1 X115.047 Y110.733 E184.21501
G1 X115.074 Y110.447 E184.22075
G1 X115.076 Y110.317 E184.22334
G1 X115.077 Y110.297 E184.22374
G1 X115.099 Y109.983 E184.23002
G1 X115.096 Y109.839 E184.2329
G1 X115.069 Y109.474 E184.2402
G1 X115.049 Y109.273 E184.24423
G1 X115.045 Y109.243 E184.24484
G1 X115 Y109.087 E184.24808
G1 X114.671 Y107.967 E184.27137
G1 X114.645 Y107.879 E184.2732
G1 X114.495 Y107.646 E184.27873
G1 X113.965 Y106.82 E184.29832
G1 X113.859 Y106.656 E184.30221
G1 X113.682 Y106.503 E184.30688
G1 X112.961 Y105.877 E184.32594
G1 X112.761 Y105.704 E184.33122
G1 X112.629 Y105.644 E184.33411
G1 X111.699 Y105.219 E184.35451
G1 X111.439 Y105.1 E184.36022
G1 X111.393 Y105.094 E184.36115
G1 X110 Y104.894 E184.38923
G1 X108.607 Y105.093 E184.41731
G1 X108.561 Y105.1 E184.41824
G1 X108.304 Y105.217 E184.42388
G1 X107.372 Y105.643 E184.44433
G1 X107.239 Y105.704 E184.44725
G1 X107.04 Y105.876 E184.45249
G1 X106.317 Y106.503 E184.47159
G1 X106.141 Y106.656 E184.47625
G1 X106.038 Y106.816 E184.48004
G1 X105.5 Y107.653 E184.4999
G1 X105.355 Y107.879 E184.50526
G1 X105.331 Y107.962 E184.50698
G1 X104.998 Y109.096 E184.53057
G1 X104.953 Y109.248 E184.53373
G1 X104.953 Y109.26 E184.53397
G1 X104.924 Y109.625 E184.54128
G1 X104.924 Y110.445 E184.55764
G1 X104.954 Y110.745 E184.56366
G1 X104.956 Y110.758 E184.56392
G1 X104.988 Y110.869 E184.56623
G1 X105.33 Y112.038 E184.59053
G1 X105.355 Y112.121 E184.59226
G1 X105.499 Y112.346 E184.59759
G1 X106.037 Y113.183 E184.61745
G1 X106.141 Y113.344 E184.62128
G1 X106.316 Y113.496 E184.6259
G1 X107.039 Y114.123 E184.645
G1 X107.239 Y114.296 E184.65028
G1 X107.371 Y114.356 E184.65317
G1 X108.303 Y114.782 E184.67362
G1 X108.561 Y114.9 E184.67928
G1 X108.606 Y114.906 E184.68019
G1 X110 Y115.106 E184.70829
G0 F9000 X110 Y114.702
;TYPE:WALL-OUTER
G1 F1221.3 X111.325 Y114.512 E184.735
G1 X112.542 Y113.956 E184.7617
G1 X113.554 Y113.079 E184.78843
G1 X114.277 Y111.953 E184.81513
G1 X114.651 Y110.679 E184.84163
G1 X114.674 Y110.425 E184.84672
G1 X114.676 Y110.31 E184.84901
G1 X114.699 Y109.974 E184.85573
G1 X114.696 Y109.858 E184.85805
G1 X114.671 Y109.509 E184.86503
G1 X114.651 Y109.321 E184.86881
G1 X114.277 Y108.047 E184.8953
G1 X113.554 Y106.921 E184.92201
G1 X112.542 Y106.044 E184.94873
G1 X111.325 Y105.488 E184.97543
G1 X110 Y105.298 E185.00214
G1 X108.675 Y105.488 E185.02886
G1 X107.458 Y106.044 E185.05556
G1 X106.446 Y106.921 E185.08228
G1 X105.723 Y108.047 E185.10898
G1 X105.349 Y109.321 E185.13548
G1 X105.324 Y109.641 E185.14189
G1 X105.324 Y110.425 E185.15753
G1 X105.35 Y110.681 E185.16267
G1 X105.723 Y111.953 E185.18912
G1 X106.446 Y113.079 E185.21582
G1 X107.458 Y113.956 E185.24255
G1 X108.675 Y114.512 E185.26925
G1 X110 Y114.702 E185.29596
G0 F9000 X110 Y115.142
G0 X111.861 Y115.136
;TYPE:WALL-INNER
G1 F1221.3 X112.537 Y114.827 E185.31079
G1 X112.791 Y114.711 E185.31637
G1 X112.558 Y114.871 E185.31675
G1 X111.861 Y115.136 E185.31767
G0 F9000 X113.216 Y114.418
G1 F1221.3 X113.609 Y114.077 E185.32805
G1 X113.937 Y113.792 E185.33672
G1 X113.648 Y114.12 E185.3374
G1 X113.216 Y114.418 E185.33821
G0 F9000 X114.292 Y113.391
G1 F1221.3 X114.484 Y113.093 E185.34528
G1 X114.823 Y112.566 E185.35779
G1 X114.53 Y113.122 E185.35867
G1 X114.292 Y113.391 E185.35922
G0 F9000 X115.045 Y112.143
G1 F1221.3 X115.104 Y111.941 E185.36342
G1 X115.374 Y111.02 E185.38257
G1 X115.145 Y111.952 E185.38357
G1 X115.045 Y112.143 E185.38386
G0 F9000 X115.436 Y110.768
G1 F1221.3 X115.462 Y110.484 E185.38955
G1 X115.464 Y110.468 E185.38987
G1 X115.464 Y110.453 E185.39017
G1 X115.466 Y110.323 E185.39277
G1 X115.48 Y110.114 E185.39695
G1 X115.487 Y110.011 E185.39901
G1 X115.489 Y109.992 E185.39939
G1 X115.489 Y109.977 E185.39969
G1 X115.487 Y109.832 E185.40258
G1 X115.486 Y109.821 E185.4028
G1 X115.473 Y109.64 E185.40642
G1 X115.458 Y109.439 E185.41045
G1 X115.452 Y109.375 E185.41173
G1 X115.436 Y109.232 E185.4146
G1 X115.47 Y109.372 E185.41468
G1 X115.475 Y109.437 E185.41476
G1 X115.494 Y109.638 E185.41494
G1 X115.502 Y109.82 E185.41512
G1 X115.51 Y110 E185.41567
G1 X115.508 Y110.115 E185.41594
G1 X115.497 Y110.324 E185.41626
G1 X115.488 Y110.474 E185.41667
G1 X115.436 Y110.768 E185.417
G0 F9000 X115.373 Y108.977
G1 F1221.3 X115.105 Y108.06 E185.43607
G1 X115.045 Y107.857 E185.44029
G1 X115.145 Y108.048 E185.44056
G1 X115.373 Y108.977 E185.44155
G0 F9000 X114.823 Y107.434
G1 F1221.3 X114.485 Y106.908 E185.45403
G1 X114.292 Y106.609 E185.46113
G1 X114.53 Y106.878 E185.46166
G1 X114.823 Y107.434 E185.46255
G0 F9000 X113.937 Y106.208
G1 F1221.3 X113.61 Y105.924 E185.47119
G1 X113.216 Y105.582 E185.4816
G1 X113.648 Y105.88 E185.4824
G1 X113.937 Y106.208 E185.48309
G0 F9000 X112.791 Y105.289
G1 F1221.3 X112.538 Y105.174 E185.48863
G1 X111.861 Y104.864 E185.50349
G1 X112.558 Y105.129 E185.50442
G1 X112.791 Y105.289 E185.50482
G0 F9000 X108.551 Y104.708
G1 F1221.3 X108.684 Y104.657 E185.50766
G1 X109.952 Y104.504 E185.53315
G1 X110 Y104.498 E185.53412
G1 X110.047 Y104.503 E185.53505
G1 X111.315 Y104.657 E185.56054
G1 X111.448 Y104.707 E185.56337
G1 X111.311 Y104.688 E185.56346
G1 X110.056 Y104.508 E185.56465
G1 X110 Y104.5 E185.56485
G1 X109.945 Y104.507 E185.565
G1 X108.689 Y104.688 E185.56611
G1 X108.551 Y104.708 E185.5662
G0 F9000 X107.209 Y105.289
G1 F1221.3 X107.442 Y105.129 E185.57184
G1 X108.142 Y104.863 E185.58679
G1 X107.463 Y105.173 E185.58766
G1 X107.209 Y105.289 E185.58799
G0 F9000 X106.061 Y106.209
G1 F1221.3 X106.352 Y105.88 E185.59675
G1 X106.784 Y105.582 E185.60723
G1 X106.39 Y105.923 E185.60795
G1 X106.061 Y106.209 E185.60855
G0 F9000 X105.172 Y107.443
G1 F1221.3 X105.469 Y106.878 E185.62128
G1 X105.71 Y106.606 E185.62854
G1 X105.516 Y106.908 E185.62899
G1 X105.172 Y107.443 E185.62986
G0 F9000 X104.623 Y108.986
G1 F1221.3 X104.854 Y108.048 E185.64914
G1 X104.956 Y107.853 E185.65353
G1 X104.896 Y108.06 E185.65373
G1 X104.623 Y108.986 E185.65477
G0 F9000 X104.567 Y110.785
G1 F1221.3 X104.527 Y110.621 E185.65814
G1 X104.516 Y110.467 E185.66122
G1 X104.502 Y110.27 E185.66516
G1 X104.499 Y109.787 E185.6748
G1 X104.508 Y109.609 E185.67836
G1 X104.514 Y109.5 E185.68053
G1 X104.563 Y109.231 E185.68599
G1 X104.543 Y109.502 E185.68617
G1 X104.536 Y109.595
G1 X104.534 Y109.61
G1 X104.534 Y109.625
G1 X104.534 Y109.787 E185.68629
G1 X104.534 Y110.27 E185.68709
G1 X104.534 Y110.445 E185.68715
G1 X104.534 Y110.465
G1 X104.536 Y110.485
G1 X104.549 Y110.618
G1 X104.567 Y110.785 E185.68723
G0 F9000 X104.957 Y112.148
G1 F1221.3 X104.854 Y111.952 E185.69165
G1 X104.615 Y110.979 E185.71164
G1 X104.896 Y111.939 E185.71271
G1 X104.957 Y112.148 E185.71292
G0 F9000 X105.71 Y113.394
G1 F1221.3 X105.469 Y113.122 E185.72017
G1 X105.172 Y112.557 E185.73291
G1 X105.515 Y113.091 E185.73376
G1 X105.71 Y113.394 E185.73424
G0 F9000 X106.784 Y114.418
G1 F1221.3 X106.352 Y114.12 E185.74472
G1 X106.061 Y113.791 E185.75348
G1 X106.389 Y114.076 E185.75407
G1 X106.784 Y114.418 E185.75481
G0 F9000 X108.142 Y115.137
G1 F1221.3 X107.442 Y114.871 E185.76975
G1 X107.209 Y114.711 E185.77539
G1 X107.462 Y114.826 E185.7757
G1 X108.142 Y115.137 E185.7766
G0 F9000 X110 Y115.502
G1 F1221.3 X109.953 Y115.497 E185.77754
G1 X108.684 Y115.343 E185.80305
G1 X108.551 Y115.292 E185.80588
G1 X108.688 Y115.311 E185.80598
G1 X109.944 Y115.492 E185.8072
G1 X110 Y115.5 E185.8074
G1 X110.055 Y115.493 E185.80761
G1 X111.31 Y115.313 E185.83291
G1 X111.448 Y115.293 E185.83569
G1 X111.315 Y115.343 E185.83585
G1 X110.048 Y115.496 E185.83712
G1 X110 Y115.502 E185.83713
G0 F9000 X110 Y115.895
G1 F1221.3 X109.953 Y115.89 E185.83806
G1 X108.637 Y115.73 E185.86452
G1 X108.588 Y115.724 E185.8655
G1 X108.546 Y115.708 E185.8664
G1 X108.413 Y115.658 E185.86924
G1 X108.004 Y115.503 E185.87796
G1 X107.303 Y115.236 E185.89293
G1 X107.261 Y115.22 E185.89383
G1 X107.221 Y115.193 E185.89479
G1 X106.988 Y115.032 E185.90044
G1 X106.563 Y114.739 E185.91075
G1 X106.131 Y114.441 E185.92122
G1 X106.09 Y114.412 E185.92222
G1 X106.061 Y114.379 E185.9231
G1 X105.77 Y114.05 E185.93186
G1 X105.418 Y113.654 E185.94244
G1 X105.177 Y113.382 E185.94969
G1 X105.147 Y113.348 E185.95059
G1 X105.124 Y113.304 E185.95159
G1 X104.827 Y112.739 E185.96432
G1 X104.612 Y112.33 E185.97354
G1 X104.509 Y112.133 E185.97798
G1 X104.486 Y112.089 E185.97897
G1 X104.476 Y112.046 E185.97985
G1 X104.237 Y111.073 E185.99985
G1 X104.189 Y110.88 E186.00382
G1 X104.149 Y110.716 E186.00718
G1 X104.14 Y110.683 E186.00787
G1 X104.138 Y110.649 E186.00855
G1 X104.113 Y110.298 E186.01557
G1 X104.112 Y110.284 E186.01585
G1 X104.112 Y110.273 E186.01607
G1 X104.109 Y109.789 E186.02573
G1 X104.11 Y109.767 E186.02617
G1 X104.125 Y109.48 E186.0319
G1 X104.126 Y109.463 E186.03224
G1 X104.14 Y109.316 E186.03519
G1 X104.183 Y109.138 E186.03884
G1 X104.243 Y108.893 E186.04388
G1 X104.475 Y107.955 E186.06316
G1 X104.486 Y107.911 E186.06406
G1 X104.509 Y107.867 E186.06506
G1 X104.611 Y107.673 E186.06943
G1 X104.826 Y107.262 E186.07869
G1 X105.123 Y106.697 E186.09142
G1 X105.147 Y106.652 E186.09244
G1 X105.176 Y106.619 E186.09332
G1 X105.417 Y106.347 E186.10057
G1 X105.768 Y105.951 E186.11113
G1 X106.06 Y105.622 E186.11991
G1 X106.09 Y105.588 E186.12081
G1 X106.13 Y105.56 E186.12179
G1 X106.562 Y105.262 E186.13226
G1 X106.987 Y104.969 E186.14256
G1 X107.22 Y104.808 E186.14822
G1 X107.261 Y104.78 E186.14921
G1 X107.303 Y104.764 E186.1501
G1 X108.003 Y104.499 E186.16504
G1 X108.411 Y104.344 E186.17375
G1 X108.544 Y104.293 E186.17659
G1 X108.588 Y104.276 E186.17753
G1 X108.637 Y104.271 E186.17852
G1 X109.952 Y104.111 E186.20495
G1 X110 Y104.105 E186.20592
G1 X110.047 Y104.11 E186.20685
G1 X111.361 Y104.27 E186.23327
G1 X111.411 Y104.276 E186.23428
G1 X111.452 Y104.291 E186.23515
G1 X111.586 Y104.341 E186.238
G1 X111.999 Y104.498 E186.24682
G1 X112.696 Y104.763 E186.2617
G1 X112.739 Y104.78 E186.26262
G1 X112.779 Y104.807 E186.26358
G1 X113.012 Y104.968 E186.26924
G1 X113.437 Y105.261 E186.27954
G1 X113.869 Y105.559 E186.29001
G1 X113.91 Y105.588 E186.29101
G1 X113.939 Y105.621 E186.29189
G1 X114.229 Y105.948 E186.30061
G1 X114.584 Y106.349 E186.3113
G1 X114.822 Y106.618 E186.31847
G1 X114.852 Y106.652 E186.31937
G1 X114.875 Y106.696 E186.32036
G1 X115.167 Y107.253 E186.33291
G1 X115.389 Y107.676 E186.34245
G1 X115.489 Y107.866 E186.34673
G1 X115.513 Y107.911 E186.34775
G1 X115.523 Y107.955 E186.34865
G1 X115.751 Y108.883 E186.36772
G1 X115.814 Y109.138 E186.37296
G1 X115.849 Y109.278 E186.37584
G1 X115.857 Y109.31 E186.3765
G1 X115.859 Y109.338 E186.37706
G1 X115.882 Y109.603 E186.38237
G1 X115.884 Y109.621 E186.38273
G1 X115.9 Y109.983 E186.38996
G1 X115.9 Y110.005 E186.3904
G1 X115.898 Y110.121 E186.39272
G1 X115.898 Y110.136 E186.39301
G1 X115.877 Y110.496 E186.40021
G1 X115.876 Y110.513 E186.40055
G1 X115.859 Y110.684 E186.40398
G1 X115.816 Y110.86 E186.4076
G1 X115.754 Y111.113 E186.41279
G1 X115.524 Y112.045 E186.43195
G1 X115.513 Y112.089 E186.43286
G1 X115.49 Y112.133 E186.43385
G1 X115.39 Y112.324 E186.43815
G1 X115.168 Y112.746 E186.44766
G1 X114.876 Y113.303 E186.46022
G1 X114.852 Y113.348 E186.46123
G1 X114.823 Y113.381 E186.46211
G1 X114.585 Y113.65 E186.46928
G1 X114.23 Y114.051 E186.47997
G1 X113.94 Y114.378 E186.48869
G1 X113.91 Y114.412 E186.48959
G1 X113.87 Y114.44 E186.49057
G1 X113.438 Y114.738 E186.50104
G1 X113.013 Y115.031 E186.51134
G1 X112.78 Y115.192 E186.51699
G1 X112.739 Y115.22 E186.51798
G1 X112.697 Y115.236 E186.51888
G1 X112 Y115.5 E186.53375
G1 X111.587 Y115.657 E186.54257
G1 X111.454 Y115.707 E186.54541
G1 X111.411 Y115.724 E186.54633
G1 X111.362 Y115.729 E186.54731
G1 X110.048 Y115.889 E186.57373
G1 X110 Y115.895 E186.57469
G0 F9000 X110 Y116.298
;TYPE:WALL-OUTER
G1 F1221.3 X108.491 Y116.115 E186.60503
G1 X107.075 Y115.577 E186.63526
G1 X105.824 Y114.714 E186.66559
G1 X104.815 Y113.576 E186.69594
G1 X104.11 Y112.233 E186.72621
G1 X103.745 Y110.75 E186.75668
G1 X103.72 Y110.468 E186.76233
G1 X103.712 Y110.303 E186.76563
G1 X103.709 Y109.791 E186.77585
G1 X103.728 Y109.424 E186.78318
G1 X103.745 Y109.25 E186.78667
G1 X104.11 Y107.767 E186.81715
G1 X104.815 Y106.424 E186.84742
G1 X105.824 Y105.286 E186.87777
G1 X107.075 Y104.423 E186.9081
G1 X108.491 Y103.885 E186.93833
G1 X110 Y103.702 E186.96866
G1 X111.508 Y103.885 E186.99898
G1 X112.925 Y104.423 E187.02922
G1 X114.176 Y105.286 E187.05955
G1 X115.184 Y106.424 E187.08989
G1 X115.889 Y107.767 E187.12016
G1 X116.254 Y109.25 E187.15064
G1 X116.284 Y109.603 E187.15771
G1 X116.3 Y109.965 E187.16494
G1 X116.298 Y110.126 E187.16815
G1 X116.274 Y110.553 E187.17669
G1 X116.254 Y110.75 E187.18064
G1 X115.889 Y112.233 E187.21112
G1 X115.184 Y113.576 E187.24139
G1 X114.176 Y114.714 E187.27172
G1 X112.925 Y115.577 E187.30205
G1 X111.508 Y116.115 E187.3323
G1 X110 Y116.298 E187.36262
G0 F9000 X110 Y115.858
G0 X108.366 Y115.361
G0 X108.333 Y115.394
;TYPE:SKIN
G1 F1221.3 X108.369 Y115.076 E187.36494
G0 F9000 X108.419 Y115.026
G0 X107.007 Y114.741
G0 X106.98 Y114.767
G1 F1221.3 X106.932 Y114.533 E187.36981
G0 F9000 X107.078 Y114.387
G0 X106.017 Y113.468
G1 F1221.3 X105.737 Y113.748 E187.37376
G0 F9000 X105.083 Y112.422
G0 X105.161 Y112.343
G1 F1221.3 X104.852 Y112.37 E187.37636
G0 F9000 X104.838 Y112.384
G0 X104.999 Y107.698
G0 X105.053 Y107.643
G1 F1221.3 X104.905 Y107.509 E187.37857
G0 F9000 X104.881 Y107.533
G0 X105.719 Y106.412
G0 X105.798 Y106.332
G1 F1221.3 X105.95 Y106.464 E187.38277
G0 F9000 X105.88 Y106.534
G0 X106.918 Y105.496
G0 X106.989 Y105.424
G1 F1221.3 X107.147 Y105.549 E187.384
G1 X106.832 Y105.299 E187.38645
G0 F9000 X106.795 Y105.336
G0 X108.256 Y104.723
G0 X108.308 Y104.671
G1 F1221.3 X108.379 Y104.883 E187.38905
G0 F9000 X108.339 Y104.924
G0 X111.592 Y104.781
G1 F1221.3 X111.774 Y104.6 E187.39161
G0 F9000 X112.857 Y105.497
G1 F1221.3 X113.107 Y105.247 E187.39514
G0 F9000 X114.31 Y106.307
G1 F1221.3 X114.025 Y106.591 E187.39916
G0 F9000 X115.098 Y107.498
G1 F1221.3 X114.822 Y107.774 E187.40305
G0 F9000 X114.905 Y110.069
G0 X114.875 Y112.246
G0 X114.823 Y112.298
G1 F1221.3 X115.013 Y112.392 E187.40634
G0 F9000 X115.077 Y112.328
G0 X114.181 Y113.506
G0 X114.105 Y113.582
G1 F1221.3 X114.255 Y113.714 E187.4109
G0 F9000 X114.341 Y113.629
G0 X113.126 Y114.561
G0 X113.05 Y114.636
G1 F1221.3 X112.938 Y114.467 E187.41484
G0 F9000 X113.002 Y114.403
G0 X111.691 Y115.148
G0 X111.645 Y115.194
G1 F1221.3 X111.734 Y115.387 E187.41729
G0 F9000 X111.685 Y115.405
;MESH:NONMESH
G0 F300 X111.685 Y115.405 Z4.92
G0 F9000 X110 Y115.106
;TIME_ELAPSED:619.027055
;LAYER:40
;TYPE:WALL-INNER
;MESH:carrucola plisse.stl
G1 F1129.2 X111.439 Y114.9 E187.4463
G1 X112.761 Y114.296 E187.47531
G1 X113.859 Y113.344 E187.50431
G1 X114.645 Y112.121 E187.53332
G1 X115.046 Y110.754 E187.56175
G1 X115.077 Y110.409 E187.56866
G1 X115.079 Y110.26 E187.57164
G1 X115.099 Y109.978 E187.57728
G1 X115.095 Y109.817 E187.58049
G1 X115.073 Y109.5 E187.58683
G1 X115.045 Y109.243 E187.59199
G1 X114.645 Y107.879 E187.62036
G1 X113.859 Y106.656 E187.64937
G1 X112.761 Y105.704 E187.67837
G1 X111.439 Y105.1 E187.70738
G1 X110 Y104.894 E187.73639
G1 X108.561 Y105.1 E187.7654
G1 X107.239 Y105.704 E187.7944
G1 X106.141 Y106.656 E187.8234
G1 X105.355 Y107.879 E187.85242
G1 X104.954 Y109.248 E187.88088
G1 X104.92 Y109.675 E187.88943
G1 X104.922 Y109.817 E187.89227
G1 X104.921 Y110.377 E187.90344
G1 X104.921 Y110.405 E187.904
G1 X104.928 Y110.482 E187.90554
G1 X104.954 Y110.756 E187.91104
G1 X105.355 Y112.121 E187.93943
G1 X106.141 Y113.344 E187.96844
G1 X107.239 Y114.296 E187.99744
G1 X108.561 Y114.9 E188.02644
G1 X110 Y115.106 E188.05545
G0 F9000 X110 Y114.702
;TYPE:WALL-OUTER
G1 F1129.2 X111.325 Y114.512 E188.08217
G1 X112.542 Y113.956 E188.10887
G1 X113.554 Y113.079 E188.13559
G1 X114.277 Y111.953 E188.1623
G1 X114.651 Y110.679 E188.18879
G1 X114.677 Y110.388 E188.19462
G1 X114.679 Y110.243 E188.19752
G1 X114.699 Y109.969 E188.203
G1 X114.695 Y109.837 E188.20563
G1 X114.674 Y109.535 E188.21168
G1 X114.651 Y109.321 E188.21597
G1 X114.277 Y108.047 E188.24247
G1 X113.554 Y106.921 E188.26917
G1 X112.542 Y106.044 E188.2959
G1 X111.325 Y105.488 E188.3226
G1 X110 Y105.298 E188.34931
G1 X108.675 Y105.488 E188.37602
G1 X107.458 Y106.044 E188.40272
G1 X106.446 Y106.921 E188.42945
G1 X105.723 Y108.047 E188.45615
G1 X105.349 Y109.321 E188.48265
G1 X105.32 Y109.688 E188.48999
G1 X105.322 Y109.818 E188.49259
G1 X105.321 Y110.386 E188.50392
G1 X105.349 Y110.68 E188.50982
G1 X105.723 Y111.953 E188.53629
G1 X106.446 Y113.079 E188.563
G1 X107.458 Y113.956 E188.58972
G1 X108.675 Y114.512 E188.61642
G1 X110 Y114.702 E188.64314
G0 F9000 X110 Y115.142
G0 X110.819 Y115.393
;TYPE:WALL-INNER
G1 F1129.2 X111.312 Y115.323 E188.65307
G1 X111.359 Y115.316 E188.65402
G1 X111.314 Y115.333 E188.65404
G1 X110.819 Y115.393 E188.65417
G0 F9000 X112.145 Y115.018
G1 F1129.2 X112.54 Y114.837 E188.66284
G1 X112.689 Y114.769 E188.66611
G1 X112.553 Y114.863 E188.66626
G1 X112.145 Y115.018 E188.66659
G0 F9000 X113.363 Y114.304
G1 F1129.2 X113.619 Y114.082 E188.67335
G1 X113.834 Y113.896 E188.67903
G1 X113.644 Y114.11 E188.67932
G1 X113.363 Y114.304 E188.67967
G0 F9000 X114.368 Y113.292
G1 F1129.2 X114.49 Y113.102 E188.68417
G1 X114.705 Y112.768 E188.6921
G1 X114.52 Y113.121 E188.69247
G1 X114.368 Y113.292 E188.69269
G0 F9000 X115.085 Y112.045
G1 F1129.2 X115.116 Y111.939 E188.6949
G1 X115.258 Y111.455 E188.70496
G1 X115.137 Y111.945 E188.70523
G1 X115.085 Y112.045 E188.70531
G0 F9000 X115.458 Y110.641
G1 F1129.2 X115.467 Y110.471 E188.70871
G1 X115.47 Y110.432 E188.70949
G1 X115.479 Y110.275 E188.71262
G1 X115.489 Y110.12 E188.71572
G1 X115.497 Y110.006 E188.718
G1 X115.499 Y109.987 E188.71839
G1 X115.498 Y110.12 E188.71886
G1 X115.49 Y110.275 E188.71896
G1 X115.478 Y110.471 E188.71957
G1 X115.458 Y110.641 E188.71963
G0 F9000 X115.257 Y108.543
G1 F1129.2 X115.117 Y108.062 E188.72963
G1 X115.085 Y107.955 E188.73186
G1 X115.137 Y108.055 E188.73192
G1 X115.257 Y108.543 E188.7322
G0 F9000 X114.705 Y107.232
G1 F1129.2 X114.491 Y106.899 E188.7401
G1 X114.368 Y106.708 E188.74463
G1 X114.52 Y106.879 E188.74485
G1 X114.705 Y107.232 E188.74523
G0 F9000 X113.834 Y106.104
G1 F1129.2 X113.62 Y105.919 E188.75087
G1 X113.363 Y105.696 E188.75766
G1 X113.644 Y105.89 E188.758
G1 X113.834 Y106.104 E188.75831
G0 F9000 X112.689 Y105.231
G1 F1129.2 X112.541 Y105.164 E188.76155
G1 X112.145 Y104.982 E188.77025
G1 X112.553 Y105.137 E188.77058
G1 X112.689 Y105.231 E188.77073
G0 F9000 X111.359 Y104.684
G1 F1129.2 X111.313 Y104.678 E188.77166
G1 X110.819 Y104.607 E188.78162
G1 X111.314 Y104.667 E188.78175
G1 X111.359 Y104.684 E188.78179
G0 F9000 X108.639 Y104.685
G1 F1129.2 X108.685 Y104.667 E188.78278
G1 X109.185 Y104.607 E188.79283
G1 X108.687 Y104.678 E188.79296
G1 X108.639 Y104.685 E188.79297
G0 F9000 X107.311 Y105.231
G1 F1129.2 X107.447 Y105.137 E188.79627
G1 X107.857 Y104.982 E188.80501
G1 X107.46 Y105.163 E188.80531
G1 X107.311 Y105.231 E188.80542
G0 F9000 X106.165 Y106.105
G1 F1129.2 X106.356 Y105.89 E188.81116
G1 X106.637 Y105.696 E188.81797
G1 X106.381 Y105.918 E188.81826
G1 X106.165 Y106.105 E188.8185
G0 F9000 X105.29 Y107.24
G1 F1129.2 X105.479 Y106.88 E188.82662
G1 X105.634 Y106.704 E188.8313
G1 X105.509 Y106.899 E188.83148
G1 X105.29 Y107.24 E188.83183
G0 F9000 X104.733 Y108.581
G1 F1129.2 X104.862 Y108.055 E188.84263
G1 X104.917 Y107.95 E188.845
G1 X104.885 Y108.061 E188.84505
G1 X104.733 Y108.581 E188.84535
G0 F9000 X104.537 Y110.623
G1 F1129.2 X104.529 Y110.511 E188.84759
G1 X104.524 Y110.433 E188.84915
G1 X104.523 Y110.405 E188.8497
G1 X104.511 Y110.246 E188.85289
G1 X104.508 Y109.855 E188.86069
G1 X104.509 Y109.816 E188.86147
G1 X104.517 Y109.662 E188.86455
G1 X104.527 Y109.471 E188.86836
G1 X104.546 Y109.34 E188.871
G1 X104.536 Y109.471 E188.87102
G1 X104.52 Y109.662 E188.87108
G1 X104.522 Y109.816 E188.87114
G1 X104.522 Y109.855
G1 X104.522 Y110.218 E188.87839
G1 X104.522 Y110.246 E188.87895
G1 X104.521 Y110.423 E188.88084
G1 X104.537 Y110.623 E188.88333
G0 F9000 X104.916 Y112.048
G1 F1129.2 X104.862 Y111.946 E188.88563
G1 X104.74 Y111.449 E188.89585
G1 X104.884 Y111.939 E188.89612
G1 X104.916 Y112.048 E188.89618
G0 F9000 X105.634 Y113.296
G1 F1129.2 X105.479 Y113.12 E188.90086
G1 X105.29 Y112.76 E188.90897
G1 X105.508 Y113.1 E188.9093
G1 X105.634 Y113.296 E188.9095
G0 F9000 X106.637 Y114.304
G1 F1129.2 X106.356 Y114.11 E188.91631
G1 X106.165 Y113.895 E188.92205
G1 X106.38 Y114.081 E188.9223
G1 X106.637 Y114.304 E188.92261
G0 F9000 X107.857 Y115.018
G1 F1129.2 X107.447 Y114.863 E188.93136
G1 X107.311 Y114.769 E188.93466
G1 X107.459 Y114.836 E188.93476
G1 X107.857 Y115.018 E188.93506
G0 F9000 X109.185 Y115.393
G1 F1129.2 X108.685 Y115.333 E188.94511
G1 X108.639 Y115.315 E188.9461
G1 X108.686 Y115.321
G1 X109.185 Y115.393 E188.94626
G0 F9000 X110 Y115.895
G1 F1129.2 X108.588 Y115.724 E188.97465
G1 X107.261 Y115.22 E189.00297
G1 X106.09 Y114.412 E189.03136
G1 X106.058 Y114.375 E189.03234
G1 X105.867 Y114.16 E189.03808
G1 X105.336 Y113.561 E189.05405
G1 X105.147 Y113.348 E189.05974
G1 X104.486 Y112.089 E189.08811
G1 X104.475 Y112.042 E189.08908
G1 X104.353 Y111.545 E189.09929
G1 X104.15 Y110.719 E189.11626
G1 X104.142 Y110.69 E189.11686
G1 X104.14 Y110.658 E189.1175
G1 X104.118 Y110.415 E189.12237
G1 X104.111 Y110.265 E189.12537
G1 X104.108 Y109.835 E189.13395
G1 X104.127 Y109.451 E189.14162
G1 X104.14 Y109.316 E189.14433
G1 X104.486 Y107.911 E189.17321
G1 X105.147 Y106.652 E189.20158
G1 X105.335 Y106.44 E189.20724
G1 X105.866 Y105.841 E189.22321
G1 X106.09 Y105.588 E189.22996
G1 X106.129 Y105.562 E189.23089
G1 X106.41 Y105.368 E189.23771
G1 X107.261 Y104.78 E189.25835
G1 X108.588 Y104.276 E189.28667
G1 X110 Y104.105 E189.31506
G1 X111.411 Y104.276 E189.34342
G1 X112.739 Y104.78 E189.37177
G1 X113.91 Y105.588 E189.40016
G1 X114.132 Y105.839 E189.40685
G1 X114.818 Y106.614 E189.4275
G1 X114.852 Y106.652 E189.42852
G1 X115.513 Y107.911 E189.4569
G1 X115.524 Y107.959 E189.45788
G1 X115.644 Y108.447 E189.46791
G1 X115.857 Y109.311 E189.48567
G1 X115.885 Y109.637 E189.4922
G1 X115.9 Y109.98 E189.49905
G1 X115.898 Y110.126 E189.50196
G1 X115.876 Y110.51 E189.50964
G1 X115.859 Y110.684 E189.51313
G1 X115.513 Y112.089 E189.542
G1 X114.852 Y113.348 E189.57038
G1 X114.819 Y113.385 E189.57137
G1 X114.133 Y114.16 E189.59202
G1 X113.91 Y114.412 E189.59874
G1 X113.59 Y114.632 E189.60649
G1 X112.916 Y115.097 E189.62283
G1 X112.78 Y115.191 E189.62613
G1 X112.739 Y115.22 E189.62713
G1 X111.411 Y115.724 E189.65548
G1 X110 Y115.895 E189.68384
G0 F9000 X110 Y116.298
;TYPE:WALL-OUTER
G1 F1129.2 X108.491 Y116.115 E189.71417
G1 X107.075 Y115.577 E189.7444
G1 X105.824 Y114.714 E189.77473
G1 X104.815 Y113.576 E189.80508
G1 X104.11 Y112.233 E189.83535
G1 X103.745 Y110.75 E189.86583
G1 X103.719 Y110.45 E189.87184
G1 X103.711 Y110.284 E189.87516
G1 X103.708 Y109.815 E189.88452
G1 X103.727 Y109.431 E189.89219
G1 X103.745 Y109.25 E189.89582
G1 X104.11 Y107.767 E189.9263
G1 X104.815 Y106.424 E189.95657
G1 X105.824 Y105.286 E189.98692
G1 X107.075 Y104.423 E190.01725
G1 X108.491 Y103.885 E190.04747
G1 X110 Y103.702 E190.07781
G1 X111.508 Y103.885 E190.10812
G1 X112.925 Y104.423 E190.13837
G1 X114.176 Y105.286 E190.1687
G1 X115.184 Y106.424 E190.19904
G1 X115.889 Y107.767 E190.22931
G1 X116.254 Y109.25 E190.25979
G1 X116.285 Y109.62 E190.26719
G1 X116.3 Y109.963 E190.27405
G1 X116.298 Y110.132 E190.27742
G1 X116.274 Y110.55 E190.28577
G1 X116.254 Y110.75 E190.28979
G1 X115.889 Y112.233 E190.32026
G1 X115.184 Y113.576 E190.35053
G1 X114.176 Y114.714 E190.38087
G1 X112.925 Y115.577 E190.4112
G1 X111.508 Y116.115 E190.44145
G1 X110 Y116.298 E190.47176
G0 F9000 X110 Y115.858
G0 X109.808 Y115.464
;TYPE:SKIN
G1 F1129.2 X109.553 Y115.492 E190.47737
G1 X109.375 Y115.598 E190.48191
G1 X110.362 Y115.453 E190.50373
G1 X110.541 Y115.349 E190.50826
G0 F9000 X111.609 Y115.286
G1 F1129.2 X111.777 Y115.172 E190.51428
G1 X111.914 Y115.025 E190.52023
G0 F9000 X112.019 Y115.13
G0 X112.781 Y114.478
G0 X112.928 Y114.625
G1 F1129.2 X113.096 Y114.51 E190.52856
G0 F9000 X112.949 Y114.363
G0 X113.859 Y113.576
G0 X114.006 Y113.723
G1 F1129.2 X114.145 Y113.58 E190.53416
G1 X114.337 Y113.488 E190.54013
G0 F9000 X114.419 Y113.57
G0 X114.984 Y112.721
G0 X114.826 Y112.563
G1 F1129.2 X114.929 Y112.384 E190.54644
G1 X115.098 Y112.27 E190.55267
G0 F9000 X115.178 Y111.218
G1 F1129.2 X115.352 Y111.11 E190.55801
G1 X115.45 Y110.925 E190.56347
G0 F9000 X115.483 Y109.826
G1 F1129.2 X115.254 Y109.597 E190.5667
G0 F9000 X115.47 Y109.53
G1 F1129.2 X115.411 Y109.189 E190.57461
G1 X115.492 Y108.704 E190.58585
G0 F9000 X114.933 Y107.579
G1 F1129.2 X114.991 Y107.354 E190.59041
G1 X114.798 Y107.727 E190.59866
G0 F9000 X114.919 Y107.848
G0 X114.24 Y106.603
G0 X114.07 Y106.433
G1 F1129.2 X114.22 Y106.301 E190.60857
G0 F9000 X114.4 Y106.481
G0 X113.235 Y105.598
G0 X113.052 Y105.415
G1 F1129.2 X112.94 Y105.586 E190.61291
G1 X113.328 Y105.408 E190.62199
G0 F9000 X113.299 Y105.379
G0 X111.995 Y104.924
G0 X111.802 Y104.731
G1 F1129.2 X111.712 Y104.923 E190.63307
G0 F9000 X111.912 Y105.124
G0 X110.644 Y104.704
G0 X110.447 Y104.507
G1 F1129.2 X110.191 Y104.534 E190.641
G1 X109.636 Y104.545 E190.65811
G1 X109.459 Y104.651 E190.66447
G0 F9000 X108.387 Y104.71
G1 F1129.2 X108.22 Y104.826 E190.67046
G1 X108.085 Y104.974 E190.67636
G0 F9000 X107.982 Y104.871
G0 X107.217 Y105.52
G0 X107.07 Y105.372
G1 F1129.2 X106.902 Y105.488 E190.68466
G0 F9000 X107.049 Y105.635
G0 X106.14 Y106.423
G0 X105.992 Y106.275
G1 F1129.2 X105.852 Y106.418 E190.69008
G1 X105.648 Y106.497 E190.696
G0 F9000 X105.578 Y106.427
G0 X105.014 Y107.277
G0 X105.172 Y107.435
G1 F1129.2 X105.068 Y107.614 E190.70225
G1 X104.894 Y107.722 E190.70843
G0 F9000 X104.847 Y108.807
G1 F1129.2 X104.646 Y108.889 E190.7134
G1 X104.539 Y109.065 E190.71812
G0 F9000 X104.666 Y109.192
G0 X104.559 Y110.781
G0 X104.715 Y110.937
G1 F1129.2 X104.567 Y111.073 E190.7243
G1 X104.502 Y111.29 E190.73126
G0 F9000 X105.063 Y112.417
G1 F1129.2 X105.002 Y112.639 E190.73568
G1 X105.2 Y112.271 E190.74372
G0 F9000 X105.081 Y112.152
G0 X105.761 Y113.398
G0 X105.929 Y113.566
G1 F1129.2 X105.778 Y113.698 E190.75351
G0 F9000 X105.6 Y113.52
G0 X106.763 Y114.4
G0 X106.945 Y114.582
G1 F1129.2 X107.058 Y114.412 E190.75785
G1 X106.67 Y114.589 E190.7669
G0 F9000 X106.7 Y114.619
G0 X108.004 Y115.075
G0 X108.196 Y115.267
G1 F1129.2 X108.286 Y115.074 E190.77798
G0 F9000 X108.088 Y114.876
G0 X106.263 Y113.237
G0 X105.503 Y112.053
G0 X105.113 Y110.725
G0 X105.112 Y109.278
G0 X105.503 Y107.947
G0 X106.263 Y106.763
G0 X107.328 Y105.841
G0 X108.052 Y105.51
G0 X110.677 Y104.455
G1 F1129.2 X110.573 Y104.35 E190.77945
G0 F9000 X110.569 Y104.375
;MESH:NONMESH
G0 F300 X110.569 Y104.375 Z5.04
G0 F9000 X112.672 Y105.841
G0 X113.737 Y106.763
G0 X114.497 Y107.947
G0 X114.912 Y109.514
G0 X114.887 Y110.723
G0 X114.497 Y112.053
G0 X113.737 Y113.237
G0 X112.672 Y114.159
G0 X111.521 Y114.685
G0 X110 Y115.106
;TIME_ELAPSED:635.302887
;LAYER:41
;TYPE:WALL-INNER
;MESH:carrucola plisse.stl
G1 F1127.9 X111.439 Y114.9 E190.80846
G1 X112.761 Y114.296 E190.83747
G1 X113.859 Y113.344 E190.86647
G1 X114.645 Y112.121 E190.89548
G1 X115.046 Y110.754 E190.92391
G1 X115.08 Y110.38 E190.9314
G1 X115.099 Y109.968 E190.93963
G1 X115.095 Y109.795 E190.94309
G1 X115.075 Y109.527 E190.94845
G1 X115.044 Y109.239 E190.95423
G1 X114.645 Y107.879 E190.98252
G1 X113.859 Y106.656 E191.01153
G1 X112.761 Y105.704 E191.04053
G1 X111.439 Y105.1 E191.06953
G1 X110 Y104.894 E191.09854
G1 X108.561 Y105.1 E191.12755
G1 X107.239 Y105.704 E191.15656
G1 X106.141 Y106.656 E191.18556
G1 X105.355 Y107.879 E191.21457
G1 X104.955 Y109.245 E191.24298
G1 X104.916 Y109.724 E191.25257
G1 X104.919 Y109.881 E191.2557
G1 X104.918 Y110.346 E191.26498
G1 X104.918 Y110.368 E191.26542
G1 X104.939 Y110.605 E191.27017
G1 X104.954 Y110.756 E191.27319
G1 X105.355 Y112.121 E191.30159
G1 X106.141 Y113.344 E191.3306
G1 X107.239 Y114.296 E191.3596
G1 X108.561 Y114.9 E191.3886
G1 X110 Y115.106 E191.41761
G0 F9000 X110 Y114.702
;TYPE:WALL-OUTER
G1 F1127.9 X111.325 Y114.512 E191.44433
G1 X112.542 Y113.956 E191.47103
G1 X113.554 Y113.079 E191.49775
G1 X114.277 Y111.953 E191.52445
G1 X114.651 Y110.679 E191.55095
G1 X114.681 Y110.352 E191.5575
G1 X114.699 Y109.964 E191.56526
G1 X114.695 Y109.815 E191.56823
G1 X114.677 Y109.563 E191.57327
G1 X114.65 Y109.318 E191.57819
G1 X114.277 Y108.047 E191.60462
G1 X113.554 Y106.921 E191.63133
G1 X112.542 Y106.044 E191.65805
G1 X111.325 Y105.488 E191.68475
G1 X110 Y105.298 E191.71147
G1 X108.675 Y105.488 E191.73818
G1 X107.458 Y106.044 E191.76488
G1 X106.446 Y106.921 E191.7916
G1 X105.723 Y108.047 E191.81831
G1 X105.35 Y109.318 E191.84474
G1 X105.316 Y109.736 E191.85311
G1 X105.319 Y109.882 E191.85602
G1 X105.318 Y110.35 E191.86536
G1 X105.349 Y110.68 E191.87198
G1 X105.723 Y111.953 E191.89846
G1 X106.446 Y113.079 E191.92516
G1 X107.458 Y113.956 E191.95188
G1 X108.675 Y114.512 E191.97858
G1 X110 Y114.702 E192.0053
G0 F9000 X110 Y115.142
G0 X110.819 Y115.393
;TYPE:WALL-INNER
G1 F1127.9 X111.312 Y115.323 E192.01523
G1 X111.359 Y115.316 E192.01618
G1 X111.314 Y115.333 E192.0162
G1 X110.819 Y115.393 E192.01633
G0 F9000 X112.145 Y115.018
G1 F1127.9 X112.54 Y114.837 E192.025
G1 X112.689 Y114.769 E192.02827
G1 X112.553 Y114.863 E192.02842
G1 X112.145 Y115.018 E192.02875
G0 F9000 X113.363 Y114.304
G1 F1127.9 X113.619 Y114.082 E192.03551
G1 X113.834 Y113.896 E192.04119
G1 X113.644 Y114.11 E192.04148
G1 X113.363 Y114.304 E192.04183
G0 F9000 X114.368 Y113.292
G1 F1127.9 X114.49 Y113.102 E192.04633
G1 X114.705 Y112.768 E192.05426
G1 X114.52 Y113.121 E192.05463
G1 X114.368 Y113.292 E192.05486
G0 F9000 X115.085 Y112.045
G1 F1127.9 X115.116 Y111.939 E192.05706
G1 X115.258 Y111.455 E192.06713
G1 X115.137 Y111.945 E192.06739
G1 X115.085 Y112.045 E192.06747
G0 F9000 X115.458 Y110.641
G1 F1127.9 X115.474 Y110.463 E192.07104
G1 X115.479 Y110.407 E192.07216
G1 X115.49 Y110.127 E192.07775
G1 X115.497 Y109.986 E192.08057
G1 X115.499 Y109.96 E192.08109
G1 X115.498 Y110.127 E192.08175
G1 X115.483 Y110.407 E192.08183
G1 X115.479 Y110.463 E192.08184
G1 X115.458 Y110.641 E192.08187
G0 F9000 X115.256 Y108.542
G1 F1127.9 X115.116 Y108.061 E192.09187
G1 X115.085 Y107.955 E192.09408
G1 X115.137 Y108.054 E192.09415
G1 X115.256 Y108.542 E192.09443
G0 F9000 X114.705 Y107.232
G1 F1127.9 X114.491 Y106.899 E192.10233
G1 X114.368 Y106.708 E192.10687
G1 X114.52 Y106.879 E192.10709
G1 X114.705 Y107.232 E192.10746
G0 F9000 X113.834 Y106.104
G1 F1127.9 X113.62 Y105.919 E192.11311
G1 X113.363 Y105.696 E192.1199
G1 X113.644 Y105.89 E192.12023
G1 X113.834 Y106.104 E192.12055
G0 F9000 X112.689 Y105.231
G1 F1127.9 X112.541 Y105.164 E192.12379
G1 X112.145 Y104.982 E192.13249
G1 X112.553 Y105.137 E192.13281
G1 X112.689 Y105.231 E192.13297
G0 F9000 X111.359 Y104.684
G1 F1127.9 X111.313 Y104.678 E192.1339
G1 X110.819 Y104.607 E192.14386
G1 X111.314 Y104.667 E192.14398
G1 X111.359 Y104.684 E192.14403
G0 F9000 X108.639 Y104.685
G1 F1127.9 X108.685 Y104.667 E192.14501
G1 X109.185 Y104.607 E192.15506
G1 X108.687 Y104.678 E192.1552
G1 X108.639 Y104.685 E192.1552
G0 F9000 X107.311 Y105.231
G1 F1127.9 X107.447 Y105.137 E192.1585
G1 X107.857 Y104.982 E192.16725
G1 X107.46 Y105.163 E192.16755
G1 X107.311 Y105.231 E192.16766
G0 F9000 X106.165 Y106.105
G1 F1127.9 X106.356 Y105.89 E192.17339
G1 X106.637 Y105.696 E192.18021
G1 X106.381 Y105.918 E192.18049
G1 X106.165 Y106.105 E192.18074
G0 F9000 X105.29 Y107.24
G1 F1127.9 X105.479 Y106.88 E192.18885
G1 X105.634 Y106.704 E192.19353
G1 X105.509 Y106.899 E192.19372
G1 X105.29 Y107.24 E192.19406
G0 F9000 X104.732 Y108.583
G1 F1127.9 X104.862 Y108.055 E192.20491
G1 X104.917 Y107.95 E192.20728
G1 X104.885 Y108.061 E192.20733
G1 X104.732 Y108.583 E192.20763
G0 F9000 X104.542 Y110.642
G1 F1127.9 X104.522 Y110.402 E192.21242
G1 X104.521 Y110.386 E192.21274
G1 X104.52 Y110.364 E192.21317
G1 X104.509 Y110.251 E192.21544
G1 X104.507 Y109.881 E192.22282
G1 X104.506 Y109.834 E192.22376
G1 X104.512 Y109.712 E192.2262
G1 X104.522 Y109.52 E192.23004
G1 X104.547 Y109.336 E192.23374
G1 X104.532 Y109.52 E192.23377
G1 X104.516 Y109.712 E192.23384
G1 X104.518 Y109.833 E192.23388
G1 X104.519 Y109.88 E192.23392
G1 X104.519 Y110.251 E192.23414
G1 X104.518 Y110.386 E192.23498
G1 X104.542 Y110.642 E192.23525
G0 F9000 X104.916 Y112.048
G1 F1127.9 X104.862 Y111.945 E192.23757
G1 X104.74 Y111.447 E192.2478
G1 X104.883 Y111.938 E192.24807
G1 X104.916 Y112.048 E192.24812
G0 F9000 X105.634 Y113.296
G1 F1127.9 X105.479 Y113.12 E192.2528
G1 X105.29 Y112.76 E192.26091
G1 X105.508 Y113.1 E192.26124
G1 X105.634 Y113.296 E192.26144
G0 F9000 X106.637 Y114.304
G1 F1127.9 X106.356 Y114.11 E192.26826
G1 X106.165 Y113.895 E192.27399
G1 X106.38 Y114.081 E192.27424
G1 X106.637 Y114.304 E192.27455
G0 F9000 X107.857 Y115.018
G1 F1127.9 X107.447 Y114.863 E192.2833
G1 X107.311 Y114.769 E192.2866
G1 X107.459 Y114.836 E192.2867
G1 X107.857 Y115.018 E192.28701
G0 F9000 X109.185 Y115.393
G1 F1127.9 X108.685 Y115.333 E192.29706
G1 X108.639 Y115.315 E192.29804
G1 X108.686 Y115.321
G1 X109.185 Y115.393 E192.2982
G0 F9000 X110 Y115.895
G1 F1127.9 X108.588 Y115.724 E192.32659
G1 X107.261 Y115.22 E192.35491
G1 X106.09 Y114.412 E192.38331
G1 X106.058 Y114.375 E192.38428
G1 X105.867 Y114.16 E192.39002
G1 X105.336 Y113.561 E192.406
G1 X105.147 Y113.348 E192.41168
G1 X104.486 Y112.089 E192.44005
G1 X104.475 Y112.041 E192.44104
G1 X104.353 Y111.543 E192.45127
G1 X104.14 Y110.683 E192.46895
G1 X104.123 Y110.505 E192.47252
G1 X104.111 Y110.274 E192.47713
G1 X104.109 Y110.255 E192.47752
G1 X104.106 Y109.837 E192.48586
G1 X104.124 Y109.481 E192.49297
G1 X104.14 Y109.316 E192.49628
G1 X104.486 Y107.911 E192.52516
G1 X105.147 Y106.652 E192.55353
G1 X105.335 Y106.44 E192.55919
G1 X105.866 Y105.841 E192.57516
G1 X106.09 Y105.588 E192.5819
G1 X106.129 Y105.562 E192.58284
G1 X106.41 Y105.368 E192.58965
G1 X107.261 Y104.78 E192.6103
G1 X108.588 Y104.276 E192.63862
G1 X110 Y104.105 E192.66701
G1 X111.411 Y104.276 E192.69537
G1 X112.739 Y104.78 E192.72372
G1 X113.91 Y105.588 E192.75211
G1 X114.132 Y105.839 E192.7588
G1 X114.818 Y106.614 E192.77945
G1 X114.852 Y106.652 E192.78047
G1 X115.513 Y107.911 E192.80885
G1 X115.524 Y107.958 E192.80981
G1 X115.857 Y109.31 E192.8376
G1 X115.888 Y109.671 E192.84483
G1 X115.9 Y109.976 E192.85092
G1 X115.898 Y110.132 E192.85403
G1 X115.877 Y110.503 E192.86145
G1 X115.859 Y110.684 E192.86508
G1 X115.513 Y112.089 E192.89395
G1 X114.852 Y113.348 E192.92233
G1 X114.819 Y113.385 E192.92332
G1 X114.133 Y114.16 E192.94397
G1 X113.91 Y114.412 E192.95069
G1 X113.59 Y114.632 E192.95844
G1 X112.916 Y115.097 E192.97478
G1 X112.78 Y115.191 E192.97808
G1 X112.739 Y115.22 E192.97908
G1 X111.411 Y115.724 E193.00743
G1 X110 Y115.895 E193.03579
G0 F9000 X110 Y116.298
;TYPE:WALL-OUTER
G1 F1127.9 X108.491 Y116.115 E193.06613
G1 X107.075 Y115.577 E193.09635
G1 X105.824 Y114.714 E193.12668
G1 X104.815 Y113.576 E193.15703
G1 X104.11 Y112.233 E193.1873
G1 X103.745 Y110.75 E193.21778
G1 X103.725 Y110.543 E193.22193
G1 X103.709 Y110.261 E193.22757
G1 X103.706 Y109.84 E193.23597
G1 X103.726 Y109.441 E193.24394
G1 X103.745 Y109.25 E193.24777
G1 X104.11 Y107.767 E193.27825
G1 X104.815 Y106.424 E193.30852
G1 X105.824 Y105.286 E193.33887
G1 X107.075 Y104.423 E193.3692
G1 X108.491 Y103.885 E193.39943
G1 X110 Y103.702 E193.42976
G1 X111.508 Y103.885 E193.46008
G1 X112.925 Y104.423 E193.49033
G1 X114.176 Y105.286 E193.52065
G1 X115.184 Y106.424 E193.55099
G1 X115.889 Y107.767 E193.58126
G1 X116.254 Y109.25 E193.61174
G1 X116.287 Y109.637 E193.61949
G1 X116.3 Y109.96 E193.62594
G1 X116.298 Y110.138 E193.62949
G1 X116.275 Y110.543 E193.63759
G1 X116.254 Y110.75 E193.64174
G1 X115.889 Y112.233 E193.67222
G1 X115.184 Y113.576 E193.70249
G1 X114.176 Y114.714 E193.73283
G1 X112.925 Y115.577 E193.76316
G1 X111.508 Y116.115 E193.7934
G1 X110 Y116.298 E193.82372
G0 F9000 X110 Y115.858
G0 X110.244 Y115.463
;TYPE:SKIN
G1 F1127.9 X110.48 Y115.511 E193.82905
G1 X110.657 Y115.616 E193.83361
G1 X109.682 Y115.459 E193.8555
G1 X109.48 Y115.379 E193.86031
G0 F9000 X108.397 Y115.33
G1 F1127.9 X108.257 Y115.187 E193.86602
G1 X108.085 Y115.076 E193.87185
G0 F9000 X107.946 Y115.216
G0 X107.253 Y114.494
G0 X107.103 Y114.644
G1 F1127.9 X106.931 Y114.533 E193.87824
G1 X106.815 Y114.367 E193.88456
G0 F9000 X106.703 Y114.479
G0 X105.87 Y113.898
G0 X106.019 Y113.748
G1 F1127.9 X105.877 Y113.608 E193.89109
G1 X105.754 Y113.448 E193.89771
G0 F9000 X105.904 Y113.299
G0 X105.107 Y112.681
G0 X105.228 Y112.56
G1 F1127.9 X105.087 Y112.417 E193.90347
G1 X104.95 Y112.272 E193.9092
G0 F9000 X104.867 Y111.223
G1 F1127.9 X104.656 Y111.151 E193.91301
G1 X104.399 Y110.843 E193.91987
G0 F9000 X104.368 Y110.875
G0 X104.644 Y109.184
G0 X104.746 Y109.081
G1 F1127.9 X104.586 Y108.959 E193.92502
G1 X104.502 Y108.76 E193.93054
G0 F9000 X105.099 Y107.597
G1 F1127.9 X104.991 Y107.423 E193.93471
G1 X105.173 Y107.806 E193.94335
G0 F9000 X105.226 Y107.753
G0 X105.791 Y106.623
G0 X105.957 Y106.456
G1 F1127.9 X105.806 Y106.324 E193.95305
G0 F9000 X105.63 Y106.501
G0 X106.787 Y105.627
G0 X106.966 Y105.447
G1 F1127.9 X107.195 Y105.501 E193.95702
G1 X106.766 Y105.364 E193.96462
G0 F9000 X106.664 Y105.467
G0 X108.02 Y104.96
G0 X108.227 Y104.752
G1 F1127.9 X108.337 Y104.925 E193.9694
G1 X107.978 Y104.719 E193.97904
G0 F9000 X108.019 Y104.678
G0 X109.332 Y104.496
G1 F1127.9 X109.486 Y104.342 E193.98121
G0 F9000 X109.586 Y104.525
G1 F1127.9 X109.861 Y104.532 E193.98826
G1 X110.409 Y104.55 E194.0023
G1 X110.559 Y104.683 E194.00744
G0 F9000 X110.459 Y104.784
G0 X111.466 Y104.908
G0 X111.619 Y104.754
G1 F1127.9 X111.815 Y104.841 E194.01379
G1 X111.912 Y105.027 E194.02
G0 F9000 X111.98 Y104.96
G0 X112.816 Y105.537
G0 X112.962 Y105.391
G1 F1127.9 X113.125 Y105.511 E194.02833
G0 F9000 X112.976 Y105.66
G0 X113.885 Y106.448
G0 X114.031 Y106.302
G1 F1127.9 X114.167 Y106.449 E194.03647
G0 F9000 X114.025 Y106.591
G0 X115.001 Y107.313
G0 X114.845 Y107.468
G1 F1127.9 X114.948 Y107.648 E194.04219
G1 X115.149 Y107.729 E194.04818
G0 F9000 X115.221 Y108.789
G1 F1127.9 X115.363 Y108.93 E194.05274
G1 X115.519 Y109.622 E194.06893
G1 X115.667 Y109.757 E194.0735
G0 F9000 X115.713 Y109.712
G0 X115.471 Y110.802
G0 X115.289 Y110.984
G1 F1127.9 X115.439 Y111.117 E194.07957
G1 X115.505 Y111.333 E194.08641
G0 F9000 X114.968 Y112.436
G1 F1127.9 X114.778 Y112.344 E194.09163
G1 X114.979 Y112.709 E194.10194
G0 F9000 X114.248 Y113.722
G1 F1127.9 X114.098 Y113.589 E194.10758
G1 X114.093 Y113.312 E194.11538
G0 F9000 X114.076 Y113.329
G0 X113.134 Y114.27
G0 X112.96 Y114.444
G1 F1127.9 X113.074 Y114.614 E194.1255
G0 F9000 X113.258 Y114.43
G0 X111.927 Y114.912
G0 X111.725 Y115.113
G1 F1127.9 X111.852 Y115.27 E194.13568
G0 F9000 X112.01 Y115.112
;MESH:NONMESH
G0 F300 X112.01 Y115.112 Z5.16
G0 F9000 X110 Y115.106
;TIME_ELAPSED:650.858453
;LAYER:42
;TYPE:WALL-INNER
;MESH:carrucola plisse.stl
G1 F1131.8 X111.439 Y114.9 E194.16469
G1 X112.761 Y114.296 E194.19369
G1 X113.859 Y113.344 E194.22269
G1 X114.645 Y112.121 E194.2517
G1 X115.046 Y110.755 E194.28011
G1 X115.083 Y110.342 E194.28839
G1 X115.099 Y109.961 E194.296
G1 X115.094 Y109.771 E194.29979
G1 X115.066 Y109.423 E194.30676
G1 X115.044 Y109.238 E194.31048
G1 X114.645 Y107.879 E194.33874
G1 X113.859 Y106.656 E194.36775
G1 X112.761 Y105.704 E194.39675
G1 X111.439 Y105.1 E194.42576
G1 X110 Y104.894 E194.45477
G1 X108.561 Y105.1 E194.48378
G1 X107.239 Y105.704 E194.51278
G1 X106.141 Y106.656 E194.54178
G1 X105.355 Y107.879 E194.5708
G1 X104.956 Y109.241 E194.59912
G1 X104.921 Y109.568 E194.60568
G1 X104.915 Y109.941 E194.61313
G1 X104.914 Y110.299 E194.62027
G1 X104.914 Y110.333 E194.62095
G1 X104.932 Y110.531 E194.62492
G1 X104.954 Y110.756 E194.62943
G1 X105.355 Y112.121 E194.65782
G1 X106.141 Y113.344 E194.68683
G1 X107.239 Y114.296 E194.71583
G1 X108.561 Y114.9 E194.74484
G1 X110 Y115.106 E194.77385
G0 F9000 X110 Y114.702
;TYPE:WALL-OUTER
G1 F1131.8 X111.325 Y114.512 E194.80056
G1 X112.542 Y113.956 E194.82726
G1 X113.554 Y113.079 E194.85398
G1 X114.277 Y111.953 E194.88069
G1 X114.651 Y110.68 E194.90717
G1 X114.684 Y110.316 E194.91446
G1 X114.699 Y109.959 E194.92159
G1 X114.694 Y109.793 E194.92491
G1 X114.668 Y109.462 E194.93153
G1 X114.651 Y109.319 E194.9344
G1 X114.277 Y108.047 E194.96086
G1 X113.554 Y106.921 E194.98757
G1 X112.542 Y106.044 E195.01429
G1 X111.325 Y105.488 E195.04099
G1 X110 Y105.298 E195.0677
G1 X108.675 Y105.488 E195.09442
G1 X107.458 Y106.044 E195.12112
G1 X106.446 Y106.921 E195.14784
G1 X105.723 Y108.047 E195.17455
G1 X105.35 Y109.319 E195.201
G1 X105.321 Y109.593 E195.2065
G1 X105.315 Y109.945 E195.21352
G1 X105.314 Y110.314 E195.22089
G1 X105.349 Y110.68 E195.22822
G1 X105.723 Y111.953 E195.2547
G1 X106.446 Y113.079 E195.28141
G1 X107.458 Y113.956 E195.30813
G1 X108.675 Y114.512 E195.33483
G1 X110 Y114.702 E195.36154
G0 F9000 X110 Y115.142
G0 X110.819 Y115.393
;TYPE:WALL-INNER
G1 F1131.8 X111.312 Y115.323 E195.37148
G1 X111.359 Y115.316 E195.37243
G1 X111.314 Y115.333 E195.37245
G1 X110.819 Y115.393 E195.37257
G0 F9000 X112.145 Y115.018
G1 F1131.8 X112.54 Y114.837 E195.38125
G1 X112.689 Y114.769 E195.38451
G1 X112.553 Y114.863 E195.38466
G1 X112.145 Y115.018 E195.385
G0 F9000 X113.363 Y114.304
G1 F1131.8 X113.619 Y114.082 E195.39176
G1 X113.834 Y113.896 E195.39743
G1 X113.644 Y114.11 E195.39773
G1 X113.363 Y114.304 E195.39807
G0 F9000 X114.368 Y113.292
G1 F1131.8 X114.49 Y113.102 E195.40258
G1 X114.705 Y112.768 E195.4105
G1 X114.52 Y113.121 E195.41087
G1 X114.368 Y113.292 E195.4111
G0 F9000 X115.085 Y112.044
G1 F1131.8 X115.115 Y111.939 E195.41328
G1 X115.256 Y111.461 E195.42323
G1 X115.137 Y111.945 E195.4235
G1 X115.085 Y112.044 E195.42359
G0 F9000 X115.482 Y110.368
G1 F1131.8 X115.485 Y110.284 E195.42527
G1 X115.492 Y110.133 E195.42829
G1 X115.499 Y109.97 E195.43154
G1 X115.498 Y110.133 E195.43157
G1 X115.489 Y110.284 E195.4316
G1 X115.482 Y110.368 E195.43161
G0 F9000 X115.257 Y108.544
G1 F1131.8 X115.116 Y108.062 E195.44163
G1 X115.085 Y107.955 E195.44386
G1 X115.137 Y108.055 E195.44393
G1 X115.257 Y108.544 E195.44422
G0 F9000 X114.705 Y107.232
G1 F1131.8 X114.491 Y106.899 E195.45211
G1 X114.368 Y106.708 E195.45665
G1 X114.52 Y106.879 E195.45687
G1 X114.705 Y107.232 E195.45725
G0 F9000 X113.834 Y106.104
G1 F1131.8 X113.62 Y105.919 E195.46289
G1 X113.363 Y105.696 E195.46968
G1 X113.644 Y105.89 E195.47002
G1 X113.834 Y106.104 E195.47033
G0 F9000 X112.689 Y105.231
G1 F1131.8 X112.541 Y105.164 E195.47357
G1 X112.145 Y104.982 E195.48227
G1 X112.553 Y105.137 E195.48259
G1 X112.689 Y105.231 E195.48275
G0 F9000 X111.359 Y104.684
G1 F1131.8 X111.313 Y104.678 E195.48368
G1 X110.819 Y104.607 E195.49364
G1 X111.314 Y104.667 E195.49376
G1 X111.359 Y104.684 E195.49381
G0 F9000 X108.639 Y104.685
G1 F1131.8 X108.685 Y104.667 E195.49479
G1 X109.185 Y104.607 E195.50484
G1 X108.687 Y104.678 E195.50498
G1 X108.639 Y104.685 E195.50498
G0 F9000 X107.311 Y105.231
G1 F1131.8 X107.447 Y105.137 E195.50828
G1 X107.857 Y104.982 E195.51703
G1 X107.46 Y105.163 E195.51733
G1 X107.311 Y105.231 E195.51744
G0 F9000 X106.165 Y106.105
G1 F1131.8 X106.356 Y105.89 E195.52318
G1 X106.637 Y105.696 E195.52999
G1 X106.381 Y105.918 E195.53028
G1 X106.165 Y106.105 E195.53052
G0 F9000 X105.29 Y107.24
G1 F1131.8 X105.479 Y106.88 E195.53864
G1 X105.634 Y106.704 E195.54332
G1 X105.509 Y106.899 E195.5435
G1 X105.29 Y107.24 E195.54384
G0 F9000 X104.734 Y108.575
G1 F1131.8 X104.862 Y108.055 E195.55453
G1 X104.917 Y107.951 E195.55688
G1 X104.885 Y108.061 E195.55692
G1 X104.734 Y108.575 E195.55722
G0 F9000 X104.541 Y110.642
G1 F1131.8 X104.534 Y110.564 E195.55879
G1 X104.525 Y110.449 E195.56109
G1 X104.519 Y110.365 E195.56277
G1 X104.518 Y110.351 E195.56305
G1 X104.518 Y110.345 E195.56317
G1 X104.516 Y110.317 E195.56373
G1 X104.508 Y110.232 E195.56543
G1 X104.506 Y109.938 E195.5713
G1 X104.505 Y109.858 E195.5729
G1 X104.521 Y109.544 E195.57917
G1 X104.522 Y109.524 E195.57957
G1 X104.541 Y109.36 E195.58286
G1 X104.524 Y109.524
G1 X104.521 Y109.543 E195.58287
G1 X104.517 Y109.858 E195.58299
G1 X104.515 Y109.937 E195.58302
G1 X104.515 Y110.232 E195.58315
G1 X104.514 Y110.273 E195.58397
G1 X104.514 Y110.332 E195.58514
G1 X104.514 Y110.351 E195.58552
G1 X104.516 Y110.38 E195.5861
G1 X104.521 Y110.435 E195.5872
G1 X104.541 Y110.636 E195.59124
G1 X104.541 Y110.642 E195.59136
G0 F9000 X104.916 Y112.048
G1 F1131.8 X104.862 Y111.945 E195.59368
G1 X104.739 Y111.445 E195.60395
G1 X104.883 Y111.938 E195.60422
G1 X104.916 Y112.048 E195.60426
G0 F9000 X105.634 Y113.296
G1 F1131.8 X105.479 Y113.12 E195.60894
G1 X105.29 Y112.76 E195.61705
G1 X105.508 Y113.1 E195.61738
G1 X105.634 Y113.296 E195.61758
G0 F9000 X106.637 Y114.304
G1 F1131.8 X106.356 Y114.11 E195.6244
G1 X106.165 Y113.895 E195.63014
G1 X106.38 Y114.081 E195.63038
G1 X106.637 Y114.304 E195.63069
G0 F9000 X107.857 Y115.018
G1 F1131.8 X107.447 Y114.863 E195.63944
G1 X107.311 Y114.769 E195.64274
G1 X107.459 Y114.836 E195.64284
G1 X107.857 Y115.018 E195.64315
G0 F9000 X109.185 Y115.393
G1 F1131.8 X108.685 Y115.333 E195.6532
G1 X108.639 Y115.315 E195.65418
G1 X108.686 Y115.321
G1 X109.185 Y115.393 E195.65434
G0 F9000 X110 Y115.895
G1 F1131.8 X108.588 Y115.724 E195.68273
G1 X107.261 Y115.22 E195.71105
G1 X106.09 Y114.412 E195.73945
G1 X106.058 Y114.375 E195.74042
G1 X105.867 Y114.16 E195.74616
G1 X105.336 Y113.561 E195.76214
G1 X105.147 Y113.348 E195.76782
G1 X104.486 Y112.089 E195.7962
G1 X104.475 Y112.041 E195.79718
G1 X104.352 Y111.541 E195.80745
G1 X104.154 Y110.738 E195.82396
G1 X104.153 Y110.733 E195.82406
G1 X104.14 Y110.684 E195.82507
G1 X104.122 Y110.495 E195.82886
G1 X104.117 Y110.402 E195.83072
G1 X104.116 Y110.373 E195.8313
G1 X104.116 Y110.354 E195.83168
G1 X104.11 Y110.256 E195.83364
G1 X104.108 Y110.236 E195.83404
G1 X104.105 Y109.861 E195.84152
G1 X104.124 Y109.487 E195.84899
G1 X104.14 Y109.316 E195.85242
G1 X104.486 Y107.911 E195.8813
G1 X105.147 Y106.652 E195.90967
G1 X105.335 Y106.44 E195.91533
G1 X105.866 Y105.841 E195.9313
G1 X106.09 Y105.588 E195.93805
G1 X106.129 Y105.562 E195.93898
G1 X106.41 Y105.368 E195.9458
G1 X107.261 Y104.78 E195.96644
G1 X108.588 Y104.276 E195.99477
G1 X110 Y104.105 E196.02315
G1 X111.411 Y104.276 E196.05151
G1 X112.739 Y104.78 E196.07986
G1 X113.91 Y105.588 E196.10825
G1 X114.132 Y105.839 E196.11494
G1 X114.818 Y106.614 E196.13559
G1 X114.852 Y106.652 E196.13661
G1 X115.513 Y107.911 E196.16499
G1 X115.524 Y107.959 E196.16597
G1 X115.644 Y108.448 E196.17602
G1 X115.859 Y109.316 E196.19386
G1 X115.879 Y109.527 E196.19809
G1 X115.9 Y109.978 E196.2071
G1 X115.898 Y110.138 E196.2103
G1 X115.878 Y110.493 E196.21739
G1 X115.858 Y110.684 E196.22123
G1 X115.513 Y112.089 E196.2501
G1 X114.852 Y113.348 E196.27847
G1 X114.819 Y113.385 E196.27946
G1 X114.133 Y114.16 E196.30012
G1 X113.91 Y114.412 E196.30683
G1 X113.59 Y114.632 E196.31458
G1 X112.916 Y115.097 E196.33092
G1 X112.78 Y115.191 E196.33422
G1 X112.739 Y115.22 E196.33522
G1 X111.411 Y115.724 E196.36357
G1 X110 Y115.895 E196.39193
G0 F9000 X110 Y116.298
;TYPE:WALL-OUTER
G1 F1131.8 X108.491 Y116.115 E196.42227
G1 X107.075 Y115.577 E196.4525
G1 X105.824 Y114.714 E196.48283
G1 X104.815 Y113.576 E196.51318
G1 X104.11 Y112.233 E196.54345
G1 X103.745 Y110.75 E196.57393
G1 X103.724 Y110.534 E196.57826
G1 X103.708 Y110.24 E196.58413
G1 X103.705 Y109.864 E196.59164
G1 X103.726 Y109.449 E196.59993
G1 X103.745 Y109.25 E196.60392
G1 X104.11 Y107.767 E196.6344
G1 X104.815 Y106.424 E196.66466
G1 X105.824 Y105.286 E196.69502
G1 X107.075 Y104.423 E196.72534
G1 X108.491 Y103.885 E196.75557
G1 X110 Y103.702 E196.78591
G1 X111.508 Y103.885 E196.81622
G1 X112.925 Y104.423 E196.84647
G1 X114.176 Y105.286 E196.8768
G1 X115.184 Y106.424 E196.90714
G1 X115.889 Y107.767 E196.93741
G1 X116.254 Y109.25 E196.96788
G1 X116.279 Y109.508 E196.97306
G1 X116.3 Y109.959 E196.98207
G1 X116.298 Y110.144 E196.98576
G1 X116.276 Y110.534 E196.99355
G1 X116.254 Y110.75 E196.99789
G1 X115.889 Y112.233 E197.02837
G1 X115.184 Y113.576 E197.05863
G1 X114.176 Y114.714 E197.08897
G1 X112.925 Y115.577 E197.1193
G1 X111.508 Y116.115 E197.14955
G1 X110 Y116.298 E197.17986
G0 F9000 X110 Y115.858
G0 X109.808 Y115.464
;TYPE:SKIN
G1 F1131.8 X109.553 Y115.492 E197.18548
G1 X109.375 Y115.598 E197.19001
G1 X110.362 Y115.453 E197.21183
G1 X110.541 Y115.349 E197.21636
G0 F9000 X111.609 Y115.286
G1 F1131.8 X111.777 Y115.172 E197.22238
G1 X111.914 Y115.025 E197.22833
G0 F9000 X112.019 Y115.13
G0 X112.781 Y114.478
G0 X112.928 Y114.625
G1 F1131.8 X113.096 Y114.51 E197.23666
G0 F9000 X112.949 Y114.363
G0 X113.859 Y113.576
G0 X114.006 Y113.723
G1 F1131.8 X114.145 Y113.58 E197.24226
G1 X114.337 Y113.488 E197.24823
G0 F9000 X114.419 Y113.57
G0 X114.984 Y112.721
G0 X114.826 Y112.563
G1 F1131.8 X114.929 Y112.383 E197.25457
G1 X115.097 Y112.268 E197.26078
G0 F9000 X115.182 Y111.222
G1 F1131.8 X115.351 Y111.109 E197.26313
G1 X115.483 Y110.675 E197.26837
G1 X115.659 Y110.568 E197.27074
G1 X115.359 Y109.703 E197.28131
G0 F9000 X115.469 Y109.529
G1 F1131.8 X115.413 Y109.19 E197.28922
G1 X115.493 Y108.704 E197.30057
G0 F9000 X114.933 Y107.579
G1 F1131.8 X114.991 Y107.354 E197.30513
G1 X114.798 Y107.727 E197.31338
G0 F9000 X114.919 Y107.848
G0 X114.24 Y106.603
G0 X114.07 Y106.433
G1 F1131.8 X114.22 Y106.301 E197.32329
G0 F9000 X114.4 Y106.481
G0 X113.235 Y105.598
G0 X113.052 Y105.415
G1 F1131.8 X112.94 Y105.586 E197.32764
G1 X113.328 Y105.408 E197.33671
G0 F9000 X113.299 Y105.379
G0 X111.995 Y104.924
G0 X111.802 Y104.731
G1 F1131.8 X111.712 Y104.923 E197.34779
G0 F9000 X111.912 Y105.124
G0 X110.644 Y104.704
G0 X110.447 Y104.507
G1 F1131.8 X110.191 Y104.534 E197.35572
G1 X109.636 Y104.545 E197.37283
G1 X109.459 Y104.651 E197.37919
G0 F9000 X108.387 Y104.71
G1 F1131.8 X108.22 Y104.826 E197.38518
G1 X108.085 Y104.974 E197.39108
G0 F9000 X107.982 Y104.871
G0 X107.217 Y105.52
G0 X107.07 Y105.372
G1 F1131.8 X106.902 Y105.488 E197.39938
G0 F9000 X107.049 Y105.635
G0 X106.14 Y106.423
G0 X105.992 Y106.275
G1 F1131.8 X105.852 Y106.418 E197.4048
G1 X105.648 Y106.497 E197.41073
G0 F9000 X105.578 Y106.427
G0 X105.014 Y107.277
G0 X105.172 Y107.435
G1 F1131.8 X105.068 Y107.614 E197.41698
G1 X104.895 Y107.723 E197.42316
G0 F9000 X104.842 Y108.802
G1 F1131.8 X104.646 Y108.889 E197.42827
G1 X104.55 Y109.076 E197.43329
G0 F9000 X104.689 Y109.215
G0 X104.576 Y110.798
G0 X104.723 Y110.946
G1 F1131.8 X104.565 Y111.071 E197.43912
G1 X104.5 Y111.289 E197.4457
G0 F9000 X105.063 Y112.417
G1 F1131.8 X105.002 Y112.639 E197.45011
G1 X105.201 Y112.272 E197.45812
G0 F9000 X105.082 Y112.153
G0 X105.761 Y113.398
G0 X105.929 Y113.566
G1 F1131.8 X105.778 Y113.698 E197.46792
G0 F9000 X105.6 Y113.52
G0 X106.763 Y114.4
G0 X106.945 Y114.582
G1 F1131.8 X107.058 Y114.412 E197.47225
G1 X106.67 Y114.589 E197.48131
G0 F9000 X106.7 Y114.619
G0 X108.004 Y115.075
G0 X108.196 Y115.267
G1 F1131.8 X108.286 Y115.074 E197.49238
G0 F9000 X108.088 Y114.876
G0 X106.263 Y113.237
G0 X105.503 Y112.053
G0 X105.113 Y110.725
G0 X105.082 Y109.579
G0 X105.114 Y109.273
G0 X105.503 Y107.947
G0 X106.263 Y106.763
G0 X107.328 Y105.841
G0 X108.052 Y105.51
G0 X110.677 Y104.455
G1 F1131.8 X110.573 Y104.35 E197.49386
G0 F9000 X110.569 Y104.375
;MESH:NONMESH
G0 F300 X110.569 Y104.375 Z5.28
G0 F9000 X112.672 Y105.841
G0 X113.737 Y106.763
G0 X114.497 Y107.947
G0 X114.906 Y109.439
G0 X114.923 Y110.331
G0 X114.887 Y110.725
G0 X114.497 Y112.053
G0 X113.737 Y113.237
G0 X112.672 Y114.159
G0 X111.521 Y114.685
G0 X110 Y115.106
;TIME_ELAPSED:667.042915
;LAYER:43
;TYPE:WALL-INNER
;MESH:carrucola plisse.stl
G1 F1230.1 X111.392 Y114.907 E197.52192
G1 X111.439 Y114.9 E197.52287
G1 X111.698 Y114.782 E197.52855
G1 X112.628 Y114.357 E197.54895
G1 X112.761 Y114.296 E197.55187
G1 X112.96 Y114.124 E197.55712
G1 X113.681 Y113.498 E197.57617
G1 X113.859 Y113.344 E197.58087
G1 X113.964 Y113.181 E197.58474
G1 X114.494 Y112.356 E197.60431
G1 X114.645 Y112.121 E197.60988
G1 X114.67 Y112.034 E197.61169
G1 X115.002 Y110.903 E197.63521
G1 X115.045 Y110.756 E197.63827
G1 X115.046 Y110.739 E197.63861
G1 X115.086 Y110.306 E197.64729
G1 X115.099 Y109.952 E197.65436
G1 X115.081 Y109.587 E197.66165
G1 X115.047 Y109.265 E197.66811
G1 X115.044 Y109.241 E197.66859
G1 X115.004 Y109.102 E197.67148
G1 X114.671 Y107.967 E197.69508
G1 X114.645 Y107.879 E197.69692
G1 X114.495 Y107.646 E197.70245
G1 X113.965 Y106.82 E197.72203
G1 X113.859 Y106.656 E197.72593
G1 X113.682 Y106.503 E197.7306
G1 X112.961 Y105.877 E197.74965
G1 X112.761 Y105.704 E197.75493
G1 X112.629 Y105.644 E197.75782
G1 X111.699 Y105.219 E197.77823
G1 X111.439 Y105.1 E197.78393
G1 X111.393 Y105.094 E197.78486
G1 X110 Y104.894 E197.81294
G1 X108.607 Y105.093 E197.84102
G1 X108.561 Y105.1 E197.84195
G1 X108.304 Y105.217 E197.84759
G1 X107.372 Y105.643 E197.86804
G1 X107.239 Y105.704 E197.87096
G1 X107.04 Y105.876 E197.87621
G1 X106.317 Y106.503 E197.89531
G1 X106.141 Y106.656 E197.89996
G1 X106.038 Y106.816 E197.90376
G1 X105.5 Y107.653 E197.92361
G1 X105.355 Y107.879 E197.92897
G1 X105.331 Y107.962 E197.9307
G1 X104.991 Y109.123 E197.95484
G1 X104.956 Y109.241 E197.95729
G1 X104.955 Y109.257 E197.95761
G1 X104.918 Y109.595 E197.9644
G1 X104.912 Y110.005 E197.97258
G1 X104.911 Y110.295 E197.97837
G1 X104.936 Y110.604 E197.98456
G1 X104.954 Y110.737 E197.98723
G1 X104.958 Y110.764 E197.98778
G1 X104.987 Y110.863 E197.98984
G1 X105.329 Y112.034 E198.01418
G1 X105.355 Y112.121 E198.01599
G1 X105.503 Y112.352 E198.02147
G1 X106.037 Y113.182 E198.04117
G1 X106.141 Y113.344 E198.04501
G1 X106.316 Y113.496 E198.04963
G1 X107.039 Y114.123 E198.06873
G1 X107.239 Y114.296 E198.07401
G1 X107.371 Y114.356 E198.0769
G1 X108.303 Y114.782 E198.09735
G1 X108.561 Y114.9 E198.10301
G1 X108.606 Y114.906 E198.10392
G1 X110 Y115.106 E198.13202
G0 F9000 X110 Y114.702
;TYPE:WALL-OUTER
G1 F1230.1 X111.325 Y114.512 E198.15873
G1 X112.542 Y113.956 E198.18544
G1 X113.554 Y113.079 E198.21216
G1 X114.277 Y111.953 E198.23886
G1 X114.65 Y110.681 E198.26532
G1 X114.687 Y110.28 E198.27335
G1 X114.699 Y109.955 E198.27984
G1 X114.682 Y109.618 E198.28658
G1 X114.65 Y109.319 E198.29258
G1 X114.277 Y108.047 E198.31903
G1 X113.554 Y106.921 E198.34573
G1 X112.542 Y106.044 E198.37246
G1 X111.325 Y105.488 E198.39916
G1 X110 Y105.298 E198.42587
G1 X108.675 Y105.488 E198.45258
G1 X107.458 Y106.044 E198.47929
G1 X106.446 Y106.921 E198.50601
G1 X105.723 Y108.047 E198.53271
G1 X105.35 Y109.319 E198.55917
G1 X105.318 Y109.619 E198.56519
G1 X105.312 Y110.009 E198.57297
G1 X105.311 Y110.279 E198.57836
G1 X105.334 Y110.561 E198.58401
G1 X105.35 Y110.681 E198.58642
G1 X105.723 Y111.953 E198.61287
G1 X106.446 Y113.079 E198.63958
G1 X107.458 Y113.956 E198.6663
G1 X108.675 Y114.512 E198.693
G1 X110 Y114.702 E198.71972
G0 F9000 X110 Y115.142
G0 X111.861 Y115.136
;TYPE:WALL-INNER
G1 F1230.1 X112.537 Y114.827 E198.73455
G1 X112.791 Y114.711 E198.74012
G1 X112.558 Y114.871 E198.74051
G1 X111.861 Y115.136 E198.74142
G0 F9000 X113.216 Y114.418
G1 F1230.1 X113.609 Y114.077 E198.7518
G1 X113.937 Y113.792 E198.76048
G1 X113.648 Y114.12 E198.76116
G1 X113.216 Y114.418 E198.76196
G0 F9000 X114.292 Y113.391
G1 F1230.1 X114.484 Y113.093 E198.76904
G1 X114.823 Y112.566 E198.78154
G1 X114.53 Y113.122 E198.78242
G1 X114.292 Y113.391 E198.78297
G0 F9000 X115.045 Y112.143
G1 F1230.1 X115.104 Y111.941 E198.78717
G1 X115.376 Y111.012 E198.80649
G1 X115.145 Y111.952 E198.80749
G1 X115.045 Y112.143 E198.80779
G0 F9000 X115.435 Y110.774
G1 F1230.1 X115.464 Y110.443 E198.81442
G1 X115.474 Y110.342 E198.81644
G1 X115.475 Y110.331 E198.81666
G1 X115.481 Y110.141 E198.82046
G1 X115.487 Y109.993 E198.82341
G1 X115.488 Y109.967 E198.82393
G1 X115.489 Y109.95 E198.82427
G1 X115.489 Y109.934 E198.82459
G1 X115.471 Y109.568 E198.8319
G1 X115.47 Y109.557 E198.83212
G1 X115.469 Y109.546 E198.83234
G1 X115.434 Y109.223 E198.83883
G1 X115.49 Y109.554 E198.83911
G1 X115.508 Y109.949 E198.83985
G1 X115.51 Y109.993
G1 X115.508 Y110.141 E198.84005
G1 X115.498 Y110.332 E198.8403
G1 X115.491 Y110.445 E198.84056
G1 X115.435 Y110.774 E198.8408
G0 F9000 X115.377 Y108.992
G1 F1230.1 X115.105 Y108.06 E198.86017
G1 X115.045 Y107.857 E198.8644
G1 X115.145 Y108.048 E198.86466
G1 X115.377 Y108.992 E198.86568
G0 F9000 X114.823 Y107.434
G1 F1230.1 X114.485 Y106.908 E198.87816
G1 X114.292 Y106.609 E198.88526
G1 X114.53 Y106.878 E198.88579
G1 X114.823 Y107.434 E198.88668
G0 F9000 X113.937 Y106.208
G1 F1230.1 X113.61 Y105.924 E198.89532
G1 X113.216 Y105.582 E198.90573
G1 X113.648 Y105.88 E198.90653
G1 X113.937 Y106.208 E198.90722
G0 F9000 X112.791 Y105.289
G1 F1230.1 X112.538 Y105.174 E198.91277
G1 X111.861 Y104.864 E198.92763
G1 X112.558 Y105.129 E198.92855
G1 X112.791 Y105.289 E198.92895
G0 F9000 X108.551 Y104.708
G1 F1230.1 X108.684 Y104.657 E198.93179
G1 X109.952 Y104.504 E198.95728
G1 X110 Y104.498 E198.95825
G1 X110.047 Y104.503 E198.95918
G1 X111.315 Y104.657 E198.98467
G1 X111.448 Y104.707 E198.9875
G1 X111.311 Y104.688 E198.98759
G1 X110.056 Y104.508 E198.98879
G1 X110 Y104.5 E198.98898
G1 X109.945 Y104.507 E198.98913
G1 X108.689 Y104.688 E198.99024
G1 X108.551 Y104.708 E198.99033
G0 F9000 X107.209 Y105.289
G1 F1230.1 X107.442 Y105.129 E198.99597
G1 X108.142 Y104.863 E199.01092
G1 X107.463 Y105.173 E199.01179
G1 X107.209 Y105.289 E199.01212
G0 F9000 X106.061 Y106.209
G1 F1230.1 X106.352 Y105.88 E199.02089
G1 X106.784 Y105.582 E199.03136
G1 X106.39 Y105.923 E199.03208
G1 X106.061 Y106.209 E199.03268
G0 F9000 X105.172 Y107.443
G1 F1230.1 X105.469 Y106.878 E199.04541
G1 X105.71 Y106.606 E199.05267
G1 X105.516 Y106.908 E199.05312
G1 X105.172 Y107.443 E199.05399
G0 F9000 X104.616 Y109.014
G1 F1230.1 X104.854 Y108.048 E199.07384
G1 X104.957 Y107.853 E199.07823
G1 X104.897 Y108.06 E199.07844
G1 X104.616 Y109.014 E199.07953
G0 F9000 X104.568 Y110.791
G1 F1230.1 X104.548 Y110.672 E199.08189
G1 X104.544 Y110.647 E199.08239
G1 X104.509 Y110.449 E199.08641
G1 X104.502 Y110.312 E199.08914
G1 X104.496 Y110.212 E199.09114
G1 X104.495 Y110.002 E199.09533
G1 X104.493 Y109.88 E199.09777
G1 X104.509 Y109.571 E199.10394
G1 X104.511 Y109.533 E199.1047
G1 X104.566 Y109.216 E199.11112
G1 X104.532 Y109.535 E199.11127
G1 X104.53 Y109.553
G1 X104.528 Y109.571
G1 X104.528 Y109.589
G1 X104.524 Y109.88 E199.11152
G1 X104.522 Y110.001 E199.11169
G1 X104.522 Y110.212 E199.11198
G1 X104.522 Y110.293
G1 X104.521 Y110.31
G1 X104.522 Y110.326
G1 X104.531 Y110.447
G1 X104.547 Y110.635 E199.11201
G1 X104.548 Y110.646
G1 X104.549 Y110.657
G1 X104.568 Y110.791 E199.11221
G0 F9000 X104.955 Y112.144
G1 F1230.1 X104.854 Y111.952 E199.11654
G1 X104.613 Y110.973 E199.13666
G1 X104.895 Y111.939 E199.13772
G1 X104.955 Y112.144 E199.13793
G0 F9000 X105.709 Y113.394
G1 F1230.1 X105.469 Y113.122 E199.14517
G1 X105.175 Y112.564 E199.15776
G1 X105.514 Y113.092 E199.15858
G1 X105.709 Y113.394 E199.15904
G0 F9000 X106.784 Y114.418
G1 F1230.1 X106.352 Y114.12 E199.16952
G1 X106.061 Y113.791 E199.17828
G1 X106.389 Y114.076 E199.17887
G1 X106.784 Y114.418 E199.17961
G0 F9000 X108.142 Y115.137
G1 F1230.1 X107.442 Y114.871 E199.19455
G1 X107.209 Y114.711 E199.20019
G1 X107.462 Y114.826 E199.2005
G1 X108.142 Y115.137 E199.2014
G0 F9000 X110 Y115.502
G1 F1230.1 X109.953 Y115.497 E199.20234
G1 X108.684 Y115.343 E199.22785
G1 X108.551 Y115.292 E199.23069
G1 X108.688 Y115.311 E199.23078
G1 X109.944 Y115.492 E199.23201
G1 X110 Y115.5 E199.2322
G1 X110.055 Y115.493 E199.23241
G1 X111.31 Y115.313 E199.25771
G1 X111.448 Y115.293 E199.2605
G1 X111.315 Y115.343 E199.26065
G1 X110.048 Y115.496 E199.26192
G1 X110 Y115.502 E199.26193
G0 F9000 X110 Y115.895
G1 F1230.1 X109.953 Y115.89 E199.26286
G1 X108.637 Y115.73 E199.28932
G1 X108.588 Y115.724 E199.2903
G1 X108.546 Y115.708 E199.2912
G1 X108.413 Y115.658 E199.29404
G1 X108.004 Y115.503 E199.30277
G1 X107.303 Y115.236 E199.31773
G1 X107.261 Y115.22 E199.31863
G1 X107.221 Y115.193 E199.31959
G1 X106.988 Y115.032 E199.32525
G1 X106.563 Y114.739 E199.33555
G1 X106.131 Y114.441 E199.34602
G1 X106.09 Y114.412 E199.34702
G1 X106.061 Y114.379 E199.3479
G1 X105.77 Y114.05 E199.35667
G1 X105.418 Y113.653 E199.36725
G1 X105.177 Y113.382 E199.37449
G1 X105.147 Y113.348 E199.3754
G1 X105.124 Y113.304 E199.37639
G1 X104.831 Y112.745 E199.38898
G1 X104.611 Y112.326 E199.39843
G1 X104.51 Y112.134 E199.40276
G1 X104.486 Y112.089 E199.40377
G1 X104.476 Y112.046 E199.40465
G1 X104.235 Y111.067 E199.42477
G1 X104.19 Y110.885 E199.42852
G1 X104.14 Y110.684 E199.43265
G1 X104.121 Y110.486 E199.43662
G1 X104.121 Y110.471 E199.43692
G1 X104.108 Y110.235 E199.44163
G1 X104.106 Y110.216 E199.44202
G1 X104.103 Y109.884 E199.44864
G1 X104.104 Y109.86 E199.44912
G1 X104.122 Y109.513 E199.45606
G1 X104.123 Y109.497 E199.45638
G1 X104.14 Y109.316 E199.46
G1 X104.187 Y109.123 E199.46397
G1 X104.236 Y108.921 E199.46812
G1 X104.475 Y107.955 E199.48797
G1 X104.486 Y107.911 E199.48888
G1 X104.509 Y107.867 E199.48987
G1 X104.611 Y107.672 E199.49426
G1 X104.826 Y107.262 E199.5035
G1 X105.123 Y106.697 E199.51624
G1 X105.147 Y106.652 E199.51726
G1 X105.176 Y106.619 E199.51813
G1 X105.417 Y106.347 E199.52538
G1 X105.768 Y105.951 E199.53594
G1 X106.06 Y105.622 E199.54472
G1 X106.09 Y105.588 E199.54563
G1 X106.13 Y105.56 E199.5466
G1 X106.562 Y105.262 E199.55708
G1 X106.987 Y104.969 E199.56738
G1 X107.22 Y104.808 E199.57303
G1 X107.261 Y104.78 E199.57402
G1 X107.303 Y104.764 E199.57492
G1 X108.003 Y104.499 E199.58985
G1 X108.411 Y104.344 E199.59856
G1 X108.544 Y104.293 E199.60141
G1 X108.588 Y104.276 E199.60235
G1 X108.637 Y104.271 E199.60333
G1 X109.952 Y104.111 E199.62977
G1 X110 Y104.105 E199.63073
G1 X110.047 Y104.11 E199.63167
G1 X111.361 Y104.27 E199.65808
G1 X111.411 Y104.276 E199.65909
G1 X111.452 Y104.291 E199.65996
G1 X111.586 Y104.341 E199.66281
G1 X111.999 Y104.498 E199.67163
G1 X112.696 Y104.763 E199.68651
G1 X112.739 Y104.78 E199.68744
G1 X112.779 Y104.807 E199.6884
G1 X113.012 Y104.968 E199.69405
G1 X113.437 Y105.261 E199.70435
G1 X113.869 Y105.559 E199.71483
G1 X113.91 Y105.588 E199.71583
G1 X113.939 Y105.621 E199.7167
G1 X114.229 Y105.948 E199.72543
G1 X114.584 Y106.349 E199.73611
G1 X114.822 Y106.618 E199.74328
G1 X114.852 Y106.652 E199.74419
G1 X114.875 Y106.696 E199.74518
G1 X115.167 Y107.253 E199.75773
G1 X115.389 Y107.676 E199.76726
G1 X115.489 Y107.866 E199.77155
G1 X115.513 Y107.911 E199.77256
G1 X115.523 Y107.954 E199.77344
G1 X115.756 Y108.898 E199.79285
G1 X115.813 Y109.129 E199.7976
G1 X115.859 Y109.316 E199.80144
G1 X115.878 Y109.516 E199.80545
G1 X115.88 Y109.536 E199.80585
G1 X115.9 Y109.975 E199.81462
G1 X115.9 Y109.997 E199.81506
G1 X115.898 Y110.146 E199.81803
G1 X115.898 Y110.162 E199.81835
G1 X115.88 Y110.467 E199.82445
G1 X115.879 Y110.484 E199.82479
G1 X115.859 Y110.684 E199.8288
G1 X115.815 Y110.866 E199.83254
G1 X115.756 Y111.105 E199.83745
G1 X115.524 Y112.045 E199.85677
G1 X115.513 Y112.089 E199.85768
G1 X115.49 Y112.133 E199.85867
G1 X115.39 Y112.324 E199.86297
G1 X115.168 Y112.746 E199.87248
G1 X114.876 Y113.303 E199.88504
G1 X114.852 Y113.348 E199.88605
G1 X114.823 Y113.381 E199.88693
G1 X114.585 Y113.65 E199.8941
G1 X114.23 Y114.051 E199.90479
G1 X113.94 Y114.378 E199.91351
G1 X113.91 Y114.412 E199.91441
G1 X113.87 Y114.44 E199.91539
G1 X113.438 Y114.738 E199.92586
G1 X113.013 Y115.031 E199.93616
G1 X112.78 Y115.192 E199.94181
G1 X112.739 Y115.22 E199.9428
G1 X112.697 Y115.236 E199.9437
G1 X112 Y115.5 E199.95857
G1 X111.587 Y115.657 E199.96739
G1 X111.454 Y115.707 E199.97023
G1 X111.411 Y115.724 E199.97115
G1 X111.362 Y115.729 E199.97213
G1 X110.048 Y115.889 E199.99855
G1 X110 Y115.895 E199.99951
G0 F9000 X110 Y116.298
;TYPE:WALL-OUTER
G1 F1230.1 X108.491 Y116.115 E200.02985
G1 X107.075 Y115.577 E200.06008
G1 X105.824 Y114.714 E200.09041
G1 X104.815 Y113.576 E200.12076
G1 X104.11 Y112.233 E200.15103
G1 X103.745 Y110.75 E200.1815
G1 X103.723 Y110.525 E200.18602
G1 X103.706 Y110.22 E200.19211
G1 X103.703 Y109.888 E200.19874
G1 X103.725 Y109.459 E200.20731
G1 X103.745 Y109.25 E200.2115
G1 X104.11 Y107.767 E200.24198
G1 X104.815 Y106.424 E200.27225
G1 X105.824 Y105.286 E200.3026
G1 X107.075 Y104.423 E200.33293
G1 X108.491 Y103.885 E200.36316
G1 X110 Y103.702 E200.39349
G1 X111.508 Y103.885 E200.42381
G1 X112.925 Y104.423 E200.45405
G1 X114.176 Y105.286 E200.48438
G1 X115.184 Y106.424 E200.51472
G1 X115.889 Y107.767 E200.54499
G1 X116.254 Y109.25 E200.57547
G1 X116.28 Y109.518 E200.58084
G1 X116.3 Y109.957 E200.58961
G1 X116.298 Y110.15 E200.59346
G1 X116.277 Y110.525 E200.60096
G1 X116.254 Y110.75 E200.60547
G1 X115.889 Y112.233 E200.63595
G1 X115.184 Y113.576 E200.66622
G1 X114.176 Y114.714 E200.69656
G1 X112.925 Y115.577 E200.72689
G1 X111.508 Y116.115 E200.75713
G1 X110 Y116.298 E200.78745
G0 F9000 X110 Y115.858
G0 X108.366 Y115.361
G0 X108.333 Y115.394
;TYPE:SKIN
G1 F1230.1 X108.369 Y115.076 E200.78977
G0 F9000 X108.419 Y115.026
G0 X107.007 Y114.741
G0 X106.98 Y114.767
G1 F1230.1 X106.932 Y114.533 E200.79464
G0 F9000 X107.078 Y114.387
G0 X106.017 Y113.468
G1 F1230.1 X105.737 Y113.748 E200.79859
G0 F9000 X105.061 Y112.444
G0 X105.15 Y112.354
G1 F1230.1 X104.856 Y112.365 E200.80164
G0 F9000 X104.838 Y112.384
G0 X105 Y107.697
G0 X105.053 Y107.643
G1 F1230.1 X104.905 Y107.509 E200.80383
G0 F9000 X104.881 Y107.533
G0 X105.719 Y106.412
G0 X105.798 Y106.332
G1 F1230.1 X105.95 Y106.464 E200.80804
G0 F9000 X105.88 Y106.534
G0 X106.918 Y105.496
G0 X106.989 Y105.424
G1 F1230.1 X107.147 Y105.549 E200.80926
G1 X106.832 Y105.299 E200.81171
G0 F9000 X106.795 Y105.336
G0 X108.256 Y104.723
G0 X108.308 Y104.671
G1 F1230.1 X108.379 Y104.883 E200.81431
G0 F9000 X108.339 Y104.924
G0 X111.592 Y104.781
G1 F1230.1 X111.774 Y104.6 E200.81688
G0 F9000 X112.857 Y105.497
G1 F1230.1 X113.107 Y105.247 E200.8204
G0 F9000 X114.31 Y106.307
G1 F1230.1 X114.025 Y106.591 E200.82442
G0 F9000 X115.098 Y107.498
G1 F1230.1 X114.822 Y107.774 E200.82831
G0 F9000 X114.905 Y109.815
G0 X114.875 Y112.246
G0 X114.823 Y112.298
G1 F1230.1 X115.013 Y112.392 E200.8316
G0 F9000 X115.077 Y112.328
G0 X114.181 Y113.506
G0 X114.105 Y113.582
G1 F1230.1 X114.255 Y113.714 E200.83616
G0 F9000 X114.341 Y113.629
G0 X113.126 Y114.561
G0 X113.05 Y114.636
G1 F1230.1 X112.938 Y114.467 E200.84011
G0 F9000 X113.002 Y114.403
G0 X111.691 Y115.148
G0 X111.645 Y115.194
G1 F1230.1 X111.734 Y115.387 E200.84256
G0 F9000 X111.685 Y115.405
;MESH:NONMESH
G0 F300 X111.685 Y115.405 Z5.4
G0 F9000 X110 Y115.106
;TIME_ELAPSED:682.014173
;LAYER:44
;TYPE:WALL-INNER
;MESH:carrucola plisse.stl
G1 F1220.3 X111.392 Y114.907 E200.87062
G1 X111.439 Y114.9 E200.87157
G1 X111.698 Y114.782 E200.87725
G1 X112.628 Y114.357 E200.89765
G1 X112.761 Y114.296 E200.90057
G1 X112.96 Y114.124 E200.90582
G1 X113.681 Y113.498 E200.92487
G1 X113.859 Y113.344 E200.92957
G1 X113.964 Y113.181 E200.93344
G1 X114.494 Y112.356 E200.95301
G1 X114.645 Y112.121 E200.95858
G1 X114.67 Y112.034 E200.96039
G1 X115.002 Y110.903 E200.98391
G1 X115.045 Y110.756 E200.98697
G1 X115.046 Y110.74 E200.98729
G1 X115.089 Y110.267 E200.99677
G1 X115.099 Y109.95 E201.0031
G1 X115.092 Y109.726 E201.00757
G1 X115.069 Y109.449 E201.01312
G1 X115.048 Y109.274 E201.01663
G1 X115.044 Y109.24 E201.01732
G1 X115.002 Y109.095 E201.02033
G1 X114.671 Y107.967 E201.04379
G1 X114.645 Y107.879 E201.04562
G1 X114.495 Y107.646 E201.05115
G1 X113.965 Y106.82 E201.07074
G1 X113.859 Y106.656 E201.07463
G1 X113.682 Y106.503 E201.0793
G1 X112.961 Y105.877 E201.09836
G1 X112.761 Y105.704 E201.10363
G1 X112.629 Y105.644 E201.10653
G1 X111.699 Y105.219 E201.12693
G1 X111.439 Y105.1 E201.13264
G1 X111.393 Y105.094 E201.13356
G1 X110 Y104.894 E201.16165
G1 X108.607 Y105.093 E201.18973
G1 X108.561 Y105.1 E201.19066
G1 X108.304 Y105.217 E201.19629
G1 X107.372 Y105.643 E201.21674
G1 X107.239 Y105.704 E201.21966
G1 X107.04 Y105.876 E201.22491
G1 X106.317 Y106.503 E201.24401
G1 X106.141 Y106.656 E201.24866
G1 X106.038 Y106.816 E201.25246
G1 X105.5 Y107.653 E201.27232
G1 X105.355 Y107.879 E201.27768
G1 X105.331 Y107.962 E201.2794
G1 X104.991 Y109.123 E201.30354
G1 X104.956 Y109.241 E201.306
G1 X104.955 Y109.257 E201.30632
G1 X104.915 Y109.622 E201.31365
G1 X104.909 Y110.077 E201.32273
G1 X104.923 Y110.475 E201.33067
G1 X104.952 Y110.732 E201.33583
G1 X104.956 Y110.76 E201.3364
G1 X104.996 Y110.897 E201.33925
G1 X105.33 Y112.037 E201.36295
G1 X105.355 Y112.121 E201.3647
G1 X105.499 Y112.346 E201.37003
G1 X106.037 Y113.183 E201.38989
G1 X106.141 Y113.344 E201.39371
G1 X106.316 Y113.496 E201.39834
G1 X107.039 Y114.123 E201.41744
G1 X107.239 Y114.296 E201.42272
G1 X107.371 Y114.356 E201.42561
G1 X108.303 Y114.782 E201.44606
G1 X108.561 Y114.9 E201.45172
G1 X108.606 Y114.906 E201.45263
G1 X110 Y115.106 E201.48073
G0 F9000 X110 Y114.702
;TYPE:WALL-OUTER
G1 F1220.3 X111.325 Y114.512 E201.50744
G1 X112.542 Y113.956 E201.53414
G1 X113.554 Y113.079 E201.56087
G1 X114.277 Y111.953 E201.58757
G1 X114.65 Y110.681 E201.61402
G1 X114.69 Y110.243 E201.6228
G1 X114.699 Y109.95 E201.62865
G1 X114.693 Y109.749 E201.63266
G1 X114.671 Y109.489 E201.63787
G1 X114.651 Y109.32 E201.64127
G1 X114.277 Y108.047 E201.66775
G1 X113.554 Y106.921 E201.69445
G1 X112.542 Y106.044 E201.72117
G1 X111.325 Y105.488 E201.74787
G1 X110 Y105.298 E201.77459
G1 X108.675 Y105.488 E201.8013
G1 X107.458 Y106.044 E201.828
G1 X106.446 Y106.921 E201.85472
G1 X105.723 Y108.047 E201.88143
G1 X105.35 Y109.319 E201.90788
G1 X105.315 Y109.646 E201.91444
G1 X105.309 Y110.073 E201.92297
G1 X105.322 Y110.445 E201.93039
G1 X105.349 Y110.68 E201.93511
G1 X105.723 Y111.953 E201.96159
G1 X106.446 Y113.079 E201.9883
G1 X107.458 Y113.956 E202.01502
G1 X108.675 Y114.512 E202.04172
G1 X110 Y114.702 E202.06843
G0 F9000 X110 Y115.142
G0 X111.861 Y115.136
;TYPE:WALL-INNER
G1 F1220.3 X112.537 Y114.827 E202.08327
G1 X112.791 Y114.711 E202.08884
G1 X112.558 Y114.871 E202.08922
G1 X111.861 Y115.136 E202.09014
G0 F9000 X113.216 Y114.418
G1 F1220.3 X113.609 Y114.077 E202.10052
G1 X113.937 Y113.792 E202.10919
G1 X113.648 Y114.12 E202.10987
G1 X113.216 Y114.418 E202.11068
G0 F9000 X114.292 Y113.391
G1 F1220.3 X114.484 Y113.093 E202.11776
G1 X114.823 Y112.566 E202.13026
G1 X114.53 Y113.122 E202.13114
G1 X114.292 Y113.391 E202.13169
G0 F9000 X115.045 Y112.143
G1 F1220.3 X115.104 Y111.941 E202.13589
G1 X115.376 Y111.012 E202.1552
G1 X115.145 Y111.952 E202.15621
G1 X115.045 Y112.143 E202.1565
G0 F9000 X115.435 Y110.774
G1 F1220.3 X115.465 Y110.432 E202.16336
G1 X115.477 Y110.302 E202.16596
G1 X115.478 Y110.291 E202.16618
G1 X115.478 Y110.28 E202.1664
G1 X115.481 Y110.182 E202.16836
G1 X115.488 Y109.963 E202.17273
G1 X115.489 Y109.95 E202.17299
G1 X115.489 Y109.938 E202.17323
G1 X115.482 Y109.717 E202.17764
G1 X115.481 Y109.704 E202.1779
G1 X115.457 Y109.41 E202.18379
G1 X115.454 Y109.383 E202.18433
G1 X115.435 Y109.227 E202.18747
G1 X115.473 Y109.38 E202.18754
G1 X115.475 Y109.408 E202.1876
G1 X115.499 Y109.702 E202.18784
G1 X115.501 Y109.716
G1 X115.509 Y109.949 E202.1882
G1 X115.51 Y109.966
G1 X115.505 Y110.182 E202.18842
G1 X115.5 Y110.292 E202.18867
G1 X115.492 Y110.434 E202.18897
G1 X115.435 Y110.774 E202.18921
G0 F9000 X115.376 Y108.985
G1 F1220.3 X115.105 Y108.06 E202.20844
G1 X115.045 Y107.857 E202.21267
G1 X115.145 Y108.048 E202.21294
G1 X115.376 Y108.985 E202.21395
G0 F9000 X114.823 Y107.434
G1 F1220.3 X114.485 Y106.908 E202.22642
G1 X114.292 Y106.609 E202.23352
G1 X114.53 Y106.878 E202.23406
G1 X114.823 Y107.434 E202.23494
G0 F9000 X113.937 Y106.208
G1 F1220.3 X113.61 Y105.924 E202.24359
G1 X113.216 Y105.582 E202.254
G1 X113.648 Y105.88 E202.2548
G1 X113.937 Y106.208 E202.25549
G0 F9000 X112.791 Y105.289
G1 F1220.3 X112.538 Y105.174 E202.26103
G1 X111.861 Y104.864 E202.27589
G1 X112.558 Y105.129 E202.27681
G1 X112.791 Y105.289 E202.27722
G0 F9000 X108.551 Y104.708
G1 F1220.3 X108.684 Y104.657 E202.28006
G1 X109.952 Y104.504 E202.30555
G1 X110 Y104.498 E202.30651
G1 X110.047 Y104.503 E202.30745
G1 X111.315 Y104.657 E202.33294
G1 X111.448 Y104.707 E202.33577
G1 X111.311 Y104.688 E202.33586
G1 X110.056 Y104.508 E202.33705
G1 X110 Y104.5 E202.33725
G1 X109.945 Y104.507 E202.3374
G1 X108.689 Y104.688 E202.33851
G1 X108.551 Y104.708 E202.3386
G0 F9000 X107.209 Y105.289
G1 F1220.3 X107.442 Y105.129 E202.34424
G1 X108.142 Y104.863 E202.35918
G1 X107.463 Y105.173 E202.36006
G1 X107.209 Y105.289 E202.36039
G0 F9000 X106.061 Y106.209
G1 F1220.3 X106.352 Y105.88 E202.36915
G1 X106.784 Y105.582 E202.37962
G1 X106.39 Y105.923 E202.38035
G1 X106.061 Y106.209 E202.38094
G0 F9000 X105.172 Y107.443
G1 F1220.3 X105.469 Y106.878 E202.39368
G1 X105.71 Y106.606 E202.40093
G1 X105.516 Y106.908 E202.40139
G1 X105.172 Y107.443 E202.40225
G0 F9000 X104.616 Y109.014
G1 F1220.3 X104.854 Y108.048 E202.42211
G1 X104.957 Y107.853 E202.4265
G1 X104.897 Y108.06 E202.42671
G1 X104.616 Y109.014 E202.4278
G0 F9000 X104.565 Y110.777
G1 F1220.3 X104.526 Y110.62 E202.43103
G1 X104.517 Y110.506 E202.43331
G1 X104.503 Y110.346 E202.43652
G1 X104.495 Y110.165 E202.44013
G1 X104.494 Y110.082 E202.44179
G1 X104.491 Y109.902 E202.44538
G1 X104.507 Y109.599 E202.45144
G1 X104.51 Y109.542 E202.45257
G1 X104.566 Y109.216 E202.45918
G1 X104.531 Y109.544 E202.45933
G1 X104.527 Y109.58
G1 X104.525 Y109.599
G1 X104.525 Y109.617
G1 X104.522 Y109.902 E202.45956
G1 X104.52 Y110.071 E202.45971
G1 X104.519 Y110.081
G1 X104.521 Y110.164
G1 X104.528 Y110.345 E202.45994
G1 X104.533 Y110.488 E202.45996
G1 X104.534 Y110.504
G1 X104.535 Y110.518
G1 X104.546 Y110.617
G1 X104.565 Y110.777 E202.46004
G0 F9000 X104.956 Y112.147
G1 F1220.3 X104.854 Y111.952 E202.46443
G1 X104.622 Y111.007 E202.48385
G1 X104.895 Y111.939 E202.48488
G1 X104.956 Y112.147 E202.4851
G0 F9000 X105.71 Y113.394
G1 F1220.3 X105.469 Y113.122 E202.49235
G1 X105.172 Y112.557 E202.50509
G1 X105.515 Y113.091 E202.50593
G1 X105.71 Y113.394 E202.50642
G0 F9000 X106.784 Y114.418
G1 F1220.3 X106.352 Y114.12 E202.51689
G1 X106.061 Y113.791 E202.52566
G1 X106.389 Y114.076 E202.52625
G1 X106.784 Y114.418 E202.52698
G0 F9000 X108.142 Y115.137
G1 F1220.3 X107.442 Y114.871 E202.54193
G1 X107.209 Y114.711 E202.54757
G1 X107.462 Y114.826 E202.54787
G1 X108.142 Y115.137 E202.54878
G0 F9000 X110 Y115.502
G1 F1220.3 X109.953 Y115.497 E202.54972
G1 X108.684 Y115.343 E202.57523
G1 X108.551 Y115.292 E202.57806
G1 X108.688 Y115.311 E202.57815
G1 X109.944 Y115.492 E202.57938
G1 X110 Y115.5 E202.57957
G1 X110.055 Y115.493 E202.57978
G1 X111.31 Y115.313 E202.60509
G1 X111.448 Y115.293 E202.60787
G1 X111.315 Y115.343 E202.60802
G1 X110.048 Y115.496 E202.60929
G1 X110 Y115.502 E202.6093
G0 F9000 X110 Y115.895
G1 F1220.3 X109.953 Y115.89 E202.61024
G1 X108.637 Y115.73 E202.63669
G1 X108.588 Y115.724 E202.63768
G1 X108.546 Y115.708 E202.63857
G1 X108.413 Y115.658 E202.64141
G1 X108.004 Y115.503 E202.65014
G1 X107.303 Y115.236 E202.66511
G1 X107.261 Y115.22 E202.666
G1 X107.221 Y115.193 E202.66697
G1 X106.988 Y115.032 E202.67262
G1 X106.563 Y114.739 E202.68292
G1 X106.131 Y114.441 E202.69339
G1 X106.09 Y114.412 E202.6944
G1 X106.061 Y114.379 E202.69527
G1 X105.77 Y114.05 E202.70404
G1 X105.418 Y113.654 E202.71461
G1 X105.177 Y113.382 E202.72186
G1 X105.147 Y113.348 E202.72277
G1 X105.124 Y113.304 E202.72376
G1 X104.827 Y112.739 E202.7365
G1 X104.612 Y112.328 E202.74575
G1 X104.51 Y112.134 E202.75013
G1 X104.486 Y112.089 E202.75115
G1 X104.476 Y112.046 E202.75203
G1 X104.243 Y111.101 E202.77145
G1 X104.187 Y110.871 E202.77617
G1 X104.148 Y110.715 E202.77938
G1 X104.14 Y110.683 E202.78004
G1 X104.138 Y110.654 E202.78062
G1 X104.114 Y110.379 E202.78613
G1 X104.114 Y110.364 E202.78643
G1 X104.105 Y110.183 E202.79005
G1 X104.105 Y110.171 E202.79029
G1 X104.101 Y109.908 E202.79553
G1 X104.102 Y109.882 E202.79605
G1 X104.121 Y109.522 E202.80325
G1 X104.122 Y109.505 E202.80359
G1 X104.14 Y109.316 E202.80738
G1 X104.187 Y109.123 E202.81134
G1 X104.236 Y108.921 E202.81549
G1 X104.475 Y107.955 E202.83535
G1 X104.486 Y107.911 E202.83625
G1 X104.509 Y107.867 E202.83724
G1 X104.611 Y107.672 E202.84164
G1 X104.826 Y107.262 E202.85087
G1 X105.123 Y106.697 E202.86361
G1 X105.147 Y106.652 E202.86463
G1 X105.176 Y106.619 E202.86551
G1 X105.417 Y106.347 E202.87276
G1 X105.768 Y105.951 E202.88332
G1 X106.06 Y105.622 E202.8921
G1 X106.09 Y105.588 E202.893
G1 X106.13 Y105.56 E202.89398
G1 X106.562 Y105.262 E202.90445
G1 X106.987 Y104.969 E202.91475
G1 X107.22 Y104.808 E202.9204
G1 X107.261 Y104.78 E202.92139
G1 X107.303 Y104.764 E202.92229
G1 X108.003 Y104.499 E202.93723
G1 X108.411 Y104.344 E202.94594
G1 X108.544 Y104.293 E202.94878
G1 X108.588 Y104.276 E202.94972
G1 X108.637 Y104.271 E202.9507
G1 X109.952 Y104.111 E202.97714
G1 X110 Y104.105 E202.97811
G1 X110.047 Y104.11 E202.97904
G1 X111.361 Y104.27 E203.00546
G1 X111.411 Y104.276 E203.00646
G1 X111.452 Y104.291 E203.00733
G1 X111.586 Y104.341 E203.01019
G1 X111.999 Y104.498 E203.01901
G1 X112.696 Y104.763 E203.03389
G1 X112.739 Y104.78 E203.03481
G1 X112.779 Y104.807 E203.03577
G1 X113.012 Y104.968 E203.04142
G1 X113.437 Y105.261 E203.05173
G1 X113.869 Y105.559 E203.0622
G1 X113.91 Y105.588 E203.0632
G1 X113.939 Y105.621 E203.06408
G1 X114.229 Y105.948 E203.0728
G1 X114.584 Y106.349 E203.08349
G1 X114.822 Y106.618 E203.09066
G1 X114.852 Y106.652 E203.09156
G1 X114.875 Y106.696 E203.09255
G1 X115.167 Y107.253 E203.1051
G1 X115.389 Y107.676 E203.11463
G1 X115.489 Y107.866 E203.11892
G1 X115.513 Y107.911 E203.11994
G1 X115.523 Y107.955 E203.12084
G1 X115.753 Y108.892 E203.14009
G1 X115.813 Y109.133 E203.14505
G1 X115.851 Y109.286 E203.14819
G1 X115.859 Y109.317 E203.14883
G1 X115.861 Y109.347 E203.14943
G1 X115.889 Y109.683 E203.15616
G1 X115.891 Y109.702 E203.15654
G1 X115.9 Y109.952 E203.16153
G1 X115.9 Y109.974 E203.16197
G1 X115.895 Y110.19 E203.16629
G1 X115.895 Y110.202 E203.16652
G1 X115.881 Y110.455 E203.17158
G1 X115.88 Y110.473 E203.17194
G1 X115.859 Y110.684 E203.17617
G1 X115.815 Y110.866 E203.17991
G1 X115.756 Y111.105 E203.18482
G1 X115.524 Y112.045 E203.20414
G1 X115.513 Y112.089 E203.20505
G1 X115.49 Y112.133 E203.20604
G1 X115.39 Y112.324 E203.21034
G1 X115.168 Y112.746 E203.21986
G1 X114.876 Y113.303 E203.23241
G1 X114.852 Y113.348 E203.23343
G1 X114.823 Y113.381 E203.2343
G1 X114.585 Y113.65 E203.24147
G1 X114.23 Y114.051 E203.25216
G1 X113.94 Y114.378 E203.26088
G1 X113.91 Y114.412 E203.26178
G1 X113.87 Y114.44 E203.26276
G1 X113.438 Y114.738 E203.27323
G1 X113.013 Y115.031 E203.28353
G1 X112.78 Y115.192 E203.28919
G1 X112.739 Y115.22 E203.29018
G1 X112.697 Y115.236 E203.29107
G1 X112 Y115.5 E203.30595
G1 X111.587 Y115.657 E203.31476
G1 X111.454 Y115.707 E203.3176
G1 X111.411 Y115.724 E203.31852
G1 X111.362 Y115.729 E203.31951
G1 X110.048 Y115.889 E203.34592
G1 X110 Y115.895 E203.34689
G0 F9000 X110 Y116.298
;TYPE:WALL-OUTER
G1 F1220.3 X108.491 Y116.115 E203.37722
G1 X107.075 Y115.577 E203.40745
G1 X105.824 Y114.714 E203.43778
G1 X104.815 Y113.576 E203.46813
G1 X104.11 Y112.233 E203.4984
G1 X103.745 Y110.75 E203.52888
G1 X103.714 Y110.397 E203.53595
G1 X103.705 Y110.201 E203.53986
G1 X103.701 Y109.914 E203.54559
G1 X103.724 Y109.466 E203.55454
G1 X103.745 Y109.25 E203.55888
G1 X104.11 Y107.767 E203.58935
G1 X104.815 Y106.424 E203.61962
G1 X105.824 Y105.286 E203.64997
G1 X107.075 Y104.423 E203.6803
G1 X108.491 Y103.885 E203.71053
G1 X110 Y103.702 E203.74087
G1 X111.508 Y103.885 E203.77118
G1 X112.925 Y104.423 E203.80143
G1 X114.176 Y105.286 E203.83176
G1 X115.184 Y106.424 E203.8621
G1 X115.889 Y107.767 E203.89236
G1 X116.254 Y109.25 E203.92284
G1 X116.281 Y109.53 E203.92846
G1 X116.291 Y109.688 E203.93162
G1 X116.3 Y109.938 E203.93661
G1 X116.295 Y110.198 E203.9418
G1 X116.278 Y110.513 E203.94809
G1 X116.254 Y110.75 E203.95285
G1 X115.889 Y112.233 E203.98332
G1 X115.184 Y113.576 E204.01359
G1 X114.176 Y114.714 E204.04393
G1 X112.925 Y115.577 E204.07426
G1 X111.508 Y116.115 E204.10451
G1 X110 Y116.298 E204.13482
G0 F9000 X110 Y115.858
G0 X108.351 Y115.422
G0 X108.296 Y115.367
;TYPE:SKIN
G1 F1220.3 X108.367 Y115.155 E204.13758
G0 F9000 X108.324 Y115.112
G0 X107.145 Y114.498
G0 X107.082 Y114.435
G1 F1220.3 X106.968 Y114.605 E204.14143
G0 F9000 X107.042 Y114.679
G0 X105.993 Y113.63
G0 X105.922 Y113.558
G1 F1220.3 X105.771 Y113.69 E204.14575
G0 F9000 X105.853 Y113.772
G0 X105.073 Y112.427
G0 X105.017 Y112.371
G1 F1220.3 X105.208 Y112.279 E204.14853
G0 F9000 X105.252 Y112.323
G0 X105.07 Y110.075
G0 X105.219 Y107.765
G1 F1220.3 X104.956 Y107.502 E204.15225
G0 F9000 X105.994 Y106.56
G1 F1220.3 X105.711 Y106.277 E204.15624
G0 F9000 X106.947 Y105.532
G0 X106.998 Y105.584
G1 F1220.3 X106.999 Y105.301 E204.15984
G0 F9000 X106.923 Y105.225
G0 X108.353 Y104.959
G0 X108.368 Y104.974
G1 F1220.3 X108.324 Y104.647 E204.16198
G0 F9000 X108.263 Y104.586
G0 X111.587 Y104.799
G0 X111.631 Y104.843
G1 F1220.3 X111.702 Y104.631 E204.16485
G0 F9000 X111.645 Y104.574
G0 X112.956 Y105.32
G0 X113.029 Y105.393
G1 F1220.3 X112.917 Y105.563 E204.16871
G0 F9000 X112.854 Y105.5
G0 X114.003 Y106.366
G0 X114.077 Y106.44
G1 F1220.3 X114.227 Y106.308 E204.17315
G0 F9000 X114.144 Y106.225
G0 X114.917 Y107.563
G0 X114.978 Y107.624
G1 F1220.3 X114.788 Y107.717 E204.17629
G0 F9000 X114.738 Y107.667
G0 X114.939 Y109.95
G0 X114.779 Y112.234
G1 F1220.3 X115.071 Y112.526 E204.18041
G0 F9000 X114.004 Y113.439
G1 F1220.3 X114.286 Y113.721 E204.18439
G0 F9000 X113.052 Y114.466
G0 X113 Y114.414
G1 F1220.3 X113 Y114.697 E204.18798
G0 F9000 X113.076 Y114.773
G0 X111.65 Y115.044
G0 X111.633 Y115.027
G1 F1220.3 X111.673 Y115.35 E204.19021
G0 F9000 X111.727 Y115.389
;MESH:NONMESH
G0 F300 X111.727 Y115.389 Z5.52
G0 F9000 X110 Y115.106
;TIME_ELAPSED:697.027627
;LAYER:45
;TYPE:WALL-INNER
;MESH:carrucola plisse.stl
G1 F1221.9 X111.392 Y114.907 E204.21827
G1 X111.439 Y114.9 E204.21922
G1 X111.698 Y114.782 E204.2249
G1 X112.628 Y114.357 E204.2453
G1 X112.761 Y114.296 E204.24822
G1 X112.96 Y114.124 E204.25347
G1 X113.681 Y113.498 E204.27252
G1 X113.859 Y113.344 E204.27722
G1 X113.964 Y113.181 E204.28109
G1 X114.494 Y112.356 E204.30066
G1 X114.645 Y112.121 E204.30623
G1 X114.67 Y112.034 E204.30804
G1 X115 Y110.909 E204.33144
G1 X115.044 Y110.76 E204.33454
G1 X115.047 Y110.732 E204.3351
G1 X115.078 Y110.453 E204.3407
G1 X115.095 Y110.021 E204.34933
G1 X115.096 Y110.004 E204.34967
G1 X115.1 Y109.956 E204.35063
G1 X115.088 Y109.645 E204.35684
G1 X115.048 Y109.273 E204.36431
G1 X115.044 Y109.24 E204.36497
G1 X114.997 Y109.08 E204.3683
G1 X114.671 Y107.967 E204.39144
G1 X114.645 Y107.879 E204.39327
G1 X114.495 Y107.646 E204.3988
G1 X113.965 Y106.82 E204.41839
G1 X113.859 Y106.656 E204.42229
G1 X113.682 Y106.503 E204.42696
G1 X112.961 Y105.877 E204.44601
G1 X112.761 Y105.704 E204.45129
G1 X112.629 Y105.644 E204.45418
G1 X111.699 Y105.219 E204.47459
G1 X111.439 Y105.1 E204.48029
G1 X111.393 Y105.094 E204.48122
G1 X110 Y104.894 E204.5093
G1 X108.607 Y105.093 E204.53738
G1 X108.561 Y105.1 E204.53831
G1 X108.304 Y105.217 E204.54395
G1 X107.372 Y105.643 E204.5644
G1 X107.239 Y105.704 E204.56732
G1 X107.04 Y105.876 E204.57257
G1 X106.317 Y106.503 E204.59166
G1 X106.141 Y106.656 E204.59632
G1 X106.038 Y106.816 E204.60011
G1 X105.5 Y107.653 E204.61997
G1 X105.355 Y107.879 E204.62533
G1 X105.331 Y107.962 E204.62705
G1 X104.994 Y109.111 E204.65095
G1 X104.956 Y109.241 E204.65365
G1 X104.954 Y109.262 E204.65407
G1 X104.912 Y109.649 E204.66184
G1 X104.905 Y110.142 E204.67168
G1 X104.921 Y110.458 E204.678
G1 X104.954 Y110.744 E204.68374
G1 X104.957 Y110.762 E204.6841
G1 X104.987 Y110.866 E204.68626
G1 X105.33 Y112.038 E204.71063
G1 X105.355 Y112.121 E204.71236
G1 X105.499 Y112.346 E204.71769
G1 X106.037 Y113.183 E204.73755
G1 X106.141 Y113.344 E204.74138
G1 X106.316 Y113.496 E204.746
G1 X107.039 Y114.123 E204.7651
G1 X107.239 Y114.296 E204.77038
G1 X107.371 Y114.356 E204.77327
G1 X108.303 Y114.782 E204.79372
G1 X108.561 Y114.9 E204.79938
G1 X108.606 Y114.906 E204.80029
G1 X110 Y115.106 E204.82839
G0 F9000 X110 Y114.702
;TYPE:WALL-OUTER
G1 F1221.9 X111.325 Y114.512 E204.8551
G1 X112.542 Y113.956 E204.88181
G1 X113.554 Y113.079 E204.90853
G1 X114.277 Y111.953 E204.93523
G1 X114.65 Y110.681 E204.96169
G1 X114.679 Y110.423 E204.96687
G1 X114.697 Y109.971 E204.97589
G1 X114.699 Y109.947 E204.97637
G1 X114.689 Y109.674 E204.98183
G1 X114.65 Y109.319 E204.98895
G1 X114.277 Y108.047 E205.01541
G1 X113.554 Y106.921 E205.04211
G1 X112.542 Y106.044 E205.06883
G1 X111.325 Y105.488 E205.09554
G1 X110 Y105.298 E205.12225
G1 X108.675 Y105.488 E205.14896
G1 X107.458 Y106.044 E205.17566
G1 X106.446 Y106.921 E205.20238
G1 X105.723 Y108.047 E205.22909
G1 X105.35 Y109.319 E205.25554
G1 X105.312 Y109.673 E205.26265
G1 X105.305 Y110.135 E205.27187
G1 X105.32 Y110.424 E205.27764
G1 X105.35 Y110.682 E205.28283
G1 X105.723 Y111.953 E205.30926
G1 X106.446 Y113.079 E205.33596
G1 X107.458 Y113.956 E205.36269
G1 X108.675 Y114.512 E205.38939
G1 X110 Y114.702 E205.4161
G0 F9000 X110 Y115.142
G0 X111.861 Y115.136
;TYPE:WALL-INNER
G1 F1221.9 X112.537 Y114.827 E205.43093
G1 X112.791 Y114.711 E205.43651
G1 X112.558 Y114.871 E205.43689
G1 X111.861 Y115.136 E205.43781
G0 F9000 X113.216 Y114.418
G1 F1221.9 X113.609 Y114.077 E205.44819
G1 X113.937 Y113.792 E205.45686
G1 X113.648 Y114.12 E205.45754
G1 X113.216 Y114.418 E205.45835
G0 F9000 X114.292 Y113.391
G1 F1221.9 X114.484 Y113.093 E205.46542
G1 X114.823 Y112.566 E205.47793
G1 X114.53 Y113.122 E205.47881
G1 X114.292 Y113.391 E205.47936
G0 F9000 X115.045 Y112.143
G1 F1221.9 X115.104 Y111.941 E205.48355
G1 X115.375 Y111.019 E205.50273
G1 X115.145 Y111.952 E205.50373
G1 X115.045 Y112.143 E205.50403
G0 F9000 X115.435 Y110.774
G1 F1221.9 X115.452 Y110.613 E205.50726
G1 X115.465 Y110.496 E205.50961
G1 X115.467 Y110.482 E205.50989
G1 X115.467 Y110.469 E205.51015
G1 X115.478 Y110.185 E205.51582
G1 X115.485 Y110.036 E205.5188
G1 X115.488 Y109.989 E205.51974
G1 X115.491 Y109.965 E205.52022
G1 X115.491 Y109.941 E205.5207
G1 X115.484 Y109.753 E205.52445
G1 X115.478 Y109.629 E205.52693
G1 X115.477 Y109.616 E205.52719
G1 X115.476 Y109.603 E205.52745
G1 X115.451 Y109.376 E205.53201
G1 X115.435 Y109.23 E205.53494
G1 X115.47 Y109.373 E205.53502
G1 X115.49 Y109.614 E205.53535
G1 X115.502 Y109.752 E205.53561
G1 X115.504 Y109.964 E205.53607
G1 X115.505 Y110.035 E205.53661
G1 X115.507 Y110.186 E205.53682
G1 X115.488 Y110.435 E205.53724
G1 X115.485 Y110.483 E205.53764
G1 X115.474 Y110.615 E205.53792
G1 X115.435 Y110.774 E205.53803
G0 F9000 X115.371 Y108.97
G1 F1221.9 X115.105 Y108.06 E205.55695
G1 X115.045 Y107.857 E205.56117
G1 X115.145 Y108.048 E205.56144
G1 X115.371 Y108.97 E205.56243
G0 F9000 X114.823 Y107.434
G1 F1221.9 X114.485 Y106.908 E205.57491
G1 X114.292 Y106.609 E205.58201
G1 X114.53 Y106.878 E205.58254
G1 X114.823 Y107.434 E205.58343
G0 F9000 X113.937 Y106.208
G1 F1221.9 X113.61 Y105.924 E205.59207
G1 X113.216 Y105.582 E205.60248
G1 X113.648 Y105.88 E205.60328
G1 X113.937 Y106.208 E205.60397
G0 F9000 X112.791 Y105.289
G1 F1221.9 X112.538 Y105.174 E205.60952
G1 X111.861 Y104.864 E205.62438
G1 X112.558 Y105.129 E205.6253
G1 X112.791 Y105.289 E205.6257
G0 F9000 X108.551 Y104.708
G1 F1221.9 X108.684 Y104.657 E205.62854
G1 X109.952 Y104.504 E205.65403
G1 X110 Y104.498 E205.655
G1 X110.047 Y104.503 E205.65594
G1 X111.315 Y104.657 E205.68143
G1 X111.448 Y104.707 E205.68425
G1 X111.311 Y104.688 E205.68434
G1 X110.056 Y104.508 E205.68554
G1 X110 Y104.5 E205.68573
G1 X109.945 Y104.507 E205.68588
G1 X108.689 Y104.688 E205.687
G1 X108.551 Y104.708 E205.68708
G0 F9000 X107.209 Y105.289
G1 F1221.9 X107.442 Y105.129 E205.69272
G1 X108.142 Y104.863 E205.70767
G1 X107.463 Y105.173 E205.70855
G1 X107.209 Y105.289 E205.70887
G0 F9000 X106.061 Y106.209
G1 F1221.9 X106.352 Y105.88 E205.71764
G1 X106.784 Y105.582 E205.72811
G1 X106.39 Y105.923 E205.72883
G1 X106.061 Y106.209 E205.72943
G0 F9000 X105.172 Y107.443
G1 F1221.9 X105.469 Y106.878 E205.74217
G1 X105.71 Y106.606 E205.74942
G1 X105.516 Y106.908 E205.74987
G1 X105.172 Y107.443 E205.75074
G0 F9000 X104.62 Y109.002
G1 F1221.9 X104.854 Y108.048 E205.77034
G1 X104.957 Y107.853 E205.77473
G1 X104.897 Y108.06 E205.77494
G1 X104.62 Y109.002 E205.77601
G0 F9000 X104.568 Y110.79
G1 F1221.9 X104.518 Y110.494 E205.782
G1 X104.507 Y110.43 E205.7833
G1 X104.493 Y110.187 E205.78816
G1 X104.493 Y110.149 E205.78891
G1 X104.498 Y109.754 E205.7968
G1 X104.508 Y109.624 E205.7994
G1 X104.528 Y109.374 E205.8044
G1 X104.566 Y109.221 E205.80755
G1 X104.55 Y109.376 E205.80761
G1 X104.524 Y109.606 E205.80769
G1 X104.522 Y109.625
G1 X104.522 Y109.643
G1 X104.521 Y109.754
G1 X104.516 Y110.136 E205.80818
G1 X104.515 Y110.149
G1 X104.515 Y110.161
G1 X104.516 Y110.185
G1 X104.528 Y110.428 E205.80845
G1 X104.531 Y110.478
G1 X104.532 Y110.491
G1 X104.533 Y110.504
G1 X104.568 Y110.79 E205.80847
G0 F9000 X104.957 Y112.148
G1 F1221.9 X104.854 Y111.952 E205.81288
G1 X104.614 Y110.976 E205.83294
G1 X104.896 Y111.939 E205.834
G1 X104.957 Y112.148 E205.83422
G0 F9000 X105.71 Y113.394
G1 F1221.9 X105.469 Y113.122 E205.84147
G1 X105.172 Y112.557 E205.85421
G1 X105.515 Y113.091 E205.85505
G1 X105.71 Y113.394 E205.85554
G0 F9000 X106.784 Y114.418
G1 F1221.9 X106.352 Y114.12 E205.86601
G1 X106.061 Y113.791 E205.87478
G1 X106.389 Y114.076 E205.87537
G1 X106.784 Y114.418 E205.8761
G0 F9000 X108.142 Y115.137
G1 F1221.9 X107.442 Y114.871 E205.89105
G1 X107.209 Y114.711 E205.89669
G1 X107.462 Y114.826 E205.89699
G1 X108.142 Y115.137 E205.8979
G0 F9000 X110 Y115.502
G1 F1221.9 X109.953 Y115.497 E205.89884
G1 X108.684 Y115.343 E205.92435
G1 X108.551 Y115.292 E205.92718
G1 X108.688 Y115.311 E205.92727
G1 X109.944 Y115.492 E205.9285
G1 X110 Y115.5 E205.92869
G1 X110.055 Y115.493 E205.92891
G1 X111.31 Y115.313 E205.95421
G1 X111.448 Y115.293 E205.95699
G1 X111.315 Y115.343 E205.95714
G1 X110.048 Y115.496 E205.95841
G1 X110 Y115.502 E205.95842
G0 F9000 X110 Y115.895
G1 F1221.9 X109.953 Y115.89 E205.95936
G1 X108.637 Y115.73 E205.98581
G1 X108.588 Y115.724 E205.9868
G1 X108.546 Y115.708 E205.9877
G1 X108.413 Y115.658 E205.99053
G1 X108.004 Y115.503 E205.99926
G1 X107.303 Y115.236 E206.01423
G1 X107.261 Y115.22 E206.01513
G1 X107.221 Y115.193 E206.01609
G1 X106.988 Y115.032 E206.02174
G1 X106.563 Y114.739 E206.03204
G1 X106.131 Y114.441 E206.04252
G1 X106.09 Y114.412 E206.04352
G1 X106.061 Y114.379 E206.04439
G1 X105.77 Y114.05 E206.05316
G1 X105.418 Y113.654 E206.06373
G1 X105.177 Y113.382 E206.07099
G1 X105.147 Y113.348 E206.07189
G1 X105.124 Y113.304 E206.07288
G1 X104.827 Y112.739 E206.08562
G1 X104.612 Y112.33 E206.09484
G1 X104.509 Y112.133 E206.09928
G1 X104.486 Y112.089 E206.10027
G1 X104.476 Y112.046 E206.10115
G1 X104.236 Y111.07 E206.12121
G1 X104.19 Y110.885 E206.12501
G1 X104.14 Y110.684 E206.12914
G1 X104.119 Y110.468 E206.13347
G1 X104.119 Y110.452 E206.13379
G1 X104.105 Y110.211 E206.13861
G1 X104.103 Y110.183 E206.13917
G1 X104.107 Y109.75 E206.14781
G1 X104.108 Y109.733 E206.14815
G1 X104.139 Y109.343 E206.15596
G1 X104.142 Y109.311 E206.1566
G1 X104.149 Y109.281 E206.15722
G1 X104.186 Y109.128 E206.16036
G1 X104.24 Y108.909 E206.16486
G1 X104.475 Y107.955 E206.18447
G1 X104.486 Y107.911 E206.18537
G1 X104.509 Y107.867 E206.18636
G1 X104.611 Y107.672 E206.19075
G1 X104.826 Y107.262 E206.19999
G1 X105.123 Y106.697 E206.21273
G1 X105.147 Y106.652 E206.21375
G1 X105.176 Y106.619 E206.21462
G1 X105.417 Y106.347 E206.22188
G1 X105.768 Y105.951 E206.23244
G1 X106.06 Y105.622 E206.24122
G1 X106.09 Y105.588 E206.24212
G1 X106.13 Y105.56 E206.24309
G1 X106.562 Y105.262 E206.25357
G1 X106.987 Y104.969 E206.26387
G1 X107.22 Y104.808 E206.26952
G1 X107.261 Y104.78 E206.27051
G1 X107.303 Y104.764 E206.27141
G1 X108.003 Y104.499 E206.28635
G1 X108.411 Y104.344 E206.29506
G1 X108.544 Y104.293 E206.2979
G1 X108.588 Y104.276 E206.29884
G1 X108.637 Y104.271 E206.29982
G1 X109.952 Y104.111 E206.32626
G1 X110 Y104.105 E206.32722
G1 X110.047 Y104.11 E206.32816
G1 X111.361 Y104.27 E206.35458
G1 X111.411 Y104.276 E206.35558
G1 X111.452 Y104.291 E206.35645
G1 X111.586 Y104.341 E206.35931
G1 X111.999 Y104.498 E206.36812
G1 X112.696 Y104.763 E206.383
G1 X112.739 Y104.78 E206.38393
G1 X112.779 Y104.807 E206.38489
G1 X113.012 Y104.968 E206.39054
G1 X113.437 Y105.261 E206.40084
G1 X113.869 Y105.559 E206.41132
G1 X113.91 Y105.588 E206.41232
G1 X113.939 Y105.621 E206.4132
G1 X114.229 Y105.948 E206.42192
G1 X114.584 Y106.349 E206.43261
G1 X114.822 Y106.618 E206.43977
G1 X114.852 Y106.652 E206.44068
G1 X114.875 Y106.696 E206.44167
G1 X115.167 Y107.253 E206.45422
G1 X115.389 Y107.676 E206.46375
G1 X115.489 Y107.866 E206.46804
G1 X115.513 Y107.911 E206.46906
G1 X115.523 Y107.954 E206.46994
G1 X115.75 Y108.876 E206.48889
G1 X115.814 Y109.136 E206.49423
G1 X115.849 Y109.279 E206.49717
G1 X115.857 Y109.311 E206.49782
G1 X115.859 Y109.34 E206.4984
G1 X115.891 Y109.718 E206.50598
G1 X115.892 Y109.728 E206.50618
G1 X115.892 Y109.747 E206.50655
G1 X115.897 Y110.182 E206.51524
G1 X115.896 Y110.207 E206.51574
G1 X115.881 Y110.466 E206.52091
G1 X115.863 Y110.654 E206.52468
G1 X115.859 Y110.684 E206.52529
G1 X115.854 Y110.708 E206.52578
G1 X115.815 Y110.867 E206.52904
G1 X115.754 Y111.112 E206.53408
G1 X115.524 Y112.045 E206.55326
G1 X115.513 Y112.089 E206.55416
G1 X115.49 Y112.133 E206.55515
G1 X115.39 Y112.324 E206.55946
G1 X115.168 Y112.746 E206.56897
G1 X114.876 Y113.303 E206.58152
G1 X114.852 Y113.348 E206.58254
G1 X114.823 Y113.381 E206.58342
G1 X114.585 Y113.65 E206.59058
G1 X114.23 Y114.051 E206.60127
G1 X113.94 Y114.378 E206.60999
G1 X113.91 Y114.412 E206.6109
G1 X113.87 Y114.44 E206.61187
G1 X113.438 Y114.738 E206.62235
G1 X113.013 Y115.031 E206.63265
G1 X112.78 Y115.192 E206.6383
G1 X112.739 Y115.22 E206.63929
G1 X112.697 Y115.236 E206.64019
G1 X112 Y115.5 E206.65506
G1 X111.587 Y115.657 E206.66388
G1 X111.454 Y115.707 E206.66671
G1 X111.411 Y115.724 E206.66764
G1 X111.362 Y115.729 E206.66862
G1 X110.048 Y115.889 E206.69504
G1 X110 Y115.895 E206.696
G0 F9000 X110 Y116.298
;TYPE:WALL-OUTER
G1 F1221.9 X108.491 Y116.115 E206.72633
G1 X107.075 Y115.577 E206.75656
G1 X105.824 Y114.714 E206.78689
G1 X104.815 Y113.576 E206.81724
G1 X104.11 Y112.233 E206.84751
G1 X103.745 Y110.75 E206.87799
G1 X103.721 Y110.507 E206.88286
G1 X103.703 Y110.179 E206.88942
G1 X103.708 Y109.711 E206.89876
G1 X103.745 Y109.25 E206.90799
G1 X104.11 Y107.767 E206.93847
G1 X104.815 Y106.424 E206.96874
G1 X105.824 Y105.286 E206.99909
G1 X107.075 Y104.423 E207.02942
G1 X108.491 Y103.885 E207.05965
G1 X110 Y103.702 E207.08998
G1 X111.508 Y103.885 E207.12029
G1 X112.925 Y104.423 E207.15054
G1 X114.176 Y105.286 E207.18087
G1 X115.184 Y106.424 E207.21121
G1 X115.889 Y107.767 E207.24148
G1 X116.254 Y109.25 E207.27196
G1 X116.292 Y109.705 E207.28107
G1 X116.297 Y110.178 E207.29051
G1 X116.279 Y110.507 E207.29708
G1 X116.254 Y110.75 E207.30196
G1 X115.889 Y112.233 E207.33244
G1 X115.184 Y113.576 E207.3627
G1 X114.176 Y114.714 E207.39304
G1 X112.925 Y115.577 E207.42337
G1 X111.508 Y116.115 E207.45362
G1 X110 Y116.298 E207.48393
G0 F9000 X110 Y115.858
G0 X108.366 Y115.361
G0 X108.333 Y115.394
;TYPE:SKIN
G1 F1221.9 X108.369 Y115.076 E207.48626
G0 F9000 X108.419 Y115.026
G0 X107.007 Y114.741
G0 X106.98 Y114.767
G1 F1221.9 X106.932 Y114.533 E207.49113
G0 F9000 X107.078 Y114.387
G0 X106.017 Y113.468
G1 F1221.9 X105.737 Y113.748 E207.49508
G0 F9000 X105.083 Y112.422
G0 X105.161 Y112.343
G1 F1221.9 X104.852 Y112.37 E207.49768
G0 F9000 X104.838 Y112.384
G0 X105 Y107.697
G0 X105.053 Y107.643
G1 F1221.9 X104.905 Y107.509 E207.49988
G0 F9000 X104.881 Y107.533
G0 X105.719 Y106.412
G0 X105.798 Y106.332
G1 F1221.9 X105.95 Y106.464 E207.50408
G0 F9000 X105.88 Y106.534
G0 X106.918 Y105.496
G0 X106.989 Y105.424
G1 F1221.9 X107.147 Y105.549 E207.50531
G1 X106.832 Y105.299 E207.50776
G0 F9000 X106.795 Y105.336
G0 X108.256 Y104.723
G0 X108.308 Y104.671
G1 F1221.9 X108.379 Y104.883 E207.51036
G0 F9000 X108.339 Y104.924
G0 X111.592 Y104.781
G1 F1221.9 X111.774 Y104.6 E207.51292
G0 F9000 X112.857 Y105.497
G1 F1221.9 X113.107 Y105.247 E207.51645
G0 F9000 X114.31 Y106.307
G1 F1221.9 X114.025 Y106.591 E207.52047
G0 F9000 X115.098 Y107.498
G1 F1221.9 X114.822 Y107.774 E207.52436
G0 F9000 X114.908 Y110.174
G0 X114.875 Y112.246
G0 X114.823 Y112.298
G1 F1221.9 X115.013 Y112.392 E207.52765
G0 F9000 X115.077 Y112.328
G0 X114.181 Y113.506
G0 X114.105 Y113.582
G1 F1221.9 X114.255 Y113.714 E207.53221
G0 F9000 X114.341 Y113.629
G0 X113.126 Y114.561
G0 X113.05 Y114.636
G1 F1221.9 X112.938 Y114.467 E207.53615
G0 F9000 X113.002 Y114.403
G0 X111.691 Y115.148
G0 X111.645 Y115.194
G1 F1221.9 X111.734 Y115.387 E207.5386
G0 F9000 X111.685 Y115.405
;MESH:NONMESH
G0 F300 X111.685 Y115.405 Z5.64
G0 F9000 X115.084 Y112.047
;TIME_ELAPSED:712.124132
;LAYER:46
;TYPE:WALL-INNER
;MESH:carrucola plisse.stl
G1 F1129.5 X115.115 Y111.94 E207.54083
G1 X115.26 Y111.443 E207.55116
G1 X115.137 Y111.946 E207.55143
G1 X115.084 Y112.047 E207.55153
G0 F9000 X114.368 Y113.292
G1 F1129.5 X114.49 Y113.102 E207.55604
G1 X114.705 Y112.767 E207.56398
G1 X114.52 Y113.12 E207.56433
G1 X114.368 Y113.292 E207.56457
G0 F9000 X113.363 Y114.304
G1 F1129.5 X113.619 Y114.082 E207.57133
G1 X113.834 Y113.896 E207.577
G1 X113.644 Y114.11 E207.57729
G1 X113.363 Y114.304 E207.57764
G0 F9000 X112.145 Y115.018
G1 F1129.5 X112.54 Y114.837 E207.58631
G1 X112.689 Y114.769 E207.58958
G1 X112.553 Y114.863 E207.58973
G1 X112.145 Y115.018 E207.59006
G0 F9000 X110.819 Y115.393
G1 F1129.5 X111.312 Y115.323 E207.6
G1 X111.359 Y115.316 E207.60095
G1 X111.314 Y115.333 E207.60097
G1 X110.819 Y115.393 E207.6011
G0 F9000 X108.607 Y114.744
G0 X107.456 Y114.218
G0 X104.917 Y112.05
G1 F1129.5 X104.862 Y111.945 E207.60346
G1 X104.734 Y111.424 E207.61417
G1 X104.884 Y111.938 E207.61447
G1 X104.917 Y112.05 E207.61451
G0 F9000 X105.634 Y113.296
G1 F1129.5 X105.479 Y113.12 E207.61919
G1 X105.29 Y112.76 E207.62731
G1 X105.508 Y113.1 E207.62763
G1 X105.634 Y113.296 E207.62784
G0 F9000 X106.637 Y114.304
G1 F1129.5 X106.356 Y114.11 E207.63465
G1 X106.165 Y113.895 E207.64039
G1 X106.38 Y114.081 E207.64063
G1 X106.637 Y114.304 E207.64095
G0 F9000 X107.857 Y115.018
G1 F1129.5 X107.447 Y114.863 E207.6497
G1 X107.311 Y114.769 E207.65299
G1 X107.459 Y114.836 E207.65309
G1 X107.857 Y115.018 E207.6534
G0 F9000 X109.185 Y115.393
G1 F1129.5 X108.685 Y115.333 E207.66345
G1 X108.639 Y115.315 E207.66444
G1 X108.686 Y115.321
G1 X109.185 Y115.393 E207.6646
G0 F9000 X110 Y115.895
G1 F1129.5 X108.588 Y115.724 E207.69298
G1 X107.261 Y115.22 E207.72131
G1 X106.09 Y114.412 E207.7497
G1 X106.058 Y114.375 E207.75068
G1 X105.867 Y114.16 E207.75642
G1 X105.336 Y113.561 E207.77239
G1 X105.147 Y113.348 E207.77807
G1 X104.486 Y112.089 E207.80645
G1 X104.475 Y112.041 E207.80743
G1 X104.347 Y111.52 E207.81814
G1 X104.241 Y111.093 E207.82692
G1 X104.181 Y110.847 E207.83197
G1 X104.434 Y110.847 E207.83504
G1 X104.435 Y110.847 E207.83506
G1 X104.982 Y110.847 E207.84597
G1 X105.355 Y112.121 E207.87246
G1 X106.141 Y113.344 E207.90147
G1 X107.239 Y114.296 E207.93048
G1 X108.561 Y114.9 E207.95948
G1 X110 Y115.106 E207.98849
G1 X111.439 Y114.9 E208.0175
G1 X112.761 Y114.296 E208.0465
G1 X113.859 Y113.344 E208.07551
G1 X114.645 Y112.121 E208.10452
G1 X115.018 Y110.847 E208.13101
G1 X115.564 Y110.847 E208.14191
G1 X115.565 Y110.847 E208.14193
G1 X115.818 Y110.847 E208.14697
G1 X115.758 Y111.093 E208.15004
G1 X115.513 Y112.09 E208.17053
G1 X114.852 Y113.348 E208.19889
G1 X114.133 Y114.16 E208.22053
G1 X113.91 Y114.412 E208.22725
G1 X113.59 Y114.632 E208.235
G1 X112.916 Y115.097 E208.25134
G1 X112.78 Y115.191 E208.25464
G1 X112.739 Y115.22 E208.25564
G1 X111.411 Y115.724 E208.28398
G1 X110 Y115.895 E208.31235
G0 F9000 X110 Y116.298
;TYPE:WALL-OUTER
G1 F1129.5 X108.491 Y116.115 E208.34268
G1 X107.075 Y115.577 E208.37291
G1 X105.824 Y114.714 E208.40324
G1 X104.815 Y113.576 E208.43359
G1 X104.11 Y112.233 E208.46386
G1 X103.745 Y110.75 E208.49434
G1 X103.72 Y110.497 E208.49941
G1 X103.717 Y110.447 E208.50041
G1 X105.321 Y110.447 E208.53242
G1 X105.35 Y110.681 E208.53713
G1 X105.723 Y111.953 E208.56358
G1 X106.446 Y113.079 E208.59028
G1 X107.458 Y113.956 E208.61701
G1 X108.675 Y114.512 E208.64371
G1 X110 Y114.702 E208.67042
G1 X111.325 Y114.512 E208.69713
G1 X112.542 Y113.956 E208.72383
G1 X113.554 Y113.079 E208.75056
G1 X114.277 Y111.953 E208.77726
G1 X114.65 Y110.681 E208.80372
G1 X114.677 Y110.447 E208.80842
G1 X116.282 Y110.447 E208.84045
G1 X116.254 Y110.749 E208.8465
G1 X115.889 Y112.233 E208.877
G1 X115.184 Y113.576 E208.90726
G1 X114.176 Y114.714 E208.9376
G1 X112.925 Y115.577 E208.96793
G1 X111.508 Y116.115 E208.99818
G1 X110 Y116.298 E209.02849
G0 F9000 X110 Y115.858
G0 X109.808 Y115.464
;TYPE:SKIN
G1 F1129.5 X109.553 Y115.492 E209.03411
G1 X109.375 Y115.598 E209.03864
G1 X110.362 Y115.453 E209.06046
G1 X110.541 Y115.349 E209.06499
G0 F9000 X111.609 Y115.286
G1 F1129.5 X111.777 Y115.172 E209.07101
G1 X111.914 Y115.025 E209.07696
G0 F9000 X112.019 Y115.13
G0 X112.781 Y114.478
G0 X112.928 Y114.625
G1 F1129.5 X113.096 Y114.51 E209.08529
G0 F9000 X112.949 Y114.363
G0 X113.859 Y113.576
G0 X114.006 Y113.723
G1 F1129.5 X114.145 Y113.58 E209.09085
G1 X114.34 Y113.492 E209.09681
G0 F9000 X114.419 Y113.571
G0 X114.984 Y112.722
G0 X114.826 Y112.563
G1 F1129.5 X114.929 Y112.384 E209.10311
G1 X115.101 Y112.273 E209.10935
G0 F9000 X115.168 Y111.208
G1 F1129.5 X115.396 Y111.154 E209.11234
G1 X115.566 Y111.04 E209.11495
G0 F9000 X115.547 Y111.022
G0 X113.737 Y113.237
G0 X112.672 Y114.159
G0 X111.521 Y114.685
G0 X108.485 Y115.273
G0 X108.286 Y115.074
G1 F1129.5 X108.196 Y115.267 E209.12603
G0 F9000 X108.389 Y115.46
G0 X107.128 Y114.765
G0 X106.945 Y114.582
G1 F1129.5 X107.058 Y114.412 E209.13082
G1 X106.67 Y114.589 E209.14085
G0 F9000 X105.778 Y113.698
G1 F1129.5 X105.929 Y113.566 E209.15064
G0 F9000 X106.097 Y113.734
G0 X105.246 Y112.6
G0 X105.064 Y112.418
G1 F1129.5 X105.202 Y112.273 E209.15485
G1 X105.002 Y112.639 E209.16362
G0 F9000 X104.939 Y112.576
G0 X104.525 Y111.313
G0 X104.491 Y111.279
G1 F1129.5 X104.631 Y111.137 E209.16615
G1 X104.835 Y111.058 E209.16893
G0 F9000 X104.798 Y111.047
G1 F1500 E202.66893
G0 F9000 X104.916 Y110.667
G0 X104.916 Y109.319
G0 X104.916 Y107.951
;TYPE:WALL-INNER
G1 F1500 E209.16893
G1 F1129.5 X104.884 Y108.06 E209.17119
G1 X104.739 Y108.556 E209.18151
G1 X104.862 Y108.054 E209.18178
G1 X104.916 Y107.951 E209.18188
G0 F9000 X105.634 Y106.704
G1 F1129.5 X105.509 Y106.899 E209.18651
G1 X105.29 Y107.24 E209.19459
G1 X105.479 Y106.88 E209.19496
G1 X105.634 Y106.704 E209.1952
G0 F9000 X106.637 Y105.696
G1 F1129.5 X106.381 Y105.918 E209.20197
G1 X106.165 Y106.105 E209.20767
G1 X106.356 Y105.89 E209.20795
G1 X106.637 Y105.696 E209.2083
G0 F9000 X107.857 Y104.982
G1 F1129.5 X107.46 Y105.163 E209.217
G1 X107.311 Y105.231 E209.22027
G1 X107.447 Y105.137 E209.22042
G1 X107.857 Y104.982 E209.22076
G0 F9000 X109.185 Y104.607
G1 F1129.5 X108.687 Y104.678 E209.2308
G1 X108.639 Y104.685 E209.23177
G1 X108.685 Y104.667 E209.23179
G1 X109.185 Y104.607 E209.23193
G0 F9000 X111.359 Y104.684
G1 F1129.5 X111.313 Y104.678 E209.23285
G1 X110.819 Y104.607 E209.24281
G1 X111.314 Y104.667 E209.24294
G1 X111.359 Y104.684 E209.24298
G0 F9000 X112.689 Y105.231
G1 F1129.5 X112.541 Y105.164 E209.24622
G1 X112.145 Y104.982 E209.25492
G1 X112.553 Y105.137 E209.25525
G1 X112.689 Y105.231 E209.25541
G0 F9000 X113.834 Y106.104
G1 F1129.5 X113.62 Y105.919 E209.26105
G1 X113.363 Y105.696 E209.26784
G1 X113.644 Y105.89 E209.26818
G1 X113.834 Y106.104 E209.26849
G0 F9000 X114.705 Y107.232
G1 F1129.5 X114.491 Y106.899 E209.27639
G1 X114.368 Y106.708 E209.28092
G1 X114.52 Y106.879 E209.28114
G1 X114.705 Y107.232 E209.28152
G0 F9000 X115.259 Y108.552
G1 F1129.5 X115.115 Y108.061 E209.29173
G1 X115.084 Y107.955 E209.29393
G1 X115.137 Y108.054 E209.29403
G1 X115.259 Y108.552 E209.29432
G0 F9000 X115.815 Y109.139
G1 F1129.5 X115.562 Y109.139 E209.29937
G1 X115.561 Y109.139 E209.29939
G1 X115.014 Y109.139 E209.31031
G1 X114.645 Y107.879 E209.33651
G1 X113.859 Y106.656 E209.36552
G1 X112.761 Y105.704 E209.39452
G1 X111.439 Y105.1 E209.42353
G1 X110 Y104.894 E209.45254
G1 X108.561 Y105.1 E209.48155
G1 X107.239 Y105.704 E209.51055
G1 X106.141 Y106.656 E209.53955
G1 X105.355 Y107.879 E209.56856
G1 X104.985 Y109.139 E209.59477
G1 X104.438 Y109.139 E209.60569
G1 X104.437 Y109.139 E209.60571
G1 X104.184 Y109.139 E209.61076
G1 X104.244 Y108.893 E209.61382
G1 X104.486 Y107.911 E209.634
G1 X105.147 Y106.652 E209.66238
G1 X105.335 Y106.44 E209.66804
G1 X105.866 Y105.841 E209.68401
G1 X106.09 Y105.588 E209.69075
G1 X106.129 Y105.562 E209.69169
G1 X106.41 Y105.368 E209.6985
G1 X107.261 Y104.78 E209.71915
G1 X108.588 Y104.276 E209.74747
G1 X110 Y104.105 E209.77586
G1 X111.411 Y104.276 E209.80422
G1 X112.739 Y104.78 E209.83257
G1 X113.91 Y105.588 E209.86096
G1 X114.132 Y105.839 E209.86765
G1 X114.818 Y106.614 E209.8883
G1 X114.852 Y106.652 E209.88932
G1 X115.513 Y107.911 E209.91769
G1 X115.524 Y107.958 E209.91866
G1 X115.646 Y108.456 E209.92889
G1 X115.754 Y108.893 E209.93787
G1 X115.815 Y109.139 E209.94094
G0 F9000 X116.282 Y109.539
;TYPE:WALL-OUTER
G1 F1129.5 X114.675 Y109.539 E209.97301
G1 X114.65 Y109.319 E209.97743
G1 X114.277 Y108.047 E210.00388
G1 X113.554 Y106.921 E210.03059
G1 X112.542 Y106.044 E210.05731
G1 X111.325 Y105.488 E210.08401
G1 X110 Y105.298 E210.11072
G1 X108.675 Y105.488 E210.13744
G1 X107.458 Y106.044 E210.16414
G1 X106.446 Y106.921 E210.19086
G1 X105.723 Y108.047 E210.21757
G1 X105.349 Y109.32 E210.24404
G1 X105.324 Y109.539 E210.24844
G1 X103.717 Y109.539 E210.28051
G1 X103.745 Y109.25 E210.28631
G1 X104.11 Y107.767 E210.31678
G1 X104.815 Y106.424 E210.34705
G1 X105.824 Y105.286 E210.3774
G1 X107.075 Y104.423 E210.40773
G1 X108.491 Y103.885 E210.43796
G1 X110 Y103.702 E210.4683
G1 X111.508 Y103.885 E210.49861
G1 X112.925 Y104.423 E210.52886
G1 X114.176 Y105.286 E210.55919
G1 X115.184 Y106.424 E210.58953
G1 X115.889 Y107.767 E210.61979
G1 X116.254 Y109.25 E210.65027
G1 X116.282 Y109.539 E210.65607
G0 F9000 X115.349 Y108.844
;TYPE:SKIN
G1 F1129.5 X115.156 Y108.933 E210.65825
G1 X115.496 Y108.707 E210.66244
G0 F9000 X115.539 Y108.75
G0 X115.12 Y107.766
G0 X114.933 Y107.579
G1 F1129.5 X114.991 Y107.354 E210.66699
G1 X114.798 Y107.727 E210.67522
G0 F9000 X114.918 Y107.847
G0 X114.24 Y106.603
G0 X114.07 Y106.433
G1 F1129.5 X114.22 Y106.301 E210.68513
G0 F9000 X114.4 Y106.481
G0 X113.235 Y105.598
G0 X113.052 Y105.415
G1 F1129.5 X112.94 Y105.586 E210.68948
G1 X113.328 Y105.408 E210.69855
G0 F9000 X113.299 Y105.379
G0 X111.995 Y104.924
G0 X111.802 Y104.731
G1 F1129.5 X111.712 Y104.923 E210.70963
G0 F9000 X111.912 Y105.124
G0 X110.644 Y104.704
G0 X110.447 Y104.507
G1 F1129.5 X110.191 Y104.534 E210.71756
G1 X109.636 Y104.545 E210.73467
G1 X109.459 Y104.651 E210.74103
G0 F9000 X108.387 Y104.71
G1 F1129.5 X108.22 Y104.826 E210.74702
G1 X108.085 Y104.974 E210.75292
G0 F9000 X107.982 Y104.871
G0 X107.217 Y105.52
G0 X107.07 Y105.372
G1 F1129.5 X106.902 Y105.488 E210.76122
G0 F9000 X107.049 Y105.635
G0 X106.14 Y106.423
G0 X105.992 Y106.275
G1 F1129.5 X105.852 Y106.418 E210.76664
G1 X105.648 Y106.497 E210.77257
G0 F9000 X105.578 Y106.427
G0 X105.014 Y107.277
G0 X105.172 Y107.435
G1 F1129.5 X105.068 Y107.614 E210.77883
G1 X104.896 Y107.724 E210.785
G0 F9000 X104.828 Y108.788
G1 F1129.5 X104.594 Y108.837 E210.79025
G0 F9000 X104.468 Y108.711
G0 X106.263 Y106.763
G0 X107.221 Y105.934
G0 X110.573 Y104.35
G1 F1129.5 X110.677 Y104.455 E210.79173
G1 F1500 E204.29173
;MESH:NONMESH
G0 F300 X110.677 Y104.455 Z5.76
G0 F9000 X112.661 Y105.858
G0 X112.074 Y106.78
G0 X113.799 Y110.511
G0 X114.869 Y110.661
G0 X115.084 Y112.046
;TIME_ELAPSED:729.014619
;LAYER:47
;TYPE:WALL-INNER
;MESH:carrucola plisse.stl
G1 F1500 E210.79173
G1 F1117.9 X115.115 Y111.939 E210.79395
G1 X115.262 Y111.435 E210.80443
G1 X115.137 Y111.945 E210.80473
G1 X115.084 Y112.046 E210.80483
G0 F9000 X114.368 Y113.292
G1 F1117.9 X114.49 Y113.102 E210.80933
G1 X114.705 Y112.768 E210.81726
G1 X114.52 Y113.121 E210.81763
G1 X114.368 Y113.292 E210.81786
G0 F9000 X113.363 Y114.304
G1 F1117.9 X113.619 Y114.082 E210.82462
G1 X113.834 Y113.896 E210.83029
G1 X113.644 Y114.11 E210.83059
G1 X113.363 Y114.304 E210.83093
G0 F9000 X112.145 Y115.018
G1 F1117.9 X112.54 Y114.837 E210.8396
G1 X112.689 Y114.769 E210.84287
G1 X112.553 Y114.863 E210.84302
G1 X112.145 Y115.018 E210.84336
G0 F9000 X110.819 Y115.393
G1 F1117.9 X111.312 Y115.323 E210.85329
G1 X111.359 Y115.316 E210.85424
G1 X111.314 Y115.333 E210.85426
G1 X110.819 Y115.393 E210.85439
G0 F9000 X108.607 Y114.744
G0 X107.456 Y114.218
G0 X104.917 Y112.05
G1 F1117.9 X104.862 Y111.945 E210.85675
G1 X104.731 Y111.414 E210.86767
G1 X104.884 Y111.938 E210.86796
G1 X104.917 Y112.05 E210.86801
G0 F9000 X105.634 Y113.296
G1 F1117.9 X105.479 Y113.12 E210.87269
G1 X105.29 Y112.76 E210.8808
G1 X105.508 Y113.1 E210.88113
G1 X105.634 Y113.296 E210.88133
G0 F9000 X106.637 Y114.304
G1 F1117.9 X106.356 Y114.11 E210.88815
G1 X106.165 Y113.895 E210.89389
G1 X106.38 Y114.081 E210.89413
G1 X106.637 Y114.304 E210.89444
G0 F9000 X107.857 Y115.018
G1 F1117.9 X107.447 Y114.863 E210.90319
G1 X107.311 Y114.769 E210.90649
G1 X107.459 Y114.836 E210.90659
G1 X107.857 Y115.018 E210.9069
G0 F9000 X109.185 Y115.393
G1 F1117.9 X108.685 Y115.333 E210.91695
G1 X108.639 Y115.315 E210.91793
G1 X108.686 Y115.321
G1 X109.185 Y115.393 E210.91809
G0 F9000 X110 Y115.895
G1 F1117.9 X108.588 Y115.724 E210.94648
G1 X107.261 Y115.22 E210.97481
G1 X106.09 Y114.412 E211.0032
G1 X106.058 Y114.375 E211.00417
G1 X105.867 Y114.16 E211.00991
G1 X105.336 Y113.561 E211.02589
G1 X105.147 Y113.348 E211.03157
G1 X104.486 Y112.089 E211.05995
G1 X104.475 Y112.041 E211.06093
G1 X104.344 Y111.51 E211.07184
G1 X104.276 Y111.238 E211.07744
G1 X104.216 Y110.992 E211.08249
G1 X104.469 Y110.992 E211.08556
G1 X104.47 Y110.992 E211.08558
G1 X105.025 Y110.992 E211.09665
G1 X105.355 Y112.121 E211.12012
G1 X106.141 Y113.344 E211.14914
G1 X107.239 Y114.296 E211.17814
G1 X108.561 Y114.9 E211.20714
G1 X110 Y115.106 E211.23615
G1 X111.439 Y114.9 E211.26516
G1 X112.761 Y114.296 E211.29417
G1 X113.859 Y113.344 E211.32317
G1 X114.645 Y112.121 E211.35218
G1 X114.975 Y110.992 E211.37565
G1 X115.529 Y110.992 E211.38671
G1 X115.53 Y110.992 E211.38673
G1 X115.783 Y110.992 E211.39178
G1 X115.723 Y111.238 E211.39484
G1 X115.513 Y112.089 E211.41233
G1 X114.852 Y113.348 E211.44071
G1 X114.819 Y113.385 E211.4417
G1 X114.133 Y114.16 E211.46236
G1 X113.91 Y114.412 E211.46907
G1 X113.59 Y114.632 E211.47682
G1 X112.916 Y115.097 E211.49316
G1 X112.78 Y115.191 E211.49646
G1 X112.739 Y115.22 E211.49746
G1 X111.411 Y115.724 E211.52581
G1 X110 Y115.895 E211.55417
G0 F9000 X110 Y116.298
;TYPE:WALL-OUTER
G1 F1117.9 X108.491 Y116.115 E211.58451
G1 X107.075 Y115.577 E211.61474
G1 X105.824 Y114.714 E211.64507
G1 X104.815 Y113.576 E211.67542
G1 X104.11 Y112.233 E211.70569
G1 X103.745 Y110.75 E211.73616
G1 X103.73 Y110.592 E211.73933
G1 X105.338 Y110.592 E211.77142
G1 X105.35 Y110.681 E211.77321
G1 X105.723 Y111.953 E211.79967
G1 X106.446 Y113.079 E211.82637
G1 X107.458 Y113.956 E211.85309
G1 X108.675 Y114.512 E211.87979
G1 X110 Y114.702 E211.90651
G1 X111.325 Y114.512 E211.93322
G1 X112.542 Y113.956 E211.95992
G1 X113.554 Y113.079 E211.98664
G1 X114.277 Y111.953 E212.01335
G1 X114.65 Y110.681 E212.0398
G1 X114.662 Y110.592 E212.04159
G1 X116.27 Y110.592 E212.07368
G1 X116.254 Y110.75 E212.07685
G1 X115.889 Y112.233 E212.10733
G1 X115.184 Y113.576 E212.1376
G1 X114.176 Y114.714 E212.16794
G1 X112.925 Y115.577 E212.19827
G1 X111.508 Y116.115 E212.22851
G1 X110 Y116.298 E212.25883
G0 F9000 X110 Y115.858
G0 X110.244 Y115.463
;TYPE:SKIN
G1 F1117.9 X110.48 Y115.511 E212.26416
G1 X110.657 Y115.616 E212.26872
G1 X109.682 Y115.459 E212.29061
G1 X109.48 Y115.379 E212.29542
G0 F9000 X108.397 Y115.33
G1 F1117.9 X108.257 Y115.187 E212.30112
G1 X108.085 Y115.076 E212.30696
G0 F9000 X107.946 Y115.216
G0 X107.253 Y114.494
G0 X107.103 Y114.644
G1 F1117.9 X106.931 Y114.533 E212.31335
G1 X106.815 Y114.367 E212.31967
G0 F9000 X106.703 Y114.479
G0 X105.87 Y113.898
G0 X106.019 Y113.748
G1 F1117.9 X105.877 Y113.608 E212.3262
G1 X105.754 Y113.448 E212.33282
G0 F9000 X105.904 Y113.299
G0 X105.107 Y112.681
G0 X105.228 Y112.56
G1 F1117.9 X105.087 Y112.417 E212.33855
G1 X104.948 Y112.274 E212.34425
G0 F9000 X105.057 Y112.165
G0 X104.498 Y111.31
G1 F1117.9 X104.642 Y111.166 E212.34628
G0 F9000 X106.263 Y113.237
G0 X107.328 Y114.159
G0 X108.479 Y114.685
G0 X111.524 Y115.315
G0 X111.725 Y115.113
G1 F1117.9 X111.852 Y115.27 E212.35645
G0 F9000 X111.694 Y115.428
G0 X112.89 Y114.798
G0 X113.074 Y114.614
G1 F1117.9 X112.96 Y114.444 E212.36658
G0 F9000 X112.787 Y114.618
G0 X113.926 Y113.761
G0 X114.098 Y113.589
G1 F1117.9 X114.093 Y113.312 E212.37091
G1 X114.248 Y113.722 E212.37777
G0 F9000 X114.066 Y113.904
G0 X114.778 Y112.627
G0 X114.967 Y112.437
G1 F1117.9 X114.777 Y112.345 E212.38214
G1 X114.979 Y112.709 E212.39077
G0 F9000 X115.001 Y112.687
G0 X115.281 Y111.275
G1 F1117.9 X115.389 Y111.167 E212.3923
G0 F9000 X115.389 Y111.192
G1 F1500 E205.8923
G0 F9000 X114.827 Y110.857
G0 X113.803 Y110.496
G0 X107.107 Y107.491
G0 X106.278 Y106.776
G0 X104.917 Y107.951
;TYPE:WALL-INNER
G1 F1500 E212.3923
G1 F1117.9 X104.885 Y108.06 E212.39456
G1 X104.738 Y108.558 E212.40493
G1 X104.862 Y108.054 E212.40523
G1 X104.917 Y107.951 E212.40532
G0 F9000 X105.634 Y106.704
G1 F1117.9 X105.509 Y106.899 E212.40994
G1 X105.29 Y107.24 E212.41803
G1 X105.479 Y106.88 E212.4184
G1 X105.634 Y106.704 E212.41864
G0 F9000 X106.637 Y105.696
G1 F1117.9 X106.381 Y105.918 E212.4254
G1 X106.165 Y106.105 E212.4311
G1 X106.356 Y105.89 E212.43139
G1 X106.637 Y105.696 E212.43173
G0 F9000 X107.857 Y104.982
G1 F1117.9 X107.46 Y105.163 E212.44044
G1 X107.311 Y105.231 E212.44371
G1 X107.447 Y105.137 E212.44386
G1 X107.857 Y104.982 E212.4442
G0 F9000 X109.185 Y104.607
G1 F1117.9 X108.687 Y104.678 E212.45423
G1 X108.639 Y104.685 E212.4552
G1 X108.685 Y104.667 E212.45523
G1 X109.185 Y104.607 E212.45536
G0 F9000 X111.359 Y104.684
G1 F1117.9 X111.313 Y104.678 E212.45629
G1 X110.819 Y104.607 E212.46625
G1 X111.314 Y104.667 E212.46638
G1 X111.359 Y104.684 E212.46642
G0 F9000 X112.689 Y105.231
G1 F1117.9 X112.541 Y105.164 E212.46966
G1 X112.145 Y104.982 E212.47836
G1 X112.553 Y105.137 E212.47869
G1 X112.689 Y105.231 E212.47884
G0 F9000 X113.834 Y106.104
G1 F1117.9 X113.62 Y105.919 E212.48449
G1 X113.363 Y105.696 E212.49128
G1 X113.644 Y105.89 E212.49161
G1 X113.834 Y106.104 E212.49193
G0 F9000 X114.705 Y107.232
G1 F1117.9 X114.491 Y106.899 E212.49983
G1 X114.368 Y106.708 E212.50436
G1 X114.52 Y106.879 E212.50458
G1 X114.705 Y107.232 E212.50496
G0 F9000 X115.26 Y108.557
G1 F1117.9 X115.116 Y108.061 E212.51526
G1 X115.084 Y107.954 E212.51749
G1 X115.137 Y108.054 E212.51758
G1 X115.26 Y108.557 E212.51787
G0 F9000 X115.785 Y109.017
G1 F1117.9 X115.532 Y109.017 E212.52292
G1 X115.531 Y109.017 E212.52294
G1 X114.978 Y109.017 E212.53397
G1 X114.645 Y107.879 E212.55764
G1 X113.859 Y106.656 E212.58665
G1 X112.761 Y105.704 E212.61565
G1 X111.439 Y105.1 E212.64465
G1 X110 Y104.894 E212.67366
G1 X108.561 Y105.1 E212.70267
G1 X107.239 Y105.704 E212.73168
G1 X106.141 Y106.656 E212.76068
G1 X105.355 Y107.879 E212.78969
G1 X105.021 Y109.017 E212.81336
G1 X104.468 Y109.017 E212.82439
G1 X104.467 Y109.017 E212.82441
G1 X104.214 Y109.017 E212.82946
G1 X104.274 Y108.771 E212.83253
G1 X104.486 Y107.911 E212.85021
G1 X105.147 Y106.652 E212.87858
G1 X105.335 Y106.44 E212.88424
G1 X105.866 Y105.841 E212.90021
G1 X106.09 Y105.588 E212.90695
G1 X106.129 Y105.562 E212.90789
G1 X106.41 Y105.368 E212.9147
G1 X107.261 Y104.78 E212.93535
G1 X108.588 Y104.276 E212.96367
G1 X110 Y104.105 E212.99206
G1 X111.411 Y104.276 E213.02042
G1 X112.739 Y104.78 E213.04877
G1 X113.91 Y105.588 E213.07716
G1 X114.132 Y105.839 E213.08385
G1 X114.818 Y106.614 E213.1045
G1 X114.852 Y106.652 E213.10552
G1 X115.513 Y107.911 E213.1339
G1 X115.524 Y107.958 E213.13486
G1 X115.725 Y108.771 E213.15157
G1 X115.785 Y109.017 E213.15464
G0 F9000 X116.271 Y109.417
;TYPE:WALL-OUTER
G1 F1117.9 X114.662 Y109.417 E213.18675
G1 X114.65 Y109.319 E213.18872
G1 X114.277 Y108.047 E213.21517
G1 X113.554 Y106.921 E213.24187
G1 X112.542 Y106.044 E213.2686
G1 X111.325 Y105.488 E213.2953
G1 X110 Y105.298 E213.32201
G1 X108.675 Y105.488 E213.34872
G1 X107.458 Y106.044 E213.37542
G1 X106.446 Y106.921 E213.40215
G1 X105.723 Y108.047 E213.42885
G1 X105.349 Y109.319 E213.45531
G1 X105.337 Y109.417 E213.45728
G1 X103.728 Y109.417 E213.48939
G1 X103.745 Y109.25 E213.49274
G1 X104.11 Y107.767 E213.52322
G1 X104.815 Y106.424 E213.55349
G1 X105.824 Y105.286 E213.58384
G1 X107.075 Y104.423 E213.61417
G1 X108.491 Y103.885 E213.6444
G1 X110 Y103.702 E213.67473
G1 X111.508 Y103.885 E213.70505
G1 X112.925 Y104.423 E213.73529
G1 X114.176 Y105.286 E213.76562
G1 X115.184 Y106.424 E213.79596
G1 X115.889 Y107.767 E213.82623
G1 X116.254 Y109.25 E213.85671
G1 X116.271 Y109.417 E213.86006
G0 F9000 X115.495 Y108.798
;TYPE:SKIN
G1 F1117.9 X115.234 Y108.777 E213.86312
G0 F9000 X115.169 Y108.842
G0 X115.109 Y107.77
G0 X115.152 Y107.727
G1 F1117.9 X114.949 Y107.647 E213.86814
G1 X114.845 Y107.468 E213.8729
G0 F9000 X115.001 Y107.313
G0 X114.025 Y106.591
G0 X114.167 Y106.449
G1 F1117.9 X114.031 Y106.302 E213.88103
G0 F9000 X113.885 Y106.448
G0 X112.976 Y105.66
G0 X113.125 Y105.511
G1 F1117.9 X112.962 Y105.391 E213.88936
G0 F9000 X112.816 Y105.537
G0 X111.98 Y104.96
G0 X111.912 Y105.027
G1 F1117.9 X111.815 Y104.841 E213.89471
G1 X111.619 Y104.754 E213.90018
G0 F9000 X110.559 Y104.683
G1 F1117.9 X110.409 Y104.55 E213.9051
G1 X109.586 Y104.525 E213.92531
G1 X109.409 Y104.419 E213.93038
G0 F9000 X109.486 Y104.342
G0 X108.434 Y104.545
G0 X108.227 Y104.752
G1 F1117.9 X108.337 Y104.925 E213.93565
G1 X107.978 Y104.719 E213.9463
G0 F9000 X106.966 Y105.447
G1 F1117.9 X106.766 Y105.364 E213.95039
G1 X107.195 Y105.501 E213.95889
G0 F9000 X107.249 Y105.448
G0 X106.123 Y106.29
G0 X105.957 Y106.456
G1 F1117.9 X105.806 Y106.324 E213.96859
G0 F9000 X105.983 Y106.148
G0 X105.28 Y107.417
G0 X105.099 Y107.597
G1 F1117.9 X105.173 Y107.806 E213.97264
G1 X104.99 Y107.423 E213.98041
G0 F9000 X105.101 Y107.313
G0 X104.805 Y108.741
G0 X104.754 Y108.791
G1 F1117.9 X104.512 Y108.75 E213.98379
G0 F9000 X104.466 Y108.817
G1 F1500 E207.48379
;MESH:NONMESH
G0 F300 X104.466 Y108.817 Z5.88
G0 F9000 X105.176 Y109.128
G0 X106.199 Y109.495
G0 X112.893 Y112.509
G0 X113.722 Y113.224
G0 X115.085 Y112.045
;TIME_ELAPSED:746.026914
;LAYER:48
;TYPE:WALL-INNER
;MESH:carrucola plisse.stl
G1 F1500 E213.98379
G1 F1104.9 X115.116 Y111.939 E213.986
G1 X115.258 Y111.454 E213.99608
G1 X115.137 Y111.945 E213.99635
G1 X115.085 Y112.045 E213.99643
G0 F9000 X114.368 Y113.292
G1 F1104.9 X114.49 Y113.102 E214.00093
G1 X114.705 Y112.768 E214.00886
G1 X114.52 Y113.121 E214.00923
G1 X114.368 Y113.292 E214.00946
G0 F9000 X113.363 Y114.304
G1 F1104.9 X113.619 Y114.082 E214.01622
G1 X113.834 Y113.896 E214.02189
G1 X113.644 Y114.11 E214.02219
G1 X113.363 Y114.304 E214.02253
G0 F9000 X112.145 Y115.018
G1 F1104.9 X112.54 Y114.837 E214.0312
G1 X112.689 Y114.769 E214.03447
G1 X112.553 Y114.863 E214.03462
G1 X112.145 Y115.018 E214.03495
G0 F9000 X110.819 Y115.393
G1 F1104.9 X111.312 Y115.323 E214.04489
G1 X111.359 Y115.316 E214.04584
G1 X111.314 Y115.333 E214.04586
G1 X110.819 Y115.393 E214.04599
G0 F9000 X108.607 Y114.744
G0 X107.328 Y114.159
G0 X104.917 Y112.049
G1 F1104.9 X104.862 Y111.945 E214.04833
G1 X104.742 Y111.454 E214.05842
G1 X104.884 Y111.938 E214.0587
G1 X104.917 Y112.049 E214.05875
G0 F9000 X105.634 Y113.296
G1 F1104.9 X105.479 Y113.12 E214.06343
G1 X105.29 Y112.76 E214.07154
G1 X105.508 Y113.1 E214.07187
G1 X105.634 Y113.296 E214.07207
G0 F9000 X106.637 Y114.304
G1 F1104.9 X106.356 Y114.11 E214.07889
G1 X106.165 Y113.895 E214.08463
G1 X106.38 Y114.081 E214.08487
G1 X106.637 Y114.304 E214.08518
G0 F9000 X107.857 Y115.018
G1 F1104.9 X107.447 Y114.863 E214.09393
G1 X107.311 Y114.769 E214.09723
G1 X107.459 Y114.836 E214.09733
G1 X107.857 Y115.018 E214.09764
G0 F9000 X109.185 Y115.393
G1 F1104.9 X108.685 Y115.333 E214.10769
G1 X108.639 Y115.315 E214.10867
G1 X108.686 Y115.321
G1 X109.185 Y115.393 E214.10883
G0 F9000 X110 Y115.895
G1 F1104.9 X108.588 Y115.724 E214.13722
G1 X107.261 Y115.22 E214.16554
G1 X106.09 Y114.412 E214.19394
G1 X106.058 Y114.375 E214.19491
G1 X105.867 Y114.16 E214.20065
G1 X105.336 Y113.561 E214.21663
G1 X105.147 Y113.348 E214.22231
G1 X104.486 Y112.089 E214.25069
G1 X104.475 Y112.041 E214.25167
G1 X104.292 Y111.3 E214.2669
G1 X104.231 Y111.054 E214.27196
G1 X104.484 Y111.054 E214.27502
G1 X104.485 Y111.054 E214.27504
G1 X105.042 Y111.054 E214.28616
G1 X105.355 Y112.121 E214.30835
G1 X106.141 Y113.344 E214.33736
G1 X107.239 Y114.296 E214.36636
G1 X108.561 Y114.9 E214.39537
G1 X110 Y115.106 E214.42437
G1 X111.439 Y114.9 E214.45338
G1 X112.761 Y114.296 E214.48239
G1 X113.859 Y113.344 E214.51139
G1 X114.645 Y112.121 E214.5404
G1 X114.958 Y111.054 E214.56259
G1 X115.514 Y111.054 E214.57369
G1 X115.515 Y111.054 E214.57371
G1 X115.768 Y111.054 E214.57876
G1 X115.708 Y111.3 E214.58182
G1 X115.513 Y112.089 E214.59804
G1 X114.852 Y113.348 E214.62642
G1 X114.819 Y113.385 E214.62741
G1 X114.133 Y114.16 E214.64806
G1 X113.91 Y114.412 E214.65478
G1 X113.59 Y114.632 E214.66253
G1 X112.916 Y115.097 E214.67887
G1 X112.78 Y115.191 E214.68217
G1 X112.739 Y115.22 E214.68317
G1 X111.411 Y115.724 E214.71152
G1 X110 Y115.895 E214.73988
G0 F9000 X110 Y116.298
;TYPE:WALL-OUTER
G1 F1104.9 X108.491 Y116.115 E214.77021
G1 X107.075 Y115.577 E214.80044
G1 X105.824 Y114.714 E214.83077
G1 X104.815 Y113.576 E214.86112
G1 X104.11 Y112.233 E214.89139
G1 X103.745 Y110.75 E214.92187
G1 X103.736 Y110.654 E214.9238
G1 X105.346 Y110.654 E214.95592
G1 X105.35 Y110.681 E214.95647
G1 X105.723 Y111.953 E214.98292
G1 X106.446 Y113.079 E215.00963
G1 X107.458 Y113.956 E215.03635
G1 X108.675 Y114.512 E215.06305
G1 X110 Y114.702 E215.08976
G1 X111.325 Y114.512 E215.11648
G1 X112.542 Y113.956 E215.14318
G1 X113.554 Y113.079 E215.1699
G1 X114.277 Y111.953 E215.1966
G1 X114.651 Y110.68 E215.22308
G1 X114.654 Y110.654 E215.2236
G1 X116.264 Y110.654 E215.25573
G1 X116.254 Y110.75 E215.25766
G1 X115.889 Y112.233 E215.28814
G1 X115.184 Y113.576 E215.31841
G1 X114.176 Y114.714 E215.34875
G1 X112.925 Y115.577 E215.37907
G1 X111.508 Y116.115 E215.40932
G1 X110 Y116.298 E215.43964
G0 F9000 X110 Y115.858
G0 X109.808 Y115.464
;TYPE:SKIN
G1 F1104.9 X109.553 Y115.492 E215.44525
G1 X109.375 Y115.598 E215.44978
G1 X110.362 Y115.453 E215.47161
G1 X110.541 Y115.349 E215.47614
G0 F9000 X111.609 Y115.286
G1 F1104.9 X111.777 Y115.172 E215.48215
G1 X111.914 Y115.025 E215.48811
G0 F9000 X112.019 Y115.13
G0 X112.781 Y114.478
G0 X112.928 Y114.625
G1 F1104.9 X113.096 Y114.51 E215.49643
G0 F9000 X112.949 Y114.363
G0 X113.859 Y113.576
G0 X114.006 Y113.723
G1 F1104.9 X114.145 Y113.58 E215.50203
G1 X114.337 Y113.488 E215.50801
G0 F9000 X114.419 Y113.57
G0 X114.984 Y112.721
G0 X114.826 Y112.563
G1 F1104.9 X114.929 Y112.384 E215.51432
G1 X115.098 Y112.27 E215.52055
G0 F9000 X115.019 Y112.19
G0 X115.529 Y111.287
G1 F1104.9 X115.471 Y111.229 E215.52136
G0 F9000 X113.737 Y113.237
G0 X112.672 Y114.159
G0 X111.521 Y114.685
G0 X108.485 Y115.273
G0 X108.286 Y115.074
G1 F1104.9 X108.196 Y115.267 E215.53244
G0 F9000 X108.389 Y115.46
G0 X107.128 Y114.765
G0 X106.945 Y114.582
G1 F1104.9 X107.058 Y114.412 E215.53724
G1 X106.67 Y114.589 E215.54726
G0 F9000 X105.778 Y113.698
G1 F1104.9 X105.929 Y113.566 E215.55706
G0 F9000 X106.097 Y113.734
G0 X105.246 Y112.6
G0 X105.063 Y112.417
G1 F1104.9 X105.201 Y112.272 E215.56129
G1 X105.002 Y112.639 E215.57013
G0 F9000 X104.939 Y112.576
G0 X104.549 Y111.338
G1 F1104.9 X104.458 Y111.246 E215.57142
G0 F9000 X104.483 Y111.254
G1 F1500 E209.07142
G0 F9000 X105.181 Y110.87
G0 X106.196 Y110.493
G0 X112.893 Y107.491
G0 X113.722 Y106.776
G0 X115.085 Y107.955
;TYPE:WALL-INNER
G1 F1500 E215.57142
G1 F1104.9 X115.137 Y108.055 E215.57367
G1 X115.257 Y108.543 E215.5837
G1 X115.117 Y108.062 E215.58394
G1 X115.085 Y107.955 E215.58398
G0 F9000 X114.368 Y106.708
G1 F1104.9 X114.52 Y106.879 E215.58855
G1 X114.705 Y107.232 E215.5965
G1 X114.491 Y106.899 E215.59682
G1 X114.368 Y106.708 E215.59702
G0 F9000 X113.363 Y105.696
G1 F1104.9 X113.644 Y105.89 E215.60383
G1 X113.834 Y106.104 E215.60955
G1 X113.62 Y105.919 E215.60978
G1 X113.363 Y105.696 E215.61009
G0 F9000 X112.145 Y104.982
G1 F1104.9 X112.553 Y105.137 E215.6188
G1 X112.689 Y105.231 E215.6221
G1 X112.541 Y105.164 E215.6222
G1 X112.145 Y104.982 E215.62251
G0 F9000 X110.819 Y104.607
G1 F1104.9 X111.314 Y104.667 E215.63246
G1 X111.359 Y104.684 E215.63342
G1 X111.313 Y104.678 E215.63342
G1 X110.819 Y104.607 E215.63357
G0 F9000 X108.639 Y104.685
G1 F1104.9 X108.685 Y104.667 E215.63455
G1 X109.185 Y104.607 E215.6446
G1 X108.687 Y104.678 E215.64474
G1 X108.639 Y104.685 E215.64474
G0 F9000 X107.311 Y105.231
G1 F1104.9 X107.447 Y105.137 E215.64804
G1 X107.857 Y104.982 E215.65679
G1 X107.46 Y105.163 E215.65709
G1 X107.311 Y105.231 E215.6572
G0 F9000 X106.165 Y106.105
G1 F1104.9 X106.356 Y105.89 E215.66294
G1 X106.637 Y105.696 E215.66975
G1 X106.381 Y105.918 E215.67004
G1 X106.165 Y106.105 E215.67028
G0 F9000 X105.29 Y107.24
G1 F1104.9 X105.479 Y106.88 E215.6784
G1 X105.634 Y106.704 E215.68308
G1 X105.509 Y106.899 E215.68326
G1 X105.29 Y107.24 E215.6836
G0 F9000 X104.742 Y108.543
G1 F1104.9 X104.862 Y108.055 E215.69363
G1 X104.916 Y107.952 E215.69595
G1 X104.884 Y108.061 E215.696
G1 X104.742 Y108.543 E215.69627
G0 F9000 X104.232 Y108.943
G1 F1104.9 X104.292 Y108.697 E215.70133
G1 X104.486 Y107.911 E215.71748
G1 X105.147 Y106.652 E215.74586
G1 X105.335 Y106.44 E215.75151
G1 X105.866 Y105.841 E215.76749
G1 X106.09 Y105.588 E215.77423
G1 X106.129 Y105.562 E215.77517
G1 X106.41 Y105.368 E215.78198
G1 X107.261 Y104.78 E215.80262
G1 X108.588 Y104.276 E215.83095
G1 X110 Y104.105 E215.85934
G1 X111.411 Y104.276 E215.8877
G1 X112.739 Y104.78 E215.91605
G1 X113.91 Y105.588 E215.94444
G1 X114.132 Y105.839 E215.95112
G1 X114.818 Y106.614 E215.97178
G1 X114.852 Y106.652 E215.9728
G1 X115.513 Y107.911 E216.00117
G1 X115.524 Y107.959 E216.00216
G1 X115.644 Y108.447 E216.01218
G1 X115.706 Y108.696 E216.01731
G1 X115.767 Y108.943 E216.02238
G1 X115.513 Y108.943 E216.02546
G1 X115.512 Y108.943 E216.02548
G1 X114.957 Y108.943 E216.03655
G1 X114.645 Y107.879 E216.05868
G1 X113.859 Y106.656 E216.08769
G1 X112.761 Y105.704 E216.11669
G1 X111.439 Y105.1 E216.1457
G1 X110 Y104.894 E216.17471
G1 X108.561 Y105.1 E216.20372
G1 X107.239 Y105.704 E216.23272
G1 X106.141 Y106.656 E216.26172
G1 X105.355 Y107.879 E216.29073
G1 X105.042 Y108.943 E216.31287
G1 X104.486 Y108.943 E216.32396
G1 X104.485 Y108.943 E216.32398
G1 X104.232 Y108.943 E216.32705
G0 F9000 X103.735 Y109.343
;TYPE:WALL-OUTER
G1 F1104.9 X103.745 Y109.25 E216.32891
G1 X104.11 Y107.767 E216.35939
G1 X104.815 Y106.424 E216.38966
G1 X105.824 Y105.286 E216.42001
G1 X107.075 Y104.423 E216.45034
G1 X108.491 Y103.885 E216.48057
G1 X110 Y103.702 E216.5109
G1 X111.508 Y103.885 E216.54122
G1 X112.925 Y104.423 E216.57146
G1 X114.176 Y105.286 E216.60179
G1 X115.184 Y106.424 E216.63213
G1 X115.889 Y107.767 E216.6624
G1 X116.254 Y109.25 E216.69288
G1 X116.263 Y109.343 E216.69474
G1 X114.653 Y109.343 E216.72687
G1 X114.65 Y109.318 E216.72738
G1 X114.277 Y108.047 E216.75381
G1 X113.554 Y106.921 E216.78051
G1 X112.542 Y106.044 E216.80724
G1 X111.325 Y105.488 E216.83394
G1 X110 Y105.298 E216.86065
G1 X108.675 Y105.488 E216.88736
G1 X107.458 Y106.044 E216.91406
G1 X106.446 Y106.921 E216.94079
G1 X105.723 Y108.047 E216.96749
G1 X105.349 Y109.32 E216.99397
G1 X105.346 Y109.343 E216.99443
G1 X103.735 Y109.343 E217.02658
G0 F9000 X104.467 Y108.71
;TYPE:SKIN
G1 F1104.9 X104.524 Y108.767 E217.02739
G0 F9000 X104.973 Y107.801
G0 X104.896 Y107.725
G1 F1104.9 X105.068 Y107.614 E217.0328
G1 X105.172 Y107.435 E217.03828
G0 F9000 X105.648 Y106.497
G1 F1104.9 X105.852 Y106.418 E217.04354
G1 X105.992 Y106.275 E217.04836
G0 F9000 X105.844 Y106.127
G0 X106.756 Y105.341
G0 X106.902 Y105.488
G1 F1104.9 X107.07 Y105.372 E217.05666
G0 F9000 X106.923 Y105.225
G0 X107.982 Y104.871
G0 X108.085 Y104.974
G1 F1104.9 X108.22 Y104.826 E217.0623
G1 X108.387 Y104.71 E217.06803
G0 F9000 X109.459 Y104.651
G1 F1104.9 X109.636 Y104.545 E217.0732
G1 X110.447 Y104.507 E217.09355
G1 X110.625 Y104.402 E217.09874
G0 F9000 X110.573 Y104.35
G0 X111.512 Y104.723
G0 X111.712 Y104.923
G1 F1104.9 X111.802 Y104.731 E217.10981
G0 F9000 X111.61 Y104.539
G0 X112.869 Y105.233
G0 X113.052 Y105.415
G1 F1104.9 X113.328 Y105.408 E217.11448
G1 X112.94 Y105.586 E217.1217
G0 F9000 X112.767 Y105.413
G0 X113.9 Y106.263
G0 X114.07 Y106.433
G1 F1104.9 X114.22 Y106.301 E217.13161
G0 F9000 X114.04 Y106.121
G0 X114.746 Y107.392
G0 X114.933 Y107.579
G1 F1104.9 X114.798 Y107.727 E217.136
G1 X114.991 Y107.354 E217.1452
G0 F9000 X115.057 Y107.42
G0 X115.446 Y108.658
G1 F1104.9 X115.541 Y108.753 E217.14654
G0 F9000 X115.515 Y108.743
G1 F1500 E210.64654
;MESH:NONMESH
G0 F300 X115.515 Y108.743 Z6
G0 F9000 X115.085 Y109.123
G0 X115.085 Y110.874
G0 X115.085 Y112.044
;TIME_ELAPSED:762.700919
;LAYER:49
;TYPE:WALL-INNER
;MESH:carrucola plisse.stl
G1 F1500 E217.14654
G1 F1101.9 X115.115 Y111.94 E217.1487
G1 X115.25 Y111.485 E217.15817
G1 X115.137 Y111.946 E217.15843
G1 X115.085 Y112.044 E217.15851
G0 F9000 X114.368 Y113.292
G1 F1101.9 X114.49 Y113.102 E217.16302
G1 X114.705 Y112.768 E217.17094
G1 X114.52 Y113.121 E217.17131
G1 X114.368 Y113.292 E217.17154
G0 F9000 X113.363 Y114.304
G1 F1101.9 X113.619 Y114.082 E217.1783
G1 X113.834 Y113.896 E217.18397
G1 X113.644 Y114.11 E217.18427
G1 X113.363 Y114.304 E217.18461
G0 F9000 X112.145 Y115.018
G1 F1101.9 X112.54 Y114.837 E217.19328
G1 X112.689 Y114.769 E217.19655
G1 X112.553 Y114.863 E217.1967
G1 X112.145 Y115.018 E217.19704
G0 F9000 X110.819 Y115.393
G1 F1101.9 X111.312 Y115.323 E217.20697
G1 X111.359 Y115.316 E217.20792
G1 X111.314 Y115.333 E217.20794
G1 X110.819 Y115.393 E217.20807
G0 F9000 X108.607 Y114.744
G0 X107.328 Y114.159
G0 X104.917 Y112.049
G1 F1101.9 X104.862 Y111.946 E217.2104
G1 X104.749 Y111.485 E217.21987
G1 X104.884 Y111.939 E217.22012
G1 X104.917 Y112.049 E217.22017
G0 F9000 X105.634 Y113.296
G1 F1101.9 X105.479 Y113.12 E217.22485
G1 X105.29 Y112.76 E217.23296
G1 X105.508 Y113.1 E217.23329
G1 X105.634 Y113.296 E217.23349
G0 F9000 X106.637 Y114.304
G1 F1101.9 X106.356 Y114.11 E217.24031
G1 X106.165 Y113.895 E217.24605
G1 X106.38 Y114.081 E217.24629
G1 X106.637 Y114.304 E217.24661
G0 F9000 X107.857 Y115.018
G1 F1101.9 X107.447 Y114.863 E217.25535
G1 X107.311 Y114.769 E217.25865
G1 X107.459 Y114.836 E217.25875
G1 X107.857 Y115.018 E217.25906
G0 F9000 X109.185 Y115.393
G1 F1101.9 X108.685 Y115.333 E217.26911
G1 X108.639 Y115.315 E217.27009
G1 X108.686 Y115.321
G1 X109.185 Y115.393 E217.27026
G0 F9000 X110 Y115.895
G1 F1101.9 X108.588 Y115.724 E217.29864
G1 X107.261 Y115.22 E217.32697
G1 X106.09 Y114.412 E217.35536
G1 X106.058 Y114.375 E217.35633
G1 X105.867 Y114.16 E217.36207
G1 X105.336 Y113.561 E217.37805
G1 X105.147 Y113.348 E217.38373
G1 X104.486 Y112.089 E217.41211
G1 X104.475 Y112.042 E217.41307
G1 X104.362 Y111.581 E217.42254
G1 X104.3 Y111.332 E217.42766
G1 X104.239 Y111.085 E217.43274
G1 X104.493 Y111.085 E217.43581
G1 X104.494 Y111.085 E217.43583
G1 X105.051 Y111.085 E217.44695
G1 X105.355 Y112.121 E217.4685
G1 X106.141 Y113.344 E217.49751
G1 X107.239 Y114.296 E217.52651
G1 X108.561 Y114.9 E217.55551
G1 X110 Y115.106 E217.58452
G1 X111.439 Y114.9 E217.61353
G1 X112.761 Y114.296 E217.64254
G1 X113.859 Y113.344 E217.67154
G1 X114.645 Y112.121 E217.70055
G1 X114.949 Y111.085 E217.7221
G1 X115.506 Y111.085 E217.73321
G1 X115.507 Y111.085 E217.73323
G1 X115.76 Y111.085 E217.73828
G1 X115.7 Y111.331 E217.74135
G1 X115.513 Y112.089 E217.75693
G1 X114.852 Y113.348 E217.7853
G1 X114.819 Y113.385 E217.78629
G1 X114.133 Y114.16 E217.80695
G1 X113.91 Y114.412 E217.81366
G1 X113.59 Y114.632 E217.82141
G1 X112.916 Y115.097 E217.83775
G1 X112.78 Y115.191 E217.84105
G1 X112.739 Y115.22 E217.84206
G1 X111.411 Y115.724 E217.8704
G1 X110 Y115.895 E217.89877
G0 F9000 X110 Y116.298
;TYPE:WALL-OUTER
G1 F1101.9 X108.491 Y116.115 E217.9291
G1 X107.075 Y115.577 E217.95933
G1 X105.824 Y114.714 E217.98966
G1 X104.815 Y113.576 E218.02001
G1 X104.11 Y112.233 E218.05028
G1 X103.745 Y110.75 E218.08076
G1 X103.738 Y110.685 E218.08206
G1 X105.351 Y110.685 E218.11425
G1 X105.723 Y111.953 E218.14062
G1 X106.446 Y113.079 E218.16733
G1 X107.458 Y113.956 E218.19405
G1 X108.675 Y114.512 E218.22075
G1 X110 Y114.702 E218.24746
G1 X111.325 Y114.512 E218.27417
G1 X112.542 Y113.956 E218.30088
G1 X113.554 Y113.079 E218.3276
G1 X114.277 Y111.953 E218.3543
G1 X114.649 Y110.685 E218.38067
G1 X116.261 Y110.685 E218.41284
G1 X116.254 Y110.75 E218.41415
G1 X115.889 Y112.233 E218.44463
G1 X115.184 Y113.576 E218.4749
G1 X114.176 Y114.714 E218.50523
G1 X112.925 Y115.577 E218.53556
G1 X111.508 Y116.115 E218.56581
G1 X110 Y116.298 E218.59612
G0 F9000 X110 Y115.858
G0 X110.244 Y115.463
;TYPE:SKIN
G1 F1101.9 X110.48 Y115.511 E218.60146
G1 X110.657 Y115.616 E218.60602
G1 X109.682 Y115.459 E218.6279
G1 X109.48 Y115.379 E218.63272
G0 F9000 X108.397 Y115.33
G1 F1101.9 X108.257 Y115.187 E218.63842
G1 X108.085 Y115.076 E218.64426
G0 F9000 X107.946 Y115.216
G0 X107.253 Y114.494
G0 X107.103 Y114.644
G1 F1101.9 X106.931 Y114.533 E218.65064
G1 X106.815 Y114.367 E218.65696
G0 F9000 X106.703 Y114.479
G0 X105.87 Y113.898
G0 X106.019 Y113.748
G1 F1101.9 X105.877 Y113.608 E218.6635
G1 X105.754 Y113.448 E218.67011
G0 F9000 X105.904 Y113.299
G0 X105.107 Y112.681
G0 X105.228 Y112.56
G1 F1101.9 X105.087 Y112.417 E218.67588
G1 X104.95 Y112.272 E218.68161
G0 F9000 X105.062 Y112.16
G0 X104.479 Y111.329
G1 F1101.9 X104.549 Y111.259 E218.68259
G0 F9000 X106.263 Y113.237
G0 X107.328 Y114.159
G0 X108.479 Y114.685
G0 X111.524 Y115.315
G0 X111.725 Y115.113
G1 F1101.9 X111.852 Y115.27 E218.69277
G0 F9000 X111.694 Y115.428
G0 X112.89 Y114.798
G0 X113.074 Y114.614
G1 F1101.9 X112.96 Y114.444 E218.70289
G0 F9000 X112.787 Y114.618
G0 X113.926 Y113.761
G0 X114.098 Y113.589
G1 F1101.9 X114.093 Y113.312 E218.70723
G1 X114.248 Y113.722 E218.71408
G0 F9000 X114.066 Y113.904
G0 X114.778 Y112.627
G0 X114.967 Y112.437
G1 F1101.9 X114.778 Y112.343 E218.71848
G1 X114.979 Y112.709 E218.72718
G0 F9000 X115.001 Y112.687
G0 X115.462 Y111.377
G1 F1101.9 X115.522 Y111.317 E218.72803
G0 F9000 X115.499 Y111.311
G1 F1500 E212.22803
G0 F9000 X114.81 Y110.901
G0 X113.774 Y110.597
G0 X107.107 Y107.491
G0 X106.278 Y106.776
G0 X104.916 Y107.951
;TYPE:WALL-INNER
G1 F1500 E218.72803
G1 F1101.9 X104.884 Y108.061 E218.73032
G1 X104.751 Y108.514 E218.73974
G1 X104.862 Y108.055 E218.74
G1 X104.916 Y107.951 E218.7401
G0 F9000 X105.634 Y106.704
G1 F1101.9 X105.509 Y106.899 E218.74472
G1 X105.29 Y107.24 E218.75281
G1 X105.479 Y106.88 E218.75318
G1 X105.634 Y106.704 E218.75342
G0 F9000 X106.637 Y105.696
G1 F1101.9 X106.381 Y105.918 E218.76018
G1 X106.165 Y106.105 E218.76588
G1 X106.356 Y105.89 E218.76617
G1 X106.637 Y105.696 E218.76651
G0 F9000 X107.857 Y104.982
G1 F1101.9 X107.46 Y105.163 E218.77522
G1 X107.311 Y105.231 E218.77849
G1 X107.447 Y105.137 E218.77864
G1 X107.857 Y104.982 E218.77898
G0 F9000 X109.185 Y104.607
G1 F1101.9 X108.687 Y104.678 E218.78901
G1 X108.639 Y104.685 E218.78998
G1 X108.685 Y104.667 E218.79001
G1 X109.185 Y104.607 E218.79014
G0 F9000 X111.359 Y104.684
G1 F1101.9 X111.313 Y104.678 E218.79107
G1 X110.819 Y104.607 E218.80103
G1 X111.314 Y104.667 E218.80116
G1 X111.359 Y104.684 E218.8012
G0 F9000 X112.689 Y105.231
G1 F1101.9 X112.541 Y105.164 E218.80444
G1 X112.145 Y104.982 E218.81314
G1 X112.553 Y105.137 E218.81346
G1 X112.689 Y105.231 E218.81362
G0 F9000 X113.834 Y106.104
G1 F1101.9 X113.62 Y105.919 E218.81927
G1 X113.363 Y105.696 E218.82606
G1 X113.644 Y105.89 E218.82639
G1 X113.834 Y106.104 E218.82671
G0 F9000 X114.705 Y107.232
G1 F1101.9 X114.491 Y106.899 E218.83461
G1 X114.368 Y106.708 E218.83914
G1 X114.52 Y106.879 E218.83936
G1 X114.705 Y107.232 E218.83974
G0 F9000 X115.249 Y108.514
G1 F1101.9 X115.116 Y108.062 E218.84914
G1 X115.085 Y107.956 E218.85134
G1 X115.137 Y108.055 E218.85141
G1 X115.249 Y108.514 E218.85168
G0 F9000 X115.76 Y108.914
G1 F1101.9 X115.507 Y108.914 E218.85673
G1 X115.506 Y108.914 E218.85675
G1 X114.949 Y108.914 E218.86787
G1 X114.645 Y107.879 E218.8894
G1 X113.859 Y106.656 E218.91841
G1 X112.761 Y105.704 E218.94741
G1 X111.439 Y105.1 E218.97641
G1 X110 Y104.894 E219.00542
G1 X108.561 Y105.1 E219.03443
G1 X107.239 Y105.704 E219.06344
G1 X106.141 Y106.656 E219.09244
G1 X105.355 Y107.879 E219.12145
G1 X105.051 Y108.914 E219.14298
G1 X104.493 Y108.914 E219.15411
G1 X104.492 Y108.914 E219.15413
G1 X104.239 Y108.914 E219.15918
G1 X104.299 Y108.668 E219.16225
G1 X104.486 Y107.911 E219.17781
G1 X105.147 Y106.652 E219.20619
G1 X105.335 Y106.44 E219.21184
G1 X105.866 Y105.841 E219.22781
G1 X106.09 Y105.588 E219.23456
G1 X106.129 Y105.562 E219.23549
G1 X106.41 Y105.368 E219.24231
G1 X107.261 Y104.78 E219.26295
G1 X108.588 Y104.276 E219.29128
G1 X110 Y104.105 E219.31966
G1 X111.411 Y104.276 E219.34803
G1 X112.739 Y104.78 E219.37637
G1 X113.91 Y105.588 E219.40476
G1 X114.132 Y105.839 E219.41145
G1 X114.818 Y106.614 E219.4321
G1 X114.852 Y106.652 E219.43312
G1 X115.513 Y107.911 E219.4615
G1 X115.524 Y107.959 E219.46248
G1 X115.7 Y108.668 E219.47706
G1 X115.76 Y108.914 E219.48013
G0 F9000 X116.261 Y109.314
;TYPE:WALL-OUTER
G1 F1101.9 X114.649 Y109.314 E219.51229
G1 X114.277 Y108.047 E219.53865
G1 X113.554 Y106.921 E219.56535
G1 X112.542 Y106.044 E219.59207
G1 X111.325 Y105.488 E219.61878
G1 X110 Y105.298 E219.64549
G1 X108.675 Y105.488 E219.6722
G1 X107.458 Y106.044 E219.6989
G1 X106.446 Y106.921 E219.72562
G1 X105.723 Y108.047 E219.75233
G1 X105.351 Y109.314 E219.77868
G1 X103.738 Y109.314 E219.81087
G1 X103.745 Y109.25 E219.81215
G1 X104.11 Y107.767 E219.84263
G1 X104.815 Y106.424 E219.8729
G1 X105.824 Y105.286 E219.90325
G1 X107.075 Y104.423 E219.93358
G1 X108.491 Y103.885 E219.96381
G1 X110 Y103.702 E219.99415
G1 X111.508 Y103.885 E220.02446
G1 X112.925 Y104.423 E220.05471
G1 X114.176 Y105.286 E220.08504
G1 X115.184 Y106.424 E220.11537
G1 X115.889 Y107.767 E220.14564
G1 X116.254 Y109.25 E220.17612
G1 X116.261 Y109.314 E220.17741
G0 F9000 X115.937 Y109.053
G0 X115.362 Y108.649
G0 X115.327 Y108.683
;TYPE:SKIN
G1 F1101.9 X115.149 Y107.73 E220.18506
G1 X114.845 Y107.468 E220.18822
G0 F9000 X115.001 Y107.313
G0 X114.025 Y106.591
G0 X114.167 Y106.449
G1 F1101.9 X114.031 Y106.302 E220.19636
G0 F9000 X113.885 Y106.448
G0 X112.976 Y105.66
G0 X113.125 Y105.511
G1 F1101.9 X112.962 Y105.391 E220.20468
G0 F9000 X112.816 Y105.537
G0 X111.98 Y104.96
G0 X111.912 Y105.027
G1 F1101.9 X111.815 Y104.841 E220.21003
G1 X111.619 Y104.754 E220.2155
G0 F9000 X110.559 Y104.683
G1 F1101.9 X110.409 Y104.55 E220.22043
G1 X109.586 Y104.525 E220.24064
G1 X109.409 Y104.419 E220.2457
G0 F9000 X109.486 Y104.342
G0 X108.434 Y104.545
G0 X108.227 Y104.752
G1 F1101.9 X108.337 Y104.925 E220.25098
G1 X107.978 Y104.719 E220.26163
G0 F9000 X106.966 Y105.447
G1 F1101.9 X106.766 Y105.364 E220.26572
G1 X107.195 Y105.501 E220.27422
G0 F9000 X107.249 Y105.448
G0 X106.123 Y106.29
G0 X105.957 Y106.456
G1 F1101.9 X105.806 Y106.324 E220.28391
G0 F9000 X105.983 Y106.148
G0 X105.28 Y107.417
G0 X105.098 Y107.598
G1 F1101.9 X105.173 Y107.806 E220.28798
G1 X104.99 Y107.423 E220.29578
G0 F9000 X105.101 Y107.313
G0 X104.619 Y108.643
G1 F1101.9 X104.525 Y108.738 E220.29711
G0 F9000 X104.525 Y108.714
G1 F1500 E213.79711
;MESH:NONMESH
G0 F300 X104.525 Y108.714 Z6.12
G0 F9000 X105.19 Y109.098
G0 X106.226 Y109.402
G0 X112.893 Y112.509
G0 X113.722 Y113.224
G0 X115.085 Y112.044
;TIME_ELAPSED:779.597641
;LAYER:50
;TYPE:WALL-INNER
;MESH:carrucola plisse.stl
G1 F1500 E220.29711
G1 F1099.4 X115.115 Y111.94 E220.29927
G1 X115.25 Y111.485 E220.30874
G1 X115.137 Y111.946 E220.309
G1 X115.085 Y112.044 E220.30908
G0 F9000 X114.368 Y113.292
G1 F1099.4 X114.49 Y113.102 E220.31359
G1 X114.705 Y112.768 E220.32152
G1 X114.52 Y113.121 E220.32188
G1 X114.368 Y113.292 E220.32211
G0 F9000 X113.363 Y114.304
G1 F1099.4 X113.619 Y114.082 E220.32887
G1 X113.834 Y113.896 E220.33455
G1 X113.644 Y114.11 E220.33484
G1 X113.363 Y114.304 E220.33519
G0 F9000 X112.145 Y115.018
G1 F1099.4 X112.54 Y114.837 E220.34386
G1 X112.689 Y114.769 E220.34712
G1 X112.553 Y114.863 E220.34727
G1 X112.145 Y115.018 E220.34761
G0 F9000 X110.819 Y115.393
G1 F1099.4 X111.312 Y115.323 E220.35755
G1 X111.359 Y115.316 E220.35849
G1 X111.314 Y115.333 E220.35852
G1 X110.819 Y115.393 E220.35864
G0 F9000 X108.607 Y114.744
G0 X107.328 Y114.159
G0 X104.917 Y112.049
G1 F1099.4 X104.862 Y111.946 E220.36097
G1 X104.749 Y111.485 E220.37044
G1 X104.884 Y111.939 E220.3707
G1 X104.917 Y112.049 E220.37074
G0 F9000 X105.634 Y113.296
G1 F1099.4 X105.479 Y113.12 E220.37542
G1 X105.29 Y112.76 E220.38354
G1 X105.508 Y113.1 E220.38386
G1 X105.634 Y113.296 E220.38407
G0 F9000 X106.637 Y114.304
G1 F1099.4 X106.356 Y114.11 E220.39088
G1 X106.165 Y113.895 E220.39662
G1 X106.38 Y114.081 E220.39686
G1 X106.637 Y114.304 E220.39718
G0 F9000 X107.857 Y115.018
G1 F1099.4 X107.447 Y114.863 E220.40593
G1 X107.311 Y114.769 E220.40923
G1 X107.459 Y114.836 E220.40932
G1 X107.857 Y115.018 E220.40963
G0 F9000 X109.185 Y115.393
G1 F1099.4 X108.685 Y115.333 E220.41968
G1 X108.639 Y115.315 E220.42067
G1 X108.686 Y115.321
G1 X109.185 Y115.393 E220.42083
G0 F9000 X110 Y115.895
G1 F1099.4 X108.588 Y115.724 E220.44921
G1 X107.261 Y115.22 E220.47754
G1 X106.09 Y114.412 E220.50593
G1 X106.058 Y114.375 E220.50691
G1 X105.867 Y114.16 E220.51265
G1 X105.336 Y113.561 E220.52862
G1 X105.147 Y113.348 E220.5343
G1 X104.486 Y112.089 E220.56268
G1 X104.475 Y112.042 E220.56364
G1 X104.362 Y111.581 E220.57312
G1 X104.3 Y111.332 E220.57824
G1 X104.239 Y111.085 E220.58331
G1 X104.493 Y111.085 E220.58639
G1 X104.494 Y111.085 E220.58641
G1 X105.051 Y111.085 E220.59752
G1 X105.355 Y112.121 E220.61907
G1 X106.141 Y113.344 E220.64808
G1 X107.239 Y114.296 E220.67708
G1 X108.561 Y114.9 E220.70609
G1 X110 Y115.106 E220.7351
G1 X111.439 Y114.9 E220.76411
G1 X112.761 Y114.296 E220.79311
G1 X113.859 Y113.344 E220.82211
G1 X114.645 Y112.121 E220.85112
G1 X114.949 Y111.085 E220.87267
G1 X115.506 Y111.085 E220.88379
G1 X115.507 Y111.085 E220.88381
G1 X115.76 Y111.085 E220.88885
G1 X115.7 Y111.331 E220.89192
G1 X115.513 Y112.089 E220.9075
G1 X114.852 Y113.348 E220.93588
G1 X114.819 Y113.385 E220.93687
G1 X114.133 Y114.16 E220.95752
G1 X113.91 Y114.412 E220.96424
G1 X113.59 Y114.632 E220.97199
G1 X112.916 Y115.097 E220.98833
G1 X112.78 Y115.191 E220.99163
G1 X112.739 Y115.22 E220.99263
G1 X111.411 Y115.724 E221.02097
G1 X110 Y115.895 E221.04934
G0 F9000 X110 Y116.298
;TYPE:WALL-OUTER
G1 F1099.4 X108.491 Y116.115 E221.07967
G1 X107.075 Y115.577 E221.1099
G1 X105.824 Y114.714 E221.14023
G1 X104.815 Y113.576 E221.17058
G1 X104.11 Y112.233 E221.20085
G1 X103.745 Y110.75 E221.23133
G1 X103.738 Y110.685 E221.23263
G1 X105.351 Y110.685 E221.26482
G1 X105.723 Y111.953 E221.29119
G1 X106.446 Y113.079 E221.3179
G1 X107.458 Y113.956 E221.34462
G1 X108.675 Y114.512 E221.37132
G1 X110 Y114.702 E221.39804
G1 X111.325 Y114.512 E221.42475
G1 X112.542 Y113.956 E221.45145
G1 X113.554 Y113.079 E221.47817
G1 X114.277 Y111.953 E221.50488
G1 X114.649 Y110.685 E221.53125
G1 X116.261 Y110.685 E221.56342
G1 X116.254 Y110.75 E221.56472
G1 X115.889 Y112.233 E221.5952
G1 X115.184 Y113.576 E221.62547
G1 X114.176 Y114.714 E221.65581
G1 X112.925 Y115.577 E221.68614
G1 X111.508 Y116.115 E221.71638
G1 X110 Y116.298 E221.7467
G0 F9000 X110 Y115.858
G0 X109.808 Y115.464
;TYPE:SKIN
G1 F1099.4 X109.553 Y115.492 E221.75231
G1 X109.375 Y115.598 E221.75684
G1 X110.362 Y115.453 E221.77867
G1 X110.541 Y115.349 E221.7832
G0 F9000 X111.609 Y115.286
G1 F1099.4 X111.777 Y115.172 E221.78921
G1 X111.914 Y115.025 E221.79517
G0 F9000 X112.019 Y115.13
G0 X112.781 Y114.478
G0 X112.928 Y114.625
G1 F1099.4 X113.096 Y114.51 E221.80349
G0 F9000 X112.949 Y114.363
G0 X113.859 Y113.576
G0 X114.006 Y113.723
G1 F1099.4 X114.145 Y113.58 E221.80909
G1 X114.337 Y113.488 E221.81507
G0 F9000 X114.419 Y113.57
G0 X114.984 Y112.721
G0 X114.826 Y112.563
G1 F1099.4 X114.929 Y112.384 E221.8214
G1 X115.098 Y112.27 E221.82766
G0 F9000 X115.019 Y112.19
G0 X115.53 Y111.288
G1 F1099.4 X115.502 Y111.259 E221.82806
G0 F9000 X113.737 Y113.237
G0 X112.672 Y114.159
G0 X111.521 Y114.685
G0 X108.485 Y115.273
G0 X108.286 Y115.074
G1 F1099.4 X108.196 Y115.267 E221.83914
G0 F9000 X108.389 Y115.46
G0 X107.128 Y114.765
G0 X106.945 Y114.582
G1 F1099.4 X107.058 Y114.412 E221.84394
G1 X106.67 Y114.589 E221.85396
G0 F9000 X105.778 Y113.698
G1 F1099.4 X105.929 Y113.566 E221.86375
G0 F9000 X106.097 Y113.734
G0 X105.246 Y112.6
G0 X105.064 Y112.418
G1 F1099.4 X105.201 Y112.272 E221.86799
G1 X105.002 Y112.639 E221.87683
G0 F9000 X104.938 Y112.575
G0 X104.576 Y111.364
G1 F1099.4 X104.471 Y111.259 E221.87831
G0 F9000 X104.493 Y111.281
G1 F1500 E215.37831
G0 F9000 X105.19 Y110.901
G0 X106.225 Y110.596
G0 X112.893 Y107.491
G0 X113.722 Y106.776
G0 X115.085 Y107.956
;TYPE:WALL-INNER
G1 F1500 E221.87831
G1 F1099.4 X115.137 Y108.055 E221.88054
G1 X115.249 Y108.515 E221.88999
G1 X115.116 Y108.062 E221.89024
G1 X115.085 Y107.956 E221.89029
G0 F9000 X114.368 Y106.708
G1 F1099.4 X114.52 Y106.879 E221.89486
G1 X114.705 Y107.232 E221.90281
G1 X114.491 Y106.899 E221.90313
G1 X114.368 Y106.708 E221.90333
G0 F9000 X113.363 Y105.696
G1 F1099.4 X113.644 Y105.89 E221.91014
G1 X113.834 Y106.104 E221.91585
G1 X113.62 Y105.919 E221.91609
G1 X113.363 Y105.696 E221.9164
G0 F9000 X112.145 Y104.982
G1 F1099.4 X112.553 Y105.137 E221.92511
G1 X112.689 Y105.231 E221.92841
G1 X112.541 Y105.164 E221.92851
G1 X112.145 Y104.982 E221.92882
G0 F9000 X110.819 Y104.607
G1 F1099.4 X111.314 Y104.667 E221.93877
G1 X111.359 Y104.684 E221.93973
G1 X111.313 Y104.678 E221.93973
G1 X110.819 Y104.607 E221.93988
G0 F9000 X108.639 Y104.685
G1 F1099.4 X108.685 Y104.667 E221.94086
G1 X109.185 Y104.607 E221.95091
G1 X108.687 Y104.678 E221.95105
G1 X108.639 Y104.685 E221.95105
G0 F9000 X107.311 Y105.231
G1 F1099.4 X107.447 Y105.137 E221.95435
G1 X107.857 Y104.982 E221.9631
G1 X107.46 Y105.163 E221.9634
G1 X107.311 Y105.231 E221.96351
G0 F9000 X106.165 Y106.105
G1 F1099.4 X106.356 Y105.89 E221.96925
G1 X106.637 Y105.696 E221.97606
G1 X106.381 Y105.918 E221.97634
G1 X106.165 Y106.105 E221.97659
G0 F9000 X105.29 Y107.24
G1 F1099.4 X105.479 Y106.88 E221.9847
G1 X105.634 Y106.704 E221.98938
G1 X105.509 Y106.899 E221.98957
G1 X105.29 Y107.24 E221.98991
G0 F9000 X104.751 Y108.514
G1 F1099.4 X104.862 Y108.054 E221.99936
G1 X104.916 Y107.951 E222.00168
G1 X104.884 Y108.06 E222.00172
G1 X104.751 Y108.514 E222.00198
G0 F9000 X104.239 Y108.915
G1 F1099.4 X104.299 Y108.669 E222.00703
G1 X104.486 Y107.911 E222.02261
G1 X105.147 Y106.652 E222.05099
G1 X105.335 Y106.44 E222.05665
G1 X105.866 Y105.841 E222.07262
G1 X106.09 Y105.588 E222.07936
G1 X106.129 Y105.562 E222.0803
G1 X106.41 Y105.368 E222.08711
G1 X107.261 Y104.78 E222.10775
G1 X108.588 Y104.276 E222.13608
G1 X110 Y104.105 E222.16447
G1 X111.411 Y104.276 E222.19283
G1 X112.739 Y104.78 E222.22118
G1 X113.91 Y105.588 E222.24957
G1 X114.132 Y105.839 E222.25626
G1 X114.818 Y106.614 E222.27691
G1 X114.852 Y106.652 E222.27793
G1 X115.513 Y107.911 E222.3063
G1 X115.524 Y107.959 E222.30729
G1 X115.7 Y108.668 E222.32187
G1 X115.76 Y108.914 E222.32692
G1 X115.507 Y108.914 E222.32998
G1 X115.506 Y108.914 E222.33
G1 X114.949 Y108.915 E222.34112
G1 X114.645 Y107.879 E222.36266
G1 X113.859 Y106.656 E222.39168
G1 X112.761 Y105.704 E222.42068
G1 X111.439 Y105.1 E222.44968
G1 X110 Y104.894 E222.47869
G1 X108.561 Y105.1 E222.5077
G1 X107.239 Y105.704 E222.53671
G1 X106.141 Y106.656 E222.56571
G1 X105.355 Y107.879 E222.59472
G1 X105.051 Y108.914 E222.61625
G1 X104.493 Y108.915 E222.62738
G1 X104.492 Y108.915 E222.6274
G1 X104.239 Y108.915 E222.63046
G0 F9000 X103.738 Y109.315
;TYPE:WALL-OUTER
G1 F1099.4 X103.745 Y109.25 E222.63177
G1 X104.11 Y107.767 E222.66225
G1 X104.815 Y106.424 E222.69252
G1 X105.824 Y105.286 E222.72287
G1 X107.075 Y104.423 E222.7532
G1 X108.491 Y103.885 E222.78343
G1 X110 Y103.702 E222.81376
G1 X111.508 Y103.885 E222.84407
G1 X112.925 Y104.423 E222.87432
G1 X114.176 Y105.286 E222.90465
G1 X115.184 Y106.424 E222.93499
G1 X115.889 Y107.767 E222.96526
G1 X116.254 Y109.25 E222.99574
G1 X116.261 Y109.314 E222.99702
G1 X114.649 Y109.315 E223.02919
G1 X114.277 Y108.047 E223.05556
G1 X113.554 Y106.921 E223.08226
G1 X112.542 Y106.044 E223.10899
G1 X111.325 Y105.488 E223.13569
G1 X110 Y105.298 E223.1624
G1 X108.675 Y105.488 E223.18911
G1 X107.458 Y106.044 E223.21582
G1 X106.446 Y106.921 E223.24254
G1 X105.723 Y108.047 E223.26924
G1 X105.351 Y109.314 E223.29559
G1 X103.738 Y109.315 E223.32778
G0 F9000 X104.062 Y109.054
G0 X104.972 Y107.8
G0 X104.896 Y107.724
;TYPE:SKIN
G1 F1099.4 X105.068 Y107.614 E223.33318
G1 X105.172 Y107.435 E223.33865
G0 F9000 X105.648 Y106.497
G1 F1099.4 X105.852 Y106.418 E223.34392
G1 X105.992 Y106.275 E223.34874
G0 F9000 X105.844 Y106.127
G0 X106.756 Y105.341
G0 X106.902 Y105.488
G1 F1099.4 X107.07 Y105.372 E223.35703
G0 F9000 X106.923 Y105.225
G0 X107.982 Y104.871
G0 X108.085 Y104.974
G1 F1099.4 X108.22 Y104.826 E223.36268
G1 X108.387 Y104.71 E223.3684
G0 F9000 X109.459 Y104.651
G1 F1099.4 X109.636 Y104.545 E223.37357
G1 X110.447 Y104.507 E223.39393
G1 X110.625 Y104.402 E223.39911
G0 F9000 X110.573 Y104.35
G0 X111.512 Y104.723
G0 X111.712 Y104.923
G1 F1099.4 X111.802 Y104.731 E223.41019
G0 F9000 X111.61 Y104.539
G0 X112.869 Y105.233
G0 X113.052 Y105.415
G1 F1099.4 X113.328 Y105.408 E223.41486
G1 X112.94 Y105.586 E223.42207
G0 F9000 X112.767 Y105.413
G0 X113.9 Y106.263
G0 X114.07 Y106.433
G1 F1099.4 X114.22 Y106.301 E223.43198
G0 F9000 X114.04 Y106.121
G0 X114.746 Y107.392
G0 X114.934 Y107.58
G1 F1099.4 X114.798 Y107.727 E223.43638
G1 X114.991 Y107.354 E223.44559
G0 F9000 X115.057 Y107.42
G0 X115.423 Y108.634
G1 F1099.4 X115.527 Y108.738 E223.44706
G0 F9000 X115.506 Y108.718
G1 F1500 E216.94706
;MESH:NONMESH
G0 F300 X115.506 Y108.718 Z6.24
G0 F9000 X115.083 Y109.114
G0 X115.083 Y110.905
G0 X115.085 Y112.045
;TIME_ELAPSED:796.207273
;LAYER:51
;TYPE:WALL-INNER
;MESH:carrucola plisse.stl
G1 F1500 E223.44706
G1 F1095.3 X115.116 Y111.939 E223.44926
G1 X115.258 Y111.454 E223.45935
G1 X115.137 Y111.945 E223.45962
G1 X115.085 Y112.045 E223.45969
G0 F9000 X114.368 Y113.292
G1 F1095.3 X114.49 Y113.102 E223.4642
G1 X114.705 Y112.768 E223.47213
G1 X114.52 Y113.121 E223.47249
G1 X114.368 Y113.292 E223.47272
G0 F9000 X113.363 Y114.304
G1 F1095.3 X113.619 Y114.082 E223.47949
G1 X113.834 Y113.896 E223.48516
G1 X113.644 Y114.11 E223.48545
G1 X113.363 Y114.304 E223.4858
G0 F9000 X112.145 Y115.018
G1 F1095.3 X112.54 Y114.837 E223.49447
G1 X112.689 Y114.769 E223.49774
G1 X112.553 Y114.863 E223.49789
G1 X112.145 Y115.018 E223.49822
G0 F9000 X110.819 Y115.393
G1 F1095.3 X111.312 Y115.323 E223.50816
G1 X111.359 Y115.316 E223.50911
G1 X111.314 Y115.333 E223.50913
G1 X110.819 Y115.393 E223.50925
G0 F9000 X108.607 Y114.744
G0 X107.328 Y114.159
G0 X104.917 Y112.049
G1 F1095.3 X104.862 Y111.945 E223.5116
G1 X104.742 Y111.453 E223.52171
G1 X104.884 Y111.938 E223.52199
G1 X104.917 Y112.049 E223.52203
G0 F9000 X105.634 Y113.296
G1 F1095.3 X105.479 Y113.12 E223.52672
G1 X105.29 Y112.76 E223.53483
G1 X105.508 Y113.1 E223.53515
G1 X105.634 Y113.296 E223.53536
G0 F9000 X106.637 Y114.304
G1 F1095.3 X106.356 Y114.11 E223.54217
G1 X106.165 Y113.895 E223.54791
G1 X106.38 Y114.081 E223.54816
G1 X106.637 Y114.304 E223.54847
G0 F9000 X107.857 Y115.018
G1 F1095.3 X107.447 Y114.863 E223.55722
G1 X107.311 Y114.769 E223.56052
G1 X107.459 Y114.836 E223.56062
G1 X107.857 Y115.018 E223.56092
G0 F9000 X109.185 Y115.393
G1 F1095.3 X108.685 Y115.333 E223.57097
G1 X108.639 Y115.315 E223.57196
G1 X108.686 Y115.321
G1 X109.185 Y115.393 E223.57212
G0 F9000 X110 Y115.895
G1 F1095.3 X108.588 Y115.724 E223.6005
G1 X107.261 Y115.22 E223.62883
G1 X106.09 Y114.412 E223.65722
G1 X106.058 Y114.375 E223.6582
G1 X105.867 Y114.16 E223.66394
G1 X105.336 Y113.561 E223.67991
G1 X105.147 Y113.348 E223.68559
G1 X104.486 Y112.089 E223.71397
G1 X104.475 Y112.041 E223.71495
G1 X104.292 Y111.3 E223.73019
G1 X104.231 Y111.054 E223.73524
G1 X104.484 Y111.054 E223.73831
G1 X104.485 Y111.054 E223.73833
G1 X105.042 Y111.053 E223.74944
G1 X105.355 Y112.121 E223.77165
G1 X106.141 Y113.344 E223.80066
G1 X107.239 Y114.296 E223.82967
G1 X108.561 Y114.9 E223.85867
G1 X110 Y115.106 E223.88768
G1 X111.439 Y114.9 E223.91669
G1 X112.761 Y114.296 E223.94569
G1 X113.859 Y113.344 E223.9747
G1 X114.645 Y112.121 E224.00371
G1 X114.958 Y111.054 E224.0259
G1 X115.514 Y111.053 E224.03699
G1 X115.515 Y111.053 E224.03701
G1 X115.768 Y111.053 E224.04206
G1 X115.708 Y111.299 E224.04513
G1 X115.513 Y112.089 E224.06137
G1 X114.852 Y113.348 E224.08974
G1 X114.819 Y113.385 E224.09073
G1 X114.133 Y114.16 E224.11139
G1 X113.91 Y114.412 E224.1181
G1 X113.59 Y114.632 E224.12585
G1 X112.916 Y115.097 E224.14219
G1 X112.78 Y115.191 E224.14549
G1 X112.739 Y115.22 E224.1465
G1 X111.411 Y115.724 E224.17484
G1 X110 Y115.895 E224.20321
G0 F9000 X110 Y116.298
;TYPE:WALL-OUTER
G1 F1095.3 X108.491 Y116.115 E224.23354
G1 X107.075 Y115.577 E224.26377
G1 X105.824 Y114.714 E224.2941
G1 X104.815 Y113.576 E224.32445
G1 X104.11 Y112.233 E224.35472
G1 X103.745 Y110.75 E224.3852
G1 X103.736 Y110.654 E224.38712
G1 X105.346 Y110.653 E224.41925
G1 X105.35 Y110.681 E224.41981
G1 X105.723 Y111.953 E224.44627
G1 X106.446 Y113.079 E224.47297
G1 X107.458 Y113.956 E224.49969
G1 X108.675 Y114.512 E224.5264
G1 X110 Y114.702 E224.55311
G1 X111.325 Y114.512 E224.57982
G1 X112.542 Y113.956 E224.60652
G1 X113.554 Y113.079 E224.63325
G1 X114.277 Y111.953 E224.65995
G1 X114.65 Y110.681 E224.6864
G1 X114.653 Y110.654 E224.68694
G1 X116.264 Y110.653 E224.71909
G1 X116.254 Y110.75 E224.72104
G1 X115.889 Y112.233 E224.75152
G1 X115.184 Y113.576 E224.78179
G1 X114.176 Y114.714 E224.81212
G1 X112.925 Y115.577 E224.84245
G1 X111.508 Y116.115 E224.8727
G1 X110 Y116.298 E224.90302
G0 F9000 X110 Y115.858
G0 X110.244 Y115.463
;TYPE:SKIN
G1 F1095.3 X110.48 Y115.511 E224.90835
G1 X110.657 Y115.616 E224.91291
G1 X109.682 Y115.459 E224.9348
G1 X109.48 Y115.379 E224.93961
G0 F9000 X108.397 Y115.33
G1 F1095.3 X108.257 Y115.187 E224.94531
G1 X108.085 Y115.076 E224.95115
G0 F9000 X107.946 Y115.216
G0 X107.253 Y114.494
G0 X107.103 Y114.644
G1 F1095.3 X106.931 Y114.533 E224.95753
G1 X106.815 Y114.367 E224.96385
G0 F9000 X106.703 Y114.479
G0 X105.87 Y113.898
G0 X106.019 Y113.748
G1 F1095.3 X105.877 Y113.608 E224.97039
G1 X105.754 Y113.448 E224.97701
G0 F9000 X105.904 Y113.299
G0 X105.107 Y112.681
G0 X105.228 Y112.56
G1 F1095.3 X105.088 Y112.417 E224.98273
G1 X104.949 Y112.273 E224.98845
G0 F9000 X105.06 Y112.162
G0 X104.479 Y111.329
G1 F1095.3 X104.581 Y111.227 E224.98989
G0 F9000 X106.263 Y113.237
G0 X107.328 Y114.159
G0 X108.479 Y114.685
G0 X111.524 Y115.315
G0 X111.725 Y115.113
G1 F1095.3 X111.852 Y115.27 E225.00007
G0 F9000 X111.694 Y115.428
G0 X112.89 Y114.798
G0 X113.074 Y114.614
G1 F1095.3 X112.96 Y114.444 E225.01019
G0 F9000 X112.787 Y114.618
G0 X113.926 Y113.761
G0 X114.098 Y113.589
G1 F1095.3 X114.093 Y113.312 E225.01452
G1 X114.248 Y113.722 E225.02138
G0 F9000 X114.066 Y113.904
G0 X114.778 Y112.627
G0 X114.968 Y112.436
G1 F1095.3 X114.778 Y112.344 E225.02579
G1 X114.979 Y112.709 E225.03448
G0 F9000 X115.001 Y112.687
G0 X115.488 Y111.35
G0 X115.504 Y111.334
G1 F1095.3 X115.313 Y111.243 E225.03538
G0 F9000 X115.297 Y111.259
G1 F1500 E218.53538
G0 F9000 X115.086 Y110.854
G0 X115.085 Y109.144
G0 X115.084 Y107.954
;TYPE:WALL-INNER
G1 F1500 E225.03538
G1 F1095.3 X115.137 Y108.054 E225.03763
G1 X115.257 Y108.544 E225.0477
G1 X115.116 Y108.061 E225.04797
G1 X115.084 Y107.954 E225.04802
G0 F9000 X114.368 Y106.708
G1 F1095.3 X114.52 Y106.879 E225.05259
G1 X114.705 Y107.232 E225.06054
G1 X114.491 Y106.899 E225.06086
G1 X114.368 Y106.708 E225.06106
G0 F9000 X113.363 Y105.696
G1 F1095.3 X113.644 Y105.89 E225.06787
G1 X113.834 Y106.104 E225.07358
G1 X113.62 Y105.919 E225.07381
G1 X113.363 Y105.696 E225.07413
G0 F9000 X112.145 Y104.982
G1 F1095.3 X112.553 Y105.137 E225.08284
G1 X112.689 Y105.231 E225.08614
G1 X112.541 Y105.164 E225.08624
G1 X112.145 Y104.982 E225.08654
G0 F9000 X110.819 Y104.607
G1 F1095.3 X111.314 Y104.667 E225.09649
G1 X111.359 Y104.684 E225.09745
G1 X111.313 Y104.678 E225.09746
G1 X110.819 Y104.607 E225.0976
G0 F9000 X108.639 Y104.685
G1 F1095.3 X108.685 Y104.667 E225.09859
G1 X109.185 Y104.607 E225.10864
G1 X108.687 Y104.678 E225.10878
G1 X108.639 Y104.685 E225.10878
G0 F9000 X107.311 Y105.231
G1 F1095.3 X107.447 Y105.137 E225.11208
G1 X107.857 Y104.982 E225.12083
G1 X107.46 Y105.163 E225.12112
G1 X107.311 Y105.231 E225.12123
G0 F9000 X106.165 Y106.105
G1 F1095.3 X106.356 Y105.89 E225.12697
G1 X106.637 Y105.696 E225.13379
G1 X106.381 Y105.918 E225.13407
G1 X106.165 Y106.105 E225.13432
G0 F9000 X105.29 Y107.24
G1 F1095.3 X105.479 Y106.88 E225.14243
G1 X105.634 Y106.704 E225.14711
G1 X105.509 Y106.899 E225.1473
G1 X105.29 Y107.24 E225.14764
G0 F9000 X104.742 Y108.544
G1 F1095.3 X104.862 Y108.055 E225.15769
G1 X104.916 Y107.952 E225.16001
G1 X104.884 Y108.061 E225.16005
G1 X104.742 Y108.544 E225.16033
G0 F9000 X104.232 Y108.945
G1 F1095.3 X104.292 Y108.699 E225.16538
G1 X104.486 Y107.911 E225.18158
G1 X105.147 Y106.652 E225.20995
G1 X105.335 Y106.44 E225.21561
G1 X105.866 Y105.841 E225.23158
G1 X106.09 Y105.588 E225.23833
G1 X106.129 Y105.562 E225.23926
G1 X106.41 Y105.368 E225.24608
G1 X107.261 Y104.78 E225.26672
G1 X108.588 Y104.276 E225.29505
G1 X110 Y104.105 E225.32343
G1 X111.411 Y104.276 E225.35179
G1 X112.739 Y104.78 E225.38014
G1 X113.91 Y105.588 E225.40853
G1 X114.132 Y105.839 E225.41522
G1 X114.818 Y106.614 E225.43587
G1 X114.852 Y106.652 E225.43689
G1 X115.513 Y107.911 E225.46527
G1 X115.524 Y107.958 E225.46623
G1 X115.644 Y108.448 E225.4763
G1 X115.706 Y108.698 E225.48144
G1 X115.767 Y108.944 E225.4865
G1 X115.514 Y108.944 E225.48956
G1 X115.513 Y108.944 E225.48958
G1 X114.957 Y108.945 E225.50068
G1 X114.645 Y107.879 E225.52284
G1 X113.859 Y106.656 E225.55185
G1 X112.761 Y105.704 E225.58085
G1 X111.439 Y105.1 E225.60986
G1 X110 Y104.894 E225.63887
G1 X108.561 Y105.1 E225.66788
G1 X107.239 Y105.704 E225.69688
G1 X106.141 Y106.656 E225.72588
G1 X105.355 Y107.879 E225.7549
G1 X105.042 Y108.944 E225.77705
G1 X104.486 Y108.945 E225.78814
G1 X104.485 Y108.945 E225.78816
G1 X104.232 Y108.945 E225.79123
G0 F9000 X103.735 Y109.345
;TYPE:WALL-OUTER
G1 F1095.3 X103.745 Y109.25 E225.79313
G1 X104.11 Y107.767 E225.82361
G1 X104.815 Y106.424 E225.85388
G1 X105.824 Y105.286 E225.88423
G1 X107.075 Y104.423 E225.91456
G1 X108.491 Y103.885 E225.94479
G1 X110 Y103.702 E225.97512
G1 X111.508 Y103.885 E226.00544
G1 X112.925 Y104.423 E226.03569
G1 X114.176 Y105.286 E226.06602
G1 X115.184 Y106.424 E226.09635
G1 X115.889 Y107.767 E226.12662
G1 X116.254 Y109.25 E226.1571
G1 X116.264 Y109.344 E226.15899
G1 X114.653 Y109.345 E226.19114
G1 X114.65 Y109.319 E226.19166
G1 X114.277 Y108.047 E226.21811
G1 X113.554 Y106.921 E226.24482
G1 X112.542 Y106.044 E226.27154
G1 X111.325 Y105.488 E226.29824
G1 X110 Y105.298 E226.32495
G1 X108.675 Y105.488 E226.35166
G1 X107.458 Y106.044 E226.37837
G1 X106.446 Y106.921 E226.40509
G1 X105.723 Y108.047 E226.43179
G1 X105.349 Y109.32 E226.45827
G1 X105.346 Y109.344 E226.45875
G1 X103.735 Y109.345 E226.4909
G0 F9000 X104.494 Y108.769
;TYPE:SKIN
G1 F1095.3 X104.593 Y108.669 E226.49231
G0 F9000 X105.098 Y107.598
G1 F1095.3 X104.991 Y107.422 E226.49651
G1 X105.172 Y107.806 E226.50518
G0 F9000 X105.226 Y107.753
G0 X105.791 Y106.623
G0 X105.957 Y106.456
G1 F1095.3 X105.806 Y106.324 E226.51487
G0 F9000 X105.63 Y106.501
G0 X106.787 Y105.627
G0 X106.966 Y105.447
G1 F1095.3 X107.195 Y105.501 E226.51885
G1 X106.766 Y105.364 E226.52645
G0 F9000 X106.664 Y105.467
G0 X108.02 Y104.96
G0 X108.227 Y104.752
G1 F1095.3 X108.337 Y104.925 E226.53122
G1 X107.978 Y104.719 E226.54086
G0 F9000 X108.019 Y104.678
G0 X109.332 Y104.496
G1 F1095.3 X109.486 Y104.342 E226.54303
G0 F9000 X109.586 Y104.525
G1 F1095.3 X109.861 Y104.532 E226.55008
G1 X110.409 Y104.55 E226.56413
G1 X110.559 Y104.683 E226.56927
G0 F9000 X110.459 Y104.784
G0 X111.466 Y104.908
G0 X111.619 Y104.754
G1 F1095.3 X111.815 Y104.841 E226.57562
G1 X111.912 Y105.027 E226.58183
G0 F9000 X111.98 Y104.96
G0 X112.816 Y105.537
G0 X112.962 Y105.391
G1 F1095.3 X113.125 Y105.511 E226.59016
G0 F9000 X112.976 Y105.66
G0 X113.885 Y106.448
G0 X114.031 Y106.302
G1 F1095.3 X114.167 Y106.449 E226.59829
G0 F9000 X114.025 Y106.591
G0 X115.001 Y107.313
G0 X114.845 Y107.468
G1 F1095.3 X114.949 Y107.647 E226.60397
G1 X115.152 Y107.727 E226.60995
G0 F9000 X115.109 Y107.77
G1 F1500 E220.10995
;MESH:NONMESH
G0 F300 X115.109 Y107.77 Z6.36
G0 F9000 X115.083 Y109.144
G0 X115.084 Y110.854
G0 X115.085 Y112.044
;TIME_ELAPSED:812.806611
;LAYER:52
;TYPE:WALL-INNER
;MESH:carrucola plisse.stl
G1 F1500 E226.60995
G1 F1110.7 X115.115 Y111.939 E226.61213
G1 X115.255 Y111.465 E226.62199
G1 X115.137 Y111.945 E226.62226
G1 X115.085 Y112.044 E226.62236
G0 F9000 X114.368 Y113.292
G1 F1110.7 X114.49 Y113.102 E226.62686
G1 X114.705 Y112.768 E226.63479
G1 X114.52 Y113.121 E226.63516
G1 X114.368 Y113.292 E226.63539
G0 F9000 X113.363 Y114.304
G1 F1110.7 X113.619 Y114.082 E226.64215
G1 X113.834 Y113.896 E226.64782
G1 X113.644 Y114.11 E226.64811
G1 X113.363 Y114.304 E226.64846
G0 F9000 X112.145 Y115.018
G1 F1110.7 X112.54 Y114.837 E226.65713
G1 X112.689 Y114.769 E226.6604
G1 X112.553 Y114.863 E226.66055
G1 X112.145 Y115.018 E226.66088
G0 F9000 X110.819 Y115.393
G1 F1110.7 X111.312 Y115.323 E226.67082
G1 X111.359 Y115.316 E226.67177
G1 X111.314 Y115.333 E226.67179
G1 X110.819 Y115.393 E226.67191
G0 F9000 X108.607 Y114.744
G0 X107.328 Y114.159
G0 X104.916 Y112.049
G1 F1110.7 X104.862 Y111.946 E226.67424
G1 X104.739 Y111.443 E226.68457
G1 X104.884 Y111.939 E226.68485
G1 X104.916 Y112.049 E226.6849
G0 F9000 X105.634 Y113.296
G1 F1110.7 X105.479 Y113.12 E226.68958
G1 X105.29 Y112.76 E226.6977
G1 X105.508 Y113.1 E226.69802
G1 X105.634 Y113.296 E226.69823
G0 F9000 X106.637 Y114.304
G1 F1110.7 X106.356 Y114.11 E226.70504
G1 X106.165 Y113.895 E226.71078
G1 X106.38 Y114.081 E226.71102
G1 X106.637 Y114.304 E226.71134
G0 F9000 X107.857 Y115.018
G1 F1110.7 X107.447 Y114.863 E226.72009
G1 X107.311 Y114.769 E226.72338
G1 X107.459 Y114.836 E226.72348
G1 X107.857 Y115.018 E226.72379
G0 F9000 X109.185 Y115.393
G1 F1110.7 X108.685 Y115.333 E226.73384
G1 X108.639 Y115.315 E226.73483
G1 X108.686 Y115.321
G1 X109.185 Y115.393 E226.73499
G0 F9000 X110 Y115.895
G1 F1110.7 X108.588 Y115.724 E226.76337
G1 X107.261 Y115.22 E226.7917
G1 X106.09 Y114.412 E226.82009
G1 X106.058 Y114.375 E226.82107
G1 X105.867 Y114.16 E226.82681
G1 X105.336 Y113.561 E226.84278
G1 X105.147 Y113.348 E226.84846
G1 X104.486 Y112.089 E226.87684
G1 X104.475 Y112.042 E226.8778
G1 X104.276 Y111.237 E226.89435
G1 X104.216 Y110.991 E226.8994
G1 X104.469 Y110.991 E226.90247
G1 X104.47 Y110.991 E226.90249
G1 X105.023 Y110.99 E226.91352
G1 X105.355 Y112.121 E226.93705
G1 X106.141 Y113.344 E226.96606
G1 X107.239 Y114.296 E226.99506
G1 X108.561 Y114.9 E227.02406
G1 X110 Y115.106 E227.05307
G1 X111.439 Y114.9 E227.08208
G1 X112.761 Y114.296 E227.11109
G1 X113.859 Y113.344 E227.14009
G1 X114.645 Y112.121 E227.1691
G1 X114.977 Y110.991 E227.19261
G1 X115.529 Y110.99 E227.20362
G1 X115.53 Y110.99 E227.20364
G1 X115.783 Y110.99 E227.20869
G1 X115.723 Y111.236 E227.21176
G1 X115.513 Y112.089 E227.22929
G1 X114.852 Y113.348 E227.25766
G1 X114.819 Y113.385 E227.25865
G1 X114.133 Y114.16 E227.27931
G1 X113.91 Y114.412 E227.28602
G1 X113.59 Y114.632 E227.29377
G1 X112.916 Y115.097 E227.31011
G1 X112.78 Y115.191 E227.31341
G1 X112.739 Y115.22 E227.31441
G1 X111.411 Y115.724 E227.34276
G1 X110 Y115.895 E227.37112
G0 F9000 X110 Y116.298
;TYPE:WALL-OUTER
G1 F1110.7 X108.491 Y116.115 E227.40146
G1 X107.075 Y115.577 E227.43169
G1 X105.824 Y114.714 E227.46202
G1 X104.815 Y113.576 E227.49237
G1 X104.11 Y112.233 E227.52264
G1 X103.745 Y110.75 E227.55312
G1 X103.73 Y110.591 E227.5563
G1 X105.338 Y110.59 E227.58839
G1 X105.349 Y110.68 E227.5902
G1 X105.723 Y111.953 E227.61668
G1 X106.446 Y113.079 E227.64338
G1 X107.458 Y113.956 E227.67011
G1 X108.675 Y114.512 E227.69681
G1 X110 Y114.702 E227.72352
G1 X111.325 Y114.512 E227.75023
G1 X112.542 Y113.956 E227.77693
G1 X113.554 Y113.079 E227.80366
G1 X114.277 Y111.953 E227.83036
G1 X114.651 Y110.68 E227.85684
G1 X114.661 Y110.591 E227.85863
G1 X116.27 Y110.59 E227.89074
G1 X116.254 Y110.75 E227.89394
G1 X115.889 Y112.233 E227.92442
G1 X115.184 Y113.576 E227.95469
G1 X114.176 Y114.714 E227.98503
G1 X112.925 Y115.577 E228.01536
G1 X111.508 Y116.115 E228.04561
G1 X110 Y116.298 E228.07592
G0 F9000 X110 Y115.858
G0 X109.808 Y115.464
;TYPE:SKIN
G1 F1110.7 X109.553 Y115.492 E228.08153
G1 X109.375 Y115.598 E228.08607
G1 X110.362 Y115.453 E228.10789
G1 X110.541 Y115.349 E228.11242
G0 F9000 X111.609 Y115.286
G1 F1110.7 X111.777 Y115.172 E228.11844
G1 X111.914 Y115.025 E228.12439
G0 F9000 X112.019 Y115.13
G0 X112.781 Y114.478
G0 X112.928 Y114.625
G1 F1110.7 X113.096 Y114.51 E228.13272
G0 F9000 X112.949 Y114.363
G0 X113.859 Y113.576
G0 X114.006 Y113.723
G1 F1110.7 X114.145 Y113.58 E228.13831
G1 X114.337 Y113.488 E228.14429
G0 F9000 X114.419 Y113.57
G0 X114.984 Y112.721
G0 X114.826 Y112.563
G1 F1110.7 X114.929 Y112.383 E228.15062
G1 X115.097 Y112.268 E228.15684
G0 F9000 X115.193 Y111.233
G1 F1110.7 X115.468 Y111.225 E228.16046
G0 F9000 X115.529 Y111.286
G0 X113.737 Y113.237
G0 X112.672 Y114.159
G0 X111.521 Y114.685
G0 X108.485 Y115.273
G0 X108.286 Y115.074
G1 F1110.7 X108.196 Y115.267 E228.17154
G0 F9000 X108.389 Y115.46
G0 X107.128 Y114.765
G0 X106.945 Y114.582
G1 F1110.7 X107.058 Y114.412 E228.17634
G1 X106.67 Y114.589 E228.18636
G0 F9000 X105.778 Y113.698
G1 F1110.7 X105.929 Y113.566 E228.19616
G0 F9000 X106.097 Y113.734
G0 X105.246 Y112.6
G0 X105.063 Y112.417
G1 F1110.7 X105.201 Y112.272 E228.20041
G1 X105.002 Y112.639 E228.20927
G0 F9000 X104.938 Y112.575
G0 X104.54 Y111.329
G0 X104.499 Y111.287
G1 F1110.7 X104.711 Y111.216 E228.21191
G0 F9000 X104.764 Y111.269
G1 F1500 E221.71191
G0 F9000 X105.194 Y110.865
G0 X106.199 Y110.504
G0 X112.893 Y107.491
G0 X113.722 Y106.776
G0 X115.085 Y107.955
;TYPE:WALL-INNER
G1 F1500 E228.21191
G1 F1110.7 X115.137 Y108.054 E228.21415
G1 X115.256 Y108.542 E228.22417
G1 X115.116 Y108.061 E228.22442
G1 X115.085 Y107.955 E228.22447
G0 F9000 X114.368 Y106.708
G1 F1110.7 X114.52 Y106.879 E228.22903
G1 X114.705 Y107.232 E228.23699
G1 X114.491 Y106.899 E228.2373
G1 X114.368 Y106.708 E228.2375
G0 F9000 X113.363 Y105.696
G1 F1110.7 X113.644 Y105.89 E228.24432
G1 X113.834 Y106.104 E228.25003
G1 X113.62 Y105.919 E228.25026
G1 X113.363 Y105.696 E228.25058
G0 F9000 X112.145 Y104.982
G1 F1110.7 X112.553 Y105.137 E228.25929
G1 X112.689 Y105.231 E228.26259
G1 X112.541 Y105.164 E228.26268
G1 X112.145 Y104.982 E228.26299
G0 F9000 X110.819 Y104.607
G1 F1110.7 X111.314 Y104.667 E228.27294
G1 X111.359 Y104.684 E228.2739
G1 X111.313 Y104.678 E228.2739
G1 X110.819 Y104.607 E228.27405
G0 F9000 X108.639 Y104.685
G1 F1110.7 X108.685 Y104.667 E228.27504
G1 X109.185 Y104.607 E228.28509
G1 X108.687 Y104.678 E228.28522
G1 X108.639 Y104.685 E228.28523
G0 F9000 X107.311 Y105.231
G1 F1110.7 X107.447 Y105.137 E228.28853
G1 X107.857 Y104.982 E228.29727
G1 X107.46 Y105.163 E228.29757
G1 X107.311 Y105.231 E228.29768
G0 F9000 X106.165 Y106.105
G1 F1110.7 X106.356 Y105.89 E228.30342
G1 X106.637 Y105.696 E228.31023
G1 X106.381 Y105.918 E228.31052
G1 X106.165 Y106.105 E228.31076
G0 F9000 X105.29 Y107.24
G1 F1110.7 X105.479 Y106.88 E228.31888
G1 X105.634 Y106.704 E228.32356
G1 X105.509 Y106.899 E228.32374
G1 X105.29 Y107.24 E228.32409
G0 F9000 X104.741 Y108.546
G1 F1110.7 X104.862 Y108.055 E228.33418
G1 X104.916 Y107.952 E228.3365
G1 X104.884 Y108.061 E228.33654
G1 X104.741 Y108.546 E228.33681
G0 F9000 X104.214 Y109.018
G1 F1110.7 X104.274 Y108.772 E228.34186
G1 X104.486 Y107.911 E228.35956
G1 X105.147 Y106.652 E228.38794
G1 X105.335 Y106.44 E228.39359
G1 X105.866 Y105.841 E228.40957
G1 X106.09 Y105.588 E228.41631
G1 X106.129 Y105.562 E228.41724
G1 X106.41 Y105.368 E228.42406
G1 X107.261 Y104.78 E228.4447
G1 X108.588 Y104.276 E228.47303
G1 X110 Y104.105 E228.50141
G1 X111.411 Y104.276 E228.52978
G1 X112.739 Y104.78 E228.55812
G1 X113.91 Y105.588 E228.58651
G1 X114.132 Y105.839 E228.5932
G1 X114.818 Y106.614 E228.61386
G1 X114.852 Y106.652 E228.61487
G1 X115.513 Y107.911 E228.64325
G1 X115.524 Y107.958 E228.64421
G1 X115.725 Y108.771 E228.66093
G1 X115.785 Y109.017 E228.66598
G1 X115.532 Y109.017 E228.66904
G1 X115.531 Y109.017 E228.66906
G1 X114.979 Y109.018 E228.68008
G1 X114.645 Y107.879 E228.70377
G1 X113.859 Y106.656 E228.73278
G1 X112.761 Y105.704 E228.76178
G1 X111.439 Y105.1 E228.79078
G1 X110 Y104.894 E228.81979
G1 X108.561 Y105.1 E228.8488
G1 X107.239 Y105.704 E228.87781
G1 X106.141 Y106.656 E228.90681
G1 X105.355 Y107.879 E228.93582
G1 X105.02 Y109.017 E228.95949
G1 X104.468 Y109.018 E228.97051
G1 X104.467 Y109.018 E228.97053
G1 X104.214 Y109.018 E228.97359
G0 F9000 X103.729 Y109.418
;TYPE:WALL-OUTER
G1 F1110.7 X103.745 Y109.25 E228.97696
G1 X104.11 Y107.767 E229.00744
G1 X104.815 Y106.424 E229.03771
G1 X105.824 Y105.286 E229.06806
G1 X107.075 Y104.423 E229.09839
G1 X108.491 Y103.885 E229.12862
G1 X110 Y103.702 E229.15895
G1 X111.508 Y103.885 E229.18927
G1 X112.925 Y104.423 E229.21951
G1 X114.176 Y105.286 E229.24984
G1 X115.184 Y106.424 E229.28018
G1 X115.889 Y107.767 E229.31045
G1 X116.254 Y109.25 E229.34093
G1 X116.27 Y109.417 E229.34428
G1 X114.663 Y109.418 E229.37635
G1 X114.65 Y109.319 E229.37834
G1 X114.277 Y108.047 E229.40479
G1 X113.554 Y106.921 E229.4315
G1 X112.542 Y106.044 E229.45822
G1 X111.325 Y105.488 E229.48492
G1 X110 Y105.298 E229.51163
G1 X108.675 Y105.488 E229.53834
G1 X107.458 Y106.044 E229.56505
G1 X106.446 Y106.921 E229.59177
G1 X105.723 Y108.047 E229.61847
G1 X105.349 Y109.32 E229.64495
G1 X105.338 Y109.417 E229.6469
G1 X103.729 Y109.418 E229.67901
G0 F9000 X104.037 Y109.157
G0 X104.468 Y108.711
G0 X104.533 Y108.776
;TYPE:SKIN
G1 F1110.7 X104.817 Y108.777 E229.6826
G0 F9000 X104.88 Y108.84
G0 X104.973 Y107.801
G0 X104.896 Y107.725
G1 F1110.7 X105.068 Y107.614 E229.68802
G1 X105.172 Y107.435 E229.69349
G0 F9000 X105.648 Y106.497
G1 F1110.7 X105.852 Y106.418 E229.69876
G1 X105.992 Y106.275 E229.70358
G0 F9000 X105.844 Y106.127
G0 X106.756 Y105.341
G0 X106.902 Y105.488
G1 F1110.7 X107.07 Y105.372 E229.71188
G0 F9000 X106.923 Y105.225
G0 X107.982 Y104.871
G0 X108.085 Y104.974
G1 F1110.7 X108.22 Y104.826 E229.71752
G1 X108.387 Y104.71 E229.72324
G0 F9000 X109.459 Y104.651
G1 F1110.7 X109.636 Y104.545 E229.72842
G1 X110.447 Y104.507 E229.74877
G1 X110.625 Y104.402 E229.75395
G0 F9000 X110.573 Y104.35
G0 X111.512 Y104.723
G0 X111.712 Y104.923
G1 F1110.7 X111.802 Y104.731 E229.76503
G0 F9000 X111.61 Y104.539
G0 X112.869 Y105.233
G0 X113.052 Y105.415
G1 F1110.7 X113.328 Y105.408 E229.7697
G1 X112.94 Y105.586 E229.77692
G0 F9000 X112.767 Y105.413
G0 X113.9 Y106.263
G0 X114.07 Y106.433
G1 F1110.7 X114.22 Y106.301 E229.78682
G0 F9000 X114.04 Y106.121
G0 X114.746 Y107.392
G0 X114.933 Y107.579
G1 F1110.7 X114.798 Y107.727 E229.79121
G1 X114.991 Y107.354 E229.80041
G0 F9000 X115.057 Y107.42
G0 X115.445 Y108.657
G0 X115.492 Y108.703
G1 F1110.7 X115.285 Y108.779 E229.80349
G0 F9000 X115.223 Y108.717
G1 F1500 E223.30349
;MESH:NONMESH
G0 F300 X115.223 Y108.717 Z6.48
G0 F9000 X115.083 Y109.217
G0 X115.084 Y110.791
G0 X115.085 Y112.044
;TIME_ELAPSED:829.570887
;LAYER:53
;TYPE:WALL-INNER
;MESH:carrucola plisse.stl
G1 F1500 E229.80349
G1 F1131.3 X115.115 Y111.939 E229.80567
G1 X115.256 Y111.461 E229.81562
G1 X115.137 Y111.945 E229.81589
G1 X115.085 Y112.044 E229.81598
G0 F9000 X114.368 Y113.292
G1 F1131.3 X114.49 Y113.102 E229.82049
G1 X114.705 Y112.768 E229.82841
G1 X114.52 Y113.121 E229.82878
G1 X114.368 Y113.292 E229.82901
G0 F9000 X113.363 Y114.304
G1 F1131.3 X113.619 Y114.082 E229.83577
G1 X113.834 Y113.896 E229.84145
G1 X113.644 Y114.11 E229.84174
G1 X113.363 Y114.304 E229.84208
G0 F9000 X112.145 Y115.018
G1 F1131.3 X112.54 Y114.837 E229.85076
G1 X112.689 Y114.769 E229.85402
G1 X112.553 Y114.863 E229.85417
G1 X112.145 Y115.018 E229.85451
G0 F9000 X110.819 Y115.393
G1 F1131.3 X111.312 Y115.323 E229.86445
G1 X111.359 Y115.316 E229.86539
G1 X111.314 Y115.333 E229.86542
G1 X110.819 Y115.393 E229.86554
G0 F9000 X108.607 Y114.744
G0 X107.328 Y114.159
G0 X104.917 Y112.049
G1 F1131.3 X104.862 Y111.945 E229.86789
G1 X104.736 Y111.434 E229.87839
G1 X104.884 Y111.938 E229.87868
G1 X104.917 Y112.049 E229.87873
G0 F9000 X105.634 Y113.296
G1 F1131.3 X105.479 Y113.12 E229.88341
G1 X105.29 Y112.76 E229.89152
G1 X105.508 Y113.1 E229.89185
G1 X105.634 Y113.296 E229.89205
G0 F9000 X106.637 Y114.304
G1 F1131.3 X106.356 Y114.11 E229.89887
G1 X106.165 Y113.895 E229.90461
G1 X106.38 Y114.081 E229.90485
G1 X106.637 Y114.304 E229.90517
G0 F9000 X107.857 Y115.018
G1 F1131.3 X107.447 Y114.863 E229.91391
G1 X107.311 Y114.769 E229.91721
G1 X107.459 Y114.836 E229.91731
G1 X107.857 Y115.018 E229.91762
G0 F9000 X109.185 Y115.393
G1 F1131.3 X108.685 Y115.333 E229.92767
G1 X108.639 Y115.315 E229.92865
G1 X108.686 Y115.321
G1 X109.185 Y115.393 E229.92881
G0 F9000 X110 Y115.895
G1 F1131.3 X108.588 Y115.724 E229.9572
G1 X107.261 Y115.22 E229.98553
G1 X106.09 Y114.412 E230.01392
G1 X106.058 Y114.375 E230.01489
G1 X105.867 Y114.16 E230.02063
G1 X105.336 Y113.561 E230.03661
G1 X105.147 Y113.348 E230.04229
G1 X104.486 Y112.089 E230.07067
G1 X104.475 Y112.041 E230.07165
G1 X104.349 Y111.53 E230.08215
G1 X104.241 Y111.093 E230.09114
G1 X104.18 Y110.847 E230.09619
G1 X104.433 Y110.847 E230.09926
G1 X104.434 Y110.847 E230.09928
G1 X104.981 Y110.846 E230.11019
G1 X105.355 Y112.121 E230.13671
G1 X106.141 Y113.344 E230.16572
G1 X107.239 Y114.296 E230.19472
G1 X108.561 Y114.9 E230.22373
G1 X110 Y115.106 E230.25274
G1 X111.439 Y114.9 E230.28175
G1 X112.761 Y114.296 E230.31075
G1 X113.859 Y113.344 E230.33975
G1 X114.645 Y112.121 E230.36876
G1 X115.019 Y110.847 E230.39526
G1 X115.565 Y110.846 E230.40616
G1 X115.566 Y110.846 E230.40618
G1 X115.819 Y110.846 E230.41123
G1 X115.759 Y111.092 E230.41429
G1 X115.513 Y112.089 E230.43479
G1 X114.852 Y113.348 E230.46316
G1 X114.819 Y113.385 E230.46415
G1 X114.133 Y114.16 E230.48481
G1 X113.91 Y114.412 E230.49152
G1 X113.59 Y114.632 E230.49927
G1 X112.916 Y115.097 E230.51561
G1 X112.78 Y115.191 E230.51891
G1 X112.739 Y115.22 E230.51991
G1 X111.411 Y115.724 E230.54826
G1 X110 Y115.895 E230.57662
G0 F9000 X110 Y116.298
;TYPE:WALL-OUTER
G1 F1131.3 X108.491 Y116.115 E230.60696
G1 X107.075 Y115.577 E230.63719
G1 X105.824 Y114.714 E230.66752
G1 X104.815 Y113.576 E230.69787
G1 X104.11 Y112.233 E230.72814
G1 X103.745 Y110.75 E230.75861
G1 X103.718 Y110.447 E230.76468
G1 X105.322 Y110.446 E230.79669
G1 X105.349 Y110.68 E230.8014
G1 X105.723 Y111.953 E230.82787
G1 X106.446 Y113.079 E230.85458
G1 X107.458 Y113.956 E230.8813
G1 X108.675 Y114.512 E230.908
G1 X110 Y114.702 E230.93471
G1 X111.325 Y114.512 E230.96143
G1 X112.542 Y113.956 E230.98813
G1 X113.554 Y113.079 E231.01485
G1 X114.277 Y111.953 E231.04156
G1 X114.651 Y110.68 E231.06803
G1 X114.677 Y110.447 E231.07271
G1 X116.283 Y110.446 E231.10476
G1 X116.254 Y110.75 E231.11086
G1 X115.889 Y112.233 E231.14133
G1 X115.184 Y113.576 E231.1716
G1 X114.176 Y114.714 E231.20194
G1 X112.925 Y115.577 E231.23227
G1 X111.508 Y116.115 E231.26252
G1 X110 Y116.298 E231.29283
G0 F9000 X110 Y115.858
G0 X110.244 Y115.463
;TYPE:SKIN
G1 F1131.3 X110.48 Y115.511 E231.29817
G1 X110.657 Y115.616 E231.30273
G1 X109.682 Y115.459 E231.32461
G1 X109.48 Y115.379 E231.32943
G0 F9000 X108.397 Y115.33
G1 F1131.3 X108.257 Y115.187 E231.33513
G1 X108.085 Y115.076 E231.34096
G0 F9000 X107.946 Y115.216
G0 X107.253 Y114.494
G0 X107.103 Y114.644
G1 F1131.3 X106.931 Y114.533 E231.34735
G1 X106.815 Y114.367 E231.35367
G0 F9000 X106.703 Y114.479
G0 X105.87 Y113.898
G0 X106.019 Y113.748
G1 F1131.3 X105.877 Y113.608 E231.36021
G1 X105.754 Y113.448 E231.36682
G0 F9000 X105.904 Y113.299
G0 X105.107 Y112.681
G0 X105.228 Y112.56
G1 F1131.3 X105.088 Y112.417 E231.37255
G1 X104.949 Y112.273 E231.37827
G0 F9000 X104.877 Y111.212
G1 F1131.3 X104.633 Y111.174 E231.38156
G1 X104.464 Y111.061 E231.38427
G0 F9000 X104.505 Y111.02
G0 X106.263 Y113.237
G0 X107.328 Y114.159
G0 X108.479 Y114.685
G0 X111.524 Y115.315
G0 X111.725 Y115.113
G1 F1131.3 X111.852 Y115.27 E231.39444
G0 F9000 X111.694 Y115.428
G0 X112.89 Y114.798
G0 X113.074 Y114.614
G1 F1131.3 X112.96 Y114.444 E231.40456
G0 F9000 X112.787 Y114.618
G0 X113.926 Y113.761
G0 X114.098 Y113.589
G1 F1131.3 X114.093 Y113.312 E231.4089
G1 X114.248 Y113.722 E231.41576
G0 F9000 X114.066 Y113.904
G0 X114.778 Y112.627
G0 X114.968 Y112.436
G1 F1131.3 X114.778 Y112.343 E231.42018
G1 X114.979 Y112.709 E231.4289
G0 F9000 X115.001 Y112.687
G0 X115.26 Y111.296
G0 X115.398 Y111.158
G1 F1131.3 X115.179 Y111.094 E231.43117
G1 X115.501 Y111.337 E231.43519
G0 F9000 X115.498 Y111.313
G1 F1500 E224.93519
G0 F9000 X114.869 Y110.661
G0 X113.8 Y110.508
G0 X107.107 Y107.491
G0 X106.278 Y106.776
G0 X104.917 Y107.949
;TYPE:WALL-INNER
G1 F1500 E231.43519
G1 F1131.3 X104.885 Y108.06 E231.4375
G1 X104.737 Y108.561 E231.44792
G1 X104.862 Y108.054 E231.44822
G1 X104.917 Y107.949 E231.44833
G0 F9000 X105.634 Y106.704
G1 F1131.3 X105.509 Y106.899 E231.45295
G1 X105.289 Y107.241 E231.46107
G1 X105.479 Y106.88 E231.46144
G1 X105.634 Y106.704 E231.46168
G0 F9000 X106.637 Y105.696
G1 F1131.3 X106.381 Y105.918 E231.46844
G1 X106.165 Y106.105 E231.47414
G1 X106.356 Y105.89 E231.47443
G1 X106.637 Y105.696 E231.47477
G0 F9000 X107.857 Y104.982
G1 F1131.3 X107.46 Y105.163 E231.48348
G1 X107.311 Y105.231 E231.48675
G1 X107.447 Y105.137 E231.4869
G1 X107.857 Y104.982 E231.48723
G0 F9000 X109.185 Y104.607
G1 F1131.3 X108.687 Y104.678 E231.49727
G1 X108.639 Y104.685 E231.49824
G1 X108.685 Y104.667 E231.49826
G1 X109.185 Y104.607 E231.4984
G0 F9000 X111.359 Y104.684
G1 F1131.3 X111.313 Y104.678 E231.49933
G1 X110.819 Y104.607 E231.50929
G1 X111.314 Y104.667 E231.50942
G1 X111.359 Y104.684 E231.50946
G0 F9000 X112.689 Y105.231
G1 F1131.3 X112.541 Y105.164 E231.5127
G1 X112.145 Y104.982 E231.5214
G1 X112.553 Y105.137 E231.52172
G1 X112.689 Y105.231 E231.52188
G0 F9000 X113.834 Y106.104
G1 F1131.3 X113.62 Y105.919 E231.52753
G1 X113.363 Y105.696 E231.53432
G1 X113.644 Y105.89 E231.53465
G1 X113.834 Y106.104 E231.53497
G0 F9000 X114.705 Y107.232
G1 F1131.3 X114.491 Y106.899 E231.54286
G1 X114.368 Y106.708 E231.5474
G1 X114.52 Y106.879 E231.54762
G1 X114.705 Y107.232 E231.548
G0 F9000 X115.252 Y108.525
G1 F1131.3 X115.116 Y108.061 E231.55764
G1 X115.085 Y107.956 E231.55983
G1 X115.137 Y108.054 E231.5599
G1 X115.252 Y108.525 E231.56017
G0 F9000 X115.815 Y109.139
G1 F1131.3 X115.562 Y109.139 E231.56522
G1 X115.561 Y109.139 E231.56524
G1 X115.016 Y109.14 E231.57611
G1 X114.645 Y107.879 E231.60234
G1 X113.859 Y106.656 E231.63135
G1 X112.761 Y105.704 E231.66036
G1 X111.439 Y105.1 E231.68936
G1 X110 Y104.894 E231.71837
G1 X108.561 Y105.1 E231.74738
G1 X107.239 Y105.704 E231.77638
G1 X106.141 Y106.656 E231.80539
G1 X105.355 Y107.879 E231.8344
G1 X104.985 Y109.139 E231.8606
G1 X104.438 Y109.14 E231.87152
G1 X104.437 Y109.14 E231.87154
G1 X104.184 Y109.14 E231.87659
G1 X104.244 Y108.894 E231.87966
G1 X104.486 Y107.91 E231.89988
G1 X105.147 Y106.652 E231.92824
G1 X105.335 Y106.44 E231.93389
G1 X105.866 Y105.841 E231.94987
G1 X106.09 Y105.588 E231.95661
G1 X106.129 Y105.562 E231.95754
G1 X106.41 Y105.368 E231.96436
G1 X107.261 Y104.78 E231.985
G1 X108.588 Y104.276 E232.01333
G1 X110 Y104.105 E232.04171
G1 X111.411 Y104.276 E232.07008
G1 X112.739 Y104.78 E232.09842
G1 X113.91 Y105.588 E232.12681
G1 X114.132 Y105.839 E232.1335
G1 X114.818 Y106.614 E232.15416
G1 X114.852 Y106.652 E232.15517
G1 X115.513 Y107.911 E232.18355
G1 X115.524 Y107.958 E232.18451
G1 X115.755 Y108.893 E232.20373
G1 X115.815 Y109.139 E232.2068
G0 F9000 X116.281 Y109.539
;TYPE:WALL-OUTER
G1 F1131.3 X114.676 Y109.54 E232.23883
G1 X114.651 Y109.32 E232.24325
G1 X114.277 Y108.047 E232.26972
G1 X113.554 Y106.921 E232.29643
G1 X112.542 Y106.044 E232.32315
G1 X111.325 Y105.488 E232.34985
G1 X110 Y105.298 E232.37657
G1 X108.675 Y105.488 E232.40328
G1 X107.458 Y106.044 E232.42998
G1 X106.446 Y106.921 E232.4567
G1 X105.723 Y108.047 E232.48341
G1 X105.349 Y109.32 E232.50988
G1 X105.324 Y109.539 E232.51428
G1 X103.719 Y109.54 E232.54631
G1 X103.718 Y109.533 E232.54645
G1 X103.745 Y109.251 E232.55211
G1 X104.11 Y107.767 E232.5826
G1 X104.815 Y106.424 E232.61287
G1 X105.824 Y105.286 E232.64323
G1 X107.075 Y104.423 E232.67355
G1 X108.491 Y103.885 E232.70378
G1 X110 Y103.702 E232.73412
G1 X111.508 Y103.885 E232.76443
G1 X112.925 Y104.423 E232.79468
G1 X114.176 Y105.286 E232.82501
G1 X115.184 Y106.424 E232.85535
G1 X115.889 Y107.767 E232.88562
G1 X116.254 Y109.25 E232.91609
G1 X116.281 Y109.539 E232.92189
G0 F9000 X115.988 Y109.273
G0 X115.539 Y108.754
G0 X115.434 Y108.859
;TYPE:SKIN
G1 F1131.3 X115.235 Y108.775 E232.92798
G0 F9000 X115.149 Y107.729
G1 F1131.3 X114.948 Y107.647 E232.93303
G1 X114.845 Y107.468 E232.93784
G0 F9000 X115.001 Y107.313
G0 X114.025 Y106.591
G0 X114.167 Y106.449
G1 F1131.3 X114.031 Y106.302 E232.94597
G0 F9000 X113.885 Y106.448
G0 X112.976 Y105.66
G0 X113.125 Y105.511
G1 F1131.3 X112.962 Y105.391 E232.9543
G0 F9000 X112.816 Y105.537
G0 X111.98 Y104.96
G0 X111.912 Y105.027
G1 F1131.3 X111.815 Y104.841 E232.95965
G1 X111.619 Y104.754 E232.96512
G0 F9000 X110.559 Y104.683
G1 F1131.3 X110.409 Y104.55 E232.97004
G1 X109.586 Y104.525 E232.99025
G1 X109.409 Y104.419 E232.99532
G0 F9000 X109.486 Y104.342
G0 X108.434 Y104.545
G0 X108.227 Y104.752
G1 F1131.3 X108.337 Y104.925 E233.00059
G1 X107.978 Y104.719 E233.01124
G0 F9000 X106.966 Y105.447
G1 F1131.3 X106.766 Y105.364 E233.01533
G1 X107.195 Y105.501 E233.02383
G0 F9000 X107.249 Y105.448
G0 X106.123 Y106.29
G0 X105.957 Y106.456
G1 F1131.3 X105.807 Y106.324 E233.0335
G0 F9000 X105.983 Y106.148
G0 X105.279 Y107.418
G0 X105.099 Y107.597
G1 F1131.3 X105.175 Y107.804 E233.03755
G1 X104.99 Y107.424 E233.04531
G0 F9000 X105.1 Y107.314
G0 X104.803 Y108.743
G0 X104.692 Y108.853
G1 F1131.3 X104.511 Y108.751 E233.05037
G0 F9000 X104.58 Y108.683
G1 F1500 E226.55037
;MESH:NONMESH
G0 F300 X104.58 Y108.683 Z6.6
G0 F9000 X105.132 Y109.325
G0 X106.2 Y109.491
G0 X108.922 Y113.674
G0 X108.613 Y114.725
G0 X110 Y115.106
;TIME_ELAPSED:846.757930
;LAYER:54
;TYPE:WALL-INNER
;MESH:carrucola plisse.stl
G1 F1500 E233.05037
G1 F1225.8 X111.392 Y114.907 E233.07843
G1 X111.439 Y114.9 E233.07938
G1 X111.698 Y114.782 E233.08506
G1 X112.628 Y114.357 E233.10546
G1 X112.761 Y114.296 E233.10838
G1 X112.96 Y114.124 E233.11363
G1 X113.681 Y113.498 E233.13269
G1 X113.859 Y113.344 E233.13738
G1 X113.964 Y113.181 E233.14125
G1 X114.494 Y112.356 E233.16082
G1 X114.645 Y112.121 E233.1664
G1 X114.671 Y112.033 E233.16823
G1 X114.997 Y110.922 E233.19133
G1 X115.045 Y110.759 E233.19472
G1 X115.048 Y110.726 E233.19539
G1 X115.078 Y110.457 E233.20079
G1 X115.1 Y109.939 E233.21113
G1 X115.086 Y109.642 E233.21707
G1 X115.048 Y109.268 E233.22457
G1 X115.045 Y109.243 E233.22507
G1 X115.002 Y109.096 E233.22813
G1 X114.671 Y107.967 E233.25161
G1 X114.645 Y107.879 E233.25344
G1 X114.495 Y107.646 E233.25897
G1 X113.965 Y106.82 E233.27855
G1 X113.859 Y106.656 E233.28245
G1 X113.682 Y106.503 E233.28712
G1 X112.961 Y105.877 E233.30617
G1 X112.761 Y105.704 E233.31145
G1 X112.629 Y105.644 E233.31435
G1 X111.699 Y105.219 E233.33475
G1 X111.439 Y105.1 E233.34046
G1 X111.393 Y105.094 E233.34138
G1 X110 Y104.894 E233.36947
G1 X108.607 Y105.093 E233.39755
G1 X108.561 Y105.1 E233.39848
G1 X108.304 Y105.217 E233.40411
G1 X107.372 Y105.643 E233.42456
G1 X107.239 Y105.704 E233.42748
G1 X107.04 Y105.876 E233.43273
G1 X106.317 Y106.503 E233.45183
G1 X106.141 Y106.656 E233.45648
G1 X106.038 Y106.816 E233.46028
G1 X105.5 Y107.653 E233.48014
G1 X105.355 Y107.879 E233.48549
G1 X105.331 Y107.962 E233.48722
G1 X104.991 Y109.12 E233.5113
G1 X104.955 Y109.243 E233.51386
G1 X104.954 Y109.258 E233.51416
G1 X104.914 Y109.644 E233.5219
G1 X104.901 Y109.954 E233.5281
G1 X104.906 Y110.229 E233.53359
G1 X104.934 Y110.583 E233.54067
G1 X104.953 Y110.732 E233.54367
G1 X104.957 Y110.763 E233.54429
G1 X104.993 Y110.887 E233.54687
G1 X105.33 Y112.037 E233.57078
G1 X105.355 Y112.121 E233.57253
G1 X105.499 Y112.346 E233.57786
G1 X106.037 Y113.183 E233.59772
G1 X106.141 Y113.344 E233.60155
G1 X106.316 Y113.496 E233.60617
G1 X107.039 Y114.123 E233.62527
G1 X107.239 Y114.296 E233.63055
G1 X107.371 Y114.356 E233.63344
G1 X108.303 Y114.782 E233.65389
G1 X108.561 Y114.9 E233.65955
G1 X108.606 Y114.906 E233.66046
G1 X110 Y115.106 E233.68856
G0 F9000 X110 Y114.702
;TYPE:WALL-OUTER
G1 F1225.8 X111.325 Y114.512 E233.71527
G1 X112.542 Y113.956 E233.74197
G1 X113.554 Y113.079 E233.7687
G1 X114.277 Y111.953 E233.7954
G1 X114.651 Y110.68 E233.82188
G1 X114.679 Y110.426 E233.82698
G1 X114.7 Y109.94 E233.83669
G1 X114.687 Y109.672 E233.84204
G1 X114.651 Y109.32 E233.8491
G1 X114.277 Y108.047 E233.87558
G1 X113.554 Y106.921 E233.90228
G1 X112.542 Y106.044 E233.92901
G1 X111.325 Y105.488 E233.95571
G1 X110 Y105.298 E233.98242
G1 X108.675 Y105.488 E234.00913
G1 X107.458 Y106.044 E234.03584
G1 X106.446 Y106.921 E234.06256
G1 X105.723 Y108.047 E234.08926
G1 X105.349 Y109.32 E234.11574
G1 X105.313 Y109.673 E234.12282
G1 X105.301 Y109.958 E234.12851
G1 X105.306 Y110.209 E234.13352
G1 X105.332 Y110.542 E234.14019
G1 X105.35 Y110.681 E234.14299
G1 X105.723 Y111.953 E234.16944
G1 X106.446 Y113.079 E234.19614
G1 X107.458 Y113.956 E234.22287
G1 X108.675 Y114.512 E234.24957
G1 X110 Y114.702 E234.27628
G0 F9000 X110 Y115.142
G0 X111.861 Y115.136
;TYPE:WALL-INNER
G1 F1225.8 X112.537 Y114.827 E234.29111
G1 X112.791 Y114.711 E234.29669
G1 X112.558 Y114.871 E234.29707
G1 X111.861 Y115.136 E234.29799
G0 F9000 X113.216 Y114.418
G1 F1225.8 X113.609 Y114.077 E234.30837
G1 X113.937 Y113.792 E234.31704
G1 X113.648 Y114.12 E234.31772
G1 X113.216 Y114.418 E234.31853
G0 F9000 X114.292 Y113.391
G1 F1225.8 X114.484 Y113.093 E234.3256
G1 X114.823 Y112.566 E234.33811
G1 X114.53 Y113.122 E234.33899
G1 X114.292 Y113.391 E234.33954
G0 F9000 X115.045 Y112.142
G1 F1225.8 X115.104 Y111.941 E234.34372
G1 X115.372 Y111.032 E234.36263
G1 X115.145 Y111.952 E234.36362
G1 X115.045 Y112.142 E234.36391
G0 F9000 X115.436 Y110.768
G1 F1225.8 X115.465 Y110.5 E234.36929
G1 X115.467 Y110.486 E234.36957
G1 X115.467 Y110.474 E234.36981
G1 X115.479 Y110.177 E234.37574
G1 X115.489 Y109.956 E234.38015
G1 X115.49 Y109.938 E234.38051
G1 X115.49 Y109.922 E234.38083
G1 X115.476 Y109.624 E234.38679
G1 X115.475 Y109.613 E234.38701
G1 X115.474 Y109.602 E234.38723
G1 X115.469 Y109.551 E234.38825
G1 X115.435 Y109.228 E234.39473
G1 X115.489 Y109.548 E234.39489
G1 X115.492 Y109.612 E234.39508
G1 X115.508 Y109.937 E234.39569
G1 X115.51 Y109.958
G1 X115.504 Y110.178 E234.39593
G1 X115.487 Y110.481 E234.39634
G1 X115.436 Y110.768 E234.39676
G0 F9000 X115.376 Y108.986
G1 F1225.8 X115.105 Y108.06 E234.41601
G1 X115.045 Y107.857 E234.42024
G1 X115.145 Y108.048 E234.42051
G1 X115.376 Y108.986 E234.42152
G0 F9000 X114.823 Y107.434
G1 F1225.8 X114.485 Y106.908 E234.43399
G1 X114.292 Y106.609 E234.44109
G1 X114.53 Y106.878 E234.44163
G1 X114.823 Y107.434 E234.44251
G0 F9000 X113.937 Y106.208
G1 F1225.8 X113.61 Y105.924 E234.45116
G1 X113.216 Y105.582 E234.46157
G1 X113.648 Y105.88 E234.46237
G1 X113.937 Y106.208 E234.46305
G0 F9000 X112.791 Y105.289
G1 F1225.8 X112.538 Y105.174 E234.4686
G1 X111.861 Y104.864 E234.48346
G1 X112.558 Y105.129 E234.48438
G1 X112.791 Y105.289 E234.48479
G0 F9000 X108.551 Y104.708
G1 F1225.8 X108.684 Y104.657 E234.48763
G1 X109.952 Y104.504 E234.51312
G1 X110 Y104.498 E234.51408
G1 X110.047 Y104.503 E234.51502
G1 X111.315 Y104.657 E234.54051
G1 X111.448 Y104.707 E234.54334
G1 X111.311 Y104.688 E234.54342
G1 X110.056 Y104.508 E234.54462
G1 X110 Y104.5 E234.54482
G1 X109.945 Y104.507 E234.54497
G1 X108.689 Y104.688 E234.54608
G1 X108.551 Y104.708 E234.54617
G0 F9000 X107.209 Y105.289
G1 F1225.8 X107.442 Y105.129 E234.55181
G1 X108.142 Y104.863 E234.56675
G1 X107.463 Y105.173 E234.56763
G1 X107.209 Y105.289 E234.56795
G0 F9000 X106.061 Y106.209
G1 F1225.8 X106.352 Y105.88 E234.57672
G1 X106.784 Y105.582 E234.58719
G1 X106.39 Y105.923 E234.58792
G1 X106.061 Y106.209 E234.58851
G0 F9000 X105.172 Y107.443
G1 F1225.8 X105.469 Y106.878 E234.60125
G1 X105.71 Y106.606 E234.6085
G1 X105.516 Y106.908 E234.60896
G1 X105.172 Y107.443 E234.60982
G0 F9000 X104.617 Y109.011
G1 F1225.8 X104.854 Y108.048 E234.62961
G1 X104.957 Y107.853 E234.634
G1 X104.897 Y108.06 E234.63421
G1 X104.617 Y109.011 E234.6353
G0 F9000 X104.566 Y110.782
G1 F1225.8 X104.526 Y110.62 E234.63863
G1 X104.504 Y110.364 E234.64376
G1 X104.501 Y110.249 E234.64606
G1 X104.493 Y109.946 E234.65211
G1 X104.509 Y109.616 E234.6587
G1 X104.515 Y109.494 E234.66114
G1 X104.566 Y109.219 E234.66671
G1 X104.538 Y109.496 E234.66686
G1 X104.527 Y109.603
G1 X104.525 Y109.616
G1 X104.525 Y109.627
G1 X104.512 Y109.937 E234.66699
G1 X104.511 Y109.949
G1 X104.511 Y109.96
G1 X104.515 Y110.235 E234.667
G1 X104.516 Y110.248
G1 X104.516 Y110.26
G1 X104.524 Y110.362
G1 X104.546 Y110.623 E234.6673
G1 X104.566 Y110.782 E234.66732
G0 F9000 X104.957 Y112.147
G1 F1225.8 X104.854 Y111.952 E234.67172
G1 X104.619 Y110.997 E234.69135
G1 X104.896 Y111.939 E234.69239
G1 X104.957 Y112.147 E234.69259
G0 F9000 X105.71 Y113.394
G1 F1225.8 X105.469 Y113.122 E234.69985
G1 X105.172 Y112.557 E234.71258
G1 X105.515 Y113.091 E234.71343
G1 X105.71 Y113.394 E234.71391
G0 F9000 X106.784 Y114.418
G1 F1225.8 X106.352 Y114.12 E234.72439
G1 X106.061 Y113.791 E234.73315
G1 X106.389 Y114.076 E234.73374
G1 X106.784 Y114.418 E234.73448
G0 F9000 X108.142 Y115.137
G1 F1225.8 X107.442 Y114.871 E234.74942
G1 X107.209 Y114.711 E234.75506
G1 X107.462 Y114.826 E234.75537
G1 X108.142 Y115.137 E234.75627
G0 F9000 X110 Y115.502
G1 F1225.8 X109.953 Y115.497 E234.75721
G1 X108.684 Y115.343 E234.78272
G1 X108.551 Y115.292 E234.78556
G1 X108.688 Y115.311 E234.78565
G1 X109.944 Y115.492 E234.78688
G1 X110 Y115.5 E234.78707
G1 X110.055 Y115.493 E234.78728
G1 X111.31 Y115.313 E234.81258
G1 X111.448 Y115.293 E234.81537
G1 X111.315 Y115.343 E234.81552
G1 X110.048 Y115.496 E234.81679
G1 X110 Y115.502 E234.8168
G0 F9000 X110 Y115.895
G1 F1225.8 X109.953 Y115.89 E234.81773
G1 X108.637 Y115.73 E234.84419
G1 X108.588 Y115.724 E234.84517
G1 X108.546 Y115.708 E234.84607
G1 X108.413 Y115.658 E234.84891
G1 X108.004 Y115.503 E234.85763
G1 X107.303 Y115.236 E234.8726
G1 X107.261 Y115.22 E234.8735
G1 X107.221 Y115.193 E234.87446
G1 X106.988 Y115.032 E234.88012
G1 X106.563 Y114.739 E234.89042
G1 X106.131 Y114.441 E234.90089
G1 X106.09 Y114.412 E234.90189
G1 X106.061 Y114.379 E234.90277
G1 X105.77 Y114.05 E234.91154
G1 X105.418 Y113.654 E234.92211
G1 X105.177 Y113.382 E234.92936
G1 X105.147 Y113.348 E234.93027
G1 X105.124 Y113.304 E234.93126
G1 X104.827 Y112.739 E234.94399
G1 X104.612 Y112.329 E234.95323
G1 X104.51 Y112.134 E234.95762
G1 X104.486 Y112.089 E234.95864
G1 X104.476 Y112.046 E234.95952
G1 X104.241 Y111.091 E234.97915
G1 X104.188 Y110.876 E234.98357
G1 X104.148 Y110.715 E234.98688
G1 X104.14 Y110.683 E234.98754
G1 X104.138 Y110.655 E234.9881
G1 X104.115 Y110.398 E234.99325
G1 X104.115 Y110.376 E234.99369
G1 X104.103 Y109.958 E235.00203
G1 X104.102 Y109.938 E235.00243
G1 X104.102 Y109.927 E235.00265
G1 X104.125 Y109.475 E235.01168
G1 X104.126 Y109.458 E235.01202
G1 X104.14 Y109.316 E235.01487
G1 X104.186 Y109.126 E235.01877
G1 X104.237 Y108.918 E235.02304
G1 X104.475 Y107.955 E235.04284
G1 X104.486 Y107.911 E235.04375
G1 X104.509 Y107.867 E235.04474
G1 X104.611 Y107.672 E235.04913
G1 X104.826 Y107.262 E235.05837
G1 X105.123 Y106.697 E235.07111
G1 X105.147 Y106.652 E235.07212
G1 X105.176 Y106.619 E235.073
G1 X105.417 Y106.347 E235.08025
G1 X105.768 Y105.951 E235.09081
G1 X106.06 Y105.622 E235.09959
G1 X106.09 Y105.588 E235.1005
G1 X106.13 Y105.56 E235.10147
G1 X106.562 Y105.262 E235.11194
G1 X106.987 Y104.969 E235.12224
G1 X107.22 Y104.808 E235.1279
G1 X107.261 Y104.78 E235.12889
G1 X107.303 Y104.764 E235.12978
G1 X108.003 Y104.499 E235.14472
G1 X108.411 Y104.344 E235.15343
G1 X108.544 Y104.293 E235.15627
G1 X108.588 Y104.276 E235.15721
G1 X108.637 Y104.271 E235.1582
G1 X109.952 Y104.111 E235.18463
G1 X110 Y104.105 E235.1856
G1 X110.047 Y104.11 E235.18654
G1 X111.361 Y104.27 E235.21295
G1 X111.411 Y104.276 E235.21396
G1 X111.452 Y104.291 E235.21483
G1 X111.586 Y104.341 E235.21768
G1 X111.999 Y104.498 E235.2265
G1 X112.696 Y104.763 E235.24138
G1 X112.739 Y104.78 E235.2423
G1 X112.779 Y104.807 E235.24327
G1 X113.012 Y104.968 E235.24892
G1 X113.437 Y105.261 E235.25922
G1 X113.869 Y105.559 E235.26969
G1 X113.91 Y105.588 E235.27069
G1 X113.939 Y105.621 E235.27157
G1 X114.229 Y105.948 E235.28029
G1 X114.584 Y106.349 E235.29098
G1 X114.822 Y106.618 E235.29815
G1 X114.852 Y106.652 E235.29905
G1 X114.875 Y106.696 E235.30004
G1 X115.167 Y107.253 E235.31259
G1 X115.389 Y107.676 E235.32213
G1 X115.489 Y107.866 E235.32641
G1 X115.513 Y107.911 E235.32743
G1 X115.523 Y107.954 E235.32831
G1 X115.754 Y108.892 E235.34759
G1 X115.814 Y109.134 E235.35257
G1 X115.859 Y109.317 E235.35633
G1 X115.877 Y109.511 E235.36021
G1 X115.879 Y109.529 E235.36058
G1 X115.899 Y109.938 E235.36875
G1 X115.9 Y109.949 E235.36897
G1 X115.9 Y109.967 E235.36933
G1 X115.894 Y110.188 E235.37374
G1 X115.894 Y110.2 E235.37398
G1 X115.876 Y110.504 E235.38006
G1 X115.875 Y110.519 E235.38036
G1 X115.859 Y110.684 E235.38366
G1 X115.816 Y110.86 E235.38728
G1 X115.751 Y111.125 E235.39272
G1 X115.524 Y112.045 E235.41163
G1 X115.513 Y112.089 E235.41254
G1 X115.49 Y112.133 E235.41353
G1 X115.391 Y112.323 E235.41781
G1 X115.168 Y112.746 E235.42735
G1 X114.876 Y113.303 E235.4399
G1 X114.852 Y113.348 E235.44092
G1 X114.823 Y113.381 E235.44179
G1 X114.585 Y113.65 E235.44896
G1 X114.23 Y114.051 E235.45965
G1 X113.94 Y114.378 E235.46837
G1 X113.91 Y114.412 E235.46928
G1 X113.87 Y114.44 E235.47025
G1 X113.438 Y114.738 E235.48072
G1 X113.013 Y115.031 E235.49103
G1 X112.78 Y115.192 E235.49668
G1 X112.739 Y115.22 E235.49767
G1 X112.697 Y115.236 E235.49856
G1 X112 Y115.5 E235.51344
G1 X111.587 Y115.657 E235.52226
G1 X111.454 Y115.707 E235.52509
G1 X111.411 Y115.724 E235.52601
G1 X111.362 Y115.729 E235.527
G1 X110.048 Y115.889 E235.55341
G1 X110 Y115.895 E235.55438
G0 F9000 X110 Y116.298
;TYPE:WALL-OUTER
G1 F1225.8 X108.491 Y116.115 E235.58471
G1 X107.075 Y115.577 E235.61494
G1 X105.824 Y114.714 E235.64527
G1 X104.815 Y113.576 E235.67562
G1 X104.11 Y112.233 E235.70589
G1 X103.745 Y110.75 E235.73637
G1 X103.715 Y110.416 E235.74306
G1 X103.705 Y110.196 E235.74746
G1 X103.702 Y109.925 E235.75286
G1 X103.71 Y109.688 E235.7576
G1 X103.727 Y109.436 E235.76264
G1 X103.745 Y109.25 E235.76637
G1 X104.11 Y107.767 E235.79684
G1 X104.815 Y106.424 E235.82711
G1 X105.824 Y105.286 E235.85746
G1 X107.075 Y104.423 E235.88779
G1 X108.491 Y103.885 E235.91802
G1 X110 Y103.702 E235.94836
G1 X111.508 Y103.885 E235.97867
G1 X112.925 Y104.423 E236.00892
G1 X114.176 Y105.286 E236.03925
G1 X115.184 Y106.424 E236.06959
G1 X115.889 Y107.767 E236.09985
G1 X116.254 Y109.25 E236.13033
G1 X116.279 Y109.509 E236.13553
G1 X116.3 Y109.938 E236.1441
G1 X116.294 Y110.197 E236.14927
G1 X116.273 Y110.559 E236.1565
G1 X116.254 Y110.75 E236.16033
G1 X115.889 Y112.233 E236.19081
G1 X115.184 Y113.576 E236.22108
G1 X114.176 Y114.714 E236.25142
G1 X112.925 Y115.577 E236.28175
G1 X111.508 Y116.115 E236.312
G1 X110 Y116.298 E236.34231
G0 F9000 X110 Y115.858
G0 X108.351 Y115.422
G0 X108.296 Y115.367
;TYPE:SKIN
G1 F1225.8 X108.367 Y115.155 E236.34507
G0 F9000 X108.324 Y115.112
G0 X107.145 Y114.498
G0 X107.082 Y114.435
G1 F1225.8 X106.968 Y114.605 E236.34892
G0 F9000 X107.042 Y114.679
G0 X105.993 Y113.63
G0 X105.922 Y113.558
G1 F1225.8 X105.771 Y113.69 E236.35324
G0 F9000 X105.853 Y113.772
G0 X105.073 Y112.427
G0 X105.018 Y112.372
G1 F1225.8 X105.208 Y112.279 E236.35602
G0 F9000 X105.252 Y112.323
G0 X105.081 Y110.193
G0 X105.219 Y107.765
G1 F1225.8 X104.956 Y107.502 E236.35973
G0 F9000 X105.994 Y106.56
G1 F1225.8 X105.711 Y106.277 E236.36372
G0 F9000 X106.947 Y105.532
G0 X106.998 Y105.584
G1 F1225.8 X106.999 Y105.301 E236.36733
G0 F9000 X106.923 Y105.225
G0 X108.353 Y104.959
G0 X108.368 Y104.974
G1 F1225.8 X108.324 Y104.647 E236.36947
G0 F9000 X108.263 Y104.586
G0 X111.587 Y104.799
G0 X111.631 Y104.843
G1 F1225.8 X111.702 Y104.631 E236.37234
G0 F9000 X111.645 Y104.574
G0 X112.956 Y105.32
G0 X113.029 Y105.393
G1 F1225.8 X112.917 Y105.563 E236.37619
G0 F9000 X112.854 Y105.5
G0 X114.003 Y106.366
G0 X114.077 Y106.44
G1 F1225.8 X114.227 Y106.308 E236.38064
G0 F9000 X114.144 Y106.225
G0 X114.917 Y107.563
G0 X114.978 Y107.624
G1 F1225.8 X114.788 Y107.717 E236.38377
G0 F9000 X114.738 Y107.667
G0 X114.94 Y109.939
G0 X114.778 Y112.233
G1 F1225.8 X115.071 Y112.526 E236.3879
G0 F9000 X114.004 Y113.439
G1 F1225.8 X114.286 Y113.721 E236.39188
G0 F9000 X113.052 Y114.466
G0 X113 Y114.414
G1 F1225.8 X113 Y114.697 E236.39548
G0 F9000 X113.076 Y114.773
G0 X111.65 Y115.044
G0 X111.633 Y115.027
G1 F1225.8 X111.673 Y115.35 E236.3977
G0 F9000 X111.727 Y115.389
;MESH:NONMESH
G0 F300 X111.727 Y115.389 Z6.72
G0 F9000 X110 Y115.106
;TIME_ELAPSED:862.033176
;LAYER:55
;TYPE:WALL-INNER
;MESH:carrucola plisse.stl
G1 F1221.6 X111.392 Y114.907 E236.42577
G1 X111.439 Y114.9 E236.42671
G1 X111.698 Y114.782 E236.43239
G1 X112.628 Y114.357 E236.4528
G1 X112.761 Y114.296 E236.45572
G1 X112.96 Y114.124 E236.46097
G1 X113.681 Y113.498 E236.48002
G1 X113.859 Y113.344 E236.48472
G1 X113.964 Y113.181 E236.48859
G1 X114.494 Y112.356 E236.50816
G1 X114.645 Y112.121 E236.51373
G1 X114.67 Y112.034 E236.51554
G1 X115 Y110.911 E236.5389
G1 X115.043 Y110.764 E236.54195
G1 X115.047 Y110.726 E236.54272
G1 X115.065 Y110.591 E236.54543
G1 X115.096 Y110.178 E236.5537
G1 X115.094 Y109.851 E236.56022
G1 X115.062 Y109.395 E236.56935
G1 X115.048 Y109.273 E236.5718
G1 X115.044 Y109.24 E236.57246
G1 X114.999 Y109.086 E236.57566
G1 X114.671 Y107.967 E236.59893
G1 X114.645 Y107.879 E236.60076
G1 X114.495 Y107.646 E236.60629
G1 X113.965 Y106.82 E236.62588
G1 X113.859 Y106.656 E236.62978
G1 X113.682 Y106.503 E236.63445
G1 X112.961 Y105.877 E236.6535
G1 X112.761 Y105.704 E236.65878
G1 X112.629 Y105.644 E236.66167
G1 X111.699 Y105.219 E236.68208
G1 X111.439 Y105.1 E236.68778
G1 X111.393 Y105.094 E236.68871
G1 X110 Y104.894 E236.71679
G1 X108.607 Y105.093 E236.74487
G1 X108.561 Y105.1 E236.7458
G1 X108.304 Y105.217 E236.75144
G1 X107.372 Y105.643 E236.77189
G1 X107.239 Y105.704 E236.77481
G1 X107.04 Y105.876 E236.78006
G1 X106.317 Y106.503 E236.79915
G1 X106.141 Y106.656 E236.80381
G1 X106.038 Y106.816 E236.80761
G1 X105.5 Y107.653 E236.82746
G1 X105.355 Y107.879 E236.83282
G1 X105.331 Y107.962 E236.83454
G1 X104.992 Y109.117 E236.85857
G1 X104.955 Y109.243 E236.86119
G1 X104.954 Y109.259 E236.86151
G1 X104.917 Y109.62 E236.86875
G1 X104.905 Y110.02 E236.87673
G1 X104.924 Y110.474 E236.8858
G1 X104.953 Y110.737 E236.89108
G1 X104.956 Y110.76 E236.89155
G1 X104.993 Y110.887 E236.89419
G1 X105.33 Y112.037 E236.9181
G1 X105.355 Y112.121 E236.91985
G1 X105.499 Y112.346 E236.92518
G1 X106.037 Y113.183 E236.94504
G1 X106.141 Y113.344 E236.94886
G1 X106.316 Y113.496 E236.95349
G1 X107.039 Y114.123 E236.97258
G1 X107.239 Y114.296 E236.97786
G1 X107.371 Y114.356 E236.98076
G1 X108.303 Y114.782 E237.00121
G1 X108.561 Y114.9 E237.00687
G1 X108.606 Y114.906 E237.00777
G1 X110 Y115.106 E237.03588
G0 F9000 X110 Y114.702
;TYPE:WALL-OUTER
G1 F1221.6 X111.325 Y114.512 E237.06259
G1 X112.542 Y113.956 E237.08929
G1 X113.554 Y113.079 E237.11601
G1 X114.277 Y111.953 E237.14272
G1 X114.65 Y110.681 E237.16917
G1 X114.667 Y110.55 E237.17181
G1 X114.696 Y110.164 E237.17953
G1 X114.694 Y109.866 E237.18548
G1 X114.664 Y109.432 E237.19416
G1 X114.651 Y109.32 E237.19641
G1 X114.277 Y108.047 E237.22289
G1 X113.554 Y106.921 E237.24959
G1 X112.542 Y106.044 E237.27632
G1 X111.325 Y105.488 E237.30302
G1 X110 Y105.298 E237.32973
G1 X108.675 Y105.488 E237.35644
G1 X107.458 Y106.044 E237.38314
G1 X106.446 Y106.921 E237.40987
G1 X105.723 Y108.047 E237.43657
G1 X105.349 Y109.32 E237.46305
G1 X105.316 Y109.646 E237.46959
G1 X105.305 Y110.017 E237.47699
G1 X105.323 Y110.443 E237.4855
G1 X105.35 Y110.681 E237.49028
G1 X105.723 Y111.953 E237.51674
G1 X106.446 Y113.079 E237.54344
G1 X107.458 Y113.956 E237.57016
G1 X108.675 Y114.512 E237.59686
G1 X110 Y114.702 E237.62358
G0 F9000 X110 Y115.142
G0 X111.861 Y115.136
;TYPE:WALL-INNER
G1 F1221.6 X112.537 Y114.827 E237.63841
G1 X112.791 Y114.711 E237.64398
G1 X112.558 Y114.871 E237.64437
G1 X111.861 Y115.136 E237.64528
G0 F9000 X113.216 Y114.418
G1 F1221.6 X113.609 Y114.077 E237.65567
G1 X113.937 Y113.792 E237.66434
G1 X113.648 Y114.12 E237.66502
G1 X113.216 Y114.418 E237.66583
G0 F9000 X114.292 Y113.391
G1 F1221.6 X114.484 Y113.093 E237.6729
G1 X114.823 Y112.566 E237.6854
G1 X114.53 Y113.122 E237.68628
G1 X114.292 Y113.391 E237.68683
G0 F9000 X115.045 Y112.143
G1 F1221.6 X115.104 Y111.941 E237.69103
G1 X115.374 Y111.02 E237.71018
G1 X115.145 Y111.952 E237.71118
G1 X115.045 Y112.143 E237.71148
G0 F9000 X115.435 Y110.775
G1 F1221.6 X115.451 Y110.64 E237.71419
G1 X115.453 Y110.63 E237.71439
G1 X115.463 Y110.48 E237.71739
G1 X115.482 Y110.23 E237.72239
G1 X115.484 Y110.208 E237.72284
G1 X115.486 Y110.191 E237.72318
G1 X115.486 Y110.176 E237.72348
G1 X115.485 Y109.849 E237.73
G1 X115.484 Y109.836 E237.73026
G1 X115.484 Y109.824 E237.7305
G1 X115.482 Y109.796 E237.73106
G1 X115.464 Y109.542 E237.73614
G1 X115.45 Y109.359 E237.73981
G1 X115.435 Y109.228 E237.74244
G1 X115.452 Y109.328
G1 X115.457 Y109.357
G1 X115.488 Y109.54 E237.7426
G1 X115.505 Y109.794 E237.7429
G1 X115.505 Y109.836 E237.74308
G1 X115.502 Y110.191 E237.74374
G1 X115.501 Y110.231
G1 X115.487 Y110.481 E237.744
G1 X115.461 Y110.631 E237.74415
G1 X115.456 Y110.66
G1 X115.435 Y110.775
G0 F9000 X115.373 Y108.976
G1 F1221.6 X115.105 Y108.06 E237.76319
G1 X115.045 Y107.857 E237.76742
G1 X115.145 Y108.048 E237.76768
G1 X115.373 Y108.976 E237.76867
G0 F9000 X114.823 Y107.434
G1 F1221.6 X114.485 Y106.908 E237.78115
G1 X114.292 Y106.609 E237.78825
G1 X114.53 Y106.878 E237.78878
G1 X114.823 Y107.434 E237.78967
G0 F9000 X113.937 Y106.208
G1 F1221.6 X113.61 Y105.924 E237.79831
G1 X113.216 Y105.582 E237.80873
G1 X113.648 Y105.88 E237.80952
G1 X113.937 Y106.208 E237.81021
G0 F9000 X112.791 Y105.289
G1 F1221.6 X112.538 Y105.174 E237.81576
G1 X111.861 Y104.864 E237.83062
G1 X112.558 Y105.129 E237.83154
G1 X112.791 Y105.289 E237.83194
G0 F9000 X108.551 Y104.708
G1 F1221.6 X108.684 Y104.657 E237.83479
G1 X109.952 Y104.504 E237.86028
G1 X110 Y104.498 E237.86124
G1 X110.047 Y104.503 E237.86218
G1 X111.315 Y104.657 E237.88767
G1 X111.448 Y104.707 E237.8905
G1 X111.311 Y104.688 E237.89058
G1 X110.056 Y104.508 E237.89178
G1 X110 Y104.5 E237.89197
G1 X109.945 Y104.507 E237.89213
G1 X108.689 Y104.688 E237.89324
G1 X108.551 Y104.708 E237.89333
G0 F9000 X107.209 Y105.289
G1 F1221.6 X107.442 Y105.129 E237.89897
G1 X108.142 Y104.863 E237.91391
G1 X107.463 Y105.173 E237.91479
G1 X107.209 Y105.289 E237.91511
G0 F9000 X106.061 Y106.209
G1 F1221.6 X106.352 Y105.88 E237.92388
G1 X106.784 Y105.582 E237.93435
G1 X106.39 Y105.923 E237.93508
G1 X106.061 Y106.209 E237.93567
G0 F9000 X105.172 Y107.443
G1 F1221.6 X105.469 Y106.878 E237.94841
G1 X105.71 Y106.606 E237.95566
G1 X105.516 Y106.908 E237.95612
G1 X105.172 Y107.443 E237.95698
G0 F9000 X104.618 Y109.008
G1 F1221.6 X104.854 Y108.048 E237.97671
G1 X104.957 Y107.853 E237.9811
G1 X104.897 Y108.06 E237.98131
G1 X104.618 Y109.008 E237.9824
G0 F9000 X104.566 Y110.781
G1 F1221.6 X104.517 Y110.508 E237.98793
G1 X104.513 Y110.485 E237.9884
G1 X104.498 Y110.227 E237.99355
G1 X104.497 Y110.023 E237.99763
G1 X104.496 Y109.862 E238.00084
G1 X104.509 Y109.595 E238.00617
G1 X104.515 Y109.493 E238.00821
G1 X104.566 Y109.22 E238.01375
G1 X104.539 Y109.495 E238.01391
G1 X104.53 Y109.58
G1 X104.528 Y109.595
G1 X104.528 Y109.608
G1 X104.521 Y109.862 E238.01409
G1 X104.516 Y110.007 E238.01412
G1 X104.515 Y110.022
G1 X104.515 Y110.036
G1 X104.522 Y110.225 E238.01419
G1 X104.534 Y110.49 E238.01455
G1 X104.535 Y110.504
G1 X104.536 Y110.517
G1 X104.566 Y110.781 E238.01457
G0 F9000 X104.957 Y112.147
G1 F1221.6 X104.854 Y111.952 E238.01898
G1 X104.619 Y110.997 E238.0386
G1 X104.896 Y111.939 E238.03964
G1 X104.957 Y112.147 E238.03984
G0 F9000 X105.71 Y113.394
G1 F1221.6 X105.469 Y113.122 E238.0471
G1 X105.172 Y112.557 E238.05983
G1 X105.515 Y113.091 E238.06068
G1 X105.71 Y113.394 E238.06117
G0 F9000 X106.784 Y114.418
G1 F1221.6 X106.352 Y114.12 E238.07164
G1 X106.061 Y113.791 E238.0804
G1 X106.389 Y114.076 E238.081
G1 X106.784 Y114.418 E238.08173
G0 F9000 X108.142 Y115.137
G1 F1221.6 X107.442 Y114.871 E238.09667
G1 X107.209 Y114.711 E238.10231
G1 X107.462 Y114.826 E238.10262
G1 X108.142 Y115.137 E238.10352
G0 F9000 X110 Y115.502
G1 F1221.6 X109.953 Y115.497 E238.10446
G1 X108.684 Y115.343 E238.12997
G1 X108.551 Y115.292 E238.13281
G1 X108.688 Y115.311 E238.1329
G1 X109.944 Y115.492 E238.13413
G1 X110 Y115.5 E238.13432
G1 X110.055 Y115.493 E238.13453
G1 X111.31 Y115.313 E238.15983
G1 X111.448 Y115.293 E238.16262
G1 X111.315 Y115.343 E238.16277
G1 X110.048 Y115.496 E238.16404
G1 X110 Y115.502 E238.16405
G0 F9000 X110 Y115.895
G1 F1221.6 X109.953 Y115.89 E238.16498
G1 X108.637 Y115.73 E238.19144
G1 X108.588 Y115.724 E238.19242
G1 X108.546 Y115.708 E238.19332
G1 X108.413 Y115.658 E238.19616
G1 X108.004 Y115.503 E238.20489
G1 X107.303 Y115.236 E238.21986
G1 X107.261 Y115.22 E238.22075
G1 X107.221 Y115.193 E238.22172
G1 X106.988 Y115.032 E238.22737
G1 X106.563 Y114.739 E238.23767
G1 X106.131 Y114.441 E238.24814
G1 X106.09 Y114.412 E238.24914
G1 X106.061 Y114.379 E238.25002
G1 X105.77 Y114.05 E238.25879
G1 X105.418 Y113.654 E238.26936
G1 X105.177 Y113.382 E238.27661
G1 X105.147 Y113.348 E238.27752
G1 X105.124 Y113.304 E238.27851
G1 X104.827 Y112.739 E238.29125
G1 X104.612 Y112.329 E238.30048
G1 X104.51 Y112.134 E238.30488
G1 X104.486 Y112.089 E238.30589
G1 X104.476 Y112.046 E238.30677
G1 X104.241 Y111.091 E238.3264
G1 X104.188 Y110.875 E238.33084
G1 X104.14 Y110.684 E238.33477
G1 X104.125 Y110.521 E238.33804
G1 X104.125 Y110.509 E238.33828
G1 X104.11 Y110.252 E238.34341
G1 X104.108 Y110.234 E238.34377
G1 X104.106 Y109.864 E238.35116
G1 X104.107 Y109.842 E238.3516
G1 X104.126 Y109.473 E238.35897
G1 X104.127 Y109.457 E238.35929
G1 X104.14 Y109.317 E238.3621
G1 X104.186 Y109.127 E238.366
G1 X104.238 Y108.915 E238.37035
G1 X104.475 Y107.955 E238.39009
G1 X104.486 Y107.911 E238.39099
G1 X104.509 Y107.867 E238.39198
G1 X104.611 Y107.672 E238.39637
G1 X104.826 Y107.262 E238.40561
G1 X105.123 Y106.697 E238.41835
G1 X105.147 Y106.652 E238.41937
G1 X105.176 Y106.619 E238.42025
G1 X105.417 Y106.347 E238.4275
G1 X105.768 Y105.951 E238.43806
G1 X106.06 Y105.622 E238.44684
G1 X106.09 Y105.588 E238.44774
G1 X106.13 Y105.56 E238.44872
G1 X106.562 Y105.262 E238.45919
G1 X106.987 Y104.969 E238.46949
G1 X107.22 Y104.808 E238.47514
G1 X107.261 Y104.78 E238.47613
G1 X107.303 Y104.764 E238.47703
G1 X108.003 Y104.499 E238.49197
G1 X108.411 Y104.344 E238.50068
G1 X108.544 Y104.293 E238.50352
G1 X108.588 Y104.276 E238.50446
G1 X108.637 Y104.271 E238.50544
G1 X109.952 Y104.111 E238.53188
G1 X110 Y104.105 E238.53284
G1 X110.047 Y104.11 E238.53378
G1 X111.361 Y104.27 E238.5602
G1 X111.411 Y104.276 E238.5612
G1 X111.452 Y104.291 E238.56207
G1 X111.586 Y104.341 E238.56493
G1 X111.999 Y104.498 E238.57375
G1 X112.696 Y104.763 E238.58863
G1 X112.739 Y104.78 E238.58955
G1 X112.779 Y104.807 E238.59051
G1 X113.012 Y104.968 E238.59616
G1 X113.437 Y105.261 E238.60647
G1 X113.869 Y105.559 E238.61694
G1 X113.91 Y105.588 E238.61794
G1 X113.939 Y105.621 E238.61882
G1 X114.229 Y105.948 E238.62754
G1 X114.584 Y106.349 E238.63823
G1 X114.822 Y106.618 E238.64539
G1 X114.852 Y106.652 E238.6463
G1 X114.875 Y106.696 E238.64729
G1 X115.167 Y107.253 E238.65984
G1 X115.389 Y107.676 E238.66937
G1 X115.489 Y107.866 E238.67366
G1 X115.513 Y107.911 E238.67468
G1 X115.523 Y107.954 E238.67556
G1 X115.751 Y108.882 E238.69463
G1 X115.814 Y109.134 E238.69981
G1 X115.859 Y109.316 E238.70355
G1 X115.876 Y109.504 E238.70732
G1 X115.877 Y109.514 E238.70752
G1 X115.893 Y109.768 E238.7126
G1 X115.895 Y109.785 E238.71294
G1 X115.895 Y109.797 E238.71318
G1 X115.891 Y110.236 E238.72194
G1 X115.891 Y110.252 E238.72226
G1 X115.876 Y110.504 E238.7273
G1 X115.875 Y110.519 E238.7276
G1 X115.859 Y110.684 E238.73091
G1 X115.815 Y110.867 E238.73466
G1 X115.754 Y111.113 E238.73972
G1 X115.524 Y112.045 E238.75888
G1 X115.513 Y112.089 E238.75978
G1 X115.49 Y112.133 E238.76077
G1 X115.39 Y112.324 E238.76508
G1 X115.168 Y112.746 E238.77459
G1 X114.876 Y113.303 E238.78714
G1 X114.852 Y113.348 E238.78816
G1 X114.823 Y113.381 E238.78904
G1 X114.585 Y113.65 E238.7962
G1 X114.23 Y114.051 E238.80689
G1 X113.94 Y114.378 E238.81561
G1 X113.91 Y114.412 E238.81652
G1 X113.87 Y114.44 E238.81749
G1 X113.438 Y114.738 E238.82797
G1 X113.013 Y115.031 E238.83827
G1 X112.78 Y115.192 E238.84392
G1 X112.739 Y115.22 E238.84491
G1 X112.697 Y115.236 E238.84581
G1 X112 Y115.5 E238.86068
G1 X111.587 Y115.657 E238.8695
G1 X111.454 Y115.707 E238.87233
G1 X111.411 Y115.724 E238.87326
G1 X111.362 Y115.729 E238.87424
G1 X110.048 Y115.889 E238.90066
G1 X110 Y115.895 E238.90162
G0 F9000 X110 Y116.298
;TYPE:WALL-OUTER
G1 F1221.6 X108.491 Y116.115 E238.93196
G1 X107.075 Y115.577 E238.96218
G1 X105.824 Y114.714 E238.99251
G1 X104.815 Y113.576 E239.02286
G1 X104.11 Y112.233 E239.05313
G1 X103.745 Y110.75 E239.08361
G1 X103.727 Y110.559 E239.08744
G1 X103.708 Y110.242 E239.09378
G1 X103.706 Y109.866 E239.10128
G1 X103.729 Y109.42 E239.11019
G1 X103.745 Y109.25 E239.1136
G1 X104.11 Y107.767 E239.14408
G1 X104.815 Y106.424 E239.17435
G1 X105.824 Y105.286 E239.2047
G1 X107.075 Y104.423 E239.23503
G1 X108.491 Y103.885 E239.26526
G1 X110 Y103.702 E239.29559
G1 X111.508 Y103.885 E239.32591
G1 X112.925 Y104.423 E239.35615
G1 X114.176 Y105.286 E239.38648
G1 X115.184 Y106.424 E239.41682
G1 X115.889 Y107.767 E239.44709
G1 X116.254 Y109.25 E239.47757
G1 X116.276 Y109.487 E239.48232
G1 X116.295 Y109.773 E239.48804
G1 X116.295 Y110.024 E239.49305
G1 X116.291 Y110.243 E239.49742
G1 X116.273 Y110.559 E239.50373
G1 X116.254 Y110.75 E239.50757
G1 X115.889 Y112.233 E239.53804
G1 X115.184 Y113.576 E239.56831
G1 X114.176 Y114.714 E239.59865
G1 X112.925 Y115.577 E239.62898
G1 X111.508 Y116.115 E239.65923
G1 X110 Y116.298 E239.68954
G0 F9000 X110 Y115.858
G0 X108.366 Y115.361
G0 X108.333 Y115.394
;TYPE:SKIN
G1 F1221.6 X108.369 Y115.076 E239.69187
G0 F9000 X108.419 Y115.026
G0 X107.007 Y114.741
G0 X106.98 Y114.767
G1 F1221.6 X106.932 Y114.533 E239.69673
G0 F9000 X107.078 Y114.387
G0 X106.017 Y113.468
G1 F1221.6 X105.737 Y113.748 E239.70068
G0 F9000 X105.083 Y112.422
G0 X105.161 Y112.344
G1 F1221.6 X104.853 Y112.369 E239.70328
G0 F9000 X104.839 Y112.384
G0 X105 Y107.697
G0 X105.053 Y107.643
G1 F1221.6 X104.905 Y107.509 E239.70547
G0 F9000 X104.881 Y107.533
G0 X105.719 Y106.412
G0 X105.798 Y106.332
G1 F1221.6 X105.95 Y106.464 E239.70968
G0 F9000 X105.88 Y106.534
G0 X106.918 Y105.496
G0 X106.989 Y105.424
G1 F1221.6 X107.147 Y105.549 E239.71091
G1 X106.832 Y105.299 E239.71336
G0 F9000 X106.795 Y105.336
G0 X108.256 Y104.723
G0 X108.308 Y104.671
G1 F1221.6 X108.379 Y104.883 E239.71596
G0 F9000 X108.339 Y104.924
G0 X111.592 Y104.781
G1 F1221.6 X111.774 Y104.6 E239.71852
G0 F9000 X112.857 Y105.497
G1 F1221.6 X113.107 Y105.247 E239.72205
G0 F9000 X114.31 Y106.307
G1 F1221.6 X114.025 Y106.591 E239.72606
G0 F9000 X115.098 Y107.498
G1 F1221.6 X114.822 Y107.774 E239.72996
G0 F9000 X114.912 Y109.716
G0 X114.875 Y112.246
G0 X114.823 Y112.298
G1 F1221.6 X115.013 Y112.392 E239.73324
G0 F9000 X115.077 Y112.328
G0 X114.181 Y113.506
G0 X114.105 Y113.582
G1 F1221.6 X114.255 Y113.714 E239.7378
G0 F9000 X114.341 Y113.629
G0 X113.126 Y114.561
G0 X113.05 Y114.636
G1 F1221.6 X112.938 Y114.467 E239.74175
G0 F9000 X113.002 Y114.403
G0 X111.691 Y115.148
G0 X111.645 Y115.194
G1 F1221.6 X111.734 Y115.387 E239.7442
G0 F9000 X111.685 Y115.405
;MESH:NONMESH
G0 F300 X111.685 Y115.405 Z6.84
G0 F9000 X110 Y115.106
;TIME_ELAPSED:877.051473
;LAYER:56
;TYPE:WALL-INNER
;MESH:carrucola plisse.stl
G1 F1219 X111.392 Y114.907 E239.77226
G1 X111.439 Y114.9 E239.77321
G1 X111.698 Y114.782 E239.77889
G1 X112.628 Y114.357 E239.79929
G1 X112.761 Y114.296 E239.80221
G1 X112.96 Y114.124 E239.80746
G1 X113.681 Y113.498 E239.82652
G1 X113.859 Y113.344 E239.83121
G1 X113.964 Y113.181 E239.83508
G1 X114.494 Y112.356 E239.85465
G1 X114.645 Y112.121 E239.86023
G1 X114.67 Y112.034 E239.86203
G1 X115.001 Y110.906 E239.88549
G1 X115.045 Y110.757 E239.88859
G1 X115.047 Y110.731 E239.88911
G1 X115.072 Y110.5 E239.89375
G1 X115.097 Y110.16 E239.90055
G1 X115.09 Y109.804 E239.90766
G1 X115.061 Y109.388 E239.91598
G1 X115.054 Y109.322 E239.91731
G1 X115.044 Y109.24 E239.91895
G1 X114.998 Y109.082 E239.92224
G1 X114.671 Y107.967 E239.94543
G1 X114.645 Y107.879 E239.94726
G1 X114.495 Y107.646 E239.95279
G1 X113.965 Y106.82 E239.97237
G1 X113.859 Y106.656 E239.97627
G1 X113.682 Y106.503 E239.98094
G1 X112.961 Y105.877 E239.99999
G1 X112.761 Y105.704 E240.00527
G1 X112.629 Y105.644 E240.00816
G1 X111.699 Y105.219 E240.02857
G1 X111.439 Y105.1 E240.03428
G1 X111.393 Y105.094 E240.0352
G1 X110 Y104.894 E240.06329
G1 X108.607 Y105.093 E240.09137
G1 X108.561 Y105.1 E240.0923
G1 X108.304 Y105.217 E240.09793
G1 X107.372 Y105.643 E240.11838
G1 X107.239 Y105.704 E240.1213
G1 X107.04 Y105.876 E240.12655
G1 X106.317 Y106.503 E240.14565
G1 X106.141 Y106.656 E240.1503
G1 X106.038 Y106.816 E240.1541
G1 X105.5 Y107.653 E240.17395
G1 X105.355 Y107.879 E240.17931
G1 X105.331 Y107.962 E240.18104
G1 X104.994 Y109.109 E240.20489
G1 X104.955 Y109.242 E240.20766
G1 X104.953 Y109.262 E240.20806
G1 X104.918 Y109.595 E240.21474
G1 X104.908 Y110.078 E240.22438
G1 X104.926 Y110.495 E240.23271
G1 X104.951 Y110.729 E240.23741
G1 X104.955 Y110.759 E240.23801
G1 X104.998 Y110.906 E240.24107
G1 X105.33 Y112.039 E240.26463
G1 X105.355 Y112.121 E240.26634
G1 X105.498 Y112.344 E240.27163
G1 X106.037 Y113.183 E240.29153
G1 X106.141 Y113.344 E240.29535
G1 X106.316 Y113.496 E240.29998
G1 X107.039 Y114.123 E240.31908
G1 X107.239 Y114.296 E240.32436
G1 X107.371 Y114.356 E240.32725
G1 X108.303 Y114.782 E240.3477
G1 X108.561 Y114.9 E240.35336
G1 X108.606 Y114.906 E240.35427
G1 X110 Y115.106 E240.38237
G0 F9000 X110 Y114.702
;TYPE:WALL-OUTER
G1 F1219 X111.325 Y114.512 E240.40908
G1 X112.542 Y113.956 E240.43578
G1 X113.554 Y113.079 E240.46251
G1 X114.277 Y111.953 E240.48921
G1 X114.651 Y110.679 E240.51571
G1 X114.674 Y110.464 E240.52002
G1 X114.697 Y110.15 E240.52631
G1 X114.69 Y109.822 E240.53285
G1 X114.663 Y109.424 E240.54081
G1 X114.651 Y109.32 E240.5429
G1 X114.277 Y108.047 E240.56938
G1 X113.554 Y106.921 E240.59608
G1 X112.542 Y106.044 E240.62281
G1 X111.325 Y105.488 E240.64951
G1 X110 Y105.298 E240.67622
G1 X108.675 Y105.488 E240.70293
G1 X107.458 Y106.044 E240.72964
G1 X106.446 Y106.921 E240.75636
G1 X105.723 Y108.047 E240.78306
G1 X105.349 Y109.32 E240.80954
G1 X105.318 Y109.62 E240.81556
G1 X105.308 Y110.074 E240.82462
G1 X105.325 Y110.464 E240.83241
G1 X105.349 Y110.68 E240.83675
G1 X105.723 Y111.953 E240.86323
G1 X106.446 Y113.079 E240.88993
G1 X107.458 Y113.956 E240.91665
G1 X108.675 Y114.512 E240.94336
G1 X110 Y114.702 E240.97007
G0 F9000 X110 Y115.142
G0 X111.861 Y115.136
;TYPE:WALL-INNER
G1 F1219 X112.537 Y114.827 E240.9849
G1 X112.791 Y114.711 E240.99047
G1 X112.558 Y114.871 E240.99086
G1 X111.861 Y115.136 E240.99177
G0 F9000 X113.216 Y114.418
G1 F1219 X113.609 Y114.077 E241.00216
G1 X113.937 Y113.792 E241.01083
G1 X113.648 Y114.12 E241.01151
G1 X113.216 Y114.418 E241.01232
G0 F9000 X114.292 Y113.391
G1 F1219 X114.484 Y113.093 E241.01939
G1 X114.823 Y112.566 E241.0319
G1 X114.53 Y113.122 E241.03277
G1 X114.292 Y113.391 E241.03332
G0 F9000 X115.045 Y112.143
G1 F1219 X115.104 Y111.941 E241.03752
G1 X115.375 Y111.015 E241.05678
G1 X115.145 Y111.952 E241.05778
G1 X115.045 Y112.143 E241.05807
G0 F9000 X115.436 Y110.771
G1 F1219 X115.452 Y110.613 E241.06124
G1 X115.461 Y110.535 E241.06281
G1 X115.479 Y110.27 E241.06811
G1 X115.485 Y110.188 E241.06975
G1 X115.487 Y110.17 E241.07011
G1 X115.487 Y110.153 E241.07045
G1 X115.481 Y109.797 E241.07756
G1 X115.48 Y109.787 E241.07776
G1 X115.48 Y109.776 E241.07798
G1 X115.462 Y109.517 E241.08316
G1 X115.45 Y109.36 E241.0863
G1 X115.443 Y109.277 E241.08796
G1 X115.45 Y109.317
G1 X115.486 Y109.515 E241.0887
G1 X115.503 Y109.785 E241.08912
G1 X115.505 Y109.803
G1 X115.499 Y110.17 E241.08985
G1 X115.497 Y110.271 E241.08989
G1 X115.481 Y110.512 E241.09018
G1 X115.48 Y110.536
G1 X115.474 Y110.615
G1 X115.436 Y110.771 E241.09029
G0 F9000 X115.372 Y108.972
G1 F1219 X115.105 Y108.06 E241.10925
G1 X115.045 Y107.857 E241.11348
G1 X115.145 Y108.048 E241.11374
G1 X115.372 Y108.972 E241.11473
G0 F9000 X114.823 Y107.434
G1 F1219 X114.485 Y106.908 E241.12721
G1 X114.292 Y106.609 E241.13431
G1 X114.53 Y106.878 E241.13484
G1 X114.823 Y107.434 E241.13573
G0 F9000 X113.937 Y106.208
G1 F1219 X113.61 Y105.924 E241.14437
G1 X113.216 Y105.582 E241.15478
G1 X113.648 Y105.88 E241.15558
G1 X113.937 Y106.208 E241.15627
G0 F9000 X112.791 Y105.289
G1 F1219 X112.538 Y105.174 E241.16181
G1 X111.861 Y104.864 E241.17667
G1 X112.558 Y105.129 E241.1776
G1 X112.791 Y105.289 E241.178
G0 F9000 X108.551 Y104.708
G1 F1219 X108.684 Y104.657 E241.18084
G1 X109.952 Y104.504 E241.20633
G1 X110 Y104.498 E241.20729
G1 X110.047 Y104.503 E241.20823
G1 X111.315 Y104.657 E241.23372
G1 X111.448 Y104.707 E241.23655
G1 X111.311 Y104.688 E241.23664
G1 X110.056 Y104.508 E241.23783
G1 X110 Y104.5 E241.23803
G1 X109.945 Y104.507 E241.23818
G1 X108.689 Y104.688 E241.23929
G1 X108.551 Y104.708 E241.23938
G0 F9000 X107.209 Y105.289
G1 F1219 X107.442 Y105.129 E241.24502
G1 X108.142 Y104.863 E241.25997
G1 X107.463 Y105.173 E241.26084
G1 X107.209 Y105.289 E241.26117
G0 F9000 X106.061 Y106.209
G1 F1219 X106.352 Y105.88 E241.26993
G1 X106.784 Y105.582 E241.28041
G1 X106.39 Y105.923 E241.28113
G1 X106.061 Y106.209 E241.28172
G0 F9000 X105.172 Y107.443
G1 F1219 X105.469 Y106.878 E241.29446
G1 X105.71 Y106.606 E241.30171
G1 X105.516 Y106.908 E241.30217
G1 X105.172 Y107.443 E241.30304
G0 F9000 X104.62 Y109
G1 F1219 X104.854 Y108.048 E241.3226
G1 X104.956 Y107.853 E241.32699
G1 X104.896 Y108.06 E241.3272
G1 X104.62 Y109 E241.32824
G0 F9000 X104.564 Y110.772
G1 F1219 X104.527 Y110.62 E241.33136
G1 X104.521 Y110.527 E241.33322
G1 X104.502 Y110.258 E241.3386
G1 X104.502 Y110.083 E241.3421
G1 X104.5 Y109.848 E241.34678
G1 X104.513 Y109.571 E241.35232
G1 X104.519 Y109.447 E241.3548
G1 X104.529 Y109.396 E241.35583
G1 X104.565 Y109.222 E241.35937
G1 X104.541 Y109.449 E241.36016
G1 X104.53 Y109.553
G1 X104.528 Y109.571
G1 X104.528 Y109.587
G1 X104.524 Y109.848 E241.3603
G1 X104.519 Y110.07 E241.36043
G1 X104.518 Y110.082
G1 X104.518 Y110.094
G1 X104.525 Y110.257 E241.36049
G1 X104.536 Y110.512 E241.36064
G1 X104.537 Y110.525
G1 X104.538 Y110.537
G1 X104.546 Y110.617
G1 X104.564 Y110.772 E241.36072
G0 F9000 X104.957 Y112.149
G1 F1219 X104.854 Y111.953 E241.36514
G1 X104.624 Y111.016 E241.38439
G1 X104.895 Y111.94 E241.3854
G1 X104.957 Y112.149 E241.38562
G0 F9000 X105.71 Y113.394
G1 F1219 X105.469 Y113.122 E241.39288
G1 X105.17 Y112.555 E241.40567
G1 X105.515 Y113.091 E241.40652
G1 X105.71 Y113.394 E241.407
G0 F9000 X106.784 Y114.418
G1 F1219 X106.352 Y114.12 E241.41748
G1 X106.061 Y113.791 E241.42624
G1 X106.389 Y114.076 E241.42683
G1 X106.784 Y114.418 E241.42757
G0 F9000 X108.142 Y115.137
G1 F1219 X107.442 Y114.871 E241.44251
G1 X107.209 Y114.711 E241.44815
G1 X107.462 Y114.826 E241.44846
G1 X108.142 Y115.137 E241.44936
G0 F9000 X110 Y115.502
G1 F1219 X109.953 Y115.497 E241.4503
G1 X108.684 Y115.343 E241.47581
G1 X108.551 Y115.292 E241.47864
G1 X108.688 Y115.311 E241.47874
G1 X109.944 Y115.492 E241.47996
G1 X110 Y115.5 E241.48016
G1 X110.055 Y115.493 E241.48037
G1 X111.31 Y115.313 E241.50567
G1 X111.448 Y115.293 E241.50845
G1 X111.315 Y115.343 E241.50861
G1 X110.048 Y115.496 E241.50988
G1 X110 Y115.502 E241.50989
G0 F9000 X110 Y115.895
G1 F1219 X109.953 Y115.89 E241.51082
G1 X108.637 Y115.73 E241.53728
G1 X108.588 Y115.724 E241.53826
G1 X108.546 Y115.708 E241.53916
G1 X108.413 Y115.658 E241.542
G1 X108.004 Y115.503 E241.55072
G1 X107.303 Y115.236 E241.56569
G1 X107.261 Y115.22 E241.56659
G1 X107.221 Y115.193 E241.56755
G1 X106.988 Y115.032 E241.57321
G1 X106.563 Y114.739 E241.58351
G1 X106.131 Y114.441 E241.59398
G1 X106.09 Y114.412 E241.59498
G1 X106.061 Y114.379 E241.59586
G1 X105.77 Y114.05 E241.60462
G1 X105.418 Y113.654 E241.6152
G1 X105.177 Y113.382 E241.62245
G1 X105.147 Y113.348 E241.62335
G1 X105.124 Y113.304 E241.62435
G1 X104.826 Y112.737 E241.63713
G1 X104.613 Y112.331 E241.64628
G1 X104.51 Y112.135 E241.6507
G1 X104.486 Y112.09 E241.65171
G1 X104.476 Y112.047 E241.65259
G1 X104.246 Y111.11 E241.67185
G1 X104.186 Y110.866 E241.67686
G1 X104.149 Y110.715 E241.67997
G1 X104.14 Y110.682 E241.68065
G1 X104.138 Y110.647 E241.68135
G1 X104.113 Y110.285 E241.68859
G1 X104.112 Y110.271 E241.68887
G1 X104.112 Y110.26 E241.68909
G1 X104.111 Y109.85 E241.69727
G1 X104.11 Y109.829 E241.69769
G1 X104.13 Y109.428 E241.7057
G1 X104.131 Y109.413 E241.706
G1 X104.14 Y109.316 E241.70795
G1 X104.186 Y109.129 E241.71179
G1 X104.24 Y108.907 E241.71635
G1 X104.475 Y107.955 E241.73592
G1 X104.486 Y107.911 E241.73682
G1 X104.509 Y107.867 E241.73781
G1 X104.611 Y107.673 E241.74219
G1 X104.826 Y107.262 E241.75144
G1 X105.123 Y106.697 E241.76418
G1 X105.147 Y106.652 E241.7652
G1 X105.176 Y106.619 E241.76608
G1 X105.417 Y106.347 E241.77333
G1 X105.768 Y105.951 E241.78389
G1 X106.06 Y105.622 E241.79267
G1 X106.09 Y105.588 E241.79357
G1 X106.13 Y105.56 E241.79455
G1 X106.562 Y105.262 E241.80502
G1 X106.987 Y104.969 E241.81532
G1 X107.22 Y104.808 E241.82097
G1 X107.261 Y104.78 E241.82196
G1 X107.303 Y104.764 E241.82286
G1 X108.003 Y104.499 E241.8378
G1 X108.411 Y104.344 E241.84651
G1 X108.544 Y104.293 E241.84935
G1 X108.588 Y104.276 E241.85029
G1 X108.637 Y104.271 E241.85127
G1 X109.952 Y104.111 E241.87771
G1 X110 Y104.105 E241.87868
G1 X110.047 Y104.11 E241.87961
G1 X111.361 Y104.27 E241.90603
G1 X111.411 Y104.276 E241.90703
G1 X111.452 Y104.291 E241.9079
G1 X111.586 Y104.341 E241.91076
G1 X111.999 Y104.498 E241.91958
G1 X112.696 Y104.763 E241.93446
G1 X112.739 Y104.78 E241.93538
G1 X112.779 Y104.807 E241.93634
G1 X113.012 Y104.968 E241.94199
G1 X113.437 Y105.261 E241.9523
G1 X113.869 Y105.559 E241.96277
G1 X113.91 Y105.588 E241.96377
G1 X113.939 Y105.621 E241.96465
G1 X114.229 Y105.948 E241.97337
G1 X114.584 Y106.349 E241.98406
G1 X114.822 Y106.618 E241.99123
G1 X114.852 Y106.652 E241.99213
G1 X114.875 Y106.696 E241.99312
G1 X115.167 Y107.253 E242.00567
G1 X115.389 Y107.676 E242.0152
G1 X115.489 Y107.866 E242.01949
G1 X115.513 Y107.911 E242.02051
G1 X115.523 Y107.955 E242.02141
G1 X115.75 Y108.878 E242.04038
G1 X115.825 Y109.182 E242.04662
G1 X115.859 Y109.317 E242.0494
G1 X115.873 Y109.479 E242.05265
G1 X115.875 Y109.49 E242.05287
G1 X115.893 Y109.777 E242.05861
G1 X115.895 Y109.796 E242.05899
G1 X115.895 Y109.809 E242.05925
G1 X115.887 Y110.282 E242.06869
G1 X115.873 Y110.539 E242.07383
G1 X115.863 Y110.652 E242.07609
G1 X115.859 Y110.684 E242.07673
G1 X115.854 Y110.707 E242.0772
G1 X115.816 Y110.864 E242.08043
G1 X115.755 Y111.108 E242.08545
G1 X115.524 Y112.045 E242.10471
G1 X115.513 Y112.089 E242.10561
G1 X115.49 Y112.133 E242.1066
G1 X115.39 Y112.324 E242.1109
G1 X115.168 Y112.746 E242.12042
G1 X114.876 Y113.303 E242.13297
G1 X114.852 Y113.348 E242.13399
G1 X114.823 Y113.381 E242.13486
G1 X114.585 Y113.65 E242.14203
G1 X114.23 Y114.051 E242.15272
G1 X113.94 Y114.378 E242.16144
G1 X113.91 Y114.412 E242.16235
G1 X113.87 Y114.44 E242.16332
G1 X113.438 Y114.738 E242.17379
G1 X113.013 Y115.031 E242.1841
G1 X112.78 Y115.192 E242.18975
G1 X112.739 Y115.22 E242.19074
G1 X112.697 Y115.236 E242.19164
G1 X112 Y115.5 E242.20651
G1 X111.587 Y115.657 E242.21533
G1 X111.454 Y115.707 E242.21816
G1 X111.411 Y115.724 E242.21908
G1 X111.362 Y115.729 E242.22007
G1 X110.048 Y115.889 E242.24648
G1 X110 Y115.895 E242.24745
G0 F9000 X110 Y116.298
;TYPE:WALL-OUTER
G1 F1219 X108.491 Y116.115 E242.27778
G1 X107.075 Y115.577 E242.30801
G1 X105.824 Y114.714 E242.33834
G1 X104.815 Y113.576 E242.36869
G1 X104.11 Y112.233 E242.39896
G1 X103.745 Y110.749 E242.42946
G1 X103.721 Y110.475 E242.43495
G1 X103.712 Y110.291 E242.43862
G1 X103.71 Y109.809 E242.44824
G1 X103.73 Y109.408 E242.45626
G1 X103.745 Y109.25 E242.45942
G1 X104.11 Y107.767 E242.4899
G1 X104.815 Y106.424 E242.52017
G1 X105.824 Y105.286 E242.55052
G1 X107.075 Y104.423 E242.58085
G1 X108.491 Y103.885 E242.61108
G1 X110 Y103.702 E242.64141
G1 X111.508 Y103.885 E242.67173
G1 X112.925 Y104.423 E242.70198
G1 X114.176 Y105.286 E242.7323
G1 X115.184 Y106.424 E242.76264
G1 X115.889 Y107.767 E242.79291
G1 X116.254 Y109.25 E242.82339
G1 X116.274 Y109.464 E242.82768
G1 X116.295 Y109.788 E242.83416
G1 X116.291 Y110.091 E242.84021
G1 X116.287 Y110.29 E242.84418
G1 X116.271 Y110.579 E242.84995
G1 X116.254 Y110.75 E242.85338
G1 X115.889 Y112.233 E242.88386
G1 X115.184 Y113.576 E242.91413
G1 X114.176 Y114.714 E242.94447
G1 X112.925 Y115.577 E242.9748
G1 X111.508 Y116.115 E243.00504
G1 X110 Y116.298 E243.03536
G0 F9000 X110 Y115.858
G0 X108.351 Y115.422
G0 X108.296 Y115.367
;TYPE:SKIN
G1 F1219 X108.367 Y115.155 E243.03812
G0 F9000 X108.324 Y115.112
G0 X107.145 Y114.498
G0 X107.082 Y114.435
G1 F1219 X106.968 Y114.605 E243.04196
G0 F9000 X107.042 Y114.679
G0 X105.993 Y113.63
G0 X105.922 Y113.558
G1 F1219 X105.771 Y113.69 E243.04629
G0 F9000 X105.853 Y113.772
G0 X105.071 Y112.425
G0 X105.017 Y112.371
G1 F1219 X105.207 Y112.278 E243.049
G0 F9000 X105.25 Y112.321
G0 X105.069 Y110.076
G0 X105.219 Y107.765
G1 F1219 X104.955 Y107.501 E243.05272
G0 F9000 X105.994 Y106.56
G1 F1219 X105.711 Y106.277 E243.05672
G0 F9000 X106.947 Y105.532
G0 X106.998 Y105.584
G1 F1219 X106.999 Y105.301 E243.06032
G0 F9000 X106.923 Y105.225
G0 X108.353 Y104.959
G0 X108.368 Y104.974
G1 F1219 X108.324 Y104.647 E243.06246
G0 F9000 X108.263 Y104.586
G0 X111.587 Y104.799
G0 X111.631 Y104.843
G1 F1219 X111.702 Y104.631 E243.06533
G0 F9000 X111.645 Y104.574
G0 X112.956 Y105.32
G0 X113.029 Y105.393
G1 F1219 X112.917 Y105.563 E243.06918
G0 F9000 X112.854 Y105.5
G0 X114.003 Y106.366
G0 X114.077 Y106.44
G1 F1219 X114.227 Y106.308 E243.07363
G0 F9000 X114.144 Y106.225
G0 X114.917 Y107.563
G0 X114.978 Y107.624
G1 F1219 X114.788 Y107.717 E243.07676
G0 F9000 X114.738 Y107.667
G0 X114.916 Y109.907
G0 X114.779 Y112.234
G1 F1219 X115.071 Y112.526 E243.08088
G0 F9000 X114.004 Y113.439
G1 F1219 X114.286 Y113.721 E243.08486
G0 F9000 X113.052 Y114.466
G0 X113 Y114.414
G1 F1219 X113 Y114.697 E243.08846
G0 F9000 X113.076 Y114.773
G0 X111.65 Y115.044
G0 X111.633 Y115.027
G1 F1219 X111.673 Y115.35 E243.09068
G0 F9000 X111.727 Y115.389
;MESH:NONMESH
G0 F300 X111.727 Y115.389 Z6.96
G0 F9000 X110 Y115.106
;TIME_ELAPSED:892.062883
;LAYER:57
;TYPE:WALL-INNER
;MESH:carrucola plisse.stl
G1 F1220.7 X111.392 Y114.907 E243.11874
G1 X111.439 Y114.9 E243.11969
G1 X111.698 Y114.782 E243.12537
G1 X112.628 Y114.357 E243.14578
G1 X112.761 Y114.296 E243.1487
G1 X112.96 Y114.124 E243.15395
G1 X113.681 Y113.498 E243.173
G1 X113.859 Y113.344 E243.1777
G1 X113.964 Y113.181 E243.18157
G1 X114.494 Y112.356 E243.20114
G1 X114.645 Y112.121 E243.20671
G1 X114.67 Y112.034 E243.20852
G1 X115.001 Y110.906 E243.23198
G1 X115.045 Y110.757 E243.23508
G1 X115.047 Y110.731 E243.2356
G1 X115.07 Y110.519 E243.23985
G1 X115.097 Y110.144 E243.24736
G1 X115.086 Y109.756 E243.2551
G1 X115.06 Y109.379 E243.26264
G1 X115.053 Y109.313 E243.26397
G1 X115.044 Y109.24 E243.26544
G1 X114.999 Y109.086 E243.26864
G1 X114.671 Y107.967 E243.29191
G1 X114.645 Y107.879 E243.29374
G1 X114.495 Y107.646 E243.29927
G1 X113.965 Y106.82 E243.31885
G1 X113.859 Y106.656 E243.32275
G1 X113.682 Y106.503 E243.32742
G1 X112.961 Y105.877 E243.34648
G1 X112.761 Y105.704 E243.35175
G1 X112.629 Y105.644 E243.35465
G1 X111.699 Y105.219 E243.37505
G1 X111.439 Y105.1 E243.38076
G1 X111.393 Y105.094 E243.38168
G1 X110 Y104.894 E243.40977
G1 X108.607 Y105.093 E243.43785
G1 X108.561 Y105.1 E243.43878
G1 X108.304 Y105.217 E243.44441
G1 X107.372 Y105.643 E243.46486
G1 X107.239 Y105.704 E243.46778
G1 X107.04 Y105.876 E243.47303
G1 X106.317 Y106.503 E243.49213
G1 X106.141 Y106.656 E243.49678
G1 X106.038 Y106.816 E243.50058
G1 X105.5 Y107.653 E243.52044
G1 X105.355 Y107.879 E243.5258
G1 X105.331 Y107.962 E243.52752
G1 X104.991 Y109.12 E243.5516
G1 X104.955 Y109.243 E243.55416
G1 X104.954 Y109.258 E243.55446
G1 X104.922 Y109.564 E243.5606
G1 X104.913 Y109.769 E243.5647
G1 X104.912 Y110.138 E243.57206
G1 X104.928 Y110.514 E243.57957
G1 X104.951 Y110.727 E243.58385
G1 X104.955 Y110.759 E243.58449
G1 X104.999 Y110.912 E243.58767
G1 X105.33 Y112.037 E243.61107
G1 X105.355 Y112.121 E243.61282
G1 X105.499 Y112.346 E243.61815
G1 X106.037 Y113.183 E243.638
G1 X106.141 Y113.344 E243.64183
G1 X106.316 Y113.496 E243.64646
G1 X107.039 Y114.123 E243.66555
G1 X107.239 Y114.296 E243.67083
G1 X107.371 Y114.356 E243.67372
G1 X108.303 Y114.782 E243.69417
G1 X108.561 Y114.9 E243.69984
G1 X108.606 Y114.906 E243.70074
G1 X110 Y115.106 E243.72885
G0 F9000 X110 Y114.702
;TYPE:WALL-OUTER
G1 F1220.7 X111.325 Y114.512 E243.75556
G1 X112.542 Y113.956 E243.78226
G1 X113.554 Y113.079 E243.80898
G1 X114.277 Y111.953 E243.83569
G1 X114.651 Y110.679 E243.86218
G1 X114.672 Y110.483 E243.86612
G1 X114.697 Y110.136 E243.87306
G1 X114.686 Y109.775 E243.88027
G1 X114.662 Y109.415 E243.88747
G1 X114.651 Y109.32 E243.88938
G1 X114.277 Y108.047 E243.91585
G1 X113.554 Y106.921 E243.94256
G1 X112.542 Y106.044 E243.96928
G1 X111.325 Y105.488 E243.99598
G1 X110 Y105.298 E244.02269
G1 X108.675 Y105.488 E244.04941
G1 X107.458 Y106.044 E244.07611
G1 X106.446 Y106.921 E244.10283
G1 X105.723 Y108.047 E244.12954
G1 X105.349 Y109.32 E244.15601
G1 X105.321 Y109.593 E244.16149
G1 X105.313 Y109.778 E244.16519
G1 X105.312 Y110.13 E244.17221
G1 X105.327 Y110.483 E244.17926
G1 X105.349 Y110.68 E244.18322
G1 X105.723 Y111.953 E244.20969
G1 X106.446 Y113.079 E244.2364
G1 X107.458 Y113.956 E244.26312
G1 X108.675 Y114.512 E244.28982
G1 X110 Y114.702 E244.31654
G0 F9000 X110 Y115.142
G0 X111.861 Y115.136
;TYPE:WALL-INNER
G1 F1220.7 X112.537 Y114.827 E244.33137
G1 X112.791 Y114.711 E244.33694
G1 X112.558 Y114.871 E244.33733
G1 X111.861 Y115.136 E244.33824
G0 F9000 X113.216 Y114.418
G1 F1220.7 X113.609 Y114.077 E244.34862
G1 X113.937 Y113.792 E244.3573
G1 X113.648 Y114.12 E244.35798
G1 X113.216 Y114.418 E244.35878
G0 F9000 X114.292 Y113.391
G1 F1220.7 X114.484 Y113.093 E244.36586
G1 X114.823 Y112.566 E244.37836
G1 X114.53 Y113.122 E244.37924
G1 X114.292 Y113.391 E244.37979
G0 F9000 X115.045 Y112.143
G1 F1220.7 X115.104 Y111.941 E244.38399
G1 X115.375 Y111.015 E244.40324
G1 X115.145 Y111.952 E244.40425
G1 X115.045 Y112.143 E244.40454
G0 F9000 X115.436 Y110.771
G1 F1220.7 X115.459 Y110.553 E244.40892
G1 X115.465 Y110.455 E244.41087
G1 X115.485 Y110.172 E244.41654
G1 X115.487 Y110.152 E244.41694
G1 X115.487 Y110.134 E244.4173
G1 X115.479 Y109.824 E244.42349
G1 X115.476 Y109.737 E244.42522
G1 X115.459 Y109.494 E244.43008
G1 X115.449 Y109.351 E244.43294
G1 X115.442 Y109.268 E244.43461
G1 X115.449 Y109.306
G1 X115.484 Y109.492 E244.43536
G1 X115.5 Y109.735 E244.43566
G1 X115.506 Y109.823
G1 X115.497 Y110.152 E244.43622
G1 X115.487 Y110.456 E244.43676
G1 X115.471 Y110.554 E244.43685
G1 X115.436 Y110.771 E244.43692
G0 F9000 X115.373 Y108.976
G1 F1220.7 X115.105 Y108.06 E244.45597
G1 X115.045 Y107.857 E244.46019
G1 X115.145 Y108.048 E244.46046
G1 X115.373 Y108.976 E244.46145
G0 F9000 X114.823 Y107.434
G1 F1220.7 X114.485 Y106.908 E244.47393
G1 X114.292 Y106.609 E244.48103
G1 X114.53 Y106.878 E244.48156
G1 X114.823 Y107.434 E244.48245
G0 F9000 X113.937 Y106.208
G1 F1220.7 X113.61 Y105.924 E244.49109
G1 X113.216 Y105.582 E244.5015
G1 X113.648 Y105.88 E244.5023
G1 X113.937 Y106.208 E244.50299
G0 F9000 X112.791 Y105.289
G1 F1220.7 X112.538 Y105.174 E244.50853
G1 X111.861 Y104.864 E244.52339
G1 X112.558 Y105.129 E244.52432
G1 X112.791 Y105.289 E244.52472
G0 F9000 X108.551 Y104.708
G1 F1220.7 X108.684 Y104.657 E244.52756
G1 X109.952 Y104.504 E244.55305
G1 X110 Y104.498 E244.55402
G1 X110.047 Y104.503 E244.55495
G1 X111.315 Y104.657 E244.58044
G1 X111.448 Y104.707 E244.58327
G1 X111.311 Y104.688 E244.58336
G1 X110.056 Y104.508 E244.58455
G1 X110 Y104.5 E244.58475
G1 X109.945 Y104.507 E244.5849
G1 X108.689 Y104.688 E244.58601
G1 X108.551 Y104.708 E244.5861
G0 F9000 X107.209 Y105.289
G1 F1220.7 X107.442 Y105.129 E244.59174
G1 X108.142 Y104.863 E244.60669
G1 X107.463 Y105.173 E244.60756
G1 X107.209 Y105.289 E244.60789
G0 F9000 X106.061 Y106.209
G1 F1220.7 X106.352 Y105.88 E244.61665
G1 X106.784 Y105.582 E244.62713
G1 X106.39 Y105.923 E244.62785
G1 X106.061 Y106.209 E244.62845
G0 F9000 X105.172 Y107.443
G1 F1220.7 X105.469 Y106.878 E244.64118
G1 X105.71 Y106.606 E244.64844
G1 X105.516 Y106.908 E244.64889
G1 X105.172 Y107.443 E244.64976
G0 F9000 X104.617 Y109.011
G1 F1220.7 X104.854 Y108.048 E244.66955
G1 X104.957 Y107.853 E244.67394
G1 X104.897 Y108.06 E244.67415
G1 X104.617 Y109.011 E244.67524
G0 F9000 X104.564 Y110.77
G1 F1220.7 X104.529 Y110.627 E244.67818
G1 X104.523 Y110.546 E244.6798
G1 X104.505 Y110.306 E244.6846
G1 X104.505 Y110.147 E244.68777
G1 X104.504 Y109.761 E244.69548
G1 X104.503 Y109.75 E244.6957
G1 X104.514 Y109.535 E244.69999
G1 X104.518 Y109.46 E244.70149
G1 X104.531 Y109.394 E244.70283
G1 X104.566 Y109.219 E244.70639
G1 X104.542 Y109.462 E244.70741
G1 X104.535 Y109.523
G1 X104.533 Y109.535
G1 X104.533 Y109.546
G1 X104.524 Y109.75 E244.70752
G1 X104.523 Y109.76 E244.70752
G1 X104.523 Y110.136 E244.70791
G1 X104.522 Y110.146
G1 X104.528 Y110.305 E244.70809
G1 X104.538 Y110.53 E244.7082
G1 X104.539 Y110.544
G1 X104.54 Y110.556
G1 X104.547 Y110.624
G1 X104.564 Y110.77 E244.70826
G0 F9000 X104.956 Y112.147
G1 F1220.7 X104.854 Y111.952 E244.71265
G1 X104.626 Y111.022 E244.73176
G1 X104.895 Y111.939 E244.73276
G1 X104.956 Y112.147 E244.73298
G0 F9000 X105.71 Y113.394
G1 F1220.7 X105.469 Y113.122 E244.74023
G1 X105.172 Y112.557 E244.75297
G1 X105.515 Y113.091 E244.75381
G1 X105.71 Y113.394 E244.7543
G0 F9000 X106.784 Y114.418
G1 F1220.7 X106.352 Y114.12 E244.76477
G1 X106.061 Y113.791 E244.77354
G1 X106.389 Y114.076 E244.77413
G1 X106.784 Y114.418 E244.77487
G0 F9000 X108.142 Y115.137
G1 F1220.7 X107.442 Y114.871 E244.78981
G1 X107.209 Y114.711 E244.79545
G1 X107.462 Y114.826 E244.79575
G1 X108.142 Y115.137 E244.79666
G0 F9000 X110 Y115.502
G1 F1220.7 X109.953 Y115.497 E244.7976
G1 X108.684 Y115.343 E244.82311
G1 X108.551 Y115.292 E244.82594
G1 X108.688 Y115.311 E244.82603
G1 X109.944 Y115.492 E244.82726
G1 X110 Y115.5 E244.82746
G1 X110.055 Y115.493 E244.82767
G1 X111.31 Y115.313 E244.85297
G1 X111.448 Y115.293 E244.85575
G1 X111.315 Y115.343 E244.85591
G1 X110.048 Y115.496 E244.85717
G1 X110 Y115.502 E244.85718
G0 F9000 X110 Y115.895
G1 F1220.7 X109.953 Y115.89 E244.85812
G1 X108.637 Y115.73 E244.88457
G1 X108.588 Y115.724 E244.88556
G1 X108.546 Y115.708 E244.88646
G1 X108.413 Y115.658 E244.88929
G1 X108.004 Y115.503 E244.89802
G1 X107.303 Y115.236 E244.91299
G1 X107.261 Y115.22 E244.91389
G1 X107.221 Y115.193 E244.91485
G1 X106.988 Y115.032 E244.9205
G1 X106.563 Y114.739 E244.9308
G1 X106.131 Y114.441 E244.94128
G1 X106.09 Y114.412 E244.94228
G1 X106.061 Y114.379 E244.94316
G1 X105.77 Y114.05 E244.95192
G1 X105.418 Y113.654 E244.96249
G1 X105.177 Y113.382 E244.96975
G1 X105.147 Y113.348 E244.97065
G1 X105.124 Y113.304 E244.97164
G1 X104.827 Y112.739 E244.98438
G1 X104.612 Y112.328 E244.99364
G1 X104.51 Y112.134 E244.99801
G1 X104.486 Y112.089 E244.99903
G1 X104.476 Y112.046 E244.99991
G1 X104.247 Y111.116 E245.01902
G1 X104.185 Y110.864 E245.0242
G1 X104.15 Y110.721 E245.02714
G1 X104.142 Y110.689 E245.0278
G1 X104.14 Y110.656 E245.02846
G1 X104.116 Y110.336 E245.03486
G1 X104.115 Y110.322 E245.03514
G1 X104.115 Y110.308 E245.03542
G1 X104.113 Y109.751 E245.04654
G1 X104.114 Y109.73 E245.04696
G1 X104.129 Y109.44 E245.05275
G1 X104.13 Y109.424 E245.05307
G1 X104.14 Y109.316 E245.05524
G1 X104.186 Y109.126 E245.05914
G1 X104.237 Y108.918 E245.06341
G1 X104.475 Y107.955 E245.08321
G1 X104.486 Y107.911 E245.08411
G1 X104.509 Y107.867 E245.0851
G1 X104.611 Y107.672 E245.08949
G1 X104.826 Y107.262 E245.09873
G1 X105.123 Y106.697 E245.11147
G1 X105.147 Y106.652 E245.11249
G1 X105.176 Y106.619 E245.11337
G1 X105.417 Y106.347 E245.12062
G1 X105.768 Y105.951 E245.13118
G1 X106.06 Y105.622 E245.13996
G1 X106.09 Y105.588 E245.14086
G1 X106.13 Y105.56 E245.14184
G1 X106.562 Y105.262 E245.15231
G1 X106.987 Y104.969 E245.16261
G1 X107.22 Y104.808 E245.16826
G1 X107.261 Y104.78 E245.16925
G1 X107.303 Y104.764 E245.17015
G1 X108.003 Y104.499 E245.18509
G1 X108.411 Y104.344 E245.1938
G1 X108.544 Y104.293 E245.19664
G1 X108.588 Y104.276 E245.19758
G1 X108.637 Y104.271 E245.19856
G1 X109.952 Y104.111 E245.225
G1 X110 Y104.105 E245.22596
G1 X110.047 Y104.11 E245.2269
G1 X111.361 Y104.27 E245.25332
G1 X111.411 Y104.276 E245.25432
G1 X111.452 Y104.291 E245.25519
G1 X111.586 Y104.341 E245.25805
G1 X111.999 Y104.498 E245.26686
G1 X112.696 Y104.763 E245.28175
G1 X112.739 Y104.78 E245.28267
G1 X112.779 Y104.807 E245.28363
G1 X113.012 Y104.968 E245.28928
G1 X113.437 Y105.261 E245.29958
G1 X113.869 Y105.559 E245.31006
G1 X113.91 Y105.588 E245.31106
G1 X113.939 Y105.621 E245.31194
G1 X114.229 Y105.948 E245.32066
G1 X114.584 Y106.349 E245.33135
G1 X114.822 Y106.618 E245.33851
G1 X114.852 Y106.652 E245.33942
G1 X114.875 Y106.696 E245.34041
G1 X115.167 Y107.253 E245.35296
G1 X115.389 Y107.676 E245.36249
G1 X115.489 Y107.866 E245.36678
G1 X115.513 Y107.911 E245.3678
G1 X115.523 Y107.954 E245.36868
G1 X115.752 Y108.882 E245.38775
G1 X115.824 Y109.173 E245.39373
G1 X115.859 Y109.316 E245.39667
G1 X115.871 Y109.456 E245.39948
G1 X115.873 Y109.467 E245.3997
G1 X115.894 Y109.797 E245.4063
G1 X115.896 Y109.82 E245.40676
G1 X115.896 Y109.834 E245.40704
G1 X115.877 Y110.467 E245.41968
G1 X115.876 Y110.49 E245.42014
G1 X115.859 Y110.684 E245.42402
G1 X115.815 Y110.863 E245.4277
G1 X115.755 Y111.108 E245.43273
G1 X115.524 Y112.045 E245.45199
G1 X115.513 Y112.089 E245.4529
G1 X115.49 Y112.133 E245.45389
G1 X115.39 Y112.324 E245.45819
G1 X115.168 Y112.746 E245.46771
G1 X114.876 Y113.303 E245.48026
G1 X114.852 Y113.348 E245.48128
G1 X114.823 Y113.381 E245.48215
G1 X114.585 Y113.65 E245.48932
G1 X114.23 Y114.051 E245.50001
G1 X113.94 Y114.378 E245.50873
G1 X113.91 Y114.412 E245.50963
G1 X113.87 Y114.44 E245.51061
G1 X113.438 Y114.738 E245.52108
G1 X113.013 Y115.031 E245.53138
G1 X112.78 Y115.192 E245.53704
G1 X112.739 Y115.22 E245.53803
G1 X112.697 Y115.236 E245.53892
G1 X112 Y115.5 E245.5538
G1 X111.587 Y115.657 E245.56261
G1 X111.454 Y115.707 E245.56545
G1 X111.411 Y115.724 E245.56637
G1 X111.362 Y115.729 E245.56736
G1 X110.048 Y115.889 E245.59377
G1 X110 Y115.895 E245.59474
G0 F9000 X110 Y116.298
;TYPE:WALL-OUTER
G1 F1220.7 X108.491 Y116.115 E245.62507
G1 X107.075 Y115.577 E245.6553
G1 X105.824 Y114.714 E245.68563
G1 X104.815 Y113.576 E245.71598
G1 X104.11 Y112.233 E245.74625
G1 X103.745 Y110.75 E245.77673
G1 X103.715 Y110.338 E245.78497
G1 X103.713 Y109.752 E245.79667
G1 X103.732 Y109.386 E245.80398
G1 X103.745 Y109.25 E245.80671
G1 X104.11 Y107.767 E245.83718
G1 X104.815 Y106.424 E245.86745
G1 X105.824 Y105.286 E245.8978
G1 X107.075 Y104.423 E245.92813
G1 X108.491 Y103.885 E245.95836
G1 X110 Y103.702 E245.9887
G1 X111.508 Y103.885 E246.01901
G1 X112.925 Y104.423 E246.04926
G1 X114.176 Y105.286 E246.07959
G1 X115.184 Y106.424 E246.10993
G1 X115.889 Y107.767 E246.14019
G1 X116.254 Y109.25 E246.17067
G1 X116.272 Y109.441 E246.1745
G1 X116.296 Y109.816 E246.182
G1 X116.287 Y110.158 E246.18883
G1 X116.276 Y110.504 E246.19574
G1 X116.254 Y110.75 E246.20066
G1 X115.889 Y112.233 E246.23114
G1 X115.184 Y113.576 E246.26141
G1 X114.176 Y114.714 E246.29175
G1 X112.925 Y115.577 E246.32208
G1 X111.508 Y116.115 E246.35233
G1 X110 Y116.298 E246.38264
G0 F9000 X110 Y115.858
G0 X108.366 Y115.361
G0 X108.333 Y115.394
;TYPE:SKIN
G1 F1220.7 X108.369 Y115.076 E246.38497
G0 F9000 X108.419 Y115.026
G0 X107.007 Y114.741
G0 X106.98 Y114.767
G1 F1220.7 X106.932 Y114.533 E246.38983
G0 F9000 X107.078 Y114.387
G0 X106.017 Y113.468
G1 F1220.7 X105.737 Y113.748 E246.39378
G0 F9000 X105.082 Y112.423
G0 X105.16 Y112.344
G1 F1220.7 X104.855 Y112.368 E246.39646
G0 F9000 X104.839 Y112.384
G0 X105 Y107.697
G0 X105.053 Y107.643
G1 F1220.7 X104.905 Y107.509 E246.39865
G0 F9000 X104.881 Y107.533
G0 X105.719 Y106.412
G0 X105.798 Y106.332
G1 F1220.7 X105.95 Y106.464 E246.40286
G0 F9000 X105.88 Y106.534
G0 X106.918 Y105.496
G0 X106.989 Y105.424
G1 F1220.7 X107.147 Y105.549 E246.40408
G1 X106.832 Y105.299 E246.40653
G0 F9000 X106.795 Y105.336
G0 X108.256 Y104.723
G0 X108.308 Y104.671
G1 F1220.7 X108.379 Y104.883 E246.40913
G0 F9000 X108.339 Y104.924
G0 X111.592 Y104.781
G1 F1220.7 X111.774 Y104.6 E246.4117
G0 F9000 X112.857 Y105.497
G1 F1220.7 X113.107 Y105.247 E246.41522
G0 F9000 X114.31 Y106.307
G1 F1220.7 X114.025 Y106.591 E246.41924
G0 F9000 X115.098 Y107.498
G1 F1220.7 X114.822 Y107.774 E246.42313
G0 F9000 X114.901 Y110.231
G0 X114.875 Y112.246
G0 X114.823 Y112.298
G1 F1220.7 X115.013 Y112.392 E246.42642
G0 F9000 X115.077 Y112.328
G0 X114.181 Y113.506
G0 X114.105 Y113.582
G1 F1220.7 X114.255 Y113.714 E246.43098
G0 F9000 X114.341 Y113.629
G0 X113.126 Y114.561
G0 X113.05 Y114.636
G1 F1220.7 X112.938 Y114.467 E246.43493
G0 F9000 X113.002 Y114.403
G0 X111.691 Y115.148
G0 X111.645 Y115.194
G1 F1220.7 X111.734 Y115.387 E246.43738
G0 F9000 X111.685 Y115.405
;MESH:NONMESH
G0 F300 X111.685 Y115.405 Z7.08
G0 F9000 X110 Y115.106
;TIME_ELAPSED:907.079827
;LAYER:58
;TYPE:WALL-INNER
;MESH:carrucola plisse.stl
G1 F1218 X111.392 Y114.907 E246.46544
G1 X111.439 Y114.9 E246.46639
G1 X111.698 Y114.782 E246.47207
G1 X112.628 Y114.357 E246.49247
G1 X112.761 Y114.296 E246.49539
G1 X112.96 Y114.124 E246.50064
G1 X113.681 Y113.498 E246.51969
G1 X113.859 Y113.344 E246.52439
G1 X113.964 Y113.181 E246.52826
G1 X114.494 Y112.356 E246.54783
G1 X114.645 Y112.121 E246.5534
G1 X114.67 Y112.034 E246.55521
G1 X115.001 Y110.906 E246.57867
G1 X115.045 Y110.757 E246.58177
G1 X115.047 Y110.731 E246.58229
G1 X115.068 Y110.538 E246.58616
G1 X115.098 Y110.129 E246.59435
G1 X115.083 Y109.707 E246.60278
G1 X115.059 Y109.37 E246.60952
G1 X115.044 Y109.24 E246.61213
G1 X114.999 Y109.086 E246.61533
G1 X114.671 Y107.967 E246.6386
G1 X114.645 Y107.879 E246.64043
G1 X114.495 Y107.646 E246.64596
G1 X113.965 Y106.82 E246.66555
G1 X113.859 Y106.656 E246.66944
G1 X113.682 Y106.503 E246.67411
G1 X112.961 Y105.877 E246.69317
G1 X112.761 Y105.704 E246.69845
G1 X112.629 Y105.644 E246.70134
G1 X111.699 Y105.219 E246.72174
G1 X111.439 Y105.1 E246.72745
G1 X111.393 Y105.094 E246.72838
G1 X110 Y104.894 E246.75646
G1 X108.607 Y105.093 E246.78454
G1 X108.561 Y105.1 E246.78547
G1 X108.304 Y105.217 E246.79111
G1 X107.372 Y105.643 E246.81156
G1 X107.239 Y105.704 E246.81448
G1 X107.04 Y105.876 E246.81972
G1 X106.317 Y106.503 E246.83882
G1 X106.141 Y106.656 E246.84348
G1 X106.038 Y106.816 E246.84727
G1 X105.5 Y107.653 E246.86713
G1 X105.355 Y107.879 E246.87249
G1 X105.331 Y107.962 E246.87421
G1 X104.999 Y109.091 E246.8977
G1 X104.953 Y109.247 E246.90094
G1 X104.952 Y109.26 E246.9012
G1 X104.917 Y109.716 E246.91033
G1 X104.916 Y110.196 E246.91991
G1 X104.938 Y110.616 E246.9283
G1 X104.952 Y110.725 E246.93049
G1 X104.957 Y110.763 E246.93126
G1 X104.995 Y110.894 E246.93398
G1 X105.33 Y112.037 E246.95775
G1 X105.355 Y112.121 E246.9595
G1 X105.499 Y112.346 E246.96483
G1 X106.037 Y113.183 E246.98469
G1 X106.141 Y113.344 E246.98851
G1 X106.316 Y113.496 E246.99314
G1 X107.039 Y114.123 E247.01224
G1 X107.239 Y114.296 E247.01751
G1 X107.371 Y114.356 E247.02041
G1 X108.303 Y114.782 E247.04086
G1 X108.561 Y114.9 E247.04652
G1 X108.606 Y114.906 E247.04742
G1 X110 Y115.106 E247.07553
G0 F9000 X110 Y114.702
;TYPE:WALL-OUTER
G1 F1218 X111.325 Y114.512 E247.10224
G1 X112.542 Y113.956 E247.12894
G1 X113.554 Y113.079 E247.15566
G1 X114.277 Y111.953 E247.18237
G1 X114.651 Y110.679 E247.20887
G1 X114.67 Y110.502 E247.21242
G1 X114.697 Y110.122 E247.22002
G1 X114.683 Y109.728 E247.22789
G1 X114.661 Y109.407 E247.23431
G1 X114.651 Y109.32 E247.23606
G1 X114.277 Y108.047 E247.26253
G1 X113.554 Y106.921 E247.28924
G1 X112.542 Y106.044 E247.31596
G1 X111.325 Y105.488 E247.34266
G1 X110 Y105.298 E247.36938
G1 X108.675 Y105.488 E247.39609
G1 X107.458 Y106.044 E247.42279
G1 X106.446 Y106.921 E247.44951
G1 X105.723 Y108.047 E247.47622
G1 X105.349 Y109.32 E247.50269
G1 X105.317 Y109.732 E247.51094
G1 X105.316 Y110.186 E247.52
G1 X105.337 Y110.58 E247.52788
G1 X105.35 Y110.681 E247.52991
G1 X105.723 Y111.953 E247.55636
G1 X106.446 Y113.079 E247.58306
G1 X107.458 Y113.956 E247.60979
G1 X108.675 Y114.512 E247.63649
G1 X110 Y114.702 E247.6632
G0 F9000 X110 Y115.142
G0 X111.861 Y115.136
;TYPE:WALL-INNER
G1 F1218 X112.537 Y114.827 E247.67803
G1 X112.791 Y114.711 E247.68361
G1 X112.558 Y114.871 E247.68399
G1 X111.861 Y115.136 E247.68491
G0 F9000 X113.216 Y114.418
G1 F1218 X113.609 Y114.077 E247.69529
G1 X113.937 Y113.792 E247.70396
G1 X113.648 Y114.12 E247.70464
G1 X113.216 Y114.418 E247.70545
G0 F9000 X114.292 Y113.391
G1 F1218 X114.484 Y113.093 E247.71252
G1 X114.823 Y112.566 E247.72503
G1 X114.53 Y113.122 E247.72591
G1 X114.292 Y113.391 E247.72646
G0 F9000 X115.045 Y112.143
G1 F1218 X115.104 Y111.941 E247.73066
G1 X115.375 Y111.015 E247.74991
G1 X115.145 Y111.952 E247.75091
G1 X115.045 Y112.143 E247.75121
G0 F9000 X115.436 Y110.771
G1 F1218 X115.452 Y110.613 E247.75438
G1 X115.457 Y110.573 E247.75518
G1 X115.485 Y110.186 E247.76292
G1 X115.487 Y110.158 E247.76348
G1 X115.489 Y110.136 E247.76392
G1 X115.489 Y110.116 E247.76432
G1 X115.479 Y109.846 E247.76972
G1 X115.473 Y109.686 E247.77291
G1 X115.457 Y109.468 E247.77727
G1 X115.447 Y109.334 E247.77995
G1 X115.482 Y109.466 E247.78007
G1 X115.495 Y109.684 E247.78033
G1 X115.506 Y109.844 E247.78053
G1 X115.497 Y110.136 E247.78109
G1 X115.495 Y110.186 E247.7814
G1 X115.476 Y110.576 E247.7817
G1 X115.474 Y110.615
G1 X115.436 Y110.771 E247.78181
G0 F9000 X115.373 Y108.976
G1 F1218 X115.105 Y108.06 E247.80086
G1 X115.045 Y107.857 E247.80508
G1 X115.145 Y108.048 E247.80535
G1 X115.373 Y108.976 E247.80634
G0 F9000 X114.823 Y107.434
G1 F1218 X114.485 Y106.908 E247.81882
G1 X114.292 Y106.609 E247.82592
G1 X114.53 Y106.878 E247.82645
G1 X114.823 Y107.434 E247.82734
G0 F9000 X113.937 Y106.208
G1 F1218 X113.61 Y105.924 E247.83598
G1 X113.216 Y105.582 E247.84639
G1 X113.648 Y105.88 E247.84719
G1 X113.937 Y106.208 E247.84788
G0 F9000 X112.791 Y105.289
G1 F1218 X112.538 Y105.174 E247.85343
G1 X111.861 Y104.864 E247.86828
G1 X112.558 Y105.129 E247.86921
G1 X112.791 Y105.289 E247.86961
G0 F9000 X108.551 Y104.708
G1 F1218 X108.684 Y104.657 E247.87245
G1 X109.952 Y104.504 E247.89794
G1 X110 Y104.498 E247.89891
G1 X110.047 Y104.503 E247.89984
G1 X111.315 Y104.657 E247.92533
G1 X111.448 Y104.707 E247.92816
G1 X111.311 Y104.688 E247.92825
G1 X110.056 Y104.508 E247.92944
G1 X110 Y104.5 E247.92964
G1 X109.945 Y104.507 E247.92979
G1 X108.689 Y104.688 E247.9309
G1 X108.551 Y104.708 E247.93099
G0 F9000 X107.209 Y105.289
G1 F1218 X107.442 Y105.129 E247.93663
G1 X108.142 Y104.863 E247.95158
G1 X107.463 Y105.173 E247.95245
G1 X107.209 Y105.289 E247.95278
G0 F9000 X106.061 Y106.209
G1 F1218 X106.352 Y105.88 E247.96154
G1 X106.784 Y105.582 E247.97202
G1 X106.39 Y105.923 E247.97274
G1 X106.061 Y106.209 E247.97334
G0 F9000 X105.172 Y107.443
G1 F1218 X105.469 Y106.878 E247.98607
G1 X105.71 Y106.606 E247.99333
G1 X105.516 Y106.908 E247.99378
G1 X105.172 Y107.443 E247.99465
G0 F9000 X104.624 Y108.981
G1 F1218 X104.854 Y108.048 E248.01382
G1 X104.956 Y107.853 E248.01822
G1 X104.896 Y108.06 E248.01842
G1 X104.624 Y108.981 E248.01945
G0 F9000 X104.565 Y110.776
G1 F1218 X104.536 Y110.655 E248.02194
G1 X104.529 Y110.627 E248.02251
G1 X104.509 Y110.355 E248.02795
G1 X104.509 Y110.207 E248.03091
G1 X104.507 Y109.712 E248.04079
G1 X104.507 Y109.701 E248.04101
G1 X104.52 Y109.433 E248.04636
G1 X104.527 Y109.399 E248.04705
G1 X104.563 Y109.231 E248.05048
G1 X104.548 Y109.435 E248.051
G1 X104.529 Y109.686 E248.05119
G1 X104.527 Y109.701
G1 X104.527 Y109.715 E248.05123
G1 X104.527 Y110.195 E248.05158
G1 X104.526 Y110.206 E248.0518
G1 X104.533 Y110.353 E248.05196
G1 X104.547 Y110.626 E248.05225
G1 X104.548 Y110.636
G1 X104.549 Y110.651
G1 X104.55 Y110.665
G1 X104.565 Y110.776
G0 F9000 X104.957 Y112.147
G1 F1218 X104.854 Y111.952 E248.05665
G1 X104.621 Y111.004 E248.07613
G1 X104.896 Y111.939 E248.07716
G1 X104.957 Y112.147 E248.07736
G0 F9000 X105.71 Y113.394
G1 F1218 X105.469 Y113.122 E248.08461
G1 X105.172 Y112.557 E248.09735
G1 X105.515 Y113.091 E248.0982
G1 X105.71 Y113.394 E248.09868
G0 F9000 X106.784 Y114.418
G1 F1218 X106.352 Y114.12 E248.10916
G1 X106.061 Y113.791 E248.11792
G1 X106.389 Y114.076 E248.11851
G1 X106.784 Y114.418 E248.11925
G0 F9000 X108.142 Y115.137
G1 F1218 X107.442 Y114.871 E248.13419
G1 X107.209 Y114.711 E248.13983
G1 X107.462 Y114.826 E248.14014
G1 X108.142 Y115.137 E248.14104
G0 F9000 X110 Y115.502
G1 F1218 X109.953 Y115.497 E248.14198
G1 X108.684 Y115.343 E248.16749
G1 X108.551 Y115.292 E248.17032
G1 X108.688 Y115.311 E248.17042
G1 X109.944 Y115.492 E248.17164
G1 X110 Y115.5 E248.17184
G1 X110.055 Y115.493 E248.17205
G1 X111.31 Y115.313 E248.19735
G1 X111.448 Y115.293 E248.20013
G1 X111.315 Y115.343 E248.20029
G1 X110.048 Y115.496 E248.20156
G1 X110 Y115.502 E248.20157
G0 F9000 X110 Y115.895
G1 F1218 X109.953 Y115.89 E248.2025
G1 X108.637 Y115.73 E248.22896
G1 X108.588 Y115.724 E248.22994
G1 X108.546 Y115.708 E248.23084
G1 X108.413 Y115.658 E248.23368
G1 X108.004 Y115.503 E248.2424
G1 X107.303 Y115.236 E248.25737
G1 X107.261 Y115.22 E248.25827
G1 X107.221 Y115.193 E248.25923
G1 X106.988 Y115.032 E248.26489
G1 X106.563 Y114.739 E248.27519
G1 X106.131 Y114.441 E248.28566
G1 X106.09 Y114.412 E248.28666
G1 X106.061 Y114.379 E248.28754
G1 X105.77 Y114.05 E248.2963
G1 X105.418 Y113.654 E248.30688
G1 X105.177 Y113.382 E248.31413
G1 X105.147 Y113.348 E248.31503
G1 X105.124 Y113.304 E248.31603
G1 X104.827 Y112.739 E248.32876
G1 X104.612 Y112.329 E248.338
G1 X104.51 Y112.134 E248.34239
G1 X104.486 Y112.089 E248.34341
G1 X104.476 Y112.046 E248.34429
G1 X104.243 Y111.098 E248.36377
G1 X104.187 Y110.87 E248.36846
G1 X104.151 Y110.722 E248.3715
G1 X104.142 Y110.689 E248.37218
G1 X104.14 Y110.656 E248.37284
G1 X104.12 Y110.384 E248.37828
G1 X104.119 Y110.37 E248.37856
G1 X104.119 Y110.357 E248.37882
G1 X104.118 Y109.714 E248.39166
G1 X104.117 Y109.692 E248.3921
G1 X104.131 Y109.413 E248.39767
G1 X104.132 Y109.398 E248.39797
G1 X104.14 Y109.316 E248.39961
G1 X104.183 Y109.138 E248.40327
G1 X104.244 Y108.888 E248.4084
G1 X104.475 Y107.955 E248.42758
G1 X104.486 Y107.911 E248.42849
G1 X104.509 Y107.867 E248.42948
G1 X104.611 Y107.673 E248.43385
G1 X104.826 Y107.262 E248.44311
G1 X105.123 Y106.697 E248.45585
G1 X105.147 Y106.652 E248.45687
G1 X105.176 Y106.619 E248.45774
G1 X105.417 Y106.347 E248.465
G1 X105.768 Y105.951 E248.47556
G1 X106.06 Y105.622 E248.48433
G1 X106.09 Y105.588 E248.48524
G1 X106.13 Y105.56 E248.48621
G1 X106.562 Y105.262 E248.49669
G1 X106.987 Y104.969 E248.50699
G1 X107.22 Y104.808 E248.51264
G1 X107.261 Y104.78 E248.51363
G1 X107.303 Y104.764 E248.51453
G1 X108.003 Y104.499 E248.52946
G1 X108.411 Y104.344 E248.53817
G1 X108.544 Y104.293 E248.54102
G1 X108.588 Y104.276 E248.54196
G1 X108.637 Y104.271 E248.54294
G1 X109.952 Y104.111 E248.56938
G1 X110 Y104.105 E248.57034
G1 X110.047 Y104.11 E248.57128
G1 X111.361 Y104.27 E248.5977
G1 X111.411 Y104.276 E248.5987
G1 X111.452 Y104.291 E248.59957
G1 X111.586 Y104.341 E248.60243
G1 X111.999 Y104.498 E248.61124
G1 X112.696 Y104.763 E248.62612
G1 X112.739 Y104.78 E248.62705
G1 X112.779 Y104.807 E248.62801
G1 X113.012 Y104.968 E248.63366
G1 X113.437 Y105.261 E248.64396
G1 X113.869 Y105.559 E248.65444
G1 X113.91 Y105.588 E248.65544
G1 X113.939 Y105.621 E248.65632
G1 X114.229 Y105.948 E248.66504
G1 X114.584 Y106.349 E248.67573
G1 X114.822 Y106.618 E248.68289
G1 X114.852 Y106.652 E248.6838
G1 X114.875 Y106.696 E248.68479
G1 X115.167 Y107.253 E248.69734
G1 X115.389 Y107.676 E248.70687
G1 X115.489 Y107.866 E248.71116
G1 X115.513 Y107.911 E248.71217
G1 X115.523 Y107.954 E248.71306
G1 X115.752 Y108.882 E248.73213
G1 X115.859 Y109.316 E248.74105
G1 X115.869 Y109.429 E248.74331
G1 X115.871 Y109.442 E248.74358
G1 X115.894 Y109.819 E248.75111
G1 X115.896 Y109.844 E248.75161
G1 X115.896 Y109.855 E248.75183
G1 X115.887 Y110.148 E248.75768
G1 X115.885 Y110.204 E248.7588
G1 X115.867 Y110.596 E248.76663
G1 X115.863 Y110.65 E248.76771
G1 X115.859 Y110.684 E248.7684
G1 X115.854 Y110.707 E248.76887
G1 X115.816 Y110.864 E248.77209
G1 X115.755 Y111.108 E248.77711
G1 X115.524 Y112.045 E248.79637
G1 X115.513 Y112.089 E248.79727
G1 X115.49 Y112.133 E248.79826
G1 X115.39 Y112.324 E248.80257
G1 X115.168 Y112.746 E248.81208
G1 X114.876 Y113.303 E248.82463
G1 X114.852 Y113.348 E248.82565
G1 X114.823 Y113.381 E248.82653
G1 X114.585 Y113.65 E248.83369
G1 X114.23 Y114.051 E248.84438
G1 X113.94 Y114.378 E248.8531
G1 X113.91 Y114.412 E248.85401
G1 X113.87 Y114.44 E248.85498
G1 X113.438 Y114.738 E248.86546
G1 X113.013 Y115.031 E248.87576
G1 X112.78 Y115.192 E248.88141
G1 X112.739 Y115.22 E248.8824
G1 X112.697 Y115.236 E248.8833
G1 X112 Y115.5 E248.89817
G1 X111.587 Y115.657 E248.90699
G1 X111.454 Y115.707 E248.90982
G1 X111.411 Y115.724 E248.91075
G1 X111.362 Y115.729 E248.91173
G1 X110.048 Y115.889 E248.93815
G1 X110 Y115.895 E248.93911
G0 F9000 X110 Y116.298
;TYPE:WALL-OUTER
G1 F1218 X108.491 Y116.115 E248.96945
G1 X107.075 Y115.577 E248.99967
G1 X105.824 Y114.714 E249.03
G1 X104.815 Y113.576 E249.06036
G1 X104.11 Y112.233 E249.09062
G1 X103.745 Y110.75 E249.1211
G1 X103.719 Y110.384 E249.12842
G1 X103.717 Y109.693 E249.14221
G1 X103.733 Y109.374 E249.14859
G1 X103.745 Y109.25 E249.15107
G1 X104.11 Y107.767 E249.18155
G1 X104.815 Y106.424 E249.21182
G1 X105.824 Y105.286 E249.24217
G1 X107.075 Y104.423 E249.2725
G1 X108.491 Y103.885 E249.30273
G1 X110 Y103.702 E249.33307
G1 X111.508 Y103.885 E249.36338
G1 X112.925 Y104.423 E249.39363
G1 X114.176 Y105.286 E249.42396
G1 X115.184 Y106.424 E249.45429
G1 X115.889 Y107.767 E249.48456
G1 X116.254 Y109.25 E249.51504
G1 X116.27 Y109.417 E249.51839
G1 X116.296 Y109.831 E249.52667
G1 X116.3 Y109.956 E249.52916
G1 X116.284 Y110.225 E249.53454
G1 X116.267 Y110.616 E249.54235
G1 X116.254 Y110.75 E249.54504
G1 X115.889 Y112.233 E249.57552
G1 X115.184 Y113.576 E249.60579
G1 X114.176 Y114.714 E249.63612
G1 X112.925 Y115.577 E249.66645
G1 X111.508 Y116.115 E249.6967
G1 X110 Y116.298 E249.72701
G0 F9000 X110 Y115.858
G0 X108.351 Y115.422
G0 X108.296 Y115.367
;TYPE:SKIN
G1 F1218 X108.367 Y115.155 E249.72978
G0 F9000 X108.324 Y115.112
G0 X107.145 Y114.498
G0 X107.082 Y114.435
G1 F1218 X106.968 Y114.605 E249.73362
G0 F9000 X107.042 Y114.679
G0 X105.993 Y113.63
G0 X105.922 Y113.558
G1 F1218 X105.771 Y113.69 E249.73794
G0 F9000 X105.853 Y113.772
G0 X105.073 Y112.427
G0 X105.018 Y112.372
G1 F1218 X105.208 Y112.279 E249.74072
G0 F9000 X105.252 Y112.323
G0 X105.096 Y109.983
G0 X105.219 Y107.765
G1 F1218 X104.955 Y107.501 E249.74445
G0 F9000 X105.994 Y106.56
G1 F1218 X105.711 Y106.277 E249.74844
G0 F9000 X106.947 Y105.532
G0 X106.998 Y105.584
G1 F1218 X106.999 Y105.301 E249.75204
G0 F9000 X106.923 Y105.225
G0 X108.353 Y104.959
G0 X108.368 Y104.974
G1 F1218 X108.324 Y104.647 E249.75419
G0 F9000 X108.263 Y104.586
G0 X111.587 Y104.799
G0 X111.631 Y104.843
G1 F1218 X111.702 Y104.631 E249.75706
G0 F9000 X111.645 Y104.574
G0 X112.956 Y105.32
G0 X113.029 Y105.393
G1 F1218 X112.917 Y105.563 E249.76091
G0 F9000 X112.854 Y105.5
G0 X114.003 Y106.366
G0 X114.077 Y106.44
G1 F1218 X114.227 Y106.308 E249.76536
G0 F9000 X114.144 Y106.225
G0 X114.917 Y107.563
G0 X114.978 Y107.624
G1 F1218 X114.788 Y107.717 E249.76849
G0 F9000 X114.738 Y107.667
G0 X114.916 Y109.88
G0 X114.779 Y112.234
G1 F1218 X115.071 Y112.526 E249.77261
G0 F9000 X114.004 Y113.439
G1 F1218 X114.286 Y113.721 E249.77659
G0 F9000 X113.052 Y114.466
G0 X113 Y114.414
G1 F1218 X113 Y114.697 E249.78018
G0 F9000 X113.076 Y114.773
G0 X111.65 Y115.044
G0 X111.633 Y115.027
G1 F1218 X111.673 Y115.35 E249.78241
G0 F9000 X111.727 Y115.389
;MESH:NONMESH
G0 F300 X111.727 Y115.389 Z7.2
G0 F9000 X110 Y115.106
;TIME_ELAPSED:922.089881
;LAYER:59
;TYPE:WALL-INNER
;MESH:carrucola plisse.stl
G1 F1219.8 X111.392 Y114.907 E249.81047
G1 X111.439 Y114.9 E249.81142
G1 X111.698 Y114.782 E249.8171
G1 X112.628 Y114.357 E249.8375
G1 X112.761 Y114.296 E249.84042
G1 X112.96 Y114.124 E249.84567
G1 X113.681 Y113.498 E249.86473
G1 X113.859 Y113.344 E249.86942
G1 X113.964 Y113.181 E249.87329
G1 X114.494 Y112.356 E249.89286
G1 X114.645 Y112.121 E249.89844
G1 X114.67 Y112.034 E249.90024
G1 X115.001 Y110.906 E249.9237
G1 X115.045 Y110.757 E249.9268
G1 X115.047 Y110.733 E249.92728
G1 X115.066 Y110.558 E249.9308
G1 X115.098 Y110.126 E249.93944
G1 X115.1 Y109.948 E249.94299
G1 X115.058 Y109.361 E249.95474
G1 X115.044 Y109.24 E249.95717
G1 X114.999 Y109.086 E249.96037
G1 X114.671 Y107.967 E249.98364
G1 X114.645 Y107.879 E249.98547
G1 X114.495 Y107.646 E249.991
G1 X113.965 Y106.82 E250.01059
G1 X113.859 Y106.656 E250.01448
G1 X113.682 Y106.503 E250.01915
G1 X112.961 Y105.877 E250.03821
G1 X112.761 Y105.704 E250.04348
G1 X112.629 Y105.644 E250.04638
G1 X111.699 Y105.219 E250.06678
G1 X111.439 Y105.1 E250.07249
G1 X111.393 Y105.094 E250.07342
G1 X110 Y104.894 E250.1015
G1 X108.607 Y105.093 E250.12958
G1 X108.561 Y105.1 E250.13051
G1 X108.304 Y105.217 E250.13614
G1 X107.372 Y105.643 E250.15659
G1 X107.239 Y105.704 E250.15951
G1 X107.04 Y105.876 E250.16476
G1 X106.317 Y106.503 E250.18386
G1 X106.141 Y106.656 E250.18852
G1 X106.038 Y106.816 E250.19231
G1 X105.5 Y107.653 E250.21217
G1 X105.355 Y107.879 E250.21753
G1 X105.331 Y107.962 E250.21925
G1 X104.997 Y109.1 E250.24292
G1 X104.954 Y109.247 E250.24598
G1 X104.953 Y109.26 E250.24624
G1 X104.92 Y109.67 E250.25444
G1 X104.919 Y110.251 E250.26604
G1 X104.933 Y110.552 E250.27205
G1 X104.952 Y110.731 E250.27564
G1 X104.955 Y110.757 E250.27617
G1 X104.995 Y110.896 E250.27905
G1 X105.33 Y112.037 E250.30278
G1 X105.355 Y112.121 E250.30453
G1 X105.499 Y112.346 E250.30986
G1 X106.037 Y113.183 E250.32972
G1 X106.141 Y113.344 E250.33355
G1 X106.316 Y113.496 E250.33817
G1 X107.039 Y114.123 E250.35727
G1 X107.239 Y114.296 E250.36255
G1 X107.371 Y114.356 E250.36544
G1 X108.303 Y114.782 E250.38589
G1 X108.561 Y114.9 E250.39155
G1 X108.606 Y114.906 E250.39246
G1 X110 Y115.106 E250.42056
G0 F9000 X110 Y114.702
;TYPE:WALL-OUTER
G1 F1219.8 X111.325 Y114.512 E250.44727
G1 X112.542 Y113.956 E250.47397
G1 X113.554 Y113.079 E250.5007
G1 X114.277 Y111.953 E250.5274
G1 X114.651 Y110.679 E250.5539
G1 X114.668 Y110.522 E250.55705
G1 X114.698 Y110.109 E250.56531
G1 X114.7 Y109.96 E250.56829
G1 X114.68 Y109.682 E250.57385
G1 X114.66 Y109.398 E250.57953
G1 X114.651 Y109.32 E250.5811
G1 X114.277 Y108.047 E250.60758
G1 X113.554 Y106.921 E250.63428
G1 X112.542 Y106.044 E250.661
G1 X111.325 Y105.488 E250.6877
G1 X110 Y105.298 E250.71442
G1 X108.675 Y105.488 E250.74113
G1 X107.458 Y106.044 E250.76783
G1 X106.446 Y106.921 E250.79455
G1 X105.723 Y108.047 E250.82126
G1 X105.349 Y109.32 E250.84774
G1 X105.32 Y109.686 E250.85506
G1 X105.319 Y110.242 E250.86616
G1 X105.332 Y110.521 E250.87173
G1 X105.349 Y110.679 E250.8749
G1 X105.723 Y111.953 E250.9014
G1 X106.446 Y113.079 E250.9281
G1 X107.458 Y113.956 E250.95483
G1 X108.675 Y114.512 E250.98153
G1 X110 Y114.702 E251.00824
G0 F9000 X110 Y115.142
G0 X111.861 Y115.136
;TYPE:WALL-INNER
G1 F1219.8 X112.537 Y114.827 E251.02307
G1 X112.791 Y114.711 E251.02865
G1 X112.558 Y114.871 E251.02903
G1 X111.861 Y115.136 E251.02995
G0 F9000 X113.216 Y114.418
G1 F1219.8 X113.609 Y114.077 E251.04033
G1 X113.937 Y113.792 E251.049
G1 X113.648 Y114.12 E251.04968
G1 X113.216 Y114.418 E251.05049
G0 F9000 X114.292 Y113.391
G1 F1219.8 X114.484 Y113.093 E251.05756
G1 X114.823 Y112.566 E251.07007
G1 X114.53 Y113.122 E251.07095
G1 X114.292 Y113.391 E251.0715
G0 F9000 X115.045 Y112.143
G1 F1219.8 X115.104 Y111.941 E251.0757
G1 X115.375 Y111.015 E251.09495
G1 X115.145 Y111.952 E251.09595
G1 X115.045 Y112.143 E251.09625
G0 F9000 X115.435 Y110.773
G1 F1219.8 X115.451 Y110.613 E251.09946
G1 X115.454 Y110.593 E251.09986
G1 X115.479 Y110.251 E251.1067
G1 X115.487 Y110.156 E251.1086
G1 X115.488 Y110.143 E251.10886
G1 X115.488 Y110.13 E251.10912
G1 X115.489 Y109.953 E251.11266
G1 X115.49 Y109.936 E251.113
G1 X115.489 Y109.92 E251.11332
G1 X115.456 Y109.456 E251.1226
G1 X115.446 Y109.325 E251.12522
G1 X115.48 Y109.454 E251.12533
G1 X115.506 Y109.895 E251.12593
G1 X115.508 Y109.934 E251.12634
G1 X115.51 Y109.956
G1 X115.499 Y110.143 E251.12676
G1 X115.492 Y110.251 E251.12711
G1 X115.475 Y110.597 E251.12745
G1 X115.474 Y110.615
G1 X115.435 Y110.773 E251.12756
G0 F9000 X115.373 Y108.976
G1 F1219.8 X115.105 Y108.06 E251.1466
G1 X115.045 Y107.857 E251.15083
G1 X115.145 Y108.048 E251.1511
G1 X115.373 Y108.976 E251.15209
G0 F9000 X114.823 Y107.434
G1 F1219.8 X114.485 Y106.908 E251.16456
G1 X114.292 Y106.609 E251.17167
G1 X114.53 Y106.878 E251.1722
G1 X114.823 Y107.434 E251.17308
G0 F9000 X113.937 Y106.208
G1 F1219.8 X113.61 Y105.924 E251.18173
G1 X113.216 Y105.582 E251.19214
G1 X113.648 Y105.88 E251.19294
G1 X113.937 Y106.208 E251.19363
G0 F9000 X112.791 Y105.289
G1 F1219.8 X112.538 Y105.174 E251.19917
G1 X111.861 Y104.864 E251.21403
G1 X112.558 Y105.129 E251.21495
G1 X112.791 Y105.289 E251.21536
G0 F9000 X108.551 Y104.708
G1 F1219.8 X108.684 Y104.657 E251.2182
G1 X109.952 Y104.504 E251.24369
G1 X110 Y104.498 E251.24465
G1 X110.047 Y104.503 E251.24559
G1 X111.315 Y104.657 E251.27108
G1 X111.448 Y104.707 E251.27391
G1 X111.311 Y104.688 E251.274
G1 X110.056 Y104.508 E251.27519
G1 X110 Y104.5 E251.27539
G1 X109.945 Y104.507 E251.27554
G1 X108.689 Y104.688 E251.27665
G1 X108.551 Y104.708 E251.27674
G0 F9000 X107.209 Y105.289
G1 F1219.8 X107.442 Y105.129 E251.28238
G1 X108.142 Y104.863 E251.29732
G1 X107.463 Y105.173 E251.2982
G1 X107.209 Y105.289 E251.29853
G0 F9000 X106.061 Y106.209
G1 F1219.8 X106.352 Y105.88 E251.30729
G1 X106.784 Y105.582 E251.31777
G1 X106.39 Y105.923 E251.31849
G1 X106.061 Y106.209 E251.31908
G0 F9000 X105.172 Y107.443
G1 F1219.8 X105.469 Y106.878 E251.33182
G1 X105.71 Y106.606 E251.33907
G1 X105.516 Y106.908 E251.33953
G1 X105.172 Y107.443 E251.3404
G0 F9000 X104.622 Y108.991
G1 F1219.8 X104.854 Y108.048 E251.35977
G1 X104.956 Y107.853 E251.36417
G1 X104.896 Y108.06 E251.36437
G1 X104.622 Y108.991 E251.3654
G0 F9000 X104.565 Y110.773
G1 F1219.8 X104.542 Y110.608 E251.36866
G1 X104.539 Y110.583 E251.36916
G1 X104.512 Y110.402 E251.37282
G1 X104.512 Y110.261 E251.37563
G1 X104.511 Y109.648 E251.38786
G1 X104.529 Y109.372 E251.39338
G1 X104.564 Y109.229 E251.39632
G1 X104.553 Y109.373 E251.39638
G1 X104.532 Y109.638 E251.3967
G1 X104.53 Y109.654 E251.39687
G1 X104.53 Y109.669 E251.39717
G1 X104.53 Y110.25 E251.39758
G1 X104.529 Y110.26 E251.39778
G1 X104.535 Y110.4 E251.39794
G1 X104.543 Y110.57 E251.39798
G1 X104.544 Y110.582
G1 X104.545 Y110.594
G1 X104.565 Y110.773 E251.39818
G0 F9000 X104.957 Y112.147
G1 F1219.8 X104.854 Y111.952 E251.40258
G1 X104.622 Y111.006 E251.42201
G1 X104.896 Y111.939 E251.42305
G1 X104.957 Y112.147 E251.42326
G0 F9000 X105.71 Y113.394
G1 F1219.8 X105.469 Y113.122 E251.43051
G1 X105.172 Y112.557 E251.44325
G1 X105.515 Y113.091 E251.44409
G1 X105.71 Y113.394 E251.44458
G0 F9000 X106.784 Y114.418
G1 F1219.8 X106.352 Y114.12 E251.45505
G1 X106.061 Y113.791 E251.46382
G1 X106.389 Y114.076 E251.46441
G1 X106.784 Y114.418 E251.46514
G0 F9000 X108.142 Y115.137
G1 F1219.8 X107.442 Y114.871 E251.48009
G1 X107.209 Y114.711 E251.48573
G1 X107.462 Y114.826 E251.48603
G1 X108.142 Y115.137 E251.48694
G0 F9000 X110 Y115.502
G1 F1219.8 X109.953 Y115.497 E251.48788
G1 X108.684 Y115.343 E251.51339
G1 X108.551 Y115.292 E251.51622
G1 X108.688 Y115.311 E251.51631
G1 X109.944 Y115.492 E251.51754
G1 X110 Y115.5 E251.51773
G1 X110.055 Y115.493 E251.51794
G1 X111.31 Y115.313 E251.54325
G1 X111.448 Y115.293 E251.54603
G1 X111.315 Y115.343 E251.54618
G1 X110.048 Y115.496 E251.54745
G1 X110 Y115.502 E251.54746
G0 F9000 X110 Y115.895
G1 F1219.8 X109.953 Y115.89 E251.5484
G1 X108.637 Y115.73 E251.57485
G1 X108.588 Y115.724 E251.57584
G1 X108.546 Y115.708 E251.57673
G1 X108.413 Y115.658 E251.57957
G1 X108.004 Y115.503 E251.5883
G1 X107.303 Y115.236 E251.60327
G1 X107.261 Y115.22 E251.60416
G1 X107.221 Y115.193 E251.60513
G1 X106.988 Y115.032 E251.61078
G1 X106.563 Y114.739 E251.62108
G1 X106.131 Y114.441 E251.63155
G1 X106.09 Y114.412 E251.63256
G1 X106.061 Y114.379 E251.63343
G1 X105.77 Y114.05 E251.6422
G1 X105.418 Y113.654 E251.65277
G1 X105.177 Y113.382 E251.66002
G1 X105.147 Y113.348 E251.66093
G1 X105.124 Y113.304 E251.66192
G1 X104.827 Y112.739 E251.67466
G1 X104.612 Y112.329 E251.6839
G1 X104.51 Y112.134 E251.68829
G1 X104.486 Y112.089 E251.68931
G1 X104.476 Y112.046 E251.69019
G1 X104.243 Y111.1 E251.70963
G1 X104.186 Y110.867 E251.71442
G1 X104.142 Y110.689 E251.71808
G1 X104.123 Y110.431 E251.72324
G1 X104.122 Y110.418 E251.7235
G1 X104.122 Y110.403 E251.7238
G1 X104.121 Y109.648 E251.73886
G1 X104.122 Y109.624 E251.73934
G1 X104.139 Y109.348 E251.74486
G1 X104.142 Y109.31 E251.74562
G1 X104.149 Y109.279 E251.74626
G1 X104.184 Y109.136 E251.74919
G1 X104.242 Y108.898 E251.75408
G1 X104.475 Y107.955 E251.77347
G1 X104.486 Y107.911 E251.77437
G1 X104.509 Y107.867 E251.77536
G1 X104.611 Y107.673 E251.77974
G1 X104.826 Y107.262 E251.78899
G1 X105.123 Y106.697 E251.80173
G1 X105.147 Y106.652 E251.80275
G1 X105.176 Y106.619 E251.80363
G1 X105.417 Y106.347 E251.81088
G1 X105.768 Y105.951 E251.82144
G1 X106.06 Y105.622 E251.83022
G1 X106.09 Y105.588 E251.83112
G1 X106.13 Y105.56 E251.8321
G1 X106.562 Y105.262 E251.84257
G1 X106.987 Y104.969 E251.85287
G1 X107.22 Y104.808 E251.85852
G1 X107.261 Y104.78 E251.85951
G1 X107.303 Y104.764 E251.86041
G1 X108.003 Y104.499 E251.87535
G1 X108.411 Y104.344 E251.88406
G1 X108.544 Y104.293 E251.8869
G1 X108.588 Y104.276 E251.88784
G1 X108.637 Y104.271 E251.88882
G1 X109.952 Y104.111 E251.91526
G1 X110 Y104.105 E251.91623
G1 X110.047 Y104.11 E251.91716
G1 X111.361 Y104.27 E251.94358
G1 X111.411 Y104.276 E251.94458
G1 X111.452 Y104.291 E251.94545
G1 X111.586 Y104.341 E251.94831
G1 X111.999 Y104.498 E251.95713
G1 X112.696 Y104.763 E251.97201
G1 X112.739 Y104.78 E251.97293
G1 X112.779 Y104.807 E251.97389
G1 X113.012 Y104.968 E251.97954
G1 X113.437 Y105.261 E251.98985
G1 X113.869 Y105.559 E252.00032
G1 X113.91 Y105.588 E252.00132
G1 X113.939 Y105.621 E252.0022
G1 X114.229 Y105.948 E252.01092
G1 X114.584 Y106.349 E252.02161
G1 X114.822 Y106.618 E252.02878
G1 X114.852 Y106.652 E252.02968
G1 X114.875 Y106.696 E252.03067
G1 X115.167 Y107.253 E252.04322
G1 X115.389 Y107.676 E252.05276
G1 X115.489 Y107.866 E252.05704
G1 X115.513 Y107.911 E252.05806
G1 X115.523 Y107.954 E252.05894
G1 X115.752 Y108.882 E252.07801
G1 X115.859 Y109.316 E252.08693
G1 X115.868 Y109.421 E252.08904
G1 X115.897 Y109.872 E252.09806
G1 X115.899 Y109.941 E252.09943
G1 X115.9 Y109.954 E252.09969
G1 X115.899 Y109.979 E252.10019
G1 X115.881 Y110.272 E252.10605
G1 X115.865 Y110.617 E252.11294
G1 X115.863 Y110.649 E252.11358
G1 X115.859 Y110.684 E252.11429
G1 X115.854 Y110.707 E252.11476
G1 X115.815 Y110.866 E252.11802
G1 X115.755 Y111.108 E252.123
G1 X115.524 Y112.045 E252.14226
G1 X115.513 Y112.089 E252.14316
G1 X115.49 Y112.133 E252.14415
G1 X115.39 Y112.324 E252.14846
G1 X115.168 Y112.746 E252.15797
G1 X114.876 Y113.303 E252.17052
G1 X114.852 Y113.348 E252.17154
G1 X114.823 Y113.381 E252.17242
G1 X114.585 Y113.65 E252.17958
G1 X114.23 Y114.051 E252.19027
G1 X113.94 Y114.378 E252.19899
G1 X113.91 Y114.412 E252.1999
G1 X113.87 Y114.44 E252.20087
G1 X113.438 Y114.738 E252.21135
G1 X113.013 Y115.031 E252.22165
G1 X112.78 Y115.192 E252.2273
G1 X112.739 Y115.22 E252.22829
G1 X112.697 Y115.236 E252.22919
G1 X112 Y115.5 E252.24406
G1 X111.587 Y115.657 E252.25288
G1 X111.454 Y115.707 E252.25571
G1 X111.411 Y115.724 E252.25664
G1 X111.362 Y115.729 E252.25762
G1 X110.048 Y115.889 E252.28403
G1 X110 Y115.895 E252.285
G0 F9000 X110 Y116.298
;TYPE:WALL-OUTER
G1 F1219.8 X108.491 Y116.115 E252.31533
G1 X107.075 Y115.577 E252.34556
G1 X105.824 Y114.714 E252.37589
G1 X104.815 Y113.576 E252.40624
G1 X104.11 Y112.233 E252.43651
G1 X103.745 Y110.75 E252.46699
G1 X103.722 Y110.433 E252.47333
G1 X103.721 Y109.639 E252.48918
G1 X103.745 Y109.25 E252.49696
G1 X104.11 Y107.767 E252.52743
G1 X104.815 Y106.424 E252.5577
G1 X105.824 Y105.286 E252.58805
G1 X107.075 Y104.423 E252.61838
G1 X108.491 Y103.885 E252.64861
G1 X110 Y103.702 E252.67895
G1 X111.508 Y103.885 E252.70926
G1 X112.925 Y104.423 E252.73951
G1 X114.176 Y105.286 E252.76984
G1 X115.184 Y106.424 E252.80018
G1 X115.889 Y107.767 E252.83045
G1 X116.254 Y109.25 E252.86092
G1 X116.267 Y109.395 E252.86383
G1 X116.297 Y109.859 E252.87311
G1 X116.3 Y109.954 E252.875
G1 X116.28 Y110.293 E252.88178
G1 X116.265 Y110.635 E252.88861
G1 X116.254 Y110.75 E252.89092
G1 X115.889 Y112.233 E252.9214
G1 X115.184 Y113.576 E252.95167
G1 X114.176 Y114.714 E252.982
G1 X112.925 Y115.577 E253.01233
G1 X111.508 Y116.115 E253.04258
G1 X110 Y116.298 E253.07289
G0 F9000 X110 Y115.858
G0 X108.366 Y115.361
G0 X108.333 Y115.394
;TYPE:SKIN
G1 F1219.8 X108.369 Y115.076 E253.07522
G0 F9000 X108.419 Y115.026
G0 X107.007 Y114.741
G0 X106.98 Y114.767
G1 F1219.8 X106.932 Y114.533 E253.08009
G0 F9000 X107.078 Y114.387
G0 X106.017 Y113.468
G1 F1219.8 X105.737 Y113.748 E253.08404
G0 F9000 X105.083 Y112.422
G0 X105.161 Y112.344
G1 F1219.8 X104.853 Y112.369 E253.08663
G0 F9000 X104.839 Y112.384
G0 X104.999 Y107.698
G0 X105.053 Y107.643
G1 F1219.8 X104.905 Y107.509 E253.08883
G0 F9000 X104.881 Y107.533
G0 X105.719 Y106.412
G0 X105.798 Y106.332
G1 F1219.8 X105.95 Y106.464 E253.09304
G0 F9000 X105.88 Y106.534
G0 X106.918 Y105.496
G0 X106.989 Y105.424
G1 F1219.8 X107.147 Y105.549 E253.09427
G1 X106.832 Y105.299 E253.09672
G0 F9000 X106.795 Y105.336
G0 X108.256 Y104.723
G0 X108.308 Y104.671
G1 F1219.8 X108.379 Y104.883 E253.09932
G0 F9000 X108.339 Y104.924
G0 X111.592 Y104.781
G1 F1219.8 X111.774 Y104.6 E253.10188
G0 F9000 X112.857 Y105.497
G1 F1219.8 X113.107 Y105.247 E253.10541
G0 F9000 X114.31 Y106.307
G1 F1219.8 X114.025 Y106.591 E253.10942
G0 F9000 X115.098 Y107.498
G1 F1219.8 X114.822 Y107.774 E253.11332
G0 F9000 X114.914 Y109.673
G0 X114.875 Y112.246
G0 X114.823 Y112.298
G1 F1219.8 X115.013 Y112.392 E253.11661
G0 F9000 X115.077 Y112.328
G0 X114.181 Y113.506
G0 X114.105 Y113.582
G1 F1219.8 X114.255 Y113.714 E253.12117
G0 F9000 X114.341 Y113.629
G0 X113.126 Y114.561
G0 X113.05 Y114.636
G1 F1219.8 X112.938 Y114.467 E253.12511
G0 F9000 X113.002 Y114.403
G0 X111.691 Y115.148
G0 X111.645 Y115.194
G1 F1219.8 X111.734 Y115.387 E253.12756
G0 F9000 X111.685 Y115.405
;MESH:NONMESH
G0 F300 X111.685 Y115.405 Z7.32
G0 F9000 X110 Y115.106
;TIME_ELAPSED:937.105617
;LAYER:60
;TYPE:WALL-INNER
;MESH:carrucola plisse.stl
G1 F1120.4 X111.439 Y114.9 E253.15657
G1 X112.761 Y114.296 E253.18558
G1 X113.859 Y113.344 E253.21458
G1 X114.645 Y112.121 E253.24359
G1 X115.045 Y110.758 E253.27194
G1 X115.064 Y110.577 E253.27557
G1 X115.098 Y110.112 E253.28487
G1 X115.1 Y109.954 E253.28803
G1 X115.075 Y109.606 E253.29499
G1 X115.046 Y109.249 E253.30214
G1 X114.645 Y107.879 E253.33062
G1 X113.859 Y106.656 E253.35964
G1 X112.761 Y105.704 E253.38864
G1 X111.439 Y105.1 E253.41764
G1 X110 Y104.894 E253.44665
G1 X108.561 Y105.1 E253.47566
G1 X107.239 Y105.704 E253.50467
G1 X106.141 Y106.656 E253.53367
G1 X105.355 Y107.879 E253.56268
G1 X104.953 Y109.249 E253.59117
G1 X104.924 Y109.624 E253.59868
G1 X104.923 Y110.31 E253.61237
G1 X104.953 Y110.751 E253.62119
G1 X105.355 Y112.121 E253.64968
G1 X106.141 Y113.344 E253.67869
G1 X107.239 Y114.296 E253.70769
G1 X108.561 Y114.9 E253.7367
G1 X110 Y115.106 E253.76571
G0 F9000 X110 Y114.702
;TYPE:WALL-OUTER
G1 F1120.4 X111.325 Y114.512 E253.79242
G1 X112.542 Y113.956 E253.81912
G1 X113.554 Y113.079 E253.84585
G1 X114.277 Y111.953 E253.87255
G1 X114.651 Y110.68 E253.89903
G1 X114.666 Y110.541 E253.90182
G1 X114.698 Y110.095 E253.91074
G1 X114.7 Y109.965 E253.91334
G1 X114.676 Y109.636 E253.91992
G1 X114.651 Y109.322 E253.9262
G1 X114.277 Y108.047 E253.95272
G1 X113.554 Y106.921 E253.97942
G1 X112.542 Y106.044 E254.00615
G1 X111.325 Y105.488 E254.03285
G1 X110 Y105.298 E254.05956
G1 X108.675 Y105.488 E254.08627
G1 X107.458 Y106.044 E254.11298
G1 X106.446 Y106.921 E254.1397
G1 X105.723 Y108.047 E254.1664
G1 X105.349 Y109.322 E254.19292
G1 X105.324 Y109.64 E254.19928
G1 X105.323 Y110.297 E254.2124
G1 X105.349 Y110.68 E254.22006
G1 X105.723 Y111.953 E254.24653
G1 X106.446 Y113.079 E254.27324
G1 X107.458 Y113.956 E254.29996
G1 X108.675 Y114.512 E254.32666
G1 X110 Y114.702 E254.35338
G0 F9000 X110 Y115.142
G0 X110.819 Y115.393
;TYPE:WALL-INNER
G1 F1120.4 X111.312 Y115.323 E254.36331
G1 X111.359 Y115.316 E254.36426
G1 X111.314 Y115.333 E254.36428
G1 X110.819 Y115.393 E254.36441
G0 F9000 X112.145 Y115.018
G1 F1120.4 X112.54 Y114.837 E254.37308
G1 X112.689 Y114.769 E254.37635
G1 X112.553 Y114.863 E254.3765
G1 X112.145 Y115.018 E254.37683
G0 F9000 X113.363 Y114.304
G1 F1120.4 X113.619 Y114.082 E254.38359
G1 X113.834 Y113.896 E254.38927
G1 X113.644 Y114.11 E254.38956
G1 X113.363 Y114.304 E254.3899
G0 F9000 X114.368 Y113.292
G1 F1120.4 X114.49 Y113.102 E254.39441
G1 X114.705 Y112.768 E254.40234
G1 X114.52 Y113.121 E254.40271
G1 X114.368 Y113.292 E254.40293
G0 F9000 X115.085 Y112.045
G1 F1120.4 X115.115 Y111.94 E254.40511
G1 X115.256 Y111.46 E254.4151
G1 X115.137 Y111.946 E254.41537
G1 X115.085 Y112.045 E254.41546
G0 F9000 X115.497 Y109.901
G1 F1120.4 X115.474 Y109.575 E254.42199
G1 X115.467 Y109.422 E254.42504
G1 X115.476 Y109.574
G1 X115.497 Y109.901 E254.42506
G0 F9000 X115.261 Y108.561
G1 F1120.4 X115.116 Y108.062 E254.43543
G1 X115.084 Y107.954 E254.43768
G1 X115.137 Y108.055 E254.43777
G1 X115.261 Y108.561 E254.43805
G0 F9000 X114.705 Y107.232
G1 F1120.4 X114.491 Y106.899 E254.44595
G1 X114.368 Y106.708 E254.45049
G1 X114.52 Y106.879 E254.45071
G1 X114.705 Y107.232 E254.45108
G0 F9000 X113.834 Y106.104
G1 F1120.4 X113.62 Y105.919 E254.45673
G1 X113.363 Y105.696 E254.46352
G1 X113.644 Y105.89 E254.46386
G1 X113.834 Y106.104 E254.46417
G0 F9000 X112.689 Y105.231
G1 F1120.4 X112.541 Y105.164 E254.46741
G1 X112.145 Y104.982 E254.47611
G1 X112.553 Y105.137 E254.47643
G1 X112.689 Y105.231 E254.47659
G0 F9000 X111.359 Y104.684
G1 F1120.4 X111.313 Y104.678 E254.47752
G1 X110.819 Y104.607 E254.48748
G1 X111.314 Y104.667 E254.4876
G1 X111.359 Y104.684 E254.48765
G0 F9000 X108.639 Y104.685
G1 F1120.4 X108.685 Y104.667 E254.48863
G1 X109.185 Y104.607 E254.49868
G1 X108.687 Y104.678 E254.49882
G1 X108.639 Y104.685 E254.49882
G0 F9000 X107.311 Y105.231
G1 F1120.4 X107.447 Y105.137 E254.50212
G1 X107.857 Y104.982 E254.51087
G1 X107.46 Y105.163 E254.51117
G1 X107.311 Y105.231 E254.51128
G0 F9000 X106.165 Y106.105
G1 F1120.4 X106.356 Y105.89 E254.51702
G1 X106.637 Y105.696 E254.52383
G1 X106.381 Y105.918 E254.52412
G1 X106.165 Y106.105 E254.52436
G0 F9000 X105.29 Y107.24
G1 F1120.4 X105.479 Y106.88 E254.53247
G1 X105.634 Y106.704 E254.53715
G1 X105.509 Y106.899 E254.53734
G1 X105.29 Y107.24 E254.53768
G0 F9000 X104.739 Y108.555
G1 F1120.4 X104.862 Y108.054 E254.54798
G1 X104.916 Y107.951 E254.5503
G1 X104.884 Y108.06 E254.55034
G1 X104.739 Y108.555 E254.55062
G0 F9000 X104.917 Y112.049
G1 F1120.4 X104.862 Y111.945 E254.55296
G1 X104.736 Y111.434 E254.56347
G1 X104.884 Y111.938 E254.56376
G1 X104.917 Y112.049 E254.56381
G0 F9000 X105.634 Y113.296
G1 F1120.4 X105.479 Y113.12 E254.56849
G1 X105.29 Y112.76 E254.5766
G1 X105.508 Y113.1 E254.57693
G1 X105.634 Y113.296 E254.57713
G0 F9000 X106.637 Y114.304
G1 F1120.4 X106.356 Y114.11 E254.58394
G1 X106.165 Y113.895 E254.58968
G1 X106.38 Y114.081 E254.58993
G1 X106.637 Y114.304 E254.59024
G0 F9000 X107.857 Y115.018
G1 F1120.4 X107.447 Y114.863 E254.59899
G1 X107.311 Y114.769 E254.60229
G1 X107.459 Y114.836 E254.60239
G1 X107.857 Y115.018 E254.60269
G0 F9000 X109.185 Y115.393
G1 F1120.4 X108.685 Y115.333 E254.61274
G1 X108.639 Y115.315 E254.61373
G1 X108.686 Y115.321
G1 X109.185 Y115.393 E254.61389
G0 F9000 X110 Y115.895
G1 F1120.4 X108.588 Y115.724 E254.64228
G1 X107.261 Y115.22 E254.6706
G1 X106.09 Y114.412 E254.69899
G1 X106.058 Y114.375 E254.69997
G1 X105.867 Y114.16 E254.70571
G1 X105.336 Y113.561 E254.72168
G1 X105.147 Y113.348 E254.72737
G1 X104.486 Y112.089 E254.75574
G1 X104.475 Y112.041 E254.75673
G1 X104.349 Y111.53 E254.76723
G1 X104.142 Y110.689 E254.78451
G1 X104.126 Y110.466 E254.78897
G1 X104.125 Y109.58 E254.80666
G1 X104.142 Y109.31 E254.81205
G1 X104.486 Y107.911 E254.84081
G1 X105.147 Y106.652 E254.86918
G1 X105.335 Y106.44 E254.87484
G1 X105.866 Y105.841 E254.89081
G1 X106.09 Y105.588 E254.89755
G1 X106.129 Y105.562 E254.89849
G1 X106.41 Y105.368 E254.9053
G1 X107.261 Y104.78 E254.92595
G1 X108.588 Y104.276 E254.95427
G1 X110 Y104.105 E254.98266
G1 X111.411 Y104.276 E255.01102
G1 X112.739 Y104.78 E255.03937
G1 X113.91 Y105.588 E255.06776
G1 X114.132 Y105.839 E255.07445
G1 X114.818 Y106.614 E255.0951
G1 X114.852 Y106.652 E255.09612
G1 X115.513 Y107.911 E255.1245
G1 X115.524 Y107.959 E255.12548
G1 X115.648 Y108.465 E255.13587
G1 X115.859 Y109.317 E255.15339
G1 X115.866 Y109.397 E255.15499
G1 X115.897 Y109.886 E255.16477
G1 X115.9 Y109.965 E255.16635
G1 X115.857 Y110.69 E255.18084
G1 X115.513 Y112.089 E255.20959
G1 X114.852 Y113.348 E255.23797
G1 X114.819 Y113.385 E255.23896
G1 X114.133 Y114.16 E255.25961
G1 X113.91 Y114.412 E255.26633
G1 X113.59 Y114.632 E255.27408
G1 X112.916 Y115.097 E255.29042
G1 X112.78 Y115.191 E255.29372
G1 X112.739 Y115.22 E255.29472
G1 X111.411 Y115.724 E255.32307
G1 X110 Y115.895 E255.35143
G0 F9000 X110 Y116.298
;TYPE:WALL-OUTER
G1 F1120.4 X108.491 Y116.115 E255.38177
G1 X107.075 Y115.577 E255.41199
G1 X105.824 Y114.714 E255.44232
G1 X104.815 Y113.576 E255.47267
G1 X104.11 Y112.233 E255.50294
G1 X103.745 Y110.75 E255.53342
G1 X103.726 Y110.48 E255.53882
G1 X103.725 Y109.58 E255.55678
G1 X103.745 Y109.25 E255.56338
G1 X104.11 Y107.767 E255.59386
G1 X104.815 Y106.424 E255.62413
G1 X105.824 Y105.286 E255.65448
G1 X107.075 Y104.423 E255.68481
G1 X108.491 Y103.885 E255.71504
G1 X110 Y103.702 E255.74537
G1 X111.508 Y103.885 E255.77569
G1 X112.925 Y104.423 E255.80593
G1 X114.176 Y105.286 E255.83626
G1 X115.184 Y106.424 E255.8666
G1 X115.889 Y107.767 E255.89687
G1 X116.254 Y109.25 E255.92735
G1 X116.265 Y109.372 E255.92979
G1 X116.297 Y109.873 E255.93981
G1 X116.3 Y109.965 E255.94165
G1 X116.276 Y110.359 E255.94953
G1 X116.254 Y110.75 E255.95734
G1 X115.889 Y112.233 E255.98782
G1 X115.184 Y113.576 E256.01809
G1 X114.176 Y114.714 E256.04843
G1 X112.925 Y115.577 E256.07875
G1 X111.508 Y116.115 E256.109
G1 X110 Y116.298 E256.13932
G0 F9000 X110 Y115.858
G0 X109.808 Y115.464
;TYPE:SKIN
G1 F1120.4 X109.553 Y115.492 E256.14493
G1 X109.375 Y115.598 E256.14946
G1 X110.362 Y115.453 E256.17129
G1 X110.541 Y115.349 E256.17582
G0 F9000 X111.609 Y115.286
G1 F1120.4 X111.777 Y115.172 E256.18183
G1 X111.914 Y115.025 E256.18779
G0 F9000 X112.019 Y115.13
G0 X112.781 Y114.478
G0 X112.928 Y114.625
G1 F1120.4 X113.096 Y114.51 E256.19611
G0 F9000 X112.949 Y114.363
G0 X113.859 Y113.576
G0 X114.006 Y113.723
G1 F1120.4 X114.145 Y113.58 E256.20171
G1 X114.337 Y113.488 E256.20769
G0 F9000 X114.419 Y113.57
G0 X114.984 Y112.721
G0 X114.826 Y112.563
G1 F1120.4 X114.929 Y112.384 E256.214
G1 X115.098 Y112.27 E256.22023
G0 F9000 X115.181 Y111.221
G1 F1120.4 X115.352 Y111.11 E256.22507
G1 X115.571 Y110.197 E256.24738
G0 F9000 X115.703 Y110.329
G0 X115.483 Y109.26
G0 X115.304 Y109.082
G1 F1120.4 X115.434 Y108.929 E256.2541
G1 X115.5 Y108.712 E256.26169
G0 F9000 X114.933 Y107.579
G1 F1120.4 X114.991 Y107.354 E256.26622
G1 X114.798 Y107.727 E256.27442
G0 F9000 X114.918 Y107.847
G0 X114.24 Y106.603
G0 X114.07 Y106.433
G1 F1120.4 X114.22 Y106.301 E256.28433
G0 F9000 X114.4 Y106.481
G0 X113.235 Y105.598
G0 X113.052 Y105.415
G1 F1120.4 X112.94 Y105.586 E256.28867
G1 X113.328 Y105.408 E256.29775
G0 F9000 X113.299 Y105.379
G0 X111.995 Y104.924
G0 X111.802 Y104.731
G1 F1120.4 X111.712 Y104.923 E256.30883
G0 F9000 X111.912 Y105.124
G0 X110.644 Y104.704
G0 X110.447 Y104.507
G1 F1120.4 X110.191 Y104.534 E256.31676
G1 X109.636 Y104.545 E256.33387
G1 X109.459 Y104.651 E256.34023
G0 F9000 X108.387 Y104.71
G1 F1120.4 X108.22 Y104.826 E256.34622
G1 X108.085 Y104.974 E256.35212
G0 F9000 X107.982 Y104.871
G0 X107.217 Y105.52
G0 X107.07 Y105.372
G1 F1120.4 X106.902 Y105.488 E256.36042
G0 F9000 X107.049 Y105.635
G0 X106.14 Y106.423
G0 X105.992 Y106.275
G1 F1120.4 X105.852 Y106.418 E256.36584
G1 X105.648 Y106.497 E256.37176
G0 F9000 X105.578 Y106.427
G0 X105.014 Y107.277
G0 X105.172 Y107.435
G1 F1120.4 X105.068 Y107.614 E256.37803
G1 X104.896 Y107.724 E256.3842
G0 F9000 X104.827 Y108.787
G1 F1120.4 X104.645 Y108.888 E256.38876
G1 X104.524 Y109.898 E256.41103
G1 X104.588 Y110.81 E256.43105
G1 X104.496 Y111.284 E256.44162
G0 F9000 X105.063 Y112.417
G1 F1120.4 X105.002 Y112.639 E256.44602
G1 X105.201 Y112.272 E256.45401
G0 F9000 X105.083 Y112.154
G0 X105.761 Y113.398
G0 X105.929 Y113.566
G1 F1120.4 X105.778 Y113.698 E256.46381
G0 F9000 X105.6 Y113.52
G0 X106.763 Y114.4
G0 X106.945 Y114.582
G1 F1120.4 X107.058 Y114.412 E256.46814
G1 X106.67 Y114.589 E256.4772
G0 F9000 X106.7 Y114.619
G0 X108.004 Y115.075
G0 X108.196 Y115.267
G1 F1120.4 X108.286 Y115.074 E256.48827
G0 F9000 X108.088 Y114.876
G0 X106.263 Y113.237
G0 X105.503 Y112.053
G0 X105.112 Y110.722
G0 X105.112 Y109.279
G0 X105.503 Y107.947
G0 X106.263 Y106.763
G0 X107.328 Y105.841
G0 X108.052 Y105.51
G0 X110.677 Y104.455
G1 F1120.4 X110.573 Y104.35 E256.48975
G0 F9000 X110.569 Y104.375
;MESH:NONMESH
G0 F300 X110.569 Y104.375 Z7.44
G0 F9000 X112.672 Y105.841
G0 X113.737 Y106.763
G0 X114.497 Y107.947
G0 X114.888 Y109.279
G0 X114.937 Y110.105
G0 X114.887 Y110.726
G0 X114.497 Y112.053
G0 X113.737 Y113.237
G0 X112.672 Y114.159
G0 X111.521 Y114.685
G0 X110 Y115.106
;TIME_ELAPSED:953.134227
;LAYER:61
;TYPE:WALL-INNER
;MESH:carrucola plisse.stl
G1 F1117.2 X111.439 Y114.9 E256.51875
G1 X112.761 Y114.296 E256.54776
G1 X113.859 Y113.344 E256.57676
G1 X114.645 Y112.121 E256.60577
G1 X115.045 Y110.756 E256.63416
G1 X115.062 Y110.594 E256.63741
G1 X115.098 Y110.099 E256.64731
G1 X115.1 Y109.961 E256.65007
G1 X115.072 Y109.559 E256.65811
G1 X115.046 Y109.248 E256.66434
G1 X114.645 Y107.879 E256.69281
G1 X113.859 Y106.656 E256.72182
G1 X112.761 Y105.704 E256.75082
G1 X111.439 Y105.1 E256.77982
G1 X110 Y104.894 E256.80883
G1 X108.561 Y105.1 E256.83784
G1 X107.239 Y105.704 E256.86685
G1 X106.141 Y106.656 E256.89585
G1 X105.355 Y107.879 E256.92486
G1 X104.953 Y109.249 E256.95335
G1 X104.928 Y109.578 E256.95994
G1 X104.927 Y110.364 E256.97562
G1 X104.942 Y110.644 E256.98122
G1 X104.956 Y110.76 E256.98355
G1 X105.355 Y112.121 E257.01185
G1 X106.141 Y113.344 E257.04087
G1 X107.239 Y114.296 E257.06987
G1 X108.561 Y114.9 E257.09887
G1 X110 Y115.106 E257.12788
G0 F9000 X110 Y114.702
;TYPE:WALL-OUTER
G1 F1117.2 X111.325 Y114.512 E257.15459
G1 X112.542 Y113.956 E257.18129
G1 X113.554 Y113.079 E257.20802
G1 X114.277 Y111.953 E257.23472
G1 X114.651 Y110.679 E257.26122
G1 X114.663 Y110.559 E257.26363
G1 X114.698 Y110.081 E257.27319
G1 X114.7 Y109.971 E257.27539
G1 X114.673 Y109.589 E257.28303
G1 X114.651 Y109.321 E257.28839
G1 X114.277 Y108.047 E257.31489
G1 X113.554 Y106.921 E257.3416
G1 X112.542 Y106.044 E257.36832
G1 X111.325 Y105.488 E257.39502
G1 X110 Y105.298 E257.42173
G1 X108.675 Y105.488 E257.44845
G1 X107.458 Y106.044 E257.47515
G1 X106.446 Y106.921 E257.50187
G1 X105.723 Y108.047 E257.52857
G1 X105.349 Y109.321 E257.55507
G1 X105.328 Y109.594 E257.56053
G1 X105.327 Y110.353 E257.57568
G1 X105.341 Y110.61 E257.58082
G1 X105.349 Y110.68 E257.58222
G1 X105.723 Y111.953 E257.6087
G1 X106.446 Y113.079 E257.63541
G1 X107.458 Y113.956 E257.66213
G1 X108.675 Y114.512 E257.68883
G1 X110 Y114.702 E257.71554
G0 F9000 X110 Y115.142
G0 X110.819 Y115.393
;TYPE:WALL-INNER
G1 F1117.2 X111.312 Y115.323 E257.72548
G1 X111.359 Y115.316 E257.72643
G1 X111.314 Y115.333 E257.72645
G1 X110.819 Y115.393 E257.72657
G0 F9000 X112.145 Y115.018
G1 F1117.2 X112.54 Y114.837 E257.73525
G1 X112.689 Y114.769 E257.73851
G1 X112.553 Y114.863 E257.73866
G1 X112.145 Y115.018 E257.739
G0 F9000 X113.363 Y114.304
G1 F1117.2 X113.619 Y114.082 E257.74576
G1 X113.834 Y113.896 E257.75143
G1 X113.644 Y114.11 E257.75173
G1 X113.363 Y114.304 E257.75207
G0 F9000 X114.368 Y113.292
G1 F1117.2 X114.49 Y113.102 E257.75658
G1 X114.705 Y112.768 E257.7645
G1 X114.52 Y113.121 E257.76487
G1 X114.368 Y113.292 E257.7651
G0 F9000 X115.084 Y112.045
G1 F1117.2 X115.114 Y111.94 E257.76728
G1 X115.258 Y111.453 E257.77742
G1 X115.137 Y111.946 E257.7777
G1 X115.084 Y112.045 E257.7778
G0 F9000 X115.26 Y108.556
G1 F1117.2 X115.116 Y108.061 E257.78809
G1 X115.084 Y107.953 E257.79034
G1 X115.137 Y108.054 E257.79043
G1 X115.26 Y108.556 E257.79071
G0 F9000 X114.705 Y107.233
G1 F1117.2 X114.491 Y106.899 E257.79863
G1 X114.368 Y106.708 E257.80316
G1 X114.52 Y106.88 E257.80339
G1 X114.705 Y107.233 E257.80374
G0 F9000 X113.834 Y106.104
G1 F1117.2 X113.62 Y105.919 E257.80939
G1 X113.363 Y105.696 E257.81618
G1 X113.644 Y105.89 E257.81652
G1 X113.834 Y106.104 E257.81683
G0 F9000 X112.689 Y105.231
G1 F1117.2 X112.541 Y105.164 E257.82007
G1 X112.145 Y104.982 E257.82877
G1 X112.553 Y105.137 E257.82909
G1 X112.689 Y105.231 E257.82925
G0 F9000 X111.359 Y104.684
G1 F1117.2 X111.313 Y104.678 E257.83018
G1 X110.819 Y104.607 E257.84014
G1 X111.314 Y104.667 E257.84026
G1 X111.359 Y104.684 E257.84031
G0 F9000 X108.639 Y104.685
G1 F1117.2 X108.685 Y104.667 E257.84129
G1 X109.185 Y104.607 E257.85134
G1 X108.687 Y104.678 E257.85148
G1 X108.639 Y104.685 E257.85148
G0 F9000 X107.311 Y105.231
G1 F1117.2 X107.447 Y105.137 E257.85478
G1 X107.857 Y104.982 E257.86353
G1 X107.46 Y105.163 E257.86383
G1 X107.311 Y105.231 E257.86394
G0 F9000 X106.165 Y106.105
G1 F1117.2 X106.356 Y105.89 E257.86968
G1 X106.637 Y105.696 E257.87649
G1 X106.381 Y105.918 E257.87678
G1 X106.165 Y106.105 E257.87702
G0 F9000 X105.29 Y107.24
G1 F1117.2 X105.479 Y106.88 E257.88513
G1 X105.634 Y106.704 E257.88982
G1 X105.509 Y106.899 E257.89
G1 X105.29 Y107.24 E257.89034
G0 F9000 X104.738 Y108.559
G1 F1117.2 X104.862 Y108.054 E257.90072
G1 X104.917 Y107.951 E257.90305
G1 X104.885 Y108.06 E257.90309
G1 X104.738 Y108.559 E257.9034
G0 F9000 X104.917 Y112.049
G1 F1117.2 X104.862 Y111.945 E257.90574
G1 X104.735 Y111.429 E257.91635
G1 X104.884 Y111.938 E257.91664
G1 X104.917 Y112.049 E257.91669
G0 F9000 X105.634 Y113.296
G1 F1117.2 X105.479 Y113.12 E257.92137
G1 X105.29 Y112.76 E257.92949
G1 X105.508 Y113.1 E257.92981
G1 X105.634 Y113.296 E257.93001
G0 F9000 X106.637 Y114.304
G1 F1117.2 X106.356 Y114.11 E257.93683
G1 X106.165 Y113.895 E257.94257
G1 X106.38 Y114.081 E257.94281
G1 X106.637 Y114.304 E257.94313
G0 F9000 X107.857 Y115.018
G1 F1117.2 X107.447 Y114.863 E257.95187
G1 X107.311 Y114.769 E257.95517
G1 X107.459 Y114.836 E257.95527
G1 X107.857 Y115.018 E257.95558
G0 F9000 X109.185 Y115.393
G1 F1117.2 X108.685 Y115.333 E257.96563
G1 X108.639 Y115.315 E257.96661
G1 X108.686 Y115.321
G1 X109.185 Y115.393 E257.96678
G0 F9000 X110 Y115.895
G1 F1117.2 X108.588 Y115.724 E257.99516
G1 X107.261 Y115.22 E258.02349
G1 X106.09 Y114.412 E258.05188
G1 X106.058 Y114.375 E258.05286
G1 X105.867 Y114.16 E258.05859
G1 X105.336 Y113.561 E258.07457
G1 X105.147 Y113.348 E258.08025
G1 X104.486 Y112.089 E258.10863
G1 X104.475 Y112.041 E258.10961
G1 X104.348 Y111.525 E258.12022
G1 X104.142 Y110.689 E258.1374
G1 X104.13 Y110.525 E258.14068
G1 X104.128 Y109.533 E258.16048
G1 X104.142 Y109.31 E258.16493
G1 X104.486 Y107.911 E258.19369
G1 X105.147 Y106.652 E258.22206
G1 X105.335 Y106.44 E258.22772
G1 X105.866 Y105.841 E258.24369
G1 X106.09 Y105.588 E258.25043
G1 X106.129 Y105.562 E258.25137
G1 X106.41 Y105.368 E258.25818
G1 X107.261 Y104.78 E258.27883
G1 X108.588 Y104.276 E258.30715
G1 X110 Y104.105 E258.33554
G1 X111.411 Y104.276 E258.3639
G1 X112.739 Y104.78 E258.39225
G1 X113.91 Y105.588 E258.42064
G1 X114.132 Y105.839 E258.42733
G1 X114.852 Y106.652 E258.449
G1 X115.513 Y107.91 E258.47736
G1 X115.524 Y107.958 E258.47834
G1 X115.647 Y108.46 E258.48865
G1 X115.857 Y109.312 E258.50617
G1 X115.87 Y109.455 E258.50903
G1 X115.9 Y109.969 E258.51931
G1 X115.857 Y110.69 E258.53372
G1 X115.513 Y112.089 E258.56247
G1 X114.852 Y113.348 E258.59085
G1 X114.819 Y113.385 E258.59184
G1 X114.133 Y114.16 E258.61249
G1 X113.91 Y114.412 E258.61921
G1 X113.59 Y114.632 E258.62696
G1 X112.916 Y115.097 E258.6433
G1 X112.78 Y115.191 E258.6466
G1 X112.739 Y115.22 E258.6476
G1 X111.411 Y115.724 E258.67594
G1 X110 Y115.895 E258.70431
G0 F9000 X110 Y116.298
;TYPE:WALL-OUTER
G1 F1117.2 X108.491 Y116.115 E258.73464
G1 X107.075 Y115.577 E258.76487
G1 X105.824 Y114.714 E258.7952
G1 X104.815 Y113.576 E258.82555
G1 X104.11 Y112.233 E258.85582
G1 X103.745 Y110.75 E258.8863
G1 X103.73 Y110.539 E258.89052
G1 X103.728 Y109.524 E258.91078
G1 X103.745 Y109.25 E258.91625
G1 X104.11 Y107.767 E258.94673
G1 X104.815 Y106.424 E258.977
G1 X105.824 Y105.286 E259.00735
G1 X107.075 Y104.423 E259.03768
G1 X108.491 Y103.885 E259.06791
G1 X110 Y103.702 E259.09825
G1 X111.508 Y103.885 E259.12856
G1 X112.925 Y104.423 E259.15881
G1 X114.176 Y105.286 E259.18914
G1 X115.184 Y106.424 E259.21947
G1 X115.889 Y107.767 E259.24974
G1 X116.254 Y109.251 E259.28024
G1 X116.268 Y109.423 E259.28368
G1 X116.3 Y109.971 E259.29464
G1 X116.272 Y110.425 E259.30372
G1 X116.254 Y110.75 E259.31021
G1 X115.889 Y112.233 E259.34069
G1 X115.184 Y113.576 E259.37096
G1 X114.176 Y114.714 E259.4013
G1 X112.925 Y115.577 E259.43163
G1 X111.508 Y116.115 E259.46187
G1 X110 Y116.298 E259.49219
G0 F9000 X110 Y115.858
G0 X110.244 Y115.463
;TYPE:SKIN
G1 F1117.2 X110.48 Y115.511 E259.49753
G1 X110.657 Y115.616 E259.50209
G1 X109.682 Y115.459 E259.52397
G1 X109.48 Y115.379 E259.52878
G0 F9000 X108.397 Y115.33
G1 F1117.2 X108.257 Y115.187 E259.53449
G1 X108.085 Y115.076 E259.54032
G0 F9000 X107.946 Y115.216
G0 X107.253 Y114.494
G0 X107.103 Y114.644
G1 F1117.2 X106.931 Y114.533 E259.54671
G1 X106.815 Y114.367 E259.55303
G0 F9000 X106.703 Y114.479
G0 X105.87 Y113.898
G0 X106.019 Y113.748
G1 F1117.2 X105.877 Y113.608 E259.55956
G1 X105.754 Y113.448 E259.56618
G0 F9000 X105.904 Y113.299
G0 X105.107 Y112.681
G0 X105.228 Y112.56
G1 F1117.2 X105.088 Y112.417 E259.5719
G1 X104.949 Y112.273 E259.57763
G0 F9000 X104.881 Y111.209
G1 F1117.2 X104.657 Y111.15 E259.58264
G1 X104.528 Y110.148 E259.60451
G1 X104.578 Y108.967 E259.6301
G1 X104.512 Y108.75 E259.63501
G0 F9000 X105.099 Y107.597
G1 F1117.2 X104.99 Y107.423 E259.63918
G1 X105.173 Y107.806 E259.64781
G0 F9000 X105.227 Y107.753
G0 X105.791 Y106.623
G0 X105.957 Y106.456
G1 F1117.2 X105.806 Y106.324 E259.6575
G0 F9000 X105.63 Y106.501
G0 X106.787 Y105.627
G0 X106.966 Y105.447
G1 F1117.2 X107.195 Y105.501 E259.66148
G1 X106.766 Y105.364 E259.66908
G0 F9000 X106.664 Y105.467
G0 X108.02 Y104.96
G0 X108.227 Y104.752
G1 F1117.2 X108.337 Y104.925 E259.67385
G1 X107.978 Y104.719 E259.68349
G0 F9000 X108.019 Y104.678
G0 X109.332 Y104.496
G1 F1117.2 X109.486 Y104.342 E259.68567
G0 F9000 X109.586 Y104.525
G1 F1117.2 X109.861 Y104.532 E259.69271
G1 X110.409 Y104.55 E259.70676
G1 X110.559 Y104.683 E259.7119
G0 F9000 X110.459 Y104.784
G0 X111.466 Y104.908
G0 X111.619 Y104.754
G1 F1117.2 X111.815 Y104.841 E259.71825
G1 X111.912 Y105.027 E259.72446
G0 F9000 X111.98 Y104.96
G0 X112.816 Y105.537
G0 X112.962 Y105.391
G1 F1117.2 X113.125 Y105.511 E259.73279
G0 F9000 X112.976 Y105.66
G0 X113.885 Y106.448
G0 X114.031 Y106.302
G1 F1117.2 X114.167 Y106.448 E259.74094
G0 F9000 X114.025 Y106.591
G0 X115.001 Y107.313
G0 X114.845 Y107.468
G1 F1117.2 X114.948 Y107.648 E259.74662
G1 X115.152 Y107.727 E259.75261
G0 F9000 X115.211 Y108.799
G1 F1117.2 X115.362 Y108.931 E259.75704
G1 X115.488 Y109.936 E259.77937
G1 X115.396 Y110.877 E259.80023
G1 X115.505 Y111.334 E259.81059
G0 F9000 X114.967 Y112.437
G1 F1117.2 X114.778 Y112.344 E259.8158
G1 X114.979 Y112.709 E259.82612
G0 F9000 X114.248 Y113.722
G1 F1117.2 X114.098 Y113.589 E259.83176
G1 X114.093 Y113.312 E259.83955
G0 F9000 X114.076 Y113.329
G0 X113.134 Y114.27
G0 X112.96 Y114.444
G1 F1117.2 X113.074 Y114.614 E259.84968
G0 F9000 X113.258 Y114.43
G0 X111.927 Y114.912
G0 X111.725 Y115.113
G1 F1117.2 X111.852 Y115.27 E259.85985
G0 F9000 X112.01 Y115.112
;MESH:NONMESH
G0 F300 X112.01 Y115.112 Z7.56
G0 F9000 X110 Y115.106
;TIME_ELAPSED:968.258256
;LAYER:62
;TYPE:WALL-INNER
;MESH:carrucola plisse.stl
G1 F1121.8 X111.439 Y114.9 E259.88886
G1 X112.761 Y114.296 E259.91787
G1 X113.859 Y113.344 E259.94687
G1 X114.645 Y112.121 E259.97588
G1 X115.045 Y110.756 E260.00426
G1 X115.06 Y110.612 E260.00715
G1 X115.098 Y110.087 E260.01766
G1 X115.1 Y109.966 E260.02007
G1 X115.091 Y109.833 E260.02273
G1 X115.06 Y109.388 E260.03163
G1 X115.058 Y109.363 E260.03214
G1 X115.045 Y109.243 E260.03454
G1 X114.645 Y107.879 E260.06291
G1 X113.859 Y106.656 E260.09192
G1 X112.761 Y105.704 E260.12092
G1 X111.439 Y105.1 E260.14993
G1 X110 Y104.894 E260.17894
G1 X108.561 Y105.1 E260.20795
G1 X107.239 Y105.704 E260.23695
G1 X106.141 Y106.656 E260.26595
G1 X105.355 Y107.879 E260.29497
G1 X104.954 Y109.249 E260.32345
G1 X104.931 Y109.531 E260.3291
G1 X104.93 Y110.425 E260.34694
G1 X104.953 Y110.751 E260.35346
G1 X105.355 Y112.121 E260.38195
G1 X106.141 Y113.344 E260.41097
G1 X107.239 Y114.296 E260.43997
G1 X108.561 Y114.9 E260.46897
G1 X110 Y115.106 E260.49798
G0 F9000 X110 Y114.702
;TYPE:WALL-OUTER
G1 F1121.8 X111.325 Y114.512 E260.52469
G1 X112.542 Y113.956 E260.5514
G1 X113.554 Y113.079 E260.57812
G1 X114.277 Y111.953 E260.60482
G1 X114.651 Y110.679 E260.63132
G1 X114.661 Y110.578 E260.63335
G1 X114.698 Y110.068 E260.64355
G1 X114.7 Y109.976 E260.64539
G1 X114.659 Y109.398 E260.65695
G1 X114.651 Y109.321 E260.65849
G1 X114.277 Y108.047 E260.68499
G1 X113.554 Y106.921 E260.7117
G1 X112.542 Y106.044 E260.73842
G1 X111.325 Y105.488 E260.76512
G1 X110 Y105.298 E260.79183
G1 X108.675 Y105.488 E260.81855
G1 X107.458 Y106.044 E260.84525
G1 X106.446 Y106.921 E260.87197
G1 X105.723 Y108.047 E260.89867
G1 X105.349 Y109.322 E260.92519
G1 X105.331 Y109.547 E260.92969
G1 X105.33 Y110.411 E260.94694
G1 X105.349 Y110.68 E260.95232
G1 X105.723 Y111.953 E260.9788
G1 X106.446 Y113.079 E261.0055
G1 X107.458 Y113.956 E261.03222
G1 X108.675 Y114.512 E261.05892
G1 X110 Y114.702 E261.08564
G0 F9000 X110 Y115.142
G0 X110.819 Y115.393
;TYPE:WALL-INNER
G1 F1121.8 X111.312 Y115.323 E261.09557
G1 X111.359 Y115.316 E261.09652
G1 X111.314 Y115.333 E261.09654
G1 X110.819 Y115.393 E261.09667
G0 F9000 X112.145 Y115.018
G1 F1121.8 X112.54 Y114.837 E261.10534
G1 X112.689 Y114.769 E261.10861
G1 X112.553 Y114.863 E261.10876
G1 X112.145 Y115.018 E261.10909
G0 F9000 X113.363 Y114.304
G1 F1121.8 X113.619 Y114.082 E261.11585
G1 X113.834 Y113.896 E261.12153
G1 X113.644 Y114.11 E261.12182
G1 X113.363 Y114.304 E261.12217
G0 F9000 X114.368 Y113.292
G1 F1121.8 X114.49 Y113.102 E261.12667
G1 X114.705 Y112.767 E261.13462
G1 X114.52 Y113.12 E261.13496
G1 X114.368 Y113.292 E261.1352
G0 F9000 X115.084 Y112.047
G1 F1121.8 X115.115 Y111.94 E261.13742
G1 X115.26 Y111.446 E261.1477
G1 X115.137 Y111.946 E261.14797
G1 X115.084 Y112.047 E261.14807
G0 F9000 X115.489 Y109.805
G1 F1121.8 X115.46 Y109.377 E261.15663
G1 X115.458 Y109.36 E261.15697
G1 X115.462 Y109.376
G1 X115.489 Y109.805 E261.15699
G0 F9000 X115.258 Y108.548
G1 F1121.8 X115.116 Y108.062 E261.1671
G1 X115.085 Y107.955 E261.16932
G1 X115.137 Y108.055 E261.16939
G1 X115.258 Y108.548 E261.16968
G0 F9000 X114.705 Y107.232
G1 F1121.8 X114.491 Y106.899 E261.17758
G1 X114.368 Y106.708 E261.18212
G1 X114.52 Y106.879 E261.18233
G1 X114.705 Y107.232 E261.18271
G0 F9000 X113.834 Y106.104
G1 F1121.8 X113.62 Y105.919 E261.18836
G1 X113.363 Y105.696 E261.19515
G1 X113.644 Y105.89 E261.19548
G1 X113.834 Y106.104 E261.19579
G0 F9000 X112.689 Y105.231
G1 F1121.8 X112.541 Y105.164 E261.19904
G1 X112.145 Y104.982 E261.20773
G1 X112.553 Y105.137 E261.20806
G1 X112.689 Y105.231 E261.20822
G0 F9000 X111.359 Y104.684
G1 F1121.8 X111.313 Y104.678 E261.20914
G1 X110.819 Y104.607 E261.2191
G1 X111.314 Y104.667 E261.21923
G1 X111.359 Y104.684 E261.21927
G0 F9000 X108.639 Y104.685
G1 F1121.8 X108.685 Y104.667 E261.22026
G1 X109.185 Y104.607 E261.23031
G1 X108.687 Y104.678 E261.23045
G1 X108.639 Y104.685 E261.23045
G0 F9000 X107.311 Y105.231
G1 F1121.8 X107.447 Y105.137 E261.23375
G1 X107.857 Y104.982 E261.2425
G1 X107.46 Y105.163 E261.2428
G1 X107.311 Y105.231 E261.2429
G0 F9000 X106.165 Y106.105
G1 F1121.8 X106.356 Y105.89 E261.24864
G1 X106.637 Y105.696 E261.25546
G1 X106.381 Y105.918 E261.25574
G1 X106.165 Y106.105 E261.25599
G0 F9000 X105.29 Y107.24
G1 F1121.8 X105.479 Y106.88 E261.2641
G1 X105.634 Y106.704 E261.26878
G1 X105.509 Y106.899 E261.26897
G1 X105.29 Y107.24 E261.26931
G0 F9000 X104.733 Y108.58
G1 F1121.8 X104.862 Y108.054 E261.28012
G1 X104.917 Y107.95 E261.28247
G1 X104.885 Y108.06 E261.2825
G1 X104.733 Y108.58 E261.28281
G0 F9000 X104.917 Y112.051
G1 F1121.8 X104.862 Y111.946 E261.28517
G1 X104.736 Y111.431 E261.29575
G1 X104.884 Y111.939 E261.29605
G1 X104.917 Y112.051 E261.29609
G0 F9000 X105.634 Y113.296
G1 F1121.8 X105.479 Y113.12 E261.30077
G1 X105.289 Y112.759 E261.30891
G1 X105.508 Y113.1 E261.30925
G1 X105.634 Y113.296 E261.30945
G0 F9000 X106.637 Y114.304
G1 F1121.8 X106.356 Y114.11 E261.31627
G1 X106.165 Y113.895 E261.32201
G1 X106.38 Y114.081 E261.32225
G1 X106.637 Y114.304 E261.32257
G0 F9000 X107.857 Y115.018
G1 F1121.8 X107.447 Y114.863 E261.33131
G1 X107.311 Y114.769 E261.33461
G1 X107.459 Y114.836 E261.33471
G1 X107.857 Y115.018 E261.33502
G0 F9000 X109.185 Y115.393
G1 F1121.8 X108.685 Y115.333 E261.34507
G1 X108.639 Y115.315 E261.34605
G1 X108.686 Y115.321
G1 X109.185 Y115.393 E261.34622
G0 F9000 X110 Y115.895
G1 F1121.8 X108.588 Y115.724 E261.3746
G1 X107.261 Y115.22 E261.40293
G1 X106.09 Y114.412 E261.43132
G1 X106.058 Y114.375 E261.4323
G1 X105.867 Y114.16 E261.43803
G1 X105.336 Y113.561 E261.45401
G1 X105.147 Y113.348 E261.45969
G1 X104.486 Y112.09 E261.48805
G1 X104.475 Y112.042 E261.48903
G1 X104.349 Y111.527 E261.49961
G1 X104.142 Y110.689 E261.51684
G1 X104.133 Y110.561 E261.5194
G1 X104.132 Y109.467 E261.54123
G1 X104.142 Y109.31 E261.54437
G1 X104.486 Y107.911 E261.57312
G1 X105.147 Y106.652 E261.6015
G1 X105.335 Y106.44 E261.60715
G1 X105.866 Y105.841 E261.62313
G1 X106.09 Y105.588 E261.62987
G1 X106.129 Y105.562 E261.63081
G1 X106.41 Y105.368 E261.63762
G1 X107.261 Y104.78 E261.65826
G1 X108.588 Y104.276 E261.68659
G1 X110 Y104.105 E261.71497
G1 X111.411 Y104.276 E261.74334
G1 X112.739 Y104.78 E261.77168
G1 X113.91 Y105.588 E261.80008
G1 X114.132 Y105.839 E261.80676
G1 X114.818 Y106.614 E261.82742
G1 X114.852 Y106.652 E261.82844
G1 X115.513 Y107.911 E261.85681
G1 X115.524 Y107.959 E261.8578
G1 X115.645 Y108.452 E261.86793
G1 X115.859 Y109.316 E261.88569
G1 X115.898 Y109.93 E261.89797
G1 X115.9 Y109.974 E261.89885
G1 X115.857 Y110.689 E261.91314
G1 X115.513 Y112.09 E261.94193
G1 X114.852 Y113.348 E261.97029
G1 X114.133 Y114.16 E261.99193
G1 X113.91 Y114.412 E261.99865
G1 X113.59 Y114.632 E262.0064
G1 X112.916 Y115.097 E262.02274
G1 X112.78 Y115.191 E262.02604
G1 X112.739 Y115.22 E262.02704
G1 X111.411 Y115.724 E262.05538
G1 X110 Y115.895 E262.08375
G0 F9000 X110 Y116.298
;TYPE:WALL-OUTER
G1 F1121.8 X108.491 Y116.115 E262.11408
G1 X107.075 Y115.577 E262.14431
G1 X105.824 Y114.714 E262.17464
G1 X104.815 Y113.576 E262.20499
G1 X104.11 Y112.233 E262.23526
G1 X103.745 Y110.749 E262.26576
G1 X103.733 Y110.575 E262.26924
G1 X103.732 Y109.467 E262.29135
G1 X103.745 Y109.25 E262.29569
G1 X104.11 Y107.767 E262.32617
G1 X104.815 Y106.424 E262.35644
G1 X105.824 Y105.286 E262.38679
G1 X107.075 Y104.423 E262.41712
G1 X108.491 Y103.885 E262.44735
G1 X110 Y103.702 E262.47768
G1 X111.508 Y103.885 E262.50799
G1 X112.925 Y104.423 E262.53824
G1 X114.176 Y105.286 E262.56857
G1 X115.184 Y106.424 E262.59891
G1 X115.889 Y107.767 E262.62918
G1 X116.254 Y109.25 E262.65966
G1 X116.261 Y109.324 E262.66114
G1 X116.298 Y109.916 E262.67298
G1 X116.3 Y109.975 E262.67415
G1 X116.268 Y110.492 E262.68449
G1 X116.254 Y110.749 E262.68963
G1 X115.889 Y112.233 E262.72013
G1 X115.184 Y113.576 E262.75039
G1 X114.176 Y114.714 E262.78073
G1 X112.925 Y115.577 E262.81106
G1 X111.508 Y116.115 E262.84131
G1 X110 Y116.298 E262.87162
G0 F9000 X110 Y115.858
G0 X109.808 Y115.464
;TYPE:SKIN
G1 F1121.8 X109.553 Y115.492 E262.87724
G1 X109.375 Y115.598 E262.88177
G1 X110.362 Y115.453 E262.90359
G1 X110.541 Y115.349 E262.90812
G0 F9000 X111.609 Y115.286
G1 F1121.8 X111.777 Y115.172 E262.91414
G1 X111.914 Y115.025 E262.92009
G0 F9000 X112.019 Y115.13
G0 X112.781 Y114.478
G0 X112.928 Y114.625
G1 F1121.8 X113.096 Y114.51 E262.92842
G0 F9000 X112.949 Y114.363
G0 X113.859 Y113.576
G0 X114.006 Y113.723
G1 F1121.8 X114.145 Y113.58 E262.93398
G1 X114.34 Y113.492 E262.93994
G0 F9000 X114.419 Y113.571
G0 X114.984 Y112.722
G0 X114.826 Y112.563
G1 F1121.8 X114.929 Y112.384 E262.94624
G1 X115.101 Y112.273 E262.95248
G0 F9000 X115.171 Y111.211
G1 F1121.8 X115.351 Y111.109 E262.95694
G1 X115.525 Y110.151 E262.97789
G1 X115.666 Y110.009 E262.9822
G0 F9000 X115.276 Y109.053
G1 F1121.8 X115.429 Y108.923 E262.98817
G1 X115.494 Y108.705 E262.99493
G0 F9000 X114.933 Y107.579
G1 F1121.8 X114.991 Y107.354 E262.99949
G1 X114.798 Y107.727 E263.00774
G0 F9000 X114.919 Y107.848
G0 X114.24 Y106.603
G0 X114.07 Y106.433
G1 F1121.8 X114.22 Y106.301 E263.01765
G0 F9000 X114.4 Y106.481
G0 X113.235 Y105.598
G0 X113.052 Y105.415
G1 F1121.8 X112.94 Y105.586 E263.02199
G1 X113.328 Y105.408 E263.03107
G0 F9000 X113.299 Y105.379
G0 X111.995 Y104.924
G0 X111.802 Y104.731
G1 F1121.8 X111.712 Y104.923 E263.04215
G0 F9000 X111.912 Y105.124
G0 X110.644 Y104.704
G0 X110.447 Y104.507
G1 F1121.8 X110.191 Y104.534 E263.05008
G1 X109.636 Y104.545 E263.06719
G1 X109.459 Y104.651 E263.07355
G0 F9000 X108.387 Y104.71
G1 F1121.8 X108.22 Y104.826 E263.07954
G1 X108.085 Y104.974 E263.08544
G0 F9000 X107.982 Y104.871
G0 X107.217 Y105.52
G0 X107.07 Y105.372
G1 F1121.8 X106.902 Y105.488 E263.09373
G0 F9000 X107.049 Y105.635
G0 X106.14 Y106.423
G0 X105.992 Y106.275
G1 F1121.8 X105.852 Y106.418 E263.09916
G1 X105.648 Y106.497 E263.10508
G0 F9000 X105.578 Y106.427
G0 X105.014 Y107.277
G0 X105.172 Y107.435
G1 F1121.8 X105.069 Y107.614 E263.11134
G1 X104.894 Y107.722 E263.11757
G0 F9000 X104.846 Y108.806
G1 F1121.8 X104.646 Y108.888 E263.12223
G1 X104.531 Y109.905 E263.14431
G1 X104.589 Y110.811 E263.16389
G1 X104.494 Y111.282 E263.17426
G0 F9000 X105.063 Y112.417
G1 F1121.8 X105.002 Y112.638 E263.17865
G1 X105.204 Y112.275 E263.1866
G0 F9000 X105.085 Y112.156
G0 X105.761 Y113.398
G0 X105.929 Y113.566
G1 F1121.8 X105.778 Y113.698 E263.19639
G0 F9000 X105.6 Y113.52
G0 X106.763 Y114.4
G0 X106.945 Y114.582
G1 F1121.8 X107.058 Y114.412 E263.20073
G1 X106.67 Y114.589 E263.20978
G0 F9000 X106.7 Y114.619
G0 X108.004 Y115.075
G0 X108.196 Y115.267
G1 F1121.8 X108.286 Y115.074 E263.22086
G0 F9000 X108.088 Y114.876
G0 X106.263 Y113.237
G0 X105.503 Y112.053
G0 X105.112 Y110.723
G0 X105.112 Y109.278
G0 X105.503 Y107.947
G0 X106.263 Y106.763
G0 X107.328 Y105.841
G0 X108.052 Y105.51
G0 X110.677 Y104.455
G1 F1121.8 X110.573 Y104.35 E263.22233
G0 F9000 X110.569 Y104.375
;MESH:NONMESH
G0 F300 X110.569 Y104.375 Z7.68
G0 F9000 X112.672 Y105.841
G0 X113.737 Y106.763
G0 X114.497 Y107.947
G0 X114.897 Y109.378
G0 X114.937 Y110.078
G0 X114.887 Y110.724
G0 X114.497 Y112.053
G0 X113.737 Y113.237
G0 X112.672 Y114.159
G0 X111.521 Y114.685
G0 X110 Y115.106
;TIME_ELAPSED:984.253648
;LAYER:63
;TYPE:WALL-INNER
;MESH:carrucola plisse.stl
G1 F1227.8 X111.392 Y114.907 E263.25039
G1 X111.439 Y114.9 E263.25134
G1 X111.698 Y114.782 E263.25702
G1 X112.628 Y114.357 E263.27742
G1 X112.761 Y114.296 E263.28034
G1 X112.96 Y114.124 E263.28559
G1 X113.681 Y113.498 E263.30465
G1 X113.859 Y113.344 E263.30935
G1 X113.964 Y113.181 E263.31322
G1 X114.496 Y112.353 E263.33286
G1 X114.645 Y112.121 E263.33836
G1 X114.67 Y112.036 E263.34013
G1 X114.999 Y110.91 E263.36354
G1 X115.046 Y110.752 E263.36683
G1 X115.047 Y110.731 E263.36725
G1 X115.062 Y110.574 E263.37039
G1 X115.099 Y110.07 E263.38048
G1 X115.1 Y109.969 E263.38249
G1 X115.054 Y109.332 E263.39524
G1 X115.045 Y109.242 E263.39704
G1 X115 Y109.087 E263.40026
G1 X114.671 Y107.967 E263.42356
G1 X114.645 Y107.879 E263.42539
G1 X114.495 Y107.646 E263.43092
G1 X113.965 Y106.82 E263.45051
G1 X113.859 Y106.656 E263.4544
G1 X113.682 Y106.503 E263.45907
G1 X112.961 Y105.877 E263.47813
G1 X112.761 Y105.704 E263.4834
G1 X112.629 Y105.644 E263.4863
G1 X111.699 Y105.219 E263.5067
G1 X111.439 Y105.1 E263.51241
G1 X111.393 Y105.094 E263.51333
G1 X110 Y104.894 E263.54142
G1 X108.607 Y105.093 E263.5695
G1 X108.561 Y105.1 E263.57043
G1 X108.304 Y105.217 E263.57606
G1 X107.372 Y105.643 E263.59651
G1 X107.239 Y105.704 E263.59943
G1 X107.04 Y105.876 E263.60468
G1 X106.317 Y106.503 E263.62378
G1 X106.141 Y106.656 E263.62843
G1 X106.038 Y106.816 E263.63223
G1 X105.5 Y107.653 E263.65209
G1 X105.355 Y107.879 E263.65745
G1 X105.331 Y107.962 E263.65917
G1 X104.999 Y109.093 E263.68269
G1 X104.953 Y109.249 E263.68594
G1 X104.952 Y109.262 E263.6862
G1 X104.935 Y109.485 E263.69066
G1 X104.934 Y110.482 E263.71056
G1 X104.953 Y110.749 E263.7159
G1 X104.991 Y110.881 E263.71864
G1 X105.33 Y112.037 E263.74268
G1 X105.355 Y112.121 E263.74443
G1 X105.499 Y112.346 E263.74976
G1 X106.037 Y113.183 E263.76962
G1 X106.141 Y113.344 E263.77344
G1 X106.316 Y113.496 E263.77807
G1 X107.039 Y114.123 E263.79717
G1 X107.239 Y114.296 E263.80244
G1 X107.371 Y114.356 E263.80534
G1 X108.303 Y114.782 E263.82579
G1 X108.561 Y114.9 E263.83145
G1 X108.606 Y114.906 E263.83236
G1 X110 Y115.106 E263.86046
G0 F9000 X110 Y114.702
;TYPE:WALL-OUTER
G1 F1227.8 X111.325 Y114.512 E263.88717
G1 X112.542 Y113.956 E263.91387
G1 X113.554 Y113.079 E263.9406
G1 X114.277 Y111.953 E263.9673
G1 X114.651 Y110.677 E263.99384
G1 X114.663 Y110.542 E263.99654
G1 X114.699 Y110.053 E264.00632
G1 X114.7 Y109.981 E264.00776
G1 X114.656 Y109.367 E264.02005
G1 X114.651 Y109.32 E264.02099
G1 X114.277 Y108.047 E264.04747
G1 X113.554 Y106.921 E264.07417
G1 X112.542 Y106.044 E264.10089
G1 X111.325 Y105.488 E264.1276
G1 X110 Y105.298 E264.15431
G1 X108.675 Y105.488 E264.18102
G1 X107.458 Y106.044 E264.20772
G1 X106.446 Y106.921 E264.23445
G1 X105.723 Y108.047 E264.26115
G1 X105.349 Y109.322 E264.28767
G1 X105.335 Y109.501 E264.29125
G1 X105.334 Y110.468 E264.31055
G1 X105.349 Y110.678 E264.31475
G1 X105.723 Y111.953 E264.34126
G1 X106.446 Y113.079 E264.36797
G1 X107.458 Y113.956 E264.39469
G1 X108.675 Y114.512 E264.42139
G1 X110 Y114.702 E264.4481
G0 F9000 X110 Y115.142
G0 X111.861 Y115.136
;TYPE:WALL-INNER
G1 F1227.8 X112.537 Y114.827 E264.46294
G1 X112.791 Y114.711 E264.46851
G1 X112.558 Y114.871 E264.4689
G1 X111.861 Y115.136 E264.46981
G0 F9000 X113.216 Y114.418
G1 F1227.8 X113.609 Y114.077 E264.48019
G1 X113.937 Y113.792 E264.48886
G1 X113.648 Y114.12 E264.48955
G1 X113.216 Y114.418 E264.49035
G0 F9000 X114.292 Y113.391
G1 F1227.8 X114.483 Y113.093 E264.49742
G1 X114.824 Y112.563 E264.50999
G1 X114.53 Y113.122 E264.51088
G1 X114.292 Y113.391 E264.51144
G0 F9000 X115.044 Y112.145
G1 F1227.8 X115.103 Y111.941 E264.51568
G1 X115.374 Y111.019 E264.53486
G1 X115.145 Y111.953 E264.53589
G1 X115.044 Y112.145 E264.53617
G0 F9000 X115.436 Y110.765
G1 F1227.8 X115.449 Y110.626 E264.53896
G1 X115.451 Y110.606 E264.53936
G1 X115.488 Y110.099 E264.5495
G1 X115.489 Y110.086 E264.54976
G1 X115.489 Y110.074 E264.55
G1 X115.489 Y109.986 E264.55176
G1 X115.489 Y109.973 E264.55202
G1 X115.49 Y109.957 E264.55234
G1 X115.489 Y109.942 E264.55264
G1 X115.449 Y109.374 E264.564
G1 X115.443 Y109.299 E264.5655
G1 X115.47 Y109.372 E264.56557
G1 X115.507 Y109.955 E264.56634
G1 X115.509 Y109.986
G1 X115.503 Y110.086 E264.56655
G1 X115.472 Y110.607 E264.56732
G1 X115.47 Y110.627 E264.56736
G1 X115.436 Y110.765 E264.56747
G0 F9000 X115.373 Y108.977
G1 F1227.8 X115.105 Y108.06 E264.58654
G1 X115.045 Y107.857 E264.59076
G1 X115.145 Y108.048 E264.59103
G1 X115.373 Y108.977 E264.59202
G0 F9000 X114.823 Y107.434
G1 F1227.8 X114.485 Y106.908 E264.6045
G1 X114.292 Y106.609 E264.6116
G1 X114.53 Y106.878 E264.61213
G1 X114.823 Y107.434 E264.61302
G0 F9000 X113.937 Y106.208
G1 F1227.8 X113.61 Y105.924 E264.62166
G1 X113.216 Y105.582 E264.63207
G1 X113.648 Y105.88 E264.63287
G1 X113.937 Y106.208 E264.63356
G0 F9000 X112.791 Y105.289
G1 F1227.8 X112.538 Y105.174 E264.63911
G1 X111.861 Y104.864 E264.65397
G1 X112.558 Y105.129 E264.65489
G1 X112.791 Y105.289 E264.65529
G0 F9000 X108.551 Y104.708
G1 F1227.8 X108.684 Y104.657 E264.65814
G1 X109.952 Y104.504 E264.68362
G1 X110 Y104.498 E264.68459
G1 X110.047 Y104.503 E264.68553
G1 X111.315 Y104.657 E264.71102
G1 X111.448 Y104.707 E264.71384
G1 X111.311 Y104.688 E264.71393
G1 X110.056 Y104.508 E264.71513
G1 X110 Y104.5 E264.71532
G1 X109.945 Y104.507 E264.71547
G1 X108.689 Y104.688 E264.71659
G1 X108.551 Y104.708 E264.71667
G0 F9000 X107.209 Y105.289
G1 F1227.8 X107.442 Y105.129 E264.72232
G1 X108.142 Y104.863 E264.73726
G1 X107.463 Y105.173 E264.73814
G1 X107.209 Y105.289 E264.73846
G0 F9000 X106.061 Y106.209
G1 F1227.8 X106.352 Y105.88 E264.74723
G1 X106.784 Y105.582 E264.7577
G1 X106.39 Y105.923 E264.75842
G1 X106.061 Y106.209 E264.75902
G0 F9000 X105.172 Y107.443
G1 F1227.8 X105.469 Y106.878 E264.77176
G1 X105.71 Y106.606 E264.77901
G1 X105.516 Y106.908 E264.77946
G1 X105.172 Y107.443 E264.78033
G0 F9000 X104.624 Y108.984
G1 F1227.8 X104.854 Y108.048 E264.79957
G1 X104.956 Y107.853 E264.80396
G1 X104.896 Y108.06 E264.80416
G1 X104.624 Y108.984 E264.8052
G0 F9000 X104.564 Y110.771
G1 F1227.8 X104.531 Y110.614 E264.8084
G1 X104.527 Y110.595 E264.80878
G1 X104.527 Y110.496 E264.81076
G1 X104.527 Y109.471 E264.83122
G1 X104.526 Y109.408 E264.83247
G1 X104.529 Y109.392 E264.8328
G1 X104.563 Y109.233 E264.83604
G1 X104.551 Y109.409 E264.8363
G1 X104.547 Y109.455
G1 X104.545 Y109.47
G1 X104.545 Y109.484 E264.83644
G1 X104.545 Y110.481 E264.8373
G1 X104.544 Y110.496
G1 X104.545 Y110.51
G1 X104.551 Y110.593
G1 X104.564 Y110.771 E264.83761
G0 F9000 X104.957 Y112.147
G1 F1227.8 X104.854 Y111.952 E264.84201
G1 X104.618 Y110.991 E264.86175
G1 X104.896 Y111.939 E264.8628
G1 X104.957 Y112.147 E264.863
G0 F9000 X105.71 Y113.394
G1 F1227.8 X105.469 Y113.122 E264.87025
G1 X105.172 Y112.557 E264.88299
G1 X105.515 Y113.091 E264.88384
G1 X105.71 Y113.394 E264.88432
G0 F9000 X106.784 Y114.418
G1 F1227.8 X106.352 Y114.12 E264.8948
G1 X106.061 Y113.791 E264.90356
G1 X106.389 Y114.076 E264.90415
G1 X106.784 Y114.418 E264.90489
G0 F9000 X108.142 Y115.137
G1 F1227.8 X107.442 Y114.871 E264.91983
G1 X107.209 Y114.711 E264.92547
G1 X107.462 Y114.826 E264.92578
G1 X108.142 Y115.137 E264.92668
G0 F9000 X110 Y115.502
G1 F1227.8 X109.953 Y115.497 E264.92762
G1 X108.684 Y115.343 E264.95313
G1 X108.551 Y115.292 E264.95596
G1 X108.688 Y115.311 E264.95606
G1 X109.944 Y115.492 E264.95728
G1 X110 Y115.5 E264.95748
G1 X110.055 Y115.493 E264.95769
G1 X111.31 Y115.313 E264.98299
G1 X111.448 Y115.293 E264.98577
G1 X111.315 Y115.343 E264.98593
G1 X110.048 Y115.496 E264.9872
G1 X110 Y115.502 E264.98721
G0 F9000 X110 Y115.895
G1 F1227.8 X109.953 Y115.89 E264.98814
G1 X108.637 Y115.73 E265.0146
G1 X108.588 Y115.724 E265.01558
G1 X108.546 Y115.708 E265.01648
G1 X108.413 Y115.658 E265.01932
G1 X108.004 Y115.503 E265.02804
G1 X107.303 Y115.236 E265.04301
G1 X107.261 Y115.22 E265.04391
G1 X107.221 Y115.193 E265.04487
G1 X106.988 Y115.032 E265.05053
G1 X106.563 Y114.739 E265.06083
G1 X106.131 Y114.441 E265.0713
G1 X106.09 Y114.412 E265.0723
G1 X106.061 Y114.379 E265.07318
G1 X105.77 Y114.05 E265.08194
G1 X105.418 Y113.654 E265.09252
G1 X105.177 Y113.382 E265.09977
G1 X105.147 Y113.348 E265.10067
G1 X105.124 Y113.304 E265.10167
G1 X104.827 Y112.739 E265.1144
G1 X104.612 Y112.329 E265.12364
G1 X104.51 Y112.134 E265.12803
G1 X104.486 Y112.089 E265.12905
G1 X104.476 Y112.046 E265.12993
G1 X104.239 Y111.085 E265.14968
G1 X104.185 Y110.865 E265.15421
G1 X104.143 Y110.695 E265.1577
G1 X104.138 Y110.622 E265.15916
G1 X104.137 Y110.608 E265.15944
G1 X104.137 Y110.596 E265.15968
G1 X104.136 Y109.408 E265.18339
G1 X104.137 Y109.385 E265.18385
G1 X104.142 Y109.31 E265.18535
G1 X104.183 Y109.14 E265.18884
G1 X104.244 Y108.891 E265.19395
G1 X104.475 Y107.955 E265.21319
G1 X104.486 Y107.911 E265.2141
G1 X104.509 Y107.867 E265.21509
G1 X104.611 Y107.673 E265.21946
G1 X104.826 Y107.262 E265.22872
G1 X105.123 Y106.697 E265.24146
G1 X105.147 Y106.652 E265.24247
G1 X105.176 Y106.619 E265.24335
G1 X105.417 Y106.347 E265.2506
G1 X105.768 Y105.951 E265.26116
G1 X106.06 Y105.622 E265.26994
G1 X106.09 Y105.588 E265.27085
G1 X106.13 Y105.56 E265.27182
G1 X106.562 Y105.262 E265.28229
G1 X106.987 Y104.969 E265.2926
G1 X107.22 Y104.808 E265.29825
G1 X107.261 Y104.78 E265.29924
G1 X107.303 Y104.764 E265.30014
G1 X108.003 Y104.499 E265.31507
G1 X108.411 Y104.344 E265.32378
G1 X108.544 Y104.293 E265.32662
G1 X108.588 Y104.276 E265.32757
G1 X108.637 Y104.271 E265.32855
G1 X109.952 Y104.111 E265.35498
G1 X110 Y104.105 E265.35595
G1 X110.047 Y104.11 E265.35689
G1 X111.361 Y104.27 E265.3833
G1 X111.411 Y104.276 E265.38431
G1 X111.452 Y104.291 E265.38518
G1 X111.586 Y104.341 E265.38803
G1 X111.999 Y104.498 E265.39685
G1 X112.696 Y104.763 E265.41173
G1 X112.739 Y104.78 E265.41265
G1 X112.779 Y104.807 E265.41362
G1 X113.012 Y104.968 E265.41927
G1 X113.437 Y105.261 E265.42957
G1 X113.869 Y105.559 E265.44004
G1 X113.91 Y105.588 E265.44105
G1 X113.939 Y105.621 E265.44192
G1 X114.229 Y105.948 E265.45064
G1 X114.584 Y106.349 E265.46133
G1 X114.822 Y106.618 E265.4685
G1 X114.852 Y106.652 E265.4694
G1 X114.875 Y106.696 E265.4704
G1 X115.167 Y107.253 E265.48295
G1 X115.389 Y107.676 E265.49248
G1 X115.489 Y107.866 E265.49676
G1 X115.513 Y107.911 E265.49778
G1 X115.523 Y107.955 E265.49868
G1 X115.751 Y108.883 E265.51775
G1 X115.83 Y109.203 E265.52433
G1 X115.849 Y109.278 E265.52587
G1 X115.857 Y109.31 E265.52653
G1 X115.859 Y109.347 E265.52727
G1 X115.897 Y109.961 E265.53955
G1 X115.899 Y109.986 E265.54005
G1 X115.898 Y110.009 E265.54051
G1 X115.86 Y110.65 E265.55332
G1 X115.857 Y110.689 E265.5541
G1 X115.85 Y110.719 E265.55472
G1 X115.817 Y110.857 E265.55755
G1 X115.754 Y111.112 E265.56279
G1 X115.524 Y112.046 E265.58199
G1 X115.513 Y112.09 E265.58289
G1 X115.49 Y112.133 E265.58387
G1 X115.39 Y112.325 E265.58819
G1 X115.17 Y112.744 E265.59763
G1 X114.876 Y113.303 E265.61023
G1 X114.852 Y113.348 E265.61125
G1 X114.823 Y113.381 E265.61213
G1 X114.585 Y113.65 E265.6193
G1 X114.23 Y114.051 E265.62998
G1 X113.94 Y114.378 E265.63871
G1 X113.91 Y114.412 E265.63961
G1 X113.87 Y114.44 E265.64059
G1 X113.438 Y114.738 E265.65106
G1 X113.013 Y115.031 E265.66136
G1 X112.78 Y115.192 E265.66701
G1 X112.739 Y115.22 E265.668
G1 X112.697 Y115.236 E265.6689
G1 X112 Y115.5 E265.68377
G1 X111.587 Y115.657 E265.69259
G1 X111.454 Y115.707 E265.69543
G1 X111.411 Y115.724 E265.69635
G1 X111.362 Y115.729 E265.69733
G1 X110.048 Y115.889 E265.72375
G1 X110 Y115.895 E265.72471
G0 F9000 X110 Y116.298
;TYPE:WALL-OUTER
G1 F1227.8 X108.491 Y116.115 E265.75505
G1 X107.075 Y115.577 E265.78528
G1 X105.824 Y114.714 E265.8156
G1 X104.815 Y113.576 E265.84596
G1 X104.11 Y112.233 E265.87623
G1 X103.746 Y110.755 E265.9066
G1 X103.737 Y110.62 E265.9093
G1 X103.736 Y109.408 E265.93349
G1 X103.745 Y109.25 E265.93665
G1 X104.11 Y107.767 E265.96712
G1 X104.815 Y106.424 E265.99739
G1 X105.824 Y105.286 E266.02775
G1 X107.075 Y104.423 E266.05807
G1 X108.491 Y103.885 E266.0883
G1 X110 Y103.702 E266.11864
G1 X111.508 Y103.885 E266.14895
G1 X112.925 Y104.423 E266.1792
G1 X114.176 Y105.286 E266.20953
G1 X115.184 Y106.424 E266.23987
G1 X115.889 Y107.767 E266.27014
G1 X116.254 Y109.25 E266.30061
G1 X116.299 Y109.986 E266.31533
G1 X116.264 Y110.561 E266.32682
G1 X116.254 Y110.749 E266.33058
G1 X115.889 Y112.233 E266.36108
G1 X115.184 Y113.576 E266.39135
G1 X114.176 Y114.714 E266.42169
G1 X112.925 Y115.577 E266.45202
G1 X111.508 Y116.115 E266.48226
G1 X110 Y116.298 E266.51258
G0 F9000 X110 Y115.858
G0 X108.366 Y115.361
G0 X108.333 Y115.394
;TYPE:SKIN
G1 F1227.8 X108.369 Y115.076 E266.5149
G0 F9000 X108.419 Y115.026
G0 X107.007 Y114.741
G0 X106.98 Y114.767
G1 F1227.8 X106.932 Y114.533 E266.51977
G0 F9000 X107.078 Y114.387
G0 X106.017 Y113.468
G1 F1227.8 X105.737 Y113.748 E266.52372
G0 F9000 X105.083 Y112.422
G0 X105.161 Y112.344
G1 F1227.8 X104.853 Y112.369 E266.52632
G0 F9000 X104.839 Y112.384
G0 X104.999 Y107.698
G0 X105.053 Y107.643
G1 F1227.8 X104.905 Y107.509 E266.52852
G0 F9000 X104.881 Y107.533
G0 X105.719 Y106.412
G0 X105.798 Y106.332
G1 F1227.8 X105.95 Y106.464 E266.53273
G0 F9000 X105.88 Y106.534
G0 X106.918 Y105.496
G0 X106.989 Y105.424
G1 F1227.8 X107.147 Y105.549 E266.53395
G1 X106.832 Y105.299 E266.5364
G0 F9000 X106.795 Y105.336
G0 X108.256 Y104.723
G0 X108.308 Y104.671
G1 F1227.8 X108.379 Y104.883 E266.539
G0 F9000 X108.339 Y104.924
G0 X111.592 Y104.781
G1 F1227.8 X111.774 Y104.6 E266.54157
G0 F9000 X112.857 Y105.497
G1 F1227.8 X113.107 Y105.247 E266.54509
G0 F9000 X114.31 Y106.307
G1 F1227.8 X114.025 Y106.591 E266.54911
G0 F9000 X115.098 Y107.498
G1 F1227.8 X114.822 Y107.774 E266.553
G0 F9000 X114.915 Y109.628
G0 X114.874 Y112.248
G0 X114.823 Y112.299
G1 F1227.8 X115.013 Y112.391 E266.55617
G0 F9000 X115.075 Y112.33
G0 X114.181 Y113.506
G0 X114.105 Y113.582
G1 F1227.8 X114.255 Y113.714 E266.56073
G0 F9000 X114.341 Y113.629
G0 X113.126 Y114.561
G0 X113.05 Y114.636
G1 F1227.8 X112.938 Y114.467 E266.56467
G0 F9000 X113.002 Y114.403
G0 X111.691 Y115.148
G0 X111.645 Y115.194
G1 F1227.8 X111.734 Y115.387 E266.56712
G0 F9000 X111.685 Y115.405
;MESH:NONMESH
G0 F300 X111.685 Y115.405 Z7.8
G0 F9000 X110 Y115.106
;TIME_ELAPSED:999.219903
;LAYER:64
;TYPE:WALL-INNER
;MESH:carrucola plisse.stl
G1 F1219.2 X111.392 Y114.907 E266.59518
G1 X111.439 Y114.9 E266.59613
G1 X111.698 Y114.782 E266.60181
G1 X112.628 Y114.357 E266.62222
G1 X112.761 Y114.296 E266.62514
G1 X112.96 Y114.124 E266.63039
G1 X113.681 Y113.498 E266.64944
G1 X113.859 Y113.344 E266.65414
G1 X113.964 Y113.181 E266.65801
G1 X114.494 Y112.356 E266.67758
G1 X114.645 Y112.121 E266.68315
G1 X114.67 Y112.034 E266.68496
G1 X114.998 Y110.917 E266.70819
G1 X115.048 Y110.748 E266.71171
G1 X115.049 Y110.732 E266.71203
G1 X115.099 Y110.058 E266.72551
G1 X115.1 Y109.974 E266.72719
G1 X115.05 Y109.268 E266.74131
G1 X115.048 Y109.252 E266.74163
G1 X114.999 Y109.083 E266.74515
G1 X114.671 Y107.968 E266.76834
G1 X114.645 Y107.879 E266.77019
G1 X114.495 Y107.646 E266.77572
G1 X113.965 Y106.82 E266.79531
G1 X113.859 Y106.656 E266.7992
G1 X113.682 Y106.503 E266.80387
G1 X112.961 Y105.877 E266.82293
G1 X112.761 Y105.704 E266.8282
G1 X112.629 Y105.644 E266.8311
G1 X111.699 Y105.219 E266.8515
G1 X111.439 Y105.1 E266.85721
G1 X111.393 Y105.094 E266.85813
G1 X110 Y104.894 E266.88622
G1 X108.607 Y105.093 E266.9143
G1 X108.561 Y105.1 E266.91523
G1 X108.304 Y105.217 E266.92086
G1 X107.372 Y105.643 E266.94131
G1 X107.239 Y105.704 E266.94423
G1 X107.04 Y105.876 E266.94948
G1 X106.317 Y106.503 E266.96858
G1 X106.141 Y106.656 E266.97323
G1 X106.038 Y106.816 E266.97703
G1 X105.5 Y107.653 E266.99689
G1 X105.355 Y107.879 E267.00225
G1 X105.331 Y107.962 E267.00397
G1 X104.993 Y109.114 E267.02793
G1 X104.952 Y109.253 E267.03082
G1 X104.939 Y109.439 E267.03454
G1 X104.939 Y110.59 E267.05751
G1 X104.952 Y110.737 E267.06046
G1 X104.954 Y110.753 E267.06078
G1 X104.993 Y110.888 E267.06358
G1 X105.33 Y112.037 E267.08748
G1 X105.355 Y112.121 E267.08923
G1 X105.499 Y112.346 E267.09456
G1 X106.037 Y113.183 E267.11441
G1 X106.141 Y113.344 E267.11824
G1 X106.316 Y113.496 E267.12286
G1 X107.039 Y114.123 E267.14196
G1 X107.239 Y114.296 E267.14724
G1 X107.371 Y114.356 E267.15013
G1 X108.303 Y114.782 E267.17058
G1 X108.561 Y114.9 E267.17624
G1 X108.606 Y114.906 E267.17715
G1 X110 Y115.106 E267.20525
G0 F9000 X110 Y114.702
;TYPE:WALL-OUTER
G1 F1219.2 X111.325 Y114.512 E267.23197
G1 X112.542 Y113.956 E267.25867
G1 X113.554 Y113.079 E267.28539
G1 X114.277 Y111.953 E267.3121
G1 X114.652 Y110.676 E267.33866
G1 X114.699 Y110.04 E267.35138
G1 X114.7 Y109.985 E267.35248
G1 X114.652 Y109.324 E267.36571
G1 X114.277 Y108.047 E267.39227
G1 X113.554 Y106.921 E267.41897
G1 X112.542 Y106.044 E267.44569
G1 X111.325 Y105.488 E267.47239
G1 X110 Y105.298 E267.49911
G1 X108.675 Y105.488 E267.52582
G1 X107.458 Y106.044 E267.55252
G1 X106.446 Y106.921 E267.57924
G1 X105.723 Y108.047 E267.60595
G1 X105.348 Y109.324 E267.63251
G1 X105.339 Y109.453 E267.63509
G1 X105.339 Y110.571 E267.6574
G1 X105.349 Y110.677 E267.65952
G1 X105.723 Y111.953 E267.68606
G1 X106.446 Y113.079 E267.71276
G1 X107.458 Y113.956 E267.73949
G1 X108.675 Y114.512 E267.76619
G1 X110 Y114.702 E267.7929
G0 F9000 X110 Y115.142
G0 X111.861 Y115.136
;TYPE:WALL-INNER
G1 F1219.2 X112.537 Y114.827 E267.80773
G1 X112.791 Y114.711 E267.81331
G1 X112.558 Y114.871 E267.81369
G1 X111.861 Y115.136 E267.81461
G0 F9000 X113.216 Y114.418
G1 F1219.2 X113.609 Y114.077 E267.82499
G1 X113.937 Y113.792 E267.83366
G1 X113.648 Y114.12 E267.83434
G1 X113.216 Y114.418 E267.83515
G0 F9000 X114.292 Y113.391
G1 F1219.2 X114.484 Y113.093 E267.84222
G1 X114.823 Y112.566 E267.85473
G1 X114.53 Y113.122 E267.8556
G1 X114.292 Y113.391 E267.85615
G0 F9000 X115.045 Y112.143
G1 F1219.2 X115.104 Y111.941 E267.86035
G1 X115.373 Y111.027 E267.87937
G1 X115.145 Y111.952 E267.88037
G1 X115.045 Y112.143 E267.88066
G0 F9000 X115.438 Y110.76
G1 F1219.2 X115.447 Y110.633 E267.8832
G1 X115.488 Y110.087 E267.89413
G1 X115.489 Y110.075 E267.89437
G1 X115.489 Y110.062 E267.89463
G1 X115.489 Y109.978 E267.8963
G1 X115.49 Y109.962 E267.89662
G1 X115.489 Y109.947 E267.89692
G1 X115.448 Y109.368 E267.90851
G1 X115.438 Y109.239 E267.91109
G1 X115.469 Y109.366 E267.91117
G1 X115.507 Y109.96 E267.91195
G1 X115.509 Y109.982
G1 X115.504 Y110.075 E267.91228
G1 X115.469 Y110.634 E267.91311
G1 X115.438 Y110.76 E267.9132
G0 F9000 X115.373 Y108.973
G1 F1219.2 X115.105 Y108.06 E267.93219
G1 X115.045 Y107.857 E267.93642
G1 X115.145 Y108.048 E267.93669
G1 X115.373 Y108.973 E267.93767
G0 F9000 X114.823 Y107.434
G1 F1219.2 X114.485 Y106.908 E267.95015
G1 X114.292 Y106.609 E267.95725
G1 X114.53 Y106.878 E267.95778
G1 X114.823 Y107.434 E267.95867
G0 F9000 X113.937 Y106.208
G1 F1219.2 X113.61 Y105.924 E267.96731
G1 X113.216 Y105.582 E267.97772
G1 X113.648 Y105.88 E267.97852
G1 X113.937 Y106.208 E267.97921
G0 F9000 X112.791 Y105.289
G1 F1219.2 X112.538 Y105.174 E267.98476
G1 X111.861 Y104.864 E267.99962
G1 X112.558 Y105.129 E268.00054
G1 X112.791 Y105.289 E268.00094
G0 F9000 X108.551 Y104.708
G1 F1219.2 X108.684 Y104.657 E268.00378
G1 X109.952 Y104.504 E268.02927
G1 X110 Y104.498 E268.03024
G1 X110.047 Y104.503 E268.03118
G1 X111.315 Y104.657 E268.05667
G1 X111.448 Y104.707 E268.05949
G1 X111.311 Y104.688 E268.05958
G1 X110.056 Y104.508 E268.06078
G1 X110 Y104.5 E268.06097
G1 X109.945 Y104.507 E268.06112
G1 X108.689 Y104.688 E268.06223
G1 X108.551 Y104.708 E268.06232
G0 F9000 X107.209 Y105.289
G1 F1219.2 X107.442 Y105.129 E268.06796
G1 X108.142 Y104.863 E268.08291
G1 X107.463 Y105.173 E268.08379
G1 X107.209 Y105.289 E268.08411
G0 F9000 X106.061 Y106.209
G1 F1219.2 X106.352 Y105.88 E268.09288
G1 X106.784 Y105.582 E268.10335
G1 X106.39 Y105.923 E268.10407
G1 X106.061 Y106.209 E268.10467
G0 F9000 X105.172 Y107.443
G1 F1219.2 X105.469 Y106.878 E268.11741
G1 X105.71 Y106.606 E268.12466
G1 X105.516 Y106.908 E268.12511
G1 X105.172 Y107.443 E268.12598
G0 F9000 X104.619 Y109.005
G1 F1219.2 X104.854 Y108.048 E268.14565
G1 X104.957 Y107.853 E268.15003
G1 X104.897 Y108.06 E268.15024
G1 X104.619 Y109.005 E268.15134
G0 F9000 X104.564 Y110.773
G1 F1219.2 X104.53 Y110.635 E268.15417
G1 X104.53 Y110.608 E268.15471
G1 X104.53 Y109.425 E268.17832
G1 X104.53 Y109.371 E268.1794
G1 X104.531 Y109.359 E268.17964
G1 X104.563 Y109.232 E268.18225
G1 X104.555 Y109.36 E268.18231
G1 X104.551 Y109.41 E268.1826
G1 X104.549 Y109.425
G1 X104.549 Y109.439 E268.18275
G1 X104.549 Y110.59 E268.18386
G1 X104.549 Y110.608 E268.18396
G1 X104.55 Y110.625
G1 X104.564 Y110.773 E268.1841
G0 F9000 X104.957 Y112.147
G1 F1219.2 X104.854 Y111.952 E268.1885
G1 X104.619 Y110.998 E268.20811
G1 X104.896 Y111.939 E268.20915
G1 X104.957 Y112.147 E268.20935
G0 F9000 X105.71 Y113.394
G1 F1219.2 X105.469 Y113.122 E268.2166
G1 X105.172 Y112.557 E268.22934
G1 X105.515 Y113.091 E268.23019
G1 X105.71 Y113.394 E268.23067
G0 F9000 X106.784 Y114.418
G1 F1219.2 X106.352 Y114.12 E268.24115
G1 X106.061 Y113.791 E268.24991
G1 X106.389 Y114.076 E268.2505
G1 X106.784 Y114.418 E268.25124
G0 F9000 X108.142 Y115.137
G1 F1219.2 X107.442 Y114.871 E268.26618
G1 X107.209 Y114.711 E268.27182
G1 X107.462 Y114.826 E268.27213
G1 X108.142 Y115.137 E268.27303
G0 F9000 X110 Y115.502
G1 F1219.2 X109.953 Y115.497 E268.27397
G1 X108.684 Y115.343 E268.29948
G1 X108.551 Y115.292 E268.30232
G1 X108.688 Y115.311 E268.30241
G1 X109.944 Y115.492 E268.30364
G1 X110 Y115.5 E268.30383
G1 X110.055 Y115.493 E268.30404
G1 X111.31 Y115.313 E268.32934
G1 X111.448 Y115.293 E268.33213
G1 X111.315 Y115.343 E268.33228
G1 X110.048 Y115.496 E268.33355
G1 X110 Y115.502 E268.33356
G0 F9000 X110 Y115.895
G1 F1219.2 X109.953 Y115.89 E268.33449
G1 X108.637 Y115.73 E268.36095
G1 X108.588 Y115.724 E268.36193
G1 X108.546 Y115.708 E268.36283
G1 X108.413 Y115.658 E268.36567
G1 X108.004 Y115.503 E268.37439
G1 X107.303 Y115.236 E268.38936
G1 X107.261 Y115.22 E268.39026
G1 X107.221 Y115.193 E268.39122
G1 X106.988 Y115.032 E268.39688
G1 X106.563 Y114.739 E268.40718
G1 X106.131 Y114.441 E268.41765
G1 X106.09 Y114.412 E268.41865
G1 X106.061 Y114.379 E268.41953
G1 X105.77 Y114.05 E268.4283
G1 X105.418 Y113.654 E268.43887
G1 X105.177 Y113.382 E268.44612
G1 X105.147 Y113.348 E268.44703
G1 X105.124 Y113.304 E268.44802
G1 X104.827 Y112.739 E268.46075
G1 X104.612 Y112.329 E268.46999
G1 X104.51 Y112.134 E268.47438
G1 X104.486 Y112.089 E268.4754
G1 X104.476 Y112.046 E268.47628
G1 X104.241 Y111.092 E268.49589
G1 X104.186 Y110.867 E268.50051
G1 X104.152 Y110.73 E268.50333
G1 X104.143 Y110.695 E268.50405
G1 X104.141 Y110.665 E268.50465
G1 X104.14 Y110.655 E268.50485
G1 X104.14 Y110.635 E268.50525
G1 X104.14 Y109.37 E268.5305
G1 X104.141 Y109.342 E268.53105
G1 X104.143 Y109.304 E268.53181
G1 X104.152 Y109.266 E268.53259
G1 X104.183 Y109.139 E268.5352
G1 X104.239 Y108.912 E268.53987
G1 X104.475 Y107.955 E268.55954
G1 X104.486 Y107.911 E268.56044
G1 X104.509 Y107.867 E268.56143
G1 X104.611 Y107.672 E268.56583
G1 X104.826 Y107.262 E268.57506
G1 X105.123 Y106.697 E268.5878
G1 X105.147 Y106.652 E268.58882
G1 X105.176 Y106.619 E268.5897
G1 X105.417 Y106.347 E268.59695
G1 X105.768 Y105.951 E268.60751
G1 X106.06 Y105.622 E268.61629
G1 X106.09 Y105.588 E268.61719
G1 X106.13 Y105.56 E268.61817
G1 X106.562 Y105.262 E268.62864
G1 X106.987 Y104.969 E268.63894
G1 X107.22 Y104.808 E268.64459
G1 X107.261 Y104.78 E268.64558
G1 X107.303 Y104.764 E268.64648
G1 X108.003 Y104.499 E268.66142
G1 X108.411 Y104.344 E268.67013
G1 X108.544 Y104.293 E268.67297
G1 X108.588 Y104.276 E268.67391
G1 X108.637 Y104.271 E268.67489
G1 X109.952 Y104.111 E268.70133
G1 X110 Y104.105 E268.7023
G1 X110.047 Y104.11 E268.70323
G1 X111.361 Y104.27 E268.72965
G1 X111.411 Y104.276 E268.73065
G1 X111.452 Y104.291 E268.73152
G1 X111.586 Y104.341 E268.73438
G1 X111.999 Y104.498 E268.7432
G1 X112.696 Y104.763 E268.75808
G1 X112.739 Y104.78 E268.759
G1 X112.779 Y104.807 E268.75996
G1 X113.012 Y104.968 E268.76561
G1 X113.437 Y105.261 E268.77592
G1 X113.869 Y105.559 E268.78639
G1 X113.91 Y105.588 E268.78739
G1 X113.939 Y105.621 E268.78827
G1 X114.229 Y105.948 E268.79699
G1 X114.584 Y106.349 E268.80768
G1 X114.822 Y106.618 E268.81485
G1 X114.852 Y106.652 E268.81575
G1 X114.875 Y106.696 E268.81674
G1 X115.167 Y107.253 E268.82929
G1 X115.389 Y107.676 E268.83882
G1 X115.489 Y107.866 E268.84311
G1 X115.513 Y107.911 E268.84413
G1 X115.523 Y107.954 E268.84501
G1 X115.75 Y108.88 E268.86403
G1 X115.816 Y109.145 E268.86948
G1 X115.848 Y109.272 E268.8721
G1 X115.856 Y109.304 E268.87276
G1 X115.858 Y109.341 E268.8735
G1 X115.897 Y109.957 E268.88581
G1 X115.899 Y109.98 E268.88627
G1 X115.898 Y110.005 E268.88677
G1 X115.859 Y110.657 E268.89981
G1 X115.856 Y110.696 E268.90059
G1 X115.849 Y110.727 E268.90122
G1 X115.818 Y110.853 E268.90381
G1 X115.752 Y111.12 E268.9093
G1 X115.524 Y112.045 E268.92831
G1 X115.513 Y112.089 E268.92922
G1 X115.49 Y112.133 E268.93021
G1 X115.39 Y112.324 E268.93451
G1 X115.168 Y112.746 E268.94403
G1 X114.876 Y113.303 E268.95658
G1 X114.852 Y113.348 E268.9576
G1 X114.823 Y113.381 E268.95847
G1 X114.585 Y113.65 E268.96564
G1 X114.23 Y114.051 E268.97633
G1 X113.94 Y114.378 E268.98505
G1 X113.91 Y114.412 E268.98595
G1 X113.87 Y114.44 E268.98693
G1 X113.438 Y114.738 E268.9974
G1 X113.013 Y115.031 E269.0077
G1 X112.78 Y115.192 E269.01336
G1 X112.739 Y115.22 E269.01435
G1 X112.697 Y115.236 E269.01524
G1 X112 Y115.5 E269.03012
G1 X111.587 Y115.657 E269.03893
G1 X111.454 Y115.707 E269.04177
G1 X111.411 Y115.724 E269.04269
G1 X111.362 Y115.729 E269.04368
G1 X110.048 Y115.889 E269.07009
G1 X110 Y115.895 E269.07106
G0 F9000 X110 Y116.298
;TYPE:WALL-OUTER
G1 F1219.2 X108.491 Y116.115 E269.10139
G1 X107.075 Y115.577 E269.13162
G1 X105.824 Y114.714 E269.16195
G1 X104.815 Y113.576 E269.1923
G1 X104.11 Y112.233 E269.22257
G1 X103.746 Y110.756 E269.25293
G1 X103.74 Y110.667 E269.25471
G1 X103.74 Y109.35 E269.28099
G1 X103.745 Y109.25 E269.28299
G1 X104.11 Y107.767 E269.31346
G1 X104.815 Y106.424 E269.34373
G1 X105.824 Y105.286 E269.37409
G1 X107.075 Y104.423 E269.40441
G1 X108.491 Y103.885 E269.43464
G1 X110 Y103.702 E269.46498
G1 X111.508 Y103.885 E269.49529
G1 X112.925 Y104.423 E269.52554
G1 X114.176 Y105.286 E269.55587
G1 X115.184 Y106.424 E269.58621
G1 X115.889 Y107.767 E269.61648
G1 X116.253 Y109.244 E269.64683
G1 X116.3 Y109.978 E269.66151
G1 X116.253 Y110.756 E269.67706
G1 X115.889 Y112.233 E269.70742
G1 X115.184 Y113.576 E269.73769
G1 X114.176 Y114.714 E269.76803
G1 X112.925 Y115.577 E269.79836
G1 X111.508 Y116.115 E269.82861
G1 X110 Y116.298 E269.85892
G0 F9000 X110 Y115.858
G0 X108.351 Y115.422
G0 X108.296 Y115.367
;TYPE:SKIN
G1 F1219.2 X108.367 Y115.155 E269.86168
G0 F9000 X108.324 Y115.112
G0 X107.145 Y114.498
G0 X107.082 Y114.435
G1 F1219.2 X106.968 Y114.605 E269.86553
G0 F9000 X107.042 Y114.679
G0 X105.993 Y113.63
G0 X105.922 Y113.558
G1 F1219.2 X105.771 Y113.69 E269.86985
G0 F9000 X105.853 Y113.772
G0 X105.073 Y112.427
G0 X105.018 Y112.372
G1 F1219.2 X105.208 Y112.279 E269.87263
G0 F9000 X105.252 Y112.323
G0 X105.1 Y110.581
G0 X105.102 Y110.213
G0 X105.219 Y107.765
G1 F1219.2 X104.956 Y107.502 E269.87634
G0 F9000 X105.994 Y106.56
G1 F1219.2 X105.711 Y106.277 E269.88033
G0 F9000 X106.947 Y105.532
G0 X106.998 Y105.584
G1 F1219.2 X106.999 Y105.301 E269.88394
G0 F9000 X106.923 Y105.225
G0 X108.353 Y104.959
G0 X108.368 Y104.974
G1 F1219.2 X108.324 Y104.647 E269.88608
G0 F9000 X108.263 Y104.586
G0 X111.587 Y104.799
G0 X111.631 Y104.843
G1 F1219.2 X111.702 Y104.631 E269.88895
G0 F9000 X111.645 Y104.574
G0 X112.956 Y105.32
G0 X113.029 Y105.393
G1 F1219.2 X112.917 Y105.563 E269.8928
G0 F9000 X112.854 Y105.5
G0 X114.003 Y106.366
G0 X114.077 Y106.44
G1 F1219.2 X114.227 Y106.308 E269.89725
G0 F9000 X114.144 Y106.225
G0 X114.917 Y107.563
G0 X114.978 Y107.624
G1 F1219.2 X114.788 Y107.717 E269.90038
G0 F9000 X114.738 Y107.667
G0 X114.918 Y109.811
G0 X114.779 Y112.234
G1 F1219.2 X115.071 Y112.526 E269.9045
G0 F9000 X114.004 Y113.439
G1 F1219.2 X114.286 Y113.721 E269.90848
G0 F9000 X113.052 Y114.466
G0 X113 Y114.414
G1 F1219.2 X113 Y114.697 E269.91207
G0 F9000 X113.076 Y114.773
G0 X111.65 Y115.044
G0 X111.633 Y115.027
G1 F1219.2 X111.673 Y115.35 E269.9143
G0 F9000 X111.727 Y115.389
;MESH:NONMESH
G0 F300 X111.727 Y115.389 Z7.92
G0 F9000 X110 Y115.106
;TIME_ELAPSED:1014.231677
;LAYER:65
;TYPE:WALL-INNER
;MESH:carrucola plisse.stl
G1 F1114.4 X111.439 Y114.9 E269.94331
G1 X112.761 Y114.296 E269.97231
G1 X113.859 Y113.344 E270.00132
G1 X114.645 Y112.121 E270.03033
G1 X115.049 Y110.738 E270.05908
G1 X115.102 Y109.995 E270.07395
G1 X115.048 Y109.252 E270.08881
G1 X114.645 Y107.879 E270.11737
G1 X113.859 Y106.656 E270.14638
G1 X112.761 Y105.704 E270.17538
G1 X111.439 Y105.1 E270.20439
G1 X110 Y104.894 E270.2334
G1 X108.561 Y105.1 E270.2624
G1 X107.239 Y105.704 E270.29141
G1 X106.141 Y106.656 E270.32041
G1 X105.355 Y107.879 E270.34942
G1 X104.952 Y109.252 E270.37798
G1 X104.942 Y109.39 E270.38074
G1 X104.941 Y110.598 E270.40485
G1 X104.952 Y110.748 E270.40785
G1 X105.355 Y112.121 E270.4364
G1 X106.141 Y113.344 E270.46542
G1 X107.239 Y114.296 E270.49442
G1 X108.561 Y114.9 E270.52342
G1 X110 Y115.106 E270.55243
G0 F9000 X110 Y114.702
;TYPE:WALL-OUTER
G1 F1114.4 X111.325 Y114.512 E270.57914
G1 X112.542 Y113.956 E270.60584
G1 X113.554 Y113.079 E270.63257
G1 X114.277 Y111.953 E270.65927
G1 X114.653 Y110.667 E270.68601
G1 X114.701 Y109.995 E270.69946
G1 X114.652 Y109.324 E270.71288
G1 X114.277 Y108.047 E270.73944
G1 X113.554 Y106.921 E270.76615
G1 X112.542 Y106.044 E270.79287
G1 X111.325 Y105.488 E270.81957
G1 X110 Y105.298 E270.84628
G1 X108.675 Y105.488 E270.87299
G1 X107.458 Y106.044 E270.8997
G1 X106.446 Y106.921 E270.92642
G1 X105.723 Y108.047 E270.95312
G1 X105.348 Y109.324 E270.97968
G1 X105.342 Y109.405 E270.9813
G1 X105.341 Y110.583 E271.00481
G1 X105.348 Y110.676 E271.00667
G1 X105.723 Y111.953 E271.03323
G1 X106.446 Y113.079 E271.05994
G1 X107.458 Y113.956 E271.08666
G1 X108.675 Y114.512 E271.11336
G1 X110 Y114.702 E271.14007
G0 F9000 X110 Y115.142
G0 X110.819 Y115.393
;TYPE:WALL-INNER
G1 F1114.4 X111.312 Y115.323 E271.15001
G1 X111.359 Y115.316 E271.15096
G1 X111.314 Y115.333 E271.15098
G1 X110.819 Y115.393 E271.15111
G0 F9000 X112.145 Y115.018
G1 F1114.4 X112.54 Y114.837 E271.15978
G1 X112.689 Y114.769 E271.16305
G1 X112.553 Y114.863 E271.16319
G1 X112.145 Y115.018 E271.16353
G0 F9000 X113.363 Y114.304
G1 F1114.4 X113.619 Y114.082 E271.17029
G1 X113.834 Y113.896 E271.17597
G1 X113.644 Y114.11 E271.17626
G1 X113.363 Y114.304 E271.1766
G0 F9000 X114.368 Y113.292
G1 F1114.4 X114.49 Y113.102 E271.18111
G1 X114.705 Y112.768 E271.18904
G1 X114.52 Y113.121 E271.1894
G1 X114.368 Y113.292 E271.18963
G0 F9000 X115.084 Y112.046
G1 F1114.4 X115.115 Y111.939 E271.19186
G1 X115.263 Y111.432 E271.2024
G1 X115.137 Y111.945 E271.20269
G1 X115.084 Y112.046 E271.20279
G0 F9000 X115.457 Y110.646
G1 F1114.4 X115.471 Y110.446 E271.20679
G1 X115.459 Y110.636
G1 X115.457 Y110.646
G0 F9000 X115.47 Y109.543
G1 F1114.4 X115.458 Y109.366 E271.21033
G1 X115.457 Y109.355 E271.21055
G1 X115.459 Y109.365
G1 X115.47 Y109.543 E271.21057
G0 F9000 X115.256 Y108.538
G1 F1114.4 X115.116 Y108.062 E271.22047
G1 X115.085 Y107.956 E271.22267
G1 X115.137 Y108.055 E271.22274
G1 X115.256 Y108.538 E271.22303
G0 F9000 X114.705 Y107.232
G1 F1114.4 X114.491 Y106.899 E271.23092
G1 X114.368 Y106.708 E271.23546
G1 X114.52 Y106.879 E271.23568
G1 X114.705 Y107.232 E271.23606
G0 F9000 X113.834 Y106.104
G1 F1114.4 X113.62 Y105.919 E271.2417
G1 X113.363 Y105.696 E271.24849
G1 X113.644 Y105.89 E271.24883
G1 X113.834 Y106.104 E271.24914
G0 F9000 X112.689 Y105.231
G1 F1114.4 X112.541 Y105.164 E271.25238
G1 X112.145 Y104.982 E271.26108
G1 X112.553 Y105.137 E271.2614
G1 X112.689 Y105.231 E271.26156
G0 F9000 X111.359 Y104.684
G1 F1114.4 X111.313 Y104.678 E271.26249
G1 X110.819 Y104.607 E271.27245
G1 X111.314 Y104.667 E271.27258
G1 X111.359 Y104.684 E271.27262
G0 F9000 X108.639 Y104.685
G1 F1114.4 X108.685 Y104.667 E271.2736
G1 X109.185 Y104.607 E271.28365
G1 X108.687 Y104.678 E271.28379
G1 X108.639 Y104.685 E271.2838
G0 F9000 X107.311 Y105.231
G1 F1114.4 X107.447 Y105.137 E271.28709
G1 X107.857 Y104.982 E271.29584
G1 X107.46 Y105.163 E271.29614
G1 X107.311 Y105.231 E271.29625
G0 F9000 X106.165 Y106.105
G1 F1114.4 X106.356 Y105.89 E271.30199
G1 X106.637 Y105.696 E271.3088
G1 X106.381 Y105.918 E271.30909
G1 X106.165 Y106.105 E271.30933
G0 F9000 X105.29 Y107.24
G1 F1114.4 X105.479 Y106.88 E271.31745
G1 X105.634 Y106.704 E271.32213
G1 X105.509 Y106.899 E271.32231
G1 X105.29 Y107.24 E271.32265
G0 F9000 X104.737 Y108.563
G1 F1114.4 X104.862 Y108.055 E271.33309
G1 X104.916 Y107.951 E271.33543
G1 X104.884 Y108.061 E271.33548
G1 X104.737 Y108.563 E271.33577
G0 F9000 X104.916 Y112.049
G1 F1114.4 X104.862 Y111.945 E271.33811
G1 X104.737 Y111.437 E271.34855
G1 X104.883 Y111.938 E271.34882
G1 X104.916 Y112.049 E271.34887
G0 F9000 X105.634 Y113.296
G1 F1114.4 X105.479 Y113.12 E271.35355
G1 X105.29 Y112.76 E271.36167
G1 X105.508 Y113.1 E271.36199
G1 X105.634 Y113.296 E271.3622
G0 F9000 X106.637 Y114.304
G1 F1114.4 X106.356 Y114.11 E271.36901
G1 X106.165 Y113.895 E271.37475
G1 X106.38 Y114.081 E271.37499
G1 X106.637 Y114.304 E271.37531
G0 F9000 X107.857 Y115.018
G1 F1114.4 X107.447 Y114.863 E271.38406
G1 X107.311 Y114.769 E271.38736
G1 X107.459 Y114.836 E271.38745
G1 X107.857 Y115.018 E271.38776
G0 F9000 X109.185 Y115.393
G1 F1114.4 X108.685 Y115.333 E271.39781
G1 X108.639 Y115.315 E271.3988
G1 X108.686 Y115.321
G1 X109.185 Y115.393 E271.39896
G0 F9000 X110 Y115.895
G1 F1114.4 X108.588 Y115.724 E271.42734
G1 X107.261 Y115.22 E271.45567
G1 X106.09 Y114.412 E271.48406
G1 X106.058 Y114.375 E271.48504
G1 X105.867 Y114.16 E271.49078
G1 X105.336 Y113.561 E271.50675
G1 X105.147 Y113.348 E271.51243
G1 X104.486 Y112.089 E271.54081
G1 X104.475 Y112.041 E271.54179
G1 X104.35 Y111.533 E271.55223
G1 X104.144 Y110.701 E271.56934
G1 X104.144 Y109.299 E271.59732
G1 X104.486 Y107.911 E271.62584
G1 X105.147 Y106.652 E271.65422
G1 X105.335 Y106.44 E271.65988
G1 X105.866 Y105.841 E271.67585
G1 X106.09 Y105.588 E271.68259
G1 X106.129 Y105.562 E271.68353
G1 X106.41 Y105.368 E271.69034
G1 X107.261 Y104.78 E271.71099
G1 X108.588 Y104.276 E271.73931
G1 X110 Y104.105 E271.7677
G1 X111.411 Y104.276 E271.79606
G1 X112.739 Y104.78 E271.82441
G1 X113.91 Y105.588 E271.8528
G1 X114.132 Y105.839 E271.85949
G1 X114.818 Y106.614 E271.88014
G1 X114.852 Y106.652 E271.88116
G1 X115.513 Y107.911 E271.90954
G1 X115.524 Y107.959 E271.91052
G1 X115.643 Y108.442 E271.92044
G1 X115.844 Y109.259 E271.93724
G1 X115.856 Y109.305 E271.93818
G1 X115.899 Y109.995 E271.95198
G1 X115.856 Y110.696 E271.966
G1 X115.513 Y112.089 E271.99463
G1 X114.852 Y113.348 E272.023
G1 X114.819 Y113.385 E272.02399
G1 X114.133 Y114.16 E272.04465
G1 X113.91 Y114.412 E272.05136
G1 X113.59 Y114.632 E272.05911
G1 X112.916 Y115.097 E272.07545
G1 X112.78 Y115.191 E272.07875
G1 X112.739 Y115.22 E272.07975
G1 X111.411 Y115.724 E272.1081
G1 X110 Y115.895 E272.13646
G0 F9000 X110 Y116.298
;TYPE:WALL-OUTER
G1 F1114.4 X108.491 Y116.115 E272.1668
G1 X107.075 Y115.577 E272.19703
G1 X105.824 Y114.714 E272.22736
G1 X104.815 Y113.576 E272.25771
G1 X104.11 Y112.233 E272.28798
G1 X103.746 Y110.756 E272.31833
G1 X103.744 Y110.717 E272.31911
G1 X103.744 Y109.274 E272.34791
G1 X103.746 Y109.244 E272.34851
G1 X104.11 Y107.767 E272.37887
G1 X104.815 Y106.424 E272.40913
G1 X105.824 Y105.286 E272.43949
G1 X107.075 Y104.423 E272.46982
G1 X108.491 Y103.885 E272.50004
G1 X110 Y103.702 E272.53038
G1 X111.508 Y103.885 E272.56069
G1 X112.925 Y104.423 E272.59094
G1 X114.176 Y105.286 E272.62127
G1 X115.184 Y106.424 E272.65161
G1 X115.889 Y107.767 E272.68188
G1 X116.253 Y109.245 E272.71225
G1 X116.299 Y109.995 E272.72725
G1 X116.253 Y110.756 E272.74246
G1 X115.889 Y112.233 E272.77282
G1 X115.184 Y113.576 E272.80309
G1 X114.176 Y114.714 E272.83343
G1 X112.925 Y115.577 E272.86376
G1 X111.508 Y116.115 E272.894
G1 X110 Y116.298 E272.92432
G0 F9000 X110 Y115.858
G0 X110.244 Y115.463
;TYPE:SKIN
G1 F1114.4 X110.48 Y115.511 E272.92965
G1 X110.657 Y115.616 E272.93421
G1 X109.682 Y115.459 E272.9561
G1 X109.48 Y115.379 E272.96091
G0 F9000 X108.397 Y115.33
G1 F1114.4 X108.257 Y115.187 E272.96661
G1 X108.085 Y115.076 E272.97245
G0 F9000 X107.946 Y115.216
G0 X107.253 Y114.494
G0 X107.103 Y114.644
G1 F1114.4 X106.931 Y114.533 E272.97884
G1 X106.815 Y114.367 E272.98516
G0 F9000 X106.703 Y114.479
G0 X105.87 Y113.898
G0 X106.019 Y113.748
G1 F1114.4 X105.877 Y113.608 E272.99169
G1 X105.754 Y113.448 E272.99831
G0 F9000 X105.904 Y113.299
G0 X105.107 Y112.681
G0 X105.228 Y112.56
G1 F1114.4 X105.088 Y112.417 E273.00404
G1 X104.95 Y112.272 E273.00977
G0 F9000 X104.874 Y111.216
G1 F1114.4 X104.656 Y111.151 E273.01469
G1 X104.542 Y110.134 E273.03682
G1 X104.575 Y108.969 E273.06203
G1 X104.51 Y108.752 E273.06693
G0 F9000 X105.098 Y107.598
G1 F1114.4 X104.99 Y107.423 E273.07114
G1 X105.173 Y107.806 E273.07982
G0 F9000 X105.227 Y107.753
G0 X105.791 Y106.623
G0 X105.957 Y106.456
G1 F1114.4 X105.806 Y106.324 E273.08951
G0 F9000 X105.63 Y106.501
G0 X106.787 Y105.627
G0 X106.966 Y105.447
G1 F1114.4 X107.195 Y105.501 E273.09349
G1 X106.766 Y105.364 E273.10109
G0 F9000 X106.664 Y105.467
G0 X108.02 Y104.96
G0 X108.227 Y104.752
G1 F1114.4 X108.337 Y104.925 E273.10586
G1 X107.978 Y104.719 E273.1155
G0 F9000 X108.019 Y104.678
G0 X109.332 Y104.496
G1 F1114.4 X109.486 Y104.342 E273.11768
G0 F9000 X109.586 Y104.525
G1 F1114.4 X109.861 Y104.532 E273.12472
G1 X110.409 Y104.55 E273.13877
G1 X110.559 Y104.683 E273.14391
G0 F9000 X110.459 Y104.784
G0 X111.466 Y104.908
G0 X111.619 Y104.754
G1 F1114.4 X111.815 Y104.841 E273.15026
G1 X111.912 Y105.027 E273.15647
G0 F9000 X111.98 Y104.96
G0 X112.816 Y105.537
G0 X112.962 Y105.391
G1 F1114.4 X113.125 Y105.511 E273.1648
G0 F9000 X112.976 Y105.66
G0 X113.885 Y106.448
G0 X114.031 Y106.302
G1 F1114.4 X114.167 Y106.449 E273.17293
G0 F9000 X114.025 Y106.591
G0 X115.001 Y107.313
G0 X114.845 Y107.468
G1 F1114.4 X114.948 Y107.648 E273.17866
G1 X115.149 Y107.73 E273.18466
G0 F9000 X115.225 Y108.785
G1 F1114.4 X115.363 Y108.93 E273.1873
G1 X115.483 Y109.092 E273.18995
G1 X115.352 Y109.789 E273.19929
G0 F9000 X115.484 Y109.94
G1 F1114.4 X115.573 Y110.134 E273.20303
G1 X115.285 Y110.987 E273.21884
G1 X115.448 Y111.107 E273.22239
G0 F9000 X115.614 Y110.942
G0 X115.157 Y112.247
G0 X114.967 Y112.437
G1 F1114.4 X114.777 Y112.345 E273.22758
G1 X114.979 Y112.709 E273.23782
G0 F9000 X114.248 Y113.722
G1 F1114.4 X114.098 Y113.589 E273.24346
G1 X114.093 Y113.312 E273.25126
G0 F9000 X114.076 Y113.329
G0 X113.134 Y114.27
G0 X112.96 Y114.444
G1 F1114.4 X113.074 Y114.614 E273.26138
G0 F9000 X113.258 Y114.43
G0 X111.927 Y114.912
G0 X111.725 Y115.113
G1 F1114.4 X111.852 Y115.27 E273.27156
G0 F9000 X112.01 Y115.112
;MESH:NONMESH
G0 F300 X112.01 Y115.112 Z8.04
G0 F9000 X110 Y115.106
;TIME_ELAPSED:1029.659619
;LAYER:66
;TYPE:WALL-INNER
;MESH:carrucola plisse.stl
G1 F1123.3 X111.439 Y114.9 E273.30057
G1 X112.761 Y114.296 E273.32957
G1 X113.859 Y113.344 E273.35857
G1 X114.645 Y112.121 E273.38759
G1 X115.048 Y110.743 E273.41624
G1 X115.102 Y110 E273.4311
G1 X115.048 Y109.252 E273.44607
G1 X114.645 Y107.879 E273.47462
G1 X113.859 Y106.656 E273.50364
G1 X112.761 Y105.704 E273.53264
G1 X111.439 Y105.1 E273.56164
G1 X110 Y104.894 E273.59065
G1 X108.561 Y105.1 E273.61966
G1 X107.239 Y105.704 E273.64867
G1 X106.141 Y106.656 E273.67767
G1 X105.355 Y107.879 E273.70668
G1 X104.946 Y109.273 E273.73567
G1 X104.946 Y110.727 E273.76469
G1 X105.355 Y112.121 E273.79368
G1 X105.961 Y113.065 E273.81607
G1 X105.964 Y113.07 E273.81618
G1 X106.141 Y113.344 E273.82269
G1 X107.239 Y114.296 E273.85169
G1 X108.561 Y114.9 E273.8807
G1 X110 Y115.106 E273.90971
G0 F9000 X110 Y114.702
;TYPE:WALL-OUTER
G1 F1123.3 X111.325 Y114.512 E273.93642
G1 X112.542 Y113.956 E273.96312
G1 X113.554 Y113.079 E273.98984
G1 X114.277 Y111.953 E274.01655
G1 X114.652 Y110.671 E274.0432
G1 X114.701 Y110 E274.05663
G1 X114.652 Y109.324 E274.07016
G1 X114.277 Y108.047 E274.09672
G1 X113.554 Y106.921 E274.12342
G1 X112.542 Y106.044 E274.15014
G1 X111.325 Y105.488 E274.17684
G1 X110 Y105.298 E274.20356
G1 X108.675 Y105.488 E274.23027
G1 X107.458 Y106.044 E274.25697
G1 X106.446 Y106.921 E274.28369
G1 X105.723 Y108.047 E274.3104
G1 X105.346 Y109.331 E274.3371
G1 X105.346 Y110.669 E274.3638
G1 X105.723 Y111.953 E274.39051
G1 X106.446 Y113.079 E274.41721
G1 X107.458 Y113.956 E274.44394
G1 X108.675 Y114.512 E274.47064
G1 X110 Y114.702 E274.49735
G0 F9000 X110 Y115.142
G0 X110.827 Y115.392
;TYPE:WALL-INNER
G1 F1123.3 X111.312 Y115.323 E274.50713
G1 X111.36 Y115.316 E274.5081
G1 X111.314 Y115.333 E274.50812
G1 X110.827 Y115.392 E274.50824
G0 F9000 X112.139 Y115.02
G1 F1123.3 X112.539 Y114.838 E274.51701
G1 X112.69 Y114.769 E274.52032
G1 X112.552 Y114.864 E274.52046
G1 X112.139 Y115.02 E274.5208
G0 F9000 X113.361 Y114.305
G1 F1123.3 X113.615 Y114.085 E274.52751
G1 X113.828 Y113.9 E274.53314
G1 X113.64 Y114.113 E274.53344
G1 X113.361 Y114.305 E274.53378
G0 F9000 X114.371 Y113.287
G1 F1123.3 X114.489 Y113.103 E274.53814
G1 X114.699 Y112.777 E274.54588
G1 X114.518 Y113.121 E274.54622
G1 X114.371 Y113.287 E274.54644
G0 F9000 X115.084 Y112.045
G1 F1123.3 X115.113 Y111.943 E274.54856
G1 X115.257 Y111.454 E274.55873
G1 X115.135 Y111.949 E274.559
G1 X115.084 Y112.045 E274.55909
G0 F9000 X115.456 Y110.647
G1 F1123.3 X115.466 Y110.506 E274.56191
G1 X115.458 Y110.639
G1 X115.456 Y110.647
G0 F9000 X115.469 Y109.521
G1 F1123.3 X115.458 Y109.367 E274.56499
G1 X115.457 Y109.356 E274.56521
G1 X115.459 Y109.366
G1 X115.469 Y109.521 E274.56523
G0 F9000 X115.257 Y108.543
G1 F1123.3 X115.117 Y108.065 E274.57516
G1 X115.085 Y107.958 E274.57739
G1 X115.138 Y108.058 E274.57749
G1 X115.257 Y108.543 E274.57777
G0 F9000 X114.703 Y107.229
G1 F1123.3 X114.495 Y106.905 E274.58545
G1 X114.374 Y106.717 E274.58991
G1 X114.523 Y106.886 E274.59013
G1 X114.703 Y107.229 E274.59048
G0 F9000 X113.828 Y106.099
G1 F1123.3 X113.619 Y105.918 E274.596
G1 X113.364 Y105.697 E274.60273
G1 X113.642 Y105.89 E274.60305
G1 X113.828 Y106.099 E274.60333
G0 F9000 X112.692 Y105.233
G1 F1123.3 X112.546 Y105.167 E274.60653
G1 X112.145 Y104.983 E274.61534
G1 X112.558 Y105.139 E274.61567
G1 X112.692 Y105.233 E274.61583
G0 F9000 X111.361 Y104.685
G1 F1123.3 X111.317 Y104.679 E274.61671
G1 X110.825 Y104.608 E274.62663
G1 X111.318 Y104.668 E274.62676
G1 X111.361 Y104.685 E274.6268
G0 F9000 X108.639 Y104.685
G1 F1123.3 X108.685 Y104.667 E274.62779
G1 X109.176 Y104.608 E274.63766
G1 X108.687 Y104.678 E274.63777
G1 X108.639 Y104.685 E274.63778
G0 F9000 X107.31 Y105.231
G1 F1123.3 X107.448 Y105.136 E274.64112
G1 X107.862 Y104.979 E274.64996
G1 X107.461 Y105.162 E274.65025
G1 X107.31 Y105.231 E274.65037
G0 F9000 X106.166 Y106.105
G1 F1123.3 X106.357 Y105.889 E274.65612
G1 X106.639 Y105.695 E274.66295
G1 X106.382 Y105.917 E274.66325
G1 X106.166 Y106.105 E274.6635
G0 F9000 X105.295 Y107.232
G1 F1123.3 X105.482 Y106.877 E274.67151
G1 X105.634 Y106.706 E274.67608
G1 X105.512 Y106.896 E274.67625
G1 X105.295 Y107.232 E274.67658
G0 F9000 X104.736 Y108.569
G1 F1123.3 X104.862 Y108.056 E274.68712
G1 X104.916 Y107.952 E274.68946
G1 X104.884 Y108.062 E274.6895
G1 X104.736 Y108.569 E274.68979
G0 F9000 X104.915 Y112.045
G1 F1123.3 X104.861 Y111.941 E274.69213
G1 X104.736 Y111.433 E274.70257
G1 X104.882 Y111.934 E274.70284
G1 X104.915 Y112.045 E274.70289
G0 F9000 X105.629 Y113.286
G1 F1123.3 X105.625 Y113.282 E274.703
G1 X105.476 Y113.115 E274.70747
G1 X105.292 Y112.764 E274.71538
G1 X105.506 Y113.095 E274.71572
G1 X105.629 Y113.286 E274.71874
G0 F9000 X106.627 Y114.295
G1 F1123.3 X106.356 Y114.108 E274.72531
G1 X106.174 Y113.902 E274.7308
G1 X106.379 Y114.08 E274.73102
G1 X106.627 Y114.295 E274.73131
G0 F9000 X107.855 Y115.018
G1 F1123.3 X107.446 Y114.862 E274.74005
G1 X107.313 Y114.77 E274.74327
G1 X107.457 Y114.836 E274.74337
G1 X107.855 Y115.018 E274.74367
G0 F9000 X109.179 Y115.393
G1 F1123.3 X108.681 Y115.332 E274.75369
G1 X108.637 Y115.315 E274.75463
G1 X108.682 Y115.321 E274.75463
G1 X109.179 Y115.393 E274.75478
G0 F9000 X109.996 Y115.895
G1 F1123.3 X108.584 Y115.723 E274.78316
G1 X107.257 Y115.218 E274.8115
G1 X106.091 Y114.411 E274.8398
G1 X106.058 Y114.373 E274.8408
G1 X105.876 Y114.167 E274.84629
G1 X105.178 Y113.38 E274.86728
G1 X105.144 Y113.342 E274.8683
G1 X104.485 Y112.085 E274.89662
G1 X104.474 Y112.037 E274.8976
G1 X104.349 Y111.529 E274.90804
G1 X104.147 Y110.709 E274.9249
G1 X104.147 Y109.29 E274.95321
G1 X104.486 Y107.911 E274.98155
G1 X105.15 Y106.649 E275.01001
G1 X106.058 Y105.625 E275.03732
G1 X106.091 Y105.587 E275.03833
G1 X106.13 Y105.561 E275.03926
G1 X107.083 Y104.903 E275.06237
G1 X107.262 Y104.779 E275.06672
G1 X108.588 Y104.276 E275.09502
G1 X108.637 Y104.271 E275.096
G1 X110.004 Y104.105 E275.12348
G1 X111.415 Y104.277 E275.15185
G1 X112.746 Y104.783 E275.18027
G1 X113.91 Y105.588 E275.20851
G1 X114.854 Y106.656 E275.23695
G1 X115.514 Y107.914 E275.2653
G1 X115.525 Y107.962 E275.26629
G1 X115.644 Y108.447 E275.27625
G1 X115.844 Y109.26 E275.29296
G1 X115.856 Y109.307 E275.29393
G1 X115.867 Y109.496 E275.29771
G1 X115.898 Y109.999 E275.30776
G1 X115.855 Y110.699 E275.32176
G1 X115.511 Y112.093 E275.35041
G1 X114.849 Y113.351 E275.37878
G1 X113.909 Y114.413 E275.40708
G1 X112.917 Y115.097 E275.43113
G1 X112.779 Y115.192 E275.43447
G1 X112.738 Y115.221 E275.43547
G1 X111.411 Y115.724 E275.4638
G1 X111.362 Y115.729 E275.46478
G1 X109.996 Y115.895 E275.49224
G0 F9000 X109.996 Y116.298
;TYPE:WALL-OUTER
G1 F1123.3 X108.487 Y116.114 E275.52258
G1 X107.068 Y115.574 E275.55287
G1 X105.823 Y114.713 E275.58308
G1 X104.813 Y113.572 E275.61349
G1 X104.109 Y112.229 E275.64375
G1 X103.747 Y110.755 E275.67404
G1 X103.747 Y109.243 E275.70421
G1 X104.11 Y107.767 E275.73455
G1 X104.818 Y106.421 E275.7649
G1 X105.825 Y105.285 E275.79519
G1 X107.076 Y104.422 E275.82552
G1 X108.491 Y103.885 E275.85572
G1 X110.004 Y103.702 E275.88614
G1 X111.512 Y103.886 E275.91645
G1 X112.932 Y104.426 E275.94677
G1 X114.179 Y105.288 E275.97702
G1 X115.185 Y106.426 E276.00734
G1 X115.89 Y107.771 E276.03764
G1 X116.253 Y109.247 E276.06797
G1 X116.299 Y110 E276.08303
G1 X116.252 Y110.759 E276.0982
G1 X115.887 Y112.237 E276.12859
G1 X115.181 Y113.579 E276.15885
G1 X114.175 Y114.715 E276.18913
G1 X112.924 Y115.578 E276.21946
G1 X111.508 Y116.115 E276.24968
G1 X109.996 Y116.298 E276.28007
G0 F9000 X109.996 Y115.858
G0 X109.808 Y115.464
;TYPE:SKIN
G1 F1123.3 X109.55 Y115.49 E276.28576
G1 X109.372 Y115.595 E276.29029
G1 X110.362 Y115.453 E276.31221
G1 X110.546 Y115.354 E276.31679
G0 F9000 X111.61 Y115.287
G1 F1123.3 X111.778 Y115.172 E276.32276
G1 X111.908 Y115.019 E276.32864
G0 F9000 X112.007 Y115.118
G0 X112.781 Y114.478
G0 X112.928 Y114.625
G1 F1123.3 X113.096 Y114.51 E276.33698
G0 F9000 X112.949 Y114.363
G0 X113.858 Y113.575
G0 X114.006 Y113.723
G1 F1123.3 X114.145 Y113.58 E276.34283
G1 X114.323 Y113.474 E276.34891
G0 F9000 X114.419 Y113.571
G0 X114.984 Y112.721
G0 X114.826 Y112.563
G1 F1123.3 X114.929 Y112.384 E276.35522
G1 X115.099 Y112.271 E276.36146
G0 F9000 X115.176 Y111.217
G1 F1123.3 X115.351 Y111.108 E276.36396
G1 X115.448 Y110.923 E276.36648
G1 X115.348 Y110.257 E276.37463
G0 F9000 X115.485 Y110.111
G1 F1123.3 X115.531 Y109.874 E276.37824
G1 X115.658 Y109.719 E276.38124
G1 X115.274 Y109.052 E276.39276
G1 X115.492 Y108.704 E276.3989
G0 F9000 X114.933 Y107.579
G1 F1123.3 X114.989 Y107.352 E276.40355
G1 X114.799 Y107.728 E276.41192
G0 F9000 X114.921 Y107.85
G0 X114.247 Y106.611
G0 X114.07 Y106.434
G1 F1123.3 X114.222 Y106.302 E276.42219
G0 F9000 X114.409 Y106.489
G0 X113.236 Y105.6
G0 X113.054 Y105.418
G1 F1123.3 X112.941 Y105.587 E276.42651
G1 X113.329 Y105.41 E276.43557
G0 F9000 X113.299 Y105.38
G0 X111.995 Y104.924
G0 X111.802 Y104.731
G1 F1123.3 X111.713 Y104.925 E276.44664
G0 F9000 X111.913 Y105.124
G0 X110.649 Y104.709
G0 X110.45 Y104.51
G1 F1123.3 X110.19 Y104.533 E276.45469
G1 X109.636 Y104.545 E276.47176
G1 X109.454 Y104.646 E276.47817
G0 F9000 X108.387 Y104.71
G1 F1123.3 X108.22 Y104.826 E276.48409
G1 X108.09 Y104.979 E276.48994
G0 F9000 X107.993 Y104.882
G0 X107.217 Y105.52
G0 X107.07 Y105.372
G1 F1123.3 X106.902 Y105.488 E276.49824
G0 F9000 X107.049 Y105.635
G0 X106.14 Y106.423
G0 X105.992 Y106.275
G1 F1123.3 X105.853 Y106.419 E276.50369
G1 X105.652 Y106.5 E276.50959
G0 F9000 X105.58 Y106.428
G0 X105.015 Y107.277
G0 X105.172 Y107.435
G1 F1123.3 X105.068 Y107.614 E276.51586
G1 X104.896 Y107.725 E276.52205
G0 F9000 X104.837 Y108.797
G1 F1123.3 X104.645 Y108.888 E276.52665
G1 X104.546 Y109.92 E276.54906
G1 X104.596 Y110.819 E276.56852
G1 X104.495 Y111.283 E276.57879
G0 F9000 X105.063 Y112.416
G1 F1123.3 X105.005 Y112.641 E276.58329
G1 X105.2 Y112.271 E276.59139
G0 F9000 X105.079 Y112.15
G0 X105.753 Y113.39
G0 X105.929 Y113.566
G1 F1123.3 X105.778 Y113.698 E276.60165
G0 F9000 X105.592 Y113.512
G0 X106.754 Y114.39
G0 X106.942 Y114.578
G1 F1123.3 X107.055 Y114.408 E276.60618
G1 X106.664 Y114.584 E276.61572
G0 F9000 X106.698 Y114.618
G0 X108.003 Y115.074
G0 X108.196 Y115.267
G1 F1123.3 X108.284 Y115.073 E276.62676
G0 F9000 X108.086 Y114.875
G0 X106.263 Y113.237
G0 X105.503 Y112.053
G0 X105.107 Y110.703
G0 X105.107 Y109.297
G0 X105.503 Y107.947
G0 X106.263 Y106.763
G0 X107.328 Y105.841
G0 X108.052 Y105.51
G0 X110.683 Y104.46
G1 F1123.3 X110.573 Y104.35 E276.62831
G0 F9000 X110.57 Y104.375
;TIME_ELAPSED:1045.206926
G1 F1500 E270.12831
M140 S0
G91 ;Relative positioning
G1 E-2 F2700 ;Retract a bit
G1 E-2 Z0.2 F2400 ;Retract and raise Z
G1 X5 Y5 F3000 ;Wipe out
G1 Z10 ;Raise Z more
G90 ;Absolute positioning

G1 X0 Y220 ;Present print
M106 S0 ;Turn-off fan
M104 S0 ;Turn-off hotend
M140 S0 ;Turn-off bed

M84 X Y E ;Disable all steppers but Z

M82 ;absolute extrusion mode
M104 S0
;End of Gcode
;SETTING_3 {"global_quality": "[general]\\nversion = 4\\nname = Super Quality #2
;SETTING_3 \\ndefinition = creality_ender3pro\\n\\n[metadata]\\ntype = quality_c
;SETTING_3 hanges\\nquality_type = super\\nsetting_version = 17\\n\\n[values]\\n
;SETTING_3 adhesion_type = brim\\nsupport_enable = True\\n\\n", "extruder_qualit
;SETTING_3 y": ["[general]\\nversion = 4\\nname = Super Quality #2\\ndefinition 
;SETTING_3 = creality_ender3pro\\n\\n[metadata]\\ntype = quality_changes\\nquali
;SETTING_3 ty_type = super\\nsetting_version = 17\\nposition = 0\\n\\n[values]\\
;SETTING_3 nbrim_width = 4\\ncool_fan_speed = 0\\ninfill_sparse_density = 100\\n
;SETTING_3 material_print_temperature = 245.0\\n\\n"]}
