;FLAVOR:Marlin
;TIME:218
;Filament used: 0.0392317m
;Layer height: 0.12
;MINX:103.702
;MINY:103.701
;MINZ:0.12
;MAXX:116.298
;MAXY:116.298
;MAXZ:8.04
;Generated with Cura_SteamEngine 4.11.0
M140 S60
M105
M190 S60
M104 S245
M105
M109 S245
M82 ;absolute extrusion mode
; Ender 3 Custom Start G-code
G92 E0 ; Reset Extruder
G28 ; Home all axes
G1 Z2.0 F3000 ; Move Z Axis up little to prevent scratching of Heat Bed
G1 X0.1 Y20 Z0.3 F5000.0 ; Move to start position
G1 X0.1 Y200.0 Z0.3 F1500.0 E15 ; Draw the first line
G1 X0.4 Y200.0 Z0.3 F5000.0 ; Move to side a little
G1 X0.4 Y20 Z0.3 F1500.0 E30 ; Draw the second line
G92 E0 ; Reset Extruder
G1 Z2.0 F3000 ; Move Z Axis up little to prevent scratching of Heat Bed
G1 X5 Y20 Z0.3 F5000.0 ; Move over to prevent blob squish
G92 E0
G92 E0
G1 F1500 E-6.5
;LAYER_COUNT:67
;LAYER:0
M107
G0 F6000 X105.533 Y105.559 Z0.12
;TYPE:SKIRT
G1 F1500 E0
G1 F1200 X105.557 Y105.535 E0.00068
G1 X106.134 Y105.061 E0.01558
G1 X106.919 Y104.537 E0.03441
G1 X107.618 Y104.17 E0.05017
G1 X107.653 Y104.156 E0.05092
G1 X108.323 Y103.957 E0.06487
G1 X109.243 Y103.774 E0.08359
G1 X109.984 Y103.701 E0.09845
G1 X110.02 Y103.701 E0.09917
G1 X110.766 Y103.775 E0.11413
G1 X111.685 Y103.959 E0.13283
G1 X112.35 Y104.157 E0.14668
G1 X112.385 Y104.171 E0.14743
G1 X113.087 Y104.54 E0.16326
G1 X113.869 Y105.063 E0.18203
G1 X114.443 Y105.535 E0.19686
G1 X114.467 Y105.559 E0.19754
G1 X114.94 Y106.135 E0.21241
G1 X115.461 Y106.915 E0.23113
G1 X115.837 Y107.633 E0.2473
G1 X115.85 Y107.666 E0.24801
G1 X116.042 Y108.322 E0.26165
G1 X116.226 Y109.253 E0.28059
G1 X116.298 Y109.99 E0.29537
G1 X116.298 Y110.025 E0.29607
G1 X116.225 Y110.766 E0.31093
G1 X116.044 Y111.676 E0.32944
G1 X115.859 Y112.312 E0.34266
G1 X115.845 Y112.348 E0.34343
G1 X115.608 Y112.846 E0.35444
G1 X115.462 Y113.083 E0.35999
G1 X114.938 Y113.867 E0.37881
G1 X114.466 Y114.442 E0.39366
G1 X114.441 Y114.467 E0.39436
G1 X113.865 Y114.94 E0.40923
G1 X113.085 Y115.461 E0.42795
G1 X112.421 Y115.815 E0.44297
G1 X112.387 Y115.829 E0.4437
G1 X111.676 Y116.043 E0.45852
G1 X110.749 Y116.226 E0.47738
G1 X110.013 Y116.298 E0.49214
G1 X109.978 Y116.298 E0.49283
G1 X109.24 Y116.226 E0.50763
G1 X108.336 Y116.047 E0.52602
G1 X107.584 Y115.815 E0.54173
G1 X107.523 Y115.789 E0.54305
G1 X106.902 Y115.453 E0.55714
G1 X106.137 Y114.942 E0.5755
G1 X105.561 Y114.469 E0.59037
G1 X105.537 Y114.445 E0.59105
G1 X105.062 Y113.866 E0.606
G1 X104.534 Y113.074 E0.62499
G1 X104.154 Y112.343 E0.64143
G1 X104.14 Y112.307 E0.6422
G1 X103.954 Y111.665 E0.65554
G1 X103.774 Y110.752 E0.67411
G1 X103.702 Y110.017 E0.68885
G1 X103.702 Y109.982 E0.68955
G1 X103.776 Y109.237 E0.70449
G1 X103.961 Y108.312 E0.72331
G1 X104.145 Y107.68 E0.73645
G1 X104.159 Y107.644 E0.73722
G1 X104.396 Y107.146 E0.74823
G1 X104.544 Y106.907 E0.75384
G1 X105.063 Y106.132 E0.77245
G1 X105.533 Y105.559 E0.78724
G0 F6000 X105.816 Y105.842
G1 F1200 X105.84 Y105.818 E0.78792
G1 X106.356 Y105.394 E0.80125
G1 X107.141 Y104.87 E0.82008
G1 X107.766 Y104.541 E0.83418
G1 X107.801 Y104.527 E0.83493
G1 X108.401 Y104.349 E0.84742
G1 X109.321 Y104.166 E0.86614
G1 X109.984 Y104.101 E0.87943
G1 X110.02 Y104.101 E0.88015
G1 X110.687 Y104.167 E0.89353
G1 X111.606 Y104.351 E0.91223
G1 X112.202 Y104.528 E0.92464
G1 X112.237 Y104.542 E0.92539
G1 X112.864 Y104.873 E0.93954
G1 X113.646 Y105.396 E0.95831
G1 X114.16 Y105.818 E0.97158
G1 X114.184 Y105.842 E0.97226
G1 X114.607 Y106.358 E0.98558
G1 X115.128 Y107.138 E1.00429
G1 X115.464 Y107.78 E1.01875
G1 X115.477 Y107.813 E1.01946
G1 X115.649 Y108.4 E1.03167
G1 X115.833 Y109.331 E1.05061
G1 X115.898 Y109.99 E1.06382
G1 X115.898 Y110.025 E1.06452
G1 X115.833 Y110.688 E1.07782
G1 X115.652 Y111.598 E1.09633
G1 X115.486 Y112.167 E1.10816
G1 X115.472 Y112.203 E1.10893
G1 X115.13 Y112.86 E1.12371
G1 X114.606 Y113.644 E1.14253
G1 X114.183 Y114.159 E1.15583
G1 X114.158 Y114.184 E1.15654
G1 X113.642 Y114.607 E1.16985
G1 X112.862 Y115.128 E1.18857
G1 X112.269 Y115.445 E1.20199
G1 X112.235 Y115.459 E1.20272
G1 X111.598 Y115.651 E1.216
G1 X110.671 Y115.834 E1.23485
G1 X110.013 Y115.898 E1.24805
G1 X109.978 Y115.898 E1.24875
G1 X109.318 Y115.833 E1.26198
G1 X108.414 Y115.654 E1.28037
G1 X107.741 Y115.447 E1.29442
G1 X107.68 Y115.421 E1.29575
G1 X107.124 Y115.12 E1.30836
G1 X106.359 Y114.609 E1.32672
G1 X105.844 Y114.186 E1.34002
G1 X105.82 Y114.162 E1.3407
G1 X105.395 Y113.644 E1.35407
G1 X104.867 Y112.852 E1.37307
G1 X104.527 Y112.198 E1.38778
G1 X104.513 Y112.162 E1.38855
G1 X104.346 Y111.588 E1.40048
G1 X104.166 Y110.675 E1.41905
G1 X104.102 Y110.017 E1.43224
G1 X104.102 Y109.982 E1.43294
G1 X104.168 Y109.315 E1.44631
G1 X104.353 Y108.39 E1.46514
G1 X104.518 Y107.825 E1.47689
G1 X104.532 Y107.789 E1.47766
G1 X104.876 Y107.129 E1.49251
G1 X105.395 Y106.354 E1.51112
G1 X105.816 Y105.842 E1.52435
G0 F6000 X106.099 Y106.125
G1 F1200 X106.123 Y106.101 E1.52503
G1 X106.578 Y105.727 E1.53678
G1 X107.363 Y105.203 E1.55562
G1 X107.915 Y104.913 E1.56806
G1 X107.95 Y104.899 E1.56881
G1 X108.479 Y104.742 E1.57982
G1 X109.399 Y104.559 E1.59854
G1 X109.984 Y104.501 E1.61028
G1 X110.02 Y104.501 E1.61099
G1 X110.609 Y104.559 E1.6228
G1 X111.528 Y104.743 E1.64151
G1 X112.053 Y104.9 E1.65244
G1 X112.088 Y104.914 E1.6532
G1 X112.642 Y105.205 E1.66568
G1 X113.424 Y105.728 E1.68446
G1 X113.877 Y106.101 E1.69617
G1 X113.901 Y106.125 E1.69685
G1 X114.275 Y106.58 E1.7086
G1 X114.796 Y107.36 E1.72732
G1 X115.092 Y107.926 E1.74006
G1 X115.105 Y107.959 E1.74077
G1 X115.257 Y108.477 E1.75155
G1 X115.441 Y109.408 E1.77048
G1 X115.498 Y109.99 E1.78215
G1 X115.498 Y110.025 E1.78285
G1 X115.44 Y110.61 E1.79458
G1 X115.259 Y111.52 E1.8131
G1 X115.113 Y112.022 E1.82353
G1 X115.099 Y112.058 E1.8243
G1 X114.797 Y112.638 E1.83735
G1 X114.273 Y113.422 E1.85617
G1 X113.9 Y113.876 E1.8679
G1 X113.875 Y113.901 E1.8686
G1 X113.42 Y114.275 E1.88036
G1 X112.64 Y114.796 E1.89908
G1 X112.116 Y115.075 E1.91092
G1 X112.082 Y115.089 E1.91166
G1 X111.521 Y115.258 E1.92335
G1 X110.594 Y115.441 E1.9422
G1 X110.013 Y115.498 E1.95385
G1 X109.978 Y115.498 E1.95455
G1 X109.395 Y115.441 E1.96624
G1 X108.491 Y115.262 E1.98463
G1 X107.898 Y115.079 E1.99702
G1 X107.837 Y115.053 E1.99834
G1 X107.347 Y114.788 E2.00946
G1 X106.582 Y114.277 E2.02782
G1 X106.127 Y113.903 E2.03957
G1 X106.103 Y113.879 E2.04025
G1 X105.728 Y113.422 E2.05205
G1 X105.2 Y112.63 E2.07104
G1 X104.9 Y112.053 E2.08402
G1 X104.886 Y112.017 E2.08479
G1 X104.739 Y111.51 E2.09532
G1 X104.559 Y110.597 E2.1139
G1 X104.502 Y110.017 E2.12553
G1 X104.502 Y109.982 E2.12622
G1 X104.56 Y109.394 E2.13802
G1 X104.745 Y108.469 E2.15684
G1 X104.891 Y107.97 E2.16722
G1 X104.905 Y107.934 E2.16799
G1 X105.208 Y107.352 E2.18108
G1 X105.727 Y106.577 E2.19969
G1 X106.099 Y106.125 E2.21138
G0 F6000 X106.382 Y106.408
G1 F1200 X106.406 Y106.384 E2.21205
G1 X106.801 Y106.06 E2.22225
G1 X107.586 Y105.536 E2.24108
G1 X108.063 Y105.284 E2.25185
G1 X108.098 Y105.27 E2.2526
G1 X108.557 Y105.134 E2.26216
G1 X109.477 Y104.951 E2.28088
G1 X109.984 Y104.901 E2.29104
G1 X110.02 Y104.901 E2.29176
G1 X110.53 Y104.952 E2.30199
G1 X111.449 Y105.136 E2.32069
G1 X111.905 Y105.271 E2.33018
G1 X111.94 Y105.285 E2.33094
G1 X112.419 Y105.538 E2.34175
G1 X113.201 Y106.061 E2.36052
G1 X113.594 Y106.384 E2.37067
G1 X113.618 Y106.408 E2.37135
G1 X113.942 Y106.802 E2.38153
G1 X114.463 Y107.582 E2.40025
G1 X114.72 Y108.073 E2.41131
G1 X114.733 Y108.106 E2.41201
G1 X114.865 Y108.555 E2.42135
G1 X115.049 Y109.486 E2.44029
G1 X115.098 Y109.99 E2.4504
G1 X115.098 Y110.025 E2.4511
G1 X115.048 Y110.532 E2.46126
G1 X114.867 Y111.442 E2.47978
G1 X114.74 Y111.877 E2.48882
G1 X114.726 Y111.913 E2.48959
G1 X114.465 Y112.416 E2.5009
G1 X113.941 Y113.2 E2.51972
G1 X113.617 Y113.593 E2.52988
G1 X113.592 Y113.618 E2.53059
G1 X113.198 Y113.942 E2.54077
G1 X112.418 Y114.463 E2.55949
G1 X111.964 Y114.705 E2.56976
G1 X111.93 Y114.719 E2.57049
G1 X111.444 Y114.866 E2.58062
G1 X110.517 Y115.049 E2.59948
G1 X110.013 Y115.098 E2.60958
G1 X109.978 Y115.098 E2.61028
G1 X109.473 Y115.048 E2.62041
G1 X108.569 Y114.869 E2.6388
G1 X108.055 Y114.711 E2.64953
G1 X107.994 Y114.685 E2.65085
G1 X107.569 Y114.455 E2.6605
G1 X106.804 Y113.944 E2.67886
G1 X106.41 Y113.62 E2.68904
G1 X106.386 Y113.596 E2.68971
G1 X106.061 Y113.2 E2.69994
G1 X105.533 Y112.408 E2.71893
G1 X105.273 Y111.908 E2.73018
G1 X105.259 Y111.872 E2.73095
G1 X105.131 Y111.433 E2.74008
G1 X104.951 Y110.52 E2.75865
G1 X104.902 Y110.017 E2.76873
G1 X104.902 Y109.982 E2.76943
G1 X104.952 Y109.472 E2.77966
G1 X105.137 Y108.547 E2.79848
G1 X105.264 Y108.115 E2.80747
G1 X105.278 Y108.079 E2.80824
G1 X105.541 Y107.574 E2.8196
G1 X106.06 Y106.799 E2.83821
G1 X106.382 Y106.408 E2.84832
G0 F6000 X106.664 Y106.69
G1 F1200 X106.688 Y106.666 E2.849
G1 X107.023 Y106.392 E2.85764
G1 X107.808 Y105.868 E2.87647
G1 X108.212 Y105.655 E2.88559
G1 X108.247 Y105.641 E2.88634
G1 X108.635 Y105.526 E2.89441
G1 X109.555 Y105.343 E2.91313
G1 X109.984 Y105.301 E2.92173
G1 X110.02 Y105.301 E2.92245
G1 X110.452 Y105.344 E2.93112
G1 X111.371 Y105.528 E2.94982
G1 X111.756 Y105.642 E2.95783
G1 X111.791 Y105.656 E2.95859
G1 X112.197 Y105.87 E2.96774
G1 X112.979 Y106.393 E2.98652
G1 X113.312 Y106.666 E2.99511
G1 X113.336 Y106.69 E2.99579
G1 X113.609 Y107.024 E3.0044
G1 X114.13 Y107.804 E3.02312
G1 X114.348 Y108.22 E3.03249
G1 X114.361 Y108.253 E3.0332
G1 X114.472 Y108.632 E3.04108
G1 X114.656 Y109.563 E3.06002
G1 X114.698 Y109.99 E3.06858
G1 X114.698 Y110.025 E3.06928
G1 X114.656 Y110.454 E3.07788
G1 X114.475 Y111.364 E3.0964
G1 X114.367 Y111.732 E3.10405
G1 X114.353 Y111.768 E3.10482
G1 X114.132 Y112.193 E3.11438
G1 X113.608 Y112.977 E3.1332
G1 X113.335 Y113.311 E3.14181
G1 X113.31 Y113.336 E3.14251
G1 X112.976 Y113.609 E3.15112
G1 X112.196 Y114.13 E3.16984
G1 X111.812 Y114.335 E3.17853
G1 X111.778 Y114.349 E3.17926
G1 X111.366 Y114.473 E3.18785
G1 X110.439 Y114.656 E3.2067
G1 X110.013 Y114.698 E3.21524
G1 X109.978 Y114.698 E3.21594
G1 X109.551 Y114.656 E3.22451
G1 X108.647 Y114.477 E3.2429
G1 X108.211 Y114.343 E3.252
G1 X108.15 Y114.317 E3.25332
G1 X107.791 Y114.122 E3.26147
G1 X107.026 Y113.611 E3.27983
G1 X106.692 Y113.338 E3.28844
G1 X106.668 Y113.314 E3.28912
G1 X106.393 Y112.978 E3.29778
G1 X105.865 Y112.186 E3.31678
G1 X105.646 Y111.763 E3.32629
G1 X105.632 Y111.727 E3.32706
G1 X105.524 Y111.356 E3.33477
G1 X105.344 Y110.443 E3.35334
G1 X105.302 Y110.017 E3.36188
G1 X105.302 Y109.982 E3.36258
G1 X105.345 Y109.551 E3.37122
G1 X105.53 Y108.626 E3.39005
G1 X105.637 Y108.26 E3.39766
G1 X105.651 Y108.224 E3.39843
G1 X105.873 Y107.797 E3.40803
G1 X106.392 Y107.022 E3.42665
G1 X106.664 Y106.69 E3.43521
G0 F6000 X106.947 Y106.973
G1 F1200 X106.971 Y106.949 E3.43589
G1 X107.245 Y106.725 E3.44295
G1 X108.03 Y106.201 E3.46179
G1 X108.36 Y106.027 E3.46923
G1 X108.395 Y106.013 E3.46998
G1 X108.713 Y105.919 E3.4766
G1 X109.633 Y105.736 E3.49532
G1 X109.984 Y105.701 E3.50236
G1 X110.02 Y105.701 E3.50308
G1 X110.373 Y105.736 E3.51016
G1 X111.292 Y105.92 E3.52886
G1 X111.608 Y106.014 E3.53544
G1 X111.643 Y106.028 E3.53619
G1 X111.975 Y106.203 E3.54368
G1 X112.757 Y106.726 E3.56246
G1 X113.029 Y106.949 E3.56947
G1 X113.053 Y106.973 E3.57015
G1 X113.277 Y107.246 E3.5772
G1 X113.798 Y108.026 E3.59592
G1 X113.976 Y108.366 E3.60358
G1 X113.989 Y108.399 E3.60428
G1 X114.08 Y108.71 E3.61075
G1 X114.264 Y109.641 E3.62969
G1 X114.298 Y109.99 E3.63669
G1 X114.298 Y110.025 E3.63739
G1 X114.263 Y110.376 E3.64442
G1 X114.082 Y111.286 E3.66294
G1 X113.995 Y111.587 E3.66919
G1 X113.981 Y111.623 E3.66996
G1 X113.8 Y111.971 E3.67779
G1 X113.276 Y112.755 E3.69661
G1 X113.052 Y113.028 E3.70366
G1 X113.027 Y113.053 E3.70436
G1 X112.754 Y113.277 E3.71141
G1 X111.974 Y113.798 E3.73013
G1 X111.659 Y113.965 E3.73724
G1 X111.625 Y113.979 E3.73798
G1 X111.289 Y114.081 E3.74498
G1 X110.362 Y114.264 E3.76384
G1 X110.013 Y114.298 E3.77084
G1 X109.978 Y114.298 E3.77154
G1 X109.628 Y114.264 E3.77855
G1 X108.724 Y114.085 E3.79695
G1 X108.368 Y113.975 E3.80438
G1 X108.307 Y113.949 E3.8057
G1 X108.013 Y113.79 E3.81237
G1 X107.248 Y113.279 E3.83073
G1 X106.975 Y113.055 E3.83778
G1 X106.951 Y113.031 E3.83846
G1 X106.726 Y112.756 E3.84555
G1 X106.198 Y111.964 E3.86454
G1 X106.018 Y111.618 E3.87233
G1 X106.004 Y111.582 E3.8731
G1 X105.916 Y111.278 E3.87941
G1 X105.736 Y110.365 E3.89798
G1 X105.702 Y110.017 E3.90496
G1 X105.702 Y109.982 E3.90566
G1 X105.737 Y109.629 E3.91274
G1 X105.922 Y108.704 E3.93157
G1 X106.009 Y108.405 E3.93778
G1 X106.023 Y108.369 E3.93855
G1 X106.205 Y108.019 E3.94642
G1 X106.724 Y107.244 E3.96504
G1 X106.947 Y106.973 E3.97204
G0 F6000 X107.23 Y107.256
G1 F1200 X107.254 Y107.232 E3.97272
G1 X107.467 Y107.058 E3.97821
G1 X108.252 Y106.534 E3.99704
G1 X108.509 Y106.398 E4.00284
G1 X108.544 Y106.384 E4.0036
G1 X108.791 Y106.311 E4.00874
G1 X109.711 Y106.128 E4.02746
G1 X109.984 Y106.101 E4.03293
G1 X110.02 Y106.101 E4.03365
G1 X110.295 Y106.128 E4.03916
G1 X111.214 Y106.312 E4.05787
G1 X111.459 Y106.385 E4.06297
G1 X111.494 Y106.399 E4.06372
G1 X111.752 Y106.535 E4.06954
G1 X112.534 Y107.058 E4.08831
G1 X112.746 Y107.232 E4.09379
G1 X112.77 Y107.256 E4.09446
G1 X112.944 Y107.468 E4.09994
G1 X113.465 Y108.248 E4.11866
G1 X113.604 Y108.513 E4.12463
G1 X113.617 Y108.546 E4.12534
G1 X113.687 Y108.788 E4.13036
G1 X113.871 Y109.719 E4.1493
G1 X113.898 Y109.99 E4.15474
G1 X113.898 Y110.025 E4.15544
G1 X113.871 Y110.298 E4.16091
G1 X113.69 Y111.208 E4.17943
G1 X113.608 Y111.478 E4.18506
G1 X113.467 Y111.749 E4.19115
G1 X112.943 Y112.533 E4.20997
G1 X112.769 Y112.745 E4.21544
G1 X112.744 Y112.77 E4.21615
G1 X112.532 Y112.944 E4.22162
G1 X111.752 Y113.465 E4.24034
G1 X111.507 Y113.596 E4.24589
G1 X111.473 Y113.61 E4.24662
G1 X111.211 Y113.688 E4.25208
G1 X110.284 Y113.871 E4.27093
G1 X110.013 Y113.898 E4.27637
G1 X109.978 Y113.898 E4.27707
G1 X109.706 Y113.871 E4.28252
G1 X108.802 Y113.692 E4.30091
G1 X108.525 Y113.607 E4.30669
G1 X108.464 Y113.581 E4.30802
G1 X108.235 Y113.457 E4.31321
G1 X107.47 Y112.946 E4.33157
G1 X107.258 Y112.772 E4.33705
G1 X107.234 Y112.748 E4.33772
G1 X107.059 Y112.535 E4.34322
G1 X106.531 Y111.743 E4.36222
G1 X106.391 Y111.473 E4.36829
G1 X106.308 Y111.201 E4.37396
G1 X106.128 Y110.288 E4.39253
G1 X106.102 Y110.017 E4.39797
G1 X106.102 Y109.982 E4.39867
G1 X106.129 Y109.707 E4.40418
G1 X106.314 Y108.782 E4.42301
G1 X106.396 Y108.514 E4.4286
G1 X106.538 Y108.242 E4.43472
G1 X107.057 Y107.467 E4.45334
G1 X107.23 Y107.256 E4.45878
G0 F6000 X107.389 Y107.69
G1 F1200 X107.689 Y107.39 E4.46725
G1 X108.474 Y106.866 E4.48608
G1 X108.869 Y106.703 E4.49461
G1 X109.789 Y106.52 E4.51333
G1 X110.216 Y106.52 E4.52185
G1 X111.135 Y106.704 E4.54055
G1 X111.53 Y106.868 E4.54909
G1 X112.312 Y107.391 E4.56786
G1 X112.612 Y107.691 E4.57633
G1 X113.133 Y108.471 E4.59505
G1 X113.295 Y108.865 E4.60355
G1 X113.479 Y109.796 E4.62249
G1 X113.479 Y110.22 E4.63095
G1 X113.298 Y111.13 E4.64947
G1 X113.134 Y111.527 E4.65804
G1 X112.61 Y112.311 E4.67686
G1 X112.309 Y112.612 E4.68535
G1 X111.529 Y113.133 E4.70407
G1 X111.134 Y113.296 E4.7126
G1 X110.207 Y113.479 E4.73145
G1 X109.784 Y113.479 E4.73989
G1 X108.88 Y113.3 E4.75828
G1 X108.621 Y113.213 E4.76374
G1 X108.458 Y113.125 E4.76743
G1 X107.693 Y112.614 E4.78579
G1 X107.392 Y112.313 E4.79429
G1 X106.864 Y111.521 E4.81328
G1 X106.75 Y111.292 E4.81839
G1 X106.701 Y111.123 E4.8219
G1 X106.521 Y110.21 E4.84047
G1 X106.521 Y109.786 E4.84893
G1 X106.706 Y108.861 E4.86776
G1 X106.87 Y108.465 E4.87631
G1 X107.389 Y107.69 E4.89492
G0 F6000 X107.721 Y107.912
G1 F1200 X107.911 Y107.723 E4.90027
G1 X108.696 Y107.199 E4.91911
G1 X108.947 Y107.096 E4.92452
G1 X109.867 Y106.913 E4.94324
G1 X110.138 Y106.913 E4.94865
G1 X111.057 Y107.097 E4.96735
G1 X111.308 Y107.2 E4.97277
G1 X112.09 Y107.723 E4.99154
G1 X112.279 Y107.913 E4.99689
G1 X112.8 Y108.693 E5.01561
G1 X112.903 Y108.943 E5.021
G1 X113.087 Y109.874 E5.03994
G1 X113.086 Y110.142 E5.04529
G1 X112.905 Y111.052 E5.06381
G1 X112.802 Y111.304 E5.06924
G1 X112.278 Y112.088 E5.08806
G1 X112.087 Y112.279 E5.09345
G1 X111.307 Y112.8 E5.11217
G1 X111.056 Y112.904 E5.11759
G1 X110.129 Y113.087 E5.13644
G1 X109.861 Y113.087 E5.14179
G1 X108.957 Y112.908 E5.16018
G1 X108.68 Y112.792 E5.16618
G1 X107.915 Y112.281 E5.18454
G1 X107.725 Y112.091 E5.1899
G1 X107.197 Y111.299 E5.20889
G1 X107.093 Y111.046 E5.21435
G1 X106.913 Y110.133 E5.23292
G1 X106.914 Y109.864 E5.23829
G1 X107.099 Y108.939 E5.25712
G1 X107.202 Y108.687 E5.26255
G1 X107.721 Y107.912 E5.28116
G0 F6000 X108.054 Y108.135
G1 F1200 X108.133 Y108.056 E5.28339
G1 X108.918 Y107.532 E5.30223
G1 X109.025 Y107.488 E5.30454
G1 X109.945 Y107.305 E5.32325
G1 X110.059 Y107.305 E5.32553
G1 X110.978 Y107.489 E5.34423
G1 X111.085 Y107.533 E5.34654
G1 X111.867 Y108.056 E5.36532
G1 X111.946 Y108.135 E5.36755
G1 X112.467 Y108.915 E5.38626
G1 X112.51 Y109.02 E5.38853
G1 X112.694 Y109.951 E5.40747
G1 X112.694 Y110.064 E5.40972
G1 X112.513 Y110.974 E5.42824
G1 X112.469 Y111.082 E5.43057
G1 X111.945 Y111.866 E5.44938
G1 X111.865 Y111.946 E5.45164
G1 X111.085 Y112.467 E5.47036
G1 X110.979 Y112.511 E5.47265
G1 X110.052 Y112.694 E5.49151
G1 X109.939 Y112.694 E5.49376
G1 X109.035 Y112.515 E5.51215
G1 X108.902 Y112.459 E5.51503
G1 X108.137 Y111.948 E5.53339
G1 X108.058 Y111.869 E5.53562
G1 X107.53 Y111.077 E5.55462
G1 X107.486 Y110.969 E5.55694
G1 X107.306 Y110.056 E5.57551
G1 X107.306 Y109.943 E5.57777
G1 X107.491 Y109.018 E5.59659
G1 X107.535 Y108.91 E5.59892
G1 X108.054 Y108.135 E5.61754
G1 F1500 E-0.88246
;MESH:puleggia carrucola.stl
G0 F6000 X108.531 Y108.534
G0 X108.558 Y109.828
G0 X108.642 Y110.515
G0 X108.963 Y110.979
G0 X109.996 Y111.992
G1 F1500 E5.61754
G0 F6000 X109.996 Y112.298
;TYPE:WALL-OUTER
G1 F1200 X109.125 Y112.126 E5.63525
G1 X109.116 Y112.122 E5.63545
G1 X108.378 Y111.629 E5.65316
G1 X107.874 Y110.873 E5.67129
G1 X107.702 Y110 E5.68905
G1 X107.879 Y109.114 E5.70708
G1 X108.373 Y108.376 E5.7248
G1 X109.123 Y107.875 E5.7428
G1 X110.002 Y107.701 E5.76068
G1 X110.88 Y107.876 E5.77855
G1 X111.626 Y108.375 E5.79646
G1 X112.123 Y109.119 E5.81432
G1 X112.298 Y110.007 E5.83238
G1 X112.125 Y110.878 E5.8501
G1 X111.624 Y111.626 E5.86806
G1 X110.88 Y112.124 E5.88593
G1 X109.996 Y112.298 E5.90391
G0 F6000 X109.996 Y111.858
G0 X110.292 Y111.17
G1 F1200 X110.8 Y110.903 E5.91536
G1 X111.124 Y110.431 E5.92679
G1 X111.201 Y110.011 E5.93531
G1 X111.19 Y109.833 E5.93887
G1 X110.99 Y109.312 E5.95001
G1 X110.557 Y108.932 E5.9615
G1 X110 Y108.794 E5.97295
G1 X109.437 Y108.935 E5.98454
G1 X109.007 Y109.315 E5.99599
G1 X108.802 Y109.857 E6.00755
G1 X108.872 Y110.428 E6.01903
G1 X109.201 Y110.904 E6.03058
G1 X109.715 Y111.171 E6.04214
G1 X110.292 Y111.17 E6.05365
G0 F6000 X110.391 Y111.57
;TYPE:WALL-INNER
G1 F1200 X110.579 Y111.471 E6.05789
G1 X111.074 Y111.211 E6.06905
G1 X111.097 Y111.177 E6.06987
G1 X111.502 Y110.587 E6.08415
G1 X111.603 Y110.035 E6.09535
G1 X111.585 Y109.747 E6.10111
G1 X111.449 Y109.391 E6.10871
G1 X111.328 Y109.076 E6.11545
G1 X111.128 Y108.9 E6.12076
G1 X110.748 Y108.567 E6.13085
G1 X110.654 Y108.544 E6.13278
G1 X109.999 Y108.382 E6.14624
G1 X109.354 Y108.543 E6.15951
G1 X109.245 Y108.571 E6.16176
G1 X108.871 Y108.902 E6.17172
G1 X108.668 Y109.081 E6.17712
G1 X108.554 Y109.383 E6.18357
G1 X108.393 Y109.808 E6.19263
G1 X108.412 Y109.963 E6.19575
G1 X108.487 Y110.574 E6.20804
G1 X108.903 Y111.177 E6.22266
G1 X108.928 Y111.213 E6.22353
G1 X109.422 Y111.469 E6.23463
G1 X109.618 Y111.571 E6.23904
G1 X109.995 Y111.571 E6.24657
G1 X110.391 Y111.57 E6.25447
G0 F6000 X109.996 Y111.891
G1 F1200 X109.572 Y111.808 E6.2607
G1 X109.278 Y111.749 E6.26512
G1 X108.789 Y111.423 E6.27352
G1 X108.667 Y111.341 E6.27584
G1 X108.258 Y110.728 E6.2862
G1 X108.25 Y110.716 E6.28644
G1 X108.232 Y110.625 E6.2883
G1 X108.109 Y110.001 E6.29735
G1 X108.157 Y109.761 E6.30097
G1 X108.255 Y109.271 E6.3081
G1 X108.47 Y108.949 E6.31369
G1 X108.661 Y108.665 E6.31866
G1 X109.107 Y108.367 E6.32632
G1 X109.28 Y108.251 E6.32948
G1 X109.946 Y108.119 E6.33918
G1 X110.002 Y108.108 E6.34014
G1 X110.051 Y108.118 E6.34113
G1 X110.725 Y108.253 E6.35094
G1 X110.886 Y108.36 E6.35389
G1 X111.336 Y108.662 E6.36165
G1 X111.524 Y108.944 E6.36656
G1 X111.747 Y109.276 E6.37231
G1 X111.83 Y109.698 E6.37857
G1 X111.885 Y109.979 E6.38253
G1 X111.891 Y110.006 E6.38256
G1 X111.875 Y110.088 E6.38422
G1 X111.766 Y110.639 E6.39189
G1 X111.749 Y110.721 E6.3933
G1 X111.735 Y110.742 E6.39381
G1 X111.335 Y111.339 E6.40399
G1 X111.214 Y111.42 E6.40629
G1 X110.725 Y111.747 E6.41466
G1 X110.438 Y111.803 E6.41894
G1 X109.996 Y111.891 E6.4254
G0 F6000 X109.958 Y111.771
;MESH:NONMESH
G0 F300 X109.958 Y111.771 Z0.24
G0 F6000 X109.614 Y111.571
;TIME_ELAPSED:22.545734
;LAYER:1
;TYPE:WALL-INNER
;MESH:puleggia carrucola.stl
G1 F600 X109.949 Y111.571 E6.43208
G1 X110.051 Y111.571 E6.43412
G1 X110.386 Y111.571 E6.4408
G1 X110.578 Y111.47 E6.44513
G1 X111.073 Y111.211 E6.45628
G1 X111.132 Y111.125 E6.45836
G1 X111.502 Y110.589 E6.47136
G1 X111.603 Y110.035 E6.4826
G1 X111.587 Y109.752 E6.48825
G1 X111.445 Y109.379 E6.49622
G1 X111.331 Y109.081 E6.50259
G1 X111.13 Y108.902 E6.50796
G1 X110.753 Y108.568 E6.51801
G1 X110.705 Y108.557 E6.51899
G1 X110.604 Y108.532 E6.52107
G1 X110 Y108.382 E6.53349
G1 X109.394 Y108.531 E6.54594
G1 X109.303 Y108.554 E6.54781
G1 X109.247 Y108.568 E6.54897
G1 X108.871 Y108.901 E6.55899
G1 X108.669 Y109.081 E6.56439
G1 X108.569 Y109.345 E6.57002
G1 X108.532 Y109.442 E6.57209
G1 X108.393 Y109.804 E6.57983
G1 X108.413 Y109.969 E6.58315
G1 X108.487 Y110.574 E6.59531
G1 X108.867 Y111.126 E6.60869
G1 X108.927 Y111.212 E6.61078
G1 X109.421 Y111.47 E6.6219
G1 X109.614 Y111.571 E6.62625
G0 F7500 X109.712 Y111.171
;TYPE:WALL-OUTER
G1 F600 X110.288 Y111.171 E6.63774
G1 X110.8 Y110.903 E6.64927
G1 X111.124 Y110.433 E6.66067
G1 X111.201 Y110.01 E6.66925
G1 X111.191 Y109.837 E6.67271
G1 X110.992 Y109.315 E6.68385
G1 X110.561 Y108.933 E6.69535
G1 X110 Y108.794 E6.70688
G1 X109.439 Y108.933 E6.71841
G1 X109.008 Y109.315 E6.72991
G1 X108.802 Y109.854 E6.74142
G1 X108.872 Y110.428 E6.75296
G1 X109.2 Y110.903 E6.76448
G1 X109.712 Y111.171 E6.77601
G0 F7500 X109.607 Y111.598
G0 X109.949 Y111.887
;TYPE:WALL-INNER
G1 F600 X109.567 Y111.811 E6.78164
G1 X109.274 Y111.752 E6.78609
G1 X108.785 Y111.427 E6.79462
G1 X108.701 Y111.371 E6.79601
G1 X108.629 Y111.291 E6.79754
G1 X108.255 Y110.73 E6.80713
G1 X108.243 Y110.713 E6.80754
G1 X108.226 Y110.626 E6.80931
G1 X108.105 Y110.007 E6.81845
G1 X108.154 Y109.757 E6.82226
G1 X108.239 Y109.331 E6.82845
G1 X108.273 Y109.233 E6.83008
G1 X108.466 Y108.945 E6.83514
G1 X108.657 Y108.661 E6.84019
G1 X109.108 Y108.36 E6.84805
G1 X109.234 Y108.276 E6.8504
G1 X109.321 Y108.238 E6.85193
G1 X109.946 Y108.115 E6.86109
G1 X110.003 Y108.103 E6.86225
G1 X110.053 Y108.113 E6.86327
G1 X110.676 Y108.237 E6.87247
G1 X110.771 Y108.279 E6.87414
G1 X110.892 Y108.359 E6.87635
G1 X111.343 Y108.661 E6.88423
G1 X111.533 Y108.945 E6.88927
G1 X111.746 Y109.264 E6.89489
G1 X111.833 Y109.702 E6.90143
G1 X111.889 Y109.977 E6.90523
G1 X111.896 Y110.011 E6.9054
G1 X111.881 Y110.089 E6.90676
G1 X111.772 Y110.642 E6.91463
G1 X111.757 Y110.715 E6.91589
G1 X111.737 Y110.745 E6.91661
G1 X111.373 Y111.29 E6.92603
G1 X111.3 Y111.37 E6.92758
G1 X111.216 Y111.425 E6.92898
G1 X110.726 Y111.751 E6.93751
G1 X110.434 Y111.809 E6.94193
G1 X110.051 Y111.885 E6.94753
G1 X109.949 Y111.887 E6.94914
G0 F7500 X109.914 Y112.287
;TYPE:WALL-OUTER
G1 F600 X109.148 Y112.135 E6.96472
G1 X109.081 Y112.105 E6.96619
G1 X108.438 Y111.676 E6.98161
G1 X108.314 Y111.541 E6.98527
G1 X107.877 Y110.885 E7.001
G1 X107.858 Y110.824 E7.00228
G1 X107.709 Y110.066 E7.01769
G1 X107.701 Y109.99 E7.01922
G1 X107.852 Y109.227 E7.03474
G1 X107.913 Y109.053 E7.03842
G1 X108.34 Y108.415 E7.05374
G1 X108.393 Y108.356 E7.05532
G1 X109.041 Y107.924 E7.07086
G1 X109.2 Y107.855 E7.07432
G1 X109.967 Y107.703 E7.08993
G1 X110.039 Y107.703 E7.09136
G1 X110.8 Y107.854 E7.10685
G1 X110.965 Y107.928 E7.11046
G1 X111.606 Y108.355 E7.12583
G1 X111.659 Y108.413 E7.12739
G1 X112.088 Y109.055 E7.1428
G1 X112.126 Y109.124 E7.14437
G1 X112.299 Y109.99 E7.162
G1 X112.293 Y110.063 E7.16346
G1 X112.142 Y110.828 E7.17902
G1 X112.119 Y110.894 E7.18042
G1 X111.687 Y111.54 E7.19592
G1 X111.563 Y111.675 E7.19958
G1 X110.922 Y112.102 E7.21495
G1 X110.852 Y112.134 E7.21649
G1 X110.091 Y112.285 E7.23197
G1 X109.914 Y112.287 E7.2355
G0 F7500 X109.954 Y111.849
G0 X109.953 Y111.771
;MESH:NONMESH
G0 F300 X109.953 Y111.771 Z0.36
G0 F7500 X109.451 Y111.485
;TIME_ELAPSED:27.263971
;LAYER:2
;TYPE:WALL-INNER
;MESH:puleggia carrucola.stl
G1 F600 X109.614 Y111.571 E7.23918
G1 X109.867 Y111.571 E7.24423
G1 X110.13 Y111.571 E7.24948
G1 X110.386 Y111.571 E7.25459
G1 X110.551 Y111.485 E7.2583
G1 X110.623 Y111.447 E7.25993
G1 X111.073 Y111.211 E7.27007
G1 X111.188 Y111.044 E7.27411
G1 X111.502 Y110.589 E7.28514
G1 X111.603 Y110.032 E7.29644
G1 X111.602 Y110.011 E7.29686
G1 X111.587 Y109.752 E7.30204
G1 X111.449 Y109.388 E7.30981
G1 X111.424 Y109.323 E7.3112
G1 X111.331 Y109.081 E7.31637
G1 X111.166 Y108.935 E7.32077
G1 X111.109 Y108.884 E7.32229
G1 X110.753 Y108.568 E7.33179
G1 X110.529 Y108.513 E7.3364
G1 X110 Y108.382 E7.34727
G1 X109.469 Y108.513 E7.35819
G1 X109.247 Y108.568 E7.36275
G1 X108.887 Y108.888 E7.37236
G1 X108.837 Y108.932 E7.37369
G1 X108.669 Y109.081 E7.37817
G1 X108.58 Y109.315 E7.38317
G1 X108.505 Y109.512 E7.38737
G1 X108.393 Y109.804 E7.39362
G1 X108.41 Y109.953 E7.39661
G1 X108.421 Y110.038 E7.39832
G1 X108.487 Y110.574 E7.4091
G1 X108.818 Y111.054 E7.42073
G1 X108.927 Y111.212 E7.42456
G1 X109.383 Y111.449 E7.43482
G1 X109.451 Y111.485 E7.43635
G0 F9000 X109.712 Y111.171
;TYPE:WALL-OUTER
G1 F600 X110.288 Y111.171 E7.44785
G1 X110.8 Y110.903 E7.45938
G1 X111.124 Y110.433 E7.47077
G1 X111.201 Y110.008 E7.47939
G1 X111.191 Y109.837 E7.48281
G1 X110.992 Y109.315 E7.49396
G1 X110.561 Y108.933 E7.50545
G1 X110 Y108.794 E7.51699
G1 X109.439 Y108.933 E7.52852
G1 X109.008 Y109.315 E7.54001
G1 X108.802 Y109.854 E7.55153
G1 X108.872 Y110.428 E7.56307
G1 X109.2 Y110.903 E7.57459
G1 X109.712 Y111.171 E7.58612
G0 F9000 X109.607 Y111.598
G0 X109.867 Y111.875
;TYPE:WALL-INNER
G1 F600 X109.566 Y111.816 E7.59053
G1 X109.306 Y111.764 E7.59452
G1 X109.236 Y111.733 E7.59569
G1 X108.782 Y111.431 E7.60371
G1 X108.754 Y111.412 E7.60389
G1 X108.735 Y111.391 E7.60445
G1 X108.577 Y111.221 E7.6078
G1 X108.255 Y110.739 E7.61618
G1 X108.229 Y110.667 E7.61748
G1 X108.222 Y110.627 E7.61829
G1 X108.112 Y110.076 E7.62651
G1 X108.104 Y109.99 E7.62784
G1 X108.15 Y109.756 E7.63143
G1 X108.221 Y109.404 E7.63653
G1 X108.287 Y109.204 E7.63977
G1 X108.462 Y108.943 E7.64438
G1 X108.627 Y108.696 E7.64878
G1 X108.672 Y108.647 E7.64981
G1 X109.106 Y108.358 E7.65741
G1 X109.154 Y108.325 E7.65794
G1 X109.396 Y108.218 E7.66177
G1 X109.946 Y108.11 E7.66994
G1 X109.963 Y108.106 E7.67028
G1 X110.003 Y108.106 E7.67096
G1 X110.043 Y108.107 E7.67164
G1 X110.053 Y108.109 E7.67184
G1 X110.601 Y108.217 E7.68001
G1 X110.844 Y108.323 E7.68386
G1 X110.894 Y108.356 E7.68441
G1 X111.322 Y108.642 E7.69194
G1 X111.375 Y108.699 E7.69318
G1 X111.537 Y108.942 E7.69751
G1 X111.717 Y109.21 E7.70225
G1 X111.751 Y109.272 E7.70337
G1 X111.836 Y109.702 E7.70983
G1 X111.891 Y109.974 E7.71367
G1 X111.895 Y109.994
G1 X111.892 Y110.05 E7.71458
G1 X111.89 Y110.073 E7.71492
G1 X111.887 Y110.088 E7.71512
G1 X111.776 Y110.643 E7.72316
G1 X111.772 Y110.663 E7.7235
G1 X111.768 Y110.677 E7.72375
G1 X111.746 Y110.741 E7.72491
G1 X111.431 Y111.211 E7.73316
G1 X111.266 Y111.389 E7.73666
G1 X111.244 Y111.413 E7.7373
G1 X111.22 Y111.429 E7.7374
G1 X110.771 Y111.729 E7.74532
G1 X110.697 Y111.762 E7.7466
G1 X110.434 Y111.813 E7.7506
G1 X110.13 Y111.873 E7.75502
G1 X109.867 Y111.875 E7.75901
G0 F9000 X109.831 Y112.275
;TYPE:WALL-OUTER
G1 F600 X109.184 Y112.147 E7.77217
G1 X109.041 Y112.084 E7.77529
G1 X108.494 Y111.72 E7.7884
G1 X108.26 Y111.468 E7.79526
G1 X107.895 Y110.921 E7.80839
G1 X107.843 Y110.774 E7.8115
G1 X107.714 Y110.126 E7.82468
G1 X107.701 Y109.97 E7.82781
G1 X107.83 Y109.321 E7.84101
G1 X107.87 Y109.132 E7.84487
G1 X107.945 Y108.995 E7.84798
G1 X108.31 Y108.449 E7.86109
G1 X108.412 Y108.339 E7.86408
G1 X108.959 Y107.974 E7.87721
G1 X109.274 Y107.835 E7.88408
G1 X109.927 Y107.706 E7.89736
G1 X110.081 Y107.707 E7.90043
G1 X110.721 Y107.833 E7.91345
G1 X111.041 Y107.973 E7.92042
G1 X111.583 Y108.335 E7.93343
G1 X111.689 Y108.448 E7.93652
G1 X112.056 Y108.997 E7.9497
G1 X112.131 Y109.133 E7.9528
G1 X112.298 Y109.97 E7.96983
G1 X112.287 Y110.124 E7.97291
G1 X112.158 Y110.772 E7.9861
G1 X112.109 Y110.916 E7.98913
G1 X111.741 Y111.466 E8.00234
G1 X111.507 Y111.719 E8.00922
G1 X110.964 Y112.081 E8.02224
G1 X110.82 Y112.146 E8.02539
G1 X110.172 Y112.273 E8.03857
G1 X109.831 Y112.275 E8.04538
G0 F9000 X109.872 Y111.837
G0 X109.037 Y111.086
G0 X108.718 Y110.625
G0 X108.152 Y109.247
G0 X108.107 Y109.238
;TYPE:SKIN
G1 F600 X108.045 Y109.176 E8.04625
G0 F9000 X108.352 Y109.354
;MESH:NONMESH
G0 F300 X108.352 Y109.354 Z0.48
G0 F9000 X108.642 Y110.515
G0 X108.961 Y110.976
G0 X109.481 Y111.501
;TIME_ELAPSED:32.230649
;LAYER:3
;TYPE:WALL-INNER
;MESH:puleggia carrucola.stl
G1 F600 X109.614 Y111.571 E8.04925
G1 X109.816 Y111.571 E8.05328
G1 X109.997 Y111.571 E8.05689
G1 X110.191 Y111.571 E8.06076
G1 X110.386 Y111.571 E8.06466
G1 X110.516 Y111.503 E8.06758
G1 X110.666 Y111.424 E8.07097
G1 X111.073 Y111.211 E8.08013
G1 X111.098 Y111.174 E8.08102
G1 X111.219 Y110.998 E8.08529
G1 X111.502 Y110.589 E8.09521
G1 X111.508 Y110.552 E8.09596
G1 X111.593 Y110.085 E8.10543
G1 X111.603 Y110.03 E8.10655
G1 X111.601 Y109.989 E8.10737
G1 X111.587 Y109.751 E8.11213
G1 X111.529 Y109.598 E8.11539
G1 X111.454 Y109.402 E8.11958
G1 X111.394 Y109.244 E8.12295
G1 X111.331 Y109.081 E8.12644
G1 X111.209 Y108.973 E8.12969
G1 X111.086 Y108.864 E8.13297
G1 X110.753 Y108.568 E8.14186
G1 X110.653 Y108.544 E8.14391
G1 X110.477 Y108.5 E8.14753
G1 X110.016 Y108.386 E8.15701
G1 X110 Y108.382 E8.15734
G1 X109.985 Y108.385 E8.15765
G1 X109.522 Y108.499 E8.16716
G1 X109.346 Y108.543 E8.17078
G1 X109.247 Y108.568 E8.17282
G1 X108.913 Y108.864 E8.18173
G1 X108.791 Y108.972 E8.18498
G1 X108.669 Y109.081 E8.18824
G1 X108.608 Y109.241 E8.19166
G1 X108.546 Y109.404 E8.19514
G1 X108.471 Y109.6 E8.19933
G1 X108.393 Y109.804 E8.20369
G1 X108.408 Y109.933 E8.20628
G1 X108.429 Y110.102 E8.20968
G1 X108.487 Y110.574 E8.21917
G1 X108.504 Y110.599 E8.21977
G1 X108.776 Y110.993 E8.22932
G1 X108.896 Y111.167 E8.23354
G1 X108.927 Y111.212 E8.23463
G1 X109.34 Y111.427 E8.24392
G1 X109.481 Y111.501 E8.2471
G0 F9000 X109.712 Y111.171
;TYPE:WALL-OUTER
G1 F600 X110.288 Y111.171 E8.2586
G1 X110.8 Y110.903 E8.27013
G1 X111.124 Y110.433 E8.28152
G1 X111.201 Y110.006 E8.29018
G1 X111.191 Y109.836 E8.29358
G1 X110.992 Y109.315 E8.30471
G1 X110.561 Y108.933 E8.3162
G1 X110 Y108.794 E8.32773
G1 X109.439 Y108.933 E8.33927
G1 X109.008 Y109.315 E8.35076
G1 X108.802 Y109.854 E8.36228
G1 X108.872 Y110.428 E8.37382
G1 X109.2 Y110.903 E8.38534
G1 X109.712 Y111.171 E8.39687
G0 F9000 X109.607 Y111.598
G0 X109.997 Y111.894
;TYPE:WALL-INNER
G1 F600 X109.816 Y111.87 E8.39971
G1 X109.565 Y111.82 E8.40342
G1 X109.339 Y111.775 E8.4069
G1 X109.193 Y111.711 E8.4094
G1 X108.775 Y111.432 E8.41686
G1 X108.761 Y111.421 E8.41699
G1 X108.654 Y111.335 E8.41909
G1 X108.532 Y111.162 E8.42221
G1 X108.267 Y110.764 E8.42921
G1 X108.232 Y110.666 E8.43089
G1 X108.211 Y110.607 E8.43186
G1 X108.119 Y110.14 E8.43893
G1 X108.105 Y109.97 E8.44156
G1 X108.147 Y109.756 E8.44486
G1 X108.199 Y109.497 E8.44859
G1 X108.243 Y109.289 E8.45186
G1 X108.326 Y109.134 E8.4547
G1 X108.456 Y108.939 E8.45815
G1 X108.587 Y108.743 E8.46168
G1 X108.699 Y108.623 E8.46426
G1 X109.107 Y108.351 E8.4715
G1 X109.273 Y108.249 E8.47451
G1 X109.448 Y108.203 E8.47725
G1 X109.917 Y108.109 E8.48434
G1 X109.998 Y108.109 E8.48567
G1 X110.084 Y108.108 E8.48708
G1 X110.55 Y108.201 E8.49413
G1 X110.725 Y108.249 E8.49692
G1 X110.887 Y108.347 E8.49984
G1 X110.906 Y108.359 E8.49992
G1 X111.3 Y108.622 E8.50689
G1 X111.412 Y108.742 E8.50954
G1 X111.543 Y108.939 E8.51309
G1 X111.675 Y109.136 E8.51659
G1 X111.756 Y109.286 E8.51925
G1 X111.8 Y109.494 E8.52263
G1 X111.841 Y109.7 E8.52566
G1 X111.895 Y109.972 E8.52962
G1 X111.889 Y110.052 E8.53072
G1 X111.882 Y110.137 E8.53204
G1 X111.791 Y110.602 E8.53892
G1 X111.765 Y110.679 E8.54019
G1 X111.736 Y110.761 E8.54158
G1 X111.465 Y111.167 E8.54874
G1 X111.341 Y111.34 E8.5519
G1 X111.238 Y111.42 E8.55398
G1 X111.211 Y111.442 E8.55468
G1 X110.815 Y111.707 E8.56173
G1 X110.659 Y111.774 E8.56438
G1 X110.436 Y111.818 E8.56781
G1 X110.191 Y111.867 E8.57141
G1 X109.997 Y111.894 E8.57444
G0 F9000 X109.999 Y112.298
;TYPE:WALL-OUTER
G1 F600 X109.75 Y112.264 E8.57946
G1 X109.215 Y112.158 E8.59034
G1 X109 Y112.063 E8.59503
G1 X108.544 Y111.759 E8.60597
G1 X108.359 Y111.611 E8.6107
G1 X108.205 Y111.393 E8.61603
G1 X107.906 Y110.944 E8.62679
G1 X107.826 Y110.72 E8.63154
G1 X107.721 Y110.188 E8.64236
G1 X107.702 Y109.949 E8.64714
G1 X107.808 Y109.415 E8.65801
G1 X107.864 Y109.148 E8.66345
G1 X107.977 Y108.937 E8.66823
G1 X108.274 Y108.493 E8.67889
G1 X108.439 Y108.315 E8.68373
G1 X108.885 Y108.018 E8.69443
G1 X109.115 Y107.877 E8.69981
G1 X109.348 Y107.815 E8.70462
G1 X109.877 Y107.709 E8.71539
G1 X110.121 Y107.708 E8.72026
G1 X110.647 Y107.813 E8.73096
G1 X110.885 Y107.878 E8.73588
G1 X111.114 Y108.017 E8.74123
G1 X111.56 Y108.314 E8.75192
G1 X111.725 Y108.492 E8.75677
G1 X112.024 Y108.939 E8.7675
G1 X112.136 Y109.148 E8.77223
G1 X112.191 Y109.412 E8.77761
G1 X112.298 Y109.949 E8.78854
G1 X112.28 Y110.186 E8.79328
G1 X112.177 Y110.71 E8.80394
G1 X112.097 Y110.941 E8.80882
G1 X111.796 Y111.392 E8.81964
G1 X111.634 Y111.619 E8.8252
G1 X111.448 Y111.764 E8.82991
G1 X111.001 Y112.063 E8.84064
G1 X110.782 Y112.157 E8.8454
G1 X110.253 Y112.262 E8.85616
G1 X109.999 Y112.298 E8.86128
G0 F9000 X109.998 Y111.858
G0 X109.976 Y111.771
;MESH:NONMESH
G0 F300 X109.976 Y111.771 Z0.6
G0 F9000 X109.512 Y111.517
;TIME_ELAPSED:36.956171
;LAYER:4
;TYPE:WALL-INNER
;MESH:puleggia carrucola.stl
G1 F600 X109.614 Y111.571 E8.86358
G1 X109.735 Y111.571 E8.866
G1 X109.997 Y111.571 E8.87123
G1 X110.272 Y111.571 E8.87671
G1 X110.386 Y111.571 E8.87899
G1 X110.494 Y111.515 E8.88142
G1 X110.696 Y111.409 E8.88597
G1 X111.025 Y111.236 E8.89339
G1 X111.073 Y111.211 E8.89447
G1 X111.106 Y111.163 E8.89563
G1 X111.27 Y110.925 E8.9014
G1 X111.479 Y110.622 E8.90874
G1 X111.502 Y110.589 E8.90955
G1 X111.518 Y110.496 E8.91143
G1 X111.583 Y110.139 E8.91867
G1 X111.603 Y110.028 E8.92092
G1 X111.601 Y109.99 E8.92168
G1 X111.587 Y109.751 E8.92646
G1 X111.455 Y109.404 E8.93387
G1 X111.374 Y109.194 E8.93836
G1 X111.331 Y109.081 E8.94077
G1 X111.244 Y109.004 E8.94309
G1 X111.067 Y108.847 E8.94781
G1 X110.786 Y108.598 E8.95531
G1 X110.753 Y108.568 E8.9562
G1 X110.657 Y108.545 E8.95817
G1 X110.402 Y108.482 E8.96341
G1 X110.054 Y108.396 E8.97056
G1 X110 Y108.382 E8.97167
G1 X109.946 Y108.395 E8.97278
G1 X109.584 Y108.484 E8.98022
G1 X109.346 Y108.543 E8.98511
G1 X109.247 Y108.568 E8.98715
G1 X109.214 Y108.598 E8.98804
G1 X108.936 Y108.844 E8.99545
G1 X108.756 Y109.004 E9.00026
G1 X108.669 Y109.081 E9.00258
G1 X108.623 Y109.203 E9.00518
G1 X108.548 Y109.399 E9.00936
G1 X108.437 Y109.69 E9.01558
G1 X108.393 Y109.804 E9.01802
G1 X108.408 Y109.935 E9.02065
G1 X108.435 Y110.154 E9.02505
G1 X108.48 Y110.524 E9.03249
G1 X108.487 Y110.574 E9.0335
G1 X108.519 Y110.621 E9.03463
G1 X108.724 Y110.918 E9.04184
G1 X108.895 Y111.166 E9.04785
G1 X108.927 Y111.212 E9.04897
G1 X108.958 Y111.228 E9.04966
G1 X109.299 Y111.406 E9.05734
G1 X109.512 Y111.517 E9.06213
G0 F9000 X109.712 Y111.171
;TYPE:WALL-OUTER
G1 F600 X110.288 Y111.171 E9.07363
G1 X110.8 Y110.903 E9.08516
G1 X111.124 Y110.433 E9.09655
G1 X111.201 Y110.004 E9.10525
G1 X111.191 Y109.836 E9.10861
G1 X110.992 Y109.315 E9.11974
G1 X110.561 Y108.933 E9.13123
G1 X110 Y108.794 E9.14276
G1 X109.439 Y108.933 E9.1543
G1 X109.008 Y109.315 E9.16579
G1 X108.802 Y109.854 E9.17731
G1 X108.872 Y110.428 E9.18885
G1 X109.2 Y110.903 E9.20037
G1 X109.712 Y111.171 E9.2119
G0 F9000 X109.607 Y111.598
G0 X109.997 Y111.894
;TYPE:WALL-INNER
G1 F600 X109.735 Y111.859 E9.21594
G1 X109.564 Y111.826 E9.2185
G1 X109.372 Y111.787 E9.2215
G1 X109.152 Y111.69 E9.22525
G1 X108.83 Y111.475 E9.23112
G1 X108.763 Y111.422 E9.23245
G1 X108.652 Y111.335 E9.23469
G1 X108.478 Y111.089 E9.23916
G1 X108.277 Y110.788 E9.24453
G1 X108.234 Y110.663 E9.24661
G1 X108.197 Y110.559 E9.24833
G1 X108.123 Y110.192 E9.25394
G1 X108.102 Y109.972 E9.25738
G1 X108.144 Y109.756 E9.26074
G1 X108.177 Y109.591 E9.26313
G1 X108.242 Y109.283 E9.2679
G1 X108.344 Y109.097 E9.27132
G1 X108.451 Y108.936 E9.27422
G1 X108.556 Y108.78 E9.27708
G1 X108.721 Y108.603 E9.28084
G1 X109.033 Y108.395 E9.28653
G1 X109.112 Y108.347 E9.28791
G1 X109.273 Y108.249 E9.29082
G1 X109.51 Y108.185 E9.29456
G1 X109.876 Y108.112 E9.30019
G1 X109.998 Y108.112 E9.3021
G1 X110.124 Y108.111 E9.30409
G1 X110.476 Y108.181 E9.30949
G1 X110.729 Y108.25 E9.31352
G1 X110.887 Y108.346 E9.31638
G1 X110.966 Y108.394 E9.31771
G1 X111.282 Y108.604 E9.32337
G1 X111.443 Y108.779 E9.32716
G1 X111.547 Y108.935 E9.33
G1 X111.65 Y109.088 E9.33276
G1 X111.759 Y109.287 E9.33637
G1 X111.842 Y109.699 E9.34266
G1 X111.898 Y109.972 E9.34666
G1 X111.891 Y110.054 E9.34787
G1 X111.878 Y110.192 E9.34997
G1 X111.807 Y110.547 E9.35535
G1 X111.762 Y110.678 E9.35744
G1 X111.723 Y110.789 E9.35927
G1 X111.518 Y111.095 E9.36475
G1 X111.351 Y111.331 E9.36908
G1 X111.238 Y111.42 E9.37136
G1 X111.156 Y111.484 E9.37294
G1 X110.845 Y111.692 E9.37855
G1 X110.635 Y111.784 E9.38212
G1 X110.437 Y111.823 E9.38519
G1 X110.272 Y111.856 E9.38765
G1 X109.997 Y111.894 E9.39188
G0 F9000 X109.999 Y112.298
;TYPE:WALL-OUTER
G1 F600 X109.669 Y112.253 E9.39853
G1 X109.249 Y112.17 E9.40707
G1 X108.959 Y112.042 E9.4134
G1 X108.6 Y111.803 E9.42201
G1 X108.37 Y111.623 E9.42783
G1 X108.352 Y111.604 E9.42836
G1 X108.151 Y111.32 E9.4353
G1 X107.915 Y110.965 E9.44381
G1 X107.811 Y110.668 E9.45009
G1 X107.727 Y110.249 E9.45861
G1 X107.7 Y109.993 E9.46375
G1 X107.703 Y109.929 E9.46503
G1 X107.786 Y109.509 E9.47357
G1 X107.858 Y109.166 E9.48057
G1 X107.874 Y109.122 E9.4815
G1 X108.004 Y108.886 E9.48688
G1 X108.241 Y108.532 E9.49538
G1 X108.461 Y108.295 E9.50183
G1 X108.811 Y108.062 E9.51022
G1 X109.112 Y107.878 E9.51726
G1 X109.422 Y107.795 E9.52367
G1 X109.837 Y107.712 E9.53211
G1 X110.161 Y107.711 E9.53858
G1 X110.573 Y107.793 E9.54696
G1 X110.888 Y107.879 E9.55348
G1 X111.188 Y108.061 E9.56048
G1 X111.542 Y108.297 E9.56897
G1 X111.758 Y108.531 E9.57533
G1 X111.99 Y108.877 E9.58364
G1 X112.127 Y109.126 E9.58931
G1 X112.143 Y109.167 E9.59019
G1 X112.297 Y109.928 E9.60569
G1 X112.299 Y109.996 E9.60704
G1 X112.274 Y110.247 E9.61208
G1 X112.193 Y110.657 E9.62042
G1 X112.085 Y110.967 E9.62697
G1 X111.85 Y111.318 E9.6354
G1 X111.646 Y111.606 E9.64244
G1 X111.634 Y111.618 E9.64278
G1 X111.392 Y111.808 E9.64892
G1 X111.042 Y112.042 E9.65732
G1 X110.754 Y112.168 E9.66359
G1 X110.334 Y112.251 E9.67214
G1 X109.999 Y112.298 E9.67889
G0 F9000 X109.999 Y111.858
G0 X109.977 Y111.771
;MESH:NONMESH
G0 F300 X109.977 Y111.771 Z0.72
G0 F9000 X109.541 Y111.533
;TIME_ELAPSED:41.681459
;LAYER:5
;TYPE:WALL-INNER
;MESH:puleggia carrucola.stl
G1 F600 X109.614 Y111.571 E9.68053
G1 X109.651 Y111.571 E9.68127
G1 X109.998 Y111.571 E9.68819
G1 X110.34 Y111.571 E9.69502
G1 X110.386 Y111.571 E9.69594
G1 X110.463 Y111.531 E9.69767
G1 X110.735 Y111.389 E9.70379
G1 X110.972 Y111.264 E9.70914
G1 X111.073 Y111.211 E9.71142
G1 X111.107 Y111.162 E9.71261
G1 X111.328 Y110.842 E9.72037
G1 X111.482 Y110.618 E9.72579
G1 X111.502 Y110.589 E9.72649
G1 X111.526 Y110.456 E9.72919
G1 X111.573 Y110.199 E9.73441
G1 X111.603 Y110.037 E9.73769
G1 X111.602 Y109.998 E9.73847
G1 X111.6 Y109.968 E9.73907
G1 X111.587 Y109.752 E9.74339
G1 X111.457 Y109.409 E9.75071
G1 X111.358 Y109.15 E9.75624
G1 X111.331 Y109.081 E9.75772
G1 X111.27 Y109.027 E9.75935
G1 X111.061 Y108.841 E9.76493
G1 X110.846 Y108.65 E9.77067
G1 X110.753 Y108.568 E9.77314
G1 X110.657 Y108.545 E9.77511
G1 X110.329 Y108.464 E9.78186
G1 X110.092 Y108.405 E9.78673
G1 X110 Y108.382 E9.78862
G1 X109.914 Y108.403 E9.79039
G1 X109.663 Y108.465 E9.79555
G1 X109.345 Y108.543 E9.80208
G1 X109.247 Y108.568 E9.8041
G1 X109.148 Y108.656 E9.80675
G1 X108.938 Y108.842 E9.81234
G1 X108.729 Y109.027 E9.81791
G1 X108.669 Y109.081 E9.81952
G1 X108.643 Y109.15 E9.821
G1 X108.544 Y109.408 E9.82651
G1 X108.393 Y109.804 E9.83497
G1 X108.406 Y109.916 E9.83722
G1 X108.409 Y109.942 E9.83774
G1 X108.443 Y110.216 E9.84325
G1 X108.475 Y110.478 E9.84852
G1 X108.487 Y110.574 E9.85045
G1 X108.522 Y110.625 E9.85168
G1 X108.672 Y110.842 E9.85695
G1 X108.893 Y111.162 E9.86471
G1 X108.927 Y111.212 E9.86591
G1 X109.027 Y111.264 E9.86816
G1 X109.265 Y111.388 E9.87352
G1 X109.541 Y111.533 E9.87974
G0 F9000 X109.712 Y111.171
;TYPE:WALL-OUTER
G1 F600 X110.288 Y111.171 E9.89124
G1 X110.8 Y110.903 E9.90277
G1 X111.124 Y110.433 E9.91416
G1 X111.201 Y110.012 E9.9227
G1 X111.191 Y109.837 E9.9262
G1 X110.992 Y109.315 E9.93735
G1 X110.561 Y108.933 E9.94884
G1 X110 Y108.794 E9.96037
G1 X109.439 Y108.933 E9.97191
G1 X109.008 Y109.315 E9.9834
G1 X108.802 Y109.854 E9.99492
G1 X108.872 Y110.428 E10.00646
G1 X109.2 Y110.903 E10.01798
G1 X109.712 Y111.171 E10.02951
G0 F9000 X109.607 Y111.598
G0 X109.998 Y111.894
;TYPE:WALL-INNER
G1 F600 X109.651 Y111.847 E10.03477
G1 X109.563 Y111.83 E10.03608
G1 X109.403 Y111.798 E10.03861
G1 X109.117 Y111.673 E10.04345
G1 X108.892 Y111.524 E10.04766
G1 X108.762 Y111.422 E10.05013
G1 X108.648 Y111.332 E10.05243
G1 X108.423 Y111.014 E10.05828
G1 X108.277 Y110.795 E10.06223
G1 X108.232 Y110.662 E10.06445
G1 X108.181 Y110.514 E10.06684
G1 X108.13 Y110.255 E10.07087
G1 X108.101 Y109.98 E10.07519
G1 X108.102 Y109.952 E10.07563
G1 X108.143 Y109.753 E10.07876
G1 X108.238 Y109.292 E10.08574
G1 X108.373 Y109.047 E10.09015
G1 X108.448 Y108.934 E10.09222
G1 X108.533 Y108.807 E10.09457
G1 X108.721 Y108.598 E10.09894
G1 X108.957 Y108.441 E10.1034
G1 X109.112 Y108.347 E10.10602
G1 X109.272 Y108.25 E10.10891
G1 X109.588 Y108.164 E10.11391
G1 X109.842 Y108.114 E10.11787
G1 X110 Y108.114 E10.12032
G1 X110.164 Y108.114 E10.12285
G1 X110.403 Y108.161 E10.12656
G1 X110.729 Y108.25 E10.13176
G1 X110.887 Y108.346 E10.13462
G1 X111.035 Y108.436 E10.13714
G1 X111.277 Y108.597 E10.14158
G1 X111.466 Y108.806 E10.14603
G1 X111.551 Y108.934 E10.1484
G1 X111.626 Y109.047 E10.15046
G1 X111.762 Y109.292 E10.15476
G1 X111.844 Y109.682 E10.16075
G1 X111.847 Y109.7 E10.16111
G1 X111.897 Y109.951 E10.16483
G1 X111.898 Y109.985 E10.16509
G1 X111.891 Y110.064 E10.16621
G1 X111.872 Y110.253 E10.16908
G1 X111.821 Y110.509 E10.17303
G1 X111.765 Y110.676 E10.17568
G1 X111.728 Y110.787 E10.17747
G1 X111.577 Y111.013 E10.18155
G1 X111.352 Y111.331 E10.18739
G1 X111.239 Y111.42 E10.18967
G1 X111.109 Y111.523 E10.19214
G1 X110.884 Y111.672 E10.19627
G1 X110.602 Y111.796 E10.20109
G1 X110.437 Y111.828 E10.2037
G1 X110.34 Y111.847 E10.20516
G1 X109.998 Y111.894 E10.21034
G0 F9000 X109.999 Y112.298
;TYPE:WALL-OUTER
G1 F600 X109.588 Y112.242 E10.21862
G1 X109.283 Y112.182 E10.22482
G1 X108.924 Y112.025 E10.23264
G1 X108.653 Y111.845 E10.23914
G1 X108.368 Y111.62 E10.24638
G1 X108.345 Y111.596 E10.24704
G1 X108.097 Y111.245 E10.25562
G1 X107.925 Y110.988 E10.26179
G1 X107.877 Y110.884 E10.26408
G1 X107.793 Y110.613 E10.26974
G1 X107.733 Y110.31 E10.2759
G1 X107.7 Y109.993 E10.28226
G1 X107.703 Y109.908 E10.28396
G1 X107.853 Y109.177 E10.29885
G1 X107.872 Y109.128 E10.2999
G1 X108.034 Y108.834 E10.3066
G1 X108.213 Y108.566 E10.31303
G1 X108.379 Y108.369 E10.31817
G1 X108.476 Y108.281 E10.32079
G1 X108.743 Y108.103 E10.32719
G1 X109.111 Y107.879 E10.33579
G1 X109.496 Y107.775 E10.34375
G1 X109.804 Y107.714 E10.35001
G1 X110.202 Y107.714 E10.35796
G1 X110.499 Y107.773 E10.364
G1 X110.889 Y107.879 E10.37206
G1 X111.256 Y108.102 E10.38063
G1 X111.523 Y108.28 E10.38704
G1 X111.621 Y108.369 E10.38968
G1 X111.786 Y108.565 E10.39479
G1 X111.965 Y108.833 E10.40122
G1 X112.128 Y109.128 E10.40795
G1 X112.147 Y109.177 E10.409
G1 X112.235 Y109.601 E10.41764
G1 X112.296 Y109.908 E10.42389
G1 X112.299 Y109.996 E10.42564
G1 X112.268 Y110.308 E10.4319
G1 X112.208 Y110.611 E10.43806
G1 X112.122 Y110.888 E10.44385
G1 X112.077 Y110.985 E10.44599
G1 X111.904 Y111.244 E10.4522
G1 X111.655 Y111.596 E10.46081
G1 X111.632 Y111.62 E10.46147
G1 X111.348 Y111.844 E10.46869
G1 X111.077 Y112.024 E10.47518
G1 X110.718 Y112.181 E10.483
G1 X110.415 Y112.24 E10.48916
G1 X109.999 Y112.298 E10.49754
G0 F9000 X109.999 Y111.858
G0 X109.977 Y111.771
;MESH:NONMESH
G0 F300 X109.977 Y111.771 Z0.84
G0 F9000 X109.614 Y111.571
;TIME_ELAPSED:46.403570
;LAYER:6
;TYPE:WALL-INNER
;MESH:puleggia carrucola.stl
G1 F600 X109.999 Y111.571 E10.50523
G1 X110.386 Y111.571 E10.51295
G1 X110.587 Y111.466 E10.51747
G1 X110.925 Y111.289 E10.52509
G1 X111.073 Y111.211 E10.52843
G1 X111.106 Y111.163 E10.52959
G1 X111.374 Y110.775 E10.539
G1 X111.502 Y110.589 E10.54351
G1 X111.535 Y110.405 E10.54724
G1 X111.563 Y110.255 E10.55028
G1 X111.603 Y110.037 E10.5547
G1 X111.602 Y109.999 E10.55546
G1 X111.599 Y109.953 E10.55638
G1 X111.587 Y109.752 E10.5604
G1 X111.459 Y109.415 E10.56759
G1 X111.331 Y109.081 E10.57473
G1 X111.133 Y108.906 E10.58001
G1 X110.912 Y108.709 E10.58591
G1 X110.753 Y108.568 E10.59016
G1 X110.66 Y108.546 E10.59206
G1 X110.265 Y108.448 E10.60018
G1 X110 Y108.382 E10.60563
G1 X109.723 Y108.45 E10.61133
G1 X109.341 Y108.544 E10.61918
G1 X109.247 Y108.568 E10.62111
G1 X109.088 Y108.709 E10.62535
G1 X108.868 Y108.905 E10.63123
G1 X108.669 Y109.081 E10.63653
G1 X108.542 Y109.414 E10.64365
G1 X108.393 Y109.804 E10.65198
G1 X108.404 Y109.901 E10.65393
G1 X108.409 Y109.942 E10.65475
G1 X108.449 Y110.274 E10.66142
G1 X108.468 Y110.426 E10.66448
G1 X108.487 Y110.574 E10.66746
G1 X108.626 Y110.775 E10.67234
G1 X108.892 Y111.161 E10.68169
G1 X108.927 Y111.212 E10.68293
G1 X109.088 Y111.296 E10.68655
G1 X109.411 Y111.465 E10.69382
G1 X109.614 Y111.571 E10.69839
G0 F9000 X109.712 Y111.171
;TYPE:WALL-OUTER
G1 F600 X110.288 Y111.171 E10.70989
G1 X110.8 Y110.903 E10.72142
G1 X111.124 Y110.433 E10.73281
G1 X111.201 Y110.012 E10.74135
G1 X111.191 Y109.837 E10.74485
G1 X110.992 Y109.315 E10.756
G1 X110.561 Y108.933 E10.76749
G1 X110 Y108.794 E10.77903
G1 X109.439 Y108.933 E10.79056
G1 X109.008 Y109.315 E10.80205
G1 X108.802 Y109.854 E10.81357
G1 X108.872 Y110.428 E10.82511
G1 X109.2 Y110.903 E10.83663
G1 X109.712 Y111.171 E10.84816
G0 F9000 X109.607 Y111.598
G0 X109.999 Y111.895
;TYPE:WALL-INNER
G1 F600 X109.593 Y111.839 E10.8543
G1 X109.545 Y111.826 E10.85529
G1 X109.263 Y111.749 E10.85973
G1 X108.947 Y111.566 E10.86547
G1 X108.763 Y111.423 E10.86895
G1 X108.646 Y111.331 E10.87131
G1 X108.376 Y110.948 E10.87837
G1 X108.245 Y110.723 E10.88224
G1 X108.225 Y110.654 E10.88312
G1 X108.166 Y110.463 E10.88615
G1 X108.135 Y110.312 E10.8886
G1 X108.101 Y109.979 E10.89384
G1 X108.102 Y109.937 E10.89448
G1 X108.14 Y109.752 E10.89741
G1 X108.235 Y109.297 E10.90436
G1 X108.414 Y108.973 E10.90999
G1 X108.457 Y108.918 E10.91138
G1 X108.653 Y108.664 E10.91625
G1 X108.886 Y108.483 E10.92091
G1 X109.112 Y108.346 E10.92479
G1 X109.268 Y108.251 E10.92761
G1 X109.648 Y108.148 E10.93363
G1 X109.964 Y108.108 E10.9384
G1 X110.006 Y108.102 E10.93925
G1 X110.034 Y108.105 E10.93972
G1 X110.339 Y108.144 E10.94436
G1 X110.732 Y108.251 E10.95064
G1 X110.887 Y108.345 E10.95346
G1 X111.113 Y108.482 E10.95734
G1 X111.347 Y108.664 E10.96198
G1 X111.542 Y108.917 E10.96684
G1 X111.587 Y108.975 E10.96807
G1 X111.765 Y109.297 E10.97366
G1 X111.847 Y109.698 E10.97985
G1 X111.897 Y109.936 E10.9834
G1 X111.899 Y109.984 E10.98393
G1 X111.891 Y110.066 E10.98512
G1 X111.866 Y110.31 E10.98883
G1 X111.836 Y110.459 E10.99117
G1 X111.771 Y110.671 E10.99451
G1 X111.754 Y110.725 E10.99516
G1 X111.625 Y110.947 E10.99902
G1 X111.353 Y111.332 E11.00615
G1 X111.239 Y111.421 E11.00845
G1 X111.066 Y111.557 E11.01174
G1 X110.736 Y111.749 E11.01766
G1 X110.456 Y111.825 E11.02207
G1 X110.411 Y111.838 E11.023
G1 X109.999 Y111.895 E11.02924
G0 F9000 X110 Y112.298
;TYPE:WALL-OUTER
G1 F600 X109.508 Y112.231 E11.03914
G1 X109.118 Y112.124 E11.04721
G1 X108.883 Y112.005 E11.05247
G1 X108.711 Y111.89 E11.0566
G1 X108.366 Y111.62 E11.06534
G1 X108.341 Y111.593 E11.06608
G1 X108.043 Y111.171 E11.07639
G1 X107.877 Y110.884 E11.083
G1 X107.777 Y110.558 E11.08981
G1 X107.739 Y110.37 E11.09364
G1 X107.7 Y109.993 E11.1012
G1 X107.703 Y109.89 E11.10326
G1 X107.846 Y109.195 E11.11742
G1 X107.873 Y109.126 E11.11889
G1 X108.074 Y108.762 E11.12719
G1 X108.176 Y108.61 E11.13085
G1 X108.375 Y108.373 E11.13702
G1 X108.662 Y108.151 E11.14426
G1 X109.102 Y107.883 E11.15454
G1 X109.114 Y107.878 E11.1548
G1 X109.572 Y107.754 E11.16427
G1 X109.993 Y107.7 E11.17274
G1 X110.246 Y107.718 E11.1778
G1 X110.426 Y107.753 E11.18146
G1 X110.886 Y107.878 E11.19098
G1 X110.898 Y107.883 E11.19123
G1 X111.337 Y108.15 E11.20149
G1 X111.625 Y108.373 E11.20876
G1 X111.823 Y108.609 E11.21491
G1 X111.927 Y108.764 E11.21863
G1 X112.127 Y109.126 E11.22688
G1 X112.154 Y109.195 E11.22836
G1 X112.296 Y109.889 E11.2425
G1 X112.3 Y109.995 E11.24462
G1 X112.262 Y110.369 E11.25212
G1 X112.224 Y110.557 E11.25595
G1 X112.123 Y110.885 E11.26279
G1 X111.958 Y111.17 E11.26937
G1 X111.659 Y111.593 E11.2797
G1 X111.634 Y111.62 E11.28044
G1 X111.29 Y111.889 E11.28915
G1 X111.121 Y112.003 E11.29322
G1 X110.879 Y112.125 E11.29863
G1 X110.493 Y112.23 E11.30661
G1 X110 Y112.298 E11.31654
G0 F9000 X110 Y111.858
G0 X109.978 Y111.771
;MESH:NONMESH
G0 F300 X109.978 Y111.771 Z0.96
G0 F9000 X109.614 Y111.571
;TIME_ELAPSED:51.127511
;LAYER:7
;TYPE:WALL-INNER
;MESH:puleggia carrucola.stl
G1 F600 X109.999 Y111.571 E11.32423
G1 X110.386 Y111.571 E11.33195
G1 X110.581 Y111.469 E11.33634
G1 X110.808 Y111.351 E11.34145
G1 X110.849 Y111.329 E11.34237
G1 X111.073 Y111.211 E11.34743
G1 X111.112 Y111.154 E11.34881
G1 X111.414 Y110.717 E11.35941
G1 X111.502 Y110.589 E11.36251
G1 X111.543 Y110.361 E11.36713
G1 X111.554 Y110.305 E11.36827
G1 X111.603 Y110.037 E11.3737
G1 X111.602 Y109.998 E11.37448
G1 X111.598 Y109.933 E11.37578
G1 X111.587 Y109.752 E11.3794
G1 X111.467 Y109.435 E11.38617
G1 X111.457 Y109.411 E11.38668
G1 X111.331 Y109.081 E11.39373
G1 X111.128 Y108.901 E11.39915
G1 X110.971 Y108.762 E11.40333
G1 X110.753 Y108.568 E11.40916
G1 X110.667 Y108.547 E11.41092
G1 X110.176 Y108.426 E11.42101
G1 X110 Y108.382 E11.42464
G1 X109.843 Y108.42 E11.42786
G1 X109.335 Y108.546 E11.4383
G1 X109.247 Y108.568 E11.44011
G1 X109.029 Y108.762 E11.44594
G1 X108.873 Y108.9 E11.45009
G1 X108.669 Y109.081 E11.45554
G1 X108.543 Y109.412 E11.4626
G1 X108.535 Y109.433 E11.46305
G1 X108.393 Y109.804 E11.47098
G1 X108.402 Y109.884 E11.47259
G1 X108.409 Y109.941 E11.47373
G1 X108.456 Y110.323 E11.48141
G1 X108.463 Y110.379 E11.48254
G1 X108.487 Y110.574 E11.48646
G1 X108.58 Y110.709 E11.48973
G1 X108.888 Y111.156 E11.50056
G1 X108.927 Y111.212 E11.50193
G1 X109.15 Y111.328 E11.50694
G1 X109.196 Y111.352 E11.50798
G1 X109.419 Y111.469 E11.513
G1 X109.614 Y111.571 E11.5174
G0 F9000 X109.712 Y111.171
;TYPE:WALL-OUTER
G1 F600 X110.288 Y111.171 E11.52889
G1 X110.8 Y110.903 E11.54042
G1 X111.124 Y110.433 E11.55181
G1 X111.201 Y110.012 E11.56036
G1 X111.191 Y109.837 E11.56385
G1 X110.992 Y109.315 E11.575
G1 X110.561 Y108.933 E11.5865
G1 X110 Y108.794 E11.59803
G1 X109.439 Y108.933 E11.60956
G1 X109.008 Y109.315 E11.62106
G1 X108.802 Y109.854 E11.63257
G1 X108.872 Y110.428 E11.64411
G1 X109.2 Y110.903 E11.65563
G1 X109.712 Y111.171 E11.66716
G0 F9000 X109.607 Y111.598
G0 X109.999 Y111.895
;TYPE:WALL-INNER
G1 F600 X109.578 Y111.838 E11.67357
G1 X109.514 Y111.829 E11.6743
G1 X109.271 Y111.754 E11.67819
G1 X109.046 Y111.64 E11.68225
G1 X109.004 Y111.611 E11.68315
G1 X108.763 Y111.423 E11.68778
G1 X108.641 Y111.327 E11.69023
G1 X108.328 Y110.884 E11.69845
G1 X108.248 Y110.731 E11.70103
G1 X108.225 Y110.655 E11.70203
G1 X108.152 Y110.417 E11.70583
G1 X108.141 Y110.362 E11.70676
G1 X108.101 Y109.979 E11.71281
G1 X108.103 Y109.919 E11.71374
G1 X108.137 Y109.752 E11.7164
G1 X108.228 Y109.317 E11.72308
G1 X108.236 Y109.296 E11.72345
G1 X108.427 Y108.949 E11.72953
G1 X108.446 Y108.915 E11.73018
G1 X108.465 Y108.887 E11.73086
G1 X108.658 Y108.658 E11.73545
G1 X108.817 Y108.524 E11.7388
G1 X109.111 Y108.346 E11.74392
G1 X109.262 Y108.254 E11.74665
G1 X109.768 Y108.117 E11.75468
G1 X110.002 Y108.118 E11.75826
G1 X110.251 Y108.121 E11.76206
G1 X110.739 Y108.254 E11.76985
G1 X110.888 Y108.344 E11.77256
G1 X111.182 Y108.523 E11.77769
G1 X111.342 Y108.658 E11.78105
G1 X111.534 Y108.886 E11.78562
G1 X111.555 Y108.917 E11.78637
G1 X111.572 Y108.947 E11.78695
G1 X111.763 Y109.294 E11.79302
G1 X111.772 Y109.318 E11.79344
G1 X111.85 Y109.697 E11.79931
G1 X111.896 Y109.916 E11.8026
G1 X111.898 Y109.983 E11.80349
G1 X111.89 Y110.065 E11.80477
G1 X111.86 Y110.36 E11.80926
G1 X111.849 Y110.416 E11.81017
G1 X111.771 Y110.671 E11.8142
G1 X111.753 Y110.729 E11.81493
G1 X111.668 Y110.891 E11.81772
G1 X111.361 Y111.325 E11.82582
G1 X111.238 Y111.421 E11.8283
G1 X110.997 Y111.61 E11.83292
G1 X110.958 Y111.637 E11.83376
G1 X110.73 Y111.753 E11.83788
G1 X110.484 Y111.828 E11.8418
G1 X110.423 Y111.836 E11.84247
G1 X109.999 Y111.895 E11.84891
G0 F9000 X110 Y112.298
;TYPE:WALL-OUTER
G1 F600 X109.427 Y112.22 E11.86045
G1 X109.118 Y112.125 E11.8669
G1 X108.842 Y111.985 E11.87308
G1 X108.767 Y111.934 E11.87489
G1 X108.367 Y111.62 E11.88503
G1 X108.336 Y111.588 E11.88592
G1 X107.988 Y111.096 E11.89795
G1 X107.877 Y110.884 E11.90272
G1 X107.762 Y110.51 E11.91053
G1 X107.745 Y110.422 E11.91232
G1 X107.7 Y109.993 E11.92093
G1 X107.704 Y109.871 E11.92337
G1 X107.842 Y109.206 E11.93692
G1 X107.872 Y109.128 E11.93859
G1 X108.106 Y108.704 E11.94825
G1 X108.143 Y108.649 E11.94957
G1 X108.375 Y108.373 E11.95677
G1 X108.587 Y108.196 E11.96228
G1 X109.101 Y107.883 E11.97429
G1 X109.644 Y107.735 E11.98552
G1 X109.715 Y107.72 E11.98697
G1 X110.001 Y107.701 E11.99269
G1 X110.284 Y107.719 E11.99835
G1 X110.355 Y107.734 E11.9998
G1 X110.899 Y107.883 E12.01105
G1 X111.412 Y108.195 E12.02304
G1 X111.625 Y108.373 E12.02858
G1 X111.856 Y108.648 E12.03574
G1 X111.895 Y108.706 E12.03714
G1 X112.128 Y109.128 E12.04676
G1 X112.158 Y109.207 E12.04844
G1 X112.295 Y109.868 E12.06191
G1 X112.299 Y109.995 E12.06445
G1 X112.256 Y110.421 E12.07299
G1 X112.239 Y110.509 E12.07478
G1 X112.123 Y110.884 E12.08262
G1 X112.013 Y111.095 E12.08737
G1 X111.664 Y111.588 E12.09942
G1 X111.633 Y111.62 E12.10031
G1 X111.234 Y111.933 E12.11043
G1 X111.162 Y111.982 E12.11217
G1 X110.879 Y112.126 E12.1185
G1 X110.574 Y112.219 E12.12487
G1 X110 Y112.298 E12.13643
G0 F9000 X110 Y111.858
G0 X109.979 Y111.771
;MESH:NONMESH
G0 F300 X109.979 Y111.771 Z1.08
G0 F9000 X109.601 Y111.564
;TIME_ELAPSED:55.854919
;LAYER:8
;TYPE:WALL-INNER
;MESH:puleggia carrucola.stl
G1 F600 X109.614 Y111.571 E12.13672
G1 X109.999 Y111.571 E12.14441
G1 X110.386 Y111.571 E12.15213
G1 X110.404 Y111.562 E12.15253
G1 X110.57 Y111.475 E12.15627
G1 X110.818 Y111.345 E12.16186
G1 X111.073 Y111.211 E12.16761
G1 X111.116 Y111.148 E12.16913
G1 X111.444 Y110.673 E12.18065
G1 X111.502 Y110.589 E12.18269
G1 X111.549 Y110.331 E12.18792
G1 X111.603 Y110.037 E12.19389
G1 X111.602 Y110.004 E12.19454
G1 X111.597 Y109.921 E12.1962
G1 X111.587 Y109.752 E12.19958
G1 X111.471 Y109.446 E12.20611
G1 X111.458 Y109.412 E12.20684
G1 X111.331 Y109.081 E12.21391
G1 X111.124 Y108.897 E12.21944
G1 X111.001 Y108.788 E12.22272
G1 X110.753 Y108.568 E12.22934
G1 X110.668 Y108.547 E12.23108
G1 X110.17 Y108.424 E12.24132
G1 X110 Y108.382 E12.24482
G1 X109.831 Y108.423 E12.24829
G1 X109.335 Y108.546 E12.25848
G1 X109.247 Y108.568 E12.26029
G1 X109.006 Y108.782 E12.26673
G1 X108.885 Y108.889 E12.26995
G1 X108.669 Y109.081 E12.27572
G1 X108.549 Y109.397 E12.28246
G1 X108.529 Y109.449 E12.28357
G1 X108.393 Y109.804 E12.29116
G1 X108.4 Y109.872 E12.29252
G1 X108.409 Y109.943 E12.29395
G1 X108.459 Y110.35 E12.30214
G1 X108.487 Y110.574 E12.30664
G1 X108.559 Y110.678 E12.30917
G1 X108.885 Y111.151 E12.32063
G1 X108.927 Y111.212 E12.32211
G1 X109.175 Y111.341 E12.32769
G1 X109.413 Y111.466 E12.33305
G1 X109.601 Y111.564 E12.33728
G0 F9000 X109.712 Y111.171
;TYPE:WALL-OUTER
G1 F600 X110.288 Y111.171 E12.34878
G1 X110.8 Y110.903 E12.36031
G1 X111.124 Y110.433 E12.3717
G1 X111.201 Y110.012 E12.38024
G1 X111.191 Y109.837 E12.38374
G1 X110.992 Y109.315 E12.39489
G1 X110.561 Y108.933 E12.40638
G1 X110 Y108.794 E12.41792
G1 X109.439 Y108.933 E12.42945
G1 X109.008 Y109.315 E12.44094
G1 X108.802 Y109.854 E12.45246
G1 X108.872 Y110.428 E12.464
G1 X109.2 Y110.903 E12.47552
G1 X109.712 Y111.171 E12.48705
G0 F9000 X109.607 Y111.598
G0 X109.999 Y111.875
;TYPE:WALL-INNER
G1 F600 X109.581 Y111.819 E12.49301
G1 X109.476 Y111.804 E12.49434
G1 X109.274 Y111.734 E12.4974
G1 X109.035 Y111.611 E12.50146
G1 X108.775 Y111.409 E12.50617
G1 X108.652 Y111.313 E12.50852
G1 X108.321 Y110.843 E12.51674
G1 X108.261 Y110.712 E12.51879
G1 X108.242 Y110.65 E12.51951
G1 X108.161 Y110.387 E12.52349
G1 X108.12 Y109.979 E12.52957
G1 X108.123 Y109.904 E12.53065
G1 X108.153 Y109.755 E12.53292
G1 X108.24 Y109.339 E12.53895
G1 X108.26 Y109.288 E12.5398
G1 X108.444 Y108.957 E12.54526
G1 X108.47 Y108.91 E12.54615
G1 X108.681 Y108.66 E12.55091
G1 X108.802 Y108.553 E12.55338
G1 X109.12 Y108.36 E12.55865
G1 X109.267 Y108.271 E12.56119
G1 X109.76 Y108.137 E12.56856
G1 X110 Y108.137 E12.57202
G1 X110.24 Y108.137 E12.57548
G1 X110.736 Y108.271 E12.58294
G1 X110.88 Y108.359 E12.58545
G1 X111.205 Y108.558 E12.59086
G1 X111.326 Y108.668 E12.59336
G1 X111.53 Y108.911 E12.59798
G1 X111.555 Y108.956 E12.599
G1 X111.746 Y109.301 E12.60469
G1 X111.758 Y109.336 E12.60528
G1 X111.834 Y109.7 E12.61062
G1 X111.877 Y109.905 E12.61354
G1 X111.879 Y109.989 E12.61465
G1 X111.872 Y110.064 E12.61569
G1 X111.839 Y110.384 E12.62029
G1 X111.752 Y110.666 E12.62449
G1 X111.729 Y110.74 E12.62546
G1 X111.683 Y110.837 E12.62699
G1 X111.35 Y111.308 E12.63525
G1 X111.227 Y111.405 E12.6376
G1 X110.96 Y111.615 E12.64245
G1 X110.71 Y111.742 E12.64671
G1 X110.53 Y111.802 E12.64957
G1 X110.42 Y111.817 E12.65133
G1 X109.999 Y111.875 E12.65731
G0 F9000 X110 Y112.279
;TYPE:WALL-OUTER
G1 F600 X109.381 Y112.194 E12.66978
G1 X109.115 Y112.102 E12.6754
G1 X108.821 Y111.951 E12.68199
G1 X108.375 Y111.603 E12.69328
G1 X108.342 Y111.567 E12.69426
G1 X107.972 Y111.043 E12.70706
G1 X107.889 Y110.862 E12.71103
G1 X107.767 Y110.466 E12.7193
G1 X107.719 Y109.99 E12.72885
G1 X107.724 Y109.856 E12.73153
G1 X107.855 Y109.225 E12.74439
G1 X107.896 Y109.12 E12.74664
G1 X108.141 Y108.68 E12.75669
G1 X108.39 Y108.383 E12.76442
G1 X108.565 Y108.229 E12.76907
G1 X109.103 Y107.903 E12.78163
G1 X109.118 Y107.897 E12.78195
G1 X109.693 Y107.741 E12.79384
G1 X110.011 Y107.72 E12.8002
G1 X110.306 Y107.741 E12.8061
G1 X110.887 Y107.898 E12.81811
G1 X110.909 Y107.909 E12.8186
G1 X111.448 Y108.238 E12.8312
G1 X111.617 Y108.392 E12.83577
G1 X111.861 Y108.683 E12.84334
G1 X112.111 Y109.135 E12.85365
G1 X112.145 Y109.228 E12.85563
G1 X112.276 Y109.856 E12.86843
G1 X112.28 Y110.003 E12.87136
G1 X112.233 Y110.465 E12.88063
G1 X112.103 Y110.884 E12.88939
G1 X112.028 Y111.042 E12.89288
G1 X111.661 Y111.562 E12.90558
G1 X111.616 Y111.61 E12.90689
G1 X111.178 Y111.953 E12.91799
G1 X110.863 Y112.112 E12.92504
G1 X110.623 Y112.193 E12.93009
G1 X110 Y112.279 E12.94264
G0 F9000 X110 Y111.839
G0 X109.979 Y111.771
;MESH:NONMESH
G0 F300 X109.979 Y111.771 Z1.2
G0 F9000 X109.584 Y111.555
;TIME_ELAPSED:60.561304
;LAYER:9
;TYPE:WALL-INNER
;MESH:puleggia carrucola.stl
G1 F600 X109.614 Y111.571 E12.94332
G1 X110 Y111.571 E12.95102
G1 X110.386 Y111.571 E12.95873
G1 X110.42 Y111.553 E12.95949
G1 X110.538 Y111.492 E12.96214
G1 X110.817 Y111.345 E12.96844
G1 X111.073 Y111.211 E12.9742
G1 X111.138 Y111.116 E12.9765
G1 X111.429 Y110.695 E12.98671
G1 X111.502 Y110.589 E12.98928
G1 X111.549 Y110.332 E12.9945
G1 X111.599 Y110.058 E13.00005
G1 X111.603 Y110.037 E13.00048
G1 X111.596 Y109.91 E13.00302
G1 X111.587 Y109.752 E13.00618
G1 X111.475 Y109.456 E13.01249
G1 X111.416 Y109.303 E13.01577
G1 X111.331 Y109.081 E13.02051
G1 X111.002 Y108.789 E13.02929
G1 X110.753 Y108.568 E13.03593
G1 X110.644 Y108.542 E13.03817
G1 X110.174 Y108.425 E13.04783
G1 X110.044 Y108.393 E13.05051
G1 X110 Y108.382 E13.05141
G1 X109.81 Y108.428 E13.05531
G1 X109.357 Y108.54 E13.06462
G1 X109.247 Y108.568 E13.06689
G1 X109.002 Y108.785 E13.07342
G1 X108.669 Y109.081 E13.08231
G1 X108.578 Y109.321 E13.08743
G1 X108.525 Y109.458 E13.09037
G1 X108.393 Y109.804 E13.09776
G1 X108.401 Y109.878 E13.09924
G1 X108.424 Y110.066 E13.10302
G1 X108.458 Y110.341 E13.10855
G1 X108.487 Y110.574 E13.11324
G1 X108.569 Y110.693 E13.11612
G1 X108.864 Y111.121 E13.12649
G1 X108.927 Y111.212 E13.1287
G1 X109.184 Y111.346 E13.13449
G1 X109.345 Y111.43 E13.13811
G1 X109.584 Y111.555 E13.14349
G0 F9000 X109.712 Y111.171
;TYPE:WALL-OUTER
G1 F600 X110.288 Y111.171 E13.15499
G1 X110.8 Y110.903 E13.16652
G1 X111.124 Y110.433 E13.17791
G1 X111.201 Y110.012 E13.18645
G1 X111.191 Y109.837 E13.18995
G1 X110.992 Y109.315 E13.2011
G1 X110.561 Y108.933 E13.21259
G1 X110 Y108.794 E13.22413
G1 X109.439 Y108.933 E13.23566
G1 X109.008 Y109.315 E13.24715
G1 X108.802 Y109.854 E13.25867
G1 X108.872 Y110.428 E13.27021
G1 X109.2 Y110.903 E13.28173
G1 X109.712 Y111.171 E13.29326
G0 F9000 X109.607 Y111.598
G0 X110 Y111.767
;TYPE:WALL-INNER
G1 F600 X109.595 Y111.711 E13.29684
G1 X109.509 Y111.699 E13.29712
G1 X109.255 Y111.603 E13.29956
G1 X109.094 Y111.52 E13.30133
G1 X108.841 Y111.324 E13.30421
G1 X108.819 Y111.307
G1 X108.719 Y111.222 E13.30539
G1 X108.42 Y110.797 E13.31002
G1 X108.358 Y110.62 E13.31178
G1 X108.268 Y110.365 E13.31422
G1 X108.24 Y110.089 E13.31685
G1 X108.234 Y109.898 E13.31855
G1 X108.259 Y109.777 E13.31958
G1 X108.339 Y109.388 E13.32307
G1 X108.403 Y109.255 E13.32458
G1 X108.539 Y109.01 E13.32707
G1 X108.558 Y108.975 E13.32787
G1 X108.871 Y108.639 E13.33196
G1 X109.176 Y108.453 E13.33511
G1 X109.314 Y108.369 E13.33667
G1 X109.765 Y108.246 E13.34092
G1 X109.994 Y108.237 E13.34303
G1 X110.083 Y108.233 E13.34364
G1 X110.219 Y108.242 E13.34486
G1 X110.686 Y108.37 E13.34931
G1 X110.822 Y108.453 E13.35086
G1 X111.132 Y108.641 E13.35404
G1 X111.442 Y108.973 E13.3581
G1 X111.461 Y109.008 E13.35889
G1 X111.588 Y109.237 E13.36121
G1 X111.659 Y109.385 E13.36278
G1 X111.729 Y109.722 E13.3659
G1 X111.767 Y109.9 E13.36748
G1 X111.763 Y110.042 E13.36875
G1 X111.761 Y110.087
G1 X111.732 Y110.365 E13.37119
G1 X111.637 Y110.636 E13.37371
G1 X111.58 Y110.798 E13.37537
G1 X111.285 Y111.217 E13.37999
G1 X111.193 Y111.296 E13.38102
G1 X111.16 Y111.322
G1 X110.908 Y111.518 E13.3839
G1 X110.624 Y111.655 E13.38688
G1 X110.496 Y111.698 E13.38824
G1 X110.406 Y111.71 E13.38926
G1 X110 Y111.767 E13.39285
G0 F9000 X110 Y112.17
;TYPE:WALL-OUTER
G1 F600 X109.408 Y112.089 E13.40477
G1 X109.097 Y111.971 E13.41141
G1 X108.876 Y111.857 E13.41637
G1 X108.562 Y111.613 E13.42431
G1 X108.421 Y111.493 E13.428
G1 X108.068 Y110.993 E13.44021
G1 X107.96 Y110.728 E13.44593
G1 X107.874 Y110.445 E13.45183
G1 X107.84 Y110.114 E13.45847
G1 X107.832 Y109.863 E13.46348
G1 X107.957 Y109.261 E13.47575
G1 X108.049 Y109.068 E13.48002
G1 X108.227 Y108.746 E13.48736
G1 X108.407 Y108.533 E13.49292
G1 X108.624 Y108.321 E13.49898
G1 X109.153 Y107.999 E13.51134
G1 X109.297 Y107.958 E13.51432
G1 X109.708 Y107.848 E13.52281
G1 X110.085 Y107.832 E13.53035
G1 X110.286 Y107.846 E13.53437
G1 X110.847 Y107.999 E13.54597
G1 X111.379 Y108.323 E13.5584
G1 X111.597 Y108.535 E13.56447
G1 X111.773 Y108.746 E13.56995
G1 X111.948 Y109.063 E13.57718
G1 X112.042 Y109.258 E13.5815
G1 X112.168 Y109.863 E13.59383
G1 X112.161 Y110.114 E13.59884
G1 X112.126 Y110.444 E13.60546
G1 X112.038 Y110.73 E13.61144
G1 X111.934 Y110.99 E13.61702
G1 X111.583 Y111.488 E13.62918
G1 X111.439 Y111.612 E13.63298
G1 X111.123 Y111.858 E13.64097
G1 X110.774 Y112.027 E13.6487
G1 X110.59 Y112.089 E13.65258
G1 X110 Y112.17 E13.66446
G0 F9000 X110 Y111.73
G0 X109.978 Y111.771
;MESH:NONMESH
G0 F300 X109.978 Y111.771 Z1.32
G0 F9000 X109.61 Y111.606
;TIME_ELAPSED:65.125288
;LAYER:10
;TYPE:WALL-INNER
;MESH:puleggia carrucola.stl
G1 F600 X109.533 Y111.595 E13.66602
G1 X109.492 Y111.581 E13.66688
G1 X109.251 Y111.477 E13.67212
G1 X108.978 Y111.294 E13.67868
G1 X108.908 Y111.237 E13.68048
G1 X108.802 Y111.151 E13.6832
G1 X108.512 Y110.741 E13.69323
G1 X108.455 Y110.586 E13.69652
G1 X108.422 Y110.497 E13.69842
G1 X108.357 Y110.166 E13.70515
G1 X108.34 Y109.918 E13.71011
G1 X108.364 Y109.799 E13.71253
G1 X108.444 Y109.417 E13.72032
G1 X108.551 Y109.21 E13.72497
G1 X108.646 Y109.067 E13.7284
G1 X108.733 Y108.936 E13.73153
G1 X108.923 Y108.733 E13.73708
G1 X109.232 Y108.545 E13.7443
G1 X109.35 Y108.473 E13.74706
G1 X109.789 Y108.352 E13.75615
G1 X109.868 Y108.347 E13.75773
G1 X109.999 Y108.347 E13.76034
G1 X110.143 Y108.346 E13.76321
G1 X110.203 Y108.35 E13.76441
G1 X110.647 Y108.471 E13.7736
G1 X110.767 Y108.544 E13.7764
G1 X111.07 Y108.728 E13.78347
G1 X111.09 Y108.746 E13.78401
G1 X111.262 Y108.929 E13.78902
G1 X111.353 Y109.066 E13.79231
G1 X111.445 Y109.204 E13.79562
G1 X111.556 Y109.415 E13.80037
G1 X111.623 Y109.744 E13.80707
G1 X111.659 Y109.915 E13.81056
G1 X111.652 Y110.039 E13.81304
G1 X111.644 Y110.171 E13.81568
G1 X111.58 Y110.489 E13.82215
G1 X111.539 Y110.602 E13.82455
G1 X111.489 Y110.739 E13.82746
G1 X111.201 Y111.147 E13.83743
G1 X111.094 Y111.235 E13.84019
G1 X111.023 Y111.293 E13.84202
G1 X110.746 Y111.479 E13.84868
G1 X110.467 Y111.595 E13.85471
G1 X110.391 Y111.605 E13.85624
G1 X110 Y111.659 E13.86412
G1 X109.61 Y111.606 E13.87197
G0 F9000 X109.712 Y111.171
;TYPE:WALL-OUTER
G1 F600 X110.288 Y111.171 E13.88347
G1 X110.8 Y110.903 E13.895
G1 X111.124 Y110.433 E13.90639
G1 X111.201 Y110.012 E13.91493
G1 X111.191 Y109.837 E13.91843
G1 X110.992 Y109.315 E13.92958
G1 X110.561 Y108.933 E13.94107
G1 X110 Y108.794 E13.9526
G1 X109.439 Y108.933 E13.96414
G1 X109.008 Y109.315 E13.97563
G1 X108.802 Y109.854 E13.98715
G1 X108.872 Y110.428 E13.99869
G1 X109.2 Y110.903 E14.01021
G1 X109.712 Y111.171 E14.02174
G0 F9000 X109.607 Y111.598
G0 X110 Y111.571
;TYPE:WALL-INNER
G1 F600 X110.386 Y111.571 E14.02287
G1 X110.439 Y111.543
G1 X110.706 Y111.404 E14.02401
G1 X111 Y111.25 E14.0251
G1 X111.073 Y111.211
G1 X111.144 Y111.108 E14.02532
G1 X111.427 Y110.697 E14.02712
G1 X111.502 Y110.589 E14.02738
G1 X111.522 Y110.479 E14.02757
G1 X111.58 Y110.16 E14.02859
G1 X111.603 Y110.037 E14.02889
G1 X111.597 Y109.919 E14.02916
G1 X111.587 Y109.752 E14.02951
G1 X111.471 Y109.448 E14.03048
G1 X111.387 Y109.227 E14.03138
G1 X111.331 Y109.081 E14.03165
G1 X111.217 Y108.98 E14.03192
G1 X111.03 Y108.814 E14.03298
G1 X111.01 Y108.796
G1 X110.753 Y108.568 E14.03391
G1 X110.631 Y108.538 E14.03409
G1 X110.184 Y108.428 E14.03581
G1 X110.127 Y108.414
G1 X110 Y108.382 E14.03605
G1 X109.884 Y108.41 E14.03626
G1 X109.809 Y108.429 E14.03664
G1 X109.367 Y108.538 E14.0383
G1 X109.247 Y108.568 E14.03849
G1 X108.984 Y108.801 E14.03946
G1 X108.777 Y108.985 E14.04052
G1 X108.669 Y109.081 E14.04075
G1 X108.612 Y109.232 E14.04105
G1 X108.529 Y109.449 E14.04203
G1 X108.393 Y109.804 E14.04309
G1 X108.405 Y109.91 E14.04323
G1 X108.435 Y110.156 E14.04413
G1 X108.476 Y110.49 E14.04523
G1 X108.487 Y110.574 E14.04533
G1 X108.573 Y110.698 E14.04563
G1 X108.858 Y111.112 E14.04741
G1 X108.927 Y111.212 E14.0476
G1 X109 Y111.25 E14.0477
G1 X109.29 Y111.401 E14.04884
G1 X109.522 Y111.522 E14.04982
G1 X109.56 Y111.542
G1 X109.614 Y111.571 E14.04984
G1 X110 Y111.571 E14.05099
G0 F9000 X110 Y112.062
;TYPE:WALL-OUTER
G1 F600 X109.437 Y111.985 E14.06233
G1 X109.342 Y111.952 E14.06433
G1 X109.062 Y111.832 E14.07041
G1 X108.738 Y111.615 E14.07819
G1 X108.509 Y111.428 E14.08409
G1 X108.165 Y110.942 E14.09598
G1 X108.135 Y110.879 E14.09737
G1 X108.034 Y110.6 E14.10329
G1 X107.96 Y110.222 E14.11098
G1 X107.939 Y109.918 E14.11706
G1 X107.941 Y109.871 E14.118
G1 X108.06 Y109.297 E14.1297
G1 X108.07 Y109.269 E14.13029
G1 X108.205 Y109.007 E14.13617
G1 X108.419 Y108.686 E14.14387
G1 X108.629 Y108.459 E14.15004
G1 X108.688 Y108.407 E14.15161
G1 X109.189 Y108.103 E14.1633
G1 X109.469 Y108.023 E14.16912
G1 X109.721 Y107.956 E14.17432
G1 X109.855 Y107.947 E14.177
G1 X110.156 Y107.946 E14.18301
G1 X110.271 Y107.954 E14.18531
G1 X110.805 Y108.1 E14.19635
G1 X111.311 Y108.406 E14.20816
G1 X111.375 Y108.464 E14.20988
G1 X111.574 Y108.676 E14.21568
G1 X111.793 Y109.006 E14.22359
G1 X111.927 Y109.26 E14.22932
G1 X111.94 Y109.295 E14.23006
G1 X112.059 Y109.871 E14.2418
G1 X112.06 Y109.915 E14.24268
G1 X112.041 Y110.222 E14.24882
G1 X111.967 Y110.593 E14.25636
G1 X111.867 Y110.878 E14.26239
G1 X111.835 Y110.944 E14.26386
G1 X111.504 Y111.412 E14.2753
G1 X111.489 Y111.428 E14.27573
G1 X111.262 Y111.614 E14.28159
G1 X110.937 Y111.832 E14.2894
G1 X110.669 Y111.949 E14.29523
G1 X110.563 Y111.985 E14.29747
G1 X110 Y112.062 E14.30881
G0 F9000 X110 Y111.622
G0 X109.979 Y111.771
;MESH:NONMESH
G0 F300 X109.979 Y111.771 Z1.44
G0 F9000 X109.712 Y111.171
;TIME_ELAPSED:69.589328
;LAYER:11
;TYPE:WALL-OUTER
;MESH:puleggia carrucola.stl
G1 F600 X110.288 Y111.171 E14.3203
G1 X110.8 Y110.903 E14.33184
G1 X111.124 Y110.433 E14.34323
G1 X111.201 Y110.012 E14.35177
G1 X111.191 Y109.837 E14.35527
G1 X110.992 Y109.315 E14.36642
G1 X110.561 Y108.933 E14.37791
G1 X110 Y108.794 E14.38944
G1 X109.439 Y108.933 E14.40098
G1 X109.008 Y109.315 E14.41247
G1 X108.802 Y109.854 E14.42398
G1 X108.872 Y110.428 E14.43552
G1 X109.2 Y110.903 E14.44704
G1 X109.712 Y111.171 E14.45858
G0 F9000 X110 Y111.953
G1 F600 X109.465 Y111.879 E14.46935
G1 X109.447 Y111.873 E14.46973
G1 X109.027 Y111.693 E14.47885
G1 X108.915 Y111.616 E14.48156
G1 X108.583 Y111.346 E14.4901
G1 X108.322 Y110.98 E14.49907
G1 X108.254 Y110.878 E14.50152
G1 X108.102 Y110.455 E14.51049
G1 X108.08 Y110.331 E14.513
G1 X108.049 Y109.879 E14.52205
G1 X108.161 Y109.338 E14.53307
G1 X108.364 Y108.944 E14.54192
G1 X108.438 Y108.833 E14.54458
G1 X108.741 Y108.507 E14.55346
G1 X108.761 Y108.49 E14.55398
G1 X109.223 Y108.207 E14.5648
G1 X109.641 Y108.089 E14.57346
G1 X109.773 Y108.06 E14.57616
G1 X110.222 Y108.059 E14.58512
G1 X110.255 Y108.062 E14.58578
G1 X110.772 Y108.204 E14.59648
G1 X111.239 Y108.49 E14.60741
G1 X111.257 Y108.506 E14.60789
G1 X111.564 Y108.833 E14.61684
G1 X111.635 Y108.942 E14.61944
G1 X111.837 Y109.331 E14.62818
G1 X111.951 Y109.877 E14.63932
G1 X111.921 Y110.328 E14.64834
G1 X111.893 Y110.465 E14.65113
G1 X111.743 Y110.885 E14.66003
G1 X111.424 Y111.338 E14.67108
G1 X111.081 Y111.618 E14.67992
G1 X110.965 Y111.696 E14.68271
G1 X110.568 Y111.869 E14.69135
G1 X110.534 Y111.88 E14.69206
G1 X110 Y111.953 E14.70282
G0 F9000 X110.228 Y111.52
;TYPE:SKIN
G1 F600 X109.924 Y111.541 E14.7096
G1 X109.25 Y111.366 E14.7251
G1 X108.789 Y110.978 E14.73852
G1 X108.504 Y110.416 E14.75254
G1 X108.461 Y109.892 E14.76425
G0 F9000 X108.311 Y109.477
G1 F600 X109.47 Y108.318 E14.7806
G0 F9000 X109.837 Y108.234
G1 F600 X108.858 Y109.213 E14.79442
G0 F9000 X108.547 Y109.523
G1 F600 X108.8 Y108.704 E14.80575
G0 F9000 X109.887 Y108.466
G1 F600 X110.191 Y108.445 E14.81287
G1 X110.982 Y108.785 E14.83299
G1 X111.365 Y109.251 E14.84708
G1 X111.55 Y109.914 E14.86316
G1 X111.532 Y110.215 E14.87021
G1 X111.021 Y111.009 E14.89227
G0 F9000 X110.69 Y111.623
G1 F600 X111.628 Y110.686 E14.9055
G0 F9000 X111.532 Y110.722
;MESH:NONMESH
G0 F300 X111.532 Y110.722 Z1.56
G0 F9000 X110.322 Y111.309
G0 X109.619 Y111.347
G0 X109.712 Y111.171
;TIME_ELAPSED:73.378448
;LAYER:12
;TYPE:WALL-OUTER
;MESH:puleggia carrucola.stl
G1 F600 X110.288 Y111.171 E14.91699
G1 X110.8 Y110.903 E14.92852
G1 X111.124 Y110.433 E14.93992
G1 X111.201 Y110.012 E14.94846
G1 X111.191 Y109.837 E14.95195
G1 X110.992 Y109.315 E14.9631
G1 X110.561 Y108.933 E14.9746
G1 X110 Y108.794 E14.98613
G1 X109.439 Y108.933 E14.99766
G1 X109.008 Y109.315 E15.00916
G1 X108.802 Y109.854 E15.02067
G1 X108.872 Y110.428 E15.03221
G1 X109.2 Y110.903 E15.04373
G1 X109.712 Y111.171 E15.05526
G0 F9000 X110 Y111.855
G1 F600 X109.5 Y111.787 E15.06533
G1 X109.037 Y111.586 E15.07541
G1 X108.642 Y111.265 E15.08556
G1 X108.351 Y110.849 E15.0957
G1 X108.183 Y110.377 E15.10569
G1 X108.15 Y109.873 E15.11577
G1 X108.252 Y109.379 E15.12584
G1 X108.484 Y108.93 E15.13592
G1 X108.83 Y108.561 E15.14602
G1 X109.26 Y108.299 E15.15607
G1 X109.749 Y108.162 E15.1662
G1 X110.251 Y108.162 E15.17622
G1 X110.74 Y108.299 E15.18635
G1 X111.181 Y108.57 E15.19668
G1 X111.514 Y108.928 E15.20644
G1 X111.748 Y109.379 E15.21658
G1 X111.85 Y109.873 E15.22665
G1 X111.817 Y110.38 E15.23679
G1 X111.647 Y110.853 E15.24682
G1 X111.353 Y111.27 E15.257
G1 X110.963 Y111.586 E15.26702
G1 X110.5 Y111.787 E15.27709
G1 X110 Y111.855 E15.28716
G0 F9000 X109.802 Y111.499
;TYPE:SKIN
G1 F600 X110.081 Y111.495 E15.29155
G1 X110.747 Y111.313 E15.30243
G1 X111.195 Y110.913 E15.31189
G1 X111.47 Y110.339 E15.32192
G1 X111.473 Y109.776 E15.33078
G1 X110.987 Y109.007 E15.34511
G1 X110.223 Y108.526 E15.35934
G1 X109.665 Y108.533 E15.36813
G1 X109.081 Y108.798 E15.37823
G1 X108.686 Y109.252 E15.38771
G1 X108.501 Y109.915 E15.39855
G1 X108.513 Y110.21 E15.4032
G1 X109.002 Y110.982 E15.4176
G0 F9000 X109.202 Y111.465
G1 F600 X108.515 Y110.778 E15.42729
G0 F9000 X108.536 Y110.764
G0 X108.661 Y109.837
G0 X108.891 Y109.234
G0 X109.373 Y108.807
G0 X109.727 Y108.719
G0 X110.798 Y108.568
G0 X110.811 Y108.548
G1 F600 X111.451 Y109.188 E15.43632
G0 F9000 X111.488 Y109.214
;MESH:NONMESH
G0 F300 X111.488 Y109.214 Z1.68
G0 F9000 X111.448 Y109.234
G0 X111.255 Y110.487
G0 X110.894 Y111.009
G0 X110.38 Y111.279
G0 X109.619 Y111.347
G0 X109.712 Y111.171
;TIME_ELAPSED:76.924338
;LAYER:13
;TYPE:WALL-OUTER
;MESH:puleggia carrucola.stl
G1 F600 X110.288 Y111.171 E15.44782
G1 X110.8 Y110.903 E15.45935
G1 X111.124 Y110.433 E15.47074
G1 X111.201 Y110.012 E15.47928
G1 X111.191 Y109.837 E15.48278
G1 X110.992 Y109.315 E15.49393
G1 X110.561 Y108.933 E15.50542
G1 X110 Y108.794 E15.51695
G1 X109.439 Y108.933 E15.52849
G1 X109.008 Y109.315 E15.53998
G1 X108.802 Y109.854 E15.5515
G1 X108.872 Y110.428 E15.56304
G1 X109.2 Y110.903 E15.57456
G1 X109.712 Y111.171 E15.58609
G0 F9000 X110 Y111.785
G1 F600 X109.519 Y111.72 E15.59577
G1 X109.073 Y111.526 E15.60548
G1 X108.694 Y111.219 E15.61521
G1 X108.414 Y110.822 E15.62491
G1 X108.252 Y110.366 E15.63457
G1 X108.219 Y109.878 E15.64433
G1 X108.318 Y109.402 E15.65403
G1 X108.365 Y109.307 E15.65614
G1 X108.54 Y108.972 E15.66369
G1 X108.874 Y108.616 E15.67343
G1 X109.288 Y108.363 E15.68311
G1 X109.759 Y108.231 E15.69287
G1 X110.244 Y108.231 E15.70255
G1 X110.711 Y108.362 E15.71223
G1 X110.803 Y108.416 E15.71436
G1 X111.129 Y108.617 E15.722
G1 X111.457 Y108.968 E15.73159
G1 X111.683 Y109.403 E15.74137
G1 X111.781 Y109.878 E15.75105
G1 X111.748 Y110.366 E15.76081
G1 X111.586 Y110.822 E15.77047
G1 X111.306 Y111.219 E15.78016
G1 X110.929 Y111.524 E15.78984
G1 X110.827 Y111.57 E15.79207
G1 X110.479 Y111.72 E15.79964
G1 X110 Y111.785 E15.80928
G0 F9000 X109.997 Y111.468
;TYPE:SKIN
G1 F600 X110.321 Y111.426 E15.81324
G1 X111.011 Y111.019 E15.82296
G1 X111.441 Y110.306 E15.83306
G1 X111.457 Y109.725 E15.8401
G1 X111.209 Y109.124 E15.84799
G1 X110.568 Y108.634 E15.85777
G1 X110.123 Y108.512 E15.86337
G1 X109.801 Y108.552 E15.8673
G1 X109.239 Y108.831 E15.87491
G1 X108.654 Y109.416 E15.88494
G1 X108.529 Y110.106 E15.89345
G1 X108.732 Y110.752 E15.90166
G1 X109.136 Y111.197 E15.90895
G1 X109.731 Y111.451 E15.91679
G0 F9000 X109.837 Y111.371
G0 X109.106 Y111.009
G0 X108.739 Y110.479
G0 X108.672 Y109.149
G0 X108.651 Y109.137
G1 F600 X109.118 Y108.67 E15.92338
;MESH:NONMESH
G0 F300 X109.118 Y108.67 Z1.8
G0 F9000 X109.131 Y108.693
G0 X108.661 Y109.837
G0 X108.739 Y110.479
G0 X109.069 Y110.956
G0 X109.619 Y111.347
G0 X109.712 Y111.171
;TIME_ELAPSED:80.280018
;LAYER:14
;TYPE:WALL-OUTER
;MESH:puleggia carrucola.stl
G1 F600 X110.288 Y111.171 E15.93488
G1 X110.8 Y110.903 E15.94641
G1 X111.124 Y110.433 E15.9578
G1 X111.201 Y110.012 E15.96634
G1 X111.191 Y109.837 E15.96984
G1 X110.992 Y109.315 E15.98099
G1 X110.561 Y108.933 E15.99248
G1 X110 Y108.794 E16.00401
G1 X109.439 Y108.933 E16.01555
G1 X109.008 Y109.315 E16.02704
G1 X108.802 Y109.854 E16.03856
G1 X108.872 Y110.428 E16.0501
G1 X109.2 Y110.903 E16.06162
G1 X109.712 Y111.171 E16.07315
G0 F9000 X110 Y111.716
G1 F600 X109.537 Y111.653 E16.08247
G1 X109.109 Y111.467 E16.09179
G1 X108.746 Y111.171 E16.10113
G1 X108.476 Y110.79 E16.11045
G1 X108.32 Y110.35 E16.11977
G1 X108.289 Y109.883 E16.12911
G1 X108.383 Y109.426 E16.13842
G1 X108.598 Y109.01 E16.14776
G1 X108.918 Y108.67 E16.15708
G1 X109.316 Y108.427 E16.16639
G1 X109.768 Y108.3 E16.17576
G1 X110.232 Y108.3 E16.18502
G1 X110.684 Y108.427 E16.19439
G1 X111.083 Y108.67 E16.20371
G1 X111.403 Y109.012 E16.21306
G1 X111.501 Y109.198 E16.21725
G1 X111.616 Y109.424 E16.22231
G1 X111.711 Y109.883 E16.23167
G1 X111.68 Y110.352 E16.24105
G1 X111.524 Y110.79 E16.25032
G1 X111.254 Y111.171 E16.25964
G1 X110.891 Y111.467 E16.26899
G1 X110.463 Y111.653 E16.2783
G1 X110 Y111.716 E16.28763
G0 F9000 X110.02 Y111.434
;TYPE:SKIN
G1 F600 X109.721 Y111.418 E16.29063
G1 X109.008 Y110.988 E16.29896
G1 X108.587 Y110.284 E16.30717
G1 X108.58 Y109.711 E16.31291
G0 F9000 X108.65 Y109.498
G1 F600 X108.737 Y109.303 E16.31488
G1 X109.294 Y108.729 E16.32224
G1 X109.962 Y108.548 E16.32861
G1 X110.292 Y108.595 E16.33167
G1 X110.993 Y109.013 E16.33918
G1 X111.398 Y109.701 E16.34653
G1 X111.415 Y110.284 E16.3519
G1 X111.146 Y110.864 E16.35778
G1 X110.695 Y111.26 E16.36331
G1 X110.503 Y111.352 E16.36527
G0 F9000 X110.358 Y111.489
G1 F600 X110.214 Y111.345 E16.3673
;MESH:NONMESH
G0 F300 X110.214 Y111.345 Z1.92
G0 F9000 X109.712 Y111.171
;TIME_ELAPSED:83.241230
;LAYER:15
;TYPE:WALL-OUTER
;MESH:puleggia carrucola.stl
G1 F600 X110.288 Y111.171 E16.37879
G1 X110.8 Y110.903 E16.39032
G1 X111.124 Y110.433 E16.40172
G1 X111.201 Y110.012 E16.41026
G1 X111.191 Y109.837 E16.41376
G1 X110.992 Y109.315 E16.4249
G1 X110.561 Y108.933 E16.4364
G1 X110 Y108.794 E16.44793
G1 X109.439 Y108.933 E16.45946
G1 X109.008 Y109.315 E16.47096
G1 X108.802 Y109.854 E16.48247
G1 X108.872 Y110.428 E16.49401
G1 X109.2 Y110.903 E16.50553
G1 X109.712 Y111.171 E16.51707
G0 F9000 X110 Y111.646
G1 F600 X109.556 Y111.586 E16.52601
G1 X109.145 Y111.407 E16.53495
G1 X108.798 Y111.124 E16.54389
G1 X108.537 Y110.755 E16.55291
G1 X108.388 Y110.337 E16.56176
G1 X108.358 Y109.887 E16.57076
G1 X108.448 Y109.45 E16.57967
G1 X108.656 Y109.05 E16.58866
G1 X108.87 Y108.819 E16.59495
G1 X108.961 Y108.724 E16.59757
G1 X109.346 Y108.489 E16.60658
G1 X109.775 Y108.369 E16.61546
G1 X110.223 Y108.369 E16.62441
G1 X110.656 Y108.49 E16.63338
G1 X110.927 Y108.654 E16.6397
G1 X111.038 Y108.723 E16.64231
G1 X111.346 Y109.052 E16.6513
G1 X111.551 Y109.445 E16.66015
G1 X111.642 Y109.887 E16.66915
G1 X111.612 Y110.337 E16.67815
G1 X111.463 Y110.755 E16.68701
G1 X111.201 Y111.125 E16.69605
G1 X110.856 Y111.407 E16.70495
G1 X110.444 Y111.586 E16.71391
G1 X110 Y111.646 E16.72285
G0 F9000 X110.058 Y111.406
;TYPE:SKIN
G1 F600 X110.401 Y111.345 E16.72484
G1 X111.066 Y110.964 E16.72921
G1 X111.365 Y110.383 E16.73294
G1 X111.399 Y109.783 E16.73637
G1 X111.16 Y109.173 E16.74011
G1 X110.514 Y108.687 E16.74472
G1 X110.055 Y108.58 E16.74741
G1 X109.732 Y108.62 E16.74927
G1 X109.139 Y108.931 E16.75309
G1 X108.764 Y109.306 E16.75611
G1 X108.594 Y110.041 E16.76042
G1 X108.782 Y110.703 E16.76435
G1 X109.186 Y111.147 E16.76777
G1 X109.556 Y111.342 E16.77016
G0 F9000 X109.747 Y111.435
G1 F600 X109.837 Y111.345 E16.77143
;MESH:NONMESH
G0 F300 X109.837 Y111.345 Z2.04
G0 F9000 X109.712 Y111.171
;TIME_ELAPSED:86.091950
;LAYER:16
;TYPE:WALL-OUTER
;MESH:puleggia carrucola.stl
G1 F600 X110.288 Y111.171 E16.78292
G1 X110.8 Y110.903 E16.79445
G1 X111.124 Y110.433 E16.80585
G1 X111.201 Y110.012 E16.81439
G1 X111.191 Y109.837 E16.81789
G1 X110.992 Y109.315 E16.82903
G1 X110.561 Y108.933 E16.84053
G1 X110 Y108.794 E16.85206
G1 X109.439 Y108.933 E16.86359
G1 X109.008 Y109.315 E16.87509
G1 X108.802 Y109.854 E16.8866
G1 X108.872 Y110.428 E16.89814
G1 X109.2 Y110.903 E16.90966
G1 X109.712 Y111.171 E16.92119
G0 F9000 X110 Y111.576
G1 F600 X109.575 Y111.519 E16.92975
G1 X109.181 Y111.348 E16.93832
G1 X108.848 Y111.076 E16.9469
G1 X108.6 Y110.725 E16.95548
G1 X108.456 Y110.323 E16.964
G1 X108.428 Y109.891 E16.97264
G1 X108.513 Y109.476 E16.98109
G1 X108.713 Y109.09 E16.98977
G1 X109.005 Y108.778 E16.9983
G1 X109.372 Y108.554 E17.00688
G1 X109.787 Y108.438 E17.01548
G1 X110.213 Y108.438 E17.02398
G1 X110.628 Y108.554 E17.03258
G1 X110.995 Y108.778 E17.04116
G1 X111.287 Y109.09 E17.04969
G1 X111.486 Y109.473 E17.0583
G1 X111.573 Y109.888 E17.06676
G1 X111.544 Y110.323 E17.07546
G1 X111.4 Y110.725 E17.08398
G1 X111.152 Y111.076 E17.09256
G1 X110.819 Y111.348 E17.10114
G1 X110.425 Y111.519 E17.10971
G1 X110 Y111.576 E17.11827
;MESH:NONMESH
G0 F300 X110 Y111.576 Z2.16
G0 F9000 X109.712 Y111.171
;TIME_ELAPSED:87.998103
;LAYER:17
;TYPE:WALL-OUTER
;MESH:puleggia carrucola.stl
G1 F600 X110.288 Y111.171 E17.12976
G1 X110.8 Y110.903 E17.1413
G1 X111.124 Y110.433 E17.15269
G1 X111.201 Y110.012 E17.16123
G1 X111.191 Y109.837 E17.16473
G1 X110.992 Y109.315 E17.17588
G1 X110.561 Y108.933 E17.18737
G1 X110 Y108.794 E17.1989
G1 X109.439 Y108.933 E17.21044
G1 X109.008 Y109.315 E17.22193
G1 X108.802 Y109.854 E17.23344
G1 X108.872 Y110.428 E17.24498
G1 X109.2 Y110.903 E17.2565
G1 X109.712 Y111.171 E17.26804
G0 F9000 X110 Y111.53
G1 F600 X109.587 Y111.473 E17.27636
G1 X109.206 Y111.307 E17.28465
G1 X108.882 Y111.043 E17.29299
G1 X108.641 Y110.702 E17.30132
G1 X108.502 Y110.311 E17.3096
G1 X108.475 Y109.895 E17.31792
G1 X108.559 Y109.488 E17.32622
G1 X108.576 Y109.452 E17.32701
G1 X108.751 Y109.117 E17.33455
G1 X109.033 Y108.815 E17.3428
G1 X109.39 Y108.596 E17.35116
G1 X109.793 Y108.485 E17.3595
G1 X110.207 Y108.485 E17.36776
G1 X110.61 Y108.596 E17.3761
G1 X110.967 Y108.815 E17.38446
G1 X111.25 Y109.118 E17.39273
G1 X111.442 Y109.488 E17.40105
G1 X111.525 Y109.895 E17.40934
G1 X111.498 Y110.313 E17.4177
G1 X111.358 Y110.703 E17.42597
G1 X111.116 Y111.045 E17.43433
G1 X110.792 Y111.308 E17.44266
G1 X110.41 Y111.474 E17.45097
G1 X110 Y111.53 E17.45923
;MESH:NONMESH
G0 F300 X110 Y111.53 Z2.28
G0 F9000 X109.712 Y111.171
;TIME_ELAPSED:89.870320
;LAYER:18
;TYPE:WALL-OUTER
;MESH:puleggia carrucola.stl
G1 F600 X110.288 Y111.171 E17.47072
G1 X110.8 Y110.903 E17.48226
G1 X111.124 Y110.433 E17.49365
G1 X111.201 Y110.012 E17.50219
G1 X111.191 Y109.837 E17.50569
G1 X110.992 Y109.315 E17.51684
G1 X110.561 Y108.933 E17.52833
G1 X110 Y108.794 E17.53986
G1 X109.439 Y108.933 E17.5514
G1 X109.008 Y109.315 E17.56289
G1 X108.802 Y109.854 E17.57441
G1 X108.872 Y110.428 E17.58594
G1 X109.2 Y110.903 E17.59746
G1 X109.712 Y111.171 E17.609
G0 F9000 X110 Y111.49
G1 F600 X109.598 Y111.436 E17.61709
G1 X109.226 Y111.274 E17.62519
G1 X108.91 Y111.017 E17.63332
G1 X108.676 Y110.686 E17.64141
G1 X108.541 Y110.306 E17.64945
G1 X108.514 Y109.897 E17.65763
G1 X108.596 Y109.5 E17.66572
G1 X108.782 Y109.14 E17.67381
G1 X109.058 Y108.845 E17.68187
G1 X109.407 Y108.633 E17.69002
G1 X109.525 Y108.598 E17.69248
G1 X109.798 Y108.523 E17.69813
G1 X110.201 Y108.523 E17.70617
G1 X110.594 Y108.634 E17.71432
G1 X110.942 Y108.845 E17.72244
G1 X111.218 Y109.141 E17.73052
G1 X111.274 Y109.246 E17.73289
G1 X111.404 Y109.501 E17.7386
G1 X111.486 Y109.897 E17.74667
G1 X111.459 Y110.306 E17.75485
G1 X111.324 Y110.686 E17.7629
G1 X111.09 Y111.017 E17.77099
G1 X110.774 Y111.274 E17.77912
G1 X110.402 Y111.436 E17.78722
G1 X110 Y111.49 E17.79531
;MESH:NONMESH
G0 F300 X110 Y111.49 Z2.4
G0 F9000 X109.712 Y111.171
;TIME_ELAPSED:91.714253
;LAYER:19
;TYPE:WALL-OUTER
;MESH:puleggia carrucola.stl
G1 F600 X110.288 Y111.171 E17.8068
G1 X110.8 Y110.903 E17.81834
G1 X111.124 Y110.433 E17.82973
G1 X111.201 Y110.012 E17.83827
G1 X111.191 Y109.837 E17.84177
G1 X110.992 Y109.315 E17.85292
G1 X110.561 Y108.933 E17.86441
G1 X110 Y108.794 E17.87594
G1 X109.439 Y108.933 E17.88748
G1 X109.008 Y109.315 E17.89897
G1 X108.802 Y109.854 E17.91049
G1 X108.872 Y110.428 E17.92203
G1 X109.2 Y110.903 E17.93355
G1 X109.712 Y111.171 E17.94508
G0 F9000 X110 Y111.451
G1 F600 X109.611 Y111.398 E17.95291
G1 X109.245 Y111.24 E17.96087
G1 X108.937 Y110.988 E17.96881
G1 X108.711 Y110.668 E17.97663
G1 X108.579 Y110.298 E17.98447
G1 X108.553 Y109.899 E17.99245
G1 X108.633 Y109.513 E18.00031
G1 X108.815 Y109.162 E18.0082
G1 X109.084 Y108.875 E18.01605
G1 X109.424 Y108.669 E18.02399
G1 X109.802 Y108.562 E18.03183
G1 X110.197 Y108.562 E18.03971
G1 X110.576 Y108.668 E18.04756
G1 X110.916 Y108.874 E18.0555
G1 X111.186 Y109.163 E18.06339
G1 X111.367 Y109.513 E18.07125
G1 X111.447 Y109.9 E18.07914
G1 X111.421 Y110.298 E18.0871
G1 X111.289 Y110.668 E18.09494
G1 X111.063 Y110.988 E18.10276
G1 X110.755 Y111.24 E18.1107
G1 X110.389 Y111.398 E18.11865
G1 X110 Y111.451 E18.12649
;MESH:NONMESH
G0 F300 X110 Y111.451 Z2.52
G0 F9000 X109.712 Y111.171
;TIME_ELAPSED:93.529974
;LAYER:20
;TYPE:WALL-OUTER
;MESH:puleggia carrucola.stl
G1 F600 X110.288 Y111.171 E18.13798
G1 X110.8 Y110.903 E18.14951
G1 X111.124 Y110.433 E18.16091
G1 X111.201 Y110.012 E18.16945
G1 X111.191 Y109.837 E18.17295
G1 X110.992 Y109.315 E18.18409
G1 X110.561 Y108.933 E18.19559
G1 X110 Y108.794 E18.20712
G1 X109.439 Y108.933 E18.21865
G1 X109.008 Y109.315 E18.23015
G1 X108.802 Y109.854 E18.24166
G1 X108.872 Y110.428 E18.2532
G1 X109.2 Y110.903 E18.26472
G1 X109.712 Y111.171 E18.27625
G0 F9000 X109.999 Y111.412
G1 F600 X109.713 Y111.374 E18.28201
G1 X109.621 Y111.36 E18.28387
G1 X109.264 Y111.205 E18.29164
G1 X108.969 Y110.966 E18.29921
G1 X108.745 Y110.647 E18.30699
G1 X108.618 Y110.29 E18.31455
G1 X108.592 Y109.901 E18.32233
G1 X108.648 Y109.62 E18.32805
G1 X108.668 Y109.531 E18.32987
G1 X108.847 Y109.185 E18.33765
G1 X109.11 Y108.905 E18.34531
G1 X109.439 Y108.704 E18.35301
G1 X109.806 Y108.601 E18.36061
G1 X110.191 Y108.601 E18.3683
G1 X110.471 Y108.678 E18.37409
G1 X110.564 Y108.706 E18.37603
G1 X110.81 Y108.853 E18.38175
G1 X110.888 Y108.902 E18.38359
G1 X111.153 Y109.185 E18.39132
G1 X111.331 Y109.528 E18.39903
G1 X111.408 Y109.903 E18.40667
G1 X111.382 Y110.29 E18.41441
G1 X111.255 Y110.647 E18.42198
G1 X111.031 Y110.966 E18.42976
G1 X110.736 Y111.205 E18.43733
G1 X110.379 Y111.36 E18.4451
G1 X109.999 Y111.412 E18.45275
;MESH:NONMESH
G0 F300 X109.999 Y111.412 Z2.64
G0 F9000 X109.712 Y111.171
;TIME_ELAPSED:95.317496
;LAYER:21
;TYPE:WALL-OUTER
;MESH:puleggia carrucola.stl
G1 F600 X110.288 Y111.171 E18.46425
G1 X110.8 Y110.903 E18.47578
G1 X111.124 Y110.433 E18.48717
G1 X111.201 Y110.012 E18.49571
G1 X111.191 Y109.837 E18.49921
G1 X110.992 Y109.315 E18.51036
G1 X110.561 Y108.933 E18.52185
G1 X110 Y108.794 E18.53339
G1 X109.439 Y108.933 E18.54492
G1 X109.008 Y109.315 E18.55641
G1 X108.802 Y109.854 E18.56793
G1 X108.872 Y110.428 E18.57947
G1 X109.2 Y110.903 E18.59099
G1 X109.712 Y111.171 E18.60252
G0 F9000 X110 Y111.373
G1 F600 X109.629 Y111.323 E18.60999
G1 X109.287 Y111.174 E18.61744
G1 X108.998 Y110.939 E18.62487
G1 X108.78 Y110.63 E18.63242
G1 X108.657 Y110.286 E18.63971
G1 X108.631 Y109.906 E18.64731
G1 X108.707 Y109.538 E18.65481
G1 X108.877 Y109.21 E18.66218
G1 X109.13 Y108.937 E18.66961
G1 X109.455 Y108.74 E18.67719
G1 X109.808 Y108.64 E18.68451
G1 X110.186 Y108.64 E18.69206
G1 X110.541 Y108.738 E18.6994
G1 X110.867 Y108.936 E18.70702
G1 X111.122 Y109.208 E18.71446
G1 X111.293 Y109.538 E18.72187
G1 X111.369 Y109.906 E18.72937
G1 X111.344 Y110.282 E18.73689
G1 X111.22 Y110.629 E18.74425
G1 X111.002 Y110.939 E18.75181
G1 X110.713 Y111.174 E18.75924
G1 X110.371 Y111.323 E18.76669
G1 X110 Y111.373 E18.77416
G0 F9000 X109.974 Y111.371
;MESH:NONMESH
G0 F300 X109.974 Y111.371 Z2.76
G0 F9000 X109.712 Y111.171
;TIME_ELAPSED:97.079224
;LAYER:22
;TYPE:WALL-OUTER
;MESH:puleggia carrucola.stl
G1 F600 X110.288 Y111.171 E18.78565
G1 X110.8 Y110.903 E18.79719
G1 X111.124 Y110.433 E18.80858
G1 X111.201 Y110.012 E18.81712
G1 X111.191 Y109.837 E18.82062
G1 X110.992 Y109.315 E18.83176
G1 X110.561 Y108.933 E18.84326
G1 X110 Y108.794 E18.85479
G1 X109.439 Y108.933 E18.86633
G1 X109.008 Y109.315 E18.87782
G1 X108.802 Y109.854 E18.88933
G1 X108.872 Y110.428 E18.90087
G1 X109.2 Y110.903 E18.91239
G1 X109.712 Y111.171 E18.92393
G0 F9000 X110.001 Y111.354
G1 F600 X109.634 Y111.304 E18.93132
G1 X109.291 Y111.154 E18.93879
G1 X109.277 Y111.145 E18.93912
G1 X109.016 Y110.933 E18.94583
G1 X108.794 Y110.616 E18.95355
G1 X108.675 Y110.275 E18.96076
G1 X108.649 Y109.9 E18.96826
G1 X108.725 Y109.545 E18.97551
G1 X108.895 Y109.218 E18.98286
G1 X109.151 Y108.945 E18.99033
G1 X109.459 Y108.758 E18.99752
G1 X109.824 Y108.657 E19.00508
G1 X110.182 Y108.659 E19.01222
G1 X110.545 Y108.76 E19.01974
G1 X110.855 Y108.951 E19.02701
G1 X111.106 Y109.219 E19.03434
G1 X111.278 Y109.551 E19.0418
G1 X111.352 Y109.908 E19.04907
G1 X111.325 Y110.285 E19.05662
G1 X111.208 Y110.615 E19.0636
G1 X110.981 Y110.932 E19.07138
G1 X110.701 Y111.158 E19.07857
G1 X110.36 Y111.307 E19.08599
G1 X110.001 Y111.354 E19.09322
G0 F9000 X109.976 Y111.371
;MESH:NONMESH
G0 F300 X109.976 Y111.371 Z2.88
G0 F9000 X109.712 Y111.171
;TIME_ELAPSED:98.829085
;LAYER:23
;TYPE:WALL-OUTER
;MESH:puleggia carrucola.stl
G1 F600 X110.288 Y111.171 E19.10471
G1 X110.8 Y110.903 E19.11624
G1 X111.124 Y110.433 E19.12764
G1 X111.201 Y110.012 E19.13618
G1 X111.191 Y109.837 E19.13968
G1 X110.992 Y109.315 E19.15082
G1 X110.561 Y108.933 E19.16232
G1 X110 Y108.794 E19.17385
G1 X109.439 Y108.933 E19.18538
G1 X109.008 Y109.315 E19.19688
G1 X108.802 Y109.854 E19.20839
G1 X108.872 Y110.428 E19.21993
G1 X109.2 Y110.903 E19.23145
G1 X109.712 Y111.171 E19.24298
G0 F9000 X110.001 Y111.341
G1 F600 X109.638 Y111.292 E19.25029
G1 X109.298 Y111.144 E19.25769
G1 X109.243 Y111.104 E19.25905
G1 X109.027 Y110.927 E19.26462
G1 X108.805 Y110.61 E19.27235
G1 X108.687 Y110.276 E19.27942
G1 X108.662 Y109.892 E19.2871
G1 X108.683 Y109.805 E19.28888
G1 X108.736 Y109.552 E19.29404
G1 X108.905 Y109.226 E19.30137
G1 X109.159 Y108.955 E19.30878
G1 X109.222 Y108.912 E19.3103
G1 X109.458 Y108.771 E19.31579
G1 X109.829 Y108.669 E19.32347
G1 X110.184 Y108.672 E19.33055
G1 X110.287 Y108.699 E19.33268
G1 X110.544 Y108.772 E19.33801
G1 X110.844 Y108.958 E19.34505
G1 X111.095 Y109.226 E19.35238
G1 X111.266 Y109.558 E19.35983
G1 X111.284 Y109.631 E19.36133
G1 X111.339 Y109.895 E19.36672
G1 X111.312 Y110.282 E19.37446
G1 X111.297 Y110.337 E19.37559
G1 X111.212 Y110.575 E19.38064
G1 X111.196 Y110.611 E19.38142
G1 X110.966 Y110.933 E19.38932
G1 X110.9 Y110.981 E19.39095
G1 X110.697 Y111.146 E19.39617
G1 X110.352 Y111.296 E19.40368
G1 X110.001 Y111.341 E19.41074
G0 F9000 X109.977 Y111.371
;MESH:NONMESH
G0 F300 X109.977 Y111.371 Z3
G0 F9000 X109.712 Y111.171
;TIME_ELAPSED:100.571665
;LAYER:24
;TYPE:WALL-OUTER
;MESH:puleggia carrucola.stl
G1 F600 X110.288 Y111.171 E19.42223
G1 X110.8 Y110.903 E19.43377
G1 X111.124 Y110.433 E19.44516
G1 X111.201 Y110.012 E19.4537
G1 X111.191 Y109.837 E19.4572
G1 X110.992 Y109.315 E19.46835
G1 X110.561 Y108.933 E19.47984
G1 X110 Y108.794 E19.49137
G1 X109.439 Y108.933 E19.50291
G1 X109.008 Y109.315 E19.5144
G1 X108.802 Y109.854 E19.52592
G1 X108.872 Y110.428 E19.53745
G1 X109.2 Y110.903 E19.54897
G1 X109.712 Y111.171 E19.56051
G0 F9000 X110.002 Y111.329
G1 F600 X109.641 Y111.28 E19.56778
G1 X109.308 Y111.135 E19.57503
G1 X109.071 Y110.951 E19.58101
G1 X109.034 Y110.916 E19.58203
G1 X108.813 Y110.599 E19.58974
G1 X108.699 Y110.272 E19.59665
G1 X108.673 Y109.889 E19.60431
G1 X108.749 Y109.554 E19.61117
G1 X108.915 Y109.233 E19.61838
G1 X109.161 Y108.969 E19.62558
G1 X109.437 Y108.795 E19.63209
G1 X109.459 Y108.783 E19.63259
G1 X109.829 Y108.681 E19.64025
G1 X109.894 Y108.676 E19.64155
G1 X110.179 Y108.684 E19.64724
G1 X110.542 Y108.785 E19.65476
G1 X110.839 Y108.97 E19.66174
G1 X111.083 Y109.232 E19.66889
G1 X111.254 Y109.562 E19.67631
G1 X111.324 Y109.877 E19.68274
G1 X111.327 Y109.9 E19.68321
G1 X111.3 Y110.28 E19.69081
G1 X111.209 Y110.553 E19.69655
G1 X111.187 Y110.602 E19.69762
G1 X110.962 Y110.919 E19.70538
G1 X110.69 Y111.136 E19.71233
G1 X110.346 Y111.285 E19.71981
G1 X110.002 Y111.329 E19.72673
G0 F9000 X109.978 Y111.371
;MESH:NONMESH
G0 F300 X109.978 Y111.371 Z3.12
G0 F9000 X109.712 Y111.171
;TIME_ELAPSED:102.307278
;LAYER:25
;TYPE:WALL-OUTER
;MESH:puleggia carrucola.stl
G1 F600 X110.288 Y111.171 E19.73822
G1 X110.8 Y110.903 E19.74976
G1 X111.124 Y110.433 E19.76115
G1 X111.201 Y110.012 E19.76969
G1 X111.191 Y109.837 E19.77319
G1 X110.992 Y109.315 E19.78433
G1 X110.561 Y108.933 E19.79583
G1 X110 Y108.794 E19.80736
G1 X109.439 Y108.933 E19.8189
G1 X109.008 Y109.315 E19.83039
G1 X108.802 Y109.854 E19.8419
G1 X108.872 Y110.428 E19.85344
G1 X109.2 Y110.903 E19.86496
G1 X109.712 Y111.171 E19.8765
G0 F9000 X110.002 Y111.317
G1 F600 X109.645 Y111.267 E19.88369
G1 X109.313 Y111.124 E19.8909
G1 X109.094 Y110.957 E19.8964
G1 X109.046 Y110.91 E19.89774
G1 X108.825 Y110.595 E19.90542
G1 X108.712 Y110.27 E19.91229
G1 X108.686 Y109.894 E19.91981
G1 X108.761 Y109.559 E19.92666
G1 X108.88 Y109.326 E19.93188
G1 X108.925 Y109.243 E19.93376
G1 X109.173 Y108.975 E19.94105
G1 X109.427 Y108.813 E19.94706
G1 X109.462 Y108.796 E19.94784
G1 X109.831 Y108.693 E19.95548
G1 X110.176 Y108.696 E19.96237
G1 X110.54 Y108.798 E19.96991
G1 X110.829 Y108.977 E19.9767
G1 X111.073 Y109.241 E19.98387
G1 X111.242 Y109.566 E19.99118
G1 X111.31 Y109.863 E19.99726
G1 X111.315 Y109.905 E19.99811
G1 X111.289 Y110.269 E20.00539
G1 X111.174 Y110.6 E20.01238
G1 X110.953 Y110.91 E20.01998
G1 X110.685 Y111.123 E20.02681
G1 X110.331 Y111.276 E20.03451
G1 X110.002 Y111.317 E20.04112
G0 F9000 X109.979 Y111.371
;MESH:NONMESH
G0 F300 X109.979 Y111.371 Z3.24
G0 F9000 X109.712 Y111.171
;TIME_ELAPSED:104.035611
;LAYER:26
;TYPE:WALL-OUTER
;MESH:puleggia carrucola.stl
G1 F600 X110.288 Y111.171 E20.05262
G1 X110.8 Y110.903 E20.06415
G1 X111.124 Y110.433 E20.07554
G1 X111.201 Y110.012 E20.08408
G1 X111.191 Y109.837 E20.08758
G1 X110.992 Y109.315 E20.09873
G1 X110.561 Y108.933 E20.11022
G1 X110 Y108.794 E20.12176
G1 X109.439 Y108.933 E20.13329
G1 X109.008 Y109.315 E20.14478
G1 X108.802 Y109.854 E20.1563
G1 X108.872 Y110.428 E20.16784
G1 X109.2 Y110.903 E20.17936
G1 X109.712 Y111.171 E20.19089
G0 F9000 X109.999 Y111.303
G1 F600 X109.648 Y111.255 E20.19796
G1 X109.321 Y111.113 E20.20507
G1 X109.053 Y110.899 E20.21192
G1 X108.839 Y110.593 E20.21937
G1 X108.725 Y110.271 E20.22619
G1 X108.699 Y109.894 E20.23373
G1 X108.701 Y109.862 E20.23437
G1 X108.771 Y109.567 E20.24042
G1 X108.938 Y109.246 E20.24764
G1 X109.179 Y108.987 E20.2547
G1 X109.406 Y108.838 E20.26012
G1 X109.47 Y108.806 E20.26155
G1 X109.833 Y108.706 E20.26906
G1 X110.171 Y108.708 E20.2758
G1 X110.535 Y108.809 E20.28334
G1 X110.592 Y108.836 E20.2846
G1 X110.818 Y108.984 E20.28999
G1 X111.061 Y109.243 E20.29708
G1 X111.23 Y109.57 E20.30443
G1 X111.291 Y109.825 E20.30966
G1 X111.302 Y109.905 E20.31127
G1 X111.277 Y110.27 E20.31857
G1 X111.163 Y110.593 E20.32541
G1 X110.944 Y110.901 E20.33295
G1 X110.882 Y110.963 E20.3347
G1 X110.679 Y111.113 E20.33974
G1 X110.34 Y111.26 E20.34711
G1 X110.327 Y111.264 E20.34738
G1 X109.999 Y111.303 E20.35397
G0 F9000 X109.976 Y111.371
;MESH:NONMESH
G0 F300 X109.976 Y111.371 Z3.36
G0 F9000 X109.712 Y111.171
;TIME_ELAPSED:105.756733
;LAYER:27
;TYPE:WALL-OUTER
;MESH:puleggia carrucola.stl
G1 F600 X110.288 Y111.171 E20.36547
G1 X110.8 Y110.903 E20.377
G1 X111.124 Y110.433 E20.38839
G1 X111.201 Y110.012 E20.39693
G1 X111.191 Y109.837 E20.40043
G1 X110.992 Y109.315 E20.41158
G1 X110.561 Y108.933 E20.42307
G1 X110 Y108.794 E20.43461
G1 X109.439 Y108.933 E20.44614
G1 X109.008 Y109.315 E20.45763
G1 X108.802 Y109.854 E20.46915
G1 X108.872 Y110.428 E20.48069
G1 X109.2 Y110.903 E20.49221
G1 X109.712 Y111.171 E20.50374
G0 F9000 X109.991 Y111.298
G1 F600 X109.658 Y111.253 E20.51045
G1 X109.328 Y111.112 E20.51761
G1 X109.048 Y110.884 E20.52481
G1 X108.843 Y110.593 E20.53192
G1 X108.729 Y110.266 E20.53883
G1 X108.704 Y109.895 E20.54625
G1 X108.71 Y109.849 E20.54717
G1 X108.777 Y109.563 E20.55304
G1 X108.938 Y109.254 E20.55999
G1 X109.184 Y108.989 E20.5672
G1 X109.402 Y108.846 E20.57241
G1 X109.48 Y108.809 E20.57413
G1 X109.833 Y108.712 E20.58144
G1 X110.171 Y108.712 E20.58818
G1 X110.519 Y108.808 E20.59538
G1 X110.814 Y108.986 E20.60226
G1 X111.062 Y109.254 E20.60955
G1 X111.223 Y109.564 E20.61652
G1 X111.292 Y109.855 E20.62249
G1 X111.296 Y109.906 E20.62351
G1 X111.272 Y110.264 E20.63067
G1 X111.161 Y110.585 E20.63745
G1 X110.951 Y110.885 E20.64475
G1 X110.675 Y111.11 E20.65186
G1 X110.339 Y111.254 E20.65916
G1 X110.317 Y111.259 E20.65961
G1 X109.991 Y111.298 E20.66616
G0 F9000 X109.969 Y111.371
;MESH:NONMESH
G0 F300 X109.969 Y111.371 Z3.48
G0 F9000 X109.712 Y111.171
;TIME_ELAPSED:107.473899
;LAYER:28
;TYPE:WALL-OUTER
;MESH:puleggia carrucola.stl
G1 F600 X110.288 Y111.171 E20.67765
G1 X110.8 Y110.903 E20.68918
G1 X111.124 Y110.433 E20.70058
G1 X111.201 Y110.012 E20.70912
G1 X111.191 Y109.837 E20.71262
G1 X110.992 Y109.315 E20.72376
G1 X110.561 Y108.933 E20.73526
G1 X110 Y108.794 E20.74679
G1 X109.439 Y108.933 E20.75832
G1 X109.008 Y109.315 E20.76982
G1 X108.802 Y109.854 E20.78133
G1 X108.872 Y110.428 E20.79287
G1 X109.2 Y110.903 E20.80439
G1 X109.712 Y111.171 E20.81592
G0 F9000 X109.986 Y111.299
G1 F600 X109.663 Y111.254 E20.82243
G1 X109.642 Y111.248 E20.82287
G1 X109.332 Y111.114 E20.82961
G1 X109.124 Y110.955 E20.83483
G1 X109.038 Y110.871 E20.83723
G1 X108.854 Y110.61 E20.8436
G1 X108.733 Y110.284 E20.85054
G1 X108.727 Y110.255 E20.85114
G1 X108.703 Y109.915 E20.85794
G1 X108.711 Y109.837 E20.8595
G1 X108.772 Y109.579 E20.86479
G1 X108.782 Y109.554 E20.86533
G1 X108.94 Y109.248 E20.8722
G1 X109.167 Y109.004 E20.87885
G1 X109.397 Y108.85 E20.88438
G1 X109.498 Y108.803 E20.8866
G1 X109.813 Y108.716 E20.89312
G1 X110.186 Y108.715 E20.90057
G1 X110.507 Y108.804 E20.90721
G1 X110.804 Y108.98 E20.9141
G1 X110.832 Y109.003 E20.91483
G1 X111.061 Y109.249 E20.92153
G1 X111.217 Y109.553 E20.92835
G1 X111.227 Y109.578 E20.92889
G1 X111.29 Y109.846 E20.93438
G1 X111.296 Y109.923 E20.93592
G1 X111.274 Y110.254 E20.94254
G1 X111.165 Y110.575 E20.94931
G1 X111.147 Y110.609 E20.95008
G1 X110.961 Y110.872 E20.9565
G1 X110.689 Y111.101 E20.9636
G1 X110.669 Y111.113 E20.96407
G1 X110.361 Y111.246 E20.97076
G1 X110.313 Y111.261 E20.97176
G1 X110.015 Y111.298 E20.97776
G1 X109.986 Y111.299 E20.97834
G0 F9000 X109.982 Y111.371
;MESH:NONMESH
G0 F300 X109.982 Y111.371 Z3.6
G0 F9000 X109.712 Y111.171
;TIME_ELAPSED:109.191109
;LAYER:29
;TYPE:WALL-OUTER
;MESH:puleggia carrucola.stl
G1 F600 X110.288 Y111.171 E20.98983
G1 X110.8 Y110.903 E21.00136
G1 X111.124 Y110.433 E21.01276
G1 X111.201 Y110.012 E21.0213
G1 X111.191 Y109.837 E21.02479
G1 X110.992 Y109.315 E21.03594
G1 X110.561 Y108.933 E21.04744
G1 X110 Y108.794 E21.05897
G1 X109.439 Y108.933 E21.0705
G1 X109.008 Y109.315 E21.082
G1 X108.802 Y109.854 E21.09351
G1 X108.872 Y110.428 E21.10505
G1 X109.2 Y110.903 E21.11657
G1 X109.712 Y111.171 E21.1281
G0 F9000 X109.971 Y111.297
G1 F600 X109.664 Y111.255 E21.13429
G1 X109.62 Y111.241 E21.13521
G1 X109.349 Y111.123 E21.14111
G1 X109.141 Y110.974 E21.14621
G1 X109.029 Y110.86 E21.1494
G1 X108.862 Y110.624 E21.15517
G1 X108.739 Y110.303 E21.16203
G1 X108.725 Y110.237 E21.16338
G1 X108.703 Y109.925 E21.16962
G1 X108.768 Y109.593 E21.17637
G1 X108.785 Y109.545 E21.17739
G1 X108.934 Y109.257 E21.18386
G1 X108.955 Y109.231 E21.18453
G1 X109.16 Y109.011 E21.19053
G1 X109.396 Y108.85 E21.19623
G1 X109.513 Y108.798 E21.19878
G1 X109.797 Y108.719 E21.20467
G1 X110.145 Y108.71 E21.21161
G1 X110.2 Y108.718 E21.21272
G1 X110.497 Y108.801 E21.21888
G1 X110.797 Y108.975 E21.2258
G1 X110.839 Y109.01 E21.22689
G1 X111.062 Y109.25 E21.23343
G1 X111.214 Y109.544 E21.24003
G1 X111.231 Y109.592 E21.24105
G1 X111.289 Y109.844 E21.24621
G1 X111.296 Y109.939 E21.24811
G1 X111.276 Y110.237 E21.25407
G1 X111.17 Y110.564 E21.26093
G1 X111.141 Y110.619 E21.26217
G1 X110.967 Y110.864 E21.26817
G1 X110.702 Y111.092 E21.27514
G1 X110.652 Y111.122 E21.27631
G1 X110.376 Y111.242 E21.28231
G1 X110.304 Y111.263 E21.28381
G1 X110.024 Y111.296 E21.28943
G1 X109.971 Y111.297 E21.29049
G0 F9000 X109.969 Y111.371
;MESH:NONMESH
G0 F300 X109.969 Y111.371 Z3.72
G0 F9000 X109.712 Y111.171
;TIME_ELAPSED:110.906595
;LAYER:30
;TYPE:WALL-OUTER
;MESH:puleggia carrucola.stl
G1 F600 X110.288 Y111.171 E21.30199
G1 X110.8 Y110.903 E21.31352
G1 X111.124 Y110.433 E21.32491
G1 X111.201 Y110.012 E21.33345
G1 X111.191 Y109.837 E21.33695
G1 X110.992 Y109.315 E21.3481
G1 X110.561 Y108.933 E21.35959
G1 X110 Y108.794 E21.37113
G1 X109.439 Y108.933 E21.38266
G1 X109.008 Y109.315 E21.39415
G1 X108.802 Y109.854 E21.40567
G1 X108.872 Y110.428 E21.41721
G1 X109.2 Y110.903 E21.42873
G1 X109.712 Y111.171 E21.44026
G0 F9000 X110.382 Y111.239
G1 F600 X110.04 Y111.295 E21.44718
G1 X109.956 Y111.296 E21.44885
G1 X109.661 Y111.254 E21.4548
G1 X109.614 Y111.238 E21.45579
G1 X109.363 Y111.13 E21.46124
G1 X109.142 Y110.976 E21.46662
G1 X109.023 Y110.852 E21.47005
G1 X108.868 Y110.632 E21.47542
G1 X108.739 Y110.305 E21.48243
G1 X108.723 Y110.228 E21.484
G1 X108.703 Y109.941 E21.48974
G1 X108.766 Y109.599 E21.49668
G1 X108.791 Y109.531 E21.49813
G1 X108.923 Y109.276 E21.50386
G1 X108.967 Y109.217 E21.50533
G1 X109.144 Y109.026 E21.51053
G1 X109.397 Y108.85 E21.51668
G1 X109.527 Y108.792 E21.51952
G1 X109.781 Y108.722 E21.52477
G1 X110.216 Y108.721 E21.53346
G1 X110.486 Y108.796 E21.53905
G1 X110.778 Y108.962 E21.54575
G1 X110.855 Y109.025 E21.54774
G1 X111.033 Y109.216 E21.55295
G1 X111.076 Y109.275 E21.5544
G1 X111.208 Y109.53 E21.56013
G1 X111.288 Y109.83 E21.56633
G1 X111.296 Y109.955 E21.56883
G1 X111.279 Y110.227 E21.57427
G1 X111.175 Y110.552 E21.58108
G1 X111.13 Y110.636 E21.58298
G1 X110.978 Y110.853 E21.58827
G1 X110.714 Y111.083 E21.59525
G1 X110.638 Y111.129 E21.59703
G1 X110.382 Y111.239 E21.60259
G0 F9000 X110.452 Y111.31
;MESH:NONMESH
G0 F300 X110.452 Y111.31 Z3.84
G0 F9000 X109.712 Y111.171
;TIME_ELAPSED:112.673232
;LAYER:31
;TYPE:WALL-OUTER
;MESH:puleggia carrucola.stl
G1 F600 X110.288 Y111.171 E21.61408
G1 X110.8 Y110.903 E21.62561
G1 X111.124 Y110.433 E21.63701
G1 X111.201 Y110.012 E21.64555
G1 X111.191 Y109.837 E21.64905
G1 X110.992 Y109.315 E21.66019
G1 X110.561 Y108.933 E21.67169
G1 X110 Y108.794 E21.68322
G1 X109.439 Y108.933 E21.69475
G1 X109.008 Y109.315 E21.70625
G1 X108.802 Y109.854 E21.71776
G1 X108.872 Y110.428 E21.7293
G1 X109.2 Y110.903 E21.74082
G1 X109.712 Y111.171 E21.75235
G0 F9000 X109.709 Y111.264
G1 F600 X109.377 Y111.137 E21.75945
G1 X109.14 Y110.974 E21.76519
G1 X108.876 Y110.646 E21.77359
G1 X108.744 Y110.321 E21.78059
G1 X108.703 Y109.963 E21.78778
G1 X108.759 Y109.624 E21.79464
G1 X108.798 Y109.514 E21.79697
G1 X108.914 Y109.29 E21.802
G1 X109.139 Y109.031 E21.80885
G1 X109.372 Y108.863 E21.81458
G1 X109.765 Y108.726 E21.82289
G1 X110.002 Y108.701 E21.82764
G1 X110.469 Y108.79 E21.83713
G1 X110.769 Y108.956 E21.84397
G1 X111.023 Y109.205 E21.85107
G1 X111.085 Y109.289 E21.85315
G1 X111.201 Y109.513 E21.85819
G1 X111.284 Y109.809 E21.86432
G1 X111.281 Y110.211 E21.87234
G1 X111.215 Y110.462 E21.87752
G1 X110.983 Y110.846 E21.88648
G1 X110.729 Y111.072 E21.89326
G1 X110.397 Y111.234 E21.90063
G1 X110.056 Y111.294 E21.90754
G1 X109.709 Y111.264 E21.91449
G0 F9000 X109.667 Y111.359
;MESH:NONMESH
G0 F300 X109.667 Y111.359 Z3.96
G0 F9000 X109.712 Y111.171
;TIME_ELAPSED:114.362771
;LAYER:32
;TYPE:WALL-OUTER
;MESH:puleggia carrucola.stl
G1 F600 X110.288 Y111.171 E21.92599
G1 X110.8 Y110.903 E21.93752
G1 X111.124 Y110.433 E21.94891
G1 X111.201 Y110.012 E21.95745
G1 X111.191 Y109.837 E21.96095
G1 X110.992 Y109.315 E21.9721
G1 X110.561 Y108.933 E21.98359
G1 X110 Y108.794 E21.99513
G1 X109.439 Y108.933 E22.00666
G1 X109.008 Y109.315 E22.01815
G1 X108.802 Y109.854 E22.02967
G1 X108.872 Y110.428 E22.04121
G1 X109.2 Y110.903 E22.05273
G1 X109.712 Y111.171 E22.06426
G0 F9000 X110.074 Y111.293
G1 F600 X109.72 Y111.266 E22.07135
G1 X109.392 Y111.145 E22.07832
G1 X109.146 Y110.981 E22.08422
G1 X108.887 Y110.665 E22.09238
G1 X108.752 Y110.348 E22.09925
G1 X108.703 Y109.973 E22.1068
G1 X108.755 Y109.637 E22.11359
G1 X108.9 Y109.315 E22.12063
G1 X109.124 Y109.045 E22.12763
G1 X109.368 Y108.865 E22.13368
G1 X109.75 Y108.729 E22.14178
G1 X110.002 Y108.701 E22.14684
G1 X110.451 Y108.785 E22.15595
G1 X110.746 Y108.939 E22.16259
G1 X111.022 Y109.202 E22.1702
G1 X111.194 Y109.499 E22.17705
G1 X111.285 Y109.81 E22.18352
G1 X111.283 Y110.188 E22.19106
G1 X111.213 Y110.467 E22.1968
G1 X110.995 Y110.832 E22.20528
G1 X110.741 Y111.064 E22.21215
G1 X110.413 Y111.229 E22.21948
G1 X110.074 Y111.293 E22.22636
G0 F9000 X110.052 Y111.371
;MESH:NONMESH
G0 F300 X110.052 Y111.371 Z4.08
G0 F9000 X109.712 Y111.171
;TIME_ELAPSED:116.088862
;LAYER:33
;TYPE:WALL-OUTER
;MESH:puleggia carrucola.stl
G1 F600 X110.288 Y111.171 E22.23786
G1 X110.8 Y110.903 E22.24939
G1 X111.124 Y110.433 E22.26078
G1 X111.201 Y110.012 E22.26932
G1 X111.191 Y109.837 E22.27282
G1 X110.992 Y109.315 E22.28397
G1 X110.561 Y108.933 E22.29546
G1 X110 Y108.794 E22.307
G1 X109.439 Y108.933 E22.31853
G1 X109.008 Y109.315 E22.33002
G1 X108.802 Y109.854 E22.34154
G1 X108.872 Y110.428 E22.35308
G1 X109.2 Y110.903 E22.3646
G1 X109.712 Y111.171 E22.37613
G0 F9000 X109.732 Y111.269
G1 F600 X109.406 Y111.152 E22.38304
G1 X109.156 Y110.99 E22.38899
G1 X108.891 Y110.671 E22.39726
G1 X108.755 Y110.362 E22.404
G1 X108.703 Y109.995 E22.4114
G1 X108.75 Y109.658 E22.41819
G1 X108.897 Y109.318 E22.42558
G1 X109.115 Y109.053 E22.43243
G1 X109.363 Y108.868 E22.4386
G1 X109.734 Y108.732 E22.44649
G1 X110.002 Y108.701 E22.45187
G1 X110.265 Y108.731 E22.45715
G1 X110.568 Y108.831 E22.46352
G1 X110.885 Y109.053 E22.47124
G1 X111.066 Y109.259 E22.47672
G1 X111.186 Y109.48 E22.48173
G1 X111.283 Y109.801 E22.48843
G1 X111.285 Y110.174 E22.49587
G1 X111.218 Y110.455 E22.50164
G1 X111.003 Y110.821 E22.51011
G1 X110.762 Y111.05 E22.51674
G1 X110.431 Y111.222 E22.52418
G1 X110.089 Y111.292 E22.53115
G1 X109.732 Y111.269 E22.53829
G0 F9000 X109.667 Y111.359
;MESH:NONMESH
G0 F300 X109.667 Y111.359 Z4.2
G0 F9000 X109.712 Y111.171
;TIME_ELAPSED:117.779933
;LAYER:34
;TYPE:WALL-OUTER
;MESH:puleggia carrucola.stl
G1 F600 X110.288 Y111.171 E22.54978
G1 X110.8 Y110.903 E22.56132
G1 X111.124 Y110.433 E22.57271
G1 X111.201 Y110.012 E22.58125
G1 X111.191 Y109.837 E22.58475
G1 X110.992 Y109.315 E22.5959
G1 X110.561 Y108.933 E22.60739
G1 X110 Y108.794 E22.61892
G1 X109.439 Y108.933 E22.63046
G1 X109.008 Y109.315 E22.64195
G1 X108.802 Y109.854 E22.65347
G1 X108.872 Y110.428 E22.66501
G1 X109.2 Y110.903 E22.67652
G1 X109.712 Y111.171 E22.68806
G0 F9000 X109.891 Y111.292
G1 F600 X109.548 Y111.215 E22.69507
G1 X109.236 Y111.047 E22.70214
G1 X109.014 Y110.834 E22.70828
G1 X108.808 Y110.513 E22.7159
G1 X108.713 Y110.152 E22.72334
G1 X108.707 Y109.871 E22.72895
G1 X108.819 Y109.467 E22.73732
G1 X108.997 Y109.178 E22.74409
G1 X109.271 Y108.927 E22.75151
G1 X109.558 Y108.787 E22.75788
G1 X109.944 Y108.704 E22.76576
G1 X109.995 Y108.7 E22.76678
G1 X110.281 Y108.735 E22.77253
G1 X110.573 Y108.834 E22.77868
G1 X110.899 Y109.066 E22.78667
G1 X111.067 Y109.258 E22.79176
G1 X111.253 Y109.669 E22.80076
G1 X111.293 Y110 E22.80742
G1 X111.243 Y110.367 E22.81481
G1 X111.097 Y110.691 E22.8219
G1 X110.887 Y110.949 E22.82854
G1 X110.577 Y111.16 E22.83602
G1 X110.311 Y111.261 E22.8417
G1 X109.891 Y111.292 E22.8501
G0 F9000 X109.891 Y111.371
;MESH:NONMESH
G0 F300 X109.891 Y111.371 Z4.32
G0 F9000 X109.712 Y111.171
;TIME_ELAPSED:119.484253
;LAYER:35
;TYPE:WALL-OUTER
;MESH:puleggia carrucola.stl
G1 F600 X110.288 Y111.171 E22.8616
G1 X110.8 Y110.903 E22.87313
G1 X111.124 Y110.433 E22.88452
G1 X111.201 Y110.012 E22.89307
G1 X111.191 Y109.837 E22.89656
G1 X110.992 Y109.315 E22.90771
G1 X110.561 Y108.933 E22.9192
G1 X110 Y108.794 E22.93074
G1 X109.439 Y108.933 E22.94227
G1 X109.008 Y109.315 E22.95377
G1 X108.802 Y109.854 E22.96528
G1 X108.872 Y110.428 E22.97682
G1 X109.2 Y110.903 E22.98834
G1 X109.712 Y111.171 E22.99987
G0 F9000 X109.766 Y111.276
G1 F600 X109.435 Y111.167 E23.00683
G1 X109.213 Y111.032 E23.01201
G1 X108.996 Y110.812 E23.01818
G1 X108.798 Y110.49 E23.02572
G1 X108.763 Y110.388 E23.02787
G1 X108.711 Y110.143 E23.03287
G1 X108.708 Y109.863 E23.03846
G1 X108.825 Y109.451 E23.04701
G1 X109.017 Y109.155 E23.05405
G1 X109.089 Y109.078 E23.05615
G1 X109.284 Y108.919 E23.06117
G1 X109.58 Y108.778 E23.06772
G1 X109.701 Y108.739 E23.07025
G1 X109.959 Y108.703 E23.07545
G1 X110.296 Y108.738 E23.08221
G1 X110.587 Y108.841 E23.08837
G1 X110.715 Y108.918 E23.09135
G1 X110.91 Y109.077 E23.09638
G1 X111.124 Y109.354 E23.10336
G1 X111.255 Y109.676 E23.1103
G1 X111.294 Y110.022 E23.11725
G1 X111.29 Y110.142 E23.11964
G1 X111.236 Y110.394 E23.12479
G1 X111.089 Y110.704 E23.13163
G1 X110.89 Y110.946 E23.13788
G1 X110.788 Y111.031 E23.14053
G1 X110.566 Y111.166 E23.14572
G1 X110.305 Y111.263 E23.15128
G1 X110.121 Y111.29 E23.15499
G1 X109.766 Y111.276 E23.16208
G0 F9000 X109.793 Y111.371
;MESH:NONMESH
G0 F300 X109.793 Y111.371 Z4.44
G0 F9000 X109.712 Y111.171
;TIME_ELAPSED:121.178235
;LAYER:36
;TYPE:WALL-OUTER
;MESH:puleggia carrucola.stl
G1 F600 X110.288 Y111.171 E23.17357
G1 X110.8 Y110.903 E23.1851
G1 X111.124 Y110.433 E23.1965
G1 X111.201 Y110.012 E23.20504
G1 X111.191 Y109.837 E23.20854
G1 X110.992 Y109.315 E23.21968
G1 X110.561 Y108.933 E23.23118
G1 X110 Y108.794 E23.24271
G1 X109.439 Y108.933 E23.25424
G1 X109.008 Y109.315 E23.26574
G1 X108.802 Y109.854 E23.27725
G1 X108.872 Y110.428 E23.28879
G1 X109.2 Y110.903 E23.30031
G1 X109.712 Y111.171 E23.31184
G0 F9000 X109.86 Y111.29
G1 F600 X109.515 Y111.203 E23.31895
G1 X109.45 Y111.176 E23.32035
G1 X109.206 Y111.027 E23.32606
G1 X108.978 Y110.793 E23.33258
G1 X108.919 Y110.717 E23.3345
G1 X108.786 Y110.465 E23.34018
G1 X108.77 Y110.41 E23.34132
G1 X108.709 Y110.125 E23.34714
G1 X108.711 Y109.834 E23.35295
G1 X108.737 Y109.699 E23.35569
G1 X108.829 Y109.44 E23.36118
G1 X109.027 Y109.141 E23.36833
G1 X109.076 Y109.09 E23.36974
G1 X109.296 Y108.911 E23.3754
G1 X109.603 Y108.768 E23.38216
G1 X109.683 Y108.743 E23.38384
G1 X109.996 Y108.7 E23.39014
G1 X110.038 Y108.703 E23.39098
G1 X110.311 Y108.741 E23.39648
G1 X110.597 Y108.846 E23.40256
G1 X110.703 Y108.91 E23.40503
G1 X110.923 Y109.089 E23.41069
G1 X111.134 Y109.37 E23.41771
G1 X111.17 Y109.439 E23.41926
G1 X111.262 Y109.698 E23.42474
G1 X111.297 Y110.046 E23.43172
G1 X111.292 Y110.124 E23.43328
G1 X111.234 Y110.397 E23.43885
G1 X111.209 Y110.478 E23.44054
G1 X111.084 Y110.712 E23.44584
G1 X110.874 Y110.962 E23.45235
G1 X110.792 Y111.028 E23.45445
G1 X110.551 Y111.175 E23.46009
G1 X110.301 Y111.264 E23.46538
G1 X110.137 Y111.289 E23.46869
G1 X109.86 Y111.29 E23.47422
G0 F9000 X109.86 Y111.371
;MESH:NONMESH
G0 F300 X109.86 Y111.371 Z4.56
G0 F9000 X109.712 Y111.171
;TIME_ELAPSED:122.880632
;LAYER:37
;TYPE:WALL-OUTER
;MESH:puleggia carrucola.stl
G1 F600 X110.288 Y111.171 E23.48572
G1 X110.8 Y110.903 E23.49725
G1 X111.124 Y110.433 E23.50864
G1 X111.201 Y110.012 E23.51718
G1 X111.191 Y109.837 E23.52068
G1 X110.992 Y109.315 E23.53183
G1 X110.561 Y108.933 E23.54332
G1 X110 Y108.794 E23.55486
G1 X109.439 Y108.933 E23.56639
G1 X109.008 Y109.315 E23.57788
G1 X108.802 Y109.854 E23.5894
G1 X108.872 Y110.428 E23.60094
G1 X109.2 Y110.903 E23.61246
G1 X109.712 Y111.171 E23.62399
G0 F9000 X109.846 Y111.289
G1 F600 X109.505 Y111.2 E23.63102
G1 X109.461 Y111.181 E23.63198
G1 X109.196 Y111.02 E23.63817
G1 X109.145 Y110.979 E23.63947
G1 X108.952 Y110.764 E23.64524
G1 X108.929 Y110.733 E23.64601
G1 X108.784 Y110.461 E23.65216
G1 X108.774 Y110.427 E23.65287
G1 X108.706 Y110.104 E23.65945
G1 X108.709 Y109.852 E23.66448
G1 X108.734 Y109.712 E23.66732
G1 X108.835 Y109.428 E23.67334
G1 X109.027 Y109.141 E23.68023
G1 X109.068 Y109.097 E23.68143
G1 X109.311 Y108.9 E23.68767
G1 X109.386 Y108.854 E23.68943
G1 X109.635 Y108.754 E23.69478
G1 X109.669 Y108.745 E23.69548
G1 X109.998 Y108.701 E23.70211
G1 X110.022 Y108.702 E23.70259
G1 X110.325 Y108.744 E23.70869
G1 X110.595 Y108.845 E23.71444
G1 X110.688 Y108.899 E23.71659
G1 X110.931 Y109.096 E23.72283
G1 X111.135 Y109.372 E23.72968
G1 X111.164 Y109.427 E23.73092
G1 X111.264 Y109.708 E23.73687
G1 X111.295 Y110.069 E23.74411
G1 X111.294 Y110.11 E23.74492
G1 X111.229 Y110.418 E23.75121
G1 X111.214 Y110.465 E23.75219
G1 X111.071 Y110.733 E23.75825
G1 X111.053 Y110.759 E23.75888
G1 X110.866 Y110.969 E23.76449
G1 X110.805 Y111.019 E23.76607
G1 X110.54 Y111.18 E23.77226
G1 X110.302 Y111.264 E23.77729
G1 X110.155 Y111.288 E23.78027
G1 X109.846 Y111.289 E23.78643
G0 F9000 X109.846 Y111.371
;MESH:NONMESH
G0 F300 X109.846 Y111.371 Z4.68
G0 F9000 X109.712 Y111.171
;TIME_ELAPSED:124.581805
;LAYER:38
;TYPE:WALL-OUTER
;MESH:puleggia carrucola.stl
G1 F600 X110.288 Y111.171 E23.79793
G1 X110.8 Y110.903 E23.80946
G1 X111.124 Y110.433 E23.82085
G1 X111.201 Y110.012 E23.82939
G1 X111.191 Y109.837 E23.83289
G1 X110.992 Y109.315 E23.84404
G1 X110.561 Y108.933 E23.85553
G1 X110 Y108.794 E23.86707
G1 X109.439 Y108.933 E23.8786
G1 X109.008 Y109.315 E23.89009
G1 X108.802 Y109.854 E23.90161
G1 X108.872 Y110.428 E23.91315
G1 X109.2 Y110.903 E23.92467
G1 X109.712 Y111.171 E23.9362
G0 F9000 X109.827 Y111.288
G1 F600 X109.492 Y111.196 E23.94313
G1 X109.479 Y111.19 E23.94342
G1 X109.169 Y111.001 E23.95066
G1 X109.148 Y110.983 E23.95122
G1 X108.941 Y110.752 E23.95741
G1 X108.784 Y110.458 E23.96406
G1 X108.776 Y110.433 E23.96458
G1 X108.703 Y110.079 E23.97179
G1 X108.724 Y109.752 E23.97833
G1 X108.729 Y109.729 E23.9788
G1 X108.843 Y109.409 E23.98558
G1 X109.039 Y109.127 E23.99244
G1 X109.057 Y109.108 E23.99296
G1 X109.316 Y108.896 E23.99964
G1 X109.392 Y108.852 E24.00139
G1 X109.639 Y108.753 E24.0067
G1 X109.656 Y108.749 E24.00705
G1 X110 Y108.702 E24.01398
G1 X110.342 Y108.748 E24.02086
G1 X110.36 Y108.753 E24.02124
G1 X110.612 Y108.853 E24.02665
G1 X110.68 Y108.893 E24.02822
G1 X110.942 Y109.107 E24.03497
G1 X111.148 Y109.392 E24.04199
G1 X111.156 Y109.408 E24.04235
G1 X111.268 Y109.722 E24.049
G1 X111.297 Y110.079 E24.05615
G1 X111.296 Y110.094 E24.05645
G1 X111.225 Y110.433 E24.06336
G1 X111.219 Y110.45 E24.06372
G1 X111.057 Y110.754 E24.07059
G1 X110.853 Y110.982 E24.0767
G1 X110.826 Y111.004 E24.07739
G1 X110.522 Y111.189 E24.0845
G1 X110.195 Y111.284 E24.09129
G1 X110.17 Y111.287 E24.09179
G1 X109.827 Y111.288 E24.09864
G0 F9000 X109.827 Y111.371
;MESH:NONMESH
G0 F300 X109.827 Y111.371 Z4.8
G0 F9000 X109.712 Y111.171
;TIME_ELAPSED:126.280929
;LAYER:39
;TYPE:WALL-OUTER
;MESH:puleggia carrucola.stl
G1 F600 X110.288 Y111.171 E24.11013
G1 X110.8 Y110.903 E24.12167
G1 X111.124 Y110.433 E24.13306
G1 X111.201 Y110.012 E24.1416
G1 X111.191 Y109.837 E24.1451
G1 X110.992 Y109.315 E24.15624
G1 X110.561 Y108.933 E24.16774
G1 X110 Y108.794 E24.17927
G1 X109.439 Y108.933 E24.19081
G1 X109.008 Y109.315 E24.2023
G1 X108.802 Y109.854 E24.21381
G1 X108.872 Y110.428 E24.22535
G1 X109.2 Y110.903 E24.23687
G1 X109.712 Y111.171 E24.24841
G0 F9000 X109.811 Y111.286
G1 F600 X109.487 Y111.194 E24.25513
G1 X109.17 Y111.001 E24.26253
G1 X109.148 Y110.982 E24.26311
G1 X108.937 Y110.745 E24.26945
G1 X108.784 Y110.458 E24.27594
G1 X108.779 Y110.442 E24.27627
G1 X108.704 Y110.081 E24.28363
G1 X108.727 Y109.739 E24.29047
G1 X108.849 Y109.397 E24.29772
G1 X109.048 Y109.117 E24.30457
G1 X109.333 Y108.885 E24.3119
G1 X109.392 Y108.852 E24.31325
G1 X109.648 Y108.751 E24.31875
G1 X110.002 Y108.702 E24.32588
G1 X110.354 Y108.75 E24.33297
G1 X110.608 Y108.852 E24.33843
G1 X110.669 Y108.886 E24.33982
G1 X110.956 Y109.121 E24.34722
G1 X111.149 Y109.394 E24.3539
G1 X111.276 Y109.751 E24.36146
G1 X111.289 Y109.834 E24.36314
G1 X111.296 Y110.085 E24.36815
G1 X111.217 Y110.457 E24.37574
G1 X111.059 Y110.752 E24.38241
G1 X110.858 Y110.977 E24.38843
G1 X110.826 Y111.004 E24.38927
G1 X110.511 Y111.194 E24.39661
G1 X110.185 Y111.286 E24.40337
G1 X109.811 Y111.286 E24.41083
G0 F9000 X109.85 Y111.371
;MESH:NONMESH
G0 F300 X109.85 Y111.371 Z4.92
G0 F9000 X109.712 Y111.171
;TIME_ELAPSED:127.981045
;LAYER:40
;TYPE:WALL-OUTER
;MESH:puleggia carrucola.stl
G1 F600 X110.288 Y111.171 E24.42233
G1 X110.8 Y110.903 E24.43386
G1 X111.124 Y110.433 E24.44525
G1 X111.201 Y110.012 E24.45379
G1 X111.191 Y109.837 E24.45729
G1 X110.992 Y109.315 E24.46844
G1 X110.561 Y108.933 E24.47993
G1 X110 Y108.794 E24.49147
G1 X109.439 Y108.933 E24.503
G1 X109.008 Y109.315 E24.5145
G1 X108.802 Y109.854 E24.52601
G1 X108.872 Y110.428 E24.53755
G1 X109.2 Y110.903 E24.54907
G1 X109.712 Y111.171 E24.5606
G0 F9000 X109.813 Y111.297
G1 F600 X109.482 Y111.204 E24.56746
G1 X109.167 Y111.012 E24.57483
G1 X109.141 Y110.989 E24.57552
G1 X108.933 Y110.759 E24.58171
G1 X108.915 Y110.722 E24.58253
G1 X108.77 Y110.452 E24.58864
G1 X108.694 Y110.091 E24.59601
G1 X108.704 Y109.816 E24.6015
G1 X108.731 Y109.701 E24.60385
G1 X108.84 Y109.391 E24.61041
G1 X109.039 Y109.109 E24.6173
G1 X109.328 Y108.874 E24.62473
G1 X109.372 Y108.85 E24.62573
G1 X109.638 Y108.741 E24.63147
G1 X109.682 Y108.737 E24.63235
G1 X110.001 Y108.691 E24.63878
G1 X110.352 Y108.739 E24.64585
G1 X110.388 Y108.756 E24.64665
G1 X110.631 Y108.851 E24.65185
G1 X110.672 Y108.874 E24.65279
G1 X110.955 Y109.104 E24.66007
G1 X111.162 Y109.394 E24.66718
G1 X111.284 Y109.738 E24.67446
G1 X111.307 Y110.086 E24.68142
G1 X111.23 Y110.451 E24.68887
G1 X111.07 Y110.753 E24.69569
G1 X110.835 Y111.011 E24.70265
G1 X110.796 Y111.033 E24.70355
G1 X110.524 Y111.2 E24.70992
G1 X110.28 Y111.279 E24.71503
G1 X110.187 Y111.297 E24.71692
G1 X109.813 Y111.297 E24.72439
G0 F9000 X109.813 Y111.371
;MESH:NONMESH
G0 F300 X109.813 Y111.371 Z5.04
G0 F9000 X109.712 Y111.171
;TIME_ELAPSED:129.685200
;LAYER:41
;TYPE:WALL-OUTER
;MESH:puleggia carrucola.stl
G1 F600 X110.288 Y111.171 E24.73588
G1 X110.8 Y110.903 E24.74742
G1 X111.124 Y110.433 E24.75881
G1 X111.201 Y110.012 E24.76735
G1 X111.191 Y109.837 E24.77085
G1 X110.992 Y109.315 E24.78199
G1 X110.561 Y108.933 E24.79349
G1 X110 Y108.794 E24.80502
G1 X109.439 Y108.933 E24.81656
G1 X109.008 Y109.315 E24.82805
G1 X108.802 Y109.854 E24.83956
G1 X108.872 Y110.428 E24.8511
G1 X109.2 Y110.903 E24.86262
G1 X109.712 Y111.171 E24.87416
G0 F9000 X109.808 Y111.309
G1 F600 X109.476 Y111.214 E24.88105
G1 X109.159 Y111.021 E24.88845
G1 X108.921 Y110.763 E24.89546
G1 X108.758 Y110.453 E24.90245
G1 X108.681 Y110.089 E24.90987
G1 X108.695 Y109.792 E24.91581
G1 X108.704 Y109.734 E24.91698
G1 X108.827 Y109.388 E24.92431
G1 X109.029 Y109.101 E24.93131
G1 X109.319 Y108.865 E24.93877
G1 X109.639 Y108.728 E24.94572
G1 X110 Y108.678 E24.95299
G1 X110.356 Y108.727 E24.96016
G1 X110.653 Y108.85 E24.96658
G1 X110.681 Y108.865 E24.96721
G1 X110.965 Y109.096 E24.97452
G1 X111.124 Y109.307 E24.97979
G1 X111.297 Y109.737 E24.98904
G1 X111.319 Y110.086 E24.99602
G1 X111.242 Y110.454 E25.00352
G1 X111.079 Y110.763 E25.01049
G1 X110.841 Y111.021 E25.0175
G1 X110.528 Y111.211 E25.0248
G1 X110.254 Y111.297 E25.03053
G1 X110.192 Y111.309 E25.03179
G1 X109.808 Y111.309 E25.03946
G0 F9000 X109.808 Y111.371
;MESH:NONMESH
G0 F300 X109.808 Y111.371 Z5.16
G0 F9000 X109.712 Y111.171
;TIME_ELAPSED:131.396118
;LAYER:42
;TYPE:WALL-OUTER
;MESH:puleggia carrucola.stl
G1 F600 X110.288 Y111.171 E25.05095
G1 X110.8 Y110.903 E25.06248
G1 X111.124 Y110.433 E25.07388
G1 X111.201 Y110.012 E25.08242
G1 X111.191 Y109.837 E25.08592
G1 X110.992 Y109.315 E25.09706
G1 X110.561 Y108.933 E25.10856
G1 X110 Y108.794 E25.12009
G1 X109.439 Y108.933 E25.13162
G1 X109.008 Y109.315 E25.14312
G1 X108.802 Y109.854 E25.15463
G1 X108.872 Y110.428 E25.16617
G1 X109.2 Y110.903 E25.17769
G1 X109.712 Y111.171 E25.18922
G0 F9000 X109.809 Y111.322
G1 F600 X109.553 Y111.253 E25.19452
G1 X109.471 Y111.226 E25.19624
G1 X109.153 Y111.032 E25.20367
G1 X108.91 Y110.769 E25.21082
G1 X108.742 Y110.448 E25.21805
G1 X108.668 Y110.091 E25.22532
G1 X108.687 Y109.764 E25.23186
G1 X108.692 Y109.732 E25.23251
G1 X108.816 Y109.383 E25.2399
G1 X108.972 Y109.155 E25.24541
G1 X109.181 Y108.963 E25.25108
G1 X109.329 Y108.845 E25.25485
G1 X109.636 Y108.716 E25.2615
G1 X110 Y108.666 E25.26883
G1 X110.359 Y108.715 E25.27606
G1 X110.678 Y108.849 E25.28297
G1 X110.686 Y108.853 E25.28314
G1 X110.975 Y109.088 E25.29058
G1 X111.154 Y109.335 E25.29667
G1 X111.184 Y109.383 E25.29779
G1 X111.308 Y109.732 E25.30519
G1 X111.332 Y110.088 E25.31231
G1 X111.257 Y110.449 E25.31966
G1 X111.09 Y110.769 E25.32687
G1 X110.847 Y111.033 E25.33403
G1 X110.533 Y111.224 E25.34136
G1 X110.23 Y111.314 E25.34767
G1 X110.191 Y111.322 E25.34846
G1 X109.809 Y111.322 E25.35609
G0 F9000 X109.809 Y111.371
;MESH:NONMESH
G0 F300 X109.809 Y111.371 Z5.28
G0 F9000 X109.712 Y111.171
;TIME_ELAPSED:133.114566
;LAYER:43
;TYPE:WALL-OUTER
;MESH:puleggia carrucola.stl
G1 F600 X110.288 Y111.171 E25.36758
G1 X110.8 Y110.903 E25.37912
G1 X111.124 Y110.433 E25.39051
G1 X111.201 Y110.012 E25.39905
G1 X111.191 Y109.837 E25.40255
G1 X110.992 Y109.315 E25.41369
G1 X110.561 Y108.933 E25.42519
G1 X110 Y108.794 E25.43672
G1 X109.439 Y108.933 E25.44826
G1 X109.008 Y109.315 E25.45975
G1 X108.802 Y109.854 E25.47126
G1 X108.872 Y110.428 E25.4828
G1 X109.2 Y110.903 E25.49432
G1 X109.712 Y111.171 E25.50586
G0 F9000 X110.194 Y111.334
G1 F600 X109.802 Y111.333 E25.51368
G1 X109.502 Y111.249 E25.5199
G1 X109.466 Y111.237 E25.52065
G1 X109.149 Y111.045 E25.52805
G1 X108.944 Y110.826 E25.53403
G1 X108.899 Y110.775 E25.53539
G1 X108.731 Y110.453 E25.54264
G1 X108.675 Y110.174 E25.54832
G1 X108.656 Y110.09 E25.55004
G1 X108.677 Y109.804 E25.55576
G1 X108.679 Y109.731 E25.55722
G1 X108.805 Y109.376 E25.56474
G1 X109.011 Y109.084 E25.57187
G1 X109.236 Y108.903 E25.57763
G1 X109.307 Y108.843 E25.57948
G1 X109.632 Y108.704 E25.58654
G1 X110 Y108.653 E25.59395
G1 X110.365 Y108.703 E25.6013
G1 X110.627 Y108.818 E25.60701
G1 X110.696 Y108.845 E25.60849
G1 X110.984 Y109.079 E25.6159
G1 X111.149 Y109.316 E25.62166
G1 X111.195 Y109.376 E25.62317
G1 X111.323 Y109.739 E25.63085
G1 X111.344 Y110.089 E25.63785
G1 X111.266 Y110.458 E25.64537
G1 X111.101 Y110.776 E25.65252
G1 X110.85 Y111.046 E25.65988
G1 X110.538 Y111.234 E25.66715
G1 X110.258 Y111.312 E25.67295
G1 X110.194 Y111.334 E25.6743
G0 F9000 X110.159 Y111.371
;MESH:NONMESH
G0 F300 X110.159 Y111.371 Z5.4
G0 F9000 X109.712 Y111.171
;TIME_ELAPSED:134.883377
;LAYER:44
;TYPE:WALL-OUTER
;MESH:puleggia carrucola.stl
G1 F600 X110.288 Y111.171 E25.6858
G1 X110.8 Y110.903 E25.69733
G1 X111.124 Y110.433 E25.70872
G1 X111.201 Y110.012 E25.71726
G1 X111.191 Y109.837 E25.72076
G1 X110.992 Y109.315 E25.73191
G1 X110.561 Y108.933 E25.7434
G1 X110 Y108.794 E25.75493
G1 X109.439 Y108.933 E25.76647
G1 X109.008 Y109.315 E25.77796
G1 X108.802 Y109.854 E25.78948
G1 X108.872 Y110.428 E25.80102
G1 X109.2 Y110.903 E25.81254
G1 X109.712 Y111.171 E25.82407
G0 F9000 X110.184 Y111.347
G1 F600 X109.816 Y111.347 E25.83141
G1 X109.456 Y111.246 E25.83887
G1 X109.141 Y111.053 E25.84625
G1 X108.888 Y110.782 E25.85365
G1 X108.719 Y110.457 E25.86096
G1 X108.643 Y110.092 E25.8684
G1 X108.67 Y109.717 E25.8759
G1 X108.792 Y109.377 E25.88311
G1 X109.005 Y109.073 E25.89051
G1 X109.299 Y108.835 E25.89806
G1 X109.635 Y108.69 E25.90537
G1 X110 Y108.641 E25.91272
G1 X110.373 Y108.693 E25.92023
G1 X110.707 Y108.838 E25.9275
G1 X110.993 Y109.07 E25.93485
G1 X111.208 Y109.377 E25.94233
G1 X111.331 Y109.719 E25.94958
G1 X111.356 Y110.094 E25.95708
G1 X111.28 Y110.459 E25.96452
G1 X111.111 Y110.785 E25.97185
G1 X110.859 Y111.054 E25.9792
G1 X110.543 Y111.246 E25.98658
G1 X110.184 Y111.347 E25.99402
G0 F9000 X110.131 Y111.371
;MESH:NONMESH
G0 F300 X110.131 Y111.371 Z5.52
G0 F9000 X109.712 Y111.171
;TIME_ELAPSED:136.658581
;LAYER:45
;TYPE:WALL-OUTER
;MESH:puleggia carrucola.stl
G1 F600 X110.288 Y111.171 E26.00552
G1 X110.8 Y110.903 E26.01705
G1 X111.124 Y110.433 E26.02844
G1 X111.201 Y110.012 E26.03698
G1 X111.191 Y109.837 E26.04048
G1 X110.992 Y109.315 E26.05163
G1 X110.561 Y108.933 E26.06312
G1 X110 Y108.794 E26.07466
G1 X109.439 Y108.933 E26.08619
G1 X109.008 Y109.315 E26.09768
G1 X108.802 Y109.854 E26.1092
G1 X108.872 Y110.428 E26.12074
G1 X109.2 Y110.903 E26.13226
G1 X109.712 Y111.171 E26.14379
G0 F9000 X110.188 Y111.374
G1 F600 X109.812 Y111.374 E26.1513
G1 X109.446 Y111.272 E26.15888
G1 X109.123 Y111.075 E26.16643
G1 X108.866 Y110.801 E26.17392
G1 X108.693 Y110.467 E26.18143
G1 X108.616 Y110.096 E26.18899
G1 X108.642 Y109.714 E26.19663
G1 X108.767 Y109.364 E26.20405
G1 X108.987 Y109.051 E26.21168
G1 X109.278 Y108.814 E26.21917
G1 X109.621 Y108.664 E26.22665
G1 X109.998 Y108.612 E26.23424
G1 X110.376 Y108.663 E26.24185
G1 X110.719 Y108.813 E26.24932
G1 X111.013 Y109.052 E26.25688
G1 X111.233 Y109.364 E26.2645
G1 X111.358 Y109.714 E26.27192
G1 X111.384 Y110.095 E26.27954
G1 X111.307 Y110.467 E26.28712
G1 X111.134 Y110.801 E26.29463
G1 X110.877 Y111.075 E26.30212
G1 X110.554 Y111.272 E26.30967
G1 X110.188 Y111.374 E26.31726
G0 F9000 X110.139 Y111.174
;MESH:NONMESH
G0 F300 X110.139 Y111.174 Z5.64
G0 F9000 X109.712 Y111.171
;TIME_ELAPSED:138.463385
;LAYER:46
;TYPE:WALL-OUTER
;MESH:puleggia carrucola.stl
G1 F600 X110.288 Y111.171 E26.32875
G1 X110.8 Y110.903 E26.34028
G1 X111.124 Y110.433 E26.35168
G1 X111.201 Y110.012 E26.36022
G1 X111.191 Y109.837 E26.36371
G1 X110.992 Y109.315 E26.37486
G1 X110.561 Y108.933 E26.38636
G1 X110 Y108.794 E26.39789
G1 X109.439 Y108.933 E26.40942
G1 X109.008 Y109.315 E26.42092
G1 X108.802 Y109.854 E26.43243
G1 X108.872 Y110.428 E26.44397
G1 X109.2 Y110.903 E26.45549
G1 X109.712 Y111.171 E26.46702
G0 F9000 X110.193 Y111.413
G1 F600 X109.807 Y111.413 E26.47473
G1 X109.43 Y111.308 E26.48254
G1 X109.098 Y111.106 E26.49029
G1 X108.834 Y110.824 E26.498
G1 X108.656 Y110.481 E26.50571
G1 X108.577 Y110.098 E26.51352
G1 X108.587 Y109.974 E26.516
G1 X108.603 Y109.706 E26.52136
G1 X108.732 Y109.346 E26.52899
G1 X108.957 Y109.025 E26.53681
G1 X109.054 Y108.948 E26.53928
G1 X109.256 Y108.781 E26.54451
G1 X109.616 Y108.626 E26.55234
G1 X110 Y108.573 E26.56007
G1 X110.384 Y108.626 E26.56781
G1 X110.741 Y108.78 E26.57557
G1 X111.044 Y109.027 E26.58337
G1 X111.268 Y109.346 E26.59115
G1 X111.397 Y109.706 E26.59878
G1 X111.423 Y110.099 E26.60664
G1 X111.344 Y110.481 E26.61442
G1 X111.166 Y110.824 E26.62213
G1 X110.902 Y111.106 E26.62984
G1 X110.57 Y111.308 E26.6376
G1 X110.193 Y111.413 E26.64541
;MESH:NONMESH
G0 F300 X110.193 Y111.413 Z5.76
G0 F9000 X109.712 Y111.171
;TIME_ELAPSED:140.280790
;LAYER:47
;TYPE:WALL-OUTER
;MESH:puleggia carrucola.stl
G1 F600 X110.288 Y111.171 E26.6569
G1 X110.8 Y110.903 E26.66843
G1 X111.124 Y110.433 E26.67983
G1 X111.201 Y110.012 E26.68837
G1 X111.191 Y109.837 E26.69187
G1 X110.992 Y109.315 E26.70301
G1 X110.561 Y108.933 E26.71451
G1 X110 Y108.794 E26.72604
G1 X109.439 Y108.933 E26.73757
G1 X109.008 Y109.315 E26.74907
G1 X108.802 Y109.854 E26.76058
G1 X108.872 Y110.428 E26.77212
G1 X109.2 Y110.903 E26.78364
G1 X109.712 Y111.171 E26.79517
G0 F9000 X109.799 Y111.452
G1 F600 X109.415 Y111.344 E26.80314
G1 X109.074 Y111.137 E26.8111
G1 X108.802 Y110.846 E26.81904
G1 X108.618 Y110.491 E26.82702
G1 X108.538 Y110.1 E26.83499
G1 X108.565 Y109.698 E26.84303
G1 X108.697 Y109.328 E26.85087
G1 X108.929 Y108.998 E26.85892
G1 X109.238 Y108.747 E26.86686
G1 X109.603 Y108.588 E26.87481
G1 X110 Y108.534 E26.8828
G1 X110.397 Y108.588 E26.8908
G1 X110.76 Y108.746 E26.8987
G1 X111.072 Y109 E26.90673
G1 X111.303 Y109.328 E26.91473
G1 X111.435 Y109.698 E26.92257
G1 X111.462 Y110.1 E26.93061
G1 X111.382 Y110.49 E26.93856
G1 X111.196 Y110.848 E26.94661
G1 X110.927 Y111.136 E26.95448
G1 X110.585 Y111.344 E26.96246
G1 X110.199 Y111.452 E26.97046
G1 X109.799 Y111.452 E26.97844
;MESH:NONMESH
G0 F300 X109.799 Y111.452 Z5.88
G0 F9000 X109.712 Y111.171
;TIME_ELAPSED:142.090699
;LAYER:48
;TYPE:WALL-OUTER
;MESH:puleggia carrucola.stl
G1 F600 X110.288 Y111.171 E26.98994
G1 X110.8 Y110.903 E27.00147
G1 X111.124 Y110.433 E27.01286
G1 X111.201 Y110.012 E27.0214
G1 X111.191 Y109.837 E27.0249
G1 X110.992 Y109.315 E27.03605
G1 X110.561 Y108.933 E27.04754
G1 X110 Y108.794 E27.05908
G1 X109.439 Y108.933 E27.07061
G1 X109.008 Y109.315 E27.08211
G1 X108.802 Y109.854 E27.09362
G1 X108.872 Y110.428 E27.10516
G1 X109.2 Y110.903 E27.11668
G1 X109.712 Y111.171 E27.12821
G0 F9000 X109.794 Y111.491
G1 F600 X109.489 Y111.404 E27.13454
G1 X109.4 Y111.381 E27.13638
G1 X109.05 Y111.167 E27.14456
G1 X108.77 Y110.869 E27.15272
G1 X108.581 Y110.503 E27.16094
G1 X108.519 Y110.193 E27.16725
G1 X108.499 Y110.104 E27.16907
G1 X108.526 Y109.692 E27.17731
G1 X108.664 Y109.308 E27.18545
G1 X108.848 Y109.049 E27.1918
G1 X108.901 Y108.971 E27.19368
G1 X109.218 Y108.713 E27.20183
G1 X109.593 Y108.55 E27.20999
G1 X110.003 Y108.495 E27.21825
G1 X110.407 Y108.55 E27.22639
G1 X110.78 Y108.712 E27.2345
G1 X111.102 Y108.974 E27.24278
G1 X111.336 Y109.305 E27.25087
G1 X111.442 Y109.608 E27.25728
G1 X111.474 Y109.692 E27.25907
G1 X111.501 Y110.103 E27.26729
G1 X111.436 Y110.413 E27.27361
G1 X111.419 Y110.504 E27.27546
G1 X111.229 Y110.871 E27.28371
G1 X111.012 Y111.099 E27.28999
G1 X110.949 Y111.168 E27.29186
G1 X110.601 Y111.38 E27.29999
G1 X110.204 Y111.491 E27.30821
G1 X109.794 Y111.491 E27.3164
;MESH:NONMESH
G0 F300 X109.794 Y111.491 Z6
G0 F9000 X109.712 Y111.171
;TIME_ELAPSED:143.930533
;LAYER:49
;TYPE:WALL-OUTER
;MESH:puleggia carrucola.stl
G1 F600 X110.288 Y111.171 E27.32789
G1 X110.8 Y110.903 E27.33942
G1 X111.124 Y110.433 E27.35081
G1 X111.201 Y110.012 E27.35936
G1 X111.191 Y109.837 E27.36285
G1 X110.992 Y109.315 E27.374
G1 X110.561 Y108.933 E27.3855
G1 X110 Y108.794 E27.39703
G1 X109.439 Y108.933 E27.40856
G1 X109.008 Y109.315 E27.42006
G1 X108.802 Y109.854 E27.43157
G1 X108.872 Y110.428 E27.44311
G1 X109.2 Y110.903 E27.45463
G1 X109.712 Y111.171 E27.46616
G0 F9000 X109.788 Y111.53
G1 F600 X109.38 Y111.414 E27.47463
G1 X109.025 Y111.197 E27.48293
G1 X108.738 Y110.892 E27.49129
G1 X108.544 Y110.516 E27.49973
G1 X108.46 Y110.108 E27.50804
G1 X108.489 Y109.681 E27.51659
G1 X108.631 Y109.284 E27.525
G1 X108.871 Y108.946 E27.53327
G1 X109.195 Y108.682 E27.54161
G1 X109.586 Y108.513 E27.55011
G1 X110 Y108.456 E27.55845
G1 X110.414 Y108.513 E27.56679
G1 X110.803 Y108.681 E27.57525
G1 X111.129 Y108.947 E27.58365
G1 X111.373 Y109.294 E27.59211
G1 X111.512 Y109.688 E27.60045
G1 X111.54 Y110.11 E27.60889
G1 X111.456 Y110.516 E27.61716
G1 X111.262 Y110.892 E27.62561
G1 X110.975 Y111.197 E27.63396
G1 X110.616 Y111.417 E27.64237
G1 X110.208 Y111.53 E27.65081
G1 X109.788 Y111.53 E27.6592
;MESH:NONMESH
G0 F300 X109.788 Y111.53 Z6.12
G0 F9000 X109.712 Y111.171
;TIME_ELAPSED:145.799788
;LAYER:50
;TYPE:WALL-OUTER
;MESH:puleggia carrucola.stl
G1 F600 X110.288 Y111.171 E27.67069
G1 X110.8 Y110.903 E27.68222
G1 X111.124 Y110.433 E27.69361
G1 X111.201 Y110.012 E27.70216
G1 X111.191 Y109.837 E27.70565
G1 X110.992 Y109.315 E27.7168
G1 X110.561 Y108.933 E27.7283
G1 X110 Y108.794 E27.73983
G1 X109.439 Y108.933 E27.75136
G1 X109.008 Y109.315 E27.76286
G1 X108.802 Y109.854 E27.77437
G1 X108.872 Y110.428 E27.78591
G1 X109.2 Y110.903 E27.79743
G1 X109.712 Y111.171 E27.80896
G0 F9000 X110.217 Y111.587
G1 F600 X109.783 Y111.587 E27.81762
G1 X109.361 Y111.468 E27.82637
G1 X108.99 Y111.243 E27.83503
G1 X108.692 Y110.924 E27.84374
G1 X108.49 Y110.537 E27.85246
G1 X108.403 Y110.112 E27.86111
G1 X108.432 Y109.671 E27.86993
G1 X108.578 Y109.262 E27.8786
G1 X108.829 Y108.907 E27.88728
G1 X109.165 Y108.633 E27.89593
G1 X109.57 Y108.458 E27.90473
G1 X110 Y108.399 E27.91339
G1 X110.43 Y108.458 E27.92206
G1 X110.835 Y108.633 E27.93086
G1 X111.168 Y108.905 E27.93944
G1 X111.423 Y109.265 E27.94824
G1 X111.568 Y109.671 E27.95685
G1 X111.597 Y110.112 E27.96567
G1 X111.51 Y110.536 E27.97431
G1 X111.488 Y110.575 E27.9752
G1 X111.306 Y110.927 E27.98311
G1 X111.014 Y111.24 E27.99165
G1 X110.639 Y111.468 E28.00041
G1 X110.217 Y111.587 E28.00916
;MESH:NONMESH
G0 F300 X110.217 Y111.587 Z6.24
G0 F9000 X109.712 Y111.171
;TIME_ELAPSED:147.739263
;LAYER:51
;TYPE:WALL-OUTER
;MESH:puleggia carrucola.stl
G1 F600 X110.288 Y111.171 E28.02065
G1 X110.8 Y110.903 E28.03218
G1 X111.124 Y110.433 E28.04358
G1 X111.201 Y110.012 E28.05212
G1 X111.191 Y109.837 E28.05562
G1 X110.992 Y109.315 E28.06676
G1 X110.561 Y108.933 E28.07826
G1 X110 Y108.794 E28.08979
G1 X109.439 Y108.933 E28.10132
G1 X109.008 Y109.315 E28.11282
G1 X108.802 Y109.854 E28.12433
G1 X108.872 Y110.428 E28.13587
G1 X109.2 Y110.903 E28.14739
G1 X109.712 Y111.171 E28.15892
G0 F9000 X110.227 Y111.656
G1 F600 X109.772 Y111.656 E28.168
G1 X109.333 Y111.533 E28.1771
G1 X108.943 Y111.296 E28.18621
G1 X108.829 Y111.171 E28.18959
G1 X108.635 Y110.965 E28.19523
G1 X108.425 Y110.559 E28.20435
G1 X108.334 Y110.116 E28.21338
G1 X108.364 Y109.656 E28.22258
G1 X108.516 Y109.23 E28.23161
G1 X108.777 Y108.86 E28.24064
G1 X109.133 Y108.571 E28.24979
G1 X109.55 Y108.391 E28.25886
G1 X110 Y108.329 E28.26792
G1 X110.45 Y108.391 E28.27699
G1 X110.869 Y108.572 E28.28609
G1 X111.222 Y108.86 E28.29519
G1 X111.318 Y108.999 E28.29856
G1 X111.485 Y109.233 E28.30429
G1 X111.636 Y109.656 E28.31326
G1 X111.666 Y110.116 E28.32246
G1 X111.575 Y110.559 E28.33148
G1 X111.363 Y110.967 E28.34066
G1 X111.057 Y111.295 E28.34961
G1 X110.667 Y111.532 E28.35872
G1 X110.227 Y111.656 E28.36784
G0 F9000 X110.386 Y111.361
;TYPE:SKIN
G1 F600 X111.02 Y111.01 E28.37294
G1 X111.372 Y110.375 E28.37805
G1 X111.414 Y109.768 E28.38233
G1 X111.163 Y109.169 E28.38691
G1 X110.723 Y108.761 E28.39113
G1 X110.066 Y108.569 E28.39595
G1 X109.739 Y108.614 E28.39827
G1 X109.152 Y108.919 E28.40293
G1 X108.74 Y109.33 E28.40702
G1 X108.578 Y110.058 E28.41227
G1 X108.774 Y110.711 E28.41707
G1 X109.175 Y111.157 E28.42129
G1 X109.779 Y111.402 E28.42588
G0 F9000 X109.985 Y111.48
G1 F600 X110.12 Y111.345 E28.42779
;MESH:NONMESH
G0 F300 X110.12 Y111.345 Z6.36
G0 F9000 X109.712 Y111.171
;TIME_ELAPSED:150.640836
;LAYER:52
;TYPE:WALL-OUTER
;MESH:puleggia carrucola.stl
G1 F600 X110.288 Y111.171 E28.43928
G1 X110.8 Y110.903 E28.45081
G1 X111.124 Y110.433 E28.46221
G1 X111.201 Y110.012 E28.47075
G1 X111.191 Y109.837 E28.47424
G1 X110.992 Y109.315 E28.48539
G1 X110.561 Y108.933 E28.49689
G1 X110 Y108.794 E28.50842
G1 X109.439 Y108.933 E28.51995
G1 X109.008 Y109.315 E28.53145
G1 X108.802 Y109.854 E28.54296
G1 X108.872 Y110.428 E28.5545
G1 X109.2 Y110.903 E28.56602
G1 X109.712 Y111.171 E28.57755
G0 F9000 X110.237 Y111.725
G1 F600 X109.762 Y111.725 E28.58703
G1 X109.478 Y111.643 E28.59293
G1 X109.305 Y111.596 E28.59651
G1 X108.9 Y111.35 E28.60597
G1 X108.7 Y111.133 E28.61186
G1 X108.579 Y111.006 E28.61536
G1 X108.359 Y110.583 E28.62487
G1 X108.264 Y110.119 E28.63432
G1 X108.296 Y109.642 E28.64386
G1 X108.454 Y109.198 E28.65327
G1 X108.726 Y108.813 E28.66267
G1 X108.959 Y108.626 E28.66864
G1 X109.097 Y108.511 E28.67222
G1 X109.53 Y108.323 E28.68164
G1 X109.999 Y108.26 E28.69109
G1 X110.293 Y108.301 E28.69701
G1 X110.47 Y108.323 E28.70057
G1 X110.903 Y108.511 E28.70999
G1 X111.275 Y108.815 E28.71958
G1 X111.546 Y109.198 E28.72894
G1 X111.704 Y109.642 E28.73834
G1 X111.736 Y110.12 E28.7479
G1 X111.675 Y110.409 E28.7538
G1 X111.641 Y110.582 E28.75732
G1 X111.42 Y111.007 E28.76688
G1 X111.101 Y111.349 E28.77621
G1 X110.695 Y111.596 E28.78569
G1 X110.409 Y111.675 E28.79161
G1 X110.237 Y111.725 E28.79519
G0 F9000 X110.032 Y111.446
;TYPE:SKIN
G1 F600 X109.739 Y111.436 E28.79821
G1 X109.001 Y110.98 E28.80714
G1 X108.569 Y110.267 E28.81573
G1 X108.641 Y109.49 E28.82376
G1 X108.972 Y108.972 E28.8301
G1 X109.49 Y108.642 E28.83642
G1 X109.952 Y108.538 E28.8413
G1 X110.284 Y108.587 E28.84475
G1 X110.985 Y109.005 E28.85316
G1 X111.41 Y109.713 E28.86166
G1 X111.421 Y110.29 E28.86761
G1 X111.157 Y110.875 E28.87422
G1 X110.7 Y111.266 E28.88041
G1 X110.516 Y111.365 E28.88256
G0 F9000 X110.371 Y111.502
G1 F600 X110.214 Y111.345 E28.88478
;MESH:NONMESH
G0 F300 X110.214 Y111.345 Z6.48
G0 F9000 X109.712 Y111.171
;TIME_ELAPSED:153.620121
;LAYER:53
;TYPE:WALL-OUTER
;MESH:puleggia carrucola.stl
G1 F600 X110.288 Y111.171 E28.89627
G1 X110.8 Y110.903 E28.9078
G1 X111.124 Y110.433 E28.9192
G1 X111.201 Y110.012 E28.92774
G1 X111.191 Y109.837 E28.93124
G1 X110.992 Y109.315 E28.94238
G1 X110.561 Y108.933 E28.95388
G1 X110 Y108.794 E28.96541
G1 X109.439 Y108.933 E28.97694
G1 X109.008 Y109.315 E28.98844
G1 X108.802 Y109.854 E28.99995
G1 X108.872 Y110.428 E29.01149
G1 X109.2 Y110.903 E29.02301
G1 X109.712 Y111.171 E29.03454
G0 F9000 X110.246 Y111.794
G1 F600 X109.754 Y111.794 E29.04436
G1 X109.277 Y111.66 E29.05425
G1 X108.858 Y111.405 E29.06404
G1 X108.521 Y111.045 E29.07388
G1 X108.294 Y110.606 E29.08374
G1 X108.195 Y110.126 E29.09352
G1 X108.228 Y109.629 E29.10346
G1 X108.37 Y109.234 E29.11184
G1 X108.393 Y109.165 E29.11329
G1 X108.674 Y108.767 E29.12301
G1 X109.059 Y108.453 E29.13293
G1 X109.447 Y108.286 E29.14136
G1 X109.512 Y108.256 E29.14279
G1 X109.999 Y108.19 E29.15259
G1 X110.491 Y108.257 E29.1625
G1 X110.875 Y108.426 E29.17087
G1 X110.941 Y108.453 E29.1723
G1 X111.267 Y108.72 E29.18071
G1 X111.323 Y108.763 E29.18212
G1 X111.61 Y109.171 E29.19207
G1 X111.773 Y109.628 E29.20175
G1 X111.805 Y110.124 E29.21167
G1 X111.719 Y110.537 E29.22009
G1 X111.706 Y110.608 E29.22153
G1 X111.511 Y110.98 E29.22991
G1 X111.479 Y111.045 E29.23136
G1 X111.142 Y111.404 E29.24119
G1 X110.722 Y111.66 E29.251
G1 X110.246 Y111.794 E29.26087
G0 F9000 X110.305 Y111.443
;TYPE:SKIN
G1 F600 X111.018 Y111.012 E29.27196
G1 X111.461 Y110.287 E29.28327
G1 X111.47 Y109.711 E29.29094
G1 X111.079 Y108.971 E29.30208
G1 X110.572 Y108.629 E29.31022
G1 X110.127 Y108.508 E29.31636
G1 X109.82 Y108.534 E29.32047
G1 X109.258 Y108.812 E29.32881
G1 X108.629 Y109.441 E29.34066
G1 X108.52 Y110.116 E29.34976
G1 X108.723 Y110.762 E29.35877
G1 X109.126 Y111.207 E29.36677
G1 X109.724 Y111.458 E29.3754
G1 X109.983 Y111.481 E29.37886
G0 F9000 X110.12 Y111.371
G0 X109.678 Y111.309
G0 X109.106 Y111.009
G0 X108.776 Y110.532
G0 X108.587 Y109.236
G0 X108.567 Y109.221
G1 F600 X109.212 Y108.576 E29.38796
G0 F9000 X109.082 Y108.581
;MESH:NONMESH
G0 F300 X109.082 Y108.581 Z6.6
G0 F9000 X109.136 Y108.648
G0 X108.661 Y109.837
G0 X108.739 Y110.479
G0 X109.069 Y110.956
G0 X109.619 Y111.347
G0 X109.712 Y111.171
;TIME_ELAPSED:157.050574
;LAYER:54
;TYPE:WALL-OUTER
;MESH:puleggia carrucola.stl
G1 F600 X110.288 Y111.171 E29.39946
G1 X110.8 Y110.903 E29.41099
G1 X111.124 Y110.433 E29.42238
G1 X111.201 Y110.012 E29.43092
G1 X111.191 Y109.837 E29.43442
G1 X110.992 Y109.315 E29.44557
G1 X110.561 Y108.933 E29.45706
G1 X110 Y108.794 E29.4686
G1 X109.439 Y108.933 E29.48013
G1 X109.008 Y109.315 E29.49162
G1 X108.802 Y109.854 E29.50314
G1 X108.872 Y110.428 E29.51468
G1 X109.2 Y110.903 E29.5262
G1 X109.712 Y111.171 E29.53773
G0 F9000 X109.749 Y111.865
G1 F600 X109.254 Y111.728 E29.54798
G1 X108.813 Y111.462 E29.55826
G1 X108.462 Y111.084 E29.56855
G1 X108.227 Y110.634 E29.57868
G1 X108.124 Y110.128 E29.58899
G1 X108.156 Y109.624 E29.59906
G1 X108.328 Y109.135 E29.60941
G1 X108.627 Y108.714 E29.61971
G1 X109.028 Y108.389 E29.63002
G1 X109.487 Y108.189 E29.64001
G1 X110.001 Y108.118 E29.65036
G1 X110.508 Y108.187 E29.66057
G1 X110.977 Y108.392 E29.67079
G1 X111.374 Y108.715 E29.681
G1 X111.67 Y109.132 E29.69121
G1 X111.842 Y109.617 E29.70147
G1 X111.877 Y110.127 E29.71168
G1 X111.774 Y110.631 E29.72194
G1 X111.534 Y111.088 E29.73224
G1 X111.191 Y111.458 E29.74231
G1 X110.748 Y111.727 E29.75265
G1 X110.267 Y111.863 E29.76263
G1 X109.749 Y111.865 E29.77297
G0 F9000 X109.013 Y110.993
;TYPE:SKIN
G1 F600 X108.498 Y110.195 E29.7899
G1 X108.587 Y109.436 E29.80352
G1 X108.922 Y108.922 E29.81446
G1 X109.438 Y108.589 E29.82541
G1 X109.89 Y108.476 E29.83372
G1 X110.203 Y108.506 E29.83932
G1 X110.994 Y109.014 E29.85608
G1 X111.486 Y109.789 E29.87245
G1 X111.482 Y110.35 E29.88245
G1 X111.206 Y110.924 E29.8938
G1 X110.751 Y111.317 E29.90452
G1 X110.098 Y111.512 E29.91667
G1 X109.809 Y111.506 E29.92183
G0 F9000 X109.269 Y111.531
G1 F600 X108.485 Y110.747 E29.93289
G0 F9000 X108.506 Y110.737
G0 X108.661 Y109.837
G0 X108.891 Y109.234
G0 X109.324 Y108.85
G0 X110.734 Y108.504
G0 X110.744 Y108.482
G1 F600 X111.532 Y109.269 E29.944
G0 F9000 X111.509 Y109.269
;MESH:NONMESH
G0 F300 X111.509 Y109.269 Z6.72
G0 F9000 X111.507 Y109.269
G0 X110.627 Y108.807
G0 X110.063 Y108.667
G0 X108.817 Y108.95
;TIME_ELAPSED:160.642561
;LAYER:55
;TYPE:WALL-INNER
;MESH:puleggia carrucola.stl
G1 F600 X108.845 Y108.91 E29.94498
G1 X109.037 Y108.754 E29.94991
G1 X108.853 Y108.918 E29.94997
G1 X108.817 Y108.95 E29.94998
G0 F9000 X108.603 Y109.254
G1 F600 X108.589 Y109.292 E29.95079
G1 X108.469 Y109.605 E29.95748
G1 X108.463 Y109.62 E29.9578
G1 X108.466 Y109.604
G1 X108.578 Y109.289 E29.95792
G1 X108.603 Y109.254 E29.95797
G0 F9000 X108.419 Y110.02
G1 F600 X108.428 Y110.098 E29.95954
G1 X108.449 Y110.264 E29.96288
G1 X108.414 Y110.1 E29.96294
G1 X108.419 Y110.02 E29.96298
G0 F9000 X109.218 Y111.364
G1 F600 X109.381 Y111.449 E29.96665
G1 X109.429 Y111.474 E29.96773
G1 X109.376 Y111.46
G1 X109.218 Y111.364 E29.96779
G0 F9000 X109.777 Y111.571
G1 F600 X109.805 Y111.571 E29.96835
G1 X110.156 Y111.578 E29.97535
G1 X109.805 Y111.579 E29.97542
G1 X109.777 Y111.571 E29.97545
G0 F9000 X110.572 Y111.474
G1 F600 X110.624 Y111.447 E29.97662
G1 X110.791 Y111.359 E29.98039
G1 X110.63 Y111.457 E29.98043
G1 X110.572 Y111.474 E29.98046
G0 F9000 X111.255 Y110.487
G0 X111.394 Y109.247
G1 F600 X111.418 Y109.28 E29.98128
G1 X111.531 Y109.592 E29.9879
G1 X111.536 Y109.617 E29.98841
G1 X111.528 Y109.594
G1 X111.409 Y109.284 E29.98853
G1 X111.394 Y109.247
G0 F9000 X110.981 Y108.771
G1 F600 X111.156 Y108.911 E29.993
G1 X111.184 Y108.951 E29.99398
G1 X111.149 Y108.92
G1 X110.981 Y108.771 E29.99404
G0 F9000 X110.291 Y108.454
G1 F600 X110.449 Y108.475 E29.99722
G1 X110.544 Y108.516 E29.99928
G1 X110.445 Y108.492 E29.99931
G1 X110.291 Y108.454 E29.99936
G0 F9000 X109.446 Y108.519
G1 F600 X109.541 Y108.477 E30.00144
G1 X109.711 Y108.453 E30.00486
G1 X109.546 Y108.494 E30.00493
G1 X109.446 Y108.519 E30.00497
G1 F1500 E23.50497
G0 F9000 X108.891 Y109.234
G0 X108.661 Y109.837
G0 X108.739 Y110.479
G0 X109.069 Y110.956
G0 X109.619 Y111.347
G1 F1500 E30.00497
G0 F9000 X109.712 Y111.171
;TYPE:WALL-OUTER
G1 F600 X110.288 Y111.171 E30.01646
G1 X110.8 Y110.903 E30.028
G1 X111.124 Y110.433 E30.03939
G1 X111.201 Y110.012 E30.04793
G1 X111.191 Y109.837 E30.05143
G1 X110.992 Y109.315 E30.06258
G1 X110.561 Y108.933 E30.07407
G1 X110 Y108.794 E30.0856
G1 X109.439 Y108.933 E30.09714
G1 X109.008 Y109.315 E30.10863
G1 X108.802 Y109.854 E30.12015
G1 X108.872 Y110.428 E30.13169
G1 X109.2 Y110.903 E30.1432
G1 X109.712 Y111.171 E30.15474
G0 F9000 X109.739 Y111.975
G1 F600 X109.216 Y111.83 E30.16557
G1 X108.738 Y111.541 E30.17671
G1 X108.702 Y111.507 E30.1777
G1 X108.434 Y111.223 E30.1855
G1 X108.312 Y111.037 E30.18993
G1 X108.13 Y110.686 E30.19782
G1 X108.012 Y110.129 E30.20919
G1 X108.038 Y109.714 E30.21749
G1 X108.079 Y109.499 E30.22185
G1 X108.213 Y109.122 E30.22984
G1 X108.226 Y109.095 E30.23044
G1 X108.551 Y108.633 E30.24171
G1 X108.857 Y108.385 E30.24957
G1 X109.034 Y108.263 E30.25386
G1 X109.403 Y108.101 E30.2619
G1 X109.451 Y108.086 E30.2629
G1 X109.999 Y108.009 E30.27395
G1 X110.155 Y108.032 E30.27709
G1 X110.546 Y108.084 E30.28497
G1 X110.589 Y108.1 E30.28588
G1 X110.966 Y108.263 E30.29408
G1 X111.03 Y108.296 E30.29551
G1 X111.448 Y108.632 E30.30622
G1 X111.772 Y109.089 E30.3174
G1 X111.782 Y109.112 E30.3179
G1 X111.918 Y109.487 E30.32586
G1 X111.96 Y109.706 E30.33031
G1 X111.988 Y110.125 E30.33869
G1 X111.873 Y110.678 E30.34996
G1 X111.689 Y111.035 E30.35797
G1 X111.563 Y111.224 E30.36251
G1 X111.3 Y111.507 E30.37022
G1 X111.266 Y111.537 E30.37112
G1 X110.792 Y111.827 E30.38221
G1 X110.416 Y111.934 E30.39001
G1 X110.193 Y111.978 E30.39455
G1 X109.797 Y111.979 E30.40245
G1 X109.739 Y111.975 E30.40361
G0 F9000 X110.313 Y111.717
;TYPE:SKIN
G1 F600 X110.445 Y111.586 E30.40547
G0 F9000 X110.968 Y111.345
G1 F600 X111.708 Y110.605 E30.41591
G0 F9000 X111.324 Y110.706
G1 F600 X111.548 Y110.199 E30.43066
G1 X111.551 Y109.913 E30.43827
G0 F9000 X111.386 Y110.108
G0 X111.137 Y109.322
G0 X110.697 Y108.786
G0 X110.836 Y108.648
G1 F600 X110.769 Y108.433 E30.43996
G1 X110.066 Y108.57 E30.44536
G1 X109.85 Y108.22 E30.44845
G1 X109.212 Y108.576 E30.45395
G1 X109.312 Y108.758 E30.45551
G1 X108.536 Y108.969 E30.46157
G1 X108.265 Y109.806 E30.46819
G1 X108.399 Y110.52 E30.47366
G1 X109.008 Y111.325 E30.48126
G0 F9000 X109.141 Y111.2
;MESH:NONMESH
G0 F300 X109.141 Y111.2 Z6.84
G0 F9000 X109.792 Y111.571
;TIME_ELAPSED:166.106224
;LAYER:56
;TYPE:WALL-INNER
;MESH:puleggia carrucola.stl
G1 F600 X109.886 Y111.571 E30.48313
G1 X110.212 Y111.571 E30.48964
G1 X110.386 Y111.571 E30.49311
G1 X110.448 Y111.539 E30.4945
G1 X110.611 Y111.453 E30.49818
G1 X111.059 Y111.218 E30.50828
G1 X111.073 Y111.211 E30.50859
G1 X111.276 Y110.916 E30.51574
G1 X111.502 Y110.589 E30.52367
G1 X111.506 Y110.566 E30.52413
G1 X111.594 Y110.084 E30.53391
G1 X111.603 Y110.037 E30.53487
G1 X111.593 Y109.844 E30.53872
G1 X111.587 Y109.752 E30.54056
G1 X111.503 Y109.531 E30.54528
G1 X111.407 Y109.279 E30.55066
G1 X111.331 Y109.081 E30.5549
G1 X111.15 Y108.92 E30.55973
G1 X110.99 Y108.778 E30.564
G1 X110.753 Y108.568 E30.57032
G1 X110.741 Y108.565 E30.57057
G1 X110.449 Y108.493 E30.57657
G1 X110 Y108.382 E30.5858
G1 X109.549 Y108.493 E30.59507
G1 X109.472 Y108.512 E30.59665
G1 X109.247 Y108.568 E30.60128
G1 X109.188 Y108.62 E30.60285
G1 X108.851 Y108.919 E30.61184
G1 X108.669 Y109.081 E30.6167
G1 X108.591 Y109.285 E30.62106
G1 X108.505 Y109.51 E30.62586
G1 X108.393 Y109.804 E30.63214
G1 X108.398 Y109.85 E30.63307
G1 X108.424 Y110.065 E30.63739
G1 X108.487 Y110.574 E30.64762
G1 X108.595 Y110.731 E30.65143
G1 X108.808 Y111.04 E30.65891
G1 X108.927 Y111.212 E30.66309
G1 X108.958 Y111.228 E30.66378
G1 X109.39 Y111.454 E30.67351
G1 X109.614 Y111.571 E30.67856
G1 X109.792 Y111.571 E30.68211
G0 F9000 X109.712 Y111.171
;TYPE:WALL-OUTER
G1 F600 X110.288 Y111.171 E30.6936
G1 X110.8 Y110.903 E30.70514
G1 X111.124 Y110.433 E30.71653
G1 X111.201 Y110.012 E30.72507
G1 X111.191 Y109.837 E30.72857
G1 X110.992 Y109.315 E30.73972
G1 X110.561 Y108.933 E30.75121
G1 X110 Y108.794 E30.76274
G1 X109.439 Y108.933 E30.77428
G1 X109.008 Y109.315 E30.78577
G1 X108.802 Y109.854 E30.79729
G1 X108.872 Y110.428 E30.80883
G1 X109.2 Y110.903 E30.82034
G1 X109.712 Y111.171 E30.83188
G0 F9000 X109.607 Y111.598
G0 X109.334 Y111.562
;TYPE:WALL-INNER
G1 F600 X108.917 Y111.308 E30.83451
G1 X108.874 Y111.265
G1 X108.717 Y111.104 E30.83567
G1 X108.509 Y110.791 E30.83771
G1 X108.419 Y110.608 E30.83873
G1 X108.407 Y110.585 E30.83924
G1 X108.303 Y110.08 E30.84186
G1 X108.317 Y109.86 E30.84316
G1 X108.33 Y109.792 E30.84361
G1 X108.395 Y109.469 E30.84524
G1 X108.479 Y109.243 E30.84667
G1 X108.618 Y109.046 E30.84796
G1 X108.77 Y108.829 E30.84934
G1 X109.122 Y108.546 E30.85188
G1 X109.216 Y108.503 E30.85252
G1 X109.443 Y108.396 E30.85388
G1 X109.518 Y108.371 E30.85394
G1 X109.989 Y108.306 E30.85642
G1 X110.001 Y108.304 E30.85666
G1 X110.479 Y108.37 E30.85928
G1 X110.76 Y108.485 E30.86102
G1 X110.793 Y108.508 E30.86141
G1 X111.064 Y108.694 E30.863
G1 X111.23 Y108.829 E30.86424
G1 X111.382 Y109.044 E30.86563
G1 X111.518 Y109.236 E30.86691
G1 X111.613 Y109.489 E30.86851
G1 X111.661 Y109.737 E30.86986
G1 X111.681 Y109.839 E30.87017
G1 X111.69 Y110.032 E30.87103
G1 X111.694 Y110.102 E30.87153
G1 X111.595 Y110.582 E30.87389
G1 X111.572 Y110.625 E30.8743
G1 X111.381 Y110.988 E30.87651
G1 X111.131 Y111.268 E30.87859
G1 X111.1 Y111.295
G1 X110.668 Y111.561 E30.88126
G1 X110.487 Y111.612 E30.88244
G1 X110.403 Y111.634 E30.8829
G1 X110.212 Y111.685 E30.88399
G1 X109.886 Y111.693 E30.88591
G1 X109.792 Y111.686 E30.88631
G1 X109.598 Y111.634 E30.88741
G1 X109.334 Y111.562 E30.88886
G0 F9000 X109.176 Y111.933
;TYPE:WALL-OUTER
G1 F600 X108.665 Y111.623 E30.90079
G1 X108.419 Y111.372 E30.9078
G1 X108.286 Y111.213 E30.91194
G1 X108.154 Y110.974 E30.91739
G1 X108.025 Y110.714 E30.92318
G1 X107.904 Y110.134 E30.935
G1 X107.902 Y110.08 E30.93608
G1 X107.919 Y109.814 E30.9414
G1 X108.009 Y109.362 E30.9506
G1 X108.095 Y109.118 E30.95576
G1 X108.131 Y109.043 E30.95742
G1 X108.475 Y108.554 E30.96935
G1 X108.682 Y108.384 E30.9747
G1 X108.911 Y108.204 E30.98051
G1 X109.296 Y108.024 E30.98899
G1 X109.427 Y107.98 E30.99175
G1 X110 Y107.901 E31.00329
G1 X110.572 Y107.979 E31.01481
G1 X110.697 Y108.022 E31.01745
G1 X110.935 Y108.125 E31.02263
G1 X111.085 Y108.202 E31.02599
G1 X111.317 Y108.384 E31.03188
G1 X111.523 Y108.552 E31.03718
G1 X111.868 Y109.039 E31.04909
G1 X111.907 Y109.126 E31.05099
G1 X111.993 Y109.362 E31.05601
G1 X112.056 Y109.569 E31.06032
G1 X112.081 Y109.82 E31.06536
G1 X112.096 Y110.133 E31.07161
G1 X111.977 Y110.712 E31.08341
G1 X111.847 Y110.973 E31.08923
G1 X111.714 Y111.213 E31.0947
G1 X111.587 Y111.363 E31.09862
G1 X111.41 Y111.555 E31.10384
G1 X111.334 Y111.621 E31.10584
G1 X110.832 Y111.93 E31.11761
G1 X110.589 Y111.999 E31.12265
G1 X110.279 Y112.081 E31.12905
G1 X110.133 Y112.092 E31.13197
G1 X109.87 Y112.093 E31.13722
G1 X109.724 Y112.082 E31.14014
G1 X109.176 Y111.933 E31.15147
G0 F9000 X109.349 Y111.529
G0 X110.346 Y111.409
G0 X110.963 Y111.086
G0 X111.275 Y110.633
G0 X111.743 Y109.567
G0 X111.81 Y109.547
;TYPE:SKIN
G1 F600 X111.884 Y109.621 E31.15252
G0 F9000 X111.761 Y109.632
G0 X110.962 Y108.485
G0 X110.993 Y108.447
G1 F600 X110.914 Y108.369 E31.15363
G0 F9000 X110.946 Y108.474
;MESH:NONMESH
G0 F300 X110.946 Y108.474 Z6.96
G0 F9000 X111.428 Y109.787
G0 X111.349 Y110.526
G0 X110.963 Y111.086
G0 X110.464 Y111.347
G0 X109.768 Y111.571
;TIME_ELAPSED:171.029589
;LAYER:57
;TYPE:WALL-INNER
;MESH:puleggia carrucola.stl
G1 F600 X110.048 Y111.571 E31.15921
G1 X110.233 Y111.571 E31.16291
G1 X110.386 Y111.571 E31.16596
G1 X110.6 Y111.459 E31.17078
G1 X111.064 Y111.216 E31.18123
G1 X111.073 Y111.211 E31.18144
G1 X111.277 Y110.915 E31.18861
G1 X111.481 Y110.62 E31.19577
G1 X111.502 Y110.589 E31.19652
G1 X111.597 Y110.066 E31.20712
G1 X111.603 Y110.037 E31.20771
G1 X111.599 Y109.965 E31.20915
G1 X111.587 Y109.752 E31.21341
G1 X111.569 Y109.704 E31.21443
G1 X111.47 Y109.445 E31.21997
G1 X111.401 Y109.264 E31.22383
G1 X111.331 Y109.081 E31.22774
G1 X111.147 Y108.918 E31.23265
G1 X110.79 Y108.601 E31.24218
G1 X110.753 Y108.568 E31.24317
G1 X110.692 Y108.553 E31.24442
G1 X110.446 Y108.493 E31.24947
G1 X110 Y108.382 E31.25864
G1 X109.552 Y108.492 E31.26785
G1 X109.247 Y108.568 E31.27412
G1 X109.204 Y108.606 E31.27527
G1 X108.919 Y108.859 E31.28287
G1 X108.849 Y108.921 E31.28474
G1 X108.669 Y109.081 E31.28954
G1 X108.599 Y109.266 E31.29349
G1 X108.53 Y109.447 E31.29736
G1 X108.432 Y109.703 E31.30283
G1 X108.393 Y109.804 E31.30499
G1 X108.407 Y109.922 E31.30736
G1 X108.426 Y110.077 E31.31048
G1 X108.487 Y110.574 E31.32047
G1 X108.722 Y110.915 E31.32873
G1 X108.869 Y111.128 E31.3339
G1 X108.927 Y111.212 E31.33594
G1 X109.001 Y111.25 E31.3376
G1 X109.402 Y111.46 E31.34663
G1 X109.614 Y111.571 E31.3514
G1 X109.768 Y111.571 E31.35448
G0 F9000 X109.712 Y111.171
;TYPE:WALL-OUTER
G1 F600 X110.288 Y111.171 E31.36597
G1 X110.8 Y110.903 E31.3775
G1 X111.124 Y110.433 E31.3889
G1 X111.201 Y110.012 E31.39744
G1 X111.191 Y109.837 E31.40094
G1 X110.992 Y109.315 E31.41208
G1 X110.561 Y108.933 E31.42358
G1 X110 Y108.794 E31.43511
G1 X109.439 Y108.933 E31.44664
G1 X109.008 Y109.315 E31.45814
G1 X108.802 Y109.854 E31.46965
G1 X108.872 Y110.428 E31.48119
G1 X109.2 Y110.903 E31.49271
G1 X109.712 Y111.171 E31.50424
G0 F9000 X109.607 Y111.598
G0 X109.768 Y111.792
;TYPE:WALL-INNER
G1 F600 X109.569 Y111.738 E31.50655
G1 X109.297 Y111.663 E31.5096
G1 X108.909 Y111.427 E31.51453
G1 X108.814 Y111.348 E31.51591
G1 X108.695 Y111.249 E31.51769
G1 X108.529 Y111.049 E31.52058
G1 X108.32 Y110.667 E31.52531
G1 X108.314 Y110.657 E31.52554
G1 X108.308 Y110.639 E31.52592
G1 X108.303 Y110.613 E31.52645
G1 X108.196 Y110.106 E31.53197
G1 X108.199 Y109.948 E31.53388
G1 X108.215 Y109.786 E31.53568
G1 X108.232 Y109.627 E31.53751
G1 X108.313 Y109.365 E31.54056
G1 X108.388 Y109.186 E31.54281
G1 X108.53 Y108.984 E31.5455
G1 X108.695 Y108.749 E31.54862
G1 X108.766 Y108.688 E31.54971
G1 X109.067 Y108.453 E31.55392
G1 X109.175 Y108.406 E31.55537
G1 X109.495 Y108.266 E31.55913
G1 X109.974 Y108.2 E31.56427
G1 X110 Y108.196 E31.56479
G1 X110.024 Y108.199 E31.56515
G1 X110.502 Y108.264 E31.57032
G1 X110.74 Y108.354 E31.57312
G1 X110.837 Y108.403 E31.57441
G1 X110.924 Y108.448 E31.5756
G1 X111.301 Y108.744 E31.58082
G1 X111.469 Y108.982 E31.58399
G1 X111.612 Y109.183 E31.58669
G1 X111.687 Y109.362 E31.58892
G1 X111.768 Y109.628 E31.59202
G1 X111.778 Y109.732 E31.59297
G1 X111.801 Y109.953 E31.5952
G1 X111.802 Y110.034 E31.59606
G1 X111.803 Y110.103 E31.59678
G1 X111.697 Y110.622 E31.60219
G1 X111.675 Y110.67 E31.60279
G1 X111.645 Y110.732 E31.60361
G1 X111.471 Y111.048 E31.60753
G1 X111.207 Y111.334 E31.61173
G1 X111.156 Y111.389 E31.61279
G1 X110.707 Y111.663 E31.61839
G1 X110.432 Y111.737 E31.62148
G1 X110.233 Y111.792 E31.62379
G1 X110.048 Y111.804 E31.62589
G1 X109.768 Y111.792 E31.62908
G0 F9000 X109.707 Y112.19
;TYPE:WALL-OUTER
G1 F600 X109.136 Y112.034 E31.64089
G1 X108.685 Y111.759 E31.65143
G1 X108.474 Y111.595 E31.65676
G1 X108.396 Y111.514 E31.65901
G1 X108.196 Y111.274 E31.66524
G1 X107.949 Y110.823 E31.6755
G1 X107.923 Y110.751 E31.67703
G1 X107.795 Y110.142 E31.68945
G1 X107.799 Y109.922 E31.69384
G1 X107.838 Y109.549 E31.70132
G1 X107.938 Y109.224 E31.70811
G1 X108.035 Y108.993 E31.71311
G1 X108.395 Y108.48 E31.72562
G1 X108.505 Y108.385 E31.72852
G1 X108.854 Y108.112 E31.73736
G1 X109.098 Y107.988 E31.74282
G1 X109.396 Y107.876 E31.74918
G1 X109.999 Y107.792 E31.76132
G1 X110.601 Y107.874 E31.77345
G1 X110.903 Y107.988 E31.77989
G1 X111.143 Y108.111 E31.78527
G1 X111.581 Y108.455 E31.79639
G1 X111.603 Y108.479 E31.79704
G1 X111.965 Y108.99 E31.80953
G1 X112.064 Y109.226 E31.81464
G1 X112.162 Y109.548 E31.82136
G1 X112.201 Y109.929 E31.829
G1 X112.204 Y110.141 E31.83323
G1 X112.079 Y110.75 E31.84564
G1 X112.004 Y110.911 E31.84918
G1 X111.802 Y111.276 E31.85751
G1 X111.606 Y111.51 E31.8636
G1 X111.403 Y111.706 E31.86923
G1 X110.87 Y112.032 E31.8817
G1 X110.757 Y112.065 E31.88405
G1 X110.298 Y112.188 E31.89353
G1 X110.048 Y112.205 E31.89853
G1 X109.707 Y112.19 E31.90534
G0 F9000 X109.775 Y111.756
G0 X109.782 Y111.771
;MESH:NONMESH
G0 F300 X109.782 Y111.771 Z7.08
G0 F9000 X109.763 Y111.571
;TIME_ELAPSED:175.602406
;LAYER:58
;TYPE:WALL-INNER
;MESH:puleggia carrucola.stl
G1 F600 X110.238 Y111.571 E31.91482
G1 X110.386 Y111.571 E31.91778
G1 X110.585 Y111.467 E31.92226
G1 X111.073 Y111.211 E31.93325
G1 X111.093 Y111.182 E31.93396
G1 X111.277 Y110.915 E31.94043
G1 X111.502 Y110.589 E31.94833
G1 X111.603 Y110.037 E31.95953
G1 X111.587 Y109.752 E31.96523
G1 X111.578 Y109.727 E31.96576
G1 X111.442 Y109.372 E31.97335
G1 X111.402 Y109.267 E31.97559
G1 X111.331 Y109.081 E31.97956
G1 X111.15 Y108.92 E31.98439
G1 X110.788 Y108.599 E31.99405
G1 X110.753 Y108.568 E31.99498
G1 X110.655 Y108.544 E31.997
G1 X110.44 Y108.491 E32.00142
G1 X110 Y108.382 E32.01046
G1 X109.557 Y108.491 E32.01957
G1 X109.349 Y108.542 E32.02384
G1 X109.247 Y108.568 E32.02594
G1 X109.221 Y108.591 E32.02663
G1 X108.856 Y108.915 E32.03637
G1 X108.669 Y109.081 E32.04136
G1 X108.6 Y109.263 E32.04525
G1 X108.557 Y109.376 E32.04766
G1 X108.422 Y109.729 E32.0552
G1 X108.393 Y109.804 E32.05681
G1 X108.414 Y109.979 E32.06032
G1 X108.423 Y110.053 E32.06181
G1 X108.487 Y110.574 E32.07229
G1 X108.72 Y110.913 E32.0805
G1 X108.909 Y111.186 E32.08712
G1 X108.927 Y111.212 E32.08775
G1 X109.413 Y111.466 E32.0987
G1 X109.614 Y111.571 E32.10322
G1 X109.763 Y111.571 E32.1062
G0 F9000 X109.712 Y111.171
;TYPE:WALL-OUTER
G1 F600 X110.288 Y111.171 E32.11769
G1 X110.8 Y110.903 E32.12922
G1 X111.124 Y110.433 E32.14061
G1 X111.201 Y110.012 E32.14916
G1 X111.191 Y109.837 E32.15265
G1 X110.992 Y109.315 E32.1638
G1 X110.561 Y108.933 E32.1753
G1 X110 Y108.794 E32.18683
G1 X109.439 Y108.933 E32.19836
G1 X109.008 Y109.315 E32.20986
G1 X108.802 Y109.854 E32.22137
G1 X108.872 Y110.428 E32.23291
G1 X109.2 Y110.903 E32.24443
G1 X109.712 Y111.171 E32.25596
G0 F9000 X109.607 Y111.598
G0 X109.763 Y111.883
;TYPE:WALL-INNER
G1 F600 X109.546 Y111.825 E32.25941
G1 X109.266 Y111.749 E32.2638
G1 X108.775 Y111.45 E32.27249
G1 X108.741 Y111.419 E32.27341
G1 X108.668 Y111.353 E32.275
G1 X108.453 Y111.098 E32.28015
G1 X108.24 Y110.711 E32.28692
G1 X108.235 Y110.702 E32.28712
G1 X108.226 Y110.678 E32.28764
G1 X108.217 Y110.631 E32.28859
G1 X108.104 Y110.093 E32.29685
G1 X108.101 Y110.017 E32.29806
G1 X108.125 Y109.777 E32.30176
G1 X108.141 Y109.622 E32.3042
G1 X108.251 Y109.26 E32.31013
G1 X108.302 Y109.15 E32.31214
G1 X108.457 Y108.931 E32.31622
G1 X108.641 Y108.673 E32.32102
G1 X109.026 Y108.372 E32.32859
G1 X109.122 Y108.324 E32.33033
G1 X109.275 Y108.245 E32.33301
G1 X109.479 Y108.177 E32.3364
G1 X109.962 Y108.111 E32.34375
G1 X110 Y108.105 E32.34451
G1 X110.037 Y108.11 E32.34514
G1 X110.517 Y108.176 E32.35247
G1 X110.728 Y108.247 E32.35603
G1 X110.877 Y108.323 E32.35864
G1 X110.984 Y108.378 E32.36053
G1 X111.364 Y108.678 E32.36801
G1 X111.542 Y108.931 E32.3727
G1 X111.7 Y109.153 E32.37685
G1 X111.748 Y109.255 E32.37867
G1 X111.858 Y109.619 E32.38463
G1 X111.868 Y109.723 E32.38636
G1 X111.897 Y110.006 E32.39051
G1 X111.899 Y110.021 E32.39081
G1 X111.899 Y110.044 E32.39121
G1 X111.897 Y110.098 E32.39215
G1 X111.781 Y110.647 E32.40034
G1 X111.776 Y110.671 E32.40076
G1 X111.771 Y110.685 E32.40106
G1 X111.763 Y110.707 E32.40146
G1 X111.753 Y110.726 E32.40183
G1 X111.547 Y111.1 E32.40843
G1 X111.336 Y111.349 E32.41358
G1 X111.261 Y111.417 E32.41522
G1 X111.226 Y111.449 E32.41616
G1 X110.734 Y111.749 E32.42487
G1 X110.454 Y111.824 E32.42926
G1 X110.238 Y111.882 E32.43268
G1 X109.763 Y111.883 E32.44008
G0 F9000 X109.698 Y112.279
;TYPE:WALL-OUTER
G1 F600 X109.111 Y112.121 E32.45221
G1 X109.098 Y112.115 E32.45249
G1 X108.536 Y111.773 E32.46562
G1 X108.379 Y111.631 E32.46985
G1 X108.123 Y111.328 E32.47776
G1 X107.871 Y110.87 E32.48819
G1 X107.84 Y110.788 E32.48994
G1 X107.705 Y110.143 E32.50309
G1 X107.7 Y110.006 E32.50583
G1 X107.747 Y109.54 E32.51518
G1 X107.875 Y109.12 E32.52394
G1 X107.953 Y108.951 E32.52765
G1 X108.327 Y108.423 E32.54057
G1 X108.37 Y108.377 E32.54182
G1 X108.811 Y108.033 E32.55298
G1 X109.119 Y107.876 E32.55988
G1 X109.387 Y107.786 E32.56552
G1 X110 Y107.702 E32.57787
G1 X110.611 Y107.785 E32.59018
G1 X110.883 Y107.877 E32.59591
G1 X111.199 Y108.039 E32.60299
G1 X111.629 Y108.377 E32.61391
G1 X111.673 Y108.423 E32.61518
G1 X112.049 Y108.954 E32.62816
G1 X112.123 Y109.114 E32.63168
G1 X112.252 Y109.539 E32.64054
G1 X112.3 Y110.007 E32.64993
G1 X112.296 Y110.142 E32.65263
G1 X112.16 Y110.788 E32.6658
G1 X112.129 Y110.871 E32.66757
G1 X111.878 Y111.327 E32.67796
G1 X111.621 Y111.631 E32.6859
G1 X111.465 Y111.772 E32.6901
G1 X110.902 Y112.115 E32.70325
G1 X110.889 Y112.121 E32.70354
G1 X110.303 Y112.278 E32.71565
G1 X109.999 Y112.299 E32.72173
G1 X109.698 Y112.279 E32.72775
G0 F9000 X109.77 Y111.845
G0 X109.781 Y111.771
;MESH:NONMESH
G0 F300 X109.781 Y111.771 Z7.2
G0 F9000 X109.708 Y111.571
;TIME_ELAPSED:180.296426
;LAYER:59
;TYPE:WALL-INNER
;MESH:puleggia carrucola.stl
G1 F600 X109.997 Y111.571 E32.73352
G1 X110.294 Y111.571 E32.73944
G1 X110.386 Y111.571 E32.74128
G1 X110.583 Y111.468 E32.74571
G1 X111.024 Y111.237 E32.75565
G1 X111.073 Y111.211 E32.75676
G1 X111.097 Y111.176 E32.7576
G1 X111.257 Y110.943 E32.76324
G1 X111.301 Y110.88 E32.76478
G1 X111.502 Y110.589 E32.77184
G1 X111.603 Y110.037 E32.78303
G1 X111.587 Y109.752 E32.78873
G1 X111.561 Y109.684 E32.79018
G1 X111.45 Y109.392 E32.79642
G1 X111.371 Y109.185 E32.80084
G1 X111.331 Y109.081 E32.80306
G1 X111.145 Y108.916 E32.80802
G1 X110.814 Y108.622 E32.81686
G1 X110.753 Y108.568 E32.81848
G1 X110.66 Y108.545 E32.8204
G1 X110.38 Y108.476 E32.82615
G1 X110 Y108.382 E32.83396
G1 X109.616 Y108.476 E32.84185
G1 X109.346 Y108.543 E32.8474
G1 X109.247 Y108.568 E32.84944
G1 X109.238 Y108.576 E32.84968
G1 X109.184 Y108.623 E32.85111
G1 X108.858 Y108.913 E32.85982
G1 X108.669 Y109.081 E32.86486
G1 X108.626 Y109.194 E32.86728
G1 X108.552 Y109.389 E32.87144
G1 X108.439 Y109.684 E32.87774
G1 X108.413 Y109.753 E32.87922
G1 X108.393 Y109.804 E32.88031
G1 X108.414 Y109.98 E32.88385
G1 X108.421 Y110.037 E32.88499
G1 X108.487 Y110.574 E32.89579
G1 X108.698 Y110.88 E32.90321
G1 X108.738 Y110.938 E32.90461
G1 X108.903 Y111.178 E32.91042
G1 X108.927 Y111.212 E32.91125
G1 X108.983 Y111.241 E32.91251
G1 X109.414 Y111.466 E32.92222
G1 X109.614 Y111.571 E32.92672
G1 X109.708 Y111.571 E32.9286
G0 F9000 X109.712 Y111.171
;TYPE:WALL-OUTER
G1 F600 X110.288 Y111.171 E32.94009
G1 X110.8 Y110.903 E32.95163
G1 X111.124 Y110.433 E32.96302
G1 X111.201 Y110.012 E32.97156
G1 X111.191 Y109.837 E32.97506
G1 X110.992 Y109.315 E32.98621
G1 X110.561 Y108.933 E32.9977
G1 X110 Y108.794 E33.00923
G1 X109.439 Y108.933 E33.02077
G1 X109.008 Y109.315 E33.03226
G1 X108.802 Y109.854 E33.04378
G1 X108.872 Y110.428 E33.05532
G1 X109.2 Y110.903 E33.06683
G1 X109.712 Y111.171 E33.07837
G0 F9000 X109.607 Y111.598
G0 X110.731 Y111.75
;TYPE:WALL-INNER
G1 F600 X110.455 Y111.824 E33.08269
G1 X110.294 Y111.868 E33.08525
G1 X109.997 Y111.898 E33.08991
G1 X109.708 Y111.869 E33.09446
G1 X109.546 Y111.826 E33.09703
G1 X109.267 Y111.75 E33.10142
G1 X108.85 Y111.497 E33.10888
G1 X108.759 Y111.424 E33.11067
G1 X108.661 Y111.346 E33.11267
G1 X108.473 Y111.121 E33.1172
G1 X108.434 Y111.063 E33.11832
G1 X108.241 Y110.71 E33.12446
G1 X108.23 Y110.691 E33.1249
G1 X108.218 Y110.63 E33.12614
G1 X108.103 Y110.076 E33.13461
G1 X108.101 Y110.018 E33.13553
G1 X108.125 Y109.778 E33.13923
G1 X108.138 Y109.649 E33.14125
G1 X108.153 Y109.576 E33.14244
G1 X108.247 Y109.273 E33.14745
G1 X108.348 Y109.089 E33.15072
G1 X108.458 Y108.933 E33.15358
G1 X108.643 Y108.672 E33.1584
G1 X108.987 Y108.402 E33.16521
G1 X109.049 Y108.361 E33.16642
G1 X109.121 Y108.324 E33.1676
G1 X109.272 Y108.246 E33.17025
G1 X109.54 Y108.169 E33.17459
G1 X109.962 Y108.111 E33.18094
G1 X110.001 Y108.105 E33.18173
G1 X110.037 Y108.11 E33.18245
G1 X110.456 Y108.168 E33.18878
G1 X110.733 Y108.248 E33.19327
G1 X110.883 Y108.33 E33.19594
G1 X111.01 Y108.4 E33.19819
G1 X111.359 Y108.674 E33.20506
G1 X111.541 Y108.931 E33.20982
G1 X111.646 Y109.079 E33.21255
G1 X111.754 Y109.276 E33.21603
G1 X111.846 Y109.575 E33.221
G1 X111.86 Y109.647 E33.22223
G1 X111.867 Y109.723 E33.22335
G1 X111.897 Y110.006 E33.22745
G1 X111.899 Y110.022 E33.22777
G1 X111.899 Y110.042 E33.22812
G1 X111.898 Y110.075 E33.22869
G1 X111.894 Y110.097 E33.22908
G1 X111.78 Y110.646 E33.23721
G1 X111.771 Y110.686 E33.23791
G1 X111.763 Y110.706 E33.23828
G1 X111.752 Y110.726 E33.23874
G1 X111.567 Y111.062 E33.24463
G1 X111.524 Y111.126 E33.24588
G1 X111.342 Y111.343 E33.25033
G1 X111.244 Y111.422 E33.25236
G1 X111.158 Y111.491 E33.25407
G1 X110.731 Y111.75 E33.26163
G0 F9000 X110.892 Y112.121
;TYPE:WALL-OUTER
G1 F600 X110.384 Y112.258 E33.27213
G1 X110.27 Y112.281 E33.27445
G1 X109.999 Y112.299 E33.27987
G1 X109.732 Y112.282 E33.28521
G1 X109.618 Y112.259 E33.28753
G1 X109.108 Y112.121 E33.29807
G1 X108.62 Y111.825 E33.30946
G1 X108.378 Y111.631 E33.31565
G1 X108.155 Y111.365 E33.32258
G1 X108.094 Y111.274 E33.32476
G1 X107.872 Y110.872 E33.33393
G1 X107.844 Y110.799 E33.33549
G1 X107.704 Y110.124 E33.34925
G1 X107.7 Y110.006 E33.3516
G1 X107.742 Y109.593 E33.35989
G1 X107.765 Y109.477 E33.36225
G1 X107.877 Y109.115 E33.36981
G1 X108.006 Y108.88 E33.37516
G1 X108.34 Y108.409 E33.38668
G1 X108.367 Y108.38 E33.38747
G1 X108.749 Y108.08 E33.39717
G1 X108.849 Y108.014 E33.39956
G1 X109.121 Y107.874 E33.40566
G1 X109.457 Y107.777 E33.41264
G1 X110 Y107.702 E33.42358
G1 X110.542 Y107.776 E33.4345
G1 X110.878 Y107.874 E33.44148
G1 X111.151 Y108.013 E33.44759
G1 X111.249 Y108.079 E33.44995
G1 X111.633 Y108.38 E33.45969
G1 X111.663 Y108.412 E33.46056
G1 X111.99 Y108.874 E33.47186
G1 X112.123 Y109.116 E33.47737
G1 X112.234 Y109.476 E33.48489
G1 X112.257 Y109.592 E33.48725
G1 X112.3 Y110.007 E33.49557
G1 X112.297 Y110.122 E33.49787
G1 X112.156 Y110.8 E33.51169
G1 X112.128 Y110.872 E33.51323
G1 X111.907 Y111.273 E33.52237
G1 X111.846 Y111.364 E33.52455
G1 X111.622 Y111.631 E33.53151
G1 X111.385 Y111.821 E33.53757
G1 X110.892 Y112.121 E33.54909
G0 F9000 X110.719 Y111.717
G0 X110.67 Y111.648
;MESH:NONMESH
G0 F300 X110.67 Y111.648 Z7.32
G0 F9000 X109.625 Y111.571
;TIME_ELAPSED:185.091129
;LAYER:60
;TYPE:WALL-INNER
;MESH:puleggia carrucola.stl
G1 F600 X110.002 Y111.571 E33.55661
G1 X110.374 Y111.571 E33.56404
G1 X110.386 Y111.571 E33.56427
G1 X110.582 Y111.469 E33.56868
G1 X110.947 Y111.277 E33.57691
G1 X111.073 Y111.211 E33.57975
G1 X111.105 Y111.165 E33.58087
G1 X111.348 Y110.813 E33.58941
G1 X111.502 Y110.589 E33.59483
G1 X111.603 Y110.037 E33.60603
G1 X111.587 Y109.752 E33.61173
G1 X111.452 Y109.398 E33.61929
G1 X111.346 Y109.121 E33.62521
G1 X111.331 Y109.081 E33.62606
G1 X111.138 Y108.909 E33.63122
G1 X110.885 Y108.685 E33.63796
G1 X110.753 Y108.568 E33.64148
G1 X110.663 Y108.546 E33.64333
G1 X110.309 Y108.459 E33.6506
G1 X110 Y108.382 E33.65696
G1 X109.688 Y108.458 E33.66337
G1 X109.339 Y108.545 E33.67055
G1 X109.247 Y108.568 E33.67244
G1 X109.125 Y108.676 E33.67569
G1 X108.859 Y108.912 E33.68279
G1 X108.669 Y109.081 E33.68786
G1 X108.656 Y109.116 E33.68861
G1 X108.551 Y109.392 E33.6945
G1 X108.46 Y109.63 E33.69958
G1 X108.393 Y109.804 E33.7033
G1 X108.414 Y109.979 E33.70682
G1 X108.419 Y110.019 E33.70763
G1 X108.487 Y110.574 E33.71879
G1 X108.655 Y110.818 E33.7247
G1 X108.896 Y111.167 E33.73316
G1 X108.927 Y111.212 E33.73425
G1 X109.042 Y111.272 E33.73684
G1 X109.413 Y111.466 E33.74519
G1 X109.614 Y111.571 E33.74972
G1 X109.625 Y111.571 E33.74994
G0 F9000 X109.712 Y111.171
;TYPE:WALL-OUTER
G1 F600 X110.288 Y111.171 E33.76143
G1 X110.8 Y110.903 E33.77297
G1 X111.124 Y110.433 E33.78436
G1 X111.201 Y110.012 E33.7929
G1 X111.191 Y109.837 E33.7964
G1 X110.992 Y109.315 E33.80755
G1 X110.561 Y108.933 E33.81904
G1 X110 Y108.794 E33.83057
G1 X109.439 Y108.933 E33.84211
G1 X109.008 Y109.315 E33.8536
G1 X108.802 Y109.854 E33.86512
G1 X108.872 Y110.428 E33.87666
G1 X109.2 Y110.903 E33.88817
G1 X109.712 Y111.171 E33.89971
G0 F9000 X109.607 Y111.598
G0 X110.002 Y111.896
;TYPE:WALL-INNER
G1 F600 X109.625 Y111.846 E33.90543
G1 X109.545 Y111.825 E33.90653
G1 X109.266 Y111.748 E33.91091
G1 X108.908 Y111.53 E33.91734
G1 X108.767 Y111.424 E33.91993
G1 X108.652 Y111.336 E33.92219
G1 X108.398 Y110.996 E33.92864
G1 X108.24 Y110.711 E33.93356
G1 X108.235 Y110.702 E33.93376
G1 X108.22 Y110.629 E33.93525
G1 X108.103 Y110.058 E33.94391
G1 X108.102 Y110.017 E33.94456
G1 X108.125 Y109.778 E33.94824
G1 X108.132 Y109.711 E33.94898
G1 X108.171 Y109.52 E33.95185
G1 X108.245 Y109.276 E33.95591
G1 X108.398 Y109.019 E33.96056
G1 X108.459 Y108.933 E33.96219
G1 X108.644 Y108.671 E33.96702
G1 X108.925 Y108.451 E33.97263
G1 X109.111 Y108.341 E33.97584
G1 X109.265 Y108.249 E33.97864
G1 X109.614 Y108.159 E33.98417
G1 X109.962 Y108.111 E33.98935
G1 X110.001 Y108.105 E33.99014
G1 X110.037 Y108.109 E33.99075
G1 X110.383 Y108.157 E33.99595
G1 X110.735 Y108.25 E34.00155
G1 X110.887 Y108.34 E34.00431
G1 X111.085 Y108.458 E34.00773
G1 X111.352 Y108.667 E34.01304
G1 X111.54 Y108.933 E34.01795
G1 X111.603 Y109.022 E34.01962
G1 X111.757 Y109.281 E34.02417
G1 X111.859 Y109.682 E34.03052
G1 X111.867 Y109.71 E34.0311
G1 X111.868 Y109.723 E34.03136
G1 X111.897 Y110.006 E34.0355
G1 X111.899 Y110.021 E34.03581
G1 X111.899 Y110.045 E34.03622
G1 X111.898 Y110.055 E34.03642
G1 X111.89 Y110.095 E34.03713
G1 X111.777 Y110.645 E34.04516
G1 X111.764 Y110.704 E34.04619
G1 X111.752 Y110.726 E34.04662
G1 X111.606 Y110.99 E34.0512
G1 X111.35 Y111.333 E34.05775
G1 X111.234 Y111.421 E34.06007
G1 X111.083 Y111.536 E34.06285
G1 X110.73 Y111.75 E34.06914
G1 X110.455 Y111.824 E34.07344
G1 X110.374 Y111.846 E34.07456
G1 X110.002 Y111.896 E34.0802
G0 F9000 X110 Y112.299
;TYPE:WALL-OUTER
G1 F600 X109.546 Y112.24 E34.08934
G1 X109.106 Y112.119 E34.09844
G1 X108.688 Y111.865 E34.10821
G1 X108.375 Y111.627 E34.11605
G1 X108.193 Y111.41 E34.1217
G1 X108.056 Y111.205 E34.12662
G1 X107.87 Y110.869 E34.13429
G1 X107.85 Y110.816 E34.13542
G1 X107.704 Y110.104 E34.14992
G1 X107.701 Y110.005 E34.1519
G1 X107.736 Y109.652 E34.15898
G1 X107.782 Y109.425 E34.1636
G1 X107.878 Y109.112 E34.17014
G1 X108.06 Y108.805 E34.17726
G1 X108.341 Y108.408 E34.18696
G1 X108.367 Y108.38 E34.18773
G1 X108.689 Y108.127 E34.1959
G1 X108.896 Y107.989 E34.20086
G1 X109.123 Y107.873 E34.20595
G1 X109.535 Y107.766 E34.21444
G1 X110 Y107.702 E34.22381
G1 X110.465 Y107.765 E34.23318
G1 X110.879 Y107.874 E34.24172
G1 X111.103 Y107.989 E34.24674
G1 X111.31 Y108.126 E34.2517
G1 X111.633 Y108.38 E34.2599
G1 X111.659 Y108.408 E34.26066
G1 X111.936 Y108.8 E34.27024
G1 X112.124 Y109.117 E34.27759
G1 X112.215 Y109.414 E34.28379
G1 X112.263 Y109.65 E34.2886
G1 X112.3 Y110.007 E34.29576
G1 X112.297 Y110.103 E34.29768
G1 X112.15 Y110.816 E34.31221
G1 X112.13 Y110.869 E34.31334
G1 X111.945 Y111.204 E34.32097
G1 X111.808 Y111.409 E34.32589
G1 X111.625 Y111.627 E34.33157
G1 X111.313 Y111.864 E34.33939
G1 X110.889 Y112.121 E34.34929
G1 X110.455 Y112.238 E34.35826
G1 X110 Y112.299 E34.36742
G0 F9000 X110 Y111.859
G0 X109.979 Y111.771
;MESH:NONMESH
G0 F300 X109.979 Y111.771 Z7.44
G0 F9000 X109.614 Y111.571
;TIME_ELAPSED:189.814200
;LAYER:61
;TYPE:WALL-INNER
;MESH:puleggia carrucola.stl
G1 F600 X109.85 Y111.571 E34.37213
G1 X110.144 Y111.571 E34.378
G1 X110.386 Y111.571 E34.38283
G1 X110.582 Y111.469 E34.38723
G1 X110.878 Y111.314 E34.3939
G1 X111.073 Y111.211 E34.3983
G1 X111.207 Y111.017 E34.40301
G1 X111.377 Y110.77 E34.40899
G1 X111.502 Y110.589 E34.41338
G1 X111.603 Y110.037 E34.42458
G1 X111.589 Y109.788 E34.42956
G1 X111.587 Y109.752 E34.43028
G1 X111.524 Y109.585 E34.43384
G1 X111.427 Y109.332 E34.43925
G1 X111.331 Y109.081 E34.44461
G1 X111.136 Y108.908 E34.44981
G1 X110.921 Y108.717 E34.45555
G1 X110.753 Y108.568 E34.46003
G1 X110.533 Y108.514 E34.46455
G1 X110.246 Y108.443 E34.47045
G1 X110 Y108.382 E34.47551
G1 X109.754 Y108.442 E34.48056
G1 X109.472 Y108.512 E34.48636
G1 X109.247 Y108.568 E34.49099
G1 X109.068 Y108.726 E34.49575
G1 X108.866 Y108.906 E34.50115
G1 X108.669 Y109.081 E34.50641
G1 X108.575 Y109.327 E34.51167
G1 X108.479 Y109.58 E34.51707
G1 X108.393 Y109.804 E34.52186
G1 X108.416 Y109.997 E34.52573
G1 X108.487 Y110.574 E34.53734
G1 X108.626 Y110.776 E34.54223
G1 X108.79 Y111.014 E34.548
G1 X108.927 Y111.212 E34.5528
G1 X109.112 Y111.308 E34.55696
G1 X109.42 Y111.469 E34.5639
G1 X109.614 Y111.571 E34.56827
G0 F9000 X109.712 Y111.171
;TYPE:WALL-OUTER
G1 F600 X110.288 Y111.171 E34.57977
G1 X110.8 Y110.903 E34.5913
G1 X111.124 Y110.433 E34.60269
G1 X111.201 Y110.012 E34.61123
G1 X111.191 Y109.837 E34.61473
G1 X110.992 Y109.315 E34.62588
G1 X110.561 Y108.933 E34.63737
G1 X110 Y108.794 E34.6489
G1 X109.439 Y108.933 E34.66044
G1 X109.008 Y109.315 E34.67193
G1 X108.802 Y109.854 E34.68345
G1 X108.872 Y110.428 E34.69499
G1 X109.2 Y110.903 E34.70651
G1 X109.712 Y111.171 E34.71804
G0 F9000 X109.607 Y111.598
G0 X109.85 Y111.887
;TYPE:WALL-INNER
G1 F600 X109.564 Y111.83 E34.72242
G1 X109.546 Y111.825
G1 X109.273 Y111.751 E34.7267
G1 X108.976 Y111.571 E34.73208
G1 X108.777 Y111.438 E34.73556
G1 X108.739 Y111.413 E34.73647
G1 X108.727 Y111.4
G1 X108.533 Y111.192 E34.74076
G1 X108.372 Y110.951 E34.74525
G1 X108.239 Y110.71 E34.74939
G1 X108.223 Y110.628 E34.7505
G1 X108.102 Y110.036 E34.75941
G1 X108.124 Y109.781 E34.76332
G1 X108.125 Y109.771
G1 X108.129 Y109.751
G1 X108.186 Y109.469 E34.76764
G1 X108.273 Y109.213 E34.77193
G1 X108.447 Y108.953 E34.7766
G1 X108.46 Y108.934
G1 X108.651 Y108.665 E34.78155
G1 X108.865 Y108.498 E34.78581
G1 X109.095 Y108.343 E34.78991
G1 X109.124 Y108.324 E34.79011
G1 X109.138 Y108.318 E34.79041
G1 X109.396 Y108.206 E34.79468
G1 X109.681 Y108.15 E34.79918
G1 X109.961 Y108.111 E34.80331
G1 X110.001 Y108.105 E34.80412
G1 X110.036 Y108.109 E34.80436
G1 X110.318 Y108.148 E34.80856
G1 X110.608 Y108.206 E34.81314
G1 X110.862 Y108.316 E34.81737
G1 X110.873 Y108.321
G1 X110.904 Y108.342 E34.81766
G1 X111.123 Y108.489 E34.82156
G1 X111.349 Y108.666 E34.82606
G1 X111.538 Y108.934 E34.83097
G1 X111.554 Y108.956
G1 X111.729 Y109.216 E34.83563
G1 X111.814 Y109.474 E34.83993
G1 X111.859 Y109.697 E34.8434
G1 X111.874 Y109.771 E34.84436
G1 X111.895 Y110.01 E34.8478
G1 X111.898 Y110.035 E34.84787
G1 X111.886 Y110.094 E34.84862
G1 X111.774 Y110.644 E34.85655
G1 X111.76 Y110.712 E34.85746
G1 X111.753 Y110.726
G1 X111.632 Y110.945 E34.86126
G1 X111.465 Y111.194 E34.86591
G1 X111.275 Y111.398 E34.87012
G1 X111.264 Y111.41
G1 X111.225 Y111.436 E34.87059
G1 X111.016 Y111.576 E34.87425
G1 X110.729 Y111.75 E34.87939
G1 X110.455 Y111.824 E34.88368
G1 X110.437 Y111.829
G1 X110.144 Y111.887 E34.88816
G1 X109.85 Y111.887 E34.8928
G0 F9000 X109.812 Y112.287
;TYPE:WALL-OUTER
G1 F600 X109.472 Y112.219 E34.89972
G1 X109.112 Y112.122 E34.90716
G1 X108.763 Y111.91 E34.91531
G1 X108.477 Y111.719 E34.92218
G1 X108.221 Y111.444 E34.92967
G1 X108.029 Y111.158 E34.93655
G1 X107.872 Y110.872 E34.94306
G1 X107.855 Y110.827 E34.94402
G1 X107.703 Y110.083 E34.95917
G1 X107.7 Y110.005 E34.96073
G1 X107.729 Y109.713 E34.96659
G1 X107.798 Y109.371 E34.97355
G1 X107.876 Y109.119 E34.97881
G1 X107.922 Y109.018 E34.98103
G1 X108.115 Y108.73 E34.98795
G1 X108.348 Y108.401 E34.99599
G1 X108.37 Y108.377 E34.99664
G1 X108.636 Y108.169 E35.00338
G1 X108.931 Y107.972 E35.01046
G1 X109.275 Y107.823 E35.01794
G1 X109.616 Y107.755 E35.02488
G1 X110 Y107.702 E35.03262
G1 X110.384 Y107.754 E35.04035
G1 X110.729 Y107.823 E35.04737
G1 X111.065 Y107.969 E35.05468
G1 X111.362 Y108.168 E35.06182
G1 X111.629 Y108.377 E35.06858
G1 X111.652 Y108.401 E35.06925
G1 X111.881 Y108.725 E35.07716
G1 X112.079 Y109.02 E35.08425
G1 X112.123 Y109.115 E35.08634
G1 X112.201 Y109.37 E35.09166
G1 X112.27 Y109.712 E35.09863
G1 X112.3 Y110.007 E35.10454
G1 X112.297 Y110.082 E35.10604
G1 X112.145 Y110.827 E35.12122
G1 X112.127 Y110.876 E35.12226
G1 X111.978 Y111.147 E35.12843
G1 X111.78 Y111.442 E35.13552
G1 X111.524 Y111.718 E35.14303
G1 X111.238 Y111.909 E35.14989
G1 X110.888 Y112.121 E35.15806
G1 X110.529 Y112.218 E35.16548
G1 X110.182 Y112.287 E35.17254
G1 X109.812 Y112.287 E35.17993
G0 F9000 X109.855 Y111.85
G0 X109.855 Y111.771
;MESH:NONMESH
G0 F300 X109.855 Y111.771 Z7.56
G0 F9000 X109.614 Y111.571
;TIME_ELAPSED:194.518183
;LAYER:62
;TYPE:WALL-INNER
;MESH:puleggia carrucola.stl
G1 F600 X109.89 Y111.571 E35.18543
G1 X110.109 Y111.571 E35.1898
G1 X110.386 Y111.571 E35.19533
G1 X110.58 Y111.47 E35.1997
G1 X110.802 Y111.353 E35.2047
G1 X111.073 Y111.211 E35.21081
G1 X111.179 Y111.057 E35.21454
G1 X111.414 Y110.716 E35.22281
G1 X111.502 Y110.589 E35.22589
G1 X111.538 Y110.391 E35.2299
G1 X111.603 Y110.037 E35.23709
G1 X111.593 Y109.843 E35.24096
G1 X111.587 Y109.752 E35.24278
G1 X111.502 Y109.529 E35.24755
G1 X111.429 Y109.337 E35.25165
G1 X111.331 Y109.081 E35.25712
G1 X111.132 Y108.905 E35.26242
G1 X110.973 Y108.763 E35.26667
G1 X110.753 Y108.568 E35.27254
G1 X110.566 Y108.522 E35.27638
G1 X110.167 Y108.424 E35.28458
G1 X110 Y108.382 E35.28802
G1 X109.829 Y108.424 E35.29153
G1 X109.431 Y108.522 E35.29971
G1 X109.247 Y108.568 E35.3035
G1 X109.03 Y108.761 E35.30929
G1 X108.866 Y108.906 E35.31366
G1 X108.669 Y109.081 E35.31892
G1 X108.574 Y109.333 E35.32429
G1 X108.496 Y109.536 E35.32863
G1 X108.393 Y109.804 E35.33436
G1 X108.416 Y109.998 E35.33826
G1 X108.487 Y110.574 E35.34984
G1 X108.585 Y110.717 E35.3533
G1 X108.822 Y111.06 E35.36162
G1 X108.927 Y111.212 E35.36531
G1 X109.183 Y111.346 E35.37107
G1 X109.42 Y111.47 E35.37641
G1 X109.614 Y111.571 E35.38078
G0 F9000 X109.712 Y111.171
;TYPE:WALL-OUTER
G1 F600 X110.288 Y111.171 E35.39227
G1 X110.8 Y110.903 E35.4038
G1 X111.124 Y110.433 E35.4152
G1 X111.201 Y110.012 E35.42374
G1 X111.191 Y109.837 E35.42724
G1 X110.992 Y109.315 E35.43838
G1 X110.561 Y108.933 E35.44988
G1 X110 Y108.794 E35.46141
G1 X109.439 Y108.933 E35.47294
G1 X109.008 Y109.315 E35.48444
G1 X108.802 Y109.854 E35.49595
G1 X108.872 Y110.428 E35.50749
G1 X109.2 Y110.903 E35.51901
G1 X109.712 Y111.171 E35.53054
G0 F9000 X109.607 Y111.598
G0 X109.89 Y111.89
;TYPE:WALL-INNER
G1 F600 X109.564 Y111.825 E35.5355
G1 X109.491 Y111.81 E35.53628
G1 X109.274 Y111.751 E35.53959
G1 X109.045 Y111.612 E35.54376
G1 X108.779 Y111.435 E35.54837
G1 X108.711 Y111.389 E35.5494
G1 X108.569 Y111.235 E35.55254
G1 X108.337 Y110.889 E35.55888
G1 X108.244 Y110.719 E35.56176
G1 X108.226 Y110.628 E35.56298
G1 X108.105 Y110.037 E35.57178
G1 X108.12 Y109.827 E35.57491
G1 X108.135 Y109.753 E35.57576
G1 X108.201 Y109.424 E35.58074
G1 X108.272 Y109.219 E35.58419
G1 X108.46 Y108.941 E35.5892
G1 X108.496 Y108.887 E35.58976
G1 X108.652 Y108.666 E35.59371
G1 X108.825 Y108.531 E35.59721
G1 X109.099 Y108.348 E35.60205
G1 X109.167 Y108.302 E35.60305
G1 X109.355 Y108.219 E35.60612
G1 X109.759 Y108.14 E35.61238
G1 X109.962 Y108.112 E35.61535
G1 X110.002 Y108.106 E35.61571
G1 X110.035 Y108.11 E35.6159
G1 X110.237 Y108.137 E35.61889
G1 X110.64 Y108.217 E35.62514
G1 X110.833 Y108.301 E35.6283
G1 X110.901 Y108.346 E35.62929
G1 X111.177 Y108.532 E35.63418
G1 X111.346 Y108.663 E35.63755
G1 X111.5 Y108.882 E35.64168
G1 X111.539 Y108.941 E35.64233
G1 X111.728 Y109.222 E35.64735
G1 X111.796 Y109.416 E35.65063
G1 X111.853 Y109.698 E35.65497
G1 X111.879 Y109.826 E35.65691
G1 X111.893 Y110.015 E35.65963
G1 X111.895 Y110.04 E35.65969
G1 X111.885 Y110.093 E35.66029
G1 X111.815 Y110.441 E35.66531
G1 X111.773 Y110.645 E35.66824
G1 X111.759 Y110.708 E35.66896
G1 X111.753 Y110.721
G1 X111.664 Y110.888 E35.67182
G1 X111.434 Y111.232 E35.67816
G1 X111.29 Y111.388 E35.68135
G1 X111.222 Y111.433 E35.68237
G1 X110.942 Y111.62 E35.68724
G1 X110.728 Y111.751 E35.69116
G1 X110.515 Y111.808 E35.6946
G1 X110.437 Y111.823 E35.69545
G1 X110.109 Y111.889 E35.70043
G1 X109.89 Y111.89 E35.70392
G0 F9000 X109.853 Y112.29
;TYPE:WALL-OUTER
G1 F600 X109.398 Y112.199 E35.71318
G1 X109.113 Y112.122 E35.71907
G1 X108.837 Y111.954 E35.72552
G1 X108.45 Y111.696 E35.7348
G1 X108.254 Y111.483 E35.74058
G1 X107.997 Y111.1 E35.74978
G1 X107.871 Y110.871 E35.755
G1 X107.861 Y110.845 E35.75555
G1 X107.702 Y110.063 E35.77148
G1 X107.723 Y109.774 E35.77726
G1 X107.815 Y109.315 E35.7866
G1 X107.91 Y109.043 E35.79235
G1 X108.169 Y108.656 E35.80164
G1 X108.355 Y108.393 E35.80807
G1 X108.366 Y108.382 E35.80838
G1 X108.589 Y108.207 E35.81404
G1 X108.972 Y107.951 E35.82323
G1 X109.234 Y107.836 E35.82894
G1 X109.694 Y107.745 E35.8383
G1 X110.001 Y107.702 E35.84449
G1 X110.303 Y107.743 E35.85057
G1 X110.763 Y107.834 E35.85993
G1 X111.024 Y107.948 E35.86561
G1 X111.418 Y108.212 E35.87508
G1 X111.63 Y108.377 E35.88044
G1 X111.645 Y108.393 E35.88087
G1 X111.827 Y108.651 E35.88717
G1 X112.09 Y109.043 E35.8966
G1 X112.182 Y109.306 E35.90216
G1 X112.276 Y109.773 E35.91166
G1 X112.298 Y110.064 E35.91749
G1 X112.206 Y110.523 E35.92683
G1 X112.138 Y110.846 E35.93341
G1 X112.01 Y111.089 E35.9389
G1 X111.747 Y111.482 E35.94833
G1 X111.551 Y111.695 E35.95411
G1 X111.164 Y111.953 E35.96339
G1 X110.887 Y112.122 E35.96987
G1 X110.603 Y112.198 E35.97573
G1 X110.148 Y112.289 E35.98499
G1 X109.853 Y112.29 E35.99088
G0 F9000 X109.895 Y111.853
G0 X109.895 Y111.771
;MESH:NONMESH
G0 F300 X109.895 Y111.771 Z7.68
G0 F9000 X109.556 Y111.54
;TIME_ELAPSED:199.230449
;LAYER:63
;TYPE:WALL-INNER
;MESH:puleggia carrucola.stl
G1 F600 X109.614 Y111.571 E35.99219
G1 X109.931 Y111.571 E35.99852
G1 X110.068 Y111.571 E36.00125
G1 X110.386 Y111.571 E36.0076
G1 X110.445 Y111.54 E36.00893
G1 X110.737 Y111.387 E36.01551
G1 X111.073 Y111.211 E36.02308
G1 X111.153 Y111.095 E36.02589
G1 X111.459 Y110.651 E36.03665
G1 X111.502 Y110.589 E36.03816
G1 X111.521 Y110.483 E36.0403
G1 X111.603 Y110.037 E36.04935
G1 X111.596 Y109.901 E36.05207
G1 X111.587 Y109.752 E36.05505
G1 X111.485 Y109.484 E36.06077
G1 X111.437 Y109.358 E36.06346
G1 X111.331 Y109.081 E36.06938
G1 X111.26 Y109.019 E36.07126
G1 X111.024 Y108.809 E36.07757
G1 X110.753 Y108.568 E36.08481
G1 X110.727 Y108.562 E36.08534
G1 X110.601 Y108.531 E36.08793
G1 X110.088 Y108.404 E36.09847
G1 X110 Y108.382 E36.10028
G1 X109.906 Y108.405 E36.10222
G1 X109.399 Y108.53 E36.11264
G1 X109.278 Y108.56 E36.11512
G1 X109.247 Y108.568 E36.11576
G1 X108.977 Y108.807 E36.12296
G1 X108.742 Y109.016 E36.12923
G1 X108.669 Y109.081 E36.13119
G1 X108.562 Y109.363 E36.1372
G1 X108.515 Y109.484 E36.13979
G1 X108.393 Y109.804 E36.14663
G1 X108.398 Y109.852 E36.14759
G1 X108.414 Y109.98 E36.15017
G1 X108.487 Y110.574 E36.16211
G1 X108.549 Y110.664 E36.16429
G1 X108.852 Y111.103 E36.17494
G1 X108.927 Y111.212 E36.17758
G1 X109.275 Y111.393 E36.1854
G1 X109.556 Y111.54 E36.19173
G0 F9000 X109.712 Y111.171
;TYPE:WALL-OUTER
G1 F600 X110.288 Y111.171 E36.20323
G1 X110.8 Y110.903 E36.21476
G1 X111.124 Y110.433 E36.22615
G1 X111.201 Y110.012 E36.23469
G1 X111.191 Y109.837 E36.23819
G1 X110.992 Y109.315 E36.24934
G1 X110.561 Y108.933 E36.26083
G1 X110 Y108.794 E36.27237
G1 X109.439 Y108.933 E36.2839
G1 X109.008 Y109.315 E36.29539
G1 X108.802 Y109.854 E36.30691
G1 X108.872 Y110.428 E36.31845
G1 X109.2 Y110.903 E36.32997
G1 X109.712 Y111.171 E36.3415
G0 F9000 X109.607 Y111.598
G0 X109.931 Y111.893
;TYPE:WALL-INNER
G1 F600 X109.565 Y111.82 E36.34703
G1 X109.425 Y111.792 E36.34921
G1 X109.134 Y111.666 E36.3539
G1 X108.782 Y111.43 E36.36001
G1 X108.69 Y111.369 E36.36154
G1 X108.603 Y111.275 E36.3634
G1 X108.306 Y110.832 E36.37137
G1 X108.246 Y110.72 E36.37326
G1 X108.228 Y110.627 E36.37458
G1 X108.105 Y110.018 E36.38358
G1 X108.114 Y109.886 E36.38557
G1 X108.14 Y109.754 E36.38757
G1 X108.217 Y109.371 E36.39333
G1 X108.259 Y109.248 E36.39541
G1 X108.463 Y108.944 E36.40084
G1 X108.555 Y108.806 E36.40326
G1 X108.769 Y108.574 E36.40794
G1 X109.102 Y108.352 E36.41378
G1 X109.208 Y108.281 E36.41567
G1 X109.325 Y108.231 E36.41757
G1 X109.837 Y108.129 E36.42534
G1 X109.997 Y108.128 E36.4277
G1 X110.156 Y108.126 E36.43008
G1 X110.675 Y108.229 E36.43797
G1 X110.795 Y108.282 E36.44007
G1 X110.898 Y108.35 E36.44207
G1 X111.232 Y108.574 E36.44796
G1 X111.446 Y108.808 E36.45276
G1 X111.536 Y108.942 E36.45512
G1 X111.738 Y109.242 E36.46047
G1 X111.782 Y109.37 E36.46266
G1 X111.848 Y109.699 E36.46769
G1 X111.885 Y109.884 E36.47043
G1 X111.895 Y110.02 E36.47241
G1 X111.881 Y110.092 E36.47367
G1 X111.793 Y110.532 E36.47992
G1 X111.751 Y110.667 E36.48193
G1 X111.703 Y110.818 E36.48439
G1 X111.403 Y111.267 E36.49247
G1 X111.307 Y111.372 E36.49467
G1 X111.22 Y111.43 E36.49609
G1 X110.879 Y111.657 E36.502
G1 X110.577 Y111.79 E36.5069
G1 X110.436 Y111.818 E36.50908
G1 X110.068 Y111.892 E36.51463
G1 X109.931 Y111.893 E36.51683
G0 F9000 X109.894 Y112.293
;TYPE:WALL-OUTER
G1 F600 X109.328 Y112.18 E36.52835
G1 X109.115 Y112.122 E36.53275
G1 X108.912 Y111.999 E36.53749
G1 X108.427 Y111.675 E36.54913
G1 X108.29 Y111.527 E36.55315
G1 X107.965 Y111.042 E36.56481
G1 X107.865 Y110.856 E36.56902
G1 X107.702 Y110.043 E36.58557
G1 X107.717 Y109.835 E36.58973
G1 X107.83 Y109.266 E36.60131
G1 X107.898 Y109.068 E36.60548
G1 X108.223 Y108.583 E36.61713
G1 X108.367 Y108.38 E36.6221
G1 X108.533 Y108.25 E36.62631
G1 X109.013 Y107.93 E36.63782
G1 X109.206 Y107.847 E36.64201
G1 X109.775 Y107.734 E36.65359
G1 X110.001 Y107.702 E36.65815
G1 X110.222 Y107.732 E36.6626
G1 X110.797 Y107.846 E36.67429
G1 X110.99 Y107.931 E36.6785
G1 X111.466 Y108.249 E36.68993
G1 X111.638 Y108.386 E36.69431
G1 X111.773 Y108.577 E36.69898
G1 X112.099 Y109.063 E36.71066
G1 X112.168 Y109.262 E36.71486
G1 X112.282 Y109.833 E36.72648
G1 X112.298 Y110.043 E36.73069
G1 X112.184 Y110.617 E36.74237
G1 X112.128 Y110.873 E36.74759
G1 X112.042 Y111.031 E36.75118
G1 X111.717 Y111.517 E36.76285
G1 X111.57 Y111.677 E36.76719
G1 X111.089 Y111.998 E36.77873
G1 X110.884 Y112.123 E36.78352
G1 X110.677 Y112.178 E36.78779
G1 X110.108 Y112.292 E36.79937
G1 X109.894 Y112.293 E36.80365
G0 F9000 X109.936 Y111.856
G0 X109.28 Y111.902
;TYPE:SKIN
G1 F600 X109.215 Y111.967 E36.80456
G0 F9000 X109.248 Y111.848
G0 X110.346 Y111.409
G0 X110.963 Y111.086
G0 X111.349 Y110.526
G0 X111.412 Y109.928
G0 X111.43 Y108.611
G0 X111.462 Y108.588
G1 F600 X111.522 Y108.528 E36.80541
G0 F9000 X111.223 Y108.719
;MESH:NONMESH
G0 F300 X111.223 Y108.719 Z7.8
G0 F9000 X111.441 Y110.026
G0 X111.349 Y110.526
G0 X110.963 Y111.086
G0 X110.408 Y111.376
G0 X109.504 Y111.513
;TIME_ELAPSED:204.416590
;LAYER:64
;TYPE:WALL-INNER
;MESH:puleggia carrucola.stl
G1 F600 X109.614 Y111.571 E36.80789
G1 X109.97 Y111.571 E36.815
G1 X110.027 Y111.571 E36.81613
G1 X110.386 Y111.571 E36.8233
G1 X110.492 Y111.516 E36.82568
G1 X110.68 Y111.417 E36.82992
G1 X111.073 Y111.211 E36.83878
G1 X111.091 Y111.185 E36.83941
G1 X111.118 Y111.145 E36.84037
G1 X111.466 Y110.641 E36.85259
G1 X111.502 Y110.589 E36.85385
G1 X111.508 Y110.555 E36.85454
G1 X111.603 Y110.037 E36.86505
G1 X111.603 Y110.019 E36.86541
G1 X111.599 Y109.959 E36.86661
G1 X111.587 Y109.752 E36.87075
G1 X111.462 Y109.421 E36.87781
G1 X111.449 Y109.389 E36.8785
G1 X111.331 Y109.081 E36.88508
G1 X111.211 Y108.974 E36.88829
G1 X111.055 Y108.836 E36.89245
G1 X110.753 Y108.568 E36.9005
G1 X110.681 Y108.551 E36.90198
G1 X110.639 Y108.54 E36.90285
G1 X110.035 Y108.391 E36.91526
G1 X110 Y108.382 E36.91598
G1 X109.965 Y108.39 E36.9167
G1 X109.36 Y108.539 E36.92913
G1 X109.321 Y108.549 E36.92994
G1 X109.247 Y108.568 E36.93146
G1 X108.945 Y108.836 E36.93952
G1 X108.789 Y108.975 E36.94369
G1 X108.669 Y109.081 E36.94688
G1 X108.553 Y109.386 E36.9534
G1 X108.537 Y109.428 E36.95429
G1 X108.393 Y109.804 E36.96233
G1 X108.405 Y109.906 E36.96438
G1 X108.412 Y109.961 E36.96548
G1 X108.487 Y110.574 E36.97781
G1 X108.517 Y110.617 E36.97885
G1 X108.875 Y111.137 E36.99145
G1 X108.91 Y111.188 E36.99269
G1 X108.927 Y111.212 E36.99327
G1 X109.324 Y111.419 E37.00221
G1 X109.504 Y111.513 E37.00626
G0 F9000 X109.712 Y111.171
;TYPE:WALL-OUTER
G1 F600 X110.288 Y111.171 E37.01776
G1 X110.8 Y110.903 E37.02929
G1 X111.124 Y110.433 E37.04068
G1 X111.201 Y110.012 E37.04922
G1 X111.191 Y109.837 E37.05272
G1 X110.992 Y109.315 E37.06387
G1 X110.561 Y108.933 E37.07536
G1 X110 Y108.794 E37.0869
G1 X109.439 Y108.933 E37.09843
G1 X109.008 Y109.315 E37.10992
G1 X108.802 Y109.854 E37.12144
G1 X108.872 Y110.428 E37.13298
G1 X109.2 Y110.903 E37.1445
G1 X109.712 Y111.171 E37.15603
G0 F9000 X109.607 Y111.598
G0 X109.97 Y111.896
;TYPE:WALL-INNER
G1 F600 X109.566 Y111.816 E37.1621
G1 X109.368 Y111.776 E37.16511
G1 X109.182 Y111.693 E37.16819
G1 X108.784 Y111.428 E37.17506
G1 X108.672 Y111.353 E37.17719
G1 X108.63 Y111.306 E37.17812
G1 X108.279 Y110.782 E37.18737
G1 X108.251 Y110.73 E37.18823
G1 X108.231 Y110.626 E37.18986
G1 X108.104 Y109.999 E37.19906
G1 X108.109 Y109.942 E37.19994
G1 X108.146 Y109.755 E37.20283
G1 X108.235 Y109.313 E37.20945
G1 X108.249 Y109.271 E37.21016
G1 X108.465 Y108.946 E37.21591
G1 X108.593 Y108.755 E37.21924
G1 X108.736 Y108.602 E37.22242
G1 X109.105 Y108.356 E37.22884
G1 X109.249 Y108.26 E37.23153
G1 X109.287 Y108.244 E37.23215
G1 X109.898 Y108.121 E37.24123
G1 X109.998 Y108.121 E37.24279
G1 X110.101 Y108.12 E37.2444
G1 X110.712 Y108.243 E37.25349
G1 X110.752 Y108.26 E37.25409
G1 X110.895 Y108.355 E37.25677
G1 X111.262 Y108.601 E37.26316
G1 X111.405 Y108.754 E37.26641
G1 X111.533 Y108.946 E37.26973
G1 X111.751 Y109.273 E37.27548
G1 X111.763 Y109.306 E37.27605
G1 X111.841 Y109.701 E37.28204
G1 X111.89 Y109.942 E37.28554
G1 X111.895 Y110.003 E37.28629
G1 X111.878 Y110.091 E37.28767
G1 X111.776 Y110.603 E37.29487
G1 X111.751 Y110.675 E37.29603
G1 X111.706 Y110.805 E37.29816
G1 X111.365 Y111.314 E37.30718
G1 X111.333 Y111.349 E37.30788
G1 X111.217 Y111.426 E37.31013
G1 X110.823 Y111.689 E37.31691
G1 X110.628 Y111.775 E37.3201
G1 X110.435 Y111.813 E37.32301
G1 X110.027 Y111.895 E37.32911
G1 X109.97 Y111.896 E37.33004
G0 F9000 X109.934 Y112.296
;TYPE:WALL-OUTER
G1 F600 X109.246 Y112.159 E37.34404
G1 X108.986 Y112.043 E37.34972
G1 X108.409 Y111.658 E37.36356
G1 X108.319 Y111.56 E37.36622
G1 X107.933 Y110.983 E37.38007
G1 X107.871 Y110.87 E37.38264
G1 X107.701 Y110.02 E37.39994
G1 X107.711 Y109.896 E37.40242
G1 X107.848 Y109.21 E37.41638
G1 X107.888 Y109.091 E37.41889
G1 X108.277 Y108.508 E37.43287
G1 X108.477 Y108.294 E37.43872
G1 X109.057 Y107.907 E37.45263
G1 X109.167 Y107.86 E37.45502
G1 X109.858 Y107.721 E37.46909
G1 X110.139 Y107.72 E37.4747
G1 X110.833 Y107.859 E37.48882
G1 X110.946 Y107.908 E37.49128
G1 X111.522 Y108.293 E37.5051
G1 X111.721 Y108.507 E37.51094
G1 X112.111 Y109.091 E37.52495
G1 X112.149 Y109.199 E37.52723
G1 X112.288 Y109.894 E37.54138
G1 X112.299 Y110.023 E37.54396
G1 X112.162 Y110.711 E37.55796
G1 X112.068 Y110.982 E37.56369
G1 X111.678 Y111.565 E37.57768
G1 X111.592 Y111.657 E37.5802
G1 X111.016 Y112.041 E37.59401
G1 X110.751 Y112.158 E37.59979
G1 X110.067 Y112.295 E37.61371
G1 X109.934 Y112.296 E37.61637
G0 F9000 X109.975 Y111.858
G0 X109.974 Y111.771
;MESH:NONMESH
G0 F300 X109.974 Y111.771 Z7.92
G0 F9000 X109.44 Y111.48
;TIME_ELAPSED:209.139632
;LAYER:65
;TYPE:WALL-INNER
;MESH:puleggia carrucola.stl
G1 F600 X109.614 Y111.571 E37.62029
G1 X109.997 Y111.571 E37.62793
G1 X110.386 Y111.571 E37.63569
G1 X110.558 Y111.482 E37.63956
G1 X110.601 Y111.459 E37.64053
G1 X111.073 Y111.211 E37.65117
G1 X111.101 Y111.17 E37.65216
G1 X111.502 Y110.589 E37.66625
G1 X111.603 Y110.037 E37.67745
G1 X111.602 Y110.009 E37.67801
G1 X111.587 Y109.752 E37.68314
G1 X111.452 Y109.398 E37.69071
G1 X111.331 Y109.081 E37.69748
G1 X111.144 Y108.915 E37.70247
G1 X111.108 Y108.883 E37.70343
G1 X110.753 Y108.568 E37.7129
G1 X110.652 Y108.543 E37.71498
G1 X110 Y108.382 E37.72838
G1 X109.346 Y108.543 E37.74182
G1 X109.247 Y108.568 E37.74386
G1 X108.894 Y108.88 E37.75326
G1 X108.852 Y108.918 E37.75439
G1 X108.669 Y109.081 E37.75928
G1 X108.549 Y109.396 E37.76601
G1 X108.393 Y109.804 E37.77472
G1 X108.411 Y109.952 E37.7777
G1 X108.487 Y110.574 E37.7902
G1 X108.897 Y111.169 E37.80462
G1 X108.927 Y111.212 E37.80567
G1 X109.404 Y111.461 E37.81641
G1 X109.44 Y111.48 E37.81722
G0 F9000 X109.712 Y111.171
;TYPE:WALL-OUTER
G1 F600 X110.288 Y111.171 E37.82871
G1 X110.8 Y110.903 E37.84025
G1 X111.124 Y110.433 E37.85164
G1 X111.201 Y110.012 E37.86018
G1 X111.191 Y109.837 E37.86368
G1 X110.992 Y109.315 E37.87483
G1 X110.561 Y108.933 E37.88632
G1 X110 Y108.794 E37.89785
G1 X109.439 Y108.933 E37.90939
G1 X109.008 Y109.315 E37.92088
G1 X108.802 Y109.854 E37.93239
G1 X108.872 Y110.428 E37.94393
G1 X109.2 Y110.903 E37.95545
G1 X109.712 Y111.171 E37.96699
G0 F9000 X109.607 Y111.598
G0 X109.997 Y111.896
;TYPE:WALL-INNER
G1 F600 X109.567 Y111.81 E37.97339
G1 X109.296 Y111.756 E37.97747
G1 X109.259 Y111.739 E37.97793
G1 X108.787 Y111.423 E37.98607
G1 X108.657 Y111.336 E37.98853
G1 X108.253 Y110.73 E37.99899
G1 X108.233 Y110.625 E38.00112
G1 X108.106 Y109.99 E38.01035
G1 X108.152 Y109.757 E38.01391
G1 X108.247 Y109.281 E38.02095
G1 X108.469 Y108.948 E38.02679
G1 X108.645 Y108.686 E38.03136
G1 X108.684 Y108.644 E38.03219
G1 X109.108 Y108.361 E38.0395
G1 X109.273 Y108.25 E38.04255
G1 X109.947 Y108.116 E38.05241
G1 X109.977 Y108.11 E38.05303
G1 X109.993 Y108.11 E38.05334
G1 X110.022 Y108.109 E38.05392
G1 X110.053 Y108.115 E38.05445
G1 X110.724 Y108.249 E38.06431
G1 X110.891 Y108.36 E38.06739
G1 X111.318 Y108.645 E38.07477
G1 X111.351 Y108.68 E38.07559
G1 X111.53 Y108.948 E38.08028
G1 X111.753 Y109.282 E38.08611
G1 X111.836 Y109.702 E38.09241
G1 X111.891 Y109.979 E38.09633
G1 X111.894 Y109.992
G1 X111.875 Y110.09 E38.09776
G1 X111.765 Y110.641 E38.10542
G1 X111.746 Y110.734 E38.10702
G1 X111.738 Y110.746 E38.10731
G1 X111.344 Y111.336 E38.11755
G1 X111.215 Y111.422 E38.12002
G1 X110.746 Y111.735 E38.12807
G1 X110.701 Y111.755 E38.12884
G1 X110.434 Y111.808 E38.13283
G1 X109.997 Y111.896 E38.13932
G0 F9000 X109.975 Y112.299
;TYPE:WALL-OUTER
G1 F600 X109.172 Y112.139 E38.15566
G1 X109.061 Y112.088 E38.1581
G1 X108.377 Y111.63 E38.17452
G1 X108.352 Y111.6 E38.1753
G1 X107.903 Y110.927 E38.19145
G1 X107.875 Y110.877 E38.19259
G1 X107.701 Y110.003 E38.21037
G1 X107.705 Y109.957 E38.2113
G1 X107.863 Y109.162 E38.22747
G1 X107.879 Y109.111 E38.22854
G1 X108.331 Y108.435 E38.24477
G1 X108.423 Y108.337 E38.24745
G1 X109.098 Y107.886 E38.26365
G1 X109.136 Y107.87 E38.26447
G1 X109.938 Y107.71 E38.28079
G1 X110.058 Y107.709 E38.28319
G1 X110.862 Y107.869 E38.29955
G1 X110.904 Y107.888 E38.30047
G1 X111.578 Y108.337 E38.31663
G1 X111.665 Y108.429 E38.31915
G1 X112.123 Y109.116 E38.33563
G1 X112.135 Y109.154 E38.33643
G1 X112.293 Y109.95 E38.35262
G1 X112.299 Y110.007 E38.35377
G1 X112.125 Y110.879 E38.37151
G1 X112.1 Y110.924 E38.37254
G1 X111.649 Y111.598 E38.38872
G1 X111.615 Y111.636 E38.38974
G1 X110.941 Y112.086 E38.40591
G1 X110.825 Y112.138 E38.40845
G1 X110.026 Y112.298 E38.42471
G1 X109.975 Y112.299 E38.42573
G0 F9000 X110.013 Y111.861
G0 X109.981 Y111.771
;MESH:NONMESH
G0 F300 X109.981 Y111.771 Z8.04
G0 F9000 X109.614 Y111.571
;TIME_ELAPSED:213.854147
;LAYER:66
;TYPE:WALL-INNER
;MESH:puleggia carrucola.stl
G1 F600 X110.002 Y111.571 E38.43347
G1 X110.386 Y111.571 E38.44113
G1 X110.577 Y111.471 E38.44544
G1 X111.073 Y111.211 E38.45661
G1 X111.1 Y111.171 E38.45758
G1 X111.502 Y110.589 E38.47169
G1 X111.603 Y110.037 E38.48289
G1 X111.602 Y110.017 E38.48329
G1 X111.587 Y109.752 E38.48859
G1 X111.449 Y109.39 E38.49632
G1 X111.331 Y109.081 E38.50292
G1 X111.127 Y108.9 E38.50836
G1 X110.752 Y108.568 E38.51836
G1 X110.651 Y108.544 E38.52043
G1 X110.002 Y108.383 E38.53377
G1 X109.349 Y108.542 E38.54718
G1 X109.25 Y108.566 E38.54922
G1 X108.874 Y108.899 E38.55924
G1 X108.669 Y109.081 E38.56471
G1 X108.551 Y109.392 E38.57135
G1 X108.393 Y109.804 E38.58015
G1 X108.411 Y109.959 E38.58327
G1 X108.487 Y110.574 E38.59563
G1 X108.9 Y111.173 E38.61015
G1 X108.927 Y111.212 E38.6111
G1 X109.421 Y111.47 E38.62222
G1 X109.614 Y111.571 E38.62657
G0 F9000 X109.712 Y111.171
;TYPE:WALL-OUTER
G1 F600 X110.288 Y111.171 E38.63806
G1 X110.8 Y110.903 E38.6496
G1 X111.124 Y110.433 E38.66099
G1 X111.201 Y110.012 E38.66953
G1 X111.191 Y109.837 E38.67303
G1 X110.992 Y109.315 E38.68418
G1 X110.561 Y108.933 E38.69567
G1 X110.001 Y108.795 E38.70718
G1 X109.441 Y108.931 E38.71868
G1 X109.008 Y109.315 E38.73023
G1 X108.802 Y109.854 E38.74174
G1 X108.872 Y110.428 E38.75328
G1 X109.2 Y110.903 E38.7648
G1 X109.712 Y111.171 E38.77634
G0 F9000 X109.607 Y111.598
G0 X110.002 Y111.888
;TYPE:WALL-INNER
G1 F600 X109.569 Y111.803 E38.78261
G1 X109.278 Y111.746 E38.78692
G1 X108.789 Y111.42 E38.79523
G1 X108.664 Y111.336 E38.79759
G1 X108.254 Y110.723 E38.80798
G1 X108.235 Y110.624 E38.81
G1 X108.111 Y109.996 E38.819
G1 X108.158 Y109.758 E38.82257
G1 X108.254 Y109.279 E38.82951
G1 X108.473 Y108.951 E38.83516
G1 X108.665 Y108.665 E38.84011
G1 X109.114 Y108.364 E38.84775
G1 X109.278 Y108.254 E38.85073
G1 X109.95 Y108.122 E38.86039
G1 X110.004 Y108.111 E38.86149
G1 X110.054 Y108.12 E38.86234
G1 X110.722 Y108.254 E38.87203
G1 X110.887 Y108.364 E38.87503
G1 X111.335 Y108.664 E38.88268
G1 X111.526 Y108.949 E38.88762
G1 X111.745 Y109.276 E38.89326
G1 X111.83 Y109.703 E38.89955
G1 X111.885 Y109.98 E38.90337
G1 X111.889 Y110
G1 X111.872 Y110.09 E38.90487
G1 X111.762 Y110.64 E38.91241
G1 X111.745 Y110.725 E38.91386
G1 X111.733 Y110.743 E38.91423
G1 X111.337 Y111.334 E38.92427
G1 X111.212 Y111.417 E38.92662
G1 X110.722 Y111.746 E38.93496
G1 X110.432 Y111.803 E38.93926
G1 X110.002 Y111.888 E38.9455
G0 F9000 X110 Y112.296
;TYPE:WALL-OUTER
G1 F600 X109.123 Y112.124 E38.96333
G1 X108.376 Y111.625 E38.98126
G1 X107.878 Y110.88 E38.99914
G1 X107.703 Y109.996 E39.01713
G1 X107.878 Y109.121 E39.03494
G1 X108.376 Y108.376 E39.05282
G1 X109.121 Y107.878 E39.0707
G1 X110.004 Y107.703 E39.08867
G1 X110.879 Y107.878 E39.10647
G1 X111.622 Y108.374 E39.1243
G1 X112.122 Y109.121 E39.14224
G1 X112.296 Y110 E39.16012
G1 X112.122 Y110.88 E39.17802
G1 X111.624 Y111.624 E39.19589
G1 X110.879 Y112.122 E39.21377
G1 X110 Y112.296 E39.23165
G0 F9000 X110 Y111.856
G0 X109.968 Y111.771
;TIME_ELAPSED:218.470155
G1 F1500 E32.73165
M140 S0
G91 ;Relative positioning
G1 E-2 F2700 ;Retract a bit
G1 E-2 Z0.2 F2400 ;Retract and raise Z
G1 X5 Y5 F3000 ;Wipe out
G1 Z10 ;Raise Z more
G90 ;Absolute positioning

G1 X0 Y220 ;Present print
M106 S0 ;Turn-off fan
M104 S0 ;Turn-off hotend
M140 S0 ;Turn-off bed

M84 X Y E ;Disable all steppers but Z

M82 ;absolute extrusion mode
M104 S0
;End of Gcode
;SETTING_3 {"global_quality": "[general]\\nversion = 4\\nname = Super Quality #2
;SETTING_3 \\ndefinition = creality_ender3pro\\n\\n[metadata]\\ntype = quality_c
;SETTING_3 hanges\\nquality_type = super\\nsetting_version = 17\\n\\n[values]\\n
;SETTING_3 adhesion_type = brim\\nsupport_enable = True\\n\\n", "extruder_qualit
;SETTING_3 y": ["[general]\\nversion = 4\\nname = Super Quality #2\\ndefinition 
;SETTING_3 = creality_ender3pro\\n\\n[metadata]\\ntype = quality_changes\\nquali
;SETTING_3 ty_type = super\\nsetting_version = 17\\nposition = 0\\n\\n[values]\\
;SETTING_3 nbrim_width = 4\\ncool_fan_speed = 0\\ninfill_sparse_density = 100\\n
;SETTING_3 material_print_temperature = 245.0\\n\\n"]}
