;FLAVOR:Marlin
;TIME:1489
;Filament used: 1.27501m
;Layer height: 0.2
;MINX:82.5
;MINY:64.5
;MINZ:0.2
;MAXX:137.5
;MAXY:155.5
;MAXZ:4
;Generated with Cura_SteamEngine 4.11.0
M140 S85
M105
M190 S85
M104 S250
M105
M109 S250
M82 ;absolute extrusion mode
; Ender 3 Custom Start G-code
G92 E0 ; Reset Extruder
G28 ; Home all axes
G1 Z2.0 F3000 ; Move Z Axis up little to prevent scratching of Heat Bed
G1 X0.1 Y20 Z0.3 F5000.0 ; Move to start position
G1 X0.1 Y200.0 Z0.3 F1500.0 E15 ; Draw the first line
G1 X0.4 Y200.0 Z0.3 F5000.0 ; Move to side a little
G1 X0.4 Y20 Z0.3 F1500.0 E30 ; Draw the second line
G92 E0 ; Reset Extruder
G1 Z2.0 F3000 ; Move Z Axis up little to prevent scratching of Heat Bed
G1 X5 Y20 Z0.3 F5000.0 ; Move over to prevent blob squish
G92 E0
G92 E0
G1 F1500 E-6.5
;LAYER_COUNT:20
;LAYER:0
M107
G0 F6000 X85.866 Y69.425 Z0.2
;TYPE:SKIRT
G1 F1500 E0
G1 F1200 X86.506 Y68.711 E0.04784
G1 X87.203 Y68.053 E0.09566
G1 X87.954 Y67.455 E0.14355
G1 X88.287 Y67.217 E0.16397
G1 X88.561 Y67.028 E0.18058
G1 X88.849 Y66.836 E0.19785
G1 X89.307 Y66.54 E0.22506
G1 X90.133 Y66.053 E0.27289
G1 X90.997 Y65.637 E0.32074
G1 X91.893 Y65.295 E0.36858
G1 X93.125 Y64.956 E0.43233
G1 X93.547 Y64.865 E0.45387
G1 X93.906 Y64.794 E0.47213
G1 X94.432 Y64.698 E0.4988
G1 X95.382 Y64.565 E0.54666
G1 X96.012 Y64.521 E0.57817
G1 X96.411 Y64.509 E0.59808
G1 X97.155 Y64.5 E0.6352
G1 X122.793 Y64.5 E1.91429
G1 X123.681 Y64.512 E1.9586
G1 X125.092 Y64.621 E2.0292
G1 X125.654 Y64.712 E2.0576
G1 X126.067 Y64.789 E2.07856
G1 X126.361 Y64.848 E2.09352
G1 X126.848 Y64.952 E2.11837
G1 X127.776 Y65.191 E2.16618
G1 X128.682 Y65.507 E2.21405
G1 X129.558 Y65.897 E2.26189
G1 X130.181 Y66.23 E2.29713
G1 X130.254 Y66.272 E2.30133
G1 X130.761 Y66.582 E2.33098
G1 X131.072 Y66.783 E2.34945
G1 X131.38 Y66.989 E2.36794
G1 X131.81 Y67.287 E2.39404
G1 X132.575 Y67.866 E2.44191
G1 X133.289 Y68.506 E2.48974
G1 X133.947 Y69.203 E2.53756
G1 X134.545 Y69.954 E2.58546
G1 X134.805 Y70.319 E2.60782
G1 X134.981 Y70.576 E2.62336
G1 X135.13 Y70.799 E2.63674
G1 X135.438 Y71.272 E2.6649
G1 X135.927 Y72.096 E2.7127
G1 X136.346 Y72.959 E2.76056
G1 X136.692 Y73.854 E2.80844
G1 X136.983 Y74.863 E2.86083
G1 X137.075 Y75.268 E2.88155
G1 X137.148 Y75.617 E2.89934
G1 X137.203 Y75.897 E2.91357
G1 X137.3 Y76.426 E2.9404
G1 X137.434 Y77.376 E2.98827
G1 X137.478 Y78 E3.01948
G1 X137.491 Y78.412 E3.04004
G1 X137.5 Y79.156 E3.07716
G1 X137.499 Y140.971 E6.16113
G1 X137.488 Y141.681 E6.19655
G1 X137.379 Y143.092 E6.26716
G1 X137.288 Y143.654 E6.29556
G1 X137.211 Y144.067 E6.31652
G1 X137.148 Y144.379 E6.3324
G1 X137.041 Y144.876 E6.35776
G1 X136.801 Y145.805 E6.40563
G1 X136.483 Y146.71 E6.45349
G1 X136.092 Y147.585 E6.5013
G1 X135.486 Y148.654 E6.56261
G1 X135.248 Y149.026 E6.58464
G1 X135.02 Y149.368 E6.60515
G1 X134.722 Y149.799 E6.63129
G1 X134.144 Y150.565 E6.67917
G1 X133.505 Y151.279 E6.72697
G1 X132.808 Y151.938 E6.77483
G1 X132.013 Y152.57 E6.82549
G1 X131.668 Y152.814 E6.84658
G1 X131.4 Y152.997 E6.86277
G1 X131.179 Y153.144 E6.87601
G1 X130.714 Y153.446 E6.90367
G1 X129.888 Y153.935 E6.95156
G1 X129.025 Y154.353 E6.9994
G1 X128.13 Y154.697 E7.04724
G1 X126.88 Y155.042 E7.11193
G1 X126.459 Y155.133 E7.13342
G1 X126.094 Y155.206 E7.15199
G1 X125.568 Y155.302 E7.17867
G1 X124.618 Y155.435 E7.22652
G1 X123.988 Y155.479 E7.25803
G1 X123.589 Y155.491 E7.27795
G1 X122.845 Y155.5 E7.31507
G1 X97.029 Y155.499 E8.60303
G1 X96.319 Y155.488 E8.63846
G1 X94.908 Y155.379 E8.70906
G1 X94.346 Y155.288 E8.73747
G1 X93.933 Y155.211 E8.75843
G1 X93.644 Y155.153 E8.77313
G1 X93.156 Y155.049 E8.79803
G1 X92.227 Y154.811 E8.84587
G1 X91.322 Y154.495 E8.89369
G1 X90.445 Y154.106 E8.94156
G1 X89.734 Y153.721 E8.9819
G1 X89.659 Y153.677 E8.98624
G1 X89.237 Y153.417 E9.01096
G1 X88.929 Y153.218 E9.02926
G1 X88.62 Y153.011 E9.04781
G1 X88.19 Y152.713 E9.07392
G1 X87.425 Y152.134 E9.12178
G1 X86.711 Y151.494 E9.16962
G1 X86.053 Y150.797 E9.21744
G1 X85.435 Y150.018 E9.26705
G1 X85.185 Y149.666 E9.28859
G1 X84.995 Y149.388 E9.30539
G1 X84.845 Y149.163 E9.31888
G1 X84.554 Y148.715 E9.34553
G1 X84.066 Y147.89 E9.39335
G1 X83.648 Y147.027 E9.44119
G1 X83.303 Y146.132 E9.48905
G1 X82.956 Y144.875 E9.5541
G1 X82.865 Y144.453 E9.57564
G1 X82.791 Y144.079 E9.59466
G1 X82.695 Y143.549 E9.62153
G1 X82.564 Y142.599 E9.66938
G1 X82.522 Y142.006 E9.69904
G1 X82.509 Y141.588 E9.7199
G1 X82.5 Y140.844 E9.75702
G1 X82.501 Y79.029 E12.84098
G1 X82.512 Y78.319 E12.87641
G1 X82.621 Y76.908 E12.94702
G1 X82.712 Y76.346 E12.97542
G1 X82.789 Y75.933 E12.99638
G1 X82.845 Y75.652 E13.01067
G1 X82.948 Y75.167 E13.03541
G1 X83.186 Y74.238 E13.08326
G1 X83.501 Y73.332 E13.13111
G1 X83.89 Y72.456 E13.17893
G1 X84.236 Y71.809 E13.21553
G1 X84.281 Y71.731 E13.22003
G1 X84.583 Y71.237 E13.24891
G1 X84.782 Y70.929 E13.26721
G1 X84.989 Y70.62 E13.28576
G1 X85.287 Y70.19 E13.31186
G1 X85.866 Y69.425 E13.35973
G0 F6000 X86.344 Y69.787
G1 F1200 X86.97 Y69.095 E13.40628
G1 X87.653 Y68.458 E13.45288
G1 X88.308 Y67.939 E13.49457
G1 X88.628 Y67.711 E13.51417
G1 X88.902 Y67.522 E13.53078
G1 X89.175 Y67.339 E13.54718
G1 X89.633 Y67.043 E13.57438
G1 X90.438 Y66.571 E13.62094
G1 X91.28 Y66.169 E13.66749
G1 X92.154 Y65.84 E13.71408
G1 X93.251 Y65.543 E13.77078
G1 X93.673 Y65.452 E13.79232
G1 X94.014 Y65.384 E13.80967
G1 X94.54 Y65.288 E13.83634
G1 X95.465 Y65.16 E13.88293
G1 X96.037 Y65.121 E13.91153
G1 X96.419 Y65.109 E13.9306
G1 X97.155 Y65.1 E13.96732
G1 X122.793 Y65.1 E15.24641
G1 X123.672 Y65.112 E15.29026
G1 X125.009 Y65.216 E15.35717
G1 X125.544 Y65.302 E15.3842
G1 X125.957 Y65.379 E15.40516
G1 X126.235 Y65.434 E15.4193
G1 X126.722 Y65.538 E15.44415
G1 X127.626 Y65.772 E15.49073
G1 X128.507 Y66.083 E15.53734
G1 X129.357 Y66.467 E15.58388
G1 X129.882 Y66.75 E15.61363
G1 X129.955 Y66.792 E15.61783
G1 X130.436 Y67.086 E15.64596
G1 X130.747 Y67.287 E15.66443
G1 X131.039 Y67.482 E15.68195
G1 X131.469 Y67.78 E15.70805
G1 X132.213 Y68.344 E15.75463
G1 X132.905 Y68.97 E15.80118
G1 X133.542 Y69.653 E15.84778
G1 X134.061 Y70.308 E15.88947
G1 X134.31 Y70.658 E15.9109
G1 X134.486 Y70.915 E15.92644
G1 X134.627 Y71.126 E15.9391
G1 X134.935 Y71.599 E15.96726
G1 X135.411 Y72.403 E16.01388
G1 X135.816 Y73.244 E16.06045
G1 X136.147 Y74.117 E16.10703
G1 X136.4 Y75.003 E16.153
G1 X136.488 Y75.39 E16.1728
G1 X136.561 Y75.739 E16.19059
G1 X136.613 Y76.005 E16.20411
G1 X136.71 Y76.534 E16.23094
G1 X136.839 Y77.459 E16.27753
G1 X136.879 Y78.027 E16.30594
G1 X136.891 Y78.42 E16.32556
G1 X136.9 Y79.156 E16.36228
G1 X136.899 Y140.962 E19.44579
G1 X136.888 Y141.672 E19.48122
G1 X136.784 Y143.009 E19.54813
G1 X136.698 Y143.544 E19.57516
G1 X136.621 Y143.957 E19.59612
G1 X136.562 Y144.253 E19.61118
G1 X136.455 Y144.75 E19.63654
G1 X136.219 Y145.654 E19.68315
G1 X135.908 Y146.534 E19.72972
G1 X135.522 Y147.384 E19.77629
G1 X134.981 Y148.33 E19.83066
G1 X134.743 Y148.702 E19.85269
G1 X134.527 Y149.027 E19.87216
G1 X134.229 Y149.458 E19.8983
G1 X133.665 Y150.202 E19.94488
G1 X133.04 Y150.896 E19.99148
G1 X132.358 Y151.533 E20.03803
G1 X131.661 Y152.084 E20.08236
G1 X131.33 Y152.319 E20.10261
G1 X131.062 Y152.502 E20.1188
G1 X130.852 Y152.641 E20.13137
G1 X130.387 Y152.943 E20.15903
G1 X129.583 Y153.418 E20.20562
G1 X128.741 Y153.822 E20.25221
G1 X127.868 Y154.152 E20.29877
G1 X126.753 Y154.456 E20.35643
G1 X126.332 Y154.547 E20.37792
G1 X125.986 Y154.616 E20.39552
G1 X125.46 Y154.712 E20.4222
G1 X124.535 Y154.84 E20.46879
G1 X123.963 Y154.879 E20.49739
G1 X123.581 Y154.891 E20.51646
G1 X122.845 Y154.9 E20.55318
G1 X97.038 Y154.899 E21.8407
G1 X96.328 Y154.888 E21.87612
G1 X94.991 Y154.784 E21.94303
G1 X94.456 Y154.698 E21.97006
G1 X94.043 Y154.621 E21.99102
G1 X93.769 Y154.567 E22.00495
G1 X93.281 Y154.463 E22.02985
G1 X92.377 Y154.229 E22.07643
G1 X91.497 Y153.919 E22.12298
G1 X90.646 Y153.535 E22.16956
G1 X90.037 Y153.204 E22.20414
G1 X89.962 Y153.16 E22.20848
G1 X89.563 Y152.913 E22.23189
G1 X89.255 Y152.714 E22.25019
G1 X88.961 Y152.518 E22.26781
G1 X88.531 Y152.22 E22.29392
G1 X87.787 Y151.656 E22.34049
G1 X87.095 Y151.03 E22.38705
G1 X86.458 Y150.347 E22.43364
G1 X85.92 Y149.666 E22.47694
G1 X85.68 Y149.327 E22.49766
G1 X85.348 Y148.837 E22.52719
G1 X85.057 Y148.389 E22.55384
G1 X84.583 Y147.585 E22.60041
G1 X84.179 Y146.743 E22.647
G1 X83.848 Y145.87 E22.69358
G1 X83.543 Y144.749 E22.75154
G1 X83.452 Y144.327 E22.77308
G1 X83.382 Y143.972 E22.79113
G1 X83.286 Y143.442 E22.818
G1 X83.159 Y142.517 E22.86458
G1 X83.122 Y141.979 E22.89149
G1 X83.109 Y141.58 E22.9114
G1 X83.1 Y140.844 E22.94813
G1 X83.101 Y79.038 E26.03164
G1 X83.112 Y78.328 E26.06707
G1 X83.216 Y76.991 E26.13397
G1 X83.302 Y76.456 E26.16101
G1 X83.379 Y76.043 E26.18197
G1 X83.432 Y75.777 E26.1955
G1 X83.535 Y75.292 E26.22023
G1 X83.768 Y74.388 E26.26681
G1 X84.077 Y73.507 E26.31339
G1 X84.461 Y72.656 E26.35997
G1 X84.756 Y72.109 E26.39097
G1 X84.801 Y72.031 E26.39546
G1 X85.087 Y71.563 E26.42283
G1 X85.286 Y71.255 E26.44112
G1 X85.482 Y70.961 E26.45875
G1 X85.78 Y70.531 E26.48485
G1 X86.344 Y69.787 E26.53143
G0 F6000 X86.823 Y70.151
G1 F1200 X87.433 Y69.479 E26.57671
G1 X88.101 Y68.864 E26.62201
G1 X88.662 Y68.424 E26.65758
G1 X88.969 Y68.204 E26.67642
G1 X89.243 Y68.015 E26.69303
G1 X89.5 Y67.843 E26.70846
G1 X89.958 Y67.547 E26.73566
G1 X90.741 Y67.089 E26.78092
G1 X91.562 Y66.701 E26.82622
G1 X92.413 Y66.387 E26.87148
G1 X93.378 Y66.129 E26.92131
G1 X93.8 Y66.038 E26.94285
G1 X94.122 Y65.974 E26.95923
G1 X94.648 Y65.878 E26.9859
G1 X95.547 Y65.755 E27.03117
G1 X96.062 Y65.72 E27.05692
G1 X96.428 Y65.709 E27.07519
G1 X97.155 Y65.7 E27.11147
G1 X122.793 Y65.7 E28.39055
G1 X123.663 Y65.712 E28.43396
G1 X124.926 Y65.81 E28.49716
G1 X125.434 Y65.891 E28.52282
G1 X125.847 Y65.968 E28.54378
G1 X126.11 Y66.021 E28.55717
G1 X126.597 Y66.125 E28.58201
G1 X127.475 Y66.354 E28.62728
G1 X128.33 Y66.658 E28.67255
G1 X129.155 Y67.037 E28.71785
G1 X129.583 Y67.27 E28.74216
G1 X129.656 Y67.312 E28.74636
G1 X130.11 Y67.589 E28.7729
G1 X130.421 Y67.79 E28.79137
G1 X130.697 Y67.975 E28.80795
G1 X131.127 Y68.273 E28.83405
G1 X131.849 Y68.823 E28.87933
G1 X132.521 Y69.433 E28.92461
G1 X133.136 Y70.101 E28.96991
G1 X133.576 Y70.662 E29.00548
G1 X133.815 Y70.997 E29.02601
G1 X133.991 Y71.254 E29.04155
G1 X134.124 Y71.454 E29.05353
G1 X134.432 Y71.927 E29.08169
G1 X134.894 Y72.708 E29.12696
G1 X135.284 Y73.527 E29.17222
G1 X135.601 Y74.378 E29.21753
G1 X135.817 Y75.143 E29.25719
G1 X135.901 Y75.513 E29.27611
G1 X135.974 Y75.862 E29.2939
G1 X136.023 Y76.113 E29.30666
G1 X136.12 Y76.642 E29.33349
G1 X136.244 Y77.541 E29.37877
G1 X136.279 Y78.053 E29.40437
G1 X136.291 Y78.429 E29.42314
G1 X136.3 Y79.156 E29.45941
G1 X136.299 Y140.953 E32.54248
G1 X136.288 Y141.663 E32.57791
G1 X136.19 Y142.926 E32.64111
G1 X136.109 Y143.434 E32.66677
G1 X136.032 Y143.847 E32.68773
G1 X135.975 Y144.127 E32.70199
G1 X135.868 Y144.624 E32.72735
G1 X135.638 Y145.502 E32.77263
G1 X135.332 Y146.356 E32.81789
G1 X134.952 Y147.18 E32.86316
G1 X134.475 Y148.007 E32.91079
G1 X134.237 Y148.379 E32.93282
G1 X134.033 Y148.686 E32.95121
G1 X133.735 Y149.117 E32.97735
G1 X133.187 Y149.84 E33.02262
G1 X132.577 Y150.512 E33.06789
G1 X131.91 Y151.127 E33.11316
G1 X131.309 Y151.598 E33.15125
G1 X130.991 Y151.823 E33.17069
G1 X130.723 Y152.006 E33.18688
G1 X130.525 Y152.138 E33.19875
G1 X130.06 Y152.44 E33.22641
G1 X129.278 Y152.9 E33.27168
G1 X128.458 Y153.29 E33.31698
G1 X127.608 Y153.606 E33.36222
G1 X126.626 Y153.869 E33.41294
G1 X126.205 Y153.96 E33.43443
G1 X125.878 Y154.026 E33.45107
G1 X125.352 Y154.122 E33.47775
G1 X124.453 Y154.245 E33.52301
G1 X123.938 Y154.28 E33.54877
G1 X123.572 Y154.291 E33.56704
G1 X122.845 Y154.3 E33.60331
G1 X97.047 Y154.299 E34.89038
G1 X96.337 Y154.288 E34.9258
G1 X95.074 Y154.19 E34.989
G1 X94.566 Y154.109 E35.01467
G1 X94.153 Y154.032 E35.03563
G1 X93.894 Y153.98 E35.04881
G1 X93.406 Y153.876 E35.0737
G1 X92.528 Y153.648 E35.11896
G1 X91.673 Y153.343 E35.16424
G1 X90.848 Y152.965 E35.20952
G1 X90.341 Y152.686 E35.23839
G1 X90.266 Y152.642 E35.24273
G1 X89.888 Y152.409 E35.26488
G1 X89.58 Y152.21 E35.28318
G1 X89.303 Y152.025 E35.29979
G1 X88.873 Y151.727 E35.3259
G1 X88.151 Y151.177 E35.37118
G1 X87.479 Y150.567 E35.41646
G1 X86.864 Y149.899 E35.46176
G1 X86.406 Y149.313 E35.49886
G1 X86.175 Y148.989 E35.51871
G1 X85.985 Y148.711 E35.53551
G1 X85.851 Y148.51 E35.54756
G1 X85.56 Y148.062 E35.57422
G1 X85.1 Y147.28 E35.61948
G1 X84.71 Y146.46 E35.66478
G1 X84.394 Y145.609 E35.71007
G1 X84.129 Y144.622 E35.76106
G1 X84.038 Y144.2 E35.78259
G1 X83.972 Y143.865 E35.79963
G1 X83.876 Y143.335 E35.8265
G1 X83.754 Y142.436 E35.87176
G1 X83.721 Y141.953 E35.89592
G1 X83.709 Y141.571 E35.91498
G1 X83.7 Y140.844 E35.95126
G1 X83.701 Y79.047 E39.03432
G1 X83.712 Y78.337 E39.06975
G1 X83.81 Y77.074 E39.13295
G1 X83.891 Y76.566 E39.15861
G1 X83.968 Y76.153 E39.17957
G1 X84.019 Y75.901 E39.1924
G1 X84.122 Y75.416 E39.21714
G1 X84.349 Y74.538 E39.26238
G1 X84.653 Y73.683 E39.30765
G1 X85.031 Y72.858 E39.35293
G1 X85.275 Y72.409 E39.37842
G1 X85.32 Y72.331 E39.38291
G1 X85.591 Y71.888 E39.40882
G1 X85.79 Y71.58 E39.42712
G1 X85.975 Y71.303 E39.44374
G1 X86.273 Y70.873 E39.46984
G1 X86.823 Y70.151 E39.51512
G1 F1500 E33.01512
;MESH:supporto pulsante doppio kalos UNICO.stl
G0 F6000 X106.357 Y80.491
G0 X104.871 Y79.303
G0 X104.899 Y81.478
G0 X105.314 Y82.343
G0 X106.064 Y82.941
G0 X106.763 Y83.101
G0 X114.052 Y83.182
;TYPE:WALL-INNER
G1 F1500 E39.51512
G1 F1200 X114.895 Y82.511 E39.56887
G1 X115.362 Y81.539 E39.62267
G1 X115.362 Y80.461 E39.67645
G1 X114.895 Y79.489 E39.73025
G1 X114.052 Y78.818 E39.78401
G1 X113.102 Y78.6 E39.83263
G1 X106.898 Y78.6 E40.14215
G1 X105.948 Y78.818 E40.19078
G1 X105.105 Y79.489 E40.24453
G1 X104.638 Y80.461 E40.29833
G1 X104.638 Y81.539 E40.35212
G1 X105.105 Y82.511 E40.40592
G1 X105.948 Y83.182 E40.45967
G1 X106.898 Y83.4 E40.5083
G1 X113.102 Y83.4 E40.81782
G1 X114.052 Y83.182 E40.86644
G0 F6000 X113.785 Y82.628
;TYPE:WALL-OUTER
G1 F1200 X114.414 Y82.127 E40.90656
G1 X114.762 Y81.402 E40.94668
G1 X114.762 Y80.598 E40.9868
G1 X114.414 Y79.873 E41.02692
G1 X113.785 Y79.372 E41.06704
G1 X113.034 Y79.2 E41.10547
G1 X106.966 Y79.2 E41.40821
G1 X106.215 Y79.372 E41.44665
G1 X105.586 Y79.873 E41.48676
G1 X105.238 Y80.598 E41.52689
G1 X105.238 Y81.402 E41.567
G1 X105.586 Y82.127 E41.60712
G1 X106.215 Y82.628 E41.64724
G1 X106.966 Y82.8 E41.68568
G1 X113.034 Y82.8 E41.98841
G1 X113.785 Y82.628 E42.02685
G0 F6000 X114.071 Y83.222
G1 F1500 E35.52685
G0 F6000 X113.135 Y83.691
G0 X113.135 Y85.4
G0 X109.4 Y134.9
;TYPE:WALL-INNER
G1 F1500 E42.02685
G1 F1200 X109.4 Y132.921 E42.12558
G1 X110.6 Y132.921 E42.18545
G1 X110.6 Y134.9 E42.28418
G1 X115.4 Y134.9 E42.52365
G1 X115.4 Y132.9 E42.62343
G1 X122.9 Y132.9 E42.99761
G1 X122.9 Y87.1 E45.28258
G1 X115.4 Y87.1 E45.65676
G1 X115.4 Y85.1 E45.75654
G1 X110.6 Y85.1 E45.99601
G1 X110.6 Y87.079 E46.09474
G1 X109.4 Y87.079 E46.15461
G1 X109.4 Y85.1 E46.25334
G1 X104.6 Y85.1 E46.49282
G1 X104.6 Y87.1 E46.5926
G1 X97.1 Y87.1 E46.96677
G1 X97.1 Y132.9 E49.25175
G1 X104.6 Y132.9 E49.62592
G1 X104.6 Y134.9 E49.7257
G1 X109.4 Y134.9 E49.96518
G0 F6000 X108.8 Y134.3
;TYPE:WALL-OUTER
G1 F1200 X108.8 Y132.321 E50.06391
G1 X111.2 Y132.321 E50.18365
G1 X111.2 Y134.3 E50.28238
G1 X114.8 Y134.3 E50.46198
G1 X114.8 Y132.3 E50.56176
G1 X122.3 Y132.3 E50.93594
G1 X122.3 Y87.7 E53.16104
G1 X114.8 Y87.7 E53.53522
G1 X114.8 Y85.7 E53.635
G1 X111.2 Y85.7 E53.8146
G1 X111.2 Y87.679 E53.91334
G1 X108.8 Y87.679 E54.03307
G1 X108.8 Y85.7 E54.13181
G1 X105.2 Y85.7 E54.31141
G1 X105.2 Y87.7 E54.41119
G1 X97.7 Y87.7 E54.78537
G1 X97.7 Y132.3 E57.01047
G1 X105.2 Y132.3 E57.38465
G1 X105.2 Y134.3 E57.48443
G1 X108.8 Y134.3 E57.66403
G1 F1500 E51.16403
G0 F6000 X109.2 Y134.3
G0 X109.682 Y133.203
G0 X110.318 Y133.203
G0 X110.328 Y134.506
G0 X114.052 Y135.19
G0 X113.76 Y136.453
G0 X114.686 Y137.657
G0 X115.101 Y138.522
G0 X115.101 Y139.478
G0 X114.766 Y140.178
G0 X114.052 Y141.182
;TYPE:WALL-INNER
G1 F1500 E57.66403
G1 F1200 X114.895 Y140.511 E57.71779
G1 X115.362 Y139.539 E57.77159
G1 X115.362 Y138.461 E57.82537
G1 X114.895 Y137.489 E57.87917
G1 X114.052 Y136.818 E57.93292
G1 X113.102 Y136.6 E57.98155
G1 X106.898 Y136.6 E58.29107
G1 X105.948 Y136.818 E58.3397
G1 X105.105 Y137.489 E58.39345
G1 X104.638 Y138.461 E58.44725
G1 X104.638 Y139.539 E58.50103
G1 X105.105 Y140.511 E58.55483
G1 X105.948 Y141.182 E58.60859
G1 X106.898 Y141.4 E58.65721
G1 X113.102 Y141.4 E58.96673
G1 X114.052 Y141.182 E59.01536
G0 F6000 X113.785 Y140.628
;TYPE:WALL-OUTER
G1 F1200 X114.414 Y140.127 E59.05548
G1 X114.762 Y139.402 E59.0956
G1 X114.762 Y138.598 E59.13571
G1 X114.414 Y137.873 E59.17583
G1 X113.785 Y137.372 E59.21595
G1 X113.034 Y137.2 E59.25439
G1 X106.966 Y137.2 E59.55712
G1 X106.215 Y137.372 E59.59556
G1 X105.586 Y137.873 E59.63568
G1 X105.238 Y138.598 E59.6758
G1 X105.238 Y139.402 E59.71591
G1 X105.586 Y140.127 E59.75603
G1 X106.215 Y140.628 E59.79615
G1 X106.966 Y140.8 E59.83459
G1 X113.034 Y140.8 E60.13732
G1 X113.785 Y140.628 E60.17576
G0 F6000 X114.071 Y141.222
G1 F1500 E53.67576
G0 F6000 X115.653 Y139.606
G0 X115.653 Y142.79
G0 X123.411 Y143.1
;TYPE:WALL-INNER
G1 F1500 E60.17576
G1 F1200 X96.589 Y143.1 E61.51392
G1 X95.893 Y142.962 E61.54932
G1 X95.38 Y142.62 E61.58008
G1 X95.038 Y142.107 E61.61084
G1 X94.9 Y141.411 E61.64624
G1 X94.9 Y78.589 E64.78044
G1 X95.038 Y77.893 E64.81584
G1 X95.38 Y77.38 E64.8466
G1 X95.893 Y77.038 E64.87736
G1 X96.589 Y76.9 E64.91276
G1 X123.411 Y76.9 E66.25091
G1 X124.107 Y77.038 E66.28631
G1 X124.62 Y77.38 E66.31707
G1 X124.962 Y77.893 E66.34783
G1 X125.1 Y78.589 E66.38323
G1 X125.1 Y141.411 E69.51743
G1 X124.962 Y142.107 E69.55283
G1 X124.62 Y142.62 E69.58359
G1 X124.107 Y142.962 E69.61435
G1 X123.411 Y143.1 E69.64975
G0 F6000 X123.472 Y143.7
;TYPE:WALL-OUTER
G1 F1200 X96.528 Y143.7 E70.99399
G1 X95.66 Y143.528 E71.03814
G1 X94.948 Y143.052 E71.08087
G1 X94.472 Y142.34 E71.1236
G1 X94.3 Y141.472 E71.16774
G1 X94.3 Y78.528 E74.30803
G1 X94.472 Y77.66 E74.35218
G1 X94.948 Y76.948 E74.39491
G1 X95.66 Y76.472 E74.43764
G1 X96.528 Y76.3 E74.48178
G1 X123.472 Y76.3 E75.82603
G1 X124.34 Y76.472 E75.87017
G1 X125.052 Y76.948 E75.9129
G1 X125.528 Y77.66 E75.95563
G1 X125.7 Y78.528 E75.99978
G1 X125.7 Y141.472 E79.14007
G1 X125.528 Y142.34 E79.18421
G1 X125.052 Y143.052 E79.22694
G1 X124.34 Y143.528 E79.26967
G1 X123.472 Y143.7 E79.31382
G0 F6000 X123.408 Y143.044
G0 X123.357 Y142.51
;TYPE:SKIN
G1 F1200 X96.643 Y142.51 E80.64658
G1 X96.124 Y142.407 E80.67298
G1 X95.805 Y142.195 E80.69209
G1 X95.593 Y141.876 E80.7112
G1 X95.49 Y141.357 E80.7376
G1 X95.49 Y78.643 E83.86641
G1 X95.593 Y78.124 E83.89281
G1 X95.805 Y77.805 E83.91192
G1 X96.124 Y77.593 E83.93103
G1 X96.643 Y77.49 E83.95743
G1 X123.357 Y77.49 E85.29019
G1 X123.876 Y77.593 E85.31659
G1 X124.195 Y77.805 E85.3357
G1 X124.407 Y78.124 E85.35481
G1 X124.51 Y78.643 E85.38121
G1 X124.51 Y141.357 E88.51002
G1 X124.407 Y141.876 E88.53642
G1 X124.195 Y142.195 E88.55553
G1 X123.876 Y142.407 E88.57464
G1 X123.357 Y142.51 E88.60103
G1 F1500 E82.10103
G0 F6000 X123.429 Y142.883
G0 X115.572 Y142.79
G0 X115.129 Y140.697
G0 X115.572 Y139.588
G1 F1500 E88.60103
G0 F6000 X115.952 Y139.673
G1 F1200 X115.952 Y138.327 E88.66819
G1 X115.369 Y137.112 E88.73542
G1 X114.315 Y136.273 E88.80263
G1 X113.169 Y136.01 E88.86129
G1 X106.831 Y136.01 E89.17749
G1 X105.685 Y136.273 E89.23616
G1 X104.631 Y137.112 E89.30337
G1 X104.048 Y138.327 E89.3706
G1 X104.048 Y139.673 E89.43775
G1 X104.631 Y140.888 E89.50498
G1 X105.685 Y141.727 E89.57219
G1 X106.831 Y141.99 E89.63086
G1 X113.169 Y141.99 E89.94706
G1 X114.315 Y141.727 E90.00572
G1 X115.369 Y140.888 E90.07293
G1 X115.952 Y139.673 E90.14016
G1 F1500 E83.64016
G0 F6000 X115.572 Y139.588
G0 X115.129 Y137.303
G0 X113.643 Y138.491
G0 X113.847 Y133.347
G0 X115.696 Y133.196
G0 X123.11 Y133.14
G1 F1500 E90.14016
G0 F6000 X123.49 Y133.49
G1 F1200 X123.49 Y86.51 E92.48401
G1 X115.99 Y86.51 E92.85818
G1 X115.99 Y84.51 E92.95796
G1 X110.01 Y84.51 E93.25631
G1 X110.01 Y86.489 E93.35504
G1 X109.99 Y86.489 E93.35604
G1 X109.99 Y84.51 E93.45477
G1 X104.01 Y84.51 E93.75311
G1 X104.01 Y86.51 E93.85289
G1 X96.51 Y86.51 E94.22707
G1 X96.51 Y133.49 E96.57091
G1 X104.01 Y133.49 E96.94509
G1 X104.01 Y135.49 E97.04487
G1 X109.99 Y135.49 E97.34321
G1 X109.99 Y133.511 E97.44194
G1 X110.01 Y133.511 E97.44294
G1 X110.01 Y135.49 E97.54167
G1 X115.99 Y135.49 E97.84002
G1 X115.99 Y133.49 E97.9398
G1 X123.49 Y133.49 E98.31397
G1 F1500 E91.81397
G0 F6000 X123.11 Y133.14
G0 X122.628 Y87.372
G0 X115.128 Y87.372
G0 X115.128 Y85.372
G0 X113.127 Y85.4
G0 X113.127 Y83.69
G1 F1500 E98.31397
G0 F6000 X113.169 Y83.99
G1 F1200 X114.315 Y83.727 E98.37264
G1 X115.369 Y82.888 E98.43985
G1 X115.952 Y81.673 E98.50708
G1 X115.952 Y80.327 E98.57423
G1 X115.369 Y79.112 E98.64146
G1 X114.315 Y78.273 E98.70867
G1 X113.169 Y78.01 E98.76734
G1 X106.831 Y78.01 E99.08354
G1 X105.685 Y78.273 E99.1422
G1 X104.631 Y79.112 E99.20941
G1 X104.048 Y80.327 E99.27664
G1 X104.048 Y81.673 E99.3438
G1 X104.631 Y82.888 E99.41103
G1 X105.685 Y83.727 E99.47824
G1 X106.831 Y83.99 E99.5369
G1 X113.169 Y83.99 E99.8531
G1 F1500 E93.3531
G0 F6000 X113.127 Y83.61
G0 X114.686 Y82.343
G0 X115.653 Y80.394
G0 X113.798 Y80.815
G0 X126.665 Y80.394
G0 X124.79 Y80.394
G0 X124.824 Y78.276
G1 F1500 E99.8531
G0 F6000 X124.216 Y78.396
G1 F1200 X123.604 Y77.783 E99.89632
G0 F6000 X122.702 Y77.73
G1 F1200 X124.269 Y79.297 E100.00688
G0 F6000 X124.269 Y80.146
G1 F1200 X121.853 Y77.73 E100.17734
G0 F6000 X121.005 Y77.73
G1 F1200 X124.269 Y80.994 E100.40763
G0 F6000 X124.269 Y81.843
G1 F1200 X120.156 Y77.73 E100.69783
G0 F6000 X119.308 Y77.73
G1 F1200 X124.269 Y82.691 E101.04785
G0 F6000 X124.269 Y83.54
G1 F1200 X118.459 Y77.73 E101.45778
G0 F6000 X117.61 Y77.73
G1 F1200 X124.269 Y84.388 E101.92757
G0 F6000 X124.269 Y85.237
G1 F1200 X116.762 Y77.73 E102.45723
G0 F6000 X115.913 Y77.73
G1 F1200 X124.269 Y86.086 E103.04679
G0 F6000 X123.729 Y86.394
G1 F1200 X124.269 Y86.934 E103.08489
G0 F6000 X123.729 Y87.242
G1 F1200 X124.269 Y87.783 E103.12303
G0 F6000 X123.729 Y88.091
G1 F1200 X124.269 Y88.631 E103.16113
G0 F6000 X123.729 Y88.939
G1 F1200 X124.269 Y89.48 E103.19926
G0 F6000 X123.729 Y89.788
G1 F1200 X124.269 Y90.328 E103.23736
G0 F6000 X123.729 Y90.636
G1 F1200 X124.269 Y91.177 E103.2755
G0 F6000 X123.729 Y91.485
G1 F1200 X124.269 Y92.025 E103.3136
G0 F6000 X123.729 Y92.334
G1 F1200 X124.269 Y92.874 E103.3517
G0 F6000 X123.729 Y93.182
G1 F1200 X124.269 Y93.722 E103.3898
G0 F6000 X123.729 Y94.031
G1 F1200 X124.269 Y94.571 E103.4279
G0 F6000 X123.729 Y94.879
G1 F1200 X124.269 Y95.419 E103.466
G0 F6000 X123.729 Y95.728
G1 F1200 X124.269 Y96.268 E103.5041
G0 F6000 X123.729 Y96.576
G1 F1200 X124.269 Y97.116 E103.5422
G0 F6000 X123.729 Y97.425
G1 F1200 X124.269 Y97.965 E103.5803
G0 F6000 X123.729 Y98.273
G1 F1200 X124.269 Y98.813 E103.6184
G0 F6000 X123.729 Y99.122
G1 F1200 X124.269 Y99.662 E103.6565
G0 F6000 X123.729 Y99.97
G1 F1200 X124.269 Y100.51 E103.6946
G0 F6000 X123.729 Y100.819
G1 F1200 X124.269 Y101.359 E103.7327
G0 F6000 X123.729 Y101.667
G1 F1200 X124.269 Y102.208 E103.77083
G0 F6000 X123.729 Y102.516
G1 F1200 X124.269 Y103.056 E103.80893
G0 F6000 X123.729 Y103.364
G1 F1200 X124.269 Y103.905 E103.84707
G0 F6000 X123.729 Y104.213
G1 F1200 X124.269 Y104.753 E103.88517
G0 F6000 X123.729 Y105.061
G1 F1200 X124.269 Y105.602 E103.9233
G0 F6000 X123.729 Y105.91
G1 F1200 X124.269 Y106.45 E103.9614
G0 F6000 X123.729 Y106.758
G1 F1200 X124.269 Y107.299 E103.99954
G0 F6000 X123.729 Y107.607
G1 F1200 X124.269 Y108.147 E104.03764
G0 F6000 X123.729 Y108.456
G1 F1200 X124.269 Y108.996 E104.07574
G0 F6000 X123.729 Y109.304
G1 F1200 X124.269 Y109.844 E104.11384
G0 F6000 X123.729 Y110.153
G1 F1200 X124.27 Y110.694 E104.15201
G0 F6000 X123.729 Y111.001
G1 F1200 X124.27 Y111.542 E104.19018
G0 F6000 X123.729 Y111.85
G1 F1200 X124.27 Y112.391 E104.22835
G0 F6000 X123.729 Y112.698
G1 F1200 X124.27 Y113.239 E104.26652
G0 F6000 X123.729 Y113.547
G1 F1200 X124.27 Y114.088 E104.30469
G0 F6000 X123.729 Y114.395
G1 F1200 X124.27 Y114.936 E104.34286
G0 F6000 X123.729 Y115.244
G1 F1200 X124.27 Y115.785 E104.38103
G0 F6000 X123.729 Y116.092
G1 F1200 X124.27 Y116.633 E104.4192
G0 F6000 X123.729 Y116.941
G1 F1200 X124.27 Y117.482 E104.45737
G0 F6000 X123.729 Y117.789
G1 F1200 X124.27 Y118.33 E104.49554
G0 F6000 X123.729 Y118.638
G1 F1200 X124.27 Y119.179 E104.53371
G0 F6000 X123.729 Y119.486
G1 F1200 X124.27 Y120.027 E104.57188
G0 F6000 X123.729 Y120.335
G1 F1200 X124.27 Y120.876 E104.61006
G0 F6000 X123.729 Y121.183
G1 F1200 X124.27 Y121.724 E104.64823
G0 F6000 X123.729 Y122.032
G1 F1200 X124.27 Y122.573 E104.6864
G0 F6000 X123.729 Y122.881
G1 F1200 X124.27 Y123.421 E104.72453
G0 F6000 X123.729 Y123.729
G1 F1200 X124.27 Y124.27 E104.7627
G0 F6000 X123.729 Y124.578
G1 F1200 X124.27 Y125.119 E104.80087
G0 F6000 X123.729 Y125.426
G1 F1200 X124.27 Y125.967 E104.83904
G0 F6000 X123.729 Y126.275
G1 F1200 X124.27 Y126.816 E104.87721
G0 F6000 X123.729 Y127.123
G1 F1200 X124.27 Y127.664 E104.91538
G0 F6000 X123.729 Y127.972
G1 F1200 X124.27 Y128.513 E104.95355
G0 F6000 X123.729 Y128.82
G1 F1200 X124.27 Y129.361 E104.99172
G0 F6000 X123.729 Y129.669
G1 F1200 X124.27 Y130.21 E105.02989
G0 F6000 X123.729 Y130.517
G1 F1200 X124.27 Y131.058 E105.06807
G0 F6000 X123.729 Y131.366
G1 F1200 X124.27 Y131.907 E105.10624
G0 F6000 X123.729 Y132.214
G1 F1200 X124.27 Y132.755 E105.14441
G0 F6000 X123.729 Y133.063
G1 F1200 X124.27 Y133.604 E105.18258
G0 F6000 X123.547 Y133.729
G1 F1200 X124.27 Y134.452 E105.23359
G0 F6000 X124.27 Y135.301
G1 F1200 X122.698 Y133.729 E105.3445
G0 F6000 X121.85 Y133.729
G1 F1200 X124.27 Y136.149 E105.51525
G0 F6000 X124.27 Y136.998
G1 F1200 X121.001 Y133.729 E105.74589
G0 F6000 X120.152 Y133.729
G1 F1200 X124.27 Y137.846 E106.0364
G0 F6000 X124.27 Y138.695
G1 F1200 X119.304 Y133.729 E106.38678
G0 F6000 X118.455 Y133.729
G1 F1200 X124.27 Y139.543 E106.79703
G0 F6000 X124.27 Y140.392
G1 F1200 X117.607 Y133.729 E107.26714
G0 F6000 X116.758 Y133.729
G1 F1200 X124.27 Y141.241 E107.79715
G0 F6000 X124.094 Y141.913
G1 F1200 X116.229 Y134.049 E108.35203
G0 F6000 X116.229 Y134.897
G1 F1200 X123.557 Y142.225 E108.86906
G0 F6000 X122.753 Y142.269
G1 F1200 X116.212 Y135.729 E109.33053
G0 F6000 X115.364 Y135.729
G1 F1200 X121.904 Y142.269 E109.79196
G0 F6000 X121.055 Y142.269
G1 F1200 X114.515 Y135.729 E110.25339
G0 F6000 X113.859 Y135.92
G1 F1200 X113.667 Y135.729 E110.2669
G1 F1500 E103.7669
G0 F6000 X113.667 Y135.11
G0 X115.572 Y135.19
G0 X115.129 Y137.303
G0 X115.572 Y138.413
G1 F1500 E110.2669
G0 F6000 X116.176 Y138.237
G1 F1200 X120.207 Y142.269 E110.55135
G0 F6000 X119.358 Y142.269
G1 F1200 X116.191 Y139.102 E110.7748
G0 F6000 X116.118 Y139.877
G1 F1200 X118.51 Y142.269 E110.94357
G0 F6000 X117.661 Y142.269
G1 F1200 X115.843 Y140.451 E111.07184
G0 F6000 X115.569 Y141.025
G1 F1200 X116.813 Y142.269 E111.15961
G0 F6000 X115.964 Y142.269
G1 F1200 X115.102 Y141.407 E111.22043
G0 F6000 X114.63 Y141.783
G1 F1200 X115.116 Y142.269 E111.25472
G0 F6000 X114.267 Y142.269
G1 F1200 X114.035 Y142.037 E111.27108
G1 F1500 E104.77108
G0 F6000 X113.898 Y141.433
G0 X106.865 Y141.691
G0 X106.865 Y142.79
G0 X105.782 Y142.89
G1 F1500 E111.27108
G0 F6000 X105.782 Y142.269
G1 F1200 X105.008 Y141.494 E111.32573
G0 F6000 X104.933 Y142.269
G1 F1200 X96.394 Y133.729 E111.92824
G0 F6000 X96.269 Y133.604
G1 F1200 X95.729 Y133.064 E111.96634
G0 F6000 X96.269 Y132.756
G1 F1200 X95.729 Y132.216 E112.00444
G0 F6000 X96.269 Y131.907
G1 F1200 X95.729 Y131.367 E112.04254
G0 F6000 X96.269 Y131.059
G1 F1200 X95.729 Y130.519 E112.08064
G0 F6000 X96.269 Y130.21
G1 F1200 X95.729 Y129.67 E112.11874
G0 F6000 X96.269 Y129.362
G1 F1200 X95.729 Y128.822 E112.15684
G0 F6000 X96.269 Y128.513
G1 F1200 X95.729 Y127.973 E112.19494
G0 F6000 X96.269 Y127.665
G1 F1200 X95.729 Y127.125 E112.23304
G0 F6000 X96.269 Y126.816
G1 F1200 X95.729 Y126.276 E112.27114
G0 F6000 X96.269 Y125.968
G1 F1200 X95.729 Y125.428 E112.30924
G0 F6000 X96.269 Y125.119
G1 F1200 X95.729 Y124.579 E112.34734
G0 F6000 X96.269 Y124.271
G1 F1200 X95.729 Y123.73 E112.38547
G0 F6000 X96.269 Y123.422
G1 F1200 X95.729 Y122.882 E112.42357
G0 F6000 X96.269 Y122.574
G1 F1200 X95.729 Y122.033 E112.46171
G0 F6000 X96.269 Y121.725
G1 F1200 X95.729 Y121.185 E112.49981
G0 F6000 X96.269 Y120.877
G1 F1200 X95.729 Y120.336 E112.53794
G0 F6000 X96.269 Y120.028
G1 F1200 X95.729 Y119.488 E112.57604
G0 F6000 X96.269 Y119.18
G1 F1200 X95.729 Y118.639 E112.61418
G0 F6000 X96.269 Y118.331
G1 F1200 X95.729 Y117.791 E112.65228
G0 F6000 X96.269 Y117.482
G1 F1200 X95.729 Y116.942 E112.69038
G0 F6000 X96.269 Y116.634
G1 F1200 X95.729 Y116.094 E112.72848
G0 F6000 X96.269 Y115.785
G1 F1200 X95.729 Y115.245 E112.76658
G0 F6000 X96.269 Y114.937
G1 F1200 X95.729 Y114.397 E112.80468
G0 F6000 X96.269 Y114.088
G1 F1200 X95.729 Y113.548 E112.84278
G0 F6000 X96.269 Y113.24
G1 F1200 X95.729 Y112.7 E112.88088
G0 F6000 X96.269 Y112.391
G1 F1200 X95.729 Y111.851 E112.91898
G0 F6000 X96.269 Y111.543
G1 F1200 X95.729 Y111.003 E112.95708
G0 F6000 X96.269 Y110.694
G1 F1200 X95.729 Y110.154 E112.99518
G0 F6000 X96.269 Y109.846
G1 F1200 X95.728 Y109.305 E113.03335
G0 F6000 X96.269 Y108.997
G1 F1200 X95.728 Y108.456 E113.07152
G0 F6000 X96.269 Y108.149
G1 F1200 X95.728 Y107.608 E113.10969
G0 F6000 X96.269 Y107.3
G1 F1200 X95.728 Y106.759 E113.14786
G0 F6000 X96.269 Y106.452
G1 F1200 X95.728 Y105.911 E113.18603
G0 F6000 X96.269 Y105.603
G1 F1200 X95.728 Y105.062 E113.2242
G0 F6000 X96.269 Y104.755
G1 F1200 X95.728 Y104.214 E113.26237
G0 F6000 X96.269 Y103.906
G1 F1200 X95.728 Y103.365 E113.30054
G0 F6000 X96.269 Y103.057
G1 F1200 X95.728 Y102.517 E113.33868
G0 F6000 X96.269 Y102.209
G1 F1200 X95.728 Y101.668 E113.37685
G0 F6000 X96.269 Y101.36
G1 F1200 X95.728 Y100.819 E113.41502
G0 F6000 X96.269 Y100.512
G1 F1200 X95.728 Y99.971 E113.45319
G0 F6000 X96.269 Y99.663
G1 F1200 X95.728 Y99.122 E113.49136
G0 F6000 X96.269 Y98.815
G1 F1200 X95.728 Y98.274 E113.52953
G0 F6000 X96.269 Y97.966
G1 F1200 X95.728 Y97.425 E113.5677
G0 F6000 X96.269 Y97.118
G1 F1200 X95.728 Y96.577 E113.60587
G0 F6000 X96.269 Y96.269
G1 F1200 X95.728 Y95.728 E113.64404
G0 F6000 X96.269 Y95.421
G1 F1200 X95.728 Y94.88 E113.68221
G0 F6000 X96.269 Y94.572
G1 F1200 X95.728 Y94.031 E113.72038
G0 F6000 X96.269 Y93.724
G1 F1200 X95.728 Y93.183 E113.75855
G0 F6000 X96.269 Y92.875
G1 F1200 X95.728 Y92.334 E113.79672
G0 F6000 X96.269 Y92.027
G1 F1200 X95.728 Y91.486 E113.83489
G0 F6000 X96.269 Y91.178
G1 F1200 X95.728 Y90.637 E113.87306
G0 F6000 X96.269 Y90.33
G1 F1200 X95.728 Y89.789 E113.91123
G0 F6000 X96.269 Y89.481
G1 F1200 X95.728 Y88.94 E113.9494
G0 F6000 X96.269 Y88.633
G1 F1200 X95.728 Y88.092 E113.98757
G0 F6000 X96.269 Y87.784
G1 F1200 X95.728 Y87.243 E114.02574
G0 F6000 X96.269 Y86.935
G1 F1200 X95.728 Y86.395 E114.06388
G0 F6000 X96.452 Y86.269
G1 F1200 X95.728 Y85.546 E114.11493
G0 F6000 X95.728 Y84.697
G1 F1200 X97.3 Y86.269 E114.22584
G0 F6000 X98.149 Y86.269
G1 F1200 X95.728 Y83.849 E114.39662
G0 F6000 X95.728 Y83
G1 F1200 X98.997 Y86.269 E114.62726
G0 F6000 X99.846 Y86.269
G1 F1200 X95.728 Y82.152 E114.91778
G0 F6000 X95.728 Y81.303
G1 F1200 X100.694 Y86.269 E115.26815
G0 F6000 X101.543 Y86.269
G1 F1200 X95.728 Y80.455 E115.6784
G0 F6000 X95.728 Y79.606
G1 F1200 X102.391 Y86.269 E116.14851
G0 F6000 X103.24 Y86.269
G1 F1200 X95.728 Y78.758 E116.67849
G0 F6000 X95.904 Y78.085
G1 F1200 X103.769 Y85.95 E117.2334
G0 F6000 X103.769 Y85.101
G1 F1200 X96.441 Y77.773 E117.75043
G0 F6000 X97.246 Y77.73
G1 F1200 X103.786 Y84.27 E118.21187
G0 F6000 X104.634 Y84.27
G1 F1200 X98.094 Y77.73 E118.6733
G0 F6000 X98.943 Y77.73
G1 F1200 X105.483 Y84.27 E119.13473
G0 F6000 X106.14 Y84.078
G1 F1200 X106.331 Y84.27 E119.14824
G1 F1500 E112.64824
G0 F6000 X106.331 Y84.89
G0 X104.428 Y84.81
G0 X105.618 Y83.315
G0 X104.428 Y81.587
G1 F1500 E119.14824
G0 F6000 X103.823 Y81.761
G1 F1200 X99.791 Y77.73 E119.43269
G0 F6000 X100.64 Y77.73
G1 F1200 X103.807 Y80.897 E119.65614
G0 F6000 X103.88 Y80.121
G1 F1200 X101.488 Y77.73 E119.82487
G0 F6000 X102.337 Y77.73
G1 F1200 X104.155 Y79.548 E119.95314
G0 F6000 X104.429 Y78.973
G1 F1200 X103.185 Y77.73 E120.04087
G0 F6000 X104.034 Y77.73
G1 F1200 X104.896 Y78.592 E120.10169
G0 F6000 X105.368 Y78.215
G1 F1200 X104.883 Y77.73 E120.13591
G0 F6000 X105.731 Y77.73
G1 F1200 X105.963 Y77.962 E120.15228
G1 F1500 E113.65228
G0 F6000 X106.1 Y78.568
G0 X113.135 Y78.309
G0 X113.135 Y77.21
G0 X114.216 Y77.11
G1 F1500 E120.15228
G0 F6000 X114.216 Y77.73
G1 F1200 X114.991 Y78.504 E120.20693
G0 F6000 X115.065 Y77.73
G1 F1200 X123.605 Y86.269 E120.80943
G0 F6000 X122.756 Y86.269
G1 F1200 X115.667 Y79.181 E121.30957
G0 F6000 X115.109 Y79.448
G0 X115.572 Y80.552
G0 X116.191 Y80.552
G1 F1200 X121.908 Y86.269 E121.71293
G0 F6000 X121.059 Y86.269
G1 F1200 X116.191 Y81.401 E122.0564
G0 F6000 X116.021 Y82.08
G1 F1200 X120.21 Y86.269 E122.35195
G0 F6000 X119.362 Y86.269
G1 F1200 X115.747 Y82.654 E122.60701
G0 F6000 X115.408 Y83.164
G1 F1200 X118.513 Y86.269 E122.82608
G0 F6000 X117.665 Y86.269
G1 F1200 X116.229 Y84.833 E122.9274
G0 F6000 X115.664 Y84.269
G1 F1200 X114.935 Y83.54 E122.97884
G0 F6000 X114.463 Y83.916
G1 F1200 X114.816 Y84.269 E123.00374
G0 F6000 X113.967 Y84.269
G1 F1200 X113.792 Y84.094 E123.01609
G1 F1500 E116.51609
G0 F6000 X113.655 Y83.489
G0 X114.182 Y83.45
G0 X114.182 Y84.81
G0 X115.61 Y85.682
G1 F1500 E123.01609
G0 F6000 X116.229 Y85.682
G1 F1200 X116.816 Y86.269 E123.05751
G1 F1500 E116.55751
G0 F6000 X116.816 Y86.89
G0 X115.128 Y87.372
G0 X115.128 Y85.372
G0 X110.872 Y85.372
G0 X110.872 Y87.351
G0 X109.128 Y87.351
G0 X109.128 Y85.372
G0 X104.872 Y85.372
G0 X104.872 Y87.372
G0 X97.372 Y87.372
G0 X97.372 Y132.628
G0 X103.182 Y133.11
G1 F1500 E123.05751
G0 F6000 X103.182 Y133.729
G1 F1200 X103.77 Y134.317 E123.09899
G0 F6000 X103.77 Y135.165
G1 F1200 X102.333 Y133.729 E123.20035
G0 F6000 X101.485 Y133.729
G1 F1200 X104.59 Y136.835 E123.41945
G0 F6000 X105.063 Y136.458
G1 F1200 X104.334 Y135.729 E123.47089
G0 F6000 X105.182 Y135.729
G1 F1200 X105.535 Y136.082 E123.4958
G0 F6000 X106.031 Y135.729
G1 F1200 X106.206 Y135.905 E123.50818
G0 F6000 X106.345 Y136.512
G0 X104.812 Y137.613
G0 X104.252 Y137.344
G1 F1200 X100.636 Y133.729 E123.76327
G0 F6000 X99.788 Y133.729
G1 F1200 X103.977 Y137.919 E124.05886
G0 F6000 X103.808 Y138.597
G1 F1200 X98.939 Y133.729 E124.40236
G0 F6000 X98.091 Y133.729
G1 F1200 X103.808 Y139.446 E124.80573
G0 F6000 X104.428 Y139.446
G0 X104.891 Y140.55
G0 X104.331 Y140.818
G1 F1200 X97.242 Y133.729 E125.30589
G1 F1500 E118.80589
G0 F6000 X97.242 Y133.11
G0 X96.804 Y133.196
G0 X95.21 Y133.196
G0 X95.11 Y133.913
G1 F1500 E125.30589
G0 F6000 X95.729 Y133.913
G1 F1200 X104.085 Y142.269 E125.89546
G0 F6000 X103.236 Y142.269
G1 F1200 X95.729 Y134.761 E126.42515
G0 F6000 X95.729 Y135.61
G1 F1200 X102.388 Y142.269 E126.89498
G0 F6000 X101.539 Y142.269
G1 F1200 X95.729 Y136.458 E127.30494
G0 F6000 X95.729 Y137.307
G1 F1200 X100.691 Y142.269 E127.65504
G0 F6000 X99.842 Y142.269
G1 F1200 X95.729 Y138.155 E127.94527
G0 F6000 X95.729 Y139.004
G1 F1200 X98.994 Y142.269 E128.17563
G0 F6000 X98.145 Y142.269
G1 F1200 X95.729 Y139.852 E128.34613
G0 F6000 X95.729 Y140.701
G1 F1200 X97.297 Y142.269 E128.45676
G0 F6000 X96.394 Y142.215
G1 F1200 X95.782 Y141.603 E128.49994
G0 F6000 X95.263 Y141.706
G1 F1500 E121.99994
;MESH:NONMESH
G0 F300 X95.263 Y141.706 Z0.4
G0 F6000 X95.175 Y141.721
G0 X95.21 Y83.182
G0 X93.335 Y83.182
G0 X106.358 Y81.509
G0 X104.871 Y82.697
G0 X106.928 Y83.139
G0 X114.052 Y83.182
;TIME_ELAPSED:171.744774
;LAYER:1
;TYPE:WALL-INNER
;MESH:supporto pulsante doppio kalos UNICO.stl
G1 F1500 E128.49994
G1 F1350 X114.895 Y82.511 E128.55369
G1 X115.362 Y81.539 E128.60749
G1 X115.362 Y80.461 E128.66127
G1 X114.895 Y79.489 E128.71507
G1 X114.052 Y78.818 E128.76883
G1 X113.102 Y78.6 E128.81745
G1 X106.898 Y78.6 E129.12697
G1 X105.948 Y78.818 E129.1756
G1 X105.105 Y79.489 E129.22936
G1 X104.638 Y80.461 E129.28316
G1 X104.638 Y81.539 E129.33694
G1 X105.105 Y82.511 E129.39074
G1 X105.948 Y83.182 E129.44449
G1 X106.898 Y83.4 E129.49312
G1 X113.102 Y83.4 E129.80264
G1 X114.052 Y83.182 E129.85126
G0 F7500 X113.785 Y82.628
;TYPE:WALL-OUTER
G1 F1350 X114.414 Y82.127 E129.89138
G1 X114.762 Y81.402 E129.9315
G1 X114.762 Y80.598 E129.97162
G1 X114.414 Y79.873 E130.01174
G1 X113.785 Y79.372 E130.05186
G1 X113.034 Y79.2 E130.09029
G1 X106.966 Y79.2 E130.39303
G1 X106.215 Y79.372 E130.43147
G1 X105.586 Y79.873 E130.47158
G1 X105.238 Y80.598 E130.51171
G1 X105.238 Y81.402 E130.55182
G1 X105.586 Y82.127 E130.59194
G1 X106.215 Y82.628 E130.63206
G1 X106.966 Y82.8 E130.6705
G1 X113.034 Y82.8 E130.97323
G1 X113.785 Y82.628 E131.01167
G0 F7500 X114.071 Y83.222
G1 F1500 E124.51167
G0 F7500 X113.135 Y83.691
G0 X113.135 Y85.4
G0 X109.4 Y134.9
;TYPE:WALL-INNER
G1 F1500 E131.01167
G1 F1350 X109.4 Y132.96 E131.10845
G1 X110.6 Y132.96 E131.16832
G1 X110.6 Y134.9 E131.26511
G1 X115.4 Y134.9 E131.50458
G1 X115.4 Y132.9 E131.60436
G1 X122.9 Y132.9 E131.97854
G1 X122.9 Y87.1 E134.26351
G1 X115.4 Y87.1 E134.63769
G1 X115.4 Y85.1 E134.73747
G1 X110.6 Y85.1 E134.97694
G1 X110.6 Y87.04 E135.07373
G1 X109.4 Y87.04 E135.1336
G1 X109.4 Y85.1 E135.23038
G1 X104.6 Y85.1 E135.46986
G1 X104.6 Y87.1 E135.56964
G1 X97.1 Y87.1 E135.94381
G1 X97.1 Y132.9 E138.22878
G1 X104.6 Y132.9 E138.60296
G1 X104.6 Y134.9 E138.70274
G1 X109.4 Y134.9 E138.94221
G0 F7500 X108.8 Y134.3
;TYPE:WALL-OUTER
G1 F1350 X108.8 Y132.36 E139.039
G1 X111.2 Y132.36 E139.15874
G1 X111.2 Y134.3 E139.25552
G1 X114.8 Y134.3 E139.43513
G1 X114.8 Y132.3 E139.53491
G1 X122.3 Y132.3 E139.90909
G1 X122.3 Y87.7 E142.13419
G1 X114.8 Y87.7 E142.50837
G1 X114.8 Y85.7 E142.60815
G1 X111.2 Y85.7 E142.78775
G1 X111.2 Y87.64 E142.88454
G1 X108.8 Y87.64 E143.00427
G1 X108.8 Y85.7 E143.10106
G1 X105.2 Y85.7 E143.28067
G1 X105.2 Y87.7 E143.38045
G1 X97.7 Y87.7 E143.75462
G1 X97.7 Y132.3 E145.97973
G1 X105.2 Y132.3 E146.3539
G1 X105.2 Y134.3 E146.45368
G1 X108.8 Y134.3 E146.63329
G1 F1500 E140.13329
G0 F7500 X109.2 Y134.3
G0 X109.682 Y133.242
G0 X110.318 Y133.242
G0 X110.328 Y134.506
G0 X114.052 Y135.19
G0 X113.76 Y136.453
G0 X114.686 Y137.657
G0 X115.101 Y138.522
G0 X115.101 Y139.478
G0 X114.766 Y140.178
G0 X114.052 Y141.182
;TYPE:WALL-INNER
G1 F1500 E146.63329
G1 F1350 X114.895 Y140.511 E146.68704
G1 X115.362 Y139.539 E146.74084
G1 X115.362 Y138.461 E146.79462
G1 X114.895 Y137.489 E146.84842
G1 X114.052 Y136.818 E146.90218
G1 X113.102 Y136.6 E146.9508
G1 X106.898 Y136.6 E147.26032
G1 X105.948 Y136.818 E147.30895
G1 X105.105 Y137.489 E147.3627
G1 X104.638 Y138.461 E147.4165
G1 X104.638 Y139.539 E147.47029
G1 X105.105 Y140.511 E147.52409
G1 X105.948 Y141.182 E147.57784
G1 X106.898 Y141.4 E147.62647
G1 X113.102 Y141.4 E147.93599
G1 X114.052 Y141.182 E147.98461
G0 F7500 X113.785 Y140.628
;TYPE:WALL-OUTER
G1 F1350 X114.414 Y140.127 E148.02473
G1 X114.762 Y139.402 E148.06485
G1 X114.762 Y138.598 E148.10497
G1 X114.414 Y137.873 E148.14509
G1 X113.785 Y137.372 E148.18521
G1 X113.034 Y137.2 E148.22364
G1 X106.966 Y137.2 E148.52638
G1 X106.215 Y137.372 E148.56481
G1 X105.586 Y137.873 E148.60493
G1 X105.238 Y138.598 E148.64506
G1 X105.238 Y139.402 E148.68517
G1 X105.586 Y140.127 E148.72529
G1 X106.215 Y140.628 E148.76541
G1 X106.966 Y140.8 E148.80384
G1 X113.034 Y140.8 E149.10658
G1 X113.785 Y140.628 E149.14502
G0 F7500 X114.071 Y141.222
G1 F1500 E142.64502
G0 F7500 X115.653 Y139.606
G0 X115.653 Y142.79
G0 X123.411 Y143.1
;TYPE:WALL-INNER
G1 F1500 E149.14502
G1 F1350 X96.589 Y143.1 E150.48317
G1 X95.893 Y142.962 E150.51857
G1 X95.38 Y142.62 E150.54933
G1 X95.038 Y142.107 E150.58009
G1 X94.9 Y141.411 E150.61549
G1 X94.9 Y78.589 E153.74969
G1 X95.038 Y77.893 E153.78509
G1 X95.38 Y77.38 E153.81585
G1 X95.893 Y77.038 E153.84661
G1 X96.589 Y76.9 E153.88201
G1 X123.411 Y76.9 E155.22017
G1 X124.107 Y77.038 E155.25557
G1 X124.62 Y77.38 E155.28632
G1 X124.962 Y77.893 E155.31708
G1 X125.1 Y78.589 E155.35248
G1 X125.1 Y141.411 E158.48669
G1 X124.962 Y142.107 E158.52209
G1 X124.62 Y142.62 E158.55285
G1 X124.107 Y142.962 E158.58361
G1 X123.411 Y143.1 E158.61901
G0 F7500 X123.472 Y143.7
;TYPE:WALL-OUTER
G1 F1350 X96.528 Y143.7 E159.96325
G1 X95.66 Y143.528 E160.00739
G1 X94.948 Y143.052 E160.05012
G1 X94.472 Y142.34 E160.09285
G1 X94.3 Y141.472 E160.137
G1 X94.3 Y78.528 E163.27729
G1 X94.472 Y77.66 E163.32143
G1 X94.948 Y76.948 E163.36416
G1 X95.66 Y76.472 E163.40689
G1 X96.528 Y76.3 E163.45104
G1 X123.472 Y76.3 E164.79528
G1 X124.34 Y76.472 E164.83943
G1 X125.052 Y76.948 E164.88216
G1 X125.528 Y77.66 E164.92488
G1 X125.7 Y78.528 E164.96903
G1 X125.7 Y141.472 E168.10932
G1 X125.528 Y142.34 E168.15347
G1 X125.052 Y143.052 E168.1962
G1 X124.34 Y143.528 E168.23892
G1 X123.472 Y143.7 E168.28307
G0 F7500 X123.408 Y143.044
G0 X123.357 Y142.51
;TYPE:SKIN
G1 F1350 X96.643 Y142.51 E169.61584
G1 X96.124 Y142.407 E169.64224
G1 X95.805 Y142.195 E169.66134
G1 X95.593 Y141.876 E169.68045
G1 X95.49 Y141.357 E169.70685
G1 X95.49 Y78.643 E172.83567
G1 X95.593 Y78.124 E172.86206
G1 X95.805 Y77.805 E172.88117
G1 X96.124 Y77.593 E172.90028
G1 X96.643 Y77.49 E172.92668
G1 X123.357 Y77.49 E174.25945
G1 X123.876 Y77.593 E174.28584
G1 X124.195 Y77.805 E174.30495
G1 X124.407 Y78.124 E174.32406
G1 X124.51 Y78.643 E174.35046
G1 X124.51 Y141.357 E177.47927
G1 X124.407 Y141.876 E177.50567
G1 X124.195 Y142.195 E177.52478
G1 X123.876 Y142.407 E177.54389
G1 X123.357 Y142.51 E177.57029
G1 F1500 E171.07029
G0 F7500 X123.429 Y142.883
G0 X115.572 Y142.79
G0 X115.129 Y140.697
G0 X115.572 Y139.588
G1 F1500 E177.57029
G0 F7500 X115.952 Y139.673
G1 F1350 X115.952 Y138.327 E177.63744
G1 X115.369 Y137.112 E177.70467
G1 X114.315 Y136.273 E177.77188
G1 X113.169 Y136.01 E177.83055
G1 X106.831 Y136.01 E178.14675
G1 X105.685 Y136.273 E178.20541
G1 X104.631 Y137.112 E178.27262
G1 X104.048 Y138.327 E178.33985
G1 X104.048 Y139.673 E178.40701
G1 X104.631 Y140.888 E178.47424
G1 X105.685 Y141.727 E178.54145
G1 X106.831 Y141.99 E178.60011
G1 X113.169 Y141.99 E178.91631
G1 X114.315 Y141.727 E178.97497
G1 X115.369 Y140.888 E179.04218
G1 X115.952 Y139.673 E179.10942
G1 F1500 E172.60942
G0 F7500 X115.572 Y139.588
G0 X115.129 Y137.303
G0 X113.643 Y138.491
G0 X113.847 Y133.347
G0 X115.696 Y133.196
G0 X123.11 Y133.14
G1 F1500 E179.10942
G0 F7500 X123.49 Y133.49
G1 F1350 X123.49 Y86.51 E181.45326
G1 X115.99 Y86.51 E181.82744
G1 X115.99 Y84.51 E181.92722
G1 X110.01 Y84.51 E182.22556
G1 X110.01 Y86.45 E182.32235
G1 X109.99 Y86.45 E182.32334
G1 X109.99 Y84.51 E182.42013
G1 X104.01 Y84.51 E182.71848
G1 X104.01 Y86.51 E182.81826
G1 X96.51 Y86.51 E183.19243
G1 X96.51 Y133.49 E185.53627
G1 X104.01 Y133.49 E185.91045
G1 X104.01 Y135.49 E186.01023
G1 X109.99 Y135.49 E186.30857
G1 X109.99 Y133.55 E186.40536
G1 X110.01 Y133.55 E186.40636
G1 X110.01 Y135.49 E186.50315
G1 X115.99 Y135.49 E186.80149
G1 X115.99 Y133.49 E186.90127
G1 X123.49 Y133.49 E187.27545
G1 F1500 E180.77545
G0 F7500 X123.11 Y133.14
G0 X122.628 Y87.372
G0 X115.128 Y87.372
G0 X115.128 Y85.372
G0 X113.127 Y85.4
G0 X113.127 Y83.69
G1 F1500 E187.27545
G0 F7500 X113.169 Y83.99
G1 F1350 X114.315 Y83.727 E187.33411
G1 X115.369 Y82.888 E187.40132
G1 X115.952 Y81.673 E187.46855
G1 X115.952 Y80.327 E187.5357
G1 X115.369 Y79.112 E187.60294
G1 X114.315 Y78.273 E187.67015
G1 X113.169 Y78.01 E187.72881
G1 X106.831 Y78.01 E188.04501
G1 X105.685 Y78.273 E188.10367
G1 X104.631 Y79.112 E188.17088
G1 X104.048 Y80.327 E188.23812
G1 X104.048 Y81.673 E188.30527
G1 X104.631 Y82.888 E188.3725
G1 X105.685 Y83.727 E188.43971
G1 X106.831 Y83.99 E188.49837
G1 X113.169 Y83.99 E188.81458
G1 F1500 E182.31458
G0 F7500 X113.127 Y83.61
G0 X106.928 Y83.139
G0 X106.064 Y82.941
G0 X105.314 Y82.343
G0 X104.347 Y80.394
G0 X106.202 Y80.815
G0 X93.335 Y80.394
G0 X95.21 Y80.394
G0 X95.11 Y79.067
G1 F1500 E188.81458
G0 F7500 X95.729 Y79.067
G1 F1350 X97.067 Y77.729 E188.90898
G0 F7500 X97.915 Y77.729
G1 F1350 X95.729 Y79.915 E189.06321
G0 F7500 X95.729 Y80.764
G1 F1350 X98.764 Y77.729 E189.27735
G0 F7500 X99.612 Y77.729
G1 F1350 X95.729 Y81.612 E189.55132
G0 F7500 X95.729 Y82.461
G1 F1350 X100.461 Y77.729 E189.88518
G0 F7500 X101.31 Y77.729
G1 F1350 X95.729 Y83.309 E190.27892
G0 F7500 X95.729 Y84.158
G1 F1350 X102.158 Y77.729 E190.73252
G0 F7500 X103.007 Y77.729
G1 F1350 X95.729 Y85.006 E191.24599
G0 F7500 X95.729 Y85.855
G1 F1350 X103.855 Y77.729 E191.81932
G0 F7500 X104.704 Y77.729
G1 F1350 X95.729 Y86.704 E192.45255
G0 F7500 X96.269 Y87.012
G1 F1350 X95.729 Y87.552 E192.49065
G0 F7500 X96.269 Y87.86
G1 F1350 X95.729 Y88.401 E192.52879
G0 F7500 X96.269 Y88.709
G1 F1350 X95.729 Y89.249 E192.56689
G0 F7500 X96.269 Y89.557
G1 F1350 X95.729 Y90.098 E192.60502
G0 F7500 X96.269 Y90.406
G1 F1350 X95.729 Y90.946 E192.64312
G0 F7500 X96.269 Y91.254
G1 F1350 X95.729 Y91.795 E192.68126
G0 F7500 X96.269 Y92.103
G1 F1350 X95.729 Y92.643 E192.71936
G0 F7500 X96.269 Y92.952
G1 F1350 X95.729 Y93.492 E192.75746
G0 F7500 X96.269 Y93.8
G1 F1350 X95.729 Y94.34 E192.79556
G0 F7500 X96.269 Y94.649
G1 F1350 X95.729 Y95.189 E192.83366
G0 F7500 X96.269 Y95.497
G1 F1350 X95.729 Y96.037 E192.87176
G0 F7500 X96.269 Y96.346
G1 F1350 X95.729 Y96.886 E192.90986
G0 F7500 X96.269 Y97.194
G1 F1350 X95.729 Y97.734 E192.94796
G0 F7500 X96.269 Y98.043
G1 F1350 X95.729 Y98.583 E192.98606
G0 F7500 X96.269 Y98.891
G1 F1350 X95.729 Y99.431 E193.02416
G0 F7500 X96.269 Y99.74
G1 F1350 X95.729 Y100.28 E193.06226
G0 F7500 X96.269 Y100.588
G1 F1350 X95.729 Y101.128 E193.10036
G0 F7500 X96.269 Y101.437
G1 F1350 X95.729 Y101.977 E193.13846
G0 F7500 X96.269 Y102.285
G1 F1350 X95.729 Y102.826 E193.17659
G0 F7500 X96.269 Y103.134
G1 F1350 X95.729 Y103.674 E193.21469
G0 F7500 X96.269 Y103.982
G1 F1350 X95.729 Y104.523 E193.25283
G0 F7500 X96.269 Y104.831
G1 F1350 X95.729 Y105.371 E193.29093
G0 F7500 X96.269 Y105.679
G1 F1350 X95.729 Y106.22 E193.32906
G0 F7500 X96.269 Y106.528
G1 F1350 X95.729 Y107.068 E193.36716
G0 F7500 X96.269 Y107.376
G1 F1350 X95.729 Y107.917 E193.4053
G0 F7500 X96.269 Y108.225
G1 F1350 X95.729 Y108.765 E193.4434
G0 F7500 X96.269 Y109.074
G1 F1350 X95.729 Y109.614 E193.4815
G0 F7500 X96.269 Y109.922
G1 F1350 X95.73 Y110.462 E193.51956
G0 F7500 X96.269 Y110.771
G1 F1350 X95.73 Y111.31 E193.55759
G0 F7500 X96.269 Y111.619
G1 F1350 X95.73 Y112.159 E193.59566
G0 F7500 X96.269 Y112.468
G1 F1350 X95.73 Y113.007 E193.63369
G0 F7500 X96.269 Y113.316
G1 F1350 X95.73 Y113.856 E193.67175
G0 F7500 X96.269 Y114.165
G1 F1350 X95.73 Y114.704 E193.70978
G0 F7500 X96.269 Y115.013
G1 F1350 X95.73 Y115.553 E193.74784
G0 F7500 X96.269 Y115.862
G1 F1350 X95.73 Y116.401 E193.78587
G0 F7500 X96.269 Y116.71
G1 F1350 X95.73 Y117.25 E193.82394
G0 F7500 X96.269 Y117.559
G1 F1350 X95.73 Y118.098 E193.86197
G0 F7500 X96.269 Y118.407
G1 F1350 X95.73 Y118.947 E193.90003
G0 F7500 X96.269 Y119.256
G1 F1350 X95.73 Y119.795 E193.93806
G0 F7500 X96.269 Y120.104
G1 F1350 X95.73 Y120.644 E193.97613
G0 F7500 X96.269 Y120.953
G1 F1350 X95.73 Y121.492 E194.01416
G0 F7500 X96.269 Y121.801
G1 F1350 X95.73 Y122.341 E194.05222
G0 F7500 X96.269 Y122.65
G1 F1350 X95.73 Y123.19 E194.09029
G0 F7500 X96.269 Y123.499
G1 F1350 X95.73 Y124.038 E194.12831
G0 F7500 X96.269 Y124.347
G1 F1350 X95.73 Y124.887 E194.16638
G0 F7500 X96.269 Y125.196
G1 F1350 X95.73 Y125.735 E194.20441
G0 F7500 X96.269 Y126.044
G1 F1350 X95.73 Y126.584 E194.24247
G0 F7500 X96.269 Y126.893
G1 F1350 X95.73 Y127.432 E194.2805
G0 F7500 X96.269 Y127.741
G1 F1350 X95.73 Y128.281 E194.31857
G0 F7500 X96.269 Y128.59
G1 F1350 X95.73 Y129.129 E194.3566
G0 F7500 X96.269 Y129.438
G1 F1350 X95.73 Y129.978 E194.39466
G0 F7500 X96.269 Y130.287
G1 F1350 X95.73 Y130.826 E194.43269
G0 F7500 X96.269 Y131.135
G1 F1350 X95.73 Y131.675 E194.47076
G0 F7500 X96.269 Y131.984
G1 F1350 X95.73 Y132.523 E194.50878
G0 F7500 X96.269 Y132.832
G1 F1350 X95.73 Y133.372 E194.54685
G0 F7500 X96.269 Y133.681
G1 F1350 X95.73 Y134.22 E194.58488
G0 F7500 X95.73 Y135.069
G1 F1350 X97.07 Y133.728 E194.67946
G0 F7500 X97.919 Y133.728
G1 F1350 X95.73 Y135.917 E194.8339
G0 F7500 X95.73 Y136.766
G1 F1350 X98.767 Y133.728 E195.04822
G0 F7500 X99.616 Y133.728
G1 F1350 X95.73 Y137.615 E195.32243
G0 F7500 X95.73 Y138.463
G1 F1350 X100.465 Y133.728 E195.65651
G0 F7500 X101.313 Y133.728
G1 F1350 X95.73 Y139.312 E196.05046
G0 F7500 X95.73 Y140.16
G1 F1350 X102.162 Y133.728 E196.50427
G0 F7500 X103.01 Y133.728
G1 F1350 X95.73 Y141.009 E197.01795
G0 F7500 X95.816 Y141.771
G1 F1350 X103.77 Y133.817 E197.57914
G0 F7500 X103.77 Y134.666
G1 F1350 X96.249 Y142.187 E198.10979
G0 F7500 X97.015 Y142.269
G1 F1350 X103.77 Y135.514 E198.58639
G0 F7500 X104.404 Y135.729
G1 F1350 X97.864 Y142.269 E199.04783
G0 F7500 X98.712 Y142.269
G1 F1350 X105.252 Y135.729 E199.50926
G0 F7500 X105.84 Y135.99
G1 F1350 X106.101 Y135.729 E199.52767
G1 F1500 E193.02767
G0 F7500 X106.101 Y135.11
G0 X104.596 Y135.19
G0 X105.72 Y136.604
G0 X104.596 Y138.062
G1 F1500 E199.52767
G0 F7500 X104.036 Y137.793
G1 F1350 X99.561 Y142.269 E199.84344
G0 F7500 X100.409 Y142.269
G1 F1350 X103.807 Y138.871 E200.08319
G0 F7500 X103.807 Y139.72
G1 F1350 X101.258 Y142.269 E200.26304
G0 F7500 X102.106 Y142.269
G1 F1350 X104.079 Y140.296 E200.40224
G0 F7500 X104.355 Y140.869
G1 F1350 X102.955 Y142.269 E200.50102
G0 F7500 X103.803 Y142.269
G1 F1350 X104.769 Y141.303 E200.56918
G0 F7500 X105.241 Y141.68
G1 F1350 X104.652 Y142.269 E200.61073
G0 F7500 X105.501 Y142.269
G1 F1350 X105.776 Y141.994 E200.63014
G0 F7500 X106.349 Y142.269
G1 F1350 X106.466 Y142.151 E200.63843
G1 F1500 E194.13843
G0 F7500 X106.605 Y141.549
G0 X113.135 Y141.691
G0 X113.135 Y142.79
G0 X113.985 Y142.89
G1 F1500 E200.63843
G0 F7500 X113.985 Y142.269
G1 F1350 X114.273 Y141.982 E200.65871
G0 F7500 X114.834 Y142.269
G1 F1350 X123.374 Y133.729 E201.26125
G0 F7500 X123.729 Y133.374
G1 F1350 X124.269 Y132.834 E201.29935
G0 F7500 X123.729 Y132.525
G1 F1350 X124.269 Y131.985 E201.33745
G0 F7500 X123.729 Y131.677
G1 F1350 X124.269 Y131.137 E201.37555
G0 F7500 X123.729 Y130.828
G1 F1350 X124.269 Y130.288 E201.41365
G0 F7500 X123.729 Y129.98
G1 F1350 X124.269 Y129.44 E201.45175
G0 F7500 X123.729 Y129.131
G1 F1350 X124.269 Y128.591 E201.48985
G0 F7500 X123.729 Y128.283
G1 F1350 X124.269 Y127.743 E201.52795
G0 F7500 X123.729 Y127.434
G1 F1350 X124.269 Y126.894 E201.56605
G0 F7500 X123.729 Y126.586
G1 F1350 X124.269 Y126.046 E201.60415
G0 F7500 X123.729 Y125.737
G1 F1350 X124.269 Y125.197 E201.64225
G0 F7500 X123.729 Y124.889
G1 F1350 X124.269 Y124.348 E201.68039
G0 F7500 X123.729 Y124.04
G1 F1350 X124.269 Y123.5 E201.71849
G0 F7500 X123.729 Y123.192
G1 F1350 X124.269 Y122.651 E201.75662
G0 F7500 X123.729 Y122.343
G1 F1350 X124.269 Y121.803 E201.79472
G0 F7500 X123.729 Y121.495
G1 F1350 X124.269 Y120.954 E201.83286
G0 F7500 X123.729 Y120.646
G1 F1350 X124.269 Y120.106 E201.87096
G0 F7500 X123.729 Y119.798
G1 F1350 X124.269 Y119.257 E201.90909
G0 F7500 X123.729 Y118.949
G1 F1350 X124.269 Y118.409 E201.94719
G0 F7500 X123.729 Y118.1
G1 F1350 X124.269 Y117.56 E201.98529
G0 F7500 X123.729 Y117.252
G1 F1350 X124.269 Y116.712 E202.02339
G0 F7500 X123.729 Y116.403
G1 F1350 X124.269 Y115.863 E202.06149
G0 F7500 X123.729 Y115.555
G1 F1350 X124.269 Y115.015 E202.09959
G0 F7500 X123.729 Y114.706
G1 F1350 X124.269 Y114.166 E202.13769
G0 F7500 X123.729 Y113.858
G1 F1350 X124.269 Y113.318 E202.17579
G0 F7500 X123.729 Y113.009
G1 F1350 X124.269 Y112.469 E202.21389
G0 F7500 X123.729 Y112.161
G1 F1350 X124.269 Y111.621 E202.25199
G0 F7500 X123.729 Y111.312
G1 F1350 X124.269 Y110.772 E202.29009
G0 F7500 X123.729 Y110.464
G1 F1350 X124.269 Y109.924 E202.32819
G0 F7500 X123.729 Y109.615
G1 F1350 X124.269 Y109.076 E202.36626
G0 F7500 X123.729 Y108.767
G1 F1350 X124.269 Y108.227 E202.40436
G0 F7500 X123.729 Y107.918
G1 F1350 X124.269 Y107.379 E202.44242
G0 F7500 X123.729 Y107.07
G1 F1350 X124.269 Y106.53 E202.48052
G0 F7500 X123.729 Y106.221
G1 F1350 X124.269 Y105.682 E202.51859
G0 F7500 X123.729 Y105.373
G1 F1350 X124.269 Y104.833 E202.55669
G0 F7500 X123.729 Y104.524
G1 F1350 X124.269 Y103.985 E202.59475
G0 F7500 X123.729 Y103.675
G1 F1350 X124.269 Y103.136 E202.63282
G0 F7500 X123.729 Y102.827
G1 F1350 X124.269 Y102.287 E202.67092
G0 F7500 X123.729 Y101.978
G1 F1350 X124.269 Y101.439 E202.70898
G0 F7500 X123.729 Y101.13
G1 F1350 X124.269 Y100.59 E202.74708
G0 F7500 X123.729 Y100.281
G1 F1350 X124.269 Y99.742 E202.78515
G0 F7500 X123.729 Y99.433
G1 F1350 X124.269 Y98.893 E202.82325
G0 F7500 X123.729 Y98.584
G1 F1350 X124.269 Y98.045 E202.86131
G0 F7500 X123.729 Y97.736
G1 F1350 X124.269 Y97.196 E202.89941
G0 F7500 X123.729 Y96.887
G1 F1350 X124.269 Y96.348 E202.93747
G0 F7500 X123.729 Y96.039
G1 F1350 X124.269 Y95.499 E202.97557
G0 F7500 X123.729 Y95.19
G1 F1350 X124.269 Y94.651 E203.01364
G0 F7500 X123.729 Y94.342
G1 F1350 X124.269 Y93.802 E203.05174
G0 F7500 X123.729 Y93.493
G1 F1350 X124.269 Y92.954 E203.0898
G0 F7500 X123.729 Y92.645
G1 F1350 X124.269 Y92.105 E203.1279
G0 F7500 X123.729 Y91.796
G1 F1350 X124.269 Y91.257 E203.16597
G0 F7500 X123.729 Y90.948
G1 F1350 X124.269 Y90.408 E203.20407
G0 F7500 X123.729 Y90.099
G1 F1350 X124.269 Y89.56 E203.24213
G0 F7500 X123.729 Y89.251
G1 F1350 X124.269 Y88.711 E203.28023
G0 F7500 X123.729 Y88.402
G1 F1350 X124.269 Y87.862 E203.31833
G0 F7500 X123.729 Y87.553
G1 F1350 X124.269 Y87.014 E203.3564
G0 F7500 X123.729 Y86.705
G1 F1350 X124.269 Y86.165 E203.3945
G0 F7500 X124.269 Y85.317
G1 F1350 X123.315 Y86.27 E203.46177
G0 F7500 X122.467 Y86.27
G1 F1350 X124.269 Y84.468 E203.58891
G0 F7500 X124.269 Y83.62
G1 F1350 X121.618 Y86.27 E203.77592
G0 F7500 X120.77 Y86.27
G1 F1350 X124.269 Y82.771 E204.02279
G0 F7500 X124.269 Y81.923
G1 F1350 X119.921 Y86.27 E204.32953
G0 F7500 X119.073 Y86.27
G1 F1350 X124.269 Y81.074 E204.69614
G0 F7500 X124.269 Y80.226
G1 F1350 X118.224 Y86.27 E205.12261
G0 F7500 X117.376 Y86.27
G1 F1350 X124.269 Y79.377 E205.60895
G0 F7500 X124.246 Y78.551
G1 F1350 X116.527 Y86.27 E206.15357
G0 F7500 X116.229 Y85.72
G1 F1350 X123.991 Y77.957 E206.70125
G0 F7500 X123.365 Y77.735
G1 F1350 X116.229 Y84.871 E207.20474
G0 F7500 X115.982 Y84.27
G1 F1350 X122.522 Y77.73 E207.66617
G0 F7500 X121.673 Y77.73
G1 F1350 X115.133 Y84.27 E208.1276
G0 F7500 X114.285 Y84.27
G1 F1350 X115.326 Y83.228 E208.20108
G0 F7500 X115.606 Y82.949
G1 F1350 X120.825 Y77.73 E208.56931
G0 F7500 X119.976 Y77.73
G1 F1350 X116.191 Y81.515 E208.83636
G0 F7500 X116.191 Y80.666
G1 F1350 X119.128 Y77.73 E209.04355
G0 F7500 X118.279 Y77.73
G1 F1350 X116.044 Y79.965 E209.20124
G0 F7500 X115.769 Y79.391
G1 F1350 X117.431 Y77.73 E209.31847
G0 F7500 X116.582 Y77.73
G1 F1350 X115.445 Y78.867 E209.39869
G0 F7500 X114.973 Y78.49
G1 F1350 X115.734 Y77.73 E209.45235
G0 F7500 X114.885 Y77.73
G1 F1350 X114.501 Y78.114 E209.47944
G0 F7500 X114.037 Y77.73
G1 F1350 X113.847 Y77.919 E209.49281
G1 F1500 E202.99281
G0 F7500 X113.708 Y78.523
G0 X106.865 Y78.309
G0 X106.865 Y77.21
G0 X106.401 Y77.11
G1 F1500 E209.49281
G0 F7500 X106.401 Y77.729
G1 F1350 X106.228 Y77.901 E209.50498
G0 F7500 X105.552 Y77.729
G1 F1350 X97.012 Y86.269 E210.10753
G0 F7500 X97.86 Y86.269
G1 F1350 X103.806 Y80.323 E210.52705
G0 F7500 X103.806 Y81.172
G1 F1350 X98.709 Y86.269 E210.88667
G0 F7500 X99.557 Y86.269
G1 F1350 X103.901 Y81.926 E211.19313
G0 F7500 X104.176 Y82.499
G1 F1350 X100.406 Y86.269 E211.45912
G0 F7500 X101.254 Y86.269
G1 F1350 X104.463 Y83.061 E211.6855
G0 F7500 X104.936 Y83.437
G1 F1350 X104.103 Y84.27 E211.74427
G0 F7500 X103.769 Y84.603
G1 F1350 X102.103 Y86.269 E211.86182
G0 F7500 X102.951 Y86.269
G1 F1350 X103.769 Y85.452 E211.91949
G0 F7500 X104.39 Y85.452
G0 X104.951 Y84.89
G0 X104.951 Y84.27
G1 F1350 X105.408 Y83.813 E211.95174
G0 F7500 X105.8 Y84.27
G1 F1350 X106.02 Y84.05 E211.96726
G1 F1500 E205.46726
G0 F7500 X106.159 Y83.447
G0 X106.865 Y83.691
G0 X106.865 Y85.4
G0 X109.128 Y85.372
G0 X109.128 Y87.312
G0 X110.872 Y87.312
G0 X110.872 Y85.372
G0 X115.128 Y85.372
G0 X115.128 Y87.372
G0 X122.628 Y87.372
G0 X122.628 Y132.628
G0 X116.586 Y133.11
G1 F1500 E211.96726
G0 F7500 X116.586 Y133.729
G1 F1350 X116.229 Y134.085 E211.99241
G0 F7500 X116.229 Y134.934
G1 F1350 X117.434 Y133.729 E212.07743
G0 F7500 X118.283 Y133.729
G1 F1350 X115.279 Y136.733 E212.28938
G0 F7500 X115.672 Y137.188
G1 F1350 X119.131 Y133.729 E212.53343
G0 F7500 X119.98 Y133.729
G1 F1350 X115.948 Y137.761 E212.81791
G0 F7500 X116.192 Y138.365
G1 F1350 X120.828 Y133.729 E213.14501
G0 F7500 X121.677 Y133.729
G1 F1350 X116.192 Y139.214 E213.532
G0 F7500 X115.572 Y139.214
G0 X115.324 Y140.104
G0 X115.882 Y140.373
G1 F1350 X122.526 Y133.729 E214.00077
G1 F1500 E207.50077
G0 F7500 X122.526 Y133.11
G0 X123.196 Y133.196
G0 X124.79 Y133.196
G0 X124.89 Y133.682
G1 F1500 E214.00077
G0 F7500 X124.269 Y133.682
G1 F1350 X115.682 Y142.269 E214.60663
G0 F7500 X116.531 Y142.269
G1 F1350 X124.269 Y134.531 E215.15259
G0 F7500 X124.269 Y135.379
G1 F1350 X117.379 Y142.269 E215.63872
G0 F7500 X118.228 Y142.269
G1 F1350 X124.269 Y136.228 E216.06494
G0 F7500 X124.269 Y137.076
G1 F1350 X119.076 Y142.269 E216.43134
G0 F7500 X119.925 Y142.269
G1 F1350 X124.269 Y137.925 E216.73783
G0 F7500 X124.269 Y138.773
G1 F1350 X120.773 Y142.269 E216.98449
G0 F7500 X121.622 Y142.269
G1 F1350 X124.269 Y139.622 E217.17125
G0 F7500 X124.269 Y140.471
G1 F1350 X122.47 Y142.269 E217.29814
G0 F7500 X123.319 Y142.269
G1 F1350 X124.269 Y141.319 E217.36517
G1 F1500 E210.86517
G0 F7500 X124.89 Y141.319
G0 X124.79 Y135.11
G0 X126.665 Y135.11
G0 X113.847 Y133.347
G0 X115.69 Y135.11
G0 X115.435 Y135.11
G1 F1500 E217.36517
G0 F7500 X115.435 Y135.729
G1 F1350 X114.806 Y136.357 E217.40952
G0 F7500 X114.293 Y136.021
G1 F1350 X114.586 Y135.729 E217.43015
G0 F7500 X113.738 Y135.729
G1 F1350 X113.604 Y135.862 E217.43957
G0 F7500 X113.485 Y136.381
G1 F1500 E210.93957
;MESH:NONMESH
G0 F300 X113.485 Y136.381 Z0.6
G0 F7500 X113.465 Y136.467
G0 X113.135 Y136.309
G0 X112.929 Y138.164
G0 X112.929 Y133.415
G0 X113.847 Y133.347
G0 X113.847 Y86.653
G0 X112.929 Y86.585
G0 X112.929 Y81.836
G0 X113.135 Y83.691
G0 X114.052 Y83.182
;TIME_ELAPSED:288.394138
;LAYER:2
;TYPE:WALL-INNER
;MESH:supporto pulsante doppio kalos UNICO.stl
G1 F1500 E217.43957
G1 X114.895 Y82.511 E217.49333
G1 X115.362 Y81.539 E217.54713
G1 X115.362 Y80.461 E217.60091
G1 X114.895 Y79.489 E217.65471
G1 X114.052 Y78.818 E217.70846
G1 X113.102 Y78.6 E217.75709
G1 X106.898 Y78.6 E218.06661
G1 X105.948 Y78.818 E218.11524
G1 X105.105 Y79.489 E218.16899
G1 X104.638 Y80.461 E218.22279
G1 X104.638 Y81.539 E218.27657
G1 X105.105 Y82.511 E218.33037
G1 X105.948 Y83.182 E218.38413
G1 X106.898 Y83.4 E218.43275
G1 X113.102 Y83.4 E218.74227
G1 X114.052 Y83.182 E218.7909
G0 F9000 X113.785 Y82.628
;TYPE:WALL-OUTER
G1 F1500 X114.414 Y82.127 E218.83102
G1 X114.762 Y81.402 E218.87114
G1 X114.762 Y80.598 E218.91125
G1 X114.414 Y79.873 E218.95137
G1 X113.785 Y79.372 E218.99149
G1 X113.034 Y79.2 E219.02993
G1 X106.966 Y79.2 E219.33266
G1 X106.215 Y79.372 E219.3711
G1 X105.586 Y79.873 E219.41122
G1 X105.238 Y80.598 E219.45134
G1 X105.238 Y81.402 E219.49145
G1 X105.586 Y82.127 E219.53157
G1 X106.215 Y82.628 E219.57169
G1 X106.966 Y82.8 E219.61013
G1 X113.034 Y82.8 E219.91286
G1 X113.785 Y82.628 E219.9513
G0 F9000 X114.071 Y83.222
G1 F1500 E213.4513
G0 F9000 X113.135 Y83.691
G0 X113.135 Y85.4
G0 X109.4 Y134.9
;TYPE:WALL-INNER
G1 F1500 E219.9513
G1 X109.4 Y133 E220.04609
G1 X110.6 Y133 E220.10596
G1 X110.6 Y134.9 E220.20075
G1 X115.4 Y134.9 E220.44023
G1 X115.4 Y132.9 E220.54001
G1 X122.9 Y132.9 E220.91418
G1 X122.9 Y87.1 E223.19915
G1 X115.4 Y87.1 E223.57333
G1 X115.4 Y85.1 E223.67311
G1 X110.6 Y85.1 E223.91258
G1 X110.6 Y87 E224.00738
G1 X109.4 Y87 E224.06724
G1 X109.4 Y85.1 E224.16204
G1 X104.6 Y85.1 E224.40151
G1 X104.6 Y87.1 E224.50129
G1 X97.1 Y87.1 E224.87547
G1 X97.1 Y132.9 E227.16044
G1 X104.6 Y132.9 E227.53461
G1 X104.6 Y134.9 E227.63439
G1 X109.4 Y134.9 E227.87387
G0 F9000 X108.8 Y134.3
;TYPE:WALL-OUTER
G1 F1500 X108.8 Y132.4 E227.96866
G1 X111.2 Y132.4 E228.08839
G1 X111.2 Y134.3 E228.18319
G1 X114.8 Y134.3 E228.36279
G1 X114.8 Y132.3 E228.46257
G1 X122.3 Y132.3 E228.83675
G1 X122.3 Y87.7 E231.06185
G1 X114.8 Y87.7 E231.43603
G1 X114.8 Y85.7 E231.53581
G1 X111.2 Y85.7 E231.71541
G1 X111.2 Y87.6 E231.8102
G1 X108.8 Y87.6 E231.92994
G1 X108.8 Y85.7 E232.02473
G1 X105.2 Y85.7 E232.20434
G1 X105.2 Y87.7 E232.30412
G1 X97.7 Y87.7 E232.67829
G1 X97.7 Y132.3 E234.9034
G1 X105.2 Y132.3 E235.27757
G1 X105.2 Y134.3 E235.37735
G1 X108.8 Y134.3 E235.55696
G1 F1500 E229.05696
G0 F9000 X109.2 Y134.3
G0 X109.682 Y133.282
G0 X110.318 Y133.282
G0 X110.328 Y134.506
G0 X114.052 Y135.19
G0 X113.76 Y136.453
G0 X114.686 Y137.657
G0 X115.101 Y138.522
G0 X115.101 Y139.478
G0 X114.766 Y140.178
G0 X114.052 Y141.182
;TYPE:WALL-INNER
G1 F1500 E235.55696
G1 X114.895 Y140.511 E235.61071
G1 X115.362 Y139.539 E235.66451
G1 X115.362 Y138.461 E235.71829
G1 X114.895 Y137.489 E235.77209
G1 X114.052 Y136.818 E235.82585
G1 X113.102 Y136.6 E235.87447
G1 X106.898 Y136.6 E236.18399
G1 X105.948 Y136.818 E236.23262
G1 X105.105 Y137.489 E236.28637
G1 X104.638 Y138.461 E236.34017
G1 X104.638 Y139.539 E236.39396
G1 X105.105 Y140.511 E236.44776
G1 X105.948 Y141.182 E236.50151
G1 X106.898 Y141.4 E236.55014
G1 X113.102 Y141.4 E236.85966
G1 X114.052 Y141.182 E236.90828
G0 F9000 X113.785 Y140.628
;TYPE:WALL-OUTER
G1 F1500 X114.414 Y140.127 E236.9484
G1 X114.762 Y139.402 E236.98852
G1 X114.762 Y138.598 E237.02864
G1 X114.414 Y137.873 E237.06876
G1 X113.785 Y137.372 E237.10888
G1 X113.034 Y137.2 E237.14731
G1 X106.966 Y137.2 E237.45005
G1 X106.215 Y137.372 E237.48849
G1 X105.586 Y137.873 E237.5286
G1 X105.238 Y138.598 E237.56873
G1 X105.238 Y139.402 E237.60884
G1 X105.586 Y140.127 E237.64896
G1 X106.215 Y140.628 E237.68908
G1 X106.966 Y140.8 E237.72752
G1 X113.034 Y140.8 E238.03025
G1 X113.785 Y140.628 E238.06869
G0 F9000 X114.071 Y141.222
G1 F1500 E231.56869
G0 F9000 X115.653 Y139.606
G0 X115.653 Y142.79
G0 X123.411 Y143.1
;TYPE:WALL-INNER
G1 F1500 E238.06869
G1 X96.589 Y143.1 E239.40684
G1 X95.893 Y142.962 E239.44224
G1 X95.38 Y142.62 E239.473
G1 X95.038 Y142.107 E239.50376
G1 X94.9 Y141.411 E239.53916
G1 X94.9 Y78.589 E242.67336
G1 X95.038 Y77.893 E242.70876
G1 X95.38 Y77.38 E242.73952
G1 X95.893 Y77.038 E242.77028
G1 X96.589 Y76.9 E242.80568
G1 X123.411 Y76.9 E244.14384
G1 X124.107 Y77.038 E244.17924
G1 X124.62 Y77.38 E244.21
G1 X124.962 Y77.893 E244.24076
G1 X125.1 Y78.589 E244.27615
G1 X125.1 Y141.411 E247.41036
G1 X124.962 Y142.107 E247.44576
G1 X124.62 Y142.62 E247.47652
G1 X124.107 Y142.962 E247.50728
G1 X123.411 Y143.1 E247.54268
G0 F9000 X123.472 Y143.7
;TYPE:WALL-OUTER
G1 F1500 X96.528 Y143.7 E248.88692
G1 X95.66 Y143.528 E248.93106
G1 X94.948 Y143.052 E248.97379
G1 X94.472 Y142.34 E249.01652
G1 X94.3 Y141.472 E249.06067
G1 X94.3 Y78.528 E252.20096
G1 X94.472 Y77.66 E252.2451
G1 X94.948 Y76.948 E252.28783
G1 X95.66 Y76.472 E252.33056
G1 X96.528 Y76.3 E252.37471
G1 X123.472 Y76.3 E253.71895
G1 X124.34 Y76.472 E253.7631
G1 X125.052 Y76.948 E253.80583
G1 X125.528 Y77.66 E253.84855
G1 X125.7 Y78.528 E253.8927
G1 X125.7 Y141.472 E257.03299
G1 X125.528 Y142.34 E257.07714
G1 X125.052 Y143.052 E257.11987
G1 X124.34 Y143.528 E257.16259
G1 X123.472 Y143.7 E257.20674
G0 F9000 X123.408 Y143.044
G0 X123.357 Y142.51
;TYPE:SKIN
G1 F1500 X96.643 Y142.51 E258.53951
G1 X96.124 Y142.407 E258.56591
G1 X95.805 Y142.195 E258.58502
G1 X95.593 Y141.876 E258.60412
G1 X95.49 Y141.357 E258.63052
G1 X95.49 Y78.643 E261.75934
G1 X95.593 Y78.124 E261.78573
G1 X95.805 Y77.805 E261.80484
G1 X96.124 Y77.593 E261.82395
G1 X96.643 Y77.49 E261.85035
G1 X123.357 Y77.49 E263.18312
G1 X123.876 Y77.593 E263.20952
G1 X124.195 Y77.805 E263.22862
G1 X124.407 Y78.124 E263.24773
G1 X124.51 Y78.643 E263.27413
G1 X124.51 Y141.357 E266.40295
G1 X124.407 Y141.876 E266.42934
G1 X124.195 Y142.195 E266.44845
G1 X123.876 Y142.407 E266.46756
G1 X123.357 Y142.51 E266.49396
G1 F1500 E259.99396
G0 F9000 X123.429 Y142.883
G0 X115.572 Y142.79
G0 X115.129 Y140.697
G0 X115.572 Y139.588
G1 F1500 E266.49396
G0 F9000 X115.952 Y139.673
G1 F1500 X115.952 Y138.327 E266.56111
G1 X115.369 Y137.112 E266.62835
G1 X114.315 Y136.273 E266.69556
G1 X113.169 Y136.01 E266.75422
G1 X106.831 Y136.01 E267.07042
G1 X105.685 Y136.273 E267.12908
G1 X104.631 Y137.112 E267.19629
G1 X104.048 Y138.327 E267.26352
G1 X104.048 Y139.673 E267.33068
G1 X104.631 Y140.888 E267.39791
G1 X105.685 Y141.727 E267.46512
G1 X106.831 Y141.99 E267.52378
G1 X113.169 Y141.99 E267.83998
G1 X114.315 Y141.727 E267.89864
G1 X115.369 Y140.888 E267.96585
G1 X115.952 Y139.673 E268.03309
G1 F1500 E261.53309
G0 F9000 X115.572 Y139.588
G0 X115.129 Y137.303
G0 X113.643 Y138.491
G0 X113.847 Y133.347
G0 X115.696 Y133.196
G0 X123.11 Y133.14
G1 F1500 E268.03309
G0 F9000 X123.49 Y133.49
G1 F1500 X123.49 Y86.51 E270.37693
G1 X115.99 Y86.51 E270.75111
G1 X115.99 Y84.51 E270.85089
G1 X110.01 Y84.51 E271.14923
G1 X110.01 Y86.41 E271.24402
G1 X109.99 Y86.41 E271.24502
G1 X109.99 Y84.51 E271.33981
G1 X104.01 Y84.51 E271.63815
G1 X104.01 Y86.51 E271.73793
G1 X96.51 Y86.51 E272.11211
G1 X96.51 Y133.49 E274.45595
G1 X104.01 Y133.49 E274.83013
G1 X104.01 Y135.49 E274.92991
G1 X109.99 Y135.49 E275.22825
G1 X109.99 Y133.59 E275.32304
G1 X110.01 Y133.59 E275.32404
G1 X110.01 Y135.49 E275.41883
G1 X115.99 Y135.49 E275.71718
G1 X115.99 Y133.49 E275.81696
G1 X123.49 Y133.49 E276.19113
G1 F1500 E269.69113
G0 F9000 X123.11 Y133.14
G0 X122.628 Y87.372
G0 X115.128 Y87.372
G0 X115.128 Y85.372
G0 X113.127 Y85.4
G0 X113.127 Y83.69
G1 F1500 E276.19113
G0 F9000 X113.169 Y83.99
G1 F1500 X114.315 Y83.727 E276.24979
G1 X115.369 Y82.888 E276.317
G1 X115.952 Y81.673 E276.38424
G1 X115.952 Y80.327 E276.45139
G1 X115.369 Y79.112 E276.51862
G1 X114.315 Y78.273 E276.58583
G1 X113.169 Y78.01 E276.64449
G1 X106.831 Y78.01 E276.9607
G1 X105.685 Y78.273 E277.01936
G1 X104.631 Y79.112 E277.08657
G1 X104.048 Y80.327 E277.1538
G1 X104.048 Y81.673 E277.22096
G1 X104.631 Y82.888 E277.28819
G1 X105.685 Y83.727 E277.3554
G1 X106.831 Y83.99 E277.41406
G1 X113.169 Y83.99 E277.73026
G1 F1500 E271.23026
G0 F9000 X113.127 Y83.61
G0 X114.686 Y82.343
G0 X115.653 Y80.394
G0 X113.798 Y80.815
G0 X126.665 Y80.394
G0 X124.79 Y80.394
G0 X124.824 Y78.276
G1 F1500 E277.73026
G0 F9000 X124.216 Y78.396
G1 F1500 X123.604 Y77.783 E277.77348
G0 F9000 X122.702 Y77.73
G1 F1500 X124.269 Y79.297 E277.88404
G0 F9000 X124.269 Y80.146
G1 F1500 X121.853 Y77.73 E278.0545
G0 F9000 X121.005 Y77.73
G1 F1500 X124.269 Y80.994 E278.28479
G0 F9000 X124.269 Y81.843
G1 F1500 X120.156 Y77.73 E278.57499
G0 F9000 X119.308 Y77.73
G1 F1500 X124.269 Y82.691 E278.92501
G0 F9000 X124.269 Y83.54
G1 F1500 X118.459 Y77.73 E279.33494
G0 F9000 X117.61 Y77.73
G1 F1500 X124.269 Y84.388 E279.80473
G0 F9000 X124.269 Y85.237
G1 F1500 X116.762 Y77.73 E280.33439
G0 F9000 X115.913 Y77.73
G1 F1500 X124.269 Y86.086 E280.92395
G0 F9000 X123.729 Y86.394
G1 F1500 X124.269 Y86.934 E280.96205
G0 F9000 X123.729 Y87.242
G1 F1500 X124.269 Y87.783 E281.00019
G0 F9000 X123.729 Y88.091
G1 F1500 X124.269 Y88.631 E281.03829
G0 F9000 X123.729 Y88.939
G1 F1500 X124.269 Y89.48 E281.07642
G0 F9000 X123.729 Y89.788
G1 F1500 X124.269 Y90.328 E281.11452
G0 F9000 X123.729 Y90.636
G1 F1500 X124.269 Y91.177 E281.15266
G0 F9000 X123.729 Y91.485
G1 F1500 X124.269 Y92.025 E281.19076
G0 F9000 X123.729 Y92.334
G1 F1500 X124.269 Y92.874 E281.22886
G0 F9000 X123.729 Y93.182
G1 F1500 X124.269 Y93.722 E281.26696
G0 F9000 X123.729 Y94.031
G1 F1500 X124.269 Y94.571 E281.30506
G0 F9000 X123.729 Y94.879
G1 F1500 X124.269 Y95.419 E281.34316
G0 F9000 X123.729 Y95.728
G1 F1500 X124.269 Y96.268 E281.38126
G0 F9000 X123.729 Y96.576
G1 F1500 X124.269 Y97.116 E281.41936
G0 F9000 X123.729 Y97.425
G1 F1500 X124.269 Y97.965 E281.45746
G0 F9000 X123.729 Y98.273
G1 F1500 X124.269 Y98.813 E281.49556
G0 F9000 X123.729 Y99.122
G1 F1500 X124.269 Y99.662 E281.53366
G0 F9000 X123.729 Y99.97
G1 F1500 X124.269 Y100.51 E281.57176
G0 F9000 X123.729 Y100.819
G1 F1500 X124.269 Y101.359 E281.60986
G0 F9000 X123.729 Y101.667
G1 F1500 X124.269 Y102.208 E281.64799
G0 F9000 X123.729 Y102.516
G1 F1500 X124.269 Y103.056 E281.68609
G0 F9000 X123.729 Y103.364
G1 F1500 X124.269 Y103.905 E281.72423
G0 F9000 X123.729 Y104.213
G1 F1500 X124.269 Y104.753 E281.76233
G0 F9000 X123.729 Y105.061
G1 F1500 X124.269 Y105.602 E281.80046
G0 F9000 X123.729 Y105.91
G1 F1500 X124.269 Y106.45 E281.83856
G0 F9000 X123.729 Y106.758
G1 F1500 X124.269 Y107.299 E281.8767
G0 F9000 X123.729 Y107.607
G1 F1500 X124.269 Y108.147 E281.9148
G0 F9000 X123.729 Y108.456
G1 F1500 X124.269 Y108.996 E281.9529
G0 F9000 X123.729 Y109.304
G1 F1500 X124.269 Y109.844 E281.991
G0 F9000 X123.729 Y110.153
G1 F1500 X124.27 Y110.694 E282.02917
G0 F9000 X123.729 Y111.001
G1 F1500 X124.27 Y111.542 E282.06734
G0 F9000 X123.729 Y111.85
G1 F1500 X124.27 Y112.391 E282.10551
G0 F9000 X123.729 Y112.698
G1 F1500 X124.27 Y113.239 E282.14368
G0 F9000 X123.729 Y113.547
G1 F1500 X124.27 Y114.088 E282.18185
G0 F9000 X123.729 Y114.395
G1 F1500 X124.27 Y114.936 E282.22002
G0 F9000 X123.729 Y115.244
G1 F1500 X124.27 Y115.785 E282.25819
G0 F9000 X123.729 Y116.092
G1 F1500 X124.27 Y116.633 E282.29636
G0 F9000 X123.729 Y116.941
G1 F1500 X124.27 Y117.482 E282.33453
G0 F9000 X123.729 Y117.789
G1 F1500 X124.27 Y118.33 E282.3727
G0 F9000 X123.729 Y118.638
G1 F1500 X124.27 Y119.179 E282.41087
G0 F9000 X123.729 Y119.486
G1 F1500 X124.27 Y120.027 E282.44904
G0 F9000 X123.729 Y120.335
G1 F1500 X124.27 Y120.876 E282.48721
G0 F9000 X123.729 Y121.183
G1 F1500 X124.27 Y121.724 E282.52539
G0 F9000 X123.729 Y122.032
G1 F1500 X124.27 Y122.573 E282.56356
G0 F9000 X123.729 Y122.881
G1 F1500 X124.27 Y123.421 E282.60169
G0 F9000 X123.729 Y123.729
G1 F1500 X124.27 Y124.27 E282.63986
G0 F9000 X123.729 Y124.578
G1 F1500 X124.27 Y125.119 E282.67803
G0 F9000 X123.729 Y125.426
G1 F1500 X124.27 Y125.967 E282.7162
G0 F9000 X123.729 Y126.275
G1 F1500 X124.27 Y126.816 E282.75437
G0 F9000 X123.729 Y127.123
G1 F1500 X124.27 Y127.664 E282.79254
G0 F9000 X123.729 Y127.972
G1 F1500 X124.27 Y128.513 E282.83071
G0 F9000 X123.729 Y128.82
G1 F1500 X124.27 Y129.361 E282.86888
G0 F9000 X123.729 Y129.669
G1 F1500 X124.27 Y130.21 E282.90705
G0 F9000 X123.729 Y130.517
G1 F1500 X124.27 Y131.058 E282.94523
G0 F9000 X123.729 Y131.366
G1 F1500 X124.27 Y131.907 E282.9834
G0 F9000 X123.729 Y132.214
G1 F1500 X124.27 Y132.755 E283.02157
G0 F9000 X123.729 Y133.063
G1 F1500 X124.27 Y133.604 E283.05974
G0 F9000 X123.547 Y133.729
G1 F1500 X124.27 Y134.452 E283.11075
G0 F9000 X124.27 Y135.301
G1 F1500 X122.698 Y133.729 E283.22166
G0 F9000 X121.85 Y133.729
G1 F1500 X124.27 Y136.149 E283.39241
G0 F9000 X124.27 Y136.998
G1 F1500 X121.001 Y133.729 E283.62305
G0 F9000 X120.152 Y133.729
G1 F1500 X124.27 Y137.846 E283.91356
G0 F9000 X124.27 Y138.695
G1 F1500 X119.304 Y133.729 E284.26394
G0 F9000 X118.455 Y133.729
G1 F1500 X124.27 Y139.543 E284.67419
G0 F9000 X124.27 Y140.392
G1 F1500 X117.607 Y133.729 E285.1443
G0 F9000 X116.758 Y133.729
G1 F1500 X124.27 Y141.241 E285.67431
G0 F9000 X124.094 Y141.913
G1 F1500 X116.229 Y134.049 E286.22919
G0 F9000 X116.229 Y134.897
G1 F1500 X123.557 Y142.225 E286.74622
G0 F9000 X122.753 Y142.269
G1 F1500 X116.212 Y135.729 E287.20769
G0 F9000 X115.364 Y135.729
G1 F1500 X121.904 Y142.269 E287.66912
G0 F9000 X121.055 Y142.269
G1 F1500 X114.515 Y135.729 E288.13055
G0 F9000 X113.859 Y135.92
G1 F1500 X113.667 Y135.729 E288.14406
G1 F1500 E281.64406
G0 F9000 X113.667 Y135.11
G0 X115.572 Y135.19
G0 X115.129 Y137.303
G0 X115.572 Y138.413
G1 F1500 E288.14406
G0 F9000 X116.176 Y138.237
G1 F1500 X120.207 Y142.269 E288.42851
G0 F9000 X119.358 Y142.269
G1 F1500 X116.191 Y139.102 E288.65196
G0 F9000 X116.118 Y139.877
G1 F1500 X118.51 Y142.269 E288.82073
G0 F9000 X117.661 Y142.269
G1 F1500 X115.843 Y140.451 E288.949
G0 F9000 X115.569 Y141.025
G1 F1500 X116.813 Y142.269 E289.03677
G0 F9000 X115.964 Y142.269
G1 F1500 X115.102 Y141.407 E289.09759
G0 F9000 X114.63 Y141.783
G1 F1500 X115.116 Y142.269 E289.13188
G0 F9000 X114.267 Y142.269
G1 F1500 X114.035 Y142.037 E289.14824
G1 F1500 E282.64824
G0 F9000 X113.898 Y141.433
G0 X106.865 Y141.691
G0 X106.865 Y142.79
G0 X105.782 Y142.89
G1 F1500 E289.14824
G0 F9000 X105.782 Y142.269
G1 F1500 X105.008 Y141.494 E289.20289
G0 F9000 X104.933 Y142.269
G1 F1500 X96.394 Y133.729 E289.8054
G0 F9000 X96.269 Y133.604
G1 F1500 X95.729 Y133.064 E289.8435
G0 F9000 X96.269 Y132.756
G1 F1500 X95.729 Y132.216 E289.8816
G0 F9000 X96.269 Y131.907
G1 F1500 X95.729 Y131.367 E289.9197
G0 F9000 X96.269 Y131.059
G1 F1500 X95.729 Y130.519 E289.9578
G0 F9000 X96.269 Y130.21
G1 F1500 X95.729 Y129.67 E289.9959
G0 F9000 X96.269 Y129.362
G1 F1500 X95.729 Y128.822 E290.034
G0 F9000 X96.269 Y128.513
G1 F1500 X95.729 Y127.973 E290.0721
G0 F9000 X96.269 Y127.665
G1 F1500 X95.729 Y127.125 E290.1102
G0 F9000 X96.269 Y126.816
G1 F1500 X95.729 Y126.276 E290.1483
G0 F9000 X96.269 Y125.968
G1 F1500 X95.729 Y125.428 E290.1864
G0 F9000 X96.269 Y125.119
G1 F1500 X95.729 Y124.579 E290.2245
G0 F9000 X96.269 Y124.271
G1 F1500 X95.729 Y123.73 E290.26263
G0 F9000 X96.269 Y123.422
G1 F1500 X95.729 Y122.882 E290.30073
G0 F9000 X96.269 Y122.574
G1 F1500 X95.729 Y122.033 E290.33887
G0 F9000 X96.269 Y121.725
G1 F1500 X95.729 Y121.185 E290.37697
G0 F9000 X96.269 Y120.877
G1 F1500 X95.729 Y120.336 E290.4151
G0 F9000 X96.269 Y120.028
G1 F1500 X95.729 Y119.488 E290.4532
G0 F9000 X96.269 Y119.18
G1 F1500 X95.729 Y118.639 E290.49134
G0 F9000 X96.269 Y118.331
G1 F1500 X95.729 Y117.791 E290.52944
G0 F9000 X96.269 Y117.482
G1 F1500 X95.729 Y116.942 E290.56754
G0 F9000 X96.269 Y116.634
G1 F1500 X95.729 Y116.094 E290.60564
G0 F9000 X96.269 Y115.785
G1 F1500 X95.729 Y115.245 E290.64374
G0 F9000 X96.269 Y114.937
G1 F1500 X95.729 Y114.397 E290.68184
G0 F9000 X96.269 Y114.088
G1 F1500 X95.729 Y113.548 E290.71994
G0 F9000 X96.269 Y113.24
G1 F1500 X95.729 Y112.7 E290.75804
G0 F9000 X96.269 Y112.391
G1 F1500 X95.729 Y111.851 E290.79614
G0 F9000 X96.269 Y111.543
G1 F1500 X95.729 Y111.003 E290.83424
G0 F9000 X96.269 Y110.694
G1 F1500 X95.729 Y110.154 E290.87234
G0 F9000 X96.269 Y109.846
G1 F1500 X95.728 Y109.305 E290.91051
G0 F9000 X96.269 Y108.997
G1 F1500 X95.728 Y108.456 E290.94868
G0 F9000 X96.269 Y108.149
G1 F1500 X95.728 Y107.608 E290.98685
G0 F9000 X96.269 Y107.3
G1 F1500 X95.728 Y106.759 E291.02502
G0 F9000 X96.269 Y106.452
G1 F1500 X95.728 Y105.911 E291.06319
G0 F9000 X96.269 Y105.603
G1 F1500 X95.728 Y105.062 E291.10136
G0 F9000 X96.269 Y104.755
G1 F1500 X95.728 Y104.214 E291.13953
G0 F9000 X96.269 Y103.906
G1 F1500 X95.728 Y103.365 E291.1777
G0 F9000 X96.269 Y103.057
G1 F1500 X95.728 Y102.517 E291.21584
G0 F9000 X96.269 Y102.209
G1 F1500 X95.728 Y101.668 E291.25401
G0 F9000 X96.269 Y101.36
G1 F1500 X95.728 Y100.819 E291.29218
G0 F9000 X96.269 Y100.512
G1 F1500 X95.728 Y99.971 E291.33035
G0 F9000 X96.269 Y99.663
G1 F1500 X95.728 Y99.122 E291.36852
G0 F9000 X96.269 Y98.815
G1 F1500 X95.728 Y98.274 E291.40669
G0 F9000 X96.269 Y97.966
G1 F1500 X95.728 Y97.425 E291.44486
G0 F9000 X96.269 Y97.118
G1 F1500 X95.728 Y96.577 E291.48303
G0 F9000 X96.269 Y96.269
G1 F1500 X95.728 Y95.728 E291.5212
G0 F9000 X96.269 Y95.421
G1 F1500 X95.728 Y94.88 E291.55937
G0 F9000 X96.269 Y94.572
G1 F1500 X95.728 Y94.031 E291.59754
G0 F9000 X96.269 Y93.724
G1 F1500 X95.728 Y93.183 E291.63571
G0 F9000 X96.269 Y92.875
G1 F1500 X95.728 Y92.334 E291.67388
G0 F9000 X96.269 Y92.027
G1 F1500 X95.728 Y91.486 E291.71205
G0 F9000 X96.269 Y91.178
G1 F1500 X95.728 Y90.637 E291.75022
G0 F9000 X96.269 Y90.33
G1 F1500 X95.728 Y89.789 E291.78839
G0 F9000 X96.269 Y89.481
G1 F1500 X95.728 Y88.94 E291.82656
G0 F9000 X96.269 Y88.633
G1 F1500 X95.728 Y88.092 E291.86473
G0 F9000 X96.269 Y87.784
G1 F1500 X95.728 Y87.243 E291.9029
G0 F9000 X96.269 Y86.935
G1 F1500 X95.728 Y86.395 E291.94104
G0 F9000 X96.452 Y86.269
G1 F1500 X95.728 Y85.546 E291.99209
G0 F9000 X95.728 Y84.697
G1 F1500 X97.3 Y86.269 E292.103
G0 F9000 X98.149 Y86.269
G1 F1500 X95.728 Y83.849 E292.27378
G0 F9000 X95.728 Y83
G1 F1500 X98.997 Y86.269 E292.50442
G0 F9000 X99.846 Y86.269
G1 F1500 X95.728 Y82.152 E292.79494
G0 F9000 X95.728 Y81.303
G1 F1500 X100.694 Y86.269 E293.14531
G0 F9000 X101.543 Y86.269
G1 F1500 X95.728 Y80.455 E293.55556
G0 F9000 X95.728 Y79.606
G1 F1500 X102.391 Y86.269 E294.02567
G0 F9000 X103.24 Y86.269
G1 F1500 X95.728 Y78.758 E294.55565
G0 F9000 X95.904 Y78.085
G1 F1500 X103.769 Y85.95 E295.11056
G0 F9000 X103.769 Y85.101
G1 F1500 X96.441 Y77.773 E295.62759
G0 F9000 X97.246 Y77.73
G1 F1500 X103.786 Y84.27 E296.08903
G0 F9000 X104.634 Y84.27
G1 F1500 X98.094 Y77.73 E296.55046
G0 F9000 X98.943 Y77.73
G1 F1500 X105.483 Y84.27 E297.01189
G0 F9000 X106.14 Y84.078
G1 F1500 X106.331 Y84.27 E297.0254
G1 F1500 E290.5254
G0 F9000 X106.331 Y84.89
G0 X104.428 Y84.81
G0 X105.618 Y83.315
G0 X104.428 Y81.587
G1 F1500 E297.0254
G0 F9000 X103.823 Y81.761
G1 F1500 X99.791 Y77.73 E297.30985
G0 F9000 X100.64 Y77.73
G1 F1500 X103.807 Y80.897 E297.5333
G0 F9000 X103.88 Y80.121
G1 F1500 X101.488 Y77.73 E297.70203
G0 F9000 X102.337 Y77.73
G1 F1500 X104.155 Y79.548 E297.8303
G0 F9000 X104.429 Y78.973
G1 F1500 X103.185 Y77.73 E297.91803
G0 F9000 X104.034 Y77.73
G1 F1500 X104.896 Y78.592 E297.97885
G0 F9000 X105.368 Y78.215
G1 F1500 X104.883 Y77.73 E298.01307
G0 F9000 X105.731 Y77.73
G1 F1500 X105.963 Y77.962 E298.02944
G1 F1500 E291.52944
G0 F9000 X106.1 Y78.568
G0 X113.135 Y78.309
G0 X113.135 Y77.21
G0 X114.216 Y77.11
G1 F1500 E298.02944
G0 F9000 X114.216 Y77.73
G1 F1500 X114.991 Y78.504 E298.08409
G0 F9000 X115.065 Y77.73
G1 F1500 X123.605 Y86.269 E298.68659
G0 F9000 X122.756 Y86.269
G1 F1500 X115.667 Y79.181 E299.18673
G0 F9000 X115.109 Y79.448
G0 X115.572 Y80.552
G0 X116.191 Y80.552
G1 F1500 X121.908 Y86.269 E299.59009
G0 F9000 X121.059 Y86.269
G1 F1500 X116.191 Y81.401 E299.93355
G0 F9000 X116.021 Y82.08
G1 F1500 X120.21 Y86.269 E300.22911
G0 F9000 X119.362 Y86.269
G1 F1500 X115.747 Y82.654 E300.48417
G0 F9000 X115.408 Y83.164
G1 F1500 X118.513 Y86.269 E300.70324
G0 F9000 X117.665 Y86.269
G1 F1500 X116.229 Y84.833 E300.80456
G0 F9000 X115.664 Y84.269
G1 F1500 X114.935 Y83.54 E300.856
G0 F9000 X114.463 Y83.916
G1 F1500 X114.816 Y84.269 E300.8809
G0 F9000 X113.967 Y84.269
G1 F1500 X113.792 Y84.094 E300.89325
G1 F1500 E294.39325
G0 F9000 X113.655 Y83.489
G0 X114.182 Y83.45
G0 X114.182 Y84.81
G0 X115.61 Y85.682
G1 F1500 E300.89325
G0 F9000 X116.229 Y85.682
G1 F1500 X116.816 Y86.269 E300.93467
G1 F1500 E294.43467
G0 F9000 X116.816 Y86.89
G0 X115.128 Y87.372
G0 X115.128 Y85.372
G0 X110.872 Y85.372
G0 X110.872 Y87.272
G0 X109.128 Y87.272
G0 X109.128 Y85.372
G0 X104.872 Y85.372
G0 X104.872 Y87.372
G0 X97.372 Y87.372
G0 X97.372 Y132.628
G0 X103.182 Y133.11
G1 F1500 E300.93467
G0 F9000 X103.182 Y133.729
G1 F1500 X103.77 Y134.317 E300.97615
G0 F9000 X103.77 Y135.165
G1 F1500 X102.333 Y133.729 E301.0775
G0 F9000 X101.485 Y133.729
G1 F1500 X104.59 Y136.835 E301.29661
G0 F9000 X105.063 Y136.458
G1 F1500 X104.334 Y135.729 E301.34805
G0 F9000 X105.182 Y135.729
G1 F1500 X105.535 Y136.082 E301.37296
G0 F9000 X106.031 Y135.729
G1 F1500 X106.206 Y135.905 E301.38534
G0 F9000 X106.345 Y136.512
G0 X104.812 Y137.613
G0 X104.252 Y137.344
G1 F1500 X100.636 Y133.729 E301.64043
G0 F9000 X99.788 Y133.729
G1 F1500 X103.977 Y137.919 E301.93602
G0 F9000 X103.808 Y138.597
G1 F1500 X98.939 Y133.729 E302.27952
G0 F9000 X98.091 Y133.729
G1 F1500 X103.808 Y139.446 E302.68289
G0 F9000 X104.428 Y139.446
G0 X104.891 Y140.55
G0 X104.331 Y140.818
G1 F1500 X97.242 Y133.729 E303.18305
G1 F1500 E296.68305
G0 F9000 X97.242 Y133.11
G0 X96.804 Y133.196
G0 X95.21 Y133.196
G0 X95.11 Y133.913
G1 F1500 E303.18305
G0 F9000 X95.729 Y133.913
G1 F1500 X104.085 Y142.269 E303.77262
G0 F9000 X103.236 Y142.269
G1 F1500 X95.729 Y134.761 E304.30231
G0 F9000 X95.729 Y135.61
G1 F1500 X102.388 Y142.269 E304.77214
G0 F9000 X101.539 Y142.269
G1 F1500 X95.729 Y136.458 E305.1821
G0 F9000 X95.729 Y137.307
G1 F1500 X100.691 Y142.269 E305.5322
G0 F9000 X99.842 Y142.269
G1 F1500 X95.729 Y138.155 E305.82243
G0 F9000 X95.729 Y139.004
G1 F1500 X98.994 Y142.269 E306.05279
G0 F9000 X98.145 Y142.269
G1 F1500 X95.729 Y139.852 E306.22329
G0 F9000 X95.729 Y140.701
G1 F1500 X97.297 Y142.269 E306.33392
G0 F9000 X96.394 Y142.215
G1 F1500 X95.782 Y141.603 E306.3771
G0 F9000 X95.263 Y141.706
G1 F1500 E299.8771
;MESH:NONMESH
G0 F300 X95.263 Y141.706 Z0.8
G0 F9000 X95.175 Y141.721
G0 X95.21 Y83.182
G0 X93.335 Y83.182
G0 X106.358 Y81.509
G0 X104.871 Y82.697
G0 X106.928 Y83.139
G0 X114.052 Y83.182
;TIME_ELAPSED:399.095714
;LAYER:3
;TYPE:WALL-INNER
;MESH:supporto pulsante doppio kalos UNICO.stl
G1 F1500 E306.3771
G1 X114.895 Y82.511 E306.43085
G1 X115.362 Y81.539 E306.48465
G1 X115.362 Y80.461 E306.53843
G1 X114.895 Y79.489 E306.59223
G1 X114.052 Y78.818 E306.64599
G1 X113.102 Y78.6 E306.69461
G1 X106.898 Y78.6 E307.00413
G1 X105.948 Y78.818 E307.05276
G1 X105.105 Y79.489 E307.10651
G1 X104.638 Y80.461 E307.16031
G1 X104.638 Y81.539 E307.2141
G1 X105.105 Y82.511 E307.2679
G1 X105.948 Y83.182 E307.32165
G1 X106.898 Y83.4 E307.37028
G1 X113.102 Y83.4 E307.6798
G1 X114.052 Y83.182 E307.72842
G0 F9000 X113.785 Y82.628
;TYPE:WALL-OUTER
G1 F1500 X114.414 Y82.127 E307.76854
G1 X114.762 Y81.402 E307.80866
G1 X114.762 Y80.598 E307.84878
G1 X114.414 Y79.873 E307.8889
G1 X113.785 Y79.372 E307.92902
G1 X113.034 Y79.2 E307.96745
G1 X106.966 Y79.2 E308.27019
G1 X106.215 Y79.372 E308.30863
G1 X105.586 Y79.873 E308.34874
G1 X105.238 Y80.598 E308.38887
G1 X105.238 Y81.402 E308.42898
G1 X105.586 Y82.127 E308.4691
G1 X106.215 Y82.628 E308.50922
G1 X106.966 Y82.8 E308.54766
G1 X113.034 Y82.8 E308.85039
G1 X113.785 Y82.628 E308.88883
G0 F9000 X114.071 Y83.222
G1 F1500 E302.38883
G0 F9000 X113.135 Y83.691
G0 X113.135 Y85.4
G0 X109.4 Y134.9
;TYPE:WALL-INNER
G1 F1500 E308.88883
G1 X109.4 Y133.04 E308.98162
G1 X110.6 Y133.04 E309.04149
G1 X110.6 Y134.9 E309.13429
G1 X115.4 Y134.9 E309.37376
G1 X115.4 Y132.9 E309.47354
G1 X122.9 Y132.9 E309.84772
G1 X122.9 Y87.1 E312.13269
G1 X115.4 Y87.1 E312.50686
G1 X115.4 Y85.1 E312.60664
G1 X110.6 Y85.1 E312.84612
G1 X110.6 Y86.96 E312.93891
G1 X109.4 Y86.96 E312.99878
G1 X109.4 Y85.1 E313.09158
G1 X104.6 Y85.1 E313.33105
G1 X104.6 Y87.1 E313.43083
G1 X97.1 Y87.1 E313.80501
G1 X97.1 Y132.9 E316.08998
G1 X104.6 Y132.9 E316.46415
G1 X104.6 Y134.9 E316.56394
G1 X109.4 Y134.9 E316.80341
G0 F9000 X108.8 Y134.3
;TYPE:WALL-OUTER
G1 F1500 X108.8 Y132.44 E316.8962
G1 X111.2 Y132.44 E317.01594
G1 X111.2 Y134.3 E317.10874
G1 X114.8 Y134.3 E317.28834
G1 X114.8 Y132.3 E317.38812
G1 X122.3 Y132.3 E317.7623
G1 X122.3 Y87.7 E319.9874
G1 X114.8 Y87.7 E320.36158
G1 X114.8 Y85.7 E320.46136
G1 X111.2 Y85.7 E320.64096
G1 X111.2 Y87.56 E320.73376
G1 X108.8 Y87.56 E320.85349
G1 X108.8 Y85.7 E320.94629
G1 X105.2 Y85.7 E321.1259
G1 X105.2 Y87.7 E321.22568
G1 X97.7 Y87.7 E321.59985
G1 X97.7 Y132.3 E323.82496
G1 X105.2 Y132.3 E324.19913
G1 X105.2 Y134.3 E324.29891
G1 X108.8 Y134.3 E324.47852
G1 F1500 E317.97852
G0 F9000 X109.2 Y134.3
G0 X109.682 Y133.322
G0 X110.318 Y133.322
G0 X110.329 Y134.506
G0 X114.052 Y135.19
G0 X113.76 Y136.453
G0 X114.686 Y137.657
G0 X115.101 Y138.522
G0 X115.101 Y139.478
G0 X114.766 Y140.178
G0 X114.052 Y141.182
;TYPE:WALL-INNER
G1 F1500 E324.47852
G1 X114.895 Y140.511 E324.53227
G1 X115.362 Y139.539 E324.58607
G1 X115.362 Y138.461 E324.63985
G1 X114.895 Y137.489 E324.69365
G1 X114.052 Y136.818 E324.74741
G1 X113.102 Y136.6 E324.79603
G1 X106.898 Y136.6 E325.10555
G1 X105.948 Y136.818 E325.15418
G1 X105.105 Y137.489 E325.20793
G1 X104.638 Y138.461 E325.26173
G1 X104.638 Y139.539 E325.31552
G1 X105.105 Y140.511 E325.36932
G1 X105.948 Y141.182 E325.42307
G1 X106.898 Y141.4 E325.4717
G1 X113.102 Y141.4 E325.78122
G1 X114.052 Y141.182 E325.82984
G0 F9000 X113.785 Y140.628
;TYPE:WALL-OUTER
G1 F1500 X114.414 Y140.127 E325.86996
G1 X114.762 Y139.402 E325.91008
G1 X114.762 Y138.598 E325.9502
G1 X114.414 Y137.873 E325.99032
G1 X113.785 Y137.372 E326.03044
G1 X113.034 Y137.2 E326.06887
G1 X106.966 Y137.2 E326.37161
G1 X106.215 Y137.372 E326.41004
G1 X105.586 Y137.873 E326.45016
G1 X105.238 Y138.598 E326.49029
G1 X105.238 Y139.402 E326.5304
G1 X105.586 Y140.127 E326.57052
G1 X106.215 Y140.628 E326.61064
G1 X106.966 Y140.8 E326.64907
G1 X113.034 Y140.8 E326.95181
G1 X113.785 Y140.628 E326.99025
G0 F9000 X114.071 Y141.222
G1 F1500 E320.49025
G0 F9000 X115.653 Y139.606
G0 X115.653 Y142.79
G0 X123.411 Y143.1
;TYPE:WALL-INNER
G1 F1500 E326.99025
G1 X96.589 Y143.1 E328.3284
G1 X95.893 Y142.962 E328.3638
G1 X95.38 Y142.62 E328.39456
G1 X95.038 Y142.107 E328.42532
G1 X94.9 Y141.411 E328.46072
G1 X94.9 Y78.589 E331.59492
G1 X95.038 Y77.893 E331.63032
G1 X95.38 Y77.38 E331.66108
G1 X95.893 Y77.038 E331.69184
G1 X96.589 Y76.9 E331.72724
G1 X123.411 Y76.9 E333.0654
G1 X124.107 Y77.038 E333.1008
G1 X124.62 Y77.38 E333.13155
G1 X124.962 Y77.893 E333.16231
G1 X125.1 Y78.589 E333.19771
G1 X125.1 Y141.411 E336.33192
G1 X124.962 Y142.107 E336.36732
G1 X124.62 Y142.62 E336.39808
G1 X124.107 Y142.962 E336.42884
G1 X123.411 Y143.1 E336.46424
G0 F9000 X123.472 Y143.7
;TYPE:WALL-OUTER
G1 F1500 X96.528 Y143.7 E337.80848
G1 X95.66 Y143.528 E337.85262
G1 X94.948 Y143.052 E337.89535
G1 X94.472 Y142.34 E337.93808
G1 X94.3 Y141.472 E337.98223
G1 X94.3 Y78.528 E341.12252
G1 X94.472 Y77.66 E341.16666
G1 X94.948 Y76.948 E341.20939
G1 X95.66 Y76.472 E341.25212
G1 X96.528 Y76.3 E341.29627
G1 X123.472 Y76.3 E342.64051
G1 X124.34 Y76.472 E342.68466
G1 X125.052 Y76.948 E342.72739
G1 X125.528 Y77.66 E342.77011
G1 X125.7 Y78.528 E342.81426
G1 X125.7 Y141.472 E345.95455
G1 X125.528 Y142.34 E345.9987
G1 X125.052 Y143.052 E346.04143
G1 X124.34 Y143.528 E346.08415
G1 X123.472 Y143.7 E346.1283
G0 F9000 X123.408 Y143.044
G0 X123.357 Y142.51
;TYPE:SKIN
G1 F1500 X96.643 Y142.51 E347.46107
G1 X96.124 Y142.407 E347.48747
G1 X95.805 Y142.195 E347.50657
G1 X95.593 Y141.876 E347.52568
G1 X95.49 Y141.357 E347.55208
G1 X95.49 Y78.643 E350.6809
G1 X95.593 Y78.124 E350.70729
G1 X95.805 Y77.805 E350.7264
G1 X96.124 Y77.593 E350.74551
G1 X96.643 Y77.49 E350.77191
G1 X123.357 Y77.49 E352.10468
G1 X123.876 Y77.593 E352.13107
G1 X124.195 Y77.805 E352.15018
G1 X124.407 Y78.124 E352.16929
G1 X124.51 Y78.643 E352.19569
G1 X124.51 Y141.357 E355.3245
G1 X124.407 Y141.876 E355.3509
G1 X124.195 Y142.195 E355.37001
G1 X123.876 Y142.407 E355.38912
G1 X123.357 Y142.51 E355.41552
G1 F1500 E348.91552
G0 F9000 X123.429 Y142.883
G0 X115.572 Y142.79
G0 X115.129 Y140.697
G0 X115.572 Y139.588
G1 F1500 E355.41552
G0 F9000 X115.952 Y139.673
G1 F1500 X115.952 Y138.327 E355.48267
G1 X115.369 Y137.112 E355.5499
G1 X114.315 Y136.273 E355.61711
G1 X113.169 Y136.01 E355.67578
G1 X106.831 Y136.01 E355.99198
G1 X105.685 Y136.273 E356.05064
G1 X104.631 Y137.112 E356.11785
G1 X104.048 Y138.327 E356.18508
G1 X104.048 Y139.673 E356.25224
G1 X104.631 Y140.888 E356.31947
G1 X105.685 Y141.727 E356.38668
G1 X106.831 Y141.99 E356.44534
G1 X113.169 Y141.99 E356.76154
G1 X114.315 Y141.727 E356.8202
G1 X115.369 Y140.888 E356.88741
G1 X115.952 Y139.673 E356.95465
G1 F1500 E350.45465
G0 F9000 X115.572 Y139.588
G0 X115.129 Y137.303
G0 X113.643 Y138.491
G0 X113.847 Y133.347
G0 X115.696 Y133.196
G0 X123.11 Y133.14
G1 F1500 E356.95465
G0 F9000 X123.49 Y133.49
G1 F1500 X123.49 Y86.51 E359.29849
G1 X115.99 Y86.51 E359.67267
G1 X115.99 Y84.51 E359.77245
G1 X110.01 Y84.51 E360.07079
G1 X110.01 Y86.37 E360.16359
G1 X109.99 Y86.37 E360.16458
G1 X109.99 Y84.51 E360.25738
G1 X104.01 Y84.51 E360.55572
G1 X104.01 Y86.51 E360.6555
G1 X96.51 Y86.51 E361.02968
G1 X96.51 Y133.49 E363.37352
G1 X104.01 Y133.49 E363.7477
G1 X104.01 Y135.49 E363.84748
G1 X109.99 Y135.49 E364.14582
G1 X109.99 Y133.63 E364.23862
G1 X110.01 Y133.63 E364.23962
G1 X110.01 Y135.49 E364.33241
G1 X115.99 Y135.49 E364.63075
G1 X115.99 Y133.49 E364.73053
G1 X123.49 Y133.49 E365.10471
G1 F1500 E358.60471
G0 F9000 X123.11 Y133.14
G0 X122.628 Y87.372
G0 X115.128 Y87.372
G0 X115.128 Y85.372
G0 X113.127 Y85.4
G0 X113.127 Y83.69
G1 F1500 E365.10471
G0 F9000 X113.169 Y83.99
G1 F1500 X114.315 Y83.727 E365.16337
G1 X115.369 Y82.888 E365.23058
G1 X115.952 Y81.673 E365.29782
G1 X115.952 Y80.327 E365.36497
G1 X115.369 Y79.112 E365.4322
G1 X114.315 Y78.273 E365.49941
G1 X113.169 Y78.01 E365.55807
G1 X106.831 Y78.01 E365.87428
G1 X105.685 Y78.273 E365.93294
G1 X104.631 Y79.112 E366.00015
G1 X104.048 Y80.327 E366.06738
G1 X104.048 Y81.673 E366.13453
G1 X104.631 Y82.888 E366.20177
G1 X105.685 Y83.727 E366.26898
G1 X106.831 Y83.99 E366.32764
G1 X113.169 Y83.99 E366.64384
G1 F1500 E360.14384
G0 F9000 X113.127 Y83.61
G0 X106.928 Y83.139
G0 X106.064 Y82.941
G0 X105.314 Y82.343
G0 X104.347 Y80.394
G0 X106.202 Y80.815
G0 X93.335 Y80.394
G0 X95.21 Y80.394
G0 X95.11 Y79.067
G1 F1500 E366.64384
G0 F9000 X95.729 Y79.067
G1 F1500 X97.067 Y77.729 E366.73824
G0 F9000 X97.915 Y77.729
G1 F1500 X95.729 Y79.915 E366.89248
G0 F9000 X95.729 Y80.764
G1 F1500 X98.764 Y77.729 E367.10661
G0 F9000 X99.612 Y77.729
G1 F1500 X95.729 Y81.612 E367.38058
G0 F9000 X95.729 Y82.461
G1 F1500 X100.461 Y77.729 E367.71445
G0 F9000 X101.31 Y77.729
G1 F1500 X95.729 Y83.309 E368.10818
G0 F9000 X95.729 Y84.158
G1 F1500 X102.158 Y77.729 E368.56178
G0 F9000 X103.007 Y77.729
G1 F1500 X95.729 Y85.006 E369.07525
G0 F9000 X95.729 Y85.855
G1 F1500 X103.855 Y77.729 E369.64858
G0 F9000 X104.704 Y77.729
G1 F1500 X95.729 Y86.704 E370.28182
G0 F9000 X96.269 Y87.012
G1 F1500 X95.729 Y87.552 E370.31992
G0 F9000 X96.269 Y87.86
G1 F1500 X95.729 Y88.401 E370.35805
G0 F9000 X96.269 Y88.709
G1 F1500 X95.729 Y89.249 E370.39615
G0 F9000 X96.269 Y89.557
G1 F1500 X95.729 Y90.098 E370.43429
G0 F9000 X96.269 Y90.406
G1 F1500 X95.729 Y90.946 E370.47239
G0 F9000 X96.269 Y91.254
G1 F1500 X95.729 Y91.795 E370.51052
G0 F9000 X96.269 Y92.103
G1 F1500 X95.729 Y92.643 E370.54862
G0 F9000 X96.269 Y92.952
G1 F1500 X95.729 Y93.492 E370.58672
G0 F9000 X96.269 Y93.8
G1 F1500 X95.729 Y94.34 E370.62482
G0 F9000 X96.269 Y94.649
G1 F1500 X95.729 Y95.189 E370.66292
G0 F9000 X96.269 Y95.497
G1 F1500 X95.729 Y96.037 E370.70102
G0 F9000 X96.269 Y96.346
G1 F1500 X95.729 Y96.886 E370.73912
G0 F9000 X96.269 Y97.194
G1 F1500 X95.729 Y97.734 E370.77722
G0 F9000 X96.269 Y98.043
G1 F1500 X95.729 Y98.583 E370.81532
G0 F9000 X96.269 Y98.891
G1 F1500 X95.729 Y99.431 E370.85342
G0 F9000 X96.269 Y99.74
G1 F1500 X95.729 Y100.28 E370.89152
G0 F9000 X96.269 Y100.588
G1 F1500 X95.729 Y101.128 E370.92962
G0 F9000 X96.269 Y101.437
G1 F1500 X95.729 Y101.977 E370.96772
G0 F9000 X96.269 Y102.285
G1 F1500 X95.729 Y102.826 E371.00586
G0 F9000 X96.269 Y103.134
G1 F1500 X95.729 Y103.674 E371.04396
G0 F9000 X96.269 Y103.982
G1 F1500 X95.729 Y104.523 E371.08209
G0 F9000 X96.269 Y104.831
G1 F1500 X95.729 Y105.371 E371.12019
G0 F9000 X96.269 Y105.679
G1 F1500 X95.729 Y106.22 E371.15833
G0 F9000 X96.269 Y106.528
G1 F1500 X95.729 Y107.068 E371.19643
G0 F9000 X96.269 Y107.376
G1 F1500 X95.729 Y107.917 E371.23456
G0 F9000 X96.269 Y108.225
G1 F1500 X95.729 Y108.765 E371.27266
G0 F9000 X96.269 Y109.074
G1 F1500 X95.729 Y109.614 E371.31076
G0 F9000 X96.269 Y109.922
G1 F1500 X95.73 Y110.462 E371.34883
G0 F9000 X96.269 Y110.771
G1 F1500 X95.73 Y111.31 E371.38686
G0 F9000 X96.269 Y111.619
G1 F1500 X95.73 Y112.159 E371.42492
G0 F9000 X96.269 Y112.468
G1 F1500 X95.73 Y113.007 E371.46295
G0 F9000 X96.269 Y113.316
G1 F1500 X95.73 Y113.856 E371.50102
G0 F9000 X96.269 Y114.165
G1 F1500 X95.73 Y114.704 E371.53905
G0 F9000 X96.269 Y115.013
G1 F1500 X95.73 Y115.553 E371.57711
G0 F9000 X96.269 Y115.862
G1 F1500 X95.73 Y116.401 E371.61514
G0 F9000 X96.269 Y116.71
G1 F1500 X95.73 Y117.25 E371.6532
G0 F9000 X96.269 Y117.559
G1 F1500 X95.73 Y118.098 E371.69123
G0 F9000 X96.269 Y118.407
G1 F1500 X95.73 Y118.947 E371.7293
G0 F9000 X96.269 Y119.256
G1 F1500 X95.73 Y119.795 E371.76733
G0 F9000 X96.269 Y120.104
G1 F1500 X95.73 Y120.644 E371.80539
G0 F9000 X96.269 Y120.953
G1 F1500 X95.73 Y121.492 E371.84342
G0 F9000 X96.269 Y121.801
G1 F1500 X95.73 Y122.341 E371.88149
G0 F9000 X96.269 Y122.65
G1 F1500 X95.73 Y123.19 E371.91955
G0 F9000 X96.269 Y123.499
G1 F1500 X95.73 Y124.038 E371.95758
G0 F9000 X96.269 Y124.347
G1 F1500 X95.73 Y124.887 E371.99564
G0 F9000 X96.269 Y125.196
G1 F1500 X95.73 Y125.735 E372.03367
G0 F9000 X96.269 Y126.044
G1 F1500 X95.73 Y126.584 E372.07174
G0 F9000 X96.269 Y126.893
G1 F1500 X95.73 Y127.432 E372.10977
G0 F9000 X96.269 Y127.741
G1 F1500 X95.73 Y128.281 E372.14783
G0 F9000 X96.269 Y128.59
G1 F1500 X95.73 Y129.129 E372.18586
G0 F9000 X96.269 Y129.438
G1 F1500 X95.73 Y129.978 E372.22393
G0 F9000 X96.269 Y130.287
G1 F1500 X95.73 Y130.826 E372.26196
G0 F9000 X96.269 Y131.135
G1 F1500 X95.73 Y131.675 E372.30002
G0 F9000 X96.269 Y131.984
G1 F1500 X95.73 Y132.523 E372.33805
G0 F9000 X96.269 Y132.832
G1 F1500 X95.73 Y133.372 E372.37611
G0 F9000 X96.269 Y133.681
G1 F1500 X95.73 Y134.22 E372.41414
G0 F9000 X95.73 Y135.069
G1 F1500 X97.07 Y133.728 E372.50872
G0 F9000 X97.919 Y133.728
G1 F1500 X95.73 Y135.917 E372.66317
G0 F9000 X95.73 Y136.766
G1 F1500 X98.767 Y133.728 E372.87748
G0 F9000 X99.616 Y133.728
G1 F1500 X95.73 Y137.615 E373.15169
G0 F9000 X95.73 Y138.463
G1 F1500 X100.465 Y133.728 E373.48577
G0 F9000 X101.313 Y133.728
G1 F1500 X95.73 Y139.312 E373.87972
G0 F9000 X95.73 Y140.16
G1 F1500 X102.162 Y133.728 E374.33353
G0 F9000 X103.01 Y133.728
G1 F1500 X95.73 Y141.009 E374.84721
G0 F9000 X95.816 Y141.771
G1 F1500 X103.77 Y133.817 E375.40841
G0 F9000 X103.77 Y134.666
G1 F1500 X96.249 Y142.187 E375.93906
G0 F9000 X97.015 Y142.269
G1 F1500 X103.77 Y135.514 E376.41566
G0 F9000 X104.404 Y135.729
G1 F1500 X97.864 Y142.269 E376.87709
G0 F9000 X98.712 Y142.269
G1 F1500 X105.252 Y135.729 E377.33852
G0 F9000 X105.84 Y135.99
G1 F1500 X106.101 Y135.729 E377.35694
G1 F1500 E370.85694
G0 F9000 X106.101 Y135.11
G0 X104.596 Y135.19
G0 X105.72 Y136.604
G0 X104.596 Y138.062
G1 F1500 E377.35694
G0 F9000 X104.036 Y137.793
G1 F1500 X99.561 Y142.269 E377.67271
G0 F9000 X100.409 Y142.269
G1 F1500 X103.807 Y138.871 E377.91246
G0 F9000 X103.807 Y139.72
G1 F1500 X101.258 Y142.269 E378.0923
G0 F9000 X102.106 Y142.269
G1 F1500 X104.079 Y140.296 E378.23151
G0 F9000 X104.355 Y140.869
G1 F1500 X102.955 Y142.269 E378.33028
G0 F9000 X103.803 Y142.269
G1 F1500 X104.769 Y141.303 E378.39844
G0 F9000 X105.241 Y141.68
G1 F1500 X104.652 Y142.269 E378.44
G0 F9000 X105.501 Y142.269
G1 F1500 X105.776 Y141.994 E378.4594
G0 F9000 X106.349 Y142.269
G1 F1500 X106.466 Y142.151 E378.46769
G1 F1500 E371.96769
G0 F9000 X106.605 Y141.549
G0 X113.135 Y141.691
G0 X113.135 Y142.79
G0 X113.985 Y142.89
G1 F1500 E378.46769
G0 F9000 X113.985 Y142.269
G1 F1500 X114.273 Y141.982 E378.48798
G0 F9000 X114.834 Y142.269
G1 F1500 X123.374 Y133.729 E379.09052
G0 F9000 X123.729 Y133.374
G1 F1500 X124.269 Y132.834 E379.12862
G0 F9000 X123.729 Y132.525
G1 F1500 X124.269 Y131.985 E379.16672
G0 F9000 X123.729 Y131.677
G1 F1500 X124.269 Y131.137 E379.20482
G0 F9000 X123.729 Y130.828
G1 F1500 X124.269 Y130.288 E379.24292
G0 F9000 X123.729 Y129.98
G1 F1500 X124.269 Y129.44 E379.28102
G0 F9000 X123.729 Y129.131
G1 F1500 X124.269 Y128.591 E379.31912
G0 F9000 X123.729 Y128.283
G1 F1500 X124.269 Y127.743 E379.35722
G0 F9000 X123.729 Y127.434
G1 F1500 X124.269 Y126.894 E379.39532
G0 F9000 X123.729 Y126.586
G1 F1500 X124.269 Y126.046 E379.43342
G0 F9000 X123.729 Y125.737
G1 F1500 X124.269 Y125.197 E379.47152
G0 F9000 X123.729 Y124.889
G1 F1500 X124.269 Y124.348 E379.50965
G0 F9000 X123.729 Y124.04
G1 F1500 X124.269 Y123.5 E379.54775
G0 F9000 X123.729 Y123.192
G1 F1500 X124.269 Y122.651 E379.58589
G0 F9000 X123.729 Y122.343
G1 F1500 X124.269 Y121.803 E379.62399
G0 F9000 X123.729 Y121.495
G1 F1500 X124.269 Y120.954 E379.66212
G0 F9000 X123.729 Y120.646
G1 F1500 X124.269 Y120.106 E379.70022
G0 F9000 X123.729 Y119.798
G1 F1500 X124.269 Y119.257 E379.73836
G0 F9000 X123.729 Y118.949
G1 F1500 X124.269 Y118.409 E379.77646
G0 F9000 X123.729 Y118.1
G1 F1500 X124.269 Y117.56 E379.81456
G0 F9000 X123.729 Y117.252
G1 F1500 X124.269 Y116.712 E379.85266
G0 F9000 X123.729 Y116.403
G1 F1500 X124.269 Y115.863 E379.89076
G0 F9000 X123.729 Y115.555
G1 F1500 X124.269 Y115.015 E379.92886
G0 F9000 X123.729 Y114.706
G1 F1500 X124.269 Y114.166 E379.96696
G0 F9000 X123.729 Y113.858
G1 F1500 X124.269 Y113.318 E380.00506
G0 F9000 X123.729 Y113.009
G1 F1500 X124.269 Y112.469 E380.04316
G0 F9000 X123.729 Y112.161
G1 F1500 X124.269 Y111.621 E380.08126
G0 F9000 X123.729 Y111.312
G1 F1500 X124.269 Y110.772 E380.11936
G0 F9000 X123.729 Y110.464
G1 F1500 X124.269 Y109.924 E380.15746
G0 F9000 X123.729 Y109.615
G1 F1500 X124.269 Y109.076 E380.19552
G0 F9000 X123.729 Y108.767
G1 F1500 X124.269 Y108.227 E380.23362
G0 F9000 X123.729 Y107.918
G1 F1500 X124.269 Y107.379 E380.27169
G0 F9000 X123.729 Y107.07
G1 F1500 X124.269 Y106.53 E380.30979
G0 F9000 X123.729 Y106.221
G1 F1500 X124.269 Y105.682 E380.34785
G0 F9000 X123.729 Y105.373
G1 F1500 X124.269 Y104.833 E380.38595
G0 F9000 X123.729 Y104.524
G1 F1500 X124.269 Y103.985 E380.42402
G0 F9000 X123.729 Y103.675
G1 F1500 X124.269 Y103.136 E380.46208
G0 F9000 X123.729 Y102.827
G1 F1500 X124.269 Y102.287 E380.50018
G0 F9000 X123.729 Y101.978
G1 F1500 X124.269 Y101.439 E380.53825
G0 F9000 X123.729 Y101.13
G1 F1500 X124.269 Y100.59 E380.57635
G0 F9000 X123.729 Y100.281
G1 F1500 X124.269 Y99.742 E380.61441
G0 F9000 X123.729 Y99.433
G1 F1500 X124.269 Y98.893 E380.65251
G0 F9000 X123.729 Y98.584
G1 F1500 X124.269 Y98.045 E380.69058
G0 F9000 X123.729 Y97.736
G1 F1500 X124.269 Y97.196 E380.72868
G0 F9000 X123.729 Y96.887
G1 F1500 X124.269 Y96.348 E380.76674
G0 F9000 X123.729 Y96.039
G1 F1500 X124.269 Y95.499 E380.80484
G0 F9000 X123.729 Y95.19
G1 F1500 X124.269 Y94.651 E380.8429
G0 F9000 X123.729 Y94.342
G1 F1500 X124.269 Y93.802 E380.881
G0 F9000 X123.729 Y93.493
G1 F1500 X124.269 Y92.954 E380.91907
G0 F9000 X123.729 Y92.645
G1 F1500 X124.269 Y92.105 E380.95717
G0 F9000 X123.729 Y91.796
G1 F1500 X124.269 Y91.257 E380.99523
G0 F9000 X123.729 Y90.948
G1 F1500 X124.269 Y90.408 E381.03333
G0 F9000 X123.729 Y90.099
G1 F1500 X124.269 Y89.56 E381.0714
G0 F9000 X123.729 Y89.251
G1 F1500 X124.269 Y88.711 E381.1095
G0 F9000 X123.729 Y88.402
G1 F1500 X124.269 Y87.862 E381.1476
G0 F9000 X123.729 Y87.553
G1 F1500 X124.269 Y87.014 E381.18566
G0 F9000 X123.729 Y86.705
G1 F1500 X124.269 Y86.165 E381.22376
G0 F9000 X124.269 Y85.317
G1 F1500 X123.315 Y86.27 E381.29104
G0 F9000 X122.467 Y86.27
G1 F1500 X124.269 Y84.468 E381.41818
G0 F9000 X124.269 Y83.62
G1 F1500 X121.618 Y86.27 E381.60518
G0 F9000 X120.77 Y86.27
G1 F1500 X124.269 Y82.771 E381.85206
G0 F9000 X124.269 Y81.923
G1 F1500 X119.921 Y86.27 E382.1588
G0 F9000 X119.073 Y86.27
G1 F1500 X124.269 Y81.074 E382.5254
G0 F9000 X124.269 Y80.226
G1 F1500 X118.224 Y86.27 E382.95188
G0 F9000 X117.376 Y86.27
G1 F1500 X124.269 Y79.377 E383.43821
G0 F9000 X124.246 Y78.551
G1 F1500 X116.527 Y86.27 E383.98283
G0 F9000 X116.229 Y85.72
G1 F1500 X123.991 Y77.957 E384.53052
G0 F9000 X123.365 Y77.735
G1 F1500 X116.229 Y84.871 E385.034
G0 F9000 X115.982 Y84.27
G1 F1500 X122.522 Y77.73 E385.49543
G0 F9000 X121.673 Y77.73
G1 F1500 X115.133 Y84.27 E385.95687
G0 F9000 X114.285 Y84.27
G1 F1500 X115.326 Y83.228 E386.03035
G0 F9000 X115.606 Y82.949
G1 F1500 X120.825 Y77.73 E386.39858
G0 F9000 X119.976 Y77.73
G1 F1500 X116.191 Y81.515 E386.66563
G0 F9000 X116.191 Y80.666
G1 F1500 X119.128 Y77.73 E386.87282
G0 F9000 X118.279 Y77.73
G1 F1500 X116.044 Y79.965 E387.03051
G0 F9000 X115.769 Y79.391
G1 F1500 X117.431 Y77.73 E387.14774
G0 F9000 X116.582 Y77.73
G1 F1500 X115.445 Y78.867 E387.22796
G0 F9000 X114.973 Y78.49
G1 F1500 X115.734 Y77.73 E387.28161
G0 F9000 X114.885 Y77.73
G1 F1500 X114.501 Y78.114 E387.30871
G0 F9000 X114.037 Y77.73
G1 F1500 X113.847 Y77.919 E387.32208
G1 F1500 E380.82208
G0 F9000 X113.708 Y78.523
G0 X106.865 Y78.309
G0 X106.865 Y77.21
G0 X106.401 Y77.11
G1 F1500 E387.32208
G0 F9000 X106.401 Y77.729
G1 F1500 X106.228 Y77.901 E387.33425
G0 F9000 X105.552 Y77.729
G1 F1500 X97.012 Y86.269 E387.93679
G0 F9000 X97.86 Y86.269
G1 F1500 X103.806 Y80.323 E388.35631
G0 F9000 X103.806 Y81.172
G1 F1500 X98.709 Y86.269 E388.71593
G0 F9000 X99.557 Y86.269
G1 F1500 X103.901 Y81.926 E389.02239
G0 F9000 X104.176 Y82.499
G1 F1500 X100.406 Y86.269 E389.28839
G0 F9000 X101.254 Y86.269
G1 F1500 X104.463 Y83.061 E389.51476
G0 F9000 X104.936 Y83.437
G1 F1500 X104.103 Y84.27 E389.57354
G0 F9000 X103.769 Y84.603
G1 F1500 X102.103 Y86.269 E389.69108
G0 F9000 X102.951 Y86.269
G1 F1500 X103.769 Y85.452 E389.74876
G0 F9000 X104.39 Y85.452
G0 X104.951 Y84.89
G0 X104.951 Y84.27
G1 F1500 X105.408 Y83.813 E389.781
G0 F9000 X105.8 Y84.27
G1 F1500 X106.02 Y84.05 E389.79653
G1 F1500 E383.29653
G0 F9000 X106.159 Y83.447
G0 X106.865 Y83.691
G0 X106.865 Y85.4
G0 X109.128 Y85.372
G0 X109.128 Y87.232
G0 X110.872 Y87.232
G0 X110.872 Y85.372
G0 X115.128 Y85.372
G0 X115.128 Y87.372
G0 X122.628 Y87.372
G0 X122.628 Y132.628
G0 X116.586 Y133.11
G1 F1500 E389.79653
G0 F9000 X116.586 Y133.729
G1 F1500 X116.229 Y134.085 E389.82168
G0 F9000 X116.229 Y134.934
G1 F1500 X117.434 Y133.729 E389.9067
G0 F9000 X118.283 Y133.729
G1 F1500 X115.279 Y136.733 E390.11865
G0 F9000 X115.672 Y137.188
G1 F1500 X119.131 Y133.729 E390.3627
G0 F9000 X119.98 Y133.729
G1 F1500 X115.948 Y137.761 E390.64718
G0 F9000 X116.192 Y138.365
G1 F1500 X120.828 Y133.729 E390.97427
G0 F9000 X121.677 Y133.729
G1 F1500 X116.192 Y139.214 E391.36127
G0 F9000 X115.572 Y139.214
G0 X115.324 Y140.104
G0 X115.882 Y140.373
G1 F1500 X122.526 Y133.729 E391.83004
G1 F1500 E385.33004
G0 F9000 X122.526 Y133.11
G0 X123.196 Y133.196
G0 X124.79 Y133.196
G0 X124.89 Y133.682
G1 F1500 E391.83004
G0 F9000 X124.269 Y133.682
G1 F1500 X115.682 Y142.269 E392.4359
G0 F9000 X116.531 Y142.269
G1 F1500 X124.269 Y134.531 E392.98186
G0 F9000 X124.269 Y135.379
G1 F1500 X117.379 Y142.269 E393.46798
G0 F9000 X118.228 Y142.269
G1 F1500 X124.269 Y136.228 E393.89421
G0 F9000 X124.269 Y137.076
G1 F1500 X119.076 Y142.269 E394.2606
G0 F9000 X119.925 Y142.269
G1 F1500 X124.269 Y137.925 E394.56709
G0 F9000 X124.269 Y138.773
G1 F1500 X120.773 Y142.269 E394.81376
G0 F9000 X121.622 Y142.269
G1 F1500 X124.269 Y139.622 E395.00052
G0 F9000 X124.269 Y140.471
G1 F1500 X122.47 Y142.269 E395.12741
G0 F9000 X123.319 Y142.269
G1 F1500 X124.269 Y141.319 E395.19444
G1 F1500 E388.69444
G0 F9000 X124.89 Y141.319
G0 X124.79 Y135.11
G0 X126.665 Y135.11
G0 X113.847 Y133.347
G0 X115.69 Y135.11
G0 X115.435 Y135.11
G1 F1500 E395.19444
G0 F9000 X115.435 Y135.729
G1 F1500 X114.806 Y136.357 E395.23878
G0 F9000 X114.293 Y136.021
G1 F1500 X114.586 Y135.729 E395.25942
G0 F9000 X113.738 Y135.729
G1 F1500 X113.604 Y135.862 E395.26884
G0 F9000 X113.485 Y136.381
G1 F1500 E388.76884
;MESH:NONMESH
G0 F300 X113.485 Y136.381 Z1
G0 F9000 X113.465 Y136.467
G0 X113.135 Y136.309
G0 X112.929 Y138.164
G0 X112.929 Y133.415
G0 X113.847 Y133.347
G0 X113.847 Y86.653
G0 X112.929 Y86.585
G0 X112.929 Y81.836
G0 X113.135 Y83.691
G0 X114.052 Y83.182
;TIME_ELAPSED:508.917521
;LAYER:4
;TYPE:WALL-INNER
;MESH:supporto pulsante doppio kalos UNICO.stl
G1 F1500 E395.26884
G1 X114.895 Y82.511 E395.32259
G1 X115.362 Y81.539 E395.37639
G1 X115.362 Y80.461 E395.43017
G1 X114.895 Y79.489 E395.48397
G1 X114.052 Y78.818 E395.53773
G1 X113.102 Y78.6 E395.58636
G1 X106.898 Y78.6 E395.89587
G1 X105.948 Y78.818 E395.9445
G1 X105.105 Y79.489 E395.99826
G1 X104.638 Y80.461 E396.05206
G1 X104.638 Y81.539 E396.10584
G1 X105.105 Y82.511 E396.15964
G1 X105.948 Y83.182 E396.21339
G1 X106.898 Y83.4 E396.26202
G1 X113.102 Y83.4 E396.57154
G1 X114.052 Y83.182 E396.62017
G0 F9000 X113.785 Y82.628
;TYPE:WALL-OUTER
G1 F1500 X114.414 Y82.127 E396.66028
G1 X114.762 Y81.402 E396.70041
G1 X114.762 Y80.598 E396.74052
G1 X114.414 Y79.873 E396.78064
G1 X113.785 Y79.372 E396.82076
G1 X113.034 Y79.2 E396.85919
G1 X106.966 Y79.2 E397.16193
G1 X106.215 Y79.372 E397.20037
G1 X105.586 Y79.873 E397.24048
G1 X105.238 Y80.598 E397.28061
G1 X105.238 Y81.402 E397.32072
G1 X105.586 Y82.127 E397.36084
G1 X106.215 Y82.628 E397.40096
G1 X106.966 Y82.8 E397.4394
G1 X113.034 Y82.8 E397.74213
G1 X113.785 Y82.628 E397.78057
G0 F9000 X114.071 Y83.222
G1 F1500 E391.28057
G0 F9000 X122.628 Y87.372
G0 X122.628 Y132.628
G0 X115.128 Y134.628
G0 X109.4 Y134.9
;TYPE:WALL-INNER
G1 F1500 E397.78057
G1 X109.4 Y133.143 E397.86822
G1 X110.6 Y133.143 E397.92809
G1 X110.6 Y134.9 E398.01575
G1 X115.4 Y134.9 E398.25522
G1 X115.4 Y132.9 E398.355
G1 X122.9 Y132.9 E398.72918
G1 X122.9 Y87.1 E401.01415
G1 X115.4 Y87.1 E401.38833
G1 X115.4 Y85.1 E401.48811
G1 X110.6 Y85.1 E401.72758
G1 X110.6 Y86.857 E401.81524
G1 X109.4 Y86.857 E401.87511
G1 X109.4 Y85.1 E401.96276
G1 X104.6 Y85.1 E402.20224
G1 X104.6 Y87.1 E402.30202
G1 X97.1 Y87.1 E402.67619
G1 X97.1 Y132.9 E404.96116
G1 X104.6 Y132.9 E405.33534
G1 X104.6 Y134.9 E405.43512
G1 X109.4 Y134.9 E405.67459
G0 F9000 X108.8 Y134.3
;TYPE:WALL-OUTER
G1 F1500 X108.8 Y132.543 E405.76225
G1 X111.2 Y132.543 E405.88199
G1 X111.2 Y134.3 E405.96964
G1 X114.8 Y134.3 E406.14925
G1 X114.8 Y132.3 E406.24903
G1 X122.3 Y132.3 E406.62321
G1 X122.3 Y87.7 E408.84831
G1 X114.8 Y87.7 E409.22249
G1 X114.8 Y85.7 E409.32227
G1 X111.2 Y85.7 E409.50187
G1 X111.2 Y87.457 E409.58953
G1 X108.8 Y87.457 E409.70926
G1 X108.8 Y85.7 E409.79692
G1 X105.2 Y85.7 E409.97653
G1 X105.2 Y87.7 E410.07631
G1 X97.7 Y87.7 E410.45048
G1 X97.7 Y132.3 E412.67559
G1 X105.2 Y132.3 E413.04976
G1 X105.2 Y134.3 E413.14954
G1 X108.8 Y134.3 E413.32915
G0 F9000 X109.2 Y134.3
G0 X113.936 Y137.059
G0 X114.686 Y137.657
G0 X115.101 Y138.522
G0 X115.101 Y139.478
G0 X114.766 Y140.178
G0 X114.052 Y141.182
;TYPE:WALL-INNER
G1 F1500 X114.895 Y140.511 E413.3829
G1 X115.362 Y139.539 E413.4367
G1 X115.362 Y138.461 E413.49048
G1 X114.895 Y137.489 E413.54428
G1 X114.052 Y136.818 E413.59804
G1 X113.102 Y136.6 E413.64667
G1 X106.898 Y136.6 E413.95618
G1 X105.948 Y136.818 E414.00481
G1 X105.105 Y137.489 E414.05857
G1 X104.638 Y138.461 E414.11237
G1 X104.638 Y139.539 E414.16615
G1 X105.105 Y140.511 E414.21995
G1 X105.948 Y141.182 E414.2737
G1 X106.898 Y141.4 E414.32233
G1 X113.102 Y141.4 E414.63185
G1 X114.052 Y141.182 E414.68048
G0 F9000 X113.785 Y140.628
;TYPE:WALL-OUTER
G1 F1500 X114.414 Y140.127 E414.72059
G1 X114.762 Y139.402 E414.76072
G1 X114.762 Y138.598 E414.80083
G1 X114.414 Y137.873 E414.84095
G1 X113.785 Y137.372 E414.88107
G1 X113.034 Y137.2 E414.9195
G1 X106.966 Y137.2 E415.22224
G1 X106.215 Y137.372 E415.26068
G1 X105.586 Y137.873 E415.30079
G1 X105.238 Y138.598 E415.34092
G1 X105.238 Y139.402 E415.38103
G1 X105.586 Y140.127 E415.42115
G1 X106.215 Y140.628 E415.46127
G1 X106.966 Y140.8 E415.49971
G1 X113.034 Y140.8 E415.80244
G1 X113.785 Y140.628 E415.84088
G0 F9000 X114.071 Y141.222
G0 X123.411 Y143.1
;TYPE:WALL-INNER
G1 F1500 X96.589 Y143.1 E417.17903
G1 X95.893 Y142.962 E417.21443
G1 X95.38 Y142.62 E417.24519
G1 X95.038 Y142.107 E417.27595
G1 X94.9 Y141.411 E417.31135
G1 X94.9 Y78.589 E420.44555
G1 X95.038 Y77.893 E420.48095
G1 X95.38 Y77.38 E420.51171
G1 X95.893 Y77.038 E420.54247
G1 X96.589 Y76.9 E420.57787
G1 X123.411 Y76.9 E421.91603
G1 X124.107 Y77.038 E421.95143
G1 X124.62 Y77.38 E421.98219
G1 X124.962 Y77.893 E422.01295
G1 X125.1 Y78.589 E422.04835
G1 X125.1 Y141.411 E425.18255
G1 X124.962 Y142.107 E425.21795
G1 X124.62 Y142.62 E425.24871
G1 X124.107 Y142.962 E425.27947
G1 X123.411 Y143.1 E425.31487
G0 F9000 X123.472 Y143.7
;TYPE:WALL-OUTER
G1 F1500 X96.528 Y143.7 E426.65911
G1 X95.66 Y143.528 E426.70325
G1 X94.948 Y143.052 E426.74598
G1 X94.472 Y142.34 E426.78871
G1 X94.3 Y141.472 E426.83286
G1 X94.3 Y78.528 E429.97315
G1 X94.472 Y77.66 E430.01729
G1 X94.948 Y76.948 E430.06002
G1 X95.66 Y76.472 E430.10275
G1 X96.528 Y76.3 E430.1469
G1 X123.472 Y76.3 E431.49114
G1 X124.34 Y76.472 E431.53529
G1 X125.052 Y76.948 E431.57802
G1 X125.528 Y77.66 E431.62075
G1 X125.7 Y78.528 E431.66489
G1 X125.7 Y141.472 E434.80518
G1 X125.528 Y142.34 E434.84933
G1 X125.052 Y143.052 E434.89206
G1 X124.34 Y143.528 E434.93479
G1 X123.472 Y143.7 E434.97893
G0 F9000 X123.408 Y143.044
G0 X119.065 Y142.98
;TYPE:FILL
G1 F3000 X121.734 Y133.018 E435.49347
G0 F9000 X122.628 Y132.628
G0 X123.02 Y128.219
G1 F3000 X124.979 Y120.906 E435.87118
G0 F9000 X123.019 Y122.019
G1 F3000 X124.979 Y123.979 E436.00947
G0 F9000 X124.979 Y125.352
G1 F3000 X123.02 Y125.877 E436.11065
G0 F9000 X122.628 Y132.628
G0 X112.022 Y136.478
G1 F3000 X110.563 Y135.019 E436.21359
G0 F9000 X110.479 Y134.935
G1 F3000 X109.519 Y133.975 E436.28132
G0 F9000 X109.128 Y134.628
G0 X104.872 Y134.628
G0 X103.099 Y133.019
G1 F3000 X100.43 Y142.98 E436.79581
G0 F9000 X96.978 Y132.854
G1 F3000 X95.019 Y133.379 E436.89699
G0 F9000 X96.979 Y121.435
G1 F3000 X95.019 Y119.475 E437.03528
G0 F9000 X95.019 Y114.744
G1 F3000 X96.978 Y114.219 E437.13647
G0 F9000 X95.019 Y96.109
G1 F3000 X96.978 Y95.585 E437.23764
G0 F9000 X96.979 Y95.979
G1 F3000 X95.019 Y94.019 E437.37593
G0 F9000 X95.02 Y93.624
G1 F3000 X99.469 Y77.018 E438.23362
G0 F9000 X96.718 Y77.019
G1 F3000 X95.743 Y77.281 E438.28399
G0 F9000 X103.475 Y77.02
G1 F3000 X105.486 Y79.031 E438.42588
G0 F9000 X104.899 Y80.522
G0 X104.899 Y81.478
G0 X105.314 Y82.343
G0 X106.064 Y82.941
G0 X106.553 Y83.053
G0 X109.976 Y83.52
G1 F3000 X111.435 Y84.979 E438.52882
G0 F9000 X115.128 Y85.372
G0 X115.519 Y86.665
G1 F3000 X118.104 Y77.019 E439.02704
G0 F9000 X122.628 Y87.372
G0 X123.02 Y88.607
G1 F3000 X124.978 Y88.082 E439.12817
G0 F9000 X123.019 Y96.563
G1 F3000 X124.979 Y98.524 E439.2665
G0 F9000 X124.979 Y106.717
G1 F3000 X123.02 Y107.242 E439.36768
G1 F1500 E432.86768
G0 F9000 X122.628 Y132.628
G0 X115.36 Y139.816
G1 F1500 E439.36768
G1 F3000 X118.523 Y142.979 E439.59085
G0 F9000 X114.686 Y137.657
G0 X114.079 Y137.173
G0 X110.227 Y135.258
G0 X109.941 Y134.972
;TYPE:SKIN
G1 F1500 X110 Y134.607 E439.61936
G1 X110 Y133.759 E439.68474
G1 X110.203 Y133.538 E439.70788
G0 F9000 X110.062 Y133.397
G0 X109.655 Y135.111
G1 F1500 X109.803 Y135.258 E439.71308
G1 F1500 E433.21308
G0 F9000 X104.872 Y134.628
G0 X97.372 Y132.628
G0 X97.372 Y87.372
G0 X104.872 Y85.372
G0 X109.128 Y85.372
G0 X109.936 Y86.602
G1 F1500 E439.71308
G1 X109.653 Y86.319 E439.72306
G0 F9000 X109.998 Y86.24
G1 F1500 X109.998 Y85.815 E439.74957
G1 X110.057 Y85.026 E439.79892
G1 X110.27 Y84.814 E439.81766
G0 F9000 X110.344 Y84.888
;MESH:NONMESH
G0 F300 X110.344 Y84.888 Z1.2
G0 F9000 X114.052 Y83.182
;TIME_ELAPSED:556.437170
;LAYER:5
;TYPE:WALL-INNER
;MESH:supporto pulsante doppio kalos UNICO.stl
G1 F1500 X114.895 Y82.511 E439.87142
G1 X115.362 Y81.539 E439.92522
G1 X115.362 Y80.461 E439.979
G1 X114.895 Y79.489 E440.0328
G1 X114.052 Y78.818 E440.08655
G1 X113.102 Y78.6 E440.13518
G1 X106.898 Y78.6 E440.4447
G1 X105.948 Y78.818 E440.49333
G1 X105.105 Y79.489 E440.54708
G1 X104.638 Y80.461 E440.60088
G1 X104.638 Y81.539 E440.65466
G1 X105.105 Y82.511 E440.70846
G1 X105.948 Y83.182 E440.76222
G1 X106.898 Y83.4 E440.81084
G1 X113.102 Y83.4 E441.12036
G1 X114.052 Y83.182 E441.16899
G0 F9000 X113.785 Y82.628
;TYPE:WALL-OUTER
G1 F1500 X114.414 Y82.127 E441.20911
G1 X114.762 Y81.402 E441.24923
G1 X114.762 Y80.598 E441.28934
G1 X114.414 Y79.873 E441.32946
G1 X113.785 Y79.372 E441.36958
G1 X113.034 Y79.2 E441.40802
G1 X106.966 Y79.2 E441.71075
G1 X106.215 Y79.372 E441.74919
G1 X105.586 Y79.873 E441.78931
G1 X105.238 Y80.598 E441.82943
G1 X105.238 Y81.402 E441.86954
G1 X105.586 Y82.127 E441.90966
G1 X106.215 Y82.628 E441.94978
G1 X106.966 Y82.8 E441.98822
G1 X113.034 Y82.8 E442.29096
G1 X113.785 Y82.628 E442.32939
G0 F9000 X114.071 Y83.222
G1 F1500 E435.82939
G0 F9000 X122.628 Y87.372
G0 X122.628 Y132.628
G0 X115.128 Y134.628
G0 X109.4 Y134.9
;TYPE:WALL-INNER
G1 F1500 E442.32939
G1 X109.4 Y133.277 E442.41036
G1 X110.6 Y133.277 E442.47023
G1 X110.6 Y134.9 E442.5512
G1 X115.4 Y134.9 E442.79068
G1 X115.4 Y132.9 E442.89046
G1 X122.9 Y132.9 E443.26463
G1 X122.9 Y87.1 E445.54961
G1 X115.4 Y87.1 E445.92378
G1 X115.4 Y85.1 E446.02356
G1 X110.6 Y85.1 E446.26304
G1 X110.6 Y86.723 E446.34401
G1 X109.4 Y86.723 E446.40388
G1 X109.4 Y85.1 E446.48485
G1 X104.6 Y85.1 E446.72432
G1 X104.6 Y87.1 E446.8241
G1 X97.1 Y87.1 E447.19828
G1 X97.1 Y132.9 E449.48325
G1 X104.6 Y132.9 E449.85743
G1 X104.6 Y134.9 E449.95721
G1 X109.4 Y134.9 E450.19668
G0 F9000 X108.8 Y134.3
;TYPE:WALL-OUTER
G1 F1500 X108.8 Y132.677 E450.27765
G1 X111.2 Y132.677 E450.39739
G1 X111.2 Y134.3 E450.47836
G1 X114.8 Y134.3 E450.65796
G1 X114.8 Y132.3 E450.75774
G1 X122.3 Y132.3 E451.13192
G1 X122.3 Y87.7 E453.35702
G1 X114.8 Y87.7 E453.7312
G1 X114.8 Y85.7 E453.83098
G1 X111.2 Y85.7 E454.01058
G1 X111.2 Y87.323 E454.09156
G1 X108.8 Y87.323 E454.21129
G1 X108.8 Y85.7 E454.29227
G1 X105.2 Y85.7 E454.47187
G1 X105.2 Y87.7 E454.57165
G1 X97.7 Y87.7 E454.94583
G1 X97.7 Y132.3 E457.17093
G1 X105.2 Y132.3 E457.54511
G1 X105.2 Y134.3 E457.64489
G1 X108.8 Y134.3 E457.82449
G0 F9000 X109.2 Y134.3
G0 X113.936 Y137.059
G0 X114.686 Y137.657
G0 X115.101 Y138.522
G0 X115.101 Y139.478
G0 X114.766 Y140.178
G0 X114.052 Y141.182
;TYPE:WALL-INNER
G1 F1500 X114.895 Y140.511 E457.87825
G1 X115.362 Y139.539 E457.93205
G1 X115.362 Y138.461 E457.98583
G1 X114.895 Y137.489 E458.03963
G1 X114.052 Y136.818 E458.09338
G1 X113.102 Y136.6 E458.14201
G1 X106.898 Y136.6 E458.45153
G1 X105.948 Y136.818 E458.50015
G1 X105.105 Y137.489 E458.55391
G1 X104.638 Y138.461 E458.60771
G1 X104.638 Y139.539 E458.66149
G1 X105.105 Y140.511 E458.71529
G1 X105.948 Y141.182 E458.76904
G1 X106.898 Y141.4 E458.81767
G1 X113.102 Y141.4 E459.12719
G1 X114.052 Y141.182 E459.17582
G0 F9000 X113.785 Y140.628
;TYPE:WALL-OUTER
G1 F1500 X114.414 Y140.127 E459.21594
G1 X114.762 Y139.402 E459.25606
G1 X114.762 Y138.598 E459.29617
G1 X114.414 Y137.873 E459.33629
G1 X113.785 Y137.372 E459.37641
G1 X113.034 Y137.2 E459.41485
G1 X106.966 Y137.2 E459.71758
G1 X106.215 Y137.372 E459.75602
G1 X105.586 Y137.873 E459.79614
G1 X105.238 Y138.598 E459.83626
G1 X105.238 Y139.402 E459.87637
G1 X105.586 Y140.127 E459.91649
G1 X106.215 Y140.628 E459.95661
G1 X106.966 Y140.8 E459.99505
G1 X113.034 Y140.8 E460.29778
G1 X113.785 Y140.628 E460.33622
G0 F9000 X114.071 Y141.222
G0 X123.411 Y143.1
;TYPE:WALL-INNER
G1 F1500 X96.589 Y143.1 E461.67438
G1 X95.893 Y142.962 E461.70977
G1 X95.38 Y142.62 E461.74053
G1 X95.038 Y142.107 E461.77129
G1 X94.9 Y141.411 E461.80669
G1 X94.9 Y78.589 E464.9409
G1 X95.038 Y77.893 E464.9763
G1 X95.38 Y77.38 E465.00706
G1 X95.893 Y77.038 E465.03782
G1 X96.589 Y76.9 E465.07321
G1 X123.411 Y76.9 E466.41137
G1 X124.107 Y77.038 E466.44677
G1 X124.62 Y77.38 E466.47753
G1 X124.962 Y77.893 E466.50829
G1 X125.1 Y78.589 E466.54369
G1 X125.1 Y141.411 E469.67789
G1 X124.962 Y142.107 E469.71329
G1 X124.62 Y142.62 E469.74405
G1 X124.107 Y142.962 E469.77481
G1 X123.411 Y143.1 E469.81021
G0 F9000 X123.472 Y143.7
;TYPE:WALL-OUTER
G1 F1500 X96.528 Y143.7 E471.15445
G1 X95.66 Y143.528 E471.1986
G1 X94.948 Y143.052 E471.24133
G1 X94.472 Y142.34 E471.28406
G1 X94.3 Y141.472 E471.3282
G1 X94.3 Y78.528 E474.46849
G1 X94.472 Y77.66 E474.51264
G1 X94.948 Y76.948 E474.55537
G1 X95.66 Y76.472 E474.5981
G1 X96.528 Y76.3 E474.64224
G1 X123.472 Y76.3 E475.98648
G1 X124.34 Y76.472 E476.03063
G1 X125.052 Y76.948 E476.07336
G1 X125.528 Y77.66 E476.11609
G1 X125.7 Y78.528 E476.16024
G1 X125.7 Y141.472 E479.30052
G1 X125.528 Y142.34 E479.34467
G1 X125.052 Y143.052 E479.3874
G1 X124.34 Y143.528 E479.43013
G1 X123.472 Y143.7 E479.47428
G0 F9000 X123.408 Y143.044
G0 X118.919 Y142.979
;TYPE:FILL
G1 F3000 X121.588 Y133.018 E479.98876
G0 F9000 X122.628 Y132.628
G0 X123.019 Y127.675
G1 F3000 X124.979 Y120.362 E480.36649
G0 F9000 X123.019 Y121.82
G1 F3000 X124.979 Y123.78 E480.50477
G0 F9000 X124.978 Y125.498
G1 F3000 X123.02 Y126.023 E480.60591
G0 F9000 X122.628 Y132.628
G0 X112.222 Y136.478
G1 F3000 X110.762 Y135.019 E480.70889
G0 F9000 X110.48 Y134.737
G1 F3000 X109.519 Y133.776 E480.77669
G0 F9000 X109.128 Y134.628
G0 X104.872 Y134.628
G0 X102.952 Y133.019
G1 F3000 X100.284 Y142.98 E481.29116
G0 F9000 X96.978 Y133
G1 F3000 X95.019 Y133.525 E481.39235
G0 F9000 X96.979 Y121.236
G1 F3000 X95.019 Y119.276 E481.53063
G0 F9000 X95.019 Y114.89
G1 F3000 X96.978 Y114.366 E481.63181
G0 F9000 X95.019 Y96.255
G1 F3000 X96.979 Y95.73 E481.73304
G0 F9000 X96.979 Y95.78
G1 F3000 X95.019 Y93.82 E481.87133
G0 F9000 X95.019 Y93.079
G1 F3000 X99.323 Y77.018 E482.70089
G0 F9000 X97.263 Y77.019
G1 F3000 X95.436 Y77.509 E482.79526
G0 F9000 X103.675 Y77.02
G1 F3000 X105.597 Y78.942 E482.93086
G0 F9000 X104.899 Y80.522
G0 X104.899 Y81.478
G0 X105.314 Y82.343
G0 X106.064 Y82.941
G0 X106.553 Y83.053
G0 X110.175 Y83.52
G1 F3000 X111.634 Y84.979 E483.0338
G0 F9000 X115.128 Y85.372
G0 X115.519 Y86.12
G1 F3000 X117.958 Y77.019 E483.50388
G0 F9000 X122.628 Y87.372
G0 X123.02 Y88.753
G1 F3000 X124.978 Y88.228 E483.60501
G0 F9000 X123.019 Y96.364
G1 F3000 X124.979 Y98.324 E483.7433
G0 F9000 X124.978 Y106.863
G1 F3000 X123.019 Y107.388 E483.84448
G1 F1500 E477.34448
G0 F9000 X122.628 Y132.628
G0 X115.425 Y139.681
G1 F1500 E483.84448
G1 F3000 X118.722 Y142.979 E484.07714
G0 F9000 X114.686 Y137.657
G0 X114.079 Y137.173
G0 X110.344 Y134.879
;TYPE:SKIN
G1 F1500 X109.965 Y135.259 E484.09053
G0 F9000 X109.999 Y134.8
G1 F1500 X109.999 Y134.375 E484.12644
G1 X109.825 Y133.701 E484.18525
G1 F1500 E477.68525
G0 F9000 X109.655 Y133.872
G0 X109.128 Y134.628
G0 X104.872 Y134.628
G0 X97.372 Y132.628
G0 X97.372 Y87.372
G0 X104.872 Y85.372
G0 X109.128 Y85.372
G0 X109.966 Y86.467
G1 F1500 E484.18525
G1 X110.344 Y86.09 E484.19857
G0 F9000 X109.999 Y86.01
G1 F1500 X109.999 Y85.586 E484.22868
G1 X109.825 Y84.91 E484.27824
G0 F9000 X109.997 Y84.739
;MESH:NONMESH
G0 F300 X109.997 Y84.739 Z1.4
G0 F9000 X114.052 Y83.182
;TIME_ELAPSED:603.634161
;LAYER:6
;TYPE:WALL-INNER
;MESH:supporto pulsante doppio kalos UNICO.stl
G1 F1500 X114.895 Y82.511 E484.332
G1 X115.362 Y81.539 E484.3858
G1 X115.362 Y80.461 E484.43958
G1 X114.895 Y79.489 E484.49338
G1 X114.052 Y78.818 E484.54713
G1 X113.102 Y78.6 E484.59576
G1 X106.898 Y78.6 E484.90528
G1 X105.948 Y78.818 E484.95391
G1 X105.105 Y79.489 E485.00766
G1 X104.638 Y80.461 E485.06146
G1 X104.638 Y81.539 E485.11524
G1 X105.105 Y82.511 E485.16904
G1 X105.948 Y83.182 E485.2228
G1 X106.898 Y83.4 E485.27143
G1 X113.102 Y83.4 E485.58094
G1 X114.052 Y83.182 E485.62957
G0 F9000 X113.785 Y82.628
;TYPE:WALL-OUTER
G1 F1500 X114.414 Y82.127 E485.66969
G1 X114.762 Y81.402 E485.70981
G1 X114.762 Y80.598 E485.74992
G1 X114.414 Y79.873 E485.79004
G1 X113.785 Y79.372 E485.83016
G1 X113.034 Y79.2 E485.8686
G1 X106.966 Y79.2 E486.17133
G1 X106.215 Y79.372 E486.20977
G1 X105.586 Y79.873 E486.24989
G1 X105.238 Y80.598 E486.29001
G1 X105.238 Y81.402 E486.33012
G1 X105.586 Y82.127 E486.37025
G1 X106.215 Y82.628 E486.41036
G1 X106.966 Y82.8 E486.4488
G1 X113.034 Y82.8 E486.75154
G1 X113.785 Y82.628 E486.78997
G0 F9000 X114.071 Y83.222
G1 F1500 E480.28997
G0 F9000 X122.628 Y87.372
G0 X122.628 Y132.628
G0 X115.128 Y134.628
G0 X109.4 Y134.9
;TYPE:WALL-INNER
G1 F1500 E486.78997
G1 X109.4 Y133.411 E486.86426
G1 X110.6 Y133.411 E486.92413
G1 X110.6 Y134.9 E486.99841
G1 X115.4 Y134.9 E487.23789
G1 X115.4 Y132.9 E487.33767
G1 X122.9 Y132.9 E487.71184
G1 X122.9 Y87.1 E489.99682
G1 X115.4 Y87.1 E490.37099
G1 X115.4 Y85.1 E490.47077
G1 X110.6 Y85.1 E490.71025
G1 X110.6 Y86.589 E490.78453
G1 X109.4 Y86.589 E490.8444
G1 X109.4 Y85.1 E490.91869
G1 X104.6 Y85.1 E491.15816
G1 X104.6 Y87.1 E491.25794
G1 X97.1 Y87.1 E491.63212
G1 X97.1 Y132.9 E493.91709
G1 X104.6 Y132.9 E494.29126
G1 X104.6 Y134.9 E494.39105
G1 X109.4 Y134.9 E494.63052
G0 F9000 X108.8 Y134.3
;TYPE:WALL-OUTER
G1 F1500 X108.8 Y132.811 E494.7048
G1 X111.2 Y132.811 E494.82454
G1 X111.2 Y134.3 E494.89883
G1 X114.8 Y134.3 E495.07843
G1 X114.8 Y132.3 E495.17821
G1 X122.3 Y132.3 E495.55239
G1 X122.3 Y87.7 E497.77749
G1 X114.8 Y87.7 E498.15167
G1 X114.8 Y85.7 E498.25145
G1 X111.2 Y85.7 E498.43105
G1 X111.2 Y87.189 E498.50534
G1 X108.8 Y87.189 E498.62508
G1 X108.8 Y85.7 E498.69936
G1 X105.2 Y85.7 E498.87897
G1 X105.2 Y87.7 E498.97875
G1 X97.7 Y87.7 E499.35293
G1 X97.7 Y132.3 E501.57803
G1 X105.2 Y132.3 E501.9522
G1 X105.2 Y134.3 E502.05199
G1 X108.8 Y134.3 E502.23159
G0 F9000 X109.2 Y134.3
G0 X113.936 Y137.059
G0 X114.686 Y137.657
G0 X115.101 Y138.522
G0 X115.101 Y139.478
G0 X114.766 Y140.178
G0 X114.052 Y141.182
;TYPE:WALL-INNER
G1 F1500 X114.895 Y140.511 E502.28534
G1 X115.362 Y139.539 E502.33914
G1 X115.362 Y138.461 E502.39293
G1 X114.895 Y137.489 E502.44673
G1 X114.052 Y136.818 E502.50048
G1 X113.102 Y136.6 E502.54911
G1 X106.898 Y136.6 E502.85863
G1 X105.948 Y136.818 E502.90725
G1 X105.105 Y137.489 E502.96101
G1 X104.638 Y138.461 E503.01481
G1 X104.638 Y139.539 E503.06859
G1 X105.105 Y140.511 E503.12239
G1 X105.948 Y141.182 E503.17614
G1 X106.898 Y141.4 E503.22477
G1 X113.102 Y141.4 E503.53429
G1 X114.052 Y141.182 E503.58292
G0 F9000 X113.785 Y140.628
;TYPE:WALL-OUTER
G1 F1500 X114.414 Y140.127 E503.62304
G1 X114.762 Y139.402 E503.66316
G1 X114.762 Y138.598 E503.70327
G1 X114.414 Y137.873 E503.74339
G1 X113.785 Y137.372 E503.78351
G1 X113.034 Y137.2 E503.82195
G1 X106.966 Y137.2 E504.12468
G1 X106.215 Y137.372 E504.16312
G1 X105.586 Y137.873 E504.20324
G1 X105.238 Y138.598 E504.24336
G1 X105.238 Y139.402 E504.28347
G1 X105.586 Y140.127 E504.32359
G1 X106.215 Y140.628 E504.36371
G1 X106.966 Y140.8 E504.40215
G1 X113.034 Y140.8 E504.70488
G1 X113.785 Y140.628 E504.74332
G0 F9000 X114.071 Y141.222
G0 X123.411 Y143.1
;TYPE:WALL-INNER
G1 F1500 X96.589 Y143.1 E506.08147
G1 X95.893 Y142.962 E506.11687
G1 X95.38 Y142.62 E506.14763
G1 X95.038 Y142.107 E506.17839
G1 X94.9 Y141.411 E506.21379
G1 X94.9 Y78.589 E509.34799
G1 X95.038 Y77.893 E509.38339
G1 X95.38 Y77.38 E509.41415
G1 X95.893 Y77.038 E509.44491
G1 X96.589 Y76.9 E509.48031
G1 X123.411 Y76.9 E510.81847
G1 X124.107 Y77.038 E510.85387
G1 X124.62 Y77.38 E510.88463
G1 X124.962 Y77.893 E510.91539
G1 X125.1 Y78.589 E510.95079
G1 X125.1 Y141.411 E514.08499
G1 X124.962 Y142.107 E514.12039
G1 X124.62 Y142.62 E514.15115
G1 X124.107 Y142.962 E514.18191
G1 X123.411 Y143.1 E514.21731
G0 F9000 X123.472 Y143.7
;TYPE:WALL-OUTER
G1 F1500 X96.528 Y143.7 E515.56155
G1 X95.66 Y143.528 E515.6057
G1 X94.948 Y143.052 E515.64843
G1 X94.472 Y142.34 E515.69115
G1 X94.3 Y141.472 E515.7353
G1 X94.3 Y78.528 E518.87559
G1 X94.472 Y77.66 E518.91974
G1 X94.948 Y76.948 E518.96247
G1 X95.66 Y76.472 E519.00519
G1 X96.528 Y76.3 E519.04934
G1 X123.472 Y76.3 E520.39358
G1 X124.34 Y76.472 E520.43773
G1 X125.052 Y76.948 E520.48046
G1 X125.528 Y77.66 E520.52319
G1 X125.7 Y78.528 E520.56733
G1 X125.7 Y141.472 E523.70762
G1 X125.528 Y142.34 E523.75177
G1 X125.052 Y143.052 E523.7945
G1 X124.34 Y143.528 E523.83723
G1 X123.472 Y143.7 E523.88137
G0 F9000 X123.408 Y143.044
G0 X118.921 Y142.979
;TYPE:FILL
G1 F3000 X115.481 Y139.539 E524.12408
G0 F9000 X115.101 Y138.522
G0 X114.686 Y137.657
G0 X114.011 Y137.119
G0 X112.421 Y136.478
G1 F3000 X110.962 Y135.019 E524.22702
G0 F9000 X110.479 Y134.536
G1 F3000 X109.519 Y133.576 E524.29476
G0 F9000 X109.128 Y134.628
G0 X104.872 Y134.628
G0 X102.807 Y133.018
G1 F3000 X100.138 Y142.979 E524.80924
G0 F9000 X97.455 Y133.019
G1 F3000 X95.02 Y133.671 E524.93501
G0 F9000 X96.979 Y121.036
G1 F3000 X95.019 Y119.076 E525.0733
G0 F9000 X95.02 Y115.036
G1 F3000 X96.979 Y114.511 E525.17448
G0 F9000 X95.02 Y96.401
G1 F3000 X96.979 Y95.876 E525.27566
G0 F9000 X96.979 Y95.581
G1 F3000 X95.019 Y93.62 E525.41399
G0 F9000 X95.02 Y92.534
G1 F3000 X99.177 Y77.018 E526.21538
G0 F9000 X97.808 Y77.019
G1 F3000 X95.318 Y77.686 E526.34399
G0 F9000 X103.874 Y77.02
G1 F3000 X105.708 Y78.854 E526.47339
G0 F9000 X104.899 Y80.522
G0 X104.899 Y81.478
G0 X105.314 Y82.343
G0 X106.064 Y82.941
G0 X106.763 Y83.101
G0 X110.375 Y83.52
G1 F3000 X111.833 Y84.979 E526.57629
G0 F9000 X115.128 Y85.372
G0 X115.519 Y85.574
G1 F3000 X117.812 Y77.019 E527.01817
G0 F9000 X122.628 Y87.372
G0 X123.02 Y88.899
G1 F3000 X124.979 Y88.374 E527.11935
G0 F9000 X123.019 Y96.165
G1 F3000 X124.979 Y98.125 E527.25764
G0 F9000 X124.979 Y107.009
G1 F3000 X123.02 Y107.534 E527.35883
G0 F9000 X124.979 Y119.817
G1 F3000 X123.019 Y127.13 E527.73655
G0 F9000 X123.02 Y126.168
G1 F3000 X124.979 Y125.644 E527.83772
G0 F9000 X124.979 Y123.581
G1 F3000 X123.019 Y121.62 E527.97604
G0 F9000 X122.628 Y132.628
G0 X121.442 Y133.019
G1 F3000 X118.773 Y142.979 E528.49048
G0 F9000 X114.686 Y137.657
G0 X114.079 Y137.173
G0 X110.227 Y135.258
G0 X109.94 Y134.972
;TYPE:SKIN
G1 F1500 X109.728 Y135.184 E528.51597
G0 F9000 X109.999 Y134.606
G1 F1500 X109.999 Y134.182 E528.55676
G1 X110.125 Y133.884 E528.58789
G1 F1500 E522.08789
G0 F9000 X109.906 Y133.665
G0 X109.128 Y134.628
G0 X104.872 Y134.628
G0 X97.372 Y132.628
G0 X97.372 Y87.372
G0 X104.872 Y85.372
G0 X109.128 Y85.372
G0 X110.092 Y86.334
G1 F1500 E528.58789
G1 X109.654 Y85.895 E528.60336
G0 F9000 X109.999 Y85.816
G1 F1500 X109.999 Y85.392 E528.63067
G1 X110.27 Y84.814 E528.6718
G0 F9000 X110.196 Y84.74
;MESH:NONMESH
G0 F300 X110.196 Y84.74 Z1.6
G0 F9000 X114.052 Y83.182
;TIME_ELAPSED:649.624061
;LAYER:7
;TYPE:WALL-INNER
;MESH:supporto pulsante doppio kalos UNICO.stl
G1 F1500 X114.895 Y82.511 E528.72555
G1 X115.362 Y81.539 E528.77935
G1 X115.362 Y80.461 E528.83314
G1 X114.895 Y79.489 E528.88694
G1 X114.052 Y78.818 E528.94069
G1 X113.102 Y78.6 E528.98932
G1 X106.898 Y78.6 E529.29884
G1 X105.948 Y78.818 E529.34746
G1 X105.105 Y79.489 E529.40122
G1 X104.638 Y80.461 E529.45502
G1 X104.638 Y81.539 E529.5088
G1 X105.105 Y82.511 E529.5626
G1 X105.948 Y83.182 E529.61635
G1 X106.898 Y83.4 E529.66498
G1 X113.102 Y83.4 E529.9745
G1 X114.052 Y83.182 E530.02313
G0 F9000 X113.785 Y82.628
;TYPE:WALL-OUTER
G1 F1500 X114.414 Y82.127 E530.06325
G1 X114.762 Y81.402 E530.10337
G1 X114.762 Y80.598 E530.14348
G1 X114.414 Y79.873 E530.1836
G1 X113.785 Y79.372 E530.22372
G1 X113.034 Y79.2 E530.26216
G1 X106.966 Y79.2 E530.56489
G1 X106.215 Y79.372 E530.60333
G1 X105.586 Y79.873 E530.64345
G1 X105.238 Y80.598 E530.68357
G1 X105.238 Y81.402 E530.72368
G1 X105.586 Y82.127 E530.7638
G1 X106.215 Y82.628 E530.80392
G1 X106.966 Y82.8 E530.84236
G1 X113.034 Y82.8 E531.14509
G1 X113.785 Y82.628 E531.18353
G0 F9000 X114.071 Y83.222
G1 F1500 E524.68353
G0 F9000 X122.628 Y87.372
G0 X122.628 Y132.628
G0 X115.128 Y134.628
G0 X110.872 Y134.628
G0 X109.4 Y133.913
;TYPE:WALL-INNER
G1 F1500 E531.18353
G1 X109.4 Y133.614 E531.19845
G1 X109.699 Y133.614 E531.2081
G1 X110.6 Y133.615 E531.25305
G1 X110.6 Y134.9 E531.31716
G1 X115.4 Y134.9 E531.55663
G1 X115.4 Y132.9 E531.65641
G1 X122.9 Y132.9 E532.03059
G1 X122.9 Y87.1 E534.31556
G1 X115.4 Y87.1 E534.68974
G1 X115.4 Y85.1 E534.78952
G1 X110.6 Y85.1 E535.02899
G1 X110.6 Y86.385 E535.0931
G1 X109.4 Y86.385 E535.15297
G1 X109.4 Y85.1 E535.21708
G1 X104.6 Y85.1 E535.45655
G1 X104.6 Y87.1 E535.55633
G1 X97.1 Y87.1 E535.93051
G1 X97.1 Y132.9 E538.21548
G1 X104.6 Y132.9 E538.58966
G1 X104.6 Y134.9 E538.68944
G1 X109.4 Y134.9 E538.92891
G1 X109.4 Y133.913 E538.97815
G0 F9000 X108.8 Y134.3
;TYPE:WALL-OUTER
G1 F1500 X108.8 Y133.014 E539.04231
G1 X111.2 Y133.015 E539.16205
G1 X111.2 Y134.3 E539.22615
G1 X114.8 Y134.3 E539.40576
G1 X114.8 Y132.3 E539.50554
G1 X122.3 Y132.3 E539.87972
G1 X122.3 Y87.7 E542.10482
G1 X114.8 Y87.7 E542.479
G1 X114.8 Y85.7 E542.57878
G1 X111.2 Y85.7 E542.75838
G1 X111.2 Y86.985 E542.82249
G1 X108.8 Y86.985 E542.94223
G1 X108.8 Y85.7 E543.00634
G1 X105.2 Y85.7 E543.18594
G1 X105.2 Y87.7 E543.28572
G1 X97.7 Y87.7 E543.6599
G1 X97.7 Y132.3 E545.885
G1 X105.2 Y132.3 E546.25918
G1 X105.2 Y134.3 E546.35896
G1 X108.8 Y134.3 E546.53856
G0 F9000 X109.2 Y134.3
G0 X113.936 Y137.059
G0 X114.686 Y137.657
G0 X115.101 Y138.522
G0 X115.101 Y139.478
G0 X114.766 Y140.178
G0 X114.052 Y141.182
;TYPE:WALL-INNER
G1 F1500 X114.895 Y140.511 E546.59232
G1 X115.362 Y139.539 E546.64612
G1 X115.362 Y138.461 E546.6999
G1 X114.895 Y137.489 E546.7537
G1 X114.052 Y136.818 E546.80745
G1 X113.102 Y136.6 E546.85608
G1 X106.898 Y136.6 E547.1656
G1 X105.948 Y136.818 E547.21423
G1 X105.105 Y137.489 E547.26798
G1 X104.638 Y138.461 E547.32178
G1 X104.638 Y139.539 E547.37556
G1 X105.105 Y140.511 E547.42936
G1 X105.948 Y141.182 E547.48311
G1 X106.898 Y141.4 E547.53174
G1 X113.102 Y141.4 E547.84126
G1 X114.052 Y141.182 E547.88989
G0 F9000 X113.785 Y140.628
;TYPE:WALL-OUTER
G1 F1500 X114.414 Y140.127 E547.93001
G1 X114.762 Y139.402 E547.97013
G1 X114.762 Y138.598 E548.01024
G1 X114.414 Y137.873 E548.05036
G1 X113.785 Y137.372 E548.09048
G1 X113.034 Y137.2 E548.12892
G1 X106.966 Y137.2 E548.43165
G1 X106.215 Y137.372 E548.47009
G1 X105.586 Y137.873 E548.51021
G1 X105.238 Y138.598 E548.55033
G1 X105.238 Y139.402 E548.59044
G1 X105.586 Y140.127 E548.63056
G1 X106.215 Y140.628 E548.67068
G1 X106.966 Y140.8 E548.70912
G1 X113.034 Y140.8 E549.01185
G1 X113.785 Y140.628 E549.05029
G0 F9000 X114.071 Y141.222
G0 X123.411 Y143.1
;TYPE:WALL-INNER
G1 F1500 X96.589 Y143.1 E550.38845
G1 X95.893 Y142.962 E550.42385
G1 X95.38 Y142.62 E550.45461
G1 X95.038 Y142.107 E550.48536
G1 X94.9 Y141.411 E550.52076
G1 X94.9 Y78.589 E553.65497
G1 X95.038 Y77.893 E553.69037
G1 X95.38 Y77.38 E553.72113
G1 X95.893 Y77.038 E553.75189
G1 X96.589 Y76.9 E553.78729
G1 X123.411 Y76.9 E555.12544
G1 X124.107 Y77.038 E555.16084
G1 X124.62 Y77.38 E555.1916
G1 X124.962 Y77.893 E555.22236
G1 X125.1 Y78.589 E555.25776
G1 X125.1 Y141.411 E558.39196
G1 X124.962 Y142.107 E558.42736
G1 X124.62 Y142.62 E558.45812
G1 X124.107 Y142.962 E558.48888
G1 X123.411 Y143.1 E558.52428
G0 F9000 X123.472 Y143.7
;TYPE:WALL-OUTER
G1 F1500 X96.528 Y143.7 E559.86852
G1 X95.66 Y143.528 E559.91267
G1 X94.948 Y143.052 E559.9554
G1 X94.472 Y142.34 E559.99813
G1 X94.3 Y141.472 E560.04227
G1 X94.3 Y78.528 E563.18256
G1 X94.472 Y77.66 E563.22671
G1 X94.948 Y76.948 E563.26944
G1 X95.66 Y76.472 E563.31217
G1 X96.528 Y76.3 E563.35631
G1 X123.472 Y76.3 E564.70055
G1 X124.34 Y76.472 E564.7447
G1 X125.052 Y76.948 E564.78743
G1 X125.528 Y77.66 E564.83016
G1 X125.7 Y78.528 E564.87431
G1 X125.7 Y141.472 E568.01459
G1 X125.528 Y142.34 E568.05874
G1 X125.052 Y143.052 E568.10147
G1 X124.34 Y143.528 E568.1442
G1 X123.472 Y143.7 E568.18835
G0 F9000 X123.408 Y143.044
G0 X119.122 Y142.979
;TYPE:FILL
G1 F3000 X115.481 Y139.338 E568.44524
G0 F9000 X114.686 Y137.657
G0 X114.011 Y137.119
G0 X112.622 Y136.478
G1 F3000 X111.162 Y135.019 E568.54821
G0 F9000 X110.48 Y134.336
G1 F3000 X109.877 Y133.733 E568.59076
G0 F9000 X109.128 Y134.628
G0 X104.872 Y134.628
G0 X102.66 Y133.018
G1 F3000 X99.991 Y142.979 E569.10524
G0 F9000 X98.004 Y133.019
G1 F3000 X95.02 Y133.818 E569.25936
G0 F9000 X96.979 Y120.836
G1 F3000 X95.019 Y118.875 E569.39769
G0 F9000 X95.02 Y115.183
G1 F3000 X96.979 Y114.658 E569.49887
G0 F9000 X95.02 Y96.548
G1 F3000 X96.979 Y96.023 E569.60005
G0 F9000 X96.979 Y95.38
G1 F3000 X95.019 Y93.42 E569.73834
G0 F9000 X95.02 Y91.985
G1 F3000 X99.03 Y77.018 E570.51138
G0 F9000 X98.357 Y77.019
G1 F3000 X95.199 Y77.865 E570.67449
G0 F9000 X104.075 Y77.02
G1 F3000 X105.82 Y78.765 E570.79761
G0 F9000 X104.899 Y80.522
G0 X104.899 Y81.478
G0 X105.314 Y82.343
G0 X106.064 Y82.941
G0 X106.763 Y83.101
G0 X110.575 Y83.52
G1 F3000 X112.034 Y84.979 E570.90055
G0 F9000 X115.52 Y85.024
G1 F3000 X117.665 Y77.019 E571.31401
G0 F9000 X122.628 Y87.372
G0 X123.02 Y89.046
G1 F3000 X124.979 Y88.521 E571.4152
G0 F9000 X123.019 Y95.964
G1 F3000 X124.979 Y97.924 E571.55348
G0 F9000 X124.979 Y107.156
G1 F3000 X123.02 Y107.681 E571.65467
G0 F9000 X124.979 Y119.269
G1 F3000 X123.019 Y126.582 E572.03239
G0 F9000 X123.019 Y126.316
G1 F3000 X124.979 Y125.791 E572.13362
G0 F9000 X124.979 Y123.38
G1 F3000 X123.019 Y121.42 E572.27191
G0 F9000 X122.628 Y132.628
G0 X121.295 Y133.019
G1 F3000 X118.626 Y142.979 E572.78635
G0 F9000 X114.686 Y137.657
G0 X114.079 Y137.173
G0 X110.344 Y134.879
;TYPE:SKIN
G1 F1500 X109.965 Y135.259 E572.79974
G0 F9000 X109.999 Y134.8
G1 F1500 X109.999 Y134.375 E572.84049
G1 X109.869 Y134.082 E572.87122
G1 F1500 E566.37122
G0 F9000 X110.083 Y133.868
G0 X109.128 Y134.628
G0 X104.872 Y134.628
G0 X97.372 Y132.628
G0 X97.372 Y87.372
G0 X104.872 Y85.372
G0 X109.128 Y85.372
G0 X109.88 Y86.129
G0 X110.112 Y85.897
G1 F1500 E572.87122
G1 X109.999 Y85.586 E572.89822
G1 X109.825 Y84.91 E572.95517
G0 F9000 X109.654 Y85.082
;MESH:NONMESH
G0 F300 X109.654 Y85.082 Z1.8
G0 F9000 X114.052 Y83.182
;TIME_ELAPSED:695.502396
;LAYER:8
;TYPE:WALL-INNER
;MESH:supporto pulsante doppio kalos UNICO.stl
G1 F1500 X114.895 Y82.511 E573.00892
G1 X115.362 Y81.539 E573.06272
G1 X115.362 Y80.461 E573.11651
G1 X114.895 Y79.489 E573.17031
G1 X114.052 Y78.818 E573.22406
G1 X113.102 Y78.6 E573.27269
G1 X106.898 Y78.6 E573.58221
G1 X105.948 Y78.818 E573.63083
G1 X105.105 Y79.489 E573.68459
G1 X104.638 Y80.461 E573.73839
G1 X104.638 Y81.539 E573.79217
G1 X105.105 Y82.511 E573.84597
G1 X105.948 Y83.182 E573.89972
G1 X106.898 Y83.4 E573.94835
G1 X113.102 Y83.4 E574.25787
G1 X114.052 Y83.182 E574.3065
G0 F9000 X113.785 Y82.628
;TYPE:WALL-OUTER
G1 F1500 X114.414 Y82.127 E574.34662
G1 X114.762 Y81.402 E574.38674
G1 X114.762 Y80.598 E574.42685
G1 X114.414 Y79.873 E574.46697
G1 X113.785 Y79.372 E574.50709
G1 X113.034 Y79.2 E574.54553
G1 X106.966 Y79.2 E574.84826
G1 X106.215 Y79.372 E574.8867
G1 X105.586 Y79.873 E574.92682
G1 X105.238 Y80.598 E574.96694
G1 X105.238 Y81.402 E575.00705
G1 X105.586 Y82.127 E575.04717
G1 X106.215 Y82.628 E575.08729
G1 X106.966 Y82.8 E575.12573
G1 X113.034 Y82.8 E575.42846
G1 X113.785 Y82.628 E575.4669
G0 F9000 X114.071 Y83.222
G1 F1500 E568.9669
G0 F9000 X122.628 Y87.372
G0 X122.628 Y132.628
G0 X115.128 Y134.628
G0 X110.872 Y134.628
G0 X109.4 Y134.212
;TYPE:WALL-INNER
G1 F1500 E575.4669
G1 X109.4 Y133.913 E575.48182
G1 X109.699 Y133.913 E575.49147
G1 X110.6 Y133.914 E575.53642
G1 X110.6 Y134.9 E575.58561
G1 X115.4 Y134.9 E575.82509
G1 X115.4 Y132.9 E575.92487
G1 X122.9 Y132.9 E576.29904
G1 X122.9 Y87.1 E578.58401
G1 X115.4 Y87.1 E578.95819
G1 X115.4 Y85.1 E579.05797
G1 X110.6 Y85.1 E579.29744
G1 X110.6 Y86.086 E579.34664
G1 X109.4 Y86.086 E579.4065
G1 X109.4 Y85.1 E579.4557
G1 X104.6 Y85.1 E579.69517
G1 X104.6 Y87.1 E579.79495
G1 X97.1 Y87.1 E580.16913
G1 X97.1 Y132.9 E582.4541
G1 X104.6 Y132.9 E582.82827
G1 X104.6 Y134.9 E582.92805
G1 X109.4 Y134.9 E583.16753
G1 X109.4 Y134.212 E583.20185
G0 F9000 X108.8 Y134.3
;TYPE:WALL-OUTER
G1 F1500 X108.8 Y133.313 E583.25109
G1 X111.2 Y133.314 E583.37083
G1 X111.2 Y134.3 E583.42002
G1 X114.8 Y134.3 E583.59963
G1 X114.8 Y132.3 E583.69941
G1 X122.3 Y132.3 E584.07358
G1 X122.3 Y87.7 E586.29869
G1 X114.8 Y87.7 E586.67286
G1 X114.8 Y85.7 E586.77264
G1 X111.2 Y85.7 E586.95225
G1 X111.2 Y86.686 E587.00144
G1 X108.8 Y86.686 E587.12118
G1 X108.8 Y85.7 E587.17037
G1 X105.2 Y85.7 E587.34997
G1 X105.2 Y87.7 E587.44975
G1 X97.7 Y87.7 E587.82393
G1 X97.7 Y132.3 E590.04903
G1 X105.2 Y132.3 E590.42321
G1 X105.2 Y134.3 E590.52299
G1 X108.8 Y134.3 E590.70259
G0 F9000 X109.2 Y134.3
G0 X113.936 Y137.059
G0 X114.686 Y137.657
G0 X115.101 Y138.522
G0 X115.101 Y139.478
G0 X114.766 Y140.178
G0 X114.052 Y141.182
;TYPE:WALL-INNER
G1 F1500 X114.895 Y140.511 E590.75635
G1 X115.362 Y139.539 E590.81015
G1 X115.362 Y138.461 E590.86393
G1 X114.895 Y137.489 E590.91773
G1 X114.052 Y136.818 E590.97148
G1 X113.102 Y136.6 E591.02011
G1 X106.898 Y136.6 E591.32963
G1 X105.948 Y136.818 E591.37826
G1 X105.105 Y137.489 E591.43201
G1 X104.638 Y138.461 E591.48581
G1 X104.638 Y139.539 E591.53959
G1 X105.105 Y140.511 E591.59339
G1 X105.948 Y141.182 E591.64715
G1 X106.898 Y141.4 E591.69577
G1 X113.102 Y141.4 E592.00529
G1 X114.052 Y141.182 E592.05392
G0 F9000 X113.785 Y140.628
;TYPE:WALL-OUTER
G1 F1500 X114.414 Y140.127 E592.09404
G1 X114.762 Y139.402 E592.13416
G1 X114.762 Y138.598 E592.17427
G1 X114.414 Y137.873 E592.21439
G1 X113.785 Y137.372 E592.25451
G1 X113.034 Y137.2 E592.29295
G1 X106.966 Y137.2 E592.59568
G1 X106.215 Y137.372 E592.63412
G1 X105.586 Y137.873 E592.67424
G1 X105.238 Y138.598 E592.71436
G1 X105.238 Y139.402 E592.75447
G1 X105.586 Y140.127 E592.7946
G1 X106.215 Y140.628 E592.83471
G1 X106.966 Y140.8 E592.87315
G1 X113.034 Y140.8 E593.17589
G1 X113.785 Y140.628 E593.21432
G0 F9000 X114.071 Y141.222
G0 X123.411 Y143.1
;TYPE:WALL-INNER
G1 F1500 X96.589 Y143.1 E594.55248
G1 X95.893 Y142.962 E594.58788
G1 X95.38 Y142.62 E594.61864
G1 X95.038 Y142.107 E594.6494
G1 X94.9 Y141.411 E594.6848
G1 X94.9 Y78.589 E597.819
G1 X95.038 Y77.893 E597.8544
G1 X95.38 Y77.38 E597.88516
G1 X95.893 Y77.038 E597.91592
G1 X96.589 Y76.9 E597.95132
G1 X123.411 Y76.9 E599.28947
G1 X124.107 Y77.038 E599.32487
G1 X124.62 Y77.38 E599.35563
G1 X124.962 Y77.893 E599.38639
G1 X125.1 Y78.589 E599.42179
G1 X125.1 Y141.411 E602.55599
G1 X124.962 Y142.107 E602.59139
G1 X124.62 Y142.62 E602.62215
G1 X124.107 Y142.962 E602.65291
G1 X123.411 Y143.1 E602.68831
G0 F9000 X123.472 Y143.7
;TYPE:WALL-OUTER
G1 F1500 X96.528 Y143.7 E604.03255
G1 X95.66 Y143.528 E604.0767
G1 X94.948 Y143.052 E604.11943
G1 X94.472 Y142.34 E604.16216
G1 X94.3 Y141.472 E604.20631
G1 X94.3 Y78.528 E607.34659
G1 X94.472 Y77.66 E607.39074
G1 X94.948 Y76.948 E607.43347
G1 X95.66 Y76.472 E607.4762
G1 X96.528 Y76.3 E607.52035
G1 X123.472 Y76.3 E608.86459
G1 X124.34 Y76.472 E608.90873
G1 X125.052 Y76.948 E608.95146
G1 X125.528 Y77.66 E608.99419
G1 X125.7 Y78.528 E609.03834
G1 X125.7 Y141.472 E612.17863
G1 X125.528 Y142.34 E612.22277
G1 X125.052 Y143.052 E612.2655
G1 X124.34 Y143.528 E612.30823
G1 X123.472 Y143.7 E612.35238
G0 F9000 X123.408 Y143.044
G0 X119.322 Y142.979
;TYPE:FILL
G1 F3000 X115.481 Y139.138 E612.62338
G0 F9000 X114.686 Y137.657
G0 X114.079 Y137.173
G0 X112.821 Y136.478
G1 F3000 X111.362 Y135.019 E612.72632
G0 F9000 X110.966 Y134.704
G0 X110.479 Y134.136
G1 F3000 X110.376 Y134.033 E612.73359
G0 F9000 X109.128 Y134.628
G0 X104.872 Y134.628
G0 X102.514 Y133.019
G1 F3000 X99.845 Y142.979 E613.24803
G0 F9000 X98.548 Y133.019
G1 F3000 X95.02 Y133.964 E613.43024
G0 F9000 X96.979 Y120.636
G1 F3000 X95.019 Y118.676 E613.56853
G0 F9000 X95.02 Y115.329
G1 F3000 X96.979 Y114.804 E613.66972
G0 F9000 X95.02 Y96.694
G1 F3000 X96.979 Y96.169 E613.7709
G0 F9000 X96.979 Y95.18
G1 F3000 X95.019 Y93.22 E613.90919
G0 F9000 X95.02 Y91.44
G1 F3000 X98.884 Y77.018 E614.65408
G0 F9000 X98.902 Y77.019
G1 F3000 X95.132 Y78.029 E614.8488
G0 F9000 X104.274 Y77.02
G1 F3000 X105.949 Y78.694 E614.96695
G0 F9000 X105.314 Y79.657
G0 X104.899 Y80.522
G0 X104.899 Y81.478
G0 X105.314 Y82.343
G0 X106.064 Y82.941
G0 X106.763 Y83.101
G0 X110.775 Y83.52
G1 F3000 X112.234 Y84.979 E615.06989
G0 F9000 X115.386 Y84.979
G1 F3000 X117.519 Y77.019 E615.48102
G0 F9000 X122.628 Y87.372
G0 X123.02 Y89.192
G1 F3000 X124.979 Y88.667 E615.58221
G0 F9000 X123.019 Y95.764
G1 F3000 X124.979 Y97.724 E615.7205
G0 F9000 X124.979 Y107.302
G1 F3000 X123.02 Y107.827 E615.82168
G0 F9000 X124.979 Y118.724
G1 F3000 X123.019 Y126.037 E616.1994
G0 F9000 X123.02 Y126.462
G1 F3000 X124.979 Y125.937 E616.30059
G0 F9000 X124.979 Y123.18
G1 F3000 X123.019 Y121.22 E616.43888
G0 F9000 X122.628 Y132.628
G0 X121.149 Y133.019
G1 F3000 X118.48 Y142.979 E616.95331
G0 F9000 X114.686 Y137.657
G0 X114.079 Y137.173
G0 X110.227 Y135.258
G0 X109.94 Y134.972
;TYPE:SKIN
G1 F1500 X109.728 Y135.184 E616.9788
G0 F9000 X110.344 Y134.952
G1 F1500 X109.654 Y134.261 E617.00316
G0 F9000 X109.984 Y134.167
G1 F1500 X110.344 Y134.527 E617.01586
G1 F1500 E610.51586
G0 F9000 X110.872 Y134.628
G0 X115.128 Y134.628
G0 X122.628 Y132.628
G0 X122.628 Y87.372
G0 X115.128 Y85.372
G0 X110.872 Y85.372
G0 X110.013 Y85.83
G1 F1500 E617.01586
G1 X109.654 Y85.471 E617.02853
G0 F9000 X109.999 Y85.392
G1 F1500 X110.057 Y85.026 E617.05684
G1 X110.27 Y84.814 E617.0798
G0 F9000 X110.344 Y84.888
;MESH:NONMESH
G0 F300 X110.344 Y84.888 Z2
G0 F9000 X114.052 Y83.182
;TIME_ELAPSED:741.219515
;LAYER:9
;TYPE:WALL-INNER
;MESH:supporto pulsante doppio kalos UNICO.stl
G1 F1500 X114.895 Y82.511 E617.13355
G1 X115.362 Y81.539 E617.18735
G1 X115.362 Y80.461 E617.24113
G1 X114.895 Y79.489 E617.29493
G1 X114.052 Y78.818 E617.34868
G1 X113.102 Y78.6 E617.39731
G1 X106.898 Y78.6 E617.70683
G1 X105.948 Y78.818 E617.75546
G1 X105.105 Y79.489 E617.80921
G1 X104.638 Y80.461 E617.86301
G1 X104.638 Y81.539 E617.91679
G1 X105.105 Y82.511 E617.97059
G1 X105.948 Y83.182 E618.02435
G1 X106.898 Y83.4 E618.07298
G1 X113.102 Y83.4 E618.38249
G1 X114.052 Y83.182 E618.43112
G0 F9000 X113.785 Y82.628
;TYPE:WALL-OUTER
G1 F1500 X114.414 Y82.127 E618.47124
G1 X114.762 Y81.402 E618.51136
G1 X114.762 Y80.598 E618.55147
G1 X114.414 Y79.873 E618.5916
G1 X113.785 Y79.372 E618.63171
G1 X113.034 Y79.2 E618.67015
G1 X106.966 Y79.2 E618.97289
G1 X106.215 Y79.372 E619.01132
G1 X105.586 Y79.873 E619.05144
G1 X105.238 Y80.598 E619.09156
G1 X105.238 Y81.402 E619.13167
G1 X105.586 Y82.127 E619.1718
G1 X106.215 Y82.628 E619.21192
G1 X106.966 Y82.8 E619.25035
G1 X113.034 Y82.8 E619.55309
G1 X113.785 Y82.628 E619.59152
G0 F9000 X114.071 Y83.222
G1 F1500 E613.09152
G0 F9000 X122.628 Y87.372
G0 X122.628 Y132.628
G0 X115.128 Y134.628
G0 X110.872 Y134.628
G0 X109.4 Y134.397
;TYPE:WALL-INNER
G1 F1500 E619.59152
G1 X110.6 Y134.397 E619.65139
G1 X110.6 Y134.9 E619.67649
G1 X115.4 Y134.9 E619.91596
G1 X115.4 Y132.9 E620.01574
G1 X122.9 Y132.9 E620.38992
G1 X122.9 Y87.1 E622.67489
G1 X115.4 Y87.1 E623.04906
G1 X115.4 Y85.1 E623.14885
G1 X110.6 Y85.1 E623.38832
G1 X110.6 Y85.603 E623.41341
G1 X109.4 Y85.603 E623.47328
G1 X109.4 Y85.1 E623.49838
G1 X104.6 Y85.1 E623.73785
G1 X104.6 Y87.1 E623.83763
G1 X97.1 Y87.1 E624.21181
G1 X97.1 Y132.9 E626.49678
G1 X104.6 Y132.9 E626.87095
G1 X104.6 Y134.9 E626.97073
G1 X109.4 Y134.9 E627.21021
G1 X109.4 Y134.397 E627.2353
G0 F9000 X108.8 Y134.3
;TYPE:WALL-OUTER
G1 F1500 X108.8 Y133.797 E627.2604
G1 X111.2 Y133.797 E627.38013
G1 X111.2 Y134.3 E627.40523
G1 X114.8 Y134.3 E627.58483
G1 X114.8 Y132.3 E627.68461
G1 X122.3 Y132.3 E628.05879
G1 X122.3 Y87.7 E630.28389
G1 X114.8 Y87.7 E630.65807
G1 X114.8 Y85.7 E630.75785
G1 X111.2 Y85.7 E630.93745
G1 X111.2 Y86.203 E630.96255
G1 X108.8 Y86.203 E631.08229
G1 X108.8 Y85.7 E631.10738
G1 X105.2 Y85.7 E631.28698
G1 X105.2 Y87.7 E631.38677
G1 X97.7 Y87.7 E631.76094
G1 X97.7 Y132.3 E633.98604
G1 X105.2 Y132.3 E634.36022
G1 X105.2 Y134.3 E634.46
G1 X108.8 Y134.3 E634.63961
G0 F9000 X109.2 Y134.3
G0 X113.936 Y137.059
G0 X114.686 Y137.657
G0 X115.101 Y138.522
G0 X115.101 Y139.478
G0 X114.766 Y140.178
G0 X114.052 Y141.182
;TYPE:WALL-INNER
G1 F1500 X114.895 Y140.511 E634.69336
G1 X115.362 Y139.539 E634.74716
G1 X115.362 Y138.461 E634.80094
G1 X114.895 Y137.489 E634.85474
G1 X114.052 Y136.818 E634.9085
G1 X113.102 Y136.6 E634.95712
G1 X106.898 Y136.6 E635.26664
G1 X105.948 Y136.818 E635.31527
G1 X105.105 Y137.489 E635.36902
G1 X104.638 Y138.461 E635.42282
G1 X104.638 Y139.539 E635.47661
G1 X105.105 Y140.511 E635.53041
G1 X105.948 Y141.182 E635.58416
G1 X106.898 Y141.4 E635.63279
G1 X113.102 Y141.4 E635.94231
G1 X114.052 Y141.182 E635.99093
G0 F9000 X113.785 Y140.628
;TYPE:WALL-OUTER
G1 F1500 X114.414 Y140.127 E636.03105
G1 X114.762 Y139.402 E636.07117
G1 X114.762 Y138.598 E636.11129
G1 X114.414 Y137.873 E636.15141
G1 X113.785 Y137.372 E636.19153
G1 X113.034 Y137.2 E636.22996
G1 X106.966 Y137.2 E636.5327
G1 X106.215 Y137.372 E636.57113
G1 X105.586 Y137.873 E636.61125
G1 X105.238 Y138.598 E636.65137
G1 X105.238 Y139.402 E636.69149
G1 X105.586 Y140.127 E636.73161
G1 X106.215 Y140.628 E636.77173
G1 X106.966 Y140.8 E636.81016
G1 X113.034 Y140.8 E637.1129
G1 X113.785 Y140.628 E637.15134
G0 F9000 X114.071 Y141.222
G0 X123.411 Y143.1
;TYPE:WALL-INNER
G1 F1500 X96.589 Y143.1 E638.48949
G1 X95.893 Y142.962 E638.52489
G1 X95.38 Y142.62 E638.55565
G1 X95.038 Y142.107 E638.58641
G1 X94.9 Y141.411 E638.62181
G1 X94.9 Y78.589 E641.75601
G1 X95.038 Y77.893 E641.79141
G1 X95.38 Y77.38 E641.82217
G1 X95.893 Y77.038 E641.85293
G1 X96.589 Y76.9 E641.88833
G1 X123.411 Y76.9 E643.22649
G1 X124.107 Y77.038 E643.26188
G1 X124.62 Y77.38 E643.29264
G1 X124.962 Y77.893 E643.3234
G1 X125.1 Y78.589 E643.3588
G1 X125.1 Y141.411 E646.49301
G1 X124.962 Y142.107 E646.52841
G1 X124.62 Y142.62 E646.55917
G1 X124.107 Y142.962 E646.58993
G1 X123.411 Y143.1 E646.62532
G0 F9000 X123.472 Y143.7
;TYPE:WALL-OUTER
G1 F1500 X96.528 Y143.7 E647.96957
G1 X95.66 Y143.528 E648.01371
G1 X94.948 Y143.052 E648.05644
G1 X94.472 Y142.34 E648.09917
G1 X94.3 Y141.472 E648.14332
G1 X94.3 Y78.528 E651.28361
G1 X94.472 Y77.66 E651.32775
G1 X94.948 Y76.948 E651.37048
G1 X95.66 Y76.472 E651.41321
G1 X96.528 Y76.3 E651.45736
G1 X123.472 Y76.3 E652.8016
G1 X124.34 Y76.472 E652.84575
G1 X125.052 Y76.948 E652.88847
G1 X125.528 Y77.66 E652.9312
G1 X125.7 Y78.528 E652.97535
G1 X125.7 Y141.472 E656.11564
G1 X125.528 Y142.34 E656.15979
G1 X125.052 Y143.052 E656.20251
G1 X124.34 Y143.528 E656.24524
G1 X123.472 Y143.7 E656.28939
G0 F9000 X123.408 Y143.044
G0 X119.522 Y142.979
;TYPE:FILL
G1 F3000 X115.481 Y138.937 E656.57454
G0 F9000 X114.686 Y137.657
G0 X114.262 Y137.319
G0 X113.022 Y136.478
G1 F3000 X111.563 Y135.019 E656.67748
G0 F9000 X104.872 Y134.628
G0 X102.367 Y133.019
G1 F3000 X99.698 Y142.979 E657.19192
G0 F9000 X99.097 Y133.019
G1 F3000 X95.02 Y134.111 E657.40249
G0 F9000 X96.979 Y120.435
G1 F3000 X95.019 Y118.475 E657.54078
G0 F9000 X95.02 Y115.476
G1 F3000 X96.979 Y114.951 E657.64196
G0 F9000 X95.02 Y96.841
G1 F3000 X96.979 Y96.316 E657.74315
G0 F9000 X96.979 Y94.979
G1 F3000 X95.019 Y93.019 E657.88144
G0 F9000 X95.02 Y90.892
G1 F3000 X98.737 Y77.018 E658.59802
G0 F9000 X99.45 Y77.019
G1 F3000 X95.101 Y78.185 E658.82266
G0 F9000 X104.475 Y77.02
G1 F3000 X106.111 Y78.656 E658.93809
G0 F9000 X105.314 Y79.657
G0 X104.899 Y80.522
G0 X104.899 Y81.478
G0 X105.314 Y82.343
G0 X106.064 Y82.941
G0 X106.763 Y83.101
G0 X110.976 Y83.52
G1 F3000 X112.434 Y84.979 E659.04099
G0 F9000 X115.239 Y84.979
G1 F3000 X117.372 Y77.019 E659.45213
G0 F9000 X122.628 Y87.372
G0 X123.02 Y89.339
G1 F3000 X124.979 Y88.814 E659.55331
G0 F9000 X123.019 Y95.564
G1 F3000 X124.979 Y97.524 E659.6916
G0 F9000 X124.979 Y107.449
G1 F3000 X123.02 Y107.974 E659.79278
G0 F9000 X124.979 Y118.175
G1 F3000 X123.019 Y125.488 E660.17051
G0 F9000 X123.02 Y126.609
G1 F3000 X124.979 Y126.084 E660.27169
G0 F9000 X124.979 Y122.98
G1 F3000 X123.019 Y121.019 E660.41002
G0 F9000 X122.628 Y132.628
G0 X121.002 Y133.019
G1 F3000 X118.333 Y142.979 E660.92445
G0 F9000 X114.686 Y137.657
G0 X114.079 Y137.173
G0 X110.344 Y134.879
G0 X110.154 Y135.069
;TYPE:SKIN
G1 F1500 X109.901 Y134.898 E660.9438
G1 X109.689 Y134.685 E660.96284
G1 F1500 E654.46284
G0 F9000 X109.655 Y134.72
G0 X104.872 Y134.628
G0 X97.372 Y132.628
G0 X97.372 Y87.372
G0 X104.872 Y85.372
G0 X109.813 Y85.347
G0 X110.078 Y85.082
G1 F1500 E660.96284
G1 X109.825 Y84.91 E660.97692
G1 X110.29 Y85.294 E661.00468
G0 F9000 X110.476 Y84.976
;MESH:NONMESH
G0 F300 X110.476 Y84.976 Z2.2
G0 F9000 X114.052 Y83.182
;TIME_ELAPSED:786.532088
;LAYER:10
;TYPE:WALL-INNER
;MESH:supporto pulsante doppio kalos UNICO.stl
G1 F1500 X114.895 Y82.511 E661.05843
G1 X115.362 Y81.539 E661.11223
G1 X115.362 Y80.461 E661.16601
G1 X114.895 Y79.489 E661.21981
G1 X114.052 Y78.818 E661.27357
G1 X113.102 Y78.6 E661.3222
G1 X106.898 Y78.6 E661.63171
G1 X105.948 Y78.818 E661.68034
G1 X105.105 Y79.489 E661.7341
G1 X104.638 Y80.461 E661.7879
G1 X104.638 Y81.539 E661.84168
G1 X105.105 Y82.511 E661.89548
G1 X105.948 Y83.182 E661.94923
G1 X106.898 Y83.4 E661.99786
G1 X113.102 Y83.4 E662.30738
G1 X114.052 Y83.182 E662.35601
G0 F9000 X113.785 Y82.628
;TYPE:WALL-OUTER
G1 F1500 X114.414 Y82.127 E662.39612
G1 X114.762 Y81.402 E662.43625
G1 X114.762 Y80.598 E662.47636
G1 X114.414 Y79.873 E662.51648
G1 X113.785 Y79.372 E662.5566
G1 X113.034 Y79.2 E662.59503
G1 X106.966 Y79.2 E662.89777
G1 X106.215 Y79.372 E662.93621
G1 X105.586 Y79.873 E662.97633
G1 X105.238 Y80.598 E663.01645
G1 X105.238 Y81.402 E663.05656
G1 X105.586 Y82.127 E663.09668
G1 X106.215 Y82.628 E663.1368
G1 X106.966 Y82.8 E663.17524
G1 X113.034 Y82.8 E663.47797
G1 X113.785 Y82.628 E663.51641
G0 F9000 X114.071 Y83.222
G1 F1500 E657.01641
G0 F9000 X104.872 Y85.372
G0 X97.372 Y87.372
G0 X97.372 Y132.628
G0 X104.6 Y134.9
;TYPE:WALL-INNER
G1 F1500 E663.51641
G1 X115.4 Y134.9 E664.05522
G1 X115.4 Y132.9 E664.155
G1 X122.9 Y132.9 E664.52918
G1 X122.9 Y87.1 E666.81415
G1 X115.4 Y87.1 E667.18833
G1 X115.4 Y85.1 E667.28811
G1 X104.6 Y85.1 E667.82692
G1 X104.6 Y87.1 E667.9267
G1 X97.1 Y87.1 E668.30088
G1 X97.1 Y132.9 E670.58585
G1 X104.6 Y132.9 E670.96003
G1 X104.6 Y134.9 E671.05981
G0 F9000 X105.2 Y134.3
;TYPE:WALL-OUTER
G1 F1500 X114.8 Y134.3 E671.53875
G1 X114.8 Y132.3 E671.63853
G1 X122.3 Y132.3 E672.01271
G1 X122.3 Y87.7 E674.23781
G1 X114.8 Y87.7 E674.61199
G1 X114.8 Y85.7 E674.71177
G1 X105.2 Y85.7 E675.19071
G1 X105.2 Y87.7 E675.2905
G1 X97.7 Y87.7 E675.66467
G1 X97.7 Y132.3 E677.88977
G1 X105.2 Y132.3 E678.26395
G1 X105.2 Y134.3 E678.36373
G0 F9000 X104.8 Y134.3
G0 X104.872 Y134.628
G0 X113.936 Y137.059
G0 X114.686 Y137.657
G0 X115.101 Y138.522
G0 X115.101 Y139.478
G0 X114.766 Y140.178
G0 X114.052 Y141.182
;TYPE:WALL-INNER
G1 F1500 X114.895 Y140.511 E678.41749
G1 X115.362 Y139.539 E678.47129
G1 X115.362 Y138.461 E678.52507
G1 X114.895 Y137.489 E678.57887
G1 X114.052 Y136.818 E678.63262
G1 X113.102 Y136.6 E678.68125
G1 X106.898 Y136.6 E678.99077
G1 X105.948 Y136.818 E679.0394
G1 X105.105 Y137.489 E679.09315
G1 X104.638 Y138.461 E679.14695
G1 X104.638 Y139.539 E679.20073
G1 X105.105 Y140.511 E679.25453
G1 X105.948 Y141.182 E679.30828
G1 X106.898 Y141.4 E679.35691
G1 X113.102 Y141.4 E679.66643
G1 X114.052 Y141.182 E679.71506
G0 F9000 X113.785 Y140.628
;TYPE:WALL-OUTER
G1 F1500 X114.414 Y140.127 E679.75518
G1 X114.762 Y139.402 E679.7953
G1 X114.762 Y138.598 E679.83541
G1 X114.414 Y137.873 E679.87553
G1 X113.785 Y137.372 E679.91565
G1 X113.034 Y137.2 E679.95409
G1 X106.966 Y137.2 E680.25682
G1 X106.215 Y137.372 E680.29526
G1 X105.586 Y137.873 E680.33538
G1 X105.238 Y138.598 E680.3755
G1 X105.238 Y139.402 E680.41561
G1 X105.586 Y140.127 E680.45573
G1 X106.215 Y140.628 E680.49585
G1 X106.966 Y140.8 E680.53429
G1 X113.034 Y140.8 E680.83702
G1 X113.785 Y140.628 E680.87546
G0 F9000 X114.071 Y141.222
G0 X123.411 Y143.1
;TYPE:WALL-INNER
G1 F1500 X96.589 Y143.1 E682.21362
G1 X95.893 Y142.962 E682.24902
G1 X95.38 Y142.62 E682.27978
G1 X95.038 Y142.107 E682.31053
G1 X94.9 Y141.411 E682.34593
G1 X94.9 Y78.589 E685.48014
G1 X95.038 Y77.893 E685.51554
G1 X95.38 Y77.38 E685.5463
G1 X95.893 Y77.038 E685.57706
G1 X96.589 Y76.9 E685.61246
G1 X123.411 Y76.9 E686.95061
G1 X124.107 Y77.038 E686.98601
G1 X124.62 Y77.38 E687.01677
G1 X124.962 Y77.893 E687.04753
G1 X125.1 Y78.589 E687.08293
G1 X125.1 Y141.411 E690.21713
G1 X124.962 Y142.107 E690.25253
G1 X124.62 Y142.62 E690.28329
G1 X124.107 Y142.962 E690.31405
G1 X123.411 Y143.1 E690.34945
G0 F9000 X123.472 Y143.7
;TYPE:WALL-OUTER
G1 F1500 X96.528 Y143.7 E691.69369
G1 X95.66 Y143.528 E691.73784
G1 X94.948 Y143.052 E691.78057
G1 X94.472 Y142.34 E691.8233
G1 X94.3 Y141.472 E691.86744
G1 X94.3 Y78.528 E695.00773
G1 X94.472 Y77.66 E695.05188
G1 X94.948 Y76.948 E695.09461
G1 X95.66 Y76.472 E695.13734
G1 X96.528 Y76.3 E695.18148
G1 X123.472 Y76.3 E696.52572
G1 X124.34 Y76.472 E696.56987
G1 X125.052 Y76.948 E696.6126
G1 X125.528 Y77.66 E696.65533
G1 X125.7 Y78.528 E696.69948
G1 X125.7 Y141.472 E699.83976
G1 X125.528 Y142.34 E699.88391
G1 X125.052 Y143.052 E699.92664
G1 X124.34 Y143.528 E699.96937
G1 X123.472 Y143.7 E700.01352
G0 F9000 X123.408 Y143.044
G0 X119.722 Y142.979
;TYPE:FILL
G1 F3000 X115.481 Y138.738 E700.31274
G0 F9000 X114.766 Y137.766
G0 X113.253 Y136.51
G1 F3000 X111.763 Y135.019 E700.4179
G0 F9000 X115.128 Y134.628
G0 X120.856 Y133.018
G1 F3000 X118.187 Y142.98 E700.93244
G0 F9000 X122.628 Y132.628
G0 X123.02 Y126.755
G1 F3000 X124.979 Y126.23 E701.03362
G0 F9000 X123.019 Y124.944
G1 F3000 X124.979 Y117.63 E701.41139
G0 F9000 X123.019 Y120.82
G1 F3000 X124.979 Y122.78 E701.54968
G0 F9000 X123.02 Y108.12
G1 F3000 X124.979 Y107.595 E701.65087
G0 F9000 X124.979 Y97.324
G1 F3000 X123.019 Y95.364 E701.78916
G0 F9000 X123.02 Y89.485
G1 F3000 X124.979 Y88.96 E701.89034
G0 F9000 X122.628 Y87.372
G0 X115.093 Y84.979
G1 F3000 X117.226 Y77.018 E702.30152
G0 F9000 X114.686 Y82.343
G0 X113.936 Y82.941
G0 X111.175 Y83.52
G1 F3000 X112.634 Y84.979 E702.40446
G0 F9000 X106.064 Y82.941
G0 X105.314 Y82.343
G0 X104.899 Y81.478
G0 X104.899 Y80.522
G0 X105.272 Y79.744
G0 X106.273 Y78.618
G1 F3000 X104.675 Y77.02 E702.51721
G0 F9000 X99.995 Y77.019
G1 F3000 X95.071 Y78.339 E702.77154
G0 F9000 X98.591 Y77.018
G1 F3000 X95.02 Y90.347 E703.45998
G0 F9000 X95.019 Y92.82
G1 F3000 X96.979 Y94.78 E703.59827
G0 F9000 X96.978 Y96.462
G1 F3000 X95.02 Y96.987 E703.69941
G0 F9000 X96.978 Y115.097
G1 F3000 X95.02 Y115.622 E703.80054
G0 F9000 X95.019 Y118.276
G1 F3000 X96.979 Y120.236 E703.93883
G0 F9000 X97.372 Y132.628
G0 X99.642 Y133.019
G1 F3000 X95.02 Y134.257 E704.17755
G0 F9000 X102.221 Y133.019
G1 F3000 X99.552 Y142.979 E704.69199
G0 F9000 X99.552 Y142.8
G1 F1500 E698.19199
;MESH:NONMESH
G0 F300 X99.552 Y142.8 Z2.4
G0 F9000 X97.372 Y132.628
G0 X97.372 Y87.372
G0 X104.122 Y85.572
G0 X114.052 Y83.182
;TIME_ELAPSED:830.761053
;LAYER:11
;TYPE:WALL-INNER
;MESH:supporto pulsante doppio kalos UNICO.stl
G1 F1500 E704.69199
G1 X114.895 Y82.511 E704.74574
G1 X115.362 Y81.539 E704.79954
G1 X115.362 Y80.461 E704.85333
G1 X114.895 Y79.489 E704.90713
G1 X114.052 Y78.818 E704.96088
G1 X113.102 Y78.6 E705.00951
G1 X106.898 Y78.6 E705.31903
G1 X105.948 Y78.818 E705.36765
G1 X105.105 Y79.489 E705.42141
G1 X104.638 Y80.461 E705.47521
G1 X104.638 Y81.539 E705.52899
G1 X105.105 Y82.511 E705.58279
G1 X105.948 Y83.182 E705.63654
G1 X106.898 Y83.4 E705.68517
G1 X113.102 Y83.4 E705.99469
G1 X114.052 Y83.182 E706.04332
G0 F9000 X113.785 Y82.628
;TYPE:WALL-OUTER
G1 F1500 X114.414 Y82.127 E706.08344
G1 X114.762 Y81.402 E706.12356
G1 X114.762 Y80.598 E706.16367
G1 X114.414 Y79.873 E706.20379
G1 X113.785 Y79.372 E706.24391
G1 X113.034 Y79.2 E706.28235
G1 X106.966 Y79.2 E706.58508
G1 X106.215 Y79.372 E706.62352
G1 X105.586 Y79.873 E706.66364
G1 X105.238 Y80.598 E706.70376
G1 X105.238 Y81.402 E706.74387
G1 X105.586 Y82.127 E706.78399
G1 X106.215 Y82.628 E706.82411
G1 X106.966 Y82.8 E706.86255
G1 X113.034 Y82.8 E707.16528
G1 X113.785 Y82.628 E707.20372
G0 F9000 X114.071 Y83.222
G1 F1500 E700.70372
G0 F9000 X104.872 Y85.372
G0 X97.372 Y87.372
G0 X97.372 Y132.628
G0 X104.6 Y134.9
;TYPE:WALL-INNER
G1 F1500 E707.20372
G1 X115.4 Y134.9 E707.74253
G1 X115.4 Y132.9 E707.84231
G1 X122.9 Y132.9 E708.21649
G1 X122.9 Y87.1 E710.50146
G1 X115.4 Y87.1 E710.87564
G1 X115.4 Y85.1 E710.97542
G1 X104.6 Y85.1 E711.51423
G1 X104.6 Y87.1 E711.61401
G1 X97.1 Y87.1 E711.98819
G1 X97.1 Y132.9 E714.27316
G1 X104.6 Y132.9 E714.64734
G1 X104.6 Y134.9 E714.74712
G0 F9000 X105.2 Y134.3
;TYPE:WALL-OUTER
G1 F1500 X114.8 Y134.3 E715.22606
G1 X114.8 Y132.3 E715.32584
G1 X122.3 Y132.3 E715.70002
G1 X122.3 Y87.7 E717.92512
G1 X114.8 Y87.7 E718.2993
G1 X114.8 Y85.7 E718.39908
G1 X105.2 Y85.7 E718.87803
G1 X105.2 Y87.7 E718.97781
G1 X97.7 Y87.7 E719.35198
G1 X97.7 Y132.3 E721.57709
G1 X105.2 Y132.3 E721.95126
G1 X105.2 Y134.3 E722.05104
G0 F9000 X104.8 Y134.3
G0 X104.872 Y134.628
G0 X113.936 Y137.059
G0 X114.686 Y137.657
G0 X115.101 Y138.522
G0 X115.101 Y139.478
G0 X114.766 Y140.178
G0 X114.052 Y141.182
;TYPE:WALL-INNER
G1 F1500 X114.895 Y140.511 E722.1048
G1 X115.362 Y139.539 E722.1586
G1 X115.362 Y138.461 E722.21238
G1 X114.895 Y137.489 E722.26618
G1 X114.052 Y136.818 E722.31993
G1 X113.102 Y136.6 E722.36856
G1 X106.898 Y136.6 E722.67808
G1 X105.948 Y136.818 E722.72671
G1 X105.105 Y137.489 E722.78046
G1 X104.638 Y138.461 E722.83426
G1 X104.638 Y139.539 E722.88804
G1 X105.105 Y140.511 E722.94184
G1 X105.948 Y141.182 E722.9956
G1 X106.898 Y141.4 E723.04422
G1 X113.102 Y141.4 E723.35374
G1 X114.052 Y141.182 E723.40237
G0 F9000 X113.785 Y140.628
;TYPE:WALL-OUTER
G1 F1500 X114.414 Y140.127 E723.44249
G1 X114.762 Y139.402 E723.48261
G1 X114.762 Y138.598 E723.52272
G1 X114.414 Y137.873 E723.56284
G1 X113.785 Y137.372 E723.60296
G1 X113.034 Y137.2 E723.6414
G1 X106.966 Y137.2 E723.94413
G1 X106.215 Y137.372 E723.98257
G1 X105.586 Y137.873 E724.02269
G1 X105.238 Y138.598 E724.06281
G1 X105.238 Y139.402 E724.10292
G1 X105.586 Y140.127 E724.14305
G1 X106.215 Y140.628 E724.18316
G1 X106.966 Y140.8 E724.2216
G1 X113.034 Y140.8 E724.52434
G1 X113.785 Y140.628 E724.56277
G0 F9000 X114.071 Y141.222
G0 X123.411 Y143.1
;TYPE:WALL-INNER
G1 F1500 X96.589 Y143.1 E725.90093
G1 X95.893 Y142.962 E725.93633
G1 X95.38 Y142.62 E725.96709
G1 X95.038 Y142.107 E725.99785
G1 X94.9 Y141.411 E726.03325
G1 X94.9 Y78.589 E729.16745
G1 X95.038 Y77.893 E729.20285
G1 X95.38 Y77.38 E729.23361
G1 X95.893 Y77.038 E729.26437
G1 X96.589 Y76.9 E729.29977
G1 X123.411 Y76.9 E730.63792
G1 X124.107 Y77.038 E730.67332
G1 X124.62 Y77.38 E730.70408
G1 X124.962 Y77.893 E730.73484
G1 X125.1 Y78.589 E730.77024
G1 X125.1 Y141.411 E733.90444
G1 X124.962 Y142.107 E733.93984
G1 X124.62 Y142.62 E733.9706
G1 X124.107 Y142.962 E734.00136
G1 X123.411 Y143.1 E734.03676
G0 F9000 X123.472 Y143.7
;TYPE:WALL-OUTER
G1 F1500 X96.528 Y143.7 E735.381
G1 X95.66 Y143.528 E735.42515
G1 X94.948 Y143.052 E735.46788
G1 X94.472 Y142.34 E735.51061
G1 X94.3 Y141.472 E735.55475
G1 X94.3 Y78.528 E738.69504
G1 X94.472 Y77.66 E738.73919
G1 X94.948 Y76.948 E738.78192
G1 X95.66 Y76.472 E738.82465
G1 X96.528 Y76.3 E738.86879
G1 X123.472 Y76.3 E740.21304
G1 X124.34 Y76.472 E740.25718
G1 X125.052 Y76.948 E740.29991
G1 X125.528 Y77.66 E740.34264
G1 X125.7 Y78.528 E740.38679
G1 X125.7 Y141.472 E743.52708
G1 X125.528 Y142.34 E743.57122
G1 X125.052 Y143.052 E743.61395
G1 X124.34 Y143.528 E743.65668
G1 X123.472 Y143.7 E743.70083
G0 F9000 X123.408 Y143.044
G0 X119.923 Y142.979
;TYPE:FILL
G1 F3000 X115.481 Y138.537 E744.01423
G0 F9000 X115.031 Y138.039
G0 X113.514 Y136.57
G1 F3000 X111.963 Y135.019 E744.12367
G0 F9000 X115.128 Y134.628
G0 X120.709 Y133.018
G1 F3000 X118.04 Y142.979 E744.63815
G0 F9000 X122.628 Y132.628
G0 X123.02 Y126.902
G1 F3000 X124.979 Y126.377 E744.73934
G0 F9000 X123.019 Y124.395
G1 F3000 X124.979 Y117.081 E745.11711
G0 F9000 X123.019 Y120.619
G1 F3000 X124.979 Y122.579 E745.2554
G0 F9000 X123.02 Y108.267
G1 F3000 X124.979 Y107.742 E745.35658
G0 F9000 X124.979 Y97.123
G1 F3000 X123.019 Y95.163 E745.49487
G0 F9000 X123.02 Y89.632
G1 F3000 X124.979 Y89.107 E745.59605
G0 F9000 X122.628 Y87.372
G0 X114.946 Y84.979
G1 F3000 X117.079 Y77.018 E746.00724
G0 F9000 X114.686 Y82.343
G0 X113.936 Y82.941
G0 X111.376 Y83.52
G1 F3000 X112.835 Y84.979 E746.11018
G0 F9000 X106.064 Y82.941
G0 X105.314 Y82.343
G0 X104.899 Y81.478
G0 X104.899 Y80.522
G0 X105.272 Y79.744
G0 X106.437 Y78.581
G1 F3000 X104.875 Y77.02 E746.22035
G0 F9000 X100.544 Y77.019
G1 F3000 X95.04 Y78.494 E746.50464
G0 F9000 X98.444 Y77.018
G1 F3000 X95.02 Y89.798 E747.16472
G0 F9000 X95.019 Y92.619
G1 F3000 X96.979 Y94.579 E747.30301
G0 F9000 X96.978 Y96.609
G1 F3000 X95.02 Y97.134 E747.40414
G0 F9000 X96.979 Y115.244
G1 F3000 X95.02 Y115.769 E747.50533
G0 F9000 X95.019 Y118.075
G1 F3000 X96.979 Y120.035 E747.64362
G0 F9000 X97.372 Y132.628
G0 X100.19 Y133.019
G1 F3000 X95.02 Y134.404 E747.91064
G0 F9000 X102.074 Y133.019
G1 F3000 X99.405 Y142.979 E748.42508
G0 F9000 X99.405 Y142.8
G1 F1500 E741.92508
;MESH:NONMESH
G0 F300 X99.405 Y142.8 Z2.6
G0 F9000 X97.372 Y132.628
G0 X97.372 Y87.372
G0 X104.122 Y85.572
G0 X114.052 Y83.182
;TIME_ELAPSED:875.323117
;LAYER:12
;TYPE:WALL-INNER
;MESH:supporto pulsante doppio kalos UNICO.stl
G1 F1500 E748.42508
G1 X114.895 Y82.511 E748.47884
G1 X115.362 Y81.539 E748.53264
G1 X115.362 Y80.461 E748.58642
G1 X114.895 Y79.489 E748.64022
G1 X114.052 Y78.818 E748.69397
G1 X113.102 Y78.6 E748.7426
G1 X106.898 Y78.6 E749.05212
G1 X105.948 Y78.818 E749.10074
G1 X105.105 Y79.489 E749.1545
G1 X104.638 Y80.461 E749.2083
G1 X104.638 Y81.539 E749.26208
G1 X105.105 Y82.511 E749.31588
G1 X105.948 Y83.182 E749.36963
G1 X106.898 Y83.4 E749.41826
G1 X113.102 Y83.4 E749.72778
G1 X114.052 Y83.182 E749.77641
G0 F9000 X113.785 Y82.628
;TYPE:WALL-OUTER
G1 F1500 X114.414 Y82.127 E749.81653
G1 X114.762 Y81.402 E749.85665
G1 X114.762 Y80.598 E749.89676
G1 X114.414 Y79.873 E749.93688
G1 X113.785 Y79.372 E749.977
G1 X113.034 Y79.2 E750.01544
G1 X106.966 Y79.2 E750.31817
G1 X106.215 Y79.372 E750.35661
G1 X105.586 Y79.873 E750.39673
G1 X105.238 Y80.598 E750.43685
G1 X105.238 Y81.402 E750.47696
G1 X105.586 Y82.127 E750.51708
G1 X106.215 Y82.628 E750.5572
G1 X106.966 Y82.8 E750.59564
G1 X113.034 Y82.8 E750.89837
G1 X113.785 Y82.628 E750.93681
G0 F9000 X114.071 Y83.222
G1 F1500 E744.43681
G0 F9000 X104.872 Y85.372
G0 X97.372 Y87.372
G0 X97.372 Y132.628
G0 X104.6 Y134.9
;TYPE:WALL-INNER
G1 F1500 E750.93681
G1 X115.4 Y134.9 E751.47562
G1 X115.4 Y132.9 E751.5754
G1 X122.9 Y132.9 E751.94958
G1 X122.9 Y87.1 E754.23455
G1 X115.4 Y87.1 E754.60873
G1 X115.4 Y85.1 E754.70851
G1 X104.6 Y85.1 E755.24732
G1 X104.6 Y87.1 E755.3471
G1 X97.1 Y87.1 E755.72128
G1 X97.1 Y132.9 E758.00625
G1 X104.6 Y132.9 E758.38043
G1 X104.6 Y134.9 E758.48021
G0 F9000 X105.2 Y134.3
;TYPE:WALL-OUTER
G1 F1500 X114.8 Y134.3 E758.95915
G1 X114.8 Y132.3 E759.05894
G1 X122.3 Y132.3 E759.43311
G1 X122.3 Y87.7 E761.65821
G1 X114.8 Y87.7 E762.03239
G1 X114.8 Y85.7 E762.13217
G1 X105.2 Y85.7 E762.61112
G1 X105.2 Y87.7 E762.7109
G1 X97.7 Y87.7 E763.08507
G1 X97.7 Y132.3 E765.31018
G1 X105.2 Y132.3 E765.68435
G1 X105.2 Y134.3 E765.78413
G0 F9000 X104.8 Y134.3
G0 X104.872 Y134.628
G0 X113.936 Y137.059
G0 X114.686 Y137.657
G0 X115.101 Y138.522
G0 X115.101 Y139.478
G0 X114.766 Y140.178
G0 X114.052 Y141.182
;TYPE:WALL-INNER
G1 F1500 X114.895 Y140.511 E765.83789
G1 X115.362 Y139.539 E765.89169
G1 X115.362 Y138.461 E765.94547
G1 X114.895 Y137.489 E765.99927
G1 X114.052 Y136.818 E766.05302
G1 X113.102 Y136.6 E766.10165
G1 X106.898 Y136.6 E766.41117
G1 X105.948 Y136.818 E766.4598
G1 X105.105 Y137.489 E766.51355
G1 X104.638 Y138.461 E766.56735
G1 X104.638 Y139.539 E766.62113
G1 X105.105 Y140.511 E766.67493
G1 X105.948 Y141.182 E766.72869
G1 X106.898 Y141.4 E766.77732
G1 X113.102 Y141.4 E767.08683
G1 X114.052 Y141.182 E767.13546
G0 F9000 X113.785 Y140.628
;TYPE:WALL-OUTER
G1 F1500 X114.414 Y140.127 E767.17558
G1 X114.762 Y139.402 E767.2157
G1 X114.762 Y138.598 E767.25581
G1 X114.414 Y137.873 E767.29593
G1 X113.785 Y137.372 E767.33605
G1 X113.034 Y137.2 E767.37449
G1 X106.966 Y137.2 E767.67722
G1 X106.215 Y137.372 E767.71566
G1 X105.586 Y137.873 E767.75578
G1 X105.238 Y138.598 E767.7959
G1 X105.238 Y139.402 E767.83601
G1 X105.586 Y140.127 E767.87614
G1 X106.215 Y140.628 E767.91625
G1 X106.966 Y140.8 E767.95469
G1 X113.034 Y140.8 E768.25743
G1 X113.785 Y140.628 E768.29586
G0 F9000 X114.071 Y141.222
G0 X123.411 Y143.1
;TYPE:WALL-INNER
G1 F1500 X96.589 Y143.1 E769.63402
G1 X95.893 Y142.962 E769.66942
G1 X95.38 Y142.62 E769.70018
G1 X95.038 Y142.107 E769.73094
G1 X94.9 Y141.411 E769.76634
G1 X94.9 Y78.589 E772.90054
G1 X95.038 Y77.893 E772.93594
G1 X95.38 Y77.38 E772.9667
G1 X95.893 Y77.038 E772.99746
G1 X96.589 Y76.9 E773.03286
G1 X123.411 Y76.9 E774.37101
G1 X124.107 Y77.038 E774.40641
G1 X124.62 Y77.38 E774.43717
G1 X124.962 Y77.893 E774.46793
G1 X125.1 Y78.589 E774.50333
G1 X125.1 Y141.411 E777.63753
G1 X124.962 Y142.107 E777.67293
G1 X124.62 Y142.62 E777.70369
G1 X124.107 Y142.962 E777.73445
G1 X123.411 Y143.1 E777.76985
G0 F9000 X123.472 Y143.7
;TYPE:WALL-OUTER
G1 F1500 X96.528 Y143.7 E779.11409
G1 X95.66 Y143.528 E779.15824
G1 X94.948 Y143.052 E779.20097
G1 X94.472 Y142.34 E779.2437
G1 X94.3 Y141.472 E779.28785
G1 X94.3 Y78.528 E782.42813
G1 X94.472 Y77.66 E782.47228
G1 X94.948 Y76.948 E782.51501
G1 X95.66 Y76.472 E782.55774
G1 X96.528 Y76.3 E782.60189
G1 X123.472 Y76.3 E783.94613
G1 X124.34 Y76.472 E783.99027
G1 X125.052 Y76.948 E784.033
G1 X125.528 Y77.66 E784.07573
G1 X125.7 Y78.528 E784.11988
G1 X125.7 Y141.472 E787.26017
G1 X125.528 Y142.34 E787.30431
G1 X125.052 Y143.052 E787.34704
G1 X124.34 Y143.528 E787.38977
G1 X123.472 Y143.7 E787.43392
G0 F9000 X123.408 Y143.044
G0 X120.122 Y142.979
;TYPE:FILL
G1 F3000 X115.395 Y138.252 E787.76743
G0 F9000 X113.773 Y136.63
G1 F3000 X112.163 Y135.019 E787.88106
G0 F9000 X115.128 Y134.628
G0 X120.563 Y133.018
G1 F3000 X117.894 Y142.98 E788.3956
G0 F9000 X122.628 Y132.628
G0 X123.02 Y127.048
G1 F3000 X124.979 Y126.523 E788.49678
G0 F9000 X123.02 Y123.85
G1 F3000 X124.979 Y116.536 E788.87454
G0 F9000 X123.019 Y120.42
G1 F3000 X124.979 Y122.38 E789.01283
G0 F9000 X123.02 Y108.413
G1 F3000 X124.979 Y107.888 E789.11401
G0 F9000 X124.979 Y96.924
G1 F3000 X123.019 Y94.964 E789.2523
G0 F9000 X123.02 Y89.778
G1 F3000 X124.979 Y89.253 E789.35349
G0 F9000 X122.628 Y87.372
G0 X114.8 Y84.98
G1 F3000 X116.933 Y77.018 E789.76472
G0 F9000 X115.101 Y81.478
G0 X114.686 Y82.343
G0 X113.936 Y82.941
G0 X111.575 Y83.52
G1 F3000 X113.034 Y84.979 E789.86766
G0 F9000 X106.064 Y82.941
G0 X105.314 Y82.343
G0 X104.899 Y81.478
G0 X104.899 Y80.522
G0 X105.272 Y79.744
G0 X106.599 Y78.544
G1 F3000 X105.075 Y77.02 E789.97519
G0 F9000 X101.088 Y77.019
G1 F3000 X95.019 Y78.645 E790.28865
G0 F9000 X98.298 Y77.018
G1 F3000 X95.02 Y89.254 E790.92063
G0 F9000 X95.019 Y92.42
G1 F3000 X96.979 Y94.38 E791.05892
G0 F9000 X96.978 Y96.755
G1 F3000 X95.019 Y97.28 E791.1601
G0 F9000 X96.978 Y115.39
G1 F3000 X95.019 Y115.915 E791.26129
G0 F9000 X95.019 Y117.876
G1 F3000 X96.979 Y119.836 E791.39958
G0 F9000 X97.372 Y132.628
G0 X100.735 Y133.019
G1 F3000 X95.02 Y134.55 E791.69475
G0 F9000 X101.928 Y133.019
G1 F3000 X99.259 Y142.98 E792.20924
G0 F9000 X99.259 Y142.8
G1 F1500 E785.70924
;MESH:NONMESH
G0 F300 X99.259 Y142.8 Z2.8
G0 F9000 X97.372 Y132.628
G0 X97.372 Y87.372
G0 X104.122 Y85.572
G0 X114.052 Y83.182
;TIME_ELAPSED:919.913666
;LAYER:13
;TYPE:WALL-INNER
;MESH:supporto pulsante doppio kalos UNICO.stl
G1 F1500 E792.20924
G1 X114.895 Y82.511 E792.26299
G1 X115.362 Y81.539 E792.31679
G1 X115.362 Y80.461 E792.37057
G1 X114.895 Y79.489 E792.42437
G1 X114.052 Y78.818 E792.47813
G1 X113.102 Y78.6 E792.52676
G1 X106.898 Y78.6 E792.83627
G1 X105.948 Y78.818 E792.8849
G1 X105.105 Y79.489 E792.93866
G1 X104.638 Y80.461 E792.99246
G1 X104.638 Y81.539 E793.04624
G1 X105.105 Y82.511 E793.10004
G1 X105.948 Y83.182 E793.15379
G1 X106.898 Y83.4 E793.20242
G1 X113.102 Y83.4 E793.51194
G1 X114.052 Y83.182 E793.56056
G0 F9000 X113.785 Y82.628
;TYPE:WALL-OUTER
G1 F1500 X114.414 Y82.127 E793.60068
G1 X114.762 Y81.402 E793.6408
G1 X114.762 Y80.598 E793.68092
G1 X114.414 Y79.873 E793.72104
G1 X113.785 Y79.372 E793.76116
G1 X113.034 Y79.2 E793.79959
G1 X106.966 Y79.2 E794.10233
G1 X106.215 Y79.372 E794.14077
G1 X105.586 Y79.873 E794.18088
G1 X105.238 Y80.598 E794.22101
G1 X105.238 Y81.402 E794.26112
G1 X105.586 Y82.127 E794.30124
G1 X106.215 Y82.628 E794.34136
G1 X106.966 Y82.8 E794.3798
G1 X113.034 Y82.8 E794.68253
G1 X113.785 Y82.628 E794.72097
G0 F9000 X114.071 Y83.222
G1 F1500 E788.22097
G0 F9000 X104.872 Y85.372
G0 X97.372 Y87.372
G0 X97.372 Y132.628
G0 X104.6 Y134.9
;TYPE:WALL-INNER
G1 F1500 E794.72097
G1 X115.4 Y134.9 E795.25978
G1 X115.4 Y132.9 E795.35956
G1 X122.9 Y132.9 E795.73374
G1 X122.9 Y87.1 E798.01871
G1 X115.4 Y87.1 E798.39289
G1 X115.4 Y85.1 E798.49267
G1 X104.6 Y85.1 E799.03148
G1 X104.6 Y87.1 E799.13126
G1 X97.1 Y87.1 E799.50544
G1 X97.1 Y132.9 E801.79041
G1 X104.6 Y132.9 E802.16459
G1 X104.6 Y134.9 E802.26437
G0 F9000 X105.2 Y134.3
;TYPE:WALL-OUTER
G1 F1500 X114.8 Y134.3 E802.74331
G1 X114.8 Y132.3 E802.84309
G1 X122.3 Y132.3 E803.21727
G1 X122.3 Y87.7 E805.44237
G1 X114.8 Y87.7 E805.81655
G1 X114.8 Y85.7 E805.91633
G1 X105.2 Y85.7 E806.39527
G1 X105.2 Y87.7 E806.49505
G1 X97.7 Y87.7 E806.86923
G1 X97.7 Y132.3 E809.09433
G1 X105.2 Y132.3 E809.46851
G1 X105.2 Y134.3 E809.56829
G0 F9000 X104.8 Y134.3
G0 X104.872 Y134.628
G0 X113.936 Y137.059
G0 X114.686 Y137.657
G0 X115.101 Y138.522
G0 X115.101 Y139.478
G0 X114.766 Y140.178
G0 X114.052 Y141.182
;TYPE:WALL-INNER
G1 F1500 X114.895 Y140.511 E809.62205
G1 X115.362 Y139.539 E809.67585
G1 X115.362 Y138.461 E809.72963
G1 X114.895 Y137.489 E809.78343
G1 X114.052 Y136.818 E809.83718
G1 X113.102 Y136.6 E809.88581
G1 X106.898 Y136.6 E810.19533
G1 X105.948 Y136.818 E810.24395
G1 X105.105 Y137.489 E810.29771
G1 X104.638 Y138.461 E810.35151
G1 X104.638 Y139.539 E810.40529
G1 X105.105 Y140.511 E810.45909
G1 X105.948 Y141.182 E810.51284
G1 X106.898 Y141.4 E810.56147
G1 X113.102 Y141.4 E810.87099
G1 X114.052 Y141.182 E810.91962
G0 F9000 X113.785 Y140.628
;TYPE:WALL-OUTER
G1 F1500 X114.414 Y140.127 E810.95974
G1 X114.762 Y139.402 E810.99986
G1 X114.762 Y138.598 E811.03997
G1 X114.414 Y137.873 E811.08009
G1 X113.785 Y137.372 E811.12021
G1 X113.034 Y137.2 E811.15865
G1 X106.966 Y137.2 E811.46138
G1 X106.215 Y137.372 E811.49982
G1 X105.586 Y137.873 E811.53994
G1 X105.238 Y138.598 E811.58006
G1 X105.238 Y139.402 E811.62017
G1 X105.586 Y140.127 E811.66029
G1 X106.215 Y140.628 E811.70041
G1 X106.966 Y140.8 E811.73885
G1 X113.034 Y140.8 E812.04158
G1 X113.785 Y140.628 E812.08002
G0 F9000 X114.071 Y141.222
G0 X123.411 Y143.1
;TYPE:WALL-INNER
G1 F1500 X96.589 Y143.1 E813.41818
G1 X95.893 Y142.962 E813.45357
G1 X95.38 Y142.62 E813.48433
G1 X95.038 Y142.107 E813.51509
G1 X94.9 Y141.411 E813.55049
G1 X94.9 Y78.589 E816.6847
G1 X95.038 Y77.893 E816.7201
G1 X95.38 Y77.38 E816.75086
G1 X95.893 Y77.038 E816.78162
G1 X96.589 Y76.9 E816.81701
G1 X123.411 Y76.9 E818.15517
G1 X124.107 Y77.038 E818.19057
G1 X124.62 Y77.38 E818.22133
G1 X124.962 Y77.893 E818.25209
G1 X125.1 Y78.589 E818.28749
G1 X125.1 Y141.411 E821.42169
G1 X124.962 Y142.107 E821.45709
G1 X124.62 Y142.62 E821.48785
G1 X124.107 Y142.962 E821.51861
G1 X123.411 Y143.1 E821.55401
G0 F9000 X123.472 Y143.7
;TYPE:WALL-OUTER
G1 F1500 X96.528 Y143.7 E822.89825
G1 X95.66 Y143.528 E822.9424
G1 X94.948 Y143.052 E822.98513
G1 X94.472 Y142.34 E823.02786
G1 X94.3 Y141.472 E823.072
G1 X94.3 Y78.528 E826.21229
G1 X94.472 Y77.66 E826.25644
G1 X94.948 Y76.948 E826.29917
G1 X95.66 Y76.472 E826.3419
G1 X96.528 Y76.3 E826.38604
G1 X123.472 Y76.3 E827.73028
G1 X124.34 Y76.472 E827.77443
G1 X125.052 Y76.948 E827.81716
G1 X125.528 Y77.66 E827.85989
G1 X125.7 Y78.528 E827.90403
G1 X125.7 Y141.472 E831.04432
G1 X125.528 Y142.34 E831.08847
G1 X125.052 Y143.052 E831.1312
G1 X124.34 Y143.528 E831.17393
G1 X123.472 Y143.7 E831.21807
G0 F9000 X123.408 Y143.044
G0 X120.321 Y142.979
;TYPE:FILL
G1 F3000 X115.21 Y137.867 E831.57872
G0 F9000 X114.032 Y136.689
G1 F3000 X112.362 Y135.019 E831.69655
G0 F9000 X115.128 Y134.628
G0 X120.417 Y133.018
G1 F3000 X117.748 Y142.98 E832.21108
G0 F9000 X122.628 Y132.628
G0 X123.02 Y127.194
G1 F3000 X124.978 Y126.669 E832.31222
G0 F9000 X123.02 Y123.305
G1 F3000 X124.979 Y115.992 E832.68993
G0 F9000 X123.019 Y120.22
G1 F3000 X124.979 Y122.18 E832.82822
G0 F9000 X123.019 Y108.559
G1 F3000 X124.978 Y108.034 E832.9294
G0 F9000 X124.979 Y96.725
G1 F3000 X123.019 Y94.765 E833.06769
G0 F9000 X123.019 Y89.924
G1 F3000 X124.978 Y89.399 E833.16887
G0 F9000 X122.628 Y87.372
G0 X114.654 Y84.979
G1 F3000 X116.787 Y77.019 E833.58001
G0 F9000 X115.101 Y81.478
G0 X114.686 Y82.343
G0 X114.011 Y82.881
G0 X111.775 Y83.52
G1 F3000 X113.233 Y84.979 E833.68291
G0 F9000 X106.064 Y82.941
G0 X105.314 Y82.343
G0 X104.899 Y81.478
G0 X104.899 Y80.522
G0 X105.314 Y79.657
G0 X106.761 Y78.506
G1 F3000 X105.274 Y77.02 E833.78779
G0 F9000 X101.633 Y77.019
G1 F3000 X95.019 Y78.791 E834.12941
G0 F9000 X98.152 Y77.018
G1 F3000 X95.02 Y88.708 E834.73319
G0 F9000 X95.019 Y92.22
G1 F3000 X96.979 Y94.18 E834.87148
G0 F9000 X96.978 Y96.901
G1 F3000 X95.019 Y97.426 E834.97266
G0 F9000 X96.978 Y115.536
G1 F3000 X95.019 Y116.061 E835.07385
G0 F9000 X95.019 Y117.676
G1 F3000 X96.979 Y119.636 E835.21214
G0 F9000 X97.372 Y132.628
G0 X101.279 Y133.019
G1 F3000 X95.019 Y134.696 E835.53546
G0 F9000 X101.782 Y133.019
G1 F3000 X99.113 Y142.98 E836.04995
G0 F9000 X99.113 Y142.8
G1 F1500 E829.54995
;MESH:NONMESH
G0 F300 X99.113 Y142.8 Z3
G0 F9000 X97.372 Y132.628
G0 X97.372 Y87.372
G0 X104.122 Y85.572
G0 X114.052 Y83.182
;TIME_ELAPSED:964.525178
;LAYER:14
;TYPE:WALL-INNER
;MESH:supporto pulsante doppio kalos UNICO.stl
G1 F1500 E836.04995
G1 X114.895 Y82.511 E836.1037
G1 X115.362 Y81.539 E836.1575
G1 X115.362 Y80.461 E836.21128
G1 X114.895 Y79.489 E836.26508
G1 X114.052 Y78.818 E836.31884
G1 X113.102 Y78.6 E836.36747
G1 X106.898 Y78.6 E836.67698
G1 X105.948 Y78.818 E836.72561
G1 X105.105 Y79.489 E836.77937
G1 X104.638 Y80.461 E836.83317
G1 X104.638 Y81.539 E836.88695
G1 X105.105 Y82.511 E836.94075
G1 X105.948 Y83.182 E836.9945
G1 X106.898 Y83.4 E837.04313
G1 X113.102 Y83.4 E837.35265
G1 X114.052 Y83.182 E837.40127
G0 F9000 X113.785 Y82.628
;TYPE:WALL-OUTER
G1 F1500 X114.414 Y82.127 E837.44139
G1 X114.762 Y81.402 E837.48151
G1 X114.762 Y80.598 E837.52163
G1 X114.414 Y79.873 E837.56175
G1 X113.785 Y79.372 E837.60187
G1 X113.034 Y79.2 E837.6403
G1 X106.966 Y79.2 E837.94304
G1 X106.215 Y79.372 E837.98148
G1 X105.586 Y79.873 E838.02159
G1 X105.238 Y80.598 E838.06172
G1 X105.238 Y81.402 E838.10183
G1 X105.586 Y82.127 E838.14195
G1 X106.215 Y82.628 E838.18207
G1 X106.966 Y82.8 E838.22051
G1 X113.034 Y82.8 E838.52324
G1 X113.785 Y82.628 E838.56168
G0 F9000 X114.071 Y83.222
G1 F1500 E832.06168
G0 F9000 X104.872 Y85.372
G0 X97.372 Y87.372
G0 X97.372 Y132.628
G0 X104.6 Y134.9
;TYPE:WALL-INNER
G1 F1500 E838.56168
G1 X115.4 Y134.9 E839.10049
G1 X115.4 Y132.9 E839.20027
G1 X122.9 Y132.9 E839.57445
G1 X122.9 Y87.1 E841.85942
G1 X115.4 Y87.1 E842.2336
G1 X115.4 Y85.1 E842.33338
G1 X104.6 Y85.1 E842.87219
G1 X104.6 Y87.1 E842.97197
G1 X97.1 Y87.1 E843.34615
G1 X97.1 Y132.9 E845.63112
G1 X104.6 Y132.9 E846.0053
G1 X104.6 Y134.9 E846.10508
G0 F9000 X105.2 Y134.3
;TYPE:WALL-OUTER
G1 F1500 X114.8 Y134.3 E846.58402
G1 X114.8 Y132.3 E846.6838
G1 X122.3 Y132.3 E847.05798
G1 X122.3 Y87.7 E849.28308
G1 X114.8 Y87.7 E849.65726
G1 X114.8 Y85.7 E849.75704
G1 X105.2 Y85.7 E850.23598
G1 X105.2 Y87.7 E850.33576
G1 X97.7 Y87.7 E850.70994
G1 X97.7 Y132.3 E852.93504
G1 X105.2 Y132.3 E853.30922
G1 X105.2 Y134.3 E853.409
G0 F9000 X104.8 Y134.3
G0 X104.872 Y134.628
G0 X113.936 Y137.059
G0 X114.686 Y137.657
G0 X115.101 Y138.522
G0 X115.101 Y139.478
G0 X114.766 Y140.178
G0 X114.052 Y141.182
;TYPE:WALL-INNER
G1 F1500 X114.895 Y140.511 E853.46276
G1 X115.362 Y139.539 E853.51656
G1 X115.362 Y138.461 E853.57034
G1 X114.895 Y137.489 E853.62414
G1 X114.052 Y136.818 E853.67789
G1 X113.102 Y136.6 E853.72652
G1 X106.898 Y136.6 E854.03604
G1 X105.948 Y136.818 E854.08466
G1 X105.105 Y137.489 E854.13842
G1 X104.638 Y138.461 E854.19222
G1 X104.638 Y139.539 E854.246
G1 X105.105 Y140.511 E854.2998
G1 X105.948 Y141.182 E854.35355
G1 X106.898 Y141.4 E854.40218
G1 X113.102 Y141.4 E854.7117
G1 X114.052 Y141.182 E854.76033
G0 F9000 X113.785 Y140.628
;TYPE:WALL-OUTER
G1 F1500 X114.414 Y140.127 E854.80045
G1 X114.762 Y139.402 E854.84057
G1 X114.762 Y138.598 E854.88068
G1 X114.414 Y137.873 E854.9208
G1 X113.785 Y137.372 E854.96092
G1 X113.034 Y137.2 E854.99936
G1 X106.966 Y137.2 E855.30209
G1 X106.215 Y137.372 E855.34053
G1 X105.586 Y137.873 E855.38065
G1 X105.238 Y138.598 E855.42077
G1 X105.238 Y139.402 E855.46088
G1 X105.586 Y140.127 E855.501
G1 X106.215 Y140.628 E855.54112
G1 X106.966 Y140.8 E855.57956
G1 X113.034 Y140.8 E855.88229
G1 X113.785 Y140.628 E855.92073
G0 F9000 X114.071 Y141.222
G0 X123.411 Y143.1
;TYPE:WALL-INNER
G1 F1500 X96.589 Y143.1 E857.25889
G1 X95.893 Y142.962 E857.29428
G1 X95.38 Y142.62 E857.32504
G1 X95.038 Y142.107 E857.3558
G1 X94.9 Y141.411 E857.3912
G1 X94.9 Y78.589 E860.52541
G1 X95.038 Y77.893 E860.56081
G1 X95.38 Y77.38 E860.59157
G1 X95.893 Y77.038 E860.62233
G1 X96.589 Y76.9 E860.65772
G1 X123.411 Y76.9 E861.99588
G1 X124.107 Y77.038 E862.03128
G1 X124.62 Y77.38 E862.06204
G1 X124.962 Y77.893 E862.0928
G1 X125.1 Y78.589 E862.1282
G1 X125.1 Y141.411 E865.2624
G1 X124.962 Y142.107 E865.2978
G1 X124.62 Y142.62 E865.32856
G1 X124.107 Y142.962 E865.35932
G1 X123.411 Y143.1 E865.39472
G0 F9000 X123.472 Y143.7
;TYPE:WALL-OUTER
G1 F1500 X96.528 Y143.7 E866.73896
G1 X95.66 Y143.528 E866.78311
G1 X94.948 Y143.052 E866.82584
G1 X94.472 Y142.34 E866.86857
G1 X94.3 Y141.472 E866.91271
G1 X94.3 Y78.528 E870.053
G1 X94.472 Y77.66 E870.09715
G1 X94.948 Y76.948 E870.13988
G1 X95.66 Y76.472 E870.18261
G1 X96.528 Y76.3 E870.22675
G1 X123.472 Y76.3 E871.57099
G1 X124.34 Y76.472 E871.61514
G1 X125.052 Y76.948 E871.65787
G1 X125.528 Y77.66 E871.7006
G1 X125.7 Y78.528 E871.74474
G1 X125.7 Y141.472 E874.88503
G1 X125.528 Y142.34 E874.92918
G1 X125.052 Y143.052 E874.97191
G1 X124.34 Y143.528 E875.01464
G1 X123.472 Y143.7 E875.05878
G0 F9000 X123.408 Y143.044
G0 X120.522 Y142.979
;TYPE:FILL
G1 F3000 X115.024 Y137.48 E875.44673
G0 F9000 X114.817 Y137.274
G1 F3000 X112.563 Y135.019 E875.6058
G0 F9000 X115.128 Y134.628
G0 X120.27 Y133.018
G1 F3000 X117.601 Y142.98 E876.12034
G0 F9000 X122.628 Y132.628
G0 X123.02 Y127.341
G1 F3000 X124.979 Y126.816 E876.22152
G0 F9000 X123.02 Y122.756
G1 F3000 X124.979 Y115.443 E876.59923
G0 F9000 X123.019 Y120.02
G1 F3000 X124.979 Y121.98 E876.73752
G0 F9000 X123.02 Y108.706
G1 F3000 X124.978 Y108.181 E876.83865
G0 F9000 X124.979 Y96.524
G1 F3000 X123.019 Y94.564 E876.97694
G0 F9000 X123.019 Y90.071
G1 F3000 X124.978 Y89.546 E877.07813
G0 F9000 X122.628 Y87.372
G0 X114.507 Y84.98
G1 F3000 X115.346 Y81.847 E877.23994
G0 F9000 X115.482 Y81.341
G1 F3000 X116.64 Y77.019 E877.46317
G0 F9000 X115.101 Y81.478
G0 X114.686 Y82.343
G0 X114.011 Y82.881
G0 X111.976 Y83.52
G1 F3000 X113.434 Y84.979 E877.56608
G0 F9000 X106.064 Y82.941
G0 X105.314 Y82.343
G0 X104.899 Y81.478
G0 X104.899 Y80.522
G0 X105.314 Y79.657
G0 X105.526 Y79.488
G0 X106.935 Y78.479
G1 F3000 X105.475 Y77.02 E877.66905
G0 F9000 X102.181 Y77.019
G1 F3000 X95.019 Y78.938 E878.03897
G0 F9000 X98.005 Y77.018
G1 F3000 X95.019 Y88.16 E878.61446
G0 F9000 X95.019 Y92.02
G1 F3000 X96.979 Y93.98 E878.75275
G0 F9000 X96.978 Y97.048
G1 F3000 X95.019 Y97.573 E878.85393
G0 F9000 X96.978 Y115.683
G1 F3000 X95.019 Y116.208 E878.95512
G0 F9000 X95.019 Y117.475
G1 F3000 X96.979 Y119.435 E879.09341
G0 F9000 X97.372 Y132.628
G0 X101.635 Y133.019
G1 F3000 X98.966 Y142.98 E879.60789
G0 F9000 X95.019 Y134.843
G1 F3000 X101.828 Y133.019 E879.95957
G0 F9000 X101.828 Y133.2
G1 F1500 E873.45957
;MESH:NONMESH
G0 F300 X101.828 Y133.2 Z3.2
G0 F9000 X97.372 Y132.628
G0 X97.372 Y87.372
G0 X104.122 Y85.572
G0 X114.052 Y83.182
;TIME_ELAPSED:1009.295929
;LAYER:15
;TYPE:WALL-INNER
;MESH:supporto pulsante doppio kalos UNICO.stl
G1 F1500 E879.95957
G1 X114.895 Y82.511 E880.01333
G1 X115.362 Y81.539 E880.06713
G1 X115.362 Y80.461 E880.12091
G1 X114.895 Y79.489 E880.17471
G1 X114.052 Y78.818 E880.22846
G1 X113.102 Y78.6 E880.27709
G1 X106.898 Y78.6 E880.58661
G1 X105.948 Y78.818 E880.63524
G1 X105.105 Y79.489 E880.68899
G1 X104.638 Y80.461 E880.74279
G1 X104.638 Y81.539 E880.79657
G1 X105.105 Y82.511 E880.85037
G1 X105.948 Y83.182 E880.90413
G1 X106.898 Y83.4 E880.95275
G1 X113.102 Y83.4 E881.26227
G1 X114.052 Y83.182 E881.3109
G0 F9000 X113.785 Y82.628
;TYPE:WALL-OUTER
G1 F1500 X114.414 Y82.127 E881.35102
G1 X114.762 Y81.402 E881.39114
G1 X114.762 Y80.598 E881.43125
G1 X114.414 Y79.873 E881.47137
G1 X113.785 Y79.372 E881.51149
G1 X113.034 Y79.2 E881.54993
G1 X106.966 Y79.2 E881.85266
G1 X106.215 Y79.372 E881.8911
G1 X105.586 Y79.873 E881.93122
G1 X105.238 Y80.598 E881.97134
G1 X105.238 Y81.402 E882.01145
G1 X105.586 Y82.127 E882.05157
G1 X106.215 Y82.628 E882.09169
G1 X106.966 Y82.8 E882.13013
G1 X113.034 Y82.8 E882.43286
G1 X113.785 Y82.628 E882.4713
G0 F9000 X114.071 Y83.222
G1 F1500 E875.9713
G0 F9000 X104.872 Y85.372
G0 X97.372 Y87.372
G0 X97.372 Y132.628
G0 X104.6 Y134.9
;TYPE:WALL-INNER
G1 F1500 E882.4713
G1 X115.4 Y134.9 E883.01012
G1 X115.4 Y132.9 E883.1099
G1 X122.9 Y132.9 E883.48407
G1 X122.9 Y87.1 E885.76904
G1 X115.4 Y87.1 E886.14322
G1 X115.4 Y85.1 E886.243
G1 X104.6 Y85.1 E886.78182
G1 X104.6 Y87.1 E886.8816
G1 X97.1 Y87.1 E887.25577
G1 X97.1 Y132.9 E889.54074
G1 X104.6 Y132.9 E889.91492
G1 X104.6 Y134.9 E890.0147
G0 F9000 X105.2 Y134.3
;TYPE:WALL-OUTER
G1 F1500 X114.8 Y134.3 E890.49365
G1 X114.8 Y132.3 E890.59343
G1 X122.3 Y132.3 E890.9676
G1 X122.3 Y87.7 E893.19271
G1 X114.8 Y87.7 E893.56688
G1 X114.8 Y85.7 E893.66666
G1 X105.2 Y85.7 E894.14561
G1 X105.2 Y87.7 E894.24539
G1 X97.7 Y87.7 E894.61957
G1 X97.7 Y132.3 E896.84467
G1 X105.2 Y132.3 E897.21885
G1 X105.2 Y134.3 E897.31863
G0 F9000 X104.8 Y134.3
G0 X104.872 Y134.628
G0 X113.936 Y137.059
G0 X114.686 Y137.657
G0 X115.101 Y138.522
G0 X115.101 Y139.478
G0 X114.766 Y140.178
G0 X114.052 Y141.182
;TYPE:WALL-INNER
G1 F1500 X114.895 Y140.511 E897.37238
G1 X115.362 Y139.539 E897.42618
G1 X115.362 Y138.461 E897.47996
G1 X114.895 Y137.489 E897.53376
G1 X114.052 Y136.818 E897.58752
G1 X113.102 Y136.6 E897.63614
G1 X106.898 Y136.6 E897.94566
G1 X105.948 Y136.818 E897.99429
G1 X105.105 Y137.489 E898.04804
G1 X104.638 Y138.461 E898.10184
G1 X104.638 Y139.539 E898.15563
G1 X105.105 Y140.511 E898.20942
G1 X105.948 Y141.182 E898.26318
G1 X106.898 Y141.4 E898.31181
G1 X113.102 Y141.4 E898.62133
G1 X114.052 Y141.182 E898.66995
G0 F9000 X113.785 Y140.628
;TYPE:WALL-OUTER
G1 F1500 X114.414 Y140.127 E898.71007
G1 X114.762 Y139.402 E898.75019
G1 X114.762 Y138.598 E898.7903
G1 X114.414 Y137.873 E898.83043
G1 X113.785 Y137.372 E898.87055
G1 X113.034 Y137.2 E898.90898
G1 X106.966 Y137.2 E899.21172
G1 X106.215 Y137.372 E899.25015
G1 X105.586 Y137.873 E899.29027
G1 X105.238 Y138.598 E899.33039
G1 X105.238 Y139.402 E899.37051
G1 X105.586 Y140.127 E899.41063
G1 X106.215 Y140.628 E899.45075
G1 X106.966 Y140.8 E899.48918
G1 X113.034 Y140.8 E899.79192
G1 X113.785 Y140.628 E899.83036
G0 F9000 X114.071 Y141.222
G0 X123.411 Y143.1
;TYPE:WALL-INNER
G1 F1500 X96.589 Y143.1 E901.16851
G1 X95.893 Y142.962 E901.20391
G1 X95.38 Y142.62 E901.23467
G1 X95.038 Y142.107 E901.26543
G1 X94.9 Y141.411 E901.30083
G1 X94.9 Y78.589 E904.43503
G1 X95.038 Y77.893 E904.47043
G1 X95.38 Y77.38 E904.50119
G1 X95.893 Y77.038 E904.53195
G1 X96.589 Y76.9 E904.56735
G1 X123.411 Y76.9 E905.9055
G1 X124.107 Y77.038 E905.9409
G1 X124.62 Y77.38 E905.97166
G1 X124.962 Y77.893 E906.00242
G1 X125.1 Y78.589 E906.03782
G1 X125.1 Y141.411 E909.17203
G1 X124.962 Y142.107 E909.20743
G1 X124.62 Y142.62 E909.23818
G1 X124.107 Y142.962 E909.26894
G1 X123.411 Y143.1 E909.30434
G0 F9000 X123.472 Y143.7
;TYPE:WALL-OUTER
G1 F1500 X96.528 Y143.7 E910.64859
G1 X95.66 Y143.528 E910.69273
G1 X94.948 Y143.052 E910.73546
G1 X94.472 Y142.34 E910.77819
G1 X94.3 Y141.472 E910.82234
G1 X94.3 Y78.528 E913.96263
G1 X94.472 Y77.66 E914.00677
G1 X94.948 Y76.948 E914.0495
G1 X95.66 Y76.472 E914.09223
G1 X96.528 Y76.3 E914.13638
G1 X123.472 Y76.3 E915.48062
G1 X124.34 Y76.472 E915.52477
G1 X125.052 Y76.948 E915.56749
G1 X125.528 Y77.66 E915.61022
G1 X125.7 Y78.528 E915.65437
G1 X125.7 Y141.472 E918.79466
G1 X125.528 Y142.34 E918.83881
G1 X125.052 Y143.052 E918.88153
G1 X124.34 Y143.528 E918.92426
G1 X123.472 Y143.7 E918.96841
G0 F9000 X123.408 Y143.044
G0 X120.722 Y142.979
;TYPE:FILL
G1 F3000 X112.763 Y135.019 E919.53
G0 F9000 X114.891 Y134.668
G0 X120.124 Y133.018
G1 F3000 X117.455 Y142.979 E920.04448
G0 F9000 X122.628 Y132.628
G0 X123.019 Y127.487
G1 F3000 X124.979 Y126.961 E920.14573
G0 F9000 X123.019 Y122.212
G1 F3000 X124.979 Y114.899 E920.52345
G0 F9000 X123.019 Y119.82
G1 F3000 X124.979 Y121.78 E920.66174
G0 F9000 X123.02 Y108.851
G1 F3000 X124.978 Y108.327 E920.76286
G0 F9000 X124.979 Y96.324
G1 F3000 X123.019 Y94.364 E920.90115
G0 F9000 X123.02 Y90.216
G1 F3000 X124.978 Y89.692 E921.00227
G0 F9000 X122.628 Y87.372
G0 X115.634 Y86.979
G1 F3000 X115.519 Y86.864 E921.01039
G0 F9000 X115.128 Y85.372
G0 X114.361 Y84.979
G1 F3000 X115.017 Y82.531 E921.13683
G0 F9000 X115.481 Y80.798
G1 F3000 X116.494 Y77.019 E921.33202
G0 F9000 X115.101 Y81.478
G0 X114.686 Y82.343
G0 X114.011 Y82.881
G0 X112.175 Y83.52
G1 F3000 X113.634 Y84.979 E921.43496
G0 F9000 X106.064 Y82.941
G0 X105.314 Y82.343
G0 X104.899 Y81.478
G0 X104.899 Y80.522
G0 X105.314 Y79.657
G0 X105.921 Y79.173
G0 X107.134 Y78.479
G1 F3000 X105.674 Y77.02 E921.53793
G0 F9000 X102.726 Y77.019
G1 F3000 X95.02 Y79.084 E921.93595
G0 F9000 X97.859 Y77.018
G1 F3000 X95.02 Y87.615 E922.48328
G0 F9000 X95.019 Y91.82
G1 F3000 X96.979 Y93.78 E922.62157
G0 F9000 X96.979 Y97.194
G1 F3000 X95.02 Y97.719 E922.72276
G0 F9000 X96.979 Y115.829
G1 F3000 X95.02 Y116.354 E922.82394
G0 F9000 X95.019 Y117.276
G1 F3000 X96.979 Y119.236 E922.96223
G0 F9000 X97.372 Y132.628
G0 X101.489 Y133.018
G1 F3000 X98.82 Y142.979 E923.47671
G0 F9000 X95.02 Y134.989
G1 F3000 X102.374 Y133.019 E923.85654
G0 F9000 X102.374 Y133.2
G1 F1500 E917.35654
;MESH:NONMESH
G0 F300 X102.374 Y133.2 Z3.4
G0 F9000 X97.372 Y132.628
G0 X97.372 Y87.372
G0 X104.122 Y85.572
G0 X114.052 Y83.182
;TIME_ELAPSED:1054.162004
;LAYER:16
;TYPE:WALL-INNER
;MESH:supporto pulsante doppio kalos UNICO.stl
G1 F1500 E923.85654
G1 X114.895 Y82.511 E923.9103
G1 X115.362 Y81.539 E923.9641
G1 X115.362 Y80.461 E924.01788
G1 X114.895 Y79.489 E924.07168
G1 X114.052 Y78.818 E924.12543
G1 X113.102 Y78.6 E924.17406
G1 X106.898 Y78.6 E924.48358
G1 X105.948 Y78.818 E924.53221
G1 X105.105 Y79.489 E924.58596
G1 X104.638 Y80.461 E924.63976
G1 X104.638 Y81.539 E924.69354
G1 X105.105 Y82.511 E924.74734
G1 X105.948 Y83.182 E924.8011
G1 X106.898 Y83.4 E924.84972
G1 X113.102 Y83.4 E925.15924
G1 X114.052 Y83.182 E925.20787
G0 F9000 X113.785 Y82.628
;TYPE:WALL-OUTER
G1 F1500 X114.414 Y82.127 E925.24799
G1 X114.762 Y81.402 E925.28811
G1 X114.762 Y80.598 E925.32822
G1 X114.414 Y79.873 E925.36834
G1 X113.785 Y79.372 E925.40846
G1 X113.034 Y79.2 E925.4469
G1 X106.966 Y79.2 E925.74963
G1 X106.215 Y79.372 E925.78807
G1 X105.586 Y79.873 E925.82819
G1 X105.238 Y80.598 E925.86831
G1 X105.238 Y81.402 E925.90842
G1 X105.586 Y82.127 E925.94854
G1 X106.215 Y82.628 E925.98866
G1 X106.966 Y82.8 E926.0271
G1 X113.034 Y82.8 E926.32983
G1 X113.785 Y82.628 E926.36827
G0 F9000 X114.071 Y83.222
G1 F1500 E919.86827
G0 F9000 X106.865 Y83.691
G0 X106.865 Y85.4
G0 X104.872 Y85.372
G0 X104.872 Y87.372
G0 X97.372 Y87.372
G0 X97.372 Y132.628
G0 X104.702 Y132.639
G0 X104.6 Y134.9
;TYPE:WALL-INNER
G1 F1500 E926.36827
G1 X115.4 Y134.9 E926.90709
G1 X115.4 Y132.9 E927.00687
G1 X122.9 Y132.9 E927.38104
G1 X122.9 Y87.1 E929.66601
G1 X115.4 Y87.1 E930.04019
G1 X115.4 Y85.1 E930.13997
G1 X104.6 Y85.1 E930.67879
G1 X104.6 Y87.1 E930.77857
G1 X97.1 Y87.1 E931.15274
G1 X97.1 Y132.9 E933.43771
G1 X104.6 Y132.9 E933.81189
G1 X104.6 Y134.9 E933.91167
G0 F9000 X105.2 Y134.3
;TYPE:WALL-OUTER
G1 F1500 X114.8 Y134.3 E934.39062
G1 X114.8 Y132.3 E934.4904
G1 X122.3 Y132.3 E934.86457
G1 X122.3 Y87.7 E937.08968
G1 X114.8 Y87.7 E937.46385
G1 X114.8 Y85.7 E937.56363
G1 X105.2 Y85.7 E938.04258
G1 X105.2 Y87.7 E938.14236
G1 X97.7 Y87.7 E938.51654
G1 X97.7 Y132.3 E940.74164
G1 X105.2 Y132.3 E941.11582
G1 X105.2 Y134.3 E941.2156
G1 F1500 E934.7156
G0 F9000 X104.8 Y134.3
G0 X104.872 Y134.628
G0 X114.052 Y135.19
G0 X113.76 Y136.453
G0 X114.686 Y137.657
G0 X115.101 Y138.522
G0 X115.101 Y139.478
G0 X114.766 Y140.178
G0 X114.052 Y141.182
;TYPE:WALL-INNER
G1 F1500 E941.2156
G1 X114.895 Y140.511 E941.26935
G1 X115.362 Y139.539 E941.32315
G1 X115.362 Y138.461 E941.37693
G1 X114.895 Y137.489 E941.43073
G1 X114.052 Y136.818 E941.48449
G1 X113.102 Y136.6 E941.53311
G1 X106.898 Y136.6 E941.84263
G1 X105.948 Y136.818 E941.89126
G1 X105.105 Y137.489 E941.94501
G1 X104.638 Y138.461 E941.99881
G1 X104.638 Y139.539 E942.0526
G1 X105.105 Y140.511 E942.1064
G1 X105.948 Y141.182 E942.16015
G1 X106.898 Y141.4 E942.20878
G1 X113.102 Y141.4 E942.5183
G1 X114.052 Y141.182 E942.56692
G0 F9000 X113.785 Y140.628
;TYPE:WALL-OUTER
G1 F1500 X114.414 Y140.127 E942.60704
G1 X114.762 Y139.402 E942.64716
G1 X114.762 Y138.598 E942.68728
G1 X114.414 Y137.873 E942.7274
G1 X113.785 Y137.372 E942.76752
G1 X113.034 Y137.2 E942.80595
G1 X106.966 Y137.2 E943.10869
G1 X106.215 Y137.372 E943.14712
G1 X105.586 Y137.873 E943.18724
G1 X105.238 Y138.598 E943.22736
G1 X105.238 Y139.402 E943.26748
G1 X105.586 Y140.127 E943.3076
G1 X106.215 Y140.628 E943.34772
G1 X106.966 Y140.8 E943.38615
G1 X113.034 Y140.8 E943.68889
G1 X113.785 Y140.628 E943.72733
G0 F9000 X114.071 Y141.222
G1 F1500 E937.22733
G0 F9000 X115.653 Y139.606
G0 X115.653 Y142.79
G0 X123.411 Y143.1
;TYPE:WALL-INNER
G1 F1500 E943.72733
G1 X96.589 Y143.1 E945.06548
G1 X95.893 Y142.962 E945.10088
G1 X95.38 Y142.62 E945.13164
G1 X95.038 Y142.107 E945.1624
G1 X94.9 Y141.411 E945.1978
G1 X94.9 Y78.589 E948.332
G1 X95.038 Y77.893 E948.3674
G1 X95.38 Y77.38 E948.39816
G1 X95.893 Y77.038 E948.42892
G1 X96.589 Y76.9 E948.46432
G1 X123.411 Y76.9 E949.80248
G1 X124.107 Y77.038 E949.83787
G1 X124.62 Y77.38 E949.86863
G1 X124.962 Y77.893 E949.89939
G1 X125.1 Y78.589 E949.93479
G1 X125.1 Y141.411 E953.069
G1 X124.962 Y142.107 E953.1044
G1 X124.62 Y142.62 E953.13516
G1 X124.107 Y142.962 E953.16592
G1 X123.411 Y143.1 E953.20131
G0 F9000 X123.472 Y143.7
;TYPE:WALL-OUTER
G1 F1500 X96.528 Y143.7 E954.54556
G1 X95.66 Y143.528 E954.5897
G1 X94.948 Y143.052 E954.63243
G1 X94.472 Y142.34 E954.67516
G1 X94.3 Y141.472 E954.71931
G1 X94.3 Y78.528 E957.8596
G1 X94.472 Y77.66 E957.90374
G1 X94.948 Y76.948 E957.94647
G1 X95.66 Y76.472 E957.9892
G1 X96.528 Y76.3 E958.03335
G1 X123.472 Y76.3 E959.37759
G1 X124.34 Y76.472 E959.42174
G1 X125.052 Y76.948 E959.46446
G1 X125.528 Y77.66 E959.50719
G1 X125.7 Y78.528 E959.55134
G1 X125.7 Y141.472 E962.69163
G1 X125.528 Y142.34 E962.73578
G1 X125.052 Y143.052 E962.7785
G1 X124.34 Y143.528 E962.82123
G1 X123.472 Y143.7 E962.86538
G0 F9000 X123.408 Y143.044
G0 X123.357 Y142.51
;TYPE:SKIN
G1 F1500 X96.643 Y142.51 E964.19815
G1 X96.124 Y142.407 E964.22455
G1 X95.805 Y142.195 E964.24365
G1 X95.593 Y141.876 E964.26276
G1 X95.49 Y141.357 E964.28916
G1 X95.49 Y78.643 E967.41798
G1 X95.593 Y78.124 E967.44437
G1 X95.805 Y77.805 E967.46348
G1 X96.124 Y77.593 E967.48259
G1 X96.643 Y77.49 E967.50899
G1 X123.357 Y77.49 E968.84176
G1 X123.876 Y77.593 E968.86815
G1 X124.195 Y77.805 E968.88726
G1 X124.407 Y78.124 E968.90637
G1 X124.51 Y78.643 E968.93277
G1 X124.51 Y141.357 E972.06158
G1 X124.407 Y141.876 E972.08798
G1 X124.195 Y142.195 E972.10709
G1 X123.876 Y142.407 E972.1262
G1 X123.357 Y142.51 E972.1526
G1 F1500 E965.6526
G0 F9000 X123.429 Y142.883
G0 X115.572 Y142.79
G0 X115.129 Y140.697
G0 X115.572 Y139.588
G1 F1500 E972.1526
G0 F9000 X115.952 Y139.673
G1 F1500 X115.952 Y138.327 E972.21975
G1 X115.369 Y137.112 E972.28698
G1 X114.315 Y136.273 E972.35419
G1 X113.169 Y136.01 E972.41285
G1 X106.831 Y136.01 E972.72906
G1 X105.685 Y136.273 E972.78772
G1 X104.631 Y137.112 E972.85493
G1 X104.048 Y138.327 E972.92216
G1 X104.048 Y139.673 E972.98932
G1 X104.631 Y140.888 E973.05655
G1 X105.685 Y141.727 E973.12376
G1 X106.831 Y141.99 E973.18242
G1 X113.169 Y141.99 E973.49862
G1 X114.315 Y141.727 E973.55728
G1 X115.369 Y140.888 E973.62449
G1 X115.952 Y139.673 E973.69173
G1 F1500 E967.19173
G0 F9000 X115.572 Y139.588
G0 X115.129 Y137.303
G0 X113.643 Y138.491
G0 X113.847 Y133.347
G0 X115.696 Y133.196
G0 X123.11 Y133.14
G1 F1500 E973.69173
G0 F9000 X123.49 Y133.49
G1 F1500 X123.49 Y86.51 E976.03557
G1 X115.99 Y86.51 E976.40975
G1 X115.99 Y84.51 E976.50953
G1 X104.01 Y84.51 E977.10721
G1 X104.01 Y86.51 E977.20699
G1 X96.51 Y86.51 E977.58117
G1 X96.51 Y133.49 E979.92501
G1 X104.01 Y133.49 E980.29919
G1 X104.01 Y135.49 E980.39897
G1 X115.99 Y135.49 E980.99665
G1 X115.99 Y133.49 E981.09643
G1 X123.49 Y133.49 E981.47061
G1 F1500 E974.97061
G0 F9000 X123.11 Y133.14
G0 X122.628 Y87.372
G0 X115.128 Y87.372
G0 X115.128 Y85.372
G0 X113.127 Y85.4
G0 X113.127 Y83.69
G1 F1500 E981.47061
G0 F9000 X113.169 Y83.99
G1 F1500 X114.315 Y83.727 E981.52927
G1 X115.369 Y82.888 E981.59648
G1 X115.952 Y81.673 E981.66371
G1 X115.952 Y80.327 E981.73086
G1 X115.369 Y79.112 E981.7981
G1 X114.315 Y78.273 E981.86531
G1 X113.169 Y78.01 E981.92397
G1 X106.831 Y78.01 E982.24017
G1 X105.685 Y78.273 E982.29883
G1 X104.631 Y79.112 E982.36604
G1 X104.048 Y80.327 E982.43328
G1 X104.048 Y81.673 E982.50043
G1 X104.631 Y82.888 E982.56766
G1 X105.685 Y83.727 E982.63487
G1 X106.831 Y83.99 E982.69353
G1 X113.169 Y83.99 E983.00974
G1 F1500 E976.50974
G0 F9000 X113.127 Y83.61
G0 X114.686 Y82.343
G0 X115.653 Y80.394
G0 X113.798 Y80.815
G0 X126.665 Y80.394
G0 X124.79 Y80.394
G0 X124.824 Y78.276
G1 F1500 E983.00974
G0 F9000 X124.216 Y78.396
G1 F1500 X123.604 Y77.783 E983.05295
G0 F9000 X122.702 Y77.73
G1 F1500 X124.269 Y79.297 E983.16351
G0 F9000 X124.269 Y80.146
G1 F1500 X121.853 Y77.73 E983.33397
G0 F9000 X121.005 Y77.73
G1 F1500 X124.269 Y80.994 E983.56427
G0 F9000 X124.269 Y81.843
G1 F1500 X120.156 Y77.73 E983.85446
G0 F9000 X119.308 Y77.73
G1 F1500 X124.269 Y82.691 E984.20449
G0 F9000 X124.269 Y83.54
G1 F1500 X118.459 Y77.73 E984.61441
G0 F9000 X117.61 Y77.73
G1 F1500 X124.269 Y84.388 E985.08421
G0 F9000 X124.269 Y85.237
G1 F1500 X116.762 Y77.73 E985.61387
G0 F9000 X115.913 Y77.73
G1 F1500 X124.269 Y86.086 E986.20343
G0 F9000 X123.729 Y86.394
G1 F1500 X124.269 Y86.934 E986.24153
G0 F9000 X123.729 Y87.242
G1 F1500 X124.269 Y87.783 E986.27966
G0 F9000 X123.729 Y88.091
G1 F1500 X124.269 Y88.631 E986.31776
G0 F9000 X123.729 Y88.939
G1 F1500 X124.269 Y89.48 E986.3559
G0 F9000 X123.729 Y89.788
G1 F1500 X124.269 Y90.328 E986.394
G0 F9000 X123.729 Y90.636
G1 F1500 X124.269 Y91.177 E986.43213
G0 F9000 X123.729 Y91.485
G1 F1500 X124.269 Y92.025 E986.47023
G0 F9000 X123.729 Y92.334
G1 F1500 X124.269 Y92.874 E986.50833
G0 F9000 X123.729 Y93.182
G1 F1500 X124.269 Y93.722 E986.54643
G0 F9000 X123.729 Y94.031
G1 F1500 X124.269 Y94.571 E986.58453
G0 F9000 X123.729 Y94.879
G1 F1500 X124.269 Y95.419 E986.62263
G0 F9000 X123.729 Y95.728
G1 F1500 X124.269 Y96.268 E986.66073
G0 F9000 X123.729 Y96.576
G1 F1500 X124.269 Y97.116 E986.69883
G0 F9000 X123.729 Y97.425
G1 F1500 X124.269 Y97.965 E986.73693
G0 F9000 X123.729 Y98.273
G1 F1500 X124.269 Y98.813 E986.77503
G0 F9000 X123.729 Y99.122
G1 F1500 X124.269 Y99.662 E986.81313
G0 F9000 X123.729 Y99.97
G1 F1500 X124.269 Y100.51 E986.85123
G0 F9000 X123.729 Y100.819
G1 F1500 X124.269 Y101.359 E986.88933
G0 F9000 X123.729 Y101.667
G1 F1500 X124.269 Y102.208 E986.92747
G0 F9000 X123.729 Y102.516
G1 F1500 X124.269 Y103.056 E986.96557
G0 F9000 X123.729 Y103.364
G1 F1500 X124.269 Y103.905 E987.0037
G0 F9000 X123.729 Y104.213
G1 F1500 X124.269 Y104.753 E987.0418
G0 F9000 X123.729 Y105.061
G1 F1500 X124.269 Y105.602 E987.07994
G0 F9000 X123.729 Y105.91
G1 F1500 X124.269 Y106.45 E987.11804
G0 F9000 X123.729 Y106.758
G1 F1500 X124.269 Y107.299 E987.15617
G0 F9000 X123.729 Y107.607
G1 F1500 X124.269 Y108.147 E987.19427
G0 F9000 X123.729 Y108.456
G1 F1500 X124.269 Y108.996 E987.23237
G0 F9000 X123.729 Y109.304
G1 F1500 X124.269 Y109.844 E987.27047
G0 F9000 X123.729 Y110.153
G1 F1500 X124.27 Y110.694 E987.30864
G0 F9000 X123.729 Y111.001
G1 F1500 X124.27 Y111.542 E987.34681
G0 F9000 X123.729 Y111.85
G1 F1500 X124.27 Y112.391 E987.38498
G0 F9000 X123.729 Y112.698
G1 F1500 X124.27 Y113.239 E987.42315
G0 F9000 X123.729 Y113.547
G1 F1500 X124.27 Y114.088 E987.46132
G0 F9000 X123.729 Y114.395
G1 F1500 X124.27 Y114.936 E987.4995
G0 F9000 X123.729 Y115.244
G1 F1500 X124.27 Y115.785 E987.53767
G0 F9000 X123.729 Y116.092
G1 F1500 X124.27 Y116.633 E987.57584
G0 F9000 X123.729 Y116.941
G1 F1500 X124.27 Y117.482 E987.61401
G0 F9000 X123.729 Y117.789
G1 F1500 X124.27 Y118.33 E987.65218
G0 F9000 X123.729 Y118.638
G1 F1500 X124.27 Y119.179 E987.69035
G0 F9000 X123.729 Y119.486
G1 F1500 X124.27 Y120.027 E987.72852
G0 F9000 X123.729 Y120.335
G1 F1500 X124.27 Y120.876 E987.76669
G0 F9000 X123.729 Y121.183
G1 F1500 X124.27 Y121.724 E987.80486
G0 F9000 X123.729 Y122.032
G1 F1500 X124.27 Y122.573 E987.84303
G0 F9000 X123.729 Y122.881
G1 F1500 X124.27 Y123.421 E987.88116
G0 F9000 X123.729 Y123.729
G1 F1500 X124.27 Y124.27 E987.91934
G0 F9000 X123.729 Y124.578
G1 F1500 X124.27 Y125.119 E987.95751
G0 F9000 X123.729 Y125.426
G1 F1500 X124.27 Y125.967 E987.99568
G0 F9000 X123.729 Y126.275
G1 F1500 X124.27 Y126.816 E988.03385
G0 F9000 X123.729 Y127.123
G1 F1500 X124.27 Y127.664 E988.07202
G0 F9000 X123.729 Y127.972
G1 F1500 X124.27 Y128.513 E988.11019
G0 F9000 X123.729 Y128.82
G1 F1500 X124.27 Y129.361 E988.14836
G0 F9000 X123.729 Y129.669
G1 F1500 X124.27 Y130.21 E988.18653
G0 F9000 X123.729 Y130.517
G1 F1500 X124.27 Y131.058 E988.2247
G0 F9000 X123.729 Y131.366
G1 F1500 X124.27 Y131.907 E988.26287
G0 F9000 X123.729 Y132.214
G1 F1500 X124.27 Y132.755 E988.30104
G0 F9000 X123.729 Y133.063
G1 F1500 X124.27 Y133.604 E988.33921
G0 F9000 X123.547 Y133.729
G1 F1500 X124.27 Y134.452 E988.39022
G0 F9000 X124.27 Y135.301
G1 F1500 X122.698 Y133.729 E988.50113
G0 F9000 X121.85 Y133.729
G1 F1500 X124.27 Y136.149 E988.67188
G0 F9000 X124.27 Y136.998
G1 F1500 X121.001 Y133.729 E988.90252
G0 F9000 X120.152 Y133.729
G1 F1500 X124.27 Y137.846 E989.19304
G0 F9000 X124.27 Y138.695
G1 F1500 X119.304 Y133.729 E989.54341
G0 F9000 X118.455 Y133.729
G1 F1500 X124.27 Y139.543 E989.95366
G0 F9000 X124.27 Y140.392
G1 F1500 X117.607 Y133.729 E990.42377
G0 F9000 X116.758 Y133.729
G1 F1500 X124.27 Y141.241 E990.95378
G0 F9000 X124.094 Y141.913
G1 F1500 X116.229 Y134.049 E991.50866
G0 F9000 X116.229 Y134.897
G1 F1500 X123.557 Y142.225 E992.02569
G0 F9000 X122.753 Y142.269
G1 F1500 X116.212 Y135.729 E992.48716
G0 F9000 X115.364 Y135.729
G1 F1500 X121.904 Y142.269 E992.94859
G0 F9000 X121.055 Y142.269
G1 F1500 X114.515 Y135.729 E993.41003
G0 F9000 X113.859 Y135.92
G1 F1500 X113.667 Y135.729 E993.42354
G1 F1500 E986.92354
G0 F9000 X113.667 Y135.11
G0 X115.572 Y135.19
G0 X115.129 Y137.303
G0 X115.572 Y138.413
G1 F1500 E993.42354
G0 F9000 X116.176 Y138.237
G1 F1500 X120.207 Y142.269 E993.70798
G0 F9000 X119.358 Y142.269
G1 F1500 X116.191 Y139.102 E993.93143
G0 F9000 X116.118 Y139.877
G1 F1500 X118.51 Y142.269 E994.1002
G0 F9000 X117.661 Y142.269
G1 F1500 X115.843 Y140.451 E994.22847
G0 F9000 X115.569 Y141.025
G1 F1500 X116.813 Y142.269 E994.31624
G0 F9000 X115.964 Y142.269
G1 F1500 X115.102 Y141.407 E994.37706
G0 F9000 X114.63 Y141.783
G1 F1500 X115.116 Y142.269 E994.41135
G0 F9000 X114.267 Y142.269
G1 F1500 X114.035 Y142.037 E994.42772
G1 F1500 E987.92772
G0 F9000 X113.898 Y141.433
G0 X106.865 Y141.691
G0 X106.865 Y142.79
G0 X105.782 Y142.89
G1 F1500 E994.42772
G0 F9000 X105.782 Y142.269
G1 F1500 X105.008 Y141.494 E994.48236
G0 F9000 X104.933 Y142.269
G1 F1500 X96.394 Y133.729 E995.08487
G0 F9000 X96.269 Y133.604
G1 F1500 X95.729 Y133.064 E995.12297
G0 F9000 X96.269 Y132.756
G1 F1500 X95.729 Y132.216 E995.16107
G0 F9000 X96.269 Y131.907
G1 F1500 X95.729 Y131.367 E995.19917
G0 F9000 X96.269 Y131.059
G1 F1500 X95.729 Y130.519 E995.23727
G0 F9000 X96.269 Y130.21
G1 F1500 X95.729 Y129.67 E995.27537
G0 F9000 X96.269 Y129.362
G1 F1500 X95.729 Y128.822 E995.31347
G0 F9000 X96.269 Y128.513
G1 F1500 X95.729 Y127.973 E995.35157
G0 F9000 X96.269 Y127.665
G1 F1500 X95.729 Y127.125 E995.38967
G0 F9000 X96.269 Y126.816
G1 F1500 X95.729 Y126.276 E995.42777
G0 F9000 X96.269 Y125.968
G1 F1500 X95.729 Y125.428 E995.46587
G0 F9000 X96.269 Y125.119
G1 F1500 X95.729 Y124.579 E995.50397
G0 F9000 X96.269 Y124.271
G1 F1500 X95.729 Y123.73 E995.54211
G0 F9000 X96.269 Y123.422
G1 F1500 X95.729 Y122.882 E995.58021
G0 F9000 X96.269 Y122.574
G1 F1500 X95.729 Y122.033 E995.61834
G0 F9000 X96.269 Y121.725
G1 F1500 X95.729 Y121.185 E995.65644
G0 F9000 X96.269 Y120.877
G1 F1500 X95.729 Y120.336 E995.69458
G0 F9000 X96.269 Y120.028
G1 F1500 X95.729 Y119.488 E995.73268
G0 F9000 X96.269 Y119.18
G1 F1500 X95.729 Y118.639 E995.77081
G0 F9000 X96.269 Y118.331
G1 F1500 X95.729 Y117.791 E995.80891
G0 F9000 X96.269 Y117.482
G1 F1500 X95.729 Y116.942 E995.84701
G0 F9000 X96.269 Y116.634
G1 F1500 X95.729 Y116.094 E995.88511
G0 F9000 X96.269 Y115.785
G1 F1500 X95.729 Y115.245 E995.92321
G0 F9000 X96.269 Y114.937
G1 F1500 X95.729 Y114.397 E995.96131
G0 F9000 X96.269 Y114.088
G1 F1500 X95.729 Y113.548 E995.99941
G0 F9000 X96.269 Y113.24
G1 F1500 X95.729 Y112.7 E996.03751
G0 F9000 X96.269 Y112.391
G1 F1500 X95.729 Y111.851 E996.07561
G0 F9000 X96.269 Y111.543
G1 F1500 X95.729 Y111.003 E996.11371
G0 F9000 X96.269 Y110.694
G1 F1500 X95.729 Y110.154 E996.15181
G0 F9000 X96.269 Y109.846
G1 F1500 X95.728 Y109.305 E996.18998
G0 F9000 X96.269 Y108.997
G1 F1500 X95.728 Y108.456 E996.22815
G0 F9000 X96.269 Y108.149
G1 F1500 X95.728 Y107.608 E996.26632
G0 F9000 X96.269 Y107.3
G1 F1500 X95.728 Y106.759 E996.30449
G0 F9000 X96.269 Y106.452
G1 F1500 X95.728 Y105.911 E996.34266
G0 F9000 X96.269 Y105.603
G1 F1500 X95.728 Y105.062 E996.38083
G0 F9000 X96.269 Y104.755
G1 F1500 X95.728 Y104.214 E996.419
G0 F9000 X96.269 Y103.906
G1 F1500 X95.728 Y103.365 E996.45717
G0 F9000 X96.269 Y103.057
G1 F1500 X95.728 Y102.517 E996.49531
G0 F9000 X96.269 Y102.209
G1 F1500 X95.728 Y101.668 E996.53348
G0 F9000 X96.269 Y101.36
G1 F1500 X95.728 Y100.819 E996.57165
G0 F9000 X96.269 Y100.512
G1 F1500 X95.728 Y99.971 E996.60982
G0 F9000 X96.269 Y99.663
G1 F1500 X95.728 Y99.122 E996.64799
G0 F9000 X96.269 Y98.815
G1 F1500 X95.728 Y98.274 E996.68616
G0 F9000 X96.269 Y97.966
G1 F1500 X95.728 Y97.425 E996.72433
G0 F9000 X96.269 Y97.118
G1 F1500 X95.728 Y96.577 E996.7625
G0 F9000 X96.269 Y96.269
G1 F1500 X95.728 Y95.728 E996.80067
G0 F9000 X96.269 Y95.421
G1 F1500 X95.728 Y94.88 E996.83884
G0 F9000 X96.269 Y94.572
G1 F1500 X95.728 Y94.031 E996.87701
G0 F9000 X96.269 Y93.724
G1 F1500 X95.728 Y93.183 E996.91518
G0 F9000 X96.269 Y92.875
G1 F1500 X95.728 Y92.334 E996.95335
G0 F9000 X96.269 Y92.027
G1 F1500 X95.728 Y91.486 E996.99153
G0 F9000 X96.269 Y91.178
G1 F1500 X95.728 Y90.637 E997.0297
G0 F9000 X96.269 Y90.33
G1 F1500 X95.728 Y89.789 E997.06787
G0 F9000 X96.269 Y89.481
G1 F1500 X95.728 Y88.94 E997.10604
G0 F9000 X96.269 Y88.633
G1 F1500 X95.728 Y88.092 E997.14421
G0 F9000 X96.269 Y87.784
G1 F1500 X95.728 Y87.243 E997.18238
G0 F9000 X96.269 Y86.935
G1 F1500 X95.728 Y86.395 E997.22051
G0 F9000 X96.452 Y86.269
G1 F1500 X95.728 Y85.546 E997.27156
G0 F9000 X95.728 Y84.697
G1 F1500 X97.3 Y86.269 E997.38247
G0 F9000 X98.149 Y86.269
G1 F1500 X95.728 Y83.849 E997.55325
G0 F9000 X95.728 Y83
G1 F1500 X98.997 Y86.269 E997.7839
G0 F9000 X99.846 Y86.269
G1 F1500 X95.728 Y82.152 E998.07441
G0 F9000 X95.728 Y81.303
G1 F1500 X100.694 Y86.269 E998.42479
G0 F9000 X101.543 Y86.269
G1 F1500 X95.728 Y80.455 E998.83503
G0 F9000 X95.728 Y79.606
G1 F1500 X102.391 Y86.269 E999.30514
G0 F9000 X103.24 Y86.269
G1 F1500 X95.728 Y78.758 E999.83512
G0 F9000 X95.904 Y78.085
G1 F1500 X103.769 Y85.95 E1000.39004
G0 F9000 X103.769 Y85.101
G1 F1500 X96.441 Y77.773 E1000.90707
G0 F9000 X97.246 Y77.73
G1 F1500 X103.786 Y84.27 E1001.3685
G0 F9000 X104.634 Y84.27
G1 F1500 X98.094 Y77.73 E1001.82993
G0 F9000 X98.943 Y77.73
G1 F1500 X105.483 Y84.27 E1002.29136
G0 F9000 X106.14 Y84.078
G1 F1500 X106.331 Y84.27 E1002.30488
G1 F1500 E995.80488
G0 F9000 X106.331 Y84.89
G0 X104.428 Y84.81
G0 X105.618 Y83.315
G0 X104.428 Y81.587
G1 F1500 E1002.30488
G0 F9000 X103.823 Y81.761
G1 F1500 X99.791 Y77.73 E1002.58932
G0 F9000 X100.64 Y77.73
G1 F1500 X103.807 Y80.897 E1002.81277
G0 F9000 X103.88 Y80.121
G1 F1500 X101.488 Y77.73 E1002.9815
G0 F9000 X102.337 Y77.73
G1 F1500 X104.155 Y79.548 E1003.10977
G0 F9000 X104.429 Y78.973
G1 F1500 X103.185 Y77.73 E1003.19751
G0 F9000 X104.034 Y77.73
G1 F1500 X104.896 Y78.592 E1003.25833
G0 F9000 X105.368 Y78.215
G1 F1500 X104.883 Y77.73 E1003.29255
G0 F9000 X105.731 Y77.73
G1 F1500 X105.963 Y77.962 E1003.30891
G1 F1500 E996.80891
G0 F9000 X106.1 Y78.568
G0 X113.135 Y78.309
G0 X113.135 Y77.21
G0 X114.216 Y77.11
G1 F1500 E1003.30891
G0 F9000 X114.216 Y77.73
G1 F1500 X114.991 Y78.504 E1003.36356
G0 F9000 X115.065 Y77.73
G1 F1500 X123.605 Y86.269 E1003.96607
G0 F9000 X122.756 Y86.269
G1 F1500 X115.667 Y79.181 E1004.4662
G0 F9000 X115.109 Y79.448
G0 X115.572 Y80.552
G0 X116.191 Y80.552
G1 F1500 X121.908 Y86.269 E1004.86956
G0 F9000 X121.059 Y86.269
G1 F1500 X116.191 Y81.401 E1005.21303
G0 F9000 X116.021 Y82.08
G1 F1500 X120.21 Y86.269 E1005.50859
G0 F9000 X119.362 Y86.269
G1 F1500 X115.747 Y82.654 E1005.76364
G0 F9000 X115.408 Y83.164
G1 F1500 X118.513 Y86.269 E1005.98272
G0 F9000 X117.665 Y86.269
G1 F1500 X116.229 Y84.833 E1006.08403
G0 F9000 X115.664 Y84.269
G1 F1500 X114.935 Y83.54 E1006.13547
G0 F9000 X114.463 Y83.916
G1 F1500 X114.816 Y84.269 E1006.16038
G0 F9000 X113.967 Y84.269
G1 F1500 X113.792 Y84.094 E1006.17272
G1 F1500 E999.67272
G0 F9000 X113.655 Y83.489
G0 X114.182 Y83.45
G0 X114.182 Y84.81
G0 X115.61 Y85.682
G1 F1500 E1006.17272
G0 F9000 X116.229 Y85.682
G1 F1500 X116.816 Y86.269 E1006.21414
G1 F1500 E999.71414
G0 F9000 X116.816 Y86.89
G0 X115.128 Y87.372
G0 X115.128 Y85.372
G0 X104.872 Y85.372
G0 X104.872 Y87.372
G0 X97.372 Y87.372
G0 X97.372 Y132.628
G0 X103.182 Y133.11
G1 F1500 E1006.21414
G0 F9000 X103.182 Y133.729
G1 F1500 X103.77 Y134.317 E1006.25563
G0 F9000 X103.77 Y135.165
G1 F1500 X102.333 Y133.729 E1006.35698
G0 F9000 X101.485 Y133.729
G1 F1500 X104.59 Y136.835 E1006.57609
G0 F9000 X105.063 Y136.458
G1 F1500 X104.334 Y135.729 E1006.62752
G0 F9000 X105.182 Y135.729
G1 F1500 X105.535 Y136.082 E1006.65243
G0 F9000 X106.031 Y135.729
G1 F1500 X106.206 Y135.905 E1006.66481
G0 F9000 X106.345 Y136.512
G0 X104.812 Y137.613
G0 X104.252 Y137.344
G1 F1500 X100.636 Y133.729 E1006.9199
G0 F9000 X99.788 Y133.729
G1 F1500 X103.977 Y137.919 E1007.2155
G0 F9000 X103.808 Y138.597
G1 F1500 X98.939 Y133.729 E1007.559
G0 F9000 X98.091 Y133.729
G1 F1500 X103.808 Y139.446 E1007.96236
G0 F9000 X104.428 Y139.446
G0 X104.891 Y140.55
G0 X104.331 Y140.818
G1 F1500 X97.242 Y133.729 E1008.46253
G1 F1500 E1001.96253
G0 F9000 X97.242 Y133.11
G0 X96.804 Y133.196
G0 X95.21 Y133.196
G0 X95.11 Y133.913
G1 F1500 E1008.46253
G0 F9000 X95.729 Y133.913
G1 F1500 X104.085 Y142.269 E1009.05209
G0 F9000 X103.236 Y142.269
G1 F1500 X95.729 Y134.761 E1009.58178
G0 F9000 X95.729 Y135.61
G1 F1500 X102.388 Y142.269 E1010.05161
G0 F9000 X101.539 Y142.269
G1 F1500 X95.729 Y136.458 E1010.46157
G0 F9000 X95.729 Y137.307
G1 F1500 X100.691 Y142.269 E1010.81167
G0 F9000 X99.842 Y142.269
G1 F1500 X95.729 Y138.155 E1011.1019
G0 F9000 X95.729 Y139.004
G1 F1500 X98.994 Y142.269 E1011.33226
G0 F9000 X98.145 Y142.269
G1 F1500 X95.729 Y139.852 E1011.50276
G0 F9000 X95.729 Y140.701
G1 F1500 X97.297 Y142.269 E1011.61339
G0 F9000 X96.394 Y142.215
G1 F1500 X95.782 Y141.603 E1011.65657
G0 F9000 X95.263 Y141.706
G1 F1500 E1005.15657
;MESH:NONMESH
G0 F300 X95.263 Y141.706 Z3.6
G0 F9000 X95.175 Y141.721
G0 X95.21 Y83.182
G0 X93.335 Y83.182
G0 X106.358 Y81.509
G0 X104.871 Y82.697
G0 X106.928 Y83.139
G0 X114.052 Y83.182
;TIME_ELAPSED:1163.930114
;LAYER:17
;TYPE:WALL-INNER
;MESH:supporto pulsante doppio kalos UNICO.stl
G1 F1500 E1011.65657
G1 X114.895 Y82.511 E1011.71033
G1 X115.362 Y81.539 E1011.76413
G1 X115.362 Y80.461 E1011.81791
G1 X114.895 Y79.489 E1011.87171
G1 X114.052 Y78.818 E1011.92546
G1 X113.102 Y78.6 E1011.97409
G1 X106.898 Y78.6 E1012.28361
G1 X105.948 Y78.818 E1012.33223
G1 X105.105 Y79.489 E1012.38599
G1 X104.638 Y80.461 E1012.43979
G1 X104.638 Y81.539 E1012.49357
G1 X105.105 Y82.511 E1012.54737
G1 X105.948 Y83.182 E1012.60112
G1 X106.898 Y83.4 E1012.64975
G1 X113.102 Y83.4 E1012.95927
G1 X114.052 Y83.182 E1013.0079
G0 F9000 X113.785 Y82.628
;TYPE:WALL-OUTER
G1 F1500 X114.414 Y82.127 E1013.04802
G1 X114.762 Y81.402 E1013.08814
G1 X114.762 Y80.598 E1013.12825
G1 X114.414 Y79.873 E1013.16837
G1 X113.785 Y79.372 E1013.20849
G1 X113.034 Y79.2 E1013.24693
G1 X106.966 Y79.2 E1013.54966
G1 X106.215 Y79.372 E1013.5881
G1 X105.586 Y79.873 E1013.62822
G1 X105.238 Y80.598 E1013.66834
G1 X105.238 Y81.402 E1013.70845
G1 X105.586 Y82.127 E1013.74857
G1 X106.215 Y82.628 E1013.78869
G1 X106.966 Y82.8 E1013.82713
G1 X113.034 Y82.8 E1014.12986
G1 X113.785 Y82.628 E1014.1683
G0 F9000 X114.071 Y83.222
G1 F1500 E1007.6683
G0 F9000 X106.865 Y83.691
G0 X106.865 Y85.4
G0 X104.872 Y85.372
G0 X104.872 Y87.372
G0 X97.372 Y87.372
G0 X97.372 Y132.628
G0 X104.702 Y132.639
G0 X104.6 Y134.9
;TYPE:WALL-INNER
G1 F1500 E1014.1683
G1 X115.4 Y134.9 E1014.70711
G1 X115.4 Y132.9 E1014.80689
G1 X122.9 Y132.9 E1015.18107
G1 X122.9 Y87.1 E1017.46604
G1 X115.4 Y87.1 E1017.84022
G1 X115.4 Y85.1 E1017.94
G1 X104.6 Y85.1 E1018.47881
G1 X104.6 Y87.1 E1018.57859
G1 X97.1 Y87.1 E1018.95277
G1 X97.1 Y132.9 E1021.23774
G1 X104.6 Y132.9 E1021.61192
G1 X104.6 Y134.9 E1021.7117
G0 F9000 X105.2 Y134.3
;TYPE:WALL-OUTER
G1 F1500 X114.8 Y134.3 E1022.19064
G1 X114.8 Y132.3 E1022.29043
G1 X122.3 Y132.3 E1022.6646
G1 X122.3 Y87.7 E1024.8897
G1 X114.8 Y87.7 E1025.26388
G1 X114.8 Y85.7 E1025.36366
G1 X105.2 Y85.7 E1025.84261
G1 X105.2 Y87.7 E1025.94239
G1 X97.7 Y87.7 E1026.31656
G1 X97.7 Y132.3 E1028.54167
G1 X105.2 Y132.3 E1028.91584
G1 X105.2 Y134.3 E1029.01562
G1 F1500 E1022.51562
G0 F9000 X104.8 Y134.3
G0 X104.872 Y134.628
G0 X114.052 Y135.19
G0 X113.76 Y136.453
G0 X114.686 Y137.657
G0 X115.101 Y138.522
G0 X115.101 Y139.478
G0 X114.766 Y140.178
G0 X114.052 Y141.182
;TYPE:WALL-INNER
G1 F1500 E1029.01562
G1 X114.895 Y140.511 E1029.06938
G1 X115.362 Y139.539 E1029.12318
G1 X115.362 Y138.461 E1029.17696
G1 X114.895 Y137.489 E1029.23076
G1 X114.052 Y136.818 E1029.28451
G1 X113.102 Y136.6 E1029.33314
G1 X106.898 Y136.6 E1029.64266
G1 X105.948 Y136.818 E1029.69129
G1 X105.105 Y137.489 E1029.74504
G1 X104.638 Y138.461 E1029.79884
G1 X104.638 Y139.539 E1029.85262
G1 X105.105 Y140.511 E1029.90642
G1 X105.948 Y141.182 E1029.96018
G1 X106.898 Y141.4 E1030.0088
G1 X113.102 Y141.4 E1030.31832
G1 X114.052 Y141.182 E1030.36695
G0 F9000 X113.785 Y140.628
;TYPE:WALL-OUTER
G1 F1500 X114.414 Y140.127 E1030.40707
G1 X114.762 Y139.402 E1030.44719
G1 X114.762 Y138.598 E1030.4873
G1 X114.414 Y137.873 E1030.52742
G1 X113.785 Y137.372 E1030.56754
G1 X113.034 Y137.2 E1030.60598
G1 X106.966 Y137.2 E1030.90871
G1 X106.215 Y137.372 E1030.94715
G1 X105.586 Y137.873 E1030.98727
G1 X105.238 Y138.598 E1031.02739
G1 X105.238 Y139.402 E1031.0675
G1 X105.586 Y140.127 E1031.10763
G1 X106.215 Y140.628 E1031.14774
G1 X106.966 Y140.8 E1031.18618
G1 X113.034 Y140.8 E1031.48892
G1 X113.785 Y140.628 E1031.52735
G0 F9000 X114.071 Y141.222
G1 F1500 E1025.02735
G0 F9000 X115.653 Y139.606
G0 X115.653 Y142.79
G0 X123.411 Y143.1
;TYPE:WALL-INNER
G1 F1500 E1031.52735
G1 X96.589 Y143.1 E1032.86551
G1 X95.893 Y142.962 E1032.90091
G1 X95.38 Y142.62 E1032.93167
G1 X95.038 Y142.107 E1032.96243
G1 X94.9 Y141.411 E1032.99783
G1 X94.9 Y78.589 E1036.13203
G1 X95.038 Y77.893 E1036.16743
G1 X95.38 Y77.38 E1036.19819
G1 X95.893 Y77.038 E1036.22895
G1 X96.589 Y76.9 E1036.26435
G1 X123.411 Y76.9 E1037.6025
G1 X124.107 Y77.038 E1037.6379
G1 X124.62 Y77.38 E1037.66866
G1 X124.962 Y77.893 E1037.69942
G1 X125.1 Y78.589 E1037.73482
G1 X125.1 Y141.411 E1040.86902
G1 X124.962 Y142.107 E1040.90442
G1 X124.62 Y142.62 E1040.93518
G1 X124.107 Y142.962 E1040.96594
G1 X123.411 Y143.1 E1041.00134
G0 F9000 X123.472 Y143.7
;TYPE:WALL-OUTER
G1 F1500 X96.528 Y143.7 E1042.34558
G1 X95.66 Y143.528 E1042.38973
G1 X94.948 Y143.052 E1042.43246
G1 X94.472 Y142.34 E1042.47519
G1 X94.3 Y141.472 E1042.51934
G1 X94.3 Y78.528 E1045.65962
G1 X94.472 Y77.66 E1045.70377
G1 X94.948 Y76.948 E1045.7465
G1 X95.66 Y76.472 E1045.78923
G1 X96.528 Y76.3 E1045.83338
G1 X123.472 Y76.3 E1047.17762
G1 X124.34 Y76.472 E1047.22176
G1 X125.052 Y76.948 E1047.26449
G1 X125.528 Y77.66 E1047.30722
G1 X125.7 Y78.528 E1047.35137
G1 X125.7 Y141.472 E1050.49166
G1 X125.528 Y142.34 E1050.5358
G1 X125.052 Y143.052 E1050.57853
G1 X124.34 Y143.528 E1050.62126
G1 X123.472 Y143.7 E1050.66541
G0 F9000 X123.408 Y143.044
G0 X123.357 Y142.51
;TYPE:SKIN
G1 F1500 X96.643 Y142.51 E1051.99817
G1 X96.124 Y142.407 E1052.02457
G1 X95.805 Y142.195 E1052.04368
G1 X95.593 Y141.876 E1052.06279
G1 X95.49 Y141.357 E1052.08919
G1 X95.49 Y78.643 E1055.218
G1 X95.593 Y78.124 E1055.2444
G1 X95.805 Y77.805 E1055.26351
G1 X96.124 Y77.593 E1055.28262
G1 X96.643 Y77.49 E1055.30902
G1 X123.357 Y77.49 E1056.64178
G1 X123.876 Y77.593 E1056.66818
G1 X124.195 Y77.805 E1056.68729
G1 X124.407 Y78.124 E1056.7064
G1 X124.51 Y78.643 E1056.7328
G1 X124.51 Y141.357 E1059.86161
G1 X124.407 Y141.876 E1059.88801
G1 X124.195 Y142.195 E1059.90712
G1 X123.876 Y142.407 E1059.92623
G1 X123.357 Y142.51 E1059.95263
G1 F1500 E1053.45263
G0 F9000 X123.429 Y142.883
G0 X115.572 Y142.79
G0 X115.129 Y140.697
G0 X115.572 Y139.588
G1 F1500 E1059.95263
G0 F9000 X115.952 Y139.673
G1 F1500 X115.952 Y138.327 E1060.01978
G1 X115.369 Y137.112 E1060.08701
G1 X114.315 Y136.273 E1060.15422
G1 X113.169 Y136.01 E1060.21288
G1 X106.831 Y136.01 E1060.52909
G1 X105.685 Y136.273 E1060.58775
G1 X104.631 Y137.112 E1060.65496
G1 X104.048 Y138.327 E1060.72219
G1 X104.048 Y139.673 E1060.78934
G1 X104.631 Y140.888 E1060.85658
G1 X105.685 Y141.727 E1060.92379
G1 X106.831 Y141.99 E1060.98245
G1 X113.169 Y141.99 E1061.29865
G1 X114.315 Y141.727 E1061.35731
G1 X115.369 Y140.888 E1061.42452
G1 X115.952 Y139.673 E1061.49176
G1 F1500 E1054.99176
G0 F9000 X115.572 Y139.588
G0 X115.129 Y137.303
G0 X113.643 Y138.491
G0 X113.847 Y133.347
G0 X115.696 Y133.196
G0 X123.11 Y133.14
G1 F1500 E1061.49176
G0 F9000 X123.49 Y133.49
G1 F1500 X123.49 Y86.51 E1063.8356
G1 X115.99 Y86.51 E1064.20977
G1 X115.99 Y84.51 E1064.30955
G1 X104.01 Y84.51 E1064.90724
G1 X104.01 Y86.51 E1065.00702
G1 X96.51 Y86.51 E1065.3812
G1 X96.51 Y133.49 E1067.72504
G1 X104.01 Y133.49 E1068.09921
G1 X104.01 Y135.49 E1068.19899
G1 X115.99 Y135.49 E1068.79668
G1 X115.99 Y133.49 E1068.89646
G1 X123.49 Y133.49 E1069.27064
G1 F1500 E1062.77064
G0 F9000 X123.11 Y133.14
G0 X122.628 Y87.372
G0 X115.128 Y87.372
G0 X115.128 Y85.372
G0 X113.127 Y85.4
G0 X113.127 Y83.69
G1 F1500 E1069.27064
G0 F9000 X113.169 Y83.99
G1 F1500 X114.315 Y83.727 E1069.3293
G1 X115.369 Y82.888 E1069.39651
G1 X115.952 Y81.673 E1069.46374
G1 X115.952 Y80.327 E1069.53089
G1 X115.369 Y79.112 E1069.59813
G1 X114.315 Y78.273 E1069.66534
G1 X113.169 Y78.01 E1069.724
G1 X106.831 Y78.01 E1070.0402
G1 X105.685 Y78.273 E1070.09886
G1 X104.631 Y79.112 E1070.16607
G1 X104.048 Y80.327 E1070.2333
G1 X104.048 Y81.673 E1070.30046
G1 X104.631 Y82.888 E1070.36769
G1 X105.685 Y83.727 E1070.4349
G1 X106.831 Y83.99 E1070.49356
G1 X113.169 Y83.99 E1070.80977
G1 F1500 E1064.30977
G0 F9000 X113.127 Y83.61
G0 X106.928 Y83.139
G0 X106.064 Y82.941
G0 X105.314 Y82.343
G0 X104.347 Y80.394
G0 X106.202 Y80.815
G0 X93.335 Y80.394
G0 X95.21 Y80.394
G0 X95.11 Y79.067
G1 F1500 E1070.80977
G0 F9000 X95.729 Y79.067
G1 F1500 X97.067 Y77.729 E1070.90417
G0 F9000 X97.915 Y77.729
G1 F1500 X95.729 Y79.915 E1071.0584
G0 F9000 X95.729 Y80.764
G1 F1500 X98.764 Y77.729 E1071.27254
G0 F9000 X99.612 Y77.729
G1 F1500 X95.729 Y81.612 E1071.5465
G0 F9000 X95.729 Y82.461
G1 F1500 X100.461 Y77.729 E1071.88037
G0 F9000 X101.31 Y77.729
G1 F1500 X95.729 Y83.309 E1072.27411
G0 F9000 X95.729 Y84.158
G1 F1500 X102.158 Y77.729 E1072.72771
G0 F9000 X103.007 Y77.729
G1 F1500 X95.729 Y85.006 E1073.24117
G0 F9000 X95.729 Y85.855
G1 F1500 X103.855 Y77.729 E1073.81451
G0 F9000 X104.704 Y77.729
G1 F1500 X95.729 Y86.704 E1074.44774
G0 F9000 X96.269 Y87.012
G1 F1500 X95.729 Y87.552 E1074.48584
G0 F9000 X96.269 Y87.86
G1 F1500 X95.729 Y88.401 E1074.52398
G0 F9000 X96.269 Y88.709
G1 F1500 X95.729 Y89.249 E1074.56208
G0 F9000 X96.269 Y89.557
G1 F1500 X95.729 Y90.098 E1074.60021
G0 F9000 X96.269 Y90.406
G1 F1500 X95.729 Y90.946 E1074.63831
G0 F9000 X96.269 Y91.254
G1 F1500 X95.729 Y91.795 E1074.67645
G0 F9000 X96.269 Y92.103
G1 F1500 X95.729 Y92.643 E1074.71455
G0 F9000 X96.269 Y92.952
G1 F1500 X95.729 Y93.492 E1074.75265
G0 F9000 X96.269 Y93.8
G1 F1500 X95.729 Y94.34 E1074.79075
G0 F9000 X96.269 Y94.649
G1 F1500 X95.729 Y95.189 E1074.82885
G0 F9000 X96.269 Y95.497
G1 F1500 X95.729 Y96.037 E1074.86695
G0 F9000 X96.269 Y96.346
G1 F1500 X95.729 Y96.886 E1074.90505
G0 F9000 X96.269 Y97.194
G1 F1500 X95.729 Y97.734 E1074.94315
G0 F9000 X96.269 Y98.043
G1 F1500 X95.729 Y98.583 E1074.98125
G0 F9000 X96.269 Y98.891
G1 F1500 X95.729 Y99.431 E1075.01935
G0 F9000 X96.269 Y99.74
G1 F1500 X95.729 Y100.28 E1075.05745
G0 F9000 X96.269 Y100.588
G1 F1500 X95.729 Y101.128 E1075.09555
G0 F9000 X96.269 Y101.437
G1 F1500 X95.729 Y101.977 E1075.13365
G0 F9000 X96.269 Y102.285
G1 F1500 X95.729 Y102.826 E1075.17178
G0 F9000 X96.269 Y103.134
G1 F1500 X95.729 Y103.674 E1075.20988
G0 F9000 X96.269 Y103.982
G1 F1500 X95.729 Y104.523 E1075.24802
G0 F9000 X96.269 Y104.831
G1 F1500 X95.729 Y105.371 E1075.28612
G0 F9000 X96.269 Y105.679
G1 F1500 X95.729 Y106.22 E1075.32425
G0 F9000 X96.269 Y106.528
G1 F1500 X95.729 Y107.068 E1075.36235
G0 F9000 X96.269 Y107.376
G1 F1500 X95.729 Y107.917 E1075.40049
G0 F9000 X96.269 Y108.225
G1 F1500 X95.729 Y108.765 E1075.43859
G0 F9000 X96.269 Y109.074
G1 F1500 X95.729 Y109.614 E1075.47669
G0 F9000 X96.269 Y109.922
G1 F1500 X95.73 Y110.462 E1075.51475
G0 F9000 X96.269 Y110.771
G1 F1500 X95.73 Y111.31 E1075.55278
G0 F9000 X96.269 Y111.619
G1 F1500 X95.73 Y112.159 E1075.59085
G0 F9000 X96.269 Y112.468
G1 F1500 X95.73 Y113.007 E1075.62888
G0 F9000 X96.269 Y113.316
G1 F1500 X95.73 Y113.856 E1075.66694
G0 F9000 X96.269 Y114.165
G1 F1500 X95.73 Y114.704 E1075.70497
G0 F9000 X96.269 Y115.013
G1 F1500 X95.73 Y115.553 E1075.74303
G0 F9000 X96.269 Y115.862
G1 F1500 X95.73 Y116.401 E1075.78106
G0 F9000 X96.269 Y116.71
G1 F1500 X95.73 Y117.25 E1075.81913
G0 F9000 X96.269 Y117.559
G1 F1500 X95.73 Y118.098 E1075.85716
G0 F9000 X96.269 Y118.407
G1 F1500 X95.73 Y118.947 E1075.89522
G0 F9000 X96.269 Y119.256
G1 F1500 X95.73 Y119.795 E1075.93325
G0 F9000 X96.269 Y120.104
G1 F1500 X95.73 Y120.644 E1075.97132
G0 F9000 X96.269 Y120.953
G1 F1500 X95.73 Y121.492 E1076.00935
G0 F9000 X96.269 Y121.801
G1 F1500 X95.73 Y122.341 E1076.04741
G0 F9000 X96.269 Y122.65
G1 F1500 X95.73 Y123.19 E1076.08547
G0 F9000 X96.269 Y123.499
G1 F1500 X95.73 Y124.038 E1076.1235
G0 F9000 X96.269 Y124.347
G1 F1500 X95.73 Y124.887 E1076.16157
G0 F9000 X96.269 Y125.196
G1 F1500 X95.73 Y125.735 E1076.1996
G0 F9000 X96.269 Y126.044
G1 F1500 X95.73 Y126.584 E1076.23766
G0 F9000 X96.269 Y126.893
G1 F1500 X95.73 Y127.432 E1076.27569
G0 F9000 X96.269 Y127.741
G1 F1500 X95.73 Y128.281 E1076.31376
G0 F9000 X96.269 Y128.59
G1 F1500 X95.73 Y129.129 E1076.35179
G0 F9000 X96.269 Y129.438
G1 F1500 X95.73 Y129.978 E1076.38985
G0 F9000 X96.269 Y130.287
G1 F1500 X95.73 Y130.826 E1076.42788
G0 F9000 X96.269 Y131.135
G1 F1500 X95.73 Y131.675 E1076.46594
G0 F9000 X96.269 Y131.984
G1 F1500 X95.73 Y132.523 E1076.50397
G0 F9000 X96.269 Y132.832
G1 F1500 X95.73 Y133.372 E1076.54204
G0 F9000 X96.269 Y133.681
G1 F1500 X95.73 Y134.22 E1076.58007
G0 F9000 X95.73 Y135.069
G1 F1500 X97.07 Y133.728 E1076.67465
G0 F9000 X97.919 Y133.728
G1 F1500 X95.73 Y135.917 E1076.82909
G0 F9000 X95.73 Y136.766
G1 F1500 X98.767 Y133.728 E1077.04341
G0 F9000 X99.616 Y133.728
G1 F1500 X95.73 Y137.615 E1077.31762
G0 F9000 X95.73 Y138.463
G1 F1500 X100.465 Y133.728 E1077.6517
G0 F9000 X101.313 Y133.728
G1 F1500 X95.73 Y139.312 E1078.04565
G0 F9000 X95.73 Y140.16
G1 F1500 X102.162 Y133.728 E1078.49946
G0 F9000 X103.01 Y133.728
G1 F1500 X95.73 Y141.009 E1079.01314
G0 F9000 X95.816 Y141.771
G1 F1500 X103.77 Y133.817 E1079.57433
G0 F9000 X103.77 Y134.666
G1 F1500 X96.249 Y142.187 E1080.10498
G0 F9000 X97.015 Y142.269
G1 F1500 X103.77 Y135.514 E1080.58158
G0 F9000 X104.404 Y135.729
G1 F1500 X97.864 Y142.269 E1081.04301
G0 F9000 X98.712 Y142.269
G1 F1500 X105.252 Y135.729 E1081.50445
G0 F9000 X105.84 Y135.99
G1 F1500 X106.101 Y135.729 E1081.52286
G1 F1500 E1075.02286
G0 F9000 X106.101 Y135.11
G0 X104.596 Y135.19
G0 X105.72 Y136.604
G0 X104.596 Y138.062
G1 F1500 E1081.52286
G0 F9000 X104.036 Y137.793
G1 F1500 X99.561 Y142.269 E1081.83863
G0 F9000 X100.409 Y142.269
G1 F1500 X103.807 Y138.871 E1082.07838
G0 F9000 X103.807 Y139.72
G1 F1500 X101.258 Y142.269 E1082.25823
G0 F9000 X102.106 Y142.269
G1 F1500 X104.079 Y140.296 E1082.39743
G0 F9000 X104.355 Y140.869
G1 F1500 X102.955 Y142.269 E1082.49621
G0 F9000 X103.803 Y142.269
G1 F1500 X104.769 Y141.303 E1082.56437
G0 F9000 X105.241 Y141.68
G1 F1500 X104.652 Y142.269 E1082.60592
G0 F9000 X105.501 Y142.269
G1 F1500 X105.776 Y141.994 E1082.62533
G0 F9000 X106.349 Y142.269
G1 F1500 X106.466 Y142.151 E1082.63362
G1 F1500 E1076.13362
G0 F9000 X106.605 Y141.549
G0 X113.135 Y141.691
G0 X113.135 Y142.79
G0 X113.985 Y142.89
G1 F1500 E1082.63362
G0 F9000 X113.985 Y142.269
G1 F1500 X114.273 Y141.982 E1082.6539
G0 F9000 X114.834 Y142.269
G1 F1500 X123.374 Y133.729 E1083.25644
G0 F9000 X123.729 Y133.374
G1 F1500 X124.269 Y132.834 E1083.29454
G0 F9000 X123.729 Y132.525
G1 F1500 X124.269 Y131.985 E1083.33264
G0 F9000 X123.729 Y131.677
G1 F1500 X124.269 Y131.137 E1083.37074
G0 F9000 X123.729 Y130.828
G1 F1500 X124.269 Y130.288 E1083.40884
G0 F9000 X123.729 Y129.98
G1 F1500 X124.269 Y129.44 E1083.44694
G0 F9000 X123.729 Y129.131
G1 F1500 X124.269 Y128.591 E1083.48504
G0 F9000 X123.729 Y128.283
G1 F1500 X124.269 Y127.743 E1083.52314
G0 F9000 X123.729 Y127.434
G1 F1500 X124.269 Y126.894 E1083.56124
G0 F9000 X123.729 Y126.586
G1 F1500 X124.269 Y126.046 E1083.59934
G0 F9000 X123.729 Y125.737
G1 F1500 X124.269 Y125.197 E1083.63744
G0 F9000 X123.729 Y124.889
G1 F1500 X124.269 Y124.348 E1083.67558
G0 F9000 X123.729 Y124.04
G1 F1500 X124.269 Y123.5 E1083.71368
G0 F9000 X123.729 Y123.192
G1 F1500 X124.269 Y122.651 E1083.75181
G0 F9000 X123.729 Y122.343
G1 F1500 X124.269 Y121.803 E1083.78991
G0 F9000 X123.729 Y121.495
G1 F1500 X124.269 Y120.954 E1083.82805
G0 F9000 X123.729 Y120.646
G1 F1500 X124.269 Y120.106 E1083.86615
G0 F9000 X123.729 Y119.798
G1 F1500 X124.269 Y119.257 E1083.90428
G0 F9000 X123.729 Y118.949
G1 F1500 X124.269 Y118.409 E1083.94238
G0 F9000 X123.729 Y118.1
G1 F1500 X124.269 Y117.56 E1083.98048
G0 F9000 X123.729 Y117.252
G1 F1500 X124.269 Y116.712 E1084.01858
G0 F9000 X123.729 Y116.403
G1 F1500 X124.269 Y115.863 E1084.05668
G0 F9000 X123.729 Y115.555
G1 F1500 X124.269 Y115.015 E1084.09478
G0 F9000 X123.729 Y114.706
G1 F1500 X124.269 Y114.166 E1084.13288
G0 F9000 X123.729 Y113.858
G1 F1500 X124.269 Y113.318 E1084.17098
G0 F9000 X123.729 Y113.009
G1 F1500 X124.269 Y112.469 E1084.20908
G0 F9000 X123.729 Y112.161
G1 F1500 X124.269 Y111.621 E1084.24718
G0 F9000 X123.729 Y111.312
G1 F1500 X124.269 Y110.772 E1084.28528
G0 F9000 X123.729 Y110.464
G1 F1500 X124.269 Y109.924 E1084.32338
G0 F9000 X123.729 Y109.615
G1 F1500 X124.269 Y109.076 E1084.36145
G0 F9000 X123.729 Y108.767
G1 F1500 X124.269 Y108.227 E1084.39955
G0 F9000 X123.729 Y107.918
G1 F1500 X124.269 Y107.379 E1084.43761
G0 F9000 X123.729 Y107.07
G1 F1500 X124.269 Y106.53 E1084.47571
G0 F9000 X123.729 Y106.221
G1 F1500 X124.269 Y105.682 E1084.51378
G0 F9000 X123.729 Y105.373
G1 F1500 X124.269 Y104.833 E1084.55188
G0 F9000 X123.729 Y104.524
G1 F1500 X124.269 Y103.985 E1084.58994
G0 F9000 X123.729 Y103.675
G1 F1500 X124.269 Y103.136 E1084.62801
G0 F9000 X123.729 Y102.827
G1 F1500 X124.269 Y102.287 E1084.66611
G0 F9000 X123.729 Y101.978
G1 F1500 X124.269 Y101.439 E1084.70417
G0 F9000 X123.729 Y101.13
G1 F1500 X124.269 Y100.59 E1084.74227
G0 F9000 X123.729 Y100.281
G1 F1500 X124.269 Y99.742 E1084.78033
G0 F9000 X123.729 Y99.433
G1 F1500 X124.269 Y98.893 E1084.81843
G0 F9000 X123.729 Y98.584
G1 F1500 X124.269 Y98.045 E1084.8565
G0 F9000 X123.729 Y97.736
G1 F1500 X124.269 Y97.196 E1084.8946
G0 F9000 X123.729 Y96.887
G1 F1500 X124.269 Y96.348 E1084.93266
G0 F9000 X123.729 Y96.039
G1 F1500 X124.269 Y95.499 E1084.97076
G0 F9000 X123.729 Y95.19
G1 F1500 X124.269 Y94.651 E1085.00883
G0 F9000 X123.729 Y94.342
G1 F1500 X124.269 Y93.802 E1085.04693
G0 F9000 X123.729 Y93.493
G1 F1500 X124.269 Y92.954 E1085.08499
G0 F9000 X123.729 Y92.645
G1 F1500 X124.269 Y92.105 E1085.12309
G0 F9000 X123.729 Y91.796
G1 F1500 X124.269 Y91.257 E1085.16116
G0 F9000 X123.729 Y90.948
G1 F1500 X124.269 Y90.408 E1085.19926
G0 F9000 X123.729 Y90.099
G1 F1500 X124.269 Y89.56 E1085.23732
G0 F9000 X123.729 Y89.251
G1 F1500 X124.269 Y88.711 E1085.27542
G0 F9000 X123.729 Y88.402
G1 F1500 X124.269 Y87.862 E1085.31352
G0 F9000 X123.729 Y87.553
G1 F1500 X124.269 Y87.014 E1085.35159
G0 F9000 X123.729 Y86.705
G1 F1500 X124.269 Y86.165 E1085.38969
G0 F9000 X124.269 Y85.317
G1 F1500 X123.315 Y86.27 E1085.45696
G0 F9000 X122.467 Y86.27
G1 F1500 X124.269 Y84.468 E1085.5841
G0 F9000 X124.269 Y83.62
G1 F1500 X121.618 Y86.27 E1085.77111
G0 F9000 X120.77 Y86.27
G1 F1500 X124.269 Y82.771 E1086.01798
G0 F9000 X124.269 Y81.923
G1 F1500 X119.921 Y86.27 E1086.32472
G0 F9000 X119.073 Y86.27
G1 F1500 X124.269 Y81.074 E1086.69133
G0 F9000 X124.269 Y80.226
G1 F1500 X118.224 Y86.27 E1087.1178
G0 F9000 X117.376 Y86.27
G1 F1500 X124.269 Y79.377 E1087.60414
G0 F9000 X124.246 Y78.551
G1 F1500 X116.527 Y86.27 E1088.14876
G0 F9000 X116.229 Y85.72
G1 F1500 X123.991 Y77.957 E1088.69644
G0 F9000 X123.365 Y77.735
G1 F1500 X116.229 Y84.871 E1089.19993
G0 F9000 X115.982 Y84.27
G1 F1500 X122.522 Y77.73 E1089.66136
G0 F9000 X121.673 Y77.73
G1 F1500 X115.133 Y84.27 E1090.12279
G0 F9000 X114.285 Y84.27
G1 F1500 X115.326 Y83.228 E1090.19627
G0 F9000 X115.606 Y82.949
G1 F1500 X120.825 Y77.73 E1090.5645
G0 F9000 X119.976 Y77.73
G1 F1500 X116.191 Y81.515 E1090.83155
G0 F9000 X116.191 Y80.666
G1 F1500 X119.128 Y77.73 E1091.03874
G0 F9000 X118.279 Y77.73
G1 F1500 X116.044 Y79.965 E1091.19643
G0 F9000 X115.769 Y79.391
G1 F1500 X117.431 Y77.73 E1091.31366
G0 F9000 X116.582 Y77.73
G1 F1500 X115.445 Y78.867 E1091.39388
G0 F9000 X114.973 Y78.49
G1 F1500 X115.734 Y77.73 E1091.44754
G0 F9000 X114.885 Y77.73
G1 F1500 X114.501 Y78.114 E1091.47463
G0 F9000 X114.037 Y77.73
G1 F1500 X113.847 Y77.919 E1091.488
G1 F1500 E1084.988
G0 F9000 X113.708 Y78.523
G0 X106.865 Y78.309
G0 X106.865 Y77.21
G0 X106.401 Y77.11
G1 F1500 E1091.488
G0 F9000 X106.401 Y77.729
G1 F1500 X106.228 Y77.901 E1091.50017
G0 F9000 X105.552 Y77.729
G1 F1500 X97.012 Y86.269 E1092.10272
G0 F9000 X97.86 Y86.269
G1 F1500 X103.806 Y80.323 E1092.52224
G0 F9000 X103.806 Y81.172
G1 F1500 X98.709 Y86.269 E1092.88186
G0 F9000 X99.557 Y86.269
G1 F1500 X103.901 Y81.926 E1093.18832
G0 F9000 X104.176 Y82.499
G1 F1500 X100.406 Y86.269 E1093.45431
G0 F9000 X101.254 Y86.269
G1 F1500 X104.463 Y83.061 E1093.68069
G0 F9000 X104.936 Y83.437
G1 F1500 X104.103 Y84.27 E1093.73946
G0 F9000 X103.769 Y84.603
G1 F1500 X102.103 Y86.269 E1093.85701
G0 F9000 X102.951 Y86.269
G1 F1500 X103.769 Y85.452 E1093.91468
G0 F9000 X104.39 Y85.452
G0 X104.951 Y84.89
G0 X104.951 Y84.27
G1 F1500 X105.408 Y83.813 E1093.94693
G0 F9000 X105.8 Y84.27
G1 F1500 X106.02 Y84.05 E1093.96245
G1 F1500 E1087.46245
G0 F9000 X106.159 Y83.447
G0 X106.865 Y83.691
G0 X106.865 Y85.4
G0 X115.128 Y85.372
G0 X115.128 Y87.372
G0 X122.628 Y87.372
G0 X122.628 Y132.628
G0 X116.586 Y133.11
G1 F1500 E1093.96245
G0 F9000 X116.586 Y133.729
G1 F1500 X116.229 Y134.085 E1093.9876
G0 F9000 X116.229 Y134.934
G1 F1500 X117.434 Y133.729 E1094.07262
G0 F9000 X118.283 Y133.729
G1 F1500 X115.279 Y136.733 E1094.28457
G0 F9000 X115.672 Y137.188
G1 F1500 X119.131 Y133.729 E1094.52862
G0 F9000 X119.98 Y133.729
G1 F1500 X115.948 Y137.761 E1094.8131
G0 F9000 X116.192 Y138.365
G1 F1500 X120.828 Y133.729 E1095.1402
G0 F9000 X121.677 Y133.729
G1 F1500 X116.192 Y139.214 E1095.52719
G0 F9000 X115.572 Y139.214
G0 X115.324 Y140.104
G0 X115.882 Y140.373
G1 F1500 X122.526 Y133.729 E1095.99596
G1 F1500 E1089.49596
G0 F9000 X122.526 Y133.11
G0 X123.196 Y133.196
G0 X124.79 Y133.196
G0 X124.89 Y133.682
G1 F1500 E1095.99596
G0 F9000 X124.269 Y133.682
G1 F1500 X115.682 Y142.269 E1096.60182
G0 F9000 X116.531 Y142.269
G1 F1500 X124.269 Y134.531 E1097.14778
G0 F9000 X124.269 Y135.379
G1 F1500 X117.379 Y142.269 E1097.63391
G0 F9000 X118.228 Y142.269
G1 F1500 X124.269 Y136.228 E1098.06013
G0 F9000 X124.269 Y137.076
G1 F1500 X119.076 Y142.269 E1098.42653
G0 F9000 X119.925 Y142.269
G1 F1500 X124.269 Y137.925 E1098.73302
G0 F9000 X124.269 Y138.773
G1 F1500 X120.773 Y142.269 E1098.97968
G0 F9000 X121.622 Y142.269
G1 F1500 X124.269 Y139.622 E1099.16644
G0 F9000 X124.269 Y140.471
G1 F1500 X122.47 Y142.269 E1099.29333
G0 F9000 X123.319 Y142.269
G1 F1500 X124.269 Y141.319 E1099.36036
G1 F1500 E1092.86036
G0 F9000 X124.89 Y141.319
G0 X124.79 Y135.11
G0 X126.665 Y135.11
G0 X113.847 Y133.347
G0 X115.69 Y135.11
G0 X115.435 Y135.11
G1 F1500 E1099.36036
G0 F9000 X115.435 Y135.729
G1 F1500 X114.806 Y136.357 E1099.40471
G0 F9000 X114.293 Y136.021
G1 F1500 X114.586 Y135.729 E1099.42534
G0 F9000 X113.738 Y135.729
G1 F1500 X113.604 Y135.862 E1099.43476
G0 F9000 X113.485 Y136.381
G1 F1500 E1092.93476
;MESH:NONMESH
G0 F300 X113.485 Y136.381 Z3.8
G0 F9000 X113.465 Y136.467
G0 X113.135 Y136.309
G0 X112.929 Y138.164
G0 X112.929 Y133.415
G0 X113.847 Y133.347
G0 X113.847 Y86.653
G0 X112.929 Y86.585
G0 X112.929 Y81.836
G0 X113.135 Y83.691
G0 X114.052 Y83.182
;TIME_ELAPSED:1272.863565
;LAYER:18
;TYPE:WALL-INNER
;MESH:supporto pulsante doppio kalos UNICO.stl
G1 F1500 E1099.43476
G1 X114.895 Y82.511 E1099.48852
G1 X115.362 Y81.539 E1099.54232
G1 X115.362 Y80.461 E1099.5961
G1 X114.895 Y79.489 E1099.6499
G1 X114.052 Y78.818 E1099.70365
G1 X113.102 Y78.6 E1099.75228
G1 X106.898 Y78.6 E1100.0618
G1 X105.948 Y78.818 E1100.11043
G1 X105.105 Y79.489 E1100.16418
G1 X104.638 Y80.461 E1100.21798
G1 X104.638 Y81.539 E1100.27176
G1 X105.105 Y82.511 E1100.32556
G1 X105.948 Y83.182 E1100.37932
G1 X106.898 Y83.4 E1100.42794
G1 X113.102 Y83.4 E1100.73746
G1 X114.052 Y83.182 E1100.78609
G0 F9000 X113.785 Y82.628
;TYPE:WALL-OUTER
G1 F1500 X114.414 Y82.127 E1100.82621
G1 X114.762 Y81.402 E1100.86633
G1 X114.762 Y80.598 E1100.90644
G1 X114.414 Y79.873 E1100.94656
G1 X113.785 Y79.372 E1100.98668
G1 X113.034 Y79.2 E1101.02512
G1 X106.966 Y79.2 E1101.32785
G1 X106.215 Y79.372 E1101.36629
G1 X105.586 Y79.873 E1101.40641
G1 X105.238 Y80.598 E1101.44653
G1 X105.238 Y81.402 E1101.48664
G1 X105.586 Y82.127 E1101.52676
G1 X106.215 Y82.628 E1101.56688
G1 X106.966 Y82.8 E1101.60532
G1 X113.034 Y82.8 E1101.90805
G1 X113.785 Y82.628 E1101.94649
G0 F9000 X114.071 Y83.222
G1 F1500 E1095.44649
G0 F9000 X106.865 Y83.691
G0 X106.865 Y85.4
G0 X104.872 Y85.372
G0 X104.872 Y87.372
G0 X97.372 Y87.372
G0 X97.372 Y132.628
G0 X104.702 Y132.639
G0 X104.6 Y134.9
;TYPE:WALL-INNER
G1 F1500 E1101.94649
G1 X115.4 Y134.9 E1102.48531
G1 X115.4 Y132.9 E1102.58509
G1 X122.9 Y132.9 E1102.95926
G1 X122.9 Y87.1 E1105.24423
G1 X115.4 Y87.1 E1105.61841
G1 X115.4 Y85.1 E1105.71819
G1 X104.6 Y85.1 E1106.25701
G1 X104.6 Y87.1 E1106.35679
G1 X97.1 Y87.1 E1106.73096
G1 X97.1 Y132.9 E1109.01593
G1 X104.6 Y132.9 E1109.39011
G1 X104.6 Y134.9 E1109.48989
G0 F9000 X105.2 Y134.3
;TYPE:WALL-OUTER
G1 F1500 X114.8 Y134.3 E1109.96884
G1 X114.8 Y132.3 E1110.06862
G1 X122.3 Y132.3 E1110.44279
G1 X122.3 Y87.7 E1112.6679
G1 X114.8 Y87.7 E1113.04207
G1 X114.8 Y85.7 E1113.14185
G1 X105.2 Y85.7 E1113.6208
G1 X105.2 Y87.7 E1113.72058
G1 X97.7 Y87.7 E1114.09476
G1 X97.7 Y132.3 E1116.31986
G1 X105.2 Y132.3 E1116.69404
G1 X105.2 Y134.3 E1116.79382
G1 F1500 E1110.29382
G0 F9000 X104.8 Y134.3
G0 X104.872 Y134.628
G0 X114.052 Y135.19
G0 X113.76 Y136.453
G0 X114.686 Y137.657
G0 X115.101 Y138.522
G0 X115.101 Y139.478
G0 X114.766 Y140.178
G0 X114.052 Y141.182
;TYPE:WALL-INNER
G1 F1500 E1116.79382
G1 X114.895 Y140.511 E1116.84757
G1 X115.362 Y139.539 E1116.90137
G1 X115.362 Y138.461 E1116.95515
G1 X114.895 Y137.489 E1117.00895
G1 X114.052 Y136.818 E1117.06271
G1 X113.102 Y136.6 E1117.11133
G1 X106.898 Y136.6 E1117.42085
G1 X105.948 Y136.818 E1117.46948
G1 X105.105 Y137.489 E1117.52323
G1 X104.638 Y138.461 E1117.57703
G1 X104.638 Y139.539 E1117.63081
G1 X105.105 Y140.511 E1117.68461
G1 X105.948 Y141.182 E1117.73837
G1 X106.898 Y141.4 E1117.787
G1 X113.102 Y141.4 E1118.09652
G1 X114.052 Y141.182 E1118.14514
G0 F9000 X113.785 Y140.628
;TYPE:WALL-OUTER
G1 F1500 X114.414 Y140.127 E1118.18526
G1 X114.762 Y139.402 E1118.22538
G1 X114.762 Y138.598 E1118.26549
G1 X114.414 Y137.873 E1118.30562
G1 X113.785 Y137.372 E1118.34573
G1 X113.034 Y137.2 E1118.38417
G1 X106.966 Y137.2 E1118.68691
G1 X106.215 Y137.372 E1118.72534
G1 X105.586 Y137.873 E1118.76546
G1 X105.238 Y138.598 E1118.80558
G1 X105.238 Y139.402 E1118.8457
G1 X105.586 Y140.127 E1118.88582
G1 X106.215 Y140.628 E1118.92594
G1 X106.966 Y140.8 E1118.96437
G1 X113.034 Y140.8 E1119.26711
G1 X113.785 Y140.628 E1119.30554
G0 F9000 X114.071 Y141.222
G1 F1500 E1112.80554
G0 F9000 X115.653 Y139.606
G0 X115.653 Y142.79
G0 X123.411 Y143.1
;TYPE:WALL-INNER
G1 F1500 E1119.30554
G1 X96.589 Y143.1 E1120.6437
G1 X95.893 Y142.962 E1120.6791
G1 X95.38 Y142.62 E1120.70986
G1 X95.038 Y142.107 E1120.74062
G1 X94.9 Y141.411 E1120.77602
G1 X94.9 Y78.589 E1123.91022
G1 X95.038 Y77.893 E1123.94562
G1 X95.38 Y77.38 E1123.97638
G1 X95.893 Y77.038 E1124.00714
G1 X96.589 Y76.9 E1124.04254
G1 X123.411 Y76.9 E1125.38069
G1 X124.107 Y77.038 E1125.41609
G1 X124.62 Y77.38 E1125.44685
G1 X124.962 Y77.893 E1125.47761
G1 X125.1 Y78.589 E1125.51301
G1 X125.1 Y141.411 E1128.64722
G1 X124.962 Y142.107 E1128.68261
G1 X124.62 Y142.62 E1128.71337
G1 X124.107 Y142.962 E1128.74413
G1 X123.411 Y143.1 E1128.77953
G0 F9000 X123.472 Y143.7
;TYPE:WALL-OUTER
G1 F1500 X96.528 Y143.7 E1130.12378
G1 X95.66 Y143.528 E1130.16792
G1 X94.948 Y143.052 E1130.21065
G1 X94.472 Y142.34 E1130.25338
G1 X94.3 Y141.472 E1130.29753
G1 X94.3 Y78.528 E1133.43782
G1 X94.472 Y77.66 E1133.48196
G1 X94.948 Y76.948 E1133.52469
G1 X95.66 Y76.472 E1133.56742
G1 X96.528 Y76.3 E1133.61157
G1 X123.472 Y76.3 E1134.95581
G1 X124.34 Y76.472 E1134.99996
G1 X125.052 Y76.948 E1135.04268
G1 X125.528 Y77.66 E1135.08541
G1 X125.7 Y78.528 E1135.12956
G1 X125.7 Y141.472 E1138.26985
G1 X125.528 Y142.34 E1138.314
G1 X125.052 Y143.052 E1138.35672
G1 X124.34 Y143.528 E1138.39945
G1 X123.472 Y143.7 E1138.4436
G0 F9000 X123.408 Y143.044
G0 X123.357 Y142.51
;TYPE:SKIN
G1 F1500 X96.643 Y142.51 E1139.77637
G1 X96.124 Y142.407 E1139.80276
G1 X95.805 Y142.195 E1139.82187
G1 X95.593 Y141.876 E1139.84098
G1 X95.49 Y141.357 E1139.86738
G1 X95.49 Y78.643 E1142.99619
G1 X95.593 Y78.124 E1143.02259
G1 X95.805 Y77.805 E1143.0417
G1 X96.124 Y77.593 E1143.06081
G1 X96.643 Y77.49 E1143.08721
G1 X123.357 Y77.49 E1144.41998
G1 X123.876 Y77.593 E1144.44637
G1 X124.195 Y77.805 E1144.46548
G1 X124.407 Y78.124 E1144.48459
G1 X124.51 Y78.643 E1144.51099
G1 X124.51 Y141.357 E1147.6398
G1 X124.407 Y141.876 E1147.6662
G1 X124.195 Y142.195 E1147.68531
G1 X123.876 Y142.407 E1147.70442
G1 X123.357 Y142.51 E1147.73082
G1 F1500 E1141.23082
G0 F9000 X123.429 Y142.883
G0 X115.572 Y142.79
G0 X115.129 Y140.697
G0 X115.572 Y139.588
G1 F1500 E1147.73082
G0 F9000 X115.952 Y139.673
G1 F1500 X115.952 Y138.327 E1147.79797
G1 X115.369 Y137.112 E1147.8652
G1 X114.315 Y136.273 E1147.93241
G1 X113.169 Y136.01 E1147.99107
G1 X106.831 Y136.01 E1148.30728
G1 X105.685 Y136.273 E1148.36594
G1 X104.631 Y137.112 E1148.43315
G1 X104.048 Y138.327 E1148.50038
G1 X104.048 Y139.673 E1148.56753
G1 X104.631 Y140.888 E1148.63477
G1 X105.685 Y141.727 E1148.70198
G1 X106.831 Y141.99 E1148.76064
G1 X113.169 Y141.99 E1149.07684
G1 X114.315 Y141.727 E1149.1355
G1 X115.369 Y140.888 E1149.20271
G1 X115.952 Y139.673 E1149.26995
G1 F1500 E1142.76995
G0 F9000 X115.572 Y139.588
G0 X115.129 Y137.303
G0 X113.643 Y138.491
G0 X113.847 Y133.347
G0 X115.696 Y133.196
G0 X123.11 Y133.14
G1 F1500 E1149.26995
G0 F9000 X123.49 Y133.49
G1 F1500 X123.49 Y86.51 E1151.61379
G1 X115.99 Y86.51 E1151.98797
G1 X115.99 Y84.51 E1152.08775
G1 X104.01 Y84.51 E1152.68543
G1 X104.01 Y86.51 E1152.78521
G1 X96.51 Y86.51 E1153.15939
G1 X96.51 Y133.49 E1155.50323
G1 X104.01 Y133.49 E1155.87741
G1 X104.01 Y135.49 E1155.97719
G1 X115.99 Y135.49 E1156.57487
G1 X115.99 Y133.49 E1156.67465
G1 X123.49 Y133.49 E1157.04883
G1 F1500 E1150.54883
G0 F9000 X123.11 Y133.14
G0 X122.628 Y87.372
G0 X115.128 Y87.372
G0 X115.128 Y85.372
G0 X113.127 Y85.4
G0 X113.127 Y83.69
G1 F1500 E1157.04883
G0 F9000 X113.169 Y83.99
G1 F1500 X114.315 Y83.727 E1157.10749
G1 X115.369 Y82.888 E1157.1747
G1 X115.952 Y81.673 E1157.24193
G1 X115.952 Y80.327 E1157.30908
G1 X115.369 Y79.112 E1157.37632
G1 X114.315 Y78.273 E1157.44353
G1 X113.169 Y78.01 E1157.50219
G1 X106.831 Y78.01 E1157.81839
G1 X105.685 Y78.273 E1157.87705
G1 X104.631 Y79.112 E1157.94426
G1 X104.048 Y80.327 E1158.0115
G1 X104.048 Y81.673 E1158.07865
G1 X104.631 Y82.888 E1158.14588
G1 X105.685 Y83.727 E1158.21309
G1 X106.831 Y83.99 E1158.27175
G1 X113.169 Y83.99 E1158.58796
G1 F1500 E1152.08796
G0 F9000 X113.127 Y83.61
G0 X114.686 Y82.343
G0 X115.653 Y80.394
G0 X113.798 Y80.815
G0 X126.665 Y80.394
G0 X124.79 Y80.394
G0 X124.824 Y78.276
G1 F1500 E1158.58796
G0 F9000 X124.216 Y78.396
G1 F1500 X123.604 Y77.783 E1158.63117
G0 F9000 X122.702 Y77.73
G1 F1500 X124.269 Y79.297 E1158.74173
G0 F9000 X124.269 Y80.146
G1 F1500 X121.853 Y77.73 E1158.91219
G0 F9000 X121.005 Y77.73
G1 F1500 X124.269 Y80.994 E1159.14249
G0 F9000 X124.269 Y81.843
G1 F1500 X120.156 Y77.73 E1159.43268
G0 F9000 X119.308 Y77.73
G1 F1500 X124.269 Y82.691 E1159.78271
G0 F9000 X124.269 Y83.54
G1 F1500 X118.459 Y77.73 E1160.19263
G0 F9000 X117.61 Y77.73
G1 F1500 X124.269 Y84.388 E1160.66243
G0 F9000 X124.269 Y85.237
G1 F1500 X116.762 Y77.73 E1161.19209
G0 F9000 X115.913 Y77.73
G1 F1500 X124.269 Y86.086 E1161.78165
G0 F9000 X123.729 Y86.394
G1 F1500 X124.269 Y86.934 E1161.81975
G0 F9000 X123.729 Y87.242
G1 F1500 X124.269 Y87.783 E1161.85788
G0 F9000 X123.729 Y88.091
G1 F1500 X124.269 Y88.631 E1161.89598
G0 F9000 X123.729 Y88.939
G1 F1500 X124.269 Y89.48 E1161.93412
G0 F9000 X123.729 Y89.788
G1 F1500 X124.269 Y90.328 E1161.97222
G0 F9000 X123.729 Y90.636
G1 F1500 X124.269 Y91.177 E1162.01035
G0 F9000 X123.729 Y91.485
G1 F1500 X124.269 Y92.025 E1162.04845
G0 F9000 X123.729 Y92.334
G1 F1500 X124.269 Y92.874 E1162.08655
G0 F9000 X123.729 Y93.182
G1 F1500 X124.269 Y93.722 E1162.12465
G0 F9000 X123.729 Y94.031
G1 F1500 X124.269 Y94.571 E1162.16275
G0 F9000 X123.729 Y94.879
G1 F1500 X124.269 Y95.419 E1162.20085
G0 F9000 X123.729 Y95.728
G1 F1500 X124.269 Y96.268 E1162.23895
G0 F9000 X123.729 Y96.576
G1 F1500 X124.269 Y97.116 E1162.27705
G0 F9000 X123.729 Y97.425
G1 F1500 X124.269 Y97.965 E1162.31515
G0 F9000 X123.729 Y98.273
G1 F1500 X124.269 Y98.813 E1162.35325
G0 F9000 X123.729 Y99.122
G1 F1500 X124.269 Y99.662 E1162.39135
G0 F9000 X123.729 Y99.97
G1 F1500 X124.269 Y100.51 E1162.42945
G0 F9000 X123.729 Y100.819
G1 F1500 X124.269 Y101.359 E1162.46755
G0 F9000 X123.729 Y101.667
G1 F1500 X124.269 Y102.208 E1162.50569
G0 F9000 X123.729 Y102.516
G1 F1500 X124.269 Y103.056 E1162.54379
G0 F9000 X123.729 Y103.364
G1 F1500 X124.269 Y103.905 E1162.58192
G0 F9000 X123.729 Y104.213
G1 F1500 X124.269 Y104.753 E1162.62002
G0 F9000 X123.729 Y105.061
G1 F1500 X124.269 Y105.602 E1162.65816
G0 F9000 X123.729 Y105.91
G1 F1500 X124.269 Y106.45 E1162.69626
G0 F9000 X123.729 Y106.758
G1 F1500 X124.269 Y107.299 E1162.73439
G0 F9000 X123.729 Y107.607
G1 F1500 X124.269 Y108.147 E1162.77249
G0 F9000 X123.729 Y108.456
G1 F1500 X124.269 Y108.996 E1162.81059
G0 F9000 X123.729 Y109.304
G1 F1500 X124.269 Y109.844 E1162.84869
G0 F9000 X123.729 Y110.153
G1 F1500 X124.27 Y110.694 E1162.88686
G0 F9000 X123.729 Y111.001
G1 F1500 X124.27 Y111.542 E1162.92503
G0 F9000 X123.729 Y111.85
G1 F1500 X124.27 Y112.391 E1162.9632
G0 F9000 X123.729 Y112.698
G1 F1500 X124.27 Y113.239 E1163.00137
G0 F9000 X123.729 Y113.547
G1 F1500 X124.27 Y114.088 E1163.03954
G0 F9000 X123.729 Y114.395
G1 F1500 X124.27 Y114.936 E1163.07771
G0 F9000 X123.729 Y115.244
G1 F1500 X124.27 Y115.785 E1163.11588
G0 F9000 X123.729 Y116.092
G1 F1500 X124.27 Y116.633 E1163.15406
G0 F9000 X123.729 Y116.941
G1 F1500 X124.27 Y117.482 E1163.19223
G0 F9000 X123.729 Y117.789
G1 F1500 X124.27 Y118.33 E1163.2304
G0 F9000 X123.729 Y118.638
G1 F1500 X124.27 Y119.179 E1163.26857
G0 F9000 X123.729 Y119.486
G1 F1500 X124.27 Y120.027 E1163.30674
G0 F9000 X123.729 Y120.335
G1 F1500 X124.27 Y120.876 E1163.34491
G0 F9000 X123.729 Y121.183
G1 F1500 X124.27 Y121.724 E1163.38308
G0 F9000 X123.729 Y122.032
G1 F1500 X124.27 Y122.573 E1163.42125
G0 F9000 X123.729 Y122.881
G1 F1500 X124.27 Y123.421 E1163.45938
G0 F9000 X123.729 Y123.729
G1 F1500 X124.27 Y124.27 E1163.49755
G0 F9000 X123.729 Y124.578
G1 F1500 X124.27 Y125.119 E1163.53572
G0 F9000 X123.729 Y125.426
G1 F1500 X124.27 Y125.967 E1163.5739
G0 F9000 X123.729 Y126.275
G1 F1500 X124.27 Y126.816 E1163.61207
G0 F9000 X123.729 Y127.123
G1 F1500 X124.27 Y127.664 E1163.65024
G0 F9000 X123.729 Y127.972
G1 F1500 X124.27 Y128.513 E1163.68841
G0 F9000 X123.729 Y128.82
G1 F1500 X124.27 Y129.361 E1163.72658
G0 F9000 X123.729 Y129.669
G1 F1500 X124.27 Y130.21 E1163.76475
G0 F9000 X123.729 Y130.517
G1 F1500 X124.27 Y131.058 E1163.80292
G0 F9000 X123.729 Y131.366
G1 F1500 X124.27 Y131.907 E1163.84109
G0 F9000 X123.729 Y132.214
G1 F1500 X124.27 Y132.755 E1163.87926
G0 F9000 X123.729 Y133.063
G1 F1500 X124.27 Y133.604 E1163.91743
G0 F9000 X123.547 Y133.729
G1 F1500 X124.27 Y134.452 E1163.96844
G0 F9000 X124.27 Y135.301
G1 F1500 X122.698 Y133.729 E1164.07935
G0 F9000 X121.85 Y133.729
G1 F1500 X124.27 Y136.149 E1164.2501
G0 F9000 X124.27 Y136.998
G1 F1500 X121.001 Y133.729 E1164.48074
G0 F9000 X120.152 Y133.729
G1 F1500 X124.27 Y137.846 E1164.77126
G0 F9000 X124.27 Y138.695
G1 F1500 X119.304 Y133.729 E1165.12163
G0 F9000 X118.455 Y133.729
G1 F1500 X124.27 Y139.543 E1165.53188
G0 F9000 X124.27 Y140.392
G1 F1500 X117.607 Y133.729 E1166.00199
G0 F9000 X116.758 Y133.729
G1 F1500 X124.27 Y141.241 E1166.532
G0 F9000 X124.094 Y141.913
G1 F1500 X116.229 Y134.049 E1167.08688
G0 F9000 X116.229 Y134.897
G1 F1500 X123.557 Y142.225 E1167.60391
G0 F9000 X122.753 Y142.269
G1 F1500 X116.212 Y135.729 E1168.06538
G0 F9000 X115.364 Y135.729
G1 F1500 X121.904 Y142.269 E1168.52681
G0 F9000 X121.055 Y142.269
G1 F1500 X114.515 Y135.729 E1168.98825
G0 F9000 X113.859 Y135.92
G1 F1500 X113.667 Y135.729 E1169.00176
G1 F1500 E1162.50176
G0 F9000 X113.667 Y135.11
G0 X115.572 Y135.19
G0 X115.129 Y137.303
G0 X115.572 Y138.413
G1 F1500 E1169.00176
G0 F9000 X116.176 Y138.237
G1 F1500 X120.207 Y142.269 E1169.2862
G0 F9000 X119.358 Y142.269
G1 F1500 X116.191 Y139.102 E1169.50965
G0 F9000 X116.118 Y139.877
G1 F1500 X118.51 Y142.269 E1169.67842
G0 F9000 X117.661 Y142.269
G1 F1500 X115.843 Y140.451 E1169.80669
G0 F9000 X115.569 Y141.025
G1 F1500 X116.813 Y142.269 E1169.89446
G0 F9000 X115.964 Y142.269
G1 F1500 X115.102 Y141.407 E1169.95528
G0 F9000 X114.63 Y141.783
G1 F1500 X115.116 Y142.269 E1169.98957
G0 F9000 X114.267 Y142.269
G1 F1500 X114.035 Y142.037 E1170.00594
G1 F1500 E1163.50594
G0 F9000 X113.898 Y141.433
G0 X106.865 Y141.691
G0 X106.865 Y142.79
G0 X105.782 Y142.89
G1 F1500 E1170.00594
G0 F9000 X105.782 Y142.269
G1 F1500 X105.008 Y141.494 E1170.06058
G0 F9000 X104.933 Y142.269
G1 F1500 X96.394 Y133.729 E1170.66309
G0 F9000 X96.269 Y133.604
G1 F1500 X95.729 Y133.064 E1170.70119
G0 F9000 X96.269 Y132.756
G1 F1500 X95.729 Y132.216 E1170.73929
G0 F9000 X96.269 Y131.907
G1 F1500 X95.729 Y131.367 E1170.77739
G0 F9000 X96.269 Y131.059
G1 F1500 X95.729 Y130.519 E1170.81549
G0 F9000 X96.269 Y130.21
G1 F1500 X95.729 Y129.67 E1170.85359
G0 F9000 X96.269 Y129.362
G1 F1500 X95.729 Y128.822 E1170.89169
G0 F9000 X96.269 Y128.513
G1 F1500 X95.729 Y127.973 E1170.92979
G0 F9000 X96.269 Y127.665
G1 F1500 X95.729 Y127.125 E1170.96789
G0 F9000 X96.269 Y126.816
G1 F1500 X95.729 Y126.276 E1171.00599
G0 F9000 X96.269 Y125.968
G1 F1500 X95.729 Y125.428 E1171.04409
G0 F9000 X96.269 Y125.119
G1 F1500 X95.729 Y124.579 E1171.08219
G0 F9000 X96.269 Y124.271
G1 F1500 X95.729 Y123.73 E1171.12032
G0 F9000 X96.269 Y123.422
G1 F1500 X95.729 Y122.882 E1171.15842
G0 F9000 X96.269 Y122.574
G1 F1500 X95.729 Y122.033 E1171.19656
G0 F9000 X96.269 Y121.725
G1 F1500 X95.729 Y121.185 E1171.23466
G0 F9000 X96.269 Y120.877
G1 F1500 X95.729 Y120.336 E1171.27279
G0 F9000 X96.269 Y120.028
G1 F1500 X95.729 Y119.488 E1171.31089
G0 F9000 X96.269 Y119.18
G1 F1500 X95.729 Y118.639 E1171.34903
G0 F9000 X96.269 Y118.331
G1 F1500 X95.729 Y117.791 E1171.38713
G0 F9000 X96.269 Y117.482
G1 F1500 X95.729 Y116.942 E1171.42523
G0 F9000 X96.269 Y116.634
G1 F1500 X95.729 Y116.094 E1171.46333
G0 F9000 X96.269 Y115.785
G1 F1500 X95.729 Y115.245 E1171.50143
G0 F9000 X96.269 Y114.937
G1 F1500 X95.729 Y114.397 E1171.53953
G0 F9000 X96.269 Y114.088
G1 F1500 X95.729 Y113.548 E1171.57763
G0 F9000 X96.269 Y113.24
G1 F1500 X95.729 Y112.7 E1171.61573
G0 F9000 X96.269 Y112.391
G1 F1500 X95.729 Y111.851 E1171.65383
G0 F9000 X96.269 Y111.543
G1 F1500 X95.729 Y111.003 E1171.69193
G0 F9000 X96.269 Y110.694
G1 F1500 X95.729 Y110.154 E1171.73003
G0 F9000 X96.269 Y109.846
G1 F1500 X95.728 Y109.305 E1171.7682
G0 F9000 X96.269 Y108.997
G1 F1500 X95.728 Y108.456 E1171.80637
G0 F9000 X96.269 Y108.149
G1 F1500 X95.728 Y107.608 E1171.84454
G0 F9000 X96.269 Y107.3
G1 F1500 X95.728 Y106.759 E1171.88271
G0 F9000 X96.269 Y106.452
G1 F1500 X95.728 Y105.911 E1171.92088
G0 F9000 X96.269 Y105.603
G1 F1500 X95.728 Y105.062 E1171.95905
G0 F9000 X96.269 Y104.755
G1 F1500 X95.728 Y104.214 E1171.99722
G0 F9000 X96.269 Y103.906
G1 F1500 X95.728 Y103.365 E1172.03539
G0 F9000 X96.269 Y103.057
G1 F1500 X95.728 Y102.517 E1172.07353
G0 F9000 X96.269 Y102.209
G1 F1500 X95.728 Y101.668 E1172.1117
G0 F9000 X96.269 Y101.36
G1 F1500 X95.728 Y100.819 E1172.14987
G0 F9000 X96.269 Y100.512
G1 F1500 X95.728 Y99.971 E1172.18804
G0 F9000 X96.269 Y99.663
G1 F1500 X95.728 Y99.122 E1172.22621
G0 F9000 X96.269 Y98.815
G1 F1500 X95.728 Y98.274 E1172.26438
G0 F9000 X96.269 Y97.966
G1 F1500 X95.728 Y97.425 E1172.30255
G0 F9000 X96.269 Y97.118
G1 F1500 X95.728 Y96.577 E1172.34072
G0 F9000 X96.269 Y96.269
G1 F1500 X95.728 Y95.728 E1172.37889
G0 F9000 X96.269 Y95.421
G1 F1500 X95.728 Y94.88 E1172.41706
G0 F9000 X96.269 Y94.572
G1 F1500 X95.728 Y94.031 E1172.45523
G0 F9000 X96.269 Y93.724
G1 F1500 X95.728 Y93.183 E1172.4934
G0 F9000 X96.269 Y92.875
G1 F1500 X95.728 Y92.334 E1172.53157
G0 F9000 X96.269 Y92.027
G1 F1500 X95.728 Y91.486 E1172.56974
G0 F9000 X96.269 Y91.178
G1 F1500 X95.728 Y90.637 E1172.60791
G0 F9000 X96.269 Y90.33
G1 F1500 X95.728 Y89.789 E1172.64609
G0 F9000 X96.269 Y89.481
G1 F1500 X95.728 Y88.94 E1172.68426
G0 F9000 X96.269 Y88.633
G1 F1500 X95.728 Y88.092 E1172.72243
G0 F9000 X96.269 Y87.784
G1 F1500 X95.728 Y87.243 E1172.7606
G0 F9000 X96.269 Y86.935
G1 F1500 X95.728 Y86.395 E1172.79873
G0 F9000 X96.452 Y86.269
G1 F1500 X95.728 Y85.546 E1172.84978
G0 F9000 X95.728 Y84.697
G1 F1500 X97.3 Y86.269 E1172.96069
G0 F9000 X98.149 Y86.269
G1 F1500 X95.728 Y83.849 E1173.13147
G0 F9000 X95.728 Y83
G1 F1500 X98.997 Y86.269 E1173.36212
G0 F9000 X99.846 Y86.269
G1 F1500 X95.728 Y82.152 E1173.65263
G0 F9000 X95.728 Y81.303
G1 F1500 X100.694 Y86.269 E1174.00301
G0 F9000 X101.543 Y86.269
G1 F1500 X95.728 Y80.455 E1174.41325
G0 F9000 X95.728 Y79.606
G1 F1500 X102.391 Y86.269 E1174.88336
G0 F9000 X103.24 Y86.269
G1 F1500 X95.728 Y78.758 E1175.41334
G0 F9000 X95.904 Y78.085
G1 F1500 X103.769 Y85.95 E1175.96826
G0 F9000 X103.769 Y85.101
G1 F1500 X96.441 Y77.773 E1176.48529
G0 F9000 X97.246 Y77.73
G1 F1500 X103.786 Y84.27 E1176.94672
G0 F9000 X104.634 Y84.27
G1 F1500 X98.094 Y77.73 E1177.40815
G0 F9000 X98.943 Y77.73
G1 F1500 X105.483 Y84.27 E1177.86958
G0 F9000 X106.14 Y84.078
G1 F1500 X106.331 Y84.27 E1177.8831
G1 F1500 E1171.3831
G0 F9000 X106.331 Y84.89
G0 X104.428 Y84.81
G0 X105.618 Y83.315
G0 X104.428 Y81.587
G1 F1500 E1177.8831
G0 F9000 X103.823 Y81.761
G1 F1500 X99.791 Y77.73 E1178.16754
G0 F9000 X100.64 Y77.73
G1 F1500 X103.807 Y80.897 E1178.39099
G0 F9000 X103.88 Y80.121
G1 F1500 X101.488 Y77.73 E1178.55972
G0 F9000 X102.337 Y77.73
G1 F1500 X104.155 Y79.548 E1178.68799
G0 F9000 X104.429 Y78.973
G1 F1500 X103.185 Y77.73 E1178.77573
G0 F9000 X104.034 Y77.73
G1 F1500 X104.896 Y78.592 E1178.83655
G0 F9000 X105.368 Y78.215
G1 F1500 X104.883 Y77.73 E1178.87076
G0 F9000 X105.731 Y77.73
G1 F1500 X105.963 Y77.962 E1178.88713
G1 F1500 E1172.38713
G0 F9000 X106.1 Y78.568
G0 X113.135 Y78.309
G0 X113.135 Y77.21
G0 X114.216 Y77.11
G1 F1500 E1178.88713
G0 F9000 X114.216 Y77.73
G1 F1500 X114.991 Y78.504 E1178.94178
G0 F9000 X115.065 Y77.73
G1 F1500 X123.605 Y86.269 E1179.54429
G0 F9000 X122.756 Y86.269
G1 F1500 X115.667 Y79.181 E1180.04442
G0 F9000 X115.109 Y79.448
G0 X115.572 Y80.552
G0 X116.191 Y80.552
G1 F1500 X121.908 Y86.269 E1180.44778
G0 F9000 X121.059 Y86.269
G1 F1500 X116.191 Y81.401 E1180.79125
G0 F9000 X116.021 Y82.08
G1 F1500 X120.21 Y86.269 E1181.0868
G0 F9000 X119.362 Y86.269
G1 F1500 X115.747 Y82.654 E1181.34186
G0 F9000 X115.408 Y83.164
G1 F1500 X118.513 Y86.269 E1181.56094
G0 F9000 X117.665 Y86.269
G1 F1500 X116.229 Y84.833 E1181.66225
G0 F9000 X115.664 Y84.269
G1 F1500 X114.935 Y83.54 E1181.71369
G0 F9000 X114.463 Y83.916
G1 F1500 X114.816 Y84.269 E1181.7386
G0 F9000 X113.967 Y84.269
G1 F1500 X113.792 Y84.094 E1181.75094
G1 F1500 E1175.25094
G0 F9000 X113.655 Y83.489
G0 X114.182 Y83.45
G0 X114.182 Y84.81
G0 X115.61 Y85.682
G1 F1500 E1181.75094
G0 F9000 X116.229 Y85.682
G1 F1500 X116.816 Y86.269 E1181.79236
G1 F1500 E1175.29236
G0 F9000 X116.816 Y86.89
G0 X115.128 Y87.372
G0 X115.128 Y85.372
G0 X104.872 Y85.372
G0 X104.872 Y87.372
G0 X97.372 Y87.372
G0 X97.372 Y132.628
G0 X103.182 Y133.11
G1 F1500 E1181.79236
G0 F9000 X103.182 Y133.729
G1 F1500 X103.77 Y134.317 E1181.83384
G0 F9000 X103.77 Y135.165
G1 F1500 X102.333 Y133.729 E1181.9352
G0 F9000 X101.485 Y133.729
G1 F1500 X104.59 Y136.835 E1182.15431
G0 F9000 X105.063 Y136.458
G1 F1500 X104.334 Y135.729 E1182.20574
G0 F9000 X105.182 Y135.729
G1 F1500 X105.535 Y136.082 E1182.23065
G0 F9000 X106.031 Y135.729
G1 F1500 X106.206 Y135.905 E1182.24303
G0 F9000 X106.345 Y136.512
G0 X104.812 Y137.613
G0 X104.252 Y137.344
G1 F1500 X100.636 Y133.729 E1182.49812
G0 F9000 X99.788 Y133.729
G1 F1500 X103.977 Y137.919 E1182.79372
G0 F9000 X103.808 Y138.597
G1 F1500 X98.939 Y133.729 E1183.13721
G0 F9000 X98.091 Y133.729
G1 F1500 X103.808 Y139.446 E1183.54058
G0 F9000 X104.428 Y139.446
G0 X104.891 Y140.55
G0 X104.331 Y140.818
G1 F1500 X97.242 Y133.729 E1184.04075
G1 F1500 E1177.54075
G0 F9000 X97.242 Y133.11
G0 X96.804 Y133.196
G0 X95.21 Y133.196
G0 X95.11 Y133.913
G1 F1500 E1184.04075
G0 F9000 X95.729 Y133.913
G1 F1500 X104.085 Y142.269 E1184.63031
G0 F9000 X103.236 Y142.269
G1 F1500 X95.729 Y134.761 E1185.16
G0 F9000 X95.729 Y135.61
G1 F1500 X102.388 Y142.269 E1185.62983
G0 F9000 X101.539 Y142.269
G1 F1500 X95.729 Y136.458 E1186.03979
G0 F9000 X95.729 Y137.307
G1 F1500 X100.691 Y142.269 E1186.38989
G0 F9000 X99.842 Y142.269
G1 F1500 X95.729 Y138.155 E1186.68012
G0 F9000 X95.729 Y139.004
G1 F1500 X98.994 Y142.269 E1186.91048
G0 F9000 X98.145 Y142.269
G1 F1500 X95.729 Y139.852 E1187.08098
G0 F9000 X95.729 Y140.701
G1 F1500 X97.297 Y142.269 E1187.19161
G0 F9000 X96.394 Y142.215
G1 F1500 X95.782 Y141.603 E1187.23479
G0 F9000 X95.263 Y141.706
G1 F1500 E1180.73479
;MESH:NONMESH
G0 F300 X95.263 Y141.706 Z4
G0 F9000 X95.175 Y141.721
G0 X95.21 Y83.182
G0 X93.335 Y83.182
G0 X106.358 Y81.509
G0 X104.871 Y82.697
G0 X106.928 Y83.139
G0 X114.052 Y83.182
;TIME_ELAPSED:1382.631675
;LAYER:19
;TYPE:WALL-INNER
;MESH:supporto pulsante doppio kalos UNICO.stl
G1 F1500 E1187.23479
G1 X114.895 Y82.511 E1187.28854
G1 X115.362 Y81.539 E1187.34234
G1 X115.362 Y80.461 E1187.39613
G1 X114.895 Y79.489 E1187.44993
G1 X114.052 Y78.818 E1187.50368
G1 X113.102 Y78.6 E1187.55231
G1 X106.898 Y78.6 E1187.86183
G1 X105.948 Y78.818 E1187.91045
G1 X105.105 Y79.489 E1187.96421
G1 X104.638 Y80.461 E1188.01801
G1 X104.638 Y81.539 E1188.07179
G1 X105.105 Y82.511 E1188.12559
G1 X105.948 Y83.182 E1188.17934
G1 X106.898 Y83.4 E1188.22797
G1 X113.102 Y83.4 E1188.53749
G1 X114.052 Y83.182 E1188.58612
G0 F9000 X113.785 Y82.628
;TYPE:WALL-OUTER
G1 F1500 X114.414 Y82.127 E1188.62624
G1 X114.762 Y81.402 E1188.66636
G1 X114.762 Y80.598 E1188.70647
G1 X114.414 Y79.873 E1188.74659
G1 X113.785 Y79.372 E1188.78671
G1 X113.034 Y79.2 E1188.82515
G1 X106.966 Y79.2 E1189.12788
G1 X106.215 Y79.372 E1189.16632
G1 X105.586 Y79.873 E1189.20644
G1 X105.238 Y80.598 E1189.24656
G1 X105.238 Y81.402 E1189.28667
G1 X105.586 Y82.127 E1189.32679
G1 X106.215 Y82.628 E1189.36691
G1 X106.966 Y82.8 E1189.40535
G1 X113.034 Y82.8 E1189.70808
G1 X113.785 Y82.628 E1189.74652
G0 F9000 X114.071 Y83.222
G1 F1500 E1183.24652
G0 F9000 X106.865 Y83.691
G0 X106.865 Y85.4
G0 X104.872 Y85.372
G0 X104.872 Y87.372
G0 X97.372 Y87.372
G0 X97.372 Y132.628
G0 X104.702 Y132.639
G0 X104.6 Y134.9
;TYPE:WALL-INNER
G1 F1500 E1189.74652
G1 X115.4 Y134.9 E1190.28533
G1 X115.4 Y132.9 E1190.38511
G1 X122.9 Y132.9 E1190.75929
G1 X122.9 Y87.1 E1193.04426
G1 X115.4 Y87.1 E1193.41844
G1 X115.4 Y85.1 E1193.51822
G1 X104.6 Y85.1 E1194.05703
G1 X104.6 Y87.1 E1194.15681
G1 X97.1 Y87.1 E1194.53099
G1 X97.1 Y132.9 E1196.81596
G1 X104.6 Y132.9 E1197.19014
G1 X104.6 Y134.9 E1197.28992
G0 F9000 X105.2 Y134.3
;TYPE:WALL-OUTER
G1 F1500 X114.8 Y134.3 E1197.76886
G1 X114.8 Y132.3 E1197.86864
G1 X122.3 Y132.3 E1198.24282
G1 X122.3 Y87.7 E1200.46792
G1 X114.8 Y87.7 E1200.8421
G1 X114.8 Y85.7 E1200.94188
G1 X105.2 Y85.7 E1201.42083
G1 X105.2 Y87.7 E1201.52061
G1 X97.7 Y87.7 E1201.89478
G1 X97.7 Y132.3 E1204.11989
G1 X105.2 Y132.3 E1204.49406
G1 X105.2 Y134.3 E1204.59384
G1 F1500 E1198.09384
G0 F9000 X104.8 Y134.3
G0 X104.872 Y134.628
G0 X114.052 Y135.19
G0 X113.76 Y136.453
G0 X114.686 Y137.657
G0 X115.101 Y138.522
G0 X115.101 Y139.478
G0 X114.766 Y140.178
G0 X114.052 Y141.182
;TYPE:WALL-INNER
G1 F1500 E1204.59384
G1 X114.895 Y140.511 E1204.6476
G1 X115.362 Y139.539 E1204.7014
G1 X115.362 Y138.461 E1204.75518
G1 X114.895 Y137.489 E1204.80898
G1 X114.052 Y136.818 E1204.86273
G1 X113.102 Y136.6 E1204.91136
G1 X106.898 Y136.6 E1205.22088
G1 X105.948 Y136.818 E1205.26951
G1 X105.105 Y137.489 E1205.32326
G1 X104.638 Y138.461 E1205.37706
G1 X104.638 Y139.539 E1205.43084
G1 X105.105 Y140.511 E1205.48464
G1 X105.948 Y141.182 E1205.5384
G1 X106.898 Y141.4 E1205.58702
G1 X113.102 Y141.4 E1205.89654
G1 X114.052 Y141.182 E1205.94517
G0 F9000 X113.785 Y140.628
;TYPE:WALL-OUTER
G1 F1500 X114.414 Y140.127 E1205.98529
G1 X114.762 Y139.402 E1206.02541
G1 X114.762 Y138.598 E1206.06552
G1 X114.414 Y137.873 E1206.10564
G1 X113.785 Y137.372 E1206.14576
G1 X113.034 Y137.2 E1206.1842
G1 X106.966 Y137.2 E1206.48693
G1 X106.215 Y137.372 E1206.52537
G1 X105.586 Y137.873 E1206.56549
G1 X105.238 Y138.598 E1206.60561
G1 X105.238 Y139.402 E1206.64572
G1 X105.586 Y140.127 E1206.68584
G1 X106.215 Y140.628 E1206.72596
G1 X106.966 Y140.8 E1206.7644
G1 X113.034 Y140.8 E1207.06713
G1 X113.785 Y140.628 E1207.10557
G0 F9000 X114.071 Y141.222
G1 F1500 E1200.60557
G0 F9000 X115.653 Y139.606
G0 X115.653 Y142.79
G0 X123.411 Y143.1
;TYPE:WALL-INNER
G1 F1500 E1207.10557
G1 X96.589 Y143.1 E1208.44373
G1 X95.893 Y142.962 E1208.47913
G1 X95.38 Y142.62 E1208.50989
G1 X95.038 Y142.107 E1208.54065
G1 X94.9 Y141.411 E1208.57605
G1 X94.9 Y78.589 E1211.71025
G1 X95.038 Y77.893 E1211.74565
G1 X95.38 Y77.38 E1211.77641
G1 X95.893 Y77.038 E1211.80717
G1 X96.589 Y76.9 E1211.84257
G1 X123.411 Y76.9 E1213.18072
G1 X124.107 Y77.038 E1213.21612
G1 X124.62 Y77.38 E1213.24688
G1 X124.962 Y77.893 E1213.27764
G1 X125.1 Y78.589 E1213.31304
G1 X125.1 Y141.411 E1216.44724
G1 X124.962 Y142.107 E1216.48264
G1 X124.62 Y142.62 E1216.5134
G1 X124.107 Y142.962 E1216.54416
G1 X123.411 Y143.1 E1216.57956
G0 F9000 X123.472 Y143.7
;TYPE:WALL-OUTER
G1 F1500 X96.528 Y143.7 E1217.9238
G1 X95.66 Y143.528 E1217.96795
G1 X94.948 Y143.052 E1218.01068
G1 X94.472 Y142.34 E1218.05341
G1 X94.3 Y141.472 E1218.09755
G1 X94.3 Y78.528 E1221.23784
G1 X94.472 Y77.66 E1221.28199
G1 X94.948 Y76.948 E1221.32472
G1 X95.66 Y76.472 E1221.36745
G1 X96.528 Y76.3 E1221.41159
G1 X123.472 Y76.3 E1222.75584
G1 X124.34 Y76.472 E1222.79998
G1 X125.052 Y76.948 E1222.84271
G1 X125.528 Y77.66 E1222.88544
G1 X125.7 Y78.528 E1222.92959
G1 X125.7 Y141.472 E1226.06988
G1 X125.528 Y142.34 E1226.11402
G1 X125.052 Y143.052 E1226.15675
G1 X124.34 Y143.528 E1226.19948
G1 X123.472 Y143.7 E1226.24363
G0 F9000 X123.408 Y143.044
G0 X123.357 Y142.51
;TYPE:SKIN
G1 F1500 X96.643 Y142.51 E1227.57639
G1 X96.124 Y142.407 E1227.60279
G1 X95.805 Y142.195 E1227.6219
G1 X95.593 Y141.876 E1227.64101
G1 X95.49 Y141.357 E1227.66741
G1 X95.49 Y78.643 E1230.79622
G1 X95.593 Y78.124 E1230.82262
G1 X95.805 Y77.805 E1230.84173
G1 X96.124 Y77.593 E1230.86084
G1 X96.643 Y77.49 E1230.88724
G1 X123.357 Y77.49 E1232.22
G1 X123.876 Y77.593 E1232.2464
G1 X124.195 Y77.805 E1232.26551
G1 X124.407 Y78.124 E1232.28462
G1 X124.51 Y78.643 E1232.31102
G1 X124.51 Y141.357 E1235.43983
G1 X124.407 Y141.876 E1235.46623
G1 X124.195 Y142.195 E1235.48534
G1 X123.876 Y142.407 E1235.50445
G1 X123.357 Y142.51 E1235.53085
G1 F1500 E1229.03085
G0 F9000 X123.429 Y142.883
G0 X115.572 Y142.79
G0 X115.129 Y140.697
G0 X115.572 Y139.588
G1 F1500 E1235.53085
G0 F9000 X115.952 Y139.673
G1 F1500 X115.952 Y138.327 E1235.598
G1 X115.369 Y137.112 E1235.66523
G1 X114.315 Y136.273 E1235.73244
G1 X113.169 Y136.01 E1235.7911
G1 X106.831 Y136.01 E1236.10731
G1 X105.685 Y136.273 E1236.16597
G1 X104.631 Y137.112 E1236.23318
G1 X104.048 Y138.327 E1236.30041
G1 X104.048 Y139.673 E1236.36756
G1 X104.631 Y140.888 E1236.4348
G1 X105.685 Y141.727 E1236.50201
G1 X106.831 Y141.99 E1236.56067
G1 X113.169 Y141.99 E1236.87687
G1 X114.315 Y141.727 E1236.93553
G1 X115.369 Y140.888 E1237.00274
G1 X115.952 Y139.673 E1237.06997
G1 F1500 E1230.56997
G0 F9000 X115.572 Y139.588
G0 X115.129 Y137.303
G0 X113.643 Y138.491
G0 X113.847 Y133.347
G0 X115.696 Y133.196
G0 X123.11 Y133.14
G1 F1500 E1237.06997
G0 F9000 X123.49 Y133.49
G1 F1500 X123.49 Y86.51 E1239.41382
G1 X115.99 Y86.51 E1239.78799
G1 X115.99 Y84.51 E1239.88777
G1 X104.01 Y84.51 E1240.48546
G1 X104.01 Y86.51 E1240.58524
G1 X96.51 Y86.51 E1240.95941
G1 X96.51 Y133.49 E1243.30326
G1 X104.01 Y133.49 E1243.67743
G1 X104.01 Y135.49 E1243.77721
G1 X115.99 Y135.49 E1244.3749
G1 X115.99 Y133.49 E1244.47468
G1 X123.49 Y133.49 E1244.84885
G1 F1500 E1238.34885
G0 F9000 X123.11 Y133.14
G0 X122.628 Y87.372
G0 X115.128 Y87.372
G0 X115.128 Y85.372
G0 X113.127 Y85.4
G0 X113.127 Y83.69
G1 F1500 E1244.84885
G0 F9000 X113.169 Y83.99
G1 F1500 X114.315 Y83.727 E1244.90752
G1 X115.369 Y82.888 E1244.97473
G1 X115.952 Y81.673 E1245.04196
G1 X115.952 Y80.327 E1245.10911
G1 X115.369 Y79.112 E1245.17635
G1 X114.315 Y78.273 E1245.24356
G1 X113.169 Y78.01 E1245.30222
G1 X106.831 Y78.01 E1245.61842
G1 X105.685 Y78.273 E1245.67708
G1 X104.631 Y79.112 E1245.74429
G1 X104.048 Y80.327 E1245.81152
G1 X104.048 Y81.673 E1245.87868
G1 X104.631 Y82.888 E1245.94591
G1 X105.685 Y83.727 E1246.01312
G1 X106.831 Y83.99 E1246.07178
G1 X113.169 Y83.99 E1246.38798
G1 F1500 E1239.88798
G0 F9000 X113.127 Y83.61
G0 X106.928 Y83.139
G0 X106.064 Y82.941
G0 X105.314 Y82.343
G0 X104.347 Y80.394
G0 X106.202 Y80.815
G0 X93.335 Y80.394
G0 X95.21 Y80.394
G0 X95.11 Y79.067
G1 F1500 E1246.38798
G0 F9000 X95.729 Y79.067
G1 F1500 X97.067 Y77.729 E1246.48239
G0 F9000 X97.915 Y77.729
G1 F1500 X95.729 Y79.915 E1246.63662
G0 F9000 X95.729 Y80.764
G1 F1500 X98.764 Y77.729 E1246.85076
G0 F9000 X99.612 Y77.729
G1 F1500 X95.729 Y81.612 E1247.12472
G0 F9000 X95.729 Y82.461
G1 F1500 X100.461 Y77.729 E1247.45859
G0 F9000 X101.31 Y77.729
G1 F1500 X95.729 Y83.309 E1247.85233
G0 F9000 X95.729 Y84.158
G1 F1500 X102.158 Y77.729 E1248.30593
G0 F9000 X103.007 Y77.729
G1 F1500 X95.729 Y85.006 E1248.81939
G0 F9000 X95.729 Y85.855
G1 F1500 X103.855 Y77.729 E1249.39273
G0 F9000 X104.704 Y77.729
G1 F1500 X95.729 Y86.704 E1250.02596
G0 F9000 X96.269 Y87.012
G1 F1500 X95.729 Y87.552 E1250.06406
G0 F9000 X96.269 Y87.86
G1 F1500 X95.729 Y88.401 E1250.1022
G0 F9000 X96.269 Y88.709
G1 F1500 X95.729 Y89.249 E1250.1403
G0 F9000 X96.269 Y89.557
G1 F1500 X95.729 Y90.098 E1250.17843
G0 F9000 X96.269 Y90.406
G1 F1500 X95.729 Y90.946 E1250.21653
G0 F9000 X96.269 Y91.254
G1 F1500 X95.729 Y91.795 E1250.25467
G0 F9000 X96.269 Y92.103
G1 F1500 X95.729 Y92.643 E1250.29277
G0 F9000 X96.269 Y92.952
G1 F1500 X95.729 Y93.492 E1250.33087
G0 F9000 X96.269 Y93.8
G1 F1500 X95.729 Y94.34 E1250.36897
G0 F9000 X96.269 Y94.649
G1 F1500 X95.729 Y95.189 E1250.40707
G0 F9000 X96.269 Y95.497
G1 F1500 X95.729 Y96.037 E1250.44517
G0 F9000 X96.269 Y96.346
G1 F1500 X95.729 Y96.886 E1250.48327
G0 F9000 X96.269 Y97.194
G1 F1500 X95.729 Y97.734 E1250.52137
G0 F9000 X96.269 Y98.043
G1 F1500 X95.729 Y98.583 E1250.55947
G0 F9000 X96.269 Y98.891
G1 F1500 X95.729 Y99.431 E1250.59757
G0 F9000 X96.269 Y99.74
G1 F1500 X95.729 Y100.28 E1250.63567
G0 F9000 X96.269 Y100.588
G1 F1500 X95.729 Y101.128 E1250.67377
G0 F9000 X96.269 Y101.437
G1 F1500 X95.729 Y101.977 E1250.71187
G0 F9000 X96.269 Y102.285
G1 F1500 X95.729 Y102.826 E1250.75
G0 F9000 X96.269 Y103.134
G1 F1500 X95.729 Y103.674 E1250.7881
G0 F9000 X96.269 Y103.982
G1 F1500 X95.729 Y104.523 E1250.82624
G0 F9000 X96.269 Y104.831
G1 F1500 X95.729 Y105.371 E1250.86434
G0 F9000 X96.269 Y105.679
G1 F1500 X95.729 Y106.22 E1250.90247
G0 F9000 X96.269 Y106.528
G1 F1500 X95.729 Y107.068 E1250.94057
G0 F9000 X96.269 Y107.376
G1 F1500 X95.729 Y107.917 E1250.97871
G0 F9000 X96.269 Y108.225
G1 F1500 X95.729 Y108.765 E1251.01681
G0 F9000 X96.269 Y109.074
G1 F1500 X95.729 Y109.614 E1251.05491
G0 F9000 X96.269 Y109.922
G1 F1500 X95.73 Y110.462 E1251.09297
G0 F9000 X96.269 Y110.771
G1 F1500 X95.73 Y111.31 E1251.131
G0 F9000 X96.269 Y111.619
G1 F1500 X95.73 Y112.159 E1251.16907
G0 F9000 X96.269 Y112.468
G1 F1500 X95.73 Y113.007 E1251.20709
G0 F9000 X96.269 Y113.316
G1 F1500 X95.73 Y113.856 E1251.24516
G0 F9000 X96.269 Y114.165
G1 F1500 X95.73 Y114.704 E1251.28319
G0 F9000 X96.269 Y115.013
G1 F1500 X95.73 Y115.553 E1251.32125
G0 F9000 X96.269 Y115.862
G1 F1500 X95.73 Y116.401 E1251.35928
G0 F9000 X96.269 Y116.71
G1 F1500 X95.73 Y117.25 E1251.39735
G0 F9000 X96.269 Y117.559
G1 F1500 X95.73 Y118.098 E1251.43538
G0 F9000 X96.269 Y118.407
G1 F1500 X95.73 Y118.947 E1251.47344
G0 F9000 X96.269 Y119.256
G1 F1500 X95.73 Y119.795 E1251.51147
G0 F9000 X96.269 Y120.104
G1 F1500 X95.73 Y120.644 E1251.54954
G0 F9000 X96.269 Y120.953
G1 F1500 X95.73 Y121.492 E1251.58756
G0 F9000 X96.269 Y121.801
G1 F1500 X95.73 Y122.341 E1251.62563
G0 F9000 X96.269 Y122.65
G1 F1500 X95.73 Y123.19 E1251.66369
G0 F9000 X96.269 Y123.499
G1 F1500 X95.73 Y124.038 E1251.70172
G0 F9000 X96.269 Y124.347
G1 F1500 X95.73 Y124.887 E1251.73979
G0 F9000 X96.269 Y125.196
G1 F1500 X95.73 Y125.735 E1251.77782
G0 F9000 X96.269 Y126.044
G1 F1500 X95.73 Y126.584 E1251.81588
G0 F9000 X96.269 Y126.893
G1 F1500 X95.73 Y127.432 E1251.85391
G0 F9000 X96.269 Y127.741
G1 F1500 X95.73 Y128.281 E1251.89198
G0 F9000 X96.269 Y128.59
G1 F1500 X95.73 Y129.129 E1251.93001
G0 F9000 X96.269 Y129.438
G1 F1500 X95.73 Y129.978 E1251.96807
G0 F9000 X96.269 Y130.287
G1 F1500 X95.73 Y130.826 E1252.0061
G0 F9000 X96.269 Y131.135
G1 F1500 X95.73 Y131.675 E1252.04416
G0 F9000 X96.269 Y131.984
G1 F1500 X95.73 Y132.523 E1252.08219
G0 F9000 X96.269 Y132.832
G1 F1500 X95.73 Y133.372 E1252.12026
G0 F9000 X96.269 Y133.681
G1 F1500 X95.73 Y134.22 E1252.15829
G0 F9000 X95.73 Y135.069
G1 F1500 X97.07 Y133.728 E1252.25287
G0 F9000 X97.919 Y133.728
G1 F1500 X95.73 Y135.917 E1252.40731
G0 F9000 X95.73 Y136.766
G1 F1500 X98.767 Y133.728 E1252.62162
G0 F9000 X99.616 Y133.728
G1 F1500 X95.73 Y137.615 E1252.89584
G0 F9000 X95.73 Y138.463
G1 F1500 X100.465 Y133.728 E1253.22992
G0 F9000 X101.313 Y133.728
G1 F1500 X95.73 Y139.312 E1253.62386
G0 F9000 X95.73 Y140.16
G1 F1500 X102.162 Y133.728 E1254.07768
G0 F9000 X103.01 Y133.728
G1 F1500 X95.73 Y141.009 E1254.59136
G0 F9000 X95.816 Y141.771
G1 F1500 X103.77 Y133.817 E1255.15255
G0 F9000 X103.77 Y134.666
G1 F1500 X96.249 Y142.187 E1255.6832
G0 F9000 X97.015 Y142.269
G1 F1500 X103.77 Y135.514 E1256.1598
G0 F9000 X104.404 Y135.729
G1 F1500 X97.864 Y142.269 E1256.62123
G0 F9000 X98.712 Y142.269
G1 F1500 X105.252 Y135.729 E1257.08267
G0 F9000 X105.84 Y135.99
G1 F1500 X106.101 Y135.729 E1257.10108
G1 F1500 E1250.60108
G0 F9000 X106.101 Y135.11
G0 X104.596 Y135.19
G0 X105.72 Y136.604
G0 X104.596 Y138.062
G1 F1500 E1257.10108
G0 F9000 X104.036 Y137.793
G1 F1500 X99.561 Y142.269 E1257.41685
G0 F9000 X100.409 Y142.269
G1 F1500 X103.807 Y138.871 E1257.6566
G0 F9000 X103.807 Y139.72
G1 F1500 X101.258 Y142.269 E1257.83645
G0 F9000 X102.106 Y142.269
G1 F1500 X104.079 Y140.296 E1257.97565
G0 F9000 X104.355 Y140.869
G1 F1500 X102.955 Y142.269 E1258.07443
G0 F9000 X103.803 Y142.269
G1 F1500 X104.769 Y141.303 E1258.14258
G0 F9000 X105.241 Y141.68
G1 F1500 X104.652 Y142.269 E1258.18414
G0 F9000 X105.501 Y142.269
G1 F1500 X105.776 Y141.994 E1258.20354
G0 F9000 X106.349 Y142.269
G1 F1500 X106.466 Y142.151 E1258.21184
G1 F1500 E1251.71184
G0 F9000 X106.605 Y141.549
G0 X113.135 Y141.691
G0 X113.135 Y142.79
G0 X113.985 Y142.89
G1 F1500 E1258.21184
G0 F9000 X113.985 Y142.269
G1 F1500 X114.273 Y141.982 E1258.23212
G0 F9000 X114.834 Y142.269
G1 F1500 X123.374 Y133.729 E1258.83466
G0 F9000 X123.729 Y133.374
G1 F1500 X124.269 Y132.834 E1258.87276
G0 F9000 X123.729 Y132.525
G1 F1500 X124.269 Y131.985 E1258.91086
G0 F9000 X123.729 Y131.677
G1 F1500 X124.269 Y131.137 E1258.94896
G0 F9000 X123.729 Y130.828
G1 F1500 X124.269 Y130.288 E1258.98706
G0 F9000 X123.729 Y129.98
G1 F1500 X124.269 Y129.44 E1259.02516
G0 F9000 X123.729 Y129.131
G1 F1500 X124.269 Y128.591 E1259.06326
G0 F9000 X123.729 Y128.283
G1 F1500 X124.269 Y127.743 E1259.10136
G0 F9000 X123.729 Y127.434
G1 F1500 X124.269 Y126.894 E1259.13946
G0 F9000 X123.729 Y126.586
G1 F1500 X124.269 Y126.046 E1259.17756
G0 F9000 X123.729 Y125.737
G1 F1500 X124.269 Y125.197 E1259.21566
G0 F9000 X123.729 Y124.889
G1 F1500 X124.269 Y124.348 E1259.2538
G0 F9000 X123.729 Y124.04
G1 F1500 X124.269 Y123.5 E1259.2919
G0 F9000 X123.729 Y123.192
G1 F1500 X124.269 Y122.651 E1259.33003
G0 F9000 X123.729 Y122.343
G1 F1500 X124.269 Y121.803 E1259.36813
G0 F9000 X123.729 Y121.495
G1 F1500 X124.269 Y120.954 E1259.40627
G0 F9000 X123.729 Y120.646
G1 F1500 X124.269 Y120.106 E1259.44437
G0 F9000 X123.729 Y119.798
G1 F1500 X124.269 Y119.257 E1259.4825
G0 F9000 X123.729 Y118.949
G1 F1500 X124.269 Y118.409 E1259.5206
G0 F9000 X123.729 Y118.1
G1 F1500 X124.269 Y117.56 E1259.5587
G0 F9000 X123.729 Y117.252
G1 F1500 X124.269 Y116.712 E1259.5968
G0 F9000 X123.729 Y116.403
G1 F1500 X124.269 Y115.863 E1259.6349
G0 F9000 X123.729 Y115.555
G1 F1500 X124.269 Y115.015 E1259.673
G0 F9000 X123.729 Y114.706
G1 F1500 X124.269 Y114.166 E1259.7111
G0 F9000 X123.729 Y113.858
G1 F1500 X124.269 Y113.318 E1259.7492
G0 F9000 X123.729 Y113.009
G1 F1500 X124.269 Y112.469 E1259.7873
G0 F9000 X123.729 Y112.161
G1 F1500 X124.269 Y111.621 E1259.8254
G0 F9000 X123.729 Y111.312
G1 F1500 X124.269 Y110.772 E1259.8635
G0 F9000 X123.729 Y110.464
G1 F1500 X124.269 Y109.924 E1259.9016
G0 F9000 X123.729 Y109.615
G1 F1500 X124.269 Y109.076 E1259.93967
G0 F9000 X123.729 Y108.767
G1 F1500 X124.269 Y108.227 E1259.97777
G0 F9000 X123.729 Y107.918
G1 F1500 X124.269 Y107.379 E1260.01583
G0 F9000 X123.729 Y107.07
G1 F1500 X124.269 Y106.53 E1260.05393
G0 F9000 X123.729 Y106.221
G1 F1500 X124.269 Y105.682 E1260.092
G0 F9000 X123.729 Y105.373
G1 F1500 X124.269 Y104.833 E1260.1301
G0 F9000 X123.729 Y104.524
G1 F1500 X124.269 Y103.985 E1260.16816
G0 F9000 X123.729 Y103.675
G1 F1500 X124.269 Y103.136 E1260.20622
G0 F9000 X123.729 Y102.827
G1 F1500 X124.269 Y102.287 E1260.24432
G0 F9000 X123.729 Y101.978
G1 F1500 X124.269 Y101.439 E1260.28239
G0 F9000 X123.729 Y101.13
G1 F1500 X124.269 Y100.59 E1260.32049
G0 F9000 X123.729 Y100.281
G1 F1500 X124.269 Y99.742 E1260.35855
G0 F9000 X123.729 Y99.433
G1 F1500 X124.269 Y98.893 E1260.39665
G0 F9000 X123.729 Y98.584
G1 F1500 X124.269 Y98.045 E1260.43472
G0 F9000 X123.729 Y97.736
G1 F1500 X124.269 Y97.196 E1260.47282
G0 F9000 X123.729 Y96.887
G1 F1500 X124.269 Y96.348 E1260.51088
G0 F9000 X123.729 Y96.039
G1 F1500 X124.269 Y95.499 E1260.54898
G0 F9000 X123.729 Y95.19
G1 F1500 X124.269 Y94.651 E1260.58705
G0 F9000 X123.729 Y94.342
G1 F1500 X124.269 Y93.802 E1260.62515
G0 F9000 X123.729 Y93.493
G1 F1500 X124.269 Y92.954 E1260.66321
G0 F9000 X123.729 Y92.645
G1 F1500 X124.269 Y92.105 E1260.70131
G0 F9000 X123.729 Y91.796
G1 F1500 X124.269 Y91.257 E1260.73938
G0 F9000 X123.729 Y90.948
G1 F1500 X124.269 Y90.408 E1260.77748
G0 F9000 X123.729 Y90.099
G1 F1500 X124.269 Y89.56 E1260.81554
G0 F9000 X123.729 Y89.251
G1 F1500 X124.269 Y88.711 E1260.85364
G0 F9000 X123.729 Y88.402
G1 F1500 X124.269 Y87.862 E1260.89174
G0 F9000 X123.729 Y87.553
G1 F1500 X124.269 Y87.014 E1260.92981
G0 F9000 X123.729 Y86.705
G1 F1500 X124.269 Y86.165 E1260.96791
G0 F9000 X124.269 Y85.317
G1 F1500 X123.315 Y86.27 E1261.03518
G0 F9000 X122.467 Y86.27
G1 F1500 X124.269 Y84.468 E1261.16232
G0 F9000 X124.269 Y83.62
G1 F1500 X121.618 Y86.27 E1261.34933
G0 F9000 X120.77 Y86.27
G1 F1500 X124.269 Y82.771 E1261.5962
G0 F9000 X124.269 Y81.923
G1 F1500 X119.921 Y86.27 E1261.90294
G0 F9000 X119.073 Y86.27
G1 F1500 X124.269 Y81.074 E1262.26955
G0 F9000 X124.269 Y80.226
G1 F1500 X118.224 Y86.27 E1262.69602
G0 F9000 X117.376 Y86.27
G1 F1500 X124.269 Y79.377 E1263.18236
G0 F9000 X124.246 Y78.551
G1 F1500 X116.527 Y86.27 E1263.72697
G0 F9000 X116.229 Y85.72
G1 F1500 X123.991 Y77.957 E1264.27466
G0 F9000 X123.365 Y77.735
G1 F1500 X116.229 Y84.871 E1264.77814
G0 F9000 X115.982 Y84.27
G1 F1500 X122.522 Y77.73 E1265.23958
G0 F9000 X121.673 Y77.73
G1 F1500 X115.133 Y84.27 E1265.70101
G0 F9000 X114.285 Y84.27
G1 F1500 X115.326 Y83.228 E1265.77449
G0 F9000 X115.606 Y82.949
G1 F1500 X120.825 Y77.73 E1266.14272
G0 F9000 X119.976 Y77.73
G1 F1500 X116.191 Y81.515 E1266.40977
G0 F9000 X116.191 Y80.666
G1 F1500 X119.128 Y77.73 E1266.61696
G0 F9000 X118.279 Y77.73
G1 F1500 X116.044 Y79.965 E1266.77465
G0 F9000 X115.769 Y79.391
G1 F1500 X117.431 Y77.73 E1266.89188
G0 F9000 X116.582 Y77.73
G1 F1500 X115.445 Y78.867 E1266.9721
G0 F9000 X114.973 Y78.49
G1 F1500 X115.734 Y77.73 E1267.02576
G0 F9000 X114.885 Y77.73
G1 F1500 X114.501 Y78.114 E1267.05285
G0 F9000 X114.037 Y77.73
G1 F1500 X113.847 Y77.919 E1267.06622
G1 F1500 E1260.56622
G0 F9000 X113.708 Y78.523
G0 X106.865 Y78.309
G0 X106.865 Y77.21
G0 X106.401 Y77.11
G1 F1500 E1267.06622
G0 F9000 X106.401 Y77.729
G1 F1500 X106.228 Y77.901 E1267.07839
G0 F9000 X105.552 Y77.729
G1 F1500 X97.012 Y86.269 E1267.68093
G0 F9000 X97.86 Y86.269
G1 F1500 X103.806 Y80.323 E1268.10046
G0 F9000 X103.806 Y81.172
G1 F1500 X98.709 Y86.269 E1268.46008
G0 F9000 X99.557 Y86.269
G1 F1500 X103.901 Y81.926 E1268.76654
G0 F9000 X104.176 Y82.499
G1 F1500 X100.406 Y86.269 E1269.03253
G0 F9000 X101.254 Y86.269
G1 F1500 X104.463 Y83.061 E1269.25891
G0 F9000 X104.936 Y83.437
G1 F1500 X104.103 Y84.27 E1269.31768
G0 F9000 X103.769 Y84.603
G1 F1500 X102.103 Y86.269 E1269.43522
G0 F9000 X102.951 Y86.269
G1 F1500 X103.769 Y85.452 E1269.4929
G0 F9000 X104.39 Y85.452
G0 X104.951 Y84.89
G0 X104.951 Y84.27
G1 F1500 X105.408 Y83.813 E1269.52515
G0 F9000 X105.8 Y84.27
G1 F1500 X106.02 Y84.05 E1269.54067
G1 F1500 E1263.04067
G0 F9000 X106.159 Y83.447
G0 X106.865 Y83.691
G0 X106.865 Y85.4
G0 X115.128 Y85.372
G0 X115.128 Y87.372
G0 X122.628 Y87.372
G0 X122.628 Y132.628
G0 X116.586 Y133.11
G1 F1500 E1269.54067
G0 F9000 X116.586 Y133.729
G1 F1500 X116.229 Y134.085 E1269.56582
G0 F9000 X116.229 Y134.934
G1 F1500 X117.434 Y133.729 E1269.65084
G0 F9000 X118.283 Y133.729
G1 F1500 X115.279 Y136.733 E1269.86279
G0 F9000 X115.672 Y137.188
G1 F1500 X119.131 Y133.729 E1270.10684
G0 F9000 X119.98 Y133.729
G1 F1500 X115.948 Y137.761 E1270.39132
G0 F9000 X116.192 Y138.365
G1 F1500 X120.828 Y133.729 E1270.71842
G0 F9000 X121.677 Y133.729
G1 F1500 X116.192 Y139.214 E1271.10541
G0 F9000 X115.572 Y139.214
G0 X115.324 Y140.104
G0 X115.882 Y140.373
G1 F1500 X122.526 Y133.729 E1271.57418
G1 F1500 E1265.07418
G0 F9000 X122.526 Y133.11
G0 X123.196 Y133.196
G0 X124.79 Y133.196
G0 X124.89 Y133.682
G1 F1500 E1271.57418
G0 F9000 X124.269 Y133.682
G1 F1500 X115.682 Y142.269 E1272.18004
G0 F9000 X116.531 Y142.269
G1 F1500 X124.269 Y134.531 E1272.726
G0 F9000 X124.269 Y135.379
G1 F1500 X117.379 Y142.269 E1273.21213
G0 F9000 X118.228 Y142.269
G1 F1500 X124.269 Y136.228 E1273.63835
G0 F9000 X124.269 Y137.076
G1 F1500 X119.076 Y142.269 E1274.00475
G0 F9000 X119.925 Y142.269
G1 F1500 X124.269 Y137.925 E1274.31124
G0 F9000 X124.269 Y138.773
G1 F1500 X120.773 Y142.269 E1274.5579
G0 F9000 X121.622 Y142.269
G1 F1500 X124.269 Y139.622 E1274.74466
G0 F9000 X124.269 Y140.471
G1 F1500 X122.47 Y142.269 E1274.87155
G0 F9000 X123.319 Y142.269
G1 F1500 X124.269 Y141.319 E1274.93858
G1 F1500 E1268.43858
G0 F9000 X124.89 Y141.319
G0 X124.79 Y135.11
G0 X126.665 Y135.11
G0 X113.847 Y133.347
G0 X115.69 Y135.11
G0 X115.435 Y135.11
G1 F1500 E1274.93858
G0 F9000 X115.435 Y135.729
G1 F1500 X114.806 Y136.357 E1274.98293
G0 F9000 X114.293 Y136.021
G1 F1500 X114.586 Y135.729 E1275.00356
G0 F9000 X113.738 Y135.729
G1 F1500 X113.604 Y135.862 E1275.01298
G0 F9000 X113.485 Y136.381
;TIME_ELAPSED:1489.820145
G1 F1500 E1268.51298
M140 S0
G91 ;Relative positioning
G1 E-2 F2700 ;Retract a bit
G1 E-2 Z0.2 F2400 ;Retract and raise Z
G1 X5 Y5 F3000 ;Wipe out
G1 Z10 ;Raise Z more
G90 ;Absolute positioning

G1 X0 Y220 ;Present print
M106 S0 ;Turn-off fan
M104 S0 ;Turn-off hotend
M140 S0 ;Turn-off bed

M84 X Y E ;Disable all steppers but Z

M82 ;absolute extrusion mode
M104 S0
;End of Gcode
;SETTING_3 {"global_quality": "[general]\\nversion = 4\\nname = Standard Quality
;SETTING_3  #2\\ndefinition = creality_ender3pro\\n\\n[metadata]\\ntype = qualit
;SETTING_3 y_changes\\nquality_type = standard\\nsetting_version = 17\\n\\n[valu
;SETTING_3 es]\\nmaterial_bed_temperature = 85\\nsupport_enable = True\\n\\n", "
;SETTING_3 extruder_quality": ["[general]\\nversion = 4\\nname = Standard Qualit
;SETTING_3 y #2\\ndefinition = creality_ender3pro\\n\\n[metadata]\\ntype = quali
;SETTING_3 ty_changes\\nquality_type = standard\\nsetting_version = 17\\npositio
;SETTING_3 n = 0\\n\\n[values]\\ncool_fan_enabled = False\\ninfill_sparse_densit
;SETTING_3 y = 10\\nmaterial_print_temperature = 250.0\\nspeed_print = 50\\n\\n"
;SETTING_3 ]}
