;FLAVOR:Marlin
;TIME:2101
;Filament used: 4.41012m
;Layer height: 0.32
;MINX:77.5
;MINY:57.5
;MINZ:0.32
;MAXX:142.5
;MAXY:162.5
;MAXZ:8.64
;Generated with Cura_SteamEngine 4.11.0
M140 S60
M105
M190 S60
M104 S200
M105
M109 S200
M82 ;absolute extrusion mode
; Ender 3 Custom Start G-code
G92 E0 ; Reset Extruder
G28 ; Home all axes
G1 Z2.0 F3000 ; Move Z Axis up little to prevent scratching of Heat Bed
G1 X0.1 Y20 Z0.3 F5000.0 ; Move to start position
G1 X0.1 Y200.0 Z0.3 F1500.0 E15 ; Draw the first line
G1 X0.4 Y200.0 Z0.3 F5000.0 ; Move to side a little
G1 X0.4 Y20 Z0.3 F1500.0 E30 ; Draw the second line
G92 E0 ; Reset Extruder
G1 Z2.0 F3000 ; Move Z Axis up little to prevent scratching of Heat Bed
G1 X5 Y20 Z0.3 F5000.0 ; Move over to prevent blob squish
G92 E0
G92 E0
G1 F1500 E-6.5
;LAYER_COUNT:28
;LAYER:0
M107
G0 F6000 X80.085 Y62.409 Z0.32
;TYPE:SKIRT
G1 F1500 E0
G1 F1200 X80.724 Y61.64 E0.13302
G1 X81.423 Y60.925 E0.26605
G1 X82.176 Y60.267 E0.39909
G1 X82.98 Y59.673 E0.53208
G1 X83.828 Y59.144 E0.66505
G1 X84.717 Y58.685 E0.79816
G1 X85.639 Y58.298 E0.93119
G1 X86.588 Y57.986 E1.06409
G1 X87.56 Y57.751 E1.19713
G1 X88.548 Y57.595 E1.3302
G1 X89.659 Y57.514 E1.4784
G1 X89.98 Y57.505 E1.52113
G1 X90.33 Y57.5 E1.5677
G1 X129.293 Y57.5 E6.75135
G1 X130.17 Y57.511 E6.86804
G1 X131.168 Y57.566 E7.00102
G1 X132.159 Y57.699 E7.13404
G1 X133.136 Y57.912 E7.26707
G1 X134.093 Y58.202 E7.40011
G1 X135.023 Y58.568 E7.53308
G1 X135.922 Y59.007 E7.66618
G1 X136.782 Y59.516 E7.79913
G1 X137.599 Y60.092 E7.93212
G1 X138.368 Y60.732 E8.06523
G1 X139.082 Y61.431 E8.19816
G1 X139.739 Y62.185 E8.33121
G1 X140.333 Y62.989 E8.4642
G1 X140.861 Y63.838 E8.59722
G1 X141.32 Y64.727 E8.73032
G1 X141.706 Y65.649 E8.8633
G1 X142.017 Y66.599 E8.99629
G1 X142.251 Y67.571 E9.1293
G1 X142.406 Y68.559 E9.26235
G1 X142.486 Y69.659 E9.40908
G1 X142.495 Y69.979 E9.45167
G1 X142.5 Y70.33 E9.49838
G1 X142.499 Y149.419 E20.02042
G1 X142.49 Y150.146 E20.11715
G1 X142.438 Y151.144 E20.2501
G1 X142.306 Y152.135 E20.38311
G1 X142.095 Y153.113 E20.51622
G1 X141.807 Y154.07 E20.64918
G1 X141.443 Y155.001 E20.78217
G1 X141.006 Y155.9 E20.91515
G1 X140.498 Y156.762 E21.04827
G1 X139.924 Y157.58 E21.18122
G1 X139.285 Y158.349 E21.31423
G1 X138.588 Y159.066 E21.44727
G1 X137.835 Y159.724 E21.58031
G1 X137.032 Y160.319 E21.71327
G1 X136.184 Y160.849 E21.84631
G1 X135.296 Y161.309 E21.97936
G1 X134.375 Y161.697 E22.11232
G1 X133.425 Y162.01 E22.24539
G1 X132.454 Y162.246 E22.37834
G1 X131.467 Y162.404 E22.51132
G1 X130.341 Y162.486 E22.66152
G1 X130.02 Y162.495 E22.70424
G1 X129.67 Y162.5 E22.75081
G1 X90.546 Y162.499 E27.95589
G1 X89.848 Y162.49 E28.04876
G1 X88.849 Y162.437 E28.18185
G1 X87.858 Y162.305 E28.31486
G1 X86.881 Y162.093 E28.44787
G1 X85.924 Y161.805 E28.58083
G1 X84.993 Y161.44 E28.71387
G1 X84.094 Y161.003 E28.84685
G1 X83.233 Y160.495 E28.97985
G1 X82.415 Y159.92 E29.11287
G1 X81.646 Y159.281 E29.24589
G1 X80.93 Y158.583 E29.37893
G1 X80.272 Y157.83 E29.51196
G1 X79.677 Y157.027 E29.64493
G1 X79.148 Y156.178 E29.77801
G1 X78.688 Y155.291 E29.91094
G1 X78.301 Y154.369 E30.04397
G1 X77.988 Y153.419 E30.17704
G1 X77.753 Y152.448 E30.30996
G1 X77.596 Y151.46 E30.44305
G1 X77.514 Y150.329 E30.59391
G1 X77.505 Y149.996 E30.63823
G1 X77.5 Y149.658 E30.6832
G1 X77.501 Y70.505 E41.21376
G1 X77.51 Y69.84 E41.30224
G1 X77.564 Y68.841 E41.43534
G1 X77.697 Y67.851 E41.56824
G1 X77.909 Y66.873 E41.70137
G1 X78.198 Y65.916 E41.83437
G1 X78.563 Y64.986 E41.96729
G1 X79.001 Y64.087 E42.10033
G1 X79.509 Y63.226 E42.23333
G1 X80.085 Y62.409 E42.36632
G0 F6000 X81.073 Y62.77
G1 F1200 X81.707 Y62.051 E42.49386
G1 X82.399 Y61.387 E42.62145
G1 X83.144 Y60.783 E42.74904
G1 X83.936 Y60.243 E42.87657
G1 X84.771 Y59.771 E43.00418
G1 X85.642 Y59.37 E43.13175
G1 X86.544 Y59.044 E43.25935
G1 X87.469 Y58.793 E43.38686
G1 X88.413 Y58.62 E43.51454
G1 X89.687 Y58.514 E43.68462
G1 X90.008 Y58.505 E43.72735
G1 X90.33 Y58.5 E43.77019
G1 X129.293 Y58.5 E48.95385
G1 X130.156 Y58.511 E49.06867
G1 X131.113 Y58.565 E49.1962
G1 X132.063 Y58.698 E49.32382
G1 X132.998 Y58.91 E49.45137
G1 X133.912 Y59.199 E49.5789
G1 X134.799 Y59.564 E49.70651
G1 X135.653 Y60 E49.83407
G1 X136.467 Y60.507 E49.96166
G1 X137.237 Y61.08 E50.08935
G1 X137.955 Y61.714 E50.21678
G1 X138.619 Y62.407 E50.34447
G1 X139.222 Y63.152 E50.47198
G1 X139.762 Y63.945 E50.59962
G1 X140.233 Y64.78 E50.72717
G1 X140.633 Y65.652 E50.8548
G1 X140.959 Y66.553 E50.98228
G1 X141.209 Y67.479 E51.10988
G1 X141.381 Y68.423 E51.23754
G1 X141.486 Y69.687 E51.40628
G1 X141.495 Y70.007 E51.44887
G1 X141.5 Y70.33 E51.49185
G1 X141.499 Y149.406 E62.01216
G1 X141.49 Y150.133 E62.10889
G1 X141.438 Y151.091 E62.23653
G1 X141.307 Y152.041 E62.36412
G1 X141.097 Y152.976 E62.49161
G1 X140.809 Y153.891 E62.61923
G1 X140.447 Y154.779 E62.74681
G1 X140.012 Y155.634 E62.87443
G1 X139.507 Y156.449 E63.00199
G1 X138.935 Y157.219 E63.1296
G1 X138.302 Y157.939 E63.25715
G1 X137.611 Y158.604 E63.38474
G1 X136.867 Y159.209 E63.51231
G1 X136.075 Y159.75 E63.63992
G1 X135.241 Y160.223 E63.76748
G1 X134.37 Y160.625 E63.8951
G1 X133.469 Y160.952 E64.02262
G1 X132.544 Y161.204 E64.15017
G1 X131.6 Y161.378 E64.27787
G1 X130.313 Y161.486 E64.4497
G1 X129.992 Y161.495 E64.49242
G1 X129.67 Y161.5 E64.53527
G1 X90.559 Y161.499 E69.73861
G1 X89.861 Y161.49 E69.83148
G1 X88.903 Y161.438 E69.95912
G1 X87.953 Y161.306 E70.08673
G1 X87.018 Y161.095 E70.21425
G1 X86.103 Y160.807 E70.34187
G1 X85.215 Y160.444 E70.4695
G1 X84.361 Y160.009 E70.597
G1 X83.546 Y159.503 E70.72463
G1 X82.776 Y158.932 E70.85217
G1 X82.056 Y158.298 E70.9798
G1 X81.392 Y157.607 E71.10729
G1 X80.787 Y156.862 E71.23497
G1 X80.247 Y156.07 E71.3625
G1 X79.775 Y155.236 E71.49
G1 X79.373 Y154.365 E71.61762
G1 X79.046 Y153.463 E71.74527
G1 X78.795 Y152.538 E71.87278
G1 X78.621 Y151.595 E72.00035
G1 X78.513 Y150.302 E72.17297
G1 X78.504 Y149.969 E72.21729
G1 X78.5 Y149.658 E72.25867
G1 X78.501 Y70.518 E82.7875
G1 X78.51 Y69.853 E82.87598
G1 X78.563 Y68.896 E83.0035
G1 X78.696 Y67.946 E83.13112
G1 X78.907 Y67.011 E83.25864
G1 X79.195 Y66.096 E83.38626
G1 X79.559 Y65.209 E83.51381
G1 X79.995 Y64.355 E83.64138
G1 X80.501 Y63.54 E83.76901
G1 X81.073 Y62.77 E83.89662
G0 F6000 X81.491 Y63.869
G1 F1200 X82.059 Y63.15 E84.01853
G1 X82.687 Y62.483 E84.14041
G1 X83.371 Y61.873 E84.26234
G1 X84.106 Y61.325 E84.38431
G1 X84.886 Y60.844 E84.50622
G1 X85.704 Y60.432 E84.62808
G1 X86.555 Y60.093 E84.74995
G1 X87.433 Y59.83 E84.87188
G1 X88.33 Y59.644 E84.99376
G1 X89.24 Y59.537 E85.11566
G1 X89.715 Y59.513 E85.17894
G1 X90.036 Y59.504 E85.22166
G1 X90.33 Y59.5 E85.26078
G1 X129.293 Y59.5 E90.44443
G1 X130.141 Y59.511 E90.55726
G1 X131.056 Y59.564 E90.6792
G1 X131.963 Y59.697 E90.80116
G1 X132.854 Y59.908 E90.92297
G1 X133.724 Y60.196 E91.0449
G1 X134.566 Y60.559 E91.16688
G1 X135.372 Y60.994 E91.28873
G1 X136.138 Y61.497 E91.41065
G1 X136.857 Y62.066 E91.53264
G1 X137.523 Y62.694 E91.65442
G1 X138.132 Y63.379 E91.77636
G1 X138.679 Y64.114 E91.89826
G1 X139.16 Y64.894 E92.02017
G1 X139.571 Y65.713 E92.14208
G1 X139.91 Y66.564 E92.26395
G1 X140.172 Y67.442 E92.38585
G1 X140.357 Y68.34 E92.50783
G1 X140.463 Y69.25 E92.62972
G1 X140.487 Y69.715 E92.69166
G1 X140.496 Y70.035 E92.73425
G1 X140.5 Y70.33 E92.7735
G1 X140.499 Y149.394 E103.29222
G1 X140.49 Y150.121 E103.38895
G1 X140.439 Y151.036 E103.51087
G1 X140.308 Y151.943 E103.63279
G1 X140.099 Y152.835 E103.75467
G1 X139.812 Y153.705 E103.87656
G1 X139.451 Y154.547 E103.99844
G1 X139.018 Y155.355 E104.1204
G1 X138.516 Y156.121 E104.24224
G1 X137.949 Y156.841 E104.36417
G1 X137.321 Y157.509 E104.48614
G1 X136.638 Y158.119 E104.60797
G1 X135.904 Y158.668 E104.72992
G1 X135.125 Y159.15 E104.85179
G1 X134.307 Y159.563 E104.9737
G1 X133.456 Y159.903 E105.09562
G1 X132.579 Y160.167 E105.21747
G1 X131.682 Y160.354 E105.33937
G1 X130.772 Y160.462 E105.46129
G1 X130.285 Y160.487 E105.52617
G1 X129.964 Y160.496 E105.56889
G1 X129.67 Y160.5 E105.60801
G1 X90.572 Y160.499 E110.80963
G1 X89.874 Y160.49 E110.9025
G1 X88.959 Y160.438 E111.02443
G1 X88.052 Y160.307 E111.14635
G1 X87.16 Y160.097 E111.26826
G1 X86.29 Y159.81 E111.39014
G1 X85.448 Y159.449 E111.51202
G1 X84.641 Y159.015 E111.63393
G1 X83.874 Y158.513 E111.75588
G1 X83.155 Y157.945 E111.87779
G1 X82.487 Y157.317 E111.99977
G1 X81.877 Y156.634 E112.1216
G1 X81.329 Y155.9 E112.24346
G1 X80.847 Y155.12 E112.36545
G1 X80.435 Y154.302 E112.4873
G1 X80.095 Y153.451 E112.60922
G1 X79.832 Y152.573 E112.73116
G1 X79.645 Y151.676 E112.85306
G1 X79.538 Y150.766 E112.97496
G1 X79.513 Y150.275 E113.04037
G1 X79.504 Y149.942 E113.08469
G1 X79.5 Y149.658 E113.12247
G1 X79.501 Y70.532 E123.64944
G1 X79.51 Y69.867 E123.73792
G1 X79.562 Y68.952 E123.85985
G1 X79.694 Y68.045 E123.98179
G1 X79.905 Y67.154 E124.1036
G1 X80.192 Y66.284 E124.22549
G1 X80.554 Y65.442 E124.34742
G1 X80.989 Y64.635 E124.46939
G1 X81.491 Y63.869 E124.59123
G1 F1500 E118.09123
;MESH:placchetta pulsante plana o comune.stl
G0 F6000 X106.799 Y80.351
G0 X104.329 Y79.219
G0 X105.202 Y82.109
G0 X105.858 Y83.016
G0 X106.98 Y84.273
;TYPE:WALL-INNER
G1 F1500 E124.59123
G1 F1200 X107.897 Y84.4 E124.71439
G1 X112.112 Y84.399 E125.27516
G1 X112.934 Y84.286 E125.38555
G1 X113.201 Y84.176 E125.42397
G1 X114.3 Y83.586 E125.58992
G1 X115.211 Y82.379 E125.7911
G1 X115.527 Y80.94 E125.98711
G1 X115.47 Y80.595 E126.03363
G1 X115.205 Y79.412 E126.19492
G1 X114.291 Y78.206 E126.39624
G1 X113.007 Y77.525 E126.5896
G1 X112.102 Y77.4 E126.71114
G1 X107.886 Y77.401 E127.27204
G1 X106.992 Y77.524 E127.3921
G1 X105.88 Y78.116 E127.5597
G1 X105.612 Y78.328 E127.60516
G1 X104.786 Y79.428 E127.78817
G1 X104.536 Y80.577 E127.94461
G1 X104.488 Y81.013 E128.00297
G1 X104.766 Y82.275 E128.17489
G1 X104.93 Y82.569 E128.21968
G1 X105.704 Y83.588 E128.38992
G1 X106.98 Y84.273 E128.5826
G0 F6000 X107.011 Y83.835
G0 X107.295 Y83.307
;TYPE:WALL-OUTER
G1 F1200 X107.966 Y83.4 E128.67272
G1 X112.044 Y83.399 E129.21526
G1 X112.671 Y83.313 E129.29946
G1 X112.773 Y83.271 E129.31413
G1 X113.634 Y82.809 E129.44413
G1 X114.281 Y81.951 E129.58709
G1 X114.509 Y80.913 E129.72848
G1 X114.488 Y80.786 E129.74561
G1 X114.277 Y79.843 E129.87417
G1 X113.627 Y78.986 E130.01727
G1 X112.695 Y78.491 E130.15767
G1 X112.034 Y78.4 E130.24643
G1 X107.954 Y78.401 E130.78924
G1 X107.305 Y78.49 E130.87639
G1 X106.43 Y78.956 E131.00828
G1 X106.334 Y79.032 E131.02457
G1 X105.717 Y79.854 E131.16131
G1 X105.524 Y80.738 E131.28169
G1 X105.5 Y80.958 E131.31113
G1 X105.711 Y81.916 E131.44164
G1 X105.769 Y82.02 E131.45748
G1 X106.369 Y82.81 E131.58946
G1 X107.295 Y83.307 E131.72928
G0 F6000 X106.955 Y84.352
G1 F1500 E125.22928
G0 F6000 X106.825 Y84.747
G0 X106.825 Y86.35
G0 X97.4 Y134.15
;TYPE:WALL-INNER
G1 F1500 E131.72928
G1 F1200 X122.6 Y134.15 E135.0819
G1 X122.6 Y85.85 E141.50776
G1 X97.4 Y85.85 E144.86038
G1 X97.4 Y134.15 E151.28624
G0 F6000 X97.8 Y133.15
G0 X98.4 Y133.15
;TYPE:WALL-OUTER
G1 F1200 X121.6 Y133.15 E154.37278
G1 X121.6 Y86.85 E160.53255
G1 X98.4 Y86.85 E163.6191
G1 X98.4 Y133.15 E169.77887
G1 F1500 E163.27887
G0 F6000 X97.8 Y133.15
G0 X97.872 Y133.678
G0 X113.008 Y134.64
G0 X112.927 Y135.218
G0 X114.798 Y137.891
G0 X115.045 Y139.013
G0 X114.784 Y140.375
G0 X114.194 Y141.161
G0 X113.008 Y142.476
;TYPE:WALL-INNER
G1 F1500 E169.77887
G1 F1200 X114.12 Y141.884 E169.94647
G1 X114.388 Y141.672 E169.99193
G1 X115.214 Y140.572 E170.17494
G1 X115.464 Y139.423 E170.33138
G1 X115.512 Y138.987 E170.38974
G1 X115.234 Y137.725 E170.56166
G1 X115.07 Y137.431 E170.60645
G1 X114.296 Y136.412 E170.77669
G1 X113.02 Y135.727 E170.96937
G1 X112.103 Y135.6 E171.09253
G1 X107.888 Y135.601 E171.6533
G1 X107.066 Y135.714 E171.76368
G1 X106.799 Y135.824 E171.8021
G1 X105.7 Y136.414 E171.96805
G1 X104.789 Y137.621 E172.16924
G1 X104.473 Y139.06 E172.36524
G1 X104.53 Y139.405 E172.41176
G1 X104.795 Y140.588 E172.57305
G1 X105.709 Y141.794 E172.77437
G1 X106.993 Y142.475 E172.96773
G1 X107.898 Y142.6 E173.08928
G1 X112.114 Y142.599 E173.65018
G1 X113.008 Y142.476 E173.77024
G0 F6000 X112.975 Y142.04
G0 X112.695 Y141.51
;TYPE:WALL-OUTER
G1 F1200 X113.57 Y141.044 E173.90213
G1 X113.666 Y140.968 E173.91842
G1 X114.283 Y140.146 E174.05516
G1 X114.476 Y139.262 E174.17553
G1 X114.5 Y139.042 E174.20498
G1 X114.289 Y138.084 E174.33548
G1 X114.231 Y137.98 E174.35133
G1 X113.631 Y137.19 E174.48331
G1 X112.705 Y136.693 E174.62312
G1 X112.034 Y136.6 E174.71325
G1 X107.956 Y136.601 E175.25579
G1 X107.329 Y136.687 E175.33998
G1 X107.227 Y136.729 E175.35466
G1 X106.366 Y137.191 E175.48466
G1 X105.719 Y138.049 E175.62762
G1 X105.491 Y139.087 E175.76901
G1 X105.512 Y139.214 E175.78614
G1 X105.723 Y140.157 E175.9147
G1 X106.373 Y141.014 E176.0578
G1 X107.305 Y141.509 E176.19819
G1 X107.966 Y141.6 E176.28696
G1 X112.046 Y141.599 E176.82977
G1 X112.695 Y141.51 E176.91692
G0 F6000 X113.033 Y142.556
G1 F1500 E170.41692
G0 F6000 X115.671 Y140.781
G0 X113.201 Y139.649
G0 X115.671 Y150.665
G0 X115.671 Y147.99
G0 X128.5 Y148.5
;TYPE:WALL-INNER
G1 F1500 E176.91692
G1 F1200 X91.5 Y148.5 E181.83942
G1 X91.5 Y71.5 E192.08354
G1 X128.5 Y71.5 E197.00604
G1 X128.5 Y148.5 E207.25016
G0 F6000 X128.93 Y148.93
G0 X129.5 Y149.5
;TYPE:WALL-OUTER
G1 F1200 X90.5 Y149.5 E212.43874
G1 X90.5 Y70.5 E222.94895
G1 X129.5 Y70.5 E228.13753
G1 X129.5 Y149.5 E238.64773
G0 F6000 X128.93 Y148.93
G0 X128.09 Y147.51
G0 X127.51 Y147.51
;TYPE:SKIN
G1 F1200 X92.49 Y147.51 E243.30681
G1 X92.49 Y72.49 E253.28751
G1 X127.51 Y72.49 E257.94659
G1 X127.51 Y147.51 E267.92729
G1 F1500 E261.42729
G0 F6000 X128.09 Y147.51
G0 X127.99 Y134.59
G0 X123.09 Y134.59
G1 F1500 E267.92729
G0 F6000 X123.59 Y135.14
G1 F1200 X123.59 Y84.86 E274.61657
G1 X114.021 Y84.86 E275.88964
G1 X114.959 Y84.356 E276.0313
G1 X116.132 Y82.803 E276.29023
G1 X116.535 Y80.966 E276.54043
G1 X116.442 Y80.406 E276.61596
G1 X116.124 Y78.986 E276.80955
G1 X114.948 Y77.434 E277.06861
G1 X113.316 Y76.568 E277.31441
G1 X112.17 Y76.41 E277.46832
G1 X107.818 Y76.411 E278.04731
G1 X106.683 Y76.567 E278.19973
G1 X105.336 Y77.284 E278.40274
G1 X104.897 Y77.631 E278.47719
G1 X103.865 Y79.006 E278.70591
G1 X103.558 Y80.417 E278.89802
G1 X103.486 Y81.067 E278.98503
G1 X103.831 Y82.63 E279.19798
G1 X104.1 Y83.112 E279.27141
G1 X105.046 Y84.358 E279.47954
G1 X105.981 Y84.86 E279.62073
G1 X96.41 Y84.86 E280.89406
G1 X96.41 Y135.14 E287.58334
G1 X105.979 Y135.14 E288.85641
G1 X105.041 Y135.644 E288.99807
G1 X103.868 Y137.197 E289.257
G1 X103.465 Y139.034 E289.5072
G1 X103.558 Y139.594 E289.58273
G1 X103.876 Y141.014 E289.77632
G1 X105.052 Y142.566 E290.03538
G1 X106.684 Y143.432 E290.28118
G1 X107.83 Y143.59 E290.43509
G1 X112.182 Y143.589 E291.01408
G1 X113.317 Y143.433 E291.1665
G1 X114.664 Y142.716 E291.36951
G1 X115.103 Y142.369 E291.44396
G1 X116.135 Y140.994 E291.67268
G1 X116.442 Y139.583 E291.8648
G1 X116.514 Y138.933 E291.9518
G1 X116.169 Y137.37 E292.16475
G1 X115.9 Y136.888 E292.23818
G1 X114.954 Y135.642 E292.44632
G1 X114.019 Y135.14 E292.5875
G1 X123.59 Y135.14 E293.86084
G1 F1500 E287.36084
G0 F6000 X123.01 Y134.59
G0 X96.904 Y134.646
G0 X92.01 Y134.646
G0 X91.982 Y148.018
G0 X93.369 Y148.09
G1 F1500 E293.86084
G0 F6000 X93.369 Y147.109
G1 F1200 X92.889 Y146.629 E293.95115
G0 F6000 X91.91 Y146.629
G0 X91.91 Y145.215
G0 X92.889 Y145.215
G1 F1200 X94.783 Y147.109 E294.3075
G0 F6000 X94.783 Y148.09
G0 X96.197 Y148.09
G0 X96.197 Y147.109
G1 F1200 X92.889 Y143.801 E294.92989
G0 F6000 X91.91 Y143.801
G0 X91.91 Y142.387
G0 X92.889 Y142.387
G1 F1200 X97.611 Y147.109 E295.81832
G0 F6000 X97.611 Y148.09
G0 X99.026 Y148.09
G0 X99.026 Y147.109
G1 F1200 X92.889 Y140.973 E296.97289
G0 F6000 X91.91 Y140.973
G0 X91.91 Y139.558
G0 X92.889 Y139.558
G1 F1200 X100.44 Y147.109 E298.3936
G0 F6000 X100.44 Y148.09
G0 X101.854 Y148.09
G0 X101.854 Y147.109
G1 F1200 X92.889 Y138.144 E300.08034
G0 F6000 X91.91 Y138.144
G0 X91.91 Y136.73
G0 X92.889 Y136.73
G1 F1200 X103.268 Y147.109 E302.03313
G0 F6000 X103.268 Y148.09
G0 X104.682 Y148.09
G0 X104.682 Y147.109
G1 F1200 X92.889 Y135.316 E304.25195
G0 F6000 X91.91 Y135.316
G0 X91.91 Y133.901
G0 X92.889 Y133.901
G1 F1200 X106.097 Y147.109 E306.73701
G0 F6000 X106.097 Y148.09
G0 X107.511 Y148.09
G0 X107.511 Y147.109
G1 F1200 X92.889 Y132.487 E309.4881
G0 F6000 X91.91 Y132.487
G0 X91.91 Y131.073
G0 X92.889 Y131.073
G1 F1200 X96.01 Y134.194 E310.07531
G0 F6000 X96.99 Y134.194
G0 X96.99 Y132.779
G0 X96.01 Y132.779
G1 F1200 X92.889 Y129.659 E310.66243
G0 F6000 X91.91 Y129.659
G0 X91.91 Y128.245
G0 X92.889 Y128.245
G1 F1200 X96.01 Y131.365 E311.24954
G0 F6000 X96.99 Y131.365
G0 X96.99 Y129.951
G0 X96.01 Y129.951
G1 F1200 X92.889 Y126.83 E311.83675
G0 F6000 X91.91 Y126.83
G0 X91.91 Y125.416
G0 X92.889 Y125.416
G1 F1200 X96.01 Y128.537 E312.42396
G0 F6000 X96.99 Y128.537
G0 X96.99 Y127.122
G0 X96.01 Y127.122
G1 F1200 X92.889 Y124.002 E313.01108
G0 F6000 X91.91 Y124.002
G0 X91.91 Y122.588
G0 X92.889 Y122.588
G1 F1200 X96.01 Y125.708 E313.59819
G0 F6000 X96.99 Y125.708
G0 X96.99 Y124.294
G0 X96.01 Y124.294
G1 F1200 X92.889 Y121.174 E314.18531
G0 F6000 X91.91 Y121.174
G0 X91.91 Y119.759
G0 X92.889 Y119.759
G1 F1200 X96.01 Y122.88 E314.77252
G0 F6000 X96.99 Y122.88
G0 X96.99 Y121.466
G0 X96.01 Y121.466
G1 F1200 X92.889 Y118.345 E315.35972
G0 F6000 X91.91 Y118.345
G0 X91.91 Y116.931
G0 X92.889 Y116.931
G1 F1200 X96.01 Y120.051 E315.94684
G0 F6000 X96.99 Y120.051
G0 X96.99 Y118.637
G0 X96.01 Y118.637
G1 F1200 X92.889 Y115.517 E316.53395
G0 F6000 X91.91 Y115.517
G0 X91.91 Y114.102
G0 X92.889 Y114.102
G1 F1200 X96.01 Y117.223 E317.12116
G0 F6000 X96.99 Y117.223
G0 X96.99 Y115.809
G0 X96.01 Y115.809
G1 F1200 X92.889 Y112.688 E317.70837
G0 F6000 X91.91 Y112.688
G0 X91.91 Y111.274
G0 X92.889 Y111.274
G1 F1200 X96.01 Y114.395 E318.29558
G0 F6000 X96.99 Y114.395
G0 X96.99 Y112.98
G0 X96.01 Y112.98
G1 F1200 X92.889 Y109.86 E318.8827
G0 F6000 X91.91 Y109.86
G0 X91.91 Y108.446
G0 X92.889 Y108.446
G1 F1200 X96.01 Y111.566 E319.46981
G0 F6000 X96.99 Y111.566
G0 X96.99 Y110.152
G0 X96.01 Y110.152
G1 F1200 X92.889 Y107.031 E320.05702
G0 F6000 X91.91 Y107.031
G0 X91.91 Y105.617
G0 X92.889 Y105.617
G1 F1200 X96.01 Y108.738 E320.64423
G0 F6000 X96.99 Y108.738
G0 X96.99 Y107.323
G0 X96.01 Y107.323
G1 F1200 X92.889 Y104.203 E321.23135
G0 F6000 X91.91 Y104.203
G0 X91.91 Y102.789
G0 X92.889 Y102.789
G1 F1200 X96.01 Y105.909 E321.81846
G0 F6000 X96.99 Y105.909
G0 X96.99 Y104.495
G0 X96.01 Y104.495
G1 F1200 X92.889 Y101.375 E322.40558
G0 F6000 X91.91 Y101.375
G0 X91.91 Y99.96
G0 X92.889 Y99.96
G1 F1200 X96.01 Y103.081 E322.99278
G0 F6000 X96.99 Y103.081
G0 X96.99 Y101.667
G0 X96.01 Y101.667
G1 F1200 X92.889 Y98.546 E323.57999
G0 F6000 X91.91 Y98.546
G0 X91.91 Y97.132
G0 X92.889 Y97.132
G1 F1200 X96.01 Y100.252 E324.16711
G0 F6000 X96.99 Y100.252
G0 X96.99 Y98.838
G0 X96.01 Y98.838
G1 F1200 X92.889 Y95.718 E324.75422
G0 F6000 X91.91 Y95.718
G0 X91.91 Y94.304
G0 X92.889 Y94.304
G1 F1200 X96.01 Y97.424 E325.34134
G0 F6000 X96.99 Y97.424
G0 X96.99 Y96.01
G0 X96.01 Y96.01
G1 F1200 X92.889 Y92.889 E325.92855
G0 F6000 X91.91 Y92.889
G0 X91.91 Y91.475
G0 X92.889 Y91.475
G1 F1200 X96.01 Y94.596 E326.51576
G0 F6000 X96.99 Y94.596
G0 X96.99 Y93.181
G0 X96.01 Y93.181
G1 F1200 X92.889 Y90.061 E327.10287
G0 F6000 X91.91 Y90.061
G0 X91.91 Y88.647
G0 X92.889 Y88.647
G1 F1200 X96.01 Y91.767 E327.68999
G0 F6000 X96.99 Y91.767
G0 X96.99 Y90.353
G0 X96.01 Y90.353
G1 F1200 X92.889 Y87.232 E328.2772
G0 F6000 X91.91 Y87.232
G0 X91.91 Y85.818
G0 X92.889 Y85.818
G1 F1200 X96.01 Y88.939 E328.8644
G0 F6000 X96.99 Y88.939
G0 X96.99 Y87.524
G0 X96.01 Y87.524
G1 F1200 X92.889 Y84.404 E329.45152
G0 F6000 X91.91 Y84.404
G0 X91.91 Y82.99
G0 X92.889 Y82.99
G1 F1200 X96.01 Y86.11 E330.03863
G0 F6000 X96.99 Y86.11
G0 X96.96 Y85.41
G0 X96.01 Y84.696
G1 F1200 X92.889 Y81.576 E330.62575
G0 F6000 X91.91 Y81.576
G0 X91.91 Y80.161
G0 X92.889 Y80.161
G1 F1200 X97.187 Y84.459 E331.43441
G0 F6000 X97.187 Y85.44
G0 X98.601 Y85.44
G0 X98.601 Y84.459
G1 F1200 X92.889 Y78.747 E332.50911
G0 F6000 X91.91 Y78.747
G0 X91.91 Y77.333
G0 X92.889 Y77.333
G1 F1200 X100.016 Y84.459 E333.84994
G0 F6000 X100.016 Y85.44
G0 X101.43 Y85.44
G0 X101.43 Y84.459
G1 F1200 X92.889 Y75.919 E335.45682
G0 F6000 X91.91 Y75.919
G0 X91.91 Y74.505
G0 X92.889 Y74.505
G1 F1200 X102.844 Y84.459 E337.32974
G0 F6000 X102.844 Y85.44
G0 X104.258 Y85.44
G0 X104.258 Y84.459
G1 F1200 X92.889 Y73.09 E339.46879
G0 F6000 X91.91 Y73.09
G0 X91.982 Y71.982
G0 X94.103 Y71.91
G0 X94.103 Y72.889
G1 F1200 X103.301 Y82.088 E341.19946
G0 F6000 X104.258 Y81.878
G0 X104.118 Y80.623
G0 X103.143 Y80.516
G1 F1200 X95.517 Y72.889 E342.63437
G0 F6000 X95.517 Y71.91
G0 X96.931 Y71.91
G0 X96.931 Y72.889
G1 F1200 X103.382 Y79.34 E343.84811
G0 F6000 X104.339 Y79.548
G0 X104.617 Y78.968
G0 X103.835 Y78.379
G1 F1200 X98.345 Y72.889 E344.88105
G0 F6000 X98.345 Y71.91
G0 X99.76 Y71.91
G0 X99.76 Y72.889
G1 F1200 X104.441 Y77.571 E345.76186
G0 F6000 X105.224 Y78.161
G0 X105.654 Y77.77
G0 X105.19 Y76.906
G1 F1200 X101.174 Y72.889 E346.51755
G0 F6000 X101.174 Y71.91
G0 X102.588 Y71.91
G0 X102.588 Y72.889
G1 F1200 X106.114 Y76.415 E347.18096
G0 F6000 X106.574 Y77.282
G0 X107.336 Y77.063
G0 X107.203 Y76.091
G1 F1200 X104.002 Y72.889 E347.78332
G0 F6000 X104.002 Y71.91
G0 X105.416 Y71.91
G0 X105.416 Y72.889
G1 F1200 X108.537 Y76.01 E348.37053
G0 F6000 X108.537 Y76.991
G0 X109.951 Y76.991
G0 X109.951 Y76.01
G1 F1200 X106.831 Y72.889 E348.95764
G0 F6000 X106.831 Y71.91
G0 X108.245 Y71.91
G0 X108.245 Y72.889
G1 F1200 X111.365 Y76.009 E349.54466
G0 F6000 X111.365 Y76.991
G0 X112.738 Y77.073
G0 X112.872 Y76.103
G1 F1200 X109.659 Y72.889 E350.14928
G0 F6000 X109.659 Y71.91
G0 X111.073 Y71.91
G0 X111.073 Y72.889
G1 F1200 X122.643 Y84.459 E352.32615
G0 F6000 X122.643 Y85.44
G0 X121.229 Y85.44
G0 X121.229 Y84.459
G1 F1200 X116.758 Y79.988 E353.16735
G0 F6000 X115.802 Y80.201
G0 X115.876 Y81.265
G0 X116.831 Y81.475
G1 F1200 X119.815 Y84.459 E353.72879
G0 F6000 X119.815 Y85.44
G0 X118.4 Y85.44
G0 X118.4 Y84.459
G1 F1200 X116.577 Y82.636 E354.07178
G0 F6000 X115.621 Y82.426
G0 X115.291 Y82.954
G0 X116.071 Y83.544
G1 F1200 X116.986 Y84.459 E354.24394
G0 F6000 X116.986 Y85.44
G0 X123.01 Y85.805
G0 X123.989 Y85.805
G1 F1200 X127.109 Y88.925 E354.83096
G0 F6000 X128.09 Y88.925
G0 X128.09 Y90.339
G0 X127.109 Y90.339
G1 F1200 X123.989 Y87.219 E355.41798
G0 F6000 X123.01 Y87.219
G0 X123.01 Y88.633
G0 X123.989 Y88.633
G1 F1200 X127.109 Y91.754 E356.00509
G0 F6000 X128.09 Y91.754
G0 X128.09 Y93.168
G0 X127.109 Y93.168
G1 F1200 X123.989 Y90.047 E356.59221
G0 F6000 X123.01 Y90.047
G0 X123.01 Y91.462
G0 X123.989 Y91.462
G1 F1200 X127.109 Y94.582 E357.17923
G0 F6000 X128.09 Y94.582
G0 X128.09 Y95.996
G0 X127.109 Y95.996
G1 F1200 X123.989 Y92.876 E357.76625
G0 F6000 X123.01 Y92.876
G0 X123.01 Y94.29
G0 X123.989 Y94.29
G1 F1200 X127.109 Y97.411 E358.35336
G0 F6000 X128.09 Y97.411
G0 X128.09 Y98.825
G0 X127.109 Y98.825
G1 F1200 X123.989 Y95.704 E358.94048
G0 F6000 X123.01 Y95.704
G0 X123.01 Y97.118
G0 X123.989 Y97.118
G1 F1200 X127.109 Y100.239 E359.52759
G0 F6000 X128.09 Y100.239
G0 X128.09 Y101.653
G0 X127.109 Y101.653
G1 F1200 X123.989 Y98.533 E360.11462
G0 F6000 X123.01 Y98.533
G0 X123.01 Y99.947
G0 X123.989 Y99.947
G1 F1200 X127.109 Y103.067 E360.70164
G0 F6000 X128.09 Y103.067
G0 X128.09 Y104.482
G0 X127.109 Y104.482
G1 F1200 X123.989 Y101.361 E361.28875
G0 F6000 X123.01 Y101.361
G0 X123.01 Y102.775
G0 X123.989 Y102.775
G1 F1200 X127.109 Y105.896 E361.87587
G0 F6000 X128.09 Y105.896
G0 X128.09 Y107.31
G0 X127.109 Y107.31
G1 F1200 X123.989 Y104.19 E362.46289
G0 F6000 X123.01 Y104.19
G0 X123.01 Y105.604
G0 X123.989 Y105.604
G1 F1200 X127.109 Y108.724 E363.04991
G0 F6000 X128.09 Y108.724
G0 X128.09 Y110.138
G0 X127.109 Y110.138
G1 F1200 X123.989 Y107.018 E363.63693
G0 F6000 X123.01 Y107.018
G0 X123.01 Y108.432
G0 X123.989 Y108.432
G1 F1200 X127.109 Y111.553 E364.22404
G0 F6000 X128.09 Y111.553
G0 X128.09 Y112.967
G0 X127.109 Y112.967
G1 F1200 X123.989 Y109.846 E364.81116
G0 F6000 X123.01 Y109.846
G0 X123.01 Y111.261
G0 X123.989 Y111.261
G1 F1200 X127.109 Y114.381 E365.39818
G0 F6000 X128.09 Y114.381
G0 X128.09 Y115.795
G0 X127.109 Y115.795
G1 F1200 X123.989 Y112.675 E365.9852
G0 F6000 X123.01 Y112.675
G0 X123.01 Y114.089
G0 X123.989 Y114.089
G1 F1200 X127.109 Y117.21 E366.57232
G0 F6000 X128.09 Y117.21
G0 X128.09 Y118.624
G0 X127.109 Y118.624
G1 F1200 X123.989 Y115.503 E367.15943
G0 F6000 X123.01 Y115.503
G0 X123.01 Y116.917
G0 X123.989 Y116.917
G1 F1200 X127.109 Y120.038 E367.74655
G0 F6000 X128.09 Y120.038
G0 X128.09 Y121.452
G0 X127.109 Y121.452
G1 F1200 X123.989 Y118.332 E368.33357
G0 F6000 X123.01 Y118.332
G0 X123.01 Y119.746
G0 X123.989 Y119.746
G1 F1200 X127.109 Y122.866 E368.92059
G0 F6000 X128.09 Y122.866
G0 X128.09 Y124.281
G0 X127.109 Y124.281
G1 F1200 X123.989 Y121.16 E369.5077
G0 F6000 X123.01 Y121.16
G0 X123.01 Y122.574
G0 X123.989 Y122.574
G1 F1200 X127.109 Y125.695 E370.09482
G0 F6000 X128.09 Y125.695
G0 X128.09 Y127.109
G0 X127.109 Y127.109
G1 F1200 X123.989 Y123.989 E370.68184
G0 F6000 X123.01 Y123.989
G0 X123.01 Y125.403
G0 X123.989 Y125.403
G1 F1200 X127.109 Y128.523 E371.26886
G0 F6000 X128.09 Y128.523
G0 X128.09 Y129.937
G0 X127.109 Y129.937
G1 F1200 X123.989 Y126.817 E371.85588
G0 F6000 X123.01 Y126.817
G0 X123.01 Y128.231
G0 X123.989 Y128.231
G1 F1200 X127.109 Y131.352 E372.443
G0 F6000 X128.09 Y131.352
G0 X128.09 Y132.766
G0 X127.109 Y132.766
G1 F1200 X123.989 Y129.645 E373.03011
G0 F6000 X123.01 Y129.645
G0 X123.01 Y131.06
G0 X123.989 Y131.06
G1 F1200 X127.109 Y134.18 E373.61713
G0 F6000 X128.09 Y134.18
G0 X128.09 Y135.594
G0 X127.109 Y135.594
G1 F1200 X123.989 Y132.474 E374.20415
G0 F6000 X123.01 Y132.474
G0 X123.01 Y133.888
G0 X123.989 Y133.888
G1 F1200 X127.109 Y137.009 E374.79127
G0 F6000 X128.09 Y137.009
G0 X128.09 Y138.423
G0 X127.109 Y138.423
G1 F1200 X123.989 Y135.302 E375.37838
G0 F6000 X123.04 Y134.59
G0 X122.811 Y135.539
G1 F1200 X127.109 Y139.837 E376.18704
G0 F6000 X128.09 Y139.837
G0 X128.09 Y141.251
G0 X127.109 Y141.251
G1 F1200 X121.397 Y135.539 E377.26174
G0 F6000 X121.397 Y134.56
G0 X119.983 Y134.56
G0 X119.983 Y135.539
G1 F1200 X127.109 Y142.665 E378.60248
G0 F6000 X128.09 Y142.665
G0 X128.09 Y144.08
G0 X127.109 Y144.08
G1 F1200 X118.569 Y135.539 E380.20936
G0 F6000 X118.569 Y134.56
G0 X117.154 Y134.56
G0 X117.154 Y135.539
G1 F1200 X127.109 Y145.494 E382.08237
G0 F6000 X128.09 Y145.494
G0 X128.09 Y146.908
G0 X127.109 Y146.908
G1 F1200 X115.74 Y135.539 E384.22142
G1 F1500 E377.72142
G0 F6000 X115.74 Y134.56
G0 X114.623 Y136.03
G0 X115.741 Y138.118
G1 F1500 E384.22142
G0 F6000 X116.697 Y137.91
G1 F1200 X125.896 Y147.109 E385.95219
G0 F6000 X125.896 Y148.09
G0 X124.481 Y148.09
G0 X124.481 Y147.109
G1 F1200 X116.855 Y139.483 E387.38701
G0 F6000 X115.882 Y139.376
G0 X115.661 Y140.45
G0 X116.616 Y140.658
G1 F1200 X123.067 Y147.109 E388.60075
G0 F6000 X123.067 Y148.09
G0 X121.653 Y148.09
G0 X121.653 Y147.109
G1 F1200 X116.164 Y141.62 E389.63349
G0 F6000 X115.383 Y141.032
G0 X114.776 Y141.839
G0 X115.557 Y142.427
G1 F1200 X120.239 Y147.109 E390.5144
G0 F6000 X120.239 Y148.09
G0 X118.825 Y148.09
G0 X118.825 Y147.109
G1 F1200 X114.808 Y143.092 E391.27019
G0 F6000 X114.346 Y142.23
G0 X113.426 Y142.718
G0 X113.884 Y143.582
G1 F1200 X117.41 Y147.109 E391.93369
G0 F6000 X117.41 Y148.09
G0 X115.996 Y148.09
G0 X115.996 Y147.109
G1 F1200 X112.794 Y143.907 E392.53614
G0 F6000 X112.662 Y142.937
G0 X111.461 Y143.009
G0 X111.461 Y143.988
G1 F1200 X114.582 Y147.109 E393.12335
G0 F6000 X114.582 Y148.09
G0 X113.168 Y148.09
G0 X113.168 Y147.109
G1 F1200 X110.047 Y143.988 E393.71056
G0 F6000 X110.047 Y143.009
G0 X108.634 Y143.009
G0 X108.634 Y143.989
G1 F1200 X111.753 Y147.109 E394.29748
G0 F6000 X111.753 Y148.09
G0 X110.339 Y148.09
G0 X110.339 Y147.109
G1 F1200 X107.126 Y143.896 E394.902
G1 F1500 E388.402
G0 F6000 X107.26 Y142.926
G0 X108.924 Y143.109
G0 X108.924 Y147.99
G1 F1500 E394.902
G0 F6000 X108.925 Y147.109
G1 F1200 X97.355 Y135.539 E397.07887
G0 F6000 X97.355 Y134.56
G0 X98.77 Y134.56
G0 X98.77 Y135.539
G1 F1200 X103.242 Y140.012 E397.92036
G0 F6000 X104.198 Y139.799
G0 X104.124 Y138.733
G0 X103.168 Y138.523
G1 F1200 X100.184 Y135.539 E398.4818
G0 F6000 X100.184 Y134.56
G0 X101.598 Y134.56
G0 X101.598 Y135.539
G1 F1200 X103.422 Y137.363 E398.82498
G0 F6000 X104.379 Y137.574
G0 X104.709 Y137.045
G0 X103.927 Y136.454
G1 F1200 X103.012 Y135.539 E398.99713
G1 F1500 E392.49713
G0 F6000 X103.012 Y134.56
G0 X122.128 Y133.678
G0 X123.09 Y87.511
G0 X127.99 Y87.511
G1 F1500 E398.99713
G0 F6000 X127.109 Y87.511
G1 F1200 X112.487 Y72.889 E401.74823
G0 F6000 X112.487 Y71.91
G0 X113.902 Y71.91
G0 X113.902 Y72.889
G1 F1200 X127.109 Y86.097 E404.23319
G0 F6000 X128.09 Y86.097
G0 X128.09 Y84.683
G0 X127.109 Y84.683
G1 F1200 X115.316 Y72.889 E406.45211
G0 F6000 X115.316 Y71.91
G0 X116.73 Y71.91
G0 X116.73 Y72.889
G1 F1200 X127.109 Y83.268 E408.4049
G0 F6000 X128.09 Y83.268
G0 X128.09 Y81.854
G0 X127.109 Y81.854
G1 F1200 X118.144 Y72.889 E410.09164
G0 F6000 X118.144 Y71.91
G0 X119.559 Y71.91
G0 X119.559 Y72.889
G1 F1200 X127.109 Y80.44 E411.51225
G0 F6000 X128.09 Y80.44
G0 X128.09 Y79.026
G0 X127.109 Y79.026
G1 F1200 X120.973 Y72.889 E412.66682
G0 F6000 X120.973 Y71.91
G0 X122.387 Y71.91
G0 X122.387 Y72.889
G1 F1200 X127.109 Y77.612 E413.55535
G0 F6000 X128.09 Y77.612
G0 X128.09 Y76.197
G0 X127.109 Y76.197
G1 F1200 X123.801 Y72.889 E414.17774
G0 F6000 X123.801 Y71.91
G0 X125.215 Y71.91
G0 X125.215 Y72.889
G1 F1200 X127.109 Y74.783 E414.53409
G0 F6000 X128.09 Y74.783
G0 X128.09 Y73.369
G0 X127.109 Y73.369
G1 F1200 X126.63 Y72.889 E414.62431
G1 F1500 E408.12431
G0 F6000 X126.63 Y71.91
G0 X113.734 Y72.01
G0 X113.734 Y69.335
G0 X112.334 Y82.185
G0 X113.734 Y85.36
G0 X113.734 Y85.45
;TYPE:SKIN
G1 F1500 E414.62431
G1 F1200 X112.969 Y84.685 E414.69627
G0 F6000 X112.347 Y84.77
G1 F1200 X113.027 Y85.45 E414.76024
G0 F6000 X112.32 Y85.45
G1 F1200 X111.669 Y84.799 E414.82149
G0 F6000 X111.613 Y85.45
G1 F1200 X110.962 Y84.799 E414.88273
G0 F6000 X110.906 Y85.45
G1 F1200 X110.255 Y84.799 E414.94397
G0 F6000 X110.199 Y85.45
G1 F1200 X109.549 Y84.8 E415.00512
G0 F6000 X109.491 Y85.45
G1 F1200 X108.842 Y84.8 E415.06622
G0 F6000 X108.784 Y85.45
G1 F1200 X108.135 Y84.8 E415.12732
G0 F6000 X108.077 Y85.45
G1 F1200 X107.357 Y84.729 E415.1951
G0 F6000 X107.37 Y85.45
G1 F1200 X106.482 Y84.562 E415.27864
G0 F6000 X106.341 Y85.127
G1 F1200 X106.663 Y85.45 E415.30898
G1 F1500 E408.80898
G0 F6000 X97.872 Y86.322
G0 X97.872 Y133.678
G0 X106.971 Y134.548
G1 F1500 E415.30898
G1 F1200 X107.651 Y135.228 E415.37295
G0 F6000 X107.029 Y135.314
G1 F1200 X106.264 Y134.548 E415.44496
G0 F6000 X107.678 Y134.548
G1 F1200 X108.329 Y135.199 E415.5062
G0 F6000 X108.386 Y134.548
G1 F1200 X109.036 Y135.199 E415.5674
G0 F6000 X109.093 Y134.548
G1 F1200 X109.743 Y135.199 E415.62859
G0 F6000 X109.8 Y134.548
G1 F1200 X110.45 Y135.198 E415.68974
G0 F6000 X110.507 Y134.548
G1 F1200 X111.157 Y135.198 E415.75089
G0 F6000 X111.214 Y134.548
G1 F1200 X111.864 Y135.198 E415.81204
G0 F6000 X111.921 Y134.548
G1 F1200 X112.642 Y135.269 E415.87986
G0 F6000 X112.628 Y134.548
G1 F1200 X113.516 Y135.437 E415.96345
G0 F6000 X113.658 Y134.871
G1 F1200 X113.335 Y134.548 E415.99383
G0 F6000 X113.335 Y134.65
G1 F1500 E409.49383
;MESH:NONMESH
G0 F300 X113.335 Y134.65 Z0.64
G0 F6000 X113.335 Y134.56
G0 X122.128 Y133.678
G0 X122.128 Y86.322
G0 X106.868 Y86.31
G0 X107.091 Y84.785
G0 X106.874 Y84.217
;TIME_ELAPSED:212.857732
;LAYER:1
M106 S127.5
;TYPE:WALL-INNER
;MESH:placchetta pulsante plana o comune.stl
G1 F1500 E415.99383
G1 F1350 X107.16 Y84.3 E416.03345
G1 X107.899 Y84.4 E416.13267
G1 X112.1 Y84.4 E416.69157
G1 X112.856 Y84.299 E416.79304
G1 X113.14 Y84.209 E416.83268
G1 X114.129 Y83.682 E416.98177
G1 X114.455 Y83.386 E417.04035
G1 X115.074 Y82.566 E417.17704
G1 X115.289 Y82.101 E417.24519
G1 X115.311 Y81.926 E417.26866
G1 X115.522 Y80.967 E417.3993
G1 X115.453 Y80.522 E417.45921
G1 X115.23 Y79.516 E417.5963
G1 X114.97 Y79.101 E417.66145
G1 X114.41 Y78.362 E417.7848
G1 X114.157 Y78.134 E417.83012
G1 X113.154 Y77.598 E417.98141
G1 X112.867 Y77.505 E418.02155
G1 X112.103 Y77.4 E418.12415
G1 X107.898 Y77.4 E418.68359
G1 X107.137 Y77.504 E418.78577
G1 X106.848 Y77.596 E418.82612
G1 X105.836 Y78.137 E418.97879
G1 X105.571 Y78.382 E419.0268
G1 X104.901 Y79.269 E419.17469
G1 X104.749 Y79.593 E419.2223
G1 X104.54 Y80.549 E419.35249
G1 X104.483 Y80.99 E419.41165
G1 X104.739 Y82.167 E419.5719
G1 X104.926 Y82.565 E419.63041
G1 X105.553 Y83.397 E419.76901
G1 X105.88 Y83.686 E419.82707
G1 X106.874 Y84.217 E419.977
G0 F7500 X106.97 Y83.814
G0 X107.253 Y83.286
;TYPE:WALL-OUTER
G1 F1350 X107.367 Y83.319 E419.99279
G1 X107.966 Y83.4 E420.0732
G1 X112.033 Y83.4 E420.61428
G1 X112.637 Y83.319 E420.69536
G1 X112.751 Y83.283 E420.71126
G1 X113.549 Y82.858 E420.83154
G1 X113.713 Y82.709 E420.86102
G1 X114.211 Y82.049 E420.97102
G1 X114.316 Y81.822 E421.0043
G1 X114.325 Y81.75 E421.01395
G1 X114.505 Y80.934 E421.12512
G1 X114.47 Y80.707 E421.15568
G1 X114.291 Y79.901 E421.26552
G1 X114.146 Y79.67 E421.30181
G1 X113.67 Y79.041 E421.40675
G1 X113.578 Y78.958 E421.42323
G1 X112.762 Y78.522 E421.54632
G1 X112.644 Y78.484 E421.56281
G1 X112.034 Y78.4 E421.64473
G1 X107.966 Y78.4 E422.18594
G1 X107.358 Y78.483 E422.26758
G1 X107.239 Y78.521 E422.2842
G1 X106.421 Y78.958 E422.40758
G1 X106.315 Y79.056 E422.42679
G1 X105.762 Y79.788 E422.54884
G1 X105.702 Y79.916 E422.56765
G1 X105.526 Y80.72 E422.67715
G1 X105.497 Y80.946 E422.70746
G1 X105.692 Y81.844 E422.82972
G1 X105.787 Y82.046 E422.85941
G1 X106.291 Y82.715 E422.97085
G1 X106.454 Y82.859 E422.99978
G1 X107.253 Y83.286 E423.12031
G0 F7500 X106.839 Y84.305
G1 F1500 E416.62031
G0 F7500 X107.058 Y84.781
G0 X107.058 Y86.35
G0 X105.317 Y86.313
G0 X97.872 Y86.322
G0 X97.4 Y134.15
;TYPE:WALL-INNER
G1 F1500 E423.12031
G1 F1350 X122.6 Y134.15 E426.47293
G1 X122.6 Y85.85 E432.89879
G1 X97.4 Y85.85 E436.25141
G1 X97.4 Y134.15 E442.67727
G0 F7500 X97.8 Y133.15
G0 X98.4 Y133.15
;TYPE:WALL-OUTER
G1 F1350 X121.6 Y133.15 E445.76381
G1 X121.6 Y86.85 E451.92359
G1 X98.4 Y86.85 E455.01013
G1 X98.4 Y133.15 E461.16991
G1 F1500 E454.66991
G0 F7500 X97.8 Y133.15
G0 X97.872 Y133.678
G0 X107.897 Y134.64
G0 X107.897 Y135.11
G0 X105.887 Y136.926
G0 X105.324 Y137.673
G0 X105.143 Y138.159
G0 X104.948 Y139.048
G0 X105.203 Y140.307
G0 X105.931 Y141.326
G0 X107.897 Y142.6
;TYPE:WALL-INNER
G1 F1500 E461.16991
G1 F1350 X112.102 Y142.6 E461.72934
G1 X112.863 Y142.496 E461.83153
G1 X113.152 Y142.404 E461.87188
G1 X114.164 Y141.863 E462.02454
G1 X114.429 Y141.618 E462.07256
G1 X115.099 Y140.731 E462.22045
G1 X115.251 Y140.407 E462.26806
G1 X115.46 Y139.449 E462.39851
G1 X115.517 Y139.011 E462.45727
G1 X115.261 Y137.833 E462.61765
G1 X115.074 Y137.435 E462.67616
G1 X114.447 Y136.603 E462.81476
G1 X114.12 Y136.314 E462.87282
G1 X113.126 Y135.783 E463.02275
G1 X112.84 Y135.7 E463.06237
G1 X112.101 Y135.6 E463.16158
G1 X107.9 Y135.6 E463.72048
G1 X107.144 Y135.701 E463.82196
G1 X106.86 Y135.791 E463.86159
G1 X105.871 Y136.318 E464.01068
G1 X105.545 Y136.614 E464.06926
G1 X104.926 Y137.434 E464.20595
G1 X104.711 Y137.899 E464.27411
G1 X104.689 Y138.074 E464.29757
G1 X104.478 Y139.033 E464.42821
G1 X104.546 Y139.473 E464.48744
G1 X104.77 Y140.484 E464.62521
G1 X105.03 Y140.899 E464.69036
G1 X105.59 Y141.638 E464.81372
G1 X105.843 Y141.866 E464.85903
G1 X106.846 Y142.402 E465.01033
G1 X107.133 Y142.495 E465.05046
G1 X107.897 Y142.6 E465.15306
G0 F7500 X107.884 Y142.194
G0 X107.966 Y141.6
;TYPE:WALL-OUTER
G1 F1350 X112.034 Y141.6 E465.69427
G1 X112.642 Y141.517 E465.77591
G1 X112.761 Y141.479 E465.79253
G1 X113.579 Y141.042 E465.91591
G1 X113.685 Y140.944 E465.93512
G1 X114.238 Y140.212 E466.05717
G1 X114.298 Y140.084 E466.07598
G1 X114.474 Y139.278 E466.18574
G1 X114.503 Y139.054 E466.21579
G1 X114.308 Y138.156 E466.33804
G1 X114.213 Y137.954 E466.36774
G1 X113.709 Y137.285 E466.47917
G1 X113.546 Y137.141 E466.50811
G1 X112.747 Y136.714 E466.62864
G1 X112.633 Y136.681 E466.64443
G1 X112.034 Y136.6 E466.72484
G1 X107.967 Y136.6 E467.26592
G1 X107.363 Y136.681 E467.34699
G1 X107.249 Y136.717 E467.3629
G1 X106.451 Y137.142 E467.48318
G1 X106.287 Y137.291 E467.51266
G1 X105.789 Y137.951 E467.62266
G1 X105.684 Y138.178 E467.65593
G1 X105.675 Y138.25 E467.66559
G1 X105.495 Y139.066 E467.77676
G1 X105.529 Y139.289 E467.80677
G1 X105.709 Y140.099 E467.91716
G1 X105.854 Y140.33 E467.95345
G1 X106.33 Y140.959 E468.05839
G1 X106.422 Y141.042 E468.07488
G1 X107.238 Y141.478 E468.19796
G1 X107.356 Y141.516 E468.21445
G1 X107.966 Y141.6 E468.29637
G0 F7500 X107.891 Y142.697
G1 F1500 E461.79637
G0 F7500 X114.451 Y142.266
G0 X112.86 Y140.107
G0 X114.451 Y150.665
G0 X114.451 Y147.99
G0 X128.5 Y148.5
;TYPE:WALL-INNER
G1 F1500 E468.29637
G1 F1350 X91.5 Y148.5 E473.21887
G1 X91.5 Y71.5 E483.463
G1 X128.5 Y71.5 E488.3855
G1 X128.5 Y148.5 E498.62962
G0 F7500 X128.93 Y148.93
G0 X129.5 Y149.5
;TYPE:WALL-OUTER
G1 F1350 X90.5 Y149.5 E503.8182
G1 X90.5 Y70.5 E514.3284
G1 X129.5 Y70.5 E519.51698
G1 X129.5 Y149.5 E530.02719
G0 F7500 X128.93 Y148.93
G0 X128.09 Y147.51
G0 X127.51 Y147.51
;TYPE:SKIN
G1 F1350 X92.49 Y147.51 E534.68626
G1 X92.49 Y72.49 E544.66697
G1 X127.51 Y72.49 E549.32605
G1 X127.51 Y147.51 E559.30675
G1 F1500 E552.80675
G0 F7500 X128.09 Y147.51
G0 X127.99 Y134.59
G0 X123.09 Y134.59
G1 F1500 E559.30675
G0 F7500 X123.59 Y135.14
G1 F1350 X123.59 Y84.86 E565.99603
G1 X114.025 Y84.86 E567.26856
G1 X114.703 Y84.498 E567.37081
G1 X115.189 Y84.057 E567.45812
G1 X115.928 Y83.077 E567.62142
G1 X116.252 Y82.376 E567.72416
G1 X116.286 Y82.099 E567.76129
G1 X116.528 Y80.999 E567.91113
G1 X116.427 Y80.339 E567.99996
G1 X116.159 Y79.135 E568.16406
G1 X115.786 Y78.539 E568.2576
G1 X115.142 Y77.689 E568.39948
G1 X114.729 Y77.318 E568.47334
G1 X113.542 Y76.683 E568.65243
G1 X113.089 Y76.536 E568.71579
G1 X112.171 Y76.41 E568.83907
G1 X107.831 Y76.41 E569.41647
G1 X106.918 Y76.534 E569.53905
G1 X106.461 Y76.68 E569.60287
G1 X105.258 Y77.324 E569.78441
G1 X104.834 Y77.715 E569.86114
G1 X104.049 Y78.755 E570.0345
G1 X103.806 Y79.273 E570.11062
G1 X103.564 Y80.379 E570.26124
G1 X103.479 Y81.033 E570.34898
G1 X103.795 Y82.486 E570.54681
G1 X104.074 Y83.079 E570.634
G1 X104.823 Y84.073 E570.79958
G1 X105.311 Y84.504 E570.8862
G1 X105.976 Y84.86 E570.98655
G1 X96.41 Y84.86 E572.25922
G1 X96.41 Y135.14 E578.9485
G1 X105.975 Y135.14 E580.22103
G1 X105.297 Y135.502 E580.32328
G1 X104.811 Y135.943 E580.41059
G1 X104.072 Y136.923 E580.57389
G1 X103.748 Y137.624 E580.67663
G1 X103.714 Y137.901 E580.71376
G1 X103.472 Y139.001 E580.8636
G1 X103.572 Y139.655 E580.95162
G1 X103.84 Y140.865 E581.1165
G1 X104.214 Y141.462 E581.21022
G1 X104.858 Y142.311 E581.35199
G1 X105.271 Y142.682 E581.42585
G1 X106.458 Y143.317 E581.60495
G1 X106.911 Y143.464 E581.66831
G1 X107.829 Y143.59 E581.79159
G1 X112.169 Y143.59 E582.36898
G1 X113.082 Y143.466 E582.49156
G1 X113.539 Y143.32 E582.55539
G1 X114.742 Y142.676 E582.73693
G1 X115.166 Y142.285 E582.81366
G1 X115.951 Y141.246 E582.98691
G1 X116.195 Y140.726 E583.06333
G1 X116.436 Y139.619 E583.21405
G1 X116.521 Y138.969 E583.30127
G1 X116.205 Y137.514 E583.49935
G1 X115.926 Y136.921 E583.58654
G1 X115.177 Y135.927 E583.75212
G1 X114.689 Y135.496 E583.83874
G1 X114.024 Y135.14 E583.9391
G1 X123.59 Y135.14 E585.21176
G1 F1500 E578.71176
G0 F7500 X123.01 Y134.59
G0 X119.173 Y134.62
G0 X119.173 Y131.985
G0 X123.096 Y150.665
G0 X123.096 Y147.99
G0 X125.833 Y148.09
G1 F1500 E585.21176
G0 F7500 X125.833 Y147.109
G1 F1350 X127.109 Y145.833 E585.45184
G0 F7500 X128.09 Y145.833
G0 X128.09 Y144.419
G0 X127.109 Y144.419
G1 F1350 X124.419 Y147.109 E585.95796
G0 F7500 X124.419 Y148.09
G0 X123.005 Y148.09
G0 X123.005 Y147.109
G1 F1350 X127.109 Y143.005 E586.73011
G0 F7500 X128.09 Y143.005
G0 X128.09 Y141.591
G0 X127.109 Y141.591
G1 F1350 X121.591 Y147.109 E587.76831
G0 F7500 X121.591 Y148.09
G0 X120.177 Y148.09
G0 X120.177 Y147.109
G1 F1350 X127.109 Y140.176 E589.07265
G0 F7500 X128.09 Y140.176
G0 X128.09 Y138.762
G0 X127.109 Y138.762
G1 F1350 X118.762 Y147.109 E590.64312
G0 F7500 X118.762 Y148.09
G0 X117.348 Y148.09
G0 X117.348 Y147.109
G1 F1350 X127.109 Y137.348 E592.47963
G0 F7500 X128.09 Y137.348
G0 X128.09 Y135.934
G0 X127.109 Y135.934
G1 F1350 X115.934 Y147.109 E594.58218
G0 F7500 X115.934 Y148.09
G0 X114.52 Y148.09
G0 X114.52 Y147.109
G1 F1350 X127.109 Y134.519 E596.95086
G0 F7500 X128.09 Y134.519
G0 X128.09 Y133.105
G0 X127.109 Y133.105
G1 F1350 X113.105 Y147.109 E599.58568
G0 F7500 X113.105 Y148.09
G0 X111.691 Y148.09
G0 X111.691 Y147.109
G1 F1350 X123.262 Y135.538 E601.76274
G0 F7500 X123.04 Y134.59
G0 X123.989 Y134.811
G1 F1350 X127.109 Y131.691 E602.34976
G0 F7500 X128.09 Y131.691
G0 X128.09 Y130.277
G0 X127.109 Y130.277
G1 F1350 X123.989 Y133.397 E602.93678
G0 F7500 X123.01 Y133.397
G0 X123.01 Y131.982
G0 X123.989 Y131.982
G1 F1350 X127.109 Y128.863 E603.52371
G0 F7500 X128.09 Y128.863
G0 X128.09 Y127.448
G0 X127.109 Y127.448
G1 F1350 X123.989 Y130.568 E604.11073
G0 F7500 X123.01 Y130.568
G0 X123.01 Y129.154
G0 X123.989 Y129.154
G1 F1350 X127.109 Y126.034 E604.69775
G0 F7500 X128.09 Y126.034
G0 X128.09 Y124.62
G0 X127.109 Y124.62
G1 F1350 X123.989 Y127.74 E605.28477
G0 F7500 X123.01 Y127.74
G0 X123.01 Y126.326
G0 X123.989 Y126.326
G1 F1350 X127.109 Y123.206 E605.87179
G0 F7500 X128.09 Y123.206
G0 X128.09 Y121.792
G0 X127.109 Y121.792
G1 F1350 X123.989 Y124.911 E606.45872
G0 F7500 X123.01 Y124.911
G0 X123.01 Y123.497
G0 X123.989 Y123.497
G1 F1350 X127.109 Y120.377 E607.04574
G0 F7500 X128.09 Y120.377
G0 X128.09 Y118.963
G0 X127.109 Y118.963
G1 F1350 X123.989 Y122.083 E607.63276
G0 F7500 X123.01 Y122.083
G0 X123.01 Y120.669
G0 X123.989 Y120.669
G1 F1350 X127.109 Y117.549 E608.21978
G0 F7500 X128.09 Y117.549
G0 X128.09 Y116.135
G0 X127.109 Y116.135
G1 F1350 X123.989 Y119.254 E608.80671
G0 F7500 X123.01 Y119.254
G0 X123.01 Y117.84
G0 X123.989 Y117.84
G1 F1350 X127.109 Y114.721 E609.39364
G0 F7500 X128.09 Y114.721
G0 X128.09 Y113.306
G0 X127.109 Y113.306
G1 F1350 X123.989 Y116.426 E609.98066
G0 F7500 X123.01 Y116.426
G0 X123.01 Y115.012
G0 X123.989 Y115.012
G1 F1350 X127.109 Y111.892 E610.56768
G0 F7500 X128.09 Y111.892
G0 X128.09 Y110.478
G0 X127.109 Y110.478
G1 F1350 X123.989 Y113.598 E611.1547
G0 F7500 X123.01 Y113.598
G0 X123.01 Y112.183
G0 X123.989 Y112.183
G1 F1350 X127.109 Y109.064 E611.74163
G0 F7500 X128.09 Y109.064
G0 X128.09 Y107.649
G0 X127.109 Y107.649
G1 F1350 X123.989 Y110.769 E612.32865
G0 F7500 X123.01 Y110.769
G0 X123.01 Y109.355
G0 X123.989 Y109.355
G1 F1350 X127.109 Y106.235 E612.91567
G0 F7500 X128.09 Y106.235
G0 X128.09 Y104.821
G0 X127.109 Y104.821
G1 F1350 X123.989 Y107.941 E613.50269
G0 F7500 X123.01 Y107.941
G0 X123.01 Y106.527
G0 X123.989 Y106.527
G1 F1350 X127.109 Y103.407 E614.08971
G0 F7500 X128.09 Y103.407
G0 X128.09 Y101.993
G0 X127.109 Y101.993
G1 F1350 X123.989 Y105.112 E614.67664
G0 F7500 X123.01 Y105.112
G0 X123.01 Y103.698
G0 X123.989 Y103.698
G1 F1350 X127.109 Y100.578 E615.26366
G0 F7500 X128.09 Y100.578
G0 X128.09 Y99.164
G0 X127.109 Y99.164
G1 F1350 X123.989 Y102.284 E615.85068
G0 F7500 X123.01 Y102.284
G0 X123.01 Y100.87
G0 X123.989 Y100.87
G1 F1350 X127.109 Y97.75 E616.4377
G0 F7500 X128.09 Y97.75
G0 X128.09 Y96.336
G0 X127.109 Y96.336
G1 F1350 X123.989 Y99.455 E617.02463
G0 F7500 X123.01 Y99.455
G0 X123.01 Y98.041
G0 X123.989 Y98.041
G1 F1350 X127.109 Y94.922 E617.61155
G0 F7500 X128.09 Y94.922
G0 X128.09 Y93.507
G0 X127.109 Y93.507
G1 F1350 X123.989 Y96.627 E618.19858
G0 F7500 X123.01 Y96.627
G0 X123.01 Y95.213
G0 X123.989 Y95.213
G1 F1350 X127.109 Y92.093 E618.7856
G0 F7500 X128.09 Y92.093
G0 X128.09 Y90.679
G0 X127.109 Y90.679
G1 F1350 X123.989 Y93.799 E619.37262
G0 F7500 X123.01 Y93.799
G0 X123.01 Y92.384
G0 X123.989 Y92.384
G1 F1350 X127.109 Y89.265 E619.95954
G0 F7500 X128.09 Y89.265
G0 X128.09 Y87.85
G0 X127.109 Y87.85
G1 F1350 X123.989 Y90.97 E620.54657
G0 F7500 X123.01 Y90.97
G0 X123.01 Y89.556
G0 X123.989 Y89.556
G1 F1350 X127.109 Y86.436 E621.13359
G0 F7500 X128.09 Y86.436
G0 X128.09 Y85.022
G0 X127.109 Y85.022
G1 F1350 X123.989 Y88.142 E621.72061
G0 F7500 X123.01 Y88.142
G0 X123.01 Y86.728
G0 X123.989 Y86.728
G1 F1350 X127.109 Y83.608 E622.30763
G0 F7500 X128.09 Y83.608
G0 X128.09 Y82.194
G0 X127.109 Y82.194
G1 F1350 X123.989 Y85.313 E622.89455
G0 F7500 X123.04 Y85.41
G0 X123.429 Y84.46
G1 F1350 X127.109 Y80.779 E623.58703
G0 F7500 X128.09 Y80.779
G0 X128.09 Y79.365
G0 X127.109 Y79.365
G1 F1350 X122.014 Y84.46 E624.54565
G0 F7500 X122.014 Y85.44
G0 X120.6 Y85.44
G0 X120.6 Y84.46
G1 F1350 X127.109 Y77.951 E625.7703
G0 F7500 X128.09 Y77.951
G0 X128.09 Y76.537
G0 X127.109 Y76.537
G1 F1350 X119.186 Y84.46 E627.26099
G0 F7500 X119.186 Y85.44
G0 X117.772 Y85.44
G0 X117.772 Y84.46
G1 F1350 X127.109 Y75.123 E629.01773
G0 F7500 X128.09 Y75.123
G0 X128.09 Y73.708
G0 X127.109 Y73.708
G1 F1350 X116.357 Y84.46 E631.04069
G0 F7500 X116.357 Y85.44
G0 X115.515 Y85.36
G0 X114.414 Y84.086
G0 X115.515 Y82.592
G0 X116.402 Y83.001
G1 F1350 X126.514 Y72.889 E632.94324
G0 F7500 X126.514 Y71.91
G0 X125.099 Y71.91
G0 X125.099 Y72.889
G1 F1350 X116.92 Y81.069 E634.4822
G0 F7500 X115.942 Y80.98
G0 X115.77 Y80.058
G0 X116.727 Y79.848
G1 F1350 X123.685 Y72.889 E635.79142
G0 F7500 X123.685 Y71.91
G0 X122.271 Y71.91
G0 X122.271 Y72.889
G1 F1350 X116.397 Y78.763 E636.8966
G0 F7500 X115.568 Y79.282
G0 X115.041 Y78.515
G0 X115.822 Y77.924
G1 F1350 X120.857 Y72.889 E637.84393
G0 F7500 X120.857 Y71.91
G0 X119.443 Y71.91
G0 X119.443 Y72.889
G1 F1350 X115.162 Y77.17 E638.64939
G0 F7500 X114.508 Y77.897
G0 X113.826 Y77.492
G0 X114.288 Y76.629
G1 F1350 X118.028 Y72.889 E639.35306
G0 F7500 X118.028 Y71.91
G0 X116.614 Y71.91
G0 X116.614 Y72.889
G1 F1350 X113.314 Y76.19 E639.97404
G0 F7500 X113.012 Y77.121
G0 X112.079 Y76.99
G0 X112.079 Y76.01
G1 F1350 X115.2 Y72.889 E640.56125
G0 F7500 X115.2 Y71.91
G0 X113.786 Y71.91
G0 X113.786 Y72.889
G1 F1350 X110.665 Y76.01 E641.14846
G0 F7500 X110.665 Y76.99
G0 X109.251 Y76.99
G0 X109.251 Y76.01
G1 F1350 X112.371 Y72.889 E641.73558
G0 F7500 X112.371 Y71.91
G0 X110.957 Y71.91
G0 X110.957 Y72.889
G1 F1350 X107.837 Y76.01 E642.32269
G0 F7500 X107.869 Y76.989
G0 X106.378 Y77.382
G0 X105.916 Y76.517
G1 F1350 X109.543 Y72.889 E643.0052
G0 F7500 X109.543 Y71.91
G0 X108.129 Y71.91
G0 X108.129 Y72.889
G1 F1350 X96.558 Y84.46 E645.18225
G0 F7500 X96.009 Y85.009
G1 F1350 X92.889 Y88.129 E645.76927
G0 F7500 X91.91 Y88.129
G0 X91.91 Y86.715
G0 X92.889 Y86.715
G1 F1350 X106.715 Y72.889 E648.3706
G0 F7500 X106.715 Y71.91
G0 X105.3 Y71.91
G0 X105.3 Y72.889
G1 F1350 X92.889 Y85.301 E650.7058
G0 F7500 X91.91 Y85.301
G0 X91.91 Y83.886
G0 X92.889 Y83.886
G1 F1350 X103.886 Y72.889 E652.77486
G0 F7500 X103.886 Y71.91
G0 X102.472 Y71.91
G0 X102.472 Y72.889
G1 F1350 X92.889 Y82.472 E654.57788
G0 F7500 X91.91 Y82.472
G0 X91.91 Y81.058
G0 X92.889 Y81.058
G1 F1350 X101.058 Y72.889 E656.11486
G0 F7500 X101.058 Y71.91
G0 X99.644 Y71.91
G0 X99.644 Y72.889
G1 F1350 X92.889 Y79.644 E657.3858
G0 F7500 X91.91 Y79.644
G0 X91.91 Y78.23
G0 X92.889 Y78.23
G1 F1350 X98.229 Y72.889 E658.3906
G0 F7500 X98.229 Y71.91
G0 X96.815 Y71.91
G0 X96.815 Y72.889
G1 F1350 X92.889 Y76.815 E659.12927
G0 F7500 X91.91 Y76.815
G0 X91.91 Y75.401
G0 X92.889 Y75.401
G1 F1350 X95.401 Y72.889 E659.6019
G0 F7500 X95.401 Y71.91
G0 X93.987 Y71.91
G0 X93.987 Y72.889
G1 F1350 X92.889 Y73.987 E659.80848
G1 F1500 E653.30848
G0 F7500 X91.91 Y73.987
G0 X92.01 Y85.44
G0 X96.91 Y85.44
G0 X97.973 Y85.44
G1 F1500 E659.80848
G0 F7500 X97.973 Y84.46
G1 F1350 X103.542 Y78.891 E660.85628
G0 F7500 X104.429 Y79.308
G0 X104.086 Y80.859
G0 X103.113 Y80.734
G1 F1350 X99.387 Y84.46 E661.55732
G0 F7500 X99.387 Y85.44
G0 X100.801 Y85.44
G0 X100.801 Y84.46
G1 F1350 X103.275 Y81.986 E662.02279
G0 F7500 X104.235 Y81.778
G0 X104.508 Y82.64
G0 X103.619 Y83.056
G1 F1350 X102.215 Y84.46 E662.28695
G0 F7500 X102.215 Y85.44
G0 X103.63 Y85.44
G0 X103.63 Y84.46
G1 F1350 X104.19 Y83.899 E662.39241
G1 F1500 E655.89241
G0 F7500 X104.973 Y83.309
G0 X104.504 Y82.82
G0 X104.504 Y85.36
G0 X96.99 Y86.424
G1 F1500 E662.39241
G0 F7500 X96.009 Y86.424
G1 F1350 X92.889 Y89.543 E662.97934
G0 F7500 X91.91 Y89.543
G0 X91.91 Y90.957
G0 X92.889 Y90.957
G1 F1350 X96.009 Y87.838 E663.56626
G0 F7500 X96.99 Y87.838
G0 X96.99 Y89.252
G0 X96.009 Y89.252
G1 F1350 X92.889 Y92.372 E664.15328
G0 F7500 X91.91 Y92.372
G0 X91.91 Y93.786
G0 X92.889 Y93.786
G1 F1350 X96.009 Y90.666 E664.7403
G0 F7500 X96.99 Y90.666
G0 X96.99 Y92.08
G0 X96.009 Y92.08
G1 F1350 X92.889 Y95.2 E665.32733
G0 F7500 X91.91 Y95.2
G0 X91.91 Y96.614
G0 X92.889 Y96.614
G1 F1350 X96.009 Y93.495 E665.91425
G0 F7500 X96.99 Y93.495
G0 X96.99 Y94.909
G0 X96.009 Y94.909
G1 F1350 X92.889 Y98.029 E666.50127
G0 F7500 X91.91 Y98.029
G0 X91.91 Y99.443
G0 X92.889 Y99.443
G1 F1350 X96.009 Y96.323 E667.08829
G0 F7500 X96.99 Y96.323
G0 X96.99 Y97.737
G0 X96.009 Y97.737
G1 F1350 X92.889 Y100.857 E667.67532
G0 F7500 X91.91 Y100.857
G0 X91.91 Y102.271
G0 X92.889 Y102.271
G1 F1350 X96.009 Y99.151 E668.26234
G0 F7500 X96.99 Y99.151
G0 X96.99 Y100.566
G0 X96.009 Y100.566
G1 F1350 X92.889 Y103.685 E668.84926
G0 F7500 X91.91 Y103.685
G0 X91.91 Y105.1
G0 X92.889 Y105.1
G1 F1350 X96.009 Y101.98 E669.43628
G0 F7500 X96.99 Y101.98
G0 X96.99 Y103.394
G0 X96.009 Y103.394
G1 F1350 X92.889 Y106.514 E670.02331
G0 F7500 X91.91 Y106.514
G0 X91.91 Y107.928
G0 X92.889 Y107.928
G1 F1350 X96.009 Y104.808 E670.61033
G0 F7500 X96.99 Y104.808
G0 X96.99 Y106.222
G0 X96.009 Y106.222
G1 F1350 X92.889 Y109.342 E671.19735
G0 F7500 X91.91 Y109.342
G0 X91.91 Y110.756
G0 X92.889 Y110.756
G1 F1350 X96.009 Y107.637 E671.78427
G0 F7500 X96.99 Y107.637
G0 X96.99 Y109.051
G0 X96.009 Y109.051
G1 F1350 X92.889 Y112.171 E672.37129
G0 F7500 X91.91 Y112.171
G0 X91.91 Y113.585
G0 X92.889 Y113.585
G1 F1350 X96.009 Y110.465 E672.95832
G0 F7500 X96.99 Y110.465
G0 X96.99 Y111.879
G0 X96.009 Y111.879
G1 F1350 X92.889 Y114.999 E673.54534
G0 F7500 X91.91 Y114.999
G0 X91.91 Y116.413
G0 X92.889 Y116.413
G1 F1350 X96.009 Y113.294 E674.13226
G0 F7500 X96.99 Y113.294
G0 X96.99 Y114.708
G0 X96.009 Y114.708
G1 F1350 X92.889 Y117.828 E674.71928
G0 F7500 X91.91 Y117.828
G0 X91.91 Y119.242
G0 X92.889 Y119.242
G1 F1350 X96.009 Y116.122 E675.30631
G0 F7500 X96.99 Y116.122
G0 X96.99 Y117.536
G0 X96.009 Y117.536
G1 F1350 X92.889 Y120.656 E675.89333
G0 F7500 X91.91 Y120.656
G0 X91.91 Y122.07
G0 X92.889 Y122.07
G1 F1350 X96.009 Y118.95 E676.48035
G0 F7500 X96.99 Y118.95
G0 X96.99 Y120.365
G0 X96.009 Y120.365
G1 F1350 X92.889 Y123.484 E677.06727
G0 F7500 X91.91 Y123.484
G0 X91.91 Y124.899
G0 X92.889 Y124.899
G1 F1350 X96.009 Y121.779 E677.6543
G0 F7500 X96.99 Y121.779
G0 X96.99 Y123.193
G0 X96.009 Y123.193
G1 F1350 X92.889 Y126.313 E678.24132
G0 F7500 X91.91 Y126.313
G0 X91.91 Y127.727
G0 X92.889 Y127.727
G1 F1350 X96.009 Y124.607 E678.82834
G0 F7500 X96.99 Y124.607
G0 X96.99 Y126.021
G0 X96.009 Y126.021
G1 F1350 X92.889 Y129.141 E679.41536
G0 F7500 X91.91 Y129.141
G0 X91.91 Y130.555
G0 X92.889 Y130.555
G1 F1350 X96.009 Y127.436 E680.00228
G0 F7500 X96.99 Y127.436
G0 X96.99 Y128.85
G0 X96.009 Y128.85
G1 F1350 X92.889 Y131.97 E680.58931
G0 F7500 X91.91 Y131.97
G0 X91.91 Y133.384
G0 X92.889 Y133.384
G1 F1350 X96.009 Y130.264 E681.17633
G0 F7500 X96.99 Y130.264
G0 X96.99 Y131.678
G0 X96.009 Y131.678
G1 F1350 X92.889 Y134.798 E681.76335
G0 F7500 X91.91 Y134.798
G0 X91.91 Y136.212
G0 X92.889 Y136.212
G1 F1350 X96.009 Y133.093 E682.35027
G0 F7500 X96.99 Y133.093
G0 X96.99 Y134.507
G0 X96.009 Y134.507
G1 F1350 X92.889 Y137.627 E682.9373
G0 F7500 X91.91 Y137.627
G0 X91.91 Y139.041
G0 X92.889 Y139.041
G1 F1350 X96.392 Y135.538 E683.59638
G0 F7500 X96.96 Y134.59
G0 X97.806 Y134.56
G0 X97.806 Y135.538
G1 F1350 X92.889 Y140.455 E684.5215
G0 F7500 X91.91 Y140.455
G0 X91.91 Y141.869
G0 X92.889 Y141.869
G1 F1350 X99.22 Y135.538 E685.71266
G0 F7500 X99.22 Y134.56
G0 X100.634 Y134.56
G0 X100.634 Y135.538
G1 F1350 X92.889 Y143.283 E687.16987
G0 F7500 X91.91 Y143.283
G0 X91.91 Y144.698
G0 X92.889 Y144.698
G1 F1350 X102.048 Y135.538 E688.89321
G0 F7500 X102.048 Y134.56
G0 X103.463 Y134.56
G0 X103.463 Y135.538
G1 F1350 X92.889 Y146.112 E690.88268
G0 F7500 X91.91 Y146.112
G0 X91.982 Y148.018
G0 X93.306 Y148.09
G0 X93.306 Y147.109
G1 F1350 X103.808 Y136.607 E692.85861
G0 F7500 X104.589 Y137.198
G0 X104.083 Y138.912
G0 X103.128 Y138.701
G1 F1350 X94.721 Y147.109 E694.44046
G0 F7500 X94.721 Y148.09
G0 X96.135 Y148.09
G0 X96.135 Y147.109
G1 F1350 X103.239 Y140.005 E695.77706
G0 F7500 X104.197 Y139.794
G0 X104.383 Y140.643
G0 X103.531 Y141.127
G1 F1350 X97.549 Y147.109 E696.90256
G0 F7500 X97.549 Y148.09
G0 X98.963 Y148.09
G0 X98.963 Y147.109
G1 F1350 X104.099 Y141.973 E697.86889
G0 F7500 X104.881 Y141.382
G0 X105.397 Y142.017
G0 X104.743 Y142.744
G1 F1350 X100.378 Y147.109 E698.69015
G0 F7500 X100.378 Y148.09
G0 X101.792 Y148.09
G0 X101.792 Y147.109
G1 F1350 X105.594 Y143.307 E699.40549
G0 F7500 X106.056 Y142.445
G0 X106.851 Y142.835
G0 X106.549 Y143.766
G1 F1350 X103.206 Y147.109 E700.03447
G0 F7500 X103.206 Y148.09
G0 X104.62 Y148.09
G0 X104.62 Y147.109
G1 F1350 X107.748 Y143.981 E700.62299
G0 F7500 X107.868 Y143.011
G0 X109.155 Y143.01
G0 X109.155 Y143.988
G1 F1350 X106.034 Y147.109 E701.2102
G0 F7500 X106.034 Y148.09
G0 X107.449 Y148.09
G0 X107.449 Y147.109
G1 F1350 X110.569 Y143.988 E701.79732
G0 F7500 X110.569 Y143.01
G0 X111.983 Y143.01
G0 X111.983 Y143.988
G1 F1350 X108.863 Y147.109 E702.38443
G0 F7500 X108.863 Y148.09
G0 X110.277 Y148.09
G0 X110.277 Y147.109
G1 F1350 X113.7 Y143.686 E703.02846
G0 F7500 X113.313 Y142.784
G0 X115.643 Y140.54
G0 X116.588 Y140.798
G1 F1350 X121.847 Y135.538 E704.01803
G0 F7500 X121.847 Y134.56
G0 X120.433 Y134.56
G0 X120.433 Y135.538
G1 F1350 X116.913 Y139.058 E704.68031
G0 F7500 X115.935 Y138.993
G0 X115.733 Y138.074
G0 X116.692 Y137.866
G1 F1350 X119.019 Y135.538 E705.11822
G0 F7500 X119.019 Y134.56
G0 X117.605 Y134.56
G0 X117.605 Y135.538
G1 F1350 X116.322 Y136.821 E705.35961
G0 F7500 X115.428 Y137.221
G0 X114.949 Y136.587
G0 X115.732 Y135.997
G1 F1350 X116.191 Y135.538 E705.44597
G1 F1500 E698.94597
G0 F7500 X116.191 Y134.56
G0 X113.464 Y134.64
G0 X113.274 Y135.295
G0 X113.464 Y135.499
G1 F1500 E705.44597
G0 F7500 X113.54 Y135.36
;TYPE:SKIN
G1 F1350 X113.417 Y135.484 E705.45759
G0 F7500 X112.891 Y135.302
G1 F1350 X113.645 Y134.548 E705.52852
G0 F7500 X112.938 Y134.548
G1 F1350 X112.268 Y135.218 E705.59155
G0 F7500 X112.231 Y134.548
G1 F1350 X111.58 Y135.199 E705.6528
G0 F7500 X111.524 Y134.548
G1 F1350 X110.873 Y135.199 E705.71404
G0 F7500 X110.817 Y134.548
G1 F1350 X110.166 Y135.199 E705.77528
G0 F7500 X110.109 Y134.548
G1 F1350 X109.459 Y135.199 E705.83647
G0 F7500 X109.402 Y134.548
G1 F1350 X108.752 Y135.199 E705.89767
G0 F7500 X108.695 Y134.548
G1 F1350 X108.045 Y135.199 E705.95886
G0 F7500 X107.988 Y134.548
G1 F1350 X107.256 Y135.281 E706.02777
G0 F7500 X107.281 Y134.548
G1 F1350 X106.46 Y135.369 E706.10501
G0 F7500 X106.319 Y134.804
G1 F1350 X106.574 Y134.548 E706.12904
G1 F1500 E699.62904
G0 F7500 X97.872 Y133.678
G0 X97.872 Y86.322
G0 X106.882 Y85.45
G1 F1500 E706.12904
G1 F1350 X107.573 Y84.759 E706.19405
G0 F7500 X106.965 Y84.66
G1 F1350 X106.282 Y85.343 E706.2583
G0 F7500 X106.282 Y85.44
G0 X107.589 Y85.45
G1 F1350 X108.24 Y84.799 E706.31954
G0 F7500 X108.296 Y85.45
G1 F1350 X108.947 Y84.799 E706.38079
G0 F7500 X109.004 Y85.45
G1 F1350 X109.654 Y84.799 E706.44198
G0 F7500 X109.711 Y85.45
G1 F1350 X110.361 Y84.799 E706.50318
G0 F7500 X110.418 Y85.45
G1 F1350 X111.068 Y84.799 E706.56437
G0 F7500 X111.125 Y85.45
G1 F1350 X111.775 Y84.799 E706.62557
G0 F7500 X111.832 Y85.45
G1 F1350 X112.537 Y84.745 E706.69189
G0 F7500 X112.539 Y85.45
G1 F1350 X113.503 Y84.486 E706.78258
G0 F7500 X113.644 Y85.052
G1 F1350 X113.246 Y85.45 E706.82002
G0 F7500 X113.246 Y85.35
G1 F1500 E700.32002
;MESH:NONMESH
G0 F300 X113.246 Y85.35 Z0.96
G0 F7500 X113.246 Y85.44
G0 X106.871 Y85.36
G0 X107.041 Y84.776
G0 X106.871 Y84.218
;TIME_ELAPSED:359.586499
;LAYER:2
M106 S255
;TYPE:WALL-INNER
;MESH:placchetta pulsante plana o comune.stl
G1 F1500 E706.82002
G1 X107.175 Y84.302 E706.86198
G1 X107.775 Y84.385 E706.94256
G1 X107.927 Y84.4 E706.96288
G1 X112.062 Y84.4 E707.513
G1 X112.214 Y84.387 E707.5333
G1 X112.832 Y84.302 E707.61629
G1 X113.135 Y84.215 E707.65823
G1 X114.126 Y83.686 E707.80768
G1 X114.475 Y83.363 E707.87095
G1 X115.064 Y82.583 E708.00098
G1 X115.282 Y82.112 E708.07003
G1 X115.323 Y81.867 E708.10308
G1 X115.521 Y80.969 E708.22542
G1 X115.43 Y80.376 E708.30524
G1 X115.408 Y80.323 E708.31287
G1 X115.232 Y79.529 E708.42107
G1 X114.934 Y79.03 E708.49839
G1 X114.869 Y78.968 E708.51035
G1 X114.357 Y78.293 E708.62306
G1 X113.989 Y78.041 E708.6824
G1 X113.137 Y77.587 E708.81084
G1 X112.715 Y77.485 E708.8686
G1 X112.105 Y77.4 E708.95053
G1 X107.927 Y77.4 E709.50638
G1 X107.765 Y77.416 E709.52804
G1 X107.134 Y77.503 E709.61278
G1 X106.824 Y77.606 E709.65624
G1 X105.857 Y78.124 E709.80218
G1 X105.57 Y78.379 E709.85326
G1 X104.911 Y79.252 E709.99878
G1 X104.741 Y79.621 E710.05283
G1 X104.547 Y80.509 E710.17376
G1 X104.483 Y80.997 E710.23924
G1 X104.705 Y82.012 E710.37747
G1 X104.907 Y82.547 E710.45355
G1 X105.532 Y83.372 E710.59125
G1 X105.884 Y83.691 E710.65445
G1 X106.871 Y84.218 E710.8033
G0 F9000 X107.084 Y83.861
G0 X107.245 Y83.284
;TYPE:WALL-OUTER
G1 F1500 X107.378 Y83.321 E710.82167
G1 X107.891 Y83.392 E710.89057
G1 X107.975 Y83.4 E710.9018
G1 X112.02 Y83.4 E711.43994
G1 X112.104 Y83.393 E711.45116
G1 X112.625 Y83.321 E711.52113
G1 X112.758 Y83.283 E711.53953
G1 X113.541 Y82.865 E711.65762
G1 X113.73 Y82.69 E711.69189
G1 X114.202 Y82.065 E711.79609
G1 X114.318 Y81.815 E711.83275
G1 X114.341 Y81.676 E711.8515
G1 X114.504 Y80.936 E711.95231
G1 X114.46 Y80.65 E711.9908
G1 X114.452 Y80.631 E711.99355
G1 X114.291 Y79.903 E712.09274
G1 X114.145 Y79.659 E712.13057
G1 X114.12 Y79.635 E712.13518
G1 X113.659 Y79.027 E712.23669
G1 X113.47 Y78.898 E712.26713
G1 X112.779 Y78.529 E712.37135
G1 X112.529 Y78.469 E712.40556
G1 X112.035 Y78.4 E712.47192
G1 X107.975 Y78.4 E713.01206
G1 X107.882 Y78.409 E713.02449
G1 X107.362 Y78.481 E713.09433
G1 X107.22 Y78.528 E713.11423
G1 X106.433 Y78.95 E713.23304
G1 X106.308 Y79.061 E713.25528
G1 X105.774 Y79.768 E713.37315
G1 X105.695 Y79.94 E713.39833
G1 X105.533 Y80.681 E713.49925
G1 X105.497 Y80.954 E713.53588
G1 X105.666 Y81.727 E713.64115
G1 X105.791 Y82.058 E713.68822
G1 X106.273 Y82.694 E713.79439
G1 X106.464 Y82.867 E713.82867
G1 X107.245 Y83.284 E713.94646
G0 F9000 X106.837 Y84.305
G1 F1500 E707.44646
G0 F9000 X97.872 Y86.322
G0 X97.4 Y134.15
;TYPE:WALL-INNER
G1 F1500 E713.94646
G1 X122.6 Y134.15 E717.29908
G1 X122.6 Y85.85 E723.72494
G1 X97.4 Y85.85 E727.07756
G1 X97.4 Y134.15 E733.50342
G0 F9000 X97.8 Y133.15
G0 X98.4 Y133.15
;TYPE:WALL-OUTER
G1 F1500 X121.6 Y133.15 E736.58996
G1 X121.6 Y86.85 E742.74974
G1 X98.4 Y86.85 E745.83628
G1 X98.4 Y133.15 E751.99606
G0 F9000 X97.8 Y133.15
G0 X97.864 Y133.625
G0 X106.863 Y142.413
;TYPE:WALL-INNER
G1 F1500 X107.285 Y142.515 E752.05382
G1 X107.895 Y142.6 E752.13575
G1 X112.073 Y142.6 E752.6916
G1 X112.235 Y142.584 E752.71326
G1 X112.866 Y142.497 E752.798
G1 X113.176 Y142.394 E752.84146
G1 X114.143 Y141.876 E752.9874
G1 X114.43 Y141.621 E753.03848
G1 X115.089 Y140.748 E753.184
G1 X115.259 Y140.379 E753.23805
G1 X115.453 Y139.491 E753.35898
G1 X115.517 Y139.003 E753.42446
G1 X115.294 Y137.985 E753.5631
G1 X115.093 Y137.453 E753.63877
G1 X114.468 Y136.628 E753.77646
G1 X114.116 Y136.309 E753.83966
G1 X113.129 Y135.782 E753.98852
G1 X112.825 Y135.698 E754.03048
G1 X112.225 Y135.615 E754.11107
G1 X112.073 Y135.6 E754.13139
G1 X107.938 Y135.6 E754.68151
G1 X107.786 Y135.613 E754.7018
G1 X107.168 Y135.698 E754.7848
G1 X106.865 Y135.785 E754.82674
G1 X105.874 Y136.314 E754.97619
G1 X105.525 Y136.637 E755.03945
G1 X104.936 Y137.417 E755.16949
G1 X104.718 Y137.888 E755.23854
G1 X104.677 Y138.133 E755.27158
G1 X104.479 Y139.031 E755.39393
G1 X104.57 Y139.624 E755.47374
G1 X104.592 Y139.677 E755.48138
G1 X104.768 Y140.471 E755.58957
G1 X105.066 Y140.97 E755.6669
G1 X105.131 Y141.032 E755.67885
G1 X105.643 Y141.707 E755.79156
G1 X106.011 Y141.959 E755.8509
G1 X106.863 Y142.413 E755.97934
G0 F9000 X107.08 Y142.053
G0 X107.221 Y141.471
;TYPE:WALL-OUTER
G1 F1500 X107.471 Y141.531 E756.01354
G1 X107.965 Y141.6 E756.0799
G1 X112.025 Y141.6 E756.62005
G1 X112.118 Y141.591 E756.63248
G1 X112.638 Y141.519 E756.70232
G1 X112.78 Y141.472 E756.72222
G1 X113.567 Y141.05 E756.84103
G1 X113.692 Y140.939 E756.86327
G1 X114.226 Y140.232 E756.98114
G1 X114.305 Y140.06 E757.00632
G1 X114.467 Y139.319 E757.10723
G1 X114.503 Y139.046 E757.14387
G1 X114.333 Y138.27 E757.24956
G1 X114.209 Y137.942 E757.29621
G1 X113.727 Y137.306 E757.40238
G1 X113.536 Y137.133 E757.43666
G1 X112.755 Y136.716 E757.55445
G1 X112.622 Y136.679 E757.57281
G1 X112.109 Y136.608 E757.64171
G1 X112.025 Y136.6 E757.65294
G1 X107.98 Y136.6 E758.19109
G1 X107.896 Y136.607 E758.2023
G1 X107.375 Y136.679 E758.27228
G1 X107.242 Y136.717 E758.29068
G1 X106.459 Y137.135 E758.40876
G1 X106.27 Y137.31 E758.44303
G1 X105.798 Y137.935 E758.54723
G1 X105.682 Y138.185 E758.5839
G1 X105.659 Y138.324 E758.60264
G1 X105.496 Y139.064 E758.70345
G1 X105.54 Y139.35 E758.74195
G1 X105.548 Y139.369 E758.74469
G1 X105.709 Y140.097 E758.84388
G1 X105.855 Y140.341 E758.88171
G1 X105.88 Y140.365 E758.88632
G1 X106.341 Y140.973 E758.98784
G1 X106.53 Y141.102 E759.01828
G1 X107.221 Y141.471 E759.1225
G0 F9000 X106.831 Y142.499
G0 X128.5 Y148.5
;TYPE:WALL-INNER
G1 F1500 X91.5 Y148.5 E764.045
G1 X91.5 Y71.5 E774.28912
G1 X128.5 Y71.5 E779.21162
G1 X128.5 Y148.5 E789.45574
G0 F9000 X128.93 Y148.93
G0 X129.5 Y149.5
;TYPE:WALL-OUTER
G1 F1500 X90.5 Y149.5 E794.64432
G1 X90.5 Y70.5 E805.15452
G1 X129.5 Y70.5 E810.3431
G1 X129.5 Y149.5 E820.85331
G0 F9000 X128.93 Y148.93
G0 X128.045 Y148.299
;TYPE:FILL
G1 F3000 X114.095 Y134.349 E823.47797
G0 F9000 X118.301 Y134.349
G1 F3000 X114.563 Y148.3 E825.39949
G0 F9000 X106.831 Y148.299
G1 F3000 X91.699 Y133.167 E828.24654
G0 F9000 X91.699 Y131.133
G1 F3000 X97.198 Y129.66 E829.00392
G0 F9000 X97.872 Y133.678
G0 X102.772 Y134.348
G1 F3000 X99.034 Y148.3 E830.92557
G0 F9000 X91.699 Y146.662
G1 F3000 X106.827 Y142.609 E833.00918
G0 F9000 X112.761 Y142.046
G0 X113.765 Y141.551
G0 X115.483 Y140.289
G1 F3000 X128.298 Y136.856 E834.77421
G0 F9000 X128.299 Y127.34
G1 F3000 X122.799 Y121.84 E835.80903
G0 F9000 X122.8 Y122.8
G1 F3000 X128.298 Y121.327 E836.56628
G0 F9000 X122.8 Y117.561
G1 F3000 X128.299 Y97.037 E839.39311
G0 F9000 X122.799 Y100.627
G1 F3000 X128.299 Y106.127 E840.42792
G0 F9000 X128.299 Y105.797
G1 F3000 X122.8 Y107.271 E841.18534
G0 F9000 X122.799 Y91.742
G1 F3000 X128.298 Y90.268 E841.94276
G0 F9000 X128.299 Y84.914
G1 F3000 X115.085 Y71.699 E844.42904
G0 F9000 X119.559 Y71.699
G1 F3000 X115.821 Y85.65 E846.35055
G0 F9000 X114.679 Y78.388
G1 F3000 X128.298 Y74.739 E848.22634
G0 F9000 X113.856 Y83.308
G0 X113.132 Y83.695
G0 X107.821 Y85.649
G1 F3000 X106.326 Y84.154 E848.50762
G0 F9000 X104.677 Y82.505
G1 F3000 X93.871 Y71.699 E850.54075
G0 F9000 X104.03 Y71.699
G1 F3000 X100.292 Y85.65 E852.46226
G0 F9000 X104.314 Y81.166
G1 F3000 X91.699 Y84.546 E854.19977
G0 F9000 X91.699 Y90.74
G1 F3000 X97.199 Y96.24 E855.23458
G0 F9000 X97.199 Y97.193
G1 F3000 X91.699 Y117.718 E858.06158
G0 F9000 X91.7 Y115.604
G1 F3000 X97.199 Y114.13 E858.81899
G0 F9000 X97.199 Y117.453
G1 F3000 X91.699 Y111.954 E859.85371
G0 F9000 X91.699 Y100.075
G1 F3000 X97.199 Y98.601 E860.61126
G0 F9000 X97.872 Y86.322
G0 X106.647 Y85.434
G0 X106.466 Y85.253
;TYPE:SKIN
G1 F1500 X106.891 Y84.97 E860.65725
G1 X109.873 Y85.124 E860.92622
G1 X113.347 Y85.063 E861.2392
G1 X113.541 Y84.55 E861.2886
G1 F1500 E854.7886
G0 F9000 X113.594 Y84.603
G0 X122.128 Y86.322
G0 X122.128 Y133.678
G0 X113.351 Y134.564
G0 X113.532 Y134.745
G1 F1500 E861.2886
G1 X113.107 Y135.028 E861.3346
G1 X110.125 Y134.873 E861.60361
G1 X106.651 Y134.935 E861.91663
G1 X106.457 Y135.449 E861.96612
G0 F9000 X106.404 Y135.396
G1 F1500 E855.46612
;MESH:NONMESH
G0 F300 X106.404 Y135.396 Z1.28
G0 F9000 X97.872 Y133.678
G0 X97.872 Y86.322
G0 X112.868 Y84.298
;TIME_ELAPSED:414.590340
;LAYER:3
;TYPE:WALL-INNER
;MESH:placchetta pulsante plana o comune.stl
G1 F1500 E861.96612
G1 X113.286 Y84.137 E862.02572
G1 X114.101 Y83.702 E862.14862
G1 X114.483 Y83.356 E862.21719
G1 X115.058 Y82.596 E862.34398
G1 X115.294 Y82.079 E862.41959
G1 X115.33 Y81.833 E862.45267
G1 X115.521 Y80.968 E862.57052
G1 X115.424 Y80.345 E862.6544
G1 X115.401 Y80.288 E862.66258
G1 X115.229 Y79.516 E862.7678
G1 X114.913 Y79.005 E862.84774
G1 X114.848 Y78.94 E862.85997
G1 X114.355 Y78.29 E862.9685
G1 X113.961 Y78.023 E863.03182
G1 X113.148 Y77.59 E863.15437
G1 X112.67 Y77.479 E863.21965
G1 X112.103 Y77.4 E863.29582
G1 X107.918 Y77.4 E863.85259
G1 X107.733 Y77.42 E863.87735
G1 X107.105 Y77.506 E863.96168
G1 X106.668 Y77.689 E864.02471
G1 X105.89 Y78.105 E864.14208
G1 X105.558 Y78.391 E864.20038
G1 X104.917 Y79.241 E864.34201
G1 X104.737 Y79.635 E864.39964
G1 X104.554 Y80.468 E864.51311
G1 X104.482 Y81.004 E864.58506
G1 X104.684 Y81.914 E864.70907
G1 X104.8 Y82.342 E864.76807
G1 X104.972 Y82.635 E864.81327
G1 X105.517 Y83.356 E864.93351
G1 X105.901 Y83.702 E865.00228
G1 X106.857 Y84.212 E865.14643
G1 X107.177 Y84.303 E865.19069
G1 X107.755 Y84.383 E865.26832
G1 X107.927 Y84.4 E865.29132
G1 X112.066 Y84.4 E865.84197
G1 X112.237 Y84.385 E865.86481
G1 X112.868 Y84.298 E865.94955
G0 F9000 X112.829 Y83.883
G0 X112.617 Y83.323
;TYPE:WALL-OUTER
G1 F1500 X112.87 Y83.226 E865.9856
G1 X113.521 Y82.878 E866.08381
G1 X113.742 Y82.678 E866.12346
G1 X114.194 Y82.08 E866.22319
G1 X114.326 Y81.792 E866.26534
G1 X114.348 Y81.643 E866.28538
G1 X114.504 Y80.936 E866.3817
G1 X114.454 Y80.614 E866.42505
G1 X114.443 Y80.587 E866.42893
G1 X114.29 Y79.898 E866.52283
G1 X114.124 Y79.63 E866.56477
G1 X114.093 Y79.599 E866.5706
G1 X113.658 Y79.026 E866.66631
G1 X113.444 Y78.881 E866.7007
G1 X112.793 Y78.534 E866.79885
G1 X112.488 Y78.463 E866.84051
G1 X112.034 Y78.4 E866.90149
G1 X107.973 Y78.4 E867.44177
G1 X107.856 Y78.413 E867.45743
G1 X107.37 Y78.479 E867.52268
G1 X107.098 Y78.593 E867.56192
G1 X106.459 Y78.935 E867.65834
G1 X106.292 Y79.079 E867.68768
G1 X105.781 Y79.756 E867.80052
G1 X105.691 Y79.953 E867.82934
G1 X105.54 Y80.642 E867.92318
G1 X105.497 Y80.961 E867.966
G1 X105.655 Y81.675 E868.06329
G1 X105.73 Y81.951 E868.10134
G1 X105.805 Y82.079 E868.12108
G1 X106.257 Y82.677 E868.22081
G1 X106.479 Y82.877 E868.26056
G1 X107.233 Y83.279 E868.37424
G1 X107.384 Y83.322 E868.39513
G1 X107.872 Y83.39 E868.46068
G1 X107.975 Y83.4 E868.47444
G1 X112.022 Y83.4 E869.01286
G1 X112.125 Y83.391 E869.02661
G1 X112.617 Y83.323 E869.09269
G0 F9000 X112.891 Y84.388
G1 F1500 E862.59269
G0 F9000 X97.872 Y86.322
G0 X97.4 Y134.15
;TYPE:WALL-INNER
G1 F1500 E869.09269
G1 X122.6 Y134.15 E872.44531
G1 X122.6 Y85.85 E878.87117
G1 X97.4 Y85.85 E882.22379
G1 X97.4 Y134.15 E888.64965
G0 F9000 X97.8 Y133.15
G0 X98.4 Y133.15
;TYPE:WALL-OUTER
G1 F1500 X121.6 Y133.15 E891.73619
G1 X121.6 Y86.85 E897.89597
G1 X98.4 Y86.85 E900.98251
G1 X98.4 Y133.15 E907.14229
G0 F9000 X97.8 Y133.15
G0 X97.872 Y133.678
G0 X105.966 Y141.371
G0 X107.016 Y141.975
G0 X107.754 Y142.107
G0 X112.895 Y142.494
;TYPE:WALL-INNER
G1 F1500 X113.332 Y142.311 E907.20532
G1 X114.11 Y141.895 E907.32269
G1 X114.442 Y141.609 E907.38099
G1 X115.083 Y140.759 E907.52262
G1 X115.263 Y140.365 E907.58025
G1 X115.446 Y139.532 E907.69372
G1 X115.518 Y138.997 E907.76554
G1 X115.315 Y138.079 E907.89062
G1 X115.2 Y137.657 E907.94881
G1 X115.028 Y137.365 E907.9939
G1 X114.483 Y136.644 E908.11414
G1 X114.099 Y136.298 E908.18291
G1 X113.143 Y135.788 E908.32706
G1 X112.823 Y135.697 E908.37132
G1 X112.245 Y135.617 E908.44895
G1 X112.073 Y135.6 E908.47195
G1 X107.934 Y135.6 E909.0226
G1 X107.763 Y135.615 E909.04544
G1 X107.132 Y135.702 E909.13018
G1 X106.714 Y135.863 E909.18977
G1 X105.899 Y136.298 E909.31268
G1 X105.517 Y136.644 E909.38125
G1 X104.942 Y137.404 E909.50804
G1 X104.706 Y137.921 E909.58365
G1 X104.67 Y138.167 E909.61672
G1 X104.479 Y139.032 E909.73458
G1 X104.576 Y139.655 E909.81846
G1 X104.599 Y139.712 E909.82664
G1 X104.771 Y140.484 E909.93186
G1 X105.087 Y140.995 E910.01179
G1 X105.152 Y141.06 E910.02402
G1 X105.645 Y141.71 E910.13256
G1 X106.039 Y141.977 E910.19588
G1 X106.852 Y142.41 E910.31843
G1 X107.33 Y142.521 E910.38371
G1 X107.897 Y142.6 E910.45987
G1 X112.082 Y142.6 E911.01665
G1 X112.267 Y142.58 E911.0414
G1 X112.895 Y142.494 E911.12573
G0 F9000 X112.709 Y142.116
G0 X112.63 Y141.521
;TYPE:WALL-OUTER
G1 F1500 X112.902 Y141.407 E911.16497
G1 X113.541 Y141.065 E911.26139
G1 X113.708 Y140.921 E911.29073
G1 X114.219 Y140.244 E911.40358
G1 X114.309 Y140.047 E911.43239
G1 X114.46 Y139.358 E911.52623
G1 X114.503 Y139.039 E911.56906
G1 X114.344 Y138.319 E911.66715
G1 X114.27 Y138.049 E911.7044
G1 X114.195 Y137.921 E911.72414
G1 X113.743 Y137.323 E911.82386
G1 X113.521 Y137.123 E911.86362
G1 X112.767 Y136.721 E911.9773
G1 X112.616 Y136.678 E911.99818
G1 X112.128 Y136.61 E912.06373
G1 X112.025 Y136.6 E912.0775
G1 X107.978 Y136.6 E912.61592
G1 X107.875 Y136.609 E912.62967
G1 X107.383 Y136.677 E912.69575
G1 X107.13 Y136.774 E912.7318
G1 X106.479 Y137.122 E912.83001
G1 X106.258 Y137.322 E912.86966
G1 X105.806 Y137.92 E912.96939
G1 X105.674 Y138.208 E913.01154
G1 X105.652 Y138.357 E913.03157
G1 X105.496 Y139.064 E913.1279
G1 X105.546 Y139.386 E913.17125
G1 X105.557 Y139.413 E913.17513
G1 X105.71 Y140.102 E913.26903
G1 X105.876 Y140.37 E913.31097
G1 X105.907 Y140.401 E913.3168
G1 X106.342 Y140.974 E913.41251
G1 X106.556 Y141.119 E913.4469
G1 X107.207 Y141.466 E913.54505
G1 X107.512 Y141.537 E913.58671
G1 X107.966 Y141.6 E913.64769
G1 X112.027 Y141.6 E914.18796
G1 X112.144 Y141.587 E914.20363
G1 X112.63 Y141.521 E914.26888
G0 F9000 X112.919 Y142.582
G0 X128.5 Y148.5
;TYPE:WALL-INNER
G1 F1500 X91.5 Y148.5 E919.19138
G1 X91.5 Y71.5 E929.4355
G1 X128.5 Y71.5 E934.358
G1 X128.5 Y148.5 E944.60212
G0 F9000 X128.93 Y148.93
G0 X129.5 Y149.5
;TYPE:WALL-OUTER
G1 F1500 X90.5 Y149.5 E949.7907
G1 X90.5 Y70.5 E960.3009
G1 X129.5 Y70.5 E965.48949
G1 X129.5 Y149.5 E975.99969
G0 F9000 X128.93 Y148.93
G0 X128.299 Y148.232
;TYPE:FILL
G1 F3000 X114.416 Y134.349 E978.61174
G0 F9000 X118.067 Y134.348
G1 F3000 X114.328 Y148.3 E980.53342
G0 F9000 X107.152 Y148.299
G1 F3000 X91.699 Y132.846 E983.44087
G0 F9000 X91.7 Y131.368
G1 F3000 X97.199 Y129.895 E984.19825
G0 F9000 X97.872 Y133.678
G0 X102.537 Y134.348
G1 F3000 X98.799 Y148.3 E986.1199
G0 F9000 X91.699 Y146.897
G1 F3000 X107.298 Y142.718 E988.26838
G0 F9000 X112.773 Y142.046
G0 X113.643 Y141.614
G0 X115.397 Y140.547
G1 F3000 X128.299 Y137.09 E990.04542
G0 F9000 X128.299 Y127.019
G1 F3000 X122.799 Y121.519 E991.08023
G0 F9000 X122.8 Y123.035
G1 F3000 X128.299 Y121.561 E991.83765
G0 F9000 X122.8 Y116.684
G1 F3000 X128.299 Y96.16 E994.66448
G0 F9000 X128.298 Y90.503
G1 F3000 X122.799 Y91.977 E995.4219
G0 F9000 X122.799 Y100.306
G1 F3000 X128.299 Y105.806 E996.45671
G0 F9000 X128.298 Y106.032
G1 F3000 X122.799 Y107.506 E997.21413
G0 F9000 X122.128 Y86.322
G0 X115.586 Y85.649
G1 F3000 X119.324 Y71.698 E999.13564
G0 F9000 X115.406 Y71.699
G1 F3000 X128.299 Y84.593 E1001.56153
G0 F9000 X128.298 Y74.974
G1 F3000 X114.827 Y78.584 E1003.41695
G0 F9000 X115.051 Y80.953
G0 X114.848 Y81.947
G0 X114.66 Y82.358
G0 X114.141 Y83.044
G0 X113.834 Y83.322
G0 X112.958 Y83.747
G0 X108.142 Y85.649
G1 F3000 X106.935 Y84.441 E1003.64414
G0 F9000 X104.501 Y82.008
G1 F3000 X94.192 Y71.699 E1005.58376
G0 F9000 X103.795 Y71.699
G1 F3000 X100.057 Y85.65 E1007.50527
G0 F9000 X104.361 Y81.388
G1 F3000 X91.7 Y84.78 E1009.2491
G0 F9000 X91.699 Y90.419
G1 F3000 X97.199 Y95.919 E1010.28392
G0 F9000 X97.199 Y96.316
G1 F3000 X91.699 Y116.841 E1013.11091
G0 F9000 X91.7 Y115.839
G1 F3000 X97.199 Y114.365 E1013.86833
G0 F9000 X97.199 Y117.132
G1 F3000 X91.699 Y111.633 E1014.90305
G0 F9000 X91.699 Y100.31
G1 F3000 X97.198 Y98.836 E1015.66046
G0 F9000 X97.872 Y86.322
G0 X106.195 Y85.43
G0 X106.574 Y85.05
;TYPE:SKIN
G1 F1500 X107.228 Y85.104 E1015.72791
G1 X112.183 Y85.099 E1016.23721
G1 X113.48 Y85.216 E1016.37106
G1 F1500 E1009.87106
G0 F9000 X113.262 Y85.434
G0 X122.128 Y86.322
G0 X122.128 Y133.678
G0 X112.922 Y134.564
G0 X112.602 Y134.883
G1 F1500 E1016.37106
G1 X113.267 Y134.926 E1016.42236
G1 X113.528 Y135.372 E1016.46215
G1 X111.198 Y134.874 E1016.64557
G1 X106.835 Y134.994 E1016.98158
G1 X106.411 Y134.711 E1017.02082
G0 F9000 X106.558 Y134.65
G1 F1500 E1010.52082
;MESH:NONMESH
G0 F300 X106.558 Y134.65 Z1.6
G0 F9000 X97.872 Y133.678
G0 X97.872 Y86.322
G0 X106.851 Y84.21
;TIME_ELAPSED:469.748839
;LAYER:4
;TYPE:WALL-INNER
;MESH:placchetta pulsante plana o comune.stl
G1 F1500 E1017.02082
G1 X107.189 Y84.306 E1017.06757
G1 X107.735 Y84.381 E1017.14089
G1 X107.926 Y84.4 E1017.16642
G1 X112.068 Y84.4 E1017.71748
G1 X112.259 Y84.383 E1017.74299
G1 X112.814 Y84.306 E1017.81753
G1 X113.154 Y84.208 E1017.86461
G1 X114.096 Y83.707 E1018.00656
G1 X114.506 Y83.331 E1018.08057
G1 X115.045 Y82.617 E1018.19959
G1 X115.304 Y82.057 E1018.28167
G1 X115.346 Y81.759 E1018.32171
G1 X115.521 Y80.969 E1018.42936
G1 X115.418 Y80.309 E1018.51823
G1 X115.39 Y80.24 E1018.52813
G1 X115.229 Y79.51 E1018.62759
G1 X114.886 Y78.963 E1018.71349
G1 X114.811 Y78.891 E1018.72732
G1 X114.356 Y78.29 E1018.8276
G1 X113.927 Y78.003 E1018.89627
G1 X113.161 Y77.594 E1019.0118
G1 X112.64 Y77.475 E1019.0829
G1 X112.104 Y77.4 E1019.1549
G1 X107.924 Y77.4 E1019.71101
G1 X107.716 Y77.421 E1019.73883
G1 X107.11 Y77.504 E1019.8202
G1 X106.63 Y77.707 E1019.88954
G1 X105.893 Y78.102 E1020.00078
G1 X105.55 Y78.399 E1020.06114
G1 X104.922 Y79.229 E1020.19961
G1 X104.734 Y79.641 E1020.25986
G1 X104.563 Y80.427 E1020.36688
G1 X104.482 Y81.008 E1020.44492
G1 X104.676 Y81.885 E1020.56442
G1 X104.801 Y82.347 E1020.6281
G1 X104.986 Y82.659 E1020.67635
G1 X105.493 Y83.327 E1020.78792
G1 X105.907 Y83.709 E1020.86287
G1 X106.851 Y84.21 E1021.00505
G0 F9000 X106.945 Y83.806
G0 X107.226 Y83.277
;TYPE:WALL-OUTER
G1 F1500 X107.395 Y83.325 E1021.02842
G1 X107.852 Y83.388 E1021.08979
G1 X107.975 Y83.4 E1021.10624
G1 X112.023 Y83.4 E1021.64478
G1 X112.145 Y83.389 E1021.66108
G1 X112.606 Y83.325 E1021.723
G1 X112.777 Y83.276 E1021.74667
G1 X113.514 Y82.884 E1021.85772
G1 X113.763 Y82.656 E1021.90264
G1 X114.182 Y82.1 E1021.99526
G1 X114.334 Y81.772 E1022.04336
G1 X114.359 Y81.591 E1022.06767
G1 X114.504 Y80.937 E1022.15679
G1 X114.448 Y80.577 E1022.20526
G1 X114.433 Y80.54 E1022.21057
G1 X114.29 Y79.895 E1022.29847
G1 X114.105 Y79.6 E1022.34479
G1 X114.062 Y79.559 E1022.3527
G1 X113.66 Y79.028 E1022.4413
G1 X113.412 Y78.862 E1022.48101
G1 X112.807 Y78.539 E1022.57225
G1 X112.459 Y78.459 E1022.61975
G1 X112.035 Y78.4 E1022.67671
G1 X107.974 Y78.4 E1023.21698
G1 X107.834 Y78.414 E1023.2357
G1 X107.377 Y78.477 E1023.29708
G1 X107.062 Y78.61 E1023.34257
G1 X106.463 Y78.931 E1023.43298
G1 X106.284 Y79.086 E1023.46448
G1 X105.786 Y79.745 E1023.57437
G1 X105.688 Y79.959 E1023.60569
G1 X105.548 Y80.603 E1023.69337
G1 X105.497 Y80.968 E1023.7424
G1 X105.647 Y81.646 E1023.83478
G1 X105.73 Y81.953 E1023.87709
G1 X105.817 Y82.099 E1023.8997
G1 X106.236 Y82.652 E1023.99201
G1 X106.49 Y82.886 E1024.03795
G1 X107.226 Y83.277 E1024.14883
G0 F9000 X106.816 Y84.297
G1 F1500 E1017.64883
G0 F9000 X97.872 Y86.322
G0 X97.4 Y134.15
;TYPE:WALL-INNER
G1 F1500 E1024.14883
G1 X122.6 Y134.15 E1027.50145
G1 X122.6 Y85.85 E1033.92731
G1 X97.4 Y85.85 E1037.27993
G1 X97.4 Y134.15 E1043.70579
G0 F9000 X97.8 Y133.15
G0 X98.4 Y133.15
;TYPE:WALL-OUTER
G1 F1500 X121.6 Y133.15 E1046.79233
G1 X121.6 Y86.85 E1052.95211
G1 X98.4 Y86.85 E1056.03865
G1 X98.4 Y133.15 E1062.19843
G0 F9000 X97.8 Y133.15
G0 X97.872 Y133.678
G0 X105.965 Y141.37
G0 X107.002 Y141.97
G0 X107.751 Y142.106
G0 X112.89 Y142.496
;TYPE:WALL-INNER
G1 F1500 X113.37 Y142.293 E1062.26776
G1 X114.107 Y141.898 E1062.37901
G1 X114.45 Y141.601 E1062.43937
G1 X115.078 Y140.771 E1062.57784
G1 X115.266 Y140.359 E1062.63809
G1 X115.437 Y139.573 E1062.74511
G1 X115.518 Y138.992 E1062.82315
G1 X115.324 Y138.115 E1062.94265
G1 X115.199 Y137.653 E1063.00632
G1 X115.014 Y137.341 E1063.05458
G1 X114.507 Y136.673 E1063.16615
G1 X114.093 Y136.291 E1063.24109
G1 X113.149 Y135.79 E1063.38327
G1 X112.811 Y135.694 E1063.43002
G1 X112.265 Y135.619 E1063.50334
G1 X112.074 Y135.6 E1063.52888
G1 X107.932 Y135.6 E1064.07993
G1 X107.741 Y135.617 E1064.10544
G1 X107.186 Y135.694 E1064.17999
G1 X106.846 Y135.792 E1064.22706
G1 X105.904 Y136.293 E1064.36901
G1 X105.494 Y136.669 E1064.44302
G1 X104.955 Y137.383 E1064.56204
G1 X104.696 Y137.943 E1064.64412
G1 X104.654 Y138.241 E1064.68416
G1 X104.479 Y139.031 E1064.79181
G1 X104.582 Y139.691 E1064.88068
G1 X104.61 Y139.76 E1064.89059
G1 X104.771 Y140.49 E1064.99004
G1 X105.114 Y141.037 E1065.07594
G1 X105.189 Y141.109 E1065.08977
G1 X105.644 Y141.71 E1065.19006
G1 X106.073 Y141.997 E1065.25873
G1 X106.839 Y142.406 E1065.37425
G1 X107.36 Y142.525 E1065.44535
G1 X107.896 Y142.6 E1065.51736
G1 X112.076 Y142.6 E1066.07347
G1 X112.284 Y142.579 E1066.10128
G1 X112.89 Y142.496 E1066.18265
G0 F9000 X112.854 Y142.076
G0 X112.623 Y141.523
;TYPE:WALL-OUTER
G1 F1500 X112.938 Y141.39 E1066.22814
G1 X113.537 Y141.069 E1066.31856
G1 X113.716 Y140.914 E1066.35006
G1 X114.214 Y140.255 E1066.45995
G1 X114.312 Y140.041 E1066.49127
G1 X114.452 Y139.397 E1066.57894
G1 X114.503 Y139.032 E1066.62798
G1 X114.353 Y138.354 E1066.72036
G1 X114.27 Y138.047 E1066.76267
G1 X114.183 Y137.901 E1066.78528
G1 X113.764 Y137.348 E1066.87758
G1 X113.51 Y137.114 E1066.92353
G1 X112.774 Y136.723 E1067.03441
G1 X112.605 Y136.675 E1067.05778
G1 X112.148 Y136.612 E1067.11916
G1 X112.025 Y136.6 E1067.1356
G1 X107.977 Y136.6 E1067.67415
G1 X107.855 Y136.611 E1067.69044
G1 X107.394 Y136.675 E1067.75236
G1 X107.223 Y136.724 E1067.77603
G1 X106.486 Y137.116 E1067.88709
G1 X106.237 Y137.344 E1067.932
G1 X105.818 Y137.9 E1068.02463
G1 X105.666 Y138.228 E1068.07272
G1 X105.641 Y138.409 E1068.09703
G1 X105.496 Y139.063 E1068.18615
G1 X105.552 Y139.423 E1068.23462
G1 X105.567 Y139.46 E1068.23993
G1 X105.71 Y140.105 E1068.32783
G1 X105.895 Y140.4 E1068.37415
G1 X105.938 Y140.441 E1068.38206
G1 X106.34 Y140.972 E1068.47066
G1 X106.588 Y141.138 E1068.51037
G1 X107.193 Y141.461 E1068.60161
G1 X107.541 Y141.541 E1068.64912
G1 X107.965 Y141.6 E1068.70607
G1 X112.026 Y141.6 E1069.24635
G1 X112.166 Y141.586 E1069.26506
G1 X112.623 Y141.523 E1069.32644
G0 F9000 X112.914 Y142.583
G0 X128.5 Y148.5
;TYPE:WALL-INNER
G1 F1500 X91.5 Y148.5 E1074.24894
G1 X91.5 Y71.5 E1084.49306
G1 X128.5 Y71.5 E1089.41556
G1 X128.5 Y148.5 E1099.65968
G0 F9000 X128.93 Y148.93
G0 X129.5 Y149.5
;TYPE:WALL-OUTER
G1 F1500 X90.5 Y149.5 E1104.84826
G1 X90.5 Y70.5 E1115.35847
G1 X129.5 Y70.5 E1120.54705
G1 X129.5 Y149.5 E1131.05725
G0 F9000 X128.93 Y148.93
G0 X128.299 Y147.913
;TYPE:FILL
G1 F3000 X114.735 Y134.349 E1133.60929
G0 F9000 X117.832 Y134.349
G1 F3000 X114.094 Y148.3 E1135.5308
G0 F9000 X107.472 Y148.299
G1 F3000 X91.699 Y132.526 E1138.49846
G0 F9000 X91.699 Y131.602
G1 F3000 X97.198 Y130.129 E1139.25584
G0 F9000 X97.872 Y133.678
G0 X102.303 Y134.349
G1 F3000 X98.565 Y148.299 E1141.17723
G0 F9000 X91.7 Y147.131
G1 F3000 X107.871 Y142.798 E1143.40452
G0 F9000 X112.767 Y142.047
G0 X115.278 Y140.813
G1 F3000 X128.299 Y137.325 E1145.19792
G0 F9000 X128.299 Y126.7
G1 F3000 X122.799 Y121.2 E1146.23273
G0 F9000 X122.799 Y123.269
G1 F3000 X128.298 Y121.795 E1146.99015
G0 F9000 X122.799 Y115.812
G1 F3000 X128.299 Y95.287 E1149.81714
G0 F9000 X128.298 Y90.737
G1 F3000 X122.799 Y92.211 E1150.57456
G0 F9000 X122.799 Y99.987
G1 F3000 X128.299 Y105.486 E1151.60928
G0 F9000 X128.298 Y106.266
G1 F3000 X122.799 Y107.74 E1152.36669
G0 F9000 X122.128 Y86.322
G0 X115.352 Y85.649
G1 F3000 X119.09 Y71.699 E1154.28808
G0 F9000 X115.725 Y71.699
G1 F3000 X128.299 Y84.273 E1156.65385
G0 F9000 X128.298 Y75.208
G1 F3000 X114.979 Y78.777 E1158.48833
G0 F9000 X115.052 Y80.954
G0 X114.857 Y81.925
G0 X114.647 Y82.378
G0 X114.164 Y83.02
G0 X113.828 Y83.328
G0 X113.348 Y83.582
G0 X108.462 Y85.649
G1 F3000 X107.343 Y84.53 E1158.69887
G0 F9000 X104.408 Y81.609
G1 F3000 X91.7 Y85.015 E1160.44922
G0 F9000 X91.699 Y90.1
G1 F3000 X97.199 Y95.6 E1161.48403
G0 F9000 X97.199 Y95.444
G1 F3000 X91.699 Y115.968 E1164.3109
G0 F9000 X91.699 Y116.073
G1 F3000 X97.198 Y114.6 E1165.06828
G0 F9000 X97.199 Y116.813
G1 F3000 X91.699 Y111.313 E1166.1031
G0 F9000 X91.7 Y100.544
G1 F3000 X97.199 Y99.07 E1166.86051
G0 F9000 X97.872 Y86.322
G0 X99.823 Y85.649
G1 F3000 X103.561 Y71.698 E1168.78203
G0 F9000 X94.512 Y71.699
G1 F3000 X104.406 Y81.593 E1170.64356
G0 F9000 X106.422 Y84.502
G0 X106.888 Y84.968
;TYPE:SKIN
G1 F1500 X107.72 Y85.092 E1170.72642
G1 X112.687 Y85.11 E1171.21566
G1 X113.347 Y85.062 E1171.28084
G1 X113.547 Y84.556 E1171.33443
G0 F9000 X113.605 Y84.613
G0 X106.647 Y85.434
G1 F1500 X106.281 Y85.068 E1171.36886
G1 F1500 E1164.86886
G0 F9000 X97.872 Y86.322
G0 X97.872 Y133.678
G0 X106.28 Y134.564
G0 X106.651 Y134.935
G1 F1500 E1171.36886
G1 X106.451 Y135.442 E1171.41711
G1 X107.311 Y134.888 E1171.50767
G1 X112.278 Y134.906 E1171.94735
G1 X113.534 Y134.747 E1172.05942
G0 F9000 X113.351 Y134.65
G1 F1500 E1165.55942
;MESH:NONMESH
G0 F300 X113.351 Y134.65 Z1.92
G0 F9000 X122.128 Y133.678
G0 X122.128 Y86.322
G0 X112.849 Y84.302
;TIME_ELAPSED:524.667314
;LAYER:5
;TYPE:WALL-INNER
;MESH:placchetta pulsante plana o comune.stl
G1 F1500 E1172.05942
G1 X113.343 Y84.112 E1172.12984
G1 X114.081 Y83.717 E1172.2412
G1 X114.523 Y83.311 E1172.32105
G1 X115.032 Y82.637 E1172.43342
G1 X115.311 Y82.042 E1172.52085
G1 X115.356 Y81.713 E1172.56502
G1 X115.522 Y80.966 E1172.66683
G1 X115.41 Y80.274 E1172.76009
G1 X115.383 Y80.205 E1172.76995
G1 X115.229 Y79.508 E1172.86491
G1 X114.867 Y78.935 E1172.95509
G1 X114.782 Y78.853 E1172.9708
G1 X114.353 Y78.288 E1173.06518
G1 X113.898 Y77.985 E1173.13791
G1 X113.176 Y77.601 E1173.2467
G1 X112.611 Y77.471 E1173.32383
G1 X112.104 Y77.4 E1173.39194
G1 X107.918 Y77.4 E1173.94885
G1 X107.689 Y77.425 E1173.9795
G1 X107.115 Y77.502 E1174.05655
G1 X106.579 Y77.734 E1174.13425
G1 X105.902 Y78.095 E1174.23632
G1 X105.538 Y78.411 E1174.30045
G1 X104.93 Y79.215 E1174.43456
G1 X104.73 Y79.646 E1174.49777
G1 X104.571 Y80.379 E1174.59756
G1 X104.496 Y80.827 E1174.65799
G1 X104.507 Y81.121 E1174.69713
G1 X104.665 Y81.842 E1174.79533
G1 X104.8 Y82.34 E1174.86398
G1 X104.991 Y82.669 E1174.91459
G1 X105.477 Y83.311 E1175.02171
G1 X105.918 Y83.716 E1175.10137
G1 X106.657 Y84.112 E1175.21292
G1 X107.152 Y84.301 E1175.28341
G1 X107.715 Y84.379 E1175.35902
G1 X107.926 Y84.4 E1175.38723
G1 X112.069 Y84.4 E1175.93842
G1 X112.279 Y84.381 E1175.96647
G1 X112.849 Y84.302 E1176.04303
G0 F9000 X112.811 Y83.887
G0 X112.598 Y83.327
;TYPE:WALL-OUTER
G1 F1500 X112.926 Y83.201 E1176.08978
G1 X113.498 Y82.895 E1176.17608
G1 X113.78 Y82.636 E1176.22702
G1 X114.171 Y82.118 E1176.31337
G1 X114.341 Y81.755 E1176.36669
G1 X114.37 Y81.544 E1176.39503
G1 X114.504 Y80.937 E1176.47773
G1 X114.44 Y80.539 E1176.53136
G1 X114.422 Y80.493 E1176.53793
G1 X114.29 Y79.894 E1176.61953
G1 X114.086 Y79.571 E1176.67036
G1 X114.032 Y79.519 E1176.68033
G1 X113.659 Y79.027 E1176.76247
G1 X113.385 Y78.845 E1176.80624
G1 X112.823 Y78.546 E1176.89093
G1 X112.429 Y78.455 E1176.94473
G1 X112.035 Y78.4 E1176.99765
G1 X107.973 Y78.4 E1177.53806
G1 X107.81 Y78.418 E1177.55988
G1 X107.385 Y78.475 E1177.61693
G1 X107.013 Y78.636 E1177.67086
G1 X106.472 Y78.924 E1177.75239
G1 X106.273 Y79.097 E1177.78748
G1 X105.792 Y79.733 E1177.89356
G1 X105.684 Y79.966 E1177.92773
G1 X105.553 Y80.568 E1178.00969
G1 X105.499 Y80.891 E1178.05326
G1 X105.503 Y80.993 E1178.06684
G1 X105.637 Y81.604 E1178.15006
G1 X105.731 Y81.952 E1178.19802
G1 X105.825 Y82.114 E1178.22294
G1 X106.22 Y82.636 E1178.31003
G1 X106.501 Y82.894 E1178.36078
G1 X107.073 Y83.2 E1178.44708
G1 X107.403 Y83.326 E1178.49408
G1 X107.833 Y83.386 E1178.55184
G1 X107.975 Y83.4 E1178.57082
G1 X112.023 Y83.4 E1179.10937
G1 X112.165 Y83.387 E1179.12834
G1 X112.598 Y83.327 E1179.1865
G0 F9000 X112.872 Y84.392
G1 F1500 E1172.6865
G0 F9000 X97.872 Y86.322
G0 X97.4 Y134.15
;TYPE:WALL-INNER
G1 F1500 E1179.1865
G1 X122.6 Y134.15 E1182.53912
G1 X122.6 Y85.85 E1188.96498
G1 X97.4 Y85.85 E1192.3176
G1 X97.4 Y134.15 E1198.74346
G0 F9000 X97.8 Y133.15
G0 X98.4 Y133.15
;TYPE:WALL-OUTER
G1 F1500 X121.6 Y133.15 E1201.83
G1 X121.6 Y86.85 E1207.98978
G1 X98.4 Y86.85 E1211.07632
G1 X98.4 Y133.15 E1217.23609
G0 F9000 X97.8 Y133.15
G0 X97.872 Y133.678
G0 X105.967 Y141.372
G0 X106.986 Y141.963
G0 X107.748 Y142.105
G0 X112.885 Y142.498
;TYPE:WALL-INNER
G1 F1500 X113.421 Y142.266 E1217.3138
G1 X114.098 Y141.905 E1217.41587
G1 X114.462 Y141.589 E1217.48
G1 X115.07 Y140.785 E1217.61411
G1 X115.27 Y140.354 E1217.67732
G1 X115.429 Y139.621 E1217.77711
G1 X115.504 Y139.173 E1217.83754
G1 X115.493 Y138.879 E1217.87668
G1 X115.335 Y138.158 E1217.97488
G1 X115.2 Y137.66 E1218.04352
G1 X115.009 Y137.331 E1218.09413
G1 X114.523 Y136.689 E1218.20126
G1 X114.082 Y136.284 E1218.28092
G1 X113.343 Y135.888 E1218.39246
G1 X112.848 Y135.699 E1218.46295
G1 X112.285 Y135.621 E1218.53857
G1 X112.074 Y135.6 E1218.56678
G1 X107.931 Y135.6 E1219.11797
G1 X107.721 Y135.619 E1219.14602
G1 X107.151 Y135.698 E1219.22258
G1 X106.657 Y135.888 E1219.29299
G1 X105.919 Y136.283 E1219.40436
G1 X105.477 Y136.689 E1219.4842
G1 X104.968 Y137.363 E1219.59657
G1 X104.689 Y137.958 E1219.684
G1 X104.644 Y138.287 E1219.72818
G1 X104.478 Y139.034 E1219.82998
G1 X104.59 Y139.726 E1219.92324
G1 X104.617 Y139.795 E1219.9331
G1 X104.771 Y140.492 E1220.02807
G1 X105.133 Y141.065 E1220.11824
G1 X105.218 Y141.147 E1220.13395
G1 X105.647 Y141.712 E1220.22833
G1 X106.102 Y142.015 E1220.30106
G1 X106.824 Y142.399 E1220.40986
G1 X107.389 Y142.529 E1220.48699
G1 X107.896 Y142.6 E1220.5551
G1 X112.082 Y142.6 E1221.11201
G1 X112.311 Y142.575 E1221.14265
G1 X112.885 Y142.498 E1221.2197
G0 F9000 X112.852 Y142.075
G0 X112.615 Y141.525
;TYPE:WALL-OUTER
G1 F1500 X112.987 Y141.364 E1221.27363
G1 X113.528 Y141.076 E1221.35517
G1 X113.727 Y140.903 E1221.39025
G1 X114.208 Y140.267 E1221.49634
G1 X114.316 Y140.034 E1221.5305
G1 X114.447 Y139.432 E1221.61247
G1 X114.501 Y139.109 E1221.65604
G1 X114.497 Y139.007 E1221.66962
G1 X114.363 Y138.396 E1221.75284
G1 X114.269 Y138.048 E1221.80079
G1 X114.175 Y137.886 E1221.82571
G1 X113.78 Y137.364 E1221.9128
G1 X113.499 Y137.106 E1221.96355
G1 X112.927 Y136.8 E1222.04986
G1 X112.597 Y136.674 E1222.09685
G1 X112.167 Y136.614 E1222.15461
G1 X112.025 Y136.6 E1222.1736
G1 X107.977 Y136.6 E1222.71214
G1 X107.835 Y136.613 E1222.73111
G1 X107.402 Y136.673 E1222.78927
G1 X107.074 Y136.799 E1222.83602
G1 X106.502 Y137.105 E1222.92232
G1 X106.22 Y137.364 E1222.97326
G1 X105.829 Y137.882 E1223.05961
G1 X105.659 Y138.245 E1223.11293
G1 X105.63 Y138.456 E1223.14127
G1 X105.496 Y139.063 E1223.22397
G1 X105.56 Y139.461 E1223.2776
G1 X105.578 Y139.507 E1223.28417
G1 X105.71 Y140.106 E1223.36577
G1 X105.914 Y140.429 E1223.4166
G1 X105.968 Y140.481 E1223.42657
G1 X106.341 Y140.973 E1223.50871
G1 X106.615 Y141.155 E1223.55248
G1 X107.177 Y141.454 E1223.63717
G1 X107.571 Y141.545 E1223.69097
G1 X107.965 Y141.6 E1223.74389
G1 X112.027 Y141.6 E1224.2843
G1 X112.19 Y141.582 E1224.30612
G1 X112.615 Y141.525 E1224.36317
G0 F9000 X112.909 Y142.584
G0 X128.5 Y148.5
;TYPE:WALL-INNER
G1 F1500 X91.5 Y148.5 E1229.28567
G1 X91.5 Y71.5 E1239.52979
G1 X128.5 Y71.5 E1244.45229
G1 X128.5 Y148.5 E1254.69641
G0 F9000 X128.93 Y148.93
G0 X129.5 Y149.5
;TYPE:WALL-OUTER
G1 F1500 X90.5 Y149.5 E1259.88499
G1 X90.5 Y70.5 E1270.3952
G1 X129.5 Y70.5 E1275.58378
G1 X129.5 Y149.5 E1286.09398
G0 F9000 X128.93 Y148.93
G0 X128.299 Y147.593
;TYPE:FILL
G1 F3000 X115.055 Y134.349 E1288.58581
G0 F9000 X117.598 Y134.349
G1 F3000 X113.86 Y148.3 E1290.50732
G0 F9000 X107.792 Y148.299
G1 F3000 X91.699 Y132.207 E1293.53509
G0 F9000 X91.7 Y131.836
G1 F3000 X97.198 Y130.363 E1294.29235
G0 F9000 X97.872 Y133.678
G0 X102.07 Y134.348
G1 F3000 X98.331 Y148.3 E1296.21403
G0 F9000 X91.699 Y147.365
G1 F3000 X108.739 Y142.799 E1298.56101
G0 F9000 X112.76 Y142.049
G0 X115.082 Y141.1
G1 F3000 X128.298 Y137.559 E1300.38129
G0 F9000 X128.299 Y126.38
G1 F3000 X122.799 Y120.88 E1301.41611
G0 F9000 X122.8 Y123.503
G1 F3000 X128.299 Y122.029 E1302.17352
G0 F9000 X122.8 Y114.938
G1 F3000 X128.299 Y94.414 E1305.00036
G0 F9000 X128.298 Y90.971
G1 F3000 X122.799 Y92.445 E1305.75777
G0 F9000 X122.799 Y99.667
G1 F3000 X128.299 Y105.167 E1306.79259
G0 F9000 X128.299 Y106.5
G1 F3000 X122.8 Y107.974 E1307.55
G0 F9000 X122.128 Y86.322
G0 X115.118 Y85.649
G1 F3000 X118.856 Y71.699 E1309.47139
G0 F9000 X116.045 Y71.699
G1 F3000 X128.299 Y83.954 E1311.77705
G0 F9000 X128.298 Y75.442
G1 F3000 X115.126 Y78.972 E1313.5913
G0 F9000 X115.052 Y80.953
G0 X114.864 Y81.909
G0 X114.636 Y82.397
G0 X114.181 Y83
G0 X113.813 Y83.338
G0 X113.202 Y83.628
G0 X108.782 Y85.649
G1 F3000 X107.712 Y84.579 E1313.79261
G0 F9000 X104.456 Y81.83
G1 F3000 X91.7 Y85.248 E1315.54955
G0 F9000 X91.699 Y89.78
G1 F3000 X97.199 Y95.28 E1316.58436
G0 F9000 X97.199 Y94.57
G1 F3000 X91.699 Y115.095 E1319.41135
G0 F9000 X91.7 Y116.307
G1 F3000 X97.199 Y114.833 E1320.16877
G0 F9000 X97.199 Y116.493
G1 F3000 X91.699 Y110.993 E1321.20358
G0 F9000 X91.699 Y100.778
G1 F3000 X97.198 Y99.304 E1321.961
G0 F9000 X97.872 Y86.322
G0 X99.589 Y85.65
G1 F3000 X103.327 Y71.699 E1323.88252
G0 F9000 X94.832 Y71.699
G1 F3000 X104.315 Y81.182 E1325.66672
G0 F9000 X106.956 Y84.669
G0 X106.573 Y85.051
;TYPE:SKIN
G1 F1500 X107.227 Y85.104 E1325.72874
G1 X112.182 Y85.1 E1326.19705
G1 X113.484 Y85.212 E1326.32056
G1 F1500 E1319.82056
G0 F9000 X113.262 Y85.434
G0 X122.128 Y86.322
G0 X122.128 Y133.678
G0 X112.922 Y134.564
G0 X112.602 Y134.883
G1 F1500 E1326.32056
G1 X113.267 Y134.925 E1326.37207
G1 X113.535 Y135.365 E1326.41189
G1 X111.198 Y134.874 E1326.59647
G1 X106.831 Y134.998 E1326.93415
G1 X106.407 Y134.715 E1326.97356
G0 F9000 X106.558 Y134.65
G1 F1500 E1320.47356
;MESH:NONMESH
G0 F300 X106.558 Y134.65 Z2.24
G0 F9000 X97.872 Y133.678
G0 X97.872 Y86.322
G0 X107.161 Y84.304
;TIME_ELAPSED:579.444626
;LAYER:6
;TYPE:WALL-INNER
;MESH:placchetta pulsante plana o comune.stl
G1 F1500 E1326.97356
G1 X107.696 Y84.377 E1327.04539
G1 X107.926 Y84.4 E1327.07614
G1 X112.069 Y84.4 E1327.62733
G1 X112.3 Y84.379 E1327.65819
G1 X112.839 Y84.304 E1327.73059
G1 X113.371 Y84.1 E1327.80639
G1 X114.067 Y83.726 E1327.91151
G1 X114.54 Y83.294 E1327.99673
G1 X115.024 Y82.653 E1328.10359
G1 X115.315 Y82.023 E1328.19592
G1 X115.364 Y81.682 E1328.24175
G1 X115.522 Y80.963 E1328.33969
G1 X115.403 Y80.232 E1328.43822
G1 X115.37 Y80.15 E1328.44998
G1 X115.228 Y79.507 E1328.53759
G1 X114.85 Y78.908 E1328.63182
G1 X114.751 Y78.812 E1328.65017
G1 X114.351 Y78.285 E1328.73819
G1 X113.869 Y77.968 E1328.81494
G1 X113.231 Y77.626 E1328.91125
G1 X112.812 Y77.491 E1328.96981
G1 X112.527 Y77.458 E1329.00798
G1 X112.103 Y77.4 E1329.06492
G1 X107.921 Y77.4 E1329.62129
G1 X107.665 Y77.427 E1329.65554
G1 X107.121 Y77.502 E1329.7286
G1 X106.548 Y77.749 E1329.81161
G1 X105.911 Y78.089 E1329.90767
G1 X105.528 Y78.421 E1329.97511
G1 X104.935 Y79.206 E1330.10599
G1 X104.727 Y79.66 E1330.17243
G1 X104.578 Y80.34 E1330.26504
G1 X104.497 Y80.815 E1330.32915
G1 X104.505 Y81.121 E1330.36988
G1 X104.653 Y81.789 E1330.4609
G1 X104.8 Y82.342 E1330.53703
G1 X105.004 Y82.69 E1330.59069
G1 X105.438 Y83.265 E1330.68654
G1 X105.72 Y83.561 E1330.74093
G1 X105.979 Y83.751 E1330.78366
G1 X106.627 Y84.097 E1330.88139
G1 X107.161 Y84.304 E1330.95759
G0 F9000 X107.331 Y83.922
G0 X107.413 Y83.329
;TYPE:WALL-OUTER
G1 F1500 X107.813 Y83.384 E1331.0113
G1 X107.975 Y83.4 E1331.03296
G1 X112.023 Y83.4 E1331.57151
G1 X112.185 Y83.385 E1331.59316
G1 X112.588 Y83.329 E1331.64729
G1 X112.954 Y83.189 E1331.69942
G1 X113.484 Y82.904 E1331.77948
G1 X113.797 Y82.618 E1331.83589
G1 X114.161 Y82.136 E1331.91624
G1 X114.346 Y81.736 E1331.97488
G1 X114.38 Y81.498 E1332.00686
G1 X114.504 Y80.935 E1332.08356
G1 X114.434 Y80.504 E1332.14165
G1 X114.412 Y80.45 E1332.14941
G1 X114.289 Y79.893 E1332.2253
G1 X114.068 Y79.543 E1332.28037
G1 X114 Y79.477 E1332.29297
G1 X113.658 Y79.026 E1332.36828
G1 X113.357 Y78.828 E1332.41621
G1 X112.838 Y78.55 E1332.49454
G1 X112.6 Y78.473 E1332.52782
G1 X112.396 Y78.45 E1332.55513
G1 X112.034 Y78.4 E1332.60375
G1 X107.974 Y78.4 E1333.14389
G1 X107.786 Y78.42 E1333.16904
G1 X107.392 Y78.474 E1333.22195
G1 X106.982 Y78.651 E1333.28136
G1 X106.481 Y78.918 E1333.35689
G1 X106.263 Y79.107 E1333.39528
G1 X105.799 Y79.722 E1333.49777
G1 X105.681 Y79.979 E1333.5354
G1 X105.56 Y80.532 E1333.61071
G1 X105.499 Y80.887 E1333.65863
G1 X105.502 Y80.998 E1333.6734
G1 X105.625 Y81.553 E1333.74903
G1 X105.731 Y81.953 E1333.80408
G1 X105.837 Y82.133 E1333.83188
G1 X106.202 Y82.617 E1333.91253
G1 X106.384 Y82.808 E1333.94762
G1 X106.513 Y82.903 E1333.96894
G1 X107.044 Y83.186 E1334.04899
G1 X107.413 Y83.329 E1334.10164
G0 F9000 X107.138 Y84.393
G1 F1500 E1327.60164
G0 F9000 X97.872 Y86.322
G0 X97.4 Y134.15
;TYPE:WALL-INNER
G1 F1500 E1334.10164
G1 X122.6 Y134.15 E1337.45426
G1 X122.6 Y85.85 E1343.88012
G1 X97.4 Y85.85 E1347.23274
G1 X97.4 Y134.15 E1353.6586
G0 F9000 X97.8 Y133.15
G0 X98.4 Y133.15
;TYPE:WALL-OUTER
G1 F1500 X121.6 Y133.15 E1356.74514
G1 X121.6 Y86.85 E1362.90492
G1 X98.4 Y86.85 E1365.99146
G1 X98.4 Y133.15 E1372.15123
G0 F9000 X97.8 Y133.15
G0 X97.872 Y133.678
G0 X105.968 Y141.374
G0 X106.95 Y141.948
G0 X107.483 Y142.072
G0 X112.879 Y142.498
;TYPE:WALL-INNER
G1 F1500 X113.454 Y142.25 E1372.23454
G1 X114.089 Y141.911 E1372.33031
G1 X114.472 Y141.579 E1372.39774
G1 X115.065 Y140.794 E1372.52863
G1 X115.273 Y140.34 E1372.59507
G1 X115.422 Y139.66 E1372.68768
G1 X115.503 Y139.185 E1372.75179
G1 X115.495 Y138.879 E1372.79251
G1 X115.346 Y138.204 E1372.88448
G1 X115.2 Y137.657 E1372.9598
G1 X114.996 Y137.31 E1373.01335
G1 X114.562 Y136.735 E1373.10919
G1 X114.28 Y136.439 E1373.16358
G1 X114.021 Y136.249 E1373.20632
G1 X113.373 Y135.903 E1373.30405
G1 X112.839 Y135.696 E1373.38024
G1 X112.304 Y135.623 E1373.45208
G1 X112.074 Y135.6 E1373.48283
G1 X107.931 Y135.6 E1374.03402
G1 X107.7 Y135.621 E1374.06488
G1 X107.161 Y135.696 E1374.13728
G1 X106.629 Y135.9 E1374.21308
G1 X105.933 Y136.274 E1374.3182
G1 X105.46 Y136.706 E1374.40342
G1 X104.976 Y137.347 E1374.51028
G1 X104.685 Y137.977 E1374.6026
G1 X104.636 Y138.318 E1374.64844
G1 X104.478 Y139.037 E1374.74638
G1 X104.597 Y139.768 E1374.84491
G1 X104.63 Y139.85 E1374.85667
G1 X104.772 Y140.493 E1374.94428
G1 X105.15 Y141.092 E1375.03851
G1 X105.249 Y141.188 E1375.05685
G1 X105.649 Y141.715 E1375.14487
G1 X106.131 Y142.032 E1375.22163
G1 X106.769 Y142.374 E1375.31793
G1 X107.188 Y142.509 E1375.3765
G1 X107.473 Y142.542 E1375.41467
G1 X107.897 Y142.6 E1375.4716
G1 X112.079 Y142.6 E1376.02798
G1 X112.335 Y142.573 E1376.06223
G1 X112.879 Y142.498 E1376.13528
G0 F9000 X112.688 Y142.121
G0 X112.608 Y141.526
;TYPE:WALL-OUTER
G1 F1500 X113.02 Y141.348 E1376.19499
G1 X113.519 Y141.082 E1376.27022
G1 X113.737 Y140.893 E1376.30861
G1 X114.201 Y140.278 E1376.4111
G1 X114.319 Y140.021 E1376.44873
G1 X114.44 Y139.468 E1376.52404
G1 X114.501 Y139.113 E1376.57196
G1 X114.498 Y139.002 E1376.58673
G1 X114.374 Y138.441 E1376.66317
G1 X114.269 Y138.047 E1376.71742
G1 X114.163 Y137.867 E1376.74521
G1 X113.798 Y137.383 E1376.82586
G1 X113.616 Y137.192 E1376.86096
G1 X113.487 Y137.097 E1376.88227
G1 X112.956 Y136.814 E1376.96232
G1 X112.587 Y136.671 E1377.01497
G1 X112.187 Y136.616 E1377.06869
G1 X112.025 Y136.6 E1377.09035
G1 X107.977 Y136.6 E1377.6289
G1 X107.815 Y136.615 E1377.65054
G1 X107.412 Y136.671 E1377.70467
G1 X107.046 Y136.811 E1377.7568
G1 X106.516 Y137.096 E1377.83686
G1 X106.203 Y137.382 E1377.89327
G1 X105.839 Y137.864 E1377.97363
G1 X105.654 Y138.264 E1378.03226
G1 X105.62 Y138.502 E1378.06425
G1 X105.496 Y139.065 E1378.14094
G1 X105.566 Y139.496 E1378.19903
G1 X105.588 Y139.55 E1378.20679
G1 X105.711 Y140.107 E1378.28268
G1 X105.932 Y140.457 E1378.33775
G1 X106 Y140.523 E1378.35036
G1 X106.342 Y140.974 E1378.42566
G1 X106.643 Y141.172 E1378.47359
G1 X107.162 Y141.45 E1378.55192
G1 X107.4 Y141.527 E1378.5852
G1 X107.604 Y141.55 E1378.61251
G1 X107.966 Y141.6 E1378.66113
G1 X112.026 Y141.6 E1379.20128
G1 X112.214 Y141.58 E1379.22643
G1 X112.608 Y141.526 E1379.27934
G0 F9000 X112.903 Y142.585
G0 X128.5 Y148.5
;TYPE:WALL-INNER
G1 F1500 X91.5 Y148.5 E1384.20184
G1 X91.5 Y71.5 E1394.44596
G1 X128.5 Y71.5 E1399.36846
G1 X128.5 Y148.5 E1409.61258
G0 F9000 X128.93 Y148.93
G0 X129.5 Y149.5
;TYPE:WALL-OUTER
G1 F1500 X90.5 Y149.5 E1414.80116
G1 X90.5 Y70.5 E1425.31136
G1 X129.5 Y70.5 E1430.49995
G1 X129.5 Y149.5 E1441.01015
G0 F9000 X128.93 Y148.93
G0 X128.299 Y147.274
;TYPE:FILL
G1 F3000 X115.375 Y134.349 E1443.44186
G0 F9000 X117.365 Y134.349
G1 F3000 X113.626 Y148.299 E1445.36329
G0 F9000 X108.111 Y148.299
G1 F3000 X91.699 Y131.887 E1448.45117
G0 F9000 X91.699 Y132.07
G1 F3000 X97.198 Y130.597 E1449.20855
G0 F9000 X97.872 Y133.678
G0 X101.835 Y134.348
G1 F3000 X98.097 Y148.3 E1451.1302
G0 F9000 X91.7 Y147.599
G1 F3000 X109.614 Y142.799 E1453.59756
G0 F9000 X112.157 Y142.193
G0 X114.862 Y141.393
G1 F3000 X128.299 Y137.792 E1455.4483
G0 F9000 X128.299 Y126.06
G1 F3000 X122.799 Y120.56 E1456.48312
G0 F9000 X122.799 Y123.737
G1 F3000 X128.298 Y122.263 E1457.24053
G0 F9000 X122.799 Y114.065
G1 F3000 X128.299 Y93.54 E1460.06753
G0 F9000 X128.298 Y91.205
G1 F3000 X122.799 Y92.679 E1460.82494
G0 F9000 X122.799 Y99.347
G1 F3000 X128.299 Y104.847 E1461.85976
G0 F9000 X128.298 Y106.734
G1 F3000 X122.799 Y108.208 E1462.61717
G0 F9000 X122.128 Y86.322
G0 X114.884 Y85.649
G1 F3000 X118.622 Y71.698 E1464.53869
G0 F9000 X116.365 Y71.699
G1 F3000 X128.299 Y83.634 E1466.78414
G0 F9000 X128.298 Y75.676
G1 F3000 X115.251 Y79.172 E1468.58115
G0 F9000 X115.052 Y80.95
G0 X114.869 Y81.89
G0 X114.626 Y82.415
G0 X114.197 Y82.982
G0 X113.798 Y83.347
G0 X109.101 Y85.649
G1 F3000 X108.052 Y84.6 E1468.77852
G0 F9000 X106.904 Y83.816
G0 X104.514 Y82.049
G1 F3000 X91.7 Y85.482 E1470.54342
G0 F9000 X91.699 Y89.461
G1 F3000 X97.199 Y94.96 E1471.57814
G0 F9000 X97.199 Y93.697
G1 F3000 X91.699 Y114.222 E1474.40514
G0 F9000 X91.699 Y116.541
G1 F3000 X97.198 Y115.067 E1475.16255
G0 F9000 X97.199 Y116.174
G1 F3000 X91.699 Y110.674 E1476.19737
G0 F9000 X91.7 Y101.012
G1 F3000 X97.199 Y99.538 E1476.95478
G0 F9000 X97.872 Y86.322
G0 X99.355 Y85.649
G1 F3000 X103.093 Y71.698 E1478.8763
G0 F9000 X95.151 Y71.699
G1 F3000 X104.298 Y80.846 E1480.59729
G0 F9000 X106.415 Y84.495
G0 X106.885 Y84.964
;TYPE:SKIN
G1 F1500 X107.721 Y85.093 E1480.68075
G1 X112.688 Y85.111 E1481.17082
G1 X113.553 Y84.561 E1481.27196
G0 F9000 X113.617 Y84.625
G0 X106.647 Y85.434
G1 F1500 X106.273 Y85.059 E1481.30719
G1 F1500 E1474.80719
G0 F9000 X97.872 Y86.322
G0 X97.872 Y133.678
G0 X106.28 Y134.564
G0 X106.649 Y134.934
G1 F1500 E1481.30719
G1 X106.445 Y135.436 E1481.35532
G1 X107.31 Y134.887 E1481.44632
G1 X112.277 Y134.905 E1481.88749
G1 X113.538 Y134.751 E1482.00032
G0 F9000 X113.351 Y134.65
G1 F1500 E1475.50032
;MESH:NONMESH
G0 F300 X113.351 Y134.65 Z2.56
G0 F9000 X122.128 Y133.678
G0 X122.128 Y86.322
G0 X112.831 Y84.305
;TIME_ELAPSED:634.246189
;LAYER:7
;TYPE:WALL-INNER
;MESH:placchetta pulsante plana o comune.stl
G1 F1500 E1482.00032
G1 X113.4 Y84.086 E1482.08144
G1 X114.02 Y83.755 E1482.17494
G1 X114.369 Y83.483 E1482.23381
G1 X114.59 Y83.231 E1482.2784
G1 X114.982 Y82.711 E1482.36504
G1 X115.176 Y82.384 E1482.41562
G1 X115.329 Y81.959 E1482.47572
G1 X115.374 Y81.634 E1482.51937
G1 X115.522 Y80.964 E1482.61065
G1 X115.397 Y80.197 E1482.71404
G1 X115.361 Y80.107 E1482.72694
G1 X115.237 Y79.547 E1482.80325
G1 X115.047 Y79.183 E1482.85787
G1 X114.799 Y78.848 E1482.91332
G1 X114.718 Y78.77 E1482.92829
G1 X114.353 Y78.286 E1483.00893
G1 X113.839 Y77.949 E1483.0907
G1 X113.249 Y77.634 E1483.17969
G1 X112.807 Y77.488 E1483.24161
G1 X112.492 Y77.455 E1483.28375
G1 X112.105 Y77.4 E1483.33576
G1 X107.919 Y77.4 E1483.89266
G1 X107.641 Y77.43 E1483.92986
G1 X107.177 Y77.493 E1483.99216
G1 X106.731 Y77.638 E1484.05455
G1 X106.467 Y77.791 E1484.09515
G1 X105.916 Y78.083 E1484.17811
G1 X105.518 Y78.43 E1484.24836
G1 X104.943 Y79.193 E1484.37547
G1 X104.724 Y79.664 E1484.44457
G1 X104.583 Y80.307 E1484.53215
G1 X104.499 Y80.813 E1484.60039
G1 X104.504 Y81.12 E1484.64124
G1 X104.633 Y81.711 E1484.72172
G1 X104.674 Y81.965 E1484.75595
G1 X104.821 Y82.381 E1484.81464
G1 X105.016 Y82.71 E1484.86553
G1 X105.421 Y83.247 E1484.95501
G1 X105.725 Y83.566 E1485.01363
G1 X105.995 Y83.762 E1485.05802
G1 X106.602 Y84.086 E1485.14956
G1 X107.169 Y84.305 E1485.23043
G1 X107.675 Y84.375 E1485.29839
G1 X107.925 Y84.4 E1485.33181
G1 X112.071 Y84.4 E1485.8834
G1 X112.322 Y84.377 E1485.91693
G1 X112.831 Y84.305 E1485.98532
G0 F9000 X112.661 Y83.925
G0 X112.579 Y83.331
;TYPE:WALL-OUTER
G1 F1500 X112.983 Y83.175 E1486.04294
G1 X113.473 Y82.913 E1486.11686
G1 X113.68 Y82.752 E1486.15175
G1 X113.814 Y82.599 E1486.17881
G1 X114.15 Y82.154 E1486.25299
G1 X114.267 Y81.956 E1486.28359
G1 X114.353 Y81.718 E1486.31726
G1 X114.389 Y81.457 E1486.35231
G1 X114.504 Y80.935 E1486.42342
G1 X114.428 Y80.466 E1486.48663
G1 X114.402 Y80.401 E1486.49595
G1 X114.289 Y79.892 E1486.56531
G1 X114.197 Y79.715 E1486.59185
G1 X114.046 Y79.512 E1486.62551
G1 X113.97 Y79.439 E1486.63953
G1 X113.659 Y79.027 E1486.70821
G1 X113.328 Y78.81 E1486.76086
G1 X112.854 Y78.557 E1486.83235
G1 X112.594 Y78.471 E1486.86878
G1 X112.37 Y78.447 E1486.89875
G1 X112.035 Y78.4 E1486.94376
G1 X107.973 Y78.4 E1487.48417
G1 X107.762 Y78.423 E1487.51241
G1 X107.401 Y78.472 E1487.56087
G1 X107.14 Y78.557 E1487.59739
G1 X106.944 Y78.67 E1487.62749
G1 X106.486 Y78.913 E1487.69647
G1 X106.254 Y79.115 E1487.73739
G1 X105.805 Y79.711 E1487.83667
G1 X105.677 Y79.986 E1487.87702
G1 X105.565 Y80.496 E1487.94649
G1 X105.5 Y80.887 E1487.99922
G1 X105.502 Y81.003 E1488.01466
G1 X105.616 Y81.522 E1488.08535
G1 X105.647 Y81.718 E1488.11175
G1 X105.731 Y81.955 E1488.14521
G1 X105.848 Y82.152 E1488.17569
G1 X106.185 Y82.599 E1488.25017
G1 X106.387 Y82.811 E1488.28912
G1 X106.527 Y82.913 E1488.31217
G1 X107.018 Y83.175 E1488.38621
G1 X107.421 Y83.33 E1488.44365
G1 X107.794 Y83.382 E1488.49376
G1 X107.975 Y83.4 E1488.51796
G1 X112.024 Y83.4 E1489.05664
G1 X112.206 Y83.383 E1489.08096
G1 X112.579 Y83.331 E1489.13106
G0 F9000 X112.854 Y84.395
G1 F1500 E1482.63106
G0 F9000 X97.872 Y86.322
G0 X97.4 Y134.15
;TYPE:WALL-INNER
G1 F1500 E1489.13106
G1 X122.6 Y134.15 E1492.48368
G1 X122.6 Y85.85 E1498.90954
G1 X97.4 Y85.85 E1502.26216
G1 X97.4 Y134.15 E1508.68802
G0 F9000 X97.8 Y133.15
G0 X98.4 Y133.15
;TYPE:WALL-OUTER
G1 F1500 X121.6 Y133.15 E1511.77456
G1 X121.6 Y86.85 E1517.93434
G1 X98.4 Y86.85 E1521.02088
G1 X98.4 Y133.15 E1527.18066
G0 F9000 X97.8 Y133.15
G0 X97.864 Y133.625
G0 X107.193 Y142.512
;TYPE:WALL-INNER
G1 F1500 X107.508 Y142.545 E1527.22279
G1 X107.895 Y142.6 E1527.2748
G1 X112.081 Y142.6 E1527.8317
G1 X112.359 Y142.57 E1527.8689
G1 X112.823 Y142.507 E1527.9312
G1 X113.268 Y142.362 E1527.99347
G1 X113.542 Y142.205 E1528.03548
G1 X114.084 Y141.916 E1528.1172
G1 X114.482 Y141.57 E1528.18736
G1 X115.057 Y140.807 E1528.31447
G1 X115.276 Y140.336 E1528.38357
G1 X115.417 Y139.693 E1528.47115
G1 X115.501 Y139.187 E1528.53939
G1 X115.496 Y138.88 E1528.58024
G1 X115.367 Y138.289 E1528.66072
G1 X115.326 Y138.035 E1528.69495
G1 X115.179 Y137.619 E1528.75365
G1 X114.984 Y137.29 E1528.80453
G1 X114.579 Y136.753 E1528.89401
G1 X114.275 Y136.434 E1528.95264
G1 X114.005 Y136.238 E1528.99702
G1 X113.398 Y135.914 E1529.08856
G1 X112.831 Y135.695 E1529.16943
G1 X112.325 Y135.625 E1529.23739
G1 X112.075 Y135.6 E1529.27081
G1 X107.929 Y135.6 E1529.8224
G1 X107.678 Y135.623 E1529.85593
G1 X107.169 Y135.695 E1529.92432
G1 X106.6 Y135.914 E1530.00544
G1 X105.98 Y136.245 E1530.09894
G1 X105.631 Y136.517 E1530.15781
G1 X105.41 Y136.769 E1530.2024
G1 X105.018 Y137.289 E1530.28904
G1 X104.824 Y137.616 E1530.33962
G1 X104.671 Y138.041 E1530.39972
G1 X104.626 Y138.366 E1530.44337
G1 X104.478 Y139.036 E1530.53465
G1 X104.603 Y139.803 E1530.63804
G1 X104.639 Y139.893 E1530.65094
G1 X104.763 Y140.453 E1530.72724
G1 X104.953 Y140.817 E1530.78187
G1 X105.201 Y141.152 E1530.83732
G1 X105.282 Y141.23 E1530.85228
G1 X105.647 Y141.714 E1530.93293
G1 X106.161 Y142.051 E1531.0147
G1 X106.751 Y142.366 E1531.10369
G1 X107.193 Y142.512 E1531.16561
G0 F9000 X107.342 Y142.124
G0 X107.406 Y141.529
;TYPE:WALL-OUTER
G1 F1500 X107.63 Y141.553 E1531.19559
G1 X107.965 Y141.6 E1531.24059
G1 X112.027 Y141.6 E1531.781
G1 X112.238 Y141.577 E1531.80924
G1 X112.599 Y141.528 E1531.85771
G1 X112.86 Y141.443 E1531.89423
G1 X113.057 Y141.33 E1531.92444
G1 X113.514 Y141.087 E1531.9933
G1 X113.746 Y140.885 E1532.03423
G1 X114.195 Y140.289 E1532.1335
G1 X114.323 Y140.014 E1532.17386
G1 X114.435 Y139.504 E1532.24332
G1 X114.5 Y139.113 E1532.29606
G1 X114.498 Y138.997 E1532.31149
G1 X114.384 Y138.478 E1532.38219
G1 X114.353 Y138.282 E1532.40859
G1 X114.269 Y138.045 E1532.44204
G1 X114.152 Y137.848 E1532.47252
G1 X113.815 Y137.401 E1532.547
G1 X113.613 Y137.189 E1532.58596
G1 X113.473 Y137.087 E1532.609
G1 X112.982 Y136.825 E1532.68304
G1 X112.579 Y136.67 E1532.74049
G1 X112.206 Y136.618 E1532.79059
G1 X112.025 Y136.6 E1532.81479
G1 X107.976 Y136.6 E1533.35347
G1 X107.794 Y136.617 E1533.37779
G1 X107.421 Y136.669 E1533.42789
G1 X107.017 Y136.825 E1533.48551
G1 X106.527 Y137.087 E1533.55943
G1 X106.32 Y137.248 E1533.59432
G1 X106.186 Y137.401 E1533.62138
G1 X105.85 Y137.846 E1533.69556
G1 X105.733 Y138.044 E1533.72616
G1 X105.647 Y138.282 E1533.75983
G1 X105.611 Y138.543 E1533.79488
G1 X105.496 Y139.065 E1533.86599
G1 X105.572 Y139.534 E1533.9292
G1 X105.598 Y139.599 E1533.93852
G1 X105.711 Y140.108 E1534.00788
G1 X105.803 Y140.285 E1534.03442
G1 X105.954 Y140.488 E1534.06808
G1 X106.03 Y140.561 E1534.0821
G1 X106.341 Y140.973 E1534.15078
G1 X106.672 Y141.19 E1534.20343
G1 X107.146 Y141.443 E1534.27492
G1 X107.406 Y141.529 E1534.31135
G0 F9000 X107.174 Y142.604
G0 X128.5 Y148.5
;TYPE:WALL-INNER
G1 F1500 X91.5 Y148.5 E1539.23385
G1 X91.5 Y71.5 E1549.47797
G1 X128.5 Y71.5 E1554.40047
G1 X128.5 Y148.5 E1564.64459
G0 F9000 X128.93 Y148.93
G0 X129.5 Y149.5
;TYPE:WALL-OUTER
G1 F1500 X90.5 Y149.5 E1569.83317
G1 X90.5 Y70.5 E1580.34338
G1 X129.5 Y70.5 E1585.53196
G1 X129.5 Y149.5 E1596.04216
G0 F9000 X128.93 Y148.93
G0 X128.299 Y146.953
;TYPE:FILL
G1 F3000 X115.696 Y134.349 E1598.41348
G0 F9000 X117.129 Y134.349
G1 F3000 X113.391 Y148.3 E1600.335
G0 F9000 X108.432 Y148.299
G1 F3000 X91.699 Y131.566 E1603.48327
G0 F9000 X91.699 Y132.305
G1 F3000 X97.198 Y130.832 E1604.24066
G0 F9000 X97.872 Y133.678
G0 X101.6 Y134.349
G1 F3000 X97.862 Y148.299 E1606.16204
G0 F9000 X91.7 Y147.834
G1 F3000 X110.491 Y142.799 E1608.7502
G0 F9000 X114.644 Y141.686
G1 F3000 X128.298 Y138.027 E1610.63083
G0 F9000 X128.299 Y125.739
G1 F3000 X122.799 Y120.239 E1611.66564
G0 F9000 X122.799 Y123.972
G1 F3000 X128.298 Y122.498 E1612.42306
G0 F9000 X122.799 Y113.188
G1 F3000 X128.299 Y92.663 E1615.25005
G0 F9000 X128.298 Y91.44
G1 F3000 X122.799 Y92.914 E1616.00747
G0 F9000 X122.799 Y99.026
G1 F3000 X128.299 Y104.526 E1617.04228
G0 F9000 X128.298 Y106.969
G1 F3000 X122.799 Y108.443 E1617.7997
G0 F9000 X122.128 Y86.322
G0 X114.649 Y85.649
G1 F3000 X118.387 Y71.699 E1619.72109
G0 F9000 X116.686 Y71.699
G1 F3000 X128.299 Y83.313 E1621.90614
G0 F9000 X128.298 Y75.911
G1 F3000 X115.372 Y79.375 E1623.6865
G0 F9000 X114.879 Y81.847
G0 X114.599 Y82.455
G0 X114.052 Y83.146
G0 X109.422 Y85.649
G1 F3000 X108.373 Y84.6 E1623.88387
G0 F9000 X106.476 Y83.483
G0 X104.57 Y82.269
G1 F3000 X91.7 Y85.718 E1625.65652
G0 F9000 X91.699 Y89.14
G1 F3000 X97.199 Y94.639 E1626.69124
G0 F9000 X97.199 Y92.82
G1 F3000 X91.699 Y113.344 E1629.51811
G0 F9000 X91.699 Y110.353
G1 F3000 X97.199 Y115.853 E1630.55292
G0 F9000 X97.198 Y115.303
G1 F3000 X91.699 Y116.776 E1631.3103
G0 F9000 X91.7 Y101.247
G1 F3000 X97.199 Y99.773 E1632.06772
G0 F9000 X97.872 Y86.322
G0 X99.12 Y85.649
G1 F3000 X102.858 Y71.698 E1633.98923
G0 F9000 X95.472 Y71.699
G1 F3000 X104.337 Y80.564 E1635.65716
G0 F9000 X105.196 Y82.094
G0 X106.957 Y84.668
G0 X106.573 Y85.051
;TYPE:SKIN
G1 F1500 X107.226 Y85.105 E1635.71924
G1 X112.18 Y85.101 E1636.18859
G1 X113.486 Y85.209 E1636.31275
G1 F1500 E1629.81275
G0 F9000 X113.261 Y85.435
G0 X122.128 Y86.322
G0 X122.128 Y133.678
G0 X112.923 Y134.563
G0 X112.603 Y134.883
G1 F1500 E1636.31275
G1 X113.268 Y134.924 E1636.3644
G1 X113.537 Y135.363 E1636.40431
G1 X111.199 Y134.873 E1636.5895
G1 X106.829 Y135 E1636.92842
G1 X106.404 Y134.717 E1636.96801
G0 F9000 X106.559 Y134.65
G1 F1500 E1630.46801
;MESH:NONMESH
G0 F300 X106.559 Y134.65 Z2.88
G0 F9000 X97.872 Y133.678
G0 X97.872 Y86.322
G0 X106.82 Y84.197
;TIME_ELAPSED:688.982004
;LAYER:8
;TYPE:WALL-INNER
;MESH:placchetta pulsante plana o comune.stl
G1 F1500 E1636.96801
G1 X107.223 Y84.314 E1637.02384
G1 X107.657 Y84.373 E1637.08211
G1 X107.925 Y84.4 E1637.11794
G1 X112.071 Y84.4 E1637.66953
G1 X112.341 Y84.375 E1637.7056
G1 X112.78 Y84.314 E1637.76457
G1 X113.179 Y84.198 E1637.81985
G1 X113.47 Y84.052 E1637.86316
G1 X114.008 Y83.763 E1637.94441
G1 X114.37 Y83.482 E1638.00538
G1 X114.606 Y83.214 E1638.05289
G1 X114.972 Y82.729 E1638.13373
G1 X115.176 Y82.385 E1638.18693
G1 X115.334 Y81.946 E1638.24901
G1 X115.397 Y81.526 E1638.30551
G1 X115.512 Y81.008 E1638.3761
G1 X115.476 Y80.524 E1638.44067
G1 X115.373 Y80.114 E1638.49691
G1 X115.348 Y80.053 E1638.50568
G1 X115.238 Y79.554 E1638.57366
G1 X115.046 Y79.177 E1638.62995
G1 X114.777 Y78.814 E1638.69006
G1 X114.688 Y78.73 E1638.70634
G1 X114.352 Y78.285 E1638.78052
G1 X113.811 Y77.932 E1638.86647
G1 X113.259 Y77.637 E1638.94973
G1 X112.795 Y77.487 E1639.01461
G1 X112.445 Y77.448 E1639.06146
G1 X112.105 Y77.4 E1639.10714
G1 X107.921 Y77.4 E1639.66379
G1 X107.618 Y77.432 E1639.70432
G1 X107.181 Y77.492 E1639.76301
G1 X106.717 Y77.645 E1639.82801
G1 X106.422 Y77.813 E1639.87317
G1 X105.924 Y78.078 E1639.94822
G1 X105.509 Y78.441 E1640.02157
G1 X104.95 Y79.18 E1640.14485
G1 X104.72 Y79.672 E1640.21711
G1 X104.587 Y80.286 E1640.30069
G1 X104.499 Y80.812 E1640.37164
G1 X104.504 Y81.125 E1640.41329
G1 X104.622 Y81.656 E1640.48565
G1 X104.666 Y81.947 E1640.52481
G1 X104.822 Y82.38 E1640.58604
G1 X105.023 Y82.725 E1640.63916
G1 X105.404 Y83.228 E1640.72311
G1 X105.726 Y83.566 E1640.78522
G1 X106.006 Y83.771 E1640.83139
G1 X106.527 Y84.048 E1640.90989
G1 X106.82 Y84.197 E1640.95362
G0 F9000 X106.917 Y83.797
G0 X107.189 Y83.263
;TYPE:WALL-OUTER
G1 F1500 X107.431 Y83.333 E1640.98713
G1 X107.774 Y83.38 E1641.03319
G1 X107.975 Y83.4 E1641.06007
G1 X112.024 Y83.4 E1641.59875
G1 X112.225 Y83.381 E1641.62561
G1 X112.571 Y83.333 E1641.67208
G1 X112.812 Y83.263 E1641.70547
G1 X113.009 Y83.164 E1641.7348
G1 X113.461 Y82.922 E1641.80301
G1 X113.682 Y82.75 E1641.84027
G1 X113.831 Y82.581 E1641.87024
G1 X114.14 Y82.172 E1641.93844
G1 X114.267 Y81.957 E1641.97166
G1 X114.36 Y81.699 E1642.00815
G1 X114.399 Y81.443 E1642.0426
G1 X114.4 Y81.406 E1642.04752
G1 X114.504 Y80.936 E1642.11157
G1 X114.485 Y80.685 E1642.14505
G1 X114.42 Y80.426 E1642.18058
G1 X114.391 Y80.355 E1642.19078
G1 X114.289 Y79.894 E1642.2536
G1 X114.193 Y79.705 E1642.2818
G1 X114.027 Y79.481 E1642.31889
G1 X113.942 Y79.401 E1642.33442
G1 X113.659 Y79.027 E1642.39682
G1 X113.301 Y78.793 E1642.45372
G1 X112.867 Y78.561 E1642.51919
G1 X112.584 Y78.47 E1642.55874
G1 X112.334 Y78.442 E1642.59221
G1 X112.035 Y78.4 E1642.63238
G1 X107.974 Y78.4 E1643.17266
G1 X107.738 Y78.425 E1643.20423
G1 X107.407 Y78.47 E1643.24867
G1 X107.125 Y78.563 E1643.28818
G1 X106.911 Y78.685 E1643.32095
G1 X106.495 Y78.907 E1643.38368
G1 X106.244 Y79.126 E1643.428
G1 X105.811 Y79.699 E1643.52355
G1 X105.673 Y79.994 E1643.56688
G1 X105.569 Y80.474 E1643.63222
G1 X105.5 Y80.887 E1643.68793
G1 X105.502 Y81.008 E1643.70403
G1 X105.607 Y81.483 E1643.76875
G1 X105.64 Y81.7 E1643.79795
G1 X105.732 Y81.955 E1643.83401
G1 X105.857 Y82.169 E1643.86698
G1 X106.167 Y82.579 E1643.93537
G1 X106.389 Y82.812 E1643.97818
G1 X106.539 Y82.922 E1644.00293
G1 X106.989 Y83.161 E1644.07072
G1 X107.189 Y83.263 E1644.10059
G0 F9000 X106.785 Y84.285
G1 F1500 E1637.60059
G0 F9000 X97.872 Y86.322
G0 X97.4 Y134.15
;TYPE:WALL-INNER
G1 F1500 E1644.10059
G1 X122.6 Y134.15 E1647.45321
G1 X122.6 Y85.85 E1653.87907
G1 X97.4 Y85.85 E1657.23169
G1 X97.4 Y134.15 E1663.65755
G0 F9000 X97.8 Y133.15
G0 X98.4 Y133.15
;TYPE:WALL-OUTER
G1 F1500 X121.6 Y133.15 E1666.74409
G1 X121.6 Y86.85 E1672.90387
G1 X98.4 Y86.85 E1675.99041
G1 X98.4 Y133.15 E1682.15018
G0 F9000 X97.8 Y133.15
G0 X97.864 Y133.625
G0 X107.205 Y142.513
;TYPE:WALL-INNER
G1 F1500 X107.555 Y142.552 E1682.19704
G1 X107.895 Y142.6 E1682.24272
G1 X112.079 Y142.6 E1682.79936
G1 X112.382 Y142.568 E1682.83989
G1 X112.819 Y142.508 E1682.89858
G1 X113.283 Y142.355 E1682.96358
G1 X113.586 Y142.183 E1683.00993
G1 X114.077 Y141.921 E1683.08397
G1 X114.491 Y141.559 E1683.15714
G1 X115.05 Y140.82 E1683.28041
G1 X115.28 Y140.328 E1683.35267
G1 X115.413 Y139.714 E1683.43625
G1 X115.501 Y139.188 E1683.5072
G1 X115.496 Y138.875 E1683.54885
G1 X115.378 Y138.344 E1683.62122
G1 X115.334 Y138.053 E1683.66037
G1 X115.178 Y137.62 E1683.7216
G1 X114.977 Y137.275 E1683.77472
G1 X114.596 Y136.772 E1683.85867
G1 X114.274 Y136.434 E1683.92078
G1 X113.994 Y136.229 E1683.96695
G1 X113.473 Y135.952 E1684.04545
G1 X113.18 Y135.803 E1684.08918
G1 X112.777 Y135.686 E1684.14501
G1 X112.343 Y135.627 E1684.20328
G1 X112.075 Y135.6 E1684.23912
G1 X107.929 Y135.6 E1684.7907
G1 X107.659 Y135.625 E1684.82678
G1 X107.22 Y135.686 E1684.88574
G1 X106.821 Y135.802 E1684.94103
G1 X106.53 Y135.948 E1684.98434
G1 X105.992 Y136.237 E1685.06559
G1 X105.63 Y136.518 E1685.12656
G1 X105.394 Y136.786 E1685.17406
G1 X105.028 Y137.271 E1685.2549
G1 X104.824 Y137.615 E1685.30811
G1 X104.666 Y138.054 E1685.37018
G1 X104.603 Y138.474 E1685.42668
G1 X104.488 Y138.992 E1685.49728
G1 X104.524 Y139.476 E1685.56185
G1 X104.627 Y139.886 E1685.61809
G1 X104.652 Y139.947 E1685.62686
G1 X104.762 Y140.446 E1685.69484
G1 X104.954 Y140.823 E1685.75113
G1 X105.223 Y141.186 E1685.81123
G1 X105.312 Y141.27 E1685.82752
G1 X105.648 Y141.715 E1685.9017
G1 X106.189 Y142.068 E1685.98764
G1 X106.741 Y142.363 E1686.07091
G1 X107.205 Y142.513 E1686.13578
G0 F9000 X107.233 Y142.1
G0 X107.416 Y141.53
;TYPE:WALL-OUTER
G1 F1500 X107.666 Y141.558 E1686.16925
G1 X107.965 Y141.6 E1686.20942
G1 X112.026 Y141.6 E1686.7497
G1 X112.262 Y141.575 E1686.78127
G1 X112.593 Y141.53 E1686.82572
G1 X112.875 Y141.437 E1686.86522
G1 X113.091 Y141.314 E1686.89829
G1 X113.505 Y141.093 E1686.96072
G1 X113.756 Y140.874 E1687.00504
G1 X114.189 Y140.301 E1687.10059
G1 X114.327 Y140.006 E1687.14392
G1 X114.431 Y139.526 E1687.20926
G1 X114.5 Y139.113 E1687.26497
G1 X114.498 Y138.992 E1687.28107
G1 X114.393 Y138.517 E1687.34579
G1 X114.36 Y138.3 E1687.37499
G1 X114.268 Y138.045 E1687.41106
G1 X114.143 Y137.831 E1687.44403
G1 X113.833 Y137.421 E1687.51241
G1 X113.611 Y137.188 E1687.55523
G1 X113.461 Y137.078 E1687.57998
G1 X113.011 Y136.839 E1687.64776
G1 X112.811 Y136.737 E1687.67763
G1 X112.569 Y136.667 E1687.71115
G1 X112.226 Y136.62 E1687.75721
G1 X112.025 Y136.6 E1687.78408
G1 X107.976 Y136.6 E1688.32276
G1 X107.775 Y136.619 E1688.34962
G1 X107.429 Y136.667 E1688.39609
G1 X107.188 Y136.737 E1688.42948
G1 X106.991 Y136.836 E1688.45881
G1 X106.539 Y137.078 E1688.52703
G1 X106.318 Y137.25 E1688.56428
G1 X106.169 Y137.419 E1688.59426
G1 X105.86 Y137.828 E1688.66245
G1 X105.733 Y138.043 E1688.69568
G1 X105.64 Y138.301 E1688.73216
G1 X105.601 Y138.557 E1688.76661
G1 X105.6 Y138.594 E1688.77154
G1 X105.496 Y139.064 E1688.83558
G1 X105.515 Y139.315 E1688.86907
G1 X105.58 Y139.574 E1688.90459
G1 X105.609 Y139.645 E1688.9148
G1 X105.711 Y140.106 E1688.97761
G1 X105.807 Y140.295 E1689.00581
G1 X105.973 Y140.519 E1689.04291
G1 X106.058 Y140.599 E1689.05844
G1 X106.341 Y140.973 E1689.12083
G1 X106.699 Y141.207 E1689.17773
G1 X107.133 Y141.439 E1689.2432
G1 X107.416 Y141.53 E1689.28275
G0 F9000 X107.186 Y142.605
G0 X128.5 Y148.5
;TYPE:WALL-INNER
G1 F1500 X91.5 Y148.5 E1694.20525
G1 X91.5 Y71.5 E1704.44938
G1 X128.5 Y71.5 E1709.37188
G1 X128.5 Y148.5 E1719.616
G0 F9000 X128.93 Y148.93
G0 X129.5 Y149.5
;TYPE:WALL-OUTER
G1 F1500 X90.5 Y149.5 E1724.80458
G1 X90.5 Y70.5 E1735.31478
G1 X129.5 Y70.5 E1740.50336
G1 X129.5 Y149.5 E1751.01356
G0 F9000 X128.93 Y148.93
G0 X128.299 Y146.633
;TYPE:FILL
G1 F3000 X116.015 Y134.349 E1753.32477
G0 F9000 X116.896 Y134.348
G1 F3000 X115.693 Y138.838 E1753.94319
G0 F9000 X115.085 Y141.104
G1 F3000 X113.157 Y148.3 E1754.93432
G0 F9000 X108.752 Y148.299
G1 F3000 X91.699 Y131.246 E1758.1428
G0 F9000 X91.7 Y132.539
G1 F3000 X97.198 Y131.066 E1758.90006
G0 F9000 X97.872 Y133.678
G0 X101.367 Y134.348
G1 F3000 X97.628 Y148.3 E1760.82174
G0 F9000 X91.699 Y148.068
G1 F3000 X111.365 Y142.799 E1763.53039
G0 F9000 X114.264 Y142.022
G1 F3000 X128.298 Y138.262 E1765.46333
G0 F9000 X128.299 Y125.42
G1 F3000 X122.799 Y119.92 E1766.49814
G0 F9000 X122.8 Y124.206
G1 F3000 X128.299 Y122.732 E1767.25556
G0 F9000 X122.8 Y112.315
G1 F3000 X128.299 Y91.791 E1770.08239
G0 F9000 X128.298 Y91.674
G1 F3000 X122.799 Y93.148 E1770.83981
G0 F9000 X122.799 Y98.707
G1 F3000 X128.299 Y104.207 E1771.87462
G0 F9000 X128.299 Y107.203
G1 F3000 X122.8 Y108.677 E1772.63204
G1 F1500 E1766.13204
G0 F9000 X122.128 Y86.322
G0 X114.415 Y85.649
G1 F1500 E1772.63204
G1 F3000 X115.193 Y82.745 E1773.03201
G0 F9000 X115.7 Y80.853
G1 F3000 X118.154 Y71.698 E1774.293
G0 F9000 X117.005 Y71.699
G1 F3000 X128.299 Y82.993 E1776.41794
G0 F9000 X128.298 Y76.145
G1 F3000 X115.45 Y79.588 E1778.18755
G0 F9000 X114.757 Y82.188
G0 X114.053 Y83.145
G0 X113.603 Y83.427
G0 X109.742 Y85.649
G1 F3000 X108.692 Y84.6 E1778.38501
G0 F9000 X107.309 Y83.909
G0 X104.649 Y82.482
G1 F3000 X91.7 Y85.951 E1780.16851
G0 F9000 X91.699 Y88.82
G1 F3000 X97.199 Y94.32 E1781.20332
G0 F9000 X97.199 Y91.947
G1 F3000 X91.699 Y112.472 E1784.03031
G0 F9000 X91.699 Y110.033
G1 F3000 X97.199 Y115.533 E1785.06513
G0 F9000 X97.199 Y115.536
G1 F3000 X91.7 Y117.01 E1785.82254
G0 F9000 X91.699 Y101.481
G1 F3000 X97.198 Y100.007 E1786.57996
G0 F9000 X97.872 Y86.322
G0 X98.886 Y85.65
G1 F3000 X102.624 Y71.699 E1788.50148
G0 F9000 X95.792 Y71.699
G1 F3000 X104.383 Y80.29 E1790.11785
G0 F9000 X104.868 Y81.363
G0 X106.407 Y84.487
G0 X106.881 Y84.961
;TYPE:SKIN
G1 F1500 X107.722 Y85.095 E1790.20222
G1 X112.689 Y85.112 E1790.69432
G1 X113.563 Y84.572 E1790.7961
G0 F9000 X113.632 Y84.64
G0 X106.648 Y85.435
G1 F1500 X106.265 Y85.052 E1790.83213
G1 F1500 E1784.33213
G0 F9000 X97.872 Y86.322
G0 X97.872 Y133.678
G0 X106.279 Y134.563
G0 X106.652 Y134.936
G1 F1500 E1790.83213
G1 X106.435 Y135.426 E1790.88003
G1 X107.309 Y134.886 E1790.97185
G1 X112.276 Y134.903 E1791.4158
G1 X113.541 Y134.755 E1791.52963
G0 F9000 X113.35 Y134.65
G1 F1500 E1785.02963
;MESH:NONMESH
G0 F300 X113.35 Y134.65 Z3.2
G0 F9000 X122.128 Y133.678
G0 X122.128 Y86.322
G0 X113.194 Y84.194
;TIME_ELAPSED:744.469783
;LAYER:9
;TYPE:WALL-INNER
;MESH:placchetta pulsante plana o comune.stl
G1 F1500 E1791.52963
G1 X113.502 Y84.036 E1791.57569
G1 X113.995 Y83.773 E1791.65002
G1 X114.376 Y83.474 E1791.71446
G1 X114.621 Y83.198 E1791.76356
G1 X114.96 Y82.749 E1791.83841
G1 X115.178 Y82.384 E1791.89497
G1 X115.34 Y81.925 E1791.95972
G1 X115.406 Y81.5 E1792.01694
G1 X115.407 Y81.484 E1792.01908
G1 X115.512 Y81.01 E1792.08367
G1 X115.476 Y80.512 E1792.15009
G1 X115.368 Y80.079 E1792.20947
G1 X115.338 Y80.005 E1792.22009
G1 X115.238 Y79.551 E1792.28194
G1 X115.039 Y79.164 E1792.33983
G1 X114.761 Y78.789 E1792.40194
G1 X114.661 Y78.693 E1792.42038
G1 X114.373 Y78.313 E1792.48381
G1 X114.056 Y78.07 E1792.53695
G1 X113.754 Y77.899 E1792.58312
G1 X113.277 Y77.644 E1792.65508
G1 X112.792 Y77.486 E1792.72295
G1 X112.427 Y77.444 E1792.77183
G1 X112.102 Y77.4 E1792.81546
G1 X107.919 Y77.4 E1793.37197
G1 X107.597 Y77.435 E1793.41506
G1 X107.191 Y77.488 E1793.46953
G1 X106.701 Y77.65 E1793.53819
G1 X106.403 Y77.82 E1793.58384
G1 X105.932 Y78.071 E1793.65484
G1 X105.498 Y78.45 E1793.7315
G1 X104.955 Y79.171 E1793.85158
G1 X104.716 Y79.684 E1793.92687
G1 X104.611 Y80.17 E1793.99302
G1 X104.521 Y80.522 E1794.04136
G1 X104.498 Y81.102 E1794.11858
G1 X104.611 Y81.612 E1794.18808
G1 X104.661 Y81.929 E1794.23077
G1 X104.823 Y82.383 E1794.2949
G1 X105.037 Y82.744 E1794.35074
G1 X105.385 Y83.208 E1794.4279
G1 X105.72 Y83.563 E1794.49284
G1 X106.017 Y83.779 E1794.5417
G1 X106.501 Y84.038 E1794.61473
G1 X106.814 Y84.195 E1794.66131
G1 X107.232 Y84.315 E1794.71917
G1 X107.636 Y84.371 E1794.77343
G1 X107.925 Y84.4 E1794.81208
G1 X112.071 Y84.4 E1795.36366
G1 X112.36 Y84.373 E1795.40228
G1 X112.768 Y84.317 E1795.45707
G1 X113.194 Y84.194 E1795.51606
G0 F9000 X113.096 Y83.795
G0 X112.824 Y83.26
;TYPE:WALL-OUTER
G1 F1500 X113.039 Y83.15 E1795.54819
G1 X113.447 Y82.932 E1795.60973
G1 X113.688 Y82.743 E1795.65048
G1 X113.847 Y82.564 E1795.68233
G1 X114.129 Y82.19 E1795.74465
G1 X114.268 Y81.957 E1795.78074
G1 X114.366 Y81.68 E1795.81983
G1 X114.409 Y81.402 E1795.85726
G1 X114.411 Y81.355 E1795.86352
G1 X114.504 Y80.936 E1795.92062
G1 X114.485 Y80.67 E1795.9561
G1 X114.415 Y80.39 E1795.99449
G1 X114.38 Y80.304 E1796.00685
G1 X114.289 Y79.893 E1796.06285
G1 X114.187 Y79.694 E1796.0926
G1 X114.008 Y79.453 E1796.13254
G1 X113.911 Y79.36 E1796.15042
G1 X113.657 Y79.024 E1796.20645
G1 X113.503 Y78.906 E1796.23227
G1 X113.272 Y78.775 E1796.2676
G1 X112.883 Y78.567 E1796.32628
G1 X112.579 Y78.468 E1796.36882
G1 X112.303 Y78.437 E1796.40577
G1 X112.034 Y78.4 E1796.44189
G1 X107.973 Y78.4 E1796.98217
G1 X107.715 Y78.428 E1797.0167
G1 X107.415 Y78.467 E1797.05694
G1 X107.11 Y78.568 E1797.09969
G1 X106.873 Y78.703 E1797.13598
G1 X106.503 Y78.9 E1797.19174
G1 X106.234 Y79.135 E1797.23926
G1 X105.817 Y79.688 E1797.33141
G1 X105.67 Y80.005 E1797.3779
G1 X105.58 Y80.418 E1797.43413
G1 X105.516 Y80.668 E1797.46846
G1 X105.502 Y81.013 E1797.5144
G1 X105.595 Y81.433 E1797.57163
G1 X105.634 Y81.681 E1797.60503
G1 X105.732 Y81.956 E1797.64387
G1 X105.869 Y82.187 E1797.6796
G1 X106.151 Y82.562 E1797.74202
G1 X106.384 Y82.809 E1797.7872
G1 X106.55 Y82.93 E1797.81453
G1 X106.962 Y83.15 E1797.87667
G1 X107.18 Y83.26 E1797.90915
G1 X107.439 Y83.334 E1797.94499
G1 X107.755 Y83.378 E1797.98743
G1 X107.975 Y83.4 E1798.01685
G1 X112.024 Y83.4 E1798.55553
G1 X112.245 Y83.379 E1798.58506
G1 X112.561 Y83.336 E1798.62749
G1 X112.824 Y83.26 E1798.66391
G0 F9000 X113.228 Y84.282
G1 F1500 E1792.16391
G0 F9000 X97.872 Y86.322
G0 X97.4 Y134.15
;TYPE:WALL-INNER
G1 F1500 E1798.66391
G1 X122.6 Y134.15 E1802.01654
G1 X122.6 Y85.85 E1808.44239
G1 X97.4 Y85.85 E1811.79502
G1 X97.4 Y134.15 E1818.22087
G0 F9000 X97.8 Y133.15
G0 X98.4 Y133.15
;TYPE:WALL-OUTER
G1 F1500 X121.6 Y133.15 E1821.30741
G1 X121.6 Y86.85 E1827.46719
G1 X98.4 Y86.85 E1830.55373
G1 X98.4 Y133.15 E1836.71351
G0 F9000 X97.8 Y133.15
G0 X97.864 Y133.625
G0 X107.208 Y142.514
;TYPE:WALL-INNER
G1 F1500 X107.573 Y142.556 E1836.76239
G1 X107.898 Y142.6 E1836.80602
G1 X112.081 Y142.6 E1837.36253
G1 X112.403 Y142.565 E1837.40562
G1 X112.809 Y142.512 E1837.46009
G1 X113.299 Y142.35 E1837.52875
G1 X113.597 Y142.18 E1837.5744
G1 X114.068 Y141.929 E1837.6454
G1 X114.502 Y141.55 E1837.72206
G1 X115.045 Y140.829 E1837.84214
G1 X115.284 Y140.316 E1837.91744
G1 X115.389 Y139.83 E1837.98358
G1 X115.479 Y139.478 E1838.03192
G1 X115.502 Y138.898 E1838.10915
G1 X115.386 Y138.371 E1838.18094
G1 X115.339 Y138.071 E1838.22134
G1 X115.177 Y137.617 E1838.28547
G1 X114.963 Y137.256 E1838.3413
G1 X114.615 Y136.792 E1838.41846
G1 X114.28 Y136.437 E1838.4834
G1 X113.983 Y136.221 E1838.53226
G1 X113.499 Y135.962 E1838.60529
G1 X113.186 Y135.805 E1838.65188
G1 X112.768 Y135.685 E1838.70973
G1 X112.364 Y135.629 E1838.764
G1 X112.075 Y135.6 E1838.80264
G1 X107.929 Y135.6 E1839.35422
G1 X107.64 Y135.627 E1839.39284
G1 X107.232 Y135.683 E1839.44763
G1 X106.806 Y135.806 E1839.50662
G1 X106.498 Y135.964 E1839.55267
G1 X106.005 Y136.227 E1839.62701
G1 X105.624 Y136.526 E1839.69144
G1 X105.379 Y136.802 E1839.74054
G1 X105.04 Y137.251 E1839.81539
G1 X104.822 Y137.616 E1839.87195
G1 X104.66 Y138.075 E1839.93671
G1 X104.595 Y138.505 E1839.99457
G1 X104.488 Y138.991 E1840.06078
G1 X104.524 Y139.488 E1840.12707
G1 X104.632 Y139.921 E1840.18644
G1 X104.662 Y139.995 E1840.19706
G1 X104.762 Y140.449 E1840.25891
G1 X104.961 Y140.836 E1840.31681
G1 X105.239 Y141.211 E1840.37891
G1 X105.339 Y141.307 E1840.39735
G1 X105.627 Y141.687 E1840.46079
G1 X105.944 Y141.93 E1840.51393
G1 X106.246 Y142.101 E1840.5601
G1 X106.723 Y142.356 E1840.63206
G1 X107.208 Y142.514 E1840.69992
G0 F9000 X107.353 Y142.127
G0 X107.421 Y141.532
;TYPE:WALL-OUTER
G1 F1500 X107.697 Y141.563 E1840.73687
G1 X107.966 Y141.6 E1840.773
G1 X112.027 Y141.6 E1841.31327
G1 X112.285 Y141.572 E1841.3478
G1 X112.585 Y141.533 E1841.38805
G1 X112.89 Y141.432 E1841.43079
G1 X113.127 Y141.297 E1841.46708
G1 X113.497 Y141.1 E1841.52285
G1 X113.766 Y140.865 E1841.57037
G1 X114.183 Y140.312 E1841.66251
G1 X114.33 Y139.995 E1841.709
G1 X114.42 Y139.582 E1841.76524
G1 X114.484 Y139.332 E1841.79957
G1 X114.498 Y138.987 E1841.8455
G1 X114.404 Y138.561 E1841.90354
G1 X114.366 Y138.319 E1841.93613
G1 X114.268 Y138.044 E1841.97497
G1 X114.131 Y137.813 E1842.0107
G1 X113.849 Y137.438 E1842.07313
G1 X113.616 Y137.191 E1842.1183
G1 X113.45 Y137.07 E1842.14563
G1 X113.038 Y136.85 E1842.20777
G1 X112.82 Y136.74 E1842.24025
G1 X112.561 Y136.666 E1842.27609
G1 X112.245 Y136.622 E1842.31854
G1 X112.025 Y136.6 E1842.34795
G1 X107.976 Y136.6 E1842.88663
G1 X107.755 Y136.621 E1842.91617
G1 X107.439 Y136.664 E1842.9586
G1 X107.176 Y136.74 E1842.99502
G1 X106.961 Y136.85 E1843.02715
G1 X106.553 Y137.068 E1843.08869
G1 X106.312 Y137.257 E1843.12944
G1 X106.153 Y137.436 E1843.16129
G1 X105.871 Y137.81 E1843.22361
G1 X105.732 Y138.043 E1843.2597
G1 X105.634 Y138.32 E1843.29879
G1 X105.591 Y138.598 E1843.33622
G1 X105.589 Y138.641 E1843.34194
G1 X105.496 Y139.064 E1843.39956
G1 X105.515 Y139.33 E1843.43504
G1 X105.585 Y139.61 E1843.47344
G1 X105.62 Y139.696 E1843.48579
G1 X105.711 Y140.107 E1843.5418
G1 X105.813 Y140.306 E1843.57155
G1 X105.992 Y140.547 E1843.61149
G1 X106.089 Y140.64 E1843.62936
G1 X106.343 Y140.976 E1843.6854
G1 X106.497 Y141.094 E1843.71121
G1 X106.728 Y141.225 E1843.74654
G1 X107.117 Y141.433 E1843.80523
G1 X107.421 Y141.532 E1843.84776
G0 F9000 X107.189 Y142.607
G0 X128.5 Y148.5
;TYPE:WALL-INNER
G1 F1500 X91.5 Y148.5 E1848.77026
G1 X91.5 Y71.5 E1859.01439
G1 X128.5 Y71.5 E1863.93689
G1 X128.5 Y148.5 E1874.18101
G0 F9000 X128.93 Y148.93
G0 X129.5 Y149.5
;TYPE:WALL-OUTER
G1 F1500 X90.5 Y149.5 E1879.36959
G1 X90.5 Y70.5 E1889.87979
G1 X129.5 Y70.5 E1895.06837
G1 X129.5 Y149.5 E1905.57858
G0 F9000 X128.93 Y148.93
G0 X128.299 Y146.313
;TYPE:FILL
G1 F3000 X116.335 Y134.349 E1907.82958
G0 F9000 X116.662 Y134.349
G1 F3000 X115.587 Y138.357 E1908.38165
G0 F9000 X114.722 Y141.585
G1 F3000 X112.923 Y148.3 E1909.30652
G0 F9000 X109.071 Y148.299
G1 F3000 X91.699 Y130.927 E1912.57502
G0 F9000 X91.699 Y132.773
G1 F3000 X97.198 Y131.3 E1913.3324
G0 F9000 X97.872 Y133.678
G0 X101.132 Y134.348
G1 F3000 X97.394 Y148.299 E1915.25392
G0 F9000 X91.71 Y148.299
G1 F3000 X112.338 Y142.772 E1918.09508
G0 F9000 X113.509 Y142.458
G1 F3000 X128.299 Y138.495 E1920.13217
G0 F9000 X128.299 Y125.1
G1 F3000 X122.799 Y119.6 E1921.16698
G0 F9000 X122.799 Y124.44
G1 F3000 X128.298 Y122.966 E1921.9244
G0 F9000 X122.799 Y111.442
G1 F3000 X128.299 Y90.917 E1924.75139
G0 F9000 X128.298 Y91.908
G1 F3000 X122.799 Y93.382 E1925.50881
G0 F9000 X122.799 Y98.387
G1 F3000 X128.299 Y103.887 E1926.54362
G0 F9000 X128.298 Y107.437
G1 F3000 X122.799 Y108.911 E1927.30104
G1 F1500 E1920.80104
G0 F9000 X122.128 Y86.322
G0 X114.181 Y85.649
G1 F1500 E1927.30104
G1 F3000 X114.821 Y83.264 E1927.62956
G0 F9000 X115.622 Y80.272
G1 F3000 X117.919 Y71.699 E1928.81035
G0 F9000 X117.325 Y71.699
G1 F3000 X128.299 Y82.674 E1930.87518
G0 F9000 X128.298 Y76.379
G1 F3000 X115.499 Y79.808 E1932.63802
G0 F9000 X114.759 Y82.188
G0 X114.059 Y83.138
G0 X113.623 Y83.415
G0 X110.061 Y85.649
G1 F3000 X109.012 Y84.6 E1932.83538
G0 F9000 X107.151 Y83.815
G0 X104.769 Y82.684
G1 F3000 X91.7 Y86.185 E1934.6354
G0 F9000 X91.699 Y88.5
G1 F3000 X97.199 Y94 E1935.67021
G0 F9000 X97.199 Y91.074
G1 F3000 X91.699 Y111.599 E1938.4972
G0 F9000 X91.699 Y109.713
G1 F3000 X97.199 Y115.213 E1939.53202
G0 F9000 X97.198 Y115.77
G1 F3000 X91.699 Y117.244 E1940.28943
G0 F9000 X91.7 Y101.715
G1 F3000 X97.199 Y100.241 E1941.04685
G0 F9000 X97.872 Y86.322
G0 X98.652 Y85.649
G1 F3000 X102.39 Y71.698 E1942.96837
G0 F9000 X96.112 Y71.699
G1 F3000 X104.436 Y80.024 E1944.5346
G0 F9000 X105.241 Y82.185
G0 X106.958 Y84.667
G0 X106.574 Y85.05
;TYPE:SKIN
G1 F1500 X107.226 Y85.105 E1944.59643
G1 X112.18 Y85.102 E1945.0645
G1 X113.49 Y85.206 E1945.18866
G1 F1500 E1938.68866
G0 F9000 X113.262 Y85.434
G0 X122.128 Y86.322
G0 X122.128 Y133.678
G0 X112.922 Y134.564
G0 X112.602 Y134.883
G1 F1500 E1945.18866
G1 X113.265 Y134.928 E1945.24023
G1 X113.551 Y135.349 E1945.27972
G1 X111.198 Y134.873 E1945.466
G1 X107.626 Y134.91 E1945.74318
G1 X106.401 Y134.721 E1945.83936
G0 F9000 X106.558 Y134.65
G1 F1500 E1939.33936
;MESH:NONMESH
G0 F300 X106.558 Y134.65 Z3.52
G0 F9000 X97.872 Y133.678
G0 X97.872 Y86.322
G0 X113.203 Y84.19
;TIME_ELAPSED:799.955187
;LAYER:10
;TYPE:WALL-INNER
;MESH:placchetta pulsante plana o comune.stl
G1 F1500 E1945.83936
G1 X113.528 Y84.024 E1945.88791
G1 X113.983 Y83.782 E1945.95648
G1 X114.379 Y83.472 E1946.02338
G1 X114.64 Y83.177 E1946.07579
G1 X114.95 Y82.767 E1946.14417
G1 X115.176 Y82.385 E1946.20322
G1 X115.347 Y81.907 E1946.27076
G1 X115.417 Y81.443 E1946.33319
G1 X115.512 Y81.005 E1946.39282
G1 X115.473 Y80.493 E1946.46113
G1 X115.362 Y80.049 E1946.52202
G1 X115.331 Y79.97 E1946.53331
G1 X115.237 Y79.547 E1946.59096
G1 X115.031 Y79.151 E1946.65034
G1 X114.739 Y78.756 E1946.7157
G1 X114.631 Y78.655 E1946.73537
G1 X114.377 Y78.318 E1946.79151
G1 X114.053 Y78.066 E1946.84612
G1 X113.727 Y77.882 E1946.89592
G1 X113.292 Y77.648 E1946.96164
G1 X112.781 Y77.483 E1947.03308
G1 X112.381 Y77.439 E1947.08661
G1 X112.103 Y77.4 E1947.12396
G1 X107.921 Y77.4 E1947.68034
G1 X107.57 Y77.437 E1947.72729
G1 X107.198 Y77.488 E1947.77725
G1 X106.687 Y77.654 E1947.84873
G1 X106.369 Y77.837 E1947.89754
G1 X105.937 Y78.067 E1947.96265
G1 X105.489 Y78.458 E1948.04176
G1 X104.961 Y79.159 E1948.15852
G1 X104.713 Y79.691 E1948.23661
G1 X104.615 Y80.141 E1948.29788
G1 X104.523 Y80.507 E1948.34809
G1 X104.497 Y81.106 E1948.42785
G1 X104.601 Y81.572 E1948.49138
G1 X104.653 Y81.908 E1948.53661
G1 X104.822 Y82.383 E1948.60368
G1 X105.048 Y82.765 E1948.66273
G1 X105.358 Y83.175 E1948.73112
G1 X105.619 Y83.471 E1948.78362
G1 X106.014 Y83.78 E1948.85034
G1 X106.472 Y84.025 E1948.91944
G1 X106.802 Y84.191 E1948.96859
G1 X107.241 Y84.318 E1949.02939
G1 X107.618 Y84.369 E1949.08
G1 X107.925 Y84.4 E1949.12105
G1 X112.072 Y84.4 E1949.67277
G1 X112.381 Y84.37 E1949.71407
G1 X112.761 Y84.318 E1949.7651
G1 X113.203 Y84.19 E1949.82632
G0 F9000 X113.107 Y83.79
G0 X112.834 Y83.256
;TYPE:WALL-OUTER
G1 F1500 X113.065 Y83.138 E1949.86083
G1 X113.436 Y82.94 E1949.91678
G1 X113.691 Y82.741 E1949.95981
G1 X113.865 Y82.544 E1949.99478
G1 X114.118 Y82.209 E1950.05063
G1 X114.267 Y81.958 E1950.08946
G1 X114.373 Y81.661 E1950.13142
G1 X114.419 Y81.361 E1950.1718
G1 X114.421 Y81.314 E1950.17806
G1 X114.504 Y80.935 E1950.22967
G1 X114.482 Y80.653 E1950.2673
G1 X114.408 Y80.355 E1950.30815
G1 X114.372 Y80.264 E1950.32117
G1 X114.289 Y79.892 E1950.37188
G1 X114.18 Y79.682 E1950.40336
G1 X113.988 Y79.423 E1950.44625
G1 X113.881 Y79.322 E1950.46583
G1 X113.658 Y79.026 E1950.51513
G1 X113.497 Y78.901 E1950.54225
G1 X113.244 Y78.758 E1950.58091
G1 X112.898 Y78.572 E1950.63318
G1 X112.57 Y78.466 E1950.67904
G1 X112.271 Y78.433 E1950.71906
G1 X112.034 Y78.4 E1950.75089
G1 X107.974 Y78.4 E1951.29104
G1 X107.691 Y78.43 E1951.3289
G1 X107.422 Y78.467 E1951.36502
G1 X107.094 Y78.573 E1951.41088
G1 X106.852 Y78.712 E1951.44801
G1 X106.509 Y78.895 E1951.49973
G1 X106.225 Y79.143 E1951.54989
G1 X105.823 Y79.677 E1951.63882
G1 X105.666 Y80.013 E1951.68816
G1 X105.585 Y80.384 E1951.73868
G1 X105.518 Y80.652 E1951.77543
G1 X105.502 Y81.018 E1951.82417
G1 X105.585 Y81.393 E1951.87527
G1 X105.627 Y81.661 E1951.91136
G1 X105.732 Y81.957 E1951.95314
G1 X105.88 Y82.207 E1951.99179
G1 X106.133 Y82.542 E1952.04764
G1 X106.308 Y82.74 E1952.0828
G1 X106.562 Y82.939 E1952.12573
G1 X106.933 Y83.137 E1952.18168
G1 X107.169 Y83.256 E1952.21684
G1 X107.449 Y83.337 E1952.25562
G1 X107.735 Y83.376 E1952.29402
G1 X107.975 Y83.4 E1952.32611
G1 X112.024 Y83.4 E1952.86479
G1 X112.265 Y83.377 E1952.897
G1 X112.553 Y83.337 E1952.93568
G1 X112.834 Y83.256 E1952.97459
G0 F9000 X113.238 Y84.279
G1 F1500 E1946.47459
G0 F9000 X97.872 Y86.322
G0 X97.4 Y134.15
;TYPE:WALL-INNER
G1 F1500 E1952.97459
G1 X122.6 Y134.15 E1956.32721
G1 X122.6 Y85.85 E1962.75307
G1 X97.4 Y85.85 E1966.10569
G1 X97.4 Y134.15 E1972.53155
G0 F9000 X97.8 Y133.15
G0 X98.4 Y133.15
;TYPE:WALL-OUTER
G1 F1500 X121.6 Y133.15 E1975.61809
G1 X121.6 Y86.85 E1981.77787
G1 X98.4 Y86.85 E1984.86441
G1 X98.4 Y133.15 E1991.02418
G0 F9000 X97.8 Y133.15
G0 X97.864 Y133.625
G0 X107.219 Y142.517
;TYPE:WALL-INNER
G1 F1500 X107.619 Y142.561 E1991.07772
G1 X107.897 Y142.6 E1991.11507
G1 X112.079 Y142.6 E1991.67144
G1 X112.43 Y142.563 E1991.7184
G1 X112.802 Y142.512 E1991.76835
G1 X113.313 Y142.346 E1991.83983
G1 X113.631 Y142.163 E1991.88865
G1 X114.063 Y141.933 E1991.95376
G1 X114.511 Y141.542 E1992.03287
G1 X115.039 Y140.841 E1992.14963
G1 X115.287 Y140.309 E1992.22772
G1 X115.385 Y139.859 E1992.28899
G1 X115.477 Y139.493 E1992.33919
G1 X115.503 Y138.895 E1992.41883
G1 X115.397 Y138.412 E1992.48462
G1 X115.347 Y138.092 E1992.52771
G1 X115.178 Y137.617 E1992.59478
G1 X114.952 Y137.235 E1992.65383
G1 X114.642 Y136.825 E1992.72221
G1 X114.381 Y136.529 E1992.77472
G1 X113.986 Y136.22 E1992.84144
G1 X113.528 Y135.975 E1992.91054
G1 X113.198 Y135.809 E1992.95968
G1 X112.759 Y135.682 E1993.02048
G1 X112.382 Y135.631 E1993.0711
G1 X112.075 Y135.6 E1993.11215
G1 X107.928 Y135.6 E1993.66387
G1 X107.619 Y135.63 E1993.70517
G1 X107.239 Y135.682 E1993.7562
G1 X106.797 Y135.81 E1993.81742
G1 X106.472 Y135.976 E1993.86597
G1 X106.017 Y136.218 E1993.93453
G1 X105.621 Y136.528 E1994.00144
G1 X105.36 Y136.823 E1994.05384
G1 X105.05 Y137.233 E1994.12222
G1 X104.824 Y137.615 E1994.18127
G1 X104.653 Y138.093 E1994.24881
G1 X104.583 Y138.557 E1994.31124
G1 X104.488 Y138.995 E1994.37087
G1 X104.527 Y139.507 E1994.43918
G1 X104.638 Y139.951 E1994.50007
G1 X104.669 Y140.03 E1994.51136
G1 X104.763 Y140.453 E1994.56901
G1 X104.969 Y140.849 E1994.6284
G1 X105.261 Y141.244 E1994.69375
G1 X105.369 Y141.345 E1994.71342
G1 X105.623 Y141.682 E1994.76956
G1 X105.947 Y141.934 E1994.82417
G1 X106.273 Y142.118 E1994.87398
G1 X106.708 Y142.352 E1994.93969
G1 X107.219 Y142.517 E1995.01113
G0 F9000 X107.247 Y142.104
G0 X107.43 Y141.534
;TYPE:WALL-OUTER
G1 F1500 X107.729 Y141.567 E1995.05115
G1 X107.966 Y141.6 E1995.08299
G1 X112.026 Y141.6 E1995.62313
G1 X112.309 Y141.57 E1995.66099
G1 X112.578 Y141.533 E1995.69712
G1 X112.906 Y141.427 E1995.74298
G1 X113.148 Y141.288 E1995.7801
G1 X113.491 Y141.105 E1995.83183
G1 X113.775 Y140.857 E1995.88199
G1 X114.177 Y140.323 E1995.97091
G1 X114.334 Y139.987 E1996.02025
G1 X114.415 Y139.616 E1996.07077
G1 X114.482 Y139.348 E1996.10753
G1 X114.498 Y138.982 E1996.15627
G1 X114.414 Y138.601 E1996.20817
G1 X114.373 Y138.339 E1996.24345
G1 X114.268 Y138.043 E1996.28524
G1 X114.12 Y137.793 E1996.32389
G1 X113.867 Y137.458 E1996.37974
G1 X113.692 Y137.26 E1996.41489
G1 X113.438 Y137.061 E1996.45782
G1 X113.067 Y136.863 E1996.51377
G1 X112.831 Y136.744 E1996.54893
G1 X112.551 Y136.663 E1996.58771
G1 X112.265 Y136.624 E1996.62611
G1 X112.025 Y136.6 E1996.6582
G1 X107.976 Y136.6 E1997.19688
G1 X107.735 Y136.623 E1997.22909
G1 X107.447 Y136.663 E1997.26778
G1 X107.166 Y136.744 E1997.30668
G1 X106.935 Y136.862 E1997.34119
G1 X106.564 Y137.06 E1997.39714
G1 X106.309 Y137.259 E1997.44017
G1 X106.135 Y137.456 E1997.47514
G1 X105.882 Y137.791 E1997.53099
G1 X105.733 Y138.042 E1997.56983
G1 X105.627 Y138.339 E1997.61178
G1 X105.581 Y138.639 E1997.65216
G1 X105.579 Y138.686 E1997.65842
G1 X105.496 Y139.065 E1997.71003
G1 X105.518 Y139.347 E1997.74767
G1 X105.592 Y139.645 E1997.78852
G1 X105.628 Y139.736 E1997.80154
G1 X105.711 Y140.108 E1997.85224
G1 X105.82 Y140.318 E1997.88372
G1 X106.012 Y140.577 E1997.92661
G1 X106.119 Y140.678 E1997.94619
G1 X106.342 Y140.974 E1997.9955
G1 X106.503 Y141.099 E1998.02261
G1 X106.756 Y141.242 E1998.06128
G1 X107.102 Y141.428 E1998.11354
G1 X107.43 Y141.534 E1998.1594
G0 F9000 X107.2 Y142.609
G0 X91.5 Y148.499
;TYPE:WALL-INNER
G1 F1500 X91.5 Y148 E1998.22578
G1 X91.5 Y71.501 E2008.40325
G1 X128.5 Y71.501 E2013.32575
G1 X128.5 Y148.498 E2023.56948
G1 X91.999 Y148.499 E2028.42559
G1 X91.5 Y148.499 E2028.46853
G0 F9000 X91.07 Y148.929
G0 X90.5 Y149.499
;TYPE:WALL-OUTER
G1 F1500 X90.5 Y70.501 E2038.97846
G1 X129.5 Y70.501 E2044.16704
G1 X129.5 Y149.498 E2054.67685
G1 X90.5 Y149.499 E2059.86543
G0 F9000 X91.07 Y148.929
G0 X92.591 Y148.298
;TYPE:FILL
G1 F3000 X128.298 Y138.73 E2064.7835
G0 F9000 X128.3 Y145.993
G1 F3000 X116.656 Y134.349 E2066.97429
G0 F9000 X116.426 Y134.349
G1 F3000 X115.482 Y137.875 E2067.45991
G0 F9000 X114.403 Y141.9
G1 F3000 X112.689 Y148.298 E2068.34112
G0 F9000 X109.39 Y148.297
G1 F3000 X91.699 Y130.605 E2071.66974
G0 F9000 X91.699 Y133.008
G1 F3000 X97.198 Y131.535 E2072.42712
G0 F9000 X97.872 Y133.678
G0 X100.897 Y134.349
G1 F3000 X97.16 Y148.299 E2074.34847
G1 F1500 E2067.84847
G0 F9000 X128.218 Y148.297
G1 F1500 E2074.34847
G1 F3000 X128.299 Y147.996 E2074.38994
G0 F9000 X128.3 Y124.78
G1 F3000 X122.799 Y119.279 E2075.42494
G0 F9000 X122.799 Y124.675
G1 F3000 X128.298 Y123.201 E2076.18236
G0 F9000 X122.799 Y110.565
G1 F3000 X128.299 Y90.041 E2079.00923
G0 F9000 X128.299 Y92.143
G1 F3000 X122.799 Y93.617 E2079.76677
G0 F9000 X122.799 Y98.066
G1 F3000 X128.3 Y103.567 E2080.80177
G0 F9000 X128.298 Y107.672
G1 F3000 X122.799 Y109.146 E2081.55919
G1 F1500 E2075.05919
G0 F9000 X122.128 Y86.322
G0 X113.946 Y85.65
G1 F1500 E2081.55919
G1 F3000 X114.484 Y83.642 E2081.83576
G0 F9000 X115.562 Y80.027
G1 F3000 X128.298 Y76.614 E2083.58995
G0 F9000 X128.3 Y82.353
G1 F3000 X117.647 Y71.701 E2085.59419
G0 F9000 X117.684 Y71.7
G1 F3000 X115.505 Y79.832 E2086.71424
G0 F9000 X114.758 Y82.189
G0 X114.062 Y83.136
G0 X110.382 Y85.649
G1 F3000 X109.333 Y84.6 E2086.91161
G0 F9000 X107.421 Y83.92
G0 X104.888 Y82.887
G1 F3000 X91.7 Y86.421 E2088.72805
G0 F9000 X91.699 Y88.179
G1 F3000 X97.199 Y93.679 E2089.76286
G0 F9000 X97.199 Y90.197
G1 F3000 X91.699 Y110.721 E2092.58973
G0 F9000 X91.699 Y109.392
G1 F3000 X97.199 Y114.892 E2093.62454
G0 F9000 X97.198 Y116.005
G1 F3000 X91.699 Y117.479 E2094.38196
G0 F9000 X91.699 Y101.95
G1 F3000 X97.199 Y100.476 E2095.13951
G0 F9000 X97.872 Y86.322
G0 X98.417 Y85.649
G1 F3000 X102.155 Y71.699 E2097.0609
G0 F9000 X96.434 Y71.701
G1 F3000 X104.492 Y79.759 E2098.57699
G0 F9000 X105.166 Y81.943
G0 X106.399 Y84.478
G0 X106.877 Y84.956
;TYPE:SKIN
G1 F1500 X107.723 Y85.095 E2098.66202
G1 X112.688 Y85.111 E2099.15444
G1 X113.569 Y84.577 E2099.25661
G0 F9000 X113.641 Y84.649
G0 X106.647 Y85.434
G1 F1500 X106.257 Y85.044 E2099.2933
G1 F1500 E2092.7933
G0 F9000 X97.872 Y86.322
G0 X97.872 Y133.678
G0 X106.28 Y134.564
G0 X106.653 Y134.937
G1 F1500 E2099.2933
G1 X106.429 Y135.42 E2099.34097
G1 X107.31 Y134.887 E2099.43316
G1 X112.276 Y134.903 E2099.87779
G1 X113.546 Y134.759 E2099.99223
G0 F9000 X113.351 Y134.65
G1 F1500 E2093.49223
;MESH:NONMESH
G0 F300 X113.351 Y134.65 Z3.84
G0 F9000 X122.128 Y133.678
G0 X122.128 Y86.322
G0 X106.794 Y84.188
;TIME_ELAPSED:856.529655
;LAYER:11
;TYPE:WALL-INNER
;MESH:placchetta pulsante plana o comune.stl
G1 F1500 E2099.99223
G1 X107.249 Y84.319 E2100.05522
G1 X107.596 Y84.367 E2100.10183
G1 X107.925 Y84.4 E2100.14582
G1 X112.072 Y84.4 E2100.69754
G1 X112.399 Y84.369 E2100.74124
G1 X112.75 Y84.321 E2100.78837
G1 X113.212 Y84.187 E2100.85237
G1 X113.555 Y84.013 E2100.90353
G1 X113.971 Y83.791 E2100.96627
G1 X114.382 Y83.47 E2101.03565
G1 X114.657 Y83.16 E2101.09078
G1 X114.939 Y82.784 E2101.15331
G1 X115.175 Y82.387 E2101.21475
G1 X115.354 Y81.888 E2101.28528
G1 X115.435 Y81.353 E2101.35727
G1 X115.512 Y81.007 E2101.40443
G1 X115.472 Y80.479 E2101.47487
G1 X115.355 Y80.001 E2101.54035
G1 X115.317 Y79.91 E2101.55347
G1 X115.237 Y79.547 E2101.60292
G1 X115.024 Y79.139 E2101.66415
G1 X114.721 Y78.731 E2101.73176
G1 X114.603 Y78.618 E2101.7535
G1 X114.375 Y78.315 E2101.80395
G1 X114.043 Y78.06 E2101.85964
G1 X113.698 Y77.864 E2101.91243
G1 X113.304 Y77.654 E2101.97183
G1 X112.773 Y77.482 E2102.04609
G1 X112.352 Y77.435 E2102.10245
G1 X112.105 Y77.4 E2102.13563
G1 X107.92 Y77.4 E2102.69241
G1 X107.546 Y77.44 E2102.74245
G1 X107.209 Y77.486 E2102.7877
G1 X106.673 Y77.658 E2102.86259
G1 X106.318 Y77.862 E2102.91706
G1 X105.945 Y78.061 E2102.97331
G1 X105.479 Y78.469 E2103.05571
G1 X104.966 Y79.149 E2103.16903
G1 X104.71 Y79.702 E2103.25011
G1 X104.622 Y80.102 E2103.3046
G1 X104.529 Y80.474 E2103.35561
G1 X104.498 Y80.866 E2103.40792
G1 X104.508 Y81.15 E2103.44573
G1 X104.595 Y81.556 E2103.50097
G1 X104.646 Y81.889 E2103.54579
G1 X104.822 Y82.382 E2103.61543
G1 X105.058 Y82.782 E2103.67722
G1 X105.342 Y83.158 E2103.73991
G1 X105.616 Y83.469 E2103.79506
G1 X106.028 Y83.79 E2103.86454
G1 X106.445 Y84.013 E2103.92745
G1 X106.794 Y84.188 E2103.97939
G0 F9000 X106.889 Y83.788
G0 X107.16 Y83.253
;TYPE:WALL-OUTER
G1 F1500 X107.457 Y83.338 E2104.02049
G1 X107.715 Y83.374 E2104.05515
G1 X107.975 Y83.4 E2104.08991
G1 X112.024 Y83.4 E2104.6286
G1 X112.284 Y83.375 E2104.66335
G1 X112.543 Y83.34 E2104.69812
G1 X112.843 Y83.253 E2104.73967
G1 X113.093 Y83.126 E2104.77698
G1 X113.424 Y82.949 E2104.82692
G1 X113.695 Y82.738 E2104.87261
G1 X113.882 Y82.527 E2104.91012
G1 X114.107 Y82.227 E2104.96001
G1 X114.266 Y81.959 E2105.00147
G1 X114.38 Y81.642 E2105.04628
G1 X114.45 Y81.18 E2105.10845
G1 X114.504 Y80.936 E2105.1417
G1 X114.481 Y80.637 E2105.18159
G1 X114.402 Y80.314 E2105.22583
G1 X114.36 Y80.213 E2105.24039
G1 X114.289 Y79.892 E2105.28412
G1 X114.174 Y79.671 E2105.31727
G1 X113.969 Y79.395 E2105.36301
G1 X113.855 Y79.286 E2105.38399
G1 X113.658 Y79.025 E2105.4275
G1 X113.489 Y78.895 E2105.45586
G1 X113.216 Y78.74 E2105.49763
G1 X112.912 Y78.578 E2105.54346
G1 X112.562 Y78.465 E2105.59239
G1 X112.241 Y78.429 E2105.63536
G1 X112.035 Y78.4 E2105.66304
G1 X107.974 Y78.4 E2106.20332
G1 X107.667 Y78.433 E2106.2444
G1 X107.431 Y78.465 E2106.27608
G1 X107.079 Y78.578 E2106.32526
G1 X106.802 Y78.737 E2106.36776
G1 X106.517 Y78.889 E2106.41073
G1 X106.215 Y79.153 E2106.46409
G1 X105.829 Y79.666 E2106.54951
G1 X105.663 Y80.024 E2106.60201
G1 X105.592 Y80.345 E2106.64574
G1 X105.519 Y80.636 E2106.68566
G1 X105.499 Y80.888 E2106.71929
G1 X105.504 Y81.027 E2106.73779
G1 X105.578 Y81.373 E2106.78487
G1 X105.62 Y81.642 E2106.82109
G1 X105.732 Y81.957 E2106.86557
G1 X105.89 Y82.225 E2106.90696
G1 X106.117 Y82.525 E2106.95701
G1 X106.304 Y82.737 E2106.99462
G1 X106.575 Y82.948 E2107.04031
G1 X106.906 Y83.125 E2107.09025
G1 X107.16 Y83.253 E2107.12809
G0 F9000 X106.76 Y84.277
G1 F1500 E2100.62809
G0 F9000 X97.872 Y86.322
G0 X97.4 Y134.15
;TYPE:WALL-INNER
G1 F1500 E2107.12809
G1 X122.6 Y134.15 E2110.48071
G1 X122.6 Y85.85 E2116.90657
G1 X97.4 Y85.85 E2120.25919
G1 X97.4 Y134.15 E2126.68505
G0 F9000 X97.8 Y133.15
G0 X98.4 Y133.15
;TYPE:WALL-OUTER
G1 F1500 X121.6 Y133.15 E2129.77159
G1 X121.6 Y86.85 E2135.93136
G1 X98.4 Y86.85 E2139.0179
G1 X98.4 Y133.15 E2145.17768
G0 F9000 X97.8 Y133.15
G0 X97.864 Y133.625
G0 X107.227 Y142.518
;TYPE:WALL-INNER
G1 F1500 X107.648 Y142.565 E2145.23404
G1 X107.895 Y142.6 E2145.26723
G1 X112.08 Y142.6 E2145.824
G1 X112.454 Y142.56 E2145.87404
G1 X112.791 Y142.514 E2145.9193
G1 X113.327 Y142.342 E2145.99419
G1 X113.686 Y142.136 E2146.04925
G1 X114.055 Y141.939 E2146.1049
G1 X114.521 Y141.531 E2146.1873
G1 X115.034 Y140.851 E2146.30063
G1 X115.29 Y140.298 E2146.3817
G1 X115.378 Y139.898 E2146.43619
G1 X115.471 Y139.526 E2146.4872
G1 X115.502 Y139.134 E2146.53952
G1 X115.492 Y138.849 E2146.57746
G1 X115.402 Y138.426 E2146.63499
G1 X115.354 Y138.113 E2146.67712
G1 X115.178 Y137.618 E2146.74702
G1 X114.942 Y137.218 E2146.8088
G1 X114.658 Y136.842 E2146.87149
G1 X114.384 Y136.531 E2146.92664
G1 X113.972 Y136.21 E2146.99612
G1 X113.555 Y135.987 E2147.05904
G1 X113.206 Y135.812 E2147.11098
G1 X112.751 Y135.681 E2147.17397
G1 X112.404 Y135.633 E2147.22057
G1 X112.075 Y135.6 E2147.26456
G1 X107.928 Y135.6 E2147.81628
G1 X107.601 Y135.631 E2147.85998
G1 X107.25 Y135.679 E2147.90711
G1 X106.788 Y135.813 E2147.97111
G1 X106.445 Y135.987 E2148.02228
G1 X106.029 Y136.209 E2148.08501
G1 X105.618 Y136.53 E2148.15439
G1 X105.343 Y136.84 E2148.20953
G1 X105.061 Y137.216 E2148.27205
G1 X104.825 Y137.613 E2148.3335
G1 X104.646 Y138.111 E2148.4039
G1 X104.574 Y138.585 E2148.46769
G1 X104.573 Y138.602 E2148.46995
G1 X104.488 Y138.993 E2148.52319
G1 X104.528 Y139.521 E2148.59363
G1 X104.645 Y139.999 E2148.6591
G1 X104.683 Y140.09 E2148.67222
G1 X104.763 Y140.453 E2148.72168
G1 X104.976 Y140.861 E2148.78291
G1 X105.279 Y141.269 E2148.85052
G1 X105.397 Y141.382 E2148.87226
G1 X105.625 Y141.685 E2148.92271
G1 X105.957 Y141.94 E2148.9784
G1 X106.302 Y142.136 E2149.03119
G1 X106.696 Y142.346 E2149.09059
G1 X107.227 Y142.518 E2149.16485
G0 F9000 X107.37 Y142.13
G0 X107.438 Y141.535
;TYPE:WALL-OUTER
G1 F1500 X107.759 Y141.571 E2149.20782
G1 X107.965 Y141.6 E2149.2355
G1 X112.026 Y141.6 E2149.77577
G1 X112.333 Y141.567 E2149.81685
G1 X112.569 Y141.535 E2149.84854
G1 X112.921 Y141.422 E2149.89772
G1 X113.198 Y141.263 E2149.94021
G1 X113.483 Y141.111 E2149.98319
G1 X113.785 Y140.847 E2150.03655
G1 X114.171 Y140.334 E2150.12196
G1 X114.337 Y139.976 E2150.17446
G1 X114.408 Y139.655 E2150.2182
G1 X114.481 Y139.364 E2150.25812
G1 X114.501 Y139.112 E2150.29175
G1 X114.496 Y138.973 E2150.31025
G1 X114.42 Y138.619 E2150.35842
G1 X114.38 Y138.358 E2150.39355
G1 X114.268 Y138.043 E2150.43803
G1 X114.11 Y137.775 E2150.47942
G1 X113.883 Y137.475 E2150.52947
G1 X113.696 Y137.263 E2150.56708
G1 X113.425 Y137.052 E2150.61277
G1 X113.094 Y136.875 E2150.66271
G1 X112.84 Y136.747 E2150.70055
G1 X112.543 Y136.662 E2150.74165
G1 X112.285 Y136.626 E2150.77631
G1 X112.025 Y136.6 E2150.81107
G1 X107.976 Y136.6 E2151.34975
G1 X107.716 Y136.625 E2151.3845
G1 X107.457 Y136.66 E2151.41927
G1 X107.157 Y136.747 E2151.46083
G1 X106.907 Y136.874 E2151.49813
G1 X106.576 Y137.051 E2151.54807
G1 X106.305 Y137.262 E2151.59376
G1 X106.118 Y137.473 E2151.63127
G1 X105.893 Y137.773 E2151.68116
G1 X105.734 Y138.041 E2151.72262
G1 X105.62 Y138.358 E2151.76744
G1 X105.571 Y138.68 E2151.81077
G1 X105.569 Y138.732 E2151.8177
G1 X105.496 Y139.064 E2151.86292
G1 X105.519 Y139.363 E2151.90282
G1 X105.598 Y139.686 E2151.94705
G1 X105.64 Y139.787 E2151.96161
G1 X105.711 Y140.108 E2152.00535
G1 X105.826 Y140.329 E2152.03849
G1 X106.031 Y140.605 E2152.08423
G1 X106.145 Y140.714 E2152.10521
G1 X106.342 Y140.975 E2152.14872
G1 X106.511 Y141.105 E2152.17708
G1 X106.784 Y141.26 E2152.21885
G1 X107.088 Y141.422 E2152.26468
G1 X107.438 Y141.535 E2152.31361
G0 F9000 X107.207 Y142.61
G0 X113.595 Y148.467
;TYPE:WALL-INNER
G1 F1500 X103.635 Y148.444 E2153.6387
G1 X92 Y148.465 E2155.18663
G1 X91.5 Y148.465 E2155.25315
G1 X91.5 Y147.965 E2155.29615
G1 X91.5 Y71.532 E2165.46484
G1 X128.5 Y71.532 E2170.38734
G1 X128.5 Y148.467 E2180.62281
G1 X113.595 Y148.467 E2182.60578
G0 F9000 X113.594 Y148.867
G0 X113.593 Y149.467
;TYPE:WALL-OUTER
G1 F1500 X103.635 Y149.444 E2183.9306
G1 X90.5 Y149.467 E2185.67809
G1 X90.5 Y70.532 E2196.17965
G1 X129.5 Y70.532 E2201.36823
G1 X129.5 Y149.467 E2211.86979
G1 X113.593 Y149.467 E2213.98606
G0 F9000 X113.594 Y148.367
G0 X112.464 Y148.264
;TYPE:FILL
G1 F3000 X114.106 Y142.137 E2214.82997
G0 F9000 X114.85 Y140.149
G0 X115.346 Y137.507
G1 F3000 X116.193 Y134.348 E2215.26508
G0 F9000 X116.975 Y134.349
G1 F3000 X128.3 Y145.673 E2217.39576
G0 F9000 X128.299 Y147.123
G1 F3000 X127.992 Y148.267 E2217.55335
G0 F9000 X128.298 Y138.965
G1 F3000 X93.607 Y148.26 E2222.33145
G0 F9000 X96.937 Y148.255
G1 F3000 X100.664 Y134.348 E2224.24694
G0 F9000 X97.872 Y133.678
G0 X97.199 Y131.768
G1 F3000 X91.699 Y133.242 E2225.00448
G0 F9000 X91.699 Y130.286
G1 F3000 X109.67 Y148.256 E2228.38559
G0 F9000 X122.128 Y133.678
G0 X122.8 Y124.909
G1 F3000 X128.298 Y123.435 E2229.14288
G0 F9000 X128.3 Y124.46
G1 F3000 X122.799 Y118.96 E2230.17779
G0 F9000 X122.8 Y109.691
G1 F3000 X128.299 Y89.168 E2233.00449
G0 F9000 X128.298 Y92.377
G1 F3000 X122.799 Y93.85 E2233.76187
G0 F9000 X122.799 Y97.746
G1 F3000 X128.299 Y103.246 E2234.79668
G0 F9000 X128.298 Y107.906
G1 F3000 X122.799 Y109.38 E2235.5541
G1 F1500 E2229.0541
G0 F9000 X122.128 Y86.322
G0 X113.712 Y85.649
G1 F1500 E2235.5541
G1 F3000 X114.188 Y83.874 E2235.79859
G0 F9000 X115.62 Y80.245
G1 F3000 X128.298 Y76.848 E2237.54478
G0 F9000 X128.299 Y82.033
G1 F3000 X117.997 Y71.731 E2239.48308
G0 F9000 X117.442 Y71.731
G1 F3000 X115.386 Y79.401 E2240.53952
G0 F9000 X114.905 Y81.774
G0 X114.756 Y82.19
G0 X114.066 Y83.133
G0 X113.342 Y83.604
G0 X112.953 Y83.754
G0 X109.653 Y84.6
G1 F3000 X110.702 Y85.649 E2240.73689
G0 F9000 X105.034 Y83.082
G1 F3000 X91.699 Y86.655 E2242.57356
G0 F9000 X91.699 Y87.859
G1 F3000 X97.199 Y93.36 E2243.60847
G0 F9000 X97.199 Y89.323
G1 F3000 X91.699 Y109.848 E2246.43547
G0 F9000 X91.699 Y109.072
G1 F3000 X97.199 Y114.573 E2247.47037
G0 F9000 X97.199 Y116.239
G1 F3000 X91.699 Y117.713 E2248.22792
G0 F9000 X91.699 Y102.184
G1 F3000 X97.198 Y100.71 E2248.98533
G0 F9000 X97.872 Y86.322
G0 X98.183 Y85.65
G1 F3000 X101.913 Y71.731 E2250.90246
G0 F9000 X96.784 Y71.731
G1 F3000 X104.572 Y79.519 E2252.36776
G0 F9000 X105.095 Y81.774
G0 X105.226 Y82.144
G0 X106.959 Y84.666
G0 X106.575 Y85.05
;TYPE:SKIN
G1 F1500 X107.225 Y85.106 E2252.42948
G1 X112.179 Y85.102 E2252.89812
G1 X113.495 Y85.201 E2253.02296
G1 F1500 E2246.52296
G0 F9000 X113.262 Y85.434
G0 X122.128 Y86.322
G0 X122.128 Y133.678
G0 X112.922 Y134.564
G0 X112.603 Y134.883
G1 F1500 E2253.02296
G1 X113.265 Y134.928 E2253.07463
G1 X113.558 Y135.342 E2253.11413
G1 X111.198 Y134.874 E2253.30148
G1 X107.627 Y134.91 E2253.57957
G1 X106.396 Y134.725 E2253.67651
G0 F9000 X106.558 Y134.65
G1 F1500 E2247.17651
;MESH:NONMESH
G0 F300 X106.558 Y134.65 Z4.16
G0 F9000 X97.872 Y133.678
G0 X97.872 Y86.322
G0 X106.785 Y84.186
;TIME_ELAPSED:911.887381
;LAYER:12
;TYPE:WALL-INNER
;MESH:placchetta pulsante plana o comune.stl
G1 F1500 E2253.67651
G1 X107.257 Y84.32 E2253.74179
G1 X107.577 Y84.366 E2253.7848
G1 X107.928 Y84.4 E2253.83171
G1 X112.069 Y84.4 E2254.38263
G1 X112.421 Y84.367 E2254.42967
G1 X112.747 Y84.321 E2254.47347
G1 X113.22 Y84.184 E2254.53898
G1 X113.582 Y84.001 E2254.59295
G1 X113.96 Y83.799 E2254.64997
G1 X114.387 Y83.465 E2254.72209
G1 X114.673 Y83.14 E2254.77969
G1 X114.926 Y82.806 E2254.83543
G1 X115.177 Y82.386 E2254.90053
G1 X115.36 Y81.868 E2254.97362
G1 X115.447 Y81.303 E2255.04967
G1 X115.512 Y81.008 E2255.08986
G1 X115.471 Y80.462 E2255.1627
G1 X115.349 Y79.968 E2255.2304
G1 X115.307 Y79.865 E2255.2452
G1 X115.237 Y79.545 E2255.28878
G1 X115.018 Y79.127 E2255.35156
G1 X114.702 Y78.702 E2255.42202
G1 X114.573 Y78.578 E2255.44582
G1 X114.374 Y78.315 E2255.4897
G1 X114.035 Y78.053 E2255.5467
G1 X113.67 Y77.847 E2255.60246
G1 X113.321 Y77.66 E2255.65514
G1 X112.766 Y77.48 E2255.73276
G1 X112.343 Y77.434 E2255.78937
G1 X112.106 Y77.4 E2255.82122
G1 X107.921 Y77.4 E2256.378
G1 X107.524 Y77.442 E2256.43111
G1 X107.213 Y77.484 E2256.47286
G1 X106.656 Y77.666 E2256.55082
G1 X106.3 Y77.87 E2256.60541
G1 X105.955 Y78.054 E2256.65743
G1 X105.469 Y78.478 E2256.74323
G1 X104.971 Y79.139 E2256.85334
G1 X104.706 Y79.712 E2256.93733
G1 X104.619 Y80.107 E2256.99114
G1 X104.53 Y80.457 E2257.03918
G1 X104.498 Y80.863 E2257.09336
G1 X104.506 Y81.155 E2257.13223
G1 X104.585 Y81.516 E2257.18139
G1 X104.641 Y81.872 E2257.22934
G1 X104.823 Y82.382 E2257.30138
G1 X105.068 Y82.8 E2257.36584
G1 X105.324 Y83.138 E2257.42225
G1 X105.613 Y83.465 E2257.48031
G1 X106.039 Y83.798 E2257.55224
G1 X106.417 Y84 E2257.60926
G1 X106.785 Y84.186 E2257.66412
G0 F9000 X106.881 Y83.785
G0 X107.15 Y83.25
;TYPE:WALL-OUTER
G1 F1500 X107.466 Y83.34 E2257.70783
G1 X107.696 Y83.373 E2257.73874
G1 X107.976 Y83.4 E2257.77617
G1 X112.023 Y83.4 E2258.31458
G1 X112.304 Y83.374 E2258.35213
G1 X112.536 Y83.341 E2258.3833
G1 X112.853 Y83.249 E2258.42722
G1 X113.121 Y83.114 E2258.46714
G1 X113.412 Y82.958 E2258.51107
G1 X113.698 Y82.735 E2258.55932
G1 X113.898 Y82.507 E2258.59967
G1 X114.096 Y82.246 E2258.64325
G1 X114.267 Y81.959 E2258.6877
G1 X114.386 Y81.623 E2258.73512
G1 X114.464 Y81.116 E2258.80337
G1 X114.504 Y80.936 E2258.8279
G1 X114.48 Y80.621 E2258.86993
G1 X114.395 Y80.278 E2258.91694
G1 X114.35 Y80.167 E2258.93287
G1 X114.289 Y79.891 E2258.97048
G1 X114.168 Y79.66 E2259.00517
G1 X113.949 Y79.365 E2259.05405
G1 X113.823 Y79.244 E2259.07729
G1 X113.657 Y79.025 E2259.11385
G1 X113.48 Y78.888 E2259.14363
G1 X113.188 Y78.723 E2259.18825
G1 X112.928 Y78.584 E2259.22748
G1 X112.555 Y78.463 E2259.27965
G1 X112.217 Y78.426 E2259.32488
G1 X112.035 Y78.4 E2259.34934
G1 X107.974 Y78.4 E2259.88962
G1 X107.644 Y78.435 E2259.93377
G1 X107.437 Y78.463 E2259.96156
G1 X107.064 Y78.585 E2260.01377
G1 X106.77 Y78.753 E2260.05882
G1 X106.526 Y78.883 E2260.0956
G1 X106.205 Y79.163 E2260.15227
G1 X105.834 Y79.656 E2260.23436
G1 X105.659 Y80.033 E2260.28965
G1 X105.595 Y80.325 E2260.32942
G1 X105.52 Y80.62 E2260.36992
G1 X105.499 Y80.888 E2260.40568
G1 X105.503 Y81.033 E2260.42498
G1 X105.568 Y81.33 E2260.46543
G1 X105.614 Y81.624 E2260.50502
G1 X105.733 Y81.957 E2260.55207
G1 X105.901 Y82.243 E2260.59619
G1 X106.099 Y82.505 E2260.63988
G1 X106.301 Y82.734 E2260.68051
G1 X106.587 Y82.957 E2260.72876
G1 X106.878 Y83.113 E2260.77269
G1 X107.15 Y83.25 E2260.8132
G0 F9000 X106.751 Y84.274
G1 F1500 E2254.3132
G0 F9000 X97.872 Y86.322
G0 X97.4 Y134.15
;TYPE:WALL-INNER
G1 F1500 E2260.8132
G1 X122.6 Y134.15 E2264.16583
G1 X122.6 Y85.85 E2270.59168
G1 X97.4 Y85.85 E2273.94431
G1 X97.4 Y134.15 E2280.37016
G0 F9000 X97.8 Y133.15
G0 X98.4 Y133.15
;TYPE:WALL-OUTER
G1 F1500 X121.6 Y133.15 E2283.4567
G1 X121.6 Y86.85 E2289.61648
G1 X98.4 Y86.85 E2292.70302
G1 X98.4 Y133.15 E2298.8628
G0 F9000 X97.8 Y133.15
G0 X97.864 Y133.625
G0 X107.234 Y142.52
;TYPE:WALL-INNER
G1 F1500 X107.657 Y142.566 E2298.91941
G1 X107.894 Y142.6 E2298.95126
G1 X112.079 Y142.6 E2299.50803
G1 X112.476 Y142.558 E2299.56115
G1 X112.787 Y142.516 E2299.6029
G1 X113.344 Y142.334 E2299.68086
G1 X113.728 Y142.114 E2299.73973
G1 X114.045 Y141.946 E2299.78747
G1 X114.531 Y141.522 E2299.87327
G1 X115.029 Y140.861 E2299.98338
G1 X115.294 Y140.288 E2300.06737
G1 X115.382 Y139.889 E2300.12172
G1 X115.47 Y139.543 E2300.16922
G1 X115.502 Y139.137 E2300.2234
G1 X115.494 Y138.845 E2300.26227
G1 X115.415 Y138.484 E2300.31143
G1 X115.359 Y138.128 E2300.35938
G1 X115.177 Y137.618 E2300.43142
G1 X114.932 Y137.2 E2300.49588
G1 X114.676 Y136.862 E2300.55229
G1 X114.387 Y136.535 E2300.61035
G1 X113.961 Y136.202 E2300.68228
G1 X113.583 Y136 E2300.7393
G1 X113.215 Y135.814 E2300.79416
G1 X112.743 Y135.68 E2300.85944
G1 X112.423 Y135.634 E2300.90245
G1 X112.072 Y135.6 E2300.94936
G1 X107.931 Y135.6 E2301.50028
G1 X107.579 Y135.633 E2301.54732
G1 X107.253 Y135.679 E2301.59112
G1 X106.78 Y135.816 E2301.65663
G1 X106.418 Y135.999 E2301.7106
G1 X106.04 Y136.201 E2301.76762
G1 X105.613 Y136.535 E2301.83974
G1 X105.327 Y136.86 E2301.89734
G1 X105.074 Y137.194 E2301.95308
G1 X104.823 Y137.614 E2302.01818
G1 X104.64 Y138.131 E2302.09114
G1 X104.553 Y138.692 E2302.16667
G1 X104.488 Y138.995 E2302.2079
G1 X104.529 Y139.538 E2302.28034
G1 X104.651 Y140.032 E2302.34804
G1 X104.693 Y140.135 E2302.36284
G1 X104.763 Y140.455 E2302.40642
G1 X104.982 Y140.873 E2302.4692
G1 X105.298 Y141.298 E2302.53966
G1 X105.427 Y141.422 E2302.56346
G1 X105.626 Y141.685 E2302.60734
G1 X105.965 Y141.947 E2302.66434
G1 X106.33 Y142.153 E2302.7201
G1 X106.679 Y142.34 E2302.77278
G1 X107.234 Y142.52 E2302.8504
G0 F9000 X107.378 Y142.132
G0 X107.445 Y141.537
;TYPE:WALL-OUTER
G1 F1500 X107.783 Y141.574 E2302.89564
G1 X107.965 Y141.6 E2302.9201
G1 X112.026 Y141.6 E2303.46037
G1 X112.356 Y141.565 E2303.50452
G1 X112.563 Y141.537 E2303.53231
G1 X112.936 Y141.415 E2303.58453
G1 X113.232 Y141.246 E2303.62987
G1 X113.474 Y141.117 E2303.66636
G1 X113.795 Y140.837 E2303.72303
G1 X114.166 Y140.344 E2303.80511
G1 X114.341 Y139.967 E2303.86041
G1 X114.405 Y139.675 E2303.90018
G1 X114.48 Y139.38 E2303.94067
G1 X114.501 Y139.112 E2303.97644
G1 X114.497 Y138.967 E2303.99574
G1 X114.432 Y138.67 E2304.03618
G1 X114.386 Y138.376 E2304.07577
G1 X114.267 Y138.043 E2304.12282
G1 X114.099 Y137.757 E2304.16695
G1 X113.901 Y137.495 E2304.21064
G1 X113.699 Y137.266 E2304.25127
G1 X113.413 Y137.043 E2304.29951
G1 X113.122 Y136.887 E2304.34344
G1 X112.85 Y136.75 E2304.38396
G1 X112.534 Y136.66 E2304.42767
G1 X112.304 Y136.627 E2304.45858
G1 X112.024 Y136.6 E2304.49601
G1 X107.977 Y136.6 E2305.03442
G1 X107.696 Y136.626 E2305.07197
G1 X107.464 Y136.659 E2305.10314
G1 X107.147 Y136.751 E2305.14706
G1 X106.879 Y136.886 E2305.18698
G1 X106.588 Y137.042 E2305.23091
G1 X106.302 Y137.265 E2305.27916
G1 X106.102 Y137.493 E2305.31951
G1 X105.904 Y137.754 E2305.36309
G1 X105.733 Y138.041 E2305.40754
G1 X105.614 Y138.377 E2305.45496
G1 X105.535 Y138.883 E2305.52309
G1 X105.496 Y139.064 E2305.54773
G1 X105.52 Y139.379 E2305.58976
G1 X105.605 Y139.722 E2305.63677
G1 X105.65 Y139.833 E2305.6527
G1 X105.711 Y140.109 E2305.69031
G1 X105.832 Y140.34 E2305.725
G1 X106.051 Y140.635 E2305.77388
G1 X106.177 Y140.756 E2305.79712
G1 X106.343 Y140.975 E2305.83368
G1 X106.52 Y141.112 E2305.86346
G1 X106.812 Y141.277 E2305.90808
G1 X107.072 Y141.416 E2305.94731
G1 X107.445 Y141.537 E2305.99948
G0 F9000 X107.215 Y142.612
G0 X116.662 Y148.389
;TYPE:WALL-INNER
G1 F1500 X98.397 Y148.422 E2308.42947
G1 X91.507 Y148.421 E2309.34612
G1 X91.507 Y71.579 E2319.56922
G1 X128.493 Y71.579 E2324.48985
G1 X128.493 Y147.919 E2334.64617
G1 X128.493 Y148.419 E2334.71269
G1 X127.993 Y148.418 E2334.75569
G1 X116.662 Y148.389 E2336.26318
G0 F9000 X116.662 Y149.389
;TYPE:WALL-OUTER
G1 F1500 X98.399 Y149.422 E2338.6929
G1 X90.507 Y149.421 E2339.74286
G1 X90.507 Y70.579 E2350.23204
G1 X129.493 Y70.579 E2355.41876
G1 X129.493 Y149.421 E2365.90794
G1 X116.662 Y149.389 E2367.61499
G0 F9000 X116.662 Y148.289
G0 X112.248 Y148.196
;TYPE:FILL
G1 F3000 X113.833 Y142.283 E2368.42943
G0 F9000 X114.855 Y140.14
G0 X115.005 Y139.32
G0 X115.185 Y137.236
G1 F3000 X115.959 Y134.349 E2368.82709
G0 F9000 X117.295 Y134.349
G1 F3000 X128.293 Y145.347 E2370.89633
G0 F9000 X128.292 Y146.274
G1 F3000 X127.772 Y148.217 E2371.16393
G0 F9000 X128.292 Y139.2
G1 F3000 X94.625 Y148.221 E2375.80101
G0 F9000 X96.712 Y148.221
G1 F3000 X100.429 Y134.349 E2377.71165
G0 F9000 X97.872 Y133.678
G0 X97.198 Y132.002
G1 F3000 X91.706 Y133.474 E2378.4681
G0 F9000 X91.706 Y129.974
G1 F3000 X109.932 Y148.199 E2381.89718
G0 F9000 X122.128 Y133.678
G0 X122.799 Y125.143
G1 F3000 X128.292 Y123.671 E2382.65376
G0 F9000 X128.293 Y124.134
G1 F3000 X122.799 Y118.64 E2383.68744
G0 F9000 X122.799 Y109.614
G1 F3000 X128.291 Y108.142 E2384.44389
G0 F9000 X128.293 Y102.92
G1 F3000 X122.799 Y97.427 E2385.47748
G0 F9000 X122.799 Y94.085
G1 F3000 X128.291 Y92.613 E2386.23393
G0 F9000 X128.292 Y88.319
G1 F3000 X122.799 Y108.818 E2389.05734
G1 F1500 E2382.55734
G0 F9000 X122.128 Y86.322
G0 X113.478 Y85.649
G1 F1500 E2389.05734
G1 F3000 X113.906 Y84.054 E2389.27705
G0 F9000 X111.022 Y85.649
G1 F3000 X109.972 Y84.6 E2389.47451
G0 F9000 X105.18 Y83.276
G1 F3000 X91.706 Y86.887 E2391.33036
G0 F9000 X91.706 Y87.547
G1 F3000 X97.199 Y93.04 E2392.36385
G0 F9000 X97.199 Y88.45
G1 F3000 X91.706 Y108.949 E2395.18727
G0 F9000 X91.706 Y108.76
G1 F3000 X97.199 Y114.253 E2396.22076
G0 F9000 X97.198 Y116.473
G1 F3000 X91.706 Y117.945 E2396.97721
G0 F9000 X91.707 Y102.416
G1 F3000 X97.199 Y100.944 E2397.73366
G0 F9000 X97.872 Y86.322
G0 X97.949 Y85.649
G1 F3000 X101.666 Y71.778 E2399.64417
G0 F9000 X97.151 Y71.779
G1 F3000 X104.674 Y79.302 E2401.05961
G0 F9000 X106.844 Y78.09
G0 X107.58 Y77.9
G0 X112.289 Y77.891
G0 X112.668 Y77.933
G0 X113.109 Y78.112
G0 X115.232 Y79.104
G1 F3000 X117.195 Y71.778 E2402.06865
G0 F9000 X118.364 Y71.779
G1 F3000 X128.293 Y81.707 E2403.93667
G0 F9000 X128.291 Y77.084
G1 F3000 X115.671 Y80.465 E2405.67485
G0 F9000 X113.499 Y84.507
G0 X113.577 Y84.586
;TYPE:SKIN
G1 F1500 X113.345 Y85.061 E2405.72333
G1 X108.459 Y85.124 E2406.17144
G1 X106.872 Y84.951 E2406.31784
G1 X106.447 Y85.234 E2406.36467
G1 F1500 E2399.86467
G0 F9000 X106.647 Y85.434
G0 X97.872 Y86.322
G0 X97.872 Y133.678
G0 X106.987 Y134.564
G0 X107.309 Y134.887
G1 F1500 E2406.36467
G1 X106.653 Y134.937 E2406.41637
G1 X106.421 Y135.412 E2406.45792
G1 X108.003 Y134.873 E2406.58927
G1 X112.275 Y134.902 E2406.92502
G1 X113.55 Y134.764 E2407.02581
G0 F9000 X113.351 Y134.65
G1 F1500 E2400.52581
;MESH:NONMESH
G0 F300 X113.351 Y134.65 Z4.48
G0 F9000 X122.128 Y133.678
G0 X122.128 Y86.322
G0 X113.231 Y84.181
;TIME_ELAPSED:967.255469
;LAYER:13
;TYPE:WALL-INNER
;MESH:placchetta pulsante plana o comune.stl
G1 F1500 E2407.02581
G1 X113.611 Y83.988 E2407.08251
G1 X113.933 Y83.816 E2407.13108
G1 X114.242 Y83.59 E2407.18201
G1 X114.413 Y83.438 E2407.21245
G1 X114.689 Y83.123 E2407.26817
G1 X114.917 Y82.823 E2407.3183
G1 X115.175 Y82.386 E2407.38582
G1 X115.367 Y81.852 E2407.46131
G1 X115.433 Y81.418 E2407.51972
G1 X115.511 Y80.988 E2407.57786
G1 X115.47 Y80.445 E2407.6503
G1 X115.354 Y79.983 E2407.71368
G1 X115.222 Y79.517 E2407.77811
G1 X115.012 Y79.116 E2407.83833
G1 X114.709 Y78.707 E2407.90605
G1 X114.348 Y78.296 E2407.97883
G1 X114.03 Y78.047 E2408.03256
G1 X113.642 Y77.83 E2408.09171
G1 X113.337 Y77.666 E2408.13778
G1 X112.758 Y77.478 E2408.21877
G1 X112.312 Y77.428 E2408.27848
G1 X112.103 Y77.4 E2408.30653
G1 X107.922 Y77.4 E2408.86277
G1 X107.504 Y77.444 E2408.91869
G1 X107.223 Y77.481 E2408.9564
G1 X106.641 Y77.671 E2409.03785
G1 X106.215 Y77.915 E2409.10316
G1 X105.749 Y78.215 E2409.1769
G1 X105.447 Y78.505 E2409.2326
G1 X104.977 Y79.128 E2409.33642
G1 X104.703 Y79.717 E2409.42285
G1 X104.635 Y80.026 E2409.46494
G1 X104.53 Y80.444 E2409.52228
G1 X104.499 Y80.861 E2409.57791
G1 X104.505 Y81.154 E2409.6169
G1 X104.577 Y81.484 E2409.66184
G1 X104.633 Y81.851 E2409.71123
G1 X104.824 Y82.385 E2409.78668
G1 X105.079 Y82.816 E2409.8533
G1 X105.305 Y83.118 E2409.90349
G1 X105.584 Y83.435 E2409.95967
G1 X105.754 Y83.588 E2409.9901
G1 X106.068 Y83.817 E2410.0418
G1 X106.392 Y83.988 E2410.09054
G1 X106.772 Y84.18 E2410.14718
G1 X107.263 Y84.322 E2410.21518
G1 X107.557 Y84.364 E2410.25469
G1 X107.928 Y84.4 E2410.30428
G1 X112.069 Y84.4 E2410.85521
G1 X112.441 Y84.365 E2410.90491
G1 X112.737 Y84.323 E2410.94469
G1 X113.231 Y84.181 E2411.01307
G0 F9000 X113.134 Y83.781
G0 X112.863 Y83.246
;TYPE:WALL-OUTER
G1 F1500 X113.149 Y83.101 E2411.05573
G1 X113.399 Y82.967 E2411.09347
G1 X113.614 Y82.81 E2411.12889
G1 X113.702 Y82.732 E2411.14453
G1 X113.914 Y82.49 E2411.18734
G1 X114.086 Y82.264 E2411.22512
G1 X114.266 Y81.959 E2411.27224
G1 X114.393 Y81.605 E2411.32227
G1 X114.449 Y81.24 E2411.3714
G1 X114.504 Y80.936 E2411.4125
G1 X114.479 Y80.605 E2411.45666
G1 X114.388 Y80.241 E2411.50658
G1 X114.288 Y79.89 E2411.55514
G1 X114.162 Y79.649 E2411.59132
G1 X113.93 Y79.336 E2411.64315
G1 X113.658 Y79.026 E2411.69802
G1 X113.474 Y78.882 E2411.7291
G1 X113.16 Y78.706 E2411.77699
G1 X112.943 Y78.589 E2411.80979
G1 X112.547 Y78.461 E2411.86516
G1 X112.179 Y78.42 E2411.91442
G1 X112.034 Y78.4 E2411.93389
G1 X107.974 Y78.4 E2412.47404
G1 X107.621 Y78.437 E2412.52126
G1 X107.446 Y78.46 E2412.54474
G1 X107.049 Y78.59 E2412.60032
G1 X106.734 Y78.77 E2412.64858
G1 X106.372 Y79.003 E2412.70586
G1 X106.197 Y79.171 E2412.73813
G1 X105.839 Y79.646 E2412.81727
G1 X105.656 Y80.039 E2412.87494
G1 X105.605 Y80.271 E2412.90654
G1 X105.521 Y80.604 E2412.95223
G1 X105.5 Y80.888 E2412.99012
G1 X105.503 Y81.037 E2413.00995
G1 X105.56 Y81.3 E2413.04575
G1 X105.607 Y81.605 E2413.08681
G1 X105.733 Y81.958 E2413.13667
G1 X105.912 Y82.26 E2413.18338
G1 X106.082 Y82.487 E2413.22111
G1 X106.296 Y82.73 E2413.26419
G1 X106.385 Y82.81 E2413.28011
G1 X106.6 Y82.967 E2413.31552
G1 X106.851 Y83.1 E2413.35332
G1 X107.139 Y83.245 E2413.39621
G1 X107.474 Y83.342 E2413.44261
G1 X107.676 Y83.371 E2413.46976
G1 X107.976 Y83.4 E2413.50986
G1 X112.023 Y83.4 E2414.04828
G1 X112.324 Y83.372 E2414.08849
G1 X112.527 Y83.343 E2414.11578
G1 X112.863 Y83.246 E2414.1623
G0 F9000 X113.266 Y84.269
G1 F1500 E2407.6623
G0 F9000 X97.872 Y86.322
G0 X97.4 Y134.15
;TYPE:WALL-INNER
G1 F1500 E2414.1623
G1 X122.6 Y134.15 E2417.51492
G1 X122.6 Y85.85 E2423.94078
G1 X97.4 Y85.85 E2427.2934
G1 X97.4 Y134.15 E2433.71926
G0 F9000 X97.8 Y133.15
G0 X98.4 Y133.15
;TYPE:WALL-OUTER
G1 F1500 X121.6 Y133.15 E2436.8058
G1 X121.6 Y86.85 E2442.96558
G1 X98.4 Y86.85 E2446.05212
G1 X98.4 Y133.15 E2452.2119
G0 F9000 X97.8 Y133.15
G0 X97.864 Y133.625
G0 X107.242 Y142.522
;TYPE:WALL-INNER
G1 F1500 X107.688 Y142.572 E2452.27161
G1 X107.897 Y142.6 E2452.29966
G1 X112.078 Y142.6 E2452.8559
G1 X112.496 Y142.556 E2452.91182
G1 X112.777 Y142.519 E2452.94953
G1 X113.359 Y142.329 E2453.03098
G1 X113.787 Y142.084 E2453.09659
G1 X114.251 Y141.785 E2453.17003
G1 X114.553 Y141.495 E2453.22573
G1 X115.023 Y140.872 E2453.32955
G1 X115.297 Y140.283 E2453.41598
G1 X115.365 Y139.974 E2453.45807
G1 X115.47 Y139.556 E2453.51541
G1 X115.501 Y139.139 E2453.57104
G1 X115.495 Y138.846 E2453.61003
G1 X115.423 Y138.516 E2453.65497
G1 X115.367 Y138.149 E2453.70436
G1 X115.176 Y137.615 E2453.77981
G1 X114.921 Y137.184 E2453.84643
G1 X114.695 Y136.882 E2453.89662
G1 X114.416 Y136.565 E2453.9528
G1 X114.246 Y136.412 E2453.98323
G1 X113.932 Y136.183 E2454.03493
G1 X113.608 Y136.012 E2454.08367
G1 X113.228 Y135.82 E2454.14031
G1 X112.737 Y135.678 E2454.20831
G1 X112.443 Y135.636 E2454.24782
G1 X112.072 Y135.6 E2454.29741
G1 X107.931 Y135.6 E2454.84834
G1 X107.559 Y135.635 E2454.89805
G1 X107.263 Y135.677 E2454.93782
G1 X106.769 Y135.819 E2455.0062
G1 X106.389 Y136.012 E2455.06291
G1 X106.067 Y136.184 E2455.11147
G1 X105.758 Y136.41 E2455.1624
G1 X105.587 Y136.562 E2455.19284
G1 X105.311 Y136.877 E2455.24856
G1 X105.083 Y137.177 E2455.29869
G1 X104.825 Y137.614 E2455.36621
G1 X104.633 Y138.148 E2455.4417
G1 X104.567 Y138.582 E2455.50011
G1 X104.489 Y139.012 E2455.55825
G1 X104.53 Y139.555 E2455.63069
G1 X104.646 Y140.017 E2455.69407
G1 X104.778 Y140.483 E2455.7585
G1 X104.988 Y140.884 E2455.81873
G1 X105.291 Y141.293 E2455.88644
G1 X105.652 Y141.704 E2455.95922
G1 X105.97 Y141.953 E2456.01295
G1 X106.358 Y142.17 E2456.0721
G1 X106.663 Y142.334 E2456.11817
G1 X107.242 Y142.522 E2456.19916
G0 F9000 X107.386 Y142.134
G0 X107.453 Y141.539
;TYPE:WALL-OUTER
G1 F1500 X107.821 Y141.58 E2456.24842
G1 X107.966 Y141.6 E2456.2679
G1 X112.026 Y141.6 E2456.80804
G1 X112.379 Y141.563 E2456.85526
G1 X112.554 Y141.54 E2456.87874
G1 X112.951 Y141.41 E2456.93432
G1 X113.268 Y141.229 E2456.98288
G1 X113.628 Y140.997 E2457.03986
G1 X113.803 Y140.829 E2457.07214
G1 X114.161 Y140.354 E2457.15127
G1 X114.344 Y139.961 E2457.20894
G1 X114.395 Y139.729 E2457.24055
G1 X114.479 Y139.396 E2457.28624
G1 X114.5 Y139.112 E2457.32412
G1 X114.497 Y138.963 E2457.34395
G1 X114.44 Y138.7 E2457.37975
G1 X114.393 Y138.395 E2457.42081
G1 X114.267 Y138.042 E2457.47067
G1 X114.088 Y137.74 E2457.51738
G1 X113.918 Y137.513 E2457.55511
G1 X113.704 Y137.27 E2457.59819
G1 X113.615 Y137.19 E2457.61411
G1 X113.4 Y137.033 E2457.64953
G1 X113.149 Y136.9 E2457.68732
G1 X112.861 Y136.755 E2457.73022
G1 X112.526 Y136.658 E2457.77662
G1 X112.324 Y136.629 E2457.80377
G1 X112.024 Y136.6 E2457.84386
G1 X107.977 Y136.6 E2458.38228
G1 X107.676 Y136.628 E2458.4225
G1 X107.473 Y136.657 E2458.44978
G1 X107.137 Y136.754 E2458.49631
G1 X106.851 Y136.899 E2458.53897
G1 X106.601 Y137.033 E2458.5767
G1 X106.386 Y137.19 E2458.61212
G1 X106.298 Y137.268 E2458.62777
G1 X106.086 Y137.51 E2458.67057
G1 X105.914 Y137.736 E2458.70835
G1 X105.734 Y138.041 E2458.75547
G1 X105.607 Y138.395 E2458.80551
G1 X105.551 Y138.76 E2458.85463
G1 X105.496 Y139.064 E2458.89573
G1 X105.521 Y139.395 E2458.9399
G1 X105.612 Y139.759 E2458.98981
G1 X105.712 Y140.11 E2459.03837
G1 X105.838 Y140.351 E2459.07455
G1 X106.07 Y140.664 E2459.12638
G1 X106.342 Y140.974 E2459.18125
G1 X106.526 Y141.118 E2459.21234
G1 X106.84 Y141.294 E2459.26022
G1 X107.057 Y141.411 E2459.29302
G1 X107.453 Y141.539 E2459.34839
G0 F9000 X107.222 Y142.614
G0 X128.471 Y148.335
;TYPE:WALL-INNER
G1 F1500 X127.971 Y148.335 E2459.41491
G1 X122.856 Y148.33 E2460.09541
G1 X91.533 Y148.33 E2464.26264
G1 X91.533 Y71.67 E2474.46153
G1 X128.467 Y71.67 E2479.37525
G1 X128.467 Y135.627 E2487.88412
G1 X128.471 Y147.835 E2489.50828
G1 X128.471 Y148.335 E2489.55129
G0 F9000 X128.901 Y148.766
G0 X129.471 Y149.336
;TYPE:WALL-OUTER
G1 F1500 X122.855 Y149.33 E2490.43149
G1 X90.533 Y149.33 E2494.73162
G1 X90.533 Y70.67 E2505.19659
G1 X129.467 Y70.67 E2510.37639
G1 X129.467 Y135.627 E2519.01831
G1 X129.471 Y149.336 E2520.84216
G0 F9000 X128.901 Y148.766
G0 X127.56 Y148.134
;TYPE:FILL
G1 F3000 X128.269 Y145.487 E2521.20673
G0 F9000 X128.27 Y145.004
G1 F3000 X117.615 Y134.349 E2523.21144
G0 F9000 X115.725 Y134.348
G1 F3000 X115.019 Y136.981 E2523.57411
G0 F9000 X115.013 Y139.482
G0 X114.858 Y140.134
G0 X113.555 Y142.445
G1 F3000 X112.032 Y148.13 E2524.35712
G0 F9000 X110.181 Y148.128
G1 F3000 X91.732 Y129.679 E2527.82826
G0 F9000 X91.733 Y133.701
G1 F3000 X97.198 Y132.237 E2528.58096
G0 F9000 X97.872 Y133.678
G0 X100.196 Y134.348
G1 F3000 X96.503 Y148.13 E2530.47921
G0 F9000 X95.842 Y148.129
G1 F3000 X128.267 Y139.441 E2534.94522
G0 F9000 X122.8 Y125.377
G1 F3000 X128.265 Y123.912 E2535.69795
G0 F9000 X128.267 Y123.788
G1 F3000 X122.799 Y118.32 E2536.72675
G0 F9000 X122.8 Y109.847
G1 F3000 X128.266 Y108.383 E2537.47958
G0 F9000 X122.8 Y107.945
G1 F3000 X128.266 Y87.544 E2540.28947
G0 F9000 X128.266 Y92.854
G1 F3000 X122.799 Y94.318 E2541.04243
G0 F9000 X122.799 Y97.107
G1 F3000 X128.267 Y102.575 E2542.07122
G0 F9000 X128.267 Y81.361
G1 F3000 X118.775 Y71.87 E2543.85702
G0 F9000 X116.937 Y71.868
G1 F3000 X115.066 Y78.853 E2544.81907
G0 F9000 X115.689 Y80.694
G1 F3000 X128.266 Y77.324 E2546.55135
G0 F9000 X113.633 Y84.199
G1 F3000 X113.245 Y85.649 E2546.75105
G0 F9000 X111.341 Y85.649
G1 F3000 X110.292 Y84.6 E2546.94841
G0 F9000 X105.345 Y83.466
G1 F3000 X91.732 Y87.114 E2548.8234
G0 F9000 X91.732 Y87.253
G1 F3000 X97.199 Y92.72 E2549.852
G0 F9000 X97.199 Y87.578
G1 F3000 X91.732 Y107.978 E2552.6618
G0 F9000 X91.732 Y108.466
G1 F3000 X97.199 Y113.933 E2553.6904
G0 F9000 X97.199 Y116.707
G1 F3000 X91.732 Y118.172 E2554.44339
G0 F9000 X91.732 Y102.643
G1 F3000 X97.198 Y101.178 E2555.19626
G0 F9000 X97.715 Y85.65
G1 F3000 X101.408 Y71.868 E2557.09451
G0 F9000 X97.562 Y71.87
G1 F3000 X104.776 Y79.084 E2558.45181
G0 F9000 X105.032 Y81.413
G0 X105.202 Y82.04
G0 X106.44 Y84.478
G0 X106.405 Y84.513
;TYPE:SKIN
G1 F1500 X106.575 Y85.05 E2558.50278
G1 X111.45 Y85.124 E2558.94404
G1 X113.008 Y84.98 E2559.08564
G1 X113.497 Y85.199 E2559.13413
G1 F1500 E2552.63413
G0 F9000 X113.262 Y85.434
G0 X122.128 Y86.322
G0 X122.128 Y133.678
G0 X112.922 Y134.564
G0 X112.602 Y134.883
G1 F1500 E2559.13413
G1 X113.265 Y134.928 E2559.18595
G1 X113.563 Y135.337 E2559.22541
G1 X111.198 Y134.874 E2559.41332
G1 X107.627 Y134.909 E2559.69178
G1 X106.394 Y134.728 E2559.78896
G0 F9000 X106.558 Y134.65
G1 F1500 E2553.28896
;MESH:NONMESH
G0 F300 X106.558 Y134.65 Z4.8
G0 F9000 X97.872 Y133.678
G0 X97.872 Y86.322
G0 X113.244 Y84.175
;TIME_ELAPSED:1021.286716
;LAYER:14
;TYPE:WALL-INNER
;MESH:placchetta pulsante plana o comune.stl
G1 F1500 E2559.78896
G1 X113.638 Y83.976 E2559.84768
G1 X113.922 Y83.824 E2559.89054
G1 X114.234 Y83.594 E2559.94211
G1 X114.408 Y83.445 E2559.97258
G1 X114.708 Y83.103 E2560.03311
G1 X114.906 Y82.841 E2560.0768
G1 X115.175 Y82.389 E2560.14678
G1 X115.374 Y81.83 E2560.22572
G1 X115.447 Y81.349 E2560.29044
G1 X115.51 Y80.985 E2560.33959
G1 X115.469 Y80.43 E2560.41363
G1 X115.347 Y79.939 E2560.48094
G1 X115.22 Y79.516 E2560.5397
G1 X115.007 Y79.104 E2560.6014
G1 X114.684 Y78.672 E2560.67316
G1 X114.342 Y78.291 E2560.74128
G1 X114.022 Y78.043 E2560.79514
G1 X113.611 Y77.81 E2560.85799
G1 X113.349 Y77.671 E2560.89745
G1 X112.751 Y77.476 E2560.98113
G1 X112.283 Y77.425 E2561.04376
G1 X112.106 Y77.4 E2561.06755
G1 X107.921 Y77.4 E2561.62432
G1 X107.474 Y77.447 E2561.68412
G1 X107.226 Y77.482 E2561.71744
G1 X106.626 Y77.676 E2561.80133
G1 X106.176 Y77.935 E2561.87041
G1 X105.749 Y78.215 E2561.93834
G1 X105.437 Y78.514 E2561.99583
G1 X104.983 Y79.117 E2562.09625
G1 X104.698 Y79.728 E2562.18595
G1 X104.644 Y79.984 E2562.22076
G1 X104.531 Y80.426 E2562.28145
G1 X104.495 Y80.918 E2562.34708
G1 X104.56 Y81.403 E2562.41218
G1 X104.626 Y81.831 E2562.4698
G1 X104.823 Y82.385 E2562.54802
G1 X105.09 Y82.837 E2562.61787
G1 X105.292 Y83.103 E2562.6623
G1 X105.585 Y83.435 E2562.72121
G1 X105.755 Y83.586 E2562.75146
G1 X106.075 Y83.823 E2562.80444
G1 X106.364 Y83.976 E2562.84795
G1 X106.761 Y84.176 E2562.90709
G1 X107.278 Y84.327 E2562.97874
G1 X107.545 Y84.363 E2563.01459
G1 X107.926 Y84.4 E2563.06551
G1 X112.071 Y84.4 E2563.61697
G1 X112.455 Y84.364 E2563.66828
G1 X112.725 Y84.328 E2563.70452
G1 X113.244 Y84.175 E2563.7765
G0 F9000 X113.145 Y83.777
G0 X112.874 Y83.242
;TYPE:WALL-OUTER
G1 F1500 X113.176 Y83.089 E2563.82154
G1 X113.387 Y82.976 E2563.85339
G1 X113.611 Y82.811 E2563.8904
G1 X113.703 Y82.732 E2563.90653
G1 X113.932 Y82.471 E2563.95273
G1 X114.075 Y82.282 E2563.98426
G1 X114.266 Y81.961 E2564.03395
G1 X114.4 Y81.585 E2564.08706
G1 X114.459 Y81.198 E2564.13914
G1 X114.504 Y80.937 E2564.17437
G1 X114.478 Y80.589 E2564.2208
G1 X114.382 Y80.203 E2564.27372
G1 X114.289 Y79.892 E2564.31691
G1 X114.157 Y79.637 E2564.35511
G1 X113.91 Y79.307 E2564.40995
G1 X113.658 Y79.026 E2564.46016
G1 X113.466 Y78.877 E2564.49249
G1 X113.131 Y78.687 E2564.54373
G1 X112.957 Y78.595 E2564.56992
G1 X112.54 Y78.459 E2564.62827
G1 X112.154 Y78.417 E2564.67993
G1 X112.035 Y78.4 E2564.69592
G1 X107.974 Y78.4 E2565.2362
G1 X107.595 Y78.44 E2565.2869
G1 X107.451 Y78.46 E2565.30624
G1 X107.034 Y78.595 E2565.36456
G1 X106.7 Y78.787 E2565.41581
G1 X106.374 Y79.001 E2565.46769
G1 X106.187 Y79.18 E2565.50213
G1 X105.845 Y79.635 E2565.57786
G1 X105.652 Y80.048 E2565.63851
G1 X105.613 Y80.232 E2565.66353
G1 X105.522 Y80.588 E2565.71241
G1 X105.5 Y80.888 E2565.75243
G1 X105.55 Y81.26 E2565.80237
G1 X105.6 Y81.585 E2565.84612
G1 X105.733 Y81.959 E2565.89893
G1 X105.922 Y82.279 E2565.94837
G1 X106.066 Y82.469 E2565.98009
G1 X106.295 Y82.728 E2566.02608
G1 X106.386 Y82.809 E2566.04229
G1 X106.61 Y82.975 E2566.07938
G1 X106.823 Y83.088 E2566.11146
G1 X107.129 Y83.242 E2566.15704
G1 X107.485 Y83.346 E2566.20638
G1 X107.659 Y83.369 E2566.22973
G1 X107.975 Y83.4 E2566.27197
G1 X112.024 Y83.4 E2566.81065
G1 X112.343 Y83.37 E2566.85328
G1 X112.517 Y83.347 E2566.87663
G1 X112.874 Y83.242 E2566.92614
G0 F9000 X113.279 Y84.264
G1 F1500 E2560.42614
G0 F9000 X97.872 Y86.322
G0 X97.4 Y134.15
;TYPE:WALL-INNER
G1 F1500 E2566.92614
G1 X122.6 Y134.15 E2570.27876
G1 X122.6 Y85.85 E2576.70462
G1 X97.4 Y85.85 E2580.05724
G1 X97.4 Y134.15 E2586.4831
G0 F9000 X97.8 Y133.15
G0 X98.4 Y133.15
;TYPE:WALL-OUTER
G1 F1500 X121.6 Y133.15 E2589.56964
G1 X121.6 Y86.85 E2595.72941
G1 X98.4 Y86.85 E2598.81596
G1 X98.4 Y133.15 E2604.97573
G0 F9000 X97.8 Y133.15
G0 X97.872 Y133.678
G0 X107.249 Y142.524
;TYPE:WALL-INNER
G1 F1500 X107.717 Y142.575 E2605.03836
G1 X107.894 Y142.6 E2605.06215
G1 X112.079 Y142.6 E2605.61892
G1 X112.526 Y142.553 E2605.67872
G1 X112.774 Y142.518 E2605.71204
G1 X113.373 Y142.324 E2605.79581
G1 X113.826 Y142.064 E2605.86529
G1 X114.252 Y141.784 E2605.93312
G1 X114.563 Y141.486 E2605.99042
G1 X115.017 Y140.883 E2606.09084
G1 X115.302 Y140.272 E2606.18053
G1 X115.356 Y140.016 E2606.21534
G1 X115.469 Y139.574 E2606.27604
G1 X115.505 Y139.082 E2606.34167
G1 X115.44 Y138.597 E2606.40677
G1 X115.374 Y138.169 E2606.46438
G1 X115.177 Y137.615 E2606.54261
G1 X114.91 Y137.163 E2606.61245
G1 X114.708 Y136.897 E2606.65689
G1 X114.415 Y136.565 E2606.7158
G1 X114.245 Y136.414 E2606.74605
G1 X113.925 Y136.177 E2606.79903
G1 X113.636 Y136.024 E2606.84253
G1 X113.239 Y135.824 E2606.90167
G1 X112.722 Y135.673 E2606.97333
G1 X112.455 Y135.637 E2607.00917
G1 X112.074 Y135.6 E2607.0601
G1 X107.929 Y135.6 E2607.61155
G1 X107.545 Y135.636 E2607.66286
G1 X107.275 Y135.672 E2607.6991
G1 X106.756 Y135.825 E2607.77109
G1 X106.363 Y136.024 E2607.82969
G1 X106.081 Y136.174 E2607.87219
G1 X105.76 Y136.409 E2607.92512
G1 X105.586 Y136.562 E2607.95594
G1 X105.292 Y136.897 E2608.01524
G1 X105.094 Y137.159 E2608.05893
G1 X104.825 Y137.611 E2608.12891
G1 X104.626 Y138.17 E2608.20785
G1 X104.553 Y138.651 E2608.27257
G1 X104.49 Y139.015 E2608.32172
G1 X104.531 Y139.57 E2608.39576
G1 X104.653 Y140.061 E2608.46307
G1 X104.78 Y140.484 E2608.52183
G1 X104.993 Y140.896 E2608.58353
G1 X105.316 Y141.328 E2608.65529
G1 X105.658 Y141.709 E2608.72341
G1 X105.978 Y141.957 E2608.77727
G1 X106.389 Y142.19 E2608.84012
G1 X106.651 Y142.329 E2608.87958
G1 X107.249 Y142.524 E2608.96326
G0 F9000 X107.394 Y142.136
G0 X107.46 Y141.541
;TYPE:WALL-OUTER
G1 F1500 X107.846 Y141.583 E2609.01492
G1 X107.965 Y141.6 E2609.03091
G1 X112.026 Y141.6 E2609.57119
G1 X112.405 Y141.56 E2609.62189
G1 X112.549 Y141.54 E2609.64124
G1 X112.966 Y141.405 E2609.69955
G1 X113.302 Y141.212 E2609.7511
G1 X113.626 Y140.999 E2609.80269
G1 X113.813 Y140.82 E2609.83712
G1 X114.155 Y140.365 E2609.91285
G1 X114.348 Y139.952 E2609.9735
G1 X114.387 Y139.768 E2609.99852
G1 X114.478 Y139.412 E2610.04741
G1 X114.5 Y139.112 E2610.08743
G1 X114.45 Y138.74 E2610.13736
G1 X114.4 Y138.415 E2610.18111
G1 X114.267 Y138.041 E2610.23392
G1 X114.078 Y137.721 E2610.28336
G1 X113.934 Y137.531 E2610.31508
G1 X113.705 Y137.272 E2610.36108
G1 X113.614 Y137.191 E2610.37728
G1 X113.39 Y137.025 E2610.41438
G1 X113.177 Y136.912 E2610.44646
G1 X112.871 Y136.758 E2610.49203
G1 X112.515 Y136.654 E2610.54137
G1 X112.341 Y136.631 E2610.56472
G1 X112.025 Y136.6 E2610.60697
G1 X107.976 Y136.6 E2611.14565
G1 X107.657 Y136.63 E2611.18827
G1 X107.483 Y136.653 E2611.21162
G1 X107.126 Y136.758 E2611.26113
G1 X106.824 Y136.911 E2611.30617
G1 X106.614 Y137.023 E2611.33784
G1 X106.387 Y137.189 E2611.37525
G1 X106.295 Y137.27 E2611.39156
G1 X106.068 Y137.529 E2611.43738
G1 X105.925 Y137.718 E2611.46891
G1 X105.734 Y138.039 E2611.5186
G1 X105.6 Y138.415 E2611.57171
G1 X105.541 Y138.802 E2611.62379
G1 X105.496 Y139.063 E2611.65902
G1 X105.522 Y139.411 E2611.70545
G1 X105.618 Y139.797 E2611.75837
G1 X105.711 Y140.108 E2611.80156
G1 X105.843 Y140.363 E2611.83976
G1 X106.09 Y140.693 E2611.8946
G1 X106.342 Y140.974 E2611.94481
G1 X106.534 Y141.123 E2611.97714
G1 X106.869 Y141.313 E2612.02838
G1 X107.043 Y141.405 E2612.05457
G1 X107.46 Y141.541 E2612.11292
G0 F9000 X107.229 Y142.616
G0 X108.359 Y148.192
;TYPE:WALL-INNER
G1 F1500 X103.376 Y148.18 E2612.77586
G1 X92.099 Y148.191 E2614.27616
G1 X91.6 Y148.191 E2614.34255
G1 X91.6 Y147.692 E2614.38549
G1 X91.6 Y71.808 E2624.48114
G1 X128.4 Y71.807 E2629.37703
G1 X128.401 Y104.497 E2633.72613
G1 X128.407 Y131.049 E2637.25862
G1 X128.407 Y148.202 E2639.54066
G1 X120.555 Y148.202 E2640.5853
G1 X108.359 Y148.192 E2642.20786
G0 F9000 X108.358 Y148.592
G0 X108.357 Y149.192
;TYPE:WALL-OUTER
G1 F1500 X103.375 Y149.18 E2642.87067
G1 X90.6 Y149.192 E2644.57026
G1 X90.6 Y70.808 E2654.99851
G1 X129.4 Y70.807 E2660.16049
G1 X129.401 Y104.497 E2664.64262
G1 X129.407 Y131.049 E2668.17511
G1 X129.407 Y149.202 E2670.5902
G1 X120.555 Y149.202 E2671.76787
G1 X108.357 Y149.192 E2673.3907
G0 F9000 X108.358 Y148.092
G0 X110.366 Y147.993
;TYPE:FILL
G1 F3000 X91.799 Y129.425 E2676.88414
G0 F9000 X91.799 Y133.918
G1 F3000 X97.199 Y132.471 E2677.6279
G0 F9000 X97.872 Y133.678
G0 X99.961 Y134.348
G1 F3000 X96.306 Y147.986 E2679.50634
G0 F9000 X97.257 Y147.985
G1 F3000 X128.205 Y139.692 E2683.76894
G0 F9000 X128.206 Y144.62
G1 F3000 X117.936 Y134.349 E2685.70131
G0 F9000 X115.49 Y134.348
G1 F3000 X114.846 Y136.751 E2686.03229
G0 F9000 X115.041 Y139.096
G0 X114.914 Y139.881
G0 X114.726 Y140.418
G0 X113.289 Y142.561
G1 F3000 X111.833 Y147.994 E2686.7806
G0 F9000 X127.361 Y148.001
G1 F3000 X128.206 Y144.845 E2687.21527
G0 F9000 X122.8 Y125.612
G1 F3000 X128.204 Y124.164 E2687.95958
G0 F9000 X128.205 Y123.405
G1 F3000 X122.799 Y117.999 E2688.97671
G0 F9000 X122.799 Y110.083
G1 F3000 X128.2 Y108.635 E2689.72063
G0 F9000 X122.8 Y107.068
G1 F3000 X128.2 Y86.915 E2692.49638
G0 F9000 X128.199 Y80.973
G1 F3000 X119.233 Y72.007 E2694.18331
G0 F9000 X116.665 Y72.005
G1 F3000 X114.893 Y78.618 E2695.09415
G0 F9000 X115.705 Y80.925
G1 F3000 X128.198 Y77.578 E2696.81484
G0 F9000 X128.199 Y93.107
G1 F3000 X122.799 Y94.553 E2697.55857
G0 F9000 X122.799 Y96.786
G1 F3000 X128.2 Y102.187 E2698.57476
G0 F9000 X122.128 Y86.322
G0 X113.009 Y85.649
G1 F3000 X113.361 Y84.337 E2698.75548
G0 F9000 X111.662 Y85.649
G1 F3000 X110.612 Y84.599 E2698.95303
G0 F9000 X105.528 Y83.652
G1 F3000 X98.076 Y85.649 E2699.97943
G0 F9000 X97.48 Y85.65
G1 F3000 X101.136 Y72.006 E2701.85868
G0 F9000 X98.02 Y72.007
G1 F3000 X104.903 Y78.89 E2703.1537
G0 F9000 X97.199 Y85.884
G1 F3000 X91.799 Y87.331 E2703.89746
G0 F9000 X91.799 Y86.999
G1 F3000 X97.199 Y92.399 E2704.91346
G0 F9000 X97.199 Y86.701
G1 F3000 X91.799 Y106.851 E2707.68882
G0 F9000 X91.799 Y108.212
G1 F3000 X97.199 Y113.612 E2708.70482
G0 F9000 X97.198 Y116.942
G1 F3000 X91.799 Y118.389 E2709.44845
G0 F9000 X91.799 Y102.86
G1 F3000 X97.198 Y101.413 E2710.19209
G0 F9000 X97.872 Y86.322
G0 X106.647 Y85.434
G0 X106.445 Y85.232
;TYPE:SKIN
G1 F1500 X106.87 Y84.95 E2710.23898
G1 X109.873 Y85.124 E2710.51551
G1 X113.345 Y85.06 E2710.83474
G1 X113.585 Y84.593 E2710.88301
G1 F1500 E2704.38301
G0 F9000 X113.669 Y84.678
G0 X122.128 Y86.322
G0 X122.128 Y133.678
G0 X113.35 Y134.563
G0 X113.552 Y134.765
G1 F1500 E2710.88301
G1 X113.127 Y135.048 E2710.93001
G1 X110.125 Y134.873 E2711.2068
G1 X106.653 Y134.937 E2711.52643
G1 X106.414 Y135.405 E2711.5748
G0 F9000 X106.331 Y135.323
G1 F1500 E2705.0748
;MESH:NONMESH
G0 F300 X106.331 Y135.323 Z5.12
G0 F9000 X97.872 Y133.678
G0 X97.872 Y86.322
G0 X113.253 Y84.173
;TIME_ELAPSED:1076.111834
;LAYER:15
;TYPE:WALL-INNER
;MESH:placchetta pulsante plana o comune.stl
G1 F1500 E2711.5748
G1 X113.666 Y83.964 E2711.63638
G1 X113.913 Y83.832 E2711.67364
G1 X114.237 Y83.591 E2711.72736
G1 X114.413 Y83.44 E2711.75821
G1 X114.725 Y83.084 E2711.82119
G1 X114.895 Y82.859 E2711.85871
G1 X115.174 Y82.39 E2711.93131
G1 X115.38 Y81.814 E2712.01269
G1 X115.51 Y80.974 E2712.12578
G1 X115.467 Y80.413 E2712.20063
G1 X115.338 Y79.897 E2712.27139
G1 X115.217 Y79.507 E2712.32572
G1 X115.001 Y79.095 E2712.38761
G1 X114.661 Y78.637 E2712.4635
G1 X114.331 Y78.281 E2712.52808
G1 X114.009 Y78.035 E2712.58199
G1 X113.588 Y77.796 E2712.64639
G1 X113.365 Y77.676 E2712.68008
G1 X112.741 Y77.475 E2712.7673
G1 X112.266 Y77.422 E2712.83089
G1 X112.109 Y77.4 E2712.85198
G1 X107.918 Y77.4 E2713.40955
G1 X107.252 Y77.473 E2713.49869
G1 X106.614 Y77.683 E2713.58805
G1 X106.135 Y77.954 E2713.66127
G1 X105.744 Y78.22 E2713.72418
G1 X105.426 Y78.523 E2713.78262
G1 X105.002 Y79.09 E2713.87681
G1 X104.807 Y79.464 E2713.93293
G1 X104.658 Y79.918 E2713.9965
G1 X104.533 Y80.41 E2714.06403
G1 X104.496 Y80.906 E2714.1302
G1 X104.547 Y81.346 E2714.18913
G1 X104.621 Y81.814 E2714.25217
G1 X104.824 Y82.385 E2714.33279
G1 X105.099 Y82.852 E2714.4049
G1 X105.272 Y83.082 E2714.44318
G1 X105.585 Y83.438 E2714.50625
G1 X105.763 Y83.592 E2714.53756
G1 X106.09 Y83.832 E2714.59153
G1 X106.335 Y83.963 E2714.62849
G1 X106.751 Y84.172 E2714.69043
G1 X107.287 Y84.329 E2714.76473
G1 X107.525 Y84.361 E2714.79668
G1 X107.926 Y84.4 E2714.85028
G1 X112.071 Y84.4 E2715.40174
G1 X112.473 Y84.362 E2715.45546
G1 X112.713 Y84.331 E2715.48765
G1 X113.253 Y84.173 E2715.56251
G0 F9000 X113.154 Y83.775
G0 X112.884 Y83.239
;TYPE:WALL-OUTER
G1 F1500 X113.204 Y83.077 E2715.61022
G1 X113.376 Y82.985 E2715.63617
G1 X113.612 Y82.81 E2715.67526
G1 X113.707 Y82.728 E2715.69196
G1 X113.949 Y82.452 E2715.74079
G1 X114.064 Y82.3 E2715.76615
G1 X114.265 Y81.962 E2715.81847
G1 X114.406 Y81.567 E2715.87427
G1 X114.469 Y81.161 E2715.92893
G1 X114.504 Y80.935 E2715.95935
G1 X114.476 Y80.573 E2716.00766
G1 X114.375 Y80.167 E2716.06332
G1 X114.289 Y79.891 E2716.10178
G1 X114.151 Y79.628 E2716.14129
G1 X113.891 Y79.277 E2716.19941
G1 X113.656 Y79.024 E2716.24535
G1 X113.456 Y78.871 E2716.27885
G1 X113.104 Y78.671 E2716.33271
G1 X112.972 Y78.6 E2716.35265
G1 X112.531 Y78.458 E2716.41429
G1 X112.134 Y78.414 E2716.46743
G1 X112.037 Y78.4 E2716.48047
G1 X107.973 Y78.4 E2717.02114
G1 X107.465 Y78.456 E2717.08914
G1 X107.02 Y78.602 E2717.15144
G1 X106.663 Y78.804 E2717.20602
G1 X106.375 Y79 E2717.25236
G1 X106.177 Y79.189 E2717.28878
G1 X105.851 Y79.625 E2717.36121
G1 X105.731 Y79.854 E2717.3956
G1 X105.619 Y80.196 E2717.44348
G1 X105.524 Y80.572 E2717.49507
G1 X105.5 Y80.886 E2717.53697
G1 X105.538 Y81.21 E2717.58037
G1 X105.594 Y81.567 E2717.62845
G1 X105.734 Y81.96 E2717.68395
G1 X105.932 Y82.296 E2717.73584
G1 X106.048 Y82.45 E2717.76149
G1 X106.291 Y82.726 E2717.81041
G1 X106.388 Y82.81 E2717.82748
G1 X106.624 Y82.984 E2717.86649
G1 X106.795 Y83.075 E2717.89226
G1 X107.119 Y83.238 E2717.94051
G1 X107.494 Y83.348 E2717.99251
G1 X107.639 Y83.367 E2718.01196
G1 X107.975 Y83.4 E2718.05688
G1 X112.024 Y83.4 E2718.59556
G1 X112.361 Y83.368 E2718.6406
G1 X112.507 Y83.349 E2718.66018
G1 X112.884 Y83.239 E2718.71243
G0 F9000 X113.288 Y84.262
G1 F1500 E2712.21243
G0 F9000 X97.872 Y86.322
G0 X97.4 Y134.15
;TYPE:WALL-INNER
G1 F1500 E2718.71243
G1 X122.6 Y134.15 E2722.06505
G1 X122.6 Y85.85 E2728.49091
G1 X97.4 Y85.85 E2731.84353
G1 X97.4 Y134.15 E2738.26939
G0 F9000 X97.8 Y133.15
G0 X98.4 Y133.15
;TYPE:WALL-OUTER
G1 F1500 X121.6 Y133.15 E2741.35593
G1 X121.6 Y86.85 E2747.51571
G1 X98.4 Y86.85 E2750.60225
G1 X98.4 Y133.15 E2756.76203
G0 F9000 X97.8 Y133.15
G0 X97.872 Y133.678
G0 X106.245 Y141.58
G0 X106.816 Y141.898
G0 X107.302 Y142.054
G0 X112.748 Y142.527
;TYPE:WALL-INNER
G1 F1500 X113.386 Y142.317 E2756.85139
G1 X113.865 Y142.046 E2756.9246
G1 X114.256 Y141.78 E2756.98752
G1 X114.574 Y141.477 E2757.04596
G1 X114.998 Y140.91 E2757.14015
G1 X115.193 Y140.536 E2757.19626
G1 X115.342 Y140.082 E2757.25983
G1 X115.467 Y139.59 E2757.32737
G1 X115.504 Y139.094 E2757.39354
G1 X115.453 Y138.654 E2757.45247
G1 X115.379 Y138.186 E2757.51551
G1 X115.176 Y137.615 E2757.59613
G1 X114.901 Y137.148 E2757.66823
G1 X114.728 Y136.918 E2757.70652
G1 X114.415 Y136.562 E2757.76959
G1 X114.237 Y136.408 E2757.8009
G1 X113.91 Y136.168 E2757.85487
G1 X113.665 Y136.037 E2757.89183
G1 X113.249 Y135.828 E2757.95376
G1 X112.713 Y135.671 E2758.02807
G1 X112.475 Y135.639 E2758.06002
G1 X112.074 Y135.6 E2758.11362
G1 X107.929 Y135.6 E2758.66507
G1 X107.527 Y135.638 E2758.71879
G1 X107.287 Y135.669 E2758.75099
G1 X106.747 Y135.827 E2758.82584
G1 X106.333 Y136.036 E2758.88754
G1 X106.09 Y136.167 E2758.92427
G1 X105.756 Y136.412 E2758.97938
G1 X105.581 Y136.568 E2759.01057
G1 X105.276 Y136.915 E2759.07203
G1 X105.105 Y137.141 E2759.10973
G1 X104.826 Y137.61 E2759.18234
G1 X104.62 Y138.186 E2759.26372
G1 X104.49 Y139.026 E2759.37681
G1 X104.533 Y139.587 E2759.45166
G1 X104.662 Y140.103 E2759.52242
G1 X104.783 Y140.493 E2759.57675
G1 X104.999 Y140.905 E2759.63864
G1 X105.339 Y141.363 E2759.71452
G1 X105.669 Y141.719 E2759.7791
G1 X105.991 Y141.965 E2759.83302
G1 X106.412 Y142.204 E2759.89742
G1 X106.635 Y142.324 E2759.93111
G1 X107.259 Y142.525 E2760.01833
G1 X107.734 Y142.578 E2760.08192
G1 X107.891 Y142.6 E2760.10301
G1 X112.082 Y142.6 E2760.66058
G1 X112.748 Y142.527 E2760.74972
G0 F9000 X112.721 Y142.114
G0 X112.535 Y141.544
;TYPE:WALL-OUTER
G1 F1500 X112.98 Y141.398 E2760.81202
G1 X113.337 Y141.196 E2760.8666
G1 X113.625 Y141 E2760.91294
G1 X113.823 Y140.811 E2760.94936
G1 X114.149 Y140.375 E2761.02179
G1 X114.269 Y140.146 E2761.05618
G1 X114.381 Y139.804 E2761.10406
G1 X114.476 Y139.428 E2761.15566
G1 X114.5 Y139.114 E2761.19755
G1 X114.462 Y138.79 E2761.24095
G1 X114.406 Y138.433 E2761.28903
G1 X114.266 Y138.04 E2761.34453
G1 X114.068 Y137.704 E2761.39642
G1 X113.952 Y137.55 E2761.42207
G1 X113.709 Y137.274 E2761.47099
G1 X113.612 Y137.19 E2761.48806
G1 X113.376 Y137.016 E2761.52707
G1 X113.205 Y136.925 E2761.55284
G1 X112.881 Y136.762 E2761.60109
G1 X112.506 Y136.652 E2761.65309
G1 X112.361 Y136.633 E2761.67254
G1 X112.025 Y136.6 E2761.71746
G1 X107.976 Y136.6 E2762.25614
G1 X107.639 Y136.632 E2762.30118
G1 X107.493 Y136.651 E2762.32076
G1 X107.116 Y136.761 E2762.37301
G1 X106.796 Y136.923 E2762.42073
G1 X106.625 Y137.015 E2762.44656
G1 X106.386 Y137.19 E2762.48597
G1 X106.292 Y137.274 E2762.50274
G1 X106.051 Y137.548 E2762.55129
G1 X105.936 Y137.7 E2762.57665
G1 X105.735 Y138.038 E2762.62897
G1 X105.594 Y138.433 E2762.68477
G1 X105.531 Y138.839 E2762.73943
G1 X105.496 Y139.065 E2762.76985
G1 X105.524 Y139.427 E2762.81816
G1 X105.625 Y139.833 E2762.87382
G1 X105.711 Y140.109 E2762.91228
G1 X105.849 Y140.372 E2762.95179
G1 X106.109 Y140.723 E2763.00991
G1 X106.344 Y140.976 E2763.05584
G1 X106.544 Y141.129 E2763.08935
G1 X106.896 Y141.329 E2763.14321
G1 X107.028 Y141.4 E2763.16315
G1 X107.469 Y141.542 E2763.22479
G1 X107.866 Y141.586 E2763.27793
G1 X107.963 Y141.6 E2763.29096
G1 X112.027 Y141.6 E2763.83164
G1 X112.535 Y141.544 E2763.89964
G0 F9000 X112.767 Y142.619
G0 X101.536 Y148.025
;TYPE:WALL-INNER
G1 F1500 X91.692 Y148.022 E2765.20929
G1 X91.693 Y79.92 E2774.26961
G1 X91.697 Y75.451 E2774.86417
G1 X91.694 Y72.477 E2775.25983
G1 X91.694 Y71.978 E2775.32622
G1 X92.193 Y71.978 E2775.36916
G1 X128.307 Y71.978 E2780.17379
G1 X128.31 Y91.643 E2782.79003
G1 X128.309 Y147.522 E2790.2242
G1 X128.309 Y148.022 E2790.29072
G1 X127.809 Y148.021 E2790.33373
G1 X121.768 Y148.007 E2791.13743
G1 X101.536 Y148.025 E2793.8291
G0 F9000 X101.537 Y148.425
G0 X101.537 Y149.025
;TYPE:WALL-OUTER
G1 F1500 X90.692 Y149.022 E2795.27193
G1 X90.693 Y79.92 E2804.4653
G1 X90.697 Y75.451 E2805.05985
G1 X90.693 Y70.978 E2805.65495
G1 X129.307 Y70.978 E2810.79217
G1 X129.31 Y91.643 E2813.54146
G1 X129.309 Y149.024 E2821.17545
G1 X121.767 Y149.007 E2822.17885
G1 X101.537 Y149.025 E2824.87026
G0 F9000 X101.537 Y147.925
G0 X98.733 Y147.823
;TYPE:FILL
G1 F3000 X128.107 Y139.953 E2828.91602
G0 F9000 X128.109 Y144.203
G1 F3000 X118.255 Y134.349 E2830.77003
G0 F9000 X115.256 Y134.349
G1 F3000 X114.667 Y136.545 E2831.07252
G0 F9000 X115.041 Y139.104
G0 X114.9 Y139.954
G0 X114.636 Y140.592
G0 X113.034 Y142.641
G1 F3000 X111.647 Y147.815 E2831.78517
G0 F9000 X110.508 Y147.815
G1 F3000 X91.892 Y129.199 E2835.28773
G0 F9000 X91.891 Y134.127
G1 F3000 X97.198 Y132.705 E2836.01868
G0 F9000 X97.872 Y133.678
G0 X99.727 Y134.349
G1 F3000 X96.116 Y147.822 E2837.8744
G0 F9000 X91.892 Y118.598
G1 F3000 X97.198 Y117.176 E2838.60522
G0 F9000 X97.199 Y113.293
G1 F3000 X91.892 Y107.985 E2839.60382
G0 F9000 X91.892 Y105.633
G1 F3000 X97.199 Y85.827 E2842.33177
G0 F9000 X97.246 Y85.649
G1 F3000 X100.856 Y72.177 E2844.18733
G0 F9000 X98.51 Y72.177
G1 F3000 X105.038 Y78.705 E2845.41556
G0 F9000 X104.959 Y80.896
G0 X105.048 Y81.546
G0 X105.747 Y83.827
G1 F3000 X98.949 Y85.649 E2846.35189
G0 F9000 X97.199 Y86.118
G1 F3000 X91.893 Y87.54 E2847.08271
G0 F9000 X91.892 Y86.772
G1 F3000 X97.199 Y92.08 E2848.0813
G0 F9000 X97.199 Y101.647
G1 F3000 X91.892 Y103.069 E2848.81226
G1 F1500 E2842.31226
G0 F9000 X97.872 Y86.322
G0 X110.933 Y84.6
G1 F1500 E2848.81226
G1 F3000 X111.982 Y85.649 E2849.00962
G0 F9000 X112.775 Y85.65
G1 F3000 X113.104 Y84.424 E2849.1785
G0 F9000 X115.682 Y81.165
G1 F3000 X128.106 Y77.836 E2850.88971
G0 F9000 X128.107 Y80.562
G1 F3000 X119.723 Y72.177 E2852.46723
G0 F9000 X116.385 Y72.177
G1 F3000 X114.717 Y78.402 E2853.32462
G0 F9000 X128.108 Y86.384
G1 F3000 X122.799 Y106.195 E2856.05329
G0 F9000 X122.799 Y110.317
G1 F3000 X128.108 Y108.894 E2856.78453
G0 F9000 X128.109 Y101.776
G1 F3000 X122.799 Y96.467 E2857.7835
G0 F9000 X122.799 Y94.788
G1 F3000 X128.108 Y93.365 E2858.51475
G0 F9000 X122.799 Y117.68
G1 F3000 X128.109 Y122.989 E2859.51372
G0 F9000 X128.108 Y124.423
G1 F3000 X122.799 Y125.846 E2860.24496
G0 F9000 X128.107 Y144.341
G1 F3000 X127.175 Y147.82 E2860.72413
G0 F9000 X113.701 Y135.2
G0 X113.571 Y135.33
;TYPE:SKIN
G1 F1500 X113.265 Y134.928 E2860.77049
G1 X108.37 Y134.873 E2861.21968
G1 X106.813 Y135.015 E2861.36314
G1 X106.389 Y134.733 E2861.40986
G1 F1500 E2854.90986
G0 F9000 X106.559 Y134.563
G0 X97.872 Y133.678
G0 X97.872 Y86.322
G0 X106.897 Y85.435
G0 X107.225 Y85.107
G1 F1500 E2861.40986
G1 X106.575 Y85.049 E2861.46105
G1 X106.398 Y84.52 E2861.5048
G1 X107.914 Y85.124 E2861.63281
G1 X112.177 Y85.104 E2861.96719
G1 X113.502 Y85.194 E2862.07136
G0 F9000 X113.261 Y85.35
;MESH:NONMESH
G0 F300 X113.261 Y85.35 Z5.44
G0 F9000 X113.261 Y84.17
;TIME_ELAPSED:1130.148759
;LAYER:16
;TYPE:WALL-INNER
;MESH:placchetta pulsante plana o comune.stl
G1 F1500 X113.697 Y83.95 E2862.13633
G1 X113.901 Y83.839 E2862.16723
G1 X114.242 Y83.588 E2862.22356
G1 X114.42 Y83.43 E2862.25522
G1 X114.745 Y83.063 E2862.32044
G1 X114.887 Y82.872 E2862.35211
G1 X115.173 Y82.391 E2862.42656
G1 X115.387 Y81.796 E2862.51068
G1 X115.469 Y81.263 E2862.58243
G1 X115.509 Y80.964 E2862.62256
G1 X115.466 Y80.397 E2862.69821
G1 X115.33 Y79.848 E2862.77346
G1 X115.21 Y79.495 E2862.82306
G1 X114.994 Y79.082 E2862.88507
G1 X114.637 Y78.602 E2862.96465
G1 X114.325 Y78.277 E2863.02459
G1 X114.004 Y78.029 E2863.07856
G1 X113.551 Y77.773 E2863.14778
G1 X113.374 Y77.681 E2863.17432
G1 X112.738 Y77.474 E2863.2633
G1 X112.084 Y77.4 E2863.35087
G1 X107.92 Y77.4 E2863.90485
G1 X107.264 Y77.47 E2863.99262
G1 X106.599 Y77.687 E2864.08568
G1 X105.993 Y78.03 E2864.17832
G1 X105.717 Y78.245 E2864.22487
G1 X105.416 Y78.535 E2864.28047
G1 X105.008 Y79.078 E2864.37084
G1 X104.811 Y79.456 E2864.42754
G1 X104.666 Y79.871 E2864.48603
G1 X104.534 Y80.395 E2864.55792
G1 X104.496 Y80.896 E2864.62477
G1 X104.534 Y81.292 E2864.67769
G1 X104.614 Y81.796 E2864.74558
G1 X104.824 Y82.386 E2864.8289
G1 X105.112 Y82.874 E2864.90429
G1 X105.256 Y83.064 E2864.93601
G1 X105.579 Y83.432 E2865.00115
G1 X105.761 Y83.591 E2865.0333
G1 X106.102 Y83.841 E2865.08955
G1 X106.307 Y83.951 E2865.1205
G1 X106.742 Y84.17 E2865.1853
G1 X107.299 Y84.332 E2865.26247
G1 X107.508 Y84.359 E2865.29051
G1 X107.926 Y84.4 E2865.34639
G1 X112.072 Y84.4 E2865.89797
G1 X112.493 Y84.36 E2865.95423
G1 X112.702 Y84.333 E2865.98227
G1 X113.261 Y84.17 E2866.05974
G0 F9000 X113.059 Y83.812
G0 X112.893 Y83.236
;TYPE:WALL-OUTER
G1 F1500 X113.233 Y83.064 E2866.11043
G1 X113.364 Y82.993 E2866.13025
G1 X113.613 Y82.81 E2866.17137
G1 X113.711 Y82.723 E2866.1888
G1 X113.967 Y82.433 E2866.24026
G1 X114.053 Y82.317 E2866.25947
G1 X114.264 Y81.962 E2866.31442
G1 X114.413 Y81.548 E2866.37295
G1 X114.479 Y81.12 E2866.43057
G1 X114.504 Y80.935 E2866.4554
G1 X114.475 Y80.557 E2866.50584
G1 X114.369 Y80.129 E2866.5645
G1 X114.288 Y79.889 E2866.5982
G1 X114.145 Y79.616 E2866.6392
G1 X113.872 Y79.249 E2866.70006
G1 X113.655 Y79.023 E2866.74174
G1 X113.45 Y78.865 E2866.77617
G1 X113.073 Y78.652 E2866.83378
G1 X112.985 Y78.606 E2866.84699
G1 X112.525 Y78.456 E2866.91136
G1 X112.028 Y78.4 E2866.9779
G1 X107.973 Y78.4 E2867.51738
G1 X107.474 Y78.453 E2867.58414
G1 X107.005 Y78.606 E2867.64977
G1 X106.55 Y78.864 E2867.71936
G1 X106.373 Y79.002 E2867.74922
G1 X106.167 Y79.2 E2867.78724
G1 X105.857 Y79.613 E2867.85594
G1 X105.731 Y79.854 E2867.89212
G1 X105.625 Y80.158 E2867.93495
G1 X105.525 Y80.556 E2867.98955
G1 X105.5 Y80.886 E2868.03358
G1 X105.527 Y81.166 E2868.071
G1 X105.587 Y81.548 E2868.12244
G1 X105.734 Y81.96 E2868.18064
G1 X105.944 Y82.316 E2868.23563
G1 X106.031 Y82.431 E2868.25481
G1 X106.288 Y82.723 E2868.30657
G1 X106.388 Y82.811 E2868.32429
G1 X106.636 Y82.993 E2868.36521
G1 X106.767 Y83.063 E2868.38497
G1 X107.109 Y83.235 E2868.4359
G1 X107.504 Y83.35 E2868.49064
G1 X107.621 Y83.365 E2868.50633
G1 X107.975 Y83.4 E2868.55366
G1 X112.024 Y83.4 E2869.09234
G1 X112.381 Y83.366 E2869.14005
G1 X112.497 Y83.351 E2869.15561
G1 X112.893 Y83.236 E2869.21047
G0 F9000 X113.296 Y84.259
G1 F1500 E2862.71047
G0 F9000 X122.128 Y86.322
G0 X122.128 Y133.678
G0 X112.736 Y142.53
;TYPE:WALL-INNER
G1 F1500 E2869.21047
G1 X113.401 Y142.313 E2869.30353
G1 X114.007 Y141.97 E2869.39617
G1 X114.283 Y141.755 E2869.44272
G1 X114.584 Y141.465 E2869.49833
G1 X114.992 Y140.922 E2869.58869
G1 X115.189 Y140.544 E2869.6454
G1 X115.334 Y140.129 E2869.70388
G1 X115.466 Y139.605 E2869.77577
G1 X115.504 Y139.104 E2869.84262
G1 X115.466 Y138.708 E2869.89554
G1 X115.386 Y138.204 E2869.96344
G1 X115.176 Y137.614 E2870.04675
G1 X114.888 Y137.126 E2870.12214
G1 X114.744 Y136.936 E2870.15386
G1 X114.421 Y136.568 E2870.219
G1 X114.239 Y136.409 E2870.25115
G1 X113.898 Y136.159 E2870.3074
G1 X113.693 Y136.049 E2870.33836
G1 X113.258 Y135.83 E2870.40315
G1 X112.701 Y135.668 E2870.48032
G1 X112.492 Y135.641 E2870.50836
G1 X112.074 Y135.6 E2870.56424
G1 X107.928 Y135.6 E2871.11582
G1 X107.507 Y135.64 E2871.17209
G1 X107.298 Y135.667 E2871.20012
G1 X106.739 Y135.83 E2871.27759
G1 X106.304 Y136.049 E2871.34238
G1 X106.102 Y136.158 E2871.37292
G1 X105.757 Y136.411 E2871.42984
G1 X105.577 Y136.572 E2871.46197
G1 X105.254 Y136.938 E2871.52691
G1 X105.113 Y137.128 E2871.55839
G1 X104.827 Y137.609 E2871.63284
G1 X104.613 Y138.204 E2871.71696
G1 X104.531 Y138.737 E2871.78871
G1 X104.491 Y139.036 E2871.82884
G1 X104.534 Y139.603 E2871.90449
G1 X104.67 Y140.152 E2871.97974
G1 X104.79 Y140.505 E2872.02934
G1 X105.006 Y140.918 E2872.09135
G1 X105.363 Y141.398 E2872.17093
G1 X105.675 Y141.723 E2872.23087
G1 X105.996 Y141.971 E2872.28484
G1 X106.449 Y142.227 E2872.35406
G1 X106.626 Y142.319 E2872.3806
G1 X107.262 Y142.526 E2872.46958
G1 X107.916 Y142.6 E2872.55715
G1 X112.08 Y142.6 E2873.11113
G1 X112.736 Y142.53 E2873.1989
G0 F9000 X112.712 Y142.118
G0 X112.526 Y141.547
;TYPE:WALL-OUTER
G1 F1500 X112.995 Y141.394 E2873.26453
G1 X113.45 Y141.136 E2873.33412
G1 X113.627 Y140.998 E2873.36398
G1 X113.833 Y140.8 E2873.40199
G1 X114.143 Y140.387 E2873.47069
G1 X114.269 Y140.146 E2873.50687
G1 X114.375 Y139.842 E2873.54971
G1 X114.475 Y139.444 E2873.6043
G1 X114.5 Y139.114 E2873.64833
G1 X114.473 Y138.834 E2873.68576
G1 X114.413 Y138.452 E2873.7372
G1 X114.266 Y138.04 E2873.7954
G1 X114.056 Y137.684 E2873.85039
G1 X113.969 Y137.569 E2873.86957
G1 X113.712 Y137.277 E2873.92132
G1 X113.612 Y137.189 E2873.93904
G1 X113.364 Y137.007 E2873.97997
G1 X113.233 Y136.937 E2873.99973
G1 X112.891 Y136.765 E2874.05066
G1 X112.496 Y136.65 E2874.10539
G1 X112.379 Y136.635 E2874.12109
G1 X112.025 Y136.6 E2874.16841
G1 X107.976 Y136.6 E2874.70709
G1 X107.619 Y136.634 E2874.7548
G1 X107.503 Y136.649 E2874.77036
G1 X107.107 Y136.764 E2874.82522
G1 X106.767 Y136.936 E2874.87592
G1 X106.637 Y137.006 E2874.89556
G1 X106.386 Y137.19 E2874.93697
G1 X106.287 Y137.278 E2874.95459
G1 X106.033 Y137.567 E2875.00578
G1 X105.947 Y137.683 E2875.02499
G1 X105.736 Y138.038 E2875.07993
G1 X105.587 Y138.452 E2875.13847
G1 X105.521 Y138.88 E2875.19608
G1 X105.496 Y139.065 E2875.22092
G1 X105.525 Y139.443 E2875.27135
G1 X105.631 Y139.871 E2875.33002
G1 X105.712 Y140.111 E2875.36371
G1 X105.855 Y140.384 E2875.40472
G1 X106.128 Y140.751 E2875.46557
G1 X106.345 Y140.977 E2875.50725
G1 X106.55 Y141.135 E2875.54169
G1 X106.927 Y141.348 E2875.59929
G1 X107.015 Y141.394 E2875.61251
G1 X107.475 Y141.544 E2875.67688
G1 X107.972 Y141.6 E2875.74341
G1 X112.027 Y141.6 E2876.28289
G1 X112.526 Y141.547 E2876.34965
G0 F9000 X112.755 Y142.622
G0 X107.36 Y142.074
G0 X106.669 Y141.822
G0 X106.115 Y141.464
G0 X97.4 Y134.15
;TYPE:WALL-INNER
G1 F1500 X122.6 Y134.15 E2879.70228
G1 X122.6 Y85.85 E2886.12813
G1 X97.4 Y85.85 E2889.48076
G1 X97.4 Y134.15 E2895.90661
G0 F9000 X97.8 Y133.15
G0 X98.4 Y133.15
;TYPE:WALL-OUTER
G1 F1500 X121.6 Y133.15 E2898.99315
G1 X121.6 Y86.85 E2905.15293
G1 X98.4 Y86.85 E2908.23947
G1 X98.4 Y133.15 E2914.39925
G1 F1500 E2907.89925
G0 F9000 X97.8 Y133.15
G0 X97.872 Y133.678
G0 X112.606 Y136.12
G0 X113.089 Y136.261
G0 X127.685 Y143.395
G0 X128.168 Y147.787
;TYPE:WALL-INNER
G1 F1500 E2914.39925
G1 X127.668 Y147.787 E2914.46577
G1 X124.768 Y147.784 E2914.85159
G1 X92.332 Y147.785 E2919.16689
G1 X91.833 Y147.785 E2919.23328
G1 X91.833 Y147.286 E2919.27622
G1 X91.834 Y139.396 E2920.32591
G1 X91.867 Y106.893 E2924.65013
G1 X91.834 Y72.714 E2929.19732
G1 X91.834 Y72.215 E2929.26371
G1 X92.333 Y72.215 E2929.30665
G1 X127.666 Y72.215 E2934.00737
G1 X128.165 Y72.215 E2934.07375
G1 X128.165 Y72.714 E2934.11669
G1 X128.164 Y133.834 E2942.24813
G1 X128.168 Y147.287 E2944.03793
G1 X128.168 Y147.787 E2944.08093
G0 F9000 X128.598 Y148.218
G0 X129.168 Y148.788
;TYPE:WALL-OUTER
G1 F1500 X124.767 Y148.784 E2944.66644
G1 X90.833 Y148.785 E2949.18104
G1 X90.834 Y139.396 E2950.43016
G1 X90.867 Y106.893 E2954.75438
G1 X90.833 Y71.215 E2959.501
G1 X129.165 Y71.215 E2964.60071
G1 X129.164 Y133.834 E2972.93158
G1 X129.167 Y139.395 E2973.67141
G1 X129.168 Y148.788 E2974.92106
G0 F9000 X128.598 Y148.218
G0 X127.947 Y143.721
;TYPE:FILL
G1 F3000 X118.575 Y134.349 E2976.68438
G0 F9000 X115.022 Y134.348
G1 F3000 X114.484 Y136.355 E2976.96082
G0 F9000 X115.008 Y138.766
G0 X115.009 Y139.53
G0 X114.765 Y140.36
G0 X114.339 Y141.006
G0 X112.777 Y142.726
G1 F3000 X112.51 Y143.722 E2977.09801
G0 F9000 X112.511 Y143.332
G0 X114.916 Y143.322
G0 X114.916 Y143.721
G1 F3000 X127.964 Y140.225 E2978.89515
G0 F9000 X122.8 Y126.08
G1 F3000 X127.963 Y124.696 E2979.60629
G0 F9000 X127.964 Y122.525
G1 F3000 X122.799 Y117.36 E2980.57808
G0 F9000 X122.8 Y110.55
G1 F3000 X127.962 Y109.167 E2981.28905
G0 F9000 X122.8 Y105.321
G1 F3000 X127.963 Y86.049 E2983.94342
G0 F9000 X127.964 Y80.098
G1 F3000 X124.145 Y76.279 E2984.66196
G0 F9000 X124.143 Y76.669
G0 X127.963 Y78.109
G1 F3000 X115.647 Y81.409 E2986.35829
G0 F9000 X114.536 Y78.207
G1 F3000 X115.053 Y76.278 E2986.62398
G0 F9000 X115.052 Y76.668
G0 X115.013 Y81.197
G0 X114.938 Y81.681
G0 X114.754 Y82.193
G0 X114.457 Y82.662
G0 X112.851 Y84.496
G1 F3000 X112.542 Y85.649 E2986.78279
G0 F9000 X112.301 Y85.649
G1 F3000 X111.252 Y84.6 E2986.98015
G0 F9000 X105.979 Y83.999
G1 F3000 X99.822 Y85.649 E2987.82819
G0 F9000 X97.199 Y86.352
G1 F3000 X92.048 Y87.732 E2988.53765
G0 F9000 X92.046 Y86.607
G1 F3000 X97.199 Y91.76 E2989.50717
G0 F9000 X97.198 Y101.881
G1 F3000 X92.063 Y103.257 E2990.21444
G0 F9000 X92.063 Y104.119
G1 F3000 X99.524 Y76.276 E2994.04938
G0 F9000 X99.524 Y76.679
G0 X102.93 Y76.678
G0 X102.93 Y76.278
G1 F3000 X105.175 Y78.522 E2994.47167
G1 F1500 E2987.97167
G0 F9000 X104.959 Y80.891
G0 X105.062 Y81.681
G0 X105.243 Y82.189
G0 X105.613 Y82.772
G0 X106.049 Y83.232
G0 X106.911 Y83.739
G0 X113.507 Y86.322
G0 X122.128 Y86.322
G0 X122.799 Y95.021
G1 F1500 E2994.47167
G1 F3000 X127.963 Y93.638 E2995.18291
G0 F9000 X122.799 Y96.147
G1 F3000 X127.964 Y101.312 E2996.15469
G1 F1500 E2989.65469
G0 F9000 X122.128 Y86.322
G0 X97.872 Y86.322
G0 X97.199 Y112.973
G1 F1500 E2996.15469
G1 F3000 X92.065 Y107.839 E2997.12064
G0 F9000 X97.199 Y117.41
G1 F3000 X92.054 Y118.789 E2997.82929
G0 F9000 X92.044 Y129.031
G1 F3000 X97.199 Y134.186 E2998.79919
G0 F9000 X97.362 Y134.349
G1 F3000 X106.732 Y143.72 E3000.56223
G0 F9000 X106.733 Y143.332
G0 X96.982 Y143.332
G0 X96.981 Y143.72
G1 F3000 X99.493 Y134.348 E3001.8531
G0 F9000 X97.872 Y133.678
G0 X97.198 Y132.94
G1 F3000 X92.038 Y134.322 E3002.56378
G0 F9000 X92.243 Y143.914
G0 X92.823 Y143.914
;TYPE:SKIN
G1 F1500 X93.26 Y143.915 E3002.62192
G1 X95.47 Y143.909 E3002.91594
G1 X96.006 Y143.911 E3002.98725
G1 X121.956 Y143.912 E3006.43966
G1 X124.527 Y143.909 E3006.7817
G1 X126.477 Y143.916 E3007.04113
G1 X127.177 Y143.914 E3007.13426
G1 X127.178 Y146.796 E3007.51769
G1 X124.769 Y146.794 E3007.83818
G1 X92.823 Y146.795 E3012.08829
G1 X92.823 Y143.914 E3012.47158
G0 F9000 X92.243 Y143.914
G0 X92.315 Y147.303
G0 X94.067 Y147.375
G0 X94.067 Y146.393
G1 F1500 X93.222 Y145.548 E3012.63057
G0 F9000 X92.243 Y145.548
G0 X92.315 Y143.395
G0 X93.4 Y143.324
G0 X93.402 Y144.314
G1 F1500 X95.482 Y146.393 E3013.02182
G0 F9000 X95.482 Y147.375
G0 X96.896 Y147.375
G0 X96.896 Y146.393
G1 F1500 X94.813 Y144.31 E3013.41373
G0 F9000 X94.811 Y143.32
G0 X96.229 Y143.332
G0 X96.228 Y144.311
G1 F1500 X98.31 Y146.393 E3013.80546
G0 F9000 X98.31 Y147.375
G0 X99.724 Y147.375
G0 X99.724 Y146.393
G1 F1500 X97.642 Y144.311 E3014.19718
G0 F9000 X97.643 Y143.332
G0 X99.057 Y143.332
G0 X99.056 Y144.311
G1 F1500 X101.138 Y146.393 E3014.5889
G0 F9000 X101.138 Y147.375
G0 X102.553 Y147.375
G0 X102.553 Y146.393
G1 F1500 X100.47 Y144.311 E3014.98072
G0 F9000 X100.471 Y143.332
G0 X101.885 Y143.332
G0 X101.884 Y144.311
G1 F1500 X103.967 Y146.393 E3015.37254
G0 F9000 X103.967 Y147.375
G0 X105.381 Y147.375
G0 X105.381 Y146.393
G1 F1500 X103.299 Y144.311 E3015.76426
G0 F9000 X103.3 Y143.332
G0 X104.714 Y143.332
G0 X104.713 Y144.311
G1 F1500 X106.795 Y146.393 E3016.15599
G0 F9000 X106.795 Y147.375
G0 X108.209 Y147.375
G0 X108.209 Y146.393
G1 F1500 X106.127 Y144.311 E3016.54771
G0 F9000 X106.128 Y143.332
G0 X107.542 Y143.332
G0 X107.541 Y144.311
G1 F1500 X109.624 Y146.393 E3016.93953
G0 F9000 X109.624 Y147.375
G0 X111.038 Y147.375
G0 X111.038 Y146.393
G1 F1500 X108.955 Y144.311 E3017.33135
G0 F9000 X108.956 Y143.332
G0 X110.371 Y143.332
G0 X110.37 Y144.311
G1 F1500 X112.452 Y146.393 E3017.72307
G0 F9000 X112.452 Y147.375
G0 X113.866 Y147.375
G0 X113.866 Y146.393
G1 F1500 X111.784 Y144.311 E3018.11479
G0 F9000 X111.785 Y143.332
G0 X113.199 Y143.332
G0 X113.198 Y144.311
G1 F1500 X115.281 Y146.393 E3018.50661
G0 F9000 X115.281 Y147.375
G0 X116.695 Y147.375
G0 X116.695 Y146.393
G1 F1500 X114.612 Y144.311 E3018.89843
G0 F9000 X114.612 Y143.322
G0 X116.027 Y143.322
G0 X116.027 Y144.311
G1 F1500 X118.109 Y146.393 E3019.29015
G0 F9000 X118.109 Y147.375
G0 X119.523 Y147.375
G0 X119.523 Y146.393
G1 F1500 X117.441 Y144.311 E3019.68188
G0 F9000 X117.441 Y143.322
G0 X118.855 Y143.322
G0 X118.855 Y144.311
G1 F1500 X120.937 Y146.393 E3020.0736
G0 F9000 X120.937 Y147.375
G0 X122.352 Y147.375
G0 X122.352 Y146.393
G1 F1500 X120.269 Y144.311 E3020.46542
G0 F9000 X120.269 Y143.322
G0 X121.683 Y143.322
G0 X121.683 Y144.311
G1 F1500 X123.766 Y146.393 E3020.85723
G0 F9000 X123.766 Y147.375
G0 X125.179 Y147.374
G0 X125.18 Y146.393
G1 F1500 X123.097 Y144.31 E3021.24915
G0 F9000 X123.096 Y143.32
G0 X124.599 Y143.359
G0 X124.51 Y144.309
G1 F1500 X126.596 Y146.395 E3021.64162
G0 F9000 X126.595 Y147.375
G0 X127.686 Y147.305
G0 X127.758 Y145.161
G0 X126.777 Y145.161
G1 F1500 X125.929 Y144.314 E3021.80108
G1 F1500 E3015.30108
G0 F9000 X125.933 Y143.335
G0 X126.74 Y76.675
G1 F1500 E3021.80108
G0 F9000 X126.74 Y76.085
G1 F1500 X124.53 Y76.091 E3022.0951
G1 X123.994 Y76.089 E3022.16641
G1 X99.671 Y76.088 E3025.40235
G1 X95.473 Y76.091 E3025.96086
G1 X93.521 Y76.084 E3026.22055
G1 X92.827 Y76.085 E3026.31289
G1 X92.825 Y73.205 E3026.69604
G1 X127.175 Y73.205 E3031.26598
G1 X127.175 Y76.086 E3031.64927
G1 X126.74 Y76.085 E3031.70715
G0 F9000 X126.74 Y76.675
G0 X127.683 Y76.605
G0 X127.755 Y74.448
G0 X126.774 Y74.448
G1 F1500 X125.931 Y73.605 E3031.86576
G0 F9000 X125.931 Y72.625
G0 X124.517 Y72.625
G0 X124.517 Y73.605
G1 F1500 X126.596 Y75.684 E3032.25691
G0 F9000 X126.598 Y76.676
G0 X125.188 Y76.68
G0 X125.186 Y75.688
G1 F1500 X123.103 Y73.605 E3032.64883
G0 F9000 X123.103 Y72.625
G0 X121.688 Y72.625
G0 X121.688 Y73.605
G1 F1500 X123.771 Y75.688 E3033.04074
G0 F9000 X123.77 Y76.668
G0 X122.356 Y76.668
G0 X122.357 Y75.688
G1 F1500 X120.274 Y73.605 E3033.43265
G0 F9000 X120.274 Y72.625
G0 X118.86 Y72.625
G0 X118.86 Y73.605
G1 F1500 X120.942 Y75.688 E3033.82447
G0 F9000 X120.941 Y76.668
G0 X119.527 Y76.668
G0 X119.528 Y75.688
G1 F1500 X117.446 Y73.605 E3034.21629
G0 F9000 X117.446 Y72.625
G0 X116.031 Y72.625
G0 X116.031 Y73.605
G1 F1500 X118.114 Y75.688 E3034.6082
G0 F9000 X118.113 Y76.668
G0 X116.699 Y76.668
G0 X116.7 Y75.688
G1 F1500 X114.617 Y73.605 E3035.00011
G0 F9000 X114.617 Y72.625
G0 X113.203 Y72.625
G0 X113.203 Y73.605
G1 F1500 X115.285 Y75.688 E3035.39193
G0 F9000 X115.284 Y76.668
G0 X113.87 Y76.668
G0 X113.871 Y75.688
G1 F1500 X111.789 Y73.605 E3035.78374
G0 F9000 X111.789 Y72.625
G0 X110.375 Y72.625
G0 X110.375 Y73.605
G1 F1500 X112.457 Y75.688 E3036.17556
G0 F9000 X112.456 Y76.668
G0 X111.042 Y76.668
G0 X111.043 Y75.688
G1 F1500 X108.96 Y73.605 E3036.56747
G0 F9000 X108.96 Y72.625
G0 X107.546 Y72.625
G0 X107.546 Y73.605
G1 F1500 X109.629 Y75.688 E3036.95939
G0 F9000 X109.628 Y76.668
G0 X108.213 Y76.668
G0 X108.214 Y75.688
G1 F1500 X106.132 Y73.605 E3037.3512
G0 F9000 X106.132 Y72.625
G0 X104.718 Y72.625
G0 X104.718 Y73.605
G1 F1500 X106.8 Y75.688 E3037.74302
G0 F9000 X106.799 Y76.668
G0 X105.386 Y76.678
G0 X105.386 Y75.688
G1 F1500 X103.304 Y73.605 E3038.13484
G0 F9000 X103.304 Y72.625
G0 X101.889 Y72.625
G0 X101.889 Y73.605
G1 F1500 X103.972 Y75.688 E3038.52675
G0 F9000 X103.972 Y76.678
G0 X102.558 Y76.678
G0 X102.558 Y75.688
G1 F1500 X100.475 Y73.605 E3038.91866
G0 F9000 X100.475 Y72.625
G0 X99.061 Y72.625
G0 X99.061 Y73.605
G1 F1500 X101.143 Y75.688 E3039.31048
G0 F9000 X101.143 Y76.678
G0 X99.729 Y76.678
G0 X99.729 Y75.688
G1 F1500 X97.647 Y73.605 E3039.7023
G0 F9000 X97.647 Y72.625
G0 X96.232 Y72.625
G0 X96.232 Y73.605
G1 F1500 X98.316 Y75.688 E3040.0943
G0 F9000 X98.316 Y76.679
G0 X96.902 Y76.68
G0 X96.902 Y75.689
G1 F1500 X94.818 Y73.605 E3040.4864
G0 F9000 X94.818 Y72.625
G0 X93.404 Y72.625
G0 X93.404 Y73.605
G1 F1500 X95.489 Y75.69 E3040.87869
G0 F9000 X95.489 Y76.681
G0 X94.065 Y76.675
G0 X94.069 Y75.685
G1 F1500 X93.224 Y74.84 E3041.03768
G0 F9000 X92.246 Y74.84
G0 X92.32 Y76.604
G0 X106.053 Y77.062
G0 X106.198 Y77.207
;TYPE:SKIN
G1 F1500 X106.519 Y76.82 E3041.06267
G1 X111.379 Y76.731 E3041.30428
G1 X113.584 Y76.815 E3041.41396
G1 X114.762 Y76.578 E3041.47368
G1 X123.954 Y76.578 E3041.93057
G0 F9000 X124.054 Y76.678
G0 X113.682 Y84.691
G0 X113.592 Y84.601
G1 F1500 X113.345 Y85.06 E3041.97835
G1 X108.459 Y85.124 E3042.42622
G1 X106.863 Y84.942 E3042.57345
G1 X106.441 Y85.228 E3042.62017
G1 F1500 E3036.12017
G0 F9000 X106.647 Y85.434
G0 X97.872 Y86.322
G0 X97.872 Y133.678
G0 X106.987 Y134.564
G0 X107.309 Y134.887
G1 F1500 E3042.62017
G1 X106.653 Y134.937 E3042.67216
G1 X106.404 Y135.396 E3042.71342
G1 X108.004 Y134.874 E3042.84641
G1 X112.272 Y134.899 E3043.18366
G1 X113.556 Y134.77 E3043.28563
G0 F9000 X113.351 Y134.564
G0 X114.938 Y138.319
G0 X115.041 Y139.109
G0 X114.892 Y139.997
G0 X113.654 Y142.646
G0 X113.8 Y142.792
G1 F1500 X113.479 Y143.177 E3043.31069
G1 X108.619 Y143.267 E3043.55373
G1 X106.414 Y143.183 E3043.66406
G1 X105.236 Y143.42 E3043.72414
G1 X96.043 Y143.42 E3044.18379
G0 F9000 X95.944 Y143.32
G0 X124.935 Y143.319
G0 X125.035 Y143.419
G1 F1500 X125.744 Y143.422 E3044.21258
G1 X126.454 Y143.424 E3044.24142
G0 F9000 X126.552 Y142.425
G1 F1500 E3037.74142
;MESH:NONMESH
G0 F300 X126.552 Y142.425 Z5.76
G0 F9000 X122.128 Y86.322
G0 X112.671 Y84.341
;TIME_ELAPSED:1215.321759
;LAYER:17
;TYPE:WALL-INNER
;MESH:placchetta pulsante plana o comune.stl
G1 F1500 E3044.24142
G1 X113.274 Y84.166 E3044.32495
G1 X113.875 Y83.859 E3044.41474
G1 X114.245 Y83.586 E3044.47591
G1 X114.423 Y83.427 E3044.50766
G1 X114.756 Y83.052 E3044.57439
G1 X114.873 Y82.898 E3044.60012
G1 X115.174 Y82.39 E3044.67867
G1 X115.394 Y81.773 E3044.76582
G1 X115.48 Y81.211 E3044.84146
G1 X115.508 Y80.952 E3044.87612
G1 X115.465 Y80.382 E3044.95217
G1 X115.32 Y79.799 E3045.03209
G1 X115.206 Y79.485 E3045.07654
G1 X114.988 Y79.071 E3045.13878
G1 X114.607 Y78.558 E3045.2238
G1 X114.281 Y78.243 E3045.28411
G1 X113.996 Y78.024 E3045.33193
G1 X113.411 Y77.692 E3045.42141
G1 X113.061 Y77.579 E3045.47035
G1 X112.764 Y77.471 E3045.51239
G1 X112.093 Y77.387 E3045.60236
G1 X107.905 Y77.388 E3046.15953
G1 X107.226 Y77.469 E3046.25051
G1 X106.928 Y77.581 E3046.29286
G1 X106.583 Y77.692 E3046.34108
G1 X105.999 Y78.025 E3046.43051
G1 X105.718 Y78.244 E3046.47791
G1 X105.406 Y78.544 E3046.5355
G1 X105.015 Y79.066 E3046.62227
G1 X104.821 Y79.434 E3046.67761
G1 X104.69 Y79.762 E3046.7246
G1 X104.536 Y80.381 E3046.80946
G1 X104.496 Y80.89 E3046.87739
G1 X104.524 Y81.241 E3046.92423
G1 X104.606 Y81.774 E3046.99598
G1 X104.824 Y82.386 E3047.08241
G1 X105.123 Y82.893 E3047.16072
G1 X105.241 Y83.049 E3047.18674
G1 X105.574 Y83.426 E3047.25366
G1 X105.757 Y83.588 E3047.28618
G1 X106.126 Y83.86 E3047.34717
G1 X106.73 Y84.165 E3047.43719
G1 X107.327 Y84.34 E3047.51995
G1 X107.925 Y84.4 E3047.59991
G1 X112.074 Y84.4 E3048.1519
G1 X112.671 Y84.341 E3048.23171
G0 F9000 X112.539 Y83.952
G0 X112.481 Y83.355
;TYPE:WALL-OUTER
G1 F1500 X112.904 Y83.232 E3048.29032
G1 X113.347 Y83.006 E3048.35648
G1 X113.614 Y82.809 E3048.40062
G1 X113.714 Y82.72 E3048.41843
G1 X113.982 Y82.417 E3048.47225
G1 X114.042 Y82.338 E3048.48545
G1 X114.265 Y81.963 E3048.54349
G1 X114.42 Y81.528 E3048.60493
G1 X114.488 Y81.081 E3048.66508
G1 X114.504 Y80.935 E3048.68462
G1 X114.474 Y80.542 E3048.73706
G1 X114.362 Y80.091 E3048.79888
G1 X114.289 Y79.89 E3048.82733
G1 X114.139 Y79.605 E3048.87018
G1 X113.853 Y79.22 E3048.93399
G1 X113.626 Y79.001 E3048.97595
G1 X113.442 Y78.859 E3049.00687
G1 X113.007 Y78.613 E3049.07336
G1 X112.734 Y78.525 E3049.11152
G1 X112.527 Y78.449 E3049.14086
G1 X112.031 Y78.387 E3049.20736
G1 X107.965 Y78.388 E3049.7483
G1 X107.464 Y78.448 E3049.81543
G1 X107.263 Y78.523 E3049.84397
G1 X106.989 Y78.612 E3049.8823
G1 X106.557 Y78.858 E3049.94844
G1 X106.374 Y79.001 E3049.97934
G1 X106.157 Y79.209 E3050.01933
G1 X105.863 Y79.602 E3050.08462
G1 X105.73 Y79.854 E3050.12253
G1 X105.644 Y80.07 E3050.15346
G1 X105.526 Y80.542 E3050.21819
G1 X105.499 Y80.889 E3050.2645
G1 X105.518 Y81.125 E3050.296
G1 X105.58 Y81.528 E3050.35024
G1 X105.734 Y81.961 E3050.41138
G1 X105.954 Y82.334 E3050.469
G1 X106.015 Y82.414 E3050.48238
G1 X106.283 Y82.718 E3050.5363
G1 X106.386 Y82.809 E3050.55458
G1 X106.652 Y83.005 E3050.59854
G1 X107.099 Y83.231 E3050.66518
G1 X107.519 Y83.354 E3050.7234
G1 X107.975 Y83.4 E3050.78438
G1 X112.025 Y83.4 E3051.32319
G1 X112.481 Y83.355 E3051.38415
G0 F9000 X112.689 Y84.435
G1 F1500 E3044.88415
G0 F9000 X122.128 Y86.322
G0 X122.128 Y133.678
G0 X107.417 Y136.113
G0 X106.897 Y136.264
G0 X106.044 Y136.772
G0 X105.51 Y137.36
G0 X105.244 Y137.806
G0 X105.055 Y138.34
G0 X104.955 Y139.057
G0 X104.992 Y139.544
G0 X105.217 Y140.329
G0 X105.687 Y141.056
G0 X107.236 Y142.529
;TYPE:WALL-INNER
G1 F1500 E3051.38415
G1 X107.907 Y142.613 E3051.47412
G1 X112.093 Y142.613 E3052.03103
G1 X112.772 Y142.528 E3052.12207
G1 X113.086 Y142.414 E3052.16651
G1 X113.417 Y142.308 E3052.21275
G1 X114.001 Y141.975 E3052.30219
G1 X114.282 Y141.756 E3052.34958
G1 X114.594 Y141.456 E3052.40717
G1 X114.985 Y140.934 E3052.49394
G1 X115.179 Y140.566 E3052.54928
G1 X115.31 Y140.238 E3052.59627
G1 X115.464 Y139.619 E3052.68113
G1 X115.504 Y139.11 E3052.74906
G1 X115.476 Y138.759 E3052.79591
G1 X115.394 Y138.226 E3052.86765
G1 X115.176 Y137.614 E3052.95408
G1 X114.877 Y137.107 E3053.03239
G1 X114.759 Y136.951 E3053.05841
G1 X114.426 Y136.574 E3053.12534
G1 X114.243 Y136.412 E3053.15785
G1 X113.874 Y136.14 E3053.21884
G1 X113.27 Y135.835 E3053.30886
G1 X112.673 Y135.66 E3053.39163
G1 X112.075 Y135.6 E3053.47158
G1 X107.926 Y135.6 E3054.02357
G1 X107.329 Y135.659 E3054.10338
G1 X106.725 Y135.834 E3054.18704
G1 X106.128 Y136.14 E3054.27629
G1 X105.753 Y136.414 E3054.33808
G1 X105.572 Y136.577 E3054.37049
G1 X105.244 Y136.949 E3054.43647
G1 X105.127 Y137.102 E3054.46209
G1 X104.826 Y137.61 E3054.54065
G1 X104.606 Y138.227 E3054.6278
G1 X104.52 Y138.789 E3054.70344
G1 X104.492 Y139.048 E3054.7381
G1 X104.535 Y139.618 E3054.81415
G1 X104.68 Y140.201 E3054.89407
G1 X104.794 Y140.515 E3054.93851
G1 X105.012 Y140.929 E3055.00076
G1 X105.393 Y141.442 E3055.08578
G1 X105.719 Y141.757 E3055.14609
G1 X106.004 Y141.976 E3055.1939
G1 X106.589 Y142.308 E3055.28339
G1 X106.939 Y142.421 E3055.33232
G1 X107.236 Y142.529 E3055.37437
G0 F9000 X107.265 Y142.113
G0 X107.473 Y141.551
;TYPE:WALL-OUTER
G1 F1500 X107.969 Y141.613 E3055.44087
G1 X112.031 Y141.613 E3055.98128
G1 X112.537 Y141.55 E3056.04912
G1 X112.755 Y141.471 E3056.07997
G1 X113.011 Y141.388 E3056.11577
G1 X113.443 Y141.142 E3056.18191
G1 X113.626 Y140.999 E3056.21281
G1 X113.843 Y140.791 E3056.2528
G1 X114.137 Y140.398 E3056.31809
G1 X114.27 Y140.146 E3056.356
G1 X114.356 Y139.93 E3056.38693
G1 X114.474 Y139.458 E3056.45166
G1 X114.501 Y139.111 E3056.49797
G1 X114.482 Y138.875 E3056.52947
G1 X114.42 Y138.472 E3056.58371
G1 X114.266 Y138.039 E3056.64485
G1 X114.046 Y137.666 E3056.70247
G1 X113.985 Y137.586 E3056.71585
G1 X113.717 Y137.282 E3056.76977
G1 X113.614 Y137.191 E3056.78805
G1 X113.348 Y136.995 E3056.83201
G1 X112.901 Y136.769 E3056.89865
G1 X112.481 Y136.646 E3056.95687
G1 X112.025 Y136.6 E3057.01785
G1 X107.975 Y136.6 E3057.55666
G1 X107.519 Y136.645 E3057.61762
G1 X107.096 Y136.768 E3057.67623
G1 X106.654 Y136.994 E3057.74227
G1 X106.385 Y137.191 E3057.78663
G1 X106.284 Y137.282 E3057.80472
G1 X106.018 Y137.583 E3057.85816
G1 X105.958 Y137.662 E3057.87136
G1 X105.735 Y138.037 E3057.9294
G1 X105.58 Y138.472 E3057.99084
G1 X105.512 Y138.919 E3058.05099
G1 X105.496 Y139.065 E3058.07053
G1 X105.526 Y139.458 E3058.12297
G1 X105.638 Y139.909 E3058.1848
G1 X105.711 Y140.11 E3058.21325
G1 X105.861 Y140.395 E3058.25609
G1 X106.147 Y140.78 E3058.3199
G1 X106.374 Y140.999 E3058.36186
G1 X106.558 Y141.141 E3058.39279
G1 X106.993 Y141.387 E3058.45927
G1 X107.266 Y141.475 E3058.49743
G1 X107.473 Y141.551 E3058.52677
G0 F9000 X107.214 Y142.62
G0 X97.4 Y134.15
;TYPE:WALL-INNER
G1 F1500 X122.6 Y134.15 E3061.87939
G1 X122.6 Y85.85 E3068.30525
G1 X97.4 Y85.85 E3071.65787
G1 X97.4 Y134.15 E3078.08373
G0 F9000 X97.8 Y133.15
G0 X98.4 Y133.15
;TYPE:WALL-OUTER
G1 F1500 X121.6 Y133.15 E3081.17027
G1 X121.6 Y86.85 E3087.33005
G1 X98.4 Y86.85 E3090.41659
G1 X98.4 Y133.15 E3096.57636
G1 F1500 E3090.07636
G0 F9000 X97.8 Y133.15
G0 X97.872 Y133.678
G0 X106.259 Y141.592
G0 X108.265 Y143.095
G0 X114.948 Y141.769
G0 X115.604 Y140.782
G0 X127.492 Y140.775
G0 X127.492 Y146.982
G0 X112.844 Y147.448
;TYPE:WALL-INNER
G1 F1500 E3096.57636
G1 X106.556 Y147.412 E3097.41294
G1 X92.53 Y147.457 E3099.27897
G1 X92.529 Y147.458 E3099.27916
G1 X92.029 Y147.458 E3099.34568
G1 X92.029 Y146.958 E3099.38869
G1 X92.029 Y146.957 E3099.38882
G1 X92.039 Y138.336 E3100.53576
G1 X92.028 Y126.508 E3102.10937
G1 X92.034 Y115.624 E3103.55738
G1 X92.034 Y72.551 E3109.28783
G1 X113.033 Y72.551 E3112.08155
G1 X127.47 Y72.545 E3114.00226
G1 X127.969 Y72.545 E3114.06865
G1 X127.969 Y73.044 E3114.11159
G1 X127.975 Y122.413 E3120.67966
G1 X127.973 Y127.054 E3121.2971
G1 X127.974 Y146.965 E3123.94608
G1 X127.974 Y147.464 E3124.01246
G1 X127.475 Y147.464 E3124.0554
G1 X118.541 Y147.462 E3125.24399
G1 X112.844 Y147.448 E3126.00192
G0 F9000 X112.841 Y147.848
G0 X112.838 Y148.448
;TYPE:WALL-OUTER
G1 F1500 X106.555 Y148.412 E3126.83783
G1 X91.028 Y148.461 E3128.90356
G1 X91.039 Y138.336 E3130.25059
G1 X91.028 Y126.507 E3131.82433
G1 X91.034 Y115.623 E3133.27234
G1 X91.034 Y71.551 E3139.13571
G1 X113.033 Y71.551 E3142.06247
G1 X128.969 Y71.545 E3144.1826
G1 X128.975 Y122.413 E3150.95011
G1 X128.973 Y127.054 E3151.56755
G1 X128.974 Y148.464 E3154.41595
G1 X118.539 Y148.462 E3155.80422
G1 X112.838 Y148.448 E3156.56269
G0 F9000 X112.842 Y147.348
G1 F1500 E3150.06269
G0 F9000 X92.512 Y146.974
G0 X92.518 Y140.785
G0 X104.398 Y140.784
G0 X104.598 Y141.023
G1 F1500 E3156.56269
G0 F9000 X104.438 Y141.106
;TYPE:FILL
G1 F3000 X97.681 Y134.349 E3157.834
G0 F9000 X97.199 Y133.867
G1 F3000 X92.23 Y128.897 E3158.76901
G0 F9000 X92.235 Y134.503
G1 F3000 X97.198 Y133.173 E3159.45258
G0 F9000 X97.743 Y133.581
G0 X99.259 Y134.348
G1 F3000 X97.448 Y141.105 E3160.38327
G0 F9000 X97.448 Y140.706
G0 X106.897 Y136.264
G0 X107.417 Y136.113
G0 X107.949 Y136.061
G0 X111.271 Y136.061
G0 X114.292 Y136.199
G1 F3000 X114.788 Y134.349 E3160.63808
G0 F9000 X118.895 Y134.349
G1 F3000 X125.65 Y141.104 E3161.90902
G0 F9000 X125.555 Y141.104
G1 F3000 X127.773 Y140.51 E3162.2145
G0 F9000 X122.799 Y126.314
G1 F3000 X127.773 Y124.981 E3162.8996
G0 F9000 X127.774 Y122.015
G1 F3000 X122.799 Y117.041 E3163.83554
G0 F9000 X122.799 Y110.785
G1 F3000 X127.772 Y109.452 E3164.52051
G0 F9000 X122.799 Y104.448
G1 F3000 X127.77 Y85.899 E3167.07536
G0 F9000 X127.769 Y79.584
G1 F3000 X127.082 Y78.897 E3167.20461
G0 F9000 X127.082 Y79.288
G0 X125.897 Y79.297
G0 X125.898 Y78.896
G1 F3000 X115.614 Y81.651 E3168.62105
G0 F9000 X112.603 Y84.546
G1 F3000 X112.307 Y85.649 E3168.77298
G0 F9000 X112.621 Y85.649
G1 F3000 X111.572 Y84.6 E3168.97035
G0 F9000 X106.27 Y84.155
G1 F3000 X100.695 Y85.649 E3169.73822
G0 F9000 X98.155 Y86.254
G0 X97.199 Y86.586
G1 F3000 X92.234 Y87.916 E3170.42206
G0 F9000 X92.232 Y86.474
G1 F3000 X97.199 Y91.44 E3171.35649
G0 F9000 X97.199 Y102.115
G1 F3000 X92.233 Y103.446 E3172.04049
G0 F9000 X92.233 Y102.613
G1 F3000 X98.589 Y78.892 E3175.30767
G1 F1500 E3168.80767
G0 F9000 X98.589 Y79.293
G0 X111.705 Y86.325
G0 X122.128 Y86.322
G0 X122.799 Y95.255
G1 F1500 E3175.30767
G1 F3000 X127.77 Y93.923 E3175.99235
G0 F9000 X122.799 Y95.827
G1 F3000 X127.772 Y100.8 E3176.92801
G1 F1500 E3170.42801
G0 F9000 X122.128 Y86.322
G0 X97.872 Y86.322
G0 X97.199 Y112.654
G1 F1500 E3176.92801
G1 F3000 X92.232 Y107.687 E3177.86253
G0 F9000 X97.198 Y117.644
G1 F3000 X92.231 Y118.975 E3178.54666
G0 F9000 X93.026 Y140.712
G0 X93.026 Y141.292
;TYPE:SKIN
G1 F1500 X96.93 Y141.297 E3179.06605
G1 X98.234 Y141.295 E3179.23954
G1 X99.285 Y141.297 E3179.37936
G1 X101.197 Y141.293 E3179.63374
G1 X102.443 Y141.298 E3179.79951
G1 X104.088 Y141.298 E3180.01836
G1 X104.172 Y141.458 E3180.0424
G1 X104.647 Y142.097 E3180.14833
G1 X105.071 Y142.508 E3180.22689
G1 X105.455 Y142.803 E3180.29131
G1 X106.189 Y143.219 E3180.40356
G1 X106.618 Y143.358 E3180.46355
G1 X107.002 Y143.497 E3180.51788
G1 X107.845 Y143.603 E3180.63092
G1 X112.155 Y143.603 E3181.20433
G1 X113.005 Y143.496 E3181.3183
G1 X113.407 Y143.351 E3181.37516
G1 X113.817 Y143.219 E3181.43246
G1 X114.554 Y142.8 E3181.54525
G1 X114.932 Y142.505 E3181.60904
G1 X115.338 Y142.114 E3181.68403
G1 X115.824 Y141.465 E3181.7919
G1 X115.914 Y141.295 E3181.81749
G1 X117.548 Y141.294 E3182.03488
G1 X120.712 Y141.299 E3182.45582
G1 X121.763 Y141.296 E3182.59565
G1 X123.071 Y141.298 E3182.76966
G1 X126.984 Y141.294 E3183.29025
G1 X126.984 Y146.474 E3183.9794
G1 X118.543 Y146.472 E3185.1024
G1 X112.85 Y146.458 E3185.8598
G1 X106.558 Y146.422 E3186.6969
G1 X93.02 Y146.464 E3188.49802
G1 X93.026 Y141.292 E3189.1861
G0 F9000 X93.026 Y140.712
G0 X94.482 Y140.704
G0 X94.48 Y141.692
G1 F1500 X93.424 Y142.749 E3189.38488
G0 F9000 X92.445 Y142.748
G0 X92.443 Y144.163
G0 X93.423 Y144.164
G1 F1500 X95.892 Y141.695 E3189.84942
G0 F9000 X95.894 Y140.706
G0 X97.305 Y140.706
G0 X97.306 Y141.695
G1 F1500 X93.422 Y145.579 E3190.58018
G0 F9000 X92.442 Y145.578
G0 X92.512 Y146.974
G0 X94.359 Y147.041
G0 X94.357 Y146.058
G1 F1500 X98.721 Y141.695 E3191.40117
G0 F9000 X98.723 Y140.706
G0 X100.135 Y140.705
G0 X100.136 Y141.694
G1 F1500 X95.776 Y146.054 E3192.22149
G0 F9000 X95.778 Y147.036
G0 X97.196 Y147.032
G0 X97.194 Y146.05
G1 F1500 X101.551 Y141.693 E3193.04125
G0 F9000 X101.555 Y140.715
G0 X102.962 Y140.709
G0 X102.961 Y141.697
G1 F1500 X98.613 Y146.045 E3193.85932
G0 F9000 X98.615 Y147.027
G0 X100.033 Y147.023
G0 X100.031 Y146.041
G1 F1500 X104.074 Y141.998 E3194.62
G0 F9000 X104.861 Y141.414
G0 X105.423 Y142.043
G0 X104.743 Y142.744
G1 F1500 X101.45 Y146.037 E3195.23957
G0 F9000 X101.452 Y147.019
G0 X102.87 Y147.014
G0 X102.868 Y146.033
G1 F1500 X105.573 Y143.328 E3195.74851
G0 F9000 X106.056 Y142.477
G0 X106.892 Y142.84
G0 X106.556 Y143.759
G1 F1500 X104.287 Y146.028 E3196.17541
G0 F9000 X104.289 Y147.01
G0 X105.708 Y147.005
G0 X105.706 Y146.023
G1 F1500 X107.738 Y143.991 E3196.55773
G0 F9000 X107.86 Y143.021
G0 X109.141 Y143.023
G0 X109.141 Y144.002
G1 F1500 X107.119 Y146.024 E3196.93816
G0 F9000 X107.113 Y147.005
G0 X108.52 Y147.013
G0 X108.526 Y146.032
G1 F1500 X110.556 Y144.002 E3197.3201
G0 F9000 X110.556 Y143.023
G0 X111.97 Y143.023
G0 X111.97 Y144.002
G1 F1500 X109.931 Y146.04 E3197.70364
G0 F9000 X109.925 Y147.021
G0 X111.332 Y147.029
G0 X111.338 Y146.048
G1 F1500 X113.716 Y143.67 E3198.15106
G1 F1500 E3191.65106
G0 F9000 X113.417 Y142.739
G0 X115.604 Y140.782
G0 X127.492 Y140.775
G0 X127.492 Y146.982
G0 X114.151 Y147.041
G1 F1500 E3198.15106
G0 F9000 X114.154 Y146.06
G1 F1500 X118.52 Y141.695 E3198.97242
G0 F9000 X118.522 Y140.706
G0 X119.934 Y140.708
G0 X119.932 Y141.697
G1 F1500 X115.565 Y146.064 E3199.79406
G0 F9000 X115.562 Y147.044
G0 X116.972 Y147.048
G0 X116.975 Y146.067
G1 F1500 X121.348 Y141.695 E3200.61674
G0 F9000 X121.346 Y140.707
G0 X122.763 Y140.708
G0 X122.761 Y141.696
G1 F1500 X118.386 Y146.071 E3201.43988
G0 F9000 X118.383 Y147.051
G0 X119.799 Y147.052
G0 X119.8 Y146.071
G1 F1500 X124.176 Y141.695 E3202.26322
G0 F9000 X124.175 Y140.706
G0 X125.59 Y140.705
G0 X125.591 Y141.695
G1 F1500 X121.214 Y146.071 E3203.08664
G0 F9000 X121.213 Y147.052
G0 X122.626 Y147.052
G0 X122.627 Y146.072
G1 F1500 X126.583 Y142.117 E3203.83086
G0 F9000 X127.564 Y142.117
G0 X127.564 Y143.531
G0 X126.583 Y143.531
G1 F1500 X124.041 Y146.073 E3204.30913
G0 F9000 X124.04 Y147.053
G0 X125.454 Y147.053
G0 X125.455 Y146.073
G1 F1500 X126.583 Y144.945 E3204.52137
G0 F9000 X127.564 Y144.945
G0 X127.492 Y140.775
G0 X117.107 Y140.714
G0 X117.107 Y141.693
G1 F1500 X112.743 Y146.057 E3205.34244
G1 F1500 E3198.84244
G0 F9000 X112.737 Y147.037
G0 X127.492 Y146.982
G0 X127.492 Y140.775
G0 X122.128 Y86.322
G0 X115.399 Y78.97
G1 F1500 E3205.34244
G0 F9000 X115.912 Y78.702
G1 F1500 X115.828 Y78.542 E3205.36648
G1 X115.353 Y77.903 E3205.47241
G1 X114.929 Y77.492 E3205.55097
G1 X114.545 Y77.197 E3205.6154
G1 X113.811 Y76.781 E3205.72764
G1 X113.382 Y76.642 E3205.78764
G1 X112.998 Y76.503 E3205.84197
G1 X112.155 Y76.397 E3205.955
G1 X107.846 Y76.398 E3206.52828
G1 X106.99 Y76.5 E3206.64296
G1 X106.608 Y76.644 E3206.69728
G1 X106.182 Y76.781 E3206.75681
G1 X105.446 Y77.2 E3206.86948
G1 X105.068 Y77.495 E3206.93327
G1 X104.662 Y77.886 E3207.00827
G1 X104.176 Y78.535 E3207.11613
G1 X104.086 Y78.705 E3207.14173
G1 X102.452 Y78.706 E3207.35911
G1 X99.288 Y78.701 E3207.78005
G1 X98.237 Y78.704 E3207.91988
G1 X96.931 Y78.702 E3208.09363
G1 X93.024 Y78.707 E3208.61342
G1 X93.024 Y73.541 E3209.30071
G1 X113.033 Y73.541 E3211.96272
G1 X126.979 Y73.535 E3213.8181
G1 X126.98 Y78.708 E3214.50632
G1 X123.07 Y78.703 E3215.02651
G1 X121.766 Y78.705 E3215.19999
G1 X120.715 Y78.703 E3215.33982
G1 X118.803 Y78.707 E3215.59419
G1 X117.557 Y78.702 E3215.75996
G1 X115.912 Y78.702 E3215.97881
G0 F9000 X115.399 Y78.97
G0 X115.602 Y79.216
G0 X125.339 Y79.296
G0 X125.341 Y78.305
G1 F1500 X126.578 Y77.068 E3216.21155
G0 F9000 X127.56 Y77.068
G0 X127.56 Y75.654
G0 X126.577 Y75.654
G1 F1500 X123.928 Y78.304 E3216.71005
G0 F9000 X123.926 Y79.294
G0 X122.515 Y79.294
G0 X122.514 Y78.304
G1 F1500 X126.577 Y74.24 E3217.47459
G0 F9000 X127.56 Y74.24
G0 X127.487 Y73.027
G0 X125.469 Y72.955
G0 X125.469 Y73.935
G1 F1500 X121.099 Y78.304 E3218.2967
G0 F9000 X121.097 Y79.293
G0 X119.685 Y79.296
G0 X119.684 Y78.305
G1 F1500 X124.054 Y73.935 E3219.11891
G0 F9000 X124.054 Y72.956
G0 X122.639 Y72.957
G0 X122.639 Y73.936
G1 F1500 X118.27 Y78.305 E3219.94092
G0 F9000 X118.266 Y79.294
G0 X116.858 Y79.291
G0 X116.859 Y78.302
G1 F1500 X121.224 Y73.937 E3220.76219
G0 F9000 X121.224 Y72.957
G0 X119.81 Y72.958
G0 X119.81 Y73.937
G1 F1500 X115.848 Y77.899 E3221.50763
G0 F9000 X115.061 Y78.482
G0 X114.55 Y77.931
G0 X115.163 Y77.169
G1 F1500 X118.395 Y73.937 E3222.11572
G0 F9000 X118.395 Y72.958
G0 X116.98 Y72.959
G0 X116.98 Y73.938
G1 F1500 X114.312 Y76.606 E3222.6177
G0 F9000 X113.829 Y77.458
G0 X112.975 Y77.112
G0 X113.312 Y76.192
G1 F1500 X115.565 Y73.939 E3223.0416
G0 F9000 X115.565 Y72.959
G0 X114.15 Y72.96
G0 X114.15 Y73.94
G1 F1500 X112.092 Y75.997 E3223.42871
G0 F9000 X112.119 Y76.976
G0 X110.678 Y76.978
G0 X110.678 Y75.997
G1 F1500 X112.735 Y73.94 E3223.81573
G0 F9000 X112.735 Y72.961
G0 X111.321 Y72.961
G0 X111.321 Y73.94
G1 F1500 X109.264 Y75.997 E3224.20275
G0 F9000 X109.264 Y76.978
G0 X107.88 Y76.977
G0 X107.85 Y75.997
G1 F1500 X109.907 Y73.94 E3224.58977
G0 F9000 X109.907 Y72.961
G0 X108.492 Y72.961
G0 X108.492 Y73.94
G1 F1500 X106.02 Y76.412 E3225.05487
G1 F1500 E3218.55487
G0 F9000 X106.416 Y77.314
G0 X104.396 Y79.218
G0 X92.516 Y79.225
G0 X92.516 Y73.033
G0 X105.664 Y72.961
G1 F1500 E3225.05487
G0 F9000 X105.664 Y73.94
G1 F1500 X101.3 Y78.304 E3225.87595
G0 F9000 X101.298 Y79.294
G0 X99.886 Y79.291
G0 X99.888 Y78.302
G1 F1500 X104.25 Y73.94 E3226.69665
G0 F9000 X104.25 Y72.961
G0 X102.835 Y72.961
G0 X102.835 Y73.94
G1 F1500 X98.473 Y78.303 E3227.51745
G0 F9000 X98.475 Y79.294
G0 X97.057 Y79.292
G0 X97.059 Y78.302
G1 F1500 X101.421 Y73.94 E3228.33815
G0 F9000 X101.421 Y72.961
G0 X100.007 Y72.961
G0 X100.007 Y73.94
G1 F1500 X95.644 Y78.303 E3229.15903
G0 F9000 X95.645 Y79.295
G0 X94.229 Y79.296
G0 X94.229 Y78.305
G1 F1500 X98.593 Y73.94 E3229.9802
G0 F9000 X98.593 Y72.961
G0 X97.179 Y72.961
G0 X97.179 Y73.94
G1 F1500 X93.423 Y77.696 E3230.68689
G0 F9000 X92.444 Y77.696
G0 X92.444 Y76.281
G0 X93.423 Y76.281
G1 F1500 X95.764 Y73.94 E3231.12734
G0 F9000 X95.764 Y72.961
G0 X94.35 Y72.961
G0 X94.35 Y73.94
G1 F1500 X93.423 Y74.867 E3231.30175
G0 F9000 X92.444 Y74.867
G0 X92.516 Y79.225
G0 X102.713 Y79.286
G0 X102.713 Y78.305
G1 F1500 X107.078 Y73.94 E3232.12302
G1 F1500 E3225.62302
G0 F9000 X107.078 Y72.961
G0 X92.516 Y73.033
G0 X92.516 Y79.225
G0 X104.045 Y79.286
G1 F1500 E3232.12302
G0 F9000 X103.944 Y79.196
;TYPE:SKIN
G1 F1500 X104.292 Y79.555 E3232.13756
G1 X102.53 Y79.196 E3232.18983
G0 F9000 X102.43 Y79.296
G0 X106.436 Y84.482
G0 X106.39 Y84.527
G1 F1500 X106.575 Y85.049 E3232.24019
G1 X111.45 Y85.124 E3232.68351
G1 X112.999 Y84.989 E3232.82489
G1 X113.503 Y85.192 E3232.8743
G0 F9000 X113.262 Y85.434
G0 X114.756 Y82.194
G0 X115.655 Y79.506
G1 F1500 X115.824 Y79.337 E3232.8902
G0 F9000 X126.469 Y79.298
G0 X126.569 Y79.197
G1 F1500 X127.276 Y79.197 E3232.92798
G1 F1500 E3226.42798
G0 F9000 X127.56 Y79.097
G0 X122.128 Y133.678
G0 X113.63 Y134.563
G0 X113.265 Y134.928
G1 F1500 E3232.92798
G1 X113.576 Y135.324 E3232.97332
G1 X111.906 Y134.873 E3233.1291
G1 X107.632 Y134.904 E3233.51398
G1 X106.389 Y134.733 E3233.62697
G0 F9000 X106.559 Y134.563
G0 X105.815 Y136.401
G0 X104.296 Y140.362
G0 X104.217 Y140.44
G1 F1500 X102.437 Y140.806 E3233.6646
G1 X101.733 Y140.804 E3233.67918
G0 F9000 X101.634 Y140.715
G0 X93.351 Y140.7
G0 X93.25 Y140.8
G1 F1500 X92.548 Y140.796 E3233.71623
G0 F9000 X92.446 Y140.893
G0 X105.493 Y140.793
G0 X106.021 Y141.408
G0 X106.775 Y141.883
G0 X107.345 Y142.078
G0 X107.936 Y142.152
G0 X112.064 Y142.152
G0 X112.664 Y142.077
G0 X115.775 Y140.715
G0 X115.876 Y140.803
G1 F1500 X116.583 Y140.802 E3233.74526
G1 X117.29 Y140.802 E3233.7743
G0 F9000 X117.391 Y139.814
G1 F1500 E3227.2743
;MESH:NONMESH
G0 F300 X117.391 Y139.814 Z6.08
G0 F9000 X122.128 Y133.678
G0 X122.128 Y86.322
G0 X112.66 Y84.344
;TIME_ELAPSED:1310.481427
;LAYER:18
;TYPE:WALL-INNER
;MESH:placchetta pulsante plana o comune.stl
G1 F1500 E3233.7743
G1 X113.283 Y84.163 E3233.86061
G1 X113.861 Y83.869 E3233.94688
G1 X114.242 Y83.589 E3234.00979
G1 X114.428 Y83.424 E3234.04287
G1 X114.835 Y82.961 E3234.12488
G1 X115.177 Y82.383 E3234.21423
G1 X115.218 Y82.264 E3234.23098
G1 X115.385 Y81.924 E3234.28137
G1 X115.56 Y81.285 E3234.36952
G1 X115.596 Y80.928 E3234.41725
G1 X115.617 Y80.472 E3234.47798
G1 X115.583 Y80.286 E3234.50314
G1 X115.526 Y79.843 E3234.56256
G1 X115.433 Y79.516 E3234.60779
G1 X115.238 Y79.016 E3234.67919
G1 X115.095 Y78.811 E3234.71244
G1 X114.86 Y78.414 E3234.77382
G1 X114.458 Y77.992 E3234.85136
G1 X114.038 Y77.678 E3234.92113
G1 X113.599 Y77.391 E3234.99091
G1 X113.291 Y77.284 E3235.03428
G1 X112.828 Y77.113 E3235.09995
G1 X112.477 Y77.073 E3235.14695
G1 X112.094 Y77.025 E3235.1983
G1 X107.913 Y77.025 E3235.75454
G1 X107.168 Y77.112 E3235.85433
G1 X106.403 Y77.39 E3235.96262
G1 X106.123 Y77.565 E3236.00655
G1 X105.739 Y77.816 E3236.06758
G1 X105.362 Y78.171 E3236.13648
G1 X105.023 Y78.602 E3236.20943
G1 X104.75 Y79.054 E3236.27968
G1 X104.559 Y79.536 E3236.34866
G1 X104.455 Y79.974 E3236.40855
G1 X104.385 Y80.508 E3236.4802
G1 X104.407 Y81.042 E3236.5513
G1 X104.447 Y81.308 E3236.58709
G1 X104.614 Y81.924 E3236.672
G1 X104.784 Y82.271 E3236.72341
G1 X104.828 Y82.393 E3236.74066
G1 X105.166 Y82.963 E3236.82883
G1 X105.57 Y83.422 E3236.91018
G1 X105.758 Y83.589 E3236.94363
G1 X106.141 Y83.87 E3237.00683
G1 X106.722 Y84.162 E3237.09334
G1 X107.338 Y84.342 E3237.17872
G1 X107.926 Y84.4 E3237.25733
G1 X112.072 Y84.4 E3237.80891
G1 X112.66 Y84.344 E3237.88749
G0 F9000 X112.529 Y83.954
G0 X112.472 Y83.357
;TYPE:WALL-OUTER
G1 F1500 X112.914 Y83.229 E3237.94871
G1 X113.334 Y83.015 E3238.01143
G1 X113.613 Y82.81 E3238.05749
G1 X113.718 Y82.717 E3238.07615
G1 X114.022 Y82.371 E3238.13742
G1 X114.265 Y81.961 E3238.20083
G1 X114.294 Y81.877 E3238.21265
G1 X114.445 Y81.569 E3238.25829
G1 X114.573 Y81.101 E3238.32284
G1 X114.598 Y80.854 E3238.35587
G1 X114.613 Y80.541 E3238.39756
G1 X114.594 Y80.439 E3238.41136
G1 X114.544 Y80.045 E3238.4642
G1 X114.484 Y79.836 E3238.49313
G1 X114.349 Y79.489 E3238.54266
G1 X114.258 Y79.358 E3238.56388
G1 X114.058 Y79.022 E3238.61591
G1 X113.792 Y78.743 E3238.66719
G1 X113.464 Y78.498 E3238.72166
G1 X113.154 Y78.295 E3238.77096
G1 X112.95 Y78.224 E3238.79969
G1 X112.595 Y78.093 E3238.85004
G1 X112.365 Y78.067 E3238.88083
G1 X112.031 Y78.025 E3238.92561
G1 X107.971 Y78.025 E3239.46576
G1 X107.4 Y78.092 E3239.54225
G1 X106.844 Y78.294 E3239.62095
G1 X106.662 Y78.408 E3239.64952
G1 X106.36 Y78.605 E3239.69749
G1 X106.102 Y78.848 E3239.74464
G1 X105.847 Y79.172 E3239.7995
G1 X105.649 Y79.5 E3239.85047
G1 X105.515 Y79.837 E3239.89872
G1 X105.44 Y80.154 E3239.94206
G1 X105.388 Y80.553 E3239.99559
G1 X105.404 Y80.948 E3240.04818
G1 X105.427 Y81.102 E3240.0689
G1 X105.554 Y81.57 E3240.13341
G1 X105.705 Y81.878 E3240.17905
G1 X105.736 Y81.963 E3240.19108
G1 X105.979 Y82.373 E3240.25449
G1 X106.28 Y82.715 E3240.3151
G1 X106.387 Y82.81 E3240.33414
G1 X106.665 Y83.014 E3240.38002
G1 X107.09 Y83.228 E3240.44332
G1 X107.529 Y83.356 E3240.50416
G1 X107.975 Y83.4 E3240.56378
G1 X112.024 Y83.4 E3241.10246
G1 X112.472 Y83.357 E3241.16234
G0 F9000 X112.678 Y84.437
G1 F1500 E3234.66234
G0 F9000 X97.872 Y86.322
G0 X97.4 Y134.15
;TYPE:WALL-INNER
G1 F1500 E3241.16234
G1 X122.6 Y134.15 E3244.51496
G1 X122.6 Y85.85 E3250.94082
G1 X97.4 Y85.85 E3254.29344
G1 X97.4 Y134.15 E3260.7193
G0 F9000 X97.8 Y133.15
G0 X98.4 Y133.15
;TYPE:WALL-OUTER
G1 F1500 X121.6 Y133.15 E3263.80584
G1 X121.6 Y86.85 E3269.96562
G1 X98.4 Y86.85 E3273.05216
G1 X98.4 Y133.15 E3279.21193
G0 F9000 X97.8 Y133.15
G0 X97.872 Y133.678
G0 X104.084 Y138.174
G0 X103.903 Y139.489
G0 X105.654 Y141.443
G0 X107.172 Y142.887
;TYPE:WALL-INNER
G1 F1500 X107.523 Y142.927 E3279.25893
G1 X107.906 Y142.975 E3279.31029
G1 X112.087 Y142.975 E3279.86653
G1 X112.832 Y142.888 E3279.96632
G1 X113.597 Y142.61 E3280.07461
G1 X113.877 Y142.435 E3280.11853
G1 X114.261 Y142.184 E3280.17957
G1 X114.638 Y141.829 E3280.24846
G1 X114.977 Y141.398 E3280.32141
G1 X115.25 Y140.946 E3280.39166
G1 X115.441 Y140.464 E3280.46064
G1 X115.545 Y140.026 E3280.52053
G1 X115.615 Y139.492 E3280.59218
G1 X115.593 Y138.958 E3280.66329
G1 X115.553 Y138.692 E3280.69907
G1 X115.386 Y138.076 E3280.78399
G1 X115.216 Y137.729 E3280.83539
G1 X115.172 Y137.607 E3280.85265
G1 X114.834 Y137.037 E3280.94081
G1 X114.43 Y136.578 E3281.02216
G1 X114.242 Y136.411 E3281.05562
G1 X113.859 Y136.13 E3281.11881
G1 X113.278 Y135.838 E3281.20532
G1 X112.662 Y135.658 E3281.2907
G1 X112.074 Y135.6 E3281.36931
G1 X107.928 Y135.6 E3281.9209
G1 X107.34 Y135.656 E3281.99948
G1 X106.717 Y135.837 E3282.08579
G1 X106.14 Y136.131 E3282.17195
G1 X105.758 Y136.411 E3282.23496
G1 X105.569 Y136.578 E3282.26851
G1 X105.165 Y137.04 E3282.35016
G1 X104.823 Y137.617 E3282.4394
G1 X104.782 Y137.736 E3282.45614
G1 X104.615 Y138.076 E3282.50654
G1 X104.44 Y138.715 E3282.59468
G1 X104.404 Y139.072 E3282.64242
G1 X104.383 Y139.528 E3282.70315
G1 X104.417 Y139.714 E3282.7283
G1 X104.474 Y140.157 E3282.78773
G1 X104.567 Y140.484 E3282.83296
G1 X104.762 Y140.984 E3282.90436
G1 X104.905 Y141.189 E3282.93761
G1 X105.14 Y141.586 E3282.99899
G1 X105.542 Y142.008 E3283.07653
G1 X105.962 Y142.322 E3283.14629
G1 X106.401 Y142.609 E3283.21607
G1 X106.704 Y142.714 E3283.25873
G1 X107.172 Y142.887 E3283.32512
G0 F9000 X107.337 Y142.502
G0 X107.405 Y141.907
;TYPE:WALL-OUTER
G1 F1500 X107.635 Y141.933 E3283.35591
G1 X107.969 Y141.975 E3283.4007
G1 X112.029 Y141.975 E3283.94084
G1 X112.6 Y141.908 E3284.01733
G1 X113.156 Y141.706 E3284.09603
G1 X113.338 Y141.592 E3284.1246
G1 X113.64 Y141.395 E3284.17257
G1 X113.898 Y141.152 E3284.21972
G1 X114.153 Y140.828 E3284.27458
G1 X114.351 Y140.5 E3284.32555
G1 X114.485 Y140.163 E3284.3738
G1 X114.56 Y139.846 E3284.41714
G1 X114.612 Y139.447 E3284.47067
G1 X114.596 Y139.052 E3284.52326
G1 X114.573 Y138.898 E3284.54398
G1 X114.446 Y138.43 E3284.60849
G1 X114.295 Y138.122 E3284.65413
G1 X114.264 Y138.037 E3284.66617
G1 X114.021 Y137.627 E3284.72957
G1 X113.72 Y137.285 E3284.79018
G1 X113.613 Y137.19 E3284.80922
G1 X113.335 Y136.986 E3284.8551
G1 X112.91 Y136.772 E3284.9184
G1 X112.471 Y136.644 E3284.97924
G1 X112.025 Y136.6 E3285.03886
G1 X107.976 Y136.6 E3285.57754
G1 X107.528 Y136.643 E3285.63742
G1 X107.086 Y136.771 E3285.69864
G1 X106.666 Y136.985 E3285.76135
G1 X106.386 Y137.19 E3285.80752
G1 X106.28 Y137.284 E3285.82637
G1 X105.978 Y137.629 E3285.88737
G1 X105.735 Y138.039 E3285.95078
G1 X105.706 Y138.123 E3285.9626
G1 X105.555 Y138.431 E3286.00823
G1 X105.427 Y138.899 E3286.07278
G1 X105.402 Y139.146 E3286.10581
G1 X105.387 Y139.459 E3286.1475
G1 X105.406 Y139.561 E3286.16131
G1 X105.456 Y139.955 E3286.21414
G1 X105.516 Y140.164 E3286.24307
G1 X105.651 Y140.511 E3286.29261
G1 X105.742 Y140.642 E3286.31383
G1 X105.942 Y140.978 E3286.36585
G1 X106.208 Y141.257 E3286.41714
G1 X106.536 Y141.502 E3286.4716
G1 X106.846 Y141.705 E3286.5209
G1 X107.05 Y141.776 E3286.54964
G1 X107.405 Y141.907 E3286.59998
G0 F9000 X107.152 Y142.977
G1 F1500 E3280.09998
G0 F9000 X112.116 Y143.466
G0 X112.116 Y146.517
G0 X113.986 Y147.027
;TYPE:WALL-INNER
G1 F1500 E3286.59998
G1 X92.776 Y147.027 E3289.42177
G1 X92.276 Y147.027 E3289.48829
G1 X92.276 Y146.527 E3289.5313
G1 X92.293 Y130.902 E3291.61006
G1 X92.285 Y125.568 E3292.3197
G1 X92.274 Y101.997 E3295.45559
G1 X92.275 Y72.974 E3299.31683
G1 X127.223 Y72.974 E3303.96633
G1 X127.723 Y72.974 E3304.03285
G1 X127.723 Y73.474 E3304.07586
G1 X127.706 Y89.643 E3306.22699
G1 X127.715 Y96.12 E3307.08869
G1 X127.728 Y125.847 E3311.04359
G1 X127.727 Y146.52 E3313.79394
G1 X127.727 Y146.521 E3313.79407
G1 X127.727 Y147.022 E3313.86072
G1 X127.226 Y147.021 E3313.9038
G1 X127.225 Y147.02 E3313.90398
G1 X125.969 Y147.012 E3314.07109
G1 X121.489 Y147.026 E3314.66711
G1 X117.582 Y147.03 E3315.1869
G1 X113.986 Y147.027 E3315.66531
G0 F9000 X113.986 Y147.428
G0 X113.985 Y148.027
;TYPE:WALL-OUTER
G1 F1500 X91.275 Y148.027 E3318.68667
G1 X91.293 Y130.902 E3320.96499
G1 X91.285 Y125.568 E3321.67463
G1 X91.274 Y101.997 E3324.81052
G1 X91.275 Y71.974 E3328.8048
G1 X128.724 Y71.974 E3333.78704
G1 X128.706 Y89.643 E3336.13773
G1 X128.715 Y96.119 E3336.9993
G1 X128.728 Y125.847 E3340.95433
G1 X128.727 Y148.027 E3343.90517
G1 X125.968 Y148.012 E3344.27223
G1 X121.492 Y148.026 E3344.86773
G1 X117.582 Y148.03 E3345.38792
G1 X113.985 Y148.027 E3345.86646
G0 F9000 X113.985 Y146.927
G1 F1500 E3339.36646
G0 F9000 X114.086 Y146.537
G0 X113.814 Y143.054
G0 X115.001 Y140.326
G0 X115.152 Y139.47
G0 X115.102 Y138.787
G0 X114.096 Y136.055
;TYPE:FILL
G1 F1500 E3345.86646
G1 F3000 X114.553 Y134.349 E3346.10143
G0 F9000 X119.216 Y134.349
G1 F3000 X123.352 Y138.486 E3346.87971
G0 F9000 X123.353 Y138.088
G0 X122.799 Y126.549
G1 F3000 X124.327 Y126.139 E3347.09018
G0 F9000 X123.939 Y126.139
G0 X123.939 Y118.249
G0 X124.329 Y118.249
G1 F3000 X122.799 Y116.719 E3347.37805
G0 F9000 X122.799 Y111.02
G1 F3000 X124.328 Y110.61 E3347.58865
G0 F9000 X123.939 Y110.61
G0 X122.799 Y103.572
G1 F3000 X124.328 Y97.868 E3348.37431
G0 F9000 X124.328 Y97.035
G1 F3000 X122.799 Y95.506 E3348.66199
G0 F9000 X122.799 Y95.491
G1 F3000 X124.328 Y95.081 E3348.87259
G0 F9000 X123.939 Y95.081
G0 X122.128 Y86.322
G0 X112.942 Y85.649
G1 F3000 X111.893 Y84.6 E3349.06996
G0 F9000 X112.362 Y84.571
G1 F3000 X112.072 Y85.65 E3349.2186
G0 F9000 X115.601 Y81.89
G1 F3000 X117.01 Y81.513 E3349.41265
G0 F9000 X117.01 Y81.904
G0 X113.113 Y83.733
G0 X112.676 Y83.859
G0 X106.572 Y84.309
G1 F3000 X101.572 Y85.649 E3350.10133
G0 F9000 X97.872 Y86.322
G0 X97.199 Y86.821
G1 F3000 X95.67 Y87.23 E3350.3119
G0 F9000 X96.061 Y87.23
G0 X96.061 Y88.909
G0 X95.67 Y88.909
G1 F3000 X97.652 Y81.511 E3351.33084
G0 F9000 X97.651 Y81.912
G0 X96.061 Y89.59
G0 X95.67 Y89.59
G1 F3000 X97.199 Y91.119 E3351.61852
G0 F9000 X97.199 Y102.35
G1 F3000 X95.671 Y102.759 E3351.82896
G0 F9000 X96.061 Y102.759
G0 X96.061 Y110.804
G0 X95.67 Y110.804
G1 F3000 X97.199 Y112.333 E3352.11664
G0 F9000 X97.198 Y117.879
G1 F3000 X95.671 Y118.289 E3352.32699
G0 F9000 X96.061 Y118.289
G0 X96.061 Y132.017
G0 X95.67 Y132.017
G1 F3000 X97.199 Y133.546 E3352.61467
G0 F9000 X97.198 Y133.408
G1 F3000 X95.67 Y133.818 E3352.82514
G0 F9000 X96.061 Y133.818
G0 X98.002 Y134.349
G1 F3000 X102.138 Y138.485 E3353.60332
G0 F9000 X102.138 Y138.096
G0 X97.915 Y138.096
G0 X97.915 Y138.485
G1 F3000 X99.024 Y134.348 E3354.17315
G0 F9000 X96.031 Y138.127
G0 X95.481 Y138.677
;TYPE:SKIN
G1 F1500 X103.449 Y138.677 E3355.23321
G1 X103.416 Y138.999 E3355.27628
G1 X103.389 Y139.595 E3355.35565
G1 X103.438 Y139.866 E3355.39229
G1 X103.502 Y140.357 E3355.45816
G1 X103.628 Y140.801 E3355.51957
G1 X103.883 Y141.453 E3355.61271
G1 X104.067 Y141.717 E3355.65552
G1 X104.346 Y142.188 E3355.72835
G1 X104.883 Y142.751 E3355.83186
G1 X105.394 Y143.134 E3355.91682
G1 X105.962 Y143.504 E3356.007
G1 X106.361 Y143.643 E3356.06322
G1 X106.94 Y143.857 E3356.14534
G1 X107.41 Y143.911 E3356.20828
G1 X107.845 Y143.965 E3356.2666
G1 X112.144 Y143.965 E3356.83854
G1 X113.062 Y143.858 E3356.9615
G1 X114.033 Y143.505 E3357.09895
G1 X114.41 Y143.269 E3357.15812
G1 X114.876 Y142.964 E3357.23222
G1 X115.371 Y142.499 E3357.32257
G1 X115.793 Y141.962 E3357.41344
G1 X116.141 Y141.387 E3357.50286
G1 X116.388 Y140.762 E3357.59226
G1 X116.52 Y140.204 E3357.66855
G1 X116.607 Y139.536 E3357.75817
G1 X116.579 Y138.864 E3357.84765
G1 X116.551 Y138.677 E3357.87281
G1 X124.519 Y138.678 E3358.93287
G1 X124.519 Y81.323 E3366.56341
G1 X116.551 Y81.323 E3367.62348
G1 X116.584 Y81.001 E3367.66654
G1 X116.611 Y80.405 E3367.74592
G1 X116.562 Y80.134 E3367.78256
G1 X116.498 Y79.643 E3367.84843
G1 X116.372 Y79.199 E3367.90983
G1 X116.117 Y78.547 E3368.00298
G1 X115.933 Y78.283 E3368.04579
G1 X115.654 Y77.812 E3368.11862
G1 X115.117 Y77.249 E3368.22213
G1 X114.606 Y76.866 E3368.30709
G1 X114.039 Y76.496 E3368.39716
G1 X113.634 Y76.355 E3368.45422
G1 X113.059 Y76.143 E3368.53575
G1 X112.59 Y76.089 E3368.59856
G1 X112.155 Y76.035 E3368.65687
G1 X107.856 Y76.035 E3369.22881
G1 X106.938 Y76.142 E3369.35177
G1 X105.967 Y76.495 E3369.48923
G1 X105.59 Y76.731 E3369.5484
G1 X105.124 Y77.036 E3369.62249
G1 X104.629 Y77.501 E3369.71285
G1 X104.207 Y78.038 E3369.80371
G1 X103.859 Y78.613 E3369.89313
G1 X103.612 Y79.238 E3369.98254
G1 X103.48 Y79.796 E3370.05882
G1 X103.393 Y80.464 E3370.14845
G1 X103.421 Y81.136 E3370.23793
G1 X103.449 Y81.323 E3370.26308
G1 X95.481 Y81.322 E3371.32315
G1 X95.481 Y138.677 E3378.95369
G1 F1500 E3372.45369
G0 F9000 X96.071 Y138.127
G0 X95.981 Y130.901
G0 X92.803 Y130.902
G1 F1500 E3378.95369
G0 F9000 X93.283 Y130.902
G1 F1500 X93.275 Y125.566 E3379.6636
G1 X93.264 Y101.995 E3382.79949
G1 X93.265 Y73.964 E3386.52875
G1 X126.732 Y73.964 E3390.98122
G1 X126.716 Y89.643 E3393.06716
G1 X126.725 Y96.122 E3393.92914
G1 X126.738 Y125.849 E3397.88403
G1 X126.737 Y146.026 E3400.56839
G1 X125.971 Y146.022 E3400.6703
G1 X121.485 Y146.036 E3401.26712
G1 X117.58 Y146.04 E3401.78665
G1 X113.984 Y146.037 E3402.26506
G1 X93.268 Y146.037 E3405.02113
G1 X93.283 Y130.902 E3407.0347
G0 F9000 X92.703 Y130.902
G0 X92.759 Y146.545
G0 X94.724 Y146.617
G0 X94.724 Y145.636
G1 F1500 X93.669 Y144.58 E3407.23329
G0 F9000 X92.689 Y144.579
G0 X92.691 Y143.166
G0 X93.67 Y143.167
G1 F1500 X96.138 Y145.636 E3407.69773
G0 F9000 X96.138 Y146.617
G0 X97.553 Y146.617
G0 X97.553 Y145.636
G1 F1500 X93.671 Y141.755 E3408.42803
G0 F9000 X92.692 Y141.754
G0 X92.694 Y140.341
G0 X93.673 Y140.342
G1 F1500 X98.967 Y145.636 E3409.42408
G0 F9000 X98.967 Y146.617
G0 X100.381 Y146.617
G0 X100.381 Y145.636
G1 F1500 X93.674 Y138.929 E3410.68599
G0 F9000 X92.695 Y138.928
G0 X92.776 Y138.122
G0 X95.975 Y138.19
G0 X95.081 Y138.921
G1 F1500 X93.676 Y137.516 E3410.95034
G0 F9000 X92.697 Y137.515
G0 X95.991 Y137.502
G0 X95.081 Y137.507
G1 F1500 X93.677 Y136.103 E3411.2145
G0 F9000 X92.698 Y136.102
G0 X95.991 Y136.088
G0 X95.081 Y136.093
G1 F1500 X93.678 Y134.691 E3411.47837
G0 F9000 X92.7 Y134.69
G0 X95.981 Y134.585
G0 X95.081 Y134.679
G1 F1500 X93.68 Y133.278 E3411.74197
G0 F9000 X92.701 Y133.277
G0 X95.981 Y133.259
G0 X95.081 Y133.264
G1 F1500 X93.681 Y131.865 E3412.00528
G0 F9000 X92.703 Y131.864
G0 X95.981 Y131.845
G0 X95.081 Y131.85
G1 F1500 X93.682 Y130.452 E3412.2684
G0 F9000 X92.702 Y130.453
G0 X95.981 Y130.44
G0 X95.081 Y130.436
G1 F1500 X93.68 Y129.035 E3412.532
G0 F9000 X92.7 Y129.036
G0 X95.981 Y129.026
G0 X95.081 Y129.022
G1 F1500 X93.678 Y127.619 E3412.79597
G0 F9000 X92.698 Y127.62
G0 X95.981 Y127.612
G0 X95.081 Y127.608
G1 F1500 X93.676 Y126.203 E3413.06032
G0 F9000 X92.695 Y126.204
G0 X95.981 Y126.197
G0 X95.081 Y126.193
G1 F1500 X93.674 Y124.787 E3413.32495
G0 F9000 X92.694 Y124.787
G0 X95.981 Y124.78
G0 X95.081 Y124.779
G1 F1500 X93.673 Y123.372 E3413.58977
G0 F9000 X92.693 Y123.372
G0 X95.981 Y123.366
G0 X95.081 Y123.365
G1 F1500 X93.673 Y121.957 E3413.85468
G0 F9000 X92.693 Y121.957
G0 X95.981 Y121.952
G0 X95.081 Y121.951
G1 F1500 X93.672 Y120.542 E3414.11978
G0 F9000 X92.692 Y120.542
G0 X95.981 Y120.537
G0 X95.081 Y120.536
G1 F1500 X93.671 Y119.127 E3414.38497
G0 F9000 X92.691 Y119.127
G0 X95.981 Y119.123
G0 X95.081 Y119.122
G1 F1500 X93.671 Y117.712 E3414.65026
G0 F9000 X92.691 Y117.712
G0 X95.981 Y117.709
G0 X95.081 Y117.708
G1 F1500 X93.67 Y116.297 E3414.91574
G0 F9000 X92.69 Y116.297
G0 X95.981 Y116.295
G0 X95.081 Y116.294
G1 F1500 X93.669 Y114.882 E3415.1814
G0 F9000 X92.69 Y114.882
G0 X95.981 Y114.881
G0 X95.081 Y114.88
G1 F1500 X93.669 Y113.468 E3415.44707
G0 F9000 X92.689 Y113.468
G0 X95.981 Y113.466
G0 X95.081 Y113.465
G1 F1500 X93.668 Y112.053 E3415.71283
G0 F9000 X92.688 Y112.053
G0 X95.981 Y112.052
G0 X95.081 Y112.051
G1 F1500 X93.667 Y110.638 E3415.97877
G0 F9000 X92.688 Y110.638
G0 X95.981 Y110.638
G0 X95.081 Y110.637
G1 F1500 X93.666 Y109.223 E3416.24491
G0 F9000 X92.687 Y109.223
G0 X95.981 Y109.223
G0 X95.08 Y109.222
G1 F1500 X93.666 Y107.808 E3416.51095
G0 F9000 X92.686 Y107.808
G0 X95.981 Y107.809
G0 X95.08 Y107.808
G1 F1500 X93.665 Y106.393 E3416.77718
G0 F9000 X92.686 Y106.393
G0 X92.685 Y104.979
G0 X93.665 Y104.979
G1 F1500 X95.08 Y106.394 E3417.04341
G0 F9000 X96.061 Y106.394
G0 X96.061 Y104.979
G0 X95.08 Y104.979
G1 F1500 X93.664 Y103.564 E3417.30973
G0 F9000 X92.684 Y103.564
G0 X92.684 Y102.149
G0 X93.664 Y102.149
G1 F1500 X95.08 Y103.565 E3417.57615
G0 F9000 X96.061 Y103.565
G0 X96.061 Y102.151
G0 X95.08 Y102.151
G1 F1500 X93.664 Y100.735 E3417.84256
G0 F9000 X92.685 Y100.734
G0 X92.685 Y99.319
G0 X93.664 Y99.32
G1 F1500 X95.08 Y100.737 E3418.10907
G0 F9000 X96.061 Y100.737
G0 X96.061 Y99.323
G0 X95.08 Y99.323
G1 F1500 X93.664 Y97.906 E3418.37559
G0 F9000 X92.685 Y97.905
G0 X92.685 Y96.491
G0 X93.664 Y96.492
G1 F1500 X95.08 Y97.908 E3418.642
G0 F9000 X96.061 Y97.908
G0 X96.061 Y96.494
G0 X95.08 Y96.494
G1 F1500 X93.664 Y95.078 E3418.90842
G0 F9000 X92.685 Y95.077
G0 X92.685 Y93.663
G0 X93.664 Y93.664
G1 F1500 X95.08 Y95.08 E3419.17484
G0 F9000 X96.061 Y95.08
G0 X96.061 Y93.666
G0 X95.08 Y93.666
G1 F1500 X93.664 Y92.249 E3419.44135
G0 F9000 X92.685 Y92.248
G0 X92.685 Y90.834
G0 X93.664 Y90.835
G1 F1500 X95.08 Y92.251 E3419.70777
G0 F9000 X96.061 Y92.251
G0 X96.061 Y90.837
G0 X95.08 Y90.837
G1 F1500 X93.664 Y89.421 E3419.97418
G0 F9000 X92.685 Y89.42
G0 X92.685 Y88.006
G0 X93.664 Y88.007
G1 F1500 X95.08 Y89.423 E3420.2406
G0 F9000 X96.061 Y89.423
G0 X96.061 Y88.009
G0 X95.08 Y88.009
G1 F1500 X93.664 Y86.593 E3420.50702
G0 F9000 X92.685 Y86.592
G0 X92.685 Y85.177
G0 X93.664 Y85.178
G1 F1500 X95.08 Y86.595 E3420.77353
G0 F9000 X96.061 Y86.595
G0 X96.071 Y85.18
G0 X95.08 Y85.18
G1 F1500 X93.664 Y83.764 E3421.03995
G0 F9000 X92.685 Y83.763
G0 X92.685 Y82.349
G0 X93.664 Y82.35
G1 F1500 X95.08 Y83.766 E3421.30636
G0 F9000 X96.071 Y83.766
G0 X96.071 Y82.352
G0 X95.08 Y82.352
G1 F1500 X93.664 Y80.936 E3421.57278
G0 F9000 X92.685 Y80.935
G0 X92.685 Y79.52
G0 X93.664 Y79.521
G1 F1500 X95.08 Y80.938 E3421.83929
G0 F9000 X96.041 Y81.882
G0 X96.477 Y81.912
G0 X96.478 Y80.922
G1 F1500 X93.664 Y78.107 E3422.36883
G0 F9000 X92.685 Y78.106
G0 X92.685 Y76.692
G0 X93.664 Y76.693
G1 F1500 X97.892 Y80.922 E3423.16442
G0 F9000 X97.891 Y81.912
G0 X99.305 Y81.912
G0 X99.306 Y80.922
G1 F1500 X93.664 Y75.279 E3424.22604
G0 F9000 X92.685 Y75.278
G0 X92.757 Y73.456
G0 X94.163 Y73.384
G0 X94.163 Y74.364
G1 F1500 X100.72 Y80.922 E3425.45982
G0 F9000 X100.719 Y81.912
G0 X102.134 Y81.912
G0 X102.135 Y80.922
G1 F1500 X95.577 Y74.364 E3426.69369
G0 F9000 X95.577 Y73.384
G0 X96.991 Y73.384
G0 X96.991 Y74.364
G1 F1500 X103.001 Y80.373 E3427.82437
G0 F9000 X103.973 Y80.489
G0 X104.166 Y79.412
G0 X103.215 Y79.174
G1 F1500 X98.405 Y74.364 E3428.72936
G0 F9000 X98.405 Y73.384
G0 X99.82 Y73.384
G0 X99.82 Y74.364
G1 F1500 X103.647 Y78.191 E3429.4494
G0 F9000 X104.486 Y78.697
G0 X105 Y77.967
G0 X104.231 Y77.361
G1 F1500 X101.234 Y74.364 E3430.01328
G0 F9000 X101.234 Y73.384
G0 X102.648 Y73.384
G0 X102.648 Y74.364
G1 F1500 X104.953 Y76.668 E3430.44686
G0 F9000 X105.483 Y77.492
G0 X106.221 Y77.018
G0 X105.819 Y76.121
G1 F1500 X104.062 Y74.364 E3430.77744
G0 F9000 X104.062 Y73.384
G0 X105.476 Y73.384
G0 X105.476 Y74.364
G1 F1500 X106.86 Y75.747 E3431.03774
G0 F9000 X107.073 Y76.709
G0 X108.161 Y76.615
G0 X108.161 Y75.634
G1 F1500 X106.891 Y74.364 E3431.27669
G0 F9000 X106.891 Y73.384
G0 X108.305 Y73.384
G0 X108.305 Y74.364
G1 F1500 X109.576 Y75.634 E3431.51573
G0 F9000 X109.576 Y76.615
G0 X109.719 Y73.484
G0 X109.719 Y74.364
G1 F1500 X110.99 Y75.634 E3431.75477
G0 F9000 X110.99 Y76.615
G0 X111.133 Y73.484
G0 X111.133 Y74.364
G1 F1500 X112.435 Y75.666 E3431.99974
G0 F9000 X112.314 Y76.638
G0 X112.154 Y73.484
G0 X112.548 Y73.384
G0 X112.548 Y74.364
G1 F1500 X114.51 Y76.326 E3432.36889
G1 F1500 E3425.86889
G0 F9000 X113.974 Y77.145
G0 X112.943 Y76.632
G0 X112.943 Y73.484
G0 X113.962 Y73.384
G1 F1500 E3432.36889
G0 F9000 X113.962 Y74.364
G1 F1500 X120.521 Y80.923 E3433.60295
G0 F9000 X120.521 Y81.904
G0 X121.935 Y81.904
G0 X121.935 Y80.923
G1 F1500 X115.376 Y74.364 E3434.83701
G0 F9000 X115.376 Y73.384
G0 X116.79 Y73.384
G0 X116.79 Y74.364
G1 F1500 X123.349 Y80.923 E3436.07107
G0 F9000 X123.349 Y81.904
G0 X123.969 Y81.873
G0 X124.764 Y80.923
G1 F1500 X118.204 Y74.364 E3437.30522
G0 F9000 X118.204 Y73.384
G0 X119.619 Y73.384
G0 X119.619 Y74.364
G1 F1500 X126.323 Y81.069 E3438.56666
G0 F9000 X127.304 Y81.07
G0 X127.223 Y81.878
G0 X124.025 Y81.81
G0 X124.918 Y81.077
G1 F1500 X126.322 Y82.481 E3438.83082
G0 F9000 X127.303 Y82.482
G0 X124.009 Y82.496
G0 X124.918 Y82.491
G1 F1500 X126.321 Y83.894 E3439.09479
G0 F9000 X127.301 Y83.895
G0 X124.009 Y83.91
G0 X124.918 Y83.905
G1 F1500 X126.319 Y85.307 E3439.35848
G0 F9000 X127.3 Y85.308
G0 X124.019 Y85.415
G0 X124.918 Y85.32
G1 F1500 X126.318 Y86.72 E3439.62189
G0 F9000 X127.298 Y86.721
G0 X124.019 Y86.739
G0 X124.918 Y86.734
G1 F1500 X126.317 Y88.133 E3439.88511
G0 F9000 X127.297 Y88.134
G0 X124.019 Y88.153
G0 X124.918 Y88.148
G1 F1500 X126.316 Y89.546 E3440.14814
G0 F9000 X127.296 Y89.547
G0 X124.019 Y89.567
G0 X124.918 Y89.562
G1 F1500 X126.317 Y90.962 E3440.41145
G0 F9000 X127.298 Y90.961
G0 X124.019 Y90.973
G0 X124.918 Y90.977
G1 F1500 X126.319 Y92.378 E3440.67504
G0 F9000 X127.3 Y92.377
G0 X124.019 Y92.387
G0 X124.918 Y92.391
G1 F1500 X126.321 Y93.794 E3440.93902
G0 F9000 X127.302 Y93.793
G0 X124.019 Y93.801
G0 X124.918 Y93.805
G1 F1500 X126.323 Y95.211 E3441.20346
G0 F9000 X127.304 Y95.21
G0 X124.019 Y95.215
G0 X124.918 Y95.219
G1 F1500 X126.325 Y96.626 E3441.46818
G0 F9000 X127.306 Y96.626
G0 X124.019 Y96.632
G0 X124.918 Y96.633
G1 F1500 X126.326 Y98.041 E3441.73309
G0 F9000 X127.306 Y98.041
G0 X124.019 Y98.047
G0 X124.918 Y98.048
G1 F1500 X126.326 Y99.456 E3441.99801
G0 F9000 X127.307 Y99.456
G0 X124.019 Y99.461
G0 X124.918 Y99.462
G1 F1500 X126.326 Y100.87 E3442.26292
G0 F9000 X127.308 Y100.87
G0 X124.019 Y100.875
G0 X124.918 Y100.876
G1 F1500 X126.327 Y102.285 E3442.52802
G0 F9000 X127.308 Y102.285
G0 X124.019 Y102.289
G0 X124.918 Y102.29
G1 F1500 X126.328 Y103.7 E3442.79331
G0 F9000 X127.309 Y103.7
G0 X124.019 Y103.703
G0 X124.918 Y103.704
G1 F1500 X126.328 Y105.115 E3443.05869
G0 F9000 X127.309 Y105.115
G0 X124.019 Y105.118
G0 X124.918 Y105.119
G1 F1500 X126.329 Y106.53 E3443.32416
G0 F9000 X127.31 Y106.53
G0 X124.019 Y106.532
G0 X124.918 Y106.533
G1 F1500 X126.33 Y107.945 E3443.58983
G0 F9000 X127.311 Y107.945
G0 X124.019 Y107.946
G0 X124.918 Y107.947
G1 F1500 X126.33 Y109.36 E3443.85559
G0 F9000 X127.311 Y109.36
G0 X124.019 Y109.36
G0 X124.918 Y109.361
G1 F1500 X126.33 Y110.774 E3444.12135
G0 F9000 X127.312 Y110.774
G0 X124.019 Y110.775
G0 X124.918 Y110.776
G1 F1500 X126.331 Y112.189 E3444.3872
G0 F9000 X127.313 Y112.189
G0 X124.019 Y112.189
G0 X124.918 Y112.19
G1 F1500 X126.332 Y113.604 E3444.65324
G0 F9000 X127.313 Y113.604
G0 X124.019 Y113.604
G0 X124.918 Y113.605
G1 F1500 X126.333 Y115.019 E3444.91938
G0 F9000 X127.314 Y115.019
G0 X124.019 Y115.018
G0 X124.918 Y115.019
G1 F1500 X126.333 Y116.434 E3445.1856
G0 F9000 X127.314 Y116.434
G0 X124.019 Y116.432
G0 X124.918 Y116.433
G1 F1500 X126.334 Y117.849 E3445.45202
G0 F9000 X127.315 Y117.849
G0 X127.316 Y119.264
G0 X126.335 Y119.264
G1 F1500 X124.918 Y117.847 E3445.71863
G0 F9000 X123.939 Y117.847
G0 X123.939 Y119.262
G0 X124.918 Y119.262
G1 F1500 X126.335 Y120.678 E3445.98514
G0 F9000 X127.316 Y120.678
G0 X127.317 Y122.093
G0 X126.335 Y122.093
G1 F1500 X124.918 Y120.676 E3446.25174
G0 F9000 X123.939 Y120.676
G0 X123.939 Y122.09
G0 X124.918 Y122.09
G1 F1500 X126.336 Y123.508 E3446.51854
G0 F9000 X127.317 Y123.508
G0 X127.318 Y124.923
G0 X126.337 Y124.923
G1 F1500 X124.918 Y123.504 E3446.78552
G0 F9000 X123.939 Y123.504
G0 X123.939 Y124.918
G0 X124.918 Y124.918
G1 F1500 X126.337 Y126.337 E3447.0525
G0 F9000 X127.317 Y126.338
G0 X127.317 Y127.752
G0 X126.337 Y127.751
G1 F1500 X124.918 Y126.333 E3447.31939
G0 F9000 X123.939 Y126.333
G0 X123.939 Y127.747
G0 X124.918 Y127.747
G1 F1500 X126.337 Y129.165 E3447.58628
G0 F9000 X127.317 Y129.166
G0 X127.317 Y130.58
G0 X126.337 Y130.579
G1 F1500 X124.918 Y129.161 E3447.85316
G0 F9000 X123.939 Y129.161
G0 X123.939 Y130.575
G0 X124.918 Y130.575
G1 F1500 X126.337 Y131.994 E3448.12014
G0 F9000 X127.317 Y131.995
G0 X127.317 Y133.409
G0 X126.337 Y133.408
G1 F1500 X124.918 Y131.989 E3448.38713
G0 F9000 X123.939 Y131.989
G0 X123.939 Y133.404
G0 X124.918 Y133.404
G1 F1500 X126.337 Y134.822 E3448.65401
G0 F9000 X127.317 Y134.823
G0 X127.317 Y136.237
G0 X126.337 Y136.236
G1 F1500 X124.918 Y134.818 E3448.9209
G0 F9000 X123.929 Y134.818
G0 X123.929 Y136.232
G0 X124.918 Y136.232
G1 F1500 X126.337 Y137.651 E3449.18788
G0 F9000 X127.317 Y137.652
G0 X127.317 Y139.066
G0 X126.337 Y139.065
G1 F1500 X124.918 Y137.646 E3449.45486
G0 F9000 X123.929 Y137.646
G0 X123.959 Y138.118
G0 X124.918 Y139.061
G1 F1500 X126.337 Y140.479 E3449.72175
G0 F9000 X127.317 Y140.48
G0 X127.317 Y141.894
G0 X126.337 Y141.893
G1 F1500 X123.52 Y139.077 E3450.25167
G0 F9000 X123.521 Y138.088
G0 X122.107 Y138.088
G0 X122.106 Y139.077
G1 F1500 X126.337 Y143.307 E3451.04763
G0 F9000 X127.317 Y143.308
G0 X127.317 Y144.723
G0 X126.337 Y144.722
G1 F1500 X120.692 Y139.077 E3452.10972
G0 F9000 X120.693 Y138.088
G0 X119.279 Y138.088
G0 X119.278 Y139.077
G1 F1500 X125.821 Y145.62 E3453.34077
G0 F9000 X125.823 Y146.603
G0 X124.413 Y146.607
G0 X124.411 Y145.625
G1 F1500 X117.864 Y139.077 E3454.57267
G0 F9000 X117.865 Y138.088
G0 X115.916 Y138.174
G0 X116.027 Y139.511
G0 X116.997 Y139.625
G1 F1500 X123.002 Y145.63 E3455.7025
G0 F9000 X123.004 Y146.612
G0 X121.594 Y146.616
G0 X121.592 Y145.634
G1 F1500 X116.783 Y140.825 E3456.6073
G0 F9000 X115.834 Y140.588
G0 X115.514 Y141.303
G0 X116.352 Y141.808
G1 F1500 X120.18 Y145.636 E3457.32753
G0 F9000 X120.18 Y146.618
G0 X118.767 Y146.619
G0 X118.767 Y145.637
G1 F1500 X115.768 Y142.638 E3457.89179
G0 F9000 X115 Y142.033
G0 X114.517 Y142.508
G0 X115.046 Y143.33
G1 F1500 X117.354 Y145.638 E3458.32603
G0 F9000 X117.353 Y146.619
G0 X115.938 Y146.618
G0 X115.939 Y145.637
G1 F1500 X114.179 Y143.877 E3458.65717
G0 F9000 X113.779 Y142.982
G0 X112.927 Y143.291
G0 X113.139 Y144.251
G1 F1500 X114.523 Y145.636 E3458.91766
G0 F9000 X114.522 Y146.617
G0 X113.109 Y146.617
G0 X113.109 Y145.636
G1 F1500 X111.837 Y144.364 E3459.15698
G0 F9000 X111.837 Y143.385
G0 X111.695 Y146.517
G0 X111.695 Y145.636
G1 F1500 X110.423 Y144.364 E3459.39631
G0 F9000 X110.423 Y143.385
G0 X110.281 Y146.517
G0 X110.281 Y145.636
G1 F1500 X109.008 Y144.364 E3459.63573
G0 F9000 X109.008 Y143.385
G0 X108.866 Y146.517
G0 X108.866 Y145.636
G1 F1500 X107.563 Y144.333 E3459.88088
G0 F9000 X107.684 Y143.361
G0 X107.847 Y146.517
G0 X107.452 Y146.617
G0 X107.452 Y145.636
G1 F1500 X105.487 Y143.671 E3460.25059
G1 F1500 E3453.75059
G0 F9000 X106.022 Y142.852
G0 X107.057 Y143.368
G0 X107.057 Y146.517
G0 X106.038 Y146.617
G1 F1500 E3460.25059
G0 F9000 X106.038 Y145.636
G1 F1500 X99.477 Y139.075 E3461.48503
G0 F9000 X99.477 Y138.096
G0 X98.063 Y138.096
G0 X98.063 Y139.075
G1 F1500 X104.624 Y145.636 E3462.71947
G0 F9000 X104.624 Y146.617
G0 X103.21 Y146.617
G0 X103.21 Y145.636
G1 F1500 X96.649 Y139.075 E3463.95391
G0 F9000 X96.649 Y138.096
G0 X96.031 Y138.127
G0 X95.235 Y139.075
G1 F1500 X101.795 Y145.636 E3465.18825
G1 F1500 E3458.68825
G0 F9000 X101.795 Y146.617
G0 X104.491 Y146.517
G0 X106.183 Y143.053
G0 X104.491 Y141.312
G1 F1500 E3465.18825
G0 F9000 X103.687 Y141.871
G1 F1500 X100.892 Y139.075 E3465.71422
G0 F9000 X100.892 Y138.096
G0 X102.306 Y138.096
G0 X102.306 Y139.075
G1 F1500 X103.017 Y139.787 E3465.84808
G1 F1500 E3459.34808
G0 F9000 X103.982 Y139.614
G0 X107.062 Y133.687
G0 X122.128 Y133.678
G0 X122.128 Y86.322
G0 X117.692 Y81.904
G1 F1500 E3465.84808
G0 F9000 X117.692 Y80.923
G1 F1500 X116.981 Y80.212 E3465.98186
G0 F9000 X116.018 Y80.384
G0 X115.509 Y78.688
G0 X116.311 Y78.128
G1 F1500 X119.107 Y80.923 E3466.50782
G1 F1500 E3460.00782
G0 F9000 X119.107 Y81.904
G0 X115.916 Y81.826
G0 X115.493 Y78.559
G0 X113.233 Y79.912
G0 X121.034 Y70.809
G0 X121.034 Y73.484
G1 F1500 E3466.50782
G0 F9000 X121.033 Y74.364
G1 F1500 X126.325 Y79.656 E3467.5035
G0 F9000 X127.305 Y79.657
G0 X127.307 Y78.244
G0 X126.326 Y78.243
G1 F1500 X122.447 Y74.364 E3468.23333
G0 F9000 X122.447 Y73.384
G0 X123.861 Y73.384
G0 X123.861 Y74.364
G1 F1500 X126.328 Y76.83 E3468.69739
G0 F9000 X127.308 Y76.831
G0 X127.31 Y75.418
G0 X126.329 Y75.417
G1 F1500 X125.275 Y74.364 E3468.89561
G1 F1500 E3462.39561
G0 F9000 X125.275 Y73.384
G0 X123.433 Y73.484
G0 X123.433 Y70.809
G0 X113.233 Y79.912
G0 X115.493 Y78.559
G0 X115.916 Y81.826
G0 X123.433 Y81.904
G1 F1500 E3468.89561
G0 F9000 X123.533 Y81.813
;TYPE:SKIN
G1 F1500 X122.826 Y81.813 E3468.91599
G1 X116.461 Y81.813 E3469.0995
G1 X115.908 Y81.967 E3469.11605
G0 F9000 X115.825 Y81.884
G0 X113.506 Y84.514
G0 X113.598 Y84.606
G1 F1500 X113.344 Y85.059 E3469.16411
G1 X108.459 Y85.124 E3469.61622
G1 X106.862 Y84.941 E3469.76498
G1 X106.44 Y85.227 E3469.81216
G0 F9000 X106.647 Y85.434
G0 X96.984 Y85.67
G1 F1500 X96.563 Y85.25 E3469.85172
G0 F9000 X96.427 Y85.82
G1 F1500 X96.427 Y86.527 E3469.95924
G1 X96.427 Y133.904 E3477.16467
G1 X96.217 Y134.401 E3477.24672
G0 F9000 X96.061 Y134.054
G0 X96.365 Y138.085
G0 X96.465 Y138.185
G1 F1500 X97.173 Y138.185 E3477.26752
G1 X103.537 Y138.185 E3477.45442
G1 X104.089 Y138.031 E3477.47125
G0 F9000 X104.173 Y138.114
G0 X106.493 Y135.484
G0 X106.402 Y135.393
G1 F1500 X106.654 Y134.938 E3477.51942
G1 X111.539 Y134.873 E3477.97187
G1 X113.136 Y135.056 E3478.12074
G1 X113.557 Y134.77 E3478.16788
G0 F9000 X113.35 Y134.563
G0 X123.014 Y134.328
G1 F1500 X123.435 Y134.749 E3478.20749
G0 F9000 X123.571 Y134.178
G1 F1500 X123.571 Y133.471 E3478.31506
G1 X123.571 Y86.094 E3485.52401
G1 X123.781 Y85.597 E3485.6061
G0 F9000 X123.039 Y85.945
;MESH:NONMESH
G0 F300 X123.039 Y85.945 Z6.4
G0 F9000 X112.865 Y84.437
;TIME_ELAPSED:1445.056690
;LAYER:19
;TYPE:WALL-INNER
;MESH:placchetta pulsante plana o comune.stl
G1 F1500 X113.32 Y84.325 E3485.66844
G1 X113.516 Y84.229 E3485.69748
G1 X113.93 Y84.048 E3485.75759
G1 X114.082 Y83.937 E3485.78263
G1 X114.349 Y83.767 E3485.82474
G1 X114.624 Y83.524 E3485.87357
G1 X114.99 Y83.178 E3485.94057
G1 X115.122 Y82.979 E3485.97234
G1 X115.407 Y82.594 E3486.03607
G1 X115.509 Y82.349 E3486.07138
G1 X115.715 Y81.932 E3486.13326
G1 X115.785 Y81.613 E3486.17671
G1 X115.885 Y81.25 E3486.2268
G1 X115.918 Y80.771 E3486.29068
G1 X115.938 Y80.388 E3486.3417
G1 X115.872 Y80.039 E3486.38895
G1 X115.831 Y79.705 E3486.43372
G1 X115.749 Y79.409 E3486.47459
G1 X115.515 Y78.819 E3486.55903
G1 X115.296 Y78.491 E3486.6115
G1 X115.086 Y78.137 E3486.66626
G1 X114.734 Y77.8 E3486.73109
G1 X114.446 Y77.509 E3486.78556
G1 X114.038 Y77.261 E3486.84908
G1 X113.734 Y77.059 E3486.89764
G1 X113.252 Y76.89 E3486.96559
G1 X112.893 Y76.758 E3487.01648
G1 X112.402 Y76.703 E3487.08221
G1 X112.096 Y76.664 E3487.12325
G1 X107.913 Y76.664 E3487.67976
G1 X107.106 Y76.758 E3487.78785
G1 X106.277 Y77.053 E3487.90492
G1 X105.86 Y77.314 E3487.97037
G1 X105.553 Y77.512 E3488.01897
G1 X105.375 Y77.679 E3488.05144
G1 X105.109 Y77.936 E3488.10065
G1 X104.908 Y78.16 E3488.14069
G1 X104.681 Y78.508 E3488.19596
G1 X104.475 Y78.845 E3488.24851
G1 X104.251 Y79.41 E3488.32937
G1 X104.18 Y79.667 E3488.36484
G1 X104.123 Y79.997 E3488.4094
G1 X104.067 Y80.413 E3488.46524
G1 X104.088 Y81.063 E3488.55176
G1 X104.175 Y81.501 E3488.61117
G1 X104.295 Y81.94 E3488.67172
G1 X104.414 Y82.207 E3488.71061
G1 X104.602 Y82.597 E3488.76821
G1 X104.753 Y82.818 E3488.80382
G1 X105.02 Y83.183 E3488.86399
G1 X105.193 Y83.356 E3488.89653
G1 X105.508 Y83.658 E3488.95459
G1 X105.775 Y83.849 E3488.99827
G1 X106.108 Y84.063 E3489.05093
G1 X106.707 Y84.328 E3489.13807
G1 X107.343 Y84.493 E3489.22548
G1 X107.935 Y84.544 E3489.30454
G1 X112.065 Y84.544 E3489.85399
G1 X112.682 Y84.491 E3489.93638
G1 X112.865 Y84.437 E3489.96177
G0 F9000 X112.663 Y84.08
G0 X112.497 Y83.503
;TYPE:WALL-OUTER
G1 F1500 X112.593 Y83.475 E3489.97507
G1 X112.975 Y83.38 E3490.02744
G1 X113.085 Y83.326 E3490.04374
G1 X113.428 Y83.176 E3490.09355
G1 X113.522 Y83.107 E3490.10906
G1 X113.747 Y82.965 E3490.14446
G1 X113.949 Y82.786 E3490.18037
G1 X114.22 Y82.53 E3490.22996
G1 X114.304 Y82.403 E3490.25022
G1 X114.531 Y82.096 E3490.30102
G1 X114.599 Y81.934 E3490.32439
G1 X114.764 Y81.599 E3490.37407
G1 X114.813 Y81.375 E3490.40458
G1 X114.894 Y81.081 E3490.44515
G1 X114.92 Y80.71 E3490.49463
G1 X114.933 Y80.456 E3490.52847
G1 X114.885 Y80.2 E3490.56312
G1 X114.848 Y79.901 E3490.6032
G1 X114.8 Y79.728 E3490.62709
G1 X114.625 Y79.286 E3490.69033
G1 X114.453 Y79.029 E3490.73147
G1 X114.296 Y78.765 E3490.77234
G1 X114.043 Y78.523 E3490.81891
G1 X113.822 Y78.3 E3490.86068
G1 X113.519 Y78.116 E3490.90785
G1 X113.286 Y77.962 E3490.945
G1 X112.921 Y77.834 E3490.99646
G1 X112.661 Y77.738 E3491.03334
G1 X112.273 Y77.695 E3491.08527
G1 X112.032 Y77.664 E3491.1176
G1 X107.971 Y77.664 E3491.65788
G1 X107.335 Y77.738 E3491.74306
G1 X106.715 Y77.959 E3491.83063
G1 X106.396 Y78.158 E3491.88065
G1 X106.17 Y78.304 E3491.91645
G1 X106.064 Y78.403 E3491.93574
G1 X105.831 Y78.629 E3491.97893
G1 X105.704 Y78.771 E3492.00427
G1 X105.526 Y79.043 E3492.04752
G1 X105.373 Y79.293 E3492.08651
G1 X105.201 Y79.728 E3492.14875
G1 X105.157 Y79.887 E3492.17069
G1 X105.111 Y80.15 E3492.20622
G1 X105.069 Y80.463 E3492.24823
G1 X105.085 Y80.949 E3492.31292
G1 X105.149 Y81.272 E3492.35673
G1 X105.239 Y81.602 E3492.40224
G1 X105.321 Y81.785 E3492.42892
G1 X105.471 Y82.096 E3492.47485
G1 X105.57 Y82.242 E3492.49832
G1 X105.781 Y82.53 E3492.54582
G1 X105.892 Y82.641 E3492.5667
G1 X106.148 Y82.886 E3492.61385
G1 X106.337 Y83.021 E3492.64475
G1 X106.584 Y83.18 E3492.68383
G1 X107.037 Y83.381 E3492.74976
G1 X107.512 Y83.504 E3492.81504
G1 X107.978 Y83.544 E3492.87726
G1 X112.022 Y83.544 E3493.41528
G1 X112.497 Y83.503 E3493.47871
G0 F9000 X112.699 Y84.584
G1 F1500 E3486.97871
G0 F9000 X97.872 Y86.322
G0 X97.4 Y134.15
;TYPE:WALL-INNER
G1 F1500 E3493.47871
G1 X122.6 Y134.15 E3496.83133
G1 X122.6 Y85.85 E3503.25719
G1 X97.4 Y85.85 E3506.60981
G1 X97.4 Y134.15 E3513.03567
G0 F9000 X97.8 Y133.15
G0 X98.4 Y133.15
;TYPE:WALL-OUTER
G1 F1500 X121.6 Y133.15 E3516.12221
G1 X121.6 Y86.85 E3522.28199
G1 X98.4 Y86.85 E3525.36853
G1 X98.4 Y133.15 E3531.5283
G0 F9000 X97.8 Y133.15
G0 X97.872 Y133.678
G0 X105.746 Y135.573
G0 X103.589 Y139.427
G0 X105.278 Y141.573
G0 X107.107 Y143.242
;TYPE:WALL-INNER
G1 F1500 X107.599 Y143.297 E3531.59417
G1 X107.904 Y143.336 E3531.63508
G1 X112.087 Y143.336 E3532.19158
G1 X112.894 Y143.242 E3532.29967
G1 X113.723 Y142.947 E3532.41674
G1 X114.14 Y142.686 E3532.48219
G1 X114.447 Y142.488 E3532.53079
G1 X114.625 Y142.321 E3532.56326
G1 X114.891 Y142.064 E3532.61247
G1 X115.092 Y141.84 E3532.65251
G1 X115.319 Y141.492 E3532.70779
G1 X115.525 Y141.155 E3532.76033
G1 X115.749 Y140.59 E3532.84119
G1 X115.82 Y140.333 E3532.87667
G1 X115.877 Y140.003 E3532.92122
G1 X115.933 Y139.587 E3532.97706
G1 X115.912 Y138.937 E3533.06359
G1 X115.825 Y138.499 E3533.123
G1 X115.705 Y138.06 E3533.18354
G1 X115.586 Y137.793 E3533.22243
G1 X115.398 Y137.403 E3533.28003
G1 X115.247 Y137.182 E3533.31564
G1 X114.98 Y136.817 E3533.37581
G1 X114.807 Y136.644 E3533.40836
G1 X114.492 Y136.342 E3533.46641
G1 X114.225 Y136.151 E3533.51009
G1 X113.892 Y135.937 E3533.56275
G1 X113.293 Y135.672 E3533.64989
G1 X112.657 Y135.507 E3533.73731
G1 X112.065 Y135.456 E3533.81636
G1 X107.935 Y135.456 E3534.36582
G1 X107.318 Y135.509 E3534.4482
G1 X107.135 Y135.563 E3534.47359
G1 X106.68 Y135.675 E3534.53593
G1 X106.484 Y135.771 E3534.56497
G1 X106.07 Y135.952 E3534.62508
G1 X105.923 Y136.06 E3534.64935
G1 X105.649 Y136.233 E3534.69246
G1 X105.374 Y136.478 E3534.74146
G1 X105.01 Y136.822 E3534.80809
G1 X104.878 Y137.021 E3534.83986
G1 X104.593 Y137.406 E3534.90358
G1 X104.491 Y137.651 E3534.93889
G1 X104.285 Y138.069 E3535.00089
G1 X104.218 Y138.377 E3535.04282
G1 X104.115 Y138.749 E3535.09418
G1 X104.082 Y139.227 E3535.15792
G1 X104.062 Y139.612 E3535.20921
G1 X104.128 Y139.961 E3535.25647
G1 X104.169 Y140.295 E3535.30123
G1 X104.251 Y140.591 E3535.3421
G1 X104.485 Y141.183 E3535.42679
G1 X104.699 Y141.5 E3535.47767
G1 X104.914 Y141.863 E3535.5338
G1 X105.266 Y142.2 E3535.59863
G1 X105.554 Y142.491 E3535.6531
G1 X105.936 Y142.723 E3535.71256
G1 X106.266 Y142.941 E3535.76518
G1 X106.748 Y143.11 E3535.83313
G1 X107.107 Y143.242 E3535.88402
G0 F9000 X107.272 Y142.857
G0 X107.339 Y142.262
;TYPE:WALL-OUTER
G1 F1500 X107.727 Y142.305 E3535.93596
G1 X107.968 Y142.336 E3535.96828
G1 X112.029 Y142.336 E3536.50856
G1 X112.665 Y142.262 E3536.59375
G1 X113.285 Y142.041 E3536.68132
G1 X113.604 Y141.842 E3536.73134
G1 X113.83 Y141.696 E3536.76713
G1 X113.936 Y141.597 E3536.78643
G1 X114.169 Y141.371 E3536.82961
G1 X114.296 Y141.229 E3536.85496
G1 X114.474 Y140.957 E3536.8982
G1 X114.627 Y140.707 E3536.9372
G1 X114.799 Y140.272 E3536.99943
G1 X114.843 Y140.113 E3537.02138
G1 X114.889 Y139.85 E3537.0569
G1 X114.931 Y139.537 E3537.09892
G1 X114.915 Y139.051 E3537.16361
G1 X114.851 Y138.728 E3537.20742
G1 X114.761 Y138.398 E3537.25292
G1 X114.679 Y138.215 E3537.2796
G1 X114.529 Y137.904 E3537.32554
G1 X114.43 Y137.758 E3537.34901
G1 X114.219 Y137.47 E3537.39651
G1 X114.108 Y137.359 E3537.41739
G1 X113.852 Y137.114 E3537.46453
G1 X113.663 Y136.979 E3537.49543
G1 X113.416 Y136.82 E3537.53451
G1 X112.963 Y136.619 E3537.60045
G1 X112.488 Y136.496 E3537.66573
G1 X112.022 Y136.456 E3537.72795
G1 X107.978 Y136.456 E3538.26597
G1 X107.503 Y136.497 E3538.3294
G1 X107.407 Y136.525 E3538.3427
G1 X107.025 Y136.62 E3538.39507
G1 X106.915 Y136.674 E3538.41137
G1 X106.572 Y136.824 E3538.46118
G1 X106.482 Y136.89 E3538.47603
G1 X106.252 Y137.035 E3538.5122
G1 X106.05 Y137.215 E3538.54819
G1 X105.78 Y137.47 E3538.5976
G1 X105.696 Y137.597 E3538.61786
G1 X105.469 Y137.904 E3538.66866
G1 X105.401 Y138.066 E3538.69203
G1 X105.236 Y138.401 E3538.74171
G1 X105.188 Y138.622 E3538.7718
G1 X105.106 Y138.919 E3538.81279
G1 X105.08 Y139.288 E3538.86201
G1 X105.067 Y139.544 E3538.89611
G1 X105.115 Y139.8 E3538.93076
G1 X105.152 Y140.099 E3538.97084
G1 X105.2 Y140.272 E3538.99473
G1 X105.375 Y140.714 E3539.05797
G1 X105.544 Y140.965 E3539.09823
G1 X105.704 Y141.235 E3539.13998
G1 X105.957 Y141.477 E3539.18656
G1 X106.178 Y141.7 E3539.22833
G1 X106.476 Y141.881 E3539.27472
G1 X106.714 Y142.038 E3539.31265
G1 X107.079 Y142.166 E3539.36411
G1 X107.339 Y142.262 E3539.40098
G0 F9000 X107.087 Y143.332
G1 F1500 E3532.90098
G0 F9000 X107.167 Y143.743
G0 X107.167 Y145.756
G0 X106.883 Y146.266
;TYPE:WALL-INNER
G1 F1500 E3539.40098
G1 X102.576 Y146.242 E3539.974
G1 X92.608 Y146.242 E3541.30014
G1 X92.608 Y124.943 E3544.13378
G1 X92.619 Y91.929 E3548.52598
G1 X92.627 Y84.52 E3549.51167
G1 X92.611 Y74.256 E3550.8772
G1 X92.611 Y73.757 E3550.94359
G1 X93.11 Y73.757 E3550.98653
G1 X120.66 Y73.719 E3554.6518
G1 X127.392 Y73.723 E3555.54743
G1 X127.388 Y114.095 E3560.91854
G1 X127.381 Y128.131 E3562.7859
G1 X127.373 Y135.592 E3563.77852
G1 X127.382 Y139.913 E3564.35338
G1 X127.389 Y145.76 E3565.13127
G1 X127.389 Y146.259 E3565.19766
G1 X126.89 Y146.259 E3565.2406
G1 X106.883 Y146.266 E3567.90234
G0 F9000 X106.88 Y146.666
G0 X106.877 Y147.266
;TYPE:WALL-OUTER
G1 F1500 X102.573 Y147.242 E3568.47496
G1 X91.608 Y147.242 E3569.93375
G1 X91.608 Y124.943 E3572.90042
G1 X91.619 Y91.928 E3577.29275
G1 X91.627 Y84.52 E3578.27832
G1 X91.61 Y72.758 E3579.84314
G1 X120.66 Y72.719 E3583.70797
G1 X128.392 Y72.724 E3584.73664
G1 X128.388 Y114.095 E3590.24066
G1 X128.381 Y128.131 E3592.10802
G1 X128.373 Y135.591 E3593.1005
G1 X128.382 Y139.911 E3593.67524
G1 X128.39 Y147.259 E3594.65282
G1 X106.877 Y147.266 E3597.51492
G0 F9000 X106.879 Y146.166
G1 F1500 E3591.01492
G0 F9000 X102.577 Y145.732
G0 X102.567 Y148.407
G0 X102.577 Y131.985
G0 X102.577 Y135.561
G0 X99.843 Y135.481
G1 F1500 E3597.51492
G0 F9000 X99.843 Y135.87
;TYPE:FILL
G1 F3000 X98.322 Y134.349 E3597.80109
G0 F9000 X98.789 Y134.349
G1 F3000 X98.382 Y135.87 E3598.01057
G0 F9000 X98.382 Y135.481
G0 X104.346 Y135.554
G0 X113.946 Y135.739
G1 F3000 X114.319 Y134.348 E3598.20217
G0 F9000 X119.535 Y134.349
G1 F3000 X121.056 Y135.87 E3598.48834
G1 F1500 E3591.98834
G0 F9000 X121.057 Y135.482
G0 X122.128 Y133.678
G0 X122.128 Y86.322
G0 X113.262 Y85.649
G1 F1500 E3598.48834
G1 F3000 X112.333 Y84.721 E3598.66303
G0 F9000 X112.082 Y84.742
G1 F3000 X111.839 Y85.649 E3598.78796
G0 F9000 X106.656 Y84.521
G1 F3000 X102.444 Y85.649 E3599.36807
G0 F9000 X103.146 Y84.518
G0 X103.147 Y83.939
;TYPE:SKIN
G1 F1500 X96.927 Y83.938 E3600.19558
G1 X96.927 Y84.86 E3600.31825
G1 X96.41 Y84.86 E3600.38703
G1 X96.41 Y135.14 E3607.07631
G1 X96.928 Y135.14 E3607.14522
G1 X96.928 Y136.061 E3607.26775
G1 X103.147 Y136.061 E3608.09513
G1 X104.372 Y136.063 E3608.25811
G1 X104.248 Y136.18 E3608.28079
G1 X104.072 Y136.446 E3608.32322
G1 X103.726 Y136.914 E3608.40065
G1 X103.584 Y137.254 E3608.44967
G1 X103.343 Y137.74 E3608.52184
G1 X103.254 Y138.151 E3608.57779
G1 X103.135 Y138.581 E3608.63715
G1 X103.094 Y139.167 E3608.7153
G1 X103.068 Y139.679 E3608.78351
G1 X103.15 Y140.111 E3608.84201
G1 X103.195 Y140.488 E3608.89252
G1 X103.311 Y140.906 E3608.95023
G1 X103.604 Y141.648 E3609.05636
G1 X103.865 Y142.034 E3609.11836
G1 X104.132 Y142.485 E3609.18808
G1 X104.563 Y142.897 E3609.26741
G1 X104.936 Y143.274 E3609.33796
G1 X105.39 Y143.549 E3609.40858
G1 X105.823 Y143.834 E3609.47755
G1 X106.414 Y144.042 E3609.5609
G1 X106.877 Y144.212 E3609.62652
G1 X107.488 Y144.281 E3609.70832
G1 X107.841 Y144.326 E3609.75567
G1 X112.144 Y144.326 E3610.32814
G1 X113.12 Y144.212 E3610.45887
G1 X114.157 Y143.844 E3610.60526
G1 X114.671 Y143.522 E3610.68596
G1 X115.059 Y143.272 E3610.74736
G1 X115.308 Y143.038 E3610.79282
G1 X115.604 Y142.751 E3610.84767
G1 X115.88 Y142.444 E3610.9026
G1 X116.156 Y142.021 E3610.96979
G1 X116.414 Y141.599 E3611.0356
G1 X116.689 Y140.905 E3611.13491
G1 X116.788 Y140.549 E3611.18407
G1 X116.855 Y140.153 E3611.2375
G1 X116.925 Y139.637 E3611.30678
G1 X116.898 Y138.824 E3611.415
G1 X116.789 Y138.272 E3611.48986
G1 X116.64 Y137.726 E3611.56516
G1 X116.485 Y137.377 E3611.61596
G1 X116.257 Y136.906 E3611.68558
G1 X116.055 Y136.61 E3611.73326
G1 X115.734 Y136.171 E3611.80561
G1 X115.628 Y136.065 E3611.82555
G1 X116.853 Y136.061 E3611.98853
G1 X123.073 Y136.062 E3612.81604
G1 X123.073 Y135.14 E3612.9387
G1 X123.59 Y135.14 E3613.00748
G1 X123.59 Y84.86 E3619.69676
G1 X123.072 Y84.86 E3619.76568
G1 X123.072 Y83.939 E3619.88821
G1 X116.853 Y83.939 E3620.71559
G1 X115.628 Y83.937 E3620.87856
G1 X115.752 Y83.82 E3620.90124
G1 X115.928 Y83.554 E3620.94368
G1 X116.274 Y83.086 E3621.02111
G1 X116.416 Y82.748 E3621.06988
G1 X116.656 Y82.262 E3621.142
G1 X116.74 Y81.876 E3621.19455
G1 X116.865 Y81.417 E3621.25784
G1 X116.906 Y80.831 E3621.33599
G1 X116.932 Y80.321 E3621.40393
G1 X116.85 Y79.889 E3621.46243
G1 X116.805 Y79.512 E3621.51294
G1 X116.689 Y79.094 E3621.57066
G1 X116.396 Y78.356 E3621.6763
G1 X116.129 Y77.954 E3621.7405
G1 X115.868 Y77.516 E3621.80833
G1 X115.419 Y77.085 E3621.89114
G1 X115.064 Y76.727 E3621.95821
G1 X114.553 Y76.415 E3622.03786
G1 X114.179 Y76.166 E3622.09764
G1 X113.586 Y75.958 E3622.18125
G1 X113.123 Y75.788 E3622.24686
G1 X112.513 Y75.719 E3622.32854
G1 X112.159 Y75.674 E3622.37601
G1 X107.856 Y75.674 E3622.94849
G1 X106.88 Y75.788 E3623.07922
G1 X105.843 Y76.156 E3623.22561
G1 X105.329 Y76.478 E3623.3063
G1 X104.941 Y76.728 E3623.36771
G1 X104.692 Y76.962 E3623.41317
G1 X104.396 Y77.249 E3623.46802
G1 X104.12 Y77.556 E3623.52294
G1 X103.844 Y77.979 E3623.59014
G1 X103.586 Y78.401 E3623.65594
G1 X103.311 Y79.095 E3623.75526
G1 X103.212 Y79.451 E3623.80442
G1 X103.145 Y79.847 E3623.85785
G1 X103.075 Y80.363 E3623.92713
G1 X103.102 Y81.176 E3624.03535
G1 X103.211 Y81.728 E3624.11021
G1 X103.36 Y82.274 E3624.1855
G1 X103.515 Y82.623 E3624.23631
G1 X103.743 Y83.094 E3624.30592
G1 X103.945 Y83.39 E3624.3536
G1 X104.266 Y83.829 E3624.42595
G1 X104.372 Y83.935 E3624.4459
G1 X103.147 Y83.939 E3624.60887
G1 F1500 E3618.10887
G0 F9000 X103.149 Y84.519
G0 X97.435 Y85.368
G0 X96.904 Y85.354
G0 X93.117 Y85.348
G0 X93.036 Y84.519
G1 F1500 E3624.60887
G0 F9000 X93.617 Y84.52
G1 F1500 X93.603 Y74.745 E3625.90935
G1 X120.662 Y74.709 E3629.50929
G1 X126.402 Y74.713 E3630.27295
G1 X126.398 Y114.095 E3635.51235
G1 X126.391 Y128.131 E3637.3797
G1 X126.383 Y135.592 E3638.37232
G1 X126.392 Y139.915 E3638.94746
G1 X126.397 Y145.269 E3639.65976
G1 X106.889 Y145.276 E3642.25511
G1 X102.578 Y145.252 E3642.82866
G1 X93.598 Y145.252 E3644.02336
G1 X93.598 Y124.943 E3646.72528
G1 X93.609 Y91.929 E3651.11748
G1 X93.617 Y84.52 E3652.10318
G0 F9000 X93.037 Y84.52
G0 X93.024 Y75.701
G0 X94.004 Y75.7
G1 F1500 X94.562 Y75.142 E3652.20817
G0 F9000 X94.561 Y74.164
G0 X95.978 Y74.162
G0 X95.979 Y75.14
G1 F1500 X94.006 Y77.113 E3652.57938
G0 F9000 X93.026 Y77.114
G0 X93.028 Y78.526
G0 X94.008 Y78.525
G1 F1500 X97.394 Y75.139 E3653.21645
G0 F9000 X97.393 Y74.16
G0 X98.81 Y74.158
G0 X98.811 Y75.137
G1 F1500 X94.01 Y79.937 E3654.11965
G0 F9000 X93.03 Y79.938
G0 X93.032 Y81.351
G0 X94.011 Y81.35
G1 F1500 X100.226 Y75.135 E3655.28899
G0 F9000 X100.225 Y74.156
G0 X101.642 Y74.154
G0 X101.643 Y75.133
G1 F1500 X94.014 Y82.762 E3656.72437
G0 F9000 X93.034 Y82.763
G0 X93.036 Y84.175
G0 X94.016 Y84.174
G1 F1500 X103.058 Y75.132 E3658.4256
G0 F9000 X103.057 Y74.152
G0 X104.473 Y74.15
G0 X104.474 Y75.13
G1 F1500 X94.015 Y85.589 E3660.39344
G0 F9000 X93.036 Y85.588
G0 X93.035 Y87.004
G0 X94.014 Y87.005
G1 F1500 X96.009 Y85.009 E3660.76889
G0 F9000 X96.96 Y85.41
G0 X96.99 Y86.424
G0 X96.009 Y86.424
G1 F1500 X94.012 Y88.42 E3661.14453
G0 F9000 X93.033 Y88.419
G0 X93.032 Y89.835
G0 X94.011 Y89.836
G1 F1500 X96.009 Y87.838 E3661.52045
G0 F9000 X96.99 Y87.838
G0 X96.99 Y89.252
G0 X96.009 Y89.252
G1 F1500 X94.009 Y91.252 E3661.89674
G0 F9000 X93.03 Y91.251
G0 X93.029 Y92.666
G0 X94.008 Y92.667
G1 F1500 X96.009 Y90.666 E3662.27322
G0 F9000 X96.99 Y90.666
G0 X96.99 Y92.08
G0 X96.009 Y92.08
G1 F1500 X94.008 Y94.081 E3662.64971
G0 F9000 X93.029 Y94.08
G0 X93.028 Y95.495
G0 X94.007 Y95.496
G1 F1500 X96.009 Y93.495 E3663.02629
G0 F9000 X96.99 Y93.495
G0 X96.99 Y94.909
G0 X96.009 Y94.909
G1 F1500 X94.007 Y96.911 E3663.40296
G0 F9000 X93.028 Y96.91
G0 X93.027 Y98.325
G0 X94.007 Y98.326
G1 F1500 X96.009 Y96.323 E3663.77972
G0 F9000 X96.99 Y96.323
G0 X96.99 Y97.737
G0 X96.009 Y97.737
G1 F1500 X94.006 Y99.74 E3664.15658
G0 F9000 X93.027 Y99.739
G0 X93.026 Y101.154
G0 X94.005 Y101.155
G1 F1500 X96.009 Y99.151 E3664.53363
G0 F9000 X96.99 Y99.151
G0 X96.99 Y100.566
G0 X96.009 Y100.566
G1 F1500 X94.005 Y102.57 E3664.91068
G0 F9000 X93.026 Y102.569
G0 X93.025 Y103.984
G0 X94.004 Y103.985
G1 F1500 X96.009 Y101.98 E3665.28792
G0 F9000 X96.99 Y101.98
G0 X96.99 Y103.394
G0 X96.009 Y103.394
G1 F1500 X94.004 Y105.399 E3665.66515
G0 F9000 X93.025 Y105.398
G0 X93.025 Y106.813
G0 X94.004 Y106.814
G1 F1500 X96.009 Y104.808 E3666.04248
G0 F9000 X96.99 Y104.808
G0 X96.99 Y106.222
G0 X96.009 Y106.222
G1 F1500 X94.003 Y108.229 E3666.42
G0 F9000 X93.024 Y108.228
G0 X93.024 Y109.642
G0 X94.002 Y109.643
G1 F1500 X96.009 Y107.637 E3666.79752
G0 F9000 X96.99 Y107.637
G0 X96.99 Y109.051
G0 X96.009 Y109.051
G1 F1500 X94.002 Y111.058 E3667.17513
G0 F9000 X93.023 Y111.057
G0 X93.023 Y112.472
G0 X94.002 Y112.473
G1 F1500 X96.009 Y110.465 E3667.55284
G0 F9000 X96.99 Y110.465
G0 X96.99 Y111.879
G0 X96.009 Y111.879
G1 F1500 X94.002 Y113.887 E3667.93054
G0 F9000 X93.022 Y113.886
G0 X93.022 Y115.301
G0 X94.001 Y115.302
G1 F1500 X96.009 Y113.294 E3668.30835
G0 F9000 X96.99 Y113.294
G0 X96.99 Y114.708
G0 X96.009 Y114.708
G1 F1500 X94 Y116.717 E3668.68633
G0 F9000 X93.021 Y116.716
G0 X93.021 Y118.13
G0 X94 Y118.131
G1 F1500 X96.009 Y116.122 E3669.06432
G0 F9000 X96.99 Y116.122
G0 X96.99 Y117.536
G0 X96.009 Y117.536
G1 F1500 X93.999 Y119.546 E3669.4425
G0 F9000 X93.02 Y119.545
G0 X93.02 Y120.96
G0 X93.999 Y120.961
G1 F1500 X96.009 Y118.95 E3669.82077
G0 F9000 X96.99 Y118.95
G0 X96.99 Y120.365
G0 X96.009 Y120.365
G1 F1500 X93.999 Y122.375 E3670.19895
G0 F9000 X93.019 Y122.374
G0 X93.019 Y123.789
G0 X93.998 Y123.79
G1 F1500 X96.009 Y121.779 E3670.57731
G0 F9000 X96.99 Y121.779
G0 X96.99 Y123.193
G0 X96.009 Y123.193
G1 F1500 X93.997 Y125.205 E3670.95587
G0 F9000 X93.018 Y125.205
G0 X93.018 Y126.619
G0 X93.997 Y126.619
G1 F1500 X96.009 Y124.607 E3671.33442
G0 F9000 X96.99 Y124.607
G0 X96.99 Y126.021
G0 X96.009 Y126.021
G1 F1500 X93.997 Y128.033 E3671.71297
G0 F9000 X93.018 Y128.033
G0 X93.018 Y129.447
G0 X93.997 Y129.447
G1 F1500 X96.009 Y127.436 E3672.09143
G0 F9000 X96.99 Y127.436
G0 X96.99 Y128.85
G0 X96.009 Y128.85
G1 F1500 X93.997 Y130.862 E3672.46998
G0 F9000 X93.018 Y130.862
G0 X93.018 Y132.276
G0 X93.997 Y132.276
G1 F1500 X96.009 Y130.264 E3672.84854
G0 F9000 X96.99 Y130.264
G0 X96.99 Y131.678
G0 X96.009 Y131.678
G1 F1500 X93.997 Y133.69 E3673.22709
G0 F9000 X93.018 Y133.69
G0 X93.018 Y135.104
G0 X93.997 Y135.104
G1 F1500 X96.009 Y133.093 E3673.60555
G0 F9000 X96.99 Y133.093
G0 X96.99 Y134.507
G0 X96.009 Y134.507
G1 F1500 X93.997 Y136.518 E3673.98401
G0 F9000 X93.018 Y136.518
G0 X93.018 Y137.933
G0 X93.997 Y137.933
G1 F1500 X96.392 Y135.538 E3674.43462
G0 F9000 X96.96 Y134.59
G0 X97.436 Y134.632
G0 X97.478 Y135.511
G0 X96.884 Y136.46
G1 F1500 X93.997 Y139.347 E3674.97781
G0 F9000 X93.018 Y139.347
G0 X93.018 Y140.761
G0 X93.997 Y140.761
G1 F1500 X98.299 Y136.46 E3675.78712
G0 F9000 X98.299 Y135.481
G0 X99.713 Y135.481
G0 X99.713 Y136.46
G1 F1500 X93.997 Y142.175 E3676.86248
G0 F9000 X93.018 Y142.175
G0 X93.018 Y143.59
G0 X93.997 Y143.59
G1 F1500 X101.127 Y136.46 E3678.20398
G0 F9000 X101.127 Y135.481
G0 X102.541 Y135.481
G0 X102.541 Y136.46
G1 F1500 X94.15 Y144.851 E3679.78272
G0 F9000 X94.15 Y145.832
G0 X95.564 Y145.832
G0 X95.564 Y144.851
G1 F1500 X103.111 Y137.304 E3681.20267
G0 F9000 X103.99 Y137.739
G0 X103.672 Y139.201
G0 X102.694 Y139.135
G1 F1500 X96.978 Y144.851 E3682.27813
G0 F9000 X96.978 Y145.832
G0 X98.393 Y145.832
G0 X98.393 Y144.851
G1 F1500 X102.787 Y140.456 E3683.10494
G0 F9000 X103.761 Y140.338
G0 X104.04 Y141.172
G0 X103.127 Y141.531
G1 F1500 X99.807 Y144.851 E3683.72959
G0 F9000 X99.807 Y145.832
G0 X101.221 Y145.832
G0 X101.221 Y144.851
G1 F1500 X103.637 Y142.435 E3684.18416
G0 F9000 X104.48 Y141.935
G0 X104.99 Y142.504
G0 X104.293 Y143.194
G1 F1500 X102.635 Y144.852 E3684.49611
G0 F9000 X102.63 Y145.832
G0 X104.036 Y145.84
G0 X104.041 Y144.86
G1 F1500 X105.076 Y143.825 E3684.69084
G0 F9000 X105.585 Y142.99
G0 X106.322 Y143.396
G0 X105.996 Y144.319
G1 F1500 X105.448 Y144.867 E3684.79394
G0 F9000 X105.443 Y145.847
G0 X106.85 Y145.855
G0 X106.855 Y144.874
G1 F1500 X107.092 Y144.637 E3684.83853
G1 F1500 E3678.33853
G0 F9000 X107.201 Y143.666
G0 X112.116 Y143.827
G0 X112.116 Y145.755
G0 X112.524 Y145.855
G1 F1500 E3684.83853
G0 F9000 X112.524 Y144.862
G1 F1500 X112.726 Y144.659 E3684.87663
G0 F9000 X112.615 Y143.687
G0 X113.158 Y143.689
G0 X113.158 Y145.754
G0 X113.928 Y145.854
G0 X113.928 Y144.872
G1 F1500 X115.044 Y143.756 E3685.08661
G0 F9000 X114.515 Y142.932
G0 X113.938 Y143.391
G0 X113.938 Y145.754
G0 X115.343 Y145.854
G0 X115.343 Y144.872
G1 F1500 X125.984 Y134.23 E3687.08878
G0 F9000 X126.964 Y134.231
G0 X126.965 Y132.816
G0 X125.985 Y132.815
G1 F1500 X123.989 Y134.811 E3687.46432
G0 F9000 X123.04 Y134.59
G0 X123.01 Y133.397
G0 X123.989 Y133.397
G1 F1500 X125.987 Y131.399 E3687.84024
G0 F9000 X126.967 Y131.4
G0 X126.969 Y129.984
G0 X125.988 Y129.983
G1 F1500 X123.989 Y131.982 E3688.21635
G0 F9000 X123.01 Y131.982
G0 X123.01 Y130.568
G0 X123.989 Y130.568
G1 F1500 X125.99 Y128.568 E3688.59274
G0 F9000 X126.97 Y128.569
G0 X126.971 Y127.154
G0 X125.99 Y127.153
G1 F1500 X123.989 Y129.154 E3688.96922
G0 F9000 X123.01 Y129.154
G0 X123.01 Y127.74
G0 X123.989 Y127.74
G1 F1500 X125.991 Y125.738 E3689.3459
G0 F9000 X126.972 Y125.739
G0 X126.972 Y124.324
G0 X125.992 Y124.323
G1 F1500 X123.989 Y126.326 E3689.72276
G0 F9000 X123.01 Y126.326
G0 X123.01 Y124.911
G0 X123.989 Y124.911
G1 F1500 X125.992 Y122.908 E3690.09962
G0 F9000 X126.973 Y122.909
G0 X126.974 Y121.494
G0 X125.993 Y121.493
G1 F1500 X123.989 Y123.497 E3690.47666
G0 F9000 X123.01 Y123.497
G0 X123.01 Y122.083
G0 X123.989 Y122.083
G1 F1500 X125.994 Y120.078 E3690.8539
G0 F9000 X126.975 Y120.079
G0 X126.975 Y118.664
G0 X125.995 Y118.663
G1 F1500 X123.989 Y120.669 E3691.23132
G0 F9000 X123.01 Y120.669
G0 X123.01 Y119.254
G0 X123.989 Y119.254
G1 F1500 X125.995 Y117.249 E3691.60866
G0 F9000 X126.976 Y117.25
G0 X126.977 Y115.835
G0 X125.995 Y115.834
G1 F1500 X123.989 Y117.84 E3691.98608
G0 F9000 X123.01 Y117.84
G0 X123.01 Y116.426
G0 X123.989 Y116.426
G1 F1500 X125.996 Y114.419 E3692.36369
G0 F9000 X126.977 Y114.42
G0 X126.978 Y113.005
G0 X125.997 Y113.004
G1 F1500 X123.989 Y115.012 E3692.74149
G0 F9000 X123.01 Y115.012
G0 X123.01 Y113.598
G0 X123.989 Y113.598
G1 F1500 X125.997 Y111.59 E3693.11929
G0 F9000 X126.978 Y111.591
G0 X126.978 Y110.177
G0 X125.997 Y110.176
G1 F1500 X123.989 Y112.183 E3693.497
G0 F9000 X123.01 Y112.183
G0 X123.01 Y110.769
G0 X123.989 Y110.769
G1 F1500 X125.997 Y108.762 E3693.87471
G0 F9000 X126.978 Y108.763
G0 X126.978 Y107.349
G0 X125.997 Y107.348
G1 F1500 X123.989 Y109.355 E3694.25241
G0 F9000 X123.01 Y109.355
G0 X123.01 Y107.941
G0 X123.989 Y107.941
G1 F1500 X125.997 Y105.933 E3694.63021
G0 F9000 X126.978 Y105.934
G0 X126.978 Y104.519
G0 X125.997 Y104.518
G1 F1500 X123.989 Y106.527 E3695.00811
G0 F9000 X123.01 Y106.527
G0 X123.01 Y105.112
G0 X123.989 Y105.112
G1 F1500 X125.997 Y103.104 E3695.38591
G0 F9000 X126.979 Y103.105
G0 X126.979 Y101.691
G0 X125.997 Y101.69
G1 F1500 X123.989 Y103.698 E3695.76371
G0 F9000 X123.01 Y103.698
G0 X123.01 Y102.284
G0 X123.989 Y102.284
G1 F1500 X125.997 Y100.276 E3696.14151
G0 F9000 X126.979 Y100.277
G0 X126.979 Y98.863
G0 X125.997 Y98.862
G1 F1500 X123.989 Y100.87 E3696.51931
G0 F9000 X123.01 Y100.87
G0 X123.01 Y99.455
G0 X123.989 Y99.455
G1 F1500 X125.998 Y97.447 E3696.89721
G0 F9000 X126.979 Y97.448
G0 X126.979 Y96.033
G0 X125.998 Y96.032
G1 F1500 X123.989 Y98.041 E3697.27519
G0 F9000 X123.01 Y98.041
G0 X123.01 Y96.627
G0 X123.989 Y96.627
G1 F1500 X125.998 Y94.618 E3697.65318
G0 F9000 X126.979 Y94.619
G0 X126.98 Y93.205
G0 X125.998 Y93.204
G1 F1500 X123.989 Y95.213 E3698.03117
G0 F9000 X123.01 Y95.213
G0 X123.01 Y93.799
G0 X123.989 Y93.799
G1 F1500 X125.998 Y91.79 E3698.40916
G0 F9000 X126.98 Y91.791
G0 X126.98 Y90.376
G0 X125.999 Y90.375
G1 F1500 X123.989 Y92.384 E3698.78724
G0 F9000 X123.01 Y92.384
G0 X123.01 Y90.97
G0 X123.989 Y90.97
G1 F1500 X125.999 Y88.961 E3699.16533
G0 F9000 X126.98 Y88.962
G0 X126.98 Y87.547
G0 X125.999 Y87.546
G1 F1500 X123.989 Y89.556 E3699.5435
G0 F9000 X123.01 Y89.556
G0 X123.01 Y88.142
G0 X123.989 Y88.142
G1 F1500 X125.999 Y86.132 E3699.92168
G0 F9000 X126.98 Y86.133
G0 X126.98 Y84.719
G0 X125.999 Y84.718
G1 F1500 X123.989 Y86.728 E3700.29986
G0 F9000 X123.01 Y86.728
G0 X123.04 Y85.41
G0 X123.989 Y85.313
G1 F1500 X125.999 Y83.304 E3700.67794
G0 F9000 X126.981 Y83.305
G0 X126.981 Y81.89
G0 X126 Y81.889
G1 F1500 X123.471 Y84.417 E3701.15367
G0 F9000 X122.522 Y84.489
G0 X122.936 Y83.539
G1 F1500 X126 Y80.475 E3701.73016
G0 F9000 X126.981 Y80.476
G0 X126.981 Y79.061
G0 X126 Y79.06
G1 F1500 X121.521 Y83.539 E3702.57287
G0 F9000 X121.521 Y84.519
G0 X120.107 Y84.519
G0 X120.107 Y83.539
G1 F1500 X126 Y77.646 E3703.68163
G0 F9000 X126.981 Y77.647
G0 X126.981 Y76.233
G0 X126 Y76.232
G1 F1500 X118.693 Y83.539 E3705.05642
G0 F9000 X118.693 Y84.519
G0 X117.279 Y84.519
G0 X117.279 Y83.539
G1 F1500 X125.705 Y75.112 E3706.64185
G0 F9000 X125.706 Y74.133
G0 X124.293 Y74.132
G0 X124.292 Y75.111
G1 F1500 X117.043 Y82.36 E3708.00573
G0 F9000 X116.106 Y82.069
G0 X116.337 Y80.624
G0 X117.313 Y80.676
G1 F1500 X122.879 Y75.11 E3709.05296
G0 F9000 X122.88 Y74.131
G0 X121.467 Y74.13
G0 X121.466 Y75.108
G1 F1500 X117.185 Y79.389 E3709.85842
G0 F9000 X116.235 Y79.624
G0 X115.909 Y78.701
G0 X116.82 Y78.341
G1 F1500 X120.051 Y75.109 E3710.46642
G0 F9000 X120.05 Y74.129
G0 X118.635 Y74.131
G0 X118.636 Y75.111
G1 F1500 X116.295 Y77.452 E3710.90687
G0 F9000 X115.453 Y77.952
G0 X114.92 Y77.405
G0 X115.616 Y76.716
G1 F1500 X117.219 Y75.113 E3711.20848
G0 F9000 X117.218 Y74.133
G0 X115.802 Y74.135
G0 X115.803 Y75.115
G1 F1500 X114.812 Y76.105 E3711.39484
G0 F9000 X114.302 Y76.941
G0 X113.544 Y76.557
G0 X113.869 Y75.634
G1 F1500 X114.387 Y75.117 E3711.4922
G0 F9000 X114.386 Y74.137
G0 X112.97 Y74.139
G0 X112.971 Y75.118
G1 F1500 X112.747 Y75.342 E3711.53435
G1 F1500 E3705.03435
G0 F9000 X112.637 Y76.316
G0 X107.884 Y76.173
G0 X107.882 Y74.246
G0 X107.305 Y74.146
G1 F1500 E3711.53435
G0 F9000 X107.306 Y75.127
G1 F1500 X107.07 Y75.363 E3711.57875
G0 F9000 X107.181 Y76.336
G0 X106.679 Y76.369
G0 X106.677 Y74.247
G0 X105.889 Y74.148
G0 X105.89 Y75.128
G1 F1500 X97.48 Y83.539 E3713.16117
G0 F9000 X97.479 Y84.518
G0 X98.893 Y84.518
G0 X98.894 Y83.539
G1 F1500 X102.769 Y79.664 E3713.89024
G0 F9000 X103.735 Y79.831
G0 X103.679 Y81.11
G0 X102.7 Y81.146
G1 F1500 X100.308 Y83.539 E3714.34038
G0 F9000 X100.307 Y84.518
G0 X101.721 Y84.518
G0 X101.722 Y83.539
G1 F1500 X102.953 Y82.308 E3714.57199
G0 F9000 X103.907 Y82.079
G0 X104.245 Y82.803
G0 X103.39 Y83.285
G1 F1500 X103.137 Y83.539 E3714.61969
G1 F1500 E3708.11969
G0 F9000 X103.136 Y84.518
G0 X97.872 Y86.322
G0 X97.872 Y133.678
G0 X116.681 Y135.481
G1 F1500 E3714.61969
G0 F9000 X116.683 Y136.46
G1 F1500 X116.537 Y136.606 E3714.64716
G0 F9000 X115.729 Y137.16
G0 X116.093 Y137.921
G0 X117.002 Y137.555
G1 F1500 X118.098 Y136.46 E3714.85327
G0 F9000 X118.099 Y135.482
G0 X119.513 Y135.482
G0 X119.512 Y136.46
G1 F1500 X117.28 Y138.692 E3715.27322
G0 F9000 X116.321 Y138.89
G0 X116.293 Y139.992
G0 X117.263 Y140.123
G1 F1500 X120.926 Y136.46 E3715.9624
G0 F9000 X120.927 Y135.482
G0 X122.341 Y135.482
G0 X122.34 Y136.46
G1 F1500 X116.357 Y142.443 E3717.08809
G1 F1500 E3710.58809
G0 F9000 X115.538 Y141.908
G0 X114.75 Y142.877
G0 X114.751 Y145.754
G0 X116.757 Y145.853
G1 F1500 E3717.08809
G0 F9000 X116.757 Y144.872
G1 F1500 X125.983 Y135.646 E3718.82394
G0 F9000 X126.964 Y135.645
G0 X126.967 Y137.056
G0 X125.985 Y137.057
G1 F1500 X118.172 Y144.871 E3720.29404
G0 F9000 X118.172 Y145.853
G0 X119.587 Y145.852
G0 X119.587 Y144.87
G1 F1500 X125.988 Y138.469 E3721.49837
G0 F9000 X126.969 Y138.468
G0 X126.972 Y139.879
G0 X125.991 Y139.88
G1 F1500 X121.001 Y144.87 E3722.43723
G0 F9000 X121.001 Y145.852
G0 X122.416 Y145.851
G0 X122.416 Y144.869
G1 F1500 X125.992 Y141.293 E3723.11004
G0 F9000 X126.974 Y141.293
G0 X126.975 Y142.706
G0 X125.994 Y142.706
G1 F1500 X123.831 Y144.869 E3723.51701
G0 F9000 X123.831 Y145.851
G0 X125.245 Y145.85
G0 X125.245 Y144.869
G1 F1500 X125.995 Y144.118 E3723.65821
G1 F1500 E3717.15821
G0 F9000 X126.977 Y144.118
G0 X126.906 Y145.777
G0 X115.338 Y145.754
G0 X114.404 Y143.1
G0 X115.37 Y140.231
G0 X115.471 Y139.564
G0 X115.224 Y136.384
G0 X114.255 Y135.578
G0 X115.335 Y135.485
G1 F1500 E3723.65821
G0 F9000 X115.335 Y135.687
;TYPE:SKIN
G1 F1500 X114.871 Y136.151 E3723.70186
G0 F9000 X114.477 Y135.838
G1 F1500 X114.839 Y135.476 E3723.73592
G0 F9000 X105.65 Y135.473
G1 F1500 X104.887 Y136.235 E3723.80765
G0 F9000 X104.687 Y135.729
G1 F1500 X104.943 Y135.472 E3723.83178
G1 F1500 E3717.33178
G0 F9000 X97.872 Y133.678
G0 X97.872 Y86.322
G0 X104.981 Y84.523
G1 F1500 E3723.83178
G1 X105.418 Y84.086 E3723.87289
G0 F9000 X105.036 Y83.761
G1 F1500 X104.789 Y84.007 E3723.89608
G0 F9000 X105.024 Y83.763
G0 X105.745 Y84.422
G0 X105.69 Y84.521
G1 F1500 X105.843 Y84.368 E3723.91047
G0 F9000 X114.185 Y84.511
G1 F1500 X114.76 Y83.936 E3723.96456
G0 F9000 X115.261 Y84.142
G1 F1500 X114.877 Y84.526 E3724.00069
G0 F9000 X114.523 Y84.88
G1 F1500 X113.816 Y84.88 E3724.10776
G1 X121.592 Y84.881 E3725.28538
G1 X122.566 Y85.321 E3725.44724
G0 F9000 X122.453 Y85.435
G0 X113.211 Y84.778
G0 X112.882 Y85.106
G1 F1500 X112.096 Y85.185 E3725.5376
G1 X107.157 Y85.175 E3726.10255
G1 X104.625 Y84.878 E3726.39416
G1 X98.258 Y84.881 E3727.12245
G1 X97.357 Y84.369 E3727.24099
G1 F1500 E3720.74099
G0 F9000 X97.477 Y84.488
G0 X97.872 Y133.678
G0 X98.074 Y134.563
G0 X97.696 Y134.941
G1 F1500 E3727.24099
G1 X98.227 Y135.116 E3727.31092
G1 X106.004 Y135.118 E3728.28369
G1 X108.442 Y134.801 E3728.5912
G1 X113.325 Y134.867 E3729.20204
G1 X115.903 Y135.119 E3729.52604
G1 X122.199 Y135.187 E3730.3136
G1 X122.552 Y135.54 E3730.37604
G0 F9000 X121.593 Y134.582
G1 F1500 E3723.87604
;MESH:NONMESH
G0 F300 X121.593 Y134.582 Z6.72
G0 F9000 X122.128 Y133.678
G0 X122.128 Y86.322
G0 X112.727 Y84.772
;TIME_ELAPSED:1571.763692
;LAYER:20
;TYPE:WALL-INNER
;MESH:placchetta pulsante plana o comune.stl
G1 F1500 E3730.37604
G1 X113.035 Y84.686 E3730.41859
G1 X113.43 Y84.588 E3730.47273
G1 X113.747 Y84.436 E3730.5195
G1 X114.095 Y84.284 E3730.57003
G1 X114.379 Y84.081 E3730.61647
G1 X114.721 Y83.853 E3730.67115
G1 X114.985 Y83.579 E3730.72177
G1 X115.249 Y83.33 E3730.77005
G1 X115.473 Y82.995 E3730.82367
G1 X115.694 Y82.698 E3730.87292
G1 X115.861 Y82.308 E3730.92936
G1 X116.026 Y81.975 E3730.9788
G1 X116.129 Y81.507 E3731.04256
G1 X116.233 Y81.067 E3731.10271
G1 X116.241 Y80.613 E3731.16312
G1 X116.257 Y80.312 E3731.20322
G1 X116.159 Y79.77 E3731.2765
G1 X116.078 Y79.339 E3731.33484
G1 X115.794 Y78.619 E3731.43781
G1 X115.484 Y78.151 E3731.5125
G1 X115.322 Y77.879 E3731.55462
G1 X114.858 Y77.434 E3731.64015
G1 X114.629 Y77.207 E3731.68305
G1 X114.394 Y77.062 E3731.71978
G1 X114.102 Y76.883 E3731.76535
G1 X113.865 Y76.726 E3731.80317
G1 X113.247 Y76.51 E3731.89027
G1 X112.965 Y76.404 E3731.93035
G1 X112.283 Y76.327 E3732.02166
G1 X112.102 Y76.302 E3732.04597
G1 X107.914 Y76.302 E3732.60314
G1 X107.041 Y76.403 E3732.72006
G1 X106.15 Y76.719 E3732.84583
G1 X105.615 Y77.05 E3732.92953
G1 X105.567 Y77.08 E3732.93706
G1 X105.261 Y77.305 E3732.98759
G1 X104.835 Y77.719 E3733.06662
G1 X104.673 Y77.901 E3733.09904
G1 X104.359 Y78.379 E3733.17513
G1 X104.199 Y78.64 E3733.21585
G1 X103.937 Y79.302 E3733.31057
G1 X103.878 Y79.518 E3733.34036
G1 X103.793 Y79.993 E3733.40456
G1 X103.748 Y80.324 E3733.449
G1 X103.767 Y81.031 E3733.5431
G1 X103.796 Y81.229 E3733.56972
G1 X103.887 Y81.63 E3733.62443
G1 X103.98 Y81.974 E3733.67183
G1 X104.153 Y82.367 E3733.72896
G1 X104.31 Y82.693 E3733.7771
G1 X104.536 Y83.027 E3733.83075
G1 X104.755 Y83.326 E3733.88006
G1 X105.017 Y83.595 E3733.93002
G1 X105.293 Y83.86 E3733.98092
G1 X105.647 Y84.11 E3734.03858
G1 X105.932 Y84.294 E3734.08371
G1 X106.581 Y84.586 E3734.17839
G1 X107.279 Y84.77 E3734.27443
G1 X107.934 Y84.827 E3734.3619
G1 X112.073 Y84.827 E3734.91255
G1 X112.333 Y84.801 E3734.94731
G1 X112.727 Y84.772 E3734.99987
G0 F9000 X112.713 Y84.36
G0 X112.554 Y83.782
;TYPE:WALL-OUTER
G1 F1500 X112.795 Y83.715 E3735.03315
G1 X113.09 Y83.642 E3735.07358
G1 X113.326 Y83.529 E3735.10839
G1 X113.598 Y83.41 E3735.14789
G1 X113.81 Y83.258 E3735.1826
G1 X114.076 Y83.081 E3735.22511
G1 X114.275 Y82.874 E3735.26331
G1 X114.48 Y82.681 E3735.30077
G1 X114.649 Y82.427 E3735.34135
G1 X114.821 Y82.196 E3735.37967
G1 X114.953 Y81.888 E3735.42425
G1 X115.076 Y81.64 E3735.46108
G1 X115.156 Y81.278 E3735.5104
G1 X115.235 Y80.942 E3735.55632
G1 X115.242 Y80.559 E3735.60729
G1 X115.252 Y80.374 E3735.63194
G1 X115.176 Y79.951 E3735.68911
G1 X115.113 Y79.618 E3735.7342
G1 X114.902 Y79.083 E3735.81071
G1 X114.641 Y78.688 E3735.8737
G1 X114.533 Y78.508 E3735.90163
G1 X114.166 Y78.156 E3735.96928
G1 X114.007 Y77.998 E3735.9991
G1 X113.554 Y77.72 E3736.06981
G1 X113.416 Y77.628 E3736.09188
G1 X112.894 Y77.446 E3736.16543
G1 X112.729 Y77.384 E3736.18888
G1 X112.165 Y77.32 E3736.26439
G1 X112.034 Y77.302 E3736.28199
G1 X107.971 Y77.302 E3736.82253
G1 X107.268 Y77.383 E3736.91668
G1 X106.586 Y77.625 E3737.01295
G1 X106.128 Y77.909 E3737.08465
G1 X105.909 Y78.07 E3737.12081
G1 X105.558 Y78.411 E3737.18592
G1 X105.468 Y78.512 E3737.20391
G1 X105.203 Y78.915 E3737.26808
G1 X105.097 Y79.088 E3737.29507
G1 X104.887 Y79.619 E3737.37104
G1 X104.854 Y79.739 E3737.3876
G1 X104.781 Y80.148 E3737.44287
G1 X104.75 Y80.378 E3737.47375
G1 X104.765 Y80.944 E3737.54908
G1 X104.78 Y81.045 E3737.56266
G1 X104.858 Y81.389 E3737.60959
G1 X104.926 Y81.64 E3737.64419
G1 X105.062 Y81.949 E3737.6891
G1 X105.179 Y82.193 E3737.7251
G1 X105.354 Y82.451 E3737.76658
G1 X105.52 Y82.678 E3737.80399
G1 X105.722 Y82.885 E3737.84247
G1 X105.932 Y83.087 E3737.88124
G1 X106.207 Y83.281 E3737.92601
G1 X106.411 Y83.413 E3737.95834
G1 X106.916 Y83.64 E3738.032
G1 X107.451 Y83.781 E3738.10561
G1 X107.978 Y83.827 E3738.17598
G1 X112.024 Y83.827 E3738.71427
G1 X112.247 Y83.805 E3738.74408
G1 X112.554 Y83.782 E3738.78504
G0 F9000 X112.743 Y84.865
G1 F1500 E3732.28504
G0 F9000 X112.198 Y85.3
G0 X112.292 Y86.31
G0 X97.872 Y86.322
G0 X97.4 Y134.15
;TYPE:WALL-INNER
G1 F1500 E3738.78504
G1 X122.6 Y134.15 E3742.13766
G1 X122.6 Y85.85 E3748.56352
G1 X97.4 Y85.85 E3751.91614
G1 X97.4 Y134.15 E3758.342
G0 F9000 X97.8 Y133.15
G0 X98.4 Y133.15
;TYPE:WALL-OUTER
G1 F1500 X121.6 Y133.15 E3761.42854
G1 X121.6 Y86.85 E3767.58831
G1 X98.4 Y86.85 E3770.67485
G1 X98.4 Y133.15 E3776.83463
G0 F9000 X97.8 Y133.15
G0 X97.872 Y133.678
G0 X107.79 Y134.627
G0 X103.526 Y137.867
G0 X104.617 Y141.167
G0 X105.041 Y141.83
G0 X107.035 Y143.596
;TYPE:WALL-INNER
G1 F1500 X107.717 Y143.673 E3776.92594
G1 X107.898 Y143.698 E3776.95025
G1 X112.086 Y143.698 E3777.50742
G1 X112.959 Y143.597 E3777.62434
G1 X113.85 Y143.281 E3777.75012
G1 X114.385 Y142.95 E3777.83381
G1 X114.433 Y142.92 E3777.84134
G1 X114.739 Y142.695 E3777.89188
G1 X115.165 Y142.281 E3777.97091
G1 X115.327 Y142.099 E3778.00332
G1 X115.641 Y141.621 E3778.07941
G1 X115.801 Y141.36 E3778.12014
G1 X116.063 Y140.698 E3778.21486
G1 X116.122 Y140.482 E3778.24465
G1 X116.207 Y140.007 E3778.30885
G1 X116.252 Y139.676 E3778.35329
G1 X116.233 Y138.969 E3778.44738
G1 X116.204 Y138.771 E3778.474
G1 X116.113 Y138.37 E3778.52871
G1 X116.02 Y138.026 E3778.57612
G1 X115.847 Y137.633 E3778.63324
G1 X115.69 Y137.307 E3778.68138
G1 X115.464 Y136.973 E3778.73504
G1 X115.245 Y136.674 E3778.78434
G1 X114.983 Y136.405 E3778.8343
G1 X114.707 Y136.14 E3778.88521
G1 X114.353 Y135.89 E3778.94286
G1 X114.068 Y135.706 E3778.98799
G1 X113.419 Y135.414 E3779.08267
G1 X112.721 Y135.23 E3779.17871
G1 X112.066 Y135.173 E3779.26618
G1 X107.927 Y135.173 E3779.81683
G1 X107.667 Y135.199 E3779.8516
G1 X107.273 Y135.228 E3779.90416
G1 X106.965 Y135.314 E3779.9467
G1 X106.57 Y135.412 E3780.00085
G1 X106.253 Y135.564 E3780.04762
G1 X105.904 Y135.716 E3780.09826
G1 X105.613 Y135.926 E3780.146
G1 X105.275 Y136.149 E3780.19988
G1 X105.014 Y136.423 E3780.25022
G1 X104.751 Y136.67 E3780.29822
G1 X104.527 Y137.005 E3780.35184
G1 X104.306 Y137.302 E3780.40109
G1 X104.139 Y137.692 E3780.45753
G1 X103.974 Y138.025 E3780.50697
G1 X103.871 Y138.493 E3780.57073
G1 X103.767 Y138.933 E3780.63088
G1 X103.759 Y139.386 E3780.69115
G1 X103.743 Y139.688 E3780.73139
G1 X103.841 Y140.23 E3780.80467
G1 X103.922 Y140.661 E3780.86301
G1 X104.206 Y141.382 E3780.96611
G1 X104.516 Y141.849 E3781.04068
G1 X104.678 Y142.121 E3781.0828
G1 X105.142 Y142.566 E3781.16833
G1 X105.371 Y142.793 E3781.21123
G1 X105.606 Y142.938 E3781.24796
G1 X105.898 Y143.117 E3781.29353
G1 X106.135 Y143.274 E3781.33135
G1 X106.754 Y143.49 E3781.41857
G1 X107.035 Y143.596 E3781.45853
G0 F9000 X107.203 Y143.211
G0 X107.271 Y142.616
;TYPE:WALL-OUTER
G1 F1500 X107.835 Y142.68 E3781.53405
G1 X107.966 Y142.698 E3781.55164
G1 X112.029 Y142.698 E3782.09218
G1 X112.732 Y142.617 E3782.18633
G1 X113.414 Y142.375 E3782.28261
G1 X113.872 Y142.091 E3782.3543
G1 X114.091 Y141.93 E3782.39046
G1 X114.442 Y141.589 E3782.45557
G1 X114.532 Y141.488 E3782.47357
G1 X114.797 Y141.085 E3782.53774
G1 X114.903 Y140.912 E3782.56473
G1 X115.113 Y140.381 E3782.6407
G1 X115.146 Y140.261 E3782.65725
G1 X115.219 Y139.852 E3782.71253
G1 X115.25 Y139.622 E3782.7434
G1 X115.235 Y139.056 E3782.81873
G1 X115.22 Y138.955 E3782.83232
G1 X115.142 Y138.611 E3782.87924
G1 X115.074 Y138.36 E3782.91384
G1 X114.938 Y138.051 E3782.95876
G1 X114.821 Y137.807 E3782.99476
G1 X114.646 Y137.549 E3783.03623
G1 X114.48 Y137.322 E3783.07365
G1 X114.278 Y137.115 E3783.11212
G1 X114.068 Y136.913 E3783.15089
G1 X113.793 Y136.719 E3783.19566
G1 X113.589 Y136.587 E3783.22799
G1 X113.084 Y136.36 E3783.30165
G1 X112.549 Y136.219 E3783.37526
G1 X112.022 Y136.173 E3783.44564
G1 X107.976 Y136.173 E3783.98392
G1 X107.753 Y136.195 E3784.01373
G1 X107.446 Y136.218 E3784.05469
G1 X107.205 Y136.285 E3784.08797
G1 X106.91 Y136.358 E3784.1284
G1 X106.674 Y136.471 E3784.16321
G1 X106.402 Y136.59 E3784.20271
G1 X106.188 Y136.744 E3784.23779
G1 X105.921 Y136.921 E3784.2804
G1 X105.725 Y137.126 E3784.31814
G1 X105.52 Y137.319 E3784.3556
G1 X105.351 Y137.573 E3784.39618
G1 X105.179 Y137.804 E3784.4345
G1 X105.047 Y138.112 E3784.47908
G1 X104.924 Y138.36 E3784.51591
G1 X104.844 Y138.722 E3784.56523
G1 X104.765 Y139.058 E3784.61115
G1 X104.758 Y139.44 E3784.66198
G1 X104.748 Y139.626 E3784.68676
G1 X104.824 Y140.049 E3784.74394
G1 X104.887 Y140.382 E3784.78903
G1 X105.098 Y140.917 E3784.86554
G1 X105.357 Y141.308 E3784.92794
G1 X105.467 Y141.492 E3784.95646
G1 X105.834 Y141.844 E3785.02411
G1 X105.993 Y142.002 E3785.05393
G1 X106.446 Y142.28 E3785.12465
G1 X106.584 Y142.372 E3785.14671
G1 X107.106 Y142.554 E3785.22026
G1 X107.271 Y142.616 E3785.24371
G0 F9000 X107.014 Y143.685
G0 X93.091 Y143.925
;TYPE:WALL-INNER
G1 F1500 X93.091 Y143.425 E3785.31023
G1 X93.092 Y130.23 E3787.0657
G1 X93.109 Y103.847 E3790.57571
G1 X93.131 Y95.511 E3791.68474
G1 X93.094 Y76.361 E3794.23247
G1 X93.094 Y76.075 E3794.27052
G1 X93.523 Y76.074 E3794.32759
G1 X93.809 Y76.075 E3794.35796
G1 X95.471 Y76.081 E3794.57907
G1 X99.67 Y76.078 E3795.13771
G1 X105.521 Y76.078 E3795.91613
G1 X106.15 Y76.078 E3795.98539
G1 X107.041 Y76.078 E3796.04177
G1 X107.914 Y76.078 E3796.07359
G1 X112.102 Y76.078 E3796.19852
G1 X112.283 Y76.078
G1 X112.965 Y76.078 E3796.22454
G1 X113.247 Y76.078 E3796.2384
G1 X113.865 Y76.078 E3796.28229
G1 X114.102 Y76.078 E3796.30477
G1 X114.445 Y76.078 E3796.34615
G1 X123.995 Y76.079 E3797.61669
G1 X124.528 Y76.081 E3797.6876
G1 X126.405 Y76.076 E3797.93731
G1 X126.406 Y76.075 E3797.9375
G1 X126.906 Y76.075 E3798.00402
G1 X126.906 Y76.575 E3798.04703
G1 X126.906 Y76.576 E3798.04716
G1 X126.869 Y95.511 E3800.56629
G1 X126.891 Y103.845 E3801.67505
G1 X126.909 Y130.23 E3805.18533
G1 X126.908 Y143.641 E3806.96953
G1 X126.908 Y143.925 E3807.00732
G1 X126.476 Y143.926 E3807.06479
G1 X126.192 Y143.925 E3807.09499
G1 X124.529 Y143.919 E3807.31623
G1 X121.956 Y143.922 E3807.65855
G1 X114.479 Y143.922 E3808.65329
G1 X113.85 Y143.922 E3808.72255
G1 X112.959 Y143.922 E3808.77894
G1 X112.086 Y143.922 E3808.81075
G1 X107.898 Y143.922 E3808.93569
G1 X107.717 Y143.922
G1 X107.035 Y143.922 E3808.9617
G1 X106.754 Y143.922 E3808.97551
G1 X106.135 Y143.922 E3809.01948
G1 X105.898 Y143.922 E3809.04196
G1 X105.555 Y143.922 E3809.08333
G1 X96.005 Y143.921 E3810.35387
G1 X95.472 Y143.919 E3810.42478
G1 X93.591 Y143.924 E3810.67503
G1 X93.091 Y143.925 E3810.71804
G0 F9000 X92.661 Y144.354
G0 X92.091 Y144.923
;TYPE:WALL-OUTER
G1 F1500 X92.092 Y130.23 E3812.6728
G1 X92.109 Y103.844 E3816.18321
G1 X92.131 Y95.511 E3817.29184
G1 X92.092 Y75.077 E3820.01039
G1 X93.525 Y75.074 E3820.20104
G1 X95.472 Y75.081 E3820.46007
G1 X99.669 Y75.078 E3821.01844
G1 X123.999 Y75.079 E3824.25532
G1 X124.529 Y75.081 E3824.32583
G1 X126.738 Y75.075 E3824.61972
G1 X127.908 Y75.077 E3824.77538
G1 X127.869 Y95.511 E3827.49393
G1 X127.891 Y103.844 E3828.60256
G1 X127.909 Y130.229 E3832.11284
G1 X127.908 Y144.922 E3834.0676
G1 X126.475 Y144.926 E3834.25825
G1 X124.528 Y144.919 E3834.51728
G1 X121.957 Y144.922 E3834.85933
G1 X96.001 Y144.921 E3838.31253
G1 X95.471 Y144.919 E3838.38304
G1 X93.262 Y144.925 E3838.67693
G1 X92.091 Y144.923 E3838.83272
G0 F9000 X92.661 Y144.354
G0 X93.502 Y142.932
G0 X94.081 Y142.933
;TYPE:SKIN
G1 F1500 X94.082 Y130.23 E3840.52274
G1 X94.099 Y103.849 E3844.03248
G1 X94.121 Y95.511 E3845.14178
G1 X94.086 Y77.066 E3847.59571
G1 X95.469 Y77.071 E3847.77971
G1 X99.67 Y77.068 E3848.33861
G1 X104.09 Y77.068 E3848.92665
G1 X103.885 Y77.297 E3848.96754
G1 X103.523 Y77.848 E3849.05525
G1 X103.31 Y78.196 E3849.10953
G1 X102.996 Y78.989 E3849.22301
G1 X102.912 Y79.3 E3849.26586
G1 X102.815 Y79.839 E3849.33872
G1 X102.756 Y80.27 E3849.3966
G1 X102.779 Y81.116 E3849.50919
G1 X102.822 Y81.411 E3849.54886
G1 X102.926 Y81.869 E3849.61134
G1 X103.044 Y82.305 E3849.67143
G1 X103.254 Y82.781 E3849.74065
G1 X103.449 Y83.188 E3849.80069
G1 X103.726 Y83.597 E3849.86641
G1 X103.997 Y83.967 E3849.92742
G1 X104.32 Y84.298 E3849.98895
G1 X104.661 Y84.626 E3850.0519
G1 X104.993 Y84.86 E3850.10594
G1 X96.41 Y84.86 E3851.24783
G1 X96.41 Y135.14 E3857.9371
G1 X105.007 Y135.14 E3859.08085
G1 X104.636 Y135.385 E3859.14
G1 X104.31 Y135.726 E3859.20277
G1 X103.991 Y136.026 E3859.26102
G1 X103.705 Y136.452 E3859.32929
G1 X103.443 Y136.804 E3859.38767
G1 X103.234 Y137.289 E3859.45793
G1 X103.033 Y137.695 E3859.5182
G1 X102.916 Y138.228 E3859.5908
G1 X102.779 Y138.809 E3859.67021
G1 X102.769 Y139.368 E3859.7446
G1 X102.749 Y139.751 E3859.79562
G1 X102.867 Y140.41 E3859.88469
G1 X102.966 Y140.936 E3859.9559
G1 X103.323 Y141.842 E3860.08545
G1 X103.69 Y142.397 E3860.17397
G1 X103.896 Y142.743 E3860.22754
G1 X104.092 Y142.931 E3860.26368
G1 X96.009 Y142.931 E3861.33904
G1 X95.472 Y142.929 E3861.41049
G1 X94.081 Y142.933 E3861.59555
G0 F9000 X93.502 Y142.932
G0 X93.573 Y143.442
G0 X95.856 Y143.51
G0 X95.86 Y142.529
G1 F1500 X94.48 Y141.149 E3861.85519
G0 F9000 X93.502 Y141.148
G0 X93.502 Y139.734
G0 X94.48 Y139.735
G1 F1500 X97.275 Y142.53 E3862.38106
G0 F9000 X97.275 Y143.511
G0 X98.689 Y143.511
G0 X98.689 Y142.53
G1 F1500 X94.48 Y138.321 E3863.17298
G0 F9000 X93.502 Y138.32
G0 X93.502 Y136.906
G0 X94.48 Y136.907
G1 F1500 X100.103 Y142.53 E3864.23093
G0 F9000 X100.103 Y143.511
G0 X101.517 Y143.511
G0 X101.517 Y142.53
G1 F1500 X94.481 Y135.493 E3865.55483
G0 F9000 X93.502 Y135.492
G0 X93.502 Y134.078
G0 X94.481 Y134.079
G1 F1500 X102.932 Y142.53 E3867.14487
G0 F9000 X102.932 Y143.511
G0 X105.441 Y143.421
G0 X103.477 Y140.516
G0 X102.514 Y140.697
G1 F1500 X97.355 Y135.538 E3868.11552
G0 F9000 X97.355 Y134.56
G0 X98.769 Y134.56
G0 X98.769 Y135.538
G1 F1500 X102.372 Y139.142 E3868.79351
G0 F9000 X103.352 Y139.159
G0 X103.528 Y138.137
G0 X102.572 Y137.928
G1 F1500 X100.183 Y135.538 E3869.24309
G0 F9000 X100.183 Y134.56
G0 X101.597 Y134.56
G0 X101.597 Y135.538
G1 F1500 X102.963 Y136.905 E3869.5002
G0 F9000 X103.864 Y137.291
G0 X104.32 Y136.576
G0 X103.505 Y136.032
G1 F1500 X103.012 Y135.538 E3869.59305
G0 F9000 X103.012 Y134.56
G0 X96.99 Y134.194
G0 X96.01 Y134.194
G1 F1500 X94.481 Y132.665 E3869.88073
G0 F9000 X93.502 Y132.664
G0 X93.502 Y131.25
G0 X94.481 Y131.251
G1 F1500 X96.01 Y132.779 E3870.16831
G0 F9000 X96.99 Y132.779
G0 X96.99 Y131.365
G0 X96.01 Y131.365
G1 F1500 X94.482 Y129.837 E3870.4558
G0 F9000 X93.503 Y129.836
G0 X93.504 Y128.423
G0 X94.482 Y128.424
G1 F1500 X96.01 Y129.951 E3870.7432
G0 F9000 X96.99 Y129.951
G0 X96.99 Y128.537
G0 X96.01 Y128.537
G1 F1500 X94.483 Y127.01 E3871.0305
G0 F9000 X93.505 Y127.009
G0 X93.505 Y125.596
G0 X94.485 Y125.597
G1 F1500 X96.01 Y127.122 E3871.31742
G0 F9000 X96.99 Y127.122
G0 X96.99 Y125.708
G0 X96.01 Y125.708
G1 F1500 X94.485 Y124.184 E3871.60425
G0 F9000 X93.506 Y124.183
G0 X93.507 Y122.769
G0 X94.486 Y122.77
G1 F1500 X96.01 Y124.294 E3871.89099
G0 F9000 X96.99 Y124.294
G0 X96.99 Y122.88
G0 X96.01 Y122.88
G1 F1500 X94.487 Y121.357 E3872.17754
G0 F9000 X93.508 Y121.356
G0 X93.509 Y119.942
G0 X94.487 Y119.943
G1 F1500 X96.01 Y121.466 E3872.46409
G0 F9000 X96.99 Y121.466
G0 X96.99 Y120.051
G0 X96.01 Y120.051
G1 F1500 X94.489 Y118.53 E3872.75026
G0 F9000 X93.51 Y118.529
G0 X93.511 Y117.116
G0 X94.489 Y117.117
G1 F1500 X96.01 Y118.637 E3873.03634
G0 F9000 X96.99 Y118.637
G0 X96.99 Y117.223
G0 X96.01 Y117.223
G1 F1500 X94.49 Y115.703 E3873.32232
G0 F9000 X93.512 Y115.702
G0 X93.513 Y114.289
G0 X94.491 Y114.29
G1 F1500 X96.01 Y115.809 E3873.60812
G0 F9000 X96.99 Y115.809
G0 X96.99 Y114.395
G0 X96.01 Y114.395
G1 F1500 X94.492 Y112.877 E3873.89373
G0 F9000 X93.514 Y112.876
G0 X93.515 Y111.463
G0 X94.493 Y111.464
G1 F1500 X96.01 Y112.98 E3874.17906
G0 F9000 X96.99 Y112.98
G0 X96.99 Y111.566
G0 X96.01 Y111.566
G1 F1500 X94.494 Y110.05 E3874.46429
G0 F9000 X93.516 Y110.049
G0 X93.516 Y108.636
G0 X94.494 Y108.637
G1 F1500 X96.01 Y110.152 E3874.74943
G0 F9000 X96.99 Y110.152
G0 X96.99 Y108.738
G0 X96.01 Y108.738
G1 F1500 X94.496 Y107.224 E3875.03428
G0 F9000 X93.517 Y107.223
G0 X93.518 Y105.809
G0 X94.497 Y105.81
G1 F1500 X96.01 Y107.323 E3875.31895
G0 F9000 X96.99 Y107.323
G0 X96.99 Y105.909
G0 X96.01 Y105.909
G1 F1500 X94.497 Y104.397 E3875.60352
G0 F9000 X93.519 Y104.396
G0 X93.522 Y102.982
G0 X94.5 Y102.985
G1 F1500 X96.01 Y104.495 E3875.88763
G0 F9000 X96.99 Y104.495
G0 X96.99 Y103.081
G0 X96.01 Y103.081
G1 F1500 X94.504 Y101.575 E3876.17098
G0 F9000 X93.526 Y101.572
G0 X93.529 Y100.161
G0 X94.507 Y100.164
G1 F1500 X96.01 Y101.667 E3876.45376
G0 F9000 X96.99 Y101.667
G0 X96.99 Y100.252
G0 X96.01 Y100.252
G1 F1500 X94.511 Y98.753 E3876.7358
G0 F9000 X93.533 Y98.75
G0 X93.537 Y97.34
G0 X94.515 Y97.343
G1 F1500 X96.01 Y98.838 E3877.01708
G0 F9000 X96.99 Y98.838
G0 X96.99 Y97.424
G0 X96.01 Y97.424
G1 F1500 X94.518 Y95.933 E3877.2977
G0 F9000 X93.54 Y95.93
G0 X93.539 Y94.519
G0 X94.518 Y94.518
G1 F1500 X96.01 Y96.01 E3877.57841
G0 F9000 X96.99 Y96.01
G0 X96.99 Y94.596
G0 X96.01 Y94.596
G1 F1500 X94.515 Y93.101 E3877.8597
G0 F9000 X93.536 Y93.102
G0 X93.533 Y91.685
G0 X94.512 Y91.684
G1 F1500 X96.01 Y93.181 E3878.14145
G0 F9000 X96.99 Y93.181
G0 X96.99 Y91.767
G0 X96.01 Y91.767
G1 F1500 X94.51 Y90.267 E3878.42367
G0 F9000 X93.531 Y90.268
G0 X93.528 Y88.851
G0 X94.507 Y88.85
G1 F1500 X96.01 Y90.353 E3878.70645
G0 F9000 X96.99 Y90.353
G0 X96.99 Y88.939
G0 X96.01 Y88.939
G1 F1500 X94.504 Y87.433 E3878.98981
G0 F9000 X93.525 Y87.434
G0 X93.522 Y86.017
G0 X94.501 Y86.016
G1 F1500 X96.01 Y87.524 E3879.27363
G0 F9000 X96.99 Y87.524
G0 X96.99 Y86.11
G0 X96.01 Y86.11
G1 F1500 X94.499 Y84.599 E3879.55792
G0 F9000 X93.52 Y84.6
G0 X93.517 Y83.184
G0 X94.497 Y83.183
G1 F1500 X96.01 Y84.696 E3879.84258
G0 F9000 X96.96 Y85.41
G0 X97.187 Y84.459
G1 F1500 X94.494 Y81.766 E3880.34927
G0 F9000 X93.514 Y81.767
G0 X93.512 Y80.35
G0 X94.491 Y80.349
G1 F1500 X98.601 Y84.459 E3881.12255
G0 F9000 X98.601 Y85.44
G0 X100.016 Y85.44
G0 X100.016 Y84.459
G1 F1500 X94.488 Y78.932 E3882.16254
G0 F9000 X93.509 Y78.933
G0 X93.506 Y77.516
G0 X94.486 Y77.515
G1 F1500 X101.43 Y84.459 E3883.46904
G0 F9000 X101.43 Y85.44
G0 X102.844 Y85.44
G0 X102.844 Y84.459
G1 F1500 X95.856 Y77.471 E3884.78381
G0 F9000 X95.856 Y76.49
G0 X97.268 Y76.489
G0 X97.268 Y77.469
G1 F1500 X103.02 Y83.221 E3885.86604
G0 F9000 X103.905 Y82.796
G0 X103.357 Y81.067
G0 X102.382 Y81.169
G1 F1500 X98.682 Y77.469 E3886.56219
G0 F9000 X98.682 Y76.488
G0 X100.095 Y76.488
G0 X100.095 Y77.467
G1 F1500 X102.417 Y79.789 E3886.99907
G0 F9000 X103.387 Y79.929
G0 X103.607 Y79.016
G0 X102.697 Y78.655
G1 F1500 X101.509 Y77.467 E3887.22259
G0 F9000 X101.509 Y76.488
G0 X102.923 Y76.488
G0 X102.923 Y77.467
G1 F1500 X103.148 Y77.692 E3887.26492
G0 F9000 X103.984 Y78.205
G0 X105.43 Y76.578
G0 X104.462 Y76.488
G0 X104.462 Y76.885
;TYPE:SKIN
G1 F1500 X104.785 Y77.208 E3887.2953
G0 F9000 X105.163 Y76.878
G1 F1500 X104.762 Y76.477 E3887.33303
G0 F9000 X105.43 Y76.578
G0 X104.327 Y79.621
G0 X104.21 Y80.349
G0 X104.249 Y81.144
G0 X104.416 Y81.82
G0 X105.958 Y84.745
G1 F1500 X106.662 Y85.449 E3887.39926
G0 F9000 X107.041 Y85.12
G1 F1500 X107.369 Y85.449 E3887.43016
G0 F9000 X105.955 Y85.449
G1 F1500 X105.411 Y84.905 E3887.48134
G1 F1500 E3880.98134
G0 F9000 X105.62 Y84.581
G0 X107.797 Y85.303
G0 X97.872 Y86.322
G0 X97.872 Y133.678
G0 X105.558 Y134.549
G1 F1500 E3887.48134
G1 X106.168 Y135.159 E3887.53872
G0 F9000 X105.682 Y135.381
G1 F1500 X105.439 Y135.138 E3887.56158
G0 F9000 X105.632 Y135.406
G0 X107.809 Y134.695
G0 X106.265 Y134.549
G1 F1500 X106.685 Y134.969 E3887.60109
G0 F9000 X106.972 Y134.549
G1 F1500 X107.249 Y134.826 E3887.62715
G0 F9000 X107.679 Y134.549
G1 F1500 X107.901 Y134.771 E3887.64803
G0 F9000 X105.573 Y136.505
G0 X105.105 Y136.969
G0 X104.709 Y137.534
G0 X104.412 Y138.18
G0 X104.227 Y138.991
G0 X104.211 Y139.531
G0 X104.683 Y142.694
G0 X104.598 Y142.782
G1 F1500 X105.336 Y143.52 E3887.71746
G0 F9000 X104.629 Y143.52
G1 F1500 X104.395 Y143.286 E3887.73947
G0 F9000 X104.395 Y143.511
G0 X112.06 Y143.237
G0 X112.51 Y143.186
G0 X115.478 Y142.547
G0 X115.91 Y142.932
;TYPE:SKIN
G1 F1500 X116.115 Y142.703 E3887.78036
G1 X116.477 Y142.152 E3887.86808
G1 X116.69 Y141.804 E3887.92236
G1 X117.004 Y141.011 E3888.03583
G1 X117.088 Y140.7 E3888.07869
G1 X117.185 Y140.161 E3888.15155
G1 X117.244 Y139.73 E3888.20942
G1 X117.221 Y138.884 E3888.32202
G1 X117.178 Y138.589 E3888.36168
G1 X117.074 Y138.131 E3888.42416
G1 X116.956 Y137.695 E3888.48425
G1 X116.746 Y137.219 E3888.55347
G1 X116.551 Y136.812 E3888.61351
G1 X116.274 Y136.403 E3888.67923
G1 X116.003 Y136.033 E3888.74025
G1 X115.68 Y135.702 E3888.80178
G1 X115.339 Y135.374 E3888.86472
G1 X115.007 Y135.14 E3888.91876
G1 X123.59 Y135.14 E3890.06065
G1 X123.59 Y84.86 E3896.74993
G1 X114.996 Y84.86 E3897.89328
G1 X115.359 Y84.617 E3897.95139
G1 X115.672 Y84.293 E3898.01133
G1 X116.01 Y83.973 E3898.07325
G1 X116.296 Y83.546 E3898.14162
G1 X116.557 Y83.195 E3898.19982
G1 X116.765 Y82.713 E3898.26966
G1 X116.967 Y82.306 E3898.33011
G1 X117.084 Y81.771 E3898.40297
G1 X117.221 Y81.191 E3898.48225
G1 X117.231 Y80.631 E3898.55677
G1 X117.251 Y80.249 E3898.60766
G1 X117.133 Y79.59 E3898.69673
G1 X117.034 Y79.064 E3898.76794
G1 X116.677 Y78.159 E3898.89737
G1 X116.333 Y77.639 E3898.98032
G1 X116.104 Y77.257 E3899.03957
G1 X115.908 Y77.069 E3899.0757
G1 X123.991 Y77.069 E3900.15107
G1 X124.528 Y77.071 E3900.22251
G1 X125.914 Y77.067 E3900.40691
G1 X125.879 Y95.511 E3902.86071
G1 X125.901 Y103.847 E3903.96974
G1 X125.919 Y130.23 E3907.47975
G1 X125.918 Y142.934 E3909.1699
G1 X124.531 Y142.929 E3909.35443
G1 X121.954 Y142.932 E3909.69727
G1 X115.91 Y142.932 E3910.50137
G0 F9000 X115.478 Y142.547
G0 X116.016 Y141.794
G0 X116.85 Y142.306
G1 F1500 X117.075 Y142.531 E3910.5437
G0 F9000 X117.075 Y143.512
G0 X114.57 Y143.422
G0 X116.393 Y140.983
G0 X117.301 Y141.343
G1 F1500 X118.489 Y142.531 E3910.76722
G0 F9000 X118.489 Y143.512
G0 X119.904 Y143.512
G0 X119.904 Y142.531
G1 F1500 X117.581 Y140.209 E3911.20419
G0 F9000 X116.613 Y140.071
G0 X116.643 Y138.933
G0 X117.616 Y138.829
G1 F1500 X121.318 Y142.531 E3911.90072
G0 F9000 X121.318 Y143.512
G0 X122.732 Y143.512
G0 X122.731 Y142.53
G1 F1500 X116.978 Y136.777 E3912.98313
G0 F9000 X116.094 Y137.201
G0 X112.203 Y134.697
G0 X117.154 Y134.56
G0 X117.154 Y135.539
G1 F1500 X124.143 Y142.527 E3914.298
G0 F9000 X124.144 Y143.51
G0 X126.426 Y143.444
G0 X126.498 Y142.49
G0 X125.518 Y142.489
G1 F1500 X118.569 Y135.539 E3915.60553
G0 F9000 X118.569 Y134.56
G0 X119.983 Y134.56
G0 X119.983 Y135.539
G1 F1500 X125.518 Y141.074 E3916.64693
G0 F9000 X126.498 Y141.075
G0 X126.498 Y139.661
G0 X125.518 Y139.66
G1 F1500 X121.397 Y135.539 E3917.42229
G0 F9000 X121.397 Y134.56
G0 X122.811 Y134.56
G0 X122.811 Y135.539
G1 F1500 X125.518 Y138.246 E3917.9316
G0 F9000 X126.498 Y138.247
G0 X126.498 Y136.833
G0 X125.518 Y136.832
G1 F1500 X123.989 Y135.302 E3918.21938
G0 F9000 X123.04 Y134.59
G0 X123.01 Y133.888
G0 X123.989 Y133.888
G1 F1500 X125.518 Y135.418 E3918.50715
G0 F9000 X126.498 Y135.419
G0 X126.498 Y134.004
G0 X125.518 Y134.003
G1 F1500 X123.989 Y132.474 E3918.79483
G0 F9000 X123.01 Y132.474
G0 X123.01 Y131.06
G0 X123.989 Y131.06
G1 F1500 X125.518 Y132.589 E3919.0825
G0 F9000 X126.498 Y132.59
G0 X126.498 Y131.176
G0 X125.518 Y131.175
G1 F1500 X123.989 Y129.645 E3919.37028
G0 F9000 X123.01 Y129.645
G0 X123.01 Y128.231
G0 X123.989 Y128.231
G1 F1500 X125.518 Y129.761 E3919.65805
G0 F9000 X126.499 Y129.761
G0 X126.498 Y128.346
G0 X125.517 Y128.346
G1 F1500 X123.989 Y126.817 E3919.94563
G0 F9000 X123.01 Y126.817
G0 X123.01 Y125.403
G0 X123.989 Y125.403
G1 F1500 X125.516 Y126.93 E3920.23293
G0 F9000 X126.497 Y126.93
G0 X126.496 Y125.515
G0 X125.515 Y125.515
G1 F1500 X123.989 Y123.989 E3920.52005
G0 F9000 X123.01 Y123.989
G0 X123.01 Y122.574
G0 X123.989 Y122.574
G1 F1500 X125.514 Y124.1 E3920.80707
G0 F9000 X126.495 Y124.1
G0 X126.494 Y122.685
G0 X125.513 Y122.685
G1 F1500 X123.989 Y121.16 E3921.0939
G0 F9000 X123.01 Y121.16
G0 X123.01 Y119.746
G0 X123.989 Y119.746
G1 F1500 X125.512 Y121.27 E3921.38054
G0 F9000 X126.493 Y121.27
G0 X126.492 Y119.854
G0 X125.511 Y119.854
G1 F1500 X123.989 Y118.332 E3921.6669
G0 F9000 X123.01 Y118.332
G0 X123.01 Y116.917
G0 X123.989 Y116.917
G1 F1500 X125.51 Y118.439 E3921.95317
G0 F9000 X126.491 Y118.439
G0 X126.49 Y117.024
G0 X125.509 Y117.024
G1 F1500 X123.989 Y115.503 E3922.23925
G0 F9000 X123.01 Y115.503
G0 X123.01 Y114.089
G0 X123.989 Y114.089
G1 F1500 X125.508 Y115.609 E3922.52514
G0 F9000 X126.49 Y115.609
G0 X126.489 Y114.194
G0 X125.507 Y114.194
G1 F1500 X123.989 Y112.675 E3922.81084
G0 F9000 X123.01 Y112.675
G0 X123.01 Y111.261
G0 X123.989 Y111.261
G1 F1500 X125.506 Y112.778 E3923.09626
G0 F9000 X126.488 Y112.778
G0 X126.487 Y111.363
G0 X125.505 Y111.363
G1 F1500 X123.989 Y109.846 E3923.38159
G0 F9000 X123.01 Y109.846
G0 X123.01 Y108.432
G0 X123.989 Y108.432
G1 F1500 X125.505 Y109.948 E3923.66682
G0 F9000 X126.486 Y109.948
G0 X126.485 Y108.533
G0 X125.503 Y108.533
G1 F1500 X123.989 Y107.018 E3923.95177
G0 F9000 X123.01 Y107.018
G0 X123.01 Y105.604
G0 X123.989 Y105.604
G1 F1500 X125.502 Y107.118 E3924.23653
G0 F9000 X126.484 Y107.118
G0 X126.483 Y105.702
G0 X125.501 Y105.702
G1 F1500 X123.989 Y104.19 E3924.52101
G0 F9000 X123.01 Y104.19
G0 X123.01 Y102.775
G0 X123.989 Y102.775
G1 F1500 X125.5 Y104.287 E3924.80539
G0 F9000 X126.482 Y104.287
G0 X126.479 Y102.868
G0 X125.498 Y102.87
G1 F1500 X123.989 Y101.361 E3925.08931
G0 F9000 X123.01 Y101.361
G0 X123.01 Y99.947
G0 X123.989 Y99.947
G1 F1500 X125.494 Y101.452 E3925.37247
G0 F9000 X126.475 Y101.45
G0 X126.471 Y100.032
G0 X125.49 Y100.034
G1 F1500 X123.989 Y98.533 E3925.65488
G0 F9000 X123.01 Y98.533
G0 X123.01 Y97.118
G0 X123.989 Y97.118
G1 F1500 X125.486 Y98.616 E3925.93663
G0 F9000 X126.468 Y98.614
G0 X126.464 Y97.196
G0 X125.483 Y97.198
G1 F1500 X123.989 Y95.704 E3926.21773
G0 F9000 X123.01 Y95.704
G0 X123.01 Y94.29
G0 X123.989 Y94.29
G1 F1500 X125.479 Y95.781 E3926.49816
G0 F9000 X126.46 Y95.779
G0 X126.461 Y94.37
G0 X125.481 Y94.368
G1 F1500 X123.989 Y92.876 E3926.77888
G0 F9000 X123.01 Y92.876
G0 X123.01 Y91.462
G0 X123.989 Y91.462
G1 F1500 X125.483 Y92.956 E3927.05997
G0 F9000 X126.463 Y92.958
G0 X126.466 Y91.546
G0 X125.485 Y91.544
G1 F1500 X123.989 Y90.047 E3927.34153
G0 F9000 X123.01 Y90.047
G0 X123.01 Y88.633
G0 X123.989 Y88.633
G1 F1500 X125.488 Y90.133 E3927.62366
G0 F9000 X126.469 Y90.135
G0 X126.471 Y88.724
G0 X125.491 Y88.722
G1 F1500 X123.989 Y87.219 E3927.90635
G0 F9000 X123.01 Y87.219
G0 X123.01 Y85.805
G0 X123.989 Y85.805
G1 F1500 X125.493 Y87.31 E3928.18942
G0 F9000 X126.474 Y87.312
G0 X126.477 Y85.9
G0 X125.496 Y85.898
G1 F1500 X117.067 Y77.469 E3929.77532
G0 F9000 X117.067 Y76.489
G0 X118.481 Y76.489
G0 X118.481 Y77.469
G1 F1500 X125.499 Y84.487 E3931.09574
G0 F9000 X126.479 Y84.489
G0 X126.482 Y83.077
G0 X125.502 Y83.075
G1 F1500 X119.895 Y77.469 E3932.15059
G0 F9000 X119.895 Y76.489
G0 X121.309 Y76.489
G0 X121.309 Y77.469
G1 F1500 X125.504 Y81.663 E3932.93977
G0 F9000 X126.485 Y81.665
G0 X126.488 Y80.254
G0 X125.507 Y80.252
G1 F1500 X122.724 Y77.469 E3933.46339
G0 F9000 X122.724 Y76.489
G0 X124.142 Y76.49
G0 X124.138 Y77.469
G1 F1500 X125.51 Y78.84 E3933.72143
G1 F1500 E3927.22143
G0 F9000 X126.49 Y78.842
G0 X126.423 Y76.558
G0 X114.559 Y76.579
G0 X116.586 Y81.616
G0 X112.396 Y85.28
G0 X122.644 Y85.44
G1 F1500 E3933.72143
G0 F9000 X122.644 Y84.46
G1 F1500 X117.485 Y79.301 E3934.69209
G0 F9000 X116.522 Y79.482
G0 X116.648 Y80.839
G0 X117.625 Y80.856
G1 F1500 X121.229 Y84.46 E3935.37017
G0 F9000 X121.229 Y85.44
G0 X119.815 Y85.44
G0 X119.815 Y84.46
G1 F1500 X117.425 Y82.07 E3935.81984
G0 F9000 X116.472 Y81.861
G0 X116.137 Y82.708
G0 X117.035 Y83.094
G1 F1500 X118.401 Y84.46 E3936.07685
G0 F9000 X118.401 Y85.44
G0 X116.987 Y85.44
G0 X116.987 Y84.46
G1 F1500 X116.493 Y83.966 E3936.1698
G0 F9000 X115.68 Y83.423
G0 X114.37 Y84.592
G0 X114.563 Y84.864
;TYPE:SKIN
G1 F1500 X114.316 Y84.618 E3936.19299
G0 F9000 X113.831 Y84.84
G1 F1500 X114.441 Y85.45 E3936.25037
G0 F9000 X113.734 Y85.45
G1 F1500 X113.313 Y85.029 E3936.28998
G0 F9000 X113.027 Y85.45
G1 F1500 X112.748 Y85.171 E3936.31623
G0 F9000 X112.32 Y85.45
G1 F1500 X112.096 Y85.226 E3936.3373
G0 F9000 X114.424 Y83.497
G0 X114.895 Y83.031
G0 X115.291 Y82.466
G0 X115.588 Y81.82
G0 X115.773 Y81.008
G0 X115.789 Y80.468
G0 X115.315 Y77.304
G0 X115.4 Y77.216
G1 F1500 X114.662 Y76.478 E3936.40672
G0 F9000 X115.369 Y76.478
G1 F1500 X115.603 Y76.712 E3936.42874
G1 F1500 E3929.92874
G0 F9000 X115.603 Y76.489
G0 X114.559 Y76.579
G0 X115.633 Y79.468
G0 X115.793 Y80.341
G0 X115.773 Y81.008
G0 X115.025 Y84.217
G0 X112.198 Y85.3
G0 X122.128 Y86.322
G0 X122.128 Y133.678
G0 X114.043 Y134.549
G1 F1500 E3936.42874
G1 X114.587 Y135.093 E3936.47991
G0 F9000 X114.04 Y135.253
G1 F1500 X113.336 Y134.549 E3936.54614
G0 F9000 X112.958 Y134.878
G1 F1500 X112.629 Y134.549 E3936.57709
G0 F9000 X112.22 Y134.628
G0 X114.658 Y136.732
G0 X115.29 Y137.538
G0 X115.665 Y138.481
G0 X115.773 Y139.009
G0 X115.757 Y139.758
G0 X115.213 Y142.791
G1 F1500 X115.537 Y143.114 E3936.60753
G0 F9000 X115.237 Y143.521
G1 F1500 X114.836 Y143.12 E3936.64525
G0 F9000 X115.673 Y140.379
G0 X115.79 Y139.651
G0 X115.751 Y138.856
G0 X115.584 Y138.18
G0 X115.29 Y137.538
G0 X114.658 Y136.732
G0 X113.848 Y136.112
G0 X113.264 Y135.85
G0 X107.888 Y134.766
G0 X107.888 Y134.758
G1 F1500 X107.693 Y134.563 E3936.66359
G1 F1500 E3930.16359
G0 F9000 X107.693 Y134.56
G0 X97.872 Y133.678
G0 X97.872 Y86.322
G0 X112.304 Y85.44
G1 F1500 E3936.66359
G0 F9000 X112.304 Y85.434
G1 F1500 X112.109 Y85.239 E3936.68194
G0 F9000 X112.019 Y85.327
G1 F1500 E3930.18194
;MESH:NONMESH
G0 F300 X112.019 Y85.327 Z7.04
G0 F9000 X112.019 Y85.237
G0 X111.697 Y86.31
G0 X97.872 Y86.322
G0 X97.4 Y134.15
;TIME_ELAPSED:1680.087897
;LAYER:21
;TYPE:WALL-INNER
;MESH:placchetta pulsante plana o comune.stl
G1 F1500 E3936.68194
G1 X106.463 Y134.15 E3937.88768
G1 X106.786 Y134.15 E3937.93066
G1 X107.212 Y134.15 E3937.98733
G1 X107.529 Y134.15 E3938.02951
G1 X107.931 Y134.15 E3938.08299
G1 X112.067 Y134.15 E3938.63324
G1 X112.783 Y134.15 E3938.7285
G1 X113.533 Y134.15 E3938.82828
G1 X122.6 Y134.15 E3940.03456
G1 X122.6 Y85.85 E3946.46042
G1 X113.537 Y85.85 E3947.66616
G1 X113.214 Y85.85 E3947.70914
G1 X112.788 Y85.85 E3947.76581
G1 X112.471 Y85.85 E3947.80799
G1 X112.069 Y85.85 E3947.86147
G1 X107.933 Y85.85 E3948.41172
G1 X107.217 Y85.85 E3948.50698
G1 X106.467 Y85.85 E3948.60676
G1 X97.4 Y85.85 E3949.81304
G1 X97.4 Y134.15 E3956.2389
G0 F9000 X98.05 Y133.15
G0 X98.4 Y133.15
;TYPE:WALL-OUTER
G1 F1500 X121.6 Y133.15 E3959.32544
G1 X121.6 Y86.85 E3965.48521
G1 X98.4 Y86.85 E3968.57176
G1 X98.4 Y133.15 E3974.73153
G0 F9000 X98.05 Y133.15
G0 X98.122 Y133.428
G0 X106.358 Y134.656
G0 X112.657 Y135.656
G0 X113.536 Y135.931
G0 X114.074 Y136.212
G0 X114.646 Y136.661
G0 X115.097 Y137.169
G0 X115.457 Y137.757
G0 X115.716 Y138.428
G0 X116.181 Y141.304
;TYPE:WALL-INNER
G1 F1500 X116.34 Y140.897 E3974.78967
G1 X116.421 Y140.659 E3974.82311
G1 X116.457 Y140.452 E3974.85107
G1 X116.535 Y140.015 E3974.91012
G1 X116.571 Y139.772 E3974.9428
G1 X116.552 Y138.961 E3975.05073
G1 X116.523 Y138.785 E3975.07446
G1 X116.406 Y138.256 E3975.14654
G1 X116.333 Y137.989 E3975.18337
G1 X116.107 Y137.469 E3975.2588
G1 X115.983 Y137.212 E3975.29676
G1 X115.683 Y136.766 E3975.36827
G1 X115.508 Y136.525 E3975.4079
G1 X115.15 Y136.16 E3975.47591
G1 X114.929 Y135.946 E3975.51684
G1 X114.479 Y135.628 E3975.59015
G1 X114.248 Y135.478 E3975.62679
G1 X113.827 Y135.284 E3975.68846
G1 X113.536 Y135.153 E3975.73092
G1 X113.508 Y135.145 E3975.7348
G1 X112.783 Y134.954 E3975.82488
G1 X112.067 Y134.889 E3975.89879
G1 X107.931 Y134.889 E3976.30584
G1 X107.529 Y134.926 E3976.34659
G1 X107.212 Y134.952 E3976.38004
G1 X106.786 Y135.069 E3976.43088
G1 X106.473 Y135.147 E3976.47209
G1 X106.455 Y135.152 E3976.47457
G1 X106.018 Y135.358 E3976.53885
G1 X105.735 Y135.481 E3976.5799
G1 X105.331 Y135.769 E3976.64591
G1 X105.054 Y135.958 E3976.69052
G1 X104.719 Y136.304 E3976.75459
G1 X104.49 Y136.517 E3976.7962
G1 X104.198 Y136.96 E3976.86679
G1 X104.019 Y137.198 E3976.90641
G1 X103.787 Y137.732 E3976.98387
G1 X103.662 Y137.988 E3977.02177
G1 X103.528 Y138.588 E3977.10356
G1 X103.448 Y138.931 E3977.15042
G1 X103.436 Y139.545 E3977.23212
G1 X103.422 Y139.767 E3977.26171
G1 X103.532 Y140.369 E3977.34313
G1 X103.546 Y140.45 E3977.35407
G1 X103.608 Y140.772 E3977.39769
G1 X103.821 Y141.309 E3977.47455
G1 X103.608 Y141.309
G1 X103.546 Y141.309
G1 X103.463 Y141.309 E3977.485
G1 X102.441 Y141.308 E3977.62097
G1 X101.198 Y141.303 E3977.78634
G1 X99.285 Y141.307 E3978.04085
G1 X98.234 Y141.305 E3978.18068
G1 X96.929 Y141.307 E3978.35429
G1 X94.024 Y141.303 E3978.74078
G1 X94.024 Y78.696 E3987.07005
G1 X96.929 Y78.692 E3987.45653
G1 X98.236 Y78.694 E3987.63041
G1 X99.287 Y78.691 E3987.77024
G1 X102.451 Y78.696 E3988.19118
G1 X103.368 Y78.696 E3988.31318
G1 X103.579 Y78.696 E3988.34125
G1 X103.66 Y78.696 E3988.35203
G1 X103.819 Y78.696 E3988.37318
G1 X103.66 Y79.103 E3988.40392
G1 X103.579 Y79.341 E3988.42709
G1 X103.543 Y79.548 E3988.45124
G1 X103.465 Y79.985 E3988.5103
G1 X103.429 Y80.228 E3988.54298
G1 X103.448 Y81.039 E3988.65091
G1 X103.477 Y81.215 E3988.67464
G1 X103.594 Y81.744 E3988.74672
G1 X103.667 Y82.011 E3988.78354
G1 X103.893 Y82.531 E3988.85898
G1 X104.017 Y82.788 E3988.89694
G1 X104.317 Y83.234 E3988.96845
G1 X104.492 Y83.475 E3989.00807
G1 X104.85 Y83.84 E3989.07609
G1 X105.071 Y84.054 E3989.11702
G1 X105.521 Y84.372 E3989.19033
G1 X105.752 Y84.522 E3989.22697
G1 X106.173 Y84.716 E3989.28864
G1 X106.464 Y84.847 E3989.3311
G1 X106.492 Y84.855 E3989.33497
G1 X107.217 Y85.046 E3989.42506
G1 X107.933 Y85.111 E3989.49897
G1 X112.069 Y85.111 E3989.90601
G1 X112.471 Y85.074 E3989.94677
G1 X112.788 Y85.048 E3989.98022
G1 X113.214 Y84.931 E3990.03106
G1 X113.527 Y84.853 E3990.07227
G1 X113.545 Y84.848 E3990.07475
G1 X113.982 Y84.642 E3990.13903
G1 X114.265 Y84.519 E3990.18008
G1 X114.661 Y84.236 E3990.24483
G1 X114.941 Y84.049 E3990.28963
G1 X115.285 Y83.694 E3990.35539
G1 X115.511 Y83.482 E3990.39662
G1 X115.802 Y83.04 E3990.46702
G1 X115.981 Y82.802 E3990.50664
G1 X116.213 Y82.268 E3990.5841
G1 X116.338 Y82.012 E3990.622
G1 X116.472 Y81.412 E3990.70379
G1 X116.552 Y81.068 E3990.75078
G1 X116.563 Y80.454 E3990.83248
G1 X116.578 Y80.236 E3990.86155
G1 X116.468 Y79.628 E3990.94375
G1 X116.453 Y79.542 E3990.95537
G1 X116.392 Y79.228 E3990.99792
G1 X116.179 Y78.691 E3991.07478
G1 X116.392 Y78.691
G1 X116.453 Y78.691
G1 X116.541 Y78.691 E3991.08583
G1 X117.559 Y78.692 E3991.22126
G1 X118.802 Y78.697 E3991.38664
G1 X120.715 Y78.693 E3991.64114
G1 X121.766 Y78.695 E3991.78097
G1 X123.071 Y78.693 E3991.95459
G1 X125.976 Y78.697 E3992.34107
G1 X125.976 Y141.305 E4000.67047
G1 X123.071 Y141.308 E4001.05695
G1 X121.764 Y141.306 E4001.23084
G1 X120.713 Y141.309 E4001.37067
G1 X117.549 Y141.304 E4001.79161
G1 X116.632 Y141.304 E4001.9136
G1 X116.421 Y141.304 E4001.92217
G1 X116.34 Y141.304
G1 X116.181 Y141.304
G1 F1500 E3995.42217
G0 F9000 X114.833 Y142.051
G0 X114.121 Y142.339
G1 F1500 E4001.92217
G0 F9000 X114.194 Y142.306
;TYPE:WALL-OUTER
G1 F1500 X114.206 Y142.299 E4001.92401
G1 X114.71 Y141.811 E4002.01735
G1 X114.766 Y141.751 E4002.02827
G1 X115.177 Y141.125 E4002.1279
G1 X115.401 Y140.553 E4002.20962
G1 X115.45 Y140.409 E4002.22986
G1 X115.548 Y139.856 E4002.30458
G1 X115.569 Y139.711 E4002.32407
G1 X115.554 Y139.054 E4002.4115
G1 X115.541 Y138.975 E4002.42215
G1 X115.435 Y138.497 E4002.48729
G1 X115.387 Y138.322 E4002.51143
G1 X115.197 Y137.885 E4002.57483
G1 X115.113 Y137.71 E4002.60065
G1 X114.863 Y137.339 E4002.66017
G1 X114.742 Y137.172 E4002.68761
G1 X114.445 Y136.869 E4002.74406
G1 X114.289 Y136.718 E4002.77294
G1 X113.918 Y136.456 E4002.83336
G1 X113.764 Y136.356 E4002.85779
G1 X113.413 Y136.194 E4002.90922
G1 X113.201 Y136.099 E4002.94013
G1 X112.609 Y135.942 E4003.02161
G1 X112.022 Y135.889 E4003.10003
G1 X107.977 Y135.889 E4003.63818
G1 X107.622 Y135.922 E4003.68561
G1 X107.386 Y135.941 E4003.71711
G1 X107.029 Y136.039 E4003.76636
G1 X106.793 Y136.098 E4003.79872
G1 X106.437 Y136.266 E4003.8511
G1 X106.231 Y136.356 E4003.881
G1 X105.91 Y136.585 E4003.93346
G1 X105.701 Y136.727 E4003.96708
G1 X105.422 Y137.015 E4004.02043
G1 X105.259 Y137.167 E4004.05008
G1 X105.008 Y137.547 E4004.11067
G1 X104.889 Y137.705 E4004.13698
G1 X104.701 Y138.139 E4004.1999
G1 X104.612 Y138.321 E4004.22686
G1 X104.502 Y138.813 E4004.29393
G1 X104.446 Y139.055 E4004.32698
G1 X104.436 Y139.582 E4004.3971
G1 X104.428 Y139.709 E4004.41403
G1 X104.529 Y140.267 E4004.48947
G1 X104.572 Y140.491 E4004.51982
G1 X104.822 Y141.123 E4004.61024
G1 X105.177 Y141.659 E4004.69577
G1 X105.227 Y141.747 E4004.70924
G1 X105.704 Y142.206 E4004.79731
G1 X105.811 Y142.306 E4004.81679
G1 X103.789 Y142.309 E4005.0858
G1 X102.437 Y142.308 E4005.26567
G1 X101.197 Y142.303 E4005.43064
G1 X99.285 Y142.307 E4005.68502
G1 X98.234 Y142.305 E4005.82484
G1 X96.93 Y142.307 E4005.99833
G1 X93.024 Y142.302 E4006.51798
G1 X93.024 Y77.697 E4015.11307
G1 X96.93 Y77.692 E4015.63272
G1 X98.235 Y77.694 E4015.80634
G1 X99.286 Y77.691 E4015.94617
G1 X102.452 Y77.696 E4016.36738
G1 X103.81 Y77.696 E4016.54805
G1 X105.151 Y77.692 E4016.72645
G1 X105.806 Y77.694 E4016.8136
G1 X105.794 Y77.701 E4016.81544
G1 X105.29 Y78.189 E4016.90878
G1 X105.234 Y78.249 E4016.9197
G1 X104.823 Y78.875 E4017.01933
G1 X104.599 Y79.447 E4017.10105
G1 X104.55 Y79.591 E4017.12129
G1 X104.452 Y80.144 E4017.19601
G1 X104.431 Y80.289 E4017.2155
G1 X104.446 Y80.946 E4017.30293
G1 X104.459 Y81.025 E4017.31358
G1 X104.565 Y81.503 E4017.37872
G1 X104.613 Y81.678 E4017.40286
G1 X104.803 Y82.115 E4017.46626
G1 X104.887 Y82.29 E4017.49208
G1 X105.137 Y82.661 E4017.5516
G1 X105.258 Y82.828 E4017.57904
G1 X105.555 Y83.131 E4017.63548
G1 X105.711 Y83.282 E4017.66437
G1 X106.082 Y83.544 E4017.72479
G1 X106.236 Y83.644 E4017.74922
G1 X106.587 Y83.806 E4017.80065
G1 X106.799 Y83.901 E4017.83156
G1 X107.391 Y84.058 E4017.91304
G1 X107.978 Y84.111 E4017.99146
G1 X112.023 Y84.111 E4018.5296
G1 X112.378 Y84.078 E4018.57704
G1 X112.614 Y84.059 E4018.60854
G1 X112.971 Y83.961 E4018.65779
G1 X113.207 Y83.902 E4018.69015
G1 X113.563 Y83.734 E4018.74252
G1 X113.769 Y83.644 E4018.77243
G1 X114.08 Y83.422 E4018.82327
G1 X114.296 Y83.277 E4018.85788
G1 X114.579 Y82.985 E4018.91198
G1 X114.741 Y82.833 E4018.94153
G1 X114.992 Y82.453 E4019.00212
G1 X115.111 Y82.295 E4019.02844
G1 X115.299 Y81.861 E4019.09136
G1 X115.388 Y81.679 E4019.11831
G1 X115.498 Y81.187 E4019.18539
G1 X115.554 Y80.945 E4019.21843
G1 X115.564 Y80.407 E4019.29002
G1 X115.572 Y80.291 E4019.30549
G1 X115.47 Y79.726 E4019.38187
G1 X115.428 Y79.509 E4019.41128
G1 X115.178 Y78.877 E4019.5017
G1 X114.823 Y78.341 E4019.58723
G1 X114.773 Y78.253 E4019.6007
G1 X114.296 Y77.794 E4019.68877
G1 X114.189 Y77.694 E4019.70825
G1 X116.211 Y77.691 E4019.97726
G1 X117.563 Y77.692 E4020.15713
G1 X118.803 Y77.697 E4020.3221
G1 X120.715 Y77.693 E4020.57648
G1 X121.766 Y77.695 E4020.7163
G1 X123.07 Y77.693 E4020.88979
G1 X126.976 Y77.698 E4021.40944
G1 X126.976 Y142.304 E4030.00466
G1 X123.07 Y142.308 E4030.52432
G1 X121.765 Y142.306 E4030.69793
G1 X120.714 Y142.309 E4030.83776
G1 X117.548 Y142.304 E4031.25897
G1 X116.19 Y142.304 E4031.43964
G1 X114.849 Y142.308 E4031.61805
G1 X114.194 Y142.306 E4031.70519
G1 F1500 E4025.20519
G0 F9000 X114.027 Y142.371
G0 X114.851 Y142.038
G0 X117.488 Y140.894
G1 F1500 E4031.70519
G0 F9000 X117.488 Y140.314
;TYPE:SKIN
G1 F1500 X117.513 Y140.173 E4031.72424
G1 X117.563 Y139.833 E4031.76996
G1 X117.54 Y138.868 E4031.89838
G1 X117.495 Y138.597 E4031.93493
G1 X117.368 Y138.018 E4032.01379
G1 X117.269 Y137.66 E4032.0632
G1 X117.008 Y137.057 E4032.15062
G1 X116.844 Y136.719 E4032.2006
G1 X116.495 Y136.198 E4032.28403
G1 X116.266 Y135.884 E4032.33573
G1 X115.847 Y135.457 E4032.41532
G1 X115.563 Y135.182 E4032.46792
G1 X115.504 Y135.14 E4032.47755
G1 X123.59 Y135.14 E4033.55332
G1 X123.59 Y84.86 E4040.2426
G1 X115.509 Y84.86 E4041.3177
G1 X115.579 Y84.813 E4041.32892
G1 X115.985 Y84.394 E4041.40654
G1 X116.273 Y84.124 E4041.45906
G1 X116.611 Y83.612 E4041.54068
G1 X116.842 Y83.303 E4041.59201
G1 X117.121 Y82.663 E4041.68489
G1 X117.279 Y82.341 E4041.73261
G1 X117.436 Y81.636 E4041.8287
G1 X117.54 Y81.191 E4041.8895
G1 X117.553 Y80.498 E4041.98171
G1 X117.574 Y80.18 E4042.02411
G1 X117.484 Y79.682 E4042.09144
G1 X118.802 Y79.687 E4042.26679
G1 X120.715 Y79.683 E4042.52129
G1 X121.766 Y79.685 E4042.66112
G1 X123.071 Y79.683 E4042.83474
G1 X124.986 Y79.685 E4043.08951
G1 X124.986 Y140.316 E4051.15589
G1 X123.072 Y140.318 E4051.41053
G1 X121.764 Y140.316 E4051.58455
G1 X120.713 Y140.319 E4051.72437
G1 X117.488 Y140.314 E4052.15343
G0 F9000 X117.488 Y140.894
G0 X125.494 Y140.824
G0 X125.566 Y138.458
G0 X124.585 Y138.458
G1 F1500 X123.126 Y139.917 E4052.42794
G0 F9000 X123.126 Y140.898
G0 X121.715 Y140.897
G0 X121.713 Y139.915
G1 F1500 X124.585 Y137.044 E4052.9682
G0 F9000 X125.566 Y137.044
G0 X125.566 Y135.63
G0 X124.585 Y135.63
G1 F1500 X120.297 Y139.918 E4053.77498
G0 F9000 X120.295 Y140.898
G0 X118.883 Y140.896
G0 X118.885 Y139.915
G1 F1500 X123.261 Y135.539 E4054.59832
G0 F9000 X123.04 Y134.59
G0 X123.989 Y134.811
G1 F1500 X124.585 Y134.215 E4054.71045
G0 F9000 X125.566 Y134.215
G0 X125.494 Y140.824
G0 X116.88 Y140.815
G0 X114.476 Y135.065
G0 X113.626 Y134.657
G0 X123.01 Y133.397
G0 X123.989 Y133.397
G1 F1500 X124.585 Y132.801 E4054.82259
G0 F9000 X125.566 Y132.801
G0 X125.494 Y140.824
G0 X116.88 Y140.815
G0 X114.476 Y135.065
G0 X113.626 Y134.657
G0 X121.285 Y134.638
G0 X123.01 Y131.982
G0 X123.989 Y131.982
G1 F1500 X124.585 Y131.387 E4054.93463
G0 F9000 X125.566 Y131.387
G0 X125.494 Y140.824
G0 X116.88 Y140.815
G0 X114.476 Y135.065
G0 X113.626 Y134.657
G0 X122.136 Y134.635
G0 X123.01 Y130.568
G0 X123.989 Y130.568
G1 F1500 X124.585 Y129.973 E4055.04667
G0 F9000 X125.566 Y129.973
G0 X125.494 Y140.824
G0 X116.88 Y140.815
G0 X114.476 Y135.065
G0 X113.626 Y134.657
G0 X122.136 Y134.635
G0 X123.01 Y129.154
G0 X123.989 Y129.154
G1 F1500 X124.585 Y128.559 E4055.15871
G0 F9000 X125.566 Y128.559
G0 X125.494 Y140.824
G0 X116.88 Y140.815
G0 X114.476 Y135.065
G0 X113.626 Y134.657
G0 X122.136 Y134.635
G0 X123.01 Y127.74
G0 X123.989 Y127.74
G1 F1500 X124.585 Y127.144 E4055.27085
G0 F9000 X125.566 Y127.144
G0 X125.494 Y140.824
G0 X116.88 Y140.815
G0 X114.476 Y135.065
G0 X113.626 Y134.657
G0 X122.136 Y134.635
G0 X123.01 Y126.326
G0 X123.989 Y126.326
G1 F1500 X124.585 Y125.73 E4055.38299
G0 F9000 X125.566 Y125.73
G0 X125.494 Y140.824
G0 X116.88 Y140.815
G0 X114.476 Y135.065
G0 X113.626 Y134.657
G0 X122.136 Y134.635
G0 X123.01 Y124.911
G0 X123.989 Y124.911
G1 F1500 X124.585 Y124.316 E4055.49503
G0 F9000 X125.566 Y124.316
G0 X125.494 Y140.824
G0 X116.88 Y140.815
G0 X114.476 Y135.065
G0 X113.626 Y134.657
G0 X122.136 Y134.635
G0 X123.01 Y123.497
G0 X123.989 Y123.497
G1 F1500 X124.585 Y122.902 E4055.60707
G0 F9000 X125.566 Y122.902
G0 X125.494 Y140.824
G0 X116.88 Y140.815
G0 X114.476 Y135.065
G0 X113.626 Y134.657
G0 X122.136 Y134.635
G0 X123.01 Y122.083
G0 X123.989 Y122.083
G1 F1500 X124.585 Y121.488 E4055.71911
G0 F9000 X125.566 Y121.488
G0 X125.494 Y140.824
G0 X116.88 Y140.815
G0 X114.476 Y135.065
G0 X113.626 Y134.657
G0 X122.136 Y134.635
G0 X123.01 Y120.669
G0 X123.989 Y120.669
G1 F1500 X124.585 Y120.073 E4055.83125
G0 F9000 X125.566 Y120.073
G0 X125.494 Y140.824
G0 X116.88 Y140.815
G0 X114.476 Y135.065
G0 X113.626 Y134.657
G0 X122.136 Y134.635
G0 X123.01 Y119.254
G0 X123.989 Y119.254
G1 F1500 X124.585 Y118.659 E4055.94329
G0 F9000 X125.566 Y118.659
G0 X125.494 Y140.824
G0 X116.88 Y140.815
G0 X114.476 Y135.065
G0 X113.626 Y134.657
G0 X122.136 Y134.635
G0 X123.01 Y117.84
G0 X123.989 Y117.84
G1 F1500 X124.585 Y117.245 E4056.05533
G0 F9000 X125.566 Y117.245
G0 X125.494 Y140.824
G0 X116.88 Y140.815
G0 X114.476 Y135.065
G0 X113.626 Y134.657
G0 X122.136 Y134.635
G0 X123.01 Y116.426
G0 X123.989 Y116.426
G1 F1500 X124.585 Y115.831 E4056.16737
G0 F9000 X125.566 Y115.831
G0 X125.494 Y140.824
G0 X116.88 Y140.815
G0 X114.476 Y135.065
G0 X113.626 Y134.657
G0 X122.136 Y134.635
G0 X123.01 Y115.012
G0 X123.989 Y115.012
G1 F1500 X124.585 Y114.416 E4056.27951
G0 F9000 X125.566 Y114.416
G0 X125.494 Y140.824
G0 X116.88 Y140.815
G0 X114.476 Y135.065
G0 X113.626 Y134.657
G0 X122.136 Y134.635
G0 X123.01 Y113.598
G0 X123.989 Y113.598
G1 F1500 X124.585 Y113.002 E4056.39165
G0 F9000 X125.566 Y113.002
G0 X125.494 Y140.824
G0 X116.88 Y140.815
G0 X114.476 Y135.065
G0 X113.626 Y134.657
G0 X122.136 Y134.635
G0 X123.01 Y112.183
G0 X123.989 Y112.183
G1 F1500 X124.585 Y111.588 E4056.50369
G0 F9000 X125.566 Y111.588
G0 X125.494 Y140.824
G0 X116.88 Y140.815
G0 X114.476 Y135.065
G0 X113.626 Y134.657
G0 X122.136 Y134.635
G0 X123.01 Y110.769
G0 X123.989 Y110.769
G1 F1500 X124.585 Y110.174 E4056.61573
G0 F9000 X125.566 Y110.174
G0 X125.494 Y79.178
G0 X116.877 Y79.177
G0 X114.169 Y85.074
G0 X113.642 Y85.344
G0 X122.138 Y85.365
G0 X123.01 Y109.355
G0 X123.989 Y109.355
G1 F1500 X124.585 Y108.76 E4056.72777
G0 F9000 X125.566 Y108.76
G0 X125.494 Y79.178
G0 X116.877 Y79.177
G0 X114.169 Y85.074
G0 X113.642 Y85.344
G0 X122.138 Y85.365
G0 X123.01 Y107.941
G0 X123.989 Y107.941
G1 F1500 X124.585 Y107.345 E4056.83991
G0 F9000 X125.566 Y107.345
G0 X125.494 Y79.178
G0 X116.877 Y79.177
G0 X114.169 Y85.074
G0 X113.642 Y85.344
G0 X122.138 Y85.365
G0 X123.01 Y106.527
G0 X123.989 Y106.527
G1 F1500 X124.585 Y105.931 E4056.95205
G0 F9000 X125.566 Y105.931
G0 X125.494 Y79.178
G0 X116.877 Y79.177
G0 X114.169 Y85.074
G0 X113.642 Y85.344
G0 X122.138 Y85.365
G0 X123.01 Y105.112
G0 X123.989 Y105.112
G1 F1500 X124.585 Y104.517 E4057.06409
G0 F9000 X125.566 Y104.517
G0 X125.494 Y79.178
G0 X116.877 Y79.177
G0 X114.169 Y85.074
G0 X113.642 Y85.344
G0 X122.138 Y85.365
G0 X123.01 Y103.698
G0 X123.989 Y103.698
G1 F1500 X124.585 Y103.103 E4057.17613
G0 F9000 X125.566 Y103.103
G0 X125.494 Y79.178
G0 X116.877 Y79.177
G0 X114.169 Y85.074
G0 X113.642 Y85.344
G0 X122.138 Y85.365
G0 X123.01 Y102.284
G0 X123.989 Y102.284
G1 F1500 X124.585 Y101.689 E4057.28817
G0 F9000 X125.566 Y101.689
G0 X125.494 Y79.178
G0 X116.877 Y79.177
G0 X114.169 Y85.074
G0 X113.642 Y85.344
G0 X122.138 Y85.365
G0 X123.01 Y100.87
G0 X123.989 Y100.87
G1 F1500 X124.585 Y100.274 E4057.40031
G0 F9000 X125.566 Y100.274
G0 X125.494 Y79.178
G0 X116.877 Y79.177
G0 X114.169 Y85.074
G0 X113.642 Y85.344
G0 X122.138 Y85.365
G0 X123.01 Y99.455
G0 X123.989 Y99.455
G1 F1500 X124.585 Y98.86 E4057.51235
G0 F9000 X125.566 Y98.86
G0 X125.494 Y79.178
G0 X116.877 Y79.177
G0 X114.169 Y85.074
G0 X113.642 Y85.344
G0 X122.138 Y85.365
G0 X123.01 Y98.041
G0 X123.989 Y98.041
G1 F1500 X124.585 Y97.446 E4057.62439
G0 F9000 X125.566 Y97.446
G0 X125.494 Y79.178
G0 X116.877 Y79.177
G0 X114.169 Y85.074
G0 X113.642 Y85.344
G0 X122.138 Y85.365
G0 X123.01 Y96.627
G0 X123.989 Y96.627
G1 F1500 X124.585 Y96.032 E4057.73643
G0 F9000 X125.566 Y96.032
G0 X125.494 Y79.178
G0 X116.877 Y79.177
G0 X114.169 Y85.074
G0 X113.642 Y85.344
G0 X122.138 Y85.365
G0 X123.01 Y95.213
G0 X123.989 Y95.213
G1 F1500 X124.585 Y94.617 E4057.84857
G0 F9000 X125.566 Y94.617
G0 X125.494 Y79.178
G0 X116.877 Y79.177
G0 X114.169 Y85.074
G0 X113.642 Y85.344
G0 X122.138 Y85.365
G0 X123.01 Y93.799
G0 X123.989 Y93.799
G1 F1500 X124.585 Y93.203 E4057.96071
G0 F9000 X125.566 Y93.203
G0 X125.494 Y79.178
G0 X116.877 Y79.177
G0 X114.169 Y85.074
G0 X113.642 Y85.344
G0 X122.138 Y85.365
G0 X123.01 Y92.384
G0 X123.989 Y92.384
G1 F1500 X124.585 Y91.789 E4058.07275
G0 F9000 X125.566 Y91.789
G0 X125.494 Y79.178
G0 X116.877 Y79.177
G0 X114.169 Y85.074
G0 X113.642 Y85.344
G0 X122.138 Y85.365
G0 X123.01 Y90.97
G0 X123.989 Y90.97
G1 F1500 X124.585 Y90.375 E4058.18479
G0 F9000 X125.566 Y90.375
G0 X125.494 Y79.178
G0 X116.877 Y79.177
G0 X114.169 Y85.074
G0 X113.642 Y85.344
G0 X122.138 Y85.365
G0 X123.01 Y89.556
G0 X123.989 Y89.556
G1 F1500 X124.585 Y88.961 E4058.29683
G0 F9000 X125.566 Y88.961
G0 X125.494 Y79.178
G0 X116.877 Y79.177
G0 X114.169 Y85.074
G0 X113.642 Y85.344
G0 X121.288 Y85.362
G0 X123.01 Y88.142
G0 X123.989 Y88.142
G1 F1500 X124.585 Y87.546 E4058.40897
G0 F9000 X125.566 Y87.546
G0 X125.494 Y79.178
G0 X116.877 Y79.177
G0 X114.169 Y85.074
G0 X113.642 Y85.344
G0 X123.01 Y86.728
G0 X123.989 Y86.728
G1 F1500 X124.585 Y86.132 E4058.5211
G0 F9000 X125.566 Y86.132
G0 X125.494 Y79.178
G0 X116.877 Y79.177
G0 X114.169 Y85.074
G0 X113.642 Y85.344
G0 X123.04 Y85.41
G0 X123.989 Y85.313
G1 F1500 X124.585 Y84.718 E4058.63315
G0 F9000 X125.566 Y84.718
G0 X125.494 Y79.178
G0 X116.877 Y79.177
G0 X114.169 Y85.074
G0 X113.642 Y85.344
G0 X123.04 Y85.41
G0 X123.429 Y84.46
G1 F1500 X124.585 Y83.304 E4058.85064
G0 F9000 X125.566 Y83.304
G0 X125.566 Y81.89
G0 X124.585 Y81.89
G1 F1500 X122.014 Y84.46 E4059.33428
G0 F9000 X122.014 Y85.44
G0 X120.6 Y85.44
G0 X120.6 Y84.46
G1 F1500 X124.585 Y80.475 E4060.08405
G0 F9000 X125.566 Y80.475
G0 X125.494 Y79.178
G0 X123.566 Y79.104
G0 X123.564 Y80.082
G1 F1500 X119.186 Y84.46 E4060.90776
G0 F9000 X119.186 Y85.44
G0 X117.772 Y85.44
G0 X117.772 Y84.46
G1 F1500 X122.148 Y80.084 E4061.73109
G0 F9000 X122.147 Y79.104
G0 X120.737 Y79.104
G0 X120.735 Y80.082
G1 F1500 X116.862 Y83.955 E4062.45979
G0 F9000 X116.045 Y83.418
G0 X116.917 Y81.313
G0 X117.869 Y81.534
G1 F1500 X119.318 Y80.085 E4062.73241
G1 F1500 E4056.23241
G0 F9000 X119.317 Y79.105
G0 X116.877 Y79.177
G0 X114.169 Y85.074
G0 X113.642 Y85.344
G0 X121.878 Y86.572
G0 X121.878 Y133.428
G0 X119.018 Y134.56
G1 F1500 E4062.73241
G0 F9000 X119.018 Y135.539
G1 F1500 X117.461 Y137.096 E4063.02536
G0 F9000 X116.562 Y137.485
G0 X116.15 Y136.725
G0 X116.965 Y136.178
G1 F1500 X117.604 Y135.539 E4063.14559
G0 F9000 X117.604 Y134.56
G0 X113.626 Y134.657
G0 X116.852 Y138.374
G0 X117.809 Y138.163
G1 F1500 X120.433 Y135.539 E4063.63929
G0 F9000 X120.433 Y134.56
G0 X121.847 Y134.56
G0 X121.847 Y135.539
G1 F1500 X117.953 Y139.432 E4064.37184
G0 F9000 X116.973 Y139.454
G0 X114.887 Y135.427
;TYPE:SKIN
G1 F1500 X115.016 Y135.299 E4064.38393
G0 F9000 X114.466 Y135.142
G1 F1500 X115.059 Y134.549 E4064.43971
G0 F9000 X114.351 Y134.549
G1 F1500 X113.984 Y134.916 E4064.47424
G0 F9000 X113.644 Y134.549
G1 F1500 X113.481 Y134.713 E4064.48962
G1 F1500 E4057.98962
G0 F9000 X117.124 Y133.434
G0 X121.878 Y133.428
G0 X121.878 Y86.572
G0 X113.953 Y85.45
G1 F1500 E4064.48962
G1 X114.713 Y84.69 E4064.56112
G0 F9000 X115.114 Y84.996
G1 F1500 X114.66 Y85.45 E4064.60383
G0 F9000 X104.83 Y84.387
G0 X104.496 Y84.86
;TYPE:SKIN
G1 F1500 X96.41 Y84.86 E4065.67959
G1 X96.41 Y135.14 E4072.36887
G1 X104.497 Y135.14 E4073.44477
G1 X104.412 Y135.198 E4073.45846
G1 X104.023 Y135.6 E4073.53288
G1 X103.729 Y135.873 E4073.58626
G1 X103.396 Y136.378 E4073.66674
G1 X103.158 Y136.697 E4073.71969
G1 X102.881 Y137.331 E4073.81173
G1 X102.721 Y137.659 E4073.86028
G1 X102.564 Y138.363 E4073.95625
G1 X102.46 Y138.808 E4074.01704
G1 X102.446 Y139.509 E4074.11032
G1 X102.426 Y139.825 E4074.15245
G1 X102.516 Y140.318 E4074.21912
G1 X101.198 Y140.313 E4074.39447
G1 X99.285 Y140.317 E4074.64898
G1 X98.234 Y140.315 E4074.7888
G1 X96.929 Y140.317 E4074.96242
G1 X95.014 Y140.315 E4075.2172
G1 X95.014 Y79.684 E4083.28358
G1 X96.929 Y79.682 E4083.53835
G1 X98.236 Y79.684 E4083.71223
G1 X99.287 Y79.681 E4083.85206
G1 X102.512 Y79.686 E4084.28112
G1 X102.487 Y79.827 E4084.30017
G1 X102.437 Y80.167 E4084.34589
G1 X102.46 Y81.132 E4084.47431
G1 X102.505 Y81.403 E4084.51086
G1 X102.632 Y81.982 E4084.58972
G1 X102.731 Y82.34 E4084.63913
G1 X102.992 Y82.943 E4084.72655
G1 X103.156 Y83.281 E4084.77653
G1 X103.505 Y83.802 E4084.85996
G1 X103.734 Y84.116 E4084.91166
G1 X104.153 Y84.543 E4084.99125
G1 X104.437 Y84.818 E4085.04385
G1 X104.496 Y84.86 E4085.05348
G0 F9000 X104.83 Y84.387
G0 X103.12 Y79.185
G0 X94.506 Y79.177
G0 X94.434 Y81.362
G0 X95.414 Y81.362
G1 F1500 X96.694 Y80.081 E4085.29441
G0 F9000 X96.693 Y79.102
G0 X98.109 Y79.104
G0 X98.107 Y80.083
G1 F1500 X95.414 Y82.776 E4085.80109
G0 F9000 X94.434 Y82.776
G0 X94.434 Y84.19
G0 X95.414 Y84.19
G1 F1500 X99.523 Y80.081 E4086.57419
G0 F9000 X99.525 Y79.102
G0 X100.937 Y79.104
G0 X100.935 Y80.083
G1 F1500 X96.559 Y84.459 E4087.39752
G0 F9000 X96.009 Y85.009
G1 F1500 X95.414 Y85.605 E4087.50956
G0 F9000 X94.434 Y85.605
G0 X94.506 Y79.177
G0 X103.12 Y79.185
G0 X105.978 Y85.144
G0 X106.374 Y85.343
G0 X96.99 Y86.424
G0 X96.009 Y86.424
G1 F1500 X95.414 Y87.019 E4087.62151
G0 F9000 X94.434 Y87.019
G0 X94.506 Y79.177
G0 X103.12 Y79.185
G0 X105.978 Y85.144
G0 X106.374 Y85.343
G0 X98.715 Y85.362
G0 X96.99 Y87.838
G0 X96.009 Y87.838
G1 F1500 X95.414 Y88.433 E4087.73346
G0 F9000 X94.434 Y88.433
G0 X94.506 Y79.177
G0 X103.12 Y79.185
G0 X105.978 Y85.144
G0 X106.374 Y85.343
G0 X97.864 Y85.365
G0 X96.99 Y89.252
G0 X96.009 Y89.252
G1 F1500 X95.414 Y89.847 E4087.84541
G0 F9000 X94.434 Y89.847
G0 X94.506 Y79.177
G0 X103.12 Y79.185
G0 X105.978 Y85.144
G0 X106.374 Y85.343
G0 X97.864 Y85.365
G0 X96.99 Y90.666
G0 X96.009 Y90.666
G1 F1500 X95.414 Y91.262 E4087.95745
G0 F9000 X94.434 Y91.262
G0 X94.506 Y79.177
G0 X103.12 Y79.185
G0 X105.978 Y85.144
G0 X106.374 Y85.343
G0 X97.864 Y85.365
G0 X96.99 Y92.08
G0 X96.009 Y92.08
G1 F1500 X95.414 Y92.676 E4088.06949
G0 F9000 X94.434 Y92.676
G0 X94.506 Y79.177
G0 X103.12 Y79.185
G0 X105.978 Y85.144
G0 X106.374 Y85.343
G0 X97.864 Y85.365
G0 X96.99 Y93.495
G0 X96.009 Y93.495
G1 F1500 X95.414 Y94.09 E4088.18144
G0 F9000 X94.434 Y94.09
G0 X94.506 Y79.177
G0 X103.12 Y79.185
G0 X105.978 Y85.144
G0 X106.374 Y85.343
G0 X97.864 Y85.365
G0 X96.99 Y94.909
G0 X96.009 Y94.909
G1 F1500 X95.414 Y95.504 E4088.29339
G0 F9000 X94.434 Y95.504
G0 X94.506 Y79.177
G0 X103.12 Y79.185
G0 X105.978 Y85.144
G0 X106.374 Y85.343
G0 X97.864 Y85.365
G0 X96.99 Y96.323
G0 X96.009 Y96.323
G1 F1500 X95.414 Y96.918 E4088.40533
G0 F9000 X94.434 Y96.918
G0 X94.506 Y79.177
G0 X103.12 Y79.185
G0 X105.978 Y85.144
G0 X106.374 Y85.343
G0 X97.864 Y85.365
G0 X96.99 Y97.737
G0 X96.009 Y97.737
G1 F1500 X95.414 Y98.333 E4088.51738
G0 F9000 X94.434 Y98.333
G0 X94.506 Y79.177
G0 X103.12 Y79.185
G0 X105.978 Y85.144
G0 X106.374 Y85.343
G0 X97.864 Y85.365
G0 X96.99 Y99.151
G0 X96.009 Y99.151
G1 F1500 X95.414 Y99.747 E4088.62942
G0 F9000 X94.434 Y99.747
G0 X94.506 Y79.177
G0 X103.12 Y79.185
G0 X105.978 Y85.144
G0 X106.374 Y85.343
G0 X97.864 Y85.365
G0 X96.99 Y100.566
G0 X96.009 Y100.566
G1 F1500 X95.414 Y101.161 E4088.74137
G0 F9000 X94.434 Y101.161
G0 X94.506 Y79.177
G0 X103.12 Y79.185
G0 X105.978 Y85.144
G0 X106.374 Y85.343
G0 X97.864 Y85.365
G0 X96.99 Y101.98
G0 X96.009 Y101.98
G1 F1500 X95.414 Y102.575 E4088.85331
G0 F9000 X94.434 Y102.575
G0 X94.506 Y79.177
G0 X103.12 Y79.185
G0 X105.978 Y85.144
G0 X106.374 Y85.343
G0 X97.864 Y85.365
G0 X96.99 Y103.394
G0 X96.009 Y103.394
G1 F1500 X95.414 Y103.989 E4088.96526
G0 F9000 X94.434 Y103.989
G0 X94.506 Y79.177
G0 X103.12 Y79.185
G0 X105.978 Y85.144
G0 X106.374 Y85.343
G0 X97.864 Y85.365
G0 X96.99 Y104.808
G0 X96.009 Y104.808
G1 F1500 X95.414 Y105.404 E4089.0773
G0 F9000 X94.434 Y105.404
G0 X94.506 Y79.177
G0 X103.12 Y79.185
G0 X105.978 Y85.144
G0 X106.374 Y85.343
G0 X97.864 Y85.365
G0 X96.99 Y106.222
G0 X96.009 Y106.222
G1 F1500 X95.414 Y106.818 E4089.18935
G0 F9000 X94.434 Y106.818
G0 X94.506 Y79.177
G0 X103.12 Y79.185
G0 X105.978 Y85.144
G0 X106.374 Y85.343
G0 X97.864 Y85.365
G0 X96.99 Y107.637
G0 X96.009 Y107.637
G1 F1500 X95.414 Y108.232 E4089.30129
G0 F9000 X94.434 Y108.232
G0 X94.506 Y79.177
G0 X103.12 Y79.185
G0 X105.978 Y85.144
G0 X106.374 Y85.343
G0 X97.864 Y85.365
G0 X96.99 Y109.051
G0 X96.009 Y109.051
G1 F1500 X95.414 Y109.646 E4089.41324
G0 F9000 X94.434 Y109.646
G0 X94.506 Y140.822
G0 X103.124 Y140.823
G0 X105.831 Y134.926
G0 X106.358 Y134.656
G0 X97.862 Y134.635
G0 X96.99 Y110.465
G0 X96.009 Y110.465
G1 F1500 X95.414 Y111.061 E4089.52528
G0 F9000 X94.434 Y111.061
G0 X94.506 Y140.822
G0 X103.124 Y140.823
G0 X105.831 Y134.926
G0 X106.358 Y134.656
G0 X97.862 Y134.635
G0 X96.99 Y111.879
G0 X96.009 Y111.879
G1 F1500 X95.414 Y112.475 E4089.63733
G0 F9000 X94.434 Y112.475
G0 X94.506 Y140.822
G0 X103.124 Y140.823
G0 X105.831 Y134.926
G0 X106.358 Y134.656
G0 X97.862 Y134.635
G0 X96.99 Y113.294
G0 X96.009 Y113.294
G1 F1500 X95.414 Y113.889 E4089.74927
G0 F9000 X94.434 Y113.889
G0 X94.506 Y140.822
G0 X103.124 Y140.823
G0 X105.831 Y134.926
G0 X106.358 Y134.656
G0 X97.862 Y134.635
G0 X96.99 Y114.708
G0 X96.009 Y114.708
G1 F1500 X95.414 Y115.303 E4089.86122
G0 F9000 X94.434 Y115.303
G0 X94.506 Y140.822
G0 X103.124 Y140.823
G0 X105.831 Y134.926
G0 X106.358 Y134.656
G0 X97.862 Y134.635
G0 X96.99 Y116.122
G0 X96.009 Y116.122
G1 F1500 X95.414 Y116.717 E4089.97317
G0 F9000 X94.434 Y116.717
G0 X94.506 Y140.822
G0 X103.124 Y140.823
G0 X105.831 Y134.926
G0 X106.358 Y134.656
G0 X97.862 Y134.635
G0 X96.99 Y117.536
G0 X96.009 Y117.536
G1 F1500 X95.414 Y118.132 E4090.08521
G0 F9000 X94.434 Y118.132
G0 X94.506 Y140.822
G0 X103.124 Y140.823
G0 X105.831 Y134.926
G0 X106.358 Y134.656
G0 X97.862 Y134.635
G0 X96.99 Y118.95
G0 X96.009 Y118.95
G1 F1500 X95.414 Y119.546 E4090.19725
G0 F9000 X94.434 Y119.546
G0 X94.506 Y140.822
G0 X103.124 Y140.823
G0 X105.831 Y134.926
G0 X106.358 Y134.656
G0 X97.862 Y134.635
G0 X96.99 Y120.365
G0 X96.009 Y120.365
G1 F1500 X95.414 Y120.96 E4090.3092
G0 F9000 X94.434 Y120.96
G0 X94.506 Y140.822
G0 X103.124 Y140.823
G0 X105.831 Y134.926
G0 X106.358 Y134.656
G0 X97.862 Y134.635
G0 X96.99 Y121.779
G0 X96.009 Y121.779
G1 F1500 X95.414 Y122.374 E4090.42115
G0 F9000 X94.434 Y122.374
G0 X94.506 Y140.822
G0 X103.124 Y140.823
G0 X105.831 Y134.926
G0 X106.358 Y134.656
G0 X97.862 Y134.635
G0 X96.99 Y123.193
G0 X96.009 Y123.193
G1 F1500 X95.414 Y123.788 E4090.5331
G0 F9000 X94.434 Y123.788
G0 X94.506 Y140.822
G0 X103.124 Y140.823
G0 X105.831 Y134.926
G0 X106.358 Y134.656
G0 X97.862 Y134.635
G0 X96.99 Y124.607
G0 X96.009 Y124.607
G1 F1500 X95.414 Y125.203 E4090.64514
G0 F9000 X94.434 Y125.203
G0 X94.506 Y140.822
G0 X103.124 Y140.823
G0 X105.831 Y134.926
G0 X106.358 Y134.656
G0 X97.862 Y134.635
G0 X96.99 Y126.021
G0 X96.009 Y126.021
G1 F1500 X95.414 Y126.617 E4090.75718
G0 F9000 X94.434 Y126.617
G0 X94.506 Y140.822
G0 X103.124 Y140.823
G0 X105.831 Y134.926
G0 X106.358 Y134.656
G0 X97.862 Y134.635
G0 X96.99 Y127.436
G0 X96.009 Y127.436
G1 F1500 X95.414 Y128.031 E4090.86913
G0 F9000 X94.434 Y128.031
G0 X94.506 Y140.822
G0 X103.124 Y140.823
G0 X105.831 Y134.926
G0 X106.358 Y134.656
G0 X97.862 Y134.635
G0 X96.99 Y128.85
G0 X96.009 Y128.85
G1 F1500 X95.414 Y129.445 E4090.98108
G0 F9000 X94.434 Y129.445
G0 X94.506 Y140.822
G0 X103.124 Y140.823
G0 X105.831 Y134.926
G0 X106.358 Y134.656
G0 X97.862 Y134.635
G0 X96.99 Y130.264
G0 X96.009 Y130.264
G1 F1500 X95.414 Y130.86 E4091.09312
G0 F9000 X94.434 Y130.86
G0 X94.506 Y140.822
G0 X103.124 Y140.823
G0 X105.831 Y134.926
G0 X106.358 Y134.656
G0 X98.712 Y134.638
G0 X96.99 Y131.678
G0 X96.009 Y131.678
G1 F1500 X95.414 Y132.274 E4091.20516
G0 F9000 X94.434 Y132.274
G0 X94.506 Y140.822
G0 X103.124 Y140.823
G0 X105.831 Y134.926
G0 X106.358 Y134.656
G0 X101.006 Y134.644
G0 X96.99 Y133.093
G0 X96.009 Y133.093
G1 F1500 X95.414 Y133.688 E4091.31711
G0 F9000 X94.434 Y133.688
G0 X94.506 Y140.822
G0 X103.124 Y140.823
G0 X105.831 Y134.926
G0 X106.358 Y134.656
G0 X96.99 Y134.507
G0 X96.009 Y134.507
G1 F1500 X95.414 Y135.102 E4091.42906
G0 F9000 X94.434 Y135.102
G0 X94.506 Y140.822
G0 X103.124 Y140.823
G0 X105.831 Y134.926
G0 X106.358 Y134.656
G0 X96.96 Y134.59
G0 X96.392 Y135.538
G1 F1500 X95.414 Y136.516 E4091.61307
G0 F9000 X94.434 Y136.516
G0 X94.434 Y137.931
G0 X95.414 Y137.931
G1 F1500 X97.806 Y135.538 E4092.06321
G0 F9000 X97.806 Y134.56
G0 X99.22 Y134.56
G0 X99.22 Y135.538
G1 F1500 X95.414 Y139.345 E4092.77939
G0 F9000 X94.434 Y139.345
G0 X94.506 Y140.822
G0 X96.255 Y140.896
G0 X96.257 Y139.916
G1 F1500 X100.634 Y135.538 E4093.60301
G0 F9000 X100.634 Y134.56
G0 X102.048 Y134.56
G0 X102.048 Y135.538
G1 F1500 X97.672 Y139.915 E4094.42644
G0 F9000 X97.673 Y140.896
G0 X99.083 Y140.896
G0 X99.085 Y139.916
G1 F1500 X103.384 Y135.617 E4095.23529
G0 F9000 X104.174 Y136.249
G0 X103.138 Y138.446
G0 X102.182 Y138.233
G1 F1500 X100.501 Y139.914 E4095.55156
G1 F1500 E4089.05156
G0 F9000 X100.502 Y140.895
G0 X103.124 Y140.823
G0 X105.831 Y134.926
G0 X106.358 Y134.656
G0 X98.122 Y133.428
G0 X98.122 Y86.572
G0 X100.802 Y85.44
G1 F1500 E4095.55156
G0 F9000 X100.802 Y84.459
G1 F1500 X102.483 Y82.778 E4095.86784
G0 F9000 X103.383 Y82.389
G0 X103.777 Y83.166
G0 X102.962 Y83.713
G1 F1500 X102.216 Y84.459 E4096.0082
G0 F9000 X102.216 Y85.44
G0 X106.374 Y85.343
G0 X103.115 Y81.477
G0 X102.157 Y81.689
G1 F1500 X99.388 Y84.459 E4096.52927
G0 F9000 X99.388 Y85.44
G0 X97.973 Y85.44
G0 X97.973 Y84.459
G1 F1500 X102.041 Y80.392 E4097.29456
G0 F9000 X103.023 Y80.37
G0 X105.424 Y84.787
;TYPE:SKIN
G1 F1500 X104.762 Y85.449 E4097.35684
G0 F9000 X105.469 Y85.449
G1 F1500 X105.892 Y85.026 E4097.39663
G0 F9000 X106.176 Y85.449
G1 F1500 X106.386 Y85.239 E4097.41639
G1 F1500 E4090.91639
G0 F9000 X106.371 Y86.559
G0 X98.122 Y86.572
G0 X98.122 Y133.428
G0 X105.867 Y134.548
G1 F1500 E4097.41639
G1 X105.013 Y135.403 E4097.49677
G0 F9000 X104.846 Y134.862
G1 F1500 X105.16 Y134.548 E4097.52631
G0 F9000 X106.358 Y134.656
G0 X106.36 Y134.762
G1 F1500 X106.498 Y134.625 E4097.53925
G0 F9000 X104.395 Y137.998
G0 X104.158 Y139.018
G0 X104.138 Y139.724
G0 X104.225 Y140.203
G0 X104.573 Y141.499
G1 F1500 X104.397 Y141.675 E4097.55581
G1 F1500 E4091.05581
G0 F9000 X104.147 Y139.572
G0 X104.22 Y138.747
G0 X104.395 Y137.998
G0 X106.358 Y134.656
G0 X98.122 Y133.428
G0 X98.122 Y86.572
G0 X114.197 Y85.066
G0 X115.605 Y82.002
G0 X115.842 Y80.982
G0 X115.863 Y80.276
G0 X115.737 Y79.59
G0 X115.354 Y78.392
G1 F1500 E4097.55581
G1 X115.551 Y78.195 E4097.57434
G0 F9000 X116.412 Y78.601
G1 F1500 E4091.07434
;MESH:NONMESH
G0 F300 X116.412 Y78.601 Z7.36
G0 F9000 X115.605 Y82.002
G0 X113.642 Y85.344
G0 X98.122 Y86.572
G0 X97.4 Y134.15
;TIME_ELAPSED:1857.927383
;LAYER:22
;TYPE:WALL-INNER
;MESH:placchetta pulsante plana o comune.stl
G1 F1500 E4097.57434
G1 X105.761 Y134.15 E4098.68669
G1 X106.345 Y134.15 E4098.76439
G1 X106.583 Y134.15 E4098.79605
G1 X107.153 Y134.15 E4098.87188
G1 X107.399 Y134.15 E4098.90461
G1 X107.931 Y134.15 E4098.97539
G1 X112.069 Y134.15 E4099.52591
G1 X112.846 Y134.15 E4099.62928
G1 X113.665 Y134.15 E4099.73824
G1 X114.238 Y134.15 E4099.81448
G1 X122.6 Y134.15 E4100.92696
G1 X122.6 Y85.85 E4107.35282
G1 X114.239 Y85.85 E4108.46517
G1 X113.655 Y85.85 E4108.54287
G1 X113.41 Y85.85 E4108.57546
G1 X112.855 Y85.85 E4108.6493
G1 X112.067 Y85.85 E4108.75413
G1 X107.931 Y85.85 E4109.30439
G1 X107.154 Y85.85 E4109.40776
G1 X106.335 Y85.85 E4109.51672
G1 X105.762 Y85.85 E4109.59295
G1 X97.4 Y85.85 E4110.70544
G1 X97.4 Y134.15 E4117.1313
G0 F9000 X97.8 Y133.15
G0 X98.4 Y133.15
;TYPE:WALL-OUTER
G1 F1500 X121.6 Y133.15 E4120.21784
G1 X121.6 Y86.85 E4126.37762
G1 X98.4 Y86.85 E4129.46416
G1 X98.4 Y133.15 E4135.62393
G0 F9000 X97.8 Y133.15
G0 X97.872 Y133.678
G0 X105.671 Y134.652
G0 X103.185 Y138.686
;TYPE:WALL-INNER
G1 F1500 X95.97 Y138.688 E4136.58382
G1 X95.471 Y138.688 E4136.65021
G1 X95.471 Y138.189 E4136.69315
G1 X95.471 Y81.811 E4144.19371
G1 X95.471 Y81.312 E4144.26009
G1 X95.97 Y81.312 E4144.30303
G1 X103.181 Y81.313 E4145.26239
G1 X103.341 Y82.021 E4145.35896
G1 X103.635 Y82.695 E4145.45678
G1 X103.724 Y82.881 E4145.48422
G1 X104.098 Y83.44 E4145.5737
G1 X104.227 Y83.62 E4145.60316
G1 X104.679 Y84.084 E4145.68934
G1 X104.85 Y84.25 E4145.72104
G1 X105.393 Y84.632 E4145.80937
G1 X105.576 Y84.752 E4145.83849
G1 X105.815 Y84.863 E4145.87354
G1 X106.335 Y85.104 E4145.94037
G1 X107.154 Y85.323 E4146.01324
G1 X107.931 Y85.394 E4146.06448
G1 X112.067 Y85.394 E4146.31565
G1 X112.855 Y85.323 E4146.36761
G1 X113.41 Y85.17 E4146.41467
G1 X113.655 Y85.113 E4146.43857
G1 X114.183 Y84.864 E4146.50629
G1 X114.216 Y84.848 E4146.51117
G1 X114.435 Y84.753 E4146.54293
G1 X114.929 Y84.4 E4146.62371
G1 X115.14 Y84.266 E4146.65696
G1 X115.599 Y83.793 E4146.74465
G1 X115.767 Y83.636 E4146.77524
G1 X116.144 Y83.07 E4146.86571
G1 X116.269 Y82.906 E4146.89315
G1 X116.56 Y82.239 E4146.98996
G1 X116.648 Y82.068 E4147.01555
G1 X116.815 Y81.314 E4147.11829
G1 X124.03 Y81.312 E4148.07818
G1 X124.529 Y81.312 E4148.14457
G1 X124.529 Y81.811 E4148.18751
G1 X124.529 Y138.189 E4155.68807
G1 X124.529 Y138.688 E4155.75445
G1 X124.03 Y138.688 E4155.79739
G1 X116.819 Y138.687 E4156.75675
G1 X116.659 Y137.979 E4156.85332
G1 X116.365 Y137.305 E4156.95115
G1 X116.276 Y137.119 E4156.97858
G1 X115.902 Y136.56 E4157.06806
G1 X115.773 Y136.38 E4157.09752
G1 X115.321 Y135.916 E4157.1837
G1 X115.15 Y135.75 E4157.2154
G1 X114.607 Y135.368 E4157.30373
G1 X114.424 Y135.248 E4157.33285
G1 X114.185 Y135.137 E4157.3679
G1 X113.665 Y134.896 E4157.43473
G1 X112.846 Y134.677 E4157.5076
G1 X112.069 Y134.606 E4157.55884
G92 E0
G1 X107.931 Y134.606 E0.25129
G1 X107.399 Y134.655 E0.28558
G1 X107.153 Y134.675 E0.30059
G1 X106.583 Y134.831 E0.34884
G1 X106.345 Y134.887 E0.3721
G1 X105.817 Y135.136 E0.43981
G1 X105.784 Y135.152 E0.44469
G1 X105.565 Y135.247 E0.47645
G1 X105.071 Y135.6 E0.55723
G1 X104.86 Y135.734 E0.59048
G1 X104.401 Y136.207 E0.67817
G1 X104.233 Y136.364 E0.70876
G1 X103.856 Y136.93 E0.79924
G1 X103.731 Y137.094 E0.82667
G1 X103.438 Y137.766 E0.9242
G1 X103.352 Y137.935 E0.94943
G1 X103.185 Y138.686 E1.05178
G0 F9000 X103.555 Y139.116
G0 X104.115 Y139.688
;TYPE:WALL-OUTER
G1 F1500 X103.067 Y139.686 E1.19121
G1 X94.471 Y139.688 E2.33483
G1 X94.471 Y80.312 E10.23424
G1 X103.067 Y80.313 E11.37786
G1 X104.115 Y80.311 E11.51729
G1 X104.129 Y80.97 E11.60498
G1 X104.296 Y81.708 E11.70565
G1 X104.545 Y82.28 E11.78864
G1 X104.595 Y82.385 E11.80411
G1 X104.92 Y82.87 E11.88179
G1 X104.996 Y82.976 E11.89914
G1 X105.386 Y83.377 E11.97356
G1 X105.49 Y83.478 E11.99285
G1 X105.955 Y83.805 E12.06847
G1 X106.063 Y83.876 E12.08567
G1 X106.677 Y84.16 E12.17567
G1 X107.33 Y84.335 E12.26561
G1 X107.977 Y84.394 E12.35205
G1 X112.022 Y84.394 E12.8902
G1 X112.677 Y84.335 E12.97769
G1 X113.166 Y84.201 E13.04515
G1 X113.323 Y84.164 E13.06661
G1 X113.788 Y83.944 E13.13504
G1 X113.94 Y83.878 E13.15709
G1 X114.375 Y83.568 E13.22815
G1 X114.504 Y83.486 E13.24849
G1 X114.895 Y83.082 E13.32329
G1 X114.999 Y82.985 E13.34221
G1 X115.326 Y82.493 E13.4208
G1 X115.401 Y82.395 E13.43722
G1 X115.659 Y81.802 E13.52326
G1 X115.7 Y81.723 E13.5351
G1 X115.849 Y81.054 E13.62629
G1 X115.872 Y80.97 E13.63787
G1 X115.885 Y80.312 E13.72543
G1 X116.933 Y80.314 E13.86486
G1 X125.529 Y80.312 E15.00847
G1 X125.529 Y139.688 E22.90789
G1 X116.933 Y139.687 E24.0515
G1 X115.885 Y139.689 E24.19093
G1 X115.871 Y139.03 E24.27862
G1 X115.704 Y138.292 E24.37929
G1 X115.455 Y137.72 E24.46229
G1 X115.405 Y137.615 E24.47776
G1 X115.08 Y137.13 E24.55543
G1 X115.004 Y137.024 E24.57278
G1 X114.614 Y136.623 E24.6472
G1 X114.51 Y136.522 E24.66649
G1 X114.045 Y136.195 E24.74212
G1 X113.937 Y136.124 E24.75932
G1 X113.323 Y135.84 E24.84932
G1 X112.67 Y135.665 E24.93926
G1 X112.023 Y135.606 E25.02569
G1 X107.977 Y135.606 E25.56398
G1 X107.491 Y135.651 E25.62891
G1 X107.326 Y135.664 E25.65093
G1 X106.834 Y135.799 E25.7188
G1 X106.677 Y135.836 E25.74026
G1 X106.212 Y136.056 E25.8087
G1 X106.06 Y136.122 E25.83075
G1 X105.625 Y136.432 E25.90181
G1 X105.496 Y136.514 E25.92215
G1 X105.105 Y136.918 E25.99695
G1 X105.001 Y137.015 E26.01587
G1 X104.674 Y137.507 E26.09446
G1 X104.599 Y137.605 E26.11088
G1 X104.343 Y138.193 E26.1962
G1 X104.3 Y138.277 E26.20876
G1 X104.153 Y138.938 E26.29884
G1 X104.128 Y139.03 E26.31153
G1 X104.115 Y139.688 E26.39909
G0 F9000 X103.555 Y139.116
G0 X102.956 Y137.821
G0 X102.391 Y137.696
;TYPE:SKIN
G1 F1500 X96.461 Y137.698 E27.18802
G1 X96.461 Y135.14 E27.52833
G1 X104.057 Y135.14 E28.53891
G1 X103.697 Y135.511 E28.60769
G1 X103.473 Y135.718 E28.64826
G1 X103.051 Y136.353 E28.7497
G1 X102.871 Y136.589 E28.78919
G1 X102.547 Y137.334 E28.89727
G1 X102.413 Y137.599 E28.93678
G1 X102.391 Y137.696 E28.95001
G1 F1500 E22.45001
G0 F9000 X102.956 Y137.821
G0 X105.671 Y134.652
G0 X97.872 Y133.678
G0 X97.872 Y86.322
G0 X104.057 Y85.44
G1 F1500 E28.95001
G0 F9000 X104.057 Y84.86
G1 F1500 X96.461 Y84.86 E29.96058
G1 X96.461 Y82.302 E30.3009
G1 X102.39 Y82.303 E31.0897
G1 X102.396 Y82.331 E31.09351
G1 X102.734 Y83.106 E31.20599
G1 X102.861 Y83.372 E31.24521
G1 X103.284 Y84.004 E31.34639
G1 X103.466 Y84.258 E31.38796
G1 X103.98 Y84.785 E31.4859
G1 X104.057 Y84.86 E31.5002
G0 F9000 X104.057 Y85.44
G0 X105.671 Y85.348
G0 X102.797 Y81.792
G0 X101.088 Y81.723
G0 X101.087 Y82.703
G1 F1500 X102.844 Y84.459 E31.83068
G0 F9000 X102.844 Y85.44
G0 X101.43 Y85.44
G0 X101.43 Y84.459
G1 F1500 X99.673 Y82.703 E32.16116
G0 F9000 X99.674 Y81.723
G0 X98.26 Y81.723
G0 X98.259 Y82.703
G1 F1500 X100.016 Y84.459 E32.49164
G0 F9000 X100.016 Y85.44
G0 X98.601 Y85.44
G0 X98.601 Y84.459
G1 F1500 X96.86 Y82.718 E32.81921
G0 F9000 X95.881 Y82.718
G0 X95.881 Y84.132
G0 X96.86 Y84.132
G1 F1500 X97.187 Y84.459 E32.88073
G1 F1500 E26.38073
G0 F9000 X97.187 Y85.44
G0 X97.355 Y134.56
G1 F1500 E32.88073
G0 F9000 X97.355 Y135.539
G1 F1500 X99.112 Y137.296 E33.21131
G0 F9000 X99.112 Y138.278
G0 X100.525 Y138.277
G0 X100.525 Y137.295
G1 F1500 X98.77 Y135.539 E33.5416
G0 F9000 X98.77 Y134.56
G0 X100.184 Y134.56
G0 X100.184 Y135.539
G1 F1500 X101.94 Y137.295 E33.87199
G0 F9000 X101.94 Y138.277
G0 X102.801 Y138.207
G0 X103.374 Y136.884
G0 X102.499 Y136.44
G1 F1500 X101.598 Y135.539 E34.04151
G0 F9000 X101.598 Y134.56
G0 X105.671 Y134.652
G0 X102.801 Y138.207
G0 X97.698 Y138.278
G0 X97.698 Y137.296
G1 F1500 X96.86 Y136.458 E34.19918
G0 F9000 X95.881 Y136.458
G0 X95.953 Y138.206
G0 X102.801 Y138.207
G0 X105.671 Y134.652
G0 X96.96 Y134.59
G0 X96.539 Y134.723
;TYPE:SKIN
G1 F1500 X95.87 Y134.054 E34.26211
G0 F9000 X95.87 Y133.346
G1 F1500 X97 Y134.476 E34.36842
G0 F9000 X97 Y133.769
G1 F1500 X95.87 Y132.639 E34.47472
G0 F9000 X95.87 Y131.932
G1 F1500 X97 Y133.062 E34.58102
G0 F9000 X97 Y132.355
G1 F1500 X95.87 Y131.225 E34.68733
G0 F9000 X95.87 Y130.518
G1 F1500 X97 Y131.648 E34.79363
G0 F9000 X97 Y130.941
G1 F1500 X95.87 Y129.811 E34.89993
G0 F9000 X95.87 Y129.104
G1 F1500 X97 Y130.234 E35.00624
G0 F9000 X97 Y129.527
G1 F1500 X95.87 Y128.397 E35.11254
G0 F9000 X95.87 Y127.69
G1 F1500 X97 Y128.82 E35.21884
G0 F9000 X97 Y128.112
G1 F1500 X95.87 Y126.982 E35.32515
G0 F9000 X95.87 Y126.275
G1 F1500 X97 Y127.405 E35.43145
G0 F9000 X97 Y126.698
G1 F1500 X95.87 Y125.568 E35.53775
G0 F9000 X95.87 Y124.861
G1 F1500 X97 Y125.991 E35.64406
G0 F9000 X97 Y125.284
G1 F1500 X95.87 Y124.154 E35.75036
G0 F9000 X95.87 Y123.447
G1 F1500 X97 Y124.577 E35.85666
G0 F9000 X97 Y123.87
G1 F1500 X95.87 Y122.74 E35.96297
G0 F9000 X95.87 Y122.033
G1 F1500 X97 Y123.163 E36.06927
G0 F9000 X97 Y122.456
G1 F1500 X95.87 Y121.326 E36.17557
G0 F9000 X95.87 Y120.618
G1 F1500 X97 Y121.748 E36.28188
G0 F9000 X97 Y121.041
G1 F1500 X95.87 Y119.911 E36.38818
G0 F9000 X95.87 Y119.204
G1 F1500 X97 Y120.334 E36.49448
G0 F9000 X97 Y119.627
G1 F1500 X95.87 Y118.497 E36.60079
G0 F9000 X95.87 Y117.79
G1 F1500 X97 Y118.92 E36.70709
G0 F9000 X97 Y118.213
G1 F1500 X95.87 Y117.083 E36.8134
G0 F9000 X95.87 Y116.376
G1 F1500 X97 Y117.506 E36.9197
G0 F9000 X97 Y116.799
G1 F1500 X95.87 Y115.669 E37.026
G0 F9000 X95.87 Y114.962
G1 F1500 X97 Y116.092 E37.13231
G0 F9000 X97 Y115.384
G1 F1500 X95.87 Y114.255 E37.23856
G0 F9000 X95.87 Y113.547
G1 F1500 X97 Y114.677 E37.34487
G0 F9000 X97 Y113.97
G1 F1500 X95.87 Y112.84 E37.45117
G0 F9000 X95.87 Y112.133
G1 F1500 X97 Y113.263 E37.55747
G0 F9000 X97 Y112.556
G1 F1500 X95.87 Y111.426 E37.66378
G0 F9000 X95.87 Y110.719
G1 F1500 X97 Y111.849 E37.77008
G0 F9000 X97 Y111.142
G1 F1500 X95.87 Y110.012 E37.87638
G0 F9000 X95.87 Y109.305
G1 F1500 X97 Y110.435 E37.98269
G0 F9000 X96.999 Y109.727
G1 F1500 X95.87 Y108.598 E38.0889
G0 F9000 X95.87 Y107.891
G1 F1500 X96.999 Y109.02 E38.1951
G0 F9000 X96.999 Y108.313
G1 F1500 X95.87 Y107.183 E38.30136
G0 F9000 X95.87 Y106.476
G1 F1500 X96.999 Y107.606 E38.40762
G0 F9000 X96.999 Y106.898
G1 F1500 X95.87 Y105.769 E38.51383
G0 F9000 X95.87 Y105.062
G1 F1500 X96.999 Y106.191 E38.62004
G0 F9000 X96.999 Y105.484
G1 F1500 X95.87 Y104.355 E38.72625
G0 F9000 X95.87 Y103.648
G1 F1500 X96.999 Y104.777 E38.83246
G0 F9000 X96.999 Y104.07
G1 F1500 X95.87 Y102.941 E38.93866
G0 F9000 X95.87 Y102.234
G1 F1500 X96.999 Y103.363 E39.04487
G0 F9000 X96.999 Y102.656
G1 F1500 X95.87 Y101.527 E39.15108
G0 F9000 X95.87 Y100.819
G1 F1500 X96.999 Y101.949 E39.25734
G0 F9000 X96.999 Y101.242
G1 F1500 X95.87 Y100.112 E39.3636
G0 F9000 X95.87 Y99.405
G1 F1500 X96.999 Y100.535 E39.46985
G0 F9000 X96.999 Y99.827
G1 F1500 X95.87 Y98.698 E39.57606
G0 F9000 X95.87 Y97.991
G1 F1500 X96.999 Y99.12 E39.68227
G0 F9000 X96.999 Y98.413
G1 F1500 X95.87 Y97.284 E39.78848
G0 F9000 X95.87 Y96.577
G1 F1500 X96.999 Y97.706 E39.89469
G0 F9000 X96.999 Y96.999
G1 F1500 X95.87 Y95.87 E40.0009
G0 F9000 X95.87 Y95.163
G1 F1500 X96.999 Y96.292 E40.10711
G0 F9000 X96.999 Y95.585
G1 F1500 X95.87 Y94.456 E40.21332
G0 F9000 X95.87 Y93.748
G1 F1500 X96.999 Y94.878 E40.31958
G0 F9000 X96.999 Y94.171
G1 F1500 X95.87 Y93.041 E40.42583
G0 F9000 X95.87 Y92.334
G1 F1500 X96.999 Y93.463 E40.53204
G0 F9000 X96.999 Y92.756
G1 F1500 X95.87 Y91.627 E40.63825
G0 F9000 X95.87 Y90.92
G1 F1500 X96.999 Y92.049 E40.74446
G0 F9000 X96.999 Y91.342
G1 F1500 X95.87 Y90.213 E40.85067
G0 F9000 X95.87 Y89.506
G1 F1500 X96.999 Y90.635 E40.95688
G0 F9000 X96.999 Y89.928
G1 F1500 X95.87 Y88.799 E41.06309
G0 F9000 X95.87 Y88.092
G1 F1500 X96.999 Y89.221 E41.1693
G0 F9000 X96.999 Y88.514
G1 F1500 X95.87 Y87.384 E41.27555
G0 F9000 X95.87 Y86.677
G1 F1500 X96.999 Y87.807 E41.38181
G0 F9000 X96.999 Y87.099
G1 F1500 X95.87 Y85.97 E41.48802
G0 F9000 X95.881 Y85.274
G1 F1500 X96.999 Y86.392 E41.59319
G0 F9000 X96.999 Y85.685
G1 F1500 X96.588 Y85.274 E41.63186
G0 F9000 X96.96 Y85.41
G0 X104.344 Y85.44
G0 X104.344 Y85.252
G1 F1500 X104.541 Y85.449 E41.65039
G0 F9000 X105.248 Y85.449
G1 F1500 X104.525 Y84.726 E41.71841
G1 F1500 E35.21841
G0 F9000 X104.621 Y84.591
G0 X105.671 Y85.348
G0 X97.872 Y86.322
G0 X97.872 Y133.678
G0 X104.851 Y134.549
G1 F1500 E41.71841
G1 X105.266 Y134.965 E41.75749
G0 F9000 X104.855 Y135.261
G1 F1500 X104.341 Y134.746 E41.8059
G0 F9000 X104.341 Y134.56
G0 X105.558 Y134.549
G1 F1500 X105.738 Y134.73 E41.82288
G0 F9000 X115.943 Y134.56
G0 X115.943 Y135.14
;TYPE:SKIN
G1 F1500 X123.539 Y135.14 E42.83345
G1 X123.539 Y137.698 E43.17377
G1 X117.61 Y137.697 E43.96257
G1 X117.604 Y137.669 E43.96638
G1 X117.266 Y136.894 E44.07886
G1 X117.139 Y136.628 E44.11808
G1 X116.716 Y135.996 E44.21925
G1 X116.534 Y135.742 E44.26083
G1 X116.02 Y135.215 E44.35876
G1 X115.943 Y135.14 E44.37306
G1 F1500 E37.87306
G0 F9000 X115.943 Y134.56
G0 X122.128 Y133.678
G0 X122.128 Y86.322
G0 X115.943 Y85.44
G1 F1500 E44.37306
G0 F9000 X115.943 Y84.86
G1 F1500 X116.31 Y84.482 E44.44316
G1 X116.527 Y84.282 E44.48242
G1 X116.949 Y83.647 E44.58385
G1 X117.129 Y83.411 E44.62334
G1 X117.449 Y82.675 E44.73011
G1 X117.587 Y82.406 E44.77034
G1 X117.609 Y82.304 E44.78422
G1 X123.539 Y82.302 E45.57315
G1 X123.539 Y84.86 E45.91347
G1 X115.943 Y84.86 E46.92404
G0 F9000 X115.943 Y85.44
G0 X114.329 Y85.348
G0 X117.2 Y81.793
G0 X124.047 Y81.794
G0 X124.119 Y83.54
G0 X123.138 Y83.54
G1 F1500 X122.3 Y82.702 E47.08171
G0 F9000 X122.3 Y81.722
G0 X120.886 Y81.722
G0 X120.886 Y82.703
G1 F1500 X122.643 Y84.459 E47.41219
G0 F9000 X122.643 Y85.44
G0 X121.229 Y85.44
G0 X121.229 Y84.459
G1 F1500 X119.473 Y82.703 E47.74258
G0 F9000 X119.473 Y81.723
G0 X118.059 Y81.723
G0 X118.059 Y82.703
G1 F1500 X119.815 Y84.459 E48.07297
G0 F9000 X119.815 Y85.44
G0 X118.4 Y85.44
G0 X118.4 Y84.459
G1 F1500 X117.499 Y83.558 E48.24249
G1 F1500 E41.74249
G0 F9000 X116.626 Y83.116
G0 X114.329 Y85.348
G0 X122.128 Y86.322
G0 X122.128 Y133.678
G0 X117.154 Y134.56
G1 F1500 E48.24249
G0 F9000 X117.154 Y135.539
G1 F1500 X118.911 Y137.296 E48.57306
G0 F9000 X118.91 Y138.277
G0 X120.324 Y138.277
G0 X120.325 Y137.296
G1 F1500 X118.569 Y135.539 E48.90355
G0 F9000 X118.569 Y134.56
G0 X119.983 Y134.56
G0 X119.983 Y135.539
G1 F1500 X121.739 Y137.296 E49.23403
G0 F9000 X121.738 Y138.277
G0 X124.047 Y138.206
G0 X124.119 Y137.281
G0 X123.139 Y137.281
G1 F1500 X121.397 Y135.539 E49.56178
G0 F9000 X121.397 Y134.56
G0 X122.811 Y134.56
G0 X122.811 Y135.539
G1 F1500 X123.139 Y135.867 E49.62349
G0 F9000 X124.119 Y135.867
G0 X124.047 Y138.206
G0 X117.203 Y138.208
G0 X114.329 Y134.652
G0 X123.04 Y134.59
G0 X123.41 Y134.724
;TYPE:SKIN
G1 F1500 X122.999 Y134.313 E49.66216
G0 F9000 X122.999 Y133.606
G1 F1500 X124.117 Y134.724 E49.76733
G0 F9000 X124.129 Y134.028
G1 F1500 X122.999 Y132.899 E49.87359
G0 F9000 X122.999 Y132.192
G1 F1500 X124.129 Y133.321 E49.97984
G0 F9000 X124.129 Y132.614
G1 F1500 X122.999 Y131.485 E50.0861
G0 F9000 X122.999 Y130.777
G1 F1500 X124.129 Y131.907 E50.1924
G0 F9000 X124.129 Y131.2
G1 F1500 X122.999 Y130.07 E50.29871
G0 F9000 X122.999 Y129.363
G1 F1500 X124.129 Y130.493 E50.40501
G0 F9000 X124.129 Y129.785
G1 F1500 X122.999 Y128.656 E50.51127
G0 F9000 X122.999 Y127.949
G1 F1500 X124.129 Y129.078 E50.61752
G0 F9000 X124.129 Y128.371
G1 F1500 X122.999 Y127.242 E50.72378
G0 F9000 X122.999 Y126.535
G1 F1500 X124.129 Y127.664 E50.83004
G0 F9000 X124.129 Y126.957
G1 F1500 X122.999 Y125.828 E50.93629
G0 F9000 X122.999 Y125.121
G1 F1500 X124.129 Y126.25 E51.04255
G0 F9000 X124.129 Y125.543
G1 F1500 X122.999 Y124.414 E51.14881
G0 F9000 X122.999 Y123.706
G1 F1500 X124.129 Y124.836 E51.25511
G0 F9000 X124.129 Y124.129
G1 F1500 X122.999 Y122.999 E51.36141
G0 F9000 X122.999 Y122.292
G1 F1500 X124.129 Y123.421 E51.46767
G0 F9000 X124.129 Y122.714
G1 F1500 X122.999 Y121.585 E51.57393
G0 F9000 X122.999 Y120.878
G1 F1500 X124.129 Y122.007 E51.68018
G0 F9000 X124.129 Y121.3
G1 F1500 X122.999 Y120.171 E51.78644
G0 F9000 X122.999 Y119.464
G1 F1500 X124.129 Y120.593 E51.8927
G0 F9000 X124.129 Y119.886
G1 F1500 X122.999 Y118.757 E51.99895
G0 F9000 X122.999 Y118.05
G1 F1500 X124.129 Y119.179 E52.10521
G0 F9000 X124.129 Y118.472
G1 F1500 X122.999 Y117.342 E52.21151
G0 F9000 X122.999 Y116.635
G1 F1500 X124.129 Y117.765 E52.31782
G0 F9000 X124.129 Y117.057
G1 F1500 X122.999 Y115.928 E52.42407
G0 F9000 X122.999 Y115.221
G1 F1500 X124.129 Y116.35 E52.53033
G0 F9000 X124.129 Y115.643
G1 F1500 X122.999 Y114.514 E52.63658
G0 F9000 X122.999 Y113.807
G1 F1500 X124.129 Y114.936 E52.74284
G0 F9000 X124.129 Y114.229
G1 F1500 X122.999 Y113.1 E52.8491
G0 F9000 X122.999 Y112.393
G1 F1500 X124.129 Y113.522 E52.95535
G0 F9000 X124.129 Y112.815
G1 F1500 X122.999 Y111.686 E53.06161
G0 F9000 X122.999 Y110.978
G1 F1500 X124.129 Y112.108 E53.16791
G0 F9000 X124.129 Y111.401
G1 F1500 X122.999 Y110.271 E53.27422
G0 F9000 X122.999 Y109.564
G1 F1500 X124.129 Y110.694 E53.38052
G0 F9000 X124.128 Y109.986
G1 F1500 X122.999 Y108.856 E53.48678
G0 F9000 X122.999 Y108.149
G1 F1500 X124.128 Y109.279 E53.59303
G0 F9000 X124.128 Y108.572
G1 F1500 X122.999 Y107.442 E53.69929
G0 F9000 X122.999 Y106.735
G1 F1500 X124.128 Y107.864 E53.8055
G0 F9000 X124.128 Y107.157
G1 F1500 X122.999 Y106.028 E53.91171
G0 F9000 X122.999 Y105.321
G1 F1500 X124.128 Y106.45 E54.01792
G0 F9000 X124.128 Y105.743
G1 F1500 X122.999 Y104.614 E54.12413
G0 F9000 X122.999 Y103.907
G1 F1500 X124.128 Y105.036 E54.23034
G0 F9000 X124.128 Y104.329
G1 F1500 X122.999 Y103.2 E54.33655
G0 F9000 X122.999 Y102.493
G1 F1500 X124.128 Y103.622 E54.44276
G0 F9000 X124.128 Y102.915
G1 F1500 X122.999 Y101.785 E54.54901
G0 F9000 X122.999 Y101.078
G1 F1500 X124.128 Y102.208 E54.65527
G0 F9000 X124.128 Y101.5
G1 F1500 X122.999 Y100.371 E54.76148
G0 F9000 X122.999 Y99.664
G1 F1500 X124.128 Y100.793 E54.86769
G0 F9000 X124.128 Y100.086
G1 F1500 X122.999 Y98.957 E54.9739
G0 F9000 X122.999 Y98.25
G1 F1500 X124.128 Y99.379 E55.08011
G0 F9000 X124.128 Y98.672
G1 F1500 X122.999 Y97.543 E55.18632
G0 F9000 X122.999 Y96.836
G1 F1500 X124.128 Y97.965 E55.29253
G0 F9000 X124.128 Y97.258
G1 F1500 X122.999 Y96.129 E55.39873
G0 F9000 X122.999 Y95.421
G1 F1500 X124.128 Y96.551 E55.50499
G0 F9000 X124.128 Y95.844
G1 F1500 X122.999 Y94.714 E55.61125
G0 F9000 X122.999 Y94.007
G1 F1500 X124.128 Y95.136 E55.71746
G0 F9000 X124.128 Y94.429
G1 F1500 X122.999 Y93.3 E55.82367
G0 F9000 X122.999 Y92.593
G1 F1500 X124.128 Y93.722 E55.92988
G0 F9000 X124.128 Y93.015
G1 F1500 X122.999 Y91.886 E56.03609
G0 F9000 X122.999 Y91.179
G1 F1500 X124.128 Y92.308 E56.14229
G0 F9000 X124.128 Y91.601
G1 F1500 X122.999 Y90.472 E56.2485
G0 F9000 X122.999 Y89.765
G1 F1500 X124.128 Y90.894 E56.35471
G0 F9000 X124.128 Y90.187
G1 F1500 X122.999 Y89.057 E56.46097
G0 F9000 X122.999 Y88.35
G1 F1500 X124.128 Y89.48 E56.56723
G0 F9000 X124.128 Y88.773
G1 F1500 X122.999 Y87.643 E56.67348
G0 F9000 X122.999 Y86.936
G1 F1500 X124.128 Y88.065 E56.77969
G0 F9000 X124.128 Y87.358
G1 F1500 X122.999 Y86.229 E56.8859
G0 F9000 X122.999 Y85.522
G1 F1500 X124.128 Y86.651 E56.99211
G0 F9000 X124.128 Y85.944
G1 F1500 X123.458 Y85.274 E57.05514
G0 F9000 X123.04 Y85.41
G0 X115.657 Y85.44
G0 X115.657 Y85.252
G1 F1500 X115.143 Y84.738 E57.10349
G0 F9000 X114.732 Y85.033
G1 F1500 X115.148 Y85.449 E57.14263
G0 F9000 X114.44 Y85.449
G1 F1500 X114.26 Y85.269 E57.15956
G1 F1500 E50.65956
G0 F9000 X115.763 Y86.313
G0 X122.128 Y86.322
G0 X122.128 Y133.678
G0 X114.75 Y134.549
G1 F1500 E57.15956
G1 X115.474 Y135.273 E57.22767
G0 F9000 X115.655 Y134.746
G1 F1500 X115.457 Y134.549 E57.24625
G0 F9000 X114.329 Y134.652
G0 X115.437 Y135.421
G0 X116.461 Y138.919
G0 X116.322 Y138.95
G1 F1500 X116.511 Y139.138 E57.26398
G0 F9000 X116.512 Y139.087
G0 X116.219 Y138.124
G0 X115.875 Y137.348
G0 X115.419 Y136.677
G0 X114.855 Y136.106
G0 X114.2 Y135.652
G0 X113.507 Y135.331
G0 X112.765 Y135.132
G0 X112.047 Y135.067
G0 X107.953 Y135.067
G0 X107.233 Y135.13
G0 X106.498 Y135.324
G0 X105.794 Y135.65
G0 X105.153 Y136.093
G0 X104.587 Y136.664
G0 X104.131 Y137.33
G0 X103.855 Y137.947
G0 X103.528 Y139.065
G0 X103.712 Y139.068
G1 F1500 X103.613 Y138.968 E57.27334
G1 F1500 E50.77334
G0 F9000 X103.529 Y138.967
G0 X104.805 Y135.211
G0 X105.671 Y134.652
G0 X97.872 Y133.678
G0 X97.872 Y86.322
G0 X105.671 Y85.348
G0 X104.463 Y84.29
G0 X103.539 Y81.08
G1 F1500 E57.27334
G0 F9000 X103.676 Y81.049
G1 F1500 X103.487 Y80.86 E57.29112
G0 F9000 X103.486 Y80.913
G0 X103.781 Y81.876
G0 X104.125 Y82.652
G0 X104.581 Y83.323
G0 X105.145 Y83.894
G0 X105.8 Y84.348
G0 X106.493 Y84.669
G0 X107.235 Y84.868
G0 X107.953 Y84.933
G0 X112.045 Y84.933
G0 X112.773 Y84.868
G0 X113.502 Y84.676
G0 X114.206 Y84.35
G0 X114.847 Y83.907
G0 X115.413 Y83.336
G0 X115.869 Y82.67
G0 X116.145 Y82.054
G0 X116.472 Y80.934
G0 X116.286 Y80.931
G1 F1500 X116.386 Y81.03 E57.30049
G0 F9000 X117.37 Y81.814
G1 F1500 E50.80049
;MESH:NONMESH
G0 F300 X117.37 Y81.814 Z7.68
G0 F9000 X117.371 Y81.723
G0 X114.329 Y85.348
G0 X97.872 Y86.322
G0 X97.4 Y134.15
;TIME_ELAPSED:2019.103783
;LAYER:23
;TYPE:WALL-INNER
;MESH:placchetta pulsante plana o comune.stl
G1 F1500 E57.30049
G1 X105.18 Y134.15 E58.33554
G1 X105.402 Y134.15 E58.36508
G1 X105.556 Y134.15 E58.38556
G1 X106.207 Y134.15 E58.47217
G1 X107.111 Y134.15 E58.59244
G1 X107.267 Y134.15 E58.6132
G1 X107.931 Y134.15 E58.70154
G1 X112.068 Y134.15 E59.25192
G1 X112.908 Y134.15 E59.36368
G1 X113.786 Y134.15 E59.48049
G1 X114.619 Y134.15 E59.59131
G1 X114.814 Y134.15 E59.61725
G1 X122.6 Y134.15 E60.65311
G1 X122.6 Y85.85 E67.07897
G1 X114.82 Y85.85 E68.11402
G1 X114.598 Y85.85 E68.14356
G1 X114.447 Y85.85 E68.16364
G1 X113.793 Y85.85 E68.25065
G1 X112.889 Y85.85 E68.37092
G1 X112.733 Y85.85 E68.39168
G1 X112.069 Y85.85 E68.48002
G1 X107.932 Y85.85 E69.0304
G1 X107.092 Y85.85 E69.14216
G1 X106.214 Y85.85 E69.25897
G1 X105.381 Y85.85 E69.36979
G1 X105.186 Y85.85 E69.39573
G1 X97.4 Y85.85 E70.43159
G1 X97.4 Y134.15 E76.85744
G0 F9000 X97.8 Y133.15
G0 X98.4 Y133.15
;TYPE:WALL-OUTER
G1 F1500 X121.6 Y133.15 E79.94399
G1 X121.6 Y86.85 E86.10376
G1 X98.4 Y86.85 E89.1903
G1 X98.4 Y133.15 E95.35008
G0 F9000 X97.8 Y133.15
G0 X97.872 Y133.678
G0 X105.049 Y134.648
G0 X104.118 Y136.073
;TYPE:WALL-INNER
G1 F1500 X103.148 Y136.071 E95.47913
G1 X97.417 Y136.072 E96.24158
G1 X96.918 Y136.072 E96.30797
G1 X96.918 Y135.573 E96.35091
G1 X96.918 Y134.15 E96.54023
G1 X96.918 Y85.851 E99.64049
G1 X96.917 Y84.426 E99.83008
G1 X96.917 Y83.927 E99.89646
G1 X97.416 Y83.927 E99.9394
G1 X103.148 Y83.929 E100.70199
G1 X104.118 Y83.927 E100.83104
G1 X104.619 Y84.439 E100.92634
G1 X105.222 Y84.863 E101.02441
G1 X105.381 Y84.975 E101.04875
G1 X106.214 Y85.362 E101.13478
G1 X107.092 Y85.601 E101.18137
G1 X107.932 Y85.677 E101.20533
G1 X112.069 Y85.677 E101.30064
G1 X112.733 Y85.616 E101.31887
G1 X112.889 Y85.607
G1 X113.793 Y85.363 E101.36641
G1 X114.447 Y85.056 E101.43045
G1 X114.598 Y84.992 E101.44872
G1 X114.779 Y84.864 E101.47623
G1 X115.227 Y84.548 E101.54917
G1 X115.345 Y84.478 E101.56742
G1 X115.879 Y83.927 E101.6695
G1 X116.852 Y83.929 E101.79895
G1 X122.583 Y83.928 E102.56141
G1 X123.082 Y83.928 E102.62779
G1 X123.082 Y84.427 E102.67073
G1 X123.082 Y85.85 E102.86005
G1 X123.082 Y134.149 E105.96031
G1 X123.083 Y135.574 E106.1499
G1 X123.083 Y136.073 E106.21629
G1 X122.584 Y136.073 E106.25922
G1 X116.852 Y136.071 E107.02181
G1 X115.882 Y136.073 E107.15086
G1 X115.381 Y135.561 E107.24616
G1 X114.778 Y135.137 E107.34423
G1 X114.619 Y135.025 E107.36857
G1 X113.786 Y134.638 E107.4546
G1 X112.908 Y134.399 E107.50119
G1 X112.068 Y134.323 E107.52515
G1 X107.931 Y134.323 E107.62046
G1 X107.267 Y134.384 E107.63869
G1 X107.111 Y134.393
G1 X106.207 Y134.637 E107.68624
G1 X105.556 Y134.943 E107.74996
G1 X105.402 Y135.008 E107.76857
G1 X105.221 Y135.136 E107.79608
G1 X104.774 Y135.451 E107.86883
G1 X104.656 Y135.521 E107.88708
G1 X104.118 Y136.073 E107.98963
G0 F9000 X104.288 Y136.484
G0 X104.601 Y137.074
;TYPE:WALL-OUTER
G1 F1500 X103.147 Y137.071 E108.18307
G1 X95.918 Y137.072 E109.14482
G1 X95.917 Y82.927 E116.3483
G1 X103.147 Y82.929 E117.31018
G1 X104.599 Y82.926 E117.50336
G1 X104.73 Y83.122 E117.53472
G1 X105.27 Y83.674 E117.63746
G1 X105.883 Y84.106 E117.73723
G1 X106.558 Y84.419 E117.83622
G1 X107.27 Y84.613 E117.93439
G1 X107.977 Y84.677 E118.02884
G1 X112.023 Y84.677 E118.56712
G1 X112.641 Y84.62 E118.64969
G1 X112.728 Y84.615 E118.66128
G1 X113.447 Y84.421 E118.76036
G1 X114.021 Y84.151 E118.84475
G1 X114.108 Y84.114 E118.85733
G1 X114.673 Y83.715 E118.94935
G1 X114.718 Y83.688 E118.95633
G1 X115.27 Y83.119 E119.0618
G1 X115.399 Y82.926 E119.09269
G1 X116.853 Y82.929 E119.28613
G1 X124.082 Y82.928 E120.24788
G1 X124.083 Y137.073 E127.45136
G1 X116.853 Y137.071 E128.41324
G1 X115.401 Y137.074 E128.60642
G1 X115.27 Y136.878 E128.63778
G1 X114.73 Y136.326 E128.74051
G1 X114.117 Y135.894 E128.84029
G1 X113.442 Y135.581 E128.93927
G1 X112.73 Y135.387 E129.03745
G1 X112.023 Y135.323 E129.1319
G1 X107.977 Y135.323 E129.67018
G1 X107.359 Y135.38 E129.75275
G1 X107.272 Y135.385 E129.76434
G1 X106.553 Y135.579 E129.86342
G1 X105.979 Y135.849 E129.94781
G1 X105.892 Y135.886 E129.96039
G1 X105.327 Y136.285 E130.05241
G1 X105.282 Y136.312 E130.05939
G1 X104.729 Y136.88 E130.16486
G1 X104.601 Y137.074 E130.19578
G0 F9000 X104.082 Y135.973
G0 X105.049 Y134.648
G0 X104.453 Y134.548
;TYPE:SKIN
G1 F1500 X103.33 Y135.671 E130.40707
G0 F9000 X103.919 Y135.599
G0 X105.049 Y134.648
G0 X103.038 Y134.548
G1 F1500 X101.916 Y135.671 E130.61826
G0 F9000 X103.919 Y135.599
G0 X105.049 Y134.648
G0 X101.624 Y134.548
G1 F1500 X100.502 Y135.671 E130.82946
G0 F9000 X97.4 Y135.59
G0 X97.4 Y134.632
G0 X100.21 Y134.548
G1 F1500 X99.088 Y135.671 E131.04065
G0 F9000 X97.4 Y135.59
G0 X97.4 Y134.632
G0 X98.796 Y134.548
G1 F1500 X97.674 Y135.671 E131.25185
G0 F9000 X103.919 Y135.599
G0 X107.311 Y134.843
G0 X107.953 Y134.784
G0 X111.637 Y134.784
G0 X115.3 Y135.015
G1 F1500 X115.766 Y134.549 E131.33953
G0 F9000 X114.948 Y134.648
G0 X116.057 Y135.672
G1 F1500 X117.18 Y134.549 E131.55082
G0 F9000 X114.948 Y134.648
G0 X116.082 Y135.599
G0 X117.473 Y135.671
G1 F1500 X118.594 Y134.549 E131.76182
G0 F9000 X114.948 Y134.648
G0 X116.082 Y135.599
G0 X118.886 Y135.671
G1 F1500 X120.008 Y134.549 E131.97293
G0 F9000 X122.601 Y134.632
G0 X122.601 Y135.591
G0 X120.3 Y135.671
G1 F1500 X121.422 Y134.549 E132.18403
G0 F9000 X122.601 Y134.632
G0 X122.601 Y135.591
G0 X121.714 Y135.672
G1 F1500 X122.683 Y134.703 E132.36634
G1 F1500 E125.86634
G0 F9000 X122.68 Y85.208
G1 F1500 E132.36634
G1 X122.439 Y85.45 E132.41178
G0 F9000 X122.6 Y84.41
G0 X122.147 Y84.328
G1 F1500 X121.024 Y85.45 E132.62298
G0 F9000 X122.6 Y85.368
G0 X122.6 Y84.41
G0 X120.732 Y84.328
G1 F1500 X119.61 Y85.45 E132.83408
G0 F9000 X122.6 Y85.368
G0 X122.6 Y84.41
G0 X119.318 Y84.328
G1 F1500 X118.196 Y85.45 E133.04518
G0 F9000 X114.951 Y85.351
G0 X116.079 Y84.401
G0 X117.904 Y84.328
G1 F1500 X116.782 Y85.45 E133.25628
G0 F9000 X114.951 Y85.351
G0 X116.079 Y84.401
G0 X116.49 Y84.327
G1 F1500 X115.368 Y85.45 E133.46748
G0 F9000 X108.695 Y85.24
G0 X104.594 Y84.91
G1 F1500 X104.055 Y85.449 E133.56889
G0 F9000 X105.052 Y85.352
G0 X104.731 Y85.083
G0 X103.763 Y84.326
G1 F1500 X102.64 Y85.449 E133.78018
G0 F9000 X105.052 Y85.352
G0 X103.918 Y84.401
G0 X102.348 Y84.328
G1 F1500 X101.226 Y85.449 E133.99119
G0 F9000 X105.052 Y85.352
G0 X103.918 Y84.401
G0 X100.934 Y84.327
G1 F1500 X99.812 Y85.449 E134.20229
G0 F9000 X97.399 Y85.368
G0 X97.399 Y84.409
G0 X99.52 Y84.327
G1 F1500 X98.398 Y85.449 E134.41339
G0 F9000 X97.399 Y85.368
G0 X97.316 Y85.117
G1 F1500 X98.106 Y84.326 E134.56212
G0 F9000 X98.106 Y84.427
G1 F1500 E128.06212
;MESH:NONMESH
G0 F300 X98.106 Y84.427 Z8
G0 F9000 X98.106 Y84.338
G0 X97.399 Y84.409
G0 X97.8 Y133.15
G1 F1500 E134.56212
G0 F9000 X98.4 Y133.15
;TIME_ELAPSED:2055.246553
;LAYER:24
;TYPE:WALL-OUTER
;MESH:placchetta pulsante plana o comune.stl
G1 F1500 X121.6 Y133.15 E137.64866
G1 X121.6 Y86.85 E143.80844
G1 X98.4 Y86.85 E146.89498
G1 X98.4 Y133.15 E153.05476
G1 F1500 E146.55476
G0 F9000 X98.05 Y133.15
G0 X98.114 Y133.4
G0 X122.316 Y134.137
G1 F1500 E153.05476
G0 F9000 X122.636 Y134.457
G1 F1500 X121.213 Y134.456 E153.24407
G1 X117.21 Y134.459 E153.77664
G1 X116.585 Y134.456 E153.85979
G1 X103.415 Y134.456 E155.61193
G1 X102.787 Y134.459 E155.69548
G1 X100.905 Y134.455 E155.94586
G1 X99.09 Y134.457 E156.18733
G1 X97.365 Y134.456 E156.41683
G1 X97.364 Y85.543 E162.92424
G1 X102.79 Y85.541 E163.64612
G1 X103.415 Y85.544 E163.72927
G1 X116.584 Y85.543 E165.48128
G1 X117.213 Y85.541 E165.56496
G1 X119.095 Y85.545 E165.81535
G1 X120.91 Y85.543 E166.05681
G1 X122.635 Y85.544 E166.28631
G1 X122.636 Y134.457 E172.79372
G0 F9000 X121.781 Y133.802
;TYPE:SKIN
G1 F1500 X122.117 Y133.43 E172.81368
G1 X122.116 Y93.125 E174.41879
G1 X122.116 Y86.761 E174.67223
G1 X121.551 Y86.196 E174.70405
G1 X98.216 Y86.196 E175.63334
G1 X97.881 Y86.567 E175.65324
G1 X97.882 Y126.873 E177.25839
G1 X97.882 Y133.237 E177.51183
G1 X98.447 Y133.802 E177.54365
G1 X121.073 Y133.801 E178.4447
G0 F9000 X121.311 Y134.039
G0 X97.978 Y134.04
G1 F1500 X97.779 Y133.841 E178.46342
G1 F1500 E171.96342
G0 F9000 X98.122 Y86.572
G0 X122.219 Y86.157
G1 F1500 E178.46342
G1 X122.021 Y85.958 E178.4821
G1 F1500 E171.9821
;MESH:NONMESH
G0 F300 X122.021 Y85.958 Z8.32
G0 F9000 X98.122 Y86.572
G0 X98.05 Y133.15
G1 F1500 E178.4821
G0 F9000 X98.4 Y133.15
;TIME_ELAPSED:2077.739744
;LAYER:25
;TYPE:WALL-OUTER
;MESH:placchetta pulsante plana o comune.stl
G1 F1500 X121.6 Y133.15 E181.56864
G1 X121.6 Y86.85 E187.72841
G1 X98.4 Y86.85 E190.81496
G1 X98.4 Y133.15 E196.97473
G0 F9000 X98.296 Y133.254
G1 F1500 X98.297 Y86.747 E203.16205
G1 X121.703 Y86.747 E206.276
G1 X121.703 Y133.253 E212.46318
G1 X98.296 Y133.254 E215.57726
G0 F9000 X98.796 Y132.753
;MESH:NONMESH
G0 F300 X98.796 Y132.753 Z8.64
G0 F9000 X98.4 Y133.15
;TIME_ELAPSED:2089.333933
;LAYER:26
;TYPE:WALL-OUTER
;MESH:placchetta pulsante plana o comune.stl
G1 F1500 X121.6 Y133.15 E218.6638
G1 X121.6 Y86.85 E224.82358
G1 X98.4 Y86.85 E227.91012
G1 X98.4 Y133.15 E234.06989
G1 F1500 E227.56989
G0 F9000 X121.602 Y133.152
G1 F1500 E234.06989
G1 X98.398 Y133.152 E237.15697
G1 X98.398 Y86.848 E243.31728
G1 X121.602 Y86.848 E246.40435
G1 X121.602 Y133.152 E252.56466
G0 F9000 X121.102 Y132.652
;TIME_ELAPSED:2101.723634
G1 F1500 E246.06466
M140 S0
M107
G91 ;Relative positioning
G1 E-2 F2700 ;Retract a bit
G1 E-2 Z0.2 F2400 ;Retract and raise Z
G1 X5 Y5 F3000 ;Wipe out
G1 Z10 ;Raise Z more
G90 ;Absolute positioning

G1 X0 Y220 ;Present print
M106 S0 ;Turn-off fan
M104 S0 ;Turn-off hotend
M140 S0 ;Turn-off bed

M84 X Y E ;Disable all steppers but Z

M82 ;absolute extrusion mode
M104 S0
;End of Gcode
;SETTING_3 {"global_quality": "[general]\\nversion = 4\\nname = Draft Quality #2
;SETTING_3 \\ndefinition = creality_ender3pro\\n\\n[metadata]\\ntype = quality_c
;SETTING_3 hanges\\nquality_type = draft\\nsetting_version = 17\\n\\n[values]\\n
;SETTING_3 support_enable = True\\n\\n", "extruder_quality": ["[general]\\nversi
;SETTING_3 on = 4\\nname = Draft Quality #2\\ndefinition = creality_ender3pro\\n
;SETTING_3 \\n[metadata]\\ntype = quality_changes\\nquality_type = draft\\nsetti
;SETTING_3 ng_version = 17\\nposition = 0\\n\\n[values]\\nbottom_layers = 2\\n\\
;SETTING_3 n"]}
