;FLAVOR:Marlin
;TIME:707
;Filament used: 2.33296m
;Layer height: 0.32
;MINX:92.4
;MINY:52.4
;MINZ:0.32
;MAXX:127.6
;MAXY:167.6
;MAXZ:2.88
;Generated with Cura_SteamEngine 4.11.0
M140 S90
M105
M190 S90
M104 S250
M105
M109 S250
M82 ;absolute extrusion mode
; Ender 3 Custom Start G-code
G92 E0 ; Reset Extruder
G28 ; Home all axes
G1 Z2.0 F3000 ; Move Z Axis up little to prevent scratching of Heat Bed
G1 X0.1 Y20 Z0.3 F5000.0 ; Move to start position
G1 X0.1 Y200.0 Z0.3 F1500.0 E15 ; Draw the first line
G1 X0.4 Y200.0 Z0.3 F5000.0 ; Move to side a little
G1 X0.4 Y20 Z0.3 F1500.0 E30 ; Draw the second line
G92 E0 ; Reset Extruder
G1 Z2.0 F3000 ; Move Z Axis up little to prevent scratching of Heat Bed
G1 X5 Y20 Z0.3 F5000.0 ; Move over to prevent blob squish
G92 E0
G92 E0
G1 F1500 E-6.5
;LAYER_COUNT:9
;LAYER:0
M107
G0 F9000 X93.378 Y56.504 Z0.32
;TYPE:SKIRT
G1 F1500 E0
G1 F3000 X93.795 Y55.845 E0.083
G1 X94.278 Y55.233 E0.16598
G1 X94.626 Y54.86 E0.22027
G1 X94.86 Y54.626 E0.2555
G1 X95.439 Y54.104 E0.33847
G1 X96.068 Y53.644 E0.42141
G1 X96.741 Y53.25 E0.50441
G1 X97.451 Y52.928 E0.58738
G1 X98.19 Y52.68 E0.67035
G1 X98.95 Y52.509 E0.75326
G1 X99.724 Y52.417 E0.83622
G1 X100.234 Y52.4 E0.89053
G1 X100.4 Y52.4 E0.90819
G1 X101.178 Y52.44 E0.99111
G1 X101.331 Y52.464 E1.00759
G1 X101.724 Y52.417 E1.04972
G1 X102.234 Y52.4 E1.10403
G1 X117.766 Y52.4 E2.75714
G1 X118.544 Y52.44 E2.84005
G1 X118.682 Y52.461 E2.85491
G1 X119.6 Y52.4 E2.95283
G1 X119.766 Y52.4 E2.9705
G1 X120.544 Y52.44 E3.05341
G1 X121.315 Y52.559 E3.13644
G1 X122.069 Y52.757 E3.21941
G1 X122.798 Y53.031 E3.3023
G1 X123.496 Y53.378 E3.38526
G1 X124.155 Y53.795 E3.46826
G1 X124.767 Y54.278 E3.55124
G1 X125.14 Y54.626 E3.60554
G1 X125.374 Y54.86 E3.64076
G1 X125.896 Y55.439 E3.72373
G1 X126.356 Y56.068 E3.80667
G1 X126.75 Y56.741 E3.88967
G1 X127.072 Y57.451 E3.97265
G1 X127.32 Y58.19 E4.05561
G1 X127.491 Y58.95 E4.13852
G1 X127.583 Y59.724 E4.22148
G1 X127.6 Y60.234 E4.27579
G1 X127.6 Y159.766 E14.86922
G1 X127.56 Y160.544 E14.95214
G1 X127.441 Y161.315 E15.03517
G1 X127.243 Y162.069 E15.11814
G1 X126.969 Y162.798 E15.20103
G1 X126.622 Y163.496 E15.28399
G1 X126.205 Y164.155 E15.36699
G1 X125.722 Y164.767 E15.44997
G1 X125.374 Y165.14 E15.50427
G1 X125.14 Y165.374 E15.53949
G1 X124.561 Y165.896 E15.62246
G1 X123.932 Y166.356 E15.7054
G1 X123.259 Y166.75 E15.7884
G1 X122.549 Y167.072 E15.87137
G1 X121.81 Y167.32 E15.95434
G1 X121.05 Y167.491 E16.03725
G1 X120.276 Y167.583 E16.12021
G1 X119.766 Y167.6 E16.17452
G1 X119.6 Y167.6 E16.19218
G1 X118.822 Y167.56 E16.2751
G1 X118.669 Y167.536 E16.29158
G1 X118.276 Y167.583 E16.33371
G1 X117.766 Y167.6 E16.38802
G1 X102.234 Y167.6 E18.04113
G1 X101.456 Y167.56 E18.12404
G1 X101.318 Y167.539 E18.1389
G1 X100.4 Y167.6 E18.23682
G1 X100.234 Y167.6 E18.25449
G1 X99.456 Y167.56 E18.3374
G1 X98.685 Y167.441 E18.42043
G1 X97.931 Y167.243 E18.5034
G1 X97.202 Y166.969 E18.58629
G1 X96.504 Y166.622 E18.66925
G1 X95.845 Y166.205 E18.75226
G1 X95.233 Y165.722 E18.83523
G1 X94.86 Y165.374 E18.88953
G1 X94.626 Y165.14 E18.92475
G1 X94.104 Y164.561 E19.00772
G1 X93.644 Y163.932 E19.09066
G1 X93.25 Y163.259 E19.17366
G1 X92.928 Y162.549 E19.25664
G1 X92.68 Y161.81 E19.3396
G1 X92.509 Y161.05 E19.42251
G1 X92.417 Y160.276 E19.50547
G1 X92.4 Y159.766 E19.55978
G1 X92.4 Y60.234 E30.15321
G1 X92.44 Y59.456 E30.23613
G1 X92.559 Y58.685 E30.31916
G1 X92.757 Y57.931 E30.40213
G1 X93.031 Y57.202 E30.48502
G1 X93.378 Y56.504 E30.56798
G0 F9000 X94.176 Y56.724
G1 F3000 X94.59 Y56.114 E30.64645
G1 X95.192 Y55.426 E30.74375
G1 X95.426 Y55.192 E30.77897
G1 X95.975 Y54.699 E30.8575
G1 X96.573 Y54.269 E30.93589
G1 X97.215 Y53.907 E31.01434
G1 X97.893 Y53.616 E31.09286
G1 X98.598 Y53.4 E31.17134
G1 X99.322 Y53.261 E31.24981
G1 X100.234 Y53.2 E31.34709
G1 X100.4 Y53.2 E31.36476
G1 X101.136 Y53.24 E31.44321
G1 X101.322 Y53.261 E31.46313
G1 X102.234 Y53.2 E31.56041
G1 X117.766 Y53.2 E33.21352
G1 X118.502 Y53.24 E33.29197
G1 X118.699 Y53.272 E33.31321
G1 X119.6 Y53.2 E33.40941
G1 X119.766 Y53.2 E33.42708
G1 X120.502 Y53.24 E33.50553
G1 X121.23 Y53.359 E33.58404
G1 X121.94 Y53.557 E33.66249
G1 X122.625 Y53.83 E33.74098
G1 X123.276 Y54.176 E33.81944
G1 X123.886 Y54.59 E33.89791
G1 X124.574 Y55.192 E33.99521
G1 X124.808 Y55.426 E34.03043
G1 X125.301 Y55.975 E34.10896
G1 X125.731 Y56.573 E34.18735
G1 X126.093 Y57.215 E34.2658
G1 X126.384 Y57.893 E34.34432
G1 X126.6 Y58.598 E34.4228
G1 X126.739 Y59.322 E34.50126
G1 X126.8 Y60.234 E34.59855
G1 X126.8 Y159.766 E45.19198
G1 X126.76 Y160.502 E45.27043
G1 X126.641 Y161.23 E45.34894
G1 X126.443 Y161.94 E45.42739
G1 X126.17 Y162.625 E45.50588
G1 X125.824 Y163.276 E45.58434
G1 X125.41 Y163.886 E45.66281
G1 X124.808 Y164.574 E45.76011
G1 X124.574 Y164.808 E45.79533
G1 X124.025 Y165.301 E45.87386
G1 X123.427 Y165.731 E45.95225
G1 X122.785 Y166.093 E46.0307
G1 X122.107 Y166.384 E46.10922
G1 X121.402 Y166.6 E46.1877
G1 X120.678 Y166.739 E46.26616
G1 X119.766 Y166.8 E46.36345
G1 X119.6 Y166.8 E46.38112
G1 X118.864 Y166.76 E46.45957
G1 X118.678 Y166.739 E46.47949
G1 X117.766 Y166.8 E46.57677
G1 X102.234 Y166.8 E48.22988
G1 X101.498 Y166.76 E48.30833
G1 X101.301 Y166.728 E48.32957
G1 X100.4 Y166.8 E48.42577
G1 X100.234 Y166.8 E48.44344
G1 X99.498 Y166.76 E48.52189
G1 X98.77 Y166.641 E48.6004
G1 X98.06 Y166.443 E48.67885
G1 X97.375 Y166.17 E48.75734
G1 X96.724 Y165.824 E48.8358
G1 X96.114 Y165.41 E48.91427
G1 X95.426 Y164.808 E49.01157
G1 X95.192 Y164.574 E49.04679
G1 X94.699 Y164.025 E49.12532
G1 X94.269 Y163.427 E49.20371
G1 X93.907 Y162.785 E49.28216
G1 X93.616 Y162.107 E49.36068
G1 X93.4 Y161.402 E49.43916
G1 X93.261 Y160.678 E49.51762
G1 X93.2 Y159.766 E49.61491
G1 X93.2 Y60.234 E60.20834
G1 X93.24 Y59.498 E60.28679
G1 X93.359 Y58.77 E60.3653
G1 X93.557 Y58.06 E60.44375
G1 X93.83 Y57.375 E60.52224
G1 X94.176 Y56.724 E60.6007
G0 F9000 X94.629 Y57.56
G1 F3000 X94.973 Y56.959 E60.6744
G1 X95.384 Y56.401 E60.74816
G1 X95.757 Y55.991 E60.80716
G1 X95.991 Y55.757 E60.84238
G1 X96.508 Y55.297 E60.91603
G1 X97.075 Y54.899 E60.98976
G1 X97.684 Y54.569 E61.06348
G1 X98.327 Y54.311 E61.13722
G1 X98.995 Y54.129 E61.21091
G1 X99.68 Y54.026 E61.28464
G1 X100.234 Y54 E61.34367
G1 X100.4 Y54 E61.36133
G1 X101.091 Y54.04 E61.435
G1 X101.321 Y54.08 E61.45985
G1 X101.68 Y54.026 E61.49849
G1 X102.234 Y54 E61.55752
G1 X117.766 Y54 E63.21063
G1 X118.457 Y54.04 E63.28429
G1 X118.679 Y54.079 E63.30828
G1 X119.183 Y54.014 E63.36237
G1 X119.6 Y54 E63.40678
G1 X119.766 Y54 E63.42444
G1 X120.457 Y54.04 E63.49811
G1 X121.14 Y54.159 E63.5719
G1 X121.803 Y54.357 E63.64555
G1 X122.44 Y54.629 E63.71926
G1 X123.041 Y54.973 E63.79297
G1 X123.599 Y55.384 E63.86673
G1 X124.009 Y55.757 E63.92572
G1 X124.243 Y55.991 E63.96094
G1 X124.703 Y56.508 E64.0346
G1 X125.101 Y57.075 E64.10833
G1 X125.431 Y57.684 E64.18205
G1 X125.689 Y58.327 E64.25579
G1 X125.871 Y58.995 E64.32948
G1 X125.974 Y59.68 E64.4032
G1 X126 Y60.234 E64.46223
G1 X126 Y159.766 E75.05566
G1 X125.96 Y160.457 E75.12933
G1 X125.841 Y161.14 E75.20312
G1 X125.643 Y161.803 E75.27676
G1 X125.371 Y162.44 E75.35048
G1 X125.027 Y163.041 E75.42419
G1 X124.616 Y163.599 E75.49795
G1 X124.243 Y164.009 E75.55694
G1 X124.009 Y164.243 E75.59216
G1 X123.492 Y164.703 E75.66582
G1 X122.925 Y165.101 E75.73955
G1 X122.316 Y165.431 E75.81327
G1 X121.673 Y165.689 E75.88701
G1 X121.005 Y165.871 E75.9607
G1 X120.32 Y165.974 E76.03442
G1 X119.766 Y166 E76.09345
G1 X119.6 Y166 E76.11112
G1 X118.909 Y165.96 E76.18479
G1 X118.679 Y165.92 E76.20963
G1 X118.32 Y165.974 E76.24827
G1 X117.766 Y166 E76.3073
G1 X102.234 Y166 E77.96041
G1 X101.543 Y165.96 E78.03408
G1 X101.321 Y165.921 E78.05807
G1 X100.817 Y165.986 E78.11215
G1 X100.4 Y166 E78.15656
G1 X100.234 Y166 E78.17423
G1 X99.543 Y165.96 E78.2479
G1 X98.86 Y165.841 E78.32168
G1 X98.197 Y165.643 E78.39533
G1 X97.56 Y165.371 E78.46905
G1 X96.959 Y165.027 E78.54275
G1 X96.401 Y164.616 E78.61651
G1 X95.991 Y164.243 E78.6755
G1 X95.757 Y164.009 E78.71073
G1 X95.297 Y163.492 E78.78438
G1 X94.899 Y162.925 E78.85811
G1 X94.569 Y162.316 E78.93183
G1 X94.311 Y161.673 E79.00557
G1 X94.129 Y161.005 E79.07926
G1 X94.026 Y160.32 E79.15298
G1 X94 Y159.766 E79.21201
G1 X94 Y60.234 E89.80545
G1 X94.04 Y59.543 E89.87911
G1 X94.159 Y58.86 E89.9529
G1 X94.357 Y58.197 E90.02655
G1 X94.629 Y57.56 E90.10027
G0 F9000 X95.427 Y57.758
G1 F3000 X95.769 Y57.211 E90.16893
G1 X96.323 Y56.557 E90.26015
G1 X96.557 Y56.323 E90.29537
G1 X97.04 Y55.896 E90.36399
G1 X97.573 Y55.533 E90.43262
G1 X98.146 Y55.238 E90.50122
G1 X98.751 Y55.016 E90.56981
G1 X99.379 Y54.871 E90.6384
G1 X100.234 Y54.8 E90.72972
G1 X100.4 Y54.8 E90.74739
G1 X101.043 Y54.84 E90.81595
G1 X101.302 Y54.889 E90.84401
G1 X101.379 Y54.871 E90.85242
G1 X102.234 Y54.8 E90.94374
G1 X117.766 Y54.8 E92.59685
G1 X118.409 Y54.84 E92.66541
G1 X118.675 Y54.89 E92.69422
G1 X119.173 Y54.818 E92.74778
G1 X119.6 Y54.8 E92.79326
G1 X119.766 Y54.8 E92.81093
G1 X120.409 Y54.84 E92.8795
G1 X121.043 Y54.959 E92.94816
G1 X121.657 Y55.156 E93.01679
G1 X122.242 Y55.427 E93.08541
G1 X122.789 Y55.769 E93.15407
G1 X123.443 Y56.323 E93.24529
G1 X123.677 Y56.557 E93.28051
G1 X124.104 Y57.04 E93.34913
G1 X124.467 Y57.573 E93.41776
G1 X124.762 Y58.146 E93.48636
G1 X124.984 Y58.751 E93.55495
G1 X125.129 Y59.379 E93.62354
G1 X125.2 Y60.234 E93.71486
G1 X125.2 Y159.766 E104.30829
G1 X125.16 Y160.409 E104.37686
G1 X125.041 Y161.043 E104.44551
G1 X124.844 Y161.657 E104.51415
G1 X124.573 Y162.242 E104.58276
G1 X124.231 Y162.789 E104.65143
G1 X123.677 Y163.443 E104.74265
G1 X123.443 Y163.677 E104.77787
G1 X122.96 Y164.104 E104.84649
G1 X122.427 Y164.467 E104.91512
G1 X121.854 Y164.762 E104.98371
G1 X121.249 Y164.984 E105.0523
G1 X120.621 Y165.129 E105.1209
G1 X119.766 Y165.2 E105.21222
G1 X119.6 Y165.2 E105.22988
G1 X118.957 Y165.16 E105.29845
G1 X118.698 Y165.111 E105.32651
G1 X118.621 Y165.129 E105.33492
G1 X117.766 Y165.2 E105.42624
G1 X102.234 Y165.2 E107.07934
G1 X101.591 Y165.16 E107.14791
G1 X101.325 Y165.11 E107.17672
G1 X100.827 Y165.182 E107.23027
G1 X100.4 Y165.2 E107.27576
G1 X100.234 Y165.2 E107.29343
G1 X99.591 Y165.16 E107.362
G1 X98.957 Y165.041 E107.43065
G1 X98.343 Y164.844 E107.49928
G1 X97.758 Y164.573 E107.5679
G1 X97.211 Y164.231 E107.63657
G1 X96.557 Y163.677 E107.72779
G1 X96.323 Y163.443 E107.76301
G1 X95.896 Y162.96 E107.83163
G1 X95.533 Y162.427 E107.90026
G1 X95.238 Y161.854 E107.96885
G1 X95.016 Y161.249 E108.03744
G1 X94.871 Y160.621 E108.10604
G1 X94.8 Y159.766 E108.19736
G1 X94.8 Y60.234 E118.79079
G1 X94.84 Y59.591 E118.85936
G1 X94.959 Y58.957 E118.92801
G1 X95.156 Y58.343 E118.99664
G1 X95.427 Y57.758 E119.06526
G0 F9000 X96.225 Y57.974
G1 F3000 X96.563 Y57.487 E119.12836
G1 X96.889 Y57.123 E119.18036
G1 X97.123 Y56.889 E119.21558
G1 X97.569 Y56.499 E119.27864
G1 X98.064 Y56.172 E119.34178
G1 X98.599 Y55.915 E119.40495
G1 X99.163 Y55.732 E119.46806
G1 X99.746 Y55.627 E119.53111
G1 X100.234 Y55.6 E119.58313
G1 X100.4 Y55.6 E119.6008
G1 X100.992 Y55.64 E119.66395
G1 X101.311 Y55.705 E119.6986
G1 X101.746 Y55.627 E119.74564
G1 X102.234 Y55.6 E119.79765
G1 X117.766 Y55.6 E121.45076
G1 X118.358 Y55.64 E121.51391
G1 X118.664 Y55.703 E121.54717
G1 X119.216 Y55.617 E121.60663
G1 X119.6 Y55.6 E121.64754
G1 X119.766 Y55.6 E121.6652
G1 X120.358 Y55.64 E121.72835
G1 X120.938 Y55.759 E121.79137
G1 X121.498 Y55.955 E121.85452
G1 X122.026 Y56.225 E121.91764
G1 X122.513 Y56.563 E121.98073
G1 X122.877 Y56.889 E122.03274
G1 X123.111 Y57.123 E122.06796
G1 X123.501 Y57.569 E122.13102
G1 X123.828 Y58.064 E122.19416
G1 X124.085 Y58.599 E122.25733
G1 X124.268 Y59.163 E122.32044
G1 X124.373 Y59.746 E122.38349
G1 X124.4 Y60.234 E122.4355
G1 X124.4 Y159.766 E133.02894
G1 X124.36 Y160.358 E133.09209
G1 X124.241 Y160.938 E133.15511
G1 X124.045 Y161.498 E133.21825
G1 X123.775 Y162.026 E133.28137
G1 X123.437 Y162.513 E133.34446
G1 X123.111 Y162.877 E133.39647
G1 X122.877 Y163.111 E133.43169
G1 X122.431 Y163.501 E133.49475
G1 X121.936 Y163.828 E133.55789
G1 X121.401 Y164.085 E133.62106
G1 X120.837 Y164.268 E133.68417
G1 X120.254 Y164.373 E133.74722
G1 X119.766 Y164.4 E133.79924
G1 X119.6 Y164.4 E133.81691
G1 X119.008 Y164.36 E133.88006
G1 X118.689 Y164.295 E133.91471
G1 X118.254 Y164.373 E133.96174
G1 X117.766 Y164.4 E134.01376
G1 X102.234 Y164.4 E135.66687
G1 X101.642 Y164.36 E135.73002
G1 X101.336 Y164.297 E135.76327
G1 X100.784 Y164.383 E135.82273
G1 X100.4 Y164.4 E135.86364
G1 X100.234 Y164.4 E135.88131
G1 X99.642 Y164.36 E135.94446
G1 X99.062 Y164.241 E136.00748
G1 X98.502 Y164.045 E136.07063
G1 X97.974 Y163.775 E136.13374
G1 X97.487 Y163.437 E136.19684
G1 X97.123 Y163.111 E136.24884
G1 X96.889 Y162.877 E136.28407
G1 X96.499 Y162.431 E136.34712
G1 X96.172 Y161.936 E136.41027
G1 X95.915 Y161.401 E136.47344
G1 X95.732 Y160.837 E136.53654
G1 X95.627 Y160.254 E136.59959
G1 X95.6 Y159.766 E136.65161
G1 X95.6 Y60.234 E147.24504
G1 X95.64 Y59.642 E147.3082
G1 X95.759 Y59.062 E147.37121
G1 X95.955 Y58.502 E147.43436
G1 X96.225 Y57.974 E147.49748
G0 F9000 X96.754 Y58.677
G1 F3000 X97.022 Y58.212 E147.5546
G1 X97.454 Y57.688 E147.62688
G1 X97.688 Y57.454 E147.6621
G1 X98.095 Y57.105 E147.71916
G1 X98.549 Y56.819 E147.77627
G1 X99.04 Y56.604 E147.83332
G1 X99.558 Y56.464 E147.89043
G1 X100.234 Y56.4 E147.9627
G1 X100.4 Y56.4 E147.98037
G1 X100.935 Y56.44 E148.03747
G1 X101.321 Y56.528 E148.07961
G1 X101.558 Y56.464 E148.10574
G1 X102.234 Y56.4 E148.17801
G1 X117.766 Y56.4 E149.83111
G1 X118.301 Y56.44 E149.88821
G1 X118.68 Y56.526 E149.92958
G1 X118.783 Y56.494 E149.94106
G1 X119.313 Y56.411 E149.99815
G1 X119.6 Y56.4 E150.02872
G1 X119.766 Y56.4 E150.04639
G1 X120.301 Y56.44 E150.10349
G1 X120.824 Y56.559 E150.16058
G1 X121.323 Y56.754 E150.2176
G1 X121.788 Y57.022 E150.27472
G1 X122.312 Y57.454 E150.347
G1 X122.546 Y57.688 E150.38222
G1 X122.895 Y58.095 E150.43929
G1 X123.181 Y58.549 E150.49639
G1 X123.396 Y59.04 E150.55344
G1 X123.536 Y59.558 E150.61055
G1 X123.6 Y60.234 E150.68282
G1 X123.6 Y159.766 E161.27626
G1 X123.56 Y160.301 E161.33336
G1 X123.441 Y160.824 E161.39044
G1 X123.246 Y161.323 E161.44746
G1 X122.978 Y161.788 E161.50459
G1 X122.546 Y162.312 E161.57687
G1 X122.312 Y162.546 E161.61209
G1 X121.905 Y162.895 E161.66915
G1 X121.451 Y163.181 E161.72626
G1 X120.96 Y163.396 E161.78331
G1 X120.442 Y163.536 E161.84042
G1 X119.766 Y163.6 E161.91269
G1 X119.6 Y163.6 E161.93036
G1 X119.065 Y163.56 E161.98746
G1 X118.679 Y163.472 E162.02959
G1 X118.442 Y163.536 E162.05572
G1 X117.766 Y163.6 E162.12799
G1 X102.234 Y163.6 E163.7811
G1 X101.699 Y163.56 E163.8382
G1 X101.32 Y163.474 E163.87956
G1 X101.217 Y163.506 E163.89104
G1 X100.687 Y163.589 E163.94814
G1 X100.4 Y163.6 E163.97871
G1 X100.234 Y163.6 E163.99638
G1 X99.699 Y163.56 E164.05348
G1 X99.176 Y163.441 E164.11056
G1 X98.677 Y163.246 E164.16758
G1 X98.212 Y162.978 E164.22471
G1 X97.688 Y162.546 E164.29699
G1 X97.454 Y162.312 E164.33221
G1 X97.105 Y161.905 E164.38927
G1 X96.819 Y161.451 E164.44638
G1 X96.604 Y160.96 E164.50343
G1 X96.464 Y160.442 E164.56054
G1 X96.4 Y159.766 E164.63281
G1 X96.4 Y60.234 E175.22624
G1 X96.44 Y59.699 E175.28334
G1 X96.559 Y59.176 E175.34043
G1 X96.754 Y58.677 E175.39745
G0 F9000 X97.553 Y58.874
G1 F3000 X97.816 Y58.481 E175.44778
G1 X98.02 Y58.254 E175.48026
G1 X98.254 Y58.02 E175.51548
G1 X98.616 Y57.715 E175.56587
G1 X99.023 Y57.475 E175.61615
G1 X99.465 Y57.308 E175.66644
G1 X99.929 Y57.217 E175.71677
G1 X100.234 Y57.2 E175.74928
G1 X100.4 Y57.2 E175.76695
G1 X100.871 Y57.24 E175.81726
G1 X101.329 Y57.359 E175.86762
G1 X101.465 Y57.308 E175.88308
G1 X101.929 Y57.217 E175.93341
G1 X102.234 Y57.2 E175.96592
G1 X117.766 Y57.2 E177.61903
G1 X118.237 Y57.24 E177.66934
G1 X118.696 Y57.359 E177.71981
G1 X118.994 Y57.266 E177.75303
G1 X119.6 Y57.2 E177.81791
G1 X119.766 Y57.2 E177.83558
G1 X120.237 Y57.24 E177.88589
G1 X120.695 Y57.359 E177.93625
G1 X121.126 Y57.553 E177.98656
G1 X121.519 Y57.816 E178.03689
G1 X121.746 Y58.02 E178.06937
G1 X121.98 Y58.254 E178.10459
G1 X122.285 Y58.616 E178.15497
G1 X122.525 Y59.023 E178.20526
G1 X122.692 Y59.465 E178.25555
G1 X122.783 Y59.929 E178.30588
G1 X122.8 Y60.234 E178.33839
G1 X122.8 Y159.766 E188.93182
G1 X122.76 Y160.237 E188.98213
G1 X122.641 Y160.695 E189.0325
G1 X122.447 Y161.126 E189.0828
G1 X122.184 Y161.519 E189.13313
G1 X121.98 Y161.746 E189.16561
G1 X121.746 Y161.98 E189.20084
G1 X121.384 Y162.285 E189.25122
G1 X120.977 Y162.525 E189.3015
G1 X120.535 Y162.692 E189.35179
G1 X120.071 Y162.783 E189.40212
G1 X119.766 Y162.8 E189.43463
G1 X119.6 Y162.8 E189.4523
G1 X119.129 Y162.76 E189.50261
G1 X118.671 Y162.641 E189.55297
G1 X118.535 Y162.692 E189.56843
G1 X118.071 Y162.783 E189.61876
G1 X117.766 Y162.8 E189.65127
G1 X102.234 Y162.8 E191.30438
G1 X101.763 Y162.76 E191.35469
G1 X101.304 Y162.641 E191.40516
G1 X101.006 Y162.734 E191.43838
G1 X100.4 Y162.8 E191.50326
G1 X100.234 Y162.8 E191.52093
G1 X99.763 Y162.76 E191.57124
G1 X99.305 Y162.641 E191.6216
G1 X98.874 Y162.447 E191.67191
G1 X98.481 Y162.184 E191.72224
G1 X98.254 Y161.98 E191.75472
G1 X98.02 Y161.746 E191.78994
G1 X97.715 Y161.384 E191.84032
G1 X97.475 Y160.977 E191.89061
G1 X97.308 Y160.535 E191.9409
G1 X97.217 Y160.071 E191.99123
G1 X97.2 Y159.766 E192.02374
G1 X97.2 Y60.234 E202.61717
G1 X97.24 Y59.763 E202.66748
G1 X97.359 Y59.305 E202.71785
G1 X97.553 Y58.874 E202.76815
G0 F9000 X98.35 Y59.104
G1 F3000 X98.586 Y58.82 E202.80745
G1 X98.82 Y58.586 E202.84267
G1 X99.129 Y58.333 E202.88518
G1 X99.482 Y58.147 E202.92765
G1 X99.866 Y58.034 E202.97025
G1 X100.234 Y58 E203.00958
G1 X100.4 Y58 E203.02725
G1 X100.798 Y58.04 E203.06983
G1 X101.179 Y58.158 E203.11228
G1 X101.317 Y58.234 E203.12904
G1 X101.482 Y58.147 E203.1489
G1 X101.866 Y58.034 E203.1915
G1 X102.234 Y58 E203.23083
G1 X117.766 Y58 E204.88394
G1 X118.164 Y58.04 E204.92652
G1 X118.545 Y58.158 E204.96897
G1 X118.684 Y58.234 E204.98583
G1 X118.876 Y58.136 E205.00877
G1 X119.261 Y58.029 E205.0513
G1 X119.6 Y58 E205.08751
G1 X119.766 Y58 E205.10518
G1 X120.164 Y58.04 E205.14775
G1 X120.545 Y58.158 E205.19021
G1 X120.896 Y58.35 E205.23279
G1 X121.18 Y58.586 E205.27209
G1 X121.414 Y58.82 E205.30731
G1 X121.667 Y59.129 E205.34981
G1 X121.853 Y59.482 E205.39228
G1 X121.966 Y59.866 E205.43488
G1 X122 Y60.234 E205.47422
G1 X122 Y159.766 E216.06765
G1 X121.96 Y160.164 E216.11022
G1 X121.842 Y160.545 E216.15268
G1 X121.65 Y160.896 E216.19526
G1 X121.414 Y161.18 E216.23456
G1 X121.18 Y161.414 E216.26978
G1 X120.871 Y161.667 E216.31228
G1 X120.518 Y161.853 E216.35475
G1 X120.134 Y161.966 E216.39735
G1 X119.766 Y162 E216.43669
G1 X119.6 Y162 E216.45436
G1 X119.202 Y161.96 E216.49693
G1 X118.821 Y161.842 E216.53938
G1 X118.683 Y161.766 E216.55615
G1 X118.518 Y161.853 E216.576
G1 X118.134 Y161.966 E216.6186
G1 X117.766 Y162 E216.65794
G1 X102.234 Y162 E218.31105
G1 X101.836 Y161.96 E218.35362
G1 X101.455 Y161.842 E218.39607
G1 X101.316 Y161.766 E218.41293
G1 X101.124 Y161.864 E218.43588
G1 X100.739 Y161.971 E218.47841
G1 X100.4 Y162 E218.51462
G1 X100.234 Y162 E218.53229
G1 X99.836 Y161.96 E218.57486
G1 X99.455 Y161.842 E218.61731
G1 X99.104 Y161.65 E218.65989
G1 X98.82 Y161.414 E218.69919
G1 X98.586 Y161.18 E218.73441
G1 X98.333 Y160.871 E218.77692
G1 X98.147 Y160.518 E218.81939
G1 X98.034 Y160.134 E218.86199
G1 X98 Y159.766 E218.90132
G1 X98 Y60.234 E229.49476
G1 X98.04 Y59.836 E229.53733
G1 X98.158 Y59.455 E229.57978
G1 X98.35 Y59.104 E229.62236
G0 F9000 X98.957 Y59.641
G1 F3000 X99.151 Y59.385 E229.65655
G1 X99.385 Y59.151 E229.69177
G1 X99.63 Y58.963 E229.72464
G1 X99.915 Y58.843 E229.75755
G1 X100.234 Y58.8 E229.79181
G1 X100.4 Y58.8 E229.80948
G1 X100.707 Y58.84 E229.84243
G1 X100.993 Y58.957 E229.87532
G1 X101.24 Y59.143 E229.90823
G1 X101.307 Y59.229 E229.91983
G1 X101.385 Y59.151 E229.93157
G1 X101.63 Y58.963 E229.96444
G1 X101.915 Y58.843 E229.99735
G1 X102.234 Y58.8 E230.03161
G1 X117.766 Y58.8 E231.68472
G1 X118.073 Y58.84 E231.71767
G1 X118.359 Y58.957 E231.75056
G1 X118.615 Y59.151 E231.78474
G1 X118.692 Y59.228 E231.79633
G1 X118.743 Y59.16 E231.80538
G1 X118.986 Y58.969 E231.83828
G1 X119.27 Y58.846 E231.87122
G1 X119.6 Y58.8 E231.90668
G1 X119.766 Y58.8 E231.92435
G1 X120.073 Y58.84 E231.9573
G1 X120.359 Y58.957 E231.99019
G1 X120.615 Y59.151 E232.02437
G1 X120.849 Y59.385 E232.05959
G1 X121.037 Y59.63 E232.09246
G1 X121.157 Y59.915 E232.12537
G1 X121.2 Y60.234 E232.15963
G1 X121.2 Y159.766 E242.75307
G1 X121.16 Y160.073 E242.78602
G1 X121.043 Y160.359 E242.8189
G1 X120.849 Y160.615 E242.85309
G1 X120.615 Y160.849 E242.88831
G1 X120.37 Y161.037 E242.92118
G1 X120.085 Y161.157 E242.95409
G1 X119.766 Y161.2 E242.98835
G1 X119.6 Y161.2 E243.00602
G1 X119.293 Y161.16 E243.03897
G1 X119.007 Y161.043 E243.07186
G1 X118.76 Y160.857 E243.10477
G1 X118.693 Y160.771 E243.11637
G1 X118.615 Y160.849 E243.12811
G1 X118.37 Y161.037 E243.16098
G1 X118.085 Y161.157 E243.19389
G1 X117.766 Y161.2 E243.22815
G1 X102.234 Y161.2 E244.88126
G1 X101.927 Y161.16 E244.91421
G1 X101.641 Y161.043 E244.9471
G1 X101.385 Y160.849 E244.98129
G1 X101.308 Y160.772 E244.99288
G1 X101.257 Y160.84 E245.00192
G1 X101.014 Y161.031 E245.03482
G1 X100.73 Y161.154 E245.06776
G1 X100.4 Y161.2 E245.10322
G1 X100.234 Y161.2 E245.12089
G1 X99.927 Y161.16 E245.15384
G1 X99.641 Y161.043 E245.18673
G1 X99.385 Y160.849 E245.22091
G1 X99.151 Y160.615 E245.25614
G1 X98.963 Y160.37 E245.289
G1 X98.843 Y160.085 E245.32192
G1 X98.8 Y159.766 E245.35618
G1 X98.8 Y60.234 E255.94961
G1 X98.84 Y59.927 E255.98256
G1 X98.957 Y59.641 E256.01545
G0 F9000 X99.64 Y60.061
G1 F3000 X99.717 Y59.951 E256.02974
G1 X99.951 Y59.717 E256.06496
G1 X100.102 Y59.623 E256.08389
G1 X100.4 Y59.6 E256.1157
G1 X100.573 Y59.64 E256.1346
G1 X100.712 Y59.75 E256.15347
G1 X100.8 Y60 E256.18167
G1 X100.8 Y160 E266.82492
G1 X100.761 Y160.173 E266.84379
G1 X100.65 Y160.312 E266.86273
G1 X100.4 Y160.4 E266.89093
G1 X100.061 Y160.361 E266.92725
G1 X99.951 Y160.283 E266.9416
G1 X99.717 Y160.049 E266.97683
G1 X99.623 Y159.898 E266.99576
G1 X99.6 Y159.766 E267.01002
G1 X99.6 Y60.234 E277.60345
G1 X99.64 Y60.061 E277.62235
G1 F1500 E271.12235
G0 F9000 X101.64 Y60.061
G1 F1500 E277.62235
G1 F3000 X101.717 Y59.951 E277.63664
G1 X101.951 Y59.717 E277.67186
G1 X102.102 Y59.623 E277.69079
G1 X102.234 Y59.6 E277.70505
G1 X117.766 Y59.6 E279.35816
G1 X117.939 Y59.64 E279.37706
G1 X118.049 Y59.717 E279.39135
G1 X118.283 Y59.951 E279.42657
G1 X118.377 Y60.102 E279.4455
G1 X118.4 Y60.234 E279.45976
G1 X118.4 Y159.766 E290.0532
G1 X118.361 Y159.939 E290.07207
G1 X118.283 Y160.049 E290.08642
G1 X118.049 Y160.283 E290.12164
G1 X117.898 Y160.377 E290.14058
G1 X117.766 Y160.4 E290.15484
G1 X102.234 Y160.4 E291.80795
G1 X102.061 Y160.361 E291.82682
G1 X101.951 Y160.283 E291.84117
G1 X101.717 Y160.049 E291.87639
G1 X101.623 Y159.898 E291.89532
G1 X101.6 Y159.766 E291.90959
G1 X101.6 Y60.234 E302.50302
G1 X101.64 Y60.061 E302.52192
G1 F1500 E296.02192
G0 F9000 X101.436 Y59.858
G0 X101.96 Y59.339
G0 X118.04 Y59.339
G0 X118.665 Y60
G0 X119.2 Y60
G1 F1500 E302.52192
G1 F3000 X119.24 Y59.827 E302.54082
G1 X119.35 Y59.688 E302.55968
G1 X119.6 Y59.6 E302.58789
G1 X119.939 Y59.64 E302.62422
G1 X120.049 Y59.717 E302.63851
G1 X120.283 Y59.951 E302.67373
G1 X120.377 Y60.102 E302.69266
G1 X120.4 Y60.234 E302.70692
G1 X120.4 Y159.766 E313.30036
G1 X120.361 Y159.939 E313.31923
G1 X120.283 Y160.049 E313.33358
G1 X120.049 Y160.283 E313.36881
G1 X119.898 Y160.377 E313.38774
G1 X119.6 Y160.4 E313.41955
G1 X119.427 Y160.361 E313.43842
G1 X119.288 Y160.25 E313.45736
G1 X119.2 Y160 E313.48556
G1 X119.2 Y60 E324.12881
G1 F1500 E317.62881
;MESH:GUIDA INFERIORE DIVA.stl
G0 F9000 X117.186 Y60.814
G0 X117.1 Y159.13
G1 F1500 E324.12881
G0 F9000 X117.6 Y159.6
;TYPE:WALL-OUTER
G1 F3000 X102.4 Y159.6 E325.74658
G1 X102.4 Y60.4 E336.30468
G1 X117.6 Y60.4 E337.92245
G1 X117.6 Y159.6 E348.48055
G0 F9000 X117.13 Y159.13
G0 X116.8 Y158.8
;TYPE:WALL-INNER
G1 F3000 X103.2 Y158.8 E349.92803
G1 X103.2 Y61.2 E360.31583
G1 X116.8 Y61.2 E361.76331
G1 X116.8 Y158.8 E372.15112
G0 F9000 X116 Y158
G1 F3000 X104 Y158 E373.42831
G1 X104 Y62 E383.64582
G1 X116 Y62 E384.92301
G1 X116 Y158 E395.14053
G0 F9000 X115.69 Y157.21
G0 X115.21 Y157.21
;TYPE:SKIN
G1 F3000 X104.79 Y157.21 E396.24955
G1 X104.79 Y62.79 E406.2989
G1 X115.21 Y62.79 E407.40793
G1 X115.21 Y157.21 E417.45728
G0 F9000 X115.69 Y157.21
G0 X115.618 Y157.618
G0 X105.976 Y157.69
G0 X105.976 Y156.888
G1 F3000 X105.109 Y156.02 E417.58785
G0 F9000 X104.31 Y156.02
G0 X104.31 Y154.889
G0 X105.109 Y154.889
G1 F3000 X107.108 Y156.888 E417.88874
G0 F9000 X107.108 Y157.69
G0 X108.239 Y157.69
G0 X108.239 Y156.888
G1 F3000 X105.109 Y153.758 E418.35986
G0 F9000 X104.31 Y153.758
G0 X104.31 Y152.626
G0 X105.109 Y152.626
G1 F3000 X109.371 Y156.888 E419.00137
G0 F9000 X109.371 Y157.69
G0 X110.502 Y157.69
G0 X110.502 Y156.888
G1 F3000 X105.109 Y151.495 E419.81311
G0 F9000 X104.31 Y151.495
G0 X104.31 Y150.364
G0 X105.109 Y150.364
G1 F3000 X111.633 Y156.888 E420.79509
G0 F9000 X111.633 Y157.69
G0 X112.765 Y157.69
G0 X112.765 Y156.888
G1 F3000 X105.109 Y149.232 E421.94746
G0 F9000 X104.31 Y149.232
G0 X104.31 Y148.101
G0 X105.109 Y148.101
G1 F3000 X113.896 Y156.888 E423.27006
G0 F9000 X113.896 Y157.69
G0 X115.618 Y157.618
G0 X115.69 Y156.75
G0 X114.89 Y156.75
G1 F3000 X105.109 Y146.97 E424.74221
G0 F9000 X104.31 Y146.97
G0 X104.31 Y145.838
G0 X105.109 Y145.838
G1 F3000 X114.89 Y155.619 E426.21443
G0 F9000 X115.69 Y155.619
G0 X115.69 Y154.487
G0 X114.89 Y154.487
G1 F3000 X105.109 Y144.707 E427.68657
G0 F9000 X104.31 Y144.707
G0 X104.31 Y143.575
G0 X105.109 Y143.575
G1 F3000 X114.89 Y153.356 E429.15879
G0 F9000 X115.69 Y153.356
G0 X115.69 Y152.225
G0 X114.89 Y152.225
G1 F3000 X105.109 Y142.444 E430.63101
G0 F9000 X104.31 Y142.444
G0 X104.31 Y141.313
G0 X105.109 Y141.313
G1 F3000 X114.89 Y151.093 E432.10315
G0 F9000 X115.69 Y151.093
G0 X115.69 Y149.962
G0 X114.89 Y149.962
G1 F3000 X105.109 Y140.181 E433.57537
G0 F9000 X104.31 Y140.181
G0 X104.31 Y139.05
G0 X105.109 Y139.05
G1 F3000 X114.89 Y148.831 E435.04759
G0 F9000 X115.69 Y148.831
G0 X115.69 Y147.699
G0 X114.89 Y147.699
G1 F3000 X105.109 Y137.919 E436.51973
G0 F9000 X104.31 Y137.919
G0 X104.31 Y136.787
G0 X105.109 Y136.787
G1 F3000 X114.89 Y146.568 E437.99195
G0 F9000 X115.69 Y146.568
G0 X115.69 Y145.437
G0 X114.89 Y145.437
G1 F3000 X105.109 Y135.656 E439.46417
G0 F9000 X104.31 Y135.656
G0 X104.31 Y134.524
G0 X105.109 Y134.524
G1 F3000 X114.89 Y144.305 E440.93638
G0 F9000 X115.69 Y144.305
G0 X115.69 Y143.174
G0 X114.89 Y143.174
G1 F3000 X105.109 Y133.393 E442.4086
G0 F9000 X104.31 Y133.393
G0 X104.31 Y132.262
G0 X105.109 Y132.262
G1 F3000 X114.89 Y142.042 E443.88075
G0 F9000 X115.69 Y142.042
G0 X115.69 Y140.911
G0 X114.89 Y140.911
G1 F3000 X105.109 Y131.13 E445.35296
G0 F9000 X104.31 Y131.13
G0 X104.31 Y129.999
G0 X105.109 Y129.999
G1 F3000 X114.89 Y139.78 E446.82518
G0 F9000 X115.69 Y139.78
G0 X115.69 Y138.648
G0 X114.89 Y138.648
G1 F3000 X105.109 Y128.868 E448.29733
G0 F9000 X104.31 Y128.868
G0 X104.31 Y127.736
G0 X105.109 Y127.736
G1 F3000 X114.89 Y137.517 E449.76954
G0 F9000 X115.69 Y137.517
G0 X115.69 Y136.386
G0 X114.89 Y136.386
G1 F3000 X105.109 Y126.605 E451.24176
G0 F9000 X104.31 Y126.605
G0 X104.31 Y125.473
G0 X105.109 Y125.473
G1 F3000 X114.89 Y135.254 E452.71398
G0 F9000 X115.69 Y135.254
G0 X115.69 Y134.123
G0 X114.89 Y134.123
G1 F3000 X105.109 Y124.342 E454.1862
G0 F9000 X104.31 Y124.342
G0 X104.31 Y123.211
G0 X105.109 Y123.211
G1 F3000 X114.89 Y132.991 E455.65834
G0 F9000 X115.69 Y132.991
G0 X115.69 Y131.86
G0 X114.89 Y131.86
G1 F3000 X105.109 Y122.079 E457.13056
G0 F9000 X104.31 Y122.079
G0 X104.31 Y120.948
G0 X105.109 Y120.948
G1 F3000 X114.89 Y130.729 E458.60278
G0 F9000 X115.69 Y130.729
G0 X115.69 Y129.597
G0 X114.89 Y129.597
G1 F3000 X105.109 Y119.817 E460.07492
G0 F9000 X104.31 Y119.817
G0 X104.31 Y118.685
G0 X105.109 Y118.685
G1 F3000 X114.89 Y128.466 E461.54714
G0 F9000 X115.69 Y128.466
G0 X115.69 Y127.335
G0 X114.89 Y127.335
G1 F3000 X105.109 Y117.554 E463.01936
G0 F9000 X104.31 Y117.554
G0 X104.31 Y116.423
G0 X105.109 Y116.423
G1 F3000 X114.89 Y126.203 E464.4915
G0 F9000 X115.69 Y126.203
G0 X115.69 Y125.072
G0 X114.89 Y125.072
G1 F3000 X105.109 Y115.291 E465.96372
G0 F9000 X104.31 Y115.291
G0 X104.31 Y114.16
G0 X105.109 Y114.16
G1 F3000 X114.89 Y123.94 E467.43586
G0 F9000 X115.69 Y123.94
G0 X115.69 Y122.809
G0 X114.89 Y122.809
G1 F3000 X105.109 Y113.028 E468.90808
G0 F9000 X104.31 Y113.028
G0 X104.31 Y111.897
G0 X105.109 Y111.897
G1 F3000 X114.89 Y121.678 E470.3803
G0 F9000 X115.69 Y121.678
G0 X115.69 Y120.546
G0 X114.89 Y120.546
G1 F3000 X105.109 Y110.766 E471.85244
G0 F9000 X104.31 Y110.766
G0 X104.31 Y109.634
G0 X105.109 Y109.634
G1 F3000 X114.89 Y119.415 E473.32466
G0 F9000 X115.69 Y119.415
G0 X115.69 Y118.284
G0 X114.89 Y118.284
G1 F3000 X105.109 Y108.503 E474.79688
G0 F9000 X104.31 Y108.503
G0 X104.31 Y107.372
G0 X105.109 Y107.372
G1 F3000 X114.89 Y117.152 E476.26902
G0 F9000 X115.69 Y117.152
G0 X115.69 Y116.021
G0 X114.89 Y116.021
G1 F3000 X105.109 Y106.24 E477.74124
G0 F9000 X104.31 Y106.24
G0 X104.31 Y105.109
G0 X105.109 Y105.109
G1 F3000 X114.89 Y114.89 E479.21346
G0 F9000 X115.69 Y114.89
G0 X115.69 Y113.758
G0 X114.89 Y113.758
G1 F3000 X105.109 Y103.977 E480.68568
G0 F9000 X104.31 Y103.977
G0 X104.31 Y102.846
G0 X105.109 Y102.846
G1 F3000 X114.89 Y112.627 E482.1579
G0 F9000 X115.69 Y112.627
G0 X115.69 Y111.495
G0 X114.89 Y111.495
G1 F3000 X105.109 Y101.715 E483.63004
G0 F9000 X104.31 Y101.715
G0 X104.31 Y100.583
G0 X105.109 Y100.583
G1 F3000 X114.89 Y110.364 E485.10226
G0 F9000 X115.69 Y110.364
G0 X115.69 Y109.233
G0 X114.89 Y109.233
G1 F3000 X105.109 Y99.452 E486.57448
G0 F9000 X104.31 Y99.452
G0 X104.31 Y98.321
G0 X105.109 Y98.321
G1 F3000 X114.89 Y108.101 E488.04662
G0 F9000 X115.69 Y108.101
G0 X115.69 Y106.97
G0 X114.89 Y106.97
G1 F3000 X105.109 Y97.189 E489.51884
G0 F9000 X104.31 Y97.189
G0 X104.31 Y96.058
G0 X105.109 Y96.058
G1 F3000 X114.89 Y105.839 E490.99106
G0 F9000 X115.69 Y105.839
G0 X115.69 Y104.707
G0 X114.89 Y104.707
G1 F3000 X105.109 Y94.926 E492.46328
G0 F9000 X104.31 Y94.926
G0 X104.31 Y93.795
G0 X105.109 Y93.795
G1 F3000 X114.89 Y103.576 E493.93549
G0 F9000 X115.69 Y103.576
G0 X115.69 Y102.444
G0 X114.89 Y102.444
G1 F3000 X105.109 Y92.664 E495.40764
G0 F9000 X104.31 Y92.664
G0 X104.31 Y91.532
G0 X105.109 Y91.532
G1 F3000 X114.89 Y101.313 E496.87986
G0 F9000 X115.69 Y101.313
G0 X115.69 Y100.182
G0 X114.89 Y100.182
G1 F3000 X105.109 Y90.401 E498.35207
G0 F9000 X104.31 Y90.401
G0 X104.31 Y89.27
G0 X105.109 Y89.27
G1 F3000 X114.89 Y99.05 E499.82422
G0 F9000 X115.69 Y99.05
G0 X115.69 Y97.919
G0 X114.89 Y97.919
G1 F3000 X105.109 Y88.138 E501.29644
G0 F9000 X104.31 Y88.138
G0 X104.31 Y87.007
G0 X105.109 Y87.007
G1 F3000 X114.89 Y96.788 E502.76865
G0 F9000 X115.69 Y96.788
G0 X115.69 Y95.656
G0 X114.89 Y95.656
G1 F3000 X105.109 Y85.875 E504.24087
G0 F9000 X104.31 Y85.875
G0 X104.31 Y84.744
G0 X105.109 Y84.744
G1 F3000 X114.89 Y94.525 E505.71309
G0 F9000 X115.69 Y94.525
G0 X115.69 Y93.393
G0 X114.89 Y93.393
G1 F3000 X105.109 Y83.613 E507.18523
G0 F9000 X104.31 Y83.613
G0 X104.31 Y82.481
G0 X105.109 Y82.481
G1 F3000 X114.89 Y92.262 E508.65745
G0 F9000 X115.69 Y92.262
G0 X115.69 Y91.131
G0 X114.89 Y91.131
G1 F3000 X105.109 Y81.35 E510.12967
G0 F9000 X104.31 Y81.35
G0 X104.31 Y80.219
G0 X105.109 Y80.219
G1 F3000 X114.89 Y89.999 E511.60181
G0 F9000 X115.69 Y89.999
G0 X115.69 Y88.868
G0 X114.89 Y88.868
G1 F3000 X105.109 Y79.087 E513.07403
G0 F9000 X104.31 Y79.087
G0 X104.31 Y77.956
G0 X105.109 Y77.956
G1 F3000 X114.89 Y87.737 E514.54625
G0 F9000 X115.69 Y87.737
G0 X115.69 Y86.605
G0 X114.89 Y86.605
G1 F3000 X105.109 Y76.825 E516.01839
G0 F9000 X104.31 Y76.825
G0 X104.31 Y75.693
G0 X105.109 Y75.693
G1 F3000 X114.89 Y85.474 E517.49061
G0 F9000 X115.69 Y85.474
G0 X115.69 Y84.342
G0 X114.89 Y84.342
G1 F3000 X105.109 Y74.562 E518.96276
G0 F9000 X104.31 Y74.562
G0 X104.31 Y73.43
G0 X105.109 Y73.43
G1 F3000 X114.89 Y83.211 E520.43497
G0 F9000 X115.69 Y83.211
G0 X115.69 Y82.08
G0 X114.89 Y82.08
G1 F3000 X105.109 Y72.299 E521.90719
G0 F9000 X104.31 Y72.299
G0 X104.31 Y71.168
G0 X105.109 Y71.168
G1 F3000 X114.89 Y80.948 E523.37934
G0 F9000 X115.69 Y80.948
G0 X115.69 Y79.817
G0 X114.89 Y79.817
G1 F3000 X105.109 Y70.036 E524.85155
G0 F9000 X104.31 Y70.036
G0 X104.31 Y68.905
G0 X105.109 Y68.905
G1 F3000 X114.89 Y78.686 E526.32377
G0 F9000 X115.69 Y78.686
G0 X115.69 Y77.554
G0 X114.89 Y77.554
G1 F3000 X105.109 Y67.774 E527.79592
G0 F9000 X104.31 Y67.774
G0 X104.31 Y66.642
G0 X105.109 Y66.642
G1 F3000 X114.89 Y76.423 E529.26813
G0 F9000 X115.69 Y76.423
G0 X115.69 Y75.292
G0 X114.89 Y75.292
G1 F3000 X105.109 Y65.511 E530.74035
G0 F9000 X104.31 Y65.511
G0 X104.31 Y64.379
G0 X105.109 Y64.379
G1 F3000 X114.89 Y74.16 E532.21257
G0 F9000 X115.69 Y74.16
G0 X115.69 Y73.029
G0 X114.89 Y73.029
G1 F3000 X105.109 Y63.248 E533.68479
G0 F9000 X104.31 Y63.248
G0 X104.382 Y62.382
G0 X106.102 Y62.31
G0 X106.102 Y63.11
G1 F3000 X114.89 Y71.897 E535.00747
G0 F9000 X115.69 Y71.897
G0 X115.69 Y70.766
G0 X114.89 Y70.766
G1 F3000 X107.234 Y63.11 E536.15984
G0 F9000 X107.234 Y62.31
G0 X108.365 Y62.31
G0 X108.365 Y63.11
G1 F3000 X114.89 Y69.635 E537.14197
G0 F9000 X115.69 Y69.635
G0 X115.69 Y68.503
G0 X114.89 Y68.503
G1 F3000 X109.496 Y63.11 E537.95379
G0 F9000 X109.496 Y62.31
G0 X110.628 Y62.31
G0 X110.628 Y63.11
G1 F3000 X114.89 Y67.372 E538.59529
G0 F9000 X115.69 Y67.372
G0 X115.69 Y66.241
G0 X114.89 Y66.241
G1 F3000 X111.759 Y63.11 E539.06657
G0 F9000 X111.759 Y62.31
G0 X112.891 Y62.31
G0 X112.891 Y63.11
G1 F3000 X114.89 Y65.109 E539.36745
G0 F9000 X115.69 Y65.109
G0 X115.69 Y63.978
G0 X114.89 Y63.978
G1 F3000 X114.022 Y63.11 E539.4981
G0 F9000 X114.022 Y61.61
G1 F1500 E532.9981
;MESH:NONMESH
G0 F300 X114.022 Y61.61 Z0.64
G0 F9000 X104.382 Y62.382
G0 X102.82 Y62.917
G0 X99.999 Y62.917
;TIME_ELAPSED:137.648483
;LAYER:1
;TYPE:SUPPORT-INTERFACE
G1 F1500 E539.4981
G1 F3000 X100.399 Y62.518 E539.55823
G0 F12000 X99.999 Y66.057
G1 F3000 X100.399 Y66.458 E539.61852
G0 F12000 X100.399 Y69.306
G1 F3000 X99.999 Y69.705 E539.67865
G0 F12000 X99.999 Y72.846
G1 F3000 X100.399 Y73.247 E539.73893
G0 F12000 X100.399 Y76.094
G1 F3000 X99.999 Y76.494 E539.79914
G0 F12000 X99.999 Y79.634
G1 F3000 X100.399 Y80.035 E539.85942
G0 F12000 X100.399 Y82.882
G1 F3000 X99.999 Y83.282 E539.91963
G0 F12000 X99.999 Y86.422
G1 F3000 X100.399 Y86.823 E539.97991
G0 F12000 X100.399 Y89.671
G1 F3000 X99.999 Y90.07 E540.04004
G0 F12000 X99.999 Y93.21
G1 F3000 X100.399 Y93.611 E540.10033
G0 F12000 X100.399 Y96.459
G1 F3000 X99.999 Y96.858 E540.16046
G0 F12000 X99.999 Y99.999
G1 F3000 X100.399 Y100.399 E540.22067
G0 F12000 X100.399 Y103.247
G1 F3000 X99.999 Y103.647 E540.28087
G0 F12000 X99.999 Y106.787
G1 F3000 X100.399 Y107.188 E540.34116
G0 F12000 X100.399 Y110.035
G1 F3000 X100 Y110.434 E540.40121
G0 F12000 X99.999 Y113.576
G1 F3000 X100.399 Y113.976 E540.46142
G0 F12000 X100.399 Y116.823
G1 F3000 X100 Y117.222 E540.52148
G0 F12000 X99.999 Y120.364
G1 F3000 X100.399 Y120.764 E540.58168
G0 F12000 X100.399 Y123.612
G1 F3000 X100 Y124.01 E540.64167
G0 F12000 X99.999 Y127.152
G1 F3000 X100.399 Y127.552 E540.70187
G0 F12000 X100.399 Y130.4
G1 F3000 X100 Y130.799 E540.76193
G0 F12000 X99.999 Y133.94
G1 F3000 X100.399 Y134.341 E540.82221
G0 F12000 X100.399 Y137.188
G1 F3000 X100 Y137.587 E540.88227
G0 F12000 X99.999 Y140.729
G1 F3000 X100.399 Y141.129 E540.94248
G0 F12000 X100.399 Y143.976
G1 F3000 X100 Y144.375 E541.00253
G0 F12000 X99.999 Y147.517
G1 F3000 X100.399 Y147.917 E541.06274
G0 F12000 X100.399 Y150.765
G1 F3000 X100 Y151.163 E541.12272
G0 F12000 X99.999 Y154.305
G1 F3000 X100.399 Y154.705 E541.18293
G0 F12000 X100.399 Y157.553
G1 F3000 X100 Y157.952 E541.24299
G1 F1500 E534.74299
G0 F12000 X101.065 Y157.952
G0 X101.339 Y160.04
G0 X101.96 Y160.661
G0 X118.04 Y160.661
G0 X118.661 Y160.04
G0 X118.935 Y158.717
G0 X119.6 Y158.717
G1 F1500 E541.24299
G1 F3000 X119.999 Y158.317 E541.30312
G0 F12000 X120 Y153.941
G1 F3000 X119.599 Y153.54 E541.36348
G0 F12000 X119.6 Y151.928
G1 F3000 X119.999 Y151.529 E541.42353
G0 F12000 X120 Y147.153
G1 F3000 X119.599 Y146.752 E541.48389
G0 F12000 X119.6 Y145.14
G1 F3000 X119.999 Y144.741 E541.54395
G0 F12000 X120 Y140.364
G1 F3000 X119.599 Y139.964 E541.60423
G0 F12000 X119.6 Y138.352
G1 F3000 X119.999 Y137.952 E541.66436
G0 F12000 X120 Y133.576
G1 F3000 X119.599 Y133.175 E541.72472
G0 F12000 X119.6 Y131.564
G1 F3000 X119.999 Y131.164 E541.78485
G0 F12000 X120 Y126.788
G1 F3000 X119.599 Y126.387 E541.84521
G0 F12000 X119.6 Y124.776
G1 F3000 X119.999 Y124.376 E541.90534
G0 F12000 X120 Y120
G1 F3000 X119.599 Y119.599 E541.9657
G0 F12000 X119.6 Y117.987
G1 F3000 X119.999 Y117.588 E542.02576
G0 F12000 X120 Y113.212
G1 F3000 X119.599 Y112.811 E542.08611
G0 F12000 X119.6 Y111.199
G1 F3000 X119.999 Y110.8 E542.14617
G0 F12000 X119.999 Y106.423
G1 F3000 X119.599 Y106.022 E542.20645
G0 F12000 X119.6 Y104.411
G1 F3000 X119.998 Y104.012 E542.26643
G0 F12000 X119.999 Y99.634
G1 F3000 X119.599 Y99.234 E542.32664
G0 F12000 X119.6 Y97.623
G1 F3000 X119.998 Y97.224 E542.38662
G0 F12000 X119.999 Y92.846
G1 F3000 X119.599 Y92.446 E542.44683
G0 F12000 X119.6 Y90.834
G1 F3000 X119.998 Y90.436 E542.50674
G0 F12000 X119.999 Y86.058
G1 F3000 X119.599 Y85.658 E542.56694
G0 F12000 X119.6 Y84.046
G1 F3000 X119.998 Y83.647 E542.62693
G0 F12000 X119.999 Y79.27
G1 F3000 X119.599 Y78.869 E542.68721
G0 F12000 X119.6 Y77.258
G1 F3000 X119.998 Y76.859 E542.74719
G0 F12000 X119.999 Y72.481
G1 F3000 X119.599 Y72.081 E542.8074
G0 F12000 X119.6 Y70.47
G1 F3000 X119.998 Y70.071 E542.86738
G0 F12000 X119.999 Y65.693
G1 F3000 X119.599 Y65.293 E542.92759
G0 F12000 X119.6 Y63.682
G1 F3000 X119.998 Y63.283 E542.98757
G1 F1500 E536.48757
;MESH:GUIDA INFERIORE DIVA.stl
G0 F12000 X117.18 Y63.283
G0 X116 Y158
;TYPE:WALL-INNER
G1 F1500 E542.98757
G1 F3000 X104 Y158 E544.26476
G1 X104 Y62 E554.48227
G1 X116 Y62 E555.75946
G1 X116 Y158 E565.97697
G0 F12000 X116.8 Y158.8
G1 F3000 X103.2 Y158.8 E567.42445
G1 X103.2 Y61.2 E577.81226
G1 X116.8 Y61.2 E579.25974
G1 X116.8 Y158.8 E589.64755
G0 F12000 X117.13 Y159.13
G0 X117.6 Y159.6
;TYPE:WALL-OUTER
G1 F3000 X102.4 Y159.6 E591.26532
G1 X102.4 Y60.4 E601.82342
G1 X117.6 Y60.4 E603.44119
G1 X117.6 Y159.6 E613.99929
G0 F12000 X117.13 Y159.13
G0 X115.69 Y157.21
G0 X115.21 Y157.21
;TYPE:SKIN
G1 F3000 X104.79 Y157.21 E615.10831
G1 X104.79 Y62.79 E625.15766
G1 X115.21 Y62.79 E626.26669
G1 X115.21 Y157.21 E636.31604
G0 F12000 X114.639 Y156.889
G1 F3000 X114.889 Y156.639 E636.35367
G0 F12000 X115.69 Y156.639
G0 X115.69 Y155.508
G0 X114.889 Y155.508
G1 F3000 X113.508 Y156.889 E636.56153
G0 F12000 X113.508 Y157.69
G0 X112.376 Y157.69
G0 X112.376 Y156.889
G1 F3000 X114.889 Y154.376 E636.93979
G0 F12000 X115.69 Y154.376
G0 X115.69 Y153.245
G0 X114.889 Y153.245
G1 F3000 X111.245 Y156.889 E637.48827
G0 F12000 X111.245 Y157.69
G0 X110.114 Y157.69
G0 X110.114 Y156.889
G1 F3000 X114.889 Y152.114 E638.207
G0 F12000 X115.69 Y152.114
G0 X115.69 Y150.982
G0 X114.889 Y150.982
G1 F3000 X108.982 Y156.889 E639.09611
G0 F12000 X108.982 Y157.69
G0 X107.851 Y157.69
G0 X107.851 Y156.889
G1 F3000 X114.889 Y149.851 E640.15546
G0 F12000 X115.69 Y149.851
G0 X115.69 Y148.72
G0 X114.889 Y148.72
G1 F3000 X106.72 Y156.889 E641.38504
G0 F12000 X106.72 Y157.69
G0 X105.588 Y157.69
G0 X105.588 Y156.889
G1 F3000 X114.889 Y147.588 E642.78501
G0 F12000 X115.69 Y147.588
G0 X115.69 Y146.457
G0 X114.889 Y146.457
G1 F3000 X105.11 Y156.236 E644.25693
G0 F12000 X104.31 Y156.236
G0 X104.31 Y155.105
G0 X105.11 Y155.105
G1 F3000 X114.889 Y145.325 E645.72892
G0 F12000 X115.69 Y145.325
G0 X115.69 Y144.194
G0 X114.889 Y144.194
G1 F3000 X105.11 Y153.973 E647.20084
G0 F12000 X104.31 Y153.973
G0 X104.31 Y152.842
G0 X105.11 Y152.842
G1 F3000 X114.889 Y143.063 E648.67275
G0 F12000 X115.69 Y143.063
G0 X115.69 Y141.931
G0 X114.889 Y141.931
G1 F3000 X105.11 Y151.711 E650.14475
G0 F12000 X104.31 Y151.711
G0 X104.31 Y150.579
G0 X105.11 Y150.579
G1 F3000 X114.889 Y140.8 E651.61666
G0 F12000 X115.69 Y140.8
G0 X115.69 Y139.669
G0 X114.889 Y139.669
G1 F3000 X105.11 Y149.448 E653.08858
G0 F12000 X104.31 Y149.448
G0 X104.31 Y148.317
G0 X105.11 Y148.317
G1 F3000 X114.889 Y138.537 E654.56057
G0 F12000 X115.69 Y138.537
G0 X115.69 Y137.406
G0 X114.889 Y137.406
G1 F3000 X105.11 Y147.185 E656.03249
G0 F12000 X104.31 Y147.185
G0 X104.31 Y146.054
G0 X105.11 Y146.054
G1 F3000 X114.889 Y136.275 E657.50441
G0 F12000 X115.69 Y136.275
G0 X115.69 Y135.143
G0 X114.889 Y135.143
G1 F3000 X105.11 Y144.922 E658.97633
G0 F12000 X104.31 Y144.922
G0 X104.31 Y143.791
G0 X105.11 Y143.791
G1 F3000 X114.889 Y134.012 E660.44824
G0 F12000 X115.69 Y134.012
G0 X115.69 Y132.88
G0 X114.889 Y132.88
G1 F3000 X105.11 Y142.66 E661.92024
G0 F12000 X104.31 Y142.66
G0 X104.31 Y141.528
G0 X105.11 Y141.528
G1 F3000 X114.889 Y131.749 E663.39215
G0 F12000 X115.69 Y131.749
G0 X115.69 Y130.618
G0 X114.889 Y130.618
G1 F3000 X105.11 Y140.397 E664.86407
G0 F12000 X104.31 Y140.397
G0 X104.31 Y139.266
G0 X105.11 Y139.266
G1 F3000 X114.889 Y129.486 E666.33606
G0 F12000 X115.69 Y129.486
G0 X115.69 Y128.355
G0 X114.889 Y128.355
G1 F3000 X105.11 Y138.134 E667.80798
G0 F12000 X104.31 Y138.134
G0 X104.31 Y137.003
G0 X105.11 Y137.003
G1 F3000 X114.889 Y127.224 E669.2799
G0 F12000 X115.69 Y127.224
G0 X115.69 Y126.092
G0 X114.889 Y126.092
G1 F3000 X105.11 Y135.871 E670.75182
G0 F12000 X104.31 Y135.871
G0 X104.31 Y134.74
G0 X105.11 Y134.74
G1 F3000 X114.889 Y124.961 E672.22373
G0 F12000 X115.69 Y124.961
G0 X115.69 Y123.829
G0 X114.889 Y123.829
G1 F3000 X105.11 Y133.609 E673.69573
G0 F12000 X104.31 Y133.609
G0 X104.31 Y132.477
G0 X105.11 Y132.477
G1 F3000 X114.889 Y122.698 E675.16764
G0 F12000 X115.69 Y122.698
G0 X115.69 Y121.567
G0 X114.889 Y121.567
G1 F3000 X105.11 Y131.346 E676.63956
G0 F12000 X104.31 Y131.346
G0 X104.31 Y130.215
G0 X105.11 Y130.215
G1 F3000 X114.889 Y120.435 E678.11155
G0 F12000 X115.69 Y120.435
G0 X115.69 Y119.304
G0 X114.889 Y119.304
G1 F3000 X105.11 Y129.083 E679.58347
G0 F12000 X104.31 Y129.083
G0 X104.31 Y127.952
G0 X105.11 Y127.952
G1 F3000 X114.889 Y118.173 E681.05539
G0 F12000 X115.69 Y118.173
G0 X115.69 Y117.041
G0 X114.889 Y117.041
G1 F3000 X105.11 Y126.821 E682.52738
G0 F12000 X104.31 Y126.821
G0 X104.31 Y125.689
G0 X105.11 Y125.689
G1 F3000 X114.889 Y115.91 E683.9993
G0 F12000 X115.69 Y115.91
G0 X115.69 Y114.778
G0 X114.889 Y114.778
G1 F3000 X105.11 Y124.558 E685.47129
G0 F12000 X104.31 Y124.558
G0 X104.31 Y123.426
G0 X105.11 Y123.426
G1 F3000 X114.889 Y113.647 E686.94321
G0 F12000 X115.69 Y113.647
G0 X115.69 Y112.516
G0 X114.889 Y112.516
G1 F3000 X105.11 Y122.295 E688.41512
G0 F12000 X104.31 Y122.295
G0 X104.31 Y121.164
G0 X105.11 Y121.164
G1 F3000 X114.889 Y111.384 E689.88712
G0 F12000 X115.69 Y111.384
G0 X115.69 Y110.253
G0 X114.889 Y110.253
G1 F3000 X105.11 Y120.032 E691.35903
G0 F12000 X104.31 Y120.032
G0 X104.31 Y118.901
G0 X105.11 Y118.901
G1 F3000 X114.889 Y109.122 E692.83095
G0 F12000 X115.69 Y109.122
G0 X115.69 Y107.99
G0 X114.889 Y107.99
G1 F3000 X105.11 Y117.77 E694.30294
G0 F12000 X104.31 Y117.77
G0 X104.31 Y116.638
G0 X105.11 Y116.638
G1 F3000 X114.889 Y106.859 E695.77486
G0 F12000 X115.69 Y106.859
G0 X115.69 Y105.728
G0 X114.889 Y105.728
G1 F3000 X105.11 Y115.507 E697.24678
G0 F12000 X104.31 Y115.507
G0 X104.31 Y114.375
G0 X105.11 Y114.375
G1 F3000 X114.889 Y104.596 E698.7187
G0 F12000 X115.69 Y104.596
G0 X115.69 Y103.465
G0 X114.889 Y103.465
G1 F3000 X105.11 Y113.244 E700.19061
G0 F12000 X104.31 Y113.244
G0 X104.31 Y112.113
G0 X105.11 Y112.113
G1 F3000 X114.889 Y102.333 E701.66261
G0 F12000 X115.69 Y102.333
G0 X115.69 Y101.202
G0 X114.889 Y101.202
G1 F3000 X105.11 Y110.981 E703.13452
G0 F12000 X104.31 Y110.981
G0 X104.31 Y109.85
G0 X105.11 Y109.85
G1 F3000 X114.889 Y100.071 E704.60644
G0 F12000 X115.69 Y100.071
G0 X115.69 Y98.939
G0 X114.889 Y98.939
G1 F3000 X105.11 Y108.719 E706.07843
G0 F12000 X104.31 Y108.719
G0 X104.31 Y107.587
G0 X105.11 Y107.587
G1 F3000 X114.889 Y97.808 E707.55035
G0 F12000 X115.69 Y97.808
G0 X115.69 Y96.677
G0 X114.889 Y96.677
G1 F3000 X105.11 Y106.456 E709.02227
G0 F12000 X104.31 Y106.456
G0 X104.31 Y105.324
G0 X105.11 Y105.324
G1 F3000 X114.889 Y95.545 E710.49419
G0 F12000 X115.69 Y95.545
G0 X115.69 Y94.414
G0 X114.889 Y94.414
G1 F3000 X105.11 Y104.193 E711.9661
G0 F12000 X104.31 Y104.193
G0 X104.31 Y103.062
G0 X105.11 Y103.062
G1 F3000 X114.889 Y93.282 E713.4381
G0 F12000 X115.69 Y93.282
G0 X115.69 Y92.151
G0 X114.889 Y92.151
G1 F3000 X105.11 Y101.93 E714.91001
G0 F12000 X104.31 Y101.93
G0 X104.31 Y100.799
G0 X105.11 Y100.799
G1 F3000 X114.889 Y91.02 E716.38193
G0 F12000 X115.69 Y91.02
G0 X115.69 Y89.888
G0 X114.889 Y89.888
G1 F3000 X105.11 Y99.668 E717.85392
G0 F12000 X104.31 Y99.668
G0 X104.31 Y98.536
G0 X105.11 Y98.536
G1 F3000 X114.889 Y88.757 E719.32584
G0 F12000 X115.69 Y88.757
G0 X115.69 Y87.626
G0 X114.889 Y87.626
G1 F3000 X105.11 Y97.405 E720.79776
G0 F12000 X104.31 Y97.405
G0 X104.31 Y96.274
G0 X105.11 Y96.274
G1 F3000 X114.889 Y86.494 E722.26975
G0 F12000 X115.69 Y86.494
G0 X115.69 Y85.363
G0 X114.889 Y85.363
G1 F3000 X105.11 Y95.142 E723.74167
G0 F12000 X104.31 Y95.142
G0 X104.31 Y94.011
G0 X105.11 Y94.011
G1 F3000 X114.889 Y84.231 E725.21366
G0 F12000 X115.69 Y84.231
G0 X115.69 Y83.1
G0 X114.889 Y83.1
G1 F3000 X105.11 Y92.879 E726.68558
G0 F12000 X104.31 Y92.879
G0 X104.31 Y91.748
G0 X105.11 Y91.748
G1 F3000 X114.889 Y81.969 E728.1575
G0 F12000 X115.69 Y81.969
G0 X115.69 Y80.837
G0 X114.889 Y80.837
G1 F3000 X105.11 Y90.617 E729.62949
G0 F12000 X104.31 Y90.617
G0 X104.31 Y89.485
G0 X105.11 Y89.485
G1 F3000 X114.889 Y79.706 E731.10141
G0 F12000 X115.69 Y79.706
G0 X115.69 Y78.575
G0 X114.889 Y78.575
G1 F3000 X105.11 Y88.354 E732.57332
G0 F12000 X104.31 Y88.354
G0 X104.31 Y87.223
G0 X105.11 Y87.223
G1 F3000 X114.889 Y77.443 E734.04532
G0 F12000 X115.69 Y77.443
G0 X115.69 Y76.312
G0 X114.889 Y76.312
G1 F3000 X105.11 Y86.091 E735.51723
G0 F12000 X104.31 Y86.091
G0 X104.31 Y84.96
G0 X105.11 Y84.96
G1 F3000 X114.889 Y75.181 E736.98915
G0 F12000 X115.69 Y75.181
G0 X115.69 Y74.049
G0 X114.889 Y74.049
G1 F3000 X105.11 Y83.828 E738.46107
G0 F12000 X104.31 Y83.828
G0 X104.31 Y82.697
G0 X105.11 Y82.697
G1 F3000 X114.889 Y72.918 E739.93299
G0 F12000 X115.69 Y72.918
G0 X115.69 Y71.786
G0 X114.889 Y71.786
G1 F3000 X105.11 Y81.566 E741.40498
G0 F12000 X104.31 Y81.566
G0 X104.31 Y80.434
G0 X105.11 Y80.434
G1 F3000 X114.889 Y70.655 E742.8769
G0 F12000 X115.69 Y70.655
G0 X115.69 Y69.524
G0 X114.889 Y69.524
G1 F3000 X105.11 Y79.303 E744.34881
G0 F12000 X104.31 Y79.303
G0 X104.31 Y78.172
G0 X105.11 Y78.172
G1 F3000 X114.889 Y68.392 E745.82081
G0 F12000 X115.69 Y68.392
G0 X115.69 Y67.261
G0 X114.889 Y67.261
G1 F3000 X105.11 Y77.04 E747.29272
G0 F12000 X104.31 Y77.04
G0 X104.31 Y75.909
G0 X105.11 Y75.909
G1 F3000 X114.889 Y66.13 E748.76464
G0 F12000 X115.69 Y66.13
G0 X115.69 Y64.998
G0 X114.889 Y64.998
G1 F3000 X105.11 Y74.777 E750.23656
G0 F12000 X104.31 Y74.777
G0 X104.31 Y73.646
G0 X105.11 Y73.646
G1 F3000 X114.889 Y63.867 E751.70847
G0 F12000 X114.515 Y63.109
G1 F3000 X105.11 Y72.515 E753.12417
G0 F12000 X104.31 Y72.515
G0 X104.31 Y71.383
G0 X105.11 Y71.383
G1 F3000 X113.383 Y63.109 E754.36949
G0 F12000 X113.383 Y62.31
G0 X112.252 Y62.31
G0 X112.252 Y63.109
G1 F3000 X105.11 Y70.252 E755.44456
G0 F12000 X104.31 Y70.252
G0 X104.31 Y69.121
G0 X105.11 Y69.121
G1 F3000 X111.121 Y63.109 E756.3494
G0 F12000 X111.121 Y62.31
G0 X109.989 Y62.31
G0 X109.989 Y63.109
G1 F3000 X105.11 Y67.989 E757.08386
G0 F12000 X104.31 Y67.989
G0 X104.31 Y66.858
G0 X105.11 Y66.858
G1 F3000 X108.858 Y63.109 E757.64807
G0 F12000 X108.858 Y62.31
G0 X107.727 Y62.31
G0 X107.727 Y63.109
G1 F3000 X105.11 Y65.726 E758.04198
G0 F12000 X104.31 Y65.726
G0 X104.31 Y64.595
G0 X105.11 Y64.595
G1 F3000 X106.595 Y63.109 E758.26557
G0 F12000 X106.595 Y62.31
G0 X105.464 Y62.31
G0 X105.464 Y63.109
G1 F3000 X105.11 Y63.464 E758.31893
G0 F12000 X103.61 Y63.464
G1 F1500 E751.81893
;MESH:NONMESH
G0 F300 X103.61 Y63.464 Z0.96
G0 F12000 X102.82 Y62.917
G0 X99.999 Y62.917
;TIME_ELAPSED:216.546078
;LAYER:2
;TYPE:SUPPORT-INTERFACE
G1 F1500 E758.31893
G1 F3000 X100.399 Y62.518 E758.37906
G0 F15000 X99.999 Y66.057
G1 F3000 X100.399 Y66.458 E758.43935
G0 F15000 X100.399 Y69.306
G1 F3000 X99.999 Y69.705 E758.49948
G0 F15000 X99.999 Y72.846
G1 F3000 X100.399 Y73.247 E758.55976
G0 F15000 X100.399 Y76.094
G1 F3000 X99.999 Y76.494 E758.61997
G0 F15000 X99.999 Y79.634
G1 F3000 X100.399 Y80.035 E758.68025
G0 F15000 X100.399 Y82.882
G1 F3000 X99.999 Y83.282 E758.74046
G0 F15000 X99.999 Y86.422
G1 F3000 X100.399 Y86.823 E758.80074
G0 F15000 X100.399 Y89.671
G1 F3000 X99.999 Y90.07 E758.86087
G0 F15000 X99.999 Y93.21
G1 F3000 X100.399 Y93.611 E758.92116
G0 F15000 X100.399 Y96.459
G1 F3000 X99.999 Y96.858 E758.98129
G0 F15000 X99.999 Y99.999
G1 F3000 X100.399 Y100.399 E759.0415
G0 F15000 X100.399 Y103.247
G1 F3000 X99.999 Y103.647 E759.1017
G0 F15000 X99.999 Y106.787
G1 F3000 X100.399 Y107.188 E759.16199
G0 F15000 X100.399 Y110.035
G1 F3000 X100 Y110.434 E759.22204
G0 F15000 X99.999 Y113.576
G1 F3000 X100.399 Y113.976 E759.28225
G0 F15000 X100.399 Y116.823
G1 F3000 X100 Y117.222 E759.34231
G0 F15000 X99.999 Y120.364
G1 F3000 X100.399 Y120.764 E759.40251
G0 F15000 X100.399 Y123.612
G1 F3000 X100 Y124.01 E759.4625
G0 F15000 X99.999 Y127.152
G1 F3000 X100.399 Y127.552 E759.5227
G0 F15000 X100.399 Y130.4
G1 F3000 X100 Y130.799 E759.58276
G0 F15000 X99.999 Y133.94
G1 F3000 X100.399 Y134.341 E759.64304
G0 F15000 X100.399 Y137.188
G1 F3000 X100 Y137.587 E759.7031
G0 F15000 X99.999 Y140.729
G1 F3000 X100.399 Y141.129 E759.76331
G0 F15000 X100.399 Y143.976
G1 F3000 X100 Y144.375 E759.82336
G0 F15000 X99.999 Y147.517
G1 F3000 X100.399 Y147.917 E759.88357
G0 F15000 X100.399 Y150.765
G1 F3000 X100 Y151.163 E759.94355
G0 F15000 X99.999 Y154.305
G1 F3000 X100.399 Y154.705 E760.00376
G0 F15000 X100.399 Y157.553
G1 F3000 X100 Y157.952 E760.06382
G1 F1500 E753.56382
G0 F15000 X101.065 Y157.952
G0 X101.339 Y160.04
G0 X101.96 Y160.661
G0 X118.04 Y160.661
G0 X118.661 Y160.04
G0 X118.935 Y158.717
G0 X119.6 Y158.717
G1 F1500 E760.06382
G1 F3000 X119.999 Y158.317 E760.12395
G0 F15000 X120 Y153.941
G1 F3000 X119.599 Y153.54 E760.18431
G0 F15000 X119.6 Y151.928
G1 F3000 X119.999 Y151.529 E760.24436
G0 F15000 X120 Y147.153
G1 F3000 X119.599 Y146.752 E760.30472
G0 F15000 X119.6 Y145.14
G1 F3000 X119.999 Y144.741 E760.36478
G0 F15000 X120 Y140.364
G1 F3000 X119.599 Y139.964 E760.42506
G0 F15000 X119.6 Y138.352
G1 F3000 X119.999 Y137.952 E760.48519
G0 F15000 X120 Y133.576
G1 F3000 X119.599 Y133.175 E760.54555
G0 F15000 X119.6 Y131.564
G1 F3000 X119.999 Y131.164 E760.60568
G0 F15000 X120 Y126.788
G1 F3000 X119.599 Y126.387 E760.66604
G0 F15000 X119.6 Y124.776
G1 F3000 X119.999 Y124.376 E760.72617
G0 F15000 X120 Y120
G1 F3000 X119.599 Y119.599 E760.78653
G0 F15000 X119.6 Y117.987
G1 F3000 X119.999 Y117.588 E760.84659
G0 F15000 X120 Y113.212
G1 F3000 X119.599 Y112.811 E760.90694
G0 F15000 X119.6 Y111.199
G1 F3000 X119.999 Y110.8 E760.967
G0 F15000 X119.999 Y106.423
G1 F3000 X119.599 Y106.022 E761.02728
G0 F15000 X119.6 Y104.411
G1 F3000 X119.998 Y104.012 E761.08726
G0 F15000 X119.999 Y99.634
G1 F3000 X119.599 Y99.234 E761.14747
G0 F15000 X119.6 Y97.623
G1 F3000 X119.998 Y97.224 E761.20745
G0 F15000 X119.999 Y92.846
G1 F3000 X119.599 Y92.446 E761.26766
G0 F15000 X119.6 Y90.834
G1 F3000 X119.998 Y90.436 E761.32757
G0 F15000 X119.999 Y86.058
G1 F3000 X119.599 Y85.658 E761.38777
G0 F15000 X119.6 Y84.046
G1 F3000 X119.998 Y83.647 E761.44776
G0 F15000 X119.999 Y79.27
G1 F3000 X119.599 Y78.869 E761.50804
G0 F15000 X119.6 Y77.258
G1 F3000 X119.998 Y76.859 E761.56802
G0 F15000 X119.999 Y72.481
G1 F3000 X119.599 Y72.081 E761.62823
G0 F15000 X119.6 Y70.47
G1 F3000 X119.998 Y70.071 E761.68821
G0 F15000 X119.999 Y65.693
G1 F3000 X119.599 Y65.293 E761.74842
G0 F15000 X119.6 Y63.682
G1 F3000 X119.998 Y63.283 E761.8084
G1 F1500 E755.3084
;MESH:GUIDA INFERIORE DIVA.stl
G0 F15000 X117.18 Y63.283
G0 X116 Y158
;TYPE:WALL-INNER
G1 F1500 E761.8084
G1 F3000 X104 Y158 E763.08559
G1 X104 Y62 E773.3031
G1 X116 Y62 E774.58029
G1 X116 Y158 E784.7978
G0 F15000 X116.8 Y158.8
G1 F3000 X103.2 Y158.8 E786.24528
G1 X103.2 Y61.2 E796.63309
G1 X116.8 Y61.2 E798.08057
G1 X116.8 Y158.8 E808.46838
G0 F15000 X117.13 Y159.13
G0 X117.6 Y159.6
;TYPE:WALL-OUTER
G1 F3000 X102.4 Y159.6 E810.08615
G1 X102.4 Y60.4 E820.64425
G1 X117.6 Y60.4 E822.26202
G1 X117.6 Y159.6 E832.82012
G0 F15000 X117.13 Y159.13
G0 X115.69 Y157.21
G0 X115.21 Y157.21
;TYPE:SKIN
G1 F3000 X104.79 Y157.21 E833.92914
G1 X104.79 Y62.79 E843.97849
G1 X115.21 Y62.79 E845.08752
G1 X115.21 Y157.21 E855.13687
G0 F15000 X115.69 Y157.21
G0 X115.618 Y157.618
G0 X105.976 Y157.69
G0 X105.976 Y156.888
G1 F3000 X105.109 Y156.02 E855.26744
G0 F15000 X104.31 Y156.02
G0 X104.31 Y154.889
G0 X105.109 Y154.889
G1 F3000 X107.108 Y156.888 E855.56833
G0 F15000 X107.108 Y157.69
G0 X108.239 Y157.69
G0 X108.239 Y156.888
G1 F3000 X105.109 Y153.758 E856.03945
G0 F15000 X104.31 Y153.758
G0 X104.31 Y152.626
G0 X105.109 Y152.626
G1 F3000 X109.371 Y156.888 E856.68096
G0 F15000 X109.371 Y157.69
G0 X110.502 Y157.69
G0 X110.502 Y156.888
G1 F3000 X105.109 Y151.495 E857.4927
G0 F15000 X104.31 Y151.495
G0 X104.31 Y150.364
G0 X105.109 Y150.364
G1 F3000 X111.633 Y156.888 E858.47468
G0 F15000 X111.633 Y157.69
G0 X112.765 Y157.69
G0 X112.765 Y156.888
G1 F3000 X105.109 Y149.232 E859.62705
G0 F15000 X104.31 Y149.232
G0 X104.31 Y148.101
G0 X105.109 Y148.101
G1 F3000 X113.896 Y156.888 E860.94966
G0 F15000 X113.896 Y157.69
G0 X115.618 Y157.618
G0 X115.69 Y156.75
G0 X114.89 Y156.75
G1 F3000 X105.109 Y146.97 E862.4218
G0 F15000 X104.31 Y146.97
G0 X104.31 Y145.838
G0 X105.109 Y145.838
G1 F3000 X114.89 Y155.619 E863.89402
G0 F15000 X115.69 Y155.619
G0 X115.69 Y154.487
G0 X114.89 Y154.487
G1 F3000 X105.109 Y144.707 E865.36616
G0 F15000 X104.31 Y144.707
G0 X104.31 Y143.575
G0 X105.109 Y143.575
G1 F3000 X114.89 Y153.356 E866.83838
G0 F15000 X115.69 Y153.356
G0 X115.69 Y152.225
G0 X114.89 Y152.225
G1 F3000 X105.109 Y142.444 E868.3106
G0 F15000 X104.31 Y142.444
G0 X104.31 Y141.313
G0 X105.109 Y141.313
G1 F3000 X114.89 Y151.093 E869.78274
G0 F15000 X115.69 Y151.093
G0 X115.69 Y149.962
G0 X114.89 Y149.962
G1 F3000 X105.109 Y140.181 E871.25496
G0 F15000 X104.31 Y140.181
G0 X104.31 Y139.05
G0 X105.109 Y139.05
G1 F3000 X114.89 Y148.831 E872.72718
G0 F15000 X115.69 Y148.831
G0 X115.69 Y147.699
G0 X114.89 Y147.699
G1 F3000 X105.109 Y137.919 E874.19932
G0 F15000 X104.31 Y137.919
G0 X104.31 Y136.787
G0 X105.109 Y136.787
G1 F3000 X114.89 Y146.568 E875.67154
G0 F15000 X115.69 Y146.568
G0 X115.69 Y145.437
G0 X114.89 Y145.437
G1 F3000 X105.109 Y135.656 E877.14376
G0 F15000 X104.31 Y135.656
G0 X104.31 Y134.524
G0 X105.109 Y134.524
G1 F3000 X114.89 Y144.305 E878.61597
G0 F15000 X115.69 Y144.305
G0 X115.69 Y143.174
G0 X114.89 Y143.174
G1 F3000 X105.109 Y133.393 E880.08819
G0 F15000 X104.31 Y133.393
G0 X104.31 Y132.262
G0 X105.109 Y132.262
G1 F3000 X114.89 Y142.042 E881.56034
G0 F15000 X115.69 Y142.042
G0 X115.69 Y140.911
G0 X114.89 Y140.911
G1 F3000 X105.109 Y131.13 E883.03255
G0 F15000 X104.31 Y131.13
G0 X104.31 Y129.999
G0 X105.109 Y129.999
G1 F3000 X114.89 Y139.78 E884.50477
G0 F15000 X115.69 Y139.78
G0 X115.69 Y138.648
G0 X114.89 Y138.648
G1 F3000 X105.109 Y128.868 E885.97692
G0 F15000 X104.31 Y128.868
G0 X104.31 Y127.736
G0 X105.109 Y127.736
G1 F3000 X114.89 Y137.517 E887.44913
G0 F15000 X115.69 Y137.517
G0 X115.69 Y136.386
G0 X114.89 Y136.386
G1 F3000 X105.109 Y126.605 E888.92135
G0 F15000 X104.31 Y126.605
G0 X104.31 Y125.473
G0 X105.109 Y125.473
G1 F3000 X114.89 Y135.254 E890.39357
G0 F15000 X115.69 Y135.254
G0 X115.69 Y134.123
G0 X114.89 Y134.123
G1 F3000 X105.109 Y124.342 E891.86579
G0 F15000 X104.31 Y124.342
G0 X104.31 Y123.211
G0 X105.109 Y123.211
G1 F3000 X114.89 Y132.991 E893.33793
G0 F15000 X115.69 Y132.991
G0 X115.69 Y131.86
G0 X114.89 Y131.86
G1 F3000 X105.109 Y122.079 E894.81015
G0 F15000 X104.31 Y122.079
G0 X104.31 Y120.948
G0 X105.109 Y120.948
G1 F3000 X114.89 Y130.729 E896.28237
G0 F15000 X115.69 Y130.729
G0 X115.69 Y129.597
G0 X114.89 Y129.597
G1 F3000 X105.109 Y119.817 E897.75451
G0 F15000 X104.31 Y119.817
G0 X104.31 Y118.685
G0 X105.109 Y118.685
G1 F3000 X114.89 Y128.466 E899.22673
G0 F15000 X115.69 Y128.466
G0 X115.69 Y127.335
G0 X114.89 Y127.335
G1 F3000 X105.109 Y117.554 E900.69895
G0 F15000 X104.31 Y117.554
G0 X104.31 Y116.423
G0 X105.109 Y116.423
G1 F3000 X114.89 Y126.203 E902.17109
G0 F15000 X115.69 Y126.203
G0 X115.69 Y125.072
G0 X114.89 Y125.072
G1 F3000 X105.109 Y115.291 E903.64331
G0 F15000 X104.31 Y115.291
G0 X104.31 Y114.16
G0 X105.109 Y114.16
G1 F3000 X114.89 Y123.94 E905.11545
G0 F15000 X115.69 Y123.94
G0 X115.69 Y122.809
G0 X114.89 Y122.809
G1 F3000 X105.109 Y113.028 E906.58767
G0 F15000 X104.31 Y113.028
G0 X104.31 Y111.897
G0 X105.109 Y111.897
G1 F3000 X114.89 Y121.678 E908.05989
G0 F15000 X115.69 Y121.678
G0 X115.69 Y120.546
G0 X114.89 Y120.546
G1 F3000 X105.109 Y110.766 E909.53203
G0 F15000 X104.31 Y110.766
G0 X104.31 Y109.634
G0 X105.109 Y109.634
G1 F3000 X114.89 Y119.415 E911.00425
G0 F15000 X115.69 Y119.415
G0 X115.69 Y118.284
G0 X114.89 Y118.284
G1 F3000 X105.109 Y108.503 E912.47647
G0 F15000 X104.31 Y108.503
G0 X104.31 Y107.372
G0 X105.109 Y107.372
G1 F3000 X114.89 Y117.152 E913.94861
G0 F15000 X115.69 Y117.152
G0 X115.69 Y116.021
G0 X114.89 Y116.021
G1 F3000 X105.109 Y106.24 E915.42083
G0 F15000 X104.31 Y106.24
G0 X104.31 Y105.109
G0 X105.109 Y105.109
G1 F3000 X114.89 Y114.89 E916.89305
G0 F15000 X115.69 Y114.89
G0 X115.69 Y113.758
G0 X114.89 Y113.758
G1 F3000 X105.109 Y103.977 E918.36527
G0 F15000 X104.31 Y103.977
G0 X104.31 Y102.846
G0 X105.109 Y102.846
G1 F3000 X114.89 Y112.627 E919.83749
G0 F15000 X115.69 Y112.627
G0 X115.69 Y111.495
G0 X114.89 Y111.495
G1 F3000 X105.109 Y101.715 E921.30963
G0 F15000 X104.31 Y101.715
G0 X104.31 Y100.583
G0 X105.109 Y100.583
G1 F3000 X114.89 Y110.364 E922.78185
G0 F15000 X115.69 Y110.364
G0 X115.69 Y109.233
G0 X114.89 Y109.233
G1 F3000 X105.109 Y99.452 E924.25407
G0 F15000 X104.31 Y99.452
G0 X104.31 Y98.321
G0 X105.109 Y98.321
G1 F3000 X114.89 Y108.101 E925.72621
G0 F15000 X115.69 Y108.101
G0 X115.69 Y106.97
G0 X114.89 Y106.97
G1 F3000 X105.109 Y97.189 E927.19843
G0 F15000 X104.31 Y97.189
G0 X104.31 Y96.058
G0 X105.109 Y96.058
G1 F3000 X114.89 Y105.839 E928.67065
G0 F15000 X115.69 Y105.839
G0 X115.69 Y104.707
G0 X114.89 Y104.707
G1 F3000 X105.109 Y94.926 E930.14287
G0 F15000 X104.31 Y94.926
G0 X104.31 Y93.795
G0 X105.109 Y93.795
G1 F3000 X114.89 Y103.576 E931.61509
G0 F15000 X115.69 Y103.576
G0 X115.69 Y102.444
G0 X114.89 Y102.444
G1 F3000 X105.109 Y92.664 E933.08723
G0 F15000 X104.31 Y92.664
G0 X104.31 Y91.532
G0 X105.109 Y91.532
G1 F3000 X114.89 Y101.313 E934.55945
G0 F15000 X115.69 Y101.313
G0 X115.69 Y100.182
G0 X114.89 Y100.182
G1 F3000 X105.109 Y90.401 E936.03167
G0 F15000 X104.31 Y90.401
G0 X104.31 Y89.27
G0 X105.109 Y89.27
G1 F3000 X114.89 Y99.05 E937.50381
G0 F15000 X115.69 Y99.05
G0 X115.69 Y97.919
G0 X114.89 Y97.919
G1 F3000 X105.109 Y88.138 E938.97603
G0 F15000 X104.31 Y88.138
G0 X104.31 Y87.007
G0 X105.109 Y87.007
G1 F3000 X114.89 Y96.788 E940.44824
G0 F15000 X115.69 Y96.788
G0 X115.69 Y95.656
G0 X114.89 Y95.656
G1 F3000 X105.109 Y85.875 E941.92046
G0 F15000 X104.31 Y85.875
G0 X104.31 Y84.744
G0 X105.109 Y84.744
G1 F3000 X114.89 Y94.525 E943.39268
G0 F15000 X115.69 Y94.525
G0 X115.69 Y93.393
G0 X114.89 Y93.393
G1 F3000 X105.109 Y83.613 E944.86482
G0 F15000 X104.31 Y83.613
G0 X104.31 Y82.481
G0 X105.109 Y82.481
G1 F3000 X114.89 Y92.262 E946.33704
G0 F15000 X115.69 Y92.262
G0 X115.69 Y91.131
G0 X114.89 Y91.131
G1 F3000 X105.109 Y81.35 E947.80926
G0 F15000 X104.31 Y81.35
G0 X104.31 Y80.219
G0 X105.109 Y80.219
G1 F3000 X114.89 Y89.999 E949.2814
G0 F15000 X115.69 Y89.999
G0 X115.69 Y88.868
G0 X114.89 Y88.868
G1 F3000 X105.109 Y79.087 E950.75362
G0 F15000 X104.31 Y79.087
G0 X104.31 Y77.956
G0 X105.109 Y77.956
G1 F3000 X114.89 Y87.737 E952.22584
G0 F15000 X115.69 Y87.737
G0 X115.69 Y86.605
G0 X114.89 Y86.605
G1 F3000 X105.109 Y76.825 E953.69798
G0 F15000 X104.31 Y76.825
G0 X104.31 Y75.693
G0 X105.109 Y75.693
G1 F3000 X114.89 Y85.474 E955.1702
G0 F15000 X115.69 Y85.474
G0 X115.69 Y84.342
G0 X114.89 Y84.342
G1 F3000 X105.109 Y74.562 E956.64235
G0 F15000 X104.31 Y74.562
G0 X104.31 Y73.43
G0 X105.109 Y73.43
G1 F3000 X114.89 Y83.211 E958.11456
G0 F15000 X115.69 Y83.211
G0 X115.69 Y82.08
G0 X114.89 Y82.08
G1 F3000 X105.109 Y72.299 E959.58678
G0 F15000 X104.31 Y72.299
G0 X104.31 Y71.168
G0 X105.109 Y71.168
G1 F3000 X114.89 Y80.948 E961.05893
G0 F15000 X115.69 Y80.948
G0 X115.69 Y79.817
G0 X114.89 Y79.817
G1 F3000 X105.109 Y70.036 E962.53114
G0 F15000 X104.31 Y70.036
G0 X104.31 Y68.905
G0 X105.109 Y68.905
G1 F3000 X114.89 Y78.686 E964.00336
G0 F15000 X115.69 Y78.686
G0 X115.69 Y77.554
G0 X114.89 Y77.554
G1 F3000 X105.109 Y67.774 E965.47551
G0 F15000 X104.31 Y67.774
G0 X104.31 Y66.642
G0 X105.109 Y66.642
G1 F3000 X114.89 Y76.423 E966.94772
G0 F15000 X115.69 Y76.423
G0 X115.69 Y75.292
G0 X114.89 Y75.292
G1 F3000 X105.109 Y65.511 E968.41994
G0 F15000 X104.31 Y65.511
G0 X104.31 Y64.379
G0 X105.109 Y64.379
G1 F3000 X114.89 Y74.16 E969.89216
G0 F15000 X115.69 Y74.16
G0 X115.69 Y73.029
G0 X114.89 Y73.029
G1 F3000 X105.109 Y63.248 E971.36438
G0 F15000 X104.31 Y63.248
G0 X104.382 Y62.382
G0 X106.102 Y62.31
G0 X106.102 Y63.11
G1 F3000 X114.89 Y71.897 E972.68706
G0 F15000 X115.69 Y71.897
G0 X115.69 Y70.766
G0 X114.89 Y70.766
G1 F3000 X107.234 Y63.11 E973.83943
G0 F15000 X107.234 Y62.31
G0 X108.365 Y62.31
G0 X108.365 Y63.11
G1 F3000 X114.89 Y69.635 E974.82156
G0 F15000 X115.69 Y69.635
G0 X115.69 Y68.503
G0 X114.89 Y68.503
G1 F3000 X109.496 Y63.11 E975.63338
G0 F15000 X109.496 Y62.31
G0 X110.628 Y62.31
G0 X110.628 Y63.11
G1 F3000 X114.89 Y67.372 E976.27489
G0 F15000 X115.69 Y67.372
G0 X115.69 Y66.241
G0 X114.89 Y66.241
G1 F3000 X111.759 Y63.11 E976.74616
G0 F15000 X111.759 Y62.31
G0 X112.891 Y62.31
G0 X112.891 Y63.11
G1 F3000 X114.89 Y65.109 E977.04704
G0 F15000 X115.69 Y65.109
G0 X115.69 Y63.978
G0 X114.89 Y63.978
G1 F3000 X114.022 Y63.11 E977.17769
G0 F15000 X114.022 Y61.61
G1 F1500 E970.67769
;MESH:NONMESH
G0 F300 X114.022 Y61.61 Z1.28
G0 F15000 X104.382 Y62.382
G0 X102.82 Y62.917
G0 X99.999 Y62.917
;TIME_ELAPSED:296.531001
;LAYER:3
;TYPE:SUPPORT-INTERFACE
G1 F1500 E977.17769
G1 F3000 X100.356 Y62.561 E977.23135
G0 F15000 X99.999 Y66.057
G1 F3000 X100.356 Y66.415 E977.28516
G0 F15000 X100.356 Y69.349
G1 F3000 X99.999 Y69.705 E977.33882
G0 F15000 X99.999 Y72.846
G1 F3000 X100.356 Y73.203 E977.39256
G0 F15000 X100.356 Y76.137
G1 F3000 X99.999 Y76.494 E977.44629
G0 F15000 X99.999 Y79.634
G1 F3000 X100.356 Y79.992 E977.5001
G0 F15000 X100.356 Y82.925
G1 F3000 X99.999 Y83.282 E977.55384
G0 F15000 X99.999 Y86.422
G1 F3000 X100.356 Y86.78 E977.60765
G0 F15000 X100.356 Y89.714
G1 F3000 X99.999 Y90.07 E977.66131
G0 F15000 X99.999 Y93.21
G1 F3000 X100.356 Y93.568 E977.71512
G0 F15000 X100.356 Y96.502
G1 F3000 X99.999 Y96.858 E977.76878
G0 F15000 X99.999 Y99.999
G1 F3000 X100.356 Y100.356 E977.82251
G0 F15000 X100.356 Y103.29
G1 F3000 X99.999 Y103.647 E977.87625
G0 F15000 X99.999 Y106.787
G1 F3000 X100.356 Y107.145 E977.93006
G0 F15000 X100.356 Y110.078
G1 F3000 X100 Y110.434 E977.98364
G0 F15000 X99.999 Y113.576
G1 F3000 X100.357 Y113.933 E978.03745
G0 F15000 X100.356 Y116.866
G1 F3000 X100 Y117.222 E978.09104
G0 F15000 X99.999 Y120.364
G1 F3000 X100.357 Y120.722 E978.14492
G0 F15000 X100.356 Y123.654
G1 F3000 X100 Y124.01 E978.19851
G0 F15000 X99.999 Y127.152
G1 F3000 X100.357 Y127.51 E978.25239
G0 F15000 X100.356 Y130.442
G1 F3000 X100 Y130.799 E978.30605
G0 F15000 X99.999 Y133.94
G1 F3000 X100.357 Y134.298 E978.35994
G0 F15000 X100.356 Y137.231
G1 F3000 X100 Y137.587 E978.41352
G0 F15000 X99.999 Y140.729
G1 F3000 X100.357 Y141.086 E978.46733
G0 F15000 X100.356 Y144.019
G1 F3000 X100 Y144.375 E978.52092
G0 F15000 X99.999 Y147.517
G1 F3000 X100.357 Y147.875 E978.5748
G0 F15000 X100.356 Y150.807
G1 F3000 X100 Y151.163 E978.62839
G0 F15000 X99.999 Y154.305
G1 F3000 X100.357 Y154.663 E978.68227
G0 F15000 X100.356 Y157.595
G1 F3000 X100 Y157.952 E978.73593
G1 F1500 E972.23593
G0 F15000 X101.022 Y157.952
G0 X101.296 Y160.04
G0 X101.917 Y160.661
G0 X118.083 Y160.661
G0 X118.704 Y160.04
G0 X118.978 Y158.674
G0 X119.643 Y158.674
G1 F1500 E978.73593
G1 F3000 X119.999 Y158.317 E978.78959
G0 F15000 X120 Y153.941
G1 F3000 X119.642 Y153.583 E978.84348
G0 F15000 X119.643 Y151.885
G1 F3000 X119.999 Y151.529 E978.89706
G0 F15000 X120 Y147.153
G1 F3000 X119.642 Y146.795 E978.95095
G0 F15000 X119.643 Y145.097
G1 F3000 X119.999 Y144.741 E979.00453
G0 F15000 X120 Y140.364
G1 F3000 X119.642 Y140.007 E979.05834
G0 F15000 X119.643 Y138.309
G1 F3000 X119.999 Y137.952 E979.112
G0 F15000 X120 Y133.576
G1 F3000 X119.642 Y133.218 E979.16589
G0 F15000 X119.643 Y131.521
G1 F3000 X119.999 Y131.164 E979.21955
G0 F15000 X120 Y126.788
G1 F3000 X119.642 Y126.43 E979.27343
G0 F15000 X119.643 Y124.732
G1 F3000 X119.999 Y124.376 E979.32702
G0 F15000 X120 Y120
G1 F3000 X119.642 Y119.642 E979.3809
G0 F15000 X119.643 Y117.944
G1 F3000 X119.999 Y117.588 E979.43449
G0 F15000 X120 Y113.212
G1 F3000 X119.642 Y112.854 E979.48837
G0 F15000 X119.643 Y111.156
G1 F3000 X119.999 Y110.8 E979.54196
G0 F15000 X119.999 Y106.423
G1 F3000 X119.641 Y106.065 E979.59584
G0 F15000 X119.642 Y104.368
G1 F3000 X119.998 Y104.012 E979.64943
G0 F15000 X119.999 Y99.634
G1 F3000 X119.641 Y99.277 E979.70324
G0 F15000 X119.642 Y97.58
G1 F3000 X119.998 Y97.224 E979.75682
G0 F15000 X119.999 Y92.846
G1 F3000 X119.641 Y92.488 E979.81071
G0 F15000 X119.642 Y90.792
G1 F3000 X119.998 Y90.436 E979.86429
G0 F15000 X119.999 Y86.058
G1 F3000 X119.641 Y85.7 E979.91818
G0 F15000 X119.642 Y84.004
G1 F3000 X119.998 Y83.647 E979.97184
G0 F15000 X119.999 Y79.27
G1 F3000 X119.641 Y78.912 E980.02572
G0 F15000 X119.642 Y77.216
G1 F3000 X119.998 Y76.859 E980.07938
G0 F15000 X119.999 Y72.481
G1 F3000 X119.641 Y72.124 E980.13319
G0 F15000 X119.642 Y70.427
G1 F3000 X119.998 Y70.071 E980.18678
G0 F15000 X119.999 Y65.693
G1 F3000 X119.641 Y65.335 E980.24066
G0 F15000 X119.642 Y63.639
G1 F3000 X119.998 Y63.283 E980.29425
G1 F1500 E973.79425
;MESH:GUIDA INFERIORE DIVA.stl
G0 F15000 X117.223 Y63.283
G0 X116.043 Y158
;TYPE:WALL-INNER
G1 F1500 E980.29425
G1 F3000 X103.957 Y158 E981.58059
G1 X103.957 Y62 E991.7981
G1 X116.043 Y62 E993.08445
G1 X116.043 Y158 E1003.30196
G0 F15000 X116.843 Y158.8
G1 F3000 X103.157 Y158.8 E1004.75859
G1 X103.157 Y61.2 E1015.1464
G1 X116.843 Y61.2 E1016.60303
G1 X116.843 Y158.8 E1026.99084
G0 F15000 X117.173 Y159.13
G0 X117.643 Y159.6
;TYPE:WALL-OUTER
G1 F3000 X102.357 Y159.6 E1028.61777
G1 X102.357 Y60.4 E1039.17586
G1 X117.643 Y60.4 E1040.80279
G1 X117.643 Y159.6 E1051.36089
G0 F15000 X117.173 Y159.13
G0 X115.733 Y157.21
G0 X115.253 Y157.21
;TYPE:SKIN
G1 F3000 X104.747 Y157.21 E1052.47907
G1 X104.747 Y62.79 E1062.52842
G1 X115.253 Y62.79 E1063.6466
G1 X115.253 Y157.21 E1073.69595
G0 F15000 X114.639 Y156.889
G1 F3000 X114.932 Y156.596 E1073.74005
G0 F15000 X115.733 Y156.596
G0 X115.733 Y155.465
G0 X114.932 Y155.465
G1 F3000 X113.508 Y156.889 E1073.95439
G0 F15000 X113.508 Y157.69
G0 X112.376 Y157.69
G0 X112.376 Y156.889
G1 F3000 X114.932 Y154.333 E1074.33911
G0 F15000 X115.733 Y154.333
G0 X115.733 Y153.202
G0 X114.932 Y153.202
G1 F3000 X111.245 Y156.889 E1074.89407
G0 F15000 X111.245 Y157.69
G0 X110.114 Y157.69
G0 X110.114 Y156.889
G1 F3000 X114.932 Y152.071 E1075.61927
G0 F15000 X115.733 Y152.071
G0 X115.733 Y150.939
G0 X114.932 Y150.939
G1 F3000 X108.982 Y156.889 E1076.51485
G0 F15000 X108.982 Y157.69
G0 X107.851 Y157.69
G0 X107.851 Y156.889
G1 F3000 X114.932 Y149.808 E1077.58067
G0 F15000 X115.733 Y149.808
G0 X115.733 Y148.676
G0 X114.932 Y148.676
G1 F3000 X106.72 Y156.889 E1078.8168
G0 F15000 X106.72 Y157.69
G0 X105.588 Y157.69
G0 X105.588 Y156.889
G1 F3000 X114.932 Y147.545 E1080.22324
G0 F15000 X115.733 Y147.545
G0 X115.733 Y146.414
G0 X114.932 Y146.414
G1 F3000 X105.066 Y156.279 E1081.70818
G0 F15000 X104.267 Y156.279
G0 X104.267 Y155.148
G0 X105.066 Y155.148
G1 F3000 X114.932 Y145.282 E1083.19319
G0 F15000 X115.733 Y145.282
G0 X115.733 Y144.151
G0 X114.932 Y144.151
G1 F3000 X105.066 Y154.017 E1084.6782
G0 F15000 X104.267 Y154.017
G0 X104.267 Y152.885
G0 X105.066 Y152.885
G1 F3000 X114.932 Y143.02 E1086.16314
G0 F15000 X115.733 Y143.02
G0 X115.733 Y141.888
G0 X114.932 Y141.888
G1 F3000 X105.066 Y151.754 E1087.64815
G0 F15000 X104.267 Y151.754
G0 X104.267 Y150.622
G0 X105.066 Y150.622
G1 F3000 X114.932 Y140.757 E1089.13309
G0 F15000 X115.733 Y140.757
G0 X115.733 Y139.626
G0 X114.932 Y139.626
G1 F3000 X105.066 Y149.491 E1090.61803
G0 F15000 X104.267 Y149.491
G0 X104.267 Y148.36
G0 X105.066 Y148.36
G1 F3000 X114.932 Y138.494 E1092.10304
G0 F15000 X115.733 Y138.494
G0 X115.733 Y137.363
G0 X114.932 Y137.363
G1 F3000 X105.066 Y147.228 E1093.58798
G0 F15000 X104.267 Y147.228
G0 X104.267 Y146.097
G0 X105.066 Y146.097
G1 F3000 X114.932 Y136.231 E1095.07299
G0 F15000 X115.733 Y136.231
G0 X115.733 Y135.1
G0 X114.932 Y135.1
G1 F3000 X105.066 Y144.966 E1096.558
G0 F15000 X104.267 Y144.966
G0 X104.267 Y143.834
G0 X105.066 Y143.834
G1 F3000 X114.932 Y133.969 E1098.04294
G0 F15000 X115.733 Y133.969
G0 X115.733 Y132.837
G0 X114.932 Y132.837
G1 F3000 X105.066 Y142.703 E1099.52795
G0 F15000 X104.267 Y142.703
G0 X104.267 Y141.571
G0 X105.066 Y141.571
G1 F3000 X114.932 Y131.706 E1101.01289
G0 F15000 X115.733 Y131.706
G0 X115.733 Y130.575
G0 X114.932 Y130.575
G1 F3000 X105.066 Y140.44 E1102.49783
G0 F15000 X104.267 Y140.44
G0 X104.267 Y139.309
G0 X105.066 Y139.309
G1 F3000 X114.932 Y129.443 E1103.98284
G0 F15000 X115.733 Y129.443
G0 X115.733 Y128.312
G0 X114.932 Y128.312
G1 F3000 X105.066 Y138.177 E1105.46778
G0 F15000 X104.267 Y138.177
G0 X104.267 Y137.046
G0 X105.066 Y137.046
G1 F3000 X114.932 Y127.18 E1106.95279
G0 F15000 X115.733 Y127.18
G0 X115.733 Y126.049
G0 X114.932 Y126.049
G1 F3000 X105.066 Y135.915 E1108.4378
G0 F15000 X104.267 Y135.915
G0 X104.267 Y134.783
G0 X105.066 Y134.783
G1 F3000 X114.932 Y124.918 E1109.92274
G0 F15000 X115.733 Y124.918
G0 X115.733 Y123.786
G0 X114.932 Y123.786
G1 F3000 X105.066 Y133.652 E1111.40775
G0 F15000 X104.267 Y133.652
G0 X104.267 Y132.521
G0 X105.066 Y132.521
G1 F3000 X114.932 Y122.655 E1112.89276
G0 F15000 X115.733 Y122.655
G0 X115.733 Y121.524
G0 X114.932 Y121.524
G1 F3000 X105.066 Y131.389 E1114.3777
G0 F15000 X104.267 Y131.389
G0 X104.267 Y130.258
G0 X105.066 Y130.258
G1 F3000 X114.932 Y120.392 E1115.86271
G0 F15000 X115.733 Y120.392
G0 X115.733 Y119.261
G0 X114.932 Y119.261
G1 F3000 X105.066 Y129.126 E1117.34765
G0 F15000 X104.267 Y129.126
G0 X104.267 Y127.995
G0 X105.066 Y127.995
G1 F3000 X114.932 Y118.129 E1118.83266
G0 F15000 X115.733 Y118.129
G0 X115.733 Y116.998
G0 X114.932 Y116.998
G1 F3000 X105.066 Y126.864 E1120.31768
G0 F15000 X104.267 Y126.864
G0 X104.267 Y125.732
G0 X105.066 Y125.732
G1 F3000 X114.932 Y115.867 E1121.80261
G0 F15000 X115.733 Y115.867
G0 X115.733 Y114.735
G0 X114.932 Y114.735
G1 F3000 X105.066 Y124.601 E1123.28762
G0 F15000 X104.267 Y124.601
G0 X104.267 Y123.47
G0 X105.066 Y123.47
G1 F3000 X114.932 Y113.604 E1124.77264
G0 F15000 X115.733 Y113.604
G0 X115.733 Y112.473
G0 X114.932 Y112.473
G1 F3000 X105.066 Y122.338 E1126.25757
G0 F15000 X104.267 Y122.338
G0 X104.267 Y121.207
G0 X105.066 Y121.207
G1 F3000 X114.932 Y111.341 E1127.74259
G0 F15000 X115.733 Y111.341
G0 X115.733 Y110.21
G0 X114.932 Y110.21
G1 F3000 X105.066 Y120.075 E1129.22752
G0 F15000 X104.267 Y120.075
G0 X104.267 Y118.944
G0 X105.066 Y118.944
G1 F3000 X114.932 Y109.078 E1130.71254
G0 F15000 X115.733 Y109.078
G0 X115.733 Y107.947
G0 X114.932 Y107.947
G1 F3000 X105.066 Y117.813 E1132.19755
G0 F15000 X104.267 Y117.813
G0 X104.267 Y116.681
G0 X105.066 Y116.681
G1 F3000 X114.932 Y106.816 E1133.68249
G0 F15000 X115.733 Y106.816
G0 X115.733 Y105.684
G0 X114.932 Y105.684
G1 F3000 X105.066 Y115.55 E1135.1675
G0 F15000 X104.267 Y115.55
G0 X104.267 Y114.419
G0 X105.066 Y114.419
G1 F3000 X114.932 Y104.553 E1136.65251
G0 F15000 X115.733 Y104.553
G0 X115.733 Y103.422
G0 X114.932 Y103.422
G1 F3000 X105.066 Y113.287 E1138.13745
G0 F15000 X104.267 Y113.287
G0 X104.267 Y112.156
G0 X105.066 Y112.156
G1 F3000 X114.932 Y102.29 E1139.62246
G0 F15000 X115.733 Y102.29
G0 X115.733 Y101.159
G0 X114.932 Y101.159
G1 F3000 X105.066 Y111.024 E1141.1074
G0 F15000 X104.267 Y111.024
G0 X104.267 Y109.893
G0 X105.066 Y109.893
G1 F3000 X114.932 Y100.028 E1142.59234
G0 F15000 X115.733 Y100.028
G0 X115.733 Y98.896
G0 X114.932 Y98.896
G1 F3000 X105.066 Y108.762 E1144.07735
G0 F15000 X104.267 Y108.762
G0 X104.267 Y107.63
G0 X105.066 Y107.63
G1 F3000 X114.932 Y97.765 E1145.56228
G0 F15000 X115.733 Y97.765
G0 X115.733 Y96.633
G0 X114.932 Y96.633
G1 F3000 X105.066 Y106.499 E1147.0473
G0 F15000 X104.267 Y106.499
G0 X104.267 Y105.368
G0 X105.066 Y105.368
G1 F3000 X114.932 Y95.502 E1148.53231
G0 F15000 X115.733 Y95.502
G0 X115.733 Y94.371
G0 X114.932 Y94.371
G1 F3000 X105.066 Y104.236 E1150.01725
G0 F15000 X104.267 Y104.236
G0 X104.267 Y103.105
G0 X105.066 Y103.105
G1 F3000 X114.932 Y93.239 E1151.50226
G0 F15000 X115.733 Y93.239
G0 X115.733 Y92.108
G0 X114.932 Y92.108
G1 F3000 X105.066 Y101.973 E1152.9872
G0 F15000 X104.267 Y101.973
G0 X104.267 Y100.842
G0 X105.066 Y100.842
G1 F3000 X114.932 Y90.977 E1154.47213
G0 F15000 X115.733 Y90.977
G0 X115.733 Y89.845
G0 X114.932 Y89.845
G1 F3000 X105.066 Y99.711 E1155.95715
G0 F15000 X104.267 Y99.711
G0 X104.267 Y98.579
G0 X105.066 Y98.579
G1 F3000 X114.932 Y88.714 E1157.44208
G0 F15000 X115.733 Y88.714
G0 X115.733 Y87.582
G0 X114.932 Y87.582
G1 F3000 X105.066 Y97.448 E1158.9271
G0 F15000 X104.267 Y97.448
G0 X104.267 Y96.317
G0 X105.066 Y96.317
G1 F3000 X114.932 Y86.451 E1160.41211
G0 F15000 X115.733 Y86.451
G0 X115.733 Y85.32
G0 X114.932 Y85.32
G1 F3000 X105.066 Y95.185 E1161.89705
G0 F15000 X104.267 Y95.185
G0 X104.267 Y94.054
G0 X105.066 Y94.054
G1 F3000 X114.932 Y84.188 E1163.38206
G0 F15000 X115.733 Y84.188
G0 X115.733 Y83.057
G0 X114.932 Y83.057
G1 F3000 X105.066 Y92.923 E1164.86707
G0 F15000 X104.267 Y92.923
G0 X104.267 Y91.791
G0 X105.066 Y91.791
G1 F3000 X114.932 Y81.926 E1166.35201
G0 F15000 X115.733 Y81.926
G0 X115.733 Y80.794
G0 X114.932 Y80.794
G1 F3000 X105.066 Y90.66 E1167.83702
G0 F15000 X104.267 Y90.66
G0 X104.267 Y89.528
G0 X105.066 Y89.528
G1 F3000 X114.932 Y79.663 E1169.32196
G0 F15000 X115.733 Y79.663
G0 X115.733 Y78.531
G0 X114.932 Y78.531
G1 F3000 X105.066 Y88.397 E1170.80697
G0 F15000 X104.267 Y88.397
G0 X104.267 Y87.266
G0 X105.066 Y87.266
G1 F3000 X114.932 Y77.4 E1172.29198
G0 F15000 X115.733 Y77.4
G0 X115.733 Y76.269
G0 X114.932 Y76.269
G1 F3000 X105.066 Y86.134 E1173.77692
G0 F15000 X104.267 Y86.134
G0 X104.267 Y85.003
G0 X105.066 Y85.003
G1 F3000 X114.932 Y75.137 E1175.26193
G0 F15000 X115.733 Y75.137
G0 X115.733 Y74.006
G0 X114.932 Y74.006
G1 F3000 X105.066 Y83.872 E1176.74694
G0 F15000 X104.267 Y83.872
G0 X104.267 Y82.74
G0 X105.066 Y82.74
G1 F3000 X114.932 Y72.875 E1178.23188
G0 F15000 X115.733 Y72.875
G0 X115.733 Y71.743
G0 X114.932 Y71.743
G1 F3000 X105.066 Y81.609 E1179.71689
G0 F15000 X104.267 Y81.609
G0 X104.267 Y80.477
G0 X105.066 Y80.477
G1 F3000 X114.932 Y70.612 E1181.20183
G0 F15000 X115.733 Y70.612
G0 X115.733 Y69.481
G0 X114.932 Y69.481
G1 F3000 X105.066 Y79.346 E1182.68677
G0 F15000 X104.267 Y79.346
G0 X104.267 Y78.215
G0 X105.066 Y78.215
G1 F3000 X114.932 Y68.349 E1184.17178
G0 F15000 X115.733 Y68.349
G0 X115.733 Y67.218
G0 X114.932 Y67.218
G1 F3000 X105.066 Y77.083 E1185.65672
G0 F15000 X104.267 Y77.083
G0 X104.267 Y75.952
G0 X105.066 Y75.952
G1 F3000 X114.932 Y66.086 E1187.14173
G0 F15000 X115.733 Y66.086
G0 X115.733 Y64.955
G0 X114.932 Y64.955
G1 F3000 X105.066 Y74.821 E1188.62674
G0 F15000 X104.267 Y74.821
G0 X104.267 Y73.689
G0 X105.066 Y73.689
G1 F3000 X114.932 Y63.824 E1190.11168
G0 F15000 X114.515 Y63.109
G1 F3000 X105.066 Y72.558 E1191.53393
G0 F15000 X104.267 Y72.558
G0 X104.267 Y71.426
G0 X105.066 Y71.426
G1 F3000 X113.383 Y63.109 E1192.78579
G0 F15000 X113.383 Y62.31
G0 X112.252 Y62.31
G0 X112.252 Y63.109
G1 F3000 X105.066 Y70.295 E1193.86741
G0 F15000 X104.267 Y70.295
G0 X104.267 Y69.164
G0 X105.066 Y69.164
G1 F3000 X111.121 Y63.109 E1194.7788
G0 F15000 X111.121 Y62.31
G0 X109.989 Y62.31
G0 X109.989 Y63.109
G1 F3000 X105.066 Y68.032 E1195.5198
G0 F15000 X104.267 Y68.032
G0 X104.267 Y66.901
G0 X105.066 Y66.901
G1 F3000 X108.858 Y63.109 E1196.09056
G0 F15000 X108.858 Y62.31
G0 X107.727 Y62.31
G0 X107.727 Y63.109
G1 F3000 X105.066 Y65.77 E1196.49109
G0 F15000 X104.267 Y65.77
G0 X104.267 Y64.638
G0 X105.066 Y64.638
G1 F3000 X106.595 Y63.109 E1196.72123
G0 F15000 X106.595 Y62.31
G0 X105.464 Y62.31
G0 X105.464 Y63.109
G1 F3000 X105.066 Y63.507 E1196.78114
G0 F15000 X103.567 Y63.507
G1 F1500 E1190.28114
;MESH:NONMESH
G0 F300 X103.567 Y63.507 Z1.6
G0 F15000 X104.339 Y157.618
G0 X116.179 Y158
;TIME_ELAPSED:376.977568
;LAYER:4
;TYPE:WALL-INNER
;MESH:GUIDA INFERIORE DIVA.stl
G1 F1500 E1196.78114
G1 F3000 X103.821 Y158 E1198.09643
G1 X103.821 Y62 E1208.31395
G1 X116.179 Y62 E1209.62924
G1 X116.179 Y158 E1219.84675
G0 F15000 X116.979 Y158.8
G1 F3000 X103.021 Y158.8 E1221.33234
G1 X103.021 Y61.2 E1231.72014
G1 X116.979 Y61.2 E1233.20573
G1 X116.979 Y158.8 E1243.59353
G0 F15000 X117.309 Y159.13
G0 X117.779 Y159.6
;TYPE:WALL-OUTER
G1 F3000 X102.221 Y159.6 E1245.24941
G1 X102.221 Y60.4 E1255.8075
G1 X117.779 Y60.4 E1257.46338
G1 X117.779 Y159.6 E1268.02148
G0 F15000 X117.309 Y159.13
G0 X108.526 Y157.838
;TYPE:FILL
G1 F6000 X103.98 Y153.292 E1268.70573
G0 F15000 X103.98 Y150.052
G1 F6000 X116.017 Y146.827 E1270.03204
G0 F15000 X116.019 Y148.36
G1 F6000 X103.98 Y136.321 E1271.84413
G0 F15000 X103.98 Y137.629
G1 F6000 X116.017 Y134.404 E1273.17044
G0 F15000 X116.019 Y131.39
G1 F6000 X103.98 Y119.351 E1274.98253
G0 F15000 X103.98 Y125.206
G1 F6000 X116.018 Y121.98 E1276.30898
G0 F15000 X116.018 Y129.53
G1 F6000 X108.432 Y157.839 E1279.42828
G1 F1500 E1272.92828
G0 F15000 X103.98 Y128.09
G1 F1500 E1279.42828
G1 F6000 X116.018 Y83.166 E1284.37833
G0 F15000 X116.017 Y84.71
G1 F6000 X103.98 Y87.936 E1285.70467
G0 F15000 X103.98 Y85.41
G1 F6000 X116.019 Y97.449 E1287.51676
G0 F15000 X116.017 Y97.134
G1 F6000 X103.98 Y100.359 E1288.84307
G0 F15000 X103.98 Y102.38
G1 F6000 X116.019 Y114.419 E1290.65516
G0 F15000 X116.017 Y109.557
G1 F6000 X103.98 Y112.782 E1291.98147
G1 F1500 E1285.48147
G0 F15000 X103.981 Y81.724
G1 F1500 E1291.98147
G1 F6000 X109.223 Y62.159 E1294.13727
G0 F15000 X107.451 Y62.159
G1 F6000 X103.98 Y63.089 E1294.51973
G0 F15000 X103.98 Y68.439
G1 F6000 X116.019 Y80.478 E1296.33182
G0 F15000 X116.017 Y72.287
G1 F6000 X103.98 Y75.512 E1297.65813
G0 F15000 X116.019 Y63.508
G1 F6000 X114.671 Y62.16 E1297.86103
G1 F1500 E1291.36103
;MESH:NONMESH
G0 F300 X114.671 Y62.16 Z1.92
G0 F15000 X116.517 Y158
;TIME_ELAPSED:403.243513
;LAYER:5
;TYPE:WALL-INNER
;MESH:GUIDA INFERIORE DIVA.stl
G1 F1500 E1297.86103
G1 F3000 X103.483 Y158 E1299.24827
G1 X103.483 Y62 E1309.46578
G1 X116.517 Y62 E1310.85302
G1 X116.517 Y158 E1321.07053
G0 F15000 X117.317 Y158.8
G1 F3000 X102.683 Y158.8 E1322.62807
G1 X102.683 Y61.2 E1333.01587
G1 X117.317 Y61.2 E1334.5734
G1 X117.317 Y158.8 E1344.96121
G0 F15000 X117.647 Y159.13
G0 X118.117 Y159.6
;TYPE:WALL-OUTER
G1 F3000 X101.883 Y159.6 E1346.68903
G1 X101.883 Y60.4 E1357.24713
G1 X118.117 Y60.4 E1358.97495
G1 X118.117 Y159.6 E1369.53305
G0 F15000 X117.647 Y159.13
G0 X116.207 Y157.21
G0 X115.727 Y157.21
;TYPE:SKIN
G1 F3000 X104.273 Y157.21 E1370.75213
G1 X104.273 Y62.79 E1380.80148
G1 X115.727 Y62.79 E1382.02056
G1 X115.727 Y157.21 E1392.06991
G0 F15000 X116.207 Y157.21
G0 X116.135 Y157.618
G0 X114.639 Y157.69
G0 X114.639 Y156.889
G1 F3000 X115.406 Y156.122 E1392.18535
G0 F15000 X116.207 Y156.122
G0 X116.207 Y154.99
G0 X115.406 Y154.99
G1 F3000 X113.508 Y156.889 E1392.47111
G0 F15000 X113.508 Y157.69
G0 X112.376 Y157.69
G0 X112.376 Y156.889
G1 F3000 X115.406 Y153.859 E1392.92718
G0 F15000 X116.207 Y153.859
G0 X116.207 Y152.727
G0 X115.406 Y152.727
G1 F3000 X111.245 Y156.889 E1393.55356
G0 F15000 X111.245 Y157.69
G0 X110.114 Y157.69
G0 X110.114 Y156.889
G1 F3000 X115.406 Y151.596 E1394.35018
G0 F15000 X116.207 Y151.596
G0 X116.207 Y150.465
G0 X115.406 Y150.465
G1 F3000 X108.982 Y156.889 E1395.31711
G0 F15000 X108.982 Y157.69
G0 X107.851 Y157.69
G0 X107.851 Y156.889
G1 F3000 X115.406 Y149.333 E1396.45435
G0 F15000 X116.207 Y149.333
G0 X116.207 Y148.202
G0 X115.406 Y148.202
G1 F3000 X106.72 Y156.889 E1397.76183
G0 F15000 X106.72 Y157.69
G0 X105.588 Y157.69
G0 X105.588 Y156.889
G1 F3000 X115.406 Y147.071 E1399.23961
G0 F15000 X116.207 Y147.071
G0 X116.207 Y145.939
G0 X115.406 Y145.939
G1 F3000 X104.593 Y156.753 E1400.86724
G0 F15000 X103.793 Y156.753
G0 X103.793 Y155.622
G0 X104.593 Y155.622
G1 F3000 X115.406 Y144.808 E1402.49487
G0 F15000 X116.207 Y144.808
G0 X116.207 Y143.677
G0 X115.406 Y143.677
G1 F3000 X104.593 Y154.49 E1404.12242
G0 F15000 X103.793 Y154.49
G0 X103.793 Y153.359
G0 X104.593 Y153.359
G1 F3000 X115.406 Y142.545 E1405.75005
G0 F15000 X116.207 Y142.545
G0 X116.207 Y141.414
G0 X115.406 Y141.414
G1 F3000 X104.593 Y152.228 E1407.37768
G0 F15000 X103.793 Y152.228
G0 X103.793 Y151.096
G0 X104.593 Y151.096
G1 F3000 X115.406 Y140.282 E1409.00531
G0 F15000 X116.207 Y140.282
G0 X116.207 Y139.151
G0 X115.406 Y139.151
G1 F3000 X104.593 Y149.965 E1410.63294
G0 F15000 X103.793 Y149.965
G0 X103.793 Y148.833
G0 X104.593 Y148.833
G1 F3000 X115.406 Y138.02 E1412.26049
G0 F15000 X116.207 Y138.02
G0 X116.207 Y136.888
G0 X115.406 Y136.888
G1 F3000 X104.593 Y147.702 E1413.88812
G0 F15000 X103.793 Y147.702
G0 X103.793 Y146.571
G0 X104.593 Y146.571
G1 F3000 X115.406 Y135.757 E1415.51575
G0 F15000 X116.207 Y135.757
G0 X116.207 Y134.626
G0 X115.406 Y134.626
G1 F3000 X104.593 Y145.439 E1417.1433
G0 F15000 X103.793 Y145.439
G0 X103.793 Y144.308
G0 X104.593 Y144.308
G1 F3000 X115.406 Y133.494 E1418.77093
G0 F15000 X116.207 Y133.494
G0 X116.207 Y132.363
G0 X115.406 Y132.363
G1 F3000 X104.593 Y143.177 E1420.39856
G0 F15000 X103.793 Y143.177
G0 X103.793 Y142.045
G0 X104.593 Y142.045
G1 F3000 X115.406 Y131.231 E1422.02619
G0 F15000 X116.207 Y131.231
G0 X116.207 Y130.1
G0 X115.406 Y130.1
G1 F3000 X104.593 Y140.914 E1423.65382
G0 F15000 X103.793 Y140.914
G0 X103.793 Y139.782
G0 X104.593 Y139.782
G1 F3000 X115.406 Y128.969 E1425.28137
G0 F15000 X116.207 Y128.969
G0 X116.207 Y127.837
G0 X115.406 Y127.837
G1 F3000 X104.593 Y138.651 E1426.909
G0 F15000 X103.793 Y138.651
G0 X103.793 Y137.52
G0 X104.593 Y137.52
G1 F3000 X115.406 Y126.706 E1428.53663
G0 F15000 X116.207 Y126.706
G0 X116.207 Y125.575
G0 X115.406 Y125.575
G1 F3000 X104.593 Y136.388 E1430.16418
G0 F15000 X103.793 Y136.388
G0 X103.793 Y135.257
G0 X104.593 Y135.257
G1 F3000 X115.406 Y124.443 E1431.79181
G0 F15000 X116.207 Y124.443
G0 X116.207 Y123.312
G0 X115.406 Y123.312
G1 F3000 X104.593 Y134.126 E1433.41944
G0 F15000 X103.793 Y134.126
G0 X103.793 Y132.994
G0 X104.593 Y132.994
G1 F3000 X115.406 Y122.18 E1435.04706
G0 F15000 X116.207 Y122.18
G0 X116.207 Y121.049
G0 X115.406 Y121.049
G1 F3000 X104.593 Y131.863 E1436.67469
G0 F15000 X103.793 Y131.863
G0 X103.793 Y130.732
G0 X104.593 Y130.732
G1 F3000 X115.406 Y119.918 E1438.30232
G0 F15000 X116.207 Y119.918
G0 X116.207 Y118.786
G0 X115.406 Y118.786
G1 F3000 X104.593 Y129.6 E1439.92995
G0 F15000 X103.793 Y129.6
G0 X103.793 Y128.469
G0 X104.593 Y128.469
G1 F3000 X115.406 Y117.655 E1441.55758
G0 F15000 X116.207 Y117.655
G0 X116.207 Y116.524
G0 X115.406 Y116.524
G1 F3000 X104.593 Y127.337 E1443.18513
G0 F15000 X103.793 Y127.337
G0 X103.793 Y126.206
G0 X104.593 Y126.206
G1 F3000 X115.406 Y115.392 E1444.81276
G0 F15000 X116.207 Y115.392
G0 X116.207 Y114.261
G0 X115.406 Y114.261
G1 F3000 X104.593 Y125.075 E1446.44039
G0 F15000 X103.793 Y125.075
G0 X103.793 Y123.943
G0 X104.593 Y123.943
G1 F3000 X115.406 Y113.13 E1448.06794
G0 F15000 X116.207 Y113.13
G0 X116.207 Y111.998
G0 X115.406 Y111.998
G1 F3000 X104.593 Y122.812 E1449.69557
G0 F15000 X103.793 Y122.812
G0 X103.793 Y121.681
G0 X104.593 Y121.681
G1 F3000 X115.406 Y110.867 E1451.3232
G0 F15000 X116.207 Y110.867
G0 X116.207 Y109.736
G0 X115.406 Y109.736
G1 F3000 X104.593 Y120.549 E1452.95075
G0 F15000 X103.793 Y120.549
G0 X103.793 Y119.418
G0 X104.593 Y119.418
G1 F3000 X115.406 Y108.605 E1454.5783
G0 F15000 X116.207 Y108.605
G0 X116.207 Y107.473
G0 X115.406 Y107.473
G1 F3000 X104.593 Y118.286 E1456.20586
G0 F15000 X103.793 Y118.286
G0 X103.793 Y117.155
G0 X104.593 Y117.155
G1 F3000 X115.406 Y106.342 E1457.83341
G0 F15000 X116.207 Y106.342
G0 X116.207 Y105.211
G0 X115.406 Y105.211
G1 F3000 X104.593 Y116.024 E1459.46096
G0 F15000 X103.793 Y116.024
G0 X103.793 Y114.892
G0 X104.593 Y114.892
G1 F3000 X115.406 Y104.079 E1461.08852
G0 F15000 X116.207 Y104.079
G0 X116.207 Y102.948
G0 X115.406 Y102.948
G1 F3000 X104.593 Y113.761 E1462.71607
G0 F15000 X103.793 Y113.761
G0 X103.793 Y112.63
G0 X104.593 Y112.63
G1 F3000 X115.406 Y101.817 E1464.34362
G0 F15000 X116.207 Y101.817
G0 X116.207 Y100.685
G0 X115.406 Y100.685
G1 F3000 X104.593 Y111.498 E1465.97118
G0 F15000 X103.793 Y111.498
G0 X103.793 Y110.367
G0 X104.593 Y110.367
G1 F3000 X115.406 Y99.554 E1467.59873
G0 F15000 X116.207 Y99.554
G0 X116.207 Y98.422
G0 X115.406 Y98.422
G1 F3000 X104.592 Y109.236 E1469.22643
G0 F15000 X103.793 Y109.236
G0 X103.793 Y108.105
G0 X104.592 Y108.105
G1 F3000 X115.406 Y97.291 E1470.85414
G0 F15000 X116.207 Y97.291
G0 X116.207 Y96.16
G0 X115.406 Y96.16
G1 F3000 X104.592 Y106.973 E1472.48177
G0 F15000 X103.793 Y106.973
G0 X103.793 Y105.842
G0 X104.592 Y105.842
G1 F3000 X115.406 Y95.028 E1474.10947
G0 F15000 X116.207 Y95.028
G0 X116.207 Y93.897
G0 X115.406 Y93.897
G1 F3000 X104.592 Y104.711 E1475.73717
G0 F15000 X103.793 Y104.711
G0 X103.793 Y103.579
G0 X104.592 Y103.579
G1 F3000 X115.406 Y92.766 E1477.3648
G0 F15000 X116.207 Y92.766
G0 X116.207 Y91.634
G0 X115.406 Y91.634
G1 F3000 X104.592 Y102.448 E1478.99251
G0 F15000 X103.793 Y102.448
G0 X103.793 Y101.317
G0 X104.592 Y101.317
G1 F3000 X115.406 Y90.503 E1480.62021
G0 F15000 X116.207 Y90.503
G0 X116.207 Y89.371
G0 X115.406 Y89.371
G1 F3000 X104.592 Y100.185 E1482.24791
G0 F15000 X103.793 Y100.185
G0 X103.793 Y99.054
G0 X104.592 Y99.054
G1 F3000 X115.406 Y88.24 E1483.87562
G0 F15000 X116.207 Y88.24
G0 X116.207 Y87.109
G0 X115.406 Y87.109
G1 F3000 X104.592 Y97.922 E1485.50324
G0 F15000 X103.793 Y97.922
G0 X103.793 Y96.791
G0 X104.592 Y96.791
G1 F3000 X115.406 Y85.977 E1487.13095
G0 F15000 X116.207 Y85.977
G0 X116.207 Y84.846
G0 X115.406 Y84.846
G1 F3000 X104.592 Y95.66 E1488.75865
G0 F15000 X103.793 Y95.66
G0 X103.793 Y94.528
G0 X104.592 Y94.528
G1 F3000 X115.406 Y83.715 E1490.38628
G0 F15000 X116.207 Y83.715
G0 X116.207 Y82.583
G0 X115.406 Y82.583
G1 F3000 X104.592 Y93.397 E1492.01398
G0 F15000 X103.793 Y93.397
G0 X103.793 Y92.266
G0 X104.592 Y92.266
G1 F3000 X115.406 Y81.452 E1493.64169
G0 F15000 X116.207 Y81.452
G0 X116.207 Y80.32
G0 X115.406 Y80.32
G1 F3000 X104.592 Y91.134 E1495.26939
G0 F15000 X103.793 Y91.134
G0 X103.793 Y90.003
G0 X104.592 Y90.003
G1 F3000 X115.406 Y79.189 E1496.8971
G0 F15000 X116.207 Y79.189
G0 X116.207 Y78.058
G0 X115.406 Y78.058
G1 F3000 X104.592 Y88.872 E1498.5248
G0 F15000 X103.793 Y88.872
G0 X103.793 Y87.74
G0 X104.592 Y87.74
G1 F3000 X115.406 Y76.926 E1500.1525
G0 F15000 X116.207 Y76.926
G0 X116.207 Y75.795
G0 X115.406 Y75.795
G1 F3000 X104.592 Y86.609 E1501.78021
G0 F15000 X103.793 Y86.609
G0 X103.793 Y85.477
G0 X104.592 Y85.477
G1 F3000 X115.406 Y74.664 E1503.40783
G0 F15000 X116.207 Y74.664
G0 X116.207 Y73.532
G0 X115.406 Y73.532
G1 F3000 X104.592 Y84.346 E1505.03554
G0 F15000 X103.793 Y84.346
G0 X103.793 Y83.215
G0 X104.592 Y83.215
G1 F3000 X115.406 Y72.401 E1506.66324
G0 F15000 X116.207 Y72.401
G0 X116.207 Y71.269
G0 X115.406 Y71.269
G1 F3000 X104.592 Y82.083 E1508.29095
G0 F15000 X103.793 Y82.083
G0 X103.793 Y80.952
G0 X104.592 Y80.952
G1 F3000 X115.406 Y70.138 E1509.91865
G0 F15000 X116.207 Y70.138
G0 X116.207 Y69.007
G0 X115.406 Y69.007
G1 F3000 X104.592 Y79.821 E1511.54635
G0 F15000 X103.793 Y79.821
G0 X103.793 Y78.689
G0 X104.592 Y78.689
G1 F3000 X115.406 Y67.875 E1513.17406
G0 F15000 X116.207 Y67.875
G0 X116.207 Y66.744
G0 X115.406 Y66.744
G1 F3000 X104.592 Y77.558 E1514.80176
G0 F15000 X103.793 Y77.558
G0 X103.793 Y76.426
G0 X104.592 Y76.426
G1 F3000 X115.406 Y65.613 E1516.42939
G0 F15000 X116.207 Y65.613
G0 X116.207 Y64.481
G0 X115.406 Y64.481
G1 F3000 X104.592 Y75.295 E1518.05709
G0 F15000 X103.793 Y75.295
G0 X103.793 Y74.164
G0 X104.592 Y74.164
G1 F3000 X115.406 Y63.35 E1519.6848
G0 F15000 X114.515 Y63.109
G1 F3000 X104.592 Y73.032 E1521.17839
G0 F15000 X103.793 Y73.032
G0 X103.793 Y71.901
G0 X104.592 Y71.901
G1 F3000 X113.383 Y63.109 E1522.50167
G0 F15000 X113.383 Y62.31
G0 X112.252 Y62.31
G0 X112.252 Y63.109
G1 F3000 X104.592 Y70.77 E1523.65471
G0 F15000 X103.793 Y70.77
G0 X103.793 Y69.638
G0 X104.592 Y69.638
G1 F3000 X111.121 Y63.109 E1524.63745
G0 F15000 X111.121 Y62.31
G0 X109.989 Y62.31
G0 X109.989 Y63.109
G1 F3000 X104.592 Y68.507 E1525.44987
G0 F15000 X103.793 Y68.507
G0 X103.793 Y67.375
G0 X104.592 Y67.375
G1 F3000 X108.858 Y63.109 E1526.09198
G0 F15000 X108.858 Y62.31
G0 X107.727 Y62.31
G0 X107.727 Y63.109
G1 F3000 X104.592 Y66.244 E1526.56385
G0 F15000 X103.793 Y66.244
G0 X103.793 Y65.113
G0 X104.592 Y65.113
G1 F3000 X106.595 Y63.109 E1526.86542
G0 F15000 X106.595 Y62.31
G0 X105.464 Y62.31
G0 X105.464 Y63.109
G1 F3000 X104.592 Y63.981 E1526.99667
G0 F15000 X103.093 Y63.981
G1 F1500 E1520.49667
;MESH:NONMESH
G0 F300 X103.093 Y63.981 Z2.24
G0 F15000 X103.865 Y62.382
G0 X116.135 Y62.382
G0 X117.617 Y158
G1 F1500 E1526.99667
G0 F15000 X118 Y158
;TIME_ELAPSED:474.065225
;LAYER:6
;TYPE:WALL-INNER
;MESH:GUIDA INFERIORE DIVA.stl
G1 F3000 X102 Y158 E1528.69959
G1 X102 Y62 E1538.9171
G1 X118 Y62 E1540.62002
G1 X118 Y158 E1550.83753
G0 F15000 X118.8 Y158.8
G1 F3000 X101.2 Y158.8 E1552.71074
G1 X101.2 Y61.2 E1563.09855
G1 X118.8 Y61.2 E1564.97176
G1 X118.8 Y158.8 E1575.35957
G0 F15000 X119.13 Y159.13
G0 X119.6 Y159.6
;TYPE:WALL-OUTER
G1 F3000 X100.4 Y159.6 E1577.40307
G1 X100.4 Y60.4 E1587.96117
G1 X119.6 Y60.4 E1590.00467
G1 X119.6 Y159.6 E1600.56277
G0 F15000 X119.13 Y159.13
G0 X117.69 Y157.21
G0 X117.21 Y157.21
;TYPE:SKIN
G1 F3000 X102.79 Y157.21 E1602.09752
G1 X102.79 Y62.79 E1612.14687
G1 X117.21 Y62.79 E1613.68163
G1 X117.21 Y157.21 E1623.73098
G0 F15000 X117.69 Y157.21
G0 X117.618 Y157.618
G0 X103.714 Y157.69
G0 X103.714 Y156.889
G1 F3000 X103.109 Y156.284 E1623.82204
G0 F15000 X102.31 Y156.284
G0 X102.31 Y155.152
G0 X103.109 Y155.152
G1 F3000 X104.846 Y156.889 E1624.08349
G0 F15000 X104.846 Y157.69
G0 X105.977 Y157.69
G0 X105.977 Y156.889
G1 F3000 X103.109 Y154.021 E1624.51518
G0 F15000 X102.31 Y154.021
G0 X102.31 Y152.889
G0 X103.109 Y152.889
G1 F3000 X107.108 Y156.889 E1625.11718
G0 F15000 X107.108 Y157.69
G0 X108.24 Y157.69
G0 X108.24 Y156.889
G1 F3000 X103.109 Y151.758 E1625.88948
G0 F15000 X102.31 Y151.758
G0 X102.31 Y150.627
G0 X103.109 Y150.627
G1 F3000 X109.371 Y156.889 E1626.83203
G0 F15000 X109.371 Y157.69
G0 X110.503 Y157.69
G0 X110.503 Y156.889
G1 F3000 X103.109 Y149.495 E1627.94496
G0 F15000 X102.31 Y149.495
G0 X102.31 Y148.364
G0 X103.109 Y148.364
G1 F3000 X111.634 Y156.889 E1629.22813
G0 F15000 X111.634 Y157.69
G0 X112.765 Y157.69
G0 X112.765 Y156.889
G1 F3000 X103.109 Y147.233 E1630.68153
G0 F15000 X102.31 Y147.233
G0 X102.31 Y146.101
G0 X103.109 Y146.101
G1 F3000 X113.897 Y156.889 E1632.30532
G0 F15000 X113.897 Y157.69
G0 X115.028 Y157.69
G0 X115.028 Y156.889
G1 F3000 X103.109 Y144.97 E1634.09935
G0 F15000 X102.31 Y144.97
G0 X102.31 Y143.838
G0 X103.109 Y143.838
G1 F3000 X116.159 Y156.889 E1636.06369
G0 F15000 X116.889 Y156.487
G1 F3000 X103.109 Y142.707 E1638.13783
G0 F15000 X102.31 Y142.707
G0 X102.31 Y141.576
G0 X103.109 Y141.576
G1 F3000 X116.889 Y155.356 E1640.21197
G0 F15000 X117.69 Y155.356
G0 X117.69 Y154.224
G0 X116.889 Y154.224
G1 F3000 X103.109 Y140.444 E1642.28611
G0 F15000 X102.31 Y140.444
G0 X102.31 Y139.313
G0 X103.109 Y139.313
G1 F3000 X116.889 Y153.093 E1644.36025
G0 F15000 X117.69 Y153.093
G0 X117.69 Y151.962
G0 X116.889 Y151.962
G1 F3000 X103.109 Y138.182 E1646.43439
G0 F15000 X102.31 Y138.182
G0 X102.31 Y137.05
G0 X103.109 Y137.05
G1 F3000 X116.889 Y150.83 E1648.50853
G0 F15000 X117.69 Y150.83
G0 X117.69 Y149.699
G0 X116.889 Y149.699
G1 F3000 X103.109 Y135.919 E1650.58267
G0 F15000 X102.31 Y135.919
G0 X102.31 Y134.787
G0 X103.109 Y134.787
G1 F3000 X116.889 Y148.568 E1652.65689
G0 F15000 X117.69 Y148.568
G0 X117.69 Y147.436
G0 X116.889 Y147.436
G1 F3000 X103.109 Y133.656 E1654.73103
G0 F15000 X102.31 Y133.656
G0 X102.31 Y132.525
G0 X103.109 Y132.525
G1 F3000 X116.889 Y146.305 E1656.80517
G0 F15000 X117.69 Y146.305
G0 X117.69 Y145.173
G0 X116.889 Y145.173
G1 F3000 X103.109 Y131.393 E1658.87931
G0 F15000 X102.31 Y131.393
G0 X102.31 Y130.262
G0 X103.109 Y130.262
G1 F3000 X116.889 Y144.042 E1660.95345
G0 F15000 X117.69 Y144.042
G0 X117.69 Y142.911
G0 X116.889 Y142.911
G1 F3000 X103.109 Y129.131 E1663.02759
G0 F15000 X102.31 Y129.131
G0 X102.31 Y127.999
G0 X103.109 Y127.999
G1 F3000 X116.889 Y141.779 E1665.10173
G0 F15000 X117.69 Y141.779
G0 X117.69 Y140.648
G0 X116.889 Y140.648
G1 F3000 X103.109 Y126.868 E1667.17587
G0 F15000 X102.31 Y126.868
G0 X102.31 Y125.737
G0 X103.109 Y125.737
G1 F3000 X116.889 Y139.517 E1669.25001
G0 F15000 X117.69 Y139.517
G0 X117.69 Y138.385
G0 X116.889 Y138.385
G1 F3000 X103.109 Y124.605 E1671.32415
G0 F15000 X102.31 Y124.605
G0 X102.31 Y123.474
G0 X103.109 Y123.474
G1 F3000 X116.889 Y137.254 E1673.39829
G0 F15000 X117.69 Y137.254
G0 X117.69 Y136.123
G0 X116.889 Y136.123
G1 F3000 X103.109 Y122.342 E1675.47251
G0 F15000 X102.31 Y122.342
G0 X102.31 Y121.211
G0 X103.109 Y121.211
G1 F3000 X116.889 Y134.991 E1677.54665
G0 F15000 X117.69 Y134.991
G0 X117.69 Y133.86
G0 X116.889 Y133.86
G1 F3000 X103.109 Y120.08 E1679.62079
G0 F15000 X102.31 Y120.08
G0 X102.31 Y118.948
G0 X103.109 Y118.948
G1 F3000 X116.889 Y132.728 E1681.69493
G0 F15000 X117.69 Y132.728
G0 X117.69 Y131.597
G0 X116.889 Y131.597
G1 F3000 X103.109 Y117.817 E1683.76907
G0 F15000 X102.31 Y117.817
G0 X102.31 Y116.686
G0 X103.109 Y116.686
G1 F3000 X116.889 Y130.466 E1685.84321
G0 F15000 X117.69 Y130.466
G0 X117.69 Y129.334
G0 X116.889 Y129.334
G1 F3000 X103.109 Y115.554 E1687.91735
G0 F15000 X102.31 Y115.554
G0 X102.31 Y114.423
G0 X103.109 Y114.423
G1 F3000 X116.889 Y128.203 E1689.99149
G0 F15000 X117.69 Y128.203
G0 X117.69 Y127.072
G0 X116.889 Y127.072
G1 F3000 X103.109 Y113.291 E1692.06571
G0 F15000 X102.31 Y113.291
G0 X102.31 Y112.16
G0 X103.109 Y112.16
G1 F3000 X116.889 Y125.94 E1694.13985
G0 F15000 X117.69 Y125.94
G0 X117.69 Y124.809
G0 X116.889 Y124.809
G1 F3000 X103.109 Y111.029 E1696.21399
G0 F15000 X102.31 Y111.029
G0 X102.31 Y109.897
G0 X103.109 Y109.897
G1 F3000 X116.889 Y123.677 E1698.28813
G0 F15000 X117.69 Y123.677
G0 X117.69 Y122.546
G0 X116.889 Y122.546
G1 F3000 X103.109 Y108.766 E1700.36227
G0 F15000 X102.31 Y108.766
G0 X102.31 Y107.635
G0 X103.109 Y107.635
G1 F3000 X116.889 Y121.415 E1702.43641
G0 F15000 X117.69 Y121.415
G0 X117.69 Y120.283
G0 X116.889 Y120.283
G1 F3000 X103.109 Y106.503 E1704.51055
G0 F15000 X102.31 Y106.503
G0 X102.31 Y105.372
G0 X103.109 Y105.372
G1 F3000 X116.889 Y119.152 E1706.58469
G0 F15000 X117.69 Y119.152
G0 X117.69 Y118.021
G0 X116.889 Y118.021
G1 F3000 X103.109 Y104.24 E1708.65891
G0 F15000 X102.31 Y104.24
G0 X102.31 Y103.109
G0 X103.109 Y103.109
G1 F3000 X116.889 Y116.889 E1710.73305
G0 F15000 X117.69 Y116.889
G0 X117.69 Y115.758
G0 X116.889 Y115.758
G1 F3000 X103.109 Y101.978 E1712.80719
G0 F15000 X102.31 Y101.978
G0 X102.31 Y100.846
G0 X103.109 Y100.846
G1 F3000 X116.889 Y114.626 E1714.88133
G0 F15000 X117.69 Y114.626
G0 X117.69 Y113.495
G0 X116.889 Y113.495
G1 F3000 X103.109 Y99.715 E1716.95547
G0 F15000 X102.31 Y99.715
G0 X102.31 Y98.584
G0 X103.109 Y98.584
G1 F3000 X116.889 Y112.364 E1719.02961
G0 F15000 X117.69 Y112.364
G0 X117.69 Y111.232
G0 X116.889 Y111.232
G1 F3000 X103.109 Y97.452 E1721.10375
G0 F15000 X102.31 Y97.452
G0 X102.31 Y96.321
G0 X103.109 Y96.321
G1 F3000 X116.889 Y110.101 E1723.17789
G0 F15000 X117.69 Y110.101
G0 X117.69 Y108.97
G0 X116.889 Y108.97
G1 F3000 X103.109 Y95.19 E1725.25203
G0 F15000 X102.31 Y95.19
G0 X102.31 Y94.058
G0 X103.109 Y94.058
G1 F3000 X116.889 Y107.838 E1727.32618
G0 F15000 X117.69 Y107.838
G0 X117.69 Y106.707
G0 X116.889 Y106.707
G1 F3000 X103.109 Y92.927 E1729.40032
G0 F15000 X102.31 Y92.927
G0 X102.31 Y91.795
G0 X103.109 Y91.795
G1 F3000 X116.889 Y105.575 E1731.47446
G0 F15000 X117.69 Y105.575
G0 X117.69 Y104.444
G0 X116.889 Y104.444
G1 F3000 X103.109 Y90.664 E1733.5486
G0 F15000 X102.31 Y90.664
G0 X102.31 Y89.533
G0 X103.109 Y89.533
G1 F3000 X116.889 Y103.313 E1735.62274
G0 F15000 X117.69 Y103.313
G0 X117.69 Y102.181
G0 X116.889 Y102.181
G1 F3000 X103.109 Y88.401 E1737.69688
G0 F15000 X102.31 Y88.401
G0 X102.31 Y87.27
G0 X103.109 Y87.27
G1 F3000 X116.889 Y101.05 E1739.77102
G0 F15000 X117.69 Y101.05
G0 X117.69 Y99.919
G0 X116.889 Y99.919
G1 F3000 X103.109 Y86.139 E1741.84516
G0 F15000 X102.31 Y86.139
G0 X102.31 Y85.007
G0 X103.109 Y85.007
G1 F3000 X116.889 Y98.787 E1743.9193
G0 F15000 X117.69 Y98.787
G0 X117.69 Y97.656
G0 X116.889 Y97.656
G1 F3000 X103.109 Y83.876 E1745.99344
G0 F15000 X102.31 Y83.876
G0 X102.31 Y82.744
G0 X103.109 Y82.744
G1 F3000 X116.889 Y96.525 E1748.06766
G0 F15000 X117.69 Y96.525
G0 X117.69 Y95.393
G0 X116.889 Y95.393
G1 F3000 X103.109 Y81.613 E1750.1418
G0 F15000 X102.31 Y81.613
G0 X102.31 Y80.482
G0 X103.109 Y80.482
G1 F3000 X116.889 Y94.262 E1752.21594
G0 F15000 X117.69 Y94.262
G0 X117.69 Y93.13
G0 X116.889 Y93.13
G1 F3000 X103.109 Y79.35 E1754.29008
G0 F15000 X102.31 Y79.35
G0 X102.31 Y78.219
G0 X103.109 Y78.219
G1 F3000 X116.889 Y91.999 E1756.36422
G0 F15000 X117.69 Y91.999
G0 X117.69 Y90.868
G0 X116.889 Y90.868
G1 F3000 X103.109 Y77.088 E1758.43836
G0 F15000 X102.31 Y77.088
G0 X102.31 Y75.956
G0 X103.109 Y75.956
G1 F3000 X116.889 Y89.736 E1760.5125
G0 F15000 X117.69 Y89.736
G0 X117.69 Y88.605
G0 X116.889 Y88.605
G1 F3000 X103.109 Y74.825 E1762.58664
G0 F15000 X102.31 Y74.825
G0 X102.31 Y73.693
G0 X103.109 Y73.693
G1 F3000 X116.889 Y87.474 E1764.66086
G0 F15000 X117.69 Y87.474
G0 X117.69 Y86.342
G0 X116.889 Y86.342
G1 F3000 X103.109 Y72.562 E1766.735
G0 F15000 X102.31 Y72.562
G0 X102.31 Y71.431
G0 X103.109 Y71.431
G1 F3000 X116.889 Y85.211 E1768.80914
G0 F15000 X117.69 Y85.211
G0 X117.69 Y84.079
G0 X116.889 Y84.079
G1 F3000 X103.109 Y70.299 E1770.88328
G0 F15000 X102.31 Y70.299
G0 X102.31 Y69.168
G0 X103.109 Y69.168
G1 F3000 X116.889 Y82.948 E1772.95742
G0 F15000 X117.69 Y82.948
G0 X117.69 Y81.817
G0 X116.889 Y81.817
G1 F3000 X103.109 Y68.037 E1775.03156
G0 F15000 X102.31 Y68.037
G0 X102.31 Y66.905
G0 X103.109 Y66.905
G1 F3000 X116.889 Y80.685 E1777.1057
G0 F15000 X117.69 Y80.685
G0 X117.69 Y79.554
G0 X116.889 Y79.554
G1 F3000 X103.109 Y65.774 E1779.17984
G0 F15000 X102.31 Y65.774
G0 X102.31 Y64.642
G0 X103.109 Y64.642
G1 F3000 X116.889 Y78.423 E1781.25406
G0 F15000 X117.69 Y78.423
G0 X117.69 Y77.291
G0 X116.889 Y77.291
G1 F3000 X103.109 Y63.511 E1783.3282
G0 F15000 X103.839 Y63.109
G1 F3000 X116.889 Y76.16 E1785.29254
G0 F15000 X117.69 Y76.16
G0 X117.69 Y75.028
G0 X116.889 Y75.028
G1 F3000 X104.97 Y63.109 E1787.08656
G0 F15000 X104.97 Y62.31
G0 X106.102 Y62.31
G0 X106.102 Y63.109
G1 F3000 X116.889 Y73.897 E1788.71028
G0 F15000 X117.69 Y73.897
G0 X117.69 Y72.766
G0 X116.889 Y72.766
G1 F3000 X107.233 Y63.109 E1790.16376
G0 F15000 X107.233 Y62.31
G0 X108.364 Y62.31
G0 X108.364 Y63.109
G1 F3000 X116.889 Y71.634 E1791.44692
G0 F15000 X117.69 Y71.634
G0 X117.69 Y70.503
G0 X116.889 Y70.503
G1 F3000 X109.496 Y63.109 E1792.55978
G0 F15000 X109.496 Y62.31
G0 X110.627 Y62.31
G0 X110.627 Y63.109
G1 F3000 X116.889 Y69.372 E1793.5024
G0 F15000 X117.69 Y69.372
G0 X117.69 Y68.24
G0 X116.889 Y68.24
G1 F3000 X111.758 Y63.109 E1794.27471
G0 F15000 X111.758 Y62.31
G0 X112.89 Y62.31
G0 X112.89 Y63.109
G1 F3000 X116.889 Y67.109 E1794.87671
G0 F15000 X117.69 Y67.109
G0 X117.69 Y65.978
G0 X116.889 Y65.978
G1 F3000 X114.021 Y63.109 E1795.30847
G0 F15000 X114.021 Y62.31
G0 X115.153 Y62.31
G0 X115.153 Y63.109
G1 F3000 X116.889 Y64.846 E1795.56984
G0 F15000 X117.69 Y64.846
G0 X117.69 Y63.715
G0 X116.889 Y63.715
G1 F3000 X116.284 Y63.109 E1795.66098
G0 F15000 X116.284 Y61.61
G1 F1500 E1789.16098
;MESH:NONMESH
G0 F300 X116.284 Y61.61 Z2.56
G0 F15000 X117.618 Y62.382
G0 X118 Y158
;TIME_ELAPSED:552.270315
;LAYER:7
;TYPE:WALL-INNER
;MESH:GUIDA INFERIORE DIVA.stl
G1 F1500 E1795.66098
G1 F3000 X102 Y158 E1797.3639
G1 X102 Y62 E1807.58141
G1 X118 Y62 E1809.28433
G1 X118 Y158 E1819.50185
G0 F15000 X118.8 Y158.8
G1 F3000 X101.2 Y158.8 E1821.37506
G1 X101.2 Y61.2 E1831.76286
G1 X118.8 Y61.2 E1833.63607
G1 X118.8 Y158.8 E1844.02388
G0 F15000 X119.13 Y159.13
G0 X119.6 Y159.6
;TYPE:WALL-OUTER
G1 F3000 X100.4 Y159.6 E1846.06738
G1 X100.4 Y60.4 E1856.62548
G1 X119.6 Y60.4 E1858.66898
G1 X119.6 Y159.6 E1869.22708
G0 F15000 X119.13 Y159.13
G0 X117.69 Y157.21
G0 X117.21 Y157.21
;TYPE:SKIN
G1 F3000 X102.79 Y157.21 E1870.76183
G1 X102.79 Y62.79 E1880.81118
G1 X117.21 Y62.79 E1882.34594
G1 X117.21 Y157.21 E1892.39529
G0 F15000 X117.69 Y157.21
G0 X117.618 Y157.618
G0 X115.771 Y157.69
G0 X115.771 Y156.889
G1 F3000 X116.889 Y155.77 E1892.56365
G0 F15000 X117.69 Y155.77
G0 X117.69 Y154.639
G0 X116.889 Y154.639
G1 F3000 X114.639 Y156.889 E1892.90231
G0 F15000 X114.639 Y157.69
G0 X113.508 Y157.69
G0 X113.508 Y156.889
G1 F3000 X116.889 Y153.507 E1893.41129
G0 F15000 X117.69 Y153.507
G0 X117.69 Y152.376
G0 X116.889 Y152.376
G1 F3000 X112.376 Y156.889 E1894.09058
G0 F15000 X112.376 Y157.69
G0 X111.245 Y157.69
G0 X111.245 Y156.889
G1 F3000 X116.889 Y151.245 E1894.9401
G0 F15000 X117.69 Y151.245
G0 X117.69 Y150.113
G0 X116.889 Y150.113
G1 F3000 X110.114 Y156.889 E1895.95994
G0 F15000 X110.114 Y157.69
G0 X108.982 Y157.69
G0 X108.982 Y156.889
G1 F3000 X116.889 Y148.982 E1897.15008
G0 F15000 X117.69 Y148.982
G0 X117.69 Y147.851
G0 X116.889 Y147.851
G1 F3000 X107.851 Y156.889 E1898.51047
G0 F15000 X107.851 Y157.69
G0 X106.72 Y157.69
G0 X106.72 Y156.889
G1 F3000 X116.889 Y146.719 E1900.04116
G0 F15000 X117.69 Y146.719
G0 X117.69 Y145.588
G0 X116.889 Y145.588
G1 F3000 X105.588 Y156.889 E1901.74217
G0 F15000 X105.588 Y157.69
G0 X104.457 Y157.69
G0 X104.457 Y156.889
G1 F3000 X116.889 Y144.456 E1903.61349
G0 F15000 X117.69 Y144.456
G0 X117.69 Y143.325
G0 X116.889 Y143.325
G1 F3000 X103.325 Y156.889 E1905.65512
G0 F15000 X103.109 Y155.974
G1 F3000 X116.889 Y142.194 E1907.72926
G0 F15000 X117.69 Y142.194
G0 X117.69 Y141.062
G0 X116.889 Y141.062
G1 F3000 X103.109 Y154.842 E1909.8034
G0 F15000 X102.31 Y154.842
G0 X102.31 Y153.711
G0 X103.109 Y153.711
G1 F3000 X116.889 Y139.931 E1911.87754
G0 F15000 X117.69 Y139.931
G0 X117.69 Y138.8
G0 X116.889 Y138.8
G1 F3000 X103.109 Y152.58 E1913.95168
G0 F15000 X102.31 Y152.58
G0 X102.31 Y151.448
G0 X103.109 Y151.448
G1 F3000 X116.889 Y137.668 E1916.02582
G0 F15000 X117.69 Y137.668
G0 X117.69 Y136.537
G0 X116.889 Y136.537
G1 F3000 X103.109 Y150.317 E1918.09996
G0 F15000 X102.31 Y150.317
G0 X102.31 Y149.186
G0 X103.109 Y149.186
G1 F3000 X116.889 Y135.405 E1920.17417
G0 F15000 X117.69 Y135.405
G0 X117.69 Y134.274
G0 X116.889 Y134.274
G1 F3000 X103.109 Y148.054 E1922.24832
G0 F15000 X102.31 Y148.054
G0 X102.31 Y146.923
G0 X103.109 Y146.923
G1 F3000 X116.889 Y133.143 E1924.32246
G0 F15000 X117.69 Y133.143
G0 X117.69 Y132.011
G0 X116.889 Y132.011
G1 F3000 X103.109 Y145.791 E1926.3966
G0 F15000 X102.31 Y145.791
G0 X102.31 Y144.66
G0 X103.109 Y144.66
G1 F3000 X116.889 Y130.88 E1928.47074
G0 F15000 X117.69 Y130.88
G0 X117.69 Y129.749
G0 X116.889 Y129.749
G1 F3000 X103.109 Y143.529 E1930.54488
G0 F15000 X102.31 Y143.529
G0 X102.31 Y142.397
G0 X103.109 Y142.397
G1 F3000 X116.889 Y128.617 E1932.61902
G0 F15000 X117.69 Y128.617
G0 X117.69 Y127.486
G0 X116.889 Y127.486
G1 F3000 X103.109 Y141.266 E1934.69316
G0 F15000 X102.31 Y141.266
G0 X102.31 Y140.135
G0 X103.109 Y140.135
G1 F3000 X116.889 Y126.355 E1936.7673
G0 F15000 X117.69 Y126.355
G0 X117.69 Y125.223
G0 X116.889 Y125.223
G1 F3000 X103.109 Y139.003 E1938.84144
G0 F15000 X102.31 Y139.003
G0 X102.31 Y137.872
G0 X103.109 Y137.872
G1 F3000 X116.889 Y124.092 E1940.91558
G0 F15000 X117.69 Y124.092
G0 X117.69 Y122.96
G0 X116.889 Y122.96
G1 F3000 X103.109 Y136.741 E1942.9898
G0 F15000 X102.31 Y136.741
G0 X102.31 Y135.609
G0 X103.109 Y135.609
G1 F3000 X116.889 Y121.829 E1945.06394
G0 F15000 X117.69 Y121.829
G0 X117.69 Y120.698
G0 X116.889 Y120.698
G1 F3000 X103.109 Y134.478 E1947.13808
G0 F15000 X102.31 Y134.478
G0 X102.31 Y133.346
G0 X103.109 Y133.346
G1 F3000 X116.889 Y119.566 E1949.21222
G0 F15000 X117.69 Y119.566
G0 X117.69 Y118.435
G0 X116.889 Y118.435
G1 F3000 X103.109 Y132.215 E1951.28636
G0 F15000 X102.31 Y132.215
G0 X102.31 Y131.084
G0 X103.109 Y131.084
G1 F3000 X116.889 Y117.304 E1953.3605
G0 F15000 X117.69 Y117.304
G0 X117.69 Y116.172
G0 X116.889 Y116.172
G1 F3000 X103.109 Y129.952 E1955.43464
G0 F15000 X102.31 Y129.952
G0 X102.31 Y128.821
G0 X103.109 Y128.821
G1 F3000 X116.889 Y115.041 E1957.50878
G0 F15000 X117.69 Y115.041
G0 X117.69 Y113.909
G0 X116.889 Y113.909
G1 F3000 X103.109 Y127.69 E1959.583
G0 F15000 X102.31 Y127.69
G0 X102.31 Y126.558
G0 X103.109 Y126.558
G1 F3000 X116.889 Y112.778 E1961.65714
G0 F15000 X117.69 Y112.778
G0 X117.69 Y111.647
G0 X116.889 Y111.647
G1 F3000 X103.109 Y125.427 E1963.73128
G0 F15000 X102.31 Y125.427
G0 X102.31 Y124.295
G0 X103.109 Y124.295
G1 F3000 X116.889 Y110.515 E1965.80542
G0 F15000 X117.69 Y110.515
G0 X117.69 Y109.384
G0 X116.889 Y109.384
G1 F3000 X103.109 Y123.164 E1967.87956
G0 F15000 X102.31 Y123.164
G0 X102.31 Y122.033
G0 X103.109 Y122.033
G1 F3000 X116.889 Y108.253 E1969.9537
G0 F15000 X117.69 Y108.253
G0 X117.69 Y107.121
G0 X116.889 Y107.121
G1 F3000 X103.109 Y120.901 E1972.02784
G0 F15000 X102.31 Y120.901
G0 X102.31 Y119.77
G0 X103.109 Y119.77
G1 F3000 X116.889 Y105.99 E1974.10198
G0 F15000 X117.69 Y105.99
G0 X117.69 Y104.858
G0 X116.889 Y104.858
G1 F3000 X103.109 Y118.639 E1976.1762
G0 F15000 X102.31 Y118.639
G0 X102.31 Y117.507
G0 X103.109 Y117.507
G1 F3000 X116.889 Y103.727 E1978.25034
G0 F15000 X117.69 Y103.727
G0 X117.69 Y102.596
G0 X116.889 Y102.596
G1 F3000 X103.109 Y116.376 E1980.32448
G0 F15000 X102.31 Y116.376
G0 X102.31 Y115.244
G0 X103.109 Y115.244
G1 F3000 X116.889 Y101.464 E1982.39862
G0 F15000 X117.69 Y101.464
G0 X117.69 Y100.333
G0 X116.889 Y100.333
G1 F3000 X103.109 Y114.113 E1984.47276
G0 F15000 X102.31 Y114.113
G0 X102.31 Y112.982
G0 X103.109 Y112.982
G1 F3000 X116.889 Y99.202 E1986.5469
G0 F15000 X117.69 Y99.202
G0 X117.69 Y98.07
G0 X116.889 Y98.07
G1 F3000 X103.109 Y111.85 E1988.62104
G0 F15000 X102.31 Y111.85
G0 X102.31 Y110.719
G0 X103.109 Y110.719
G1 F3000 X116.889 Y96.939 E1990.69518
G0 F15000 X117.69 Y96.939
G0 X117.69 Y95.808
G0 X116.889 Y95.808
G1 F3000 X103.109 Y109.588 E1992.76932
G0 F15000 X102.31 Y109.588
G0 X102.31 Y108.456
G0 X103.109 Y108.456
G1 F3000 X116.889 Y94.676 E1994.84346
G0 F15000 X117.69 Y94.676
G0 X117.69 Y93.545
G0 X116.889 Y93.545
G1 F3000 X103.109 Y107.325 E1996.9176
G0 F15000 X102.31 Y107.325
G0 X102.31 Y106.194
G0 X103.109 Y106.194
G1 F3000 X116.889 Y92.413 E1998.99182
G0 F15000 X117.69 Y92.413
G0 X117.69 Y91.282
G0 X116.889 Y91.282
G1 F3000 X103.109 Y105.062 E2001.06596
G0 F15000 X102.31 Y105.062
G0 X102.31 Y103.931
G0 X103.109 Y103.931
G1 F3000 X116.889 Y90.151 E2003.1401
G0 F15000 X117.69 Y90.151
G0 X117.69 Y89.019
G0 X116.889 Y89.019
G1 F3000 X103.109 Y102.799 E2005.21424
G0 F15000 X102.31 Y102.799
G0 X102.31 Y101.668
G0 X103.109 Y101.668
G1 F3000 X116.889 Y87.888 E2007.28838
G0 F15000 X117.69 Y87.888
G0 X117.69 Y86.757
G0 X116.889 Y86.757
G1 F3000 X103.109 Y100.537 E2009.36252
G0 F15000 X102.31 Y100.537
G0 X102.31 Y99.405
G0 X103.109 Y99.405
G1 F3000 X116.889 Y85.625 E2011.43666
G0 F15000 X117.69 Y85.625
G0 X117.69 Y84.494
G0 X116.889 Y84.494
G1 F3000 X103.109 Y98.274 E2013.5108
G0 F15000 X102.31 Y98.274
G0 X102.31 Y97.143
G0 X103.109 Y97.143
G1 F3000 X116.889 Y83.362 E2015.58502
G0 F15000 X117.69 Y83.362
G0 X117.69 Y82.231
G0 X116.889 Y82.231
G1 F3000 X103.109 Y96.011 E2017.65916
G0 F15000 X102.31 Y96.011
G0 X102.31 Y94.88
G0 X103.109 Y94.88
G1 F3000 X116.889 Y81.1 E2019.7333
G0 F15000 X117.69 Y81.1
G0 X117.69 Y79.968
G0 X116.889 Y79.968
G1 F3000 X103.109 Y93.748 E2021.80744
G0 F15000 X102.31 Y93.748
G0 X102.31 Y92.617
G0 X103.109 Y92.617
G1 F3000 X116.889 Y78.837 E2023.88158
G0 F15000 X117.69 Y78.837
G0 X117.69 Y77.706
G0 X116.889 Y77.706
G1 F3000 X103.109 Y91.486 E2025.95572
G0 F15000 X102.31 Y91.486
G0 X102.31 Y90.354
G0 X103.109 Y90.354
G1 F3000 X116.889 Y76.574 E2028.02986
G0 F15000 X117.69 Y76.574
G0 X117.69 Y75.443
G0 X116.889 Y75.443
G1 F3000 X103.109 Y89.223 E2030.10401
G0 F15000 X102.31 Y89.223
G0 X102.31 Y88.092
G0 X103.109 Y88.092
G1 F3000 X116.889 Y74.311 E2032.17822
G0 F15000 X117.69 Y74.311
G0 X117.69 Y73.18
G0 X116.889 Y73.18
G1 F3000 X103.109 Y86.96 E2034.25236
G0 F15000 X102.31 Y86.96
G0 X102.31 Y85.829
G0 X103.109 Y85.829
G1 F3000 X116.889 Y72.049 E2036.3265
G0 F15000 X117.69 Y72.049
G0 X117.69 Y70.917
G0 X116.889 Y70.917
G1 F3000 X103.109 Y84.697 E2038.40064
G0 F15000 X102.31 Y84.697
G0 X102.31 Y83.566
G0 X103.109 Y83.566
G1 F3000 X116.889 Y69.786 E2040.47478
G0 F15000 X117.69 Y69.786
G0 X117.69 Y68.655
G0 X116.889 Y68.655
G1 F3000 X103.109 Y82.435 E2042.54892
G0 F15000 X102.31 Y82.435
G0 X102.31 Y81.303
G0 X103.109 Y81.303
G1 F3000 X116.889 Y67.523 E2044.62307
G0 F15000 X117.69 Y67.523
G0 X117.69 Y66.392
G0 X116.889 Y66.392
G1 F3000 X103.109 Y80.172 E2046.69721
G0 F15000 X102.31 Y80.172
G0 X102.31 Y79.041
G0 X103.109 Y79.041
G1 F3000 X116.889 Y65.261 E2048.77135
G0 F15000 X117.69 Y65.261
G0 X117.69 Y64.129
G0 X116.889 Y64.129
G1 F3000 X103.109 Y77.909 E2050.84549
G0 F15000 X102.31 Y77.909
G0 X102.31 Y76.778
G0 X103.109 Y76.778
G1 F3000 X116.777 Y63.109 E2052.90284
G0 F15000 X116.777 Y62.31
G0 X115.646 Y62.31
G0 X115.646 Y63.109
G1 F3000 X103.109 Y75.646 E2054.78989
G0 F15000 X102.31 Y75.646
G0 X102.31 Y74.515
G0 X103.109 Y74.515
G1 F3000 X114.515 Y63.109 E2056.5067
G0 F15000 X114.515 Y62.31
G0 X113.383 Y62.31
G0 X113.383 Y63.109
G1 F3000 X103.109 Y73.384 E2058.0532
G0 F15000 X102.31 Y73.384
G0 X102.31 Y72.252
G0 X103.109 Y72.252
G1 F3000 X112.252 Y63.109 E2059.42939
G0 F15000 X112.252 Y62.31
G0 X111.121 Y62.31
G0 X111.121 Y63.109
G1 F3000 X103.109 Y71.121 E2060.63534
G0 F15000 X102.31 Y71.121
G0 X102.31 Y69.99
G0 X103.109 Y69.99
G1 F3000 X109.989 Y63.109 E2061.67098
G0 F15000 X109.989 Y62.31
G0 X108.858 Y62.31
G0 X108.858 Y63.109
G1 F3000 X103.109 Y68.858 E2062.53631
G0 F15000 X102.31 Y68.858
G0 X102.31 Y67.727
G0 X103.109 Y67.727
G1 F3000 X107.727 Y63.109 E2063.2314
G0 F15000 X107.727 Y62.31
G0 X106.595 Y62.31
G0 X106.595 Y63.109
G1 F3000 X103.109 Y66.596 E2063.75618
G0 F15000 X102.31 Y66.596
G0 X102.31 Y65.464
G0 X103.109 Y65.464
G1 F3000 X105.464 Y63.109 E2064.11066
G0 F15000 X105.464 Y62.31
G0 X104.332 Y62.31
G0 X104.332 Y63.109
G1 F3000 X103.109 Y64.333 E2064.29481
G0 F15000 X101.61 Y64.333
G1 F1500 E2057.79481
;MESH:NONMESH
G0 F300 X101.61 Y64.333 Z2.88
G0 F15000 X102.382 Y157.618
G0 X118 Y158
;TIME_ELAPSED:630.680370
;LAYER:8
;TYPE:WALL-INNER
;MESH:GUIDA INFERIORE DIVA.stl
G1 F1500 E2064.29481
G1 F3000 X102 Y158 E2065.99773
G1 X102 Y62 E2076.21525
G1 X118 Y62 E2077.91817
G1 X118 Y158 E2088.13568
G0 F15000 X118.8 Y158.8
G1 F3000 X101.2 Y158.8 E2090.00889
G1 X101.2 Y61.2 E2100.3967
G1 X118.8 Y61.2 E2102.26991
G1 X118.8 Y158.8 E2112.65771
G0 F15000 X119.13 Y159.13
G0 X119.6 Y159.6
;TYPE:WALL-OUTER
G1 F3000 X100.4 Y159.6 E2114.70121
G1 X100.4 Y60.4 E2125.25931
G1 X119.6 Y60.4 E2127.30281
G1 X119.6 Y159.6 E2137.86091
G0 F15000 X119.13 Y159.13
G0 X117.69 Y157.21
G0 X117.21 Y157.21
;TYPE:SKIN
G1 F3000 X102.79 Y157.21 E2139.39567
G1 X102.79 Y62.79 E2149.44502
G1 X117.21 Y62.79 E2150.97977
G1 X117.21 Y157.21 E2161.02912
G0 F15000 X117.69 Y157.21
G0 X117.618 Y157.618
G0 X103.714 Y157.69
G0 X103.714 Y156.889
G1 F3000 X103.109 Y156.284 E2161.12019
G0 F15000 X102.31 Y156.284
G0 X102.31 Y155.152
G0 X103.109 Y155.152
G1 F3000 X104.846 Y156.889 E2161.38164
G0 F15000 X104.846 Y157.69
G0 X105.977 Y157.69
G0 X105.977 Y156.889
G1 F3000 X103.109 Y154.021 E2161.81332
G0 F15000 X102.31 Y154.021
G0 X102.31 Y152.889
G0 X103.109 Y152.889
G1 F3000 X107.108 Y156.889 E2162.41532
G0 F15000 X107.108 Y157.69
G0 X108.24 Y157.69
G0 X108.24 Y156.889
G1 F3000 X103.109 Y151.758 E2163.18763
G0 F15000 X102.31 Y151.758
G0 X102.31 Y150.627
G0 X103.109 Y150.627
G1 F3000 X109.371 Y156.889 E2164.13017
G0 F15000 X109.371 Y157.69
G0 X110.503 Y157.69
G0 X110.503 Y156.889
G1 F3000 X103.109 Y149.495 E2165.24311
G0 F15000 X102.31 Y149.495
G0 X102.31 Y148.364
G0 X103.109 Y148.364
G1 F3000 X111.634 Y156.889 E2166.52627
G0 F15000 X111.634 Y157.69
G0 X112.765 Y157.69
G0 X112.765 Y156.889
G1 F3000 X103.109 Y147.233 E2167.97968
G0 F15000 X102.31 Y147.233
G0 X102.31 Y146.101
G0 X103.109 Y146.101
G1 F3000 X113.897 Y156.889 E2169.60347
G0 F15000 X113.897 Y157.69
G0 X115.028 Y157.69
G0 X115.028 Y156.889
G1 F3000 X103.109 Y144.97 E2171.39749
G0 F15000 X102.31 Y144.97
G0 X102.31 Y143.838
G0 X103.109 Y143.838
G1 F3000 X116.159 Y156.889 E2173.36183
G0 F15000 X116.889 Y156.487
G1 F3000 X103.109 Y142.707 E2175.43597
G0 F15000 X102.31 Y142.707
G0 X102.31 Y141.576
G0 X103.109 Y141.576
G1 F3000 X116.889 Y155.356 E2177.51011
G0 F15000 X117.69 Y155.356
G0 X117.69 Y154.224
G0 X116.889 Y154.224
G1 F3000 X103.109 Y140.444 E2179.58425
G0 F15000 X102.31 Y140.444
G0 X102.31 Y139.313
G0 X103.109 Y139.313
G1 F3000 X116.889 Y153.093 E2181.65839
G0 F15000 X117.69 Y153.093
G0 X117.69 Y151.962
G0 X116.889 Y151.962
G1 F3000 X103.109 Y138.182 E2183.73253
G0 F15000 X102.31 Y138.182
G0 X102.31 Y137.05
G0 X103.109 Y137.05
G1 F3000 X116.889 Y150.83 E2185.80667
G0 F15000 X117.69 Y150.83
G0 X117.69 Y149.699
G0 X116.889 Y149.699
G1 F3000 X103.109 Y135.919 E2187.88082
G0 F15000 X102.31 Y135.919
G0 X102.31 Y134.787
G0 X103.109 Y134.787
G1 F3000 X116.889 Y148.568 E2189.95503
G0 F15000 X117.69 Y148.568
G0 X117.69 Y147.436
G0 X116.889 Y147.436
G1 F3000 X103.109 Y133.656 E2192.02917
G0 F15000 X102.31 Y133.656
G0 X102.31 Y132.525
G0 X103.109 Y132.525
G1 F3000 X116.889 Y146.305 E2194.10331
G0 F15000 X117.69 Y146.305
G0 X117.69 Y145.173
G0 X116.889 Y145.173
G1 F3000 X103.109 Y131.393 E2196.17745
G0 F15000 X102.31 Y131.393
G0 X102.31 Y130.262
G0 X103.109 Y130.262
G1 F3000 X116.889 Y144.042 E2198.25159
G0 F15000 X117.69 Y144.042
G0 X117.69 Y142.911
G0 X116.889 Y142.911
G1 F3000 X103.109 Y129.131 E2200.32573
G0 F15000 X102.31 Y129.131
G0 X102.31 Y127.999
G0 X103.109 Y127.999
G1 F3000 X116.889 Y141.779 E2202.39988
G0 F15000 X117.69 Y141.779
G0 X117.69 Y140.648
G0 X116.889 Y140.648
G1 F3000 X103.109 Y126.868 E2204.47402
G0 F15000 X102.31 Y126.868
G0 X102.31 Y125.737
G0 X103.109 Y125.737
G1 F3000 X116.889 Y139.517 E2206.54816
G0 F15000 X117.69 Y139.517
G0 X117.69 Y138.385
G0 X116.889 Y138.385
G1 F3000 X103.109 Y124.605 E2208.6223
G0 F15000 X102.31 Y124.605
G0 X102.31 Y123.474
G0 X103.109 Y123.474
G1 F3000 X116.889 Y137.254 E2210.69644
G0 F15000 X117.69 Y137.254
G0 X117.69 Y136.123
G0 X116.889 Y136.123
G1 F3000 X103.109 Y122.342 E2212.77065
G0 F15000 X102.31 Y122.342
G0 X102.31 Y121.211
G0 X103.109 Y121.211
G1 F3000 X116.889 Y134.991 E2214.84479
G0 F15000 X117.69 Y134.991
G0 X117.69 Y133.86
G0 X116.889 Y133.86
G1 F3000 X103.109 Y120.08 E2216.91893
G0 F15000 X102.31 Y120.08
G0 X102.31 Y118.948
G0 X103.109 Y118.948
G1 F3000 X116.889 Y132.728 E2218.99308
G0 F15000 X117.69 Y132.728
G0 X117.69 Y131.597
G0 X116.889 Y131.597
G1 F3000 X103.109 Y117.817 E2221.06722
G0 F15000 X102.31 Y117.817
G0 X102.31 Y116.686
G0 X103.109 Y116.686
G1 F3000 X116.889 Y130.466 E2223.14136
G0 F15000 X117.69 Y130.466
G0 X117.69 Y129.334
G0 X116.889 Y129.334
G1 F3000 X103.109 Y115.554 E2225.2155
G0 F15000 X102.31 Y115.554
G0 X102.31 Y114.423
G0 X103.109 Y114.423
G1 F3000 X116.889 Y128.203 E2227.28964
G0 F15000 X117.69 Y128.203
G0 X117.69 Y127.072
G0 X116.889 Y127.072
G1 F3000 X103.109 Y113.291 E2229.36385
G0 F15000 X102.31 Y113.291
G0 X102.31 Y112.16
G0 X103.109 Y112.16
G1 F3000 X116.889 Y125.94 E2231.43799
G0 F15000 X117.69 Y125.94
G0 X117.69 Y124.809
G0 X116.889 Y124.809
G1 F3000 X103.109 Y111.029 E2233.51214
G0 F15000 X102.31 Y111.029
G0 X102.31 Y109.897
G0 X103.109 Y109.897
G1 F3000 X116.889 Y123.677 E2235.58628
G0 F15000 X117.69 Y123.677
G0 X117.69 Y122.546
G0 X116.889 Y122.546
G1 F3000 X103.109 Y108.766 E2237.66042
G0 F15000 X102.31 Y108.766
G0 X102.31 Y107.635
G0 X103.109 Y107.635
G1 F3000 X116.889 Y121.415 E2239.73456
G0 F15000 X117.69 Y121.415
G0 X117.69 Y120.283
G0 X116.889 Y120.283
G1 F3000 X103.109 Y106.503 E2241.8087
G0 F15000 X102.31 Y106.503
G0 X102.31 Y105.372
G0 X103.109 Y105.372
G1 F3000 X116.889 Y119.152 E2243.88284
G0 F15000 X117.69 Y119.152
G0 X117.69 Y118.021
G0 X116.889 Y118.021
G1 F3000 X103.109 Y104.24 E2245.95705
G0 F15000 X102.31 Y104.24
G0 X102.31 Y103.109
G0 X103.109 Y103.109
G1 F3000 X116.889 Y116.889 E2248.0312
G0 F15000 X117.69 Y116.889
G0 X117.69 Y115.758
G0 X116.889 Y115.758
G1 F3000 X103.109 Y101.978 E2250.10534
G0 F15000 X102.31 Y101.978
G0 X102.31 Y100.846
G0 X103.109 Y100.846
G1 F3000 X116.889 Y114.626 E2252.17948
G0 F15000 X117.69 Y114.626
G0 X117.69 Y113.495
G0 X116.889 Y113.495
G1 F3000 X103.109 Y99.715 E2254.25362
G0 F15000 X102.31 Y99.715
G0 X102.31 Y98.584
G0 X103.109 Y98.584
G1 F3000 X116.889 Y112.364 E2256.32776
G0 F15000 X117.69 Y112.364
G0 X117.69 Y111.232
G0 X116.889 Y111.232
G1 F3000 X103.109 Y97.452 E2258.4019
G0 F15000 X102.31 Y97.452
G0 X102.31 Y96.321
G0 X103.109 Y96.321
G1 F3000 X116.889 Y110.101 E2260.47604
G0 F15000 X117.69 Y110.101
G0 X117.69 Y108.97
G0 X116.889 Y108.97
G1 F3000 X103.109 Y95.19 E2262.55018
G0 F15000 X102.31 Y95.19
G0 X102.31 Y94.058
G0 X103.109 Y94.058
G1 F3000 X116.889 Y107.838 E2264.62432
G0 F15000 X117.69 Y107.838
G0 X117.69 Y106.707
G0 X116.889 Y106.707
G1 F3000 X103.109 Y92.927 E2266.69846
G0 F15000 X102.31 Y92.927
G0 X102.31 Y91.795
G0 X103.109 Y91.795
G1 F3000 X116.889 Y105.575 E2268.7726
G0 F15000 X117.69 Y105.575
G0 X117.69 Y104.444
G0 X116.889 Y104.444
G1 F3000 X103.109 Y90.664 E2270.84674
G0 F15000 X102.31 Y90.664
G0 X102.31 Y89.533
G0 X103.109 Y89.533
G1 F3000 X116.889 Y103.313 E2272.92088
G0 F15000 X117.69 Y103.313
G0 X117.69 Y102.181
G0 X116.889 Y102.181
G1 F3000 X103.109 Y88.401 E2274.99502
G0 F15000 X102.31 Y88.401
G0 X102.31 Y87.27
G0 X103.109 Y87.27
G1 F3000 X116.889 Y101.05 E2277.06916
G0 F15000 X117.69 Y101.05
G0 X117.69 Y99.919
G0 X116.889 Y99.919
G1 F3000 X103.109 Y86.139 E2279.1433
G0 F15000 X102.31 Y86.139
G0 X102.31 Y85.007
G0 X103.109 Y85.007
G1 F3000 X116.889 Y98.787 E2281.21745
G0 F15000 X117.69 Y98.787
G0 X117.69 Y97.656
G0 X116.889 Y97.656
G1 F3000 X103.109 Y83.876 E2283.29159
G0 F15000 X102.31 Y83.876
G0 X102.31 Y82.744
G0 X103.109 Y82.744
G1 F3000 X116.889 Y96.525 E2285.3658
G0 F15000 X117.69 Y96.525
G0 X117.69 Y95.393
G0 X116.889 Y95.393
G1 F3000 X103.109 Y81.613 E2287.43994
G0 F15000 X102.31 Y81.613
G0 X102.31 Y80.482
G0 X103.109 Y80.482
G1 F3000 X116.889 Y94.262 E2289.51408
G0 F15000 X117.69 Y94.262
G0 X117.69 Y93.13
G0 X116.889 Y93.13
G1 F3000 X103.109 Y79.35 E2291.58822
G0 F15000 X102.31 Y79.35
G0 X102.31 Y78.219
G0 X103.109 Y78.219
G1 F3000 X116.889 Y91.999 E2293.66236
G0 F15000 X117.69 Y91.999
G0 X117.69 Y90.868
G0 X116.889 Y90.868
G1 F3000 X103.109 Y77.088 E2295.73651
G0 F15000 X102.31 Y77.088
G0 X102.31 Y75.956
G0 X103.109 Y75.956
G1 F3000 X116.889 Y89.736 E2297.81065
G0 F15000 X117.69 Y89.736
G0 X117.69 Y88.605
G0 X116.889 Y88.605
G1 F3000 X103.109 Y74.825 E2299.88479
G0 F15000 X102.31 Y74.825
G0 X102.31 Y73.693
G0 X103.109 Y73.693
G1 F3000 X116.889 Y87.474 E2301.959
G0 F15000 X117.69 Y87.474
G0 X117.69 Y86.342
G0 X116.889 Y86.342
G1 F3000 X103.109 Y72.562 E2304.03314
G0 F15000 X102.31 Y72.562
G0 X102.31 Y71.431
G0 X103.109 Y71.431
G1 F3000 X116.889 Y85.211 E2306.10728
G0 F15000 X117.69 Y85.211
G0 X117.69 Y84.079
G0 X116.889 Y84.079
G1 F3000 X103.109 Y70.299 E2308.18142
G0 F15000 X102.31 Y70.299
G0 X102.31 Y69.168
G0 X103.109 Y69.168
G1 F3000 X116.889 Y82.948 E2310.25556
G0 F15000 X117.69 Y82.948
G0 X117.69 Y81.817
G0 X116.889 Y81.817
G1 F3000 X103.109 Y68.037 E2312.32971
G0 F15000 X102.31 Y68.037
G0 X102.31 Y66.905
G0 X103.109 Y66.905
G1 F3000 X116.889 Y80.685 E2314.40385
G0 F15000 X117.69 Y80.685
G0 X117.69 Y79.554
G0 X116.889 Y79.554
G1 F3000 X103.109 Y65.774 E2316.47799
G0 F15000 X102.31 Y65.774
G0 X102.31 Y64.642
G0 X103.109 Y64.642
G1 F3000 X116.889 Y78.423 E2318.5522
G0 F15000 X117.69 Y78.423
G0 X117.69 Y77.291
G0 X116.889 Y77.291
G1 F3000 X103.109 Y63.511 E2320.62634
G0 F15000 X103.839 Y63.109
G1 F3000 X116.889 Y76.16 E2322.59068
G0 F15000 X117.69 Y76.16
G0 X117.69 Y75.028
G0 X116.889 Y75.028
G1 F3000 X104.97 Y63.109 E2324.38471
G0 F15000 X104.97 Y62.31
G0 X106.102 Y62.31
G0 X106.102 Y63.109
G1 F3000 X116.889 Y73.897 E2326.00842
G0 F15000 X117.69 Y73.897
G0 X117.69 Y72.766
G0 X116.889 Y72.766
G1 F3000 X107.233 Y63.109 E2327.4619
G0 F15000 X107.233 Y62.31
G0 X108.364 Y62.31
G0 X108.364 Y63.109
G1 F3000 X116.889 Y71.634 E2328.74507
G0 F15000 X117.69 Y71.634
G0 X117.69 Y70.503
G0 X116.889 Y70.503
G1 F3000 X109.496 Y63.109 E2329.85792
G0 F15000 X109.496 Y62.31
G0 X110.627 Y62.31
G0 X110.627 Y63.109
G1 F3000 X116.889 Y69.372 E2330.80055
G0 F15000 X117.69 Y69.372
G0 X117.69 Y68.24
G0 X116.889 Y68.24
G1 F3000 X111.758 Y63.109 E2331.57285
G0 F15000 X111.758 Y62.31
G0 X112.89 Y62.31
G0 X112.89 Y63.109
G1 F3000 X116.889 Y67.109 E2332.17485
G0 F15000 X117.69 Y67.109
G0 X117.69 Y65.978
G0 X116.889 Y65.978
G1 F3000 X114.021 Y63.109 E2332.60661
G0 F15000 X114.021 Y62.31
G0 X115.153 Y62.31
G0 X115.153 Y63.109
G1 F3000 X116.889 Y64.846 E2332.86799
G0 F15000 X117.69 Y64.846
G0 X117.69 Y63.715
G0 X116.889 Y63.715
G1 F3000 X116.284 Y63.109 E2332.95913
G0 F15000 X116.284 Y61.61
;TIME_ELAPSED:707.830757
G1 F1500 E2326.45913
M140 S0
G91 ;Relative positioning
G1 E-2 F2700 ;Retract a bit
G1 E-2 Z0.2 F2400 ;Retract and raise Z
G1 X5 Y5 F3000 ;Wipe out
G1 Z10 ;Raise Z more
G90 ;Absolute positioning

G1 X0 Y220 ;Present print
M106 S0 ;Turn-off fan
M104 S0 ;Turn-off hotend
M140 S0 ;Turn-off bed

M84 X Y E ;Disable all steppers but Z

M82 ;absolute extrusion mode
M104 S0
;End of Gcode
;SETTING_3 {"global_quality": "[general]\\nversion = 4\\nname = Draft Quality #2
;SETTING_3 \\ndefinition = creality_ender3pro\\n\\n[metadata]\\ntype = quality_c
;SETTING_3 hanges\\nquality_type = draft\\nsetting_version = 17\\n\\n[values]\\n
;SETTING_3 adhesion_type = brim\\nmaterial_bed_temperature = 90\\nsupport_enable
;SETTING_3  = True\\nsupport_type = everywhere\\n\\n", "extruder_quality": ["[ge
;SETTING_3 neral]\\nversion = 4\\nname = Draft Quality #2\\ndefinition = crealit
;SETTING_3 y_ender3pro\\n\\n[metadata]\\ntype = quality_changes\\nquality_type =
;SETTING_3  draft\\nsetting_version = 17\\nposition = 0\\n\\n[values]\\ncool_fan
;SETTING_3 _speed = 0\\ninfill_sparse_density = 20\\nmaterial_print_temperature 
;SETTING_3 = 250.0\\nraft_airgap = 5\\nraft_base_line_width = 5\\nspeed_layer_0 
;SETTING_3 = 50.0\\nspeed_print = 100.0\\nsupport_bottom_stair_step_height = 0.4
;SETTING_3 \\nsupport_infill_rate = 10\\nsupport_infill_sparse_thickness = 0.4\\
;SETTING_3 nsupport_pattern = lines\\nsupport_tree_branch_distance = 2.0\\nsuppo
;SETTING_3 rt_z_distance = 0.4\\n\\n"]}
