;FLAVOR:Marlin
;TIME:1478
;Filament used: 1.43108m
;Layer height: 0.28
;MINX:81.022
;MINY:87.307
;MINZ:0.28
;MAXX:126.465
;MAXY:132.688
;MAXZ:19.88
;Generated with Cura_SteamEngine 4.11.0
M140 S80
M105
M190 S80
M104 S245
M105
M109 S245
M82 ;absolute extrusion mode
; Ender 3 Custom Start G-code
G92 E0 ; Reset Extruder
G28 ; Home all axes
G1 Z2.0 F3000 ; Move Z Axis up little to prevent scratching of Heat Bed
G1 X0.1 Y20 Z0.3 F5000.0 ; Move to start position
G1 X0.1 Y200.0 Z0.3 F1500.0 E15 ; Draw the first line
G1 X0.4 Y200.0 Z0.3 F5000.0 ; Move to side a little
G1 X0.4 Y20 Z0.3 F1500.0 E30 ; Draw the second line
G92 E0 ; Reset Extruder
G1 Z2.0 F3000 ; Move Z Axis up little to prevent scratching of Heat Bed
G1 X5 Y20 Z0.3 F5000.0 ; Move over to prevent blob squish
G92 E0
G92 E0
G1 F1500 E-6.5
;LAYER_COUNT:71
;LAYER:0
M107
G0 F6000 X84.22 Y90.571 Z0.28
;TYPE:SKIRT
G1 F1500 E0
G1 F1200 X84.908 Y89.934 E0.04366
G1 X85.648 Y89.358 E0.08732
G1 X86.434 Y88.846 E0.131
G1 X87.261 Y88.404 E0.17467
G1 X88.123 Y88.034 E0.21835
G1 X89.013 Y87.738 E0.26202
G1 X89.925 Y87.52 E0.30568
G1 X90.852 Y87.379 E0.34935
G1 X91.723 Y87.32 E0.39
G1 X92.044 Y87.311 E0.40495
G1 X92.352 Y87.307 E0.41929
G1 X97.474 Y87.308 E0.65779
G1 X99.278 Y87.335 E0.74181
G1 X100.122 Y87.358 E0.78112
G1 X102.691 Y87.356 E0.90074
G1 X103.961 Y87.328 E0.95989
G1 X104.503 Y87.312 E0.98514
G1 X104.825 Y87.307 E1.00014
G1 X109.972 Y87.308 E1.2398
G1 X110.672 Y87.318 E1.2724
G1 X111.608 Y87.371 E1.31606
G1 X112.537 Y87.504 E1.35976
G1 X113.451 Y87.716 E1.40345
G1 X114.343 Y88.005 E1.44711
G1 X115.207 Y88.368 E1.49074
G1 X116.038 Y88.804 E1.53444
G1 X116.828 Y89.309 E1.5781
G1 X117.573 Y89.88 E1.62181
G1 X118.266 Y90.511 E1.66545
G1 X118.902 Y91.2 E1.70911
G1 X119.478 Y91.94 E1.75278
G1 X119.989 Y92.727 E1.79647
G1 X120.402 Y93.496 E1.83712
G1 X120.822 Y94.36 E1.88185
G1 X121.274 Y95.321 E1.9313
G1 X122.422 Y97.593 E2.04983
G1 X123.643 Y99.849 E2.16928
G1 X124.306 Y101.012 E2.23161
G1 X124.977 Y102.167 E2.29381
G1 X125.414 Y102.998 E2.33753
G1 X125.777 Y103.862 E2.38117
G1 X126.066 Y104.754 E2.42483
G1 X126.278 Y105.668 E2.46852
G1 X126.411 Y106.596 E2.51217
G1 X126.465 Y107.533 E2.55588
G1 X126.439 Y108.47 E2.59952
G1 X126.332 Y109.402 E2.64321
G1 X126.147 Y110.321 E2.68686
G1 X125.885 Y111.222 E2.73055
G1 X125.546 Y112.096 E2.7742
G1 X125.306 Y112.609 E2.80057
G1 X124.716 Y113.79 E2.86205
G1 X124.652 Y113.939 E2.8696
G1 X124.265 Y114.703 E2.90948
G1 X123.204 Y116.957 E3.02548
G1 X122.192 Y119.274 E3.14321
G1 X121.232 Y121.649 E3.26249
G1 X120.277 Y124.24 E3.39108
G1 X119.893 Y125.331 E3.44493
G1 X119.544 Y126.202 E3.48862
G1 X119.122 Y127.04 E3.53231
G1 X118.631 Y127.839 E3.57598
G1 X118.073 Y128.593 E3.61966
G1 X117.454 Y129.297 E3.66331
G1 X116.776 Y129.945 E3.70698
G1 X116.046 Y130.533 E3.75063
G1 X115.268 Y131.057 E3.79431
G1 X114.448 Y131.513 E3.838
G1 X113.593 Y131.898 E3.88166
G1 X112.708 Y132.208 E3.92532
G1 X111.799 Y132.441 E3.96902
G1 X110.874 Y132.597 E4.0127
G1 X109.672 Y132.68 E4.0688
G1 X109.109 Y132.688 E4.09502
G1 X108.797 Y132.688 E4.10955
G1 X108.375 Y132.682 E4.1292
G1 X108.049 Y132.672 E4.14439
G1 X106.726 Y132.614 E4.20605
G1 X104.112 Y132.537 E4.32782
G1 X102.789 Y132.527 E4.38943
G1 X100.233 Y132.563 E4.50846
G1 X98.687 Y132.62 E4.58049
G1 X97.616 Y132.668 E4.63041
G1 X97.287 Y132.678 E4.64574
G1 X96.617 Y132.688 E4.67694
G1 X96.271 Y132.688 E4.69305
G1 X95.847 Y132.681 E4.7128
G1 X94.911 Y132.625 E4.75646
G1 X93.983 Y132.49 E4.80013
G1 X93.07 Y132.277 E4.84378
G1 X92.178 Y131.986 E4.88747
G1 X91.314 Y131.62 E4.93117
G1 X90.485 Y131.183 E4.9748
G1 X89.696 Y130.676 E5.01847
G1 X88.953 Y130.104 E5.06213
G1 X88.261 Y129.47 E5.10584
G1 X87.626 Y128.78 E5.1495
G1 X87.052 Y128.039 E5.19315
G1 X86.543 Y127.251 E5.23683
G1 X86.103 Y126.423 E5.28049
G1 X85.735 Y125.56 E5.32417
G1 X85.46 Y124.732 E5.3648
G1 X85.336 Y124.302 E5.38564
G1 X84.591 Y121.865 E5.5043
G1 X83.778 Y119.454 E5.62278
G1 X82.911 Y117.101 E5.73954
G1 X81.83 Y114.412 E5.87449
G1 X81.516 Y113.528 E5.91818
G1 X81.279 Y112.62 E5.96187
G1 X81.12 Y111.696 E6.00553
G1 X81.035 Y110.606 E6.05644
G1 X81.026 Y110.286 E6.07135
G1 X81.022 Y109.977 E6.08574
G1 X81.023 Y98.832 E6.60469
G1 X81.032 Y98.167 E6.63566
G1 X81.085 Y97.231 E6.67931
G1 X81.217 Y96.302 E6.72301
G1 X81.428 Y95.388 E6.76669
G1 X81.716 Y94.496 E6.81033
G1 X82.079 Y93.631 E6.85401
G1 X82.514 Y92.8 E6.89769
G1 X83.018 Y92.01 E6.94132
G1 X83.588 Y91.265 E6.985
G1 X84.22 Y90.571 E7.02871
G0 F6000 X84.611 Y90.746
G1 F1200 X85.296 Y90.13 E7.07161
G1 X86.032 Y89.577 E7.11447
G1 X86.813 Y89.089 E7.15736
G1 X87.633 Y88.671 E7.20021
G1 X88.487 Y88.326 E7.2431
G1 X89.367 Y88.056 E7.28596
G1 X90.267 Y87.864 E7.32881
G1 X91.181 Y87.75 E7.3717
G1 X91.734 Y87.72 E7.39749
G1 X92.055 Y87.711 E7.41244
G1 X92.352 Y87.707 E7.42628
G1 X97.468 Y87.708 E7.6645
G1 X99.268 Y87.735 E7.74832
G1 X100.112 Y87.758 E7.78764
G1 X102.7 Y87.756 E7.90815
G1 X103.978 Y87.728 E7.96767
G1 X104.514 Y87.712 E7.99264
G1 X104.825 Y87.707 E8.00712
G1 X109.966 Y87.708 E8.24651
G1 X110.666 Y87.718 E8.27911
G1 X111.586 Y87.771 E8.32202
G1 X112.497 Y87.904 E8.36489
G1 X113.393 Y88.115 E8.40775
G1 X114.267 Y88.403 E8.4506
G1 X115.113 Y88.766 E8.49347
G1 X115.925 Y89.201 E8.53636
G1 X116.695 Y89.705 E8.57921
G1 X117.419 Y90.274 E8.62209
G1 X118.091 Y90.903 E8.66495
G1 X118.706 Y91.589 E8.70785
G1 X119.259 Y92.325 E8.75072
G1 X119.746 Y93.106 E8.79357
G1 X120.043 Y93.671 E8.8233
G1 X120.46 Y94.53 E8.86776
G1 X120.913 Y95.492 E8.91727
G1 X122.071 Y97.785 E9.03689
G1 X123.283 Y100.024 E9.15544
G1 X123.961 Y101.213 E9.21917
G1 X124.632 Y102.368 E9.28137
G1 X125.059 Y103.184 E9.32426
G1 X125.414 Y104.033 E9.3671
G1 X125.694 Y104.91 E9.40997
G1 X125.897 Y105.808 E9.45284
G1 X126.021 Y106.72 E9.4957
G1 X126.066 Y107.64 E9.53859
G1 X126.03 Y108.56 E9.58146
G1 X125.915 Y109.473 E9.62431
G1 X125.722 Y110.373 E9.66717
G1 X125.45 Y111.253 E9.71006
G1 X124.948 Y112.43 E9.76964
G1 X124.384 Y113.56 E9.82845
G1 X124.295 Y113.759 E9.8386
G1 X123.904 Y114.531 E9.8789
G1 X122.828 Y116.817 E9.99654
G1 X121.825 Y119.112 E10.11317
G1 X120.866 Y121.487 E10.23243
G1 X119.871 Y124.186 E10.36638
G1 X119.515 Y125.199 E10.41638
G1 X119.172 Y126.053 E10.45923
G1 X118.757 Y126.874 E10.50207
G1 X118.271 Y127.657 E10.54498
G1 X117.72 Y128.394 E10.58783
G1 X117.106 Y129.08 E10.6307
G1 X116.435 Y129.711 E10.67359
G1 X115.713 Y130.281 E10.71642
G1 X114.943 Y130.786 E10.7593
G1 X114.132 Y131.223 E10.80219
G1 X113.287 Y131.588 E10.84505
G1 X112.413 Y131.877 E10.88792
G1 X111.517 Y132.09 E10.9308
G1 X110.607 Y132.225 E10.97364
G1 X109.667 Y132.28 E11.01748
G1 X109.104 Y132.288 E11.0437
G1 X108.802 Y132.288 E11.05777
G1 X108.38 Y132.282 E11.07742
G1 X108.067 Y132.273 E11.092
G1 X106.687 Y132.213 E11.15632
G1 X104.127 Y132.137 E11.27557
G1 X102.786 Y132.127 E11.33802
G1 X100.212 Y132.163 E11.45789
G1 X98.672 Y132.22 E11.52964
G1 X97.598 Y132.268 E11.5797
G1 X97.281 Y132.278 E11.59447
G1 X96.611 Y132.288 E11.62567
G1 X96.278 Y132.288 E11.64118
G1 X95.854 Y132.281 E11.66093
G1 X94.935 Y132.225 E11.7038
G1 X94.024 Y132.091 E11.74667
G1 X93.129 Y131.877 E11.78952
G1 X92.255 Y131.587 E11.8324
G1 X91.41 Y131.223 E11.87524
G1 X90.599 Y130.786 E11.91814
G1 X89.83 Y130.28 E11.96101
G1 X89.107 Y129.71 E12.00388
G1 X88.437 Y129.079 E12.04673
G1 X87.823 Y128.392 E12.08964
G1 X87.272 Y127.655 E12.13248
G1 X86.787 Y126.873 E12.17533
G1 X86.371 Y126.051 E12.21823
G1 X86.029 Y125.196 E12.26111
G1 X85.845 Y124.621 E12.28922
G1 X85.741 Y124.259 E12.30676
G1 X84.966 Y121.725 E12.43015
G1 X84.157 Y119.324 E12.54812
G1 X83.279 Y116.944 E12.66625
G1 X82.201 Y114.262 E12.80084
G1 X81.894 Y113.394 E12.84372
G1 X81.663 Y112.503 E12.88658
G1 X81.511 Y111.595 E12.92944
G1 X81.435 Y110.595 E12.97614
G1 X81.426 Y110.275 E12.99105
G1 X81.422 Y109.977 E13.00493
G1 X81.423 Y98.838 E13.5236
G1 X81.432 Y98.173 E13.55457
G1 X81.484 Y97.253 E13.59748
G1 X81.616 Y96.342 E13.64034
G1 X81.827 Y95.446 E13.68321
G1 X82.114 Y94.571 E13.72609
G1 X82.477 Y93.725 E13.76895
G1 X82.911 Y92.913 E13.81182
G1 X83.414 Y92.142 E13.85469
G1 X83.983 Y91.418 E13.89757
G1 X84.611 Y90.746 E13.9404
G0 F6000 X85.003 Y90.924
G1 F1200 X85.684 Y90.331 E13.98244
G1 X86.416 Y89.801 E14.02452
G1 X87.191 Y89.338 E14.06656
G1 X88.004 Y88.945 E14.10861
G1 X88.849 Y88.625 E14.15068
G1 X89.718 Y88.382 E14.1927
G1 X90.606 Y88.216 E14.23476
G1 X91.745 Y88.12 E14.28799
G1 X92.066 Y88.111 E14.30294
G1 X92.352 Y88.107 E14.31626
G1 X97.315 Y88.107 E14.54736
G1 X99.127 Y88.132 E14.63174
G1 X100.101 Y88.158 E14.67711
G1 X102.709 Y88.156 E14.79855
G1 X103.946 Y88.128 E14.85616
G1 X104.526 Y88.111 E14.88318
G1 X104.825 Y88.107 E14.89711
G1 X109.961 Y88.108 E15.13626
G1 X110.661 Y88.118 E15.16886
G1 X111.562 Y88.171 E15.21089
G1 X112.456 Y88.303 E15.25297
G1 X113.334 Y88.514 E15.29501
G1 X114.19 Y88.802 E15.33707
G1 X115.017 Y89.164 E15.3791
G1 X115.809 Y89.598 E15.42116
G1 X116.559 Y90.101 E15.46321
G1 X117.262 Y90.668 E15.50526
G1 X117.913 Y91.294 E15.54732
G1 X118.505 Y91.976 E15.58937
G1 X119.034 Y92.708 E15.63142
G1 X119.683 Y93.847 E15.69246
G1 X120.099 Y94.701 E15.7367
G1 X120.566 Y95.693 E15.78775
G1 X121.712 Y97.962 E15.90612
G1 X122.941 Y100.233 E16.02636
G1 X123.615 Y101.414 E16.08967
G1 X124.286 Y102.569 E16.15187
G1 X124.704 Y103.369 E16.1939
G1 X125.051 Y104.204 E16.23601
G1 X125.322 Y105.065 E16.27804
G1 X125.515 Y105.947 E16.32008
G1 X125.631 Y106.843 E16.36215
G1 X125.666 Y107.745 E16.40418
G1 X125.621 Y108.647 E16.44623
G1 X125.497 Y109.542 E16.48831
G1 X125.294 Y110.422 E16.53036
G1 X125.014 Y111.28 E16.57239
G1 X124.591 Y112.252 E16.62175
G1 X124.058 Y113.319 E16.67728
G1 X123.938 Y113.578 E16.69058
G1 X123.543 Y114.359 E16.73133
G1 X122.463 Y116.652 E16.84935
G1 X121.459 Y118.951 E16.96617
G1 X120.488 Y121.353 E17.08681
G1 X119.512 Y124.003 E17.2183
G1 X119.138 Y125.066 E17.27078
G1 X118.801 Y125.904 E17.31283
G1 X118.391 Y126.708 E17.35486
G1 X117.911 Y127.474 E17.39695
G1 X117.366 Y128.194 E17.439
G1 X116.759 Y128.862 E17.48103
G1 X116.096 Y129.475 E17.52307
G1 X115.381 Y130.026 E17.56511
G1 X114.619 Y130.513 E17.60721
G1 X113.818 Y130.929 E17.64924
G1 X112.983 Y131.274 E17.69131
G1 X112.121 Y131.543 E17.73336
G1 X111.239 Y131.734 E17.77538
G1 X110.343 Y131.847 E17.81743
G1 X109.661 Y131.88 E17.84923
G1 X109.098 Y131.888 E17.87545
G1 X108.808 Y131.888 E17.88895
G1 X108.386 Y131.882 E17.9086
G1 X108.085 Y131.873 E17.92262
G1 X106.786 Y131.816 E17.98317
G1 X104.096 Y131.737 E18.10848
G1 X102.783 Y131.727 E18.16962
G1 X100.193 Y131.763 E18.29023
G1 X98.739 Y131.817 E18.35798
G1 X97.58 Y131.869 E18.41201
G1 X97.275 Y131.878 E18.42621
G1 X96.605 Y131.888 E18.45742
G1 X96.285 Y131.888 E18.47232
G1 X95.861 Y131.881 E18.49206
G1 X94.959 Y131.826 E18.53414
G1 X94.066 Y131.691 E18.5762
G1 X93.188 Y131.479 E18.61825
G1 X92.333 Y131.189 E18.66029
G1 X91.507 Y130.825 E18.70233
G1 X90.716 Y130.389 E18.74438
G1 X89.966 Y129.885 E18.78646
G1 X89.265 Y129.316 E18.8285
G1 X88.616 Y128.688 E18.87055
G1 X88.025 Y128.005 E18.91261
G1 X87.497 Y127.272 E18.95467
G1 X87.036 Y126.496 E18.9967
G1 X86.646 Y125.681 E19.03877
G1 X86.229 Y124.51 E19.09665
G1 X86.107 Y124.087 E19.11715
G1 X85.345 Y121.597 E19.23841
G1 X84.536 Y119.195 E19.35643
G1 X83.668 Y116.841 E19.47325
G1 X82.572 Y114.113 E19.61015
G1 X82.271 Y113.261 E19.65222
G1 X82.047 Y112.386 E19.69428
G1 X81.902 Y111.495 E19.73632
G1 X81.835 Y110.584 E19.77885
G1 X81.826 Y110.264 E19.79376
G1 X81.822 Y109.977 E19.80712
G1 X81.823 Y98.843 E20.32557
G1 X81.832 Y98.178 E20.35654
G1 X81.884 Y97.276 E20.39861
G1 X82.016 Y96.383 E20.44064
G1 X82.226 Y95.505 E20.48268
G1 X82.513 Y94.648 E20.52476
G1 X82.875 Y93.821 E20.5668
G1 X83.308 Y93.029 E20.60883
G1 X83.81 Y92.278 E20.65089
G1 X84.377 Y91.574 E20.69298
G1 X85.003 Y90.924 E20.735
G1 F1500 E14.235
;MESH:terminale zanzariera verticale antivento con bottoncini.stl(1)
G0 F6000 X91.61 Y97.896
G0 X92.436 Y98.721
G0 X96.45 Y99.879
G0 X97.422 Y112.823
;TYPE:WALL-INNER
G1 F1500 E20.735
G1 F1200 X97.422 Y112.059 E20.77058
G1 X97.422 Y112.058 E20.77062
G1 X97.422 Y111.446 E20.79912
G1 X97.984 Y111.219 E20.82734
G1 X98.685 Y110.936 E20.86254
G1 X98.215 Y111.528 E20.88071
G1 X97.984 Y111.818 E20.89798
G1 X97.795 Y112.156 E20.91601
G1 X97.422 Y112.823 E20.93439
G0 F6000 X97.022 Y116.102
G1 F1200 X97.022 Y114.64 E21.00246
G1 X97.022 Y113.976 E21.03338
G1 X97.022 Y111.176 E21.16376
G1 X99.283 Y110.263 E21.2773
G1 X99.381 Y110.224 E21.28221
G1 X99.966 Y109.988 E21.31159
G1 X99.51 Y110.542 E21.32765
G1 X99.444 Y110.624 E21.33222
G1 X98.317 Y112.042 E21.41656
G1 X97.648 Y113.238 E21.48037
G1 X97.416 Y114.005 E21.51768
G1 X97.225 Y114.64 E21.54106
G1 X97.022 Y116.102 E21.5589
G0 F6000 X96.622 Y120.693
G1 F1200 X96.622 Y118.809 E21.64663
G1 X96.622 Y118.808 E21.64668
G1 X96.622 Y99.707 E22.5361
G1 X93.422 Y99.707 E22.68511
G1 X93.422 Y109.707 E23.15075
G1 X92.622 Y109.707 E23.188
G1 X92.622 Y98.907 E23.69089
G1 X97.422 Y98.907 E23.9144
G1 X97.422 Y110.288 E24.44435
G1 X97.422 Y110.289 E24.44439
G1 X97.422 Y110.583 E24.45808
G1 X97.695 Y110.473 E24.46611
G1 X100.547 Y109.321 E24.60934
G1 X100.548 Y109.32 E24.60941
G1 X101.272 Y109.029 E24.64574
G1 X100.777 Y109.632 E24.66447
G1 X100.776 Y109.633 E24.66454
G1 X99.821 Y110.794 E24.73454
G1 X98.65 Y112.266 E24.82213
G1 X98.018 Y113.395 E24.88237
G1 X97.617 Y114.726 E24.9471
G1 X97.363 Y116.553 E25.03299
G1 X97.034 Y118.768 E25.13726
G1 X97.016 Y118.85 E25.14117
G1 X96.622 Y120.693 E25.1853
G0 F6000 X96.222 Y121.492
;TYPE:WALL-OUTER
G1 F1200 X96.222 Y100.107 E26.18107
G1 X93.822 Y100.107 E26.29282
G1 X93.822 Y110.107 E26.75847
G1 X92.222 Y110.107 E26.83297
G1 X92.222 Y98.507 E27.37311
G1 X97.822 Y98.507 E27.63387
G1 X97.822 Y109.99 E28.16857
G1 X102.417 Y108.135 E28.39931
G1 X101.722 Y109.111 E28.4551
G1 X100.132 Y111.046 E28.57172
G1 X98.983 Y112.49 E28.65765
G1 X98.388 Y113.552 E28.71433
G1 X98.009 Y114.812 E28.7756
G1 X97.759 Y116.612 E28.86022
G1 X97.429 Y118.832 E28.96473
G1 X96.86 Y121.493 E29.09143
G1 X96.222 Y121.492 E29.12114
G0 F6000 X96.411 Y121.301
;TYPE:SKIN
G1 F1200 X96.553 Y121.16 E29.13055
G1 X96.642 Y120.967 E29.14054
G0 F6000 X96.522 Y120.843
G0 X96.873 Y118.652
G0 X96.834 Y118.613
G1 F1200 X96.853 Y118.349 E29.14872
G1 X96.981 Y116.497 E29.20609
G1 X97.116 Y116.349 E29.21228
G0 F6000 X97.029 Y116.262
G0 X97.319 Y113.723
G0 X97.258 Y113.662
G1 F1200 X97.29 Y113.412 E29.22019
G1 X97.483 Y113.039 E29.23336
G0 F6000 X97.531 Y113.088
G0 X97.744 Y111.886
G0 X97.67 Y111.812
G1 F1200 X97.761 Y111.62 E29.24086
G1 X97.923 Y111.5 E29.24798
G0 F6000 X97.021 Y110.598
G1 F1200 X97.021 Y110.315 E29.26274
G1 X97.021 Y99.85 E29.80847
G1 X96.477 Y99.305 E29.84863
G1 X93.083 Y99.305 E30.02562
G1 X93.021 Y100.092 E30.06679
G1 X93.021 Y109.143 E30.53878
G1 X92.819 Y109.507 E30.56049
G0 F6000 X92.843 Y109.531
G0 X93.594 Y99.879
G0 X96.45 Y99.879
G0 X96.797 Y110.656
G0 X96.952 Y110.811
G1 F1200 X96.851 Y110.993 E30.5743
G0 F6000 X96.797 Y110.939
G0 X98.776 Y110.655
G0 X98.892 Y110.772
G1 F1200 X99.056 Y110.653 E30.58292
G1 X99.219 Y110.533 E30.59152
G0 F6000 X99.26 Y110.574
G0 X100.081 Y109.697
G0 X100.194 Y109.811
G1 F1200 X100.359 Y109.693 E30.59989
G1 X100.524 Y109.574 E30.60828
G0 F6000 X100.564 Y109.614
G0 X101.431 Y108.855
G0 X101.497 Y108.851
G1 F1200 X101.657 Y108.728 E30.61603
G1 X101.817 Y108.605 E30.62379
G0 F6000 X101.783 Y108.659
G0 X97.6 Y110.319
G0 X97.246 Y99.792
G1 F1200 X96.535 Y99.081 E30.6472
G0 F6000 X96.818 Y99.081
G1 F1200 X97.246 Y99.509 E30.6613
G0 F6000 X97.246 Y99.226
G1 F1200 X97.101 Y99.081 E30.66607
G0 F6000 X97.101 Y99.107
G1 F1500 E24.16607
;MESH:terminale zanzariera verticale antivento con bottoncini.stl
G0 F6000 X97.611 Y110.302
G0 X98.669 Y108.734
G0 X102.692 Y107.1
G0 X103.487 Y108.11
G0 X103.861 Y110.464
G0 X104.365 Y110.968
G0 X106.679 Y110.968
G0 X107.857 Y110.302
G0 X108.942 Y110.302
G0 X109.922 Y112.823
;TYPE:WALL-INNER
G1 F1500 E30.66607
G1 F1200 X109.922 Y112.059 E30.70164
G1 X109.922 Y112.058 E30.70169
G1 X109.922 Y111.446 E30.73019
G1 X110.484 Y111.219 E30.75841
G1 X111.185 Y110.936 E30.79361
G1 X110.715 Y111.528 E30.81178
G1 X110.484 Y111.818 E30.82905
G1 X110.295 Y112.156 E30.84708
G1 X109.922 Y112.823 E30.86545
G0 F6000 X109.522 Y116.102
G1 F1200 X109.522 Y114.64 E30.93353
G1 X109.522 Y113.976 E30.96445
G1 X109.522 Y111.176 E31.09483
G1 X111.783 Y110.263 E31.20837
G1 X111.881 Y110.224 E31.21328
G1 X112.466 Y109.988 E31.24265
G1 X112.01 Y110.542 E31.25872
G1 X111.944 Y110.624 E31.26328
G1 X110.817 Y112.042 E31.34763
G1 X110.148 Y113.238 E31.41144
G1 X109.916 Y114.005 E31.44875
G1 X109.725 Y114.64 E31.47212
G1 X109.522 Y116.102 E31.48997
G0 F6000 X109.122 Y120.693
G1 F1200 X109.122 Y118.809 E31.5777
G1 X109.122 Y118.808 E31.57775
G1 X109.122 Y99.707 E32.46717
G1 X105.922 Y99.707 E32.61617
G1 X105.922 Y109.707 E33.08182
G1 X105.122 Y109.707 E33.11907
G1 X105.122 Y98.907 E33.62196
G1 X109.922 Y98.907 E33.84547
G1 X109.922 Y110.288 E34.37542
G1 X109.922 Y110.289 E34.37546
G1 X109.922 Y110.583 E34.38915
G1 X110.195 Y110.473 E34.39718
G1 X113.047 Y109.321 E34.54041
G1 X113.048 Y109.32 E34.54047
G1 X113.772 Y109.029 E34.57681
G1 X113.277 Y109.632 E34.59554
G1 X113.276 Y109.633 E34.59561
G1 X112.321 Y110.794 E34.66561
G1 X111.15 Y112.266 E34.75319
G1 X110.518 Y113.395 E34.81344
G1 X110.117 Y114.726 E34.87817
G1 X109.863 Y116.553 E34.96406
G1 X109.534 Y118.768 E35.06833
G1 X109.516 Y118.85 E35.07224
G1 X109.122 Y120.693 E35.11636
G0 F6000 X108.722 Y121.492
;TYPE:WALL-OUTER
G1 F1200 X108.722 Y100.107 E36.11214
G1 X106.322 Y100.107 E36.22389
G1 X106.322 Y110.107 E36.68953
G1 X104.722 Y110.107 E36.76404
G1 X104.722 Y98.507 E37.30418
G1 X110.322 Y98.507 E37.56494
G1 X110.322 Y109.99 E38.09964
G1 X114.917 Y108.135 E38.33038
G1 X114.222 Y109.111 E38.38617
G1 X112.632 Y111.046 E38.50279
G1 X111.483 Y112.49 E38.58871
G1 X110.888 Y113.552 E38.6454
G1 X110.509 Y114.812 E38.70667
G1 X110.259 Y116.612 E38.79129
G1 X109.929 Y118.832 E38.89579
G1 X109.36 Y121.493 E39.0225
G1 X108.722 Y121.492 E39.05221
G0 F6000 X109.024 Y121.187
;TYPE:SKIN
G1 F1200 X109.107 Y120.986 E39.064
G1 X109.289 Y120.886 E39.07525
G0 F6000 X109.191 Y120.852
G0 X109.332 Y118.666
G0 X109.314 Y118.648
G1 F1200 X109.349 Y118.4 E39.08286
G1 X109.477 Y116.548 E39.13922
G1 X109.583 Y116.371 E39.14549
G0 F6000 X109.47 Y116.258
G0 X109.806 Y113.766
G0 X109.751 Y113.711
G1 F1200 X109.784 Y113.46 E39.15351
G1 X109.936 Y113.047 E39.16745
G0 F6000 X110.011 Y113.122
G0 X110.225 Y111.922
G0 X110.16 Y111.857
G1 F1200 X110.23 Y111.644 E39.17533
G1 X110.392 Y111.523 E39.18243
G0 F6000 X109.521 Y110.652
G1 F1200 X109.521 Y110.369 E39.19727
G1 X109.521 Y99.904 E39.74632
G1 X108.923 Y99.306 E39.79069
G1 X109.364 Y99.464 E39.81527
G0 F6000 X109.747 Y99.564
G1 F1200 X109.264 Y99.081 E39.83117
G0 F6000 X109.547 Y99.081
G1 F1200 X109.747 Y99.282 E39.83777
G0 F6000 X108.64 Y99.306
G1 F1200 X108.357 Y99.306 E39.85319
G1 X105.529 Y99.306 E40.00729
G1 X105.521 Y105.238 E40.33052
G1 X105.521 Y109.198 E40.5463
G1 X105.433 Y109.393 E40.55796
G0 F6000 X105.571 Y109.531
G0 X106.094 Y99.879
G0 X108.95 Y99.879
G0 X109.296 Y110.71
G0 X109.432 Y110.846
G1 F1200 X109.331 Y111.028 E40.56924
G0 F6000 X109.296 Y110.993
G0 X111.237 Y110.672
G0 X111.361 Y110.796
G1 F1200 X111.525 Y110.676 E40.57867
G1 X111.687 Y110.556 E40.58803
G0 F6000 X111.735 Y110.604
G0 X112.543 Y109.714
G0 X112.663 Y109.834
G1 F1200 X112.827 Y109.716 E40.59716
G1 X112.992 Y109.598 E40.60632
G0 F6000 X113.039 Y109.645
G0 X113.892 Y108.871
G0 X113.967 Y108.875
G1 F1200 X114.126 Y108.752 E40.61945
G0 F6000 X114.25 Y108.593
G1 F1200 X114.322 Y108.666 E40.62184
G1 F1500 E34.12184
;MESH:NONMESH
G0 F300 X114.322 Y108.666 Z0.56
G0 F6000 X114.217 Y108.686
G0 X108.942 Y112.823
G0 X107.857 Y112.823
G0 X99.698 Y112.98
G0 X98.8 Y112.367
G0 X97.422 Y112.823
;TIME_ELAPSED:58.043937
;LAYER:1
M106 S85
;TYPE:WALL-INNER
;MESH:terminale zanzariera verticale antivento con bottoncini.stl(1)
G1 F1500 E40.62184
G1 F2850 X97.422 Y112.059 E40.65742
G1 X97.422 Y112.058 E40.65746
G1 X97.422 Y111.446 E40.68596
G1 X97.984 Y111.219 E40.71418
G1 X97.985 Y111.218 E40.71425
G1 X98.687 Y110.936 E40.74948
G1 X98.216 Y111.528 E40.76767
G1 X98.215 Y111.529 E40.76774
G1 X97.984 Y111.818 E40.78497
G1 X97.795 Y112.156 E40.803
G1 X97.422 Y112.823 E40.82137
G0 F10500 X97.022 Y116.102
G1 F2850 X97.022 Y114.628 E40.89001
G1 X97.022 Y113.974 E40.92046
G1 X97.022 Y111.176 E41.05075
G1 X99.287 Y110.261 E41.1645
G1 X99.36 Y110.232 E41.16815
G1 X99.967 Y109.987 E41.19863
G1 X99.494 Y110.563 E41.21588
G1 X99.445 Y110.624 E41.21934
G1 X98.317 Y112.042 E41.30371
G1 X97.648 Y113.238 E41.36753
G1 X97.416 Y114.002 E41.4047
G1 X97.227 Y114.628 E41.42782
G1 X97.022 Y116.102 E41.44599
G0 F10500 X96.622 Y120.693
G1 F2850 X96.622 Y118.809 E41.53372
G1 X96.622 Y118.808 E41.53376
G1 X96.622 Y99.707 E42.42319
G1 X93.422 Y99.707 E42.57219
G1 X93.422 Y109.707 E43.03783
G1 X92.622 Y109.707 E43.07508
G1 X92.622 Y98.907 E43.57798
G1 X97.422 Y98.907 E43.80149
G1 X97.422 Y110.288 E44.33143
G1 X97.422 Y110.289 E44.33148
G1 X97.422 Y110.583 E44.34517
G1 X97.695 Y110.473 E44.3532
G1 X100.547 Y109.321 E44.49642
G1 X100.548 Y109.32 E44.49649
G1 X101.272 Y109.029 E44.53282
G1 X100.777 Y109.632 E44.55156
G1 X100.776 Y109.633 E44.55162
G1 X99.805 Y110.815 E44.62285
G1 X98.65 Y112.266 E44.70921
G1 X98.018 Y113.395 E44.76946
G1 X97.619 Y114.714 E44.83362
G1 X97.363 Y116.553 E44.92008
G1 X97.034 Y118.768 E45.02435
G1 X97.016 Y118.85 E45.02826
G1 X96.622 Y120.693 E45.07238
G0 F10500 X96.222 Y121.492
;TYPE:WALL-OUTER
G1 F2850 X96.222 Y100.107 E46.06816
G1 X93.822 Y100.107 E46.17991
G1 X93.822 Y110.107 E46.64556
G1 X92.222 Y110.107 E46.72006
G1 X92.222 Y98.507 E47.2602
G1 X97.822 Y98.507 E47.52096
G1 X97.822 Y109.99 E48.05566
G1 X102.417 Y108.135 E48.2864
G1 X101.722 Y109.111 E48.34219
G1 X100.116 Y111.066 E48.46
G1 X98.983 Y112.49 E48.54474
G1 X98.388 Y113.552 E48.60142
G1 X98.011 Y114.8 E48.66212
G1 X97.759 Y116.612 E48.74731
G1 X97.429 Y118.832 E48.85182
G1 X96.86 Y121.493 E48.97853
G1 X96.222 Y121.492 E49.00824
G0 F10500 X96.627 Y121.16
;TYPE:SKIN
G1 F2850 X96.523 Y120.982 E49.02685
G0 F10500 X96.522 Y121.109
G0 X96.796 Y118.446
G0 X96.859 Y118.383
G1 F2850 X96.883 Y118.075 E49.03735
G1 X97.006 Y116.538 E49.08972
G1 X96.899 Y116.363 E49.09668
G0 F10500 X97.003 Y116.26
G0 X97.197 Y113.803
G0 X97.265 Y113.734
G1 F2850 X97.327 Y113.39 E49.10863
G1 X97.319 Y113.114 E49.11806
G0 F10500 X97.442 Y112.992
G0 X97.581 Y111.922
G0 X97.698 Y111.887
G1 F2850 X97.716 Y111.586 E49.13273
G0 F10500 X97.837 Y111.466
G0 X97.246 Y110.642
G0 X97.021 Y110.867
G1 F2850 X97.021 Y110.584 E49.1478
G1 X97.021 Y99.553 E49.73502
G1 X96.986 Y99.306 E49.7483
G1 X93.592 Y99.306 E49.92897
G1 X93.165 Y99.449 E49.95295
G0 F10500 X92.797 Y99.535
G1 F2850 X93.251 Y99.081 E49.96789
G0 F10500 X92.882 Y99.167
G1 F2850 X93.021 Y99.876 E50.00414
G1 X93.021 Y109.21 E50.47235
G1 X93.114 Y109.399 E50.48292
G0 F10500 X92.983 Y109.531
G0 X93.594 Y99.879
G0 X96.45 Y99.879
G0 X96.461 Y110.291
G0 X98.786 Y110.8
G0 X98.91 Y110.675
G1 F2850 X99.016 Y110.851 E50.49834
G0 F10500 X98.907 Y110.961
G0 X100.165 Y109.986
G0 X100.39 Y109.76
G1 F2850 X100.139 Y109.728 E50.51939
G0 F10500 X100.045 Y109.823
G0 X101.348 Y108.889
G0 X101.378 Y108.773
G1 F2850 X101.645 Y108.788 E50.53627
G1 F1500 E44.03627
;MESH:terminale zanzariera verticale antivento con bottoncini.stl
G0 F10500 X101.735 Y108.733
G0 X102.714 Y109.209
G0 X103.857 Y108.588
G0 X104.942 Y108.588
G0 X106.094 Y99.879
G0 X108.95 Y99.879
G0 X109.922 Y112.823
;TYPE:WALL-INNER
G1 F1500 E50.53627
G1 F2850 X109.922 Y112.059 E50.57185
G1 X109.922 Y112.058 E50.57189
G1 X109.922 Y111.446 E50.60039
G1 X110.484 Y111.219 E50.62862
G1 X110.485 Y111.218 E50.62868
G1 X111.187 Y110.936 E50.66391
G1 X110.716 Y111.528 E50.6821
G1 X110.715 Y111.529 E50.68217
G1 X110.484 Y111.818 E50.6994
G1 X110.295 Y112.156 E50.71743
G1 X109.922 Y112.823 E50.7358
G0 F10500 X109.522 Y116.102
G1 F2850 X109.522 Y114.628 E50.80444
G1 X109.522 Y113.974 E50.83489
G1 X109.522 Y111.176 E50.96518
G1 X111.787 Y110.261 E51.07893
G1 X111.86 Y110.232 E51.08259
G1 X112.467 Y109.987 E51.11307
G1 X111.994 Y110.563 E51.13032
G1 X111.945 Y110.624 E51.13377
G1 X110.817 Y112.042 E51.21815
G1 X110.148 Y113.238 E51.28196
G1 X109.916 Y114.002 E51.31914
G1 X109.727 Y114.628 E51.34226
G1 X109.522 Y116.102 E51.36042
G0 F10500 X109.122 Y120.693
G1 F2850 X109.122 Y118.809 E51.44815
G1 X109.122 Y118.808 E51.44819
G1 X109.122 Y99.707 E52.33762
G1 X105.922 Y99.707 E52.48662
G1 X105.922 Y109.707 E52.95226
G1 X105.122 Y109.707 E52.98952
G1 X105.122 Y98.907 E53.49241
G1 X109.922 Y98.907 E53.71592
G1 X109.922 Y110.288 E54.24586
G1 X109.922 Y110.289 E54.24591
G1 X109.922 Y110.583 E54.2596
G1 X110.195 Y110.473 E54.26763
G1 X113.047 Y109.321 E54.41086
G1 X113.048 Y109.32 E54.41092
G1 X113.772 Y109.029 E54.44726
G1 X113.277 Y109.632 E54.46599
G1 X113.276 Y109.633 E54.46606
G1 X112.305 Y110.815 E54.53728
G1 X111.15 Y112.266 E54.62364
G1 X110.518 Y113.395 E54.68389
G1 X110.119 Y114.714 E54.74805
G1 X109.863 Y116.553 E54.83451
G1 X109.534 Y118.768 E54.93878
G1 X109.516 Y118.85 E54.94269
G1 X109.122 Y120.693 E54.98682
G0 F10500 X108.722 Y121.492
;TYPE:WALL-OUTER
G1 F2850 X108.722 Y100.107 E55.98259
G1 X106.322 Y100.107 E56.09434
G1 X106.322 Y110.107 E56.55999
G1 X104.722 Y110.107 E56.63449
G1 X104.722 Y98.507 E57.17463
G1 X110.322 Y98.507 E57.43539
G1 X110.322 Y109.99 E57.97009
G1 X114.917 Y108.135 E58.20083
G1 X114.222 Y109.111 E58.25662
G1 X112.616 Y111.066 E58.37443
G1 X111.483 Y112.49 E58.45917
G1 X110.888 Y113.552 E58.51585
G1 X110.511 Y114.8 E58.57656
G1 X110.259 Y116.612 E58.66174
G1 X109.929 Y118.832 E58.76625
G1 X109.36 Y121.493 E58.89296
G1 X108.722 Y121.492 E58.92267
G0 F10500 X109.108 Y121.125
;TYPE:SKIN
G1 F2850 X108.998 Y120.951 E58.942
G0 F10500 X109.022 Y121.053
G0 X109.305 Y118.665
G0 X109.344 Y118.626
G1 F2850 X109.364 Y118.323 E58.95134
G1 X109.506 Y116.484 E59.00806
G1 X109.374 Y116.333 E59.01423
G0 F10500 X109.452 Y116.256
G0 X109.697 Y113.748
G0 X109.777 Y113.667
G1 F2850 X109.839 Y113.322 E59.0271
G1 X109.797 Y113.082 E59.03606
G0 F10500 X109.697 Y113.183
G0 X110.081 Y111.922
G0 X110.268 Y111.762
G1 F2850 X110.17 Y111.577 E59.04151
G1 X109.71 Y110.905 E59.06274
G0 F10500 X109.521 Y110.812
G1 F2850 X109.521 Y110.529 E59.07785
G1 X109.521 Y99.498 E59.66682
G0 F10500 X109.43 Y99.306
G1 F2850 X109.147 Y99.306 E59.68116
G1 X106.036 Y99.306 E59.83883
G1 X105.637 Y99.422 E59.85989
G1 X105.354 Y99.139 E59.88018
G1 X105.521 Y100.104 E59.92981
G1 X105.521 Y109.155 E60.38854
G1 X105.728 Y109.513 E60.4095
G0 F10500 X105.746 Y109.496
G0 X106.094 Y99.879
G0 X108.95 Y99.879
G0 X108.961 Y110.237
G0 X111.262 Y110.768
G0 X111.353 Y110.677
G1 F2850 X111.599 Y110.714 E60.42975
G0 F10500 X112.867 Y109.729
G1 F2850 X112.581 Y109.732 E60.44851
G0 F10500 X112.521 Y109.792
G0 X113.838 Y108.893
G0 X113.8 Y108.796
G1 F2850 X113.84 Y108.756 E60.44983
G0 F10500 X113.919 Y108.96
G1 F2850 X114.313 Y108.567 E60.46279
G1 F1500 E53.96279
;MESH:NONMESH
G0 F300 X114.313 Y108.567 Z0.84
G0 F10500 X114.238 Y108.658
G0 X108.942 Y112.823
G0 X107.857 Y112.823
G0 X99.698 Y112.98
G0 X98.8 Y112.367
G0 X97.422 Y112.823
;TIME_ELAPSED:77.729395
;LAYER:2
M106 S170
;TYPE:WALL-INNER
;MESH:terminale zanzariera verticale antivento con bottoncini.stl(1)
G1 F1500 E60.46279
G1 F2839.2 X97.422 Y112.059 E60.49836
G1 X97.422 Y112.058 E60.49841
G1 X97.422 Y111.446 E60.5269
G1 X97.984 Y111.219 E60.55513
G1 X97.985 Y111.218 E60.55519
G1 X98.687 Y110.936 E60.59042
G1 X98.216 Y111.528 E60.60862
G1 X98.215 Y111.529 E60.60868
G1 X97.984 Y111.818 E60.62591
G1 X97.795 Y112.156 E60.64394
G1 X97.422 Y112.823 E60.66232
G0 F15000 X97.022 Y116.102
G1 F2839.2 X97.022 Y114.628 E60.73095
G1 X97.022 Y113.974 E60.76141
G1 X97.022 Y111.176 E60.89169
G1 X99.288 Y110.261 E61.00548
G1 X99.339 Y110.241 E61.00803
G1 X99.968 Y109.987 E61.03962
G1 X99.478 Y110.584 E61.05803
G1 X99.444 Y110.627 E61.06049
G1 X98.317 Y112.042 E61.14473
G1 X97.648 Y113.238 E61.20854
G1 X97.416 Y114.002 E61.24572
G1 X97.227 Y114.628 E61.26884
G1 X97.022 Y116.102 E61.287
G0 F15000 X96.622 Y120.693
G1 F2839.2 X96.622 Y118.809 E61.37473
G1 X96.622 Y118.808 E61.37478
G1 X96.622 Y99.707 E62.2642
G1 X93.422 Y99.707 E62.4132
G1 X93.422 Y109.707 E62.87885
G1 X92.622 Y109.707 E62.9161
G1 X92.622 Y98.907 E63.41899
G1 X97.422 Y98.907 E63.6425
G1 X97.422 Y110.288 E64.17245
G1 X97.422 Y110.289 E64.17249
G1 X97.422 Y110.583 E64.18618
G1 X97.695 Y110.473 E64.19421
G1 X100.548 Y109.321 E64.33748
G1 X101.272 Y109.029 E64.37383
G1 X100.777 Y109.632 E64.39255
G1 X99.789 Y110.835 E64.46504
G1 X98.65 Y112.266 E64.55021
G1 X98.018 Y113.395 E64.61045
G1 X97.619 Y114.714 E64.67462
G1 X97.363 Y116.553 E64.76108
G1 X97.034 Y118.768 E64.86535
G1 X97.016 Y118.85 E64.86926
G1 X96.622 Y120.693 E64.91338
G0 F15000 X96.222 Y121.492
;TYPE:WALL-OUTER
G1 F2839.2 X96.222 Y100.107 E65.90916
G1 X93.822 Y100.107 E66.02091
G1 X93.822 Y110.107 E66.48655
G1 X92.222 Y110.107 E66.56105
G1 X92.222 Y98.507 E67.1012
G1 X97.822 Y98.507 E67.36196
G1 X97.822 Y109.99 E67.89666
G1 X102.417 Y108.135 E68.12739
G1 X101.722 Y109.111 E68.18319
G1 X100.1 Y111.086 E68.30219
G1 X98.983 Y112.49 E68.38573
G1 X98.388 Y113.552 E68.44242
G1 X98.011 Y114.8 E68.50312
G1 X97.759 Y116.612 E68.58831
G1 X97.429 Y118.832 E68.69282
G1 X96.86 Y121.493 E68.81952
G1 X96.222 Y121.492 E68.84923
G0 F15000 X96.411 Y121.301
;TYPE:SKIN
G1 F2839.2 X96.553 Y121.16 E68.85864
G1 X96.642 Y120.967 E68.86863
G0 F15000 X96.522 Y120.843
G0 X96.873 Y118.652
G0 X96.834 Y118.613
G1 F2839.2 X96.853 Y118.349 E68.87681
G1 X96.981 Y116.497 E68.93418
G1 X97.116 Y116.349 E68.94037
G0 F15000 X97.029 Y116.262
G0 X97.317 Y113.722
G0 X97.256 Y113.661
G1 F2839.2 X97.29 Y113.412 E68.94828
G1 X97.483 Y113.039 E68.96149
G0 F15000 X97.531 Y113.088
G0 X97.744 Y111.886
G0 X97.67 Y111.812
G1 F2839.2 X97.761 Y111.62 E68.969
G1 X97.923 Y111.5 E68.97613
G0 F15000 X97.021 Y110.598
G1 F2839.2 X97.021 Y110.315 E68.99089
G1 X97.021 Y99.85 E69.53662
G1 X96.477 Y99.305 E69.57677
G1 X93.083 Y99.305 E69.75377
G1 X93.021 Y100.092 E69.79493
G1 X93.021 Y109.143 E70.26693
G1 X92.819 Y109.507 E70.28864
G0 F15000 X92.843 Y109.531
G0 X93.594 Y99.879
G0 X96.45 Y99.879
G0 X96.797 Y110.656
G0 X96.952 Y110.811
G1 F2839.2 X96.851 Y110.993 E70.30245
G0 F15000 X96.797 Y110.939
G0 X98.776 Y110.655
G0 X98.893 Y110.772
G1 F2839.2 X99.057 Y110.653 E70.31116
G1 X99.22 Y110.534 E70.31984
G0 F15000 X99.262 Y110.575
G0 X100.081 Y109.697
G0 X100.195 Y109.811
G1 F2839.2 X100.358 Y109.692 E70.32828
G1 X100.523 Y109.574 E70.33676
G0 F15000 X100.564 Y109.615
G0 X101.431 Y108.855
G0 X101.497 Y108.851
G1 F2839.2 X101.657 Y108.728 E70.34451
G1 X101.817 Y108.605 E70.35227
G0 F15000 X101.783 Y108.659
G0 X97.6 Y110.319
G0 X97.246 Y99.792
G1 F2839.2 X96.535 Y99.081 E70.37568
G0 F15000 X96.818 Y99.081
G1 F2839.2 X97.246 Y99.509 E70.38977
G0 F15000 X97.246 Y99.226
G1 F2839.2 X97.101 Y99.081 E70.39455
G0 F15000 X97.101 Y99.107
G1 F1500 E63.89455
;MESH:terminale zanzariera verticale antivento con bottoncini.stl
G0 F15000 X97.611 Y110.302
G0 X98.669 Y108.734
G0 X102.692 Y107.1
G0 X103.487 Y108.11
G0 X103.861 Y110.464
G0 X104.365 Y110.968
G0 X106.679 Y110.968
G0 X107.857 Y110.302
G0 X108.942 Y110.302
G0 X109.922 Y112.823
;TYPE:WALL-INNER
G1 F1500 E70.39455
G1 F2839.2 X109.922 Y112.059 E70.43012
G1 X109.922 Y112.058 E70.43017
G1 X109.922 Y111.446 E70.45867
G1 X110.484 Y111.219 E70.48689
G1 X110.485 Y111.218 E70.48696
G1 X111.187 Y110.936 E70.52218
G1 X110.716 Y111.528 E70.54038
G1 X110.715 Y111.529 E70.54044
G1 X110.484 Y111.818 E70.55767
G1 X110.295 Y112.156 E70.5757
G1 X109.922 Y112.823 E70.59408
G0 F15000 X109.522 Y116.102
G1 F2839.2 X109.522 Y114.628 E70.66271
G1 X109.522 Y113.974 E70.69317
G1 X109.522 Y111.176 E70.82345
G1 X111.788 Y110.261 E70.93725
G1 X111.839 Y110.241 E70.9398
G1 X112.468 Y109.987 E70.97138
G1 X111.978 Y110.584 E70.9898
G1 X111.944 Y110.627 E70.99226
G1 X110.817 Y112.042 E71.07649
G1 X110.148 Y113.238 E71.1403
G1 X109.916 Y114.002 E71.17748
G1 X109.727 Y114.628 E71.2006
G1 X109.522 Y116.102 E71.21877
G0 F15000 X109.122 Y120.693
G1 F2839.2 X109.122 Y118.809 E71.30649
G1 X109.122 Y118.808 E71.30654
G1 X109.122 Y99.707 E72.19596
G1 X105.922 Y99.707 E72.34497
G1 X105.922 Y109.707 E72.81061
G1 X105.122 Y109.707 E72.84786
G1 X105.122 Y98.907 E73.35075
G1 X109.922 Y98.907 E73.57426
G1 X109.922 Y110.288 E74.10421
G1 X109.922 Y110.289 E74.10426
G1 X109.922 Y110.583 E74.11795
G1 X110.195 Y110.473 E74.12598
G1 X113.048 Y109.321 E74.26924
G1 X113.772 Y109.029 E74.3056
G1 X113.277 Y109.632 E74.32432
G1 X112.289 Y110.835 E74.3968
G1 X111.15 Y112.266 E74.48197
G1 X110.518 Y113.395 E74.54222
G1 X110.119 Y114.714 E74.60638
G1 X109.863 Y116.553 E74.69284
G1 X109.534 Y118.768 E74.79711
G1 X109.516 Y118.85 E74.80102
G1 X109.122 Y120.693 E74.84514
G0 F15000 X108.722 Y121.492
;TYPE:WALL-OUTER
G1 F2839.2 X108.722 Y100.107 E75.84092
G1 X106.322 Y100.107 E75.95267
G1 X106.322 Y110.107 E76.41831
G1 X104.722 Y110.107 E76.49282
G1 X104.722 Y98.507 E77.03296
G1 X110.322 Y98.507 E77.29372
G1 X110.322 Y109.99 E77.82842
G1 X114.917 Y108.135 E78.05916
G1 X114.222 Y109.111 E78.11495
G1 X112.6 Y111.086 E78.23395
G1 X111.483 Y112.49 E78.31749
G1 X110.888 Y113.552 E78.37418
G1 X110.511 Y114.8 E78.43488
G1 X110.259 Y116.612 E78.52007
G1 X109.929 Y118.832 E78.62458
G1 X109.36 Y121.493 E78.75129
G1 X108.722 Y121.492 E78.78099
G0 F15000 X109.024 Y121.187
;TYPE:SKIN
G1 F2839.2 X109.107 Y120.986 E78.79278
G1 X109.289 Y120.886 E78.80403
G0 F15000 X109.191 Y120.852
G0 X109.332 Y118.666
G0 X109.314 Y118.648
G1 F2839.2 X109.349 Y118.4 E78.81164
G1 X109.477 Y116.548 E78.86801
G1 X109.583 Y116.371 E78.87427
G0 F15000 X109.47 Y116.258
G0 X109.805 Y113.764
G0 X109.751 Y113.71
G1 F2839.2 X109.783 Y113.46 E78.88224
G1 X109.936 Y113.047 E78.89616
G0 F15000 X110.011 Y113.122
G0 X110.225 Y111.922
G0 X110.16 Y111.857
G1 F2839.2 X110.23 Y111.644 E78.90404
G1 X110.392 Y111.523 E78.91114
G0 F15000 X109.521 Y110.652
G1 F2839.2 X109.521 Y110.369 E78.92599
G1 X109.521 Y99.904 E79.47503
G1 X108.923 Y99.306 E79.5194
G1 X109.364 Y99.464 E79.54398
G0 F15000 X109.747 Y99.564
G1 F2839.2 X109.264 Y99.081 E79.55988
G0 F15000 X109.547 Y99.081
G1 F2839.2 X109.747 Y99.282 E79.56648
G0 F15000 X108.64 Y99.306
G1 F2839.2 X108.357 Y99.306 E79.5819
G1 X105.529 Y99.306 E79.736
G1 X105.521 Y105.238 E80.05924
G1 X105.521 Y109.198 E80.27502
G1 X105.433 Y109.393 E80.28667
G0 F15000 X105.571 Y109.531
G0 X106.094 Y99.879
G0 X108.95 Y99.879
G0 X109.296 Y110.71
G0 X109.432 Y110.846
G1 F2839.2 X109.331 Y111.028 E80.29795
G0 F15000 X109.296 Y110.993
G0 X111.237 Y110.672
G0 X111.361 Y110.796
G1 F2839.2 X111.525 Y110.677 E80.30746
G1 X111.688 Y110.557 E80.31696
G0 F15000 X111.737 Y110.606
G0 X112.542 Y109.713
G0 X112.663 Y109.834
G1 F2839.2 X112.827 Y109.716 E80.32616
G1 X112.991 Y109.597 E80.33538
G0 F15000 X113.039 Y109.645
G0 X113.892 Y108.871
G0 X113.967 Y108.875
G1 F2839.2 X114.126 Y108.752 E80.34851
G0 F15000 X114.25 Y108.593
G1 F2839.2 X114.322 Y108.666 E80.3509
G1 F1500 E73.8509
;MESH:NONMESH
G0 F300 X114.322 Y108.666 Z1.12
G0 F15000 X114.217 Y108.686
G0 X108.942 Y112.823
G0 X107.857 Y112.823
G0 X99.698 Y112.98
G0 X98.8 Y112.367
G0 X97.422 Y112.823
;TIME_ELAPSED:98.485117
;LAYER:3
M106 S255
;TYPE:WALL-INNER
;MESH:terminale zanzariera verticale antivento con bottoncini.stl(1)
G1 F1500 E80.3509
G1 F2805.6 X97.422 Y112.059 E80.38648
G1 X97.422 Y112.058 E80.38652
G1 X97.422 Y111.446 E80.41502
G1 X97.984 Y111.219 E80.44324
G1 X98.686 Y110.936 E80.47849
G1 X98.215 Y111.528 E80.49667
G1 X97.984 Y111.818 E80.51394
G1 X97.795 Y112.156 E80.53197
G1 X97.422 Y112.823 E80.55034
G0 F15000 X97.022 Y116.102
G1 F2805.6 X97.022 Y114.628 E80.61898
G1 X97.022 Y113.974 E80.64943
G1 X97.022 Y111.176 E80.77972
G1 X99.289 Y110.261 E80.89355
G1 X99.318 Y110.25 E80.895
G1 X99.969 Y109.987 E80.92769
G1 X99.462 Y110.604 E80.94722
G1 X99.443 Y110.629 E80.94865
G1 X98.317 Y112.042 E81.03278
G1 X97.648 Y113.238 E81.09659
G1 X97.416 Y114.002 E81.13377
G1 X97.227 Y114.628 E81.15689
G1 X97.022 Y116.102 E81.17505
G0 F15000 X96.622 Y120.693
G1 F2805.6 X96.622 Y118.809 E81.26278
G1 X96.622 Y118.808 E81.26283
G1 X96.622 Y99.707 E82.15225
G1 X93.422 Y99.707 E82.30126
G1 X93.422 Y109.707 E82.7669
G1 X92.622 Y109.707 E82.80415
G1 X92.622 Y98.907 E83.30704
G1 X97.422 Y98.907 E83.53055
G1 X97.422 Y110.288 E84.0605
G1 X97.422 Y110.289 E84.06054
G1 X97.422 Y110.583 E84.07423
G1 X97.695 Y110.473 E84.08226
G1 X100.548 Y109.321 E84.22553
G1 X101.272 Y109.029 E84.26188
G1 X100.777 Y109.632 E84.28061
G1 X99.773 Y110.855 E84.35429
G1 X98.65 Y112.266 E84.43826
G1 X98.018 Y113.395 E84.4985
G1 X97.619 Y114.714 E84.56267
G1 X97.363 Y116.553 E84.64913
G1 X97.034 Y118.768 E84.7534
G1 X97.016 Y118.85 E84.75731
G1 X96.622 Y120.693 E84.80143
G0 F15000 X96.222 Y121.492
;TYPE:WALL-OUTER
G1 F2805.6 X96.222 Y100.107 E85.79721
G1 X93.822 Y100.107 E85.90896
G1 X93.822 Y110.107 E86.3746
G1 X92.222 Y110.107 E86.44911
G1 X92.222 Y98.507 E86.98925
G1 X97.822 Y98.507 E87.25001
G1 X97.822 Y109.99 E87.78471
G1 X102.417 Y108.135 E88.01545
G1 X101.722 Y109.111 E88.07124
G1 X100.084 Y111.106 E88.19143
G1 X98.983 Y112.49 E88.27378
G1 X98.388 Y113.552 E88.33047
G1 X98.011 Y114.8 E88.39117
G1 X97.759 Y116.612 E88.47636
G1 X97.429 Y118.832 E88.58087
G1 X96.86 Y121.493 E88.70758
G1 X96.222 Y121.492 E88.73728
G0 F15000 X96.627 Y121.16
;TYPE:SKIN
G1 F2805.6 X96.523 Y120.982 E88.7559
G0 F15000 X96.522 Y121.109
G0 X96.796 Y118.446
G0 X96.859 Y118.383
G1 F2805.6 X96.883 Y118.075 E88.76639
G1 X97.006 Y116.538 E88.81876
G1 X96.899 Y116.363 E88.82573
G0 F15000 X97.003 Y116.26
G0 X97.197 Y113.803
G0 X97.265 Y113.734
G1 F2805.6 X97.327 Y113.39 E88.83767
G1 X97.319 Y113.114 E88.84711
G0 F15000 X97.442 Y112.992
G0 X97.581 Y111.922
G0 X97.698 Y111.887
G1 F2805.6 X97.717 Y111.585 E88.8618
G0 F15000 X97.838 Y111.465
G0 X97.246 Y110.642
G0 X97.021 Y110.867
G1 F2805.6 X97.021 Y110.584 E88.87687
G1 X97.021 Y99.553 E89.46409
G1 X96.986 Y99.306 E89.47737
G1 X93.592 Y99.306 E89.65805
G1 X93.165 Y99.449 E89.68202
G0 F15000 X92.797 Y99.535
G1 F2805.6 X93.251 Y99.081 E89.69697
G0 F15000 X92.882 Y99.167
G1 F2805.6 X93.021 Y99.876 E89.73321
G1 X93.021 Y109.21 E90.20142
G1 X93.114 Y109.399 E90.21199
G0 F15000 X92.983 Y109.531
G0 X93.594 Y99.879
G0 X96.45 Y99.879
G0 X96.461 Y110.291
G0 X98.785 Y110.8
G0 X98.91 Y110.675
G1 F2805.6 X99.019 Y110.849 E90.22766
G0 F15000 X98.906 Y110.962
G0 X100.166 Y109.985
G0 X100.391 Y109.76
G1 F2805.6 X100.14 Y109.728 E90.24864
G0 F15000 X100.047 Y109.822
G0 X101.348 Y108.889
G0 X101.378 Y108.773
G1 F2805.6 X101.645 Y108.788 E90.26552
G1 F1500 E83.76552
;MESH:terminale zanzariera verticale antivento con bottoncini.stl
G0 F15000 X101.735 Y108.733
G0 X102.714 Y109.209
G0 X103.857 Y108.588
G0 X104.942 Y108.588
G0 X106.094 Y99.879
G0 X108.95 Y99.879
G0 X109.922 Y112.823
;TYPE:WALL-INNER
G1 F1500 E90.26552
G1 F2805.6 X109.922 Y112.059 E90.3011
G1 X109.922 Y112.058 E90.30114
G1 X109.922 Y111.446 E90.32964
G1 X110.484 Y111.219 E90.35787
G1 X111.186 Y110.936 E90.39311
G1 X110.715 Y111.528 E90.41129
G1 X110.484 Y111.818 E90.42856
G1 X110.295 Y112.156 E90.44659
G1 X109.922 Y112.823 E90.46496
G0 F15000 X109.522 Y116.102
G1 F2805.6 X109.522 Y114.628 E90.5336
G1 X109.522 Y113.974 E90.56405
G1 X109.522 Y111.176 E90.69434
G1 X111.789 Y110.261 E90.80817
G1 X111.818 Y110.25 E90.80962
G1 X112.469 Y109.987 E90.84231
G1 X111.962 Y110.604 E90.86184
G1 X111.943 Y110.629 E90.86327
G1 X110.817 Y112.042 E90.9474
G1 X110.148 Y113.238 E91.01121
G1 X109.916 Y114.002 E91.04839
G1 X109.727 Y114.628 E91.07151
G1 X109.522 Y116.102 E91.08968
G0 F15000 X109.122 Y120.693
G1 F2805.6 X109.122 Y118.809 E91.1774
G1 X109.122 Y118.808 E91.17745
G1 X109.122 Y99.707 E92.06687
G1 X105.922 Y99.707 E92.21588
G1 X105.922 Y109.707 E92.68152
G1 X105.122 Y109.707 E92.71877
G1 X105.122 Y98.907 E93.22166
G1 X109.922 Y98.907 E93.44517
G1 X109.922 Y110.288 E93.97512
G1 X109.922 Y110.289 E93.97517
G1 X109.922 Y110.583 E93.98886
G1 X110.195 Y110.473 E93.99689
G1 X113.048 Y109.321 E94.14015
G1 X113.772 Y109.029 E94.17651
G1 X113.277 Y109.632 E94.19523
G1 X112.273 Y110.855 E94.26891
G1 X111.15 Y112.266 E94.35288
G1 X110.518 Y113.395 E94.41313
G1 X110.119 Y114.714 E94.47729
G1 X109.863 Y116.553 E94.56375
G1 X109.534 Y118.768 E94.66802
G1 X109.516 Y118.85 E94.67193
G1 X109.122 Y120.693 E94.71605
G0 F15000 X108.722 Y121.492
;TYPE:WALL-OUTER
G1 F2805.6 X108.722 Y100.107 E95.71183
G1 X106.322 Y100.107 E95.82358
G1 X106.322 Y110.107 E96.28922
G1 X104.722 Y110.107 E96.36373
G1 X104.722 Y98.507 E96.90387
G1 X110.322 Y98.507 E97.16463
G1 X110.322 Y109.99 E97.69933
G1 X114.917 Y108.135 E97.93007
G1 X114.222 Y109.111 E97.98586
G1 X112.584 Y111.106 E98.10606
G1 X111.483 Y112.49 E98.1884
G1 X110.888 Y113.552 E98.24509
G1 X110.511 Y114.8 E98.30579
G1 X110.259 Y116.612 E98.39098
G1 X109.929 Y118.832 E98.49549
G1 X109.36 Y121.493 E98.6222
G1 X108.722 Y121.492 E98.65191
G0 F15000 X109.108 Y121.125
;TYPE:SKIN
G1 F2805.6 X108.998 Y120.951 E98.67124
G0 F15000 X109.022 Y121.053
G0 X109.305 Y118.665
G0 X109.344 Y118.626
G1 F2805.6 X109.364 Y118.323 E98.68058
G1 X109.506 Y116.484 E98.7373
G1 X109.374 Y116.333 E98.74346
G0 F15000 X109.452 Y116.256
G0 X109.697 Y113.748
G0 X109.777 Y113.667
G1 F2805.6 X109.839 Y113.322 E98.75634
G1 X109.797 Y113.082 E98.76529
G0 F15000 X109.697 Y113.183
G0 X110.081 Y111.922
G0 X110.267 Y111.763
G1 F2805.6 X110.171 Y111.577 E98.77073
G1 X109.71 Y110.905 E98.79189
G0 F15000 X109.521 Y110.812
G1 F2805.6 X109.521 Y110.529 E98.807
G1 X109.521 Y99.498 E99.39597
G0 F15000 X109.43 Y99.306
G1 F2805.6 X109.147 Y99.306 E99.41031
G1 X106.036 Y99.306 E99.56798
G1 X105.637 Y99.422 E99.58904
G1 X105.354 Y99.139 E99.60933
G1 X105.521 Y100.104 E99.65896
G1 X105.521 Y109.155 E100.11769
G1 X105.728 Y109.513 E100.13865
G0 F15000 X105.746 Y109.496
G0 X106.094 Y99.879
G0 X108.95 Y99.879
G0 X108.961 Y110.238
G0 X111.261 Y110.77
G0 X111.352 Y110.678
G1 F2805.6 X111.599 Y110.714 E100.159
G0 F15000 X112.867 Y109.729
G1 F2805.6 X112.582 Y109.731 E100.17772
G0 F15000 X112.523 Y109.791
G0 X113.838 Y108.893
G0 X113.8 Y108.796
G1 F2805.6 X113.84 Y108.756 E100.17904
G0 F15000 X113.919 Y108.96
G1 F2805.6 X114.313 Y108.567 E100.19199
G1 F1500 E93.69199
;MESH:NONMESH
G0 F300 X114.313 Y108.567 Z1.4
G0 F15000 X114.238 Y108.658
G0 X108.942 Y112.823
G0 X107.857 Y112.823
G0 X99.698 Y112.98
G0 X98.8 Y112.367
G0 X97.422 Y112.823
;TIME_ELAPSED:118.336899
;LAYER:4
;TYPE:WALL-INNER
;MESH:terminale zanzariera verticale antivento con bottoncini.stl(1)
G1 F1500 E100.19199
G1 F2839.1 X97.422 Y112.059 E100.22757
G1 X97.422 Y112.058 E100.22761
G1 X97.422 Y111.446 E100.25611
G1 X97.984 Y111.219 E100.28433
G1 X98.686 Y110.936 E100.31958
G1 X98.215 Y111.528 E100.33776
G1 X97.984 Y111.818 E100.35503
G1 X97.795 Y112.156 E100.37306
G1 X97.422 Y112.823 E100.39143
G0 F15000 X97.022 Y116.102
G1 F2839.1 X97.022 Y114.628 E100.46007
G1 X97.022 Y113.974 E100.49052
G1 X97.022 Y111.176 E100.62081
G1 X99.281 Y110.264 E100.73425
G1 X99.391 Y110.22 E100.73976
G1 X99.965 Y109.988 E100.76859
G1 X99.518 Y110.532 E100.78409
G1 X99.444 Y110.625 E100.7892
G1 X98.317 Y112.042 E100.87351
G1 X97.648 Y113.238 E100.93732
G1 X97.416 Y114.002 E100.9745
G1 X97.227 Y114.628 E100.99762
G1 X97.022 Y116.102 E101.01579
G0 F15000 X96.622 Y120.693
G1 F2839.1 X96.622 Y118.809 E101.10351
G1 X96.622 Y118.808 E101.10356
G1 X96.622 Y99.707 E101.99298
G1 X93.422 Y99.707 E102.14199
G1 X93.422 Y109.707 E102.60763
G1 X92.622 Y109.707 E102.64488
G1 X92.622 Y98.907 E103.14777
G1 X97.422 Y98.907 E103.37128
G1 X97.422 Y110.288 E103.90123
G1 X97.422 Y110.289 E103.90128
G1 X97.422 Y110.583 E103.91497
G1 X97.695 Y110.473 E103.923
G1 X100.547 Y109.321 E104.06622
G1 X100.548 Y109.32 E104.06629
G1 X101.272 Y109.029 E104.10262
G1 X100.777 Y109.632 E104.12135
G1 X100.776 Y109.633 E104.12142
G1 X99.829 Y110.784 E104.19082
G1 X98.65 Y112.266 E104.27901
G1 X98.018 Y113.395 E104.33925
G1 X97.619 Y114.714 E104.40342
G1 X97.363 Y116.553 E104.48988
G1 X97.034 Y118.768 E104.59415
G1 X97.016 Y118.85 E104.59806
G1 X96.622 Y120.693 E104.64218
G0 F15000 X96.222 Y121.492
;TYPE:WALL-OUTER
G1 F2839.1 X96.222 Y100.107 E105.63796
G1 X93.822 Y100.107 E105.74971
G1 X93.822 Y110.107 E106.21535
G1 X92.222 Y110.107 E106.28986
G1 X92.222 Y98.507 E106.83
G1 X97.822 Y98.507 E107.09076
G1 X97.822 Y109.99 E107.62546
G1 X102.417 Y108.135 E107.8562
G1 X101.722 Y109.111 E107.91199
G1 X100.14 Y111.036 E108.02801
G1 X98.983 Y112.49 E108.11453
G1 X98.388 Y113.552 E108.17122
G1 X98.011 Y114.8 E108.23192
G1 X97.759 Y116.612 E108.31711
G1 X97.429 Y118.832 E108.42162
G1 X96.86 Y121.493 E108.54833
G1 X96.222 Y121.492 E108.57803
G0 F15000 X96.411 Y121.301
;TYPE:SKIN
G1 F2839.1 X96.553 Y121.16 E108.58744
G1 X96.642 Y120.967 E108.59743
G0 F15000 X96.522 Y120.843
G0 X96.873 Y118.652
G0 X96.834 Y118.613
G1 F2839.1 X96.853 Y118.349 E108.60561
G1 X96.981 Y116.497 E108.66298
G1 X97.116 Y116.349 E108.66917
G0 F15000 X97.029 Y116.262
G0 X97.317 Y113.722
G0 X97.256 Y113.661
G1 F2839.1 X97.29 Y113.412 E108.67708
G1 X97.483 Y113.039 E108.69029
G0 F15000 X97.531 Y113.088
G0 X97.744 Y111.886
G0 X97.67 Y111.812
G1 F2839.1 X97.761 Y111.62 E108.69779
G1 X97.923 Y111.5 E108.70491
G0 F15000 X97.021 Y110.598
G1 F2839.1 X97.021 Y110.315 E108.71967
G1 X97.021 Y99.85 E109.2654
G1 X96.477 Y99.305 E109.30555
G1 X93.083 Y99.305 E109.48255
G1 X93.021 Y100.092 E109.52371
G1 X93.021 Y109.143 E109.99571
G1 X92.819 Y109.507 E110.01742
G0 F15000 X92.843 Y109.531
G0 X93.594 Y99.879
G0 X96.45 Y99.879
G0 X96.797 Y110.656
G0 X96.952 Y110.811
G1 F2839.1 X96.851 Y110.993 E110.03123
G0 F15000 X96.797 Y110.939
G0 X98.776 Y110.655
G0 X98.893 Y110.772
G1 F2839.1 X99.056 Y110.653 E110.03986
G1 X99.219 Y110.533 E110.04851
G0 F15000 X99.26 Y110.574
G0 X100.081 Y109.697
G0 X100.194 Y109.81
G1 F2839.1 X100.359 Y109.692 E110.05689
G1 X100.523 Y109.574 E110.06523
G0 F15000 X100.563 Y109.614
G0 X101.431 Y108.855
G0 X101.498 Y108.852
G1 F2839.1 X101.657 Y108.728 E110.07299
G1 X101.817 Y108.605 E110.08076
G0 F15000 X101.783 Y108.659
G0 X97.6 Y110.319
G0 X97.246 Y99.792
G1 F2839.1 X96.535 Y99.081 E110.10417
G0 F15000 X96.818 Y99.081
G1 F2839.1 X97.246 Y99.509 E110.11826
G0 F15000 X97.246 Y99.226
G1 F2839.1 X97.101 Y99.081 E110.12303
G0 F15000 X97.101 Y99.107
G1 F1500 E103.62303
;MESH:terminale zanzariera verticale antivento con bottoncini.stl
G0 F15000 X97.611 Y110.302
G0 X98.669 Y108.734
G0 X102.692 Y107.1
G0 X103.487 Y108.11
G0 X103.861 Y110.464
G0 X104.365 Y110.968
G0 X106.679 Y110.968
G0 X107.857 Y110.302
G0 X108.942 Y110.302
G0 X109.922 Y112.823
;TYPE:WALL-INNER
G1 F1500 E110.12303
G1 F2839.1 X109.922 Y112.059 E110.15861
G1 X109.922 Y112.058 E110.15865
G1 X109.922 Y111.446 E110.18715
G1 X110.484 Y111.219 E110.21537
G1 X111.186 Y110.936 E110.25062
G1 X110.715 Y111.528 E110.2688
G1 X110.484 Y111.818 E110.28607
G1 X110.295 Y112.156 E110.3041
G1 X109.922 Y112.823 E110.32247
G0 F15000 X109.522 Y116.102
G1 F2839.1 X109.522 Y114.628 E110.39111
G1 X109.522 Y113.974 E110.42156
G1 X109.522 Y111.176 E110.55185
G1 X111.781 Y110.264 E110.66529
G1 X111.891 Y110.22 E110.6708
G1 X112.465 Y109.988 E110.69963
G1 X112.018 Y110.532 E110.71513
G1 X111.944 Y110.625 E110.72024
G1 X110.817 Y112.042 E110.80455
G1 X110.148 Y113.238 E110.86836
G1 X109.916 Y114.002 E110.90554
G1 X109.727 Y114.628 E110.92866
G1 X109.522 Y116.102 E110.94683
G0 F15000 X109.122 Y120.693
G1 F2839.1 X109.122 Y118.809 E111.03455
G1 X109.122 Y118.808 E111.0346
G1 X109.122 Y99.707 E111.92402
G1 X105.922 Y99.707 E112.07303
G1 X105.922 Y109.707 E112.53867
G1 X105.122 Y109.707 E112.57592
G1 X105.122 Y98.907 E113.07881
G1 X109.922 Y98.907 E113.30232
G1 X109.922 Y110.288 E113.83227
G1 X109.922 Y110.289 E113.83232
G1 X109.922 Y110.583 E113.846
G1 X110.195 Y110.473 E113.85403
G1 X113.047 Y109.321 E113.99726
G1 X113.048 Y109.32 E113.99733
G1 X113.772 Y109.029 E114.03366
G1 X113.277 Y109.632 E114.05239
G1 X113.276 Y109.633 E114.05246
G1 X112.329 Y110.784 E114.12186
G1 X111.15 Y112.266 E114.21005
G1 X110.518 Y113.395 E114.27029
G1 X110.119 Y114.714 E114.33446
G1 X109.863 Y116.553 E114.42092
G1 X109.534 Y118.768 E114.52519
G1 X109.516 Y118.85 E114.5291
G1 X109.122 Y120.693 E114.57322
G0 F15000 X108.722 Y121.492
;TYPE:WALL-OUTER
G1 F2839.1 X108.722 Y100.107 E115.569
G1 X106.322 Y100.107 E115.68075
G1 X106.322 Y110.107 E116.14639
G1 X104.722 Y110.107 E116.22089
G1 X104.722 Y98.507 E116.76104
G1 X110.322 Y98.507 E117.0218
G1 X110.322 Y109.99 E117.5565
G1 X114.917 Y108.135 E117.78723
G1 X114.222 Y109.111 E117.84303
G1 X112.64 Y111.036 E117.95905
G1 X111.483 Y112.49 E118.04557
G1 X110.888 Y113.552 E118.10226
G1 X110.511 Y114.8 E118.16296
G1 X110.259 Y116.612 E118.24815
G1 X109.929 Y118.832 E118.35266
G1 X109.36 Y121.493 E118.47936
G1 X108.722 Y121.492 E118.50907
G0 F15000 X109.024 Y121.187
;TYPE:SKIN
G1 F2839.1 X109.107 Y120.986 E118.52086
G1 X109.289 Y120.886 E118.53211
G0 F15000 X109.191 Y120.852
G0 X109.332 Y118.666
G0 X109.314 Y118.648
G1 F2839.1 X109.349 Y118.4 E118.53972
G1 X109.477 Y116.548 E118.59608
G1 X109.583 Y116.371 E118.60235
G0 F15000 X109.47 Y116.258
G0 X109.805 Y113.764
G0 X109.751 Y113.71
G1 F2839.1 X109.783 Y113.46 E118.61032
G1 X109.936 Y113.047 E118.62424
G0 F15000 X110.011 Y113.122
G0 X110.225 Y111.922
G0 X110.16 Y111.857
G1 F2839.1 X110.23 Y111.644 E118.63211
G1 X110.392 Y111.523 E118.63922
G0 F15000 X109.521 Y110.652
G1 F2839.1 X109.521 Y110.369 E118.65406
G1 X109.521 Y99.904 E119.20311
G1 X108.923 Y99.306 E119.24748
G1 X109.364 Y99.464 E119.27206
G0 F15000 X109.747 Y99.564
G1 F2839.1 X109.264 Y99.081 E119.28796
G0 F15000 X109.547 Y99.081
G1 F2839.1 X109.747 Y99.282 E119.29456
G0 F15000 X108.64 Y99.306
G1 F2839.1 X108.357 Y99.306 E119.30998
G1 X105.529 Y99.306 E119.46408
G1 X105.521 Y105.238 E119.78731
G1 X105.521 Y109.198 E120.00309
G1 X105.433 Y109.393 E120.01475
G0 F15000 X105.571 Y109.531
G0 X106.094 Y99.879
G0 X108.95 Y99.879
G0 X109.296 Y110.71
G0 X109.432 Y110.846
G1 F2839.1 X109.331 Y111.028 E120.02603
G0 F15000 X109.296 Y110.993
G0 X111.237 Y110.672
G0 X111.361 Y110.796
G1 F2839.1 X111.525 Y110.676 E120.03551
G1 X111.688 Y110.557 E120.04493
G0 F15000 X111.737 Y110.605
G0 X112.542 Y109.713
G0 X112.662 Y109.834
G1 F2839.1 X112.826 Y109.715 E120.05407
G1 X112.991 Y109.597 E120.06322
G0 F15000 X113.038 Y109.644
G0 X113.892 Y108.871
G0 X113.967 Y108.875
G1 F2839.1 X114.126 Y108.752 E120.07636
G0 F15000 X114.25 Y108.593
G1 F2839.1 X114.322 Y108.666 E120.07874
G1 F1500 E113.57874
;MESH:NONMESH
G0 F300 X114.322 Y108.666 Z1.68
G0 F15000 X114.217 Y108.686
G0 X108.942 Y112.823
G0 X107.857 Y112.823
G0 X99.703 Y112.974
G0 X98.8 Y112.367
G0 X97.422 Y112.823
;TIME_ELAPSED:139.097011
;LAYER:5
;TYPE:WALL-INNER
;MESH:terminale zanzariera verticale antivento con bottoncini.stl(1)
G1 F1500 E120.07874
G1 F2805.5 X97.422 Y112.059 E120.11432
G1 X97.422 Y112.058 E120.11437
G1 X97.422 Y111.446 E120.14286
G1 X97.984 Y111.219 E120.17109
G1 X98.686 Y110.936 E120.20633
G1 X98.215 Y111.528 E120.22451
G1 X97.984 Y111.818 E120.24178
G1 X97.795 Y112.156 E120.25981
G1 X97.422 Y112.823 E120.27819
G0 F15000 X97.022 Y116.102
G1 F2805.5 X97.022 Y114.628 E120.34682
G1 X97.022 Y113.974 E120.37727
G1 X97.022 Y111.176 E120.50756
G1 X99.281 Y110.264 E120.621
G1 X99.391 Y110.22 E120.62651
G1 X99.965 Y109.988 E120.65534
G1 X99.518 Y110.532 E120.67085
G1 X99.444 Y110.625 E120.67596
G1 X98.317 Y112.042 E120.76026
G1 X97.648 Y113.238 E120.82407
G1 X97.416 Y114.002 E120.86125
G1 X97.227 Y114.628 E120.88437
G1 X97.022 Y116.102 E120.90254
G0 F15000 X96.622 Y120.693
G1 F2805.5 X96.622 Y118.809 E120.99026
G1 X96.622 Y118.808 E120.99031
G1 X96.622 Y99.707 E121.87973
G1 X93.422 Y99.707 E122.02874
G1 X93.422 Y109.707 E122.49438
G1 X92.622 Y109.707 E122.53163
G1 X92.622 Y98.907 E123.03453
G1 X97.422 Y98.907 E123.25803
G1 X97.422 Y110.288 E123.78798
G1 X97.422 Y110.289 E123.78803
G1 X97.422 Y110.583 E123.80172
G1 X97.695 Y110.473 E123.80975
G1 X100.547 Y109.321 E123.95297
G1 X100.548 Y109.32 E123.95304
G1 X101.272 Y109.029 E123.98937
G1 X100.777 Y109.632 E124.00811
G1 X100.776 Y109.633 E124.00817
G1 X99.829 Y110.784 E124.07758
G1 X98.65 Y112.266 E124.16576
G1 X98.018 Y113.395 E124.22601
G1 X97.619 Y114.714 E124.29017
G1 X97.363 Y116.553 E124.37663
G1 X97.034 Y118.768 E124.4809
G1 X97.016 Y118.85 E124.48481
G1 X96.622 Y120.693 E124.52893
G0 F15000 X96.222 Y121.492
;TYPE:WALL-OUTER
G1 F2805.5 X96.222 Y100.107 E125.52471
G1 X93.822 Y100.107 E125.63646
G1 X93.822 Y110.107 E126.1021
G1 X92.222 Y110.107 E126.17661
G1 X92.222 Y98.507 E126.71675
G1 X97.822 Y98.507 E126.97751
G1 X97.822 Y109.99 E127.51221
G1 X102.417 Y108.135 E127.74295
G1 X101.722 Y109.111 E127.79874
G1 X100.14 Y111.036 E127.91476
G1 X98.983 Y112.49 E128.00128
G1 X98.388 Y113.552 E128.05797
G1 X98.011 Y114.8 E128.11867
G1 X97.759 Y116.612 E128.20386
G1 X97.429 Y118.832 E128.30837
G1 X96.86 Y121.493 E128.43508
G1 X96.222 Y121.492 E128.46478
G0 F15000 X96.627 Y121.16
;TYPE:SKIN
G1 F2805.5 X96.523 Y120.982 E128.4834
G0 F15000 X96.522 Y121.109
G0 X96.796 Y118.446
G0 X96.859 Y118.383
G1 F2805.5 X96.883 Y118.075 E128.49389
G1 X97.006 Y116.538 E128.54627
G1 X96.899 Y116.363 E128.55323
G0 F15000 X97.003 Y116.26
G0 X97.197 Y113.803
G0 X97.265 Y113.734
G1 F2805.5 X97.327 Y113.39 E128.56518
G1 X97.319 Y113.114 E128.57461
G0 F15000 X97.442 Y112.992
G0 X97.581 Y111.922
G0 X97.698 Y111.887
G1 F2805.5 X97.717 Y111.585 E128.58931
G0 F15000 X97.838 Y111.465
G0 X97.246 Y110.642
G0 X97.021 Y110.867
G1 F2805.5 X97.021 Y110.584 E128.60437
G1 X97.021 Y99.553 E129.19159
G1 X96.986 Y99.306 E129.20487
G1 X93.592 Y99.306 E129.38555
G1 X93.165 Y99.449 E129.40952
G0 F15000 X92.797 Y99.535
G1 F2805.5 X93.251 Y99.081 E129.42447
G0 F15000 X92.882 Y99.167
G1 F2805.5 X93.021 Y99.876 E129.46071
G1 X93.021 Y109.21 E129.92893
G1 X93.114 Y109.399 E129.93949
G0 F15000 X92.983 Y109.531
G0 X93.594 Y99.879
G0 X96.45 Y99.879
G0 X96.461 Y110.291
G0 X98.785 Y110.8
G0 X98.91 Y110.674
G1 F2805.5 X99.017 Y110.85 E129.95514
G0 F15000 X98.906 Y110.962
G0 X100.164 Y109.987
G0 X100.389 Y109.762
G1 F2805.5 X100.138 Y109.729 E129.97618
G0 F15000 X100.044 Y109.824
G0 X101.348 Y108.889
G0 X101.378 Y108.773
G1 F2805.5 X101.646 Y108.788 E129.99304
G1 F1500 E123.49304
;MESH:terminale zanzariera verticale antivento con bottoncini.stl
G0 F15000 X101.735 Y108.733
G0 X102.714 Y109.209
G0 X103.857 Y108.588
G0 X104.942 Y108.588
G0 X106.094 Y99.879
G0 X108.95 Y99.879
G0 X109.922 Y112.823
;TYPE:WALL-INNER
G1 F1500 E129.99304
G1 F2805.5 X109.922 Y112.059 E130.02861
G1 X109.922 Y112.058 E130.02866
G1 X109.922 Y111.446 E130.05716
G1 X110.484 Y111.219 E130.08538
G1 X111.186 Y110.936 E130.12062
G1 X110.715 Y111.528 E130.13881
G1 X110.484 Y111.818 E130.15607
G1 X110.295 Y112.156 E130.1741
G1 X109.922 Y112.823 E130.19248
G0 F15000 X109.522 Y116.102
G1 F2805.5 X109.522 Y114.628 E130.26111
G1 X109.522 Y113.974 E130.29157
G1 X109.522 Y111.176 E130.42185
G1 X111.781 Y110.264 E130.53529
G1 X111.891 Y110.22 E130.54081
G1 X112.465 Y109.988 E130.56964
G1 X112.018 Y110.532 E130.58514
G1 X111.944 Y110.625 E130.59025
G1 X110.817 Y112.042 E130.67456
G1 X110.148 Y113.238 E130.73837
G1 X109.916 Y114.002 E130.77555
G1 X109.727 Y114.628 E130.79867
G1 X109.522 Y116.102 E130.81683
G0 F15000 X109.122 Y120.693
G1 F2805.5 X109.122 Y118.809 E130.90456
G1 X109.122 Y118.808 E130.9046
G1 X109.122 Y99.707 E131.79403
G1 X105.922 Y99.707 E131.94303
G1 X105.922 Y109.707 E132.40867
G1 X105.122 Y109.707 E132.44593
G1 X105.122 Y98.907 E132.94882
G1 X109.922 Y98.907 E133.17233
G1 X109.922 Y110.288 E133.70227
G1 X109.922 Y110.289 E133.70232
G1 X109.922 Y110.583 E133.71601
G1 X110.195 Y110.473 E133.72404
G1 X113.047 Y109.321 E133.86727
G1 X113.048 Y109.32 E133.86733
G1 X113.772 Y109.029 E133.90367
G1 X113.277 Y109.632 E133.9224
G1 X113.276 Y109.633 E133.92247
G1 X112.329 Y110.784 E133.99187
G1 X111.15 Y112.266 E134.08005
G1 X110.518 Y113.395 E134.1403
G1 X110.119 Y114.714 E134.20447
G1 X109.863 Y116.553 E134.29092
G1 X109.534 Y118.768 E134.39519
G1 X109.516 Y118.85 E134.3991
G1 X109.122 Y120.693 E134.44323
G0 F15000 X108.722 Y121.492
;TYPE:WALL-OUTER
G1 F2805.5 X108.722 Y100.107 E135.439
G1 X106.322 Y100.107 E135.55076
G1 X106.322 Y110.107 E136.0164
G1 X104.722 Y110.107 E136.0909
G1 X104.722 Y98.507 E136.63104
G1 X110.322 Y98.507 E136.8918
G1 X110.322 Y109.99 E137.4265
G1 X114.917 Y108.135 E137.65724
G1 X114.222 Y109.111 E137.71303
G1 X112.64 Y111.036 E137.82905
G1 X111.483 Y112.49 E137.91558
G1 X110.888 Y113.552 E137.97226
G1 X110.511 Y114.8 E138.03297
G1 X110.259 Y116.612 E138.11815
G1 X109.929 Y118.832 E138.22266
G1 X109.36 Y121.493 E138.34937
G1 X108.722 Y121.492 E138.37908
G0 F15000 X109.108 Y121.125
;TYPE:SKIN
G1 F2805.5 X108.998 Y120.951 E138.39841
G0 F15000 X109.022 Y121.053
G0 X109.305 Y118.665
G0 X109.344 Y118.626
G1 F2805.5 X109.364 Y118.323 E138.40775
G1 X109.506 Y116.484 E138.46447
G1 X109.374 Y116.333 E138.47064
G0 F15000 X109.452 Y116.256
G0 X109.697 Y113.748
G0 X109.777 Y113.667
G1 F2805.5 X109.839 Y113.322 E138.48352
G1 X109.797 Y113.082 E138.49247
G0 F15000 X109.697 Y113.183
G0 X110.081 Y111.922
G0 X110.267 Y111.763
G1 F2805.5 X110.171 Y111.577 E138.4979
G1 X109.71 Y110.905 E138.51906
G0 F15000 X109.521 Y110.812
G1 F2805.5 X109.521 Y110.529 E138.53417
G1 X109.521 Y99.498 E139.12314
G0 F15000 X109.43 Y99.306
G1 F2805.5 X109.147 Y99.306 E139.13748
G1 X106.036 Y99.306 E139.29516
G1 X105.637 Y99.422 E139.31622
G1 X105.354 Y99.139 E139.3365
G1 X105.521 Y100.104 E139.38614
G1 X105.521 Y109.155 E139.84486
G1 X105.728 Y109.513 E139.86582
G0 F15000 X105.746 Y109.496
G0 X106.094 Y99.879
G0 X108.95 Y99.879
G0 X108.961 Y110.238
G0 X111.261 Y110.77
G0 X111.352 Y110.678
G1 F2805.5 X111.599 Y110.715 E139.88616
G0 F15000 X112.865 Y109.731
G1 F2805.5 X112.58 Y109.733 E139.90495
G0 F15000 X112.52 Y109.793
G0 X113.838 Y108.893
G0 X113.8 Y108.796
G1 F2805.5 X113.84 Y108.756 E139.90627
G0 F15000 X113.919 Y108.96
G1 F2805.5 X114.313 Y108.567 E139.91922
G1 F1500 E133.41922
;MESH:NONMESH
G0 F300 X114.313 Y108.567 Z1.96
G0 F15000 X114.238 Y108.658
G0 X108.942 Y112.823
G0 X107.857 Y112.823
G0 X99.703 Y112.974
G0 X98.8 Y112.367
G0 X97.422 Y112.823
;TIME_ELAPSED:158.954352
;LAYER:6
;TYPE:WALL-INNER
;MESH:terminale zanzariera verticale antivento con bottoncini.stl(1)
G1 F1500 E139.91922
G1 F2839.1 X97.422 Y112.059 E139.9548
G1 X97.422 Y112.058 E139.95485
G1 X97.422 Y111.446 E139.98334
G1 X97.984 Y111.219 E140.01157
G1 X98.686 Y110.936 E140.04681
G1 X98.215 Y111.528 E140.06499
G1 X97.984 Y111.818 E140.08226
G1 X97.795 Y112.156 E140.10029
G1 X97.422 Y112.823 E140.11867
G0 F15000 X97.022 Y116.102
G1 F2839.1 X97.022 Y114.628 E140.1873
G1 X97.022 Y113.974 E140.21775
G1 X97.022 Y111.176 E140.34804
G1 X99.281 Y110.264 E140.46148
G1 X99.391 Y110.22 E140.46699
G1 X99.965 Y109.988 E140.49582
G1 X99.518 Y110.532 E140.51133
G1 X99.444 Y110.625 E140.51644
G1 X98.317 Y112.042 E140.60074
G1 X97.648 Y113.238 E140.66455
G1 X97.416 Y114.002 E140.70173
G1 X97.227 Y114.628 E140.72485
G1 X97.022 Y116.102 E140.74302
G0 F15000 X96.622 Y120.693
G1 F2839.1 X96.622 Y118.809 E140.83074
G1 X96.622 Y118.808 E140.83079
G1 X96.622 Y99.707 E141.72021
G1 X93.422 Y99.707 E141.86922
G1 X93.422 Y109.707 E142.33486
G1 X92.622 Y109.707 E142.37211
G1 X92.622 Y98.907 E142.87501
G1 X97.422 Y98.907 E143.09851
G1 X97.422 Y110.288 E143.62846
G1 X97.422 Y110.289 E143.62851
G1 X97.422 Y110.583 E143.6422
G1 X97.695 Y110.473 E143.65023
G1 X100.547 Y109.321 E143.79345
G1 X100.548 Y109.32 E143.79352
G1 X101.272 Y109.029 E143.82985
G1 X100.777 Y109.632 E143.84859
G1 X100.776 Y109.633 E143.84865
G1 X99.829 Y110.784 E143.91806
G1 X98.65 Y112.266 E144.00624
G1 X98.018 Y113.395 E144.06649
G1 X97.619 Y114.714 E144.13065
G1 X97.363 Y116.553 E144.21711
G1 X97.034 Y118.768 E144.32138
G1 X97.016 Y118.85 E144.32529
G1 X96.622 Y120.693 E144.36941
G0 F15000 X96.222 Y121.492
;TYPE:WALL-OUTER
G1 F2839.1 X96.222 Y100.107 E145.36519
G1 X93.822 Y100.107 E145.47694
G1 X93.822 Y110.107 E145.94258
G1 X92.222 Y110.107 E146.01709
G1 X92.222 Y98.507 E146.55723
G1 X97.822 Y98.507 E146.81799
G1 X97.822 Y109.99 E147.35269
G1 X102.417 Y108.135 E147.58343
G1 X101.722 Y109.111 E147.63922
G1 X100.14 Y111.036 E147.75524
G1 X98.983 Y112.49 E147.84176
G1 X98.388 Y113.552 E147.89845
G1 X98.011 Y114.8 E147.95915
G1 X97.759 Y116.612 E148.04434
G1 X97.429 Y118.832 E148.14885
G1 X96.86 Y121.493 E148.27556
G1 X96.222 Y121.492 E148.30527
G0 F15000 X96.411 Y121.301
;TYPE:SKIN
G1 F2839.1 X96.553 Y121.16 E148.31467
G1 X96.642 Y120.967 E148.32467
G0 F15000 X96.522 Y120.843
G0 X96.873 Y118.652
G0 X96.834 Y118.613
G1 F2839.1 X96.853 Y118.349 E148.33284
G1 X96.981 Y116.497 E148.39021
G1 X97.116 Y116.349 E148.3964
G0 F15000 X97.029 Y116.262
G0 X97.317 Y113.722
G0 X97.256 Y113.661
G1 F2839.1 X97.29 Y113.412 E148.40431
G1 X97.483 Y113.039 E148.41753
G0 F15000 X97.531 Y113.088
G0 X97.744 Y111.886
G0 X97.67 Y111.812
G1 F2839.1 X97.761 Y111.62 E148.42502
G1 X97.923 Y111.5 E148.43214
G0 F15000 X97.021 Y110.598
G1 F2839.1 X97.021 Y110.315 E148.4469
G1 X97.021 Y99.85 E148.99263
G1 X96.477 Y99.305 E149.03279
G1 X93.083 Y99.305 E149.20978
G1 X93.021 Y100.092 E149.25095
G1 X93.021 Y109.143 E149.72294
G1 X92.819 Y109.507 E149.74465
G0 F15000 X92.843 Y109.531
G0 X93.594 Y99.879
G0 X96.45 Y99.879
G0 X96.797 Y110.656
G0 X96.952 Y110.811
G1 F2839.1 X96.851 Y110.993 E149.75846
G0 F15000 X96.797 Y110.939
G0 X98.776 Y110.655
G0 X98.893 Y110.772
G1 F2839.1 X99.056 Y110.653 E149.76709
G1 X99.219 Y110.533 E149.77574
G0 F15000 X99.26 Y110.574
G0 X100.081 Y109.697
G0 X100.194 Y109.81
G1 F2839.1 X100.359 Y109.692 E149.78412
G1 X100.523 Y109.574 E149.79246
G0 F15000 X100.563 Y109.614
G0 X101.431 Y108.855
G0 X101.498 Y108.852
G1 F2839.1 X101.657 Y108.728 E149.80022
G1 X101.817 Y108.605 E149.80799
G0 F15000 X101.783 Y108.659
G0 X97.6 Y110.319
G0 X97.246 Y99.792
G1 F2839.1 X96.535 Y99.081 E149.8314
G0 F15000 X96.818 Y99.081
G1 F2839.1 X97.246 Y99.509 E149.84549
G0 F15000 X97.246 Y99.226
G1 F2839.1 X97.101 Y99.081 E149.85026
G0 F15000 X97.101 Y99.107
G1 F1500 E143.35026
;MESH:terminale zanzariera verticale antivento con bottoncini.stl
G0 F15000 X97.611 Y110.302
G0 X98.669 Y108.734
G0 X102.692 Y107.1
G0 X103.487 Y108.11
G0 X103.861 Y110.464
G0 X104.365 Y110.968
G0 X106.679 Y110.968
G0 X107.857 Y110.302
G0 X108.942 Y110.302
G0 X109.922 Y112.823
;TYPE:WALL-INNER
G1 F1500 E149.85026
G1 F2839.1 X109.922 Y112.059 E149.88584
G1 X109.922 Y112.058 E149.88589
G1 X109.922 Y111.446 E149.91438
G1 X110.484 Y111.219 E149.94261
G1 X111.186 Y110.936 E149.97785
G1 X110.715 Y111.528 E149.99603
G1 X110.484 Y111.818 E150.0133
G1 X110.295 Y112.156 E150.03133
G1 X109.922 Y112.823 E150.0497
G0 F15000 X109.522 Y116.102
G1 F2839.1 X109.522 Y114.628 E150.11834
G1 X109.522 Y113.974 E150.14879
G1 X109.522 Y111.176 E150.27908
G1 X111.781 Y110.264 E150.39252
G1 X111.891 Y110.22 E150.39803
G1 X112.465 Y109.988 E150.42686
G1 X112.018 Y110.532 E150.44237
G1 X111.944 Y110.625 E150.44748
G1 X110.817 Y112.042 E150.53178
G1 X110.148 Y113.238 E150.59559
G1 X109.916 Y114.002 E150.63277
G1 X109.727 Y114.628 E150.65589
G1 X109.522 Y116.102 E150.67406
G0 F15000 X109.122 Y120.693
G1 F2839.1 X109.122 Y118.809 E150.76178
G1 X109.122 Y118.808 E150.76183
G1 X109.122 Y99.707 E151.65125
G1 X105.922 Y99.707 E151.80026
G1 X105.922 Y109.707 E152.2659
G1 X105.122 Y109.707 E152.30315
G1 X105.122 Y98.907 E152.80605
G1 X109.922 Y98.907 E153.02955
G1 X109.922 Y110.288 E153.5595
G1 X109.922 Y110.289 E153.55955
G1 X109.922 Y110.583 E153.57324
G1 X110.195 Y110.473 E153.58127
G1 X113.047 Y109.321 E153.72449
G1 X113.048 Y109.32 E153.72456
G1 X113.772 Y109.029 E153.76089
G1 X113.277 Y109.632 E153.77963
G1 X113.276 Y109.633 E153.77969
G1 X112.329 Y110.784 E153.8491
G1 X111.15 Y112.266 E153.93728
G1 X110.518 Y113.395 E153.99753
G1 X110.119 Y114.714 E154.06169
G1 X109.863 Y116.553 E154.14815
G1 X109.534 Y118.768 E154.25242
G1 X109.516 Y118.85 E154.25633
G1 X109.122 Y120.693 E154.30045
G0 F15000 X108.722 Y121.492
;TYPE:WALL-OUTER
G1 F2839.1 X108.722 Y100.107 E155.29623
G1 X106.322 Y100.107 E155.40798
G1 X106.322 Y110.107 E155.87362
G1 X104.722 Y110.107 E155.94813
G1 X104.722 Y98.507 E156.48827
G1 X110.322 Y98.507 E156.74903
G1 X110.322 Y109.99 E157.28373
G1 X114.917 Y108.135 E157.51447
G1 X114.222 Y109.111 E157.57026
G1 X112.64 Y111.036 E157.68628
G1 X111.483 Y112.49 E157.7728
G1 X110.888 Y113.552 E157.82949
G1 X110.511 Y114.8 E157.89019
G1 X110.259 Y116.612 E157.97538
G1 X109.929 Y118.832 E158.07989
G1 X109.36 Y121.493 E158.2066
G1 X108.722 Y121.492 E158.2363
G0 F15000 X109.024 Y121.187
;TYPE:SKIN
G1 F2839.1 X109.107 Y120.986 E158.24809
G1 X109.289 Y120.886 E158.25934
G0 F15000 X109.191 Y120.852
G0 X109.332 Y118.666
G0 X109.314 Y118.648
G1 F2839.1 X109.349 Y118.4 E158.26695
G1 X109.477 Y116.548 E158.32331
G1 X109.583 Y116.371 E158.32958
G0 F15000 X109.47 Y116.258
G0 X109.805 Y113.764
G0 X109.751 Y113.71
G1 F2839.1 X109.783 Y113.46 E158.33755
G1 X109.936 Y113.047 E158.35147
G0 F15000 X110.011 Y113.122
G0 X110.225 Y111.922
G0 X110.16 Y111.857
G1 F2839.1 X110.23 Y111.644 E158.35935
G1 X110.392 Y111.523 E158.36645
G0 F15000 X109.521 Y110.652
G1 F2839.1 X109.521 Y110.369 E158.38129
G1 X109.521 Y99.904 E158.93034
G1 X108.923 Y99.306 E158.97471
G1 X109.364 Y99.464 E158.99929
G0 F15000 X109.747 Y99.564
G1 F2839.1 X109.264 Y99.081 E159.01519
G0 F15000 X109.547 Y99.081
G1 F2839.1 X109.747 Y99.282 E159.02179
G0 F15000 X108.64 Y99.306
G1 F2839.1 X108.357 Y99.306 E159.03721
G1 X105.529 Y99.306 E159.19131
G1 X105.521 Y105.238 E159.51455
G1 X105.521 Y109.198 E159.73033
G1 X105.433 Y109.393 E159.74198
G0 F15000 X105.571 Y109.531
G0 X106.094 Y99.879
G0 X108.95 Y99.879
G0 X109.296 Y110.71
G0 X109.432 Y110.846
G1 F2839.1 X109.331 Y111.028 E159.75326
G0 F15000 X109.296 Y110.993
G0 X111.237 Y110.672
G0 X111.361 Y110.796
G1 F2839.1 X111.525 Y110.676 E159.76274
G1 X111.688 Y110.557 E159.77216
G0 F15000 X111.737 Y110.605
G0 X112.542 Y109.713
G0 X112.662 Y109.834
G1 F2839.1 X112.826 Y109.715 E159.7813
G1 X112.991 Y109.597 E159.79046
G0 F15000 X113.038 Y109.644
G0 X113.892 Y108.871
G0 X113.967 Y108.875
G1 F2839.1 X114.126 Y108.752 E159.80359
G0 F15000 X114.25 Y108.593
G1 F2839.1 X114.322 Y108.666 E159.80598
G1 F1500 E153.30598
;MESH:NONMESH
G0 F300 X114.322 Y108.666 Z2.24
G0 F15000 X114.217 Y108.686
G0 X108.942 Y112.823
G0 X107.857 Y112.823
G0 X99.703 Y112.974
G0 X98.8 Y112.367
G0 X97.422 Y112.823
;TIME_ELAPSED:179.714464
;LAYER:7
;TYPE:WALL-INNER
;MESH:terminale zanzariera verticale antivento con bottoncini.stl(1)
G1 F1500 E159.80598
G1 F2805.5 X97.422 Y112.059 E159.84155
G1 X97.422 Y112.058 E159.8416
G1 X97.422 Y111.446 E159.87009
G1 X97.984 Y111.219 E159.89832
G1 X98.686 Y110.936 E159.93356
G1 X98.215 Y111.528 E159.95175
G1 X97.984 Y111.818 E159.96901
G1 X97.795 Y112.156 E159.98704
G1 X97.422 Y112.823 E160.00542
G0 F15000 X97.022 Y116.102
G1 F2805.5 X97.022 Y114.628 E160.07405
G1 X97.022 Y113.974 E160.10451
G1 X97.022 Y111.176 E160.23479
G1 X99.281 Y110.264 E160.34823
G1 X99.391 Y110.22 E160.35375
G1 X99.965 Y109.988 E160.38257
G1 X99.518 Y110.532 E160.39808
G1 X99.444 Y110.625 E160.40319
G1 X98.317 Y112.042 E160.48749
G1 X97.648 Y113.238 E160.5513
G1 X97.416 Y114.002 E160.58848
G1 X97.227 Y114.628 E160.6116
G1 X97.022 Y116.102 E160.62977
G0 F15000 X96.622 Y120.693
G1 F2805.5 X96.622 Y118.809 E160.7175
G1 X96.622 Y118.808 E160.71754
G1 X96.622 Y99.707 E161.60697
G1 X93.422 Y99.707 E161.75597
G1 X93.422 Y109.707 E162.22161
G1 X92.622 Y109.707 E162.25886
G1 X92.622 Y98.907 E162.76176
G1 X97.422 Y98.907 E162.98527
G1 X97.422 Y110.288 E163.51521
G1 X97.422 Y110.289 E163.51526
G1 X97.422 Y110.583 E163.52895
G1 X97.695 Y110.473 E163.53698
G1 X100.547 Y109.321 E163.6802
G1 X100.548 Y109.32 E163.68027
G1 X101.272 Y109.029 E163.7166
G1 X100.777 Y109.632 E163.73534
G1 X100.776 Y109.633 E163.7354
G1 X99.829 Y110.784 E163.80481
G1 X98.65 Y112.266 E163.89299
G1 X98.018 Y113.395 E163.95324
G1 X97.619 Y114.714 E164.0174
G1 X97.363 Y116.553 E164.10386
G1 X97.034 Y118.768 E164.20813
G1 X97.016 Y118.85 E164.21204
G1 X96.622 Y120.693 E164.25616
G0 F15000 X96.222 Y121.492
;TYPE:WALL-OUTER
G1 F2805.5 X96.222 Y100.107 E165.25194
G1 X93.822 Y100.107 E165.36369
G1 X93.822 Y110.107 E165.82934
G1 X92.222 Y110.107 E165.90384
G1 X92.222 Y98.507 E166.44398
G1 X97.822 Y98.507 E166.70474
G1 X97.822 Y109.99 E167.23944
G1 X102.417 Y108.135 E167.47018
G1 X101.722 Y109.111 E167.52597
G1 X100.14 Y111.036 E167.64199
G1 X98.983 Y112.49 E167.72852
G1 X98.388 Y113.552 E167.7852
G1 X98.011 Y114.8 E167.84591
G1 X97.759 Y116.612 E167.93109
G1 X97.429 Y118.832 E168.0356
G1 X96.86 Y121.493 E168.16231
G1 X96.222 Y121.492 E168.19202
G0 F15000 X96.627 Y121.16
;TYPE:SKIN
G1 F2805.5 X96.523 Y120.982 E168.21063
G0 F15000 X96.522 Y121.109
G0 X96.796 Y118.446
G0 X96.859 Y118.383
G1 F2805.5 X96.883 Y118.075 E168.22113
G1 X97.006 Y116.538 E168.2735
G1 X96.899 Y116.363 E168.28046
G0 F15000 X97.003 Y116.26
G0 X97.197 Y113.803
G0 X97.265 Y113.734
G1 F2805.5 X97.327 Y113.39 E168.29241
G1 X97.319 Y113.114 E168.30184
G0 F15000 X97.442 Y112.992
G0 X97.581 Y111.922
G0 X97.698 Y111.887
G1 F2805.5 X97.717 Y111.585 E168.31654
G0 F15000 X97.838 Y111.465
G0 X97.246 Y110.642
G0 X97.021 Y110.867
G1 F2805.5 X97.021 Y110.584 E168.3316
G1 X97.021 Y99.553 E168.91882
G1 X96.986 Y99.306 E168.9321
G1 X93.592 Y99.306 E169.11278
G1 X93.165 Y99.449 E169.13675
G0 F15000 X92.797 Y99.535
G1 F2805.5 X93.251 Y99.081 E169.1517
G0 F15000 X92.882 Y99.167
G1 F2805.5 X93.021 Y99.876 E169.18794
G1 X93.021 Y109.21 E169.65616
G1 X93.114 Y109.399 E169.66672
G0 F15000 X92.983 Y109.531
G0 X93.594 Y99.879
G0 X96.45 Y99.879
G0 X96.461 Y110.291
G0 X98.785 Y110.8
G0 X98.91 Y110.674
G1 F2805.5 X99.017 Y110.85 E169.68237
G0 F15000 X98.906 Y110.962
G0 X100.164 Y109.987
G0 X100.389 Y109.762
G1 F2805.5 X100.138 Y109.729 E169.70341
G0 F15000 X100.044 Y109.824
G0 X101.348 Y108.889
G0 X101.378 Y108.773
G1 F2805.5 X101.646 Y108.788 E169.72027
G1 F1500 E163.22027
;MESH:terminale zanzariera verticale antivento con bottoncini.stl
G0 F15000 X101.735 Y108.733
G0 X102.714 Y109.209
G0 X103.857 Y108.588
G0 X104.942 Y108.588
G0 X106.094 Y99.879
G0 X108.95 Y99.879
G0 X109.922 Y112.823
;TYPE:WALL-INNER
G1 F1500 E169.72027
G1 F2805.5 X109.922 Y112.059 E169.75584
G1 X109.922 Y112.058 E169.75589
G1 X109.922 Y111.446 E169.78439
G1 X110.484 Y111.219 E169.81261
G1 X111.186 Y110.936 E169.84786
G1 X110.715 Y111.528 E169.86604
G1 X110.484 Y111.818 E169.8833
G1 X110.295 Y112.156 E169.90134
G1 X109.922 Y112.823 E169.91971
G0 F15000 X109.522 Y116.102
G1 F2805.5 X109.522 Y114.628 E169.98835
G1 X109.522 Y113.974 E170.0188
G1 X109.522 Y111.176 E170.14909
G1 X111.781 Y110.264 E170.26252
G1 X111.891 Y110.22 E170.26804
G1 X112.465 Y109.988 E170.29687
G1 X112.018 Y110.532 E170.31237
G1 X111.944 Y110.625 E170.31748
G1 X110.817 Y112.042 E170.40179
G1 X110.148 Y113.238 E170.4656
G1 X109.916 Y114.002 E170.50278
G1 X109.727 Y114.628 E170.5259
G1 X109.522 Y116.102 E170.54406
G0 F15000 X109.122 Y120.693
G1 F2805.5 X109.122 Y118.809 E170.63179
G1 X109.122 Y118.808 E170.63184
G1 X109.122 Y99.707 E171.52126
G1 X105.922 Y99.707 E171.67026
G1 X105.922 Y109.707 E172.13591
G1 X105.122 Y109.707 E172.17316
G1 X105.122 Y98.907 E172.67605
G1 X109.922 Y98.907 E172.89956
G1 X109.922 Y110.288 E173.42951
G1 X109.922 Y110.289 E173.42955
G1 X109.922 Y110.583 E173.44324
G1 X110.195 Y110.473 E173.45127
G1 X113.047 Y109.321 E173.5945
G1 X113.048 Y109.32 E173.59456
G1 X113.772 Y109.029 E173.6309
G1 X113.277 Y109.632 E173.64963
G1 X113.276 Y109.633 E173.6497
G1 X112.329 Y110.784 E173.7191
G1 X111.15 Y112.266 E173.80728
G1 X110.518 Y113.395 E173.86753
G1 X110.119 Y114.714 E173.9317
G1 X109.863 Y116.553 E174.01815
G1 X109.534 Y118.768 E174.12243
G1 X109.516 Y118.85 E174.12634
G1 X109.122 Y120.693 E174.17046
G0 F15000 X108.722 Y121.492
;TYPE:WALL-OUTER
G1 F2805.5 X108.722 Y100.107 E175.16623
G1 X106.322 Y100.107 E175.27799
G1 X106.322 Y110.107 E175.74363
G1 X104.722 Y110.107 E175.81813
G1 X104.722 Y98.507 E176.35828
G1 X110.322 Y98.507 E176.61904
G1 X110.322 Y109.99 E177.15373
G1 X114.917 Y108.135 E177.38447
G1 X114.222 Y109.111 E177.44026
G1 X112.64 Y111.036 E177.55629
G1 X111.483 Y112.49 E177.64281
G1 X110.888 Y113.552 E177.69949
G1 X110.511 Y114.8 E177.7602
G1 X110.259 Y116.612 E177.84539
G1 X109.929 Y118.832 E177.94989
G1 X109.36 Y121.493 E178.0766
G1 X108.722 Y121.492 E178.10631
G0 F15000 X109.108 Y121.125
;TYPE:SKIN
G1 F2805.5 X108.998 Y120.951 E178.12564
G0 F15000 X109.022 Y121.053
G0 X109.305 Y118.665
G0 X109.344 Y118.626
G1 F2805.5 X109.364 Y118.323 E178.13498
G1 X109.506 Y116.484 E178.1917
G1 X109.374 Y116.333 E178.19787
G0 F15000 X109.452 Y116.256
G0 X109.697 Y113.748
G0 X109.777 Y113.667
G1 F2805.5 X109.839 Y113.322 E178.21075
G1 X109.797 Y113.082 E178.2197
G0 F15000 X109.697 Y113.183
G0 X110.081 Y111.922
G0 X110.267 Y111.763
G1 F2805.5 X110.171 Y111.577 E178.22513
G1 X109.71 Y110.905 E178.2463
G0 F15000 X109.521 Y110.812
G1 F2805.5 X109.521 Y110.529 E178.26141
G1 X109.521 Y99.498 E178.85037
G0 F15000 X109.43 Y99.306
G1 F2805.5 X109.147 Y99.306 E178.86472
G1 X106.036 Y99.306 E179.02239
G1 X105.637 Y99.422 E179.04345
G1 X105.354 Y99.139 E179.06373
G1 X105.521 Y100.104 E179.11337
G1 X105.521 Y109.155 E179.57209
G1 X105.728 Y109.513 E179.59305
G0 F15000 X105.746 Y109.496
G0 X106.094 Y99.879
G0 X108.95 Y99.879
G0 X108.961 Y110.238
G0 X111.261 Y110.77
G0 X111.352 Y110.678
G1 F2805.5 X111.599 Y110.715 E179.61339
G0 F15000 X112.865 Y109.731
G1 F2805.5 X112.58 Y109.733 E179.63218
G0 F15000 X112.52 Y109.793
G0 X113.838 Y108.893
G0 X113.8 Y108.796
G1 F2805.5 X113.84 Y108.756 E179.6335
G0 F15000 X113.919 Y108.96
G1 F2805.5 X114.313 Y108.567 E179.64646
G1 F1500 E173.14646
;MESH:NONMESH
G0 F300 X114.313 Y108.567 Z2.52
G0 F15000 X114.238 Y108.658
G0 X108.942 Y112.823
G0 X107.857 Y112.823
G0 X99.703 Y112.974
G0 X98.8 Y112.367
G0 X97.422 Y112.823
;TIME_ELAPSED:199.571805
;LAYER:8
;TYPE:WALL-INNER
;MESH:terminale zanzariera verticale antivento con bottoncini.stl(1)
G1 F1500 E179.64646
G1 F2839.1 X97.422 Y112.059 E179.68203
G1 X97.422 Y112.058 E179.68208
G1 X97.422 Y111.446 E179.71058
G1 X97.984 Y111.219 E179.7388
G1 X98.686 Y110.936 E179.77404
G1 X98.215 Y111.528 E179.79223
G1 X97.984 Y111.818 E179.80949
G1 X97.795 Y112.156 E179.82752
G1 X97.422 Y112.823 E179.8459
G0 F15000 X97.022 Y116.102
G1 F2839.1 X97.022 Y114.628 E179.91453
G1 X97.022 Y113.974 E179.94499
G1 X97.022 Y111.176 E180.07527
G1 X99.281 Y110.264 E180.18871
G1 X99.391 Y110.22 E180.19423
G1 X99.965 Y109.988 E180.22305
G1 X99.518 Y110.532 E180.23856
G1 X99.444 Y110.625 E180.24367
G1 X98.317 Y112.042 E180.32797
G1 X97.648 Y113.238 E180.39179
G1 X97.416 Y114.002 E180.42896
G1 X97.227 Y114.628 E180.45208
G1 X97.022 Y116.102 E180.47025
G0 F15000 X96.622 Y120.693
G1 F2839.1 X96.622 Y118.809 E180.55798
G1 X96.622 Y118.808 E180.55802
G1 X96.622 Y99.707 E181.44745
G1 X93.422 Y99.707 E181.59645
G1 X93.422 Y109.707 E182.06209
G1 X92.622 Y109.707 E182.09934
G1 X92.622 Y98.907 E182.60224
G1 X97.422 Y98.907 E182.82575
G1 X97.422 Y110.288 E183.35569
G1 X97.422 Y110.289 E183.35574
G1 X97.422 Y110.583 E183.36943
G1 X97.695 Y110.473 E183.37746
G1 X100.547 Y109.321 E183.52068
G1 X100.548 Y109.32 E183.52075
G1 X101.272 Y109.029 E183.55708
G1 X100.777 Y109.632 E183.57582
G1 X100.776 Y109.633 E183.57588
G1 X99.829 Y110.784 E183.64529
G1 X98.65 Y112.266 E183.73347
G1 X98.018 Y113.395 E183.79372
G1 X97.619 Y114.714 E183.85788
G1 X97.363 Y116.553 E183.94434
G1 X97.034 Y118.768 E184.04861
G1 X97.016 Y118.85 E184.05252
G1 X96.622 Y120.693 E184.09664
G0 F15000 X96.222 Y121.492
;TYPE:WALL-OUTER
G1 F2839.1 X96.222 Y100.107 E185.09242
G1 X93.822 Y100.107 E185.20417
G1 X93.822 Y110.107 E185.66982
G1 X92.222 Y110.107 E185.74432
G1 X92.222 Y98.507 E186.28446
G1 X97.822 Y98.507 E186.54522
G1 X97.822 Y109.99 E187.07992
G1 X102.417 Y108.135 E187.31066
G1 X101.722 Y109.111 E187.36645
G1 X100.14 Y111.036 E187.48247
G1 X98.983 Y112.49 E187.569
G1 X98.388 Y113.552 E187.62568
G1 X98.011 Y114.8 E187.68639
G1 X97.759 Y116.612 E187.77157
G1 X97.429 Y118.832 E187.87608
G1 X96.86 Y121.493 E188.00279
G1 X96.222 Y121.492 E188.0325
G0 F15000 X96.411 Y121.301
;TYPE:SKIN
G1 F2839.1 X96.553 Y121.16 E188.04191
G1 X96.642 Y120.967 E188.0519
G0 F15000 X96.522 Y120.843
G0 X96.873 Y118.652
G0 X96.834 Y118.613
G1 F2839.1 X96.853 Y118.349 E188.06008
G1 X96.981 Y116.497 E188.11744
G1 X97.116 Y116.349 E188.12363
G0 F15000 X97.029 Y116.262
G0 X97.317 Y113.722
G0 X97.256 Y113.661
G1 F2839.1 X97.29 Y113.412 E188.13154
G1 X97.483 Y113.039 E188.14476
G0 F15000 X97.531 Y113.088
G0 X97.744 Y111.886
G0 X97.67 Y111.812
G1 F2839.1 X97.761 Y111.62 E188.15226
G1 X97.923 Y111.5 E188.15937
G0 F15000 X97.021 Y110.598
G1 F2839.1 X97.021 Y110.315 E188.17413
G1 X97.021 Y99.85 E188.71986
G1 X96.477 Y99.305 E188.76002
G1 X93.083 Y99.305 E188.93701
G1 X93.021 Y100.092 E188.97818
G1 X93.021 Y109.143 E189.45017
G1 X92.819 Y109.507 E189.47188
G0 F15000 X92.843 Y109.531
G0 X93.594 Y99.879
G0 X96.45 Y99.879
G0 X96.797 Y110.656
G0 X96.952 Y110.811
G1 F2839.1 X96.851 Y110.993 E189.4857
G0 F15000 X96.797 Y110.939
G0 X98.776 Y110.655
G0 X98.893 Y110.772
G1 F2839.1 X99.056 Y110.653 E189.49432
G1 X99.219 Y110.533 E189.50298
G0 F15000 X99.26 Y110.574
G0 X100.081 Y109.697
G0 X100.194 Y109.81
G1 F2839.1 X100.359 Y109.692 E189.51135
G1 X100.523 Y109.574 E189.51969
G0 F15000 X100.563 Y109.614
G0 X101.431 Y108.855
G0 X101.498 Y108.852
G1 F2839.1 X101.657 Y108.728 E189.52745
G1 X101.817 Y108.605 E189.53522
G0 F15000 X101.783 Y108.659
G0 X97.6 Y110.319
G0 X97.246 Y99.792
G1 F2839.1 X96.535 Y99.081 E189.55863
G0 F15000 X96.818 Y99.081
G1 F2839.1 X97.246 Y99.509 E189.57272
G0 F15000 X97.246 Y99.226
G1 F2839.1 X97.101 Y99.081 E189.5775
G0 F15000 X97.101 Y99.107
G1 F1500 E183.0775
;MESH:terminale zanzariera verticale antivento con bottoncini.stl
G0 F15000 X97.611 Y110.302
G0 X98.669 Y108.734
G0 X102.692 Y107.1
G0 X103.487 Y108.11
G0 X103.861 Y110.464
G0 X104.365 Y110.968
G0 X106.679 Y110.968
G0 X107.857 Y110.302
G0 X108.942 Y110.302
G0 X109.922 Y112.823
;TYPE:WALL-INNER
G1 F1500 E189.5775
G1 F2839.1 X109.922 Y112.059 E189.61307
G1 X109.922 Y112.058 E189.61312
G1 X109.922 Y111.446 E189.64161
G1 X110.484 Y111.219 E189.66984
G1 X111.186 Y110.936 E189.70508
G1 X110.715 Y111.528 E189.72327
G1 X110.484 Y111.818 E189.74053
G1 X110.295 Y112.156 E189.75856
G1 X109.922 Y112.823 E189.77694
G0 F15000 X109.522 Y116.102
G1 F2839.1 X109.522 Y114.628 E189.84557
G1 X109.522 Y113.974 E189.87603
G1 X109.522 Y111.176 E190.00631
G1 X111.781 Y110.264 E190.11975
G1 X111.891 Y110.22 E190.12527
G1 X112.465 Y109.988 E190.15409
G1 X112.018 Y110.532 E190.1696
G1 X111.944 Y110.625 E190.17471
G1 X110.817 Y112.042 E190.25901
G1 X110.148 Y113.238 E190.32282
G1 X109.916 Y114.002 E190.36
G1 X109.727 Y114.628 E190.38312
G1 X109.522 Y116.102 E190.40129
G0 F15000 X109.122 Y120.693
G1 F2839.1 X109.122 Y118.809 E190.48902
G1 X109.122 Y118.808 E190.48906
G1 X109.122 Y99.707 E191.37849
G1 X105.922 Y99.707 E191.52749
G1 X105.922 Y109.707 E191.99313
G1 X105.122 Y109.707 E192.03038
G1 X105.122 Y98.907 E192.53328
G1 X109.922 Y98.907 E192.75679
G1 X109.922 Y110.288 E193.28673
G1 X109.922 Y110.289 E193.28678
G1 X109.922 Y110.583 E193.30047
G1 X110.195 Y110.473 E193.3085
G1 X113.047 Y109.321 E193.45172
G1 X113.048 Y109.32 E193.45179
G1 X113.772 Y109.029 E193.48812
G1 X113.277 Y109.632 E193.50686
G1 X113.276 Y109.633 E193.50692
G1 X112.329 Y110.784 E193.57633
G1 X111.15 Y112.266 E193.66451
G1 X110.518 Y113.395 E193.72476
G1 X110.119 Y114.714 E193.78892
G1 X109.863 Y116.553 E193.87538
G1 X109.534 Y118.768 E193.97965
G1 X109.516 Y118.85 E193.98356
G1 X109.122 Y120.693 E194.02768
G0 F15000 X108.722 Y121.492
;TYPE:WALL-OUTER
G1 F2839.1 X108.722 Y100.107 E195.02346
G1 X106.322 Y100.107 E195.13521
G1 X106.322 Y110.107 E195.60086
G1 X104.722 Y110.107 E195.67536
G1 X104.722 Y98.507 E196.2155
G1 X110.322 Y98.507 E196.47626
G1 X110.322 Y109.99 E197.01096
G1 X114.917 Y108.135 E197.2417
G1 X114.222 Y109.111 E197.29749
G1 X112.64 Y111.036 E197.41351
G1 X111.483 Y112.49 E197.50004
G1 X110.888 Y113.552 E197.55672
G1 X110.511 Y114.8 E197.61743
G1 X110.259 Y116.612 E197.70261
G1 X109.929 Y118.832 E197.80712
G1 X109.36 Y121.493 E197.93383
G1 X108.722 Y121.492 E197.96354
G0 F15000 X109.024 Y121.187
;TYPE:SKIN
G1 F2839.1 X109.107 Y120.986 E197.97532
G1 X109.289 Y120.886 E197.98658
G0 F15000 X109.191 Y120.852
G0 X109.332 Y118.666
G0 X109.314 Y118.648
G1 F2839.1 X109.349 Y118.4 E197.99418
G1 X109.477 Y116.548 E198.05055
G1 X109.583 Y116.371 E198.05681
G0 F15000 X109.47 Y116.258
G0 X109.805 Y113.764
G0 X109.751 Y113.71
G1 F2839.1 X109.783 Y113.46 E198.06478
G1 X109.936 Y113.047 E198.0787
G0 F15000 X110.011 Y113.122
G0 X110.225 Y111.922
G0 X110.16 Y111.857
G1 F2839.1 X110.23 Y111.644 E198.08658
G1 X110.392 Y111.523 E198.09368
G0 F15000 X109.521 Y110.652
G1 F2839.1 X109.521 Y110.369 E198.10853
G1 X109.521 Y99.904 E198.65757
G1 X108.923 Y99.306 E198.70194
G1 X109.364 Y99.464 E198.72652
G0 F15000 X109.747 Y99.564
G1 F2839.1 X109.264 Y99.081 E198.74242
G0 F15000 X109.547 Y99.081
G1 F2839.1 X109.747 Y99.282 E198.74902
G0 F15000 X108.64 Y99.306
G1 F2839.1 X108.357 Y99.306 E198.76444
G1 X105.529 Y99.306 E198.91854
G1 X105.521 Y105.238 E199.24178
G1 X105.521 Y109.198 E199.45756
G1 X105.433 Y109.393 E199.46921
G0 F15000 X105.571 Y109.531
G0 X106.094 Y99.879
G0 X108.95 Y99.879
G0 X109.296 Y110.71
G0 X109.432 Y110.846
G1 F2839.1 X109.331 Y111.028 E199.48049
G0 F15000 X109.296 Y110.993
G0 X111.237 Y110.672
G0 X111.361 Y110.796
G1 F2839.1 X111.525 Y110.676 E199.48997
G1 X111.688 Y110.557 E199.49939
G0 F15000 X111.737 Y110.605
G0 X112.542 Y109.713
G0 X112.662 Y109.834
G1 F2839.1 X112.826 Y109.715 E199.50853
G1 X112.991 Y109.597 E199.51769
G0 F15000 X113.038 Y109.644
G0 X113.892 Y108.871
G0 X113.967 Y108.875
G1 F2839.1 X114.126 Y108.752 E199.53082
G0 F15000 X114.25 Y108.593
G1 F2839.1 X114.322 Y108.666 E199.53321
G1 F1500 E193.03321
;MESH:NONMESH
G0 F300 X114.322 Y108.666 Z2.8
G0 F15000 X114.217 Y108.686
G0 X108.942 Y112.823
G0 X107.857 Y112.823
G0 X99.703 Y112.974
G0 X98.8 Y112.367
G0 X97.422 Y112.823
;TIME_ELAPSED:220.331916
;LAYER:9
;TYPE:WALL-INNER
;MESH:terminale zanzariera verticale antivento con bottoncini.stl(1)
G1 F1500 E199.53321
G1 F2805.5 X97.422 Y112.059 E199.56878
G1 X97.422 Y112.058 E199.56883
G1 X97.422 Y111.446 E199.59733
G1 X97.984 Y111.219 E199.62555
G1 X98.686 Y110.936 E199.66079
G1 X98.215 Y111.528 E199.67898
G1 X97.984 Y111.818 E199.69624
G1 X97.795 Y112.156 E199.71427
G1 X97.422 Y112.823 E199.73265
G0 F15000 X97.022 Y116.102
G1 F2805.5 X97.022 Y114.628 E199.80128
G1 X97.022 Y113.974 E199.83174
G1 X97.022 Y111.176 E199.96202
G1 X99.281 Y110.264 E200.07546
G1 X99.391 Y110.22 E200.08098
G1 X99.965 Y109.988 E200.10981
G1 X99.518 Y110.532 E200.12531
G1 X99.444 Y110.625 E200.13042
G1 X98.317 Y112.042 E200.21473
G1 X97.648 Y113.238 E200.27854
G1 X97.416 Y114.002 E200.31572
G1 X97.227 Y114.628 E200.33884
G1 X97.022 Y116.102 E200.357
G0 F15000 X96.622 Y120.693
G1 F2805.5 X96.622 Y118.809 E200.44473
G1 X96.622 Y118.808 E200.44477
G1 X96.622 Y99.707 E201.3342
G1 X93.422 Y99.707 E201.4832
G1 X93.422 Y109.707 E201.94884
G1 X92.622 Y109.707 E201.9861
G1 X92.622 Y98.907 E202.48899
G1 X97.422 Y98.907 E202.7125
G1 X97.422 Y110.288 E203.24244
G1 X97.422 Y110.289 E203.24249
G1 X97.422 Y110.583 E203.25618
G1 X97.695 Y110.473 E203.26421
G1 X100.547 Y109.321 E203.40744
G1 X100.548 Y109.32 E203.4075
G1 X101.272 Y109.029 E203.44384
G1 X100.777 Y109.632 E203.46257
G1 X100.776 Y109.633 E203.46264
G1 X99.829 Y110.784 E203.53204
G1 X98.65 Y112.266 E203.62022
G1 X98.018 Y113.395 E203.68047
G1 X97.619 Y114.714 E203.74464
G1 X97.363 Y116.553 E203.83109
G1 X97.034 Y118.768 E203.93536
G1 X97.016 Y118.85 E203.93927
G1 X96.622 Y120.693 E203.9834
G0 F15000 X96.222 Y121.492
;TYPE:WALL-OUTER
G1 F2805.5 X96.222 Y100.107 E204.97917
G1 X93.822 Y100.107 E205.09093
G1 X93.822 Y110.107 E205.55657
G1 X92.222 Y110.107 E205.63107
G1 X92.222 Y98.507 E206.17121
G1 X97.822 Y98.507 E206.43197
G1 X97.822 Y109.99 E206.96667
G1 X102.417 Y108.135 E207.19741
G1 X101.722 Y109.111 E207.2532
G1 X100.14 Y111.036 E207.36922
G1 X98.983 Y112.49 E207.45575
G1 X98.388 Y113.552 E207.51243
G1 X98.011 Y114.8 E207.57314
G1 X97.759 Y116.612 E207.65832
G1 X97.429 Y118.832 E207.76283
G1 X96.86 Y121.493 E207.88954
G1 X96.222 Y121.492 E207.91925
G0 F15000 X96.627 Y121.16
;TYPE:SKIN
G1 F2805.5 X96.523 Y120.982 E207.93786
G0 F15000 X96.522 Y121.109
G0 X96.796 Y118.446
G0 X96.859 Y118.383
G1 F2805.5 X96.883 Y118.075 E207.94836
G1 X97.006 Y116.538 E208.00073
G1 X96.899 Y116.363 E208.0077
G0 F15000 X97.003 Y116.26
G0 X97.197 Y113.803
G0 X97.265 Y113.734
G1 F2805.5 X97.327 Y113.39 E208.01964
G1 X97.319 Y113.114 E208.02907
G0 F15000 X97.442 Y112.992
G0 X97.581 Y111.922
G0 X97.698 Y111.887
G1 F2805.5 X97.717 Y111.585 E208.04377
G0 F15000 X97.838 Y111.465
G0 X97.246 Y110.642
G0 X97.021 Y110.867
G1 F2805.5 X97.021 Y110.584 E208.05883
G1 X97.021 Y99.553 E208.64606
G1 X96.986 Y99.306 E208.65934
G1 X93.592 Y99.306 E208.84001
G1 X93.165 Y99.449 E208.86398
G0 F15000 X92.797 Y99.535
G1 F2805.5 X93.251 Y99.081 E208.87893
G0 F15000 X92.882 Y99.167
G1 F2805.5 X93.021 Y99.876 E208.91517
G1 X93.021 Y109.21 E209.38339
G1 X93.114 Y109.399 E209.39396
G0 F15000 X92.983 Y109.531
G0 X93.594 Y99.879
G0 X96.45 Y99.879
G0 X96.461 Y110.291
G0 X98.785 Y110.8
G0 X98.91 Y110.674
G1 F2805.5 X99.017 Y110.85 E209.40961
G0 F15000 X98.906 Y110.962
G0 X100.164 Y109.987
G0 X100.389 Y109.762
G1 F2805.5 X100.138 Y109.729 E209.43064
G0 F15000 X100.044 Y109.824
G0 X101.348 Y108.889
G0 X101.378 Y108.773
G1 F2805.5 X101.646 Y108.788 E209.4475
G1 F1500 E202.9475
;MESH:terminale zanzariera verticale antivento con bottoncini.stl
G0 F15000 X101.735 Y108.733
G0 X102.714 Y109.209
G0 X103.857 Y108.588
G0 X104.942 Y108.588
G0 X106.094 Y99.879
G0 X108.95 Y99.879
G0 X109.922 Y112.823
;TYPE:WALL-INNER
G1 F1500 E209.4475
G1 F2805.5 X109.922 Y112.059 E209.48308
G1 X109.922 Y112.058 E209.48312
G1 X109.922 Y111.446 E209.51162
G1 X110.484 Y111.219 E209.53984
G1 X111.186 Y110.936 E209.57509
G1 X110.715 Y111.528 E209.59327
G1 X110.484 Y111.818 E209.61054
G1 X110.295 Y112.156 E209.62857
G1 X109.922 Y112.823 E209.64694
G0 F15000 X109.522 Y116.102
G1 F2805.5 X109.522 Y114.628 E209.71558
G1 X109.522 Y113.974 E209.74603
G1 X109.522 Y111.176 E209.87632
G1 X111.781 Y110.264 E209.98976
G1 X111.891 Y110.22 E209.99527
G1 X112.465 Y109.988 E210.0241
G1 X112.018 Y110.532 E210.0396
G1 X111.944 Y110.625 E210.04471
G1 X110.817 Y112.042 E210.12902
G1 X110.148 Y113.238 E210.19283
G1 X109.916 Y114.002 E210.23001
G1 X109.727 Y114.628 E210.25313
G1 X109.522 Y116.102 E210.27129
G0 F15000 X109.122 Y120.693
G1 F2805.5 X109.122 Y118.809 E210.35902
G1 X109.122 Y118.808 E210.35907
G1 X109.122 Y99.707 E211.24849
G1 X105.922 Y99.707 E211.3975
G1 X105.922 Y109.707 E211.86314
G1 X105.122 Y109.707 E211.90039
G1 X105.122 Y98.907 E212.40328
G1 X109.922 Y98.907 E212.62679
G1 X109.922 Y110.288 E213.15674
G1 X109.922 Y110.289 E213.15678
G1 X109.922 Y110.583 E213.17047
G1 X110.195 Y110.473 E213.1785
G1 X113.047 Y109.321 E213.32173
G1 X113.048 Y109.32 E213.3218
G1 X113.772 Y109.029 E213.35813
G1 X113.277 Y109.632 E213.37686
G1 X113.276 Y109.633 E213.37693
G1 X112.329 Y110.784 E213.44633
G1 X111.15 Y112.266 E213.53452
G1 X110.518 Y113.395 E213.59476
G1 X110.119 Y114.714 E213.65893
G1 X109.863 Y116.553 E213.74539
G1 X109.534 Y118.768 E213.84966
G1 X109.516 Y118.85 E213.85357
G1 X109.122 Y120.693 E213.89769
G0 F15000 X108.722 Y121.492
;TYPE:WALL-OUTER
G1 F2805.5 X108.722 Y100.107 E214.89347
G1 X106.322 Y100.107 E215.00522
G1 X106.322 Y110.107 E215.47086
G1 X104.722 Y110.107 E215.54536
G1 X104.722 Y98.507 E216.08551
G1 X110.322 Y98.507 E216.34627
G1 X110.322 Y109.99 E216.88096
G1 X114.917 Y108.135 E217.1117
G1 X114.222 Y109.111 E217.1675
G1 X112.64 Y111.036 E217.28352
G1 X111.483 Y112.49 E217.37004
G1 X110.888 Y113.552 E217.42673
G1 X110.511 Y114.8 E217.48743
G1 X110.259 Y116.612 E217.57262
G1 X109.929 Y118.832 E217.67713
G1 X109.36 Y121.493 E217.80383
G1 X108.722 Y121.492 E217.83354
G0 F15000 X109.108 Y121.125
;TYPE:SKIN
G1 F2805.5 X108.998 Y120.951 E217.85288
G0 F15000 X109.022 Y121.053
G0 X109.305 Y118.665
G0 X109.344 Y118.626
G1 F2805.5 X109.364 Y118.323 E217.86221
G1 X109.506 Y116.484 E217.91893
G1 X109.374 Y116.333 E217.9251
G0 F15000 X109.452 Y116.256
G0 X109.697 Y113.748
G0 X109.777 Y113.667
G1 F2805.5 X109.839 Y113.322 E217.93798
G1 X109.797 Y113.082 E217.94693
G0 F15000 X109.697 Y113.183
G0 X110.081 Y111.922
G0 X110.267 Y111.763
G1 F2805.5 X110.171 Y111.577 E217.95237
G1 X109.71 Y110.905 E217.97353
G0 F15000 X109.521 Y110.812
G1 F2805.5 X109.521 Y110.529 E217.98864
G1 X109.521 Y99.498 E218.5776
G0 F15000 X109.43 Y99.306
G1 F2805.5 X109.147 Y99.306 E218.59195
G1 X106.036 Y99.306 E218.74962
G1 X105.637 Y99.422 E218.77068
G1 X105.354 Y99.139 E218.79096
G1 X105.521 Y100.104 E218.8406
G1 X105.521 Y109.155 E219.29933
G1 X105.728 Y109.513 E219.32029
G0 F15000 X105.746 Y109.496
G0 X106.094 Y99.879
G0 X108.95 Y99.879
G0 X108.961 Y110.238
G0 X111.261 Y110.77
G0 X111.352 Y110.678
G1 F2805.5 X111.599 Y110.715 E219.34063
G0 F15000 X112.865 Y109.731
G1 F2805.5 X112.58 Y109.733 E219.35941
G0 F15000 X112.52 Y109.793
G0 X113.838 Y108.893
G0 X113.8 Y108.796
G1 F2805.5 X113.84 Y108.756 E219.36073
G0 F15000 X113.919 Y108.96
G1 F2805.5 X114.313 Y108.567 E219.37369
G1 F1500 E212.87369
;MESH:NONMESH
G0 F300 X114.313 Y108.567 Z3.08
G0 F15000 X114.238 Y108.658
G0 X108.942 Y112.823
G0 X107.857 Y112.823
G0 X99.703 Y112.974
G0 X98.8 Y112.367
G0 X97.422 Y112.823
;TIME_ELAPSED:240.189257
;LAYER:10
;TYPE:WALL-INNER
;MESH:terminale zanzariera verticale antivento con bottoncini.stl(1)
G1 F1500 E219.37369
G1 F2839.1 X97.422 Y112.059 E219.40926
G1 X97.422 Y112.058 E219.40931
G1 X97.422 Y111.446 E219.43781
G1 X97.984 Y111.219 E219.46603
G1 X98.686 Y110.936 E219.50127
G1 X98.215 Y111.528 E219.51946
G1 X97.984 Y111.818 E219.53672
G1 X97.795 Y112.156 E219.55475
G1 X97.422 Y112.823 E219.57313
G0 F15000 X97.022 Y116.102
G1 F2839.1 X97.022 Y114.628 E219.64176
G1 X97.022 Y113.974 E219.67222
G1 X97.022 Y111.176 E219.8025
G1 X99.281 Y110.264 E219.91594
G1 X99.391 Y110.22 E219.92146
G1 X99.965 Y109.988 E219.95029
G1 X99.518 Y110.532 E219.96579
G1 X99.444 Y110.625 E219.9709
G1 X98.317 Y112.042 E220.05521
G1 X97.648 Y113.238 E220.11902
G1 X97.416 Y114.002 E220.1562
G1 X97.227 Y114.628 E220.17932
G1 X97.022 Y116.102 E220.19748
G0 F15000 X96.622 Y120.693
G1 F2839.1 X96.622 Y118.809 E220.28521
G1 X96.622 Y118.808 E220.28525
G1 X96.622 Y99.707 E221.17468
G1 X93.422 Y99.707 E221.32368
G1 X93.422 Y109.707 E221.78932
G1 X92.622 Y109.707 E221.82658
G1 X92.622 Y98.907 E222.32947
G1 X97.422 Y98.907 E222.55298
G1 X97.422 Y110.288 E223.08292
G1 X97.422 Y110.289 E223.08297
G1 X97.422 Y110.583 E223.09666
G1 X97.695 Y110.473 E223.10469
G1 X100.547 Y109.321 E223.24792
G1 X100.548 Y109.32 E223.24798
G1 X101.272 Y109.029 E223.28432
G1 X100.777 Y109.632 E223.30305
G1 X100.776 Y109.633 E223.30312
G1 X99.829 Y110.784 E223.37252
G1 X98.65 Y112.266 E223.4607
G1 X98.018 Y113.395 E223.52095
G1 X97.619 Y114.714 E223.58512
G1 X97.363 Y116.553 E223.67157
G1 X97.034 Y118.768 E223.77584
G1 X97.016 Y118.85 E223.77975
G1 X96.622 Y120.693 E223.82388
G0 F15000 X96.222 Y121.492
;TYPE:WALL-OUTER
G1 F2839.1 X96.222 Y100.107 E224.81965
G1 X93.822 Y100.107 E224.93141
G1 X93.822 Y110.107 E225.39705
G1 X92.222 Y110.107 E225.47155
G1 X92.222 Y98.507 E226.0117
G1 X97.822 Y98.507 E226.27245
G1 X97.822 Y109.99 E226.80715
G1 X102.417 Y108.135 E227.03789
G1 X101.722 Y109.111 E227.09368
G1 X100.14 Y111.036 E227.2097
G1 X98.983 Y112.49 E227.29623
G1 X98.388 Y113.552 E227.35291
G1 X98.011 Y114.8 E227.41362
G1 X97.759 Y116.612 E227.4988
G1 X97.429 Y118.832 E227.60331
G1 X96.86 Y121.493 E227.73002
G1 X96.222 Y121.492 E227.75973
G0 F15000 X96.411 Y121.301
;TYPE:SKIN
G1 F2839.1 X96.553 Y121.16 E227.76914
G1 X96.642 Y120.967 E227.77913
G0 F15000 X96.522 Y120.843
G0 X96.873 Y118.652
G0 X96.834 Y118.613
G1 F2839.1 X96.853 Y118.349 E227.78731
G1 X96.981 Y116.497 E227.84467
G1 X97.116 Y116.349 E227.85086
G0 F15000 X97.029 Y116.262
G0 X97.317 Y113.722
G0 X97.256 Y113.661
G1 F2839.1 X97.29 Y113.412 E227.85877
G1 X97.483 Y113.039 E227.87199
G0 F15000 X97.531 Y113.088
G0 X97.744 Y111.886
G0 X97.67 Y111.812
G1 F2839.1 X97.761 Y111.62 E227.87949
G1 X97.923 Y111.5 E227.8866
G0 F15000 X97.021 Y110.598
G1 F2839.1 X97.021 Y110.315 E227.90136
G1 X97.021 Y99.85 E228.44709
G1 X96.477 Y99.305 E228.48725
G1 X93.083 Y99.305 E228.66424
G1 X93.021 Y100.092 E228.70541
G1 X93.021 Y109.143 E229.1774
G1 X92.819 Y109.507 E229.19911
G0 F15000 X92.843 Y109.531
G0 X93.594 Y99.879
G0 X96.45 Y99.879
G0 X96.797 Y110.656
G0 X96.952 Y110.811
G1 F2839.1 X96.851 Y110.993 E229.21293
G0 F15000 X96.797 Y110.939
G0 X98.776 Y110.655
G0 X98.893 Y110.772
G1 F2839.1 X99.056 Y110.653 E229.22156
G1 X99.219 Y110.533 E229.23021
G0 F15000 X99.26 Y110.574
G0 X100.081 Y109.697
G0 X100.194 Y109.81
G1 F2839.1 X100.359 Y109.692 E229.23858
G1 X100.523 Y109.574 E229.24692
G0 F15000 X100.563 Y109.614
G0 X101.431 Y108.855
G0 X101.498 Y108.852
G1 F2839.1 X101.657 Y108.728 E229.25468
G1 X101.817 Y108.605 E229.26245
G0 F15000 X101.783 Y108.659
G0 X97.6 Y110.319
G0 X97.246 Y99.792
G1 F2839.1 X96.535 Y99.081 E229.28586
G0 F15000 X96.818 Y99.081
G1 F2839.1 X97.246 Y99.509 E229.29995
G0 F15000 X97.246 Y99.226
G1 F2839.1 X97.101 Y99.081 E229.30473
G0 F15000 X97.101 Y99.107
G1 F1500 E222.80473
;MESH:terminale zanzariera verticale antivento con bottoncini.stl
G0 F15000 X97.611 Y110.302
G0 X98.669 Y108.734
G0 X102.692 Y107.1
G0 X103.487 Y108.11
G0 X103.861 Y110.464
G0 X104.365 Y110.968
G0 X106.679 Y110.968
G0 X107.857 Y110.302
G0 X108.942 Y110.302
G0 X109.922 Y112.823
;TYPE:WALL-INNER
G1 F1500 E229.30473
G1 F2839.1 X109.922 Y112.059 E229.3403
G1 X109.922 Y112.058 E229.34035
G1 X109.922 Y111.446 E229.36885
G1 X110.484 Y111.219 E229.39707
G1 X111.186 Y110.936 E229.43231
G1 X110.715 Y111.528 E229.4505
G1 X110.484 Y111.818 E229.46776
G1 X110.295 Y112.156 E229.48579
G1 X109.922 Y112.823 E229.50417
G0 F15000 X109.522 Y116.102
G1 F2839.1 X109.522 Y114.628 E229.5728
G1 X109.522 Y113.974 E229.60326
G1 X109.522 Y111.176 E229.73354
G1 X111.781 Y110.264 E229.84698
G1 X111.891 Y110.22 E229.8525
G1 X112.465 Y109.988 E229.88133
G1 X112.018 Y110.532 E229.89683
G1 X111.944 Y110.625 E229.90194
G1 X110.817 Y112.042 E229.98625
G1 X110.148 Y113.238 E230.05006
G1 X109.916 Y114.002 E230.08724
G1 X109.727 Y114.628 E230.11036
G1 X109.522 Y116.102 E230.12852
G0 F15000 X109.122 Y120.693
G1 F2839.1 X109.122 Y118.809 E230.21625
G1 X109.122 Y118.808 E230.21629
G1 X109.122 Y99.707 E231.10572
G1 X105.922 Y99.707 E231.25472
G1 X105.922 Y109.707 E231.72036
G1 X105.122 Y109.707 E231.75762
G1 X105.122 Y98.907 E232.26051
G1 X109.922 Y98.907 E232.48402
G1 X109.922 Y110.288 E233.01396
G1 X109.922 Y110.289 E233.01401
G1 X109.922 Y110.583 E233.0277
G1 X110.195 Y110.473 E233.03573
G1 X113.047 Y109.321 E233.17896
G1 X113.048 Y109.32 E233.17902
G1 X113.772 Y109.029 E233.21536
G1 X113.277 Y109.632 E233.23409
G1 X113.276 Y109.633 E233.23416
G1 X112.329 Y110.784 E233.30356
G1 X111.15 Y112.266 E233.39174
G1 X110.518 Y113.395 E233.45199
G1 X110.119 Y114.714 E233.51616
G1 X109.863 Y116.553 E233.60261
G1 X109.534 Y118.768 E233.70688
G1 X109.516 Y118.85 E233.71079
G1 X109.122 Y120.693 E233.75492
G0 F15000 X108.722 Y121.492
;TYPE:WALL-OUTER
G1 F2839.1 X108.722 Y100.107 E234.75069
G1 X106.322 Y100.107 E234.86245
G1 X106.322 Y110.107 E235.32809
G1 X104.722 Y110.107 E235.40259
G1 X104.722 Y98.507 E235.94273
G1 X110.322 Y98.507 E236.20349
G1 X110.322 Y109.99 E236.73819
G1 X114.917 Y108.135 E236.96893
G1 X114.222 Y109.111 E237.02472
G1 X112.64 Y111.036 E237.14074
G1 X111.483 Y112.49 E237.22727
G1 X110.888 Y113.552 E237.28395
G1 X110.511 Y114.8 E237.34466
G1 X110.259 Y116.612 E237.42984
G1 X109.929 Y118.832 E237.53435
G1 X109.36 Y121.493 E237.66106
G1 X108.722 Y121.492 E237.69077
G0 F15000 X109.024 Y121.187
;TYPE:SKIN
G1 F2839.1 X109.107 Y120.986 E237.70255
G1 X109.289 Y120.886 E237.71381
G0 F15000 X109.191 Y120.852
G0 X109.332 Y118.666
G0 X109.314 Y118.648
G1 F2839.1 X109.349 Y118.4 E237.72141
G1 X109.477 Y116.548 E237.77778
G1 X109.583 Y116.371 E237.78404
G0 F15000 X109.47 Y116.258
G0 X109.805 Y113.764
G0 X109.751 Y113.71
G1 F2839.1 X109.783 Y113.46 E237.79201
G1 X109.936 Y113.047 E237.80594
G0 F15000 X110.011 Y113.122
G0 X110.225 Y111.922
G0 X110.16 Y111.857
G1 F2839.1 X110.23 Y111.644 E237.81381
G1 X110.392 Y111.523 E237.82091
G0 F15000 X109.521 Y110.652
G1 F2839.1 X109.521 Y110.369 E237.83576
G1 X109.521 Y99.904 E238.3848
G1 X108.923 Y99.306 E238.42917
G1 X109.364 Y99.464 E238.45375
G0 F15000 X109.747 Y99.564
G1 F2839.1 X109.264 Y99.081 E238.46965
G0 F15000 X109.547 Y99.081
G1 F2839.1 X109.747 Y99.282 E238.47626
G0 F15000 X108.64 Y99.306
G1 F2839.1 X108.357 Y99.306 E238.49168
G1 X105.529 Y99.306 E238.64577
G1 X105.521 Y105.238 E238.96901
G1 X105.521 Y109.198 E239.18479
G1 X105.433 Y109.393 E239.19645
G0 F15000 X105.571 Y109.531
G0 X106.094 Y99.879
G0 X108.95 Y99.879
G0 X109.296 Y110.71
G0 X109.432 Y110.846
G1 F2839.1 X109.331 Y111.028 E239.20772
G0 F15000 X109.296 Y110.993
G0 X111.237 Y110.672
G0 X111.361 Y110.796
G1 F2839.1 X111.525 Y110.676 E239.2172
G1 X111.688 Y110.557 E239.22662
G0 F15000 X111.737 Y110.605
G0 X112.542 Y109.713
G0 X112.662 Y109.834
G1 F2839.1 X112.826 Y109.715 E239.23577
G1 X112.991 Y109.597 E239.24492
G0 F15000 X113.038 Y109.644
G0 X113.892 Y108.871
G0 X113.967 Y108.875
G1 F2839.1 X114.126 Y108.752 E239.25805
G0 F15000 X114.25 Y108.593
G1 F2839.1 X114.322 Y108.666 E239.26044
G1 F1500 E232.76044
;MESH:NONMESH
G0 F300 X114.322 Y108.666 Z3.36
G0 F15000 X114.217 Y108.686
G0 X108.942 Y112.823
G0 X107.857 Y112.823
G0 X99.703 Y112.974
G0 X98.8 Y112.367
G0 X97.422 Y112.823
;TIME_ELAPSED:260.949369
;LAYER:11
;TYPE:WALL-INNER
;MESH:terminale zanzariera verticale antivento con bottoncini.stl(1)
G1 F1500 E239.26044
G1 F2805.5 X97.422 Y112.059 E239.29601
G1 X97.422 Y112.058 E239.29606
G1 X97.422 Y111.446 E239.32456
G1 X97.984 Y111.219 E239.35278
G1 X98.686 Y110.936 E239.38803
G1 X98.215 Y111.528 E239.40621
G1 X97.984 Y111.818 E239.42347
G1 X97.795 Y112.156 E239.44151
G1 X97.422 Y112.823 E239.45988
G0 F15000 X97.022 Y116.102
G1 F2805.5 X97.022 Y114.628 E239.52852
G1 X97.022 Y113.974 E239.55897
G1 X97.022 Y111.176 E239.68926
G1 X99.281 Y110.264 E239.80269
G1 X99.391 Y110.22 E239.80821
G1 X99.965 Y109.988 E239.83704
G1 X99.518 Y110.532 E239.85254
G1 X99.444 Y110.625 E239.85765
G1 X98.317 Y112.042 E239.94196
G1 X97.648 Y113.238 E240.00577
G1 X97.416 Y114.002 E240.04295
G1 X97.227 Y114.628 E240.06607
G1 X97.022 Y116.102 E240.08423
G0 F15000 X96.622 Y120.693
G1 F2805.5 X96.622 Y118.809 E240.17196
G1 X96.622 Y118.808 E240.17201
G1 X96.622 Y99.707 E241.06143
G1 X93.422 Y99.707 E241.21043
G1 X93.422 Y109.707 E241.67608
G1 X92.622 Y109.707 E241.71333
G1 X92.622 Y98.907 E242.21622
G1 X97.422 Y98.907 E242.43973
G1 X97.422 Y110.288 E242.96968
G1 X97.422 Y110.289 E242.96972
G1 X97.422 Y110.583 E242.98341
G1 X97.695 Y110.473 E242.99144
G1 X100.547 Y109.321 E243.13467
G1 X100.548 Y109.32 E243.13473
G1 X101.272 Y109.029 E243.17107
G1 X100.777 Y109.632 E243.1898
G1 X100.776 Y109.633 E243.18987
G1 X99.829 Y110.784 E243.25927
G1 X98.65 Y112.266 E243.34745
G1 X98.018 Y113.395 E243.4077
G1 X97.619 Y114.714 E243.47187
G1 X97.363 Y116.553 E243.55832
G1 X97.034 Y118.768 E243.6626
G1 X97.016 Y118.85 E243.6665
G1 X96.622 Y120.693 E243.71063
G0 F15000 X96.222 Y121.492
;TYPE:WALL-OUTER
G1 F2805.5 X96.222 Y100.107 E244.7064
G1 X93.822 Y100.107 E244.81816
G1 X93.822 Y110.107 E245.2838
G1 X92.222 Y110.107 E245.3583
G1 X92.222 Y98.507 E245.89845
G1 X97.822 Y98.507 E246.15921
G1 X97.822 Y109.99 E246.6939
G1 X102.417 Y108.135 E246.92464
G1 X101.722 Y109.111 E246.98043
G1 X100.14 Y111.036 E247.09646
G1 X98.983 Y112.49 E247.18298
G1 X98.388 Y113.552 E247.23966
G1 X98.011 Y114.8 E247.30037
G1 X97.759 Y116.612 E247.38556
G1 X97.429 Y118.832 E247.49006
G1 X96.86 Y121.493 E247.61677
G1 X96.222 Y121.492 E247.64648
G0 F15000 X96.627 Y121.16
;TYPE:SKIN
G1 F2805.5 X96.523 Y120.982 E247.6651
G0 F15000 X96.522 Y121.109
G0 X96.796 Y118.446
G0 X96.859 Y118.383
G1 F2805.5 X96.883 Y118.075 E247.67559
G1 X97.006 Y116.538 E247.72796
G1 X96.899 Y116.363 E247.73493
G0 F15000 X97.003 Y116.26
G0 X97.197 Y113.803
G0 X97.265 Y113.734
G1 F2805.5 X97.327 Y113.39 E247.74687
G1 X97.319 Y113.114 E247.7563
G0 F15000 X97.442 Y112.992
G0 X97.581 Y111.922
G0 X97.698 Y111.887
G1 F2805.5 X97.717 Y111.585 E247.771
G0 F15000 X97.838 Y111.465
G0 X97.246 Y110.642
G0 X97.021 Y110.867
G1 F2805.5 X97.021 Y110.584 E247.78607
G1 X97.021 Y99.553 E248.37329
G1 X96.986 Y99.306 E248.38657
G1 X93.592 Y99.306 E248.56724
G1 X93.165 Y99.449 E248.59122
G0 F15000 X92.797 Y99.535
G1 F2805.5 X93.251 Y99.081 E248.60616
G0 F15000 X92.882 Y99.167
G1 F2805.5 X93.021 Y99.876 E248.64241
G1 X93.021 Y109.21 E249.11062
G1 X93.114 Y109.399 E249.12119
G0 F15000 X92.983 Y109.531
G0 X93.594 Y99.879
G0 X96.45 Y99.879
G0 X96.461 Y110.291
G0 X98.785 Y110.8
G0 X98.91 Y110.674
G1 F2805.5 X99.017 Y110.85 E249.13684
G0 F15000 X98.906 Y110.962
G0 X100.164 Y109.987
G0 X100.389 Y109.762
G1 F2805.5 X100.138 Y109.729 E249.15787
G0 F15000 X100.044 Y109.824
G0 X101.348 Y108.889
G0 X101.378 Y108.773
G1 F2805.5 X101.646 Y108.788 E249.17473
G1 F1500 E242.67473
;MESH:terminale zanzariera verticale antivento con bottoncini.stl
G0 F15000 X101.735 Y108.733
G0 X102.714 Y109.209
G0 X103.857 Y108.588
G0 X104.942 Y108.588
G0 X106.094 Y99.879
G0 X108.95 Y99.879
G0 X109.922 Y112.823
;TYPE:WALL-INNER
G1 F1500 E249.17473
G1 F2805.5 X109.922 Y112.059 E249.21031
G1 X109.922 Y112.058 E249.21035
G1 X109.922 Y111.446 E249.23885
G1 X110.484 Y111.219 E249.26708
G1 X111.186 Y110.936 E249.30232
G1 X110.715 Y111.528 E249.3205
G1 X110.484 Y111.818 E249.33777
G1 X110.295 Y112.156 E249.3558
G1 X109.922 Y112.823 E249.37417
G0 F15000 X109.522 Y116.102
G1 F2805.5 X109.522 Y114.628 E249.44281
G1 X109.522 Y113.974 E249.47326
G1 X109.522 Y111.176 E249.60355
G1 X111.781 Y110.264 E249.71699
G1 X111.891 Y110.22 E249.7225
G1 X112.465 Y109.988 E249.75133
G1 X112.018 Y110.532 E249.76683
G1 X111.944 Y110.625 E249.77195
G1 X110.817 Y112.042 E249.85625
G1 X110.148 Y113.238 E249.92006
G1 X109.916 Y114.002 E249.95724
G1 X109.727 Y114.628 E249.98036
G1 X109.522 Y116.102 E249.99853
G0 F15000 X109.122 Y120.693
G1 F2805.5 X109.122 Y118.809 E250.08625
G1 X109.122 Y118.808 E250.0863
G1 X109.122 Y99.707 E250.97572
G1 X105.922 Y99.707 E251.12473
G1 X105.922 Y109.707 E251.59037
G1 X105.122 Y109.707 E251.62762
G1 X105.122 Y98.907 E252.13051
G1 X109.922 Y98.907 E252.35402
G1 X109.922 Y110.288 E252.88397
G1 X109.922 Y110.289 E252.88402
G1 X109.922 Y110.583 E252.89771
G1 X110.195 Y110.473 E252.90574
G1 X113.047 Y109.321 E253.04896
G1 X113.048 Y109.32 E253.04903
G1 X113.772 Y109.029 E253.08536
G1 X113.277 Y109.632 E253.1041
G1 X113.276 Y109.633 E253.10416
G1 X112.329 Y110.784 E253.17357
G1 X111.15 Y112.266 E253.26175
G1 X110.518 Y113.395 E253.32199
G1 X110.119 Y114.714 E253.38616
G1 X109.863 Y116.553 E253.47262
G1 X109.534 Y118.768 E253.57689
G1 X109.516 Y118.85 E253.5808
G1 X109.122 Y120.693 E253.62492
G0 F15000 X108.722 Y121.492
;TYPE:WALL-OUTER
G1 F2805.5 X108.722 Y100.107 E254.6207
G1 X106.322 Y100.107 E254.73245
G1 X106.322 Y110.107 E255.19809
G1 X104.722 Y110.107 E255.2726
G1 X104.722 Y98.507 E255.81274
G1 X110.322 Y98.507 E256.0735
G1 X110.322 Y109.99 E256.6082
G1 X114.917 Y108.135 E256.83894
G1 X114.222 Y109.111 E256.89473
G1 X112.64 Y111.036 E257.01075
G1 X111.483 Y112.49 E257.09727
G1 X110.888 Y113.552 E257.15396
G1 X110.511 Y114.8 E257.21466
G1 X110.259 Y116.612 E257.29985
G1 X109.929 Y118.832 E257.40436
G1 X109.36 Y121.493 E257.53107
G1 X108.722 Y121.492 E257.56077
G0 F15000 X109.108 Y121.125
;TYPE:SKIN
G1 F2805.5 X108.998 Y120.951 E257.58011
G0 F15000 X109.022 Y121.053
G0 X109.305 Y118.665
G0 X109.344 Y118.626
G1 F2805.5 X109.364 Y118.323 E257.58945
G1 X109.506 Y116.484 E257.64616
G1 X109.374 Y116.333 E257.65233
G0 F15000 X109.452 Y116.256
G0 X109.697 Y113.748
G0 X109.777 Y113.667
G1 F2805.5 X109.839 Y113.322 E257.66521
G1 X109.797 Y113.082 E257.67416
G0 F15000 X109.697 Y113.183
G0 X110.081 Y111.922
G0 X110.267 Y111.763
G1 F2805.5 X110.171 Y111.577 E257.6796
G1 X109.71 Y110.905 E257.70076
G0 F15000 X109.521 Y110.812
G1 F2805.5 X109.521 Y110.529 E257.71587
G1 X109.521 Y99.498 E258.30484
G0 F15000 X109.43 Y99.306
G1 F2805.5 X109.147 Y99.306 E258.31918
G1 X106.036 Y99.306 E258.47685
G1 X105.637 Y99.422 E258.49791
G1 X105.354 Y99.139 E258.5182
G1 X105.521 Y100.104 E258.56783
G1 X105.521 Y109.155 E259.02656
G1 X105.728 Y109.513 E259.04752
G0 F15000 X105.746 Y109.496
G0 X106.094 Y99.879
G0 X108.95 Y99.879
G0 X108.961 Y110.238
G0 X111.261 Y110.77
G0 X111.352 Y110.678
G1 F2805.5 X111.599 Y110.715 E259.06786
G0 F15000 X112.865 Y109.731
G1 F2805.5 X112.58 Y109.733 E259.08665
G0 F15000 X112.52 Y109.793
G0 X113.838 Y108.893
G0 X113.8 Y108.796
G1 F2805.5 X113.84 Y108.756 E259.08796
G0 F15000 X113.919 Y108.96
G1 F2805.5 X114.313 Y108.567 E259.10092
G1 F1500 E252.60092
;MESH:NONMESH
G0 F300 X114.313 Y108.567 Z3.64
G0 F15000 X114.238 Y108.658
G0 X108.942 Y112.823
G0 X107.857 Y112.823
G0 X99.703 Y112.974
G0 X98.8 Y112.367
G0 X97.422 Y112.823
;TIME_ELAPSED:280.806710
;LAYER:12
;TYPE:WALL-INNER
;MESH:terminale zanzariera verticale antivento con bottoncini.stl(1)
G1 F1500 E259.10092
G1 F2839.1 X97.422 Y112.059 E259.13649
G1 X97.422 Y112.058 E259.13654
G1 X97.422 Y111.446 E259.16504
G1 X97.984 Y111.219 E259.19326
G1 X98.686 Y110.936 E259.22851
G1 X98.215 Y111.528 E259.24669
G1 X97.984 Y111.818 E259.26395
G1 X97.795 Y112.156 E259.28199
G1 X97.422 Y112.823 E259.30036
G0 F15000 X97.022 Y116.102
G1 F2839.1 X97.022 Y114.628 E259.369
G1 X97.022 Y113.974 E259.39945
G1 X97.022 Y111.176 E259.52974
G1 X99.281 Y110.264 E259.64317
G1 X99.391 Y110.22 E259.64869
G1 X99.965 Y109.988 E259.67752
G1 X99.518 Y110.532 E259.69302
G1 X99.444 Y110.625 E259.69813
G1 X98.317 Y112.042 E259.78244
G1 X97.648 Y113.238 E259.84625
G1 X97.416 Y114.002 E259.88343
G1 X97.227 Y114.628 E259.90655
G1 X97.022 Y116.102 E259.92471
G0 F15000 X96.622 Y120.693
G1 F2839.1 X96.622 Y118.809 E260.01244
G1 X96.622 Y118.808 E260.01249
G1 X96.622 Y99.707 E260.90191
G1 X93.422 Y99.707 E261.05091
G1 X93.422 Y109.707 E261.51656
G1 X92.622 Y109.707 E261.55381
G1 X92.622 Y98.907 E262.0567
G1 X97.422 Y98.907 E262.28021
G1 X97.422 Y110.288 E262.81016
G1 X97.422 Y110.289 E262.8102
G1 X97.422 Y110.583 E262.82389
G1 X97.695 Y110.473 E262.83192
G1 X100.547 Y109.321 E262.97515
G1 X100.548 Y109.32 E262.97521
G1 X101.272 Y109.029 E263.01155
G1 X100.777 Y109.632 E263.03028
G1 X100.776 Y109.633 E263.03035
G1 X99.829 Y110.784 E263.09975
G1 X98.65 Y112.266 E263.18793
G1 X98.018 Y113.395 E263.24818
G1 X97.619 Y114.714 E263.31235
G1 X97.363 Y116.553 E263.39881
G1 X97.034 Y118.768 E263.50308
G1 X97.016 Y118.85 E263.50699
G1 X96.622 Y120.693 E263.55111
G0 F15000 X96.222 Y121.492
;TYPE:WALL-OUTER
G1 F2839.1 X96.222 Y100.107 E264.54688
G1 X93.822 Y100.107 E264.65864
G1 X93.822 Y110.107 E265.12428
G1 X92.222 Y110.107 E265.19878
G1 X92.222 Y98.507 E265.73893
G1 X97.822 Y98.507 E265.99969
G1 X97.822 Y109.99 E266.53438
G1 X102.417 Y108.135 E266.76512
G1 X101.722 Y109.111 E266.82091
G1 X100.14 Y111.036 E266.93694
G1 X98.983 Y112.49 E267.02346
G1 X98.388 Y113.552 E267.08014
G1 X98.011 Y114.8 E267.14085
G1 X97.759 Y116.612 E267.22604
G1 X97.429 Y118.832 E267.33054
G1 X96.86 Y121.493 E267.45725
G1 X96.222 Y121.492 E267.48696
G0 F15000 X96.411 Y121.301
;TYPE:SKIN
G1 F2839.1 X96.553 Y121.16 E267.49637
G1 X96.642 Y120.967 E267.50636
G0 F15000 X96.522 Y120.843
G0 X96.873 Y118.652
G0 X96.834 Y118.613
G1 F2839.1 X96.853 Y118.349 E267.51454
G1 X96.981 Y116.497 E267.57191
G1 X97.116 Y116.349 E267.5781
G0 F15000 X97.029 Y116.262
G0 X97.317 Y113.722
G0 X97.256 Y113.661
G1 F2839.1 X97.29 Y113.412 E267.586
G1 X97.483 Y113.039 E267.59922
G0 F15000 X97.531 Y113.088
G0 X97.744 Y111.886
G0 X97.67 Y111.812
G1 F2839.1 X97.761 Y111.62 E267.60672
G1 X97.923 Y111.5 E267.61384
G0 F15000 X97.021 Y110.598
G1 F2839.1 X97.021 Y110.315 E267.62859
G1 X97.021 Y99.85 E268.17433
G1 X96.477 Y99.305 E268.21448
G1 X93.083 Y99.305 E268.39147
G1 X93.021 Y100.092 E268.43264
G1 X93.021 Y109.143 E268.90464
G1 X92.819 Y109.507 E268.92634
G0 F15000 X92.843 Y109.531
G0 X93.594 Y99.879
G0 X96.45 Y99.879
G0 X96.797 Y110.656
G0 X96.952 Y110.811
G1 F2839.1 X96.851 Y110.993 E268.94016
G0 F15000 X96.797 Y110.939
G0 X98.776 Y110.655
G0 X98.893 Y110.772
G1 F2839.1 X99.056 Y110.653 E268.94879
G1 X99.219 Y110.533 E268.95744
G0 F15000 X99.26 Y110.574
G0 X100.081 Y109.697
G0 X100.194 Y109.81
G1 F2839.1 X100.359 Y109.692 E268.96581
G1 X100.523 Y109.574 E268.97415
G0 F15000 X100.563 Y109.614
G0 X101.431 Y108.855
G0 X101.498 Y108.852
G1 F2839.1 X101.657 Y108.728 E268.98191
G1 X101.817 Y108.605 E268.98968
G0 F15000 X101.783 Y108.659
G0 X97.6 Y110.319
G0 X97.246 Y99.792
G1 F2839.1 X96.535 Y99.081 E269.01309
G0 F15000 X96.818 Y99.081
G1 F2839.1 X97.246 Y99.509 E269.02718
G0 F15000 X97.246 Y99.226
G1 F2839.1 X97.101 Y99.081 E269.03196
G0 F15000 X97.101 Y99.107
G1 F1500 E262.53196
;MESH:terminale zanzariera verticale antivento con bottoncini.stl
G0 F15000 X97.611 Y110.302
G0 X98.669 Y108.734
G0 X102.692 Y107.1
G0 X103.487 Y108.11
G0 X103.861 Y110.464
G0 X104.365 Y110.968
G0 X106.679 Y110.968
G0 X107.857 Y110.302
G0 X108.942 Y110.302
G0 X109.922 Y112.823
;TYPE:WALL-INNER
G1 F1500 E269.03196
G1 F2839.1 X109.922 Y112.059 E269.06753
G1 X109.922 Y112.058 E269.06758
G1 X109.922 Y111.446 E269.09608
G1 X110.484 Y111.219 E269.1243
G1 X111.186 Y110.936 E269.15955
G1 X110.715 Y111.528 E269.17773
G1 X110.484 Y111.818 E269.19499
G1 X110.295 Y112.156 E269.21303
G1 X109.922 Y112.823 E269.2314
G0 F15000 X109.522 Y116.102
G1 F2839.1 X109.522 Y114.628 E269.30004
G1 X109.522 Y113.974 E269.33049
G1 X109.522 Y111.176 E269.46078
G1 X111.781 Y110.264 E269.57421
G1 X111.891 Y110.22 E269.57973
G1 X112.465 Y109.988 E269.60856
G1 X112.018 Y110.532 E269.62406
G1 X111.944 Y110.625 E269.62917
G1 X110.817 Y112.042 E269.71348
G1 X110.148 Y113.238 E269.77729
G1 X109.916 Y114.002 E269.81447
G1 X109.727 Y114.628 E269.83759
G1 X109.522 Y116.102 E269.85575
G0 F15000 X109.122 Y120.693
G1 F2839.1 X109.122 Y118.809 E269.94348
G1 X109.122 Y118.808 E269.94353
G1 X109.122 Y99.707 E270.83295
G1 X105.922 Y99.707 E270.98195
G1 X105.922 Y109.707 E271.4476
G1 X105.122 Y109.707 E271.48485
G1 X105.122 Y98.907 E271.98774
G1 X109.922 Y98.907 E272.21125
G1 X109.922 Y110.288 E272.7412
G1 X109.922 Y110.289 E272.74124
G1 X109.922 Y110.583 E272.75493
G1 X110.195 Y110.473 E272.76296
G1 X113.047 Y109.321 E272.90619
G1 X113.048 Y109.32 E272.90625
G1 X113.772 Y109.029 E272.94259
G1 X113.277 Y109.632 E272.96132
G1 X113.276 Y109.633 E272.96139
G1 X112.329 Y110.784 E273.03079
G1 X111.15 Y112.266 E273.11897
G1 X110.518 Y113.395 E273.17922
G1 X110.119 Y114.714 E273.24339
G1 X109.863 Y116.553 E273.32984
G1 X109.534 Y118.768 E273.43412
G1 X109.516 Y118.85 E273.43802
G1 X109.122 Y120.693 E273.48215
G0 F15000 X108.722 Y121.492
;TYPE:WALL-OUTER
G1 F2839.1 X108.722 Y100.107 E274.47792
G1 X106.322 Y100.107 E274.58968
G1 X106.322 Y110.107 E275.05532
G1 X104.722 Y110.107 E275.12982
G1 X104.722 Y98.507 E275.66997
G1 X110.322 Y98.507 E275.93073
G1 X110.322 Y109.99 E276.46542
G1 X114.917 Y108.135 E276.69616
G1 X114.222 Y109.111 E276.75195
G1 X112.64 Y111.036 E276.86798
G1 X111.483 Y112.49 E276.9545
G1 X110.888 Y113.552 E277.01118
G1 X110.511 Y114.8 E277.07189
G1 X110.259 Y116.612 E277.15707
G1 X109.929 Y118.832 E277.26158
G1 X109.36 Y121.493 E277.38829
G1 X108.722 Y121.492 E277.418
G0 F15000 X109.024 Y121.187
;TYPE:SKIN
G1 F2839.1 X109.107 Y120.986 E277.42979
G1 X109.289 Y120.886 E277.44104
G0 F15000 X109.191 Y120.852
G0 X109.332 Y118.666
G0 X109.314 Y118.648
G1 F2839.1 X109.349 Y118.4 E277.44864
G1 X109.477 Y116.548 E277.50501
G1 X109.583 Y116.371 E277.51127
G0 F15000 X109.47 Y116.258
G0 X109.805 Y113.764
G0 X109.751 Y113.71
G1 F2839.1 X109.783 Y113.46 E277.51924
G1 X109.936 Y113.047 E277.53317
G0 F15000 X110.011 Y113.122
G0 X110.225 Y111.922
G0 X110.16 Y111.857
G1 F2839.1 X110.23 Y111.644 E277.54104
G1 X110.392 Y111.523 E277.54814
G0 F15000 X109.521 Y110.652
G1 F2839.1 X109.521 Y110.369 E277.56299
G1 X109.521 Y99.904 E278.11204
G1 X108.923 Y99.306 E278.1564
G1 X109.364 Y99.464 E278.18098
G0 F15000 X109.747 Y99.564
G1 F2839.1 X109.264 Y99.081 E278.19689
G0 F15000 X109.547 Y99.081
G1 F2839.1 X109.747 Y99.282 E278.20349
G0 F15000 X108.64 Y99.306
G1 F2839.1 X108.357 Y99.306 E278.21891
G1 X105.529 Y99.306 E278.37301
G1 X105.521 Y105.238 E278.69624
G1 X105.521 Y109.198 E278.91202
G1 X105.433 Y109.393 E278.92368
G0 F15000 X105.571 Y109.531
G0 X106.094 Y99.879
G0 X108.95 Y99.879
G0 X109.296 Y110.71
G0 X109.432 Y110.846
G1 F2839.1 X109.331 Y111.028 E278.93495
G0 F15000 X109.296 Y110.993
G0 X111.237 Y110.672
G0 X111.361 Y110.796
G1 F2839.1 X111.525 Y110.676 E278.94444
G1 X111.688 Y110.557 E278.95385
G0 F15000 X111.737 Y110.605
G0 X112.542 Y109.713
G0 X112.662 Y109.834
G1 F2839.1 X112.826 Y109.715 E278.963
G1 X112.991 Y109.597 E278.97215
G0 F15000 X113.038 Y109.644
G0 X113.892 Y108.871
G0 X113.967 Y108.875
G1 F2839.1 X114.126 Y108.752 E278.98528
G0 F15000 X114.25 Y108.593
G1 F2839.1 X114.322 Y108.666 E278.98767
G1 F1500 E272.48767
;MESH:NONMESH
G0 F300 X114.322 Y108.666 Z3.92
G0 F15000 X114.217 Y108.686
G0 X108.942 Y112.823
G0 X107.857 Y112.823
G0 X99.703 Y112.974
G0 X98.8 Y112.367
G0 X97.422 Y112.823
;TIME_ELAPSED:301.566822
;LAYER:13
;TYPE:WALL-INNER
;MESH:terminale zanzariera verticale antivento con bottoncini.stl(1)
G1 F1500 E278.98767
G1 F2805.5 X97.422 Y112.059 E279.02325
G1 X97.422 Y112.058 E279.02329
G1 X97.422 Y111.446 E279.05179
G1 X97.984 Y111.219 E279.08001
G1 X98.686 Y110.936 E279.11526
G1 X98.215 Y111.528 E279.13344
G1 X97.984 Y111.818 E279.15071
G1 X97.795 Y112.156 E279.16874
G1 X97.422 Y112.823 E279.18711
G0 F15000 X97.022 Y116.102
G1 F2805.5 X97.022 Y114.628 E279.25575
G1 X97.022 Y113.974 E279.2862
G1 X97.022 Y111.176 E279.41649
G1 X99.281 Y110.264 E279.52992
G1 X99.391 Y110.22 E279.53544
G1 X99.965 Y109.988 E279.56427
G1 X99.518 Y110.532 E279.57977
G1 X99.444 Y110.625 E279.58488
G1 X98.317 Y112.042 E279.66919
G1 X97.648 Y113.238 E279.733
G1 X97.416 Y114.002 E279.77018
G1 X97.227 Y114.628 E279.7933
G1 X97.022 Y116.102 E279.81146
G0 F15000 X96.622 Y120.693
G1 F2805.5 X96.622 Y118.809 E279.89919
G1 X96.622 Y118.808 E279.89924
G1 X96.622 Y99.707 E280.78866
G1 X93.422 Y99.707 E280.93767
G1 X93.422 Y109.707 E281.40331
G1 X92.622 Y109.707 E281.44056
G1 X92.622 Y98.907 E281.94345
G1 X97.422 Y98.907 E282.16696
G1 X97.422 Y110.288 E282.69691
G1 X97.422 Y110.289 E282.69695
G1 X97.422 Y110.583 E282.71064
G1 X97.695 Y110.473 E282.71867
G1 X100.547 Y109.321 E282.8619
G1 X100.548 Y109.32 E282.86197
G1 X101.272 Y109.029 E282.8983
G1 X100.777 Y109.632 E282.91703
G1 X100.776 Y109.633 E282.9171
G1 X99.829 Y110.784 E282.9865
G1 X98.65 Y112.266 E283.07468
G1 X98.018 Y113.395 E283.13493
G1 X97.619 Y114.714 E283.1991
G1 X97.363 Y116.553 E283.28556
G1 X97.034 Y118.768 E283.38983
G1 X97.016 Y118.85 E283.39374
G1 X96.622 Y120.693 E283.43786
G0 F15000 X96.222 Y121.492
;TYPE:WALL-OUTER
G1 F2805.5 X96.222 Y100.107 E284.43363
G1 X93.822 Y100.107 E284.54539
G1 X93.822 Y110.107 E285.01103
G1 X92.222 Y110.107 E285.08553
G1 X92.222 Y98.507 E285.62568
G1 X97.822 Y98.507 E285.88644
G1 X97.822 Y109.99 E286.42113
G1 X102.417 Y108.135 E286.65187
G1 X101.722 Y109.111 E286.70767
G1 X100.14 Y111.036 E286.82369
G1 X98.983 Y112.49 E286.91021
G1 X98.388 Y113.552 E286.96689
G1 X98.011 Y114.8 E287.0276
G1 X97.759 Y116.612 E287.11279
G1 X97.429 Y118.832 E287.2173
G1 X96.86 Y121.493 E287.344
G1 X96.222 Y121.492 E287.37371
G0 F15000 X96.627 Y121.16
;TYPE:SKIN
G1 F2805.5 X96.523 Y120.982 E287.39233
G0 F15000 X96.522 Y121.109
G0 X96.796 Y118.446
G0 X96.859 Y118.383
G1 F2805.5 X96.883 Y118.075 E287.40282
G1 X97.006 Y116.538 E287.45519
G1 X96.899 Y116.363 E287.46216
G0 F15000 X97.003 Y116.26
G0 X97.197 Y113.803
G0 X97.265 Y113.734
G1 F2805.5 X97.327 Y113.39 E287.4741
G1 X97.319 Y113.114 E287.48354
G0 F15000 X97.442 Y112.992
G0 X97.581 Y111.922
G0 X97.698 Y111.887
G1 F2805.5 X97.717 Y111.585 E287.49823
G0 F15000 X97.838 Y111.465
G0 X97.246 Y110.642
G0 X97.021 Y110.867
G1 F2805.5 X97.021 Y110.584 E287.5133
G1 X97.021 Y99.553 E288.10052
G1 X96.986 Y99.306 E288.1138
G1 X93.592 Y99.306 E288.29448
G1 X93.165 Y99.449 E288.31845
G0 F15000 X92.797 Y99.535
G1 F2805.5 X93.251 Y99.081 E288.3334
G0 F15000 X92.882 Y99.167
G1 F2805.5 X93.021 Y99.876 E288.36964
G1 X93.021 Y109.21 E288.83785
G1 X93.114 Y109.399 E288.84842
G0 F15000 X92.983 Y109.531
G0 X93.594 Y99.879
G0 X96.45 Y99.879
G0 X96.461 Y110.291
G0 X98.785 Y110.8
G0 X98.91 Y110.674
G1 F2805.5 X99.017 Y110.85 E288.86407
G0 F15000 X98.906 Y110.962
G0 X100.164 Y109.987
G0 X100.389 Y109.762
G1 F2805.5 X100.138 Y109.729 E288.88511
G0 F15000 X100.044 Y109.824
G0 X101.348 Y108.889
G0 X101.378 Y108.773
G1 F2805.5 X101.646 Y108.788 E288.90196
G1 F1500 E282.40196
;MESH:terminale zanzariera verticale antivento con bottoncini.stl
G0 F15000 X101.735 Y108.733
G0 X102.714 Y109.209
G0 X103.857 Y108.588
G0 X104.942 Y108.588
G0 X106.094 Y99.879
G0 X108.95 Y99.879
G0 X109.922 Y112.823
;TYPE:WALL-INNER
G1 F1500 E288.90196
G1 F2805.5 X109.922 Y112.059 E288.93754
G1 X109.922 Y112.058 E288.93759
G1 X109.922 Y111.446 E288.96608
G1 X110.484 Y111.219 E288.99431
G1 X111.186 Y110.936 E289.02955
G1 X110.715 Y111.528 E289.04774
G1 X110.484 Y111.818 E289.065
G1 X110.295 Y112.156 E289.08303
G1 X109.922 Y112.823 E289.10141
G0 F15000 X109.522 Y116.102
G1 F2805.5 X109.522 Y114.628 E289.17004
G1 X109.522 Y113.974 E289.20049
G1 X109.522 Y111.176 E289.33078
G1 X111.781 Y110.264 E289.44422
G1 X111.891 Y110.22 E289.44974
G1 X112.465 Y109.988 E289.47856
G1 X112.018 Y110.532 E289.49407
G1 X111.944 Y110.625 E289.49918
G1 X110.817 Y112.042 E289.58348
G1 X110.148 Y113.238 E289.64729
G1 X109.916 Y114.002 E289.68447
G1 X109.727 Y114.628 E289.70759
G1 X109.522 Y116.102 E289.72576
G0 F15000 X109.122 Y120.693
G1 F2805.5 X109.122 Y118.809 E289.81349
G1 X109.122 Y118.808 E289.81353
G1 X109.122 Y99.707 E290.70295
G1 X105.922 Y99.707 E290.85196
G1 X105.922 Y109.707 E291.3176
G1 X105.122 Y109.707 E291.35485
G1 X105.122 Y98.907 E291.85775
G1 X109.922 Y98.907 E292.08125
G1 X109.922 Y110.288 E292.6112
G1 X109.922 Y110.289 E292.61125
G1 X109.922 Y110.583 E292.62494
G1 X110.195 Y110.473 E292.63297
G1 X113.047 Y109.321 E292.77619
G1 X113.048 Y109.32 E292.77626
G1 X113.772 Y109.029 E292.81259
G1 X113.277 Y109.632 E292.83133
G1 X113.276 Y109.633 E292.83139
G1 X112.329 Y110.784 E292.9008
G1 X111.15 Y112.266 E292.98898
G1 X110.518 Y113.395 E293.04923
G1 X110.119 Y114.714 E293.11339
G1 X109.863 Y116.553 E293.19985
G1 X109.534 Y118.768 E293.30412
G1 X109.516 Y118.85 E293.30803
G1 X109.122 Y120.693 E293.35215
G0 F15000 X108.722 Y121.492
;TYPE:WALL-OUTER
G1 F2805.5 X108.722 Y100.107 E294.34793
G1 X106.322 Y100.107 E294.45968
G1 X106.322 Y110.107 E294.92532
G1 X104.722 Y110.107 E294.99983
G1 X104.722 Y98.507 E295.53997
G1 X110.322 Y98.507 E295.80073
G1 X110.322 Y109.99 E296.33543
G1 X114.917 Y108.135 E296.56617
G1 X114.222 Y109.111 E296.62196
G1 X112.64 Y111.036 E296.73798
G1 X111.483 Y112.49 E296.82451
G1 X110.888 Y113.552 E296.88119
G1 X110.511 Y114.8 E296.94189
G1 X110.259 Y116.612 E297.02708
G1 X109.929 Y118.832 E297.13159
G1 X109.36 Y121.493 E297.2583
G1 X108.722 Y121.492 E297.28801
G0 F15000 X109.108 Y121.125
;TYPE:SKIN
G1 F2805.5 X108.998 Y120.951 E297.30734
G0 F15000 X109.022 Y121.053
G0 X109.305 Y118.665
G0 X109.344 Y118.626
G1 F2805.5 X109.364 Y118.323 E297.31668
G1 X109.506 Y116.484 E297.3734
G1 X109.374 Y116.333 E297.37956
G0 F15000 X109.452 Y116.256
G0 X109.697 Y113.748
G0 X109.777 Y113.667
G1 F2805.5 X109.839 Y113.322 E297.39244
G1 X109.797 Y113.082 E297.40139
G0 F15000 X109.697 Y113.183
G0 X110.081 Y111.922
G0 X110.267 Y111.763
G1 F2805.5 X110.171 Y111.577 E297.40683
G1 X109.71 Y110.905 E297.42799
G0 F15000 X109.521 Y110.812
G1 F2805.5 X109.521 Y110.529 E297.4431
G1 X109.521 Y99.498 E298.03207
G0 F15000 X109.43 Y99.306
G1 F2805.5 X109.147 Y99.306 E298.04641
G1 X106.036 Y99.306 E298.20408
G1 X105.637 Y99.422 E298.22514
G1 X105.354 Y99.139 E298.24543
G1 X105.521 Y100.104 E298.29506
G1 X105.521 Y109.155 E298.75379
G1 X105.728 Y109.513 E298.77475
G0 F15000 X105.746 Y109.496
G0 X106.094 Y99.879
G0 X108.95 Y99.879
G0 X108.961 Y110.238
G0 X111.261 Y110.77
G0 X111.352 Y110.678
G1 F2805.5 X111.599 Y110.715 E298.79509
G0 F15000 X112.865 Y109.731
G1 F2805.5 X112.58 Y109.733 E298.81388
G0 F15000 X112.52 Y109.793
G0 X113.838 Y108.893
G0 X113.8 Y108.796
G1 F2805.5 X113.84 Y108.756 E298.8152
G0 F15000 X113.919 Y108.96
G1 F2805.5 X114.313 Y108.567 E298.82815
G1 F1500 E292.32815
;MESH:NONMESH
G0 F300 X114.313 Y108.567 Z4.2
G0 F15000 X114.238 Y108.658
G0 X108.942 Y112.823
G0 X107.857 Y112.823
G0 X99.703 Y112.974
G0 X98.8 Y112.367
G0 X97.422 Y112.823
;TIME_ELAPSED:321.424163
;LAYER:14
;TYPE:WALL-INNER
;MESH:terminale zanzariera verticale antivento con bottoncini.stl(1)
G1 F1500 E298.82815
G1 F2839.1 X97.422 Y112.059 E298.86373
G1 X97.422 Y112.058 E298.86377
G1 X97.422 Y111.446 E298.89227
G1 X97.984 Y111.219 E298.92049
G1 X98.686 Y110.936 E298.95574
G1 X98.215 Y111.528 E298.97392
G1 X97.984 Y111.818 E298.99119
G1 X97.795 Y112.156 E299.00922
G1 X97.422 Y112.823 E299.02759
G0 F15000 X97.022 Y116.102
G1 F2839.1 X97.022 Y114.628 E299.09623
G1 X97.022 Y113.974 E299.12668
G1 X97.022 Y111.176 E299.25697
G1 X99.281 Y110.264 E299.37041
G1 X99.391 Y110.22 E299.37592
G1 X99.965 Y109.988 E299.40475
G1 X99.518 Y110.532 E299.42025
G1 X99.444 Y110.625 E299.42536
G1 X98.317 Y112.042 E299.50967
G1 X97.648 Y113.238 E299.57348
G1 X97.416 Y114.002 E299.61066
G1 X97.227 Y114.628 E299.63378
G1 X97.022 Y116.102 E299.65194
G0 F15000 X96.622 Y120.693
G1 F2839.1 X96.622 Y118.809 E299.73967
G1 X96.622 Y118.808 E299.73972
G1 X96.622 Y99.707 E300.62914
G1 X93.422 Y99.707 E300.77815
G1 X93.422 Y109.707 E301.24379
G1 X92.622 Y109.707 E301.28104
G1 X92.622 Y98.907 E301.78393
G1 X97.422 Y98.907 E302.00744
G1 X97.422 Y110.288 E302.53739
G1 X97.422 Y110.289 E302.53743
G1 X97.422 Y110.583 E302.55112
G1 X97.695 Y110.473 E302.55915
G1 X100.547 Y109.321 E302.70238
G1 X100.548 Y109.32 E302.70245
G1 X101.272 Y109.029 E302.73878
G1 X100.777 Y109.632 E302.75751
G1 X100.776 Y109.633 E302.75758
G1 X99.829 Y110.784 E302.82698
G1 X98.65 Y112.266 E302.91517
G1 X98.018 Y113.395 E302.97541
G1 X97.619 Y114.714 E303.03958
G1 X97.363 Y116.553 E303.12604
G1 X97.034 Y118.768 E303.23031
G1 X97.016 Y118.85 E303.23422
G1 X96.622 Y120.693 E303.27834
G0 F15000 X96.222 Y121.492
;TYPE:WALL-OUTER
G1 F2839.1 X96.222 Y100.107 E304.27412
G1 X93.822 Y100.107 E304.38587
G1 X93.822 Y110.107 E304.85151
G1 X92.222 Y110.107 E304.92601
G1 X92.222 Y98.507 E305.46616
G1 X97.822 Y98.507 E305.72692
G1 X97.822 Y109.99 E306.26161
G1 X102.417 Y108.135 E306.49235
G1 X101.722 Y109.111 E306.54815
G1 X100.14 Y111.036 E306.66417
G1 X98.983 Y112.49 E306.75069
G1 X98.388 Y113.552 E306.80738
G1 X98.011 Y114.8 E306.86808
G1 X97.759 Y116.612 E306.95327
G1 X97.429 Y118.832 E307.05778
G1 X96.86 Y121.493 E307.18448
G1 X96.222 Y121.492 E307.21419
G0 F15000 X96.411 Y121.301
;TYPE:SKIN
G1 F2839.1 X96.553 Y121.16 E307.2236
G1 X96.642 Y120.967 E307.23359
G0 F15000 X96.522 Y120.843
G0 X96.873 Y118.652
G0 X96.834 Y118.613
G1 F2839.1 X96.853 Y118.349 E307.24177
G1 X96.981 Y116.497 E307.29914
G1 X97.116 Y116.349 E307.30533
G0 F15000 X97.029 Y116.262
G0 X97.317 Y113.722
G0 X97.256 Y113.661
G1 F2839.1 X97.29 Y113.412 E307.31324
G1 X97.483 Y113.039 E307.32645
G0 F15000 X97.531 Y113.088
G0 X97.744 Y111.886
G0 X97.67 Y111.812
G1 F2839.1 X97.761 Y111.62 E307.33395
G1 X97.923 Y111.5 E307.34107
G0 F15000 X97.021 Y110.598
G1 F2839.1 X97.021 Y110.315 E307.35583
G1 X97.021 Y99.85 E307.90156
G1 X96.477 Y99.305 E307.94171
G1 X93.083 Y99.305 E308.11871
G1 X93.021 Y100.092 E308.15987
G1 X93.021 Y109.143 E308.63187
G1 X92.819 Y109.507 E308.65358
G0 F15000 X92.843 Y109.531
G0 X93.594 Y99.879
G0 X96.45 Y99.879
G0 X96.797 Y110.656
G0 X96.952 Y110.811
G1 F2839.1 X96.851 Y110.993 E308.66739
G0 F15000 X96.797 Y110.939
G0 X98.776 Y110.655
G0 X98.893 Y110.772
G1 F2839.1 X99.056 Y110.653 E308.67602
G1 X99.219 Y110.533 E308.68467
G0 F15000 X99.26 Y110.574
G0 X100.081 Y109.697
G0 X100.194 Y109.81
G1 F2839.1 X100.359 Y109.692 E308.69304
G1 X100.523 Y109.574 E308.70138
G0 F15000 X100.563 Y109.614
G0 X101.431 Y108.855
G0 X101.498 Y108.852
G1 F2839.1 X101.657 Y108.728 E308.70915
G1 X101.817 Y108.605 E308.71691
G0 F15000 X101.783 Y108.659
G0 X97.6 Y110.319
G0 X97.246 Y99.792
G1 F2839.1 X96.535 Y99.081 E308.74032
G0 F15000 X96.818 Y99.081
G1 F2839.1 X97.246 Y99.509 E308.75442
G0 F15000 X97.246 Y99.226
G1 F2839.1 X97.101 Y99.081 E308.75919
G0 F15000 X97.101 Y99.107
G1 F1500 E302.25919
;MESH:terminale zanzariera verticale antivento con bottoncini.stl
G0 F15000 X97.611 Y110.302
G0 X98.669 Y108.734
G0 X102.692 Y107.1
G0 X103.487 Y108.11
G0 X103.861 Y110.464
G0 X104.365 Y110.968
G0 X106.679 Y110.968
G0 X107.857 Y110.302
G0 X108.942 Y110.302
G0 X109.922 Y112.823
;TYPE:WALL-INNER
G1 F1500 E308.75919
G1 F2839.1 X109.922 Y112.059 E308.79477
G1 X109.922 Y112.058 E308.79481
G1 X109.922 Y111.446 E308.82331
G1 X110.484 Y111.219 E308.85153
G1 X111.186 Y110.936 E308.88678
G1 X110.715 Y111.528 E308.90496
G1 X110.484 Y111.818 E308.92223
G1 X110.295 Y112.156 E308.94026
G1 X109.922 Y112.823 E308.95863
G0 F15000 X109.522 Y116.102
G1 F2839.1 X109.522 Y114.628 E309.02727
G1 X109.522 Y113.974 E309.05772
G1 X109.522 Y111.176 E309.18801
G1 X111.781 Y110.264 E309.30144
G1 X111.891 Y110.22 E309.30696
G1 X112.465 Y109.988 E309.33579
G1 X112.018 Y110.532 E309.35129
G1 X111.944 Y110.625 E309.3564
G1 X110.817 Y112.042 E309.44071
G1 X110.148 Y113.238 E309.50452
G1 X109.916 Y114.002 E309.5417
G1 X109.727 Y114.628 E309.56482
G1 X109.522 Y116.102 E309.58298
G0 F15000 X109.122 Y120.693
G1 F2839.1 X109.122 Y118.809 E309.67071
G1 X109.122 Y118.808 E309.67076
G1 X109.122 Y99.707 E310.56018
G1 X105.922 Y99.707 E310.70919
G1 X105.922 Y109.707 E311.17483
G1 X105.122 Y109.707 E311.21208
G1 X105.122 Y98.907 E311.71497
G1 X109.922 Y98.907 E311.93848
G1 X109.922 Y110.288 E312.46843
G1 X109.922 Y110.289 E312.46847
G1 X109.922 Y110.583 E312.48216
G1 X110.195 Y110.473 E312.49019
G1 X113.047 Y109.321 E312.63342
G1 X113.048 Y109.32 E312.63348
G1 X113.772 Y109.029 E312.66982
G1 X113.277 Y109.632 E312.68855
G1 X113.276 Y109.633 E312.68862
G1 X112.329 Y110.784 E312.75802
G1 X111.15 Y112.266 E312.8462
G1 X110.518 Y113.395 E312.90645
G1 X110.119 Y114.714 E312.97062
G1 X109.863 Y116.553 E313.05708
G1 X109.534 Y118.768 E313.16135
G1 X109.516 Y118.85 E313.16526
G1 X109.122 Y120.693 E313.20938
G0 F15000 X108.722 Y121.492
;TYPE:WALL-OUTER
G1 F2839.1 X108.722 Y100.107 E314.20515
G1 X106.322 Y100.107 E314.31691
G1 X106.322 Y110.107 E314.78255
G1 X104.722 Y110.107 E314.85705
G1 X104.722 Y98.507 E315.3972
G1 X110.322 Y98.507 E315.65796
G1 X110.322 Y109.99 E316.19265
G1 X114.917 Y108.135 E316.42339
G1 X114.222 Y109.111 E316.47919
G1 X112.64 Y111.036 E316.59521
G1 X111.483 Y112.49 E316.68173
G1 X110.888 Y113.552 E316.73841
G1 X110.511 Y114.8 E316.79912
G1 X110.259 Y116.612 E316.88431
G1 X109.929 Y118.832 E316.98882
G1 X109.36 Y121.493 E317.11552
G1 X108.722 Y121.492 E317.14523
G0 F15000 X109.024 Y121.187
;TYPE:SKIN
G1 F2839.1 X109.107 Y120.986 E317.15702
G1 X109.289 Y120.886 E317.16827
G0 F15000 X109.191 Y120.852
G0 X109.332 Y118.666
G0 X109.314 Y118.648
G1 F2839.1 X109.349 Y118.4 E317.17588
G1 X109.477 Y116.548 E317.23224
G1 X109.583 Y116.371 E317.23851
G0 F15000 X109.47 Y116.258
G0 X109.805 Y113.764
G0 X109.751 Y113.71
G1 F2839.1 X109.783 Y113.46 E317.24647
G1 X109.936 Y113.047 E317.2604
G0 F15000 X110.011 Y113.122
G0 X110.225 Y111.922
G0 X110.16 Y111.857
G1 F2839.1 X110.23 Y111.644 E317.26827
G1 X110.392 Y111.523 E317.27537
G0 F15000 X109.521 Y110.652
G1 F2839.1 X109.521 Y110.369 E317.29022
G1 X109.521 Y99.904 E317.83927
G1 X108.923 Y99.306 E317.88364
G1 X109.364 Y99.464 E317.90821
G0 F15000 X109.747 Y99.564
G1 F2839.1 X109.264 Y99.081 E317.92412
G0 F15000 X109.547 Y99.081
G1 F2839.1 X109.747 Y99.282 E317.93072
G0 F15000 X108.64 Y99.306
G1 F2839.1 X108.357 Y99.306 E317.94614
G1 X105.529 Y99.306 E318.10024
G1 X105.521 Y105.238 E318.42347
G1 X105.521 Y109.198 E318.63925
G1 X105.433 Y109.393 E318.65091
G0 F15000 X105.571 Y109.531
G0 X106.094 Y99.879
G0 X108.95 Y99.879
G0 X109.296 Y110.71
G0 X109.432 Y110.846
G1 F2839.1 X109.331 Y111.028 E318.66219
G0 F15000 X109.296 Y110.993
G0 X111.237 Y110.672
G0 X111.361 Y110.796
G1 F2839.1 X111.525 Y110.676 E318.67167
G1 X111.688 Y110.557 E318.68109
G0 F15000 X111.737 Y110.605
G0 X112.542 Y109.713
G0 X112.662 Y109.834
G1 F2839.1 X112.826 Y109.715 E318.69023
G1 X112.991 Y109.597 E318.69938
G0 F15000 X113.038 Y109.644
G0 X113.892 Y108.871
G0 X113.967 Y108.875
G1 F2839.1 X114.126 Y108.752 E318.71252
G0 F15000 X114.25 Y108.593
G1 F2839.1 X114.322 Y108.666 E318.7149
G1 F1500 E312.2149
;MESH:NONMESH
G0 F300 X114.322 Y108.666 Z4.48
G0 F15000 X114.217 Y108.686
G0 X108.942 Y112.823
G0 X107.857 Y112.823
G0 X99.703 Y112.974
G0 X98.8 Y112.367
G0 X97.422 Y112.823
;TIME_ELAPSED:342.184274
;LAYER:15
;TYPE:WALL-INNER
;MESH:terminale zanzariera verticale antivento con bottoncini.stl(1)
G1 F1500 E318.7149
G1 F2805.5 X97.422 Y112.059 E318.75048
G1 X97.422 Y112.058 E318.75052
G1 X97.422 Y111.446 E318.77902
G1 X97.984 Y111.219 E318.80724
G1 X98.686 Y110.936 E318.84249
G1 X98.215 Y111.528 E318.86067
G1 X97.984 Y111.818 E318.87794
G1 X97.795 Y112.156 E318.89597
G1 X97.422 Y112.823 E318.91434
G0 F15000 X97.022 Y116.102
G1 F2805.5 X97.022 Y114.628 E318.98298
G1 X97.022 Y113.974 E319.01343
G1 X97.022 Y111.176 E319.14372
G1 X99.281 Y110.264 E319.25716
G1 X99.391 Y110.22 E319.26267
G1 X99.965 Y109.988 E319.2915
G1 X99.518 Y110.532 E319.307
G1 X99.444 Y110.625 E319.31211
G1 X98.317 Y112.042 E319.39642
G1 X97.648 Y113.238 E319.46023
G1 X97.416 Y114.002 E319.49741
G1 X97.227 Y114.628 E319.52053
G1 X97.022 Y116.102 E319.5387
G0 F15000 X96.622 Y120.693
G1 F2805.5 X96.622 Y118.809 E319.62642
G1 X96.622 Y118.808 E319.62647
G1 X96.622 Y99.707 E320.51589
G1 X93.422 Y99.707 E320.6649
G1 X93.422 Y109.707 E321.13054
G1 X92.622 Y109.707 E321.16779
G1 X92.622 Y98.907 E321.67068
G1 X97.422 Y98.907 E321.89419
G1 X97.422 Y110.288 E322.42414
G1 X97.422 Y110.289 E322.42419
G1 X97.422 Y110.583 E322.43788
G1 X97.695 Y110.473 E322.44591
G1 X100.547 Y109.321 E322.58913
G1 X100.548 Y109.32 E322.5892
G1 X101.272 Y109.029 E322.62553
G1 X100.777 Y109.632 E322.64426
G1 X100.776 Y109.633 E322.64433
G1 X99.829 Y110.784 E322.71373
G1 X98.65 Y112.266 E322.80192
G1 X98.018 Y113.395 E322.86216
G1 X97.619 Y114.714 E322.92633
G1 X97.363 Y116.553 E323.01279
G1 X97.034 Y118.768 E323.11706
G1 X97.016 Y118.85 E323.12097
G1 X96.622 Y120.693 E323.16509
G0 F15000 X96.222 Y121.492
;TYPE:WALL-OUTER
G1 F2805.5 X96.222 Y100.107 E324.16087
G1 X93.822 Y100.107 E324.27262
G1 X93.822 Y110.107 E324.73826
G1 X92.222 Y110.107 E324.81277
G1 X92.222 Y98.507 E325.35291
G1 X97.822 Y98.507 E325.61367
G1 X97.822 Y109.99 E326.14837
G1 X102.417 Y108.135 E326.37911
G1 X101.722 Y109.111 E326.4349
G1 X100.14 Y111.036 E326.55092
G1 X98.983 Y112.49 E326.63744
G1 X98.388 Y113.552 E326.69413
G1 X98.011 Y114.8 E326.75483
G1 X97.759 Y116.612 E326.84002
G1 X97.429 Y118.832 E326.94453
G1 X96.86 Y121.493 E327.07124
G1 X96.222 Y121.492 E327.10094
G0 F15000 X96.627 Y121.16
;TYPE:SKIN
G1 F2805.5 X96.523 Y120.982 E327.11956
G0 F15000 X96.522 Y121.109
G0 X96.796 Y118.446
G0 X96.859 Y118.383
G1 F2805.5 X96.883 Y118.075 E327.13005
G1 X97.006 Y116.538 E327.18242
G1 X96.899 Y116.363 E327.18939
G0 F15000 X97.003 Y116.26
G0 X97.197 Y113.803
G0 X97.265 Y113.734
G1 F2805.5 X97.327 Y113.39 E327.20133
G1 X97.319 Y113.114 E327.21077
G0 F15000 X97.442 Y112.992
G0 X97.581 Y111.922
G0 X97.698 Y111.887
G1 F2805.5 X97.717 Y111.585 E327.22546
G0 F15000 X97.838 Y111.465
G0 X97.246 Y110.642
G0 X97.021 Y110.867
G1 F2805.5 X97.021 Y110.584 E327.24053
G1 X97.021 Y99.553 E327.82775
G1 X96.986 Y99.306 E327.84103
G1 X93.592 Y99.306 E328.02171
G1 X93.165 Y99.449 E328.04568
G0 F15000 X92.797 Y99.535
G1 F2805.5 X93.251 Y99.081 E328.06063
G0 F15000 X92.882 Y99.167
G1 F2805.5 X93.021 Y99.876 E328.09687
G1 X93.021 Y109.21 E328.56508
G1 X93.114 Y109.399 E328.57565
G0 F15000 X92.983 Y109.531
G0 X93.594 Y99.879
G0 X96.45 Y99.879
G0 X96.461 Y110.291
G0 X98.785 Y110.8
G0 X98.91 Y110.674
G1 F2805.5 X99.017 Y110.85 E328.5913
G0 F15000 X98.906 Y110.962
G0 X100.164 Y109.987
G0 X100.389 Y109.762
G1 F2805.5 X100.138 Y109.729 E328.61234
G0 F15000 X100.044 Y109.824
G0 X101.348 Y108.889
G0 X101.378 Y108.773
G1 F2805.5 X101.646 Y108.788 E328.6292
G1 F1500 E322.1292
;MESH:terminale zanzariera verticale antivento con bottoncini.stl
G0 F15000 X101.735 Y108.733
G0 X102.714 Y109.209
G0 X103.857 Y108.588
G0 X104.942 Y108.588
G0 X106.094 Y99.879
G0 X108.95 Y99.879
G0 X109.922 Y112.823
;TYPE:WALL-INNER
G1 F1500 E328.6292
G1 F2805.5 X109.922 Y112.059 E328.66477
G1 X109.922 Y112.058 E328.66482
G1 X109.922 Y111.446 E328.69332
G1 X110.484 Y111.219 E328.72154
G1 X111.186 Y110.936 E328.75678
G1 X110.715 Y111.528 E328.77497
G1 X110.484 Y111.818 E328.79223
G1 X110.295 Y112.156 E328.81026
G1 X109.922 Y112.823 E328.82864
G0 F15000 X109.522 Y116.102
G1 F2805.5 X109.522 Y114.628 E328.89727
G1 X109.522 Y113.974 E328.92773
G1 X109.522 Y111.176 E329.05801
G1 X111.781 Y110.264 E329.17145
G1 X111.891 Y110.22 E329.17697
G1 X112.465 Y109.988 E329.2058
G1 X112.018 Y110.532 E329.2213
G1 X111.944 Y110.625 E329.22641
G1 X110.817 Y112.042 E329.31071
G1 X110.148 Y113.238 E329.37453
G1 X109.916 Y114.002 E329.4117
G1 X109.727 Y114.628 E329.43483
G1 X109.522 Y116.102 E329.45299
G0 F15000 X109.122 Y120.693
G1 F2805.5 X109.122 Y118.809 E329.54072
G1 X109.122 Y118.808 E329.54076
G1 X109.122 Y99.707 E330.43019
G1 X105.922 Y99.707 E330.57919
G1 X105.922 Y109.707 E331.04483
G1 X105.122 Y109.707 E331.08208
G1 X105.122 Y98.907 E331.58498
G1 X109.922 Y98.907 E331.80849
G1 X109.922 Y110.288 E332.33843
G1 X109.922 Y110.289 E332.33848
G1 X109.922 Y110.583 E332.35217
G1 X110.195 Y110.473 E332.3602
G1 X113.047 Y109.321 E332.50342
G1 X113.048 Y109.32 E332.50349
G1 X113.772 Y109.029 E332.53982
G1 X113.277 Y109.632 E332.55856
G1 X113.276 Y109.633 E332.55862
G1 X112.329 Y110.784 E332.62803
G1 X111.15 Y112.266 E332.71621
G1 X110.518 Y113.395 E332.77646
G1 X110.119 Y114.714 E332.84062
G1 X109.863 Y116.553 E332.92708
G1 X109.534 Y118.768 E333.03135
G1 X109.516 Y118.85 E333.03526
G1 X109.122 Y120.693 E333.07939
G0 F15000 X108.722 Y121.492
;TYPE:WALL-OUTER
G1 F2805.5 X108.722 Y100.107 E334.07516
G1 X106.322 Y100.107 E334.18691
G1 X106.322 Y110.107 E334.65256
G1 X104.722 Y110.107 E334.72706
G1 X104.722 Y98.507 E335.2672
G1 X110.322 Y98.507 E335.52796
G1 X110.322 Y109.99 E336.06266
G1 X114.917 Y108.135 E336.2934
G1 X114.222 Y109.111 E336.34919
G1 X112.64 Y111.036 E336.46521
G1 X111.483 Y112.49 E336.55174
G1 X110.888 Y113.552 E336.60842
G1 X110.511 Y114.8 E336.66913
G1 X110.259 Y116.612 E336.75431
G1 X109.929 Y118.832 E336.85882
G1 X109.36 Y121.493 E336.98553
G1 X108.722 Y121.492 E337.01524
G0 F15000 X109.108 Y121.125
;TYPE:SKIN
G1 F2805.5 X108.998 Y120.951 E337.03457
G0 F15000 X109.022 Y121.053
G0 X109.305 Y118.665
G0 X109.344 Y118.626
G1 F2805.5 X109.364 Y118.323 E337.04391
G1 X109.506 Y116.484 E337.10063
G1 X109.374 Y116.333 E337.1068
G0 F15000 X109.452 Y116.256
G0 X109.697 Y113.748
G0 X109.777 Y113.667
G1 F2805.5 X109.839 Y113.322 E337.11967
G1 X109.797 Y113.082 E337.12863
G0 F15000 X109.697 Y113.183
G0 X110.081 Y111.922
G0 X110.267 Y111.763
G1 F2805.5 X110.171 Y111.577 E337.13406
G1 X109.71 Y110.905 E337.15522
G0 F15000 X109.521 Y110.812
G1 F2805.5 X109.521 Y110.529 E337.17033
G1 X109.521 Y99.498 E337.7593
G0 F15000 X109.43 Y99.306
G1 F2805.5 X109.147 Y99.306 E337.77364
G1 X106.036 Y99.306 E337.93132
G1 X105.637 Y99.422 E337.95237
G1 X105.354 Y99.139 E337.97266
G1 X105.521 Y100.104 E338.02229
G1 X105.521 Y109.155 E338.48102
G1 X105.728 Y109.513 E338.50198
G0 F15000 X105.746 Y109.496
G0 X106.094 Y99.879
G0 X108.95 Y99.879
G0 X108.961 Y110.238
G0 X111.261 Y110.77
G0 X111.352 Y110.678
G1 F2805.5 X111.599 Y110.715 E338.52232
G0 F15000 X112.865 Y109.731
G1 F2805.5 X112.58 Y109.733 E338.54111
G0 F15000 X112.52 Y109.793
G0 X113.838 Y108.893
G0 X113.8 Y108.796
G1 F2805.5 X113.84 Y108.756 E338.54243
G0 F15000 X113.919 Y108.96
G1 F2805.5 X114.313 Y108.567 E338.55538
G1 F1500 E332.05538
;MESH:NONMESH
G0 F300 X114.313 Y108.567 Z4.76
G0 F15000 X114.238 Y108.658
G0 X108.942 Y112.823
G0 X107.857 Y112.823
G0 X99.703 Y112.974
G0 X98.8 Y112.367
G0 X97.422 Y112.823
;TIME_ELAPSED:362.041615
;LAYER:16
;TYPE:WALL-INNER
;MESH:terminale zanzariera verticale antivento con bottoncini.stl(1)
G1 F1500 E338.55538
G1 F2839.1 X97.422 Y112.059 E338.59096
G1 X97.422 Y112.058 E338.591
G1 X97.422 Y111.446 E338.6195
G1 X97.984 Y111.219 E338.64773
G1 X98.686 Y110.936 E338.68297
G1 X98.215 Y111.528 E338.70115
G1 X97.984 Y111.818 E338.71842
G1 X97.795 Y112.156 E338.73645
G1 X97.422 Y112.823 E338.75482
G0 F15000 X97.022 Y116.102
G1 F2839.1 X97.022 Y114.628 E338.82346
G1 X97.022 Y113.974 E338.85391
G1 X97.022 Y111.176 E338.9842
G1 X99.281 Y110.264 E339.09764
G1 X99.391 Y110.22 E339.10315
G1 X99.965 Y109.988 E339.13198
G1 X99.518 Y110.532 E339.14749
G1 X99.444 Y110.625 E339.1526
G1 X98.317 Y112.042 E339.2369
G1 X97.648 Y113.238 E339.30071
G1 X97.416 Y114.002 E339.33789
G1 X97.227 Y114.628 E339.36101
G1 X97.022 Y116.102 E339.37918
G0 F15000 X96.622 Y120.693
G1 F2839.1 X96.622 Y118.809 E339.4669
G1 X96.622 Y118.808 E339.46695
G1 X96.622 Y99.707 E340.35637
G1 X93.422 Y99.707 E340.50538
G1 X93.422 Y109.707 E340.97102
G1 X92.622 Y109.707 E341.00827
G1 X92.622 Y98.907 E341.51116
G1 X97.422 Y98.907 E341.73467
G1 X97.422 Y110.288 E342.26462
G1 X97.422 Y110.289 E342.26467
G1 X97.422 Y110.583 E342.27836
G1 X97.695 Y110.473 E342.28639
G1 X100.547 Y109.321 E342.42961
G1 X100.548 Y109.32 E342.42968
G1 X101.272 Y109.029 E342.46601
G1 X100.777 Y109.632 E342.48475
G1 X100.776 Y109.633 E342.48481
G1 X99.829 Y110.784 E342.55422
G1 X98.65 Y112.266 E342.6424
G1 X98.018 Y113.395 E342.70264
G1 X97.619 Y114.714 E342.76681
G1 X97.363 Y116.553 E342.85327
G1 X97.034 Y118.768 E342.95754
G1 X97.016 Y118.85 E342.96145
G1 X96.622 Y120.693 E343.00557
G0 F15000 X96.222 Y121.492
;TYPE:WALL-OUTER
G1 F2839.1 X96.222 Y100.107 E344.00135
G1 X93.822 Y100.107 E344.1131
G1 X93.822 Y110.107 E344.57874
G1 X92.222 Y110.107 E344.65325
G1 X92.222 Y98.507 E345.19339
G1 X97.822 Y98.507 E345.45415
G1 X97.822 Y109.99 E345.98885
G1 X102.417 Y108.135 E346.21959
G1 X101.722 Y109.111 E346.27538
G1 X100.14 Y111.036 E346.3914
G1 X98.983 Y112.49 E346.47792
G1 X98.388 Y113.552 E346.53461
G1 X98.011 Y114.8 E346.59531
G1 X97.759 Y116.612 E346.6805
G1 X97.429 Y118.832 E346.78501
G1 X96.86 Y121.493 E346.91172
G1 X96.222 Y121.492 E346.94142
G0 F15000 X96.411 Y121.301
;TYPE:SKIN
G1 F2839.1 X96.553 Y121.16 E346.95083
G1 X96.642 Y120.967 E346.96082
G0 F15000 X96.522 Y120.843
G0 X96.873 Y118.652
G0 X96.834 Y118.613
G1 F2839.1 X96.853 Y118.349 E346.969
G1 X96.981 Y116.497 E347.02637
G1 X97.116 Y116.349 E347.03256
G0 F15000 X97.029 Y116.262
G0 X97.317 Y113.722
G0 X97.256 Y113.661
G1 F2839.1 X97.29 Y113.412 E347.04047
G1 X97.483 Y113.039 E347.05368
G0 F15000 X97.531 Y113.088
G0 X97.744 Y111.886
G0 X97.67 Y111.812
G1 F2839.1 X97.761 Y111.62 E347.06118
G1 X97.923 Y111.5 E347.0683
G0 F15000 X97.021 Y110.598
G1 F2839.1 X97.021 Y110.315 E347.08306
G1 X97.021 Y99.85 E347.62879
G1 X96.477 Y99.305 E347.66895
G1 X93.083 Y99.305 E347.84594
G1 X93.021 Y100.092 E347.8871
G1 X93.021 Y109.143 E348.3591
G1 X92.819 Y109.507 E348.38081
G0 F15000 X92.843 Y109.531
G0 X93.594 Y99.879
G0 X96.45 Y99.879
G0 X96.797 Y110.656
G0 X96.952 Y110.811
G1 F2839.1 X96.851 Y110.993 E348.39462
G0 F15000 X96.797 Y110.939
G0 X98.776 Y110.655
G0 X98.893 Y110.772
G1 F2839.1 X99.056 Y110.653 E348.40325
G1 X99.219 Y110.533 E348.4119
G0 F15000 X99.26 Y110.574
G0 X100.081 Y109.697
G0 X100.194 Y109.81
G1 F2839.1 X100.359 Y109.692 E348.42028
G1 X100.523 Y109.574 E348.42862
G0 F15000 X100.563 Y109.614
G0 X101.431 Y108.855
G0 X101.498 Y108.852
G1 F2839.1 X101.657 Y108.728 E348.43638
G1 X101.817 Y108.605 E348.44415
G0 F15000 X101.783 Y108.659
G0 X97.6 Y110.319
G0 X97.246 Y99.792
G1 F2839.1 X96.535 Y99.081 E348.46756
G0 F15000 X96.818 Y99.081
G1 F2839.1 X97.246 Y99.509 E348.48165
G0 F15000 X97.246 Y99.226
G1 F2839.1 X97.101 Y99.081 E348.48642
G0 F15000 X97.101 Y99.107
G1 F1500 E341.98642
;MESH:terminale zanzariera verticale antivento con bottoncini.stl
G0 F15000 X97.611 Y110.302
G0 X98.669 Y108.734
G0 X102.692 Y107.1
G0 X103.487 Y108.11
G0 X103.861 Y110.464
G0 X104.365 Y110.968
G0 X106.679 Y110.968
G0 X107.857 Y110.302
G0 X108.942 Y110.302
G0 X109.922 Y112.823
;TYPE:WALL-INNER
G1 F1500 E348.48642
G1 F2839.1 X109.922 Y112.059 E348.522
G1 X109.922 Y112.058 E348.52204
G1 X109.922 Y111.446 E348.55054
G1 X110.484 Y111.219 E348.57876
G1 X111.186 Y110.936 E348.61401
G1 X110.715 Y111.528 E348.63219
G1 X110.484 Y111.818 E348.64946
G1 X110.295 Y112.156 E348.66749
G1 X109.922 Y112.823 E348.68586
G0 F15000 X109.522 Y116.102
G1 F2839.1 X109.522 Y114.628 E348.7545
G1 X109.522 Y113.974 E348.78495
G1 X109.522 Y111.176 E348.91524
G1 X111.781 Y110.264 E349.02868
G1 X111.891 Y110.22 E349.03419
G1 X112.465 Y109.988 E349.06302
G1 X112.018 Y110.532 E349.07852
G1 X111.944 Y110.625 E349.08363
G1 X110.817 Y112.042 E349.16794
G1 X110.148 Y113.238 E349.23175
G1 X109.916 Y114.002 E349.26893
G1 X109.727 Y114.628 E349.29205
G1 X109.522 Y116.102 E349.31022
G0 F15000 X109.122 Y120.693
G1 F2839.1 X109.122 Y118.809 E349.39794
G1 X109.122 Y118.808 E349.39799
G1 X109.122 Y99.707 E350.28741
G1 X105.922 Y99.707 E350.43642
G1 X105.922 Y109.707 E350.90206
G1 X105.122 Y109.707 E350.93931
G1 X105.122 Y98.907 E351.4422
G1 X109.922 Y98.907 E351.66571
G1 X109.922 Y110.288 E352.19566
G1 X109.922 Y110.289 E352.19571
G1 X109.922 Y110.583 E352.2094
G1 X110.195 Y110.473 E352.21743
G1 X113.047 Y109.321 E352.36065
G1 X113.048 Y109.32 E352.36072
G1 X113.772 Y109.029 E352.39705
G1 X113.277 Y109.632 E352.41578
G1 X113.276 Y109.633 E352.41585
G1 X112.329 Y110.784 E352.48525
G1 X111.15 Y112.266 E352.57344
G1 X110.518 Y113.395 E352.63368
G1 X110.119 Y114.714 E352.69785
G1 X109.863 Y116.553 E352.78431
G1 X109.534 Y118.768 E352.88858
G1 X109.516 Y118.85 E352.89249
G1 X109.122 Y120.693 E352.93661
G0 F15000 X108.722 Y121.492
;TYPE:WALL-OUTER
G1 F2839.1 X108.722 Y100.107 E353.93239
G1 X106.322 Y100.107 E354.04414
G1 X106.322 Y110.107 E354.50978
G1 X104.722 Y110.107 E354.58429
G1 X104.722 Y98.507 E355.12443
G1 X110.322 Y98.507 E355.38519
G1 X110.322 Y109.99 E355.91989
G1 X114.917 Y108.135 E356.15063
G1 X114.222 Y109.111 E356.20642
G1 X112.64 Y111.036 E356.32244
G1 X111.483 Y112.49 E356.40896
G1 X110.888 Y113.552 E356.46565
G1 X110.511 Y114.8 E356.52635
G1 X110.259 Y116.612 E356.61154
G1 X109.929 Y118.832 E356.71605
G1 X109.36 Y121.493 E356.84276
G1 X108.722 Y121.492 E356.87246
G0 F15000 X109.024 Y121.187
;TYPE:SKIN
G1 F2839.1 X109.107 Y120.986 E356.88425
G1 X109.289 Y120.886 E356.8955
G0 F15000 X109.191 Y120.852
G0 X109.332 Y118.666
G0 X109.314 Y118.648
G1 F2839.1 X109.349 Y118.4 E356.90311
G1 X109.477 Y116.548 E356.95947
G1 X109.583 Y116.371 E356.96574
G0 F15000 X109.47 Y116.258
G0 X109.805 Y113.764
G0 X109.751 Y113.71
G1 F2839.1 X109.783 Y113.46 E356.97371
G1 X109.936 Y113.047 E356.98763
G0 F15000 X110.011 Y113.122
G0 X110.225 Y111.922
G0 X110.16 Y111.857
G1 F2839.1 X110.23 Y111.644 E356.99551
G1 X110.392 Y111.523 E357.00261
G0 F15000 X109.521 Y110.652
G1 F2839.1 X109.521 Y110.369 E357.01745
G1 X109.521 Y99.904 E357.5665
G1 X108.923 Y99.306 E357.61087
G1 X109.364 Y99.464 E357.63545
G0 F15000 X109.747 Y99.564
G1 F2839.1 X109.264 Y99.081 E357.65135
G0 F15000 X109.547 Y99.081
G1 F2839.1 X109.747 Y99.282 E357.65795
G0 F15000 X108.64 Y99.306
G1 F2839.1 X108.357 Y99.306 E357.67337
G1 X105.529 Y99.306 E357.82747
G1 X105.521 Y105.238 E358.1507
G1 X105.521 Y109.198 E358.36648
G1 X105.433 Y109.393 E358.37814
G0 F15000 X105.571 Y109.531
G0 X106.094 Y99.879
G0 X108.95 Y99.879
G0 X109.296 Y110.71
G0 X109.432 Y110.846
G1 F2839.1 X109.331 Y111.028 E358.38942
G0 F15000 X109.296 Y110.993
G0 X111.237 Y110.672
G0 X111.361 Y110.796
G1 F2839.1 X111.525 Y110.676 E358.3989
G1 X111.688 Y110.557 E358.40832
G0 F15000 X111.737 Y110.605
G0 X112.542 Y109.713
G0 X112.662 Y109.834
G1 F2839.1 X112.826 Y109.715 E358.41746
G1 X112.991 Y109.597 E358.42661
G0 F15000 X113.038 Y109.644
G0 X113.892 Y108.871
G0 X113.967 Y108.875
G1 F2839.1 X114.126 Y108.752 E358.43975
G0 F15000 X114.25 Y108.593
G1 F2839.1 X114.322 Y108.666 E358.44213
G1 F1500 E351.94213
;MESH:NONMESH
G0 F300 X114.322 Y108.666 Z5.04
G0 F15000 X114.217 Y108.686
G0 X108.942 Y112.823
G0 X107.857 Y112.823
G0 X99.703 Y112.974
G0 X98.8 Y112.367
G0 X97.422 Y112.823
;TIME_ELAPSED:382.801727
;LAYER:17
;TYPE:WALL-INNER
;MESH:terminale zanzariera verticale antivento con bottoncini.stl(1)
G1 F1500 E358.44213
G1 F2805.5 X97.422 Y112.059 E358.47771
G1 X97.422 Y112.058 E358.47776
G1 X97.422 Y111.446 E358.50625
G1 X97.984 Y111.219 E358.53448
G1 X98.686 Y110.936 E358.56972
G1 X98.215 Y111.528 E358.5879
G1 X97.984 Y111.818 E358.60517
G1 X97.795 Y112.156 E358.6232
G1 X97.422 Y112.823 E358.64158
G0 F15000 X97.022 Y116.102
G1 F2805.5 X97.022 Y114.628 E358.71021
G1 X97.022 Y113.974 E358.74066
G1 X97.022 Y111.176 E358.87095
G1 X99.281 Y110.264 E358.98439
G1 X99.391 Y110.22 E358.9899
G1 X99.965 Y109.988 E359.01873
G1 X99.518 Y110.532 E359.03424
G1 X99.444 Y110.625 E359.03935
G1 X98.317 Y112.042 E359.12365
G1 X97.648 Y113.238 E359.18746
G1 X97.416 Y114.002 E359.22464
G1 X97.227 Y114.628 E359.24776
G1 X97.022 Y116.102 E359.26593
G0 F15000 X96.622 Y120.693
G1 F2805.5 X96.622 Y118.809 E359.35365
G1 X96.622 Y118.808 E359.3537
G1 X96.622 Y99.707 E360.24312
G1 X93.422 Y99.707 E360.39213
G1 X93.422 Y109.707 E360.85777
G1 X92.622 Y109.707 E360.89502
G1 X92.622 Y98.907 E361.39792
G1 X97.422 Y98.907 E361.62142
G1 X97.422 Y110.288 E362.15137
G1 X97.422 Y110.289 E362.15142
G1 X97.422 Y110.583 E362.16511
G1 X97.695 Y110.473 E362.17314
G1 X100.547 Y109.321 E362.31636
G1 X100.548 Y109.32 E362.31643
G1 X101.272 Y109.029 E362.35276
G1 X100.777 Y109.632 E362.3715
G1 X100.776 Y109.633 E362.37156
G1 X99.829 Y110.784 E362.44097
G1 X98.65 Y112.266 E362.52915
G1 X98.018 Y113.395 E362.5894
G1 X97.619 Y114.714 E362.65356
G1 X97.363 Y116.553 E362.74002
G1 X97.034 Y118.768 E362.84429
G1 X97.016 Y118.85 E362.8482
G1 X96.622 Y120.693 E362.89232
G0 F15000 X96.222 Y121.492
;TYPE:WALL-OUTER
G1 F2805.5 X96.222 Y100.107 E363.8881
G1 X93.822 Y100.107 E363.99985
G1 X93.822 Y110.107 E364.46549
G1 X92.222 Y110.107 E364.54
G1 X92.222 Y98.507 E365.08014
G1 X97.822 Y98.507 E365.3409
G1 X97.822 Y109.99 E365.8756
G1 X102.417 Y108.135 E366.10634
G1 X101.722 Y109.111 E366.16213
G1 X100.14 Y111.036 E366.27815
G1 X98.983 Y112.49 E366.36467
G1 X98.388 Y113.552 E366.42136
G1 X98.011 Y114.8 E366.48206
G1 X97.759 Y116.612 E366.56725
G1 X97.429 Y118.832 E366.67176
G1 X96.86 Y121.493 E366.79847
G1 X96.222 Y121.492 E366.82818
G0 F15000 X96.627 Y121.16
;TYPE:SKIN
G1 F2805.5 X96.523 Y120.982 E366.84679
G0 F15000 X96.522 Y121.109
G0 X96.796 Y118.446
G0 X96.859 Y118.383
G1 F2805.5 X96.883 Y118.075 E366.85728
G1 X97.006 Y116.538 E366.90966
G1 X96.899 Y116.363 E366.91662
G0 F15000 X97.003 Y116.26
G0 X97.197 Y113.803
G0 X97.265 Y113.734
G1 F2805.5 X97.327 Y113.39 E366.92857
G1 X97.319 Y113.114 E366.938
G0 F15000 X97.442 Y112.992
G0 X97.581 Y111.922
G0 X97.698 Y111.887
G1 F2805.5 X97.717 Y111.585 E366.9527
G0 F15000 X97.838 Y111.465
G0 X97.246 Y110.642
G0 X97.021 Y110.867
G1 F2805.5 X97.021 Y110.584 E366.96776
G1 X97.021 Y99.553 E367.55498
G1 X96.986 Y99.306 E367.56826
G1 X93.592 Y99.306 E367.74894
G1 X93.165 Y99.449 E367.77291
G0 F15000 X92.797 Y99.535
G1 F2805.5 X93.251 Y99.081 E367.78786
G0 F15000 X92.882 Y99.167
G1 F2805.5 X93.021 Y99.876 E367.8241
G1 X93.021 Y109.21 E368.29232
G1 X93.114 Y109.399 E368.30288
G0 F15000 X92.983 Y109.531
G0 X93.594 Y99.879
G0 X96.45 Y99.879
G0 X96.461 Y110.291
G0 X98.785 Y110.8
G0 X98.91 Y110.674
G1 F2805.5 X99.017 Y110.85 E368.31853
G0 F15000 X98.906 Y110.962
G0 X100.164 Y109.987
G0 X100.389 Y109.762
G1 F2805.5 X100.138 Y109.729 E368.33957
G0 F15000 X100.044 Y109.824
G0 X101.348 Y108.889
G0 X101.378 Y108.773
G1 F2805.5 X101.646 Y108.788 E368.35643
G1 F1500 E361.85643
;MESH:terminale zanzariera verticale antivento con bottoncini.stl
G0 F15000 X101.735 Y108.733
G0 X102.714 Y109.209
G0 X103.857 Y108.588
G0 X104.942 Y108.588
G0 X106.094 Y99.879
G0 X108.95 Y99.879
G0 X109.922 Y112.823
;TYPE:WALL-INNER
G1 F1500 E368.35643
G1 F2805.5 X109.922 Y112.059 E368.392
G1 X109.922 Y112.058 E368.39205
G1 X109.922 Y111.446 E368.42055
G1 X110.484 Y111.219 E368.44877
G1 X111.186 Y110.936 E368.48401
G1 X110.715 Y111.528 E368.5022
G1 X110.484 Y111.818 E368.51946
G1 X110.295 Y112.156 E368.53749
G1 X109.922 Y112.823 E368.55587
G0 F15000 X109.522 Y116.102
G1 F2805.5 X109.522 Y114.628 E368.62451
G1 X109.522 Y113.974 E368.65496
G1 X109.522 Y111.176 E368.78524
G1 X111.781 Y110.264 E368.89868
G1 X111.891 Y110.22 E368.9042
G1 X112.465 Y109.988 E368.93303
G1 X112.018 Y110.532 E368.94853
G1 X111.944 Y110.625 E368.95364
G1 X110.817 Y112.042 E369.03795
G1 X110.148 Y113.238 E369.10176
G1 X109.916 Y114.002 E369.13894
G1 X109.727 Y114.628 E369.16206
G1 X109.522 Y116.102 E369.18022
G0 F15000 X109.122 Y120.693
G1 F2805.5 X109.122 Y118.809 E369.26795
G1 X109.122 Y118.808 E369.268
G1 X109.122 Y99.707 E370.15742
G1 X105.922 Y99.707 E370.30642
G1 X105.922 Y109.707 E370.77207
G1 X105.122 Y109.707 E370.80932
G1 X105.122 Y98.907 E371.31221
G1 X109.922 Y98.907 E371.53572
G1 X109.922 Y110.288 E372.06567
G1 X109.922 Y110.289 E372.06571
G1 X109.922 Y110.583 E372.0794
G1 X110.195 Y110.473 E372.08743
G1 X113.047 Y109.321 E372.23066
G1 X113.048 Y109.32 E372.23072
G1 X113.772 Y109.029 E372.26706
G1 X113.277 Y109.632 E372.28579
G1 X113.276 Y109.633 E372.28586
G1 X112.329 Y110.784 E372.35526
G1 X111.15 Y112.266 E372.44344
G1 X110.518 Y113.395 E372.50369
G1 X110.119 Y114.714 E372.56786
G1 X109.863 Y116.553 E372.65431
G1 X109.534 Y118.768 E372.75858
G1 X109.516 Y118.85 E372.76249
G1 X109.122 Y120.693 E372.80662
G0 F15000 X108.722 Y121.492
;TYPE:WALL-OUTER
G1 F2805.5 X108.722 Y100.107 E373.80239
G1 X106.322 Y100.107 E373.91415
G1 X106.322 Y110.107 E374.37979
G1 X104.722 Y110.107 E374.45429
G1 X104.722 Y98.507 E374.99444
G1 X110.322 Y98.507 E375.2552
G1 X110.322 Y109.99 E375.78989
G1 X114.917 Y108.135 E376.02063
G1 X114.222 Y109.111 E376.07642
G1 X112.64 Y111.036 E376.19244
G1 X111.483 Y112.49 E376.27897
G1 X110.888 Y113.552 E376.33565
G1 X110.511 Y114.8 E376.39636
G1 X110.259 Y116.612 E376.48154
G1 X109.929 Y118.832 E376.58605
G1 X109.36 Y121.493 E376.71276
G1 X108.722 Y121.492 E376.74247
G0 F15000 X109.108 Y121.125
;TYPE:SKIN
G1 F2805.5 X108.998 Y120.951 E376.7618
G0 F15000 X109.022 Y121.053
G0 X109.305 Y118.665
G0 X109.344 Y118.626
G1 F2805.5 X109.364 Y118.323 E376.77114
G1 X109.506 Y116.484 E376.82786
G1 X109.374 Y116.333 E376.83403
G0 F15000 X109.452 Y116.256
G0 X109.697 Y113.748
G0 X109.777 Y113.667
G1 F2805.5 X109.839 Y113.322 E376.84691
G1 X109.797 Y113.082 E376.85586
G0 F15000 X109.697 Y113.183
G0 X110.081 Y111.922
G0 X110.267 Y111.763
G1 F2805.5 X110.171 Y111.577 E376.86129
G1 X109.71 Y110.905 E376.88245
G0 F15000 X109.521 Y110.812
G1 F2805.5 X109.521 Y110.529 E376.89756
G1 X109.521 Y99.498 E377.48653
G0 F15000 X109.43 Y99.306
G1 F2805.5 X109.147 Y99.306 E377.50087
G1 X106.036 Y99.306 E377.65855
G1 X105.637 Y99.422 E377.67961
G1 X105.354 Y99.139 E377.69989
G1 X105.521 Y100.104 E377.74953
G1 X105.521 Y109.155 E378.20825
G1 X105.728 Y109.513 E378.22921
G0 F15000 X105.746 Y109.496
G0 X106.094 Y99.879
G0 X108.95 Y99.879
G0 X108.961 Y110.238
G0 X111.261 Y110.77
G0 X111.352 Y110.678
G1 F2805.5 X111.599 Y110.715 E378.24955
G0 F15000 X112.865 Y109.731
G1 F2805.5 X112.58 Y109.733 E378.26834
G0 F15000 X112.52 Y109.793
G0 X113.838 Y108.893
G0 X113.8 Y108.796
G1 F2805.5 X113.84 Y108.756 E378.26966
G0 F15000 X113.919 Y108.96
G1 F2805.5 X114.313 Y108.567 E378.28262
G1 F1500 E371.78262
;MESH:NONMESH
G0 F300 X114.313 Y108.567 Z5.32
G0 F15000 X114.238 Y108.658
G0 X108.942 Y112.823
G0 X107.857 Y112.823
G0 X99.703 Y112.974
G0 X98.8 Y112.367
G0 X97.422 Y112.823
;TIME_ELAPSED:402.659068
;LAYER:18
;TYPE:WALL-INNER
;MESH:terminale zanzariera verticale antivento con bottoncini.stl(1)
G1 F1500 E378.28262
G1 F2839.1 X97.422 Y112.059 E378.31819
G1 X97.422 Y112.058 E378.31824
G1 X97.422 Y111.446 E378.34673
G1 X97.984 Y111.219 E378.37496
G1 X98.686 Y110.936 E378.4102
G1 X98.215 Y111.528 E378.42839
G1 X97.984 Y111.818 E378.44565
G1 X97.795 Y112.156 E378.46368
G1 X97.422 Y112.823 E378.48206
G0 F15000 X97.022 Y116.102
G1 F2839.1 X97.022 Y114.628 E378.55069
G1 X97.022 Y113.974 E378.58114
G1 X97.022 Y111.176 E378.71143
G1 X99.281 Y110.264 E378.82487
G1 X99.391 Y110.22 E378.83039
G1 X99.965 Y109.988 E378.85921
G1 X99.518 Y110.532 E378.87472
G1 X99.444 Y110.625 E378.87983
G1 X98.317 Y112.042 E378.96413
G1 X97.648 Y113.238 E379.02794
G1 X97.416 Y114.002 E379.06512
G1 X97.227 Y114.628 E379.08824
G1 X97.022 Y116.102 E379.10641
G0 F15000 X96.622 Y120.693
G1 F2839.1 X96.622 Y118.809 E379.19414
G1 X96.622 Y118.808 E379.19418
G1 X96.622 Y99.707 E380.0836
G1 X93.422 Y99.707 E380.23261
G1 X93.422 Y109.707 E380.69825
G1 X92.622 Y109.707 E380.7355
G1 X92.622 Y98.907 E381.2384
G1 X97.422 Y98.907 E381.4619
G1 X97.422 Y110.288 E381.99185
G1 X97.422 Y110.289 E381.9919
G1 X97.422 Y110.583 E382.00559
G1 X97.695 Y110.473 E382.01362
G1 X100.547 Y109.321 E382.15684
G1 X100.548 Y109.32 E382.15691
G1 X101.272 Y109.029 E382.19324
G1 X100.777 Y109.632 E382.21198
G1 X100.776 Y109.633 E382.21204
G1 X99.829 Y110.784 E382.28145
G1 X98.65 Y112.266 E382.36963
G1 X98.018 Y113.395 E382.42988
G1 X97.619 Y114.714 E382.49404
G1 X97.363 Y116.553 E382.5805
G1 X97.034 Y118.768 E382.68477
G1 X97.016 Y118.85 E382.68868
G1 X96.622 Y120.693 E382.7328
G0 F15000 X96.222 Y121.492
;TYPE:WALL-OUTER
G1 F2839.1 X96.222 Y100.107 E383.72858
G1 X93.822 Y100.107 E383.84033
G1 X93.822 Y110.107 E384.30597
G1 X92.222 Y110.107 E384.38048
G1 X92.222 Y98.507 E384.92062
G1 X97.822 Y98.507 E385.18138
G1 X97.822 Y109.99 E385.71608
G1 X102.417 Y108.135 E385.94682
G1 X101.722 Y109.111 E386.00261
G1 X100.14 Y111.036 E386.11863
G1 X98.983 Y112.49 E386.20516
G1 X98.388 Y113.552 E386.26184
G1 X98.011 Y114.8 E386.32254
G1 X97.759 Y116.612 E386.40773
G1 X97.429 Y118.832 E386.51224
G1 X96.86 Y121.493 E386.63895
G1 X96.222 Y121.492 E386.66866
G0 F15000 X96.411 Y121.301
;TYPE:SKIN
G1 F2839.1 X96.553 Y121.16 E386.67806
G1 X96.642 Y120.967 E386.68806
G0 F15000 X96.522 Y120.843
G0 X96.873 Y118.652
G0 X96.834 Y118.613
G1 F2839.1 X96.853 Y118.349 E386.69624
G1 X96.981 Y116.497 E386.7536
G1 X97.116 Y116.349 E386.75979
G0 F15000 X97.029 Y116.262
G0 X97.317 Y113.722
G0 X97.256 Y113.661
G1 F2839.1 X97.29 Y113.412 E386.7677
G1 X97.483 Y113.039 E386.78092
G0 F15000 X97.531 Y113.088
G0 X97.744 Y111.886
G0 X97.67 Y111.812
G1 F2839.1 X97.761 Y111.62 E386.78842
G1 X97.923 Y111.5 E386.79553
G0 F15000 X97.021 Y110.598
G1 F2839.1 X97.021 Y110.315 E386.81029
G1 X97.021 Y99.85 E387.35602
G1 X96.477 Y99.305 E387.39618
G1 X93.083 Y99.305 E387.57317
G1 X93.021 Y100.092 E387.61434
G1 X93.021 Y109.143 E388.08633
G1 X92.819 Y109.507 E388.10804
G0 F15000 X92.843 Y109.531
G0 X93.594 Y99.879
G0 X96.45 Y99.879
G0 X96.797 Y110.656
G0 X96.952 Y110.811
G1 F2839.1 X96.851 Y110.993 E388.12186
G0 F15000 X96.797 Y110.939
G0 X98.776 Y110.655
G0 X98.893 Y110.772
G1 F2839.1 X99.056 Y110.653 E388.13048
G1 X99.219 Y110.533 E388.13914
G0 F15000 X99.26 Y110.574
G0 X100.081 Y109.697
G0 X100.194 Y109.81
G1 F2839.1 X100.359 Y109.692 E388.14751
G1 X100.523 Y109.574 E388.15585
G0 F15000 X100.563 Y109.614
G0 X101.431 Y108.855
G0 X101.498 Y108.852
G1 F2839.1 X101.657 Y108.728 E388.16361
G1 X101.817 Y108.605 E388.17138
G0 F15000 X101.783 Y108.659
G0 X97.6 Y110.319
G0 X97.246 Y99.792
G1 F2839.1 X96.535 Y99.081 E388.19479
G0 F15000 X96.818 Y99.081
G1 F2839.1 X97.246 Y99.509 E388.20888
G0 F15000 X97.246 Y99.226
G1 F2839.1 X97.101 Y99.081 E388.21365
G0 F15000 X97.101 Y99.107
G1 F1500 E381.71365
;MESH:terminale zanzariera verticale antivento con bottoncini.stl
G0 F15000 X97.611 Y110.302
G0 X98.669 Y108.734
G0 X102.692 Y107.1
G0 X103.487 Y108.11
G0 X103.861 Y110.464
G0 X104.365 Y110.968
G0 X106.679 Y110.968
G0 X107.857 Y110.302
G0 X108.942 Y110.302
G0 X109.922 Y112.823
;TYPE:WALL-INNER
G1 F1500 E388.21365
G1 F2839.1 X109.922 Y112.059 E388.24923
G1 X109.922 Y112.058 E388.24928
G1 X109.922 Y111.446 E388.27777
G1 X110.484 Y111.219 E388.306
G1 X111.186 Y110.936 E388.34124
G1 X110.715 Y111.528 E388.35942
G1 X110.484 Y111.818 E388.37669
G1 X110.295 Y112.156 E388.39472
G1 X109.922 Y112.823 E388.4131
G0 F15000 X109.522 Y116.102
G1 F2839.1 X109.522 Y114.628 E388.48173
G1 X109.522 Y113.974 E388.51218
G1 X109.522 Y111.176 E388.64247
G1 X111.781 Y110.264 E388.75591
G1 X111.891 Y110.22 E388.76142
G1 X112.465 Y109.988 E388.79025
G1 X112.018 Y110.532 E388.80576
G1 X111.944 Y110.625 E388.81087
G1 X110.817 Y112.042 E388.89517
G1 X110.148 Y113.238 E388.95898
G1 X109.916 Y114.002 E388.99616
G1 X109.727 Y114.628 E389.01928
G1 X109.522 Y116.102 E389.03745
G0 F15000 X109.122 Y120.693
G1 F2839.1 X109.122 Y118.809 E389.12517
G1 X109.122 Y118.808 E389.12522
G1 X109.122 Y99.707 E390.01464
G1 X105.922 Y99.707 E390.16365
G1 X105.922 Y109.707 E390.62929
G1 X105.122 Y109.707 E390.66654
G1 X105.122 Y98.907 E391.16944
G1 X109.922 Y98.907 E391.39294
G1 X109.922 Y110.288 E391.92289
G1 X109.922 Y110.289 E391.92294
G1 X109.922 Y110.583 E391.93663
G1 X110.195 Y110.473 E391.94466
G1 X113.047 Y109.321 E392.08788
G1 X113.048 Y109.32 E392.08795
G1 X113.772 Y109.029 E392.12428
G1 X113.277 Y109.632 E392.14302
G1 X113.276 Y109.633 E392.14308
G1 X112.329 Y110.784 E392.21249
G1 X111.15 Y112.266 E392.30067
G1 X110.518 Y113.395 E392.36092
G1 X110.119 Y114.714 E392.42508
G1 X109.863 Y116.553 E392.51154
G1 X109.534 Y118.768 E392.61581
G1 X109.516 Y118.85 E392.61972
G1 X109.122 Y120.693 E392.66384
G0 F15000 X108.722 Y121.492
;TYPE:WALL-OUTER
G1 F2839.1 X108.722 Y100.107 E393.65962
G1 X106.322 Y100.107 E393.77137
G1 X106.322 Y110.107 E394.23701
G1 X104.722 Y110.107 E394.31152
G1 X104.722 Y98.507 E394.85166
G1 X110.322 Y98.507 E395.11242
G1 X110.322 Y109.99 E395.64712
G1 X114.917 Y108.135 E395.87786
G1 X114.222 Y109.111 E395.93365
G1 X112.64 Y111.036 E396.04967
G1 X111.483 Y112.49 E396.13619
G1 X110.888 Y113.552 E396.19288
G1 X110.511 Y114.8 E396.25358
G1 X110.259 Y116.612 E396.33877
G1 X109.929 Y118.832 E396.44328
G1 X109.36 Y121.493 E396.56999
G1 X108.722 Y121.492 E396.59969
G0 F15000 X109.024 Y121.187
;TYPE:SKIN
G1 F2839.1 X109.107 Y120.986 E396.61148
G1 X109.289 Y120.886 E396.62273
G0 F15000 X109.191 Y120.852
G0 X109.332 Y118.666
G0 X109.314 Y118.648
G1 F2839.1 X109.349 Y118.4 E396.63034
G1 X109.477 Y116.548 E396.68671
G1 X109.583 Y116.371 E396.69297
G0 F15000 X109.47 Y116.258
G0 X109.805 Y113.764
G0 X109.751 Y113.71
G1 F2839.1 X109.783 Y113.46 E396.70094
G1 X109.936 Y113.047 E396.71486
G0 F15000 X110.011 Y113.122
G0 X110.225 Y111.922
G0 X110.16 Y111.857
G1 F2839.1 X110.23 Y111.644 E396.72274
G1 X110.392 Y111.523 E396.72984
G0 F15000 X109.521 Y110.652
G1 F2839.1 X109.521 Y110.369 E396.74469
G1 X109.521 Y99.904 E397.29373
G1 X108.923 Y99.306 E397.3381
G1 X109.364 Y99.464 E397.36268
G0 F15000 X109.747 Y99.564
G1 F2839.1 X109.264 Y99.081 E397.37858
G0 F15000 X109.547 Y99.081
G1 F2839.1 X109.747 Y99.282 E397.38518
G0 F15000 X108.64 Y99.306
G1 F2839.1 X108.357 Y99.306 E397.4006
G1 X105.529 Y99.306 E397.5547
G1 X105.521 Y105.238 E397.87794
G1 X105.521 Y109.198 E398.09372
G1 X105.433 Y109.393 E398.10537
G0 F15000 X105.571 Y109.531
G0 X106.094 Y99.879
G0 X108.95 Y99.879
G0 X109.296 Y110.71
G0 X109.432 Y110.846
G1 F2839.1 X109.331 Y111.028 E398.11665
G0 F15000 X109.296 Y110.993
G0 X111.237 Y110.672
G0 X111.361 Y110.796
G1 F2839.1 X111.525 Y110.676 E398.12613
G1 X111.688 Y110.557 E398.13555
G0 F15000 X111.737 Y110.605
G0 X112.542 Y109.713
G0 X112.662 Y109.834
G1 F2839.1 X112.826 Y109.715 E398.14469
G1 X112.991 Y109.597 E398.15385
G0 F15000 X113.038 Y109.644
G0 X113.892 Y108.871
G0 X113.967 Y108.875
G1 F2839.1 X114.126 Y108.752 E398.16698
G0 F15000 X114.25 Y108.593
G1 F2839.1 X114.322 Y108.666 E398.16937
G1 F1500 E391.66937
;MESH:NONMESH
G0 F300 X114.322 Y108.666 Z5.6
G0 F15000 X114.217 Y108.686
G0 X108.942 Y112.823
G0 X107.857 Y112.823
G0 X99.703 Y112.974
G0 X98.8 Y112.367
G0 X97.422 Y112.823
;TIME_ELAPSED:423.419180
;LAYER:19
;TYPE:WALL-INNER
;MESH:terminale zanzariera verticale antivento con bottoncini.stl(1)
G1 F1500 E398.16937
G1 F2805.5 X97.422 Y112.059 E398.20494
G1 X97.422 Y112.058 E398.20499
G1 X97.422 Y111.446 E398.23349
G1 X97.984 Y111.219 E398.26171
G1 X98.686 Y110.936 E398.29695
G1 X98.215 Y111.528 E398.31514
G1 X97.984 Y111.818 E398.3324
G1 X97.795 Y112.156 E398.35043
G1 X97.422 Y112.823 E398.36881
G0 F15000 X97.022 Y116.102
G1 F2805.5 X97.022 Y114.628 E398.43744
G1 X97.022 Y113.974 E398.4679
G1 X97.022 Y111.176 E398.59818
G1 X99.281 Y110.264 E398.71162
G1 X99.391 Y110.22 E398.71714
G1 X99.965 Y109.988 E398.74597
G1 X99.518 Y110.532 E398.76147
G1 X99.444 Y110.625 E398.76658
G1 X98.317 Y112.042 E398.85088
G1 X97.648 Y113.238 E398.9147
G1 X97.416 Y114.002 E398.95187
G1 X97.227 Y114.628 E398.97499
G1 X97.022 Y116.102 E398.99316
G0 F15000 X96.622 Y120.693
G1 F2805.5 X96.622 Y118.809 E399.08089
G1 X96.622 Y118.808 E399.08093
G1 X96.622 Y99.707 E399.97036
G1 X93.422 Y99.707 E400.11936
G1 X93.422 Y109.707 E400.585
G1 X92.622 Y109.707 E400.62225
G1 X92.622 Y98.907 E401.12515
G1 X97.422 Y98.907 E401.34866
G1 X97.422 Y110.288 E401.8786
G1 X97.422 Y110.289 E401.87865
G1 X97.422 Y110.583 E401.89234
G1 X97.695 Y110.473 E401.90037
G1 X100.547 Y109.321 E402.04359
G1 X100.548 Y109.32 E402.04366
G1 X101.272 Y109.029 E402.07999
G1 X100.777 Y109.632 E402.09873
G1 X100.776 Y109.633 E402.09879
G1 X99.829 Y110.784 E402.1682
G1 X98.65 Y112.266 E402.25638
G1 X98.018 Y113.395 E402.31663
G1 X97.619 Y114.714 E402.38079
G1 X97.363 Y116.553 E402.46725
G1 X97.034 Y118.768 E402.57152
G1 X97.016 Y118.85 E402.57543
G1 X96.622 Y120.693 E402.61956
G0 F15000 X96.222 Y121.492
;TYPE:WALL-OUTER
G1 F2805.5 X96.222 Y100.107 E403.61533
G1 X93.822 Y100.107 E403.72708
G1 X93.822 Y110.107 E404.19273
G1 X92.222 Y110.107 E404.26723
G1 X92.222 Y98.507 E404.80737
G1 X97.822 Y98.507 E405.06813
G1 X97.822 Y109.99 E405.60283
G1 X102.417 Y108.135 E405.83357
G1 X101.722 Y109.111 E405.88936
G1 X100.14 Y111.036 E406.00538
G1 X98.983 Y112.49 E406.09191
G1 X98.388 Y113.552 E406.14859
G1 X98.011 Y114.8 E406.2093
G1 X97.759 Y116.612 E406.29448
G1 X97.429 Y118.832 E406.39899
G1 X96.86 Y121.493 E406.5257
G1 X96.222 Y121.492 E406.55541
G0 F15000 X96.627 Y121.16
;TYPE:SKIN
G1 F2805.5 X96.523 Y120.982 E406.57402
G0 F15000 X96.522 Y121.109
G0 X96.796 Y118.446
G0 X96.859 Y118.383
G1 F2805.5 X96.883 Y118.075 E406.58452
G1 X97.006 Y116.538 E406.63689
G1 X96.899 Y116.363 E406.64385
G0 F15000 X97.003 Y116.26
G0 X97.197 Y113.803
G0 X97.265 Y113.734
G1 F2805.5 X97.327 Y113.39 E406.6558
G1 X97.319 Y113.114 E406.66523
G0 F15000 X97.442 Y112.992
G0 X97.581 Y111.922
G0 X97.698 Y111.887
G1 F2805.5 X97.717 Y111.585 E406.67993
G0 F15000 X97.838 Y111.465
G0 X97.246 Y110.642
G0 X97.021 Y110.867
G1 F2805.5 X97.021 Y110.584 E406.69499
G1 X97.021 Y99.553 E407.28222
G1 X96.986 Y99.306 E407.2955
G1 X93.592 Y99.306 E407.47617
G1 X93.165 Y99.449 E407.50014
G0 F15000 X92.797 Y99.535
G1 F2805.5 X93.251 Y99.081 E407.51509
G0 F15000 X92.882 Y99.167
G1 F2805.5 X93.021 Y99.876 E407.55133
G1 X93.021 Y109.21 E408.01955
G1 X93.114 Y109.399 E408.03011
G0 F15000 X92.983 Y109.531
G0 X93.594 Y99.879
G0 X96.45 Y99.879
G0 X96.461 Y110.291
G0 X98.785 Y110.8
G0 X98.91 Y110.674
G1 F2805.5 X99.017 Y110.85 E408.04576
G0 F15000 X98.906 Y110.962
G0 X100.164 Y109.987
G0 X100.389 Y109.762
G1 F2805.5 X100.138 Y109.729 E408.0668
G0 F15000 X100.044 Y109.824
G0 X101.348 Y108.889
G0 X101.378 Y108.773
G1 F2805.5 X101.646 Y108.788 E408.08366
G1 F1500 E401.58366
;MESH:terminale zanzariera verticale antivento con bottoncini.stl
G0 F15000 X101.735 Y108.733
G0 X102.714 Y109.209
G0 X103.857 Y108.588
G0 X104.942 Y108.588
G0 X106.094 Y99.879
G0 X108.95 Y99.879
G0 X109.922 Y112.823
;TYPE:WALL-INNER
G1 F1500 E408.08366
G1 F2805.5 X109.922 Y112.059 E408.11924
G1 X109.922 Y112.058 E408.11928
G1 X109.922 Y111.446 E408.14778
G1 X110.484 Y111.219 E408.176
G1 X111.186 Y110.936 E408.21125
G1 X110.715 Y111.528 E408.22943
G1 X110.484 Y111.818 E408.24669
G1 X110.295 Y112.156 E408.26473
G1 X109.922 Y112.823 E408.2831
G0 F15000 X109.522 Y116.102
G1 F2805.5 X109.522 Y114.628 E408.35174
G1 X109.522 Y113.974 E408.38219
G1 X109.522 Y111.176 E408.51248
G1 X111.781 Y110.264 E408.62591
G1 X111.891 Y110.22 E408.63143
G1 X112.465 Y109.988 E408.66026
G1 X112.018 Y110.532 E408.67576
G1 X111.944 Y110.625 E408.68087
G1 X110.817 Y112.042 E408.76518
G1 X110.148 Y113.238 E408.82899
G1 X109.916 Y114.002 E408.86617
G1 X109.727 Y114.628 E408.88929
G1 X109.522 Y116.102 E408.90745
G0 F15000 X109.122 Y120.693
G1 F2805.5 X109.122 Y118.809 E408.99518
G1 X109.122 Y118.808 E408.99523
G1 X109.122 Y99.707 E409.88465
G1 X105.922 Y99.707 E410.03366
G1 X105.922 Y109.707 E410.4993
G1 X105.122 Y109.707 E410.53655
G1 X105.122 Y98.907 E411.03944
G1 X109.922 Y98.907 E411.26295
G1 X109.922 Y110.288 E411.7929
G1 X109.922 Y110.289 E411.79294
G1 X109.922 Y110.583 E411.80663
G1 X110.195 Y110.473 E411.81466
G1 X113.047 Y109.321 E411.95789
G1 X113.048 Y109.32 E411.95795
G1 X113.772 Y109.029 E411.99429
G1 X113.277 Y109.632 E412.01302
G1 X113.276 Y109.633 E412.01309
G1 X112.329 Y110.784 E412.08249
G1 X111.15 Y112.266 E412.17067
G1 X110.518 Y113.395 E412.23092
G1 X110.119 Y114.714 E412.29509
G1 X109.863 Y116.553 E412.38155
G1 X109.534 Y118.768 E412.48582
G1 X109.516 Y118.85 E412.48973
G1 X109.122 Y120.693 E412.53385
G0 F15000 X108.722 Y121.492
;TYPE:WALL-OUTER
G1 F2805.5 X108.722 Y100.107 E413.52962
G1 X106.322 Y100.107 E413.64138
G1 X106.322 Y110.107 E414.10702
G1 X104.722 Y110.107 E414.18152
G1 X104.722 Y98.507 E414.72167
G1 X110.322 Y98.507 E414.98243
G1 X110.322 Y109.99 E415.51712
G1 X114.917 Y108.135 E415.74786
G1 X114.222 Y109.111 E415.80365
G1 X112.64 Y111.036 E415.91968
G1 X111.483 Y112.49 E416.0062
G1 X110.888 Y113.552 E416.06288
G1 X110.511 Y114.8 E416.12359
G1 X110.259 Y116.612 E416.20878
G1 X109.929 Y118.832 E416.31328
G1 X109.36 Y121.493 E416.43999
G1 X108.722 Y121.492 E416.4697
G0 F15000 X109.108 Y121.125
;TYPE:SKIN
G1 F2805.5 X108.998 Y120.951 E416.48904
G0 F15000 X109.022 Y121.053
G0 X109.305 Y118.665
G0 X109.344 Y118.626
G1 F2805.5 X109.364 Y118.323 E416.49837
G1 X109.506 Y116.484 E416.55509
G1 X109.374 Y116.333 E416.56126
G0 F15000 X109.452 Y116.256
G0 X109.697 Y113.748
G0 X109.777 Y113.667
G1 F2805.5 X109.839 Y113.322 E416.57414
G1 X109.797 Y113.082 E416.58309
G0 F15000 X109.697 Y113.183
G0 X110.081 Y111.922
G0 X110.267 Y111.763
G1 F2805.5 X110.171 Y111.577 E416.58852
G1 X109.71 Y110.905 E416.60969
G0 F15000 X109.521 Y110.812
G1 F2805.5 X109.521 Y110.529 E416.6248
G1 X109.521 Y99.498 E417.21376
G0 F15000 X109.43 Y99.306
G1 F2805.5 X109.147 Y99.306 E417.22811
G1 X106.036 Y99.306 E417.38578
G1 X105.637 Y99.422 E417.40684
G1 X105.354 Y99.139 E417.42712
G1 X105.521 Y100.104 E417.47676
G1 X105.521 Y109.155 E417.93549
G1 X105.728 Y109.513 E417.95644
G0 F15000 X105.746 Y109.496
G0 X106.094 Y99.879
G0 X108.95 Y99.879
G0 X108.961 Y110.238
G0 X111.261 Y110.77
G0 X111.352 Y110.678
G1 F2805.5 X111.599 Y110.715 E417.97678
G0 F15000 X112.865 Y109.731
G1 F2805.5 X112.58 Y109.733 E417.99557
G0 F15000 X112.52 Y109.793
G0 X113.838 Y108.893
G0 X113.8 Y108.796
G1 F2805.5 X113.84 Y108.756 E417.99689
G0 F15000 X113.919 Y108.96
G1 F2805.5 X114.313 Y108.567 E418.00985
G1 F1500 E411.50985
;MESH:NONMESH
G0 F300 X114.313 Y108.567 Z5.88
G0 F15000 X114.238 Y108.658
G0 X108.942 Y112.823
G0 X107.857 Y112.823
G0 X99.703 Y112.974
G0 X98.8 Y112.367
G0 X97.422 Y112.823
;TIME_ELAPSED:443.276521
;LAYER:20
;TYPE:WALL-INNER
;MESH:terminale zanzariera verticale antivento con bottoncini.stl(1)
G1 F1500 E418.00985
G1 F2839.1 X97.422 Y112.059 E418.04542
G1 X97.422 Y112.058 E418.04547
G1 X97.422 Y111.446 E418.07397
G1 X97.984 Y111.219 E418.10219
G1 X98.686 Y110.936 E418.13743
G1 X98.215 Y111.528 E418.15562
G1 X97.984 Y111.818 E418.17288
G1 X97.795 Y112.156 E418.19091
G1 X97.422 Y112.823 E418.20929
G0 F15000 X97.022 Y116.102
G1 F2839.1 X97.022 Y114.628 E418.27792
G1 X97.022 Y113.974 E418.30838
G1 X97.022 Y111.176 E418.43866
G1 X99.281 Y110.264 E418.5521
G1 X99.391 Y110.22 E418.55762
G1 X99.965 Y109.988 E418.58645
G1 X99.518 Y110.532 E418.60195
G1 X99.444 Y110.625 E418.60706
G1 X98.317 Y112.042 E418.69136
G1 X97.648 Y113.238 E418.75518
G1 X97.416 Y114.002 E418.79236
G1 X97.227 Y114.628 E418.81548
G1 X97.022 Y116.102 E418.83364
G0 F15000 X96.622 Y120.693
G1 F2839.1 X96.622 Y118.809 E418.92137
G1 X96.622 Y118.808 E418.92141
G1 X96.622 Y99.707 E419.81084
G1 X93.422 Y99.707 E419.95984
G1 X93.422 Y109.707 E420.42548
G1 X92.622 Y109.707 E420.46274
G1 X92.622 Y98.907 E420.96563
G1 X97.422 Y98.907 E421.18914
G1 X97.422 Y110.288 E421.71908
G1 X97.422 Y110.289 E421.71913
G1 X97.422 Y110.583 E421.73282
G1 X97.695 Y110.473 E421.74085
G1 X100.547 Y109.321 E421.88408
G1 X100.548 Y109.32 E421.88414
G1 X101.272 Y109.029 E421.92047
G1 X100.777 Y109.632 E421.93921
G1 X100.776 Y109.633 E421.93927
G1 X99.829 Y110.784 E422.00868
G1 X98.65 Y112.266 E422.09686
G1 X98.018 Y113.395 E422.15711
G1 X97.619 Y114.714 E422.22127
G1 X97.363 Y116.553 E422.30773
G1 X97.034 Y118.768 E422.412
G1 X97.016 Y118.85 E422.41591
G1 X96.622 Y120.693 E422.46004
G0 F15000 X96.222 Y121.492
;TYPE:WALL-OUTER
G1 F2839.1 X96.222 Y100.107 E423.45581
G1 X93.822 Y100.107 E423.56756
G1 X93.822 Y110.107 E424.03321
G1 X92.222 Y110.107 E424.10771
G1 X92.222 Y98.507 E424.64785
G1 X97.822 Y98.507 E424.90861
G1 X97.822 Y109.99 E425.44331
G1 X102.417 Y108.135 E425.67405
G1 X101.722 Y109.111 E425.72984
G1 X100.14 Y111.036 E425.84586
G1 X98.983 Y112.49 E425.93239
G1 X98.388 Y113.552 E425.98907
G1 X98.011 Y114.8 E426.04978
G1 X97.759 Y116.612 E426.13496
G1 X97.429 Y118.832 E426.23947
G1 X96.86 Y121.493 E426.36618
G1 X96.222 Y121.492 E426.39589
G0 F15000 X96.411 Y121.301
;TYPE:SKIN
G1 F2839.1 X96.553 Y121.16 E426.4053
G1 X96.642 Y120.967 E426.41529
G0 F15000 X96.522 Y120.843
G0 X96.873 Y118.652
G0 X96.834 Y118.613
G1 F2839.1 X96.853 Y118.349 E426.42347
G1 X96.981 Y116.497 E426.48083
G1 X97.116 Y116.349 E426.48702
G0 F15000 X97.029 Y116.262
G0 X97.317 Y113.722
G0 X97.256 Y113.661
G1 F2839.1 X97.29 Y113.412 E426.49493
G1 X97.483 Y113.039 E426.50815
G0 F15000 X97.531 Y113.088
G0 X97.744 Y111.886
G0 X97.67 Y111.812
G1 F2839.1 X97.761 Y111.62 E426.51565
G1 X97.923 Y111.5 E426.52276
G0 F15000 X97.021 Y110.598
G1 F2839.1 X97.021 Y110.315 E426.53752
G1 X97.021 Y99.85 E427.08325
G1 X96.477 Y99.305 E427.12341
G1 X93.083 Y99.305 E427.3004
G1 X93.021 Y100.092 E427.34157
G1 X93.021 Y109.143 E427.81356
G1 X92.819 Y109.507 E427.83527
G0 F15000 X92.843 Y109.531
G0 X93.594 Y99.879
G0 X96.45 Y99.879
G0 X96.797 Y110.656
G0 X96.952 Y110.811
G1 F2839.1 X96.851 Y110.993 E427.84909
G0 F15000 X96.797 Y110.939
G0 X98.776 Y110.655
G0 X98.893 Y110.772
G1 F2839.1 X99.056 Y110.653 E427.85771
G1 X99.219 Y110.533 E427.86637
G0 F15000 X99.26 Y110.574
G0 X100.081 Y109.697
G0 X100.194 Y109.81
G1 F2839.1 X100.359 Y109.692 E427.87474
G1 X100.523 Y109.574 E427.88308
G0 F15000 X100.563 Y109.614
G0 X101.431 Y108.855
G0 X101.498 Y108.852
G1 F2839.1 X101.657 Y108.728 E427.89084
G1 X101.817 Y108.605 E427.89861
G0 F15000 X101.783 Y108.659
G0 X97.6 Y110.319
G0 X97.246 Y99.792
G1 F2839.1 X96.535 Y99.081 E427.92202
G0 F15000 X96.818 Y99.081
G1 F2839.1 X97.246 Y99.509 E427.93611
G0 F15000 X97.246 Y99.226
G1 F2839.1 X97.101 Y99.081 E427.94089
G0 F15000 X97.101 Y99.107
G1 F1500 E421.44089
;MESH:terminale zanzariera verticale antivento con bottoncini.stl
G0 F15000 X97.611 Y110.302
G0 X98.669 Y108.734
G0 X102.692 Y107.1
G0 X103.487 Y108.11
G0 X103.861 Y110.464
G0 X104.365 Y110.968
G0 X106.679 Y110.968
G0 X107.857 Y110.302
G0 X108.942 Y110.302
G0 X109.922 Y112.823
;TYPE:WALL-INNER
G1 F1500 E427.94089
G1 F2839.1 X109.922 Y112.059 E427.97646
G1 X109.922 Y112.058 E427.97651
G1 X109.922 Y111.446 E428.00501
G1 X110.484 Y111.219 E428.03323
G1 X111.186 Y110.936 E428.06847
G1 X110.715 Y111.528 E428.08666
G1 X110.484 Y111.818 E428.10392
G1 X110.295 Y112.156 E428.12195
G1 X109.922 Y112.823 E428.14033
G0 F15000 X109.522 Y116.102
G1 F2839.1 X109.522 Y114.628 E428.20896
G1 X109.522 Y113.974 E428.23942
G1 X109.522 Y111.176 E428.3697
G1 X111.781 Y110.264 E428.48314
G1 X111.891 Y110.22 E428.48866
G1 X112.465 Y109.988 E428.51748
G1 X112.018 Y110.532 E428.53299
G1 X111.944 Y110.625 E428.5381
G1 X110.817 Y112.042 E428.6224
G1 X110.148 Y113.238 E428.68622
G1 X109.916 Y114.002 E428.72339
G1 X109.727 Y114.628 E428.74651
G1 X109.522 Y116.102 E428.76468
G0 F15000 X109.122 Y120.693
G1 F2839.1 X109.122 Y118.809 E428.85241
G1 X109.122 Y118.808 E428.85245
G1 X109.122 Y99.707 E429.74188
G1 X105.922 Y99.707 E429.89088
G1 X105.922 Y109.707 E430.35652
G1 X105.122 Y109.707 E430.39377
G1 X105.122 Y98.907 E430.89667
G1 X109.922 Y98.907 E431.12018
G1 X109.922 Y110.288 E431.65012
G1 X109.922 Y110.289 E431.65017
G1 X109.922 Y110.583 E431.66386
G1 X110.195 Y110.473 E431.67189
G1 X113.047 Y109.321 E431.81511
G1 X113.048 Y109.32 E431.81518
G1 X113.772 Y109.029 E431.85151
G1 X113.277 Y109.632 E431.87025
G1 X113.276 Y109.633 E431.87031
G1 X112.329 Y110.784 E431.93972
G1 X111.15 Y112.266 E432.0279
G1 X110.518 Y113.395 E432.08815
G1 X110.119 Y114.714 E432.15231
G1 X109.863 Y116.553 E432.23877
G1 X109.534 Y118.768 E432.34304
G1 X109.516 Y118.85 E432.34695
G1 X109.122 Y120.693 E432.39107
G0 F15000 X108.722 Y121.492
;TYPE:WALL-OUTER
G1 F2839.1 X108.722 Y100.107 E433.38685
G1 X106.322 Y100.107 E433.4986
G1 X106.322 Y110.107 E433.96425
G1 X104.722 Y110.107 E434.03875
G1 X104.722 Y98.507 E434.57889
G1 X110.322 Y98.507 E434.83965
G1 X110.322 Y109.99 E435.37435
G1 X114.917 Y108.135 E435.60509
G1 X114.222 Y109.111 E435.66088
G1 X112.64 Y111.036 E435.7769
G1 X111.483 Y112.49 E435.86343
G1 X110.888 Y113.552 E435.92011
G1 X110.511 Y114.8 E435.98082
G1 X110.259 Y116.612 E436.066
G1 X109.929 Y118.832 E436.17051
G1 X109.36 Y121.493 E436.29722
G1 X108.722 Y121.492 E436.32693
G0 F15000 X109.024 Y121.187
;TYPE:SKIN
G1 F2839.1 X109.107 Y120.986 E436.33871
G1 X109.289 Y120.886 E436.34997
G0 F15000 X109.191 Y120.852
G0 X109.332 Y118.666
G0 X109.314 Y118.648
G1 F2839.1 X109.349 Y118.4 E436.35757
G1 X109.477 Y116.548 E436.41394
G1 X109.583 Y116.371 E436.4202
G0 F15000 X109.47 Y116.258
G0 X109.805 Y113.764
G0 X109.751 Y113.71
G1 F2839.1 X109.783 Y113.46 E436.42817
G1 X109.936 Y113.047 E436.4421
G0 F15000 X110.011 Y113.122
G0 X110.225 Y111.922
G0 X110.16 Y111.857
G1 F2839.1 X110.23 Y111.644 E436.44997
G1 X110.392 Y111.523 E436.45707
G0 F15000 X109.521 Y110.652
G1 F2839.1 X109.521 Y110.369 E436.47192
G1 X109.521 Y99.904 E437.02096
G1 X108.923 Y99.306 E437.06533
G1 X109.364 Y99.464 E437.08991
G0 F15000 X109.747 Y99.564
G1 F2839.1 X109.264 Y99.081 E437.10581
G0 F15000 X109.547 Y99.081
G1 F2839.1 X109.747 Y99.282 E437.11241
G0 F15000 X108.64 Y99.306
G1 F2839.1 X108.357 Y99.306 E437.12783
G1 X105.529 Y99.306 E437.28193
G1 X105.521 Y105.238 E437.60517
G1 X105.521 Y109.198 E437.82095
G1 X105.433 Y109.393 E437.83261
G0 F15000 X105.571 Y109.531
G0 X106.094 Y99.879
G0 X108.95 Y99.879
G0 X109.296 Y110.71
G0 X109.432 Y110.846
G1 F2839.1 X109.331 Y111.028 E437.84388
G0 F15000 X109.296 Y110.993
G0 X111.237 Y110.672
G0 X111.361 Y110.796
G1 F2839.1 X111.525 Y110.676 E437.85336
G1 X111.688 Y110.557 E437.86278
G0 F15000 X111.737 Y110.605
G0 X112.542 Y109.713
G0 X112.662 Y109.834
G1 F2839.1 X112.826 Y109.715 E437.87192
G1 X112.991 Y109.597 E437.88108
G0 F15000 X113.038 Y109.644
G0 X113.892 Y108.871
G0 X113.967 Y108.875
G1 F2839.1 X114.126 Y108.752 E437.89421
G0 F15000 X114.25 Y108.593
G1 F2839.1 X114.322 Y108.666 E437.8966
G1 F1500 E431.3966
;MESH:NONMESH
G0 F300 X114.322 Y108.666 Z6.16
G0 F15000 X114.217 Y108.686
G0 X108.942 Y112.823
G0 X107.857 Y112.823
G0 X99.703 Y112.974
G0 X98.8 Y112.367
G0 X97.422 Y112.823
;TIME_ELAPSED:464.036633
;LAYER:21
;TYPE:WALL-INNER
;MESH:terminale zanzariera verticale antivento con bottoncini.stl(1)
G1 F1500 E437.8966
G1 F2805.5 X97.422 Y112.059 E437.93217
G1 X97.422 Y112.058 E437.93222
G1 X97.422 Y111.446 E437.96072
G1 X97.984 Y111.219 E437.98894
G1 X98.686 Y110.936 E438.02418
G1 X98.215 Y111.528 E438.04237
G1 X97.984 Y111.818 E438.05963
G1 X97.795 Y112.156 E438.07766
G1 X97.422 Y112.823 E438.09604
G0 F15000 X97.022 Y116.102
G1 F2805.5 X97.022 Y114.628 E438.16467
G1 X97.022 Y113.974 E438.19513
G1 X97.022 Y111.176 E438.32541
G1 X99.281 Y110.264 E438.43885
G1 X99.391 Y110.22 E438.44437
G1 X99.965 Y109.988 E438.4732
G1 X99.518 Y110.532 E438.4887
G1 X99.444 Y110.625 E438.49381
G1 X98.317 Y112.042 E438.57812
G1 X97.648 Y113.238 E438.64193
G1 X97.416 Y114.002 E438.67911
G1 X97.227 Y114.628 E438.70223
G1 X97.022 Y116.102 E438.72039
G0 F15000 X96.622 Y120.693
G1 F2805.5 X96.622 Y118.809 E438.80812
G1 X96.622 Y118.808 E438.80817
G1 X96.622 Y99.707 E439.69759
G1 X93.422 Y99.707 E439.84659
G1 X93.422 Y109.707 E440.31223
G1 X92.622 Y109.707 E440.34949
G1 X92.622 Y98.907 E440.85238
G1 X97.422 Y98.907 E441.07589
G1 X97.422 Y110.288 E441.60583
G1 X97.422 Y110.289 E441.60588
G1 X97.422 Y110.583 E441.61957
G1 X97.695 Y110.473 E441.6276
G1 X100.547 Y109.321 E441.77083
G1 X100.548 Y109.32 E441.77089
G1 X101.272 Y109.029 E441.80723
G1 X100.777 Y109.632 E441.82596
G1 X100.776 Y109.633 E441.82603
G1 X99.829 Y110.784 E441.89543
G1 X98.65 Y112.266 E441.98361
G1 X98.018 Y113.395 E442.04386
G1 X97.619 Y114.714 E442.10803
G1 X97.363 Y116.553 E442.19448
G1 X97.034 Y118.768 E442.29875
G1 X97.016 Y118.85 E442.30266
G1 X96.622 Y120.693 E442.34679
G0 F15000 X96.222 Y121.492
;TYPE:WALL-OUTER
G1 F2805.5 X96.222 Y100.107 E443.34256
G1 X93.822 Y100.107 E443.45432
G1 X93.822 Y110.107 E443.91996
G1 X92.222 Y110.107 E443.99446
G1 X92.222 Y98.507 E444.53461
G1 X97.822 Y98.507 E444.79536
G1 X97.822 Y109.99 E445.33006
G1 X102.417 Y108.135 E445.5608
G1 X101.722 Y109.111 E445.61659
G1 X100.14 Y111.036 E445.73261
G1 X98.983 Y112.49 E445.81914
G1 X98.388 Y113.552 E445.87582
G1 X98.011 Y114.8 E445.93653
G1 X97.759 Y116.612 E446.02171
G1 X97.429 Y118.832 E446.12622
G1 X96.86 Y121.493 E446.25293
G1 X96.222 Y121.492 E446.28264
G0 F15000 X96.627 Y121.16
;TYPE:SKIN
G1 F2805.5 X96.523 Y120.982 E446.30126
G0 F15000 X96.522 Y121.109
G0 X96.796 Y118.446
G0 X96.859 Y118.383
G1 F2805.5 X96.883 Y118.075 E446.31175
G1 X97.006 Y116.538 E446.36412
G1 X96.899 Y116.363 E446.37109
G0 F15000 X97.003 Y116.26
G0 X97.197 Y113.803
G0 X97.265 Y113.734
G1 F2805.5 X97.327 Y113.39 E446.38303
G1 X97.319 Y113.114 E446.39246
G0 F15000 X97.442 Y112.992
G0 X97.581 Y111.922
G0 X97.698 Y111.887
G1 F2805.5 X97.717 Y111.585 E446.40716
G0 F15000 X97.838 Y111.465
G0 X97.246 Y110.642
G0 X97.021 Y110.867
G1 F2805.5 X97.021 Y110.584 E446.42223
G1 X97.021 Y99.553 E447.00945
G1 X96.986 Y99.306 E447.02273
G1 X93.592 Y99.306 E447.2034
G1 X93.165 Y99.449 E447.22737
G0 F15000 X92.797 Y99.535
G1 F2805.5 X93.251 Y99.081 E447.24232
G0 F15000 X92.882 Y99.167
G1 F2805.5 X93.021 Y99.876 E447.27856
G1 X93.021 Y109.21 E447.74678
G1 X93.114 Y109.399 E447.75735
G0 F15000 X92.983 Y109.531
G0 X93.594 Y99.879
G0 X96.45 Y99.879
G0 X96.461 Y110.291
G0 X98.785 Y110.8
G0 X98.91 Y110.674
G1 F2805.5 X99.017 Y110.85 E447.773
G0 F15000 X98.906 Y110.962
G0 X100.164 Y109.987
G0 X100.389 Y109.762
G1 F2805.5 X100.138 Y109.729 E447.79403
G0 F15000 X100.044 Y109.824
G0 X101.348 Y108.889
G0 X101.378 Y108.773
G1 F2805.5 X101.646 Y108.788 E447.81089
G1 F1500 E441.31089
;MESH:terminale zanzariera verticale antivento con bottoncini.stl
G0 F15000 X101.735 Y108.733
G0 X102.714 Y109.209
G0 X103.857 Y108.588
G0 X104.942 Y108.588
G0 X106.094 Y99.879
G0 X108.95 Y99.879
G0 X109.922 Y112.823
;TYPE:WALL-INNER
G1 F1500 E447.81089
G1 F2805.5 X109.922 Y112.059 E447.84647
G1 X109.922 Y112.058 E447.84651
G1 X109.922 Y111.446 E447.87501
G1 X110.484 Y111.219 E447.90323
G1 X111.186 Y110.936 E447.93848
G1 X110.715 Y111.528 E447.95666
G1 X110.484 Y111.818 E447.97393
G1 X110.295 Y112.156 E447.99196
G1 X109.922 Y112.823 E448.01033
G0 F15000 X109.522 Y116.102
G1 F2805.5 X109.522 Y114.628 E448.07897
G1 X109.522 Y113.974 E448.10942
G1 X109.522 Y111.176 E448.23971
G1 X111.781 Y110.264 E448.35315
G1 X111.891 Y110.22 E448.35866
G1 X112.465 Y109.988 E448.38749
G1 X112.018 Y110.532 E448.40299
G1 X111.944 Y110.625 E448.4081
G1 X110.817 Y112.042 E448.49241
G1 X110.148 Y113.238 E448.55622
G1 X109.916 Y114.002 E448.5934
G1 X109.727 Y114.628 E448.61652
G1 X109.522 Y116.102 E448.63469
G0 F15000 X109.122 Y120.693
G1 F2805.5 X109.122 Y118.809 E448.72241
G1 X109.122 Y118.808 E448.72246
G1 X109.122 Y99.707 E449.61188
G1 X105.922 Y99.707 E449.76089
G1 X105.922 Y109.707 E450.22653
G1 X105.122 Y109.707 E450.26378
G1 X105.122 Y98.907 E450.76667
G1 X109.922 Y98.907 E450.99018
G1 X109.922 Y110.288 E451.52013
G1 X109.922 Y110.289 E451.52018
G1 X109.922 Y110.583 E451.53387
G1 X110.195 Y110.473 E451.54189
G1 X113.047 Y109.321 E451.68512
G1 X113.048 Y109.32 E451.68519
G1 X113.772 Y109.029 E451.72152
G1 X113.277 Y109.632 E451.74025
G1 X113.276 Y109.633 E451.74032
G1 X112.329 Y110.784 E451.80972
G1 X111.15 Y112.266 E451.89791
G1 X110.518 Y113.395 E451.95815
G1 X110.119 Y114.714 E452.02232
G1 X109.863 Y116.553 E452.10878
G1 X109.534 Y118.768 E452.21305
G1 X109.516 Y118.85 E452.21696
G1 X109.122 Y120.693 E452.26108
G0 F15000 X108.722 Y121.492
;TYPE:WALL-OUTER
G1 F2805.5 X108.722 Y100.107 E453.25686
G1 X106.322 Y100.107 E453.36861
G1 X106.322 Y110.107 E453.83425
G1 X104.722 Y110.107 E453.90875
G1 X104.722 Y98.507 E454.4489
G1 X110.322 Y98.507 E454.70966
G1 X110.322 Y109.99 E455.24436
G1 X114.917 Y108.135 E455.47509
G1 X114.222 Y109.111 E455.53089
G1 X112.64 Y111.036 E455.64691
G1 X111.483 Y112.49 E455.73343
G1 X110.888 Y113.552 E455.79012
G1 X110.511 Y114.8 E455.85082
G1 X110.259 Y116.612 E455.93601
G1 X109.929 Y118.832 E456.04052
G1 X109.36 Y121.493 E456.16722
G1 X108.722 Y121.492 E456.19693
G0 F15000 X109.108 Y121.125
;TYPE:SKIN
G1 F2805.5 X108.998 Y120.951 E456.21627
G0 F15000 X109.022 Y121.053
G0 X109.305 Y118.665
G0 X109.344 Y118.626
G1 F2805.5 X109.364 Y118.323 E456.2256
G1 X109.506 Y116.484 E456.28232
G1 X109.374 Y116.333 E456.28849
G0 F15000 X109.452 Y116.256
G0 X109.697 Y113.748
G0 X109.777 Y113.667
G1 F2805.5 X109.839 Y113.322 E456.30137
G1 X109.797 Y113.082 E456.31032
G0 F15000 X109.697 Y113.183
G0 X110.081 Y111.922
G0 X110.267 Y111.763
G1 F2805.5 X110.171 Y111.577 E456.31576
G1 X109.71 Y110.905 E456.33692
G0 F15000 X109.521 Y110.812
G1 F2805.5 X109.521 Y110.529 E456.35203
G1 X109.521 Y99.498 E456.94099
G0 F15000 X109.43 Y99.306
G1 F2805.5 X109.147 Y99.306 E456.95534
G1 X106.036 Y99.306 E457.11301
G1 X105.637 Y99.422 E457.13407
G1 X105.354 Y99.139 E457.15435
G1 X105.521 Y100.104 E457.20399
G1 X105.521 Y109.155 E457.66272
G1 X105.728 Y109.513 E457.68368
G0 F15000 X105.746 Y109.496
G0 X106.094 Y99.879
G0 X108.95 Y99.879
G0 X108.961 Y110.238
G0 X111.261 Y110.77
G0 X111.352 Y110.678
G1 F2805.5 X111.599 Y110.715 E457.70402
G0 F15000 X112.865 Y109.731
G1 F2805.5 X112.58 Y109.733 E457.72281
G0 F15000 X112.52 Y109.793
G0 X113.838 Y108.893
G0 X113.8 Y108.796
G1 F2805.5 X113.84 Y108.756 E457.72412
G0 F15000 X113.919 Y108.96
G1 F2805.5 X114.313 Y108.567 E457.73708
G1 F1500 E451.23708
;MESH:NONMESH
G0 F300 X114.313 Y108.567 Z6.44
G0 F15000 X114.238 Y108.658
G0 X108.942 Y112.823
G0 X107.857 Y112.823
G0 X99.703 Y112.974
G0 X98.8 Y112.367
G0 X97.422 Y112.823
;TIME_ELAPSED:483.893974
;LAYER:22
;TYPE:WALL-INNER
;MESH:terminale zanzariera verticale antivento con bottoncini.stl(1)
G1 F1500 E457.73708
G1 F2839.1 X97.422 Y112.059 E457.77265
G1 X97.422 Y112.058 E457.7727
G1 X97.422 Y111.446 E457.8012
G1 X97.984 Y111.219 E457.82942
G1 X98.686 Y110.936 E457.86466
G1 X98.215 Y111.528 E457.88285
G1 X97.984 Y111.818 E457.90011
G1 X97.795 Y112.156 E457.91815
G1 X97.422 Y112.823 E457.93652
G0 F15000 X97.022 Y116.102
G1 F2839.1 X97.022 Y114.628 E458.00516
G1 X97.022 Y113.974 E458.03561
G1 X97.022 Y111.176 E458.16589
G1 X99.281 Y110.264 E458.27933
G1 X99.391 Y110.22 E458.28485
G1 X99.965 Y109.988 E458.31368
G1 X99.518 Y110.532 E458.32918
G1 X99.444 Y110.625 E458.33429
G1 X98.317 Y112.042 E458.4186
G1 X97.648 Y113.238 E458.48241
G1 X97.416 Y114.002 E458.51959
G1 X97.227 Y114.628 E458.54271
G1 X97.022 Y116.102 E458.56087
G0 F15000 X96.622 Y120.693
G1 F2839.1 X96.622 Y118.809 E458.6486
G1 X96.622 Y118.808 E458.64865
G1 X96.622 Y99.707 E459.53807
G1 X93.422 Y99.707 E459.68707
G1 X93.422 Y109.707 E460.15272
G1 X92.622 Y109.707 E460.18997
G1 X92.622 Y98.907 E460.69286
G1 X97.422 Y98.907 E460.91637
G1 X97.422 Y110.288 E461.44632
G1 X97.422 Y110.289 E461.44636
G1 X97.422 Y110.583 E461.46005
G1 X97.695 Y110.473 E461.46808
G1 X100.547 Y109.321 E461.61131
G1 X100.548 Y109.32 E461.61137
G1 X101.272 Y109.029 E461.64771
G1 X100.777 Y109.632 E461.66644
G1 X100.776 Y109.633 E461.66651
G1 X99.829 Y110.784 E461.73591
G1 X98.65 Y112.266 E461.82409
G1 X98.018 Y113.395 E461.88434
G1 X97.619 Y114.714 E461.94851
G1 X97.363 Y116.553 E462.03496
G1 X97.034 Y118.768 E462.13924
G1 X97.016 Y118.85 E462.14314
G1 X96.622 Y120.693 E462.18727
G0 F15000 X96.222 Y121.492
;TYPE:WALL-OUTER
G1 F2839.1 X96.222 Y100.107 E463.18304
G1 X93.822 Y100.107 E463.2948
G1 X93.822 Y110.107 E463.76044
G1 X92.222 Y110.107 E463.83494
G1 X92.222 Y98.507 E464.37509
G1 X97.822 Y98.507 E464.63585
G1 X97.822 Y109.99 E465.17054
G1 X102.417 Y108.135 E465.40128
G1 X101.722 Y109.111 E465.45707
G1 X100.14 Y111.036 E465.5731
G1 X98.983 Y112.49 E465.65962
G1 X98.388 Y113.552 E465.7163
G1 X98.011 Y114.8 E465.77701
G1 X97.759 Y116.612 E465.86219
G1 X97.429 Y118.832 E465.9667
G1 X96.86 Y121.493 E466.09341
G1 X96.222 Y121.492 E466.12312
G0 F15000 X96.411 Y121.301
;TYPE:SKIN
G1 F2839.1 X96.553 Y121.16 E466.13253
G1 X96.642 Y120.967 E466.14252
G0 F15000 X96.522 Y120.843
G0 X96.873 Y118.652
G0 X96.834 Y118.613
G1 F2839.1 X96.853 Y118.349 E466.1507
G1 X96.981 Y116.497 E466.20806
G1 X97.116 Y116.349 E466.21425
G0 F15000 X97.029 Y116.262
G0 X97.317 Y113.722
G0 X97.256 Y113.661
G1 F2839.1 X97.29 Y113.412 E466.22216
G1 X97.483 Y113.039 E466.23538
G0 F15000 X97.531 Y113.088
G0 X97.744 Y111.886
G0 X97.67 Y111.812
G1 F2839.1 X97.761 Y111.62 E466.24288
G1 X97.923 Y111.5 E466.25
G0 F15000 X97.021 Y110.598
G1 F2839.1 X97.021 Y110.315 E466.26475
G1 X97.021 Y99.85 E466.81048
G1 X96.477 Y99.305 E466.85064
G1 X93.083 Y99.305 E467.02763
G1 X93.021 Y100.092 E467.0688
G1 X93.021 Y109.143 E467.54079
G1 X92.819 Y109.507 E467.5625
G0 F15000 X92.843 Y109.531
G0 X93.594 Y99.879
G0 X96.45 Y99.879
G0 X96.797 Y110.656
G0 X96.952 Y110.811
G1 F2839.1 X96.851 Y110.993 E467.57632
G0 F15000 X96.797 Y110.939
G0 X98.776 Y110.655
G0 X98.893 Y110.772
G1 F2839.1 X99.056 Y110.653 E467.58495
G1 X99.219 Y110.533 E467.5936
G0 F15000 X99.26 Y110.574
G0 X100.081 Y109.697
G0 X100.194 Y109.81
G1 F2839.1 X100.359 Y109.692 E467.60197
G1 X100.523 Y109.574 E467.61031
G0 F15000 X100.563 Y109.614
G0 X101.431 Y108.855
G0 X101.498 Y108.852
G1 F2839.1 X101.657 Y108.728 E467.61807
G1 X101.817 Y108.605 E467.62584
G0 F15000 X101.783 Y108.659
G0 X97.6 Y110.319
G0 X97.246 Y99.792
G1 F2839.1 X96.535 Y99.081 E467.64925
G0 F15000 X96.818 Y99.081
G1 F2839.1 X97.246 Y99.509 E467.66334
G0 F15000 X97.246 Y99.226
G1 F2839.1 X97.101 Y99.081 E467.66812
G0 F15000 X97.101 Y99.107
G1 F1500 E461.16812
;MESH:terminale zanzariera verticale antivento con bottoncini.stl
G0 F15000 X97.611 Y110.302
G0 X98.669 Y108.734
G0 X102.692 Y107.1
G0 X103.487 Y108.11
G0 X103.861 Y110.464
G0 X104.365 Y110.968
G0 X106.679 Y110.968
G0 X107.857 Y110.302
G0 X108.942 Y110.302
G0 X109.922 Y112.823
;TYPE:WALL-INNER
G1 F1500 E467.66812
G1 F2839.1 X109.922 Y112.059 E467.70369
G1 X109.922 Y112.058 E467.70374
G1 X109.922 Y111.446 E467.73224
G1 X110.484 Y111.219 E467.76046
G1 X111.186 Y110.936 E467.7957
G1 X110.715 Y111.528 E467.81389
G1 X110.484 Y111.818 E467.83115
G1 X110.295 Y112.156 E467.84918
G1 X109.922 Y112.823 E467.86756
G0 F15000 X109.522 Y116.102
G1 F2839.1 X109.522 Y114.628 E467.93619
G1 X109.522 Y113.974 E467.96665
G1 X109.522 Y111.176 E468.09693
G1 X111.781 Y110.264 E468.21037
G1 X111.891 Y110.22 E468.21589
G1 X112.465 Y109.988 E468.24472
G1 X112.018 Y110.532 E468.26022
G1 X111.944 Y110.625 E468.26533
G1 X110.817 Y112.042 E468.34964
G1 X110.148 Y113.238 E468.41345
G1 X109.916 Y114.002 E468.45063
G1 X109.727 Y114.628 E468.47375
G1 X109.522 Y116.102 E468.49191
G0 F15000 X109.122 Y120.693
G1 F2839.1 X109.122 Y118.809 E468.57964
G1 X109.122 Y118.808 E468.57968
G1 X109.122 Y99.707 E469.46911
G1 X105.922 Y99.707 E469.61811
G1 X105.922 Y109.707 E470.08375
G1 X105.122 Y109.707 E470.12101
G1 X105.122 Y98.907 E470.6239
G1 X109.922 Y98.907 E470.84741
G1 X109.922 Y110.288 E471.37735
G1 X109.922 Y110.289 E471.3774
G1 X109.922 Y110.583 E471.39109
G1 X110.195 Y110.473 E471.39912
G1 X113.047 Y109.321 E471.54235
G1 X113.048 Y109.32 E471.54241
G1 X113.772 Y109.029 E471.57875
G1 X113.277 Y109.632 E471.59748
G1 X113.276 Y109.633 E471.59755
G1 X112.329 Y110.784 E471.66695
G1 X111.15 Y112.266 E471.75513
G1 X110.518 Y113.395 E471.81538
G1 X110.119 Y114.714 E471.87955
G1 X109.863 Y116.553 E471.966
G1 X109.534 Y118.768 E472.07027
G1 X109.516 Y118.85 E472.07418
G1 X109.122 Y120.693 E472.11831
G0 F15000 X108.722 Y121.492
;TYPE:WALL-OUTER
G1 F2839.1 X108.722 Y100.107 E473.11408
G1 X106.322 Y100.107 E473.22584
G1 X106.322 Y110.107 E473.69148
G1 X104.722 Y110.107 E473.76598
G1 X104.722 Y98.507 E474.30613
G1 X110.322 Y98.507 E474.56688
G1 X110.322 Y109.99 E475.10158
G1 X114.917 Y108.135 E475.33232
G1 X114.222 Y109.111 E475.38811
G1 X112.64 Y111.036 E475.50413
G1 X111.483 Y112.49 E475.59066
G1 X110.888 Y113.552 E475.64734
G1 X110.511 Y114.8 E475.70805
G1 X110.259 Y116.612 E475.79323
G1 X109.929 Y118.832 E475.89774
G1 X109.36 Y121.493 E476.02445
G1 X108.722 Y121.492 E476.05416
G0 F15000 X109.024 Y121.187
;TYPE:SKIN
G1 F2839.1 X109.107 Y120.986 E476.06594
G1 X109.289 Y120.886 E476.0772
G0 F15000 X109.191 Y120.852
G0 X109.332 Y118.666
G0 X109.314 Y118.648
G1 F2839.1 X109.349 Y118.4 E476.0848
G1 X109.477 Y116.548 E476.14117
G1 X109.583 Y116.371 E476.14743
G0 F15000 X109.47 Y116.258
G0 X109.805 Y113.764
G0 X109.751 Y113.71
G1 F2839.1 X109.783 Y113.46 E476.1554
G1 X109.936 Y113.047 E476.16933
G0 F15000 X110.011 Y113.122
G0 X110.225 Y111.922
G0 X110.16 Y111.857
G1 F2839.1 X110.23 Y111.644 E476.1772
G1 X110.392 Y111.523 E476.1843
G0 F15000 X109.521 Y110.652
G1 F2839.1 X109.521 Y110.369 E476.19915
G1 X109.521 Y99.904 E476.74819
G1 X108.923 Y99.306 E476.79256
G1 X109.364 Y99.464 E476.81714
G0 F15000 X109.747 Y99.564
G1 F2839.1 X109.264 Y99.081 E476.83304
G0 F15000 X109.547 Y99.081
G1 F2839.1 X109.747 Y99.282 E476.83965
G0 F15000 X108.64 Y99.306
G1 F2839.1 X108.357 Y99.306 E476.85507
G1 X105.529 Y99.306 E477.00916
G1 X105.521 Y105.238 E477.3324
G1 X105.521 Y109.198 E477.54818
G1 X105.433 Y109.393 E477.55984
G0 F15000 X105.571 Y109.531
G0 X106.094 Y99.879
G0 X108.95 Y99.879
G0 X109.296 Y110.71
G0 X109.432 Y110.846
G1 F2839.1 X109.331 Y111.028 E477.57111
G0 F15000 X109.296 Y110.993
G0 X111.237 Y110.672
G0 X111.361 Y110.796
G1 F2839.1 X111.525 Y110.676 E477.5806
G1 X111.688 Y110.557 E477.59001
G0 F15000 X111.737 Y110.605
G0 X112.542 Y109.713
G0 X112.662 Y109.834
G1 F2839.1 X112.826 Y109.715 E477.59916
G1 X112.991 Y109.597 E477.60831
G0 F15000 X113.038 Y109.644
G0 X113.892 Y108.871
G0 X113.967 Y108.875
G1 F2839.1 X114.126 Y108.752 E477.62144
G0 F15000 X114.25 Y108.593
G1 F2839.1 X114.322 Y108.666 E477.62383
G1 F1500 E471.12383
;MESH:NONMESH
G0 F300 X114.322 Y108.666 Z6.72
G0 F15000 X114.217 Y108.686
G0 X108.942 Y112.823
G0 X107.857 Y112.823
G0 X99.703 Y112.974
G0 X98.8 Y112.367
G0 X97.422 Y112.823
;TIME_ELAPSED:504.654085
;LAYER:23
;TYPE:WALL-INNER
;MESH:terminale zanzariera verticale antivento con bottoncini.stl(1)
G1 F1500 E477.62383
G1 F2805.5 X97.422 Y112.059 E477.6594
G1 X97.422 Y112.058 E477.65945
G1 X97.422 Y111.446 E477.68795
G1 X97.984 Y111.219 E477.71617
G1 X98.686 Y110.936 E477.75142
G1 X98.215 Y111.528 E477.7696
G1 X97.984 Y111.818 E477.78686
G1 X97.795 Y112.156 E477.8049
G1 X97.422 Y112.823 E477.82327
G0 F15000 X97.022 Y116.102
G1 F2805.5 X97.022 Y114.628 E477.89191
G1 X97.022 Y113.974 E477.92236
G1 X97.022 Y111.176 E478.05265
G1 X99.281 Y110.264 E478.16608
G1 X99.391 Y110.22 E478.1716
G1 X99.965 Y109.988 E478.20043
G1 X99.518 Y110.532 E478.21593
G1 X99.444 Y110.625 E478.22104
G1 X98.317 Y112.042 E478.30535
G1 X97.648 Y113.238 E478.36916
G1 X97.416 Y114.002 E478.40634
G1 X97.227 Y114.628 E478.42946
G1 X97.022 Y116.102 E478.44762
G0 F15000 X96.622 Y120.693
G1 F2805.5 X96.622 Y118.809 E478.53535
G1 X96.622 Y118.808 E478.5354
G1 X96.622 Y99.707 E479.42482
G1 X93.422 Y99.707 E479.57382
G1 X93.422 Y109.707 E480.03947
G1 X92.622 Y109.707 E480.07672
G1 X92.622 Y98.907 E480.57961
G1 X97.422 Y98.907 E480.80312
G1 X97.422 Y110.288 E481.33307
G1 X97.422 Y110.289 E481.33311
G1 X97.422 Y110.583 E481.3468
G1 X97.695 Y110.473 E481.35483
G1 X100.547 Y109.321 E481.49806
G1 X100.548 Y109.32 E481.49812
G1 X101.272 Y109.029 E481.53446
G1 X100.777 Y109.632 E481.55319
G1 X100.776 Y109.633 E481.55326
G1 X99.829 Y110.784 E481.62266
G1 X98.65 Y112.266 E481.71084
G1 X98.018 Y113.395 E481.77109
G1 X97.619 Y114.714 E481.83526
G1 X97.363 Y116.553 E481.92172
G1 X97.034 Y118.768 E482.02599
G1 X97.016 Y118.85 E482.0299
G1 X96.622 Y120.693 E482.07402
G0 F15000 X96.222 Y121.492
;TYPE:WALL-OUTER
G1 F2805.5 X96.222 Y100.107 E483.06979
G1 X93.822 Y100.107 E483.18155
G1 X93.822 Y110.107 E483.64719
G1 X92.222 Y110.107 E483.72169
G1 X92.222 Y98.507 E484.26184
G1 X97.822 Y98.507 E484.5226
G1 X97.822 Y109.99 E485.05729
G1 X102.417 Y108.135 E485.28803
G1 X101.722 Y109.111 E485.34382
G1 X100.14 Y111.036 E485.45985
G1 X98.983 Y112.49 E485.54637
G1 X98.388 Y113.552 E485.60305
G1 X98.011 Y114.8 E485.66376
G1 X97.759 Y116.612 E485.74895
G1 X97.429 Y118.832 E485.85345
G1 X96.86 Y121.493 E485.98016
G1 X96.222 Y121.492 E486.00987
G0 F15000 X96.627 Y121.16
;TYPE:SKIN
G1 F2805.5 X96.523 Y120.982 E486.02849
G0 F15000 X96.522 Y121.109
G0 X96.796 Y118.446
G0 X96.859 Y118.383
G1 F2805.5 X96.883 Y118.075 E486.03898
G1 X97.006 Y116.538 E486.09135
G1 X96.899 Y116.363 E486.09832
G0 F15000 X97.003 Y116.26
G0 X97.197 Y113.803
G0 X97.265 Y113.734
G1 F2805.5 X97.327 Y113.39 E486.11026
G1 X97.319 Y113.114 E486.1197
G0 F15000 X97.442 Y112.992
G0 X97.581 Y111.922
G0 X97.698 Y111.887
G1 F2805.5 X97.717 Y111.585 E486.13439
G0 F15000 X97.838 Y111.465
G0 X97.246 Y110.642
G0 X97.021 Y110.867
G1 F2805.5 X97.021 Y110.584 E486.14946
G1 X97.021 Y99.553 E486.73668
G1 X96.986 Y99.306 E486.74996
G1 X93.592 Y99.306 E486.93063
G1 X93.165 Y99.449 E486.95461
G0 F15000 X92.797 Y99.535
G1 F2805.5 X93.251 Y99.081 E486.96955
G0 F15000 X92.882 Y99.167
G1 F2805.5 X93.021 Y99.876 E487.0058
G1 X93.021 Y109.21 E487.47401
G1 X93.114 Y109.399 E487.48458
G0 F15000 X92.983 Y109.531
G0 X93.594 Y99.879
G0 X96.45 Y99.879
G0 X96.461 Y110.291
G0 X98.785 Y110.8
G0 X98.91 Y110.674
G1 F2805.5 X99.017 Y110.85 E487.50023
G0 F15000 X98.906 Y110.962
G0 X100.164 Y109.987
G0 X100.389 Y109.762
G1 F2805.5 X100.138 Y109.729 E487.52126
G0 F15000 X100.044 Y109.824
G0 X101.348 Y108.889
G0 X101.378 Y108.773
G1 F2805.5 X101.646 Y108.788 E487.53812
G1 F1500 E481.03812
;MESH:terminale zanzariera verticale antivento con bottoncini.stl
G0 F15000 X101.735 Y108.733
G0 X102.714 Y109.209
G0 X103.857 Y108.588
G0 X104.942 Y108.588
G0 X106.094 Y99.879
G0 X108.95 Y99.879
G0 X109.922 Y112.823
;TYPE:WALL-INNER
G1 F1500 E487.53812
G1 F2805.5 X109.922 Y112.059 E487.5737
G1 X109.922 Y112.058 E487.57375
G1 X109.922 Y111.446 E487.60224
G1 X110.484 Y111.219 E487.63047
G1 X111.186 Y110.936 E487.66571
G1 X110.715 Y111.528 E487.68389
G1 X110.484 Y111.818 E487.70116
G1 X110.295 Y112.156 E487.71919
G1 X109.922 Y112.823 E487.73756
G0 F15000 X109.522 Y116.102
G1 F2805.5 X109.522 Y114.628 E487.8062
G1 X109.522 Y113.974 E487.83665
G1 X109.522 Y111.176 E487.96694
G1 X111.781 Y110.264 E488.08038
G1 X111.891 Y110.22 E488.08589
G1 X112.465 Y109.988 E488.11472
G1 X112.018 Y110.532 E488.13023
G1 X111.944 Y110.625 E488.13534
G1 X110.817 Y112.042 E488.21964
G1 X110.148 Y113.238 E488.28345
G1 X109.916 Y114.002 E488.32063
G1 X109.727 Y114.628 E488.34375
G1 X109.522 Y116.102 E488.36192
G0 F15000 X109.122 Y120.693
G1 F2805.5 X109.122 Y118.809 E488.44964
G1 X109.122 Y118.808 E488.44969
G1 X109.122 Y99.707 E489.33911
G1 X105.922 Y99.707 E489.48812
G1 X105.922 Y109.707 E489.95376
G1 X105.122 Y109.707 E489.99101
G1 X105.122 Y98.907 E490.49391
G1 X109.922 Y98.907 E490.71741
G1 X109.922 Y110.288 E491.24736
G1 X109.922 Y110.289 E491.24741
G1 X109.922 Y110.583 E491.2611
G1 X110.195 Y110.473 E491.26913
G1 X113.047 Y109.321 E491.41235
G1 X113.048 Y109.32 E491.41242
G1 X113.772 Y109.029 E491.44875
G1 X113.277 Y109.632 E491.46749
G1 X113.276 Y109.633 E491.46755
G1 X112.329 Y110.784 E491.53696
G1 X111.15 Y112.266 E491.62514
G1 X110.518 Y113.395 E491.68539
G1 X110.119 Y114.714 E491.74955
G1 X109.863 Y116.553 E491.83601
G1 X109.534 Y118.768 E491.94028
G1 X109.516 Y118.85 E491.94419
G1 X109.122 Y120.693 E491.98831
G0 F15000 X108.722 Y121.492
;TYPE:WALL-OUTER
G1 F2805.5 X108.722 Y100.107 E492.98409
G1 X106.322 Y100.107 E493.09584
G1 X106.322 Y110.107 E493.56148
G1 X104.722 Y110.107 E493.63599
G1 X104.722 Y98.507 E494.17613
G1 X110.322 Y98.507 E494.43689
G1 X110.322 Y109.99 E494.97159
G1 X114.917 Y108.135 E495.20233
G1 X114.222 Y109.111 E495.25812
G1 X112.64 Y111.036 E495.37414
G1 X111.483 Y112.49 E495.46066
G1 X110.888 Y113.552 E495.51735
G1 X110.511 Y114.8 E495.57805
G1 X110.259 Y116.612 E495.66324
G1 X109.929 Y118.832 E495.76775
G1 X109.36 Y121.493 E495.89446
G1 X108.722 Y121.492 E495.92416
G0 F15000 X109.108 Y121.125
;TYPE:SKIN
G1 F2805.5 X108.998 Y120.951 E495.9435
G0 F15000 X109.022 Y121.053
G0 X109.305 Y118.665
G0 X109.344 Y118.626
G1 F2805.5 X109.364 Y118.323 E495.95284
G1 X109.506 Y116.484 E496.00956
G1 X109.374 Y116.333 E496.01572
G0 F15000 X109.452 Y116.256
G0 X109.697 Y113.748
G0 X109.777 Y113.667
G1 F2805.5 X109.839 Y113.322 E496.0286
G1 X109.797 Y113.082 E496.03755
G0 F15000 X109.697 Y113.183
G0 X110.081 Y111.922
G0 X110.267 Y111.763
G1 F2805.5 X110.171 Y111.577 E496.04299
G1 X109.71 Y110.905 E496.06415
G0 F15000 X109.521 Y110.812
G1 F2805.5 X109.521 Y110.529 E496.07926
G1 X109.521 Y99.498 E496.66823
G0 F15000 X109.43 Y99.306
G1 F2805.5 X109.147 Y99.306 E496.68257
G1 X106.036 Y99.306 E496.84024
G1 X105.637 Y99.422 E496.8613
G1 X105.354 Y99.139 E496.88159
G1 X105.521 Y100.104 E496.93122
G1 X105.521 Y109.155 E497.38995
G1 X105.728 Y109.513 E497.41091
G0 F15000 X105.746 Y109.496
G0 X106.094 Y99.879
G0 X108.95 Y99.879
G0 X108.961 Y110.238
G0 X111.261 Y110.77
G0 X111.352 Y110.678
G1 F2805.5 X111.599 Y110.715 E497.43125
G0 F15000 X112.865 Y109.731
G1 F2805.5 X112.58 Y109.733 E497.45004
G0 F15000 X112.52 Y109.793
G0 X113.838 Y108.893
G0 X113.8 Y108.796
G1 F2805.5 X113.84 Y108.756 E497.45135
G0 F15000 X113.919 Y108.96
G1 F2805.5 X114.313 Y108.567 E497.46431
G1 F1500 E490.96431
;MESH:NONMESH
G0 F300 X114.313 Y108.567 Z7
G0 F15000 X114.238 Y108.658
G0 X108.942 Y112.823
G0 X107.857 Y112.823
G0 X99.703 Y112.974
G0 X98.8 Y112.367
G0 X97.422 Y112.823
;TIME_ELAPSED:524.511426
;LAYER:24
;TYPE:WALL-INNER
;MESH:terminale zanzariera verticale antivento con bottoncini.stl(1)
G1 F1500 E497.46431
G1 F2839.1 X97.422 Y112.059 E497.49989
G1 X97.422 Y112.058 E497.49993
G1 X97.422 Y111.446 E497.52843
G1 X97.984 Y111.219 E497.55665
G1 X98.686 Y110.936 E497.5919
G1 X98.215 Y111.528 E497.61008
G1 X97.984 Y111.818 E497.62734
G1 X97.795 Y112.156 E497.64538
G1 X97.422 Y112.823 E497.66375
G0 F15000 X97.022 Y116.102
G1 F2839.1 X97.022 Y114.628 E497.73239
G1 X97.022 Y113.974 E497.76284
G1 X97.022 Y111.176 E497.89313
G1 X99.281 Y110.264 E498.00656
G1 X99.391 Y110.22 E498.01208
G1 X99.965 Y109.988 E498.04091
G1 X99.518 Y110.532 E498.05641
G1 X99.444 Y110.625 E498.06152
G1 X98.317 Y112.042 E498.14583
G1 X97.648 Y113.238 E498.20964
G1 X97.416 Y114.002 E498.24682
G1 X97.227 Y114.628 E498.26994
G1 X97.022 Y116.102 E498.2881
G0 F15000 X96.622 Y120.693
G1 F2839.1 X96.622 Y118.809 E498.37583
G1 X96.622 Y118.808 E498.37588
G1 X96.622 Y99.707 E499.2653
G1 X93.422 Y99.707 E499.41431
G1 X93.422 Y109.707 E499.87995
G1 X92.622 Y109.707 E499.9172
G1 X92.622 Y98.907 E500.42009
G1 X97.422 Y98.907 E500.6436
G1 X97.422 Y110.288 E501.17355
G1 X97.422 Y110.289 E501.17359
G1 X97.422 Y110.583 E501.18728
G1 X97.695 Y110.473 E501.19531
G1 X100.547 Y109.321 E501.33854
G1 X100.548 Y109.32 E501.3386
G1 X101.272 Y109.029 E501.37494
G1 X100.777 Y109.632 E501.39367
G1 X100.776 Y109.633 E501.39374
G1 X99.829 Y110.784 E501.46314
G1 X98.65 Y112.266 E501.55132
G1 X98.018 Y113.395 E501.61157
G1 X97.619 Y114.714 E501.67574
G1 X97.363 Y116.553 E501.7622
G1 X97.034 Y118.768 E501.86647
G1 X97.016 Y118.85 E501.87038
G1 X96.622 Y120.693 E501.9145
G0 F15000 X96.222 Y121.492
;TYPE:WALL-OUTER
G1 F2839.1 X96.222 Y100.107 E502.91027
G1 X93.822 Y100.107 E503.02203
G1 X93.822 Y110.107 E503.48767
G1 X92.222 Y110.107 E503.56217
G1 X92.222 Y98.507 E504.10232
G1 X97.822 Y98.507 E504.36308
G1 X97.822 Y109.99 E504.89777
G1 X102.417 Y108.135 E505.12851
G1 X101.722 Y109.111 E505.1843
G1 X100.14 Y111.036 E505.30033
G1 X98.983 Y112.49 E505.38685
G1 X98.388 Y113.552 E505.44353
G1 X98.011 Y114.8 E505.50424
G1 X97.759 Y116.612 E505.58943
G1 X97.429 Y118.832 E505.69393
G1 X96.86 Y121.493 E505.82064
G1 X96.222 Y121.492 E505.85035
G0 F15000 X96.411 Y121.301
;TYPE:SKIN
G1 F2839.1 X96.553 Y121.16 E505.85976
G1 X96.642 Y120.967 E505.86975
G0 F15000 X96.522 Y120.843
G0 X96.873 Y118.652
G0 X96.834 Y118.613
G1 F2839.1 X96.853 Y118.349 E505.87793
G1 X96.981 Y116.497 E505.9353
G1 X97.116 Y116.349 E505.94149
G0 F15000 X97.029 Y116.262
G0 X97.317 Y113.722
G0 X97.256 Y113.661
G1 F2839.1 X97.29 Y113.412 E505.9494
G1 X97.483 Y113.039 E505.96261
G0 F15000 X97.531 Y113.088
G0 X97.744 Y111.886
G0 X97.67 Y111.812
G1 F2839.1 X97.761 Y111.62 E505.97011
G1 X97.923 Y111.5 E505.97723
G0 F15000 X97.021 Y110.598
G1 F2839.1 X97.021 Y110.315 E505.99198
G1 X97.021 Y99.85 E506.53772
G1 X96.477 Y99.305 E506.57787
G1 X93.083 Y99.305 E506.75486
G1 X93.021 Y100.092 E506.79603
G1 X93.021 Y109.143 E507.26803
G1 X92.819 Y109.507 E507.28973
G0 F15000 X92.843 Y109.531
G0 X93.594 Y99.879
G0 X96.45 Y99.879
G0 X96.797 Y110.656
G0 X96.952 Y110.811
G1 F2839.1 X96.851 Y110.993 E507.30355
G0 F15000 X96.797 Y110.939
G0 X98.776 Y110.655
G0 X98.893 Y110.772
G1 F2839.1 X99.056 Y110.653 E507.31218
G1 X99.219 Y110.533 E507.32083
G0 F15000 X99.26 Y110.574
G0 X100.081 Y109.697
G0 X100.194 Y109.81
G1 F2839.1 X100.359 Y109.692 E507.3292
G1 X100.523 Y109.574 E507.33754
G0 F15000 X100.563 Y109.614
G0 X101.431 Y108.855
G0 X101.498 Y108.852
G1 F2839.1 X101.657 Y108.728 E507.3453
G1 X101.817 Y108.605 E507.35307
G0 F15000 X101.783 Y108.659
G0 X97.6 Y110.319
G0 X97.246 Y99.792
G1 F2839.1 X96.535 Y99.081 E507.37648
G0 F15000 X96.818 Y99.081
G1 F2839.1 X97.246 Y99.509 E507.39058
G0 F15000 X97.246 Y99.226
G1 F2839.1 X97.101 Y99.081 E507.39535
G0 F15000 X97.101 Y99.107
G1 F1500 E500.89535
;MESH:terminale zanzariera verticale antivento con bottoncini.stl
G0 F15000 X97.611 Y110.302
G0 X98.669 Y108.734
G0 X102.692 Y107.1
G0 X103.487 Y108.11
G0 X103.861 Y110.464
G0 X104.365 Y110.968
G0 X106.679 Y110.968
G0 X107.857 Y110.302
G0 X108.942 Y110.302
G0 X109.922 Y112.823
;TYPE:WALL-INNER
G1 F1500 E507.39535
G1 F2839.1 X109.922 Y112.059 E507.43092
G1 X109.922 Y112.058 E507.43097
G1 X109.922 Y111.446 E507.45947
G1 X110.484 Y111.219 E507.48769
G1 X111.186 Y110.936 E507.52294
G1 X110.715 Y111.528 E507.54112
G1 X110.484 Y111.818 E507.55838
G1 X110.295 Y112.156 E507.57642
G1 X109.922 Y112.823 E507.59479
G0 F15000 X109.522 Y116.102
G1 F2839.1 X109.522 Y114.628 E507.66343
G1 X109.522 Y113.974 E507.69388
G1 X109.522 Y111.176 E507.82417
G1 X111.781 Y110.264 E507.9376
G1 X111.891 Y110.22 E507.94312
G1 X112.465 Y109.988 E507.97195
G1 X112.018 Y110.532 E507.98745
G1 X111.944 Y110.625 E507.99256
G1 X110.817 Y112.042 E508.07687
G1 X110.148 Y113.238 E508.14068
G1 X109.916 Y114.002 E508.17786
G1 X109.727 Y114.628 E508.20098
G1 X109.522 Y116.102 E508.21914
G0 F15000 X109.122 Y120.693
G1 F2839.1 X109.122 Y118.809 E508.30687
G1 X109.122 Y118.808 E508.30692
G1 X109.122 Y99.707 E509.19634
G1 X105.922 Y99.707 E509.34534
G1 X105.922 Y109.707 E509.81099
G1 X105.122 Y109.707 E509.84824
G1 X105.122 Y98.907 E510.35113
G1 X109.922 Y98.907 E510.57464
G1 X109.922 Y110.288 E511.10459
G1 X109.922 Y110.289 E511.10463
G1 X109.922 Y110.583 E511.11832
G1 X110.195 Y110.473 E511.12635
G1 X113.047 Y109.321 E511.26958
G1 X113.048 Y109.32 E511.26964
G1 X113.772 Y109.029 E511.30598
G1 X113.277 Y109.632 E511.32471
G1 X113.276 Y109.633 E511.32478
G1 X112.329 Y110.784 E511.39418
G1 X111.15 Y112.266 E511.48236
G1 X110.518 Y113.395 E511.54261
G1 X110.119 Y114.714 E511.60678
G1 X109.863 Y116.553 E511.69323
G1 X109.534 Y118.768 E511.79751
G1 X109.516 Y118.85 E511.80142
G1 X109.122 Y120.693 E511.84554
G0 F15000 X108.722 Y121.492
;TYPE:WALL-OUTER
G1 F2839.1 X108.722 Y100.107 E512.84131
G1 X106.322 Y100.107 E512.95307
G1 X106.322 Y110.107 E513.41871
G1 X104.722 Y110.107 E513.49321
G1 X104.722 Y98.507 E514.03336
G1 X110.322 Y98.507 E514.29412
G1 X110.322 Y109.99 E514.82881
G1 X114.917 Y108.135 E515.05955
G1 X114.222 Y109.111 E515.11534
G1 X112.64 Y111.036 E515.23137
G1 X111.483 Y112.49 E515.31789
G1 X110.888 Y113.552 E515.37457
G1 X110.511 Y114.8 E515.43528
G1 X110.259 Y116.612 E515.52047
G1 X109.929 Y118.832 E515.62497
G1 X109.36 Y121.493 E515.75168
G1 X108.722 Y121.492 E515.78139
G0 F15000 X109.024 Y121.187
;TYPE:SKIN
G1 F2839.1 X109.107 Y120.986 E515.79318
G1 X109.289 Y120.886 E515.80443
G0 F15000 X109.191 Y120.852
G0 X109.332 Y118.666
G0 X109.314 Y118.648
G1 F2839.1 X109.349 Y118.4 E515.81203
G1 X109.477 Y116.548 E515.8684
G1 X109.583 Y116.371 E515.87466
G0 F15000 X109.47 Y116.258
G0 X109.805 Y113.764
G0 X109.751 Y113.71
G1 F2839.1 X109.783 Y113.46 E515.88263
G1 X109.936 Y113.047 E515.89656
G0 F15000 X110.011 Y113.122
G0 X110.225 Y111.922
G0 X110.16 Y111.857
G1 F2839.1 X110.23 Y111.644 E515.90443
G1 X110.392 Y111.523 E515.91153
G0 F15000 X109.521 Y110.652
G1 F2839.1 X109.521 Y110.369 E515.92638
G1 X109.521 Y99.904 E516.47543
G1 X108.923 Y99.306 E516.5198
G1 X109.364 Y99.464 E516.54437
G0 F15000 X109.747 Y99.564
G1 F2839.1 X109.264 Y99.081 E516.56028
G0 F15000 X109.547 Y99.081
G1 F2839.1 X109.747 Y99.282 E516.56688
G0 F15000 X108.64 Y99.306
G1 F2839.1 X108.357 Y99.306 E516.5823
G1 X105.529 Y99.306 E516.7364
G1 X105.521 Y105.238 E517.05963
G1 X105.521 Y109.198 E517.27541
G1 X105.433 Y109.393 E517.28707
G0 F15000 X105.571 Y109.531
G0 X106.094 Y99.879
G0 X108.95 Y99.879
G0 X109.296 Y110.71
G0 X109.432 Y110.846
G1 F2839.1 X109.331 Y111.028 E517.29835
G0 F15000 X109.296 Y110.993
G0 X111.237 Y110.672
G0 X111.361 Y110.796
G1 F2839.1 X111.525 Y110.676 E517.30783
G1 X111.688 Y110.557 E517.31724
G0 F15000 X111.737 Y110.605
G0 X112.542 Y109.713
G0 X112.662 Y109.834
G1 F2839.1 X112.826 Y109.715 E517.32639
G1 X112.991 Y109.597 E517.33554
G0 F15000 X113.038 Y109.644
G0 X113.892 Y108.871
G0 X113.967 Y108.875
G1 F2839.1 X114.126 Y108.752 E517.34867
G0 F15000 X114.25 Y108.593
G1 F2839.1 X114.322 Y108.666 E517.35106
G1 F1500 E510.85106
;MESH:NONMESH
G0 F300 X114.322 Y108.666 Z7.28
G0 F15000 X114.217 Y108.686
G0 X108.942 Y112.823
G0 X107.857 Y112.823
G0 X99.703 Y112.974
G0 X98.8 Y112.367
G0 X97.422 Y112.823
;TIME_ELAPSED:545.271538
;LAYER:25
;TYPE:WALL-INNER
;MESH:terminale zanzariera verticale antivento con bottoncini.stl(1)
G1 F1500 E517.35106
G1 F2805.5 X97.422 Y112.059 E517.38664
G1 X97.422 Y112.058 E517.38668
G1 X97.422 Y111.446 E517.41518
G1 X97.984 Y111.219 E517.4434
G1 X98.686 Y110.936 E517.47865
G1 X98.215 Y111.528 E517.49683
G1 X97.984 Y111.818 E517.5141
G1 X97.795 Y112.156 E517.53213
G1 X97.422 Y112.823 E517.5505
G0 F15000 X97.022 Y116.102
G1 F2805.5 X97.022 Y114.628 E517.61914
G1 X97.022 Y113.974 E517.64959
G1 X97.022 Y111.176 E517.77988
G1 X99.281 Y110.264 E517.89332
G1 X99.391 Y110.22 E517.89883
G1 X99.965 Y109.988 E517.92766
G1 X99.518 Y110.532 E517.94316
G1 X99.444 Y110.625 E517.94827
G1 X98.317 Y112.042 E518.03258
G1 X97.648 Y113.238 E518.09639
G1 X97.416 Y114.002 E518.13357
G1 X97.227 Y114.628 E518.15669
G1 X97.022 Y116.102 E518.17486
G0 F15000 X96.622 Y120.693
G1 F2805.5 X96.622 Y118.809 E518.26258
G1 X96.622 Y118.808 E518.26263
G1 X96.622 Y99.707 E519.15205
G1 X93.422 Y99.707 E519.30106
G1 X93.422 Y109.707 E519.7667
G1 X92.622 Y109.707 E519.80395
G1 X92.622 Y98.907 E520.30684
G1 X97.422 Y98.907 E520.53035
G1 X97.422 Y110.288 E521.0603
G1 X97.422 Y110.289 E521.06034
G1 X97.422 Y110.583 E521.07403
G1 X97.695 Y110.473 E521.08206
G1 X100.547 Y109.321 E521.22529
G1 X100.548 Y109.32 E521.22536
G1 X101.272 Y109.029 E521.26169
G1 X100.777 Y109.632 E521.28042
G1 X100.776 Y109.633 E521.28049
G1 X99.829 Y110.784 E521.34989
G1 X98.65 Y112.266 E521.43808
G1 X98.018 Y113.395 E521.49832
G1 X97.619 Y114.714 E521.56249
G1 X97.363 Y116.553 E521.64895
G1 X97.034 Y118.768 E521.75322
G1 X97.016 Y118.85 E521.75713
G1 X96.622 Y120.693 E521.80125
G0 F15000 X96.222 Y121.492
;TYPE:WALL-OUTER
G1 F2805.5 X96.222 Y100.107 E522.79703
G1 X93.822 Y100.107 E522.90878
G1 X93.822 Y110.107 E523.37442
G1 X92.222 Y110.107 E523.44892
G1 X92.222 Y98.507 E523.98907
G1 X97.822 Y98.507 E524.24983
G1 X97.822 Y109.99 E524.78452
G1 X102.417 Y108.135 E525.01526
G1 X101.722 Y109.111 E525.07106
G1 X100.14 Y111.036 E525.18708
G1 X98.983 Y112.49 E525.2736
G1 X98.388 Y113.552 E525.33029
G1 X98.011 Y114.8 E525.39099
G1 X97.759 Y116.612 E525.47618
G1 X97.429 Y118.832 E525.58069
G1 X96.86 Y121.493 E525.70739
G1 X96.222 Y121.492 E525.7371
G0 F15000 X96.627 Y121.16
;TYPE:SKIN
G1 F2805.5 X96.523 Y120.982 E525.75572
G0 F15000 X96.522 Y121.109
G0 X96.796 Y118.446
G0 X96.859 Y118.383
G1 F2805.5 X96.883 Y118.075 E525.76621
G1 X97.006 Y116.538 E525.81858
G1 X96.899 Y116.363 E525.82555
G0 F15000 X97.003 Y116.26
G0 X97.197 Y113.803
G0 X97.265 Y113.734
G1 F2805.5 X97.327 Y113.39 E525.83749
G1 X97.319 Y113.114 E525.84693
G0 F15000 X97.442 Y112.992
G0 X97.581 Y111.922
G0 X97.698 Y111.887
G1 F2805.5 X97.717 Y111.585 E525.86162
G0 F15000 X97.838 Y111.465
G0 X97.246 Y110.642
G0 X97.021 Y110.867
G1 F2805.5 X97.021 Y110.584 E525.87669
G1 X97.021 Y99.553 E526.46391
G1 X96.986 Y99.306 E526.47719
G1 X93.592 Y99.306 E526.65787
G1 X93.165 Y99.449 E526.68184
G0 F15000 X92.797 Y99.535
G1 F2805.5 X93.251 Y99.081 E526.69679
G0 F15000 X92.882 Y99.167
G1 F2805.5 X93.021 Y99.876 E526.73303
G1 X93.021 Y109.21 E527.20124
G1 X93.114 Y109.399 E527.21181
G0 F15000 X92.983 Y109.531
G0 X93.594 Y99.879
G0 X96.45 Y99.879
G0 X96.461 Y110.291
G0 X98.785 Y110.8
G0 X98.91 Y110.674
G1 F2805.5 X99.017 Y110.85 E527.22746
G0 F15000 X98.906 Y110.962
G0 X100.164 Y109.987
G0 X100.389 Y109.762
G1 F2805.5 X100.138 Y109.729 E527.2485
G0 F15000 X100.044 Y109.824
G0 X101.348 Y108.889
G0 X101.378 Y108.773
G1 F2805.5 X101.646 Y108.788 E527.26536
G1 F1500 E520.76536
;MESH:terminale zanzariera verticale antivento con bottoncini.stl
G0 F15000 X101.735 Y108.733
G0 X102.714 Y109.209
G0 X103.857 Y108.588
G0 X104.942 Y108.588
G0 X106.094 Y99.879
G0 X108.95 Y99.879
G0 X109.922 Y112.823
;TYPE:WALL-INNER
G1 F1500 E527.26536
G1 F2805.5 X109.922 Y112.059 E527.30093
G1 X109.922 Y112.058 E527.30098
G1 X109.922 Y111.446 E527.32947
G1 X110.484 Y111.219 E527.3577
G1 X111.186 Y110.936 E527.39294
G1 X110.715 Y111.528 E527.41113
G1 X110.484 Y111.818 E527.42839
G1 X110.295 Y112.156 E527.44642
G1 X109.922 Y112.823 E527.4648
G0 F15000 X109.522 Y116.102
G1 F2805.5 X109.522 Y114.628 E527.53343
G1 X109.522 Y113.974 E527.56389
G1 X109.522 Y111.176 E527.69417
G1 X111.781 Y110.264 E527.80761
G1 X111.891 Y110.22 E527.81313
G1 X112.465 Y109.988 E527.84195
G1 X112.018 Y110.532 E527.85746
G1 X111.944 Y110.625 E527.86257
G1 X110.817 Y112.042 E527.94687
G1 X110.148 Y113.238 E528.01068
G1 X109.916 Y114.002 E528.04786
G1 X109.727 Y114.628 E528.07098
G1 X109.522 Y116.102 E528.08915
G0 F15000 X109.122 Y120.693
G1 F2805.5 X109.122 Y118.809 E528.17688
G1 X109.122 Y118.808 E528.17692
G1 X109.122 Y99.707 E529.06635
G1 X105.922 Y99.707 E529.21535
G1 X105.922 Y109.707 E529.68099
G1 X105.122 Y109.707 E529.71824
G1 X105.122 Y98.907 E530.22114
G1 X109.922 Y98.907 E530.44465
G1 X109.922 Y110.288 E530.97459
G1 X109.922 Y110.289 E530.97464
G1 X109.922 Y110.583 E530.98833
G1 X110.195 Y110.473 E530.99636
G1 X113.047 Y109.321 E531.13958
G1 X113.048 Y109.32 E531.13965
G1 X113.772 Y109.029 E531.17598
G1 X113.277 Y109.632 E531.19472
G1 X113.276 Y109.633 E531.19478
G1 X112.329 Y110.784 E531.26419
G1 X111.15 Y112.266 E531.35237
G1 X110.518 Y113.395 E531.41262
G1 X110.119 Y114.714 E531.47678
G1 X109.863 Y116.553 E531.56324
G1 X109.534 Y118.768 E531.66751
G1 X109.516 Y118.85 E531.67142
G1 X109.122 Y120.693 E531.71554
G0 F15000 X108.722 Y121.492
;TYPE:WALL-OUTER
G1 F2805.5 X108.722 Y100.107 E532.71132
G1 X106.322 Y100.107 E532.82307
G1 X106.322 Y110.107 E533.28872
G1 X104.722 Y110.107 E533.36322
G1 X104.722 Y98.507 E533.90336
G1 X110.322 Y98.507 E534.16412
G1 X110.322 Y109.99 E534.69882
G1 X114.917 Y108.135 E534.92956
G1 X114.222 Y109.111 E534.98535
G1 X112.64 Y111.036 E535.10137
G1 X111.483 Y112.49 E535.1879
G1 X110.888 Y113.552 E535.24458
G1 X110.511 Y114.8 E535.30529
G1 X110.259 Y116.612 E535.39047
G1 X109.929 Y118.832 E535.49498
G1 X109.36 Y121.493 E535.62169
G1 X108.722 Y121.492 E535.6514
G0 F15000 X109.108 Y121.125
;TYPE:SKIN
G1 F2805.5 X108.998 Y120.951 E535.67073
G0 F15000 X109.022 Y121.053
G0 X109.305 Y118.665
G0 X109.344 Y118.626
G1 F2805.5 X109.364 Y118.323 E535.68007
G1 X109.506 Y116.484 E535.73679
G1 X109.374 Y116.333 E535.74295
G0 F15000 X109.452 Y116.256
G0 X109.697 Y113.748
G0 X109.777 Y113.667
G1 F2805.5 X109.839 Y113.322 E535.75583
G1 X109.797 Y113.082 E535.76478
G0 F15000 X109.697 Y113.183
G0 X110.081 Y111.922
G0 X110.267 Y111.763
G1 F2805.5 X110.171 Y111.577 E535.77022
G1 X109.71 Y110.905 E535.79138
G0 F15000 X109.521 Y110.812
G1 F2805.5 X109.521 Y110.529 E535.80649
G1 X109.521 Y99.498 E536.39546
G0 F15000 X109.43 Y99.306
G1 F2805.5 X109.147 Y99.306 E536.4098
G1 X106.036 Y99.306 E536.56747
G1 X105.637 Y99.422 E536.58853
G1 X105.354 Y99.139 E536.60882
G1 X105.521 Y100.104 E536.65845
G1 X105.521 Y109.155 E537.11718
G1 X105.728 Y109.513 E537.13814
G0 F15000 X105.746 Y109.496
G0 X106.094 Y99.879
G0 X108.95 Y99.879
G0 X108.961 Y110.238
G0 X111.261 Y110.77
G0 X111.352 Y110.678
G1 F2805.5 X111.599 Y110.715 E537.15848
G0 F15000 X112.865 Y109.731
G1 F2805.5 X112.58 Y109.733 E537.17727
G0 F15000 X112.52 Y109.793
G0 X113.838 Y108.893
G0 X113.8 Y108.796
G1 F2805.5 X113.84 Y108.756 E537.17859
G0 F15000 X113.919 Y108.96
G1 F2805.5 X114.313 Y108.567 E537.19154
G1 F1500 E530.69154
;MESH:NONMESH
G0 F300 X114.313 Y108.567 Z7.56
G0 F15000 X114.238 Y108.658
G0 X108.942 Y112.823
G0 X107.857 Y112.823
G0 X99.703 Y112.974
G0 X98.8 Y112.367
G0 X97.422 Y112.823
;TIME_ELAPSED:565.128879
;LAYER:26
;TYPE:WALL-INNER
;MESH:terminale zanzariera verticale antivento con bottoncini.stl(1)
G1 F1500 E537.19154
G1 F2839.1 X97.422 Y112.059 E537.22712
G1 X97.422 Y112.058 E537.22716
G1 X97.422 Y111.446 E537.25566
G1 X97.984 Y111.219 E537.28388
G1 X98.686 Y110.936 E537.31913
G1 X98.215 Y111.528 E537.33731
G1 X97.984 Y111.818 E537.35458
G1 X97.795 Y112.156 E537.37261
G1 X97.422 Y112.823 E537.39098
G0 F15000 X97.022 Y116.102
G1 F2839.1 X97.022 Y114.628 E537.45962
G1 X97.022 Y113.974 E537.49007
G1 X97.022 Y111.176 E537.62036
G1 X99.281 Y110.264 E537.7338
G1 X99.391 Y110.22 E537.73931
G1 X99.965 Y109.988 E537.76814
G1 X99.518 Y110.532 E537.78364
G1 X99.444 Y110.625 E537.78875
G1 X98.317 Y112.042 E537.87306
G1 X97.648 Y113.238 E537.93687
G1 X97.416 Y114.002 E537.97405
G1 X97.227 Y114.628 E537.99717
G1 X97.022 Y116.102 E538.01534
G0 F15000 X96.622 Y120.693
G1 F2839.1 X96.622 Y118.809 E538.10306
G1 X96.622 Y118.808 E538.10311
G1 X96.622 Y99.707 E538.99253
G1 X93.422 Y99.707 E539.14154
G1 X93.422 Y109.707 E539.60718
G1 X92.622 Y109.707 E539.64443
G1 X92.622 Y98.907 E540.14732
G1 X97.422 Y98.907 E540.37083
G1 X97.422 Y110.288 E540.90078
G1 X97.422 Y110.289 E540.90083
G1 X97.422 Y110.583 E540.91452
G1 X97.695 Y110.473 E540.92254
G1 X100.547 Y109.321 E541.06577
G1 X100.548 Y109.32 E541.06584
G1 X101.272 Y109.029 E541.10217
G1 X100.777 Y109.632 E541.1209
G1 X100.776 Y109.633 E541.12097
G1 X99.829 Y110.784 E541.19037
G1 X98.65 Y112.266 E541.27856
G1 X98.018 Y113.395 E541.3388
G1 X97.619 Y114.714 E541.40297
G1 X97.363 Y116.553 E541.48943
G1 X97.034 Y118.768 E541.5937
G1 X97.016 Y118.85 E541.59761
G1 X96.622 Y120.693 E541.64173
G0 F15000 X96.222 Y121.492
;TYPE:WALL-OUTER
G1 F2839.1 X96.222 Y100.107 E542.63751
G1 X93.822 Y100.107 E542.74926
G1 X93.822 Y110.107 E543.2149
G1 X92.222 Y110.107 E543.2894
G1 X92.222 Y98.507 E543.82955
G1 X97.822 Y98.507 E544.09031
G1 X97.822 Y109.99 E544.62501
G1 X102.417 Y108.135 E544.85575
G1 X101.722 Y109.111 E544.91154
G1 X100.14 Y111.036 E545.02756
G1 X98.983 Y112.49 E545.11408
G1 X98.388 Y113.552 E545.17077
G1 X98.011 Y114.8 E545.23147
G1 X97.759 Y116.612 E545.31666
G1 X97.429 Y118.832 E545.42117
G1 X96.86 Y121.493 E545.54787
G1 X96.222 Y121.492 E545.57758
G0 F15000 X96.411 Y121.301
;TYPE:SKIN
G1 F2839.1 X96.553 Y121.16 E545.58699
G1 X96.642 Y120.967 E545.59698
G0 F15000 X96.522 Y120.843
G0 X96.873 Y118.652
G0 X96.834 Y118.613
G1 F2839.1 X96.853 Y118.349 E545.60516
G1 X96.981 Y116.497 E545.66253
G1 X97.116 Y116.349 E545.66872
G0 F15000 X97.029 Y116.262
G0 X97.317 Y113.722
G0 X97.256 Y113.661
G1 F2839.1 X97.29 Y113.412 E545.67663
G1 X97.483 Y113.039 E545.68984
G0 F15000 X97.531 Y113.088
G0 X97.744 Y111.886
G0 X97.67 Y111.812
G1 F2839.1 X97.761 Y111.62 E545.69734
G1 X97.923 Y111.5 E545.70446
G0 F15000 X97.021 Y110.598
G1 F2839.1 X97.021 Y110.315 E545.71922
G1 X97.021 Y99.85 E546.26495
G1 X96.477 Y99.305 E546.3051
G1 X93.083 Y99.305 E546.4821
G1 X93.021 Y100.092 E546.52326
G1 X93.021 Y109.143 E546.99526
G1 X92.819 Y109.507 E547.01697
G0 F15000 X92.843 Y109.531
G0 X93.594 Y99.879
G0 X96.45 Y99.879
G0 X96.797 Y110.656
G0 X96.952 Y110.811
G1 F2839.1 X96.851 Y110.993 E547.03078
G0 F15000 X96.797 Y110.939
G0 X98.776 Y110.655
G0 X98.893 Y110.772
G1 F2839.1 X99.056 Y110.653 E547.03941
G1 X99.219 Y110.533 E547.04806
G0 F15000 X99.26 Y110.574
G0 X100.081 Y109.697
G0 X100.194 Y109.81
G1 F2839.1 X100.359 Y109.692 E547.05644
G1 X100.523 Y109.574 E547.06478
G0 F15000 X100.563 Y109.614
G0 X101.431 Y108.855
G0 X101.498 Y108.852
G1 F2839.1 X101.657 Y108.728 E547.07254
G1 X101.817 Y108.605 E547.0803
G0 F15000 X101.783 Y108.659
G0 X97.6 Y110.319
G0 X97.246 Y99.792
G1 F2839.1 X96.535 Y99.081 E547.10371
G0 F15000 X96.818 Y99.081
G1 F2839.1 X97.246 Y99.509 E547.11781
G0 F15000 X97.246 Y99.226
G1 F2839.1 X97.101 Y99.081 E547.12258
G0 F15000 X97.101 Y99.107
G1 F1500 E540.62258
;MESH:terminale zanzariera verticale antivento con bottoncini.stl
G0 F15000 X97.611 Y110.302
G0 X98.669 Y108.734
G0 X102.692 Y107.1
G0 X103.487 Y108.11
G0 X103.861 Y110.464
G0 X104.365 Y110.968
G0 X106.679 Y110.968
G0 X107.857 Y110.302
G0 X108.942 Y110.302
G0 X109.922 Y112.823
;TYPE:WALL-INNER
G1 F1500 E547.12258
G1 F2839.1 X109.922 Y112.059 E547.15816
G1 X109.922 Y112.058 E547.1582
G1 X109.922 Y111.446 E547.1867
G1 X110.484 Y111.219 E547.21492
G1 X111.186 Y110.936 E547.25017
G1 X110.715 Y111.528 E547.26835
G1 X110.484 Y111.818 E547.28562
G1 X110.295 Y112.156 E547.30365
G1 X109.922 Y112.823 E547.32202
G0 F15000 X109.522 Y116.102
G1 F2839.1 X109.522 Y114.628 E547.39066
G1 X109.522 Y113.974 E547.42111
G1 X109.522 Y111.176 E547.5514
G1 X111.781 Y110.264 E547.66484
G1 X111.891 Y110.22 E547.67035
G1 X112.465 Y109.988 E547.69918
G1 X112.018 Y110.532 E547.71468
G1 X111.944 Y110.625 E547.71979
G1 X110.817 Y112.042 E547.8041
G1 X110.148 Y113.238 E547.86791
G1 X109.916 Y114.002 E547.90509
G1 X109.727 Y114.628 E547.92821
G1 X109.522 Y116.102 E547.94637
G0 F15000 X109.122 Y120.693
G1 F2839.1 X109.122 Y118.809 E548.0341
G1 X109.122 Y118.808 E548.03415
G1 X109.122 Y99.707 E548.92357
G1 X105.922 Y99.707 E549.07258
G1 X105.922 Y109.707 E549.53822
G1 X105.122 Y109.707 E549.57547
G1 X105.122 Y98.907 E550.07836
G1 X109.922 Y98.907 E550.30187
G1 X109.922 Y110.288 E550.83182
G1 X109.922 Y110.289 E550.83186
G1 X109.922 Y110.583 E550.84555
G1 X110.195 Y110.473 E550.85358
G1 X113.047 Y109.321 E550.99681
G1 X113.048 Y109.32 E550.99688
G1 X113.772 Y109.029 E551.03321
G1 X113.277 Y109.632 E551.05194
G1 X113.276 Y109.633 E551.05201
G1 X112.329 Y110.784 E551.12141
G1 X111.15 Y112.266 E551.2096
G1 X110.518 Y113.395 E551.26984
G1 X110.119 Y114.714 E551.33401
G1 X109.863 Y116.553 E551.42047
G1 X109.534 Y118.768 E551.52474
G1 X109.516 Y118.85 E551.52865
G1 X109.122 Y120.693 E551.57277
G0 F15000 X108.722 Y121.492
;TYPE:WALL-OUTER
G1 F2839.1 X108.722 Y100.107 E552.56855
G1 X106.322 Y100.107 E552.6803
G1 X106.322 Y110.107 E553.14594
G1 X104.722 Y110.107 E553.22044
G1 X104.722 Y98.507 E553.76059
G1 X110.322 Y98.507 E554.02135
G1 X110.322 Y109.99 E554.55604
G1 X114.917 Y108.135 E554.78678
G1 X114.222 Y109.111 E554.84258
G1 X112.64 Y111.036 E554.9586
G1 X111.483 Y112.49 E555.04512
G1 X110.888 Y113.552 E555.10181
G1 X110.511 Y114.8 E555.16251
G1 X110.259 Y116.612 E555.2477
G1 X109.929 Y118.832 E555.35221
G1 X109.36 Y121.493 E555.47891
G1 X108.722 Y121.492 E555.50862
G0 F15000 X109.024 Y121.187
;TYPE:SKIN
G1 F2839.1 X109.107 Y120.986 E555.52041
G1 X109.289 Y120.886 E555.53166
G0 F15000 X109.191 Y120.852
G0 X109.332 Y118.666
G0 X109.314 Y118.648
G1 F2839.1 X109.349 Y118.4 E555.53927
G1 X109.477 Y116.548 E555.59563
G1 X109.583 Y116.371 E555.6019
G0 F15000 X109.47 Y116.258
G0 X109.805 Y113.764
G0 X109.751 Y113.71
G1 F2839.1 X109.783 Y113.46 E555.60987
G1 X109.936 Y113.047 E555.62379
G0 F15000 X110.011 Y113.122
G0 X110.225 Y111.922
G0 X110.16 Y111.857
G1 F2839.1 X110.23 Y111.644 E555.63166
G1 X110.392 Y111.523 E555.63876
G0 F15000 X109.521 Y110.652
G1 F2839.1 X109.521 Y110.369 E555.65361
G1 X109.521 Y99.904 E556.20266
G1 X108.923 Y99.306 E556.24703
G1 X109.364 Y99.464 E556.2716
G0 F15000 X109.747 Y99.564
G1 F2839.1 X109.264 Y99.081 E556.28751
G0 F15000 X109.547 Y99.081
G1 F2839.1 X109.747 Y99.282 E556.29411
G0 F15000 X108.64 Y99.306
G1 F2839.1 X108.357 Y99.306 E556.30953
G1 X105.529 Y99.306 E556.46363
G1 X105.521 Y105.238 E556.78686
G1 X105.521 Y109.198 E557.00264
G1 X105.433 Y109.393 E557.0143
G0 F15000 X105.571 Y109.531
G0 X106.094 Y99.879
G0 X108.95 Y99.879
G0 X109.296 Y110.71
G0 X109.432 Y110.846
G1 F2839.1 X109.331 Y111.028 E557.02558
G0 F15000 X109.296 Y110.993
G0 X111.237 Y110.672
G0 X111.361 Y110.796
G1 F2839.1 X111.525 Y110.676 E557.03506
G1 X111.688 Y110.557 E557.04448
G0 F15000 X111.737 Y110.605
G0 X112.542 Y109.713
G0 X112.662 Y109.834
G1 F2839.1 X112.826 Y109.715 E557.05362
G1 X112.991 Y109.597 E557.06277
G0 F15000 X113.038 Y109.644
G0 X113.892 Y108.871
G0 X113.967 Y108.875
G1 F2839.1 X114.126 Y108.752 E557.07591
G0 F15000 X114.25 Y108.593
G1 F2839.1 X114.322 Y108.666 E557.07829
G1 F1500 E550.57829
;MESH:NONMESH
G0 F300 X114.322 Y108.666 Z7.84
G0 F15000 X114.217 Y108.686
G0 X108.942 Y112.823
G0 X107.857 Y112.823
G0 X99.703 Y112.974
G0 X98.8 Y112.367
G0 X97.422 Y112.823
;TIME_ELAPSED:585.888991
;LAYER:27
;TYPE:WALL-INNER
;MESH:terminale zanzariera verticale antivento con bottoncini.stl(1)
G1 F1500 E557.07829
G1 F2805.5 X97.422 Y112.059 E557.11387
G1 X97.422 Y112.058 E557.11392
G1 X97.422 Y111.446 E557.14241
G1 X97.984 Y111.219 E557.17064
G1 X98.686 Y110.936 E557.20588
G1 X98.215 Y111.528 E557.22406
G1 X97.984 Y111.818 E557.24133
G1 X97.795 Y112.156 E557.25936
G1 X97.422 Y112.823 E557.27773
G0 F15000 X97.022 Y116.102
G1 F2805.5 X97.022 Y114.628 E557.34637
G1 X97.022 Y113.974 E557.37682
G1 X97.022 Y111.176 E557.50711
G1 X99.281 Y110.264 E557.62055
G1 X99.391 Y110.22 E557.62606
G1 X99.965 Y109.988 E557.65489
G1 X99.518 Y110.532 E557.6704
G1 X99.444 Y110.625 E557.67551
G1 X98.317 Y112.042 E557.75981
G1 X97.648 Y113.238 E557.82362
G1 X97.416 Y114.002 E557.8608
G1 X97.227 Y114.628 E557.88392
G1 X97.022 Y116.102 E557.90209
G0 F15000 X96.622 Y120.693
G1 F2805.5 X96.622 Y118.809 E557.98981
G1 X96.622 Y118.808 E557.98986
G1 X96.622 Y99.707 E558.87928
G1 X93.422 Y99.707 E559.02829
G1 X93.422 Y109.707 E559.49393
G1 X92.622 Y109.707 E559.53118
G1 X92.622 Y98.907 E560.03407
G1 X97.422 Y98.907 E560.25758
G1 X97.422 Y110.288 E560.78753
G1 X97.422 Y110.289 E560.78758
G1 X97.422 Y110.583 E560.80127
G1 X97.695 Y110.473 E560.8093
G1 X100.547 Y109.321 E560.95252
G1 X100.548 Y109.32 E560.95259
G1 X101.272 Y109.029 E560.98892
G1 X100.777 Y109.632 E561.00766
G1 X100.776 Y109.633 E561.00772
G1 X99.829 Y110.784 E561.07713
G1 X98.65 Y112.266 E561.16531
G1 X98.018 Y113.395 E561.22555
G1 X97.619 Y114.714 E561.28972
G1 X97.363 Y116.553 E561.37618
G1 X97.034 Y118.768 E561.48045
G1 X97.016 Y118.85 E561.48436
G1 X96.622 Y120.693 E561.52848
G0 F15000 X96.222 Y121.492
;TYPE:WALL-OUTER
G1 F2805.5 X96.222 Y100.107 E562.52426
G1 X93.822 Y100.107 E562.63601
G1 X93.822 Y110.107 E563.10165
G1 X92.222 Y110.107 E563.17616
G1 X92.222 Y98.507 E563.7163
G1 X97.822 Y98.507 E563.97706
G1 X97.822 Y109.99 E564.51176
G1 X102.417 Y108.135 E564.7425
G1 X101.722 Y109.111 E564.79829
G1 X100.14 Y111.036 E564.91431
G1 X98.983 Y112.49 E565.00083
G1 X98.388 Y113.552 E565.05752
G1 X98.011 Y114.8 E565.11822
G1 X97.759 Y116.612 E565.20341
G1 X97.429 Y118.832 E565.30792
G1 X96.86 Y121.493 E565.43463
G1 X96.222 Y121.492 E565.46433
G0 F15000 X96.627 Y121.16
;TYPE:SKIN
G1 F2805.5 X96.523 Y120.982 E565.48295
G0 F15000 X96.522 Y121.109
G0 X96.796 Y118.446
G0 X96.859 Y118.383
G1 F2805.5 X96.883 Y118.075 E565.49344
G1 X97.006 Y116.538 E565.54582
G1 X96.899 Y116.363 E565.55278
G0 F15000 X97.003 Y116.26
G0 X97.197 Y113.803
G0 X97.265 Y113.734
G1 F2805.5 X97.327 Y113.39 E565.56472
G1 X97.319 Y113.114 E565.57416
G0 F15000 X97.442 Y112.992
G0 X97.581 Y111.922
G0 X97.698 Y111.887
G1 F2805.5 X97.717 Y111.585 E565.58886
G0 F15000 X97.838 Y111.465
G0 X97.246 Y110.642
G0 X97.021 Y110.867
G1 F2805.5 X97.021 Y110.584 E565.60392
G1 X97.021 Y99.553 E566.19114
G1 X96.986 Y99.306 E566.20442
G1 X93.592 Y99.306 E566.3851
G1 X93.165 Y99.449 E566.40907
G0 F15000 X92.797 Y99.535
G1 F2805.5 X93.251 Y99.081 E566.42402
G0 F15000 X92.882 Y99.167
G1 F2805.5 X93.021 Y99.876 E566.46026
G1 X93.021 Y109.21 E566.92848
G1 X93.114 Y109.399 E566.93904
G0 F15000 X92.983 Y109.531
G0 X93.594 Y99.879
G0 X96.45 Y99.879
G0 X96.461 Y110.291
G0 X98.785 Y110.8
G0 X98.91 Y110.674
G1 F2805.5 X99.017 Y110.85 E566.95469
G0 F15000 X98.906 Y110.962
G0 X100.164 Y109.987
G0 X100.389 Y109.762
G1 F2805.5 X100.138 Y109.729 E566.97573
G0 F15000 X100.044 Y109.824
G0 X101.348 Y108.889
G0 X101.378 Y108.773
G1 F2805.5 X101.646 Y108.788 E566.99259
G1 F1500 E560.49259
;MESH:terminale zanzariera verticale antivento con bottoncini.stl
G0 F15000 X101.735 Y108.733
G0 X102.714 Y109.209
G0 X103.857 Y108.588
G0 X104.942 Y108.588
G0 X106.094 Y99.879
G0 X108.95 Y99.879
G0 X109.922 Y112.823
;TYPE:WALL-INNER
G1 F1500 E566.99259
G1 F2805.5 X109.922 Y112.059 E567.02816
G1 X109.922 Y112.058 E567.02821
G1 X109.922 Y111.446 E567.05671
G1 X110.484 Y111.219 E567.08493
G1 X111.186 Y110.936 E567.12017
G1 X110.715 Y111.528 E567.13836
G1 X110.484 Y111.818 E567.15562
G1 X110.295 Y112.156 E567.17365
G1 X109.922 Y112.823 E567.19203
G0 F15000 X109.522 Y116.102
G1 F2805.5 X109.522 Y114.628 E567.26066
G1 X109.522 Y113.974 E567.29112
G1 X109.522 Y111.176 E567.4214
G1 X111.781 Y110.264 E567.53484
G1 X111.891 Y110.22 E567.54036
G1 X112.465 Y109.988 E567.56919
G1 X112.018 Y110.532 E567.58469
G1 X111.944 Y110.625 E567.5898
G1 X110.817 Y112.042 E567.67411
G1 X110.148 Y113.238 E567.73792
G1 X109.916 Y114.002 E567.7751
G1 X109.727 Y114.628 E567.79822
G1 X109.522 Y116.102 E567.81638
G0 F15000 X109.122 Y120.693
G1 F2805.5 X109.122 Y118.809 E567.90411
G1 X109.122 Y118.808 E567.90415
G1 X109.122 Y99.707 E568.79358
G1 X105.922 Y99.707 E568.94258
G1 X105.922 Y109.707 E569.40822
G1 X105.122 Y109.707 E569.44548
G1 X105.122 Y98.907 E569.94837
G1 X109.922 Y98.907 E570.17188
G1 X109.922 Y110.288 E570.70182
G1 X109.922 Y110.289 E570.70187
G1 X109.922 Y110.583 E570.71556
G1 X110.195 Y110.473 E570.72359
G1 X113.047 Y109.321 E570.86682
G1 X113.048 Y109.32 E570.86688
G1 X113.772 Y109.029 E570.90322
G1 X113.277 Y109.632 E570.92195
G1 X113.276 Y109.633 E570.92202
G1 X112.329 Y110.784 E570.99142
G1 X111.15 Y112.266 E571.0796
G1 X110.518 Y113.395 E571.13985
G1 X110.119 Y114.714 E571.20402
G1 X109.863 Y116.553 E571.29047
G1 X109.534 Y118.768 E571.39474
G1 X109.516 Y118.85 E571.39865
G1 X109.122 Y120.693 E571.44278
G0 F15000 X108.722 Y121.492
;TYPE:WALL-OUTER
G1 F2805.5 X108.722 Y100.107 E572.43855
G1 X106.322 Y100.107 E572.55031
G1 X106.322 Y110.107 E573.01595
G1 X104.722 Y110.107 E573.09045
G1 X104.722 Y98.507 E573.63059
G1 X110.322 Y98.507 E573.89135
G1 X110.322 Y109.99 E574.42605
G1 X114.917 Y108.135 E574.65679
G1 X114.222 Y109.111 E574.71258
G1 X112.64 Y111.036 E574.8286
G1 X111.483 Y112.49 E574.91513
G1 X110.888 Y113.552 E574.97181
G1 X110.511 Y114.8 E575.03252
G1 X110.259 Y116.612 E575.1177
G1 X109.929 Y118.832 E575.22221
G1 X109.36 Y121.493 E575.34892
G1 X108.722 Y121.492 E575.37863
G0 F15000 X109.108 Y121.125
;TYPE:SKIN
G1 F2805.5 X108.998 Y120.951 E575.39796
G0 F15000 X109.022 Y121.053
G0 X109.305 Y118.665
G0 X109.344 Y118.626
G1 F2805.5 X109.364 Y118.323 E575.4073
G1 X109.506 Y116.484 E575.46402
G1 X109.374 Y116.333 E575.47019
G0 F15000 X109.452 Y116.256
G0 X109.697 Y113.748
G0 X109.777 Y113.667
G1 F2805.5 X109.839 Y113.322 E575.48306
G1 X109.797 Y113.082 E575.49202
G0 F15000 X109.697 Y113.183
G0 X110.081 Y111.922
G0 X110.267 Y111.763
G1 F2805.5 X110.171 Y111.577 E575.49745
G1 X109.71 Y110.905 E575.51861
G0 F15000 X109.521 Y110.812
G1 F2805.5 X109.521 Y110.529 E575.53372
G1 X109.521 Y99.498 E576.12269
G0 F15000 X109.43 Y99.306
G1 F2805.5 X109.147 Y99.306 E576.13703
G1 X106.036 Y99.306 E576.29471
G1 X105.637 Y99.422 E576.31577
G1 X105.354 Y99.139 E576.33605
G1 X105.521 Y100.104 E576.38569
G1 X105.521 Y109.155 E576.84441
G1 X105.728 Y109.513 E576.86537
G0 F15000 X105.746 Y109.496
G0 X106.094 Y99.879
G0 X108.95 Y99.879
G0 X108.961 Y110.238
G0 X111.261 Y110.77
G0 X111.352 Y110.678
G1 F2805.5 X111.599 Y110.715 E576.88571
G0 F15000 X112.865 Y109.731
G1 F2805.5 X112.58 Y109.733 E576.9045
G0 F15000 X112.52 Y109.793
G0 X113.838 Y108.893
G0 X113.8 Y108.796
G1 F2805.5 X113.84 Y108.756 E576.90582
G0 F15000 X113.919 Y108.96
G1 F2805.5 X114.313 Y108.567 E576.91877
G1 F1500 E570.41877
;MESH:NONMESH
G0 F300 X114.313 Y108.567 Z8.12
G0 F15000 X114.238 Y108.658
G0 X108.942 Y112.823
G0 X107.857 Y112.823
G0 X99.703 Y112.974
G0 X98.8 Y112.367
G0 X97.422 Y112.823
;TIME_ELAPSED:605.746332
;LAYER:28
;TYPE:WALL-INNER
;MESH:terminale zanzariera verticale antivento con bottoncini.stl(1)
G1 F1500 E576.91877
G1 F2839.1 X97.422 Y112.059 E576.95435
G1 X97.422 Y112.058 E576.9544
G1 X97.422 Y111.446 E576.98289
G1 X97.984 Y111.219 E577.01112
G1 X98.686 Y110.936 E577.04636
G1 X98.215 Y111.528 E577.06454
G1 X97.984 Y111.818 E577.08181
G1 X97.795 Y112.156 E577.09984
G1 X97.422 Y112.823 E577.11822
G0 F15000 X97.022 Y116.102
G1 F2839.1 X97.022 Y114.628 E577.18685
G1 X97.022 Y113.974 E577.2173
G1 X97.022 Y111.176 E577.34759
G1 X99.281 Y110.264 E577.46103
G1 X99.391 Y110.22 E577.46654
G1 X99.965 Y109.988 E577.49537
G1 X99.518 Y110.532 E577.51088
G1 X99.444 Y110.625 E577.51599
G1 X98.317 Y112.042 E577.60029
G1 X97.648 Y113.238 E577.6641
G1 X97.416 Y114.002 E577.70128
G1 X97.227 Y114.628 E577.7244
G1 X97.022 Y116.102 E577.74257
G0 F15000 X96.622 Y120.693
G1 F2839.1 X96.622 Y118.809 E577.83029
G1 X96.622 Y118.808 E577.83034
G1 X96.622 Y99.707 E578.71976
G1 X93.422 Y99.707 E578.86877
G1 X93.422 Y109.707 E579.33441
G1 X92.622 Y109.707 E579.37166
G1 X92.622 Y98.907 E579.87456
G1 X97.422 Y98.907 E580.09806
G1 X97.422 Y110.288 E580.62801
G1 X97.422 Y110.289 E580.62806
G1 X97.422 Y110.583 E580.64175
G1 X97.695 Y110.473 E580.64978
G1 X100.547 Y109.321 E580.793
G1 X100.548 Y109.32 E580.79307
G1 X101.272 Y109.029 E580.8294
G1 X100.777 Y109.632 E580.84814
G1 X100.776 Y109.633 E580.8482
G1 X99.829 Y110.784 E580.91761
G1 X98.65 Y112.266 E581.00579
G1 X98.018 Y113.395 E581.06604
G1 X97.619 Y114.714 E581.1302
G1 X97.363 Y116.553 E581.21666
G1 X97.034 Y118.768 E581.32093
G1 X97.016 Y118.85 E581.32484
G1 X96.622 Y120.693 E581.36896
G0 F15000 X96.222 Y121.492
;TYPE:WALL-OUTER
G1 F2839.1 X96.222 Y100.107 E582.36474
G1 X93.822 Y100.107 E582.47649
G1 X93.822 Y110.107 E582.94213
G1 X92.222 Y110.107 E583.01664
G1 X92.222 Y98.507 E583.55678
G1 X97.822 Y98.507 E583.81754
G1 X97.822 Y109.99 E584.35224
G1 X102.417 Y108.135 E584.58298
G1 X101.722 Y109.111 E584.63877
G1 X100.14 Y111.036 E584.75479
G1 X98.983 Y112.49 E584.84131
G1 X98.388 Y113.552 E584.898
G1 X98.011 Y114.8 E584.9587
G1 X97.759 Y116.612 E585.04389
G1 X97.429 Y118.832 E585.1484
G1 X96.86 Y121.493 E585.27511
G1 X96.222 Y121.492 E585.30481
G0 F15000 X96.411 Y121.301
;TYPE:SKIN
G1 F2839.1 X96.553 Y121.16 E585.31422
G1 X96.642 Y120.967 E585.32422
G0 F15000 X96.522 Y120.843
G0 X96.873 Y118.652
G0 X96.834 Y118.613
G1 F2839.1 X96.853 Y118.349 E585.33239
G1 X96.981 Y116.497 E585.38976
G1 X97.116 Y116.349 E585.39595
G0 F15000 X97.029 Y116.262
G0 X97.317 Y113.722
G0 X97.256 Y113.661
G1 F2839.1 X97.29 Y113.412 E585.40386
G1 X97.483 Y113.039 E585.41707
G0 F15000 X97.531 Y113.088
G0 X97.744 Y111.886
G0 X97.67 Y111.812
G1 F2839.1 X97.761 Y111.62 E585.42457
G1 X97.923 Y111.5 E585.43169
G0 F15000 X97.021 Y110.598
G1 F2839.1 X97.021 Y110.315 E585.44645
G1 X97.021 Y99.85 E585.99218
G1 X96.477 Y99.305 E586.03234
G1 X93.083 Y99.305 E586.20933
G1 X93.021 Y100.092 E586.2505
G1 X93.021 Y109.143 E586.72249
G1 X92.819 Y109.507 E586.7442
G0 F15000 X92.843 Y109.531
G0 X93.594 Y99.879
G0 X96.45 Y99.879
G0 X96.797 Y110.656
G0 X96.952 Y110.811
G1 F2839.1 X96.851 Y110.993 E586.75801
G0 F15000 X96.797 Y110.939
G0 X98.776 Y110.655
G0 X98.893 Y110.772
G1 F2839.1 X99.056 Y110.653 E586.76664
G1 X99.219 Y110.533 E586.77529
G0 F15000 X99.26 Y110.574
G0 X100.081 Y109.697
G0 X100.194 Y109.81
G1 F2839.1 X100.359 Y109.692 E586.78367
G1 X100.523 Y109.574 E586.79201
G0 F15000 X100.563 Y109.614
G0 X101.431 Y108.855
G0 X101.498 Y108.852
G1 F2839.1 X101.657 Y108.728 E586.79977
G1 X101.817 Y108.605 E586.80754
G0 F15000 X101.783 Y108.659
G0 X97.6 Y110.319
G0 X97.246 Y99.792
G1 F2839.1 X96.535 Y99.081 E586.83095
G0 F15000 X96.818 Y99.081
G1 F2839.1 X97.246 Y99.509 E586.84504
G0 F15000 X97.246 Y99.226
G1 F2839.1 X97.101 Y99.081 E586.84981
G0 F15000 X97.101 Y99.107
G1 F1500 E580.34981
;MESH:terminale zanzariera verticale antivento con bottoncini.stl
G0 F15000 X97.611 Y110.302
G0 X98.669 Y108.734
G0 X102.692 Y107.1
G0 X103.487 Y108.11
G0 X103.861 Y110.464
G0 X104.365 Y110.968
G0 X106.679 Y110.968
G0 X107.857 Y110.302
G0 X108.942 Y110.302
G0 X109.922 Y112.823
;TYPE:WALL-INNER
G1 F1500 E586.84981
G1 F2839.1 X109.922 Y112.059 E586.88539
G1 X109.922 Y112.058 E586.88543
G1 X109.922 Y111.446 E586.91393
G1 X110.484 Y111.219 E586.94216
G1 X111.186 Y110.936 E586.9774
G1 X110.715 Y111.528 E586.99558
G1 X110.484 Y111.818 E587.01285
G1 X110.295 Y112.156 E587.03088
G1 X109.922 Y112.823 E587.04925
G0 F15000 X109.522 Y116.102
G1 F2839.1 X109.522 Y114.628 E587.11789
G1 X109.522 Y113.974 E587.14834
G1 X109.522 Y111.176 E587.27863
G1 X111.781 Y110.264 E587.39207
G1 X111.891 Y110.22 E587.39758
G1 X112.465 Y109.988 E587.42641
G1 X112.018 Y110.532 E587.44191
G1 X111.944 Y110.625 E587.44703
G1 X110.817 Y112.042 E587.53133
G1 X110.148 Y113.238 E587.59514
G1 X109.916 Y114.002 E587.63232
G1 X109.727 Y114.628 E587.65544
G1 X109.522 Y116.102 E587.67361
G0 F15000 X109.122 Y120.693
G1 F2839.1 X109.122 Y118.809 E587.76133
G1 X109.122 Y118.808 E587.76138
G1 X109.122 Y99.707 E588.6508
G1 X105.922 Y99.707 E588.79981
G1 X105.922 Y109.707 E589.26545
G1 X105.122 Y109.707 E589.3027
G1 X105.122 Y98.907 E589.80559
G1 X109.922 Y98.907 E590.0291
G1 X109.922 Y110.288 E590.55905
G1 X109.922 Y110.289 E590.5591
G1 X109.922 Y110.583 E590.57279
G1 X110.195 Y110.473 E590.58082
G1 X113.047 Y109.321 E590.72404
G1 X113.048 Y109.32 E590.72411
G1 X113.772 Y109.029 E590.76044
G1 X113.277 Y109.632 E590.77918
G1 X113.276 Y109.633 E590.77924
G1 X112.329 Y110.784 E590.84865
G1 X111.15 Y112.266 E590.93683
G1 X110.518 Y113.395 E590.99707
G1 X110.119 Y114.714 E591.06124
G1 X109.863 Y116.553 E591.1477
G1 X109.534 Y118.768 E591.25197
G1 X109.516 Y118.85 E591.25588
G1 X109.122 Y120.693 E591.3
G0 F15000 X108.722 Y121.492
;TYPE:WALL-OUTER
G1 F2839.1 X108.722 Y100.107 E592.29578
G1 X106.322 Y100.107 E592.40753
G1 X106.322 Y110.107 E592.87317
G1 X104.722 Y110.107 E592.94768
G1 X104.722 Y98.507 E593.48782
G1 X110.322 Y98.507 E593.74858
G1 X110.322 Y109.99 E594.28328
G1 X114.917 Y108.135 E594.51402
G1 X114.222 Y109.111 E594.56981
G1 X112.64 Y111.036 E594.68583
G1 X111.483 Y112.49 E594.77235
G1 X110.888 Y113.552 E594.82904
G1 X110.511 Y114.8 E594.88974
G1 X110.259 Y116.612 E594.97493
G1 X109.929 Y118.832 E595.07944
G1 X109.36 Y121.493 E595.20615
G1 X108.722 Y121.492 E595.23585
G0 F15000 X109.024 Y121.187
;TYPE:SKIN
G1 F2839.1 X109.107 Y120.986 E595.24764
G1 X109.289 Y120.886 E595.25889
G0 F15000 X109.191 Y120.852
G0 X109.332 Y118.666
G0 X109.314 Y118.648
G1 F2839.1 X109.349 Y118.4 E595.2665
G1 X109.477 Y116.548 E595.32286
G1 X109.583 Y116.371 E595.32913
G0 F15000 X109.47 Y116.258
G0 X109.805 Y113.764
G0 X109.751 Y113.71
G1 F2839.1 X109.783 Y113.46 E595.3371
G1 X109.936 Y113.047 E595.35102
G0 F15000 X110.011 Y113.122
G0 X110.225 Y111.922
G0 X110.16 Y111.857
G1 F2839.1 X110.23 Y111.644 E595.3589
G1 X110.392 Y111.523 E595.366
G0 F15000 X109.521 Y110.652
G1 F2839.1 X109.521 Y110.369 E595.38084
G1 X109.521 Y99.904 E595.92989
G1 X108.923 Y99.306 E595.97426
G1 X109.364 Y99.464 E595.99884
G0 F15000 X109.747 Y99.564
G1 F2839.1 X109.264 Y99.081 E596.01474
G0 F15000 X109.547 Y99.081
G1 F2839.1 X109.747 Y99.282 E596.02134
G0 F15000 X108.64 Y99.306
G1 F2839.1 X108.357 Y99.306 E596.03676
G1 X105.529 Y99.306 E596.19086
G1 X105.521 Y105.238 E596.51409
G1 X105.521 Y109.198 E596.72988
G1 X105.433 Y109.393 E596.74153
G0 F15000 X105.571 Y109.531
G0 X106.094 Y99.879
G0 X108.95 Y99.879
G0 X109.296 Y110.71
G0 X109.432 Y110.846
G1 F2839.1 X109.331 Y111.028 E596.75281
G0 F15000 X109.296 Y110.993
G0 X111.237 Y110.672
G0 X111.361 Y110.796
G1 F2839.1 X111.525 Y110.676 E596.76229
G1 X111.688 Y110.557 E596.77171
G0 F15000 X111.737 Y110.605
G0 X112.542 Y109.713
G0 X112.662 Y109.834
G1 F2839.1 X112.826 Y109.715 E596.78085
G1 X112.991 Y109.597 E596.79001
G0 F15000 X113.038 Y109.644
G0 X113.892 Y108.871
G0 X113.967 Y108.875
G1 F2839.1 X114.126 Y108.752 E596.80314
G0 F15000 X114.25 Y108.593
G1 F2839.1 X114.322 Y108.666 E596.80553
G1 F1500 E590.30553
;MESH:NONMESH
G0 F300 X114.322 Y108.666 Z8.4
G0 F15000 X114.217 Y108.686
G0 X108.942 Y112.823
G0 X107.857 Y112.823
G0 X99.703 Y112.974
G0 X98.8 Y112.367
G0 X97.422 Y112.823
;TIME_ELAPSED:626.506443
;LAYER:29
;TYPE:WALL-INNER
;MESH:terminale zanzariera verticale antivento con bottoncini.stl(1)
G1 F1500 E596.80553
G1 F2805.5 X97.422 Y112.059 E596.8411
G1 X97.422 Y112.058 E596.84115
G1 X97.422 Y111.446 E596.86964
G1 X97.984 Y111.219 E596.89787
G1 X98.686 Y110.936 E596.93311
G1 X98.215 Y111.528 E596.9513
G1 X97.984 Y111.818 E596.96856
G1 X97.795 Y112.156 E596.98659
G1 X97.422 Y112.823 E597.00497
G0 F15000 X97.022 Y116.102
G1 F2805.5 X97.022 Y114.628 E597.0736
G1 X97.022 Y113.974 E597.10405
G1 X97.022 Y111.176 E597.23434
G1 X99.281 Y110.264 E597.34778
G1 X99.391 Y110.22 E597.3533
G1 X99.965 Y109.988 E597.38212
G1 X99.518 Y110.532 E597.39763
G1 X99.444 Y110.625 E597.40274
G1 X98.317 Y112.042 E597.48704
G1 X97.648 Y113.238 E597.55085
G1 X97.416 Y114.002 E597.58803
G1 X97.227 Y114.628 E597.61115
G1 X97.022 Y116.102 E597.62932
G0 F15000 X96.622 Y120.693
G1 F2805.5 X96.622 Y118.809 E597.71705
G1 X96.622 Y118.808 E597.71709
G1 X96.622 Y99.707 E598.60651
G1 X93.422 Y99.707 E598.75552
G1 X93.422 Y109.707 E599.22116
G1 X92.622 Y109.707 E599.25841
G1 X92.622 Y98.907 E599.76131
G1 X97.422 Y98.907 E599.98481
G1 X97.422 Y110.288 E600.51476
G1 X97.422 Y110.289 E600.51481
G1 X97.422 Y110.583 E600.5285
G1 X97.695 Y110.473 E600.53653
G1 X100.547 Y109.321 E600.67975
G1 X100.548 Y109.32 E600.67982
G1 X101.272 Y109.029 E600.71615
G1 X100.777 Y109.632 E600.73489
G1 X100.776 Y109.633 E600.73495
G1 X99.829 Y110.784 E600.80436
G1 X98.65 Y112.266 E600.89254
G1 X98.018 Y113.395 E600.95279
G1 X97.619 Y114.714 E601.01695
G1 X97.363 Y116.553 E601.10341
G1 X97.034 Y118.768 E601.20768
G1 X97.016 Y118.85 E601.21159
G1 X96.622 Y120.693 E601.25571
G0 F15000 X96.222 Y121.492
;TYPE:WALL-OUTER
G1 F2805.5 X96.222 Y100.107 E602.25149
G1 X93.822 Y100.107 E602.36324
G1 X93.822 Y110.107 E602.82889
G1 X92.222 Y110.107 E602.90339
G1 X92.222 Y98.507 E603.44353
G1 X97.822 Y98.507 E603.70429
G1 X97.822 Y109.99 E604.23899
G1 X102.417 Y108.135 E604.46973
G1 X101.722 Y109.111 E604.52552
G1 X100.14 Y111.036 E604.64154
G1 X98.983 Y112.49 E604.72807
G1 X98.388 Y113.552 E604.78475
G1 X98.011 Y114.8 E604.84545
G1 X97.759 Y116.612 E604.93064
G1 X97.429 Y118.832 E605.03515
G1 X96.86 Y121.493 E605.16186
G1 X96.222 Y121.492 E605.19157
G0 F15000 X96.627 Y121.16
;TYPE:SKIN
G1 F2805.5 X96.523 Y120.982 E605.21018
G0 F15000 X96.522 Y121.109
G0 X96.796 Y118.446
G0 X96.859 Y118.383
G1 F2805.5 X96.883 Y118.075 E605.22068
G1 X97.006 Y116.538 E605.27305
G1 X96.899 Y116.363 E605.28001
G0 F15000 X97.003 Y116.26
G0 X97.197 Y113.803
G0 X97.265 Y113.734
G1 F2805.5 X97.327 Y113.39 E605.29196
G1 X97.319 Y113.114 E605.30139
G0 F15000 X97.442 Y112.992
G0 X97.581 Y111.922
G0 X97.698 Y111.887
G1 F2805.5 X97.717 Y111.585 E605.31609
G0 F15000 X97.838 Y111.465
G0 X97.246 Y110.642
G0 X97.021 Y110.867
G1 F2805.5 X97.021 Y110.584 E605.33115
G1 X97.021 Y99.553 E605.91837
G1 X96.986 Y99.306 E605.93165
G1 X93.592 Y99.306 E606.11233
G1 X93.165 Y99.449 E606.1363
G0 F15000 X92.797 Y99.535
G1 F2805.5 X93.251 Y99.081 E606.15125
G0 F15000 X92.882 Y99.167
G1 F2805.5 X93.021 Y99.876 E606.18749
G1 X93.021 Y109.21 E606.65571
G1 X93.114 Y109.399 E606.66627
G0 F15000 X92.983 Y109.531
G0 X93.594 Y99.879
G0 X96.45 Y99.879
G0 X96.461 Y110.291
G0 X98.785 Y110.8
G0 X98.91 Y110.674
G1 F2805.5 X99.017 Y110.85 E606.68192
G0 F15000 X98.906 Y110.962
G0 X100.164 Y109.987
G0 X100.389 Y109.762
G1 F2805.5 X100.138 Y109.729 E606.70296
G0 F15000 X100.044 Y109.824
G0 X101.348 Y108.889
G0 X101.378 Y108.773
G1 F2805.5 X101.646 Y108.788 E606.71982
G1 F1500 E600.21982
;MESH:terminale zanzariera verticale antivento con bottoncini.stl
G0 F15000 X101.735 Y108.733
G0 X102.714 Y109.209
G0 X103.857 Y108.588
G0 X104.942 Y108.588
G0 X106.094 Y99.879
G0 X108.95 Y99.879
G0 X109.922 Y112.823
;TYPE:WALL-INNER
G1 F1500 E606.71982
G1 F2805.5 X109.922 Y112.059 E606.75539
G1 X109.922 Y112.058 E606.75544
G1 X109.922 Y111.446 E606.78394
G1 X110.484 Y111.219 E606.81216
G1 X111.186 Y110.936 E606.84741
G1 X110.715 Y111.528 E606.86559
G1 X110.484 Y111.818 E606.88285
G1 X110.295 Y112.156 E606.90089
G1 X109.922 Y112.823 E606.91926
G0 F15000 X109.522 Y116.102
G1 F2805.5 X109.522 Y114.628 E606.9879
G1 X109.522 Y113.974 E607.01835
G1 X109.522 Y111.176 E607.14864
G1 X111.781 Y110.264 E607.26207
G1 X111.891 Y110.22 E607.26759
G1 X112.465 Y109.988 E607.29642
G1 X112.018 Y110.532 E607.31192
G1 X111.944 Y110.625 E607.31703
G1 X110.817 Y112.042 E607.40134
G1 X110.148 Y113.238 E607.46515
G1 X109.916 Y114.002 E607.50233
G1 X109.727 Y114.628 E607.52545
G1 X109.522 Y116.102 E607.54361
G0 F15000 X109.122 Y120.693
G1 F2805.5 X109.122 Y118.809 E607.63134
G1 X109.122 Y118.808 E607.63139
G1 X109.122 Y99.707 E608.52081
G1 X105.922 Y99.707 E608.66981
G1 X105.922 Y109.707 E609.13546
G1 X105.122 Y109.707 E609.17271
G1 X105.122 Y98.907 E609.6756
G1 X109.922 Y98.907 E609.89911
G1 X109.922 Y110.288 E610.42906
G1 X109.922 Y110.289 E610.4291
G1 X109.922 Y110.583 E610.44279
G1 X110.195 Y110.473 E610.45082
G1 X113.047 Y109.321 E610.59405
G1 X113.048 Y109.32 E610.59411
G1 X113.772 Y109.029 E610.63045
G1 X113.277 Y109.632 E610.64918
G1 X113.276 Y109.633 E610.64925
G1 X112.329 Y110.784 E610.71865
G1 X111.15 Y112.266 E610.80683
G1 X110.518 Y113.395 E610.86708
G1 X110.119 Y114.714 E610.93125
G1 X109.863 Y116.553 E611.0177
G1 X109.534 Y118.768 E611.12198
G1 X109.516 Y118.85 E611.12588
G1 X109.122 Y120.693 E611.17001
G0 F15000 X108.722 Y121.492
;TYPE:WALL-OUTER
G1 F2805.5 X108.722 Y100.107 E612.16578
G1 X106.322 Y100.107 E612.27754
G1 X106.322 Y110.107 E612.74318
G1 X104.722 Y110.107 E612.81768
G1 X104.722 Y98.507 E613.35783
G1 X110.322 Y98.507 E613.61859
G1 X110.322 Y109.99 E614.15328
G1 X114.917 Y108.135 E614.38402
G1 X114.222 Y109.111 E614.43981
G1 X112.64 Y111.036 E614.55584
G1 X111.483 Y112.49 E614.64236
G1 X110.888 Y113.552 E614.69904
G1 X110.511 Y114.8 E614.75975
G1 X110.259 Y116.612 E614.84494
G1 X109.929 Y118.832 E614.94944
G1 X109.36 Y121.493 E615.07615
G1 X108.722 Y121.492 E615.10586
G0 F15000 X109.108 Y121.125
;TYPE:SKIN
G1 F2805.5 X108.998 Y120.951 E615.12519
G0 F15000 X109.022 Y121.053
G0 X109.305 Y118.665
G0 X109.344 Y118.626
G1 F2805.5 X109.364 Y118.323 E615.13453
G1 X109.506 Y116.484 E615.19125
G1 X109.374 Y116.333 E615.19742
G0 F15000 X109.452 Y116.256
G0 X109.697 Y113.748
G0 X109.777 Y113.667
G1 F2805.5 X109.839 Y113.322 E615.2103
G1 X109.797 Y113.082 E615.21925
G0 F15000 X109.697 Y113.183
G0 X110.081 Y111.922
G0 X110.267 Y111.763
G1 F2805.5 X110.171 Y111.577 E615.22468
G1 X109.71 Y110.905 E615.24585
G0 F15000 X109.521 Y110.812
G1 F2805.5 X109.521 Y110.529 E615.26096
G1 X109.521 Y99.498 E615.84992
G0 F15000 X109.43 Y99.306
G1 F2805.5 X109.147 Y99.306 E615.86426
G1 X106.036 Y99.306 E616.02194
G1 X105.637 Y99.422 E616.043
G1 X105.354 Y99.139 E616.06328
G1 X105.521 Y100.104 E616.11292
G1 X105.521 Y109.155 E616.57164
G1 X105.728 Y109.513 E616.5926
G0 F15000 X105.746 Y109.496
G0 X106.094 Y99.879
G0 X108.95 Y99.879
G0 X108.961 Y110.238
G0 X111.261 Y110.77
G0 X111.352 Y110.678
G1 F2805.5 X111.599 Y110.715 E616.61294
G0 F15000 X112.865 Y109.731
G1 F2805.5 X112.58 Y109.733 E616.63173
G0 F15000 X112.52 Y109.793
G0 X113.838 Y108.893
G0 X113.8 Y108.796
G1 F2805.5 X113.84 Y108.756 E616.63305
G0 F15000 X113.919 Y108.96
G1 F2805.5 X114.313 Y108.567 E616.64601
G1 F1500 E610.14601
;MESH:NONMESH
G0 F300 X114.313 Y108.567 Z8.68
G0 F15000 X114.238 Y108.658
G0 X108.942 Y112.823
G0 X107.857 Y112.823
G0 X99.703 Y112.974
G0 X98.8 Y112.367
G0 X97.422 Y112.823
;TIME_ELAPSED:646.363784
;LAYER:30
;TYPE:WALL-INNER
;MESH:terminale zanzariera verticale antivento con bottoncini.stl(1)
G1 F1500 E616.64601
G1 F2839.1 X97.422 Y112.059 E616.68158
G1 X97.422 Y112.058 E616.68163
G1 X97.422 Y111.446 E616.71012
G1 X97.984 Y111.219 E616.73835
G1 X98.686 Y110.936 E616.77359
G1 X98.215 Y111.528 E616.79178
G1 X97.984 Y111.818 E616.80904
G1 X97.795 Y112.156 E616.82707
G1 X97.422 Y112.823 E616.84545
G0 F15000 X97.022 Y116.102
G1 F2839.1 X97.022 Y114.628 E616.91408
G1 X97.022 Y113.974 E616.94454
G1 X97.022 Y111.176 E617.07482
G1 X99.281 Y110.264 E617.18826
G1 X99.391 Y110.22 E617.19378
G1 X99.965 Y109.988 E617.2226
G1 X99.518 Y110.532 E617.23811
G1 X99.444 Y110.625 E617.24322
G1 X98.317 Y112.042 E617.32752
G1 X97.648 Y113.238 E617.39133
G1 X97.416 Y114.002 E617.42851
G1 X97.227 Y114.628 E617.45163
G1 X97.022 Y116.102 E617.4698
G0 F15000 X96.622 Y120.693
G1 F2839.1 X96.622 Y118.809 E617.55753
G1 X96.622 Y118.808 E617.55757
G1 X96.622 Y99.707 E618.447
G1 X93.422 Y99.707 E618.596
G1 X93.422 Y109.707 E619.06164
G1 X92.622 Y109.707 E619.09889
G1 X92.622 Y98.907 E619.60179
G1 X97.422 Y98.907 E619.8253
G1 X97.422 Y110.288 E620.35524
G1 X97.422 Y110.289 E620.35529
G1 X97.422 Y110.583 E620.36898
G1 X97.695 Y110.473 E620.37701
G1 X100.547 Y109.321 E620.52023
G1 X100.548 Y109.32 E620.5203
G1 X101.272 Y109.029 E620.55663
G1 X100.777 Y109.632 E620.57537
G1 X100.776 Y109.633 E620.57543
G1 X99.829 Y110.784 E620.64484
G1 X98.65 Y112.266 E620.73302
G1 X98.018 Y113.395 E620.79327
G1 X97.619 Y114.714 E620.85743
G1 X97.363 Y116.553 E620.94389
G1 X97.034 Y118.768 E621.04816
G1 X97.016 Y118.85 E621.05207
G1 X96.622 Y120.693 E621.09619
G0 F15000 X96.222 Y121.492
;TYPE:WALL-OUTER
G1 F2839.1 X96.222 Y100.107 E622.09197
G1 X93.822 Y100.107 E622.20372
G1 X93.822 Y110.107 E622.66937
G1 X92.222 Y110.107 E622.74387
G1 X92.222 Y98.507 E623.28401
G1 X97.822 Y98.507 E623.54477
G1 X97.822 Y109.99 E624.07947
G1 X102.417 Y108.135 E624.31021
G1 X101.722 Y109.111 E624.366
G1 X100.14 Y111.036 E624.48202
G1 X98.983 Y112.49 E624.56855
G1 X98.388 Y113.552 E624.62523
G1 X98.011 Y114.8 E624.68594
G1 X97.759 Y116.612 E624.77112
G1 X97.429 Y118.832 E624.87563
G1 X96.86 Y121.493 E625.00234
G1 X96.222 Y121.492 E625.03205
G0 F15000 X96.411 Y121.301
;TYPE:SKIN
G1 F2839.1 X96.553 Y121.16 E625.04145
G1 X96.642 Y120.967 E625.05145
G0 F15000 X96.522 Y120.843
G0 X96.873 Y118.652
G0 X96.834 Y118.613
G1 F2839.1 X96.853 Y118.349 E625.05963
G1 X96.981 Y116.497 E625.11699
G1 X97.116 Y116.349 E625.12318
G0 F15000 X97.029 Y116.262
G0 X97.317 Y113.722
G0 X97.256 Y113.661
G1 F2839.1 X97.29 Y113.412 E625.13109
G1 X97.483 Y113.039 E625.14431
G0 F15000 X97.531 Y113.088
G0 X97.744 Y111.886
G0 X97.67 Y111.812
G1 F2839.1 X97.761 Y111.62 E625.15181
G1 X97.923 Y111.5 E625.15892
G0 F15000 X97.021 Y110.598
G1 F2839.1 X97.021 Y110.315 E625.17368
G1 X97.021 Y99.85 E625.71941
G1 X96.477 Y99.305 E625.75957
G1 X93.083 Y99.305 E625.93656
G1 X93.021 Y100.092 E625.97773
G1 X93.021 Y109.143 E626.44972
G1 X92.819 Y109.507 E626.47143
G0 F15000 X92.843 Y109.531
G0 X93.594 Y99.879
G0 X96.45 Y99.879
G0 X96.797 Y110.656
G0 X96.952 Y110.811
G1 F2839.1 X96.851 Y110.993 E626.48525
G0 F15000 X96.797 Y110.939
G0 X98.776 Y110.655
G0 X98.893 Y110.772
G1 F2839.1 X99.056 Y110.653 E626.49387
G1 X99.219 Y110.533 E626.50253
G0 F15000 X99.26 Y110.574
G0 X100.081 Y109.697
G0 X100.194 Y109.81
G1 F2839.1 X100.359 Y109.692 E626.5109
G1 X100.523 Y109.574 E626.51924
G0 F15000 X100.563 Y109.614
G0 X101.431 Y108.855
G0 X101.498 Y108.852
G1 F2839.1 X101.657 Y108.728 E626.527
G1 X101.817 Y108.605 E626.53477
G0 F15000 X101.783 Y108.659
G0 X97.6 Y110.319
G0 X97.246 Y99.792
G1 F2839.1 X96.535 Y99.081 E626.55818
G0 F15000 X96.818 Y99.081
G1 F2839.1 X97.246 Y99.509 E626.57227
G0 F15000 X97.246 Y99.226
G1 F2839.1 X97.101 Y99.081 E626.57705
G0 F15000 X97.101 Y99.107
G1 F1500 E620.07705
;MESH:terminale zanzariera verticale antivento con bottoncini.stl
G0 F15000 X97.611 Y110.302
G0 X98.669 Y108.734
G0 X102.692 Y107.1
G0 X103.487 Y108.11
G0 X103.861 Y110.464
G0 X104.365 Y110.968
G0 X106.679 Y110.968
G0 X107.857 Y110.302
G0 X108.942 Y110.302
G0 X109.922 Y112.823
;TYPE:WALL-INNER
G1 F1500 E626.57705
G1 F2839.1 X109.922 Y112.059 E626.61262
G1 X109.922 Y112.058 E626.61267
G1 X109.922 Y111.446 E626.64116
G1 X110.484 Y111.219 E626.66939
G1 X111.186 Y110.936 E626.70463
G1 X110.715 Y111.528 E626.72282
G1 X110.484 Y111.818 E626.74008
G1 X110.295 Y112.156 E626.75811
G1 X109.922 Y112.823 E626.77649
G0 F15000 X109.522 Y116.102
G1 F2839.1 X109.522 Y114.628 E626.84512
G1 X109.522 Y113.974 E626.87557
G1 X109.522 Y111.176 E627.00586
G1 X111.781 Y110.264 E627.1193
G1 X111.891 Y110.22 E627.12482
G1 X112.465 Y109.988 E627.15364
G1 X112.018 Y110.532 E627.16915
G1 X111.944 Y110.625 E627.17426
G1 X110.817 Y112.042 E627.25856
G1 X110.148 Y113.238 E627.32237
G1 X109.916 Y114.002 E627.35955
G1 X109.727 Y114.628 E627.38267
G1 X109.522 Y116.102 E627.40084
G0 F15000 X109.122 Y120.693
G1 F2839.1 X109.122 Y118.809 E627.48857
G1 X109.122 Y118.808 E627.48861
G1 X109.122 Y99.707 E628.37803
G1 X105.922 Y99.707 E628.52704
G1 X105.922 Y109.707 E628.99268
G1 X105.122 Y109.707 E629.02993
G1 X105.122 Y98.907 E629.53283
G1 X109.922 Y98.907 E629.75633
G1 X109.922 Y110.288 E630.28628
G1 X109.922 Y110.289 E630.28633
G1 X109.922 Y110.583 E630.30002
G1 X110.195 Y110.473 E630.30805
G1 X113.047 Y109.321 E630.45127
G1 X113.048 Y109.32 E630.45134
G1 X113.772 Y109.029 E630.48767
G1 X113.277 Y109.632 E630.50641
G1 X113.276 Y109.633 E630.50647
G1 X112.329 Y110.784 E630.57588
G1 X111.15 Y112.266 E630.66406
G1 X110.518 Y113.395 E630.72431
G1 X110.119 Y114.714 E630.78847
G1 X109.863 Y116.553 E630.87493
G1 X109.534 Y118.768 E630.9792
G1 X109.516 Y118.85 E630.98311
G1 X109.122 Y120.693 E631.02723
G0 F15000 X108.722 Y121.492
;TYPE:WALL-OUTER
G1 F2839.1 X108.722 Y100.107 E632.02301
G1 X106.322 Y100.107 E632.13476
G1 X106.322 Y110.107 E632.6004
G1 X104.722 Y110.107 E632.67491
G1 X104.722 Y98.507 E633.21505
G1 X110.322 Y98.507 E633.47581
G1 X110.322 Y109.99 E634.01051
G1 X114.917 Y108.135 E634.24125
G1 X114.222 Y109.111 E634.29704
G1 X112.64 Y111.036 E634.41306
G1 X111.483 Y112.49 E634.49959
G1 X110.888 Y113.552 E634.55627
G1 X110.511 Y114.8 E634.61697
G1 X110.259 Y116.612 E634.70216
G1 X109.929 Y118.832 E634.80667
G1 X109.36 Y121.493 E634.93338
G1 X108.722 Y121.492 E634.96309
G0 F15000 X109.024 Y121.187
;TYPE:SKIN
G1 F2839.1 X109.107 Y120.986 E634.97487
G1 X109.289 Y120.886 E634.98613
G0 F15000 X109.191 Y120.852
G0 X109.332 Y118.666
G0 X109.314 Y118.648
G1 F2839.1 X109.349 Y118.4 E634.99373
G1 X109.477 Y116.548 E635.0501
G1 X109.583 Y116.371 E635.05636
G0 F15000 X109.47 Y116.258
G0 X109.805 Y113.764
G0 X109.751 Y113.71
G1 F2839.1 X109.783 Y113.46 E635.06433
G1 X109.936 Y113.047 E635.07825
G0 F15000 X110.011 Y113.122
G0 X110.225 Y111.922
G0 X110.16 Y111.857
G1 F2839.1 X110.23 Y111.644 E635.08613
G1 X110.392 Y111.523 E635.09323
G0 F15000 X109.521 Y110.652
G1 F2839.1 X109.521 Y110.369 E635.10808
G1 X109.521 Y99.904 E635.65712
G1 X108.923 Y99.306 E635.70149
G1 X109.364 Y99.464 E635.72607
G0 F15000 X109.747 Y99.564
G1 F2839.1 X109.264 Y99.081 E635.74197
G0 F15000 X109.547 Y99.081
G1 F2839.1 X109.747 Y99.282 E635.74857
G0 F15000 X108.64 Y99.306
G1 F2839.1 X108.357 Y99.306 E635.76399
G1 X105.529 Y99.306 E635.91809
G1 X105.521 Y105.238 E636.24133
G1 X105.521 Y109.198 E636.45711
G1 X105.433 Y109.393 E636.46876
G0 F15000 X105.571 Y109.531
G0 X106.094 Y99.879
G0 X108.95 Y99.879
G0 X109.296 Y110.71
G0 X109.432 Y110.846
G1 F2839.1 X109.331 Y111.028 E636.48004
G0 F15000 X109.296 Y110.993
G0 X111.237 Y110.672
G0 X111.361 Y110.796
G1 F2839.1 X111.525 Y110.676 E636.48952
G1 X111.688 Y110.557 E636.49894
G0 F15000 X111.737 Y110.605
G0 X112.542 Y109.713
G0 X112.662 Y109.834
G1 F2839.1 X112.826 Y109.715 E636.50808
G1 X112.991 Y109.597 E636.51724
G0 F15000 X113.038 Y109.644
G0 X113.892 Y108.871
G0 X113.967 Y108.875
G1 F2839.1 X114.126 Y108.752 E636.53037
G0 F15000 X114.25 Y108.593
G1 F2839.1 X114.322 Y108.666 E636.53276
G1 F1500 E630.03276
;MESH:NONMESH
G0 F300 X114.322 Y108.666 Z8.96
G0 F15000 X114.217 Y108.686
G0 X108.942 Y112.823
G0 X107.857 Y112.823
G0 X99.703 Y112.974
G0 X98.8 Y112.367
G0 X97.422 Y112.823
;TIME_ELAPSED:667.123896
;LAYER:31
;TYPE:WALL-INNER
;MESH:terminale zanzariera verticale antivento con bottoncini.stl(1)
G1 F1500 E636.53276
G1 F2805.5 X97.422 Y112.059 E636.56833
G1 X97.422 Y112.058 E636.56838
G1 X97.422 Y111.446 E636.59688
G1 X97.984 Y111.219 E636.6251
G1 X98.686 Y110.936 E636.66034
G1 X98.215 Y111.528 E636.67853
G1 X97.984 Y111.818 E636.69579
G1 X97.795 Y112.156 E636.71382
G1 X97.422 Y112.823 E636.7322
G0 F15000 X97.022 Y116.102
G1 F2805.5 X97.022 Y114.628 E636.80083
G1 X97.022 Y113.974 E636.83129
G1 X97.022 Y111.176 E636.96157
G1 X99.281 Y110.264 E637.07501
G1 X99.391 Y110.22 E637.08053
G1 X99.965 Y109.988 E637.10936
G1 X99.518 Y110.532 E637.12486
G1 X99.444 Y110.625 E637.12997
G1 X98.317 Y112.042 E637.21427
G1 X97.648 Y113.238 E637.27809
G1 X97.416 Y114.002 E637.31527
G1 X97.227 Y114.628 E637.33839
G1 X97.022 Y116.102 E637.35655
G0 F15000 X96.622 Y120.693
G1 F2805.5 X96.622 Y118.809 E637.44428
G1 X96.622 Y118.808 E637.44432
G1 X96.622 Y99.707 E638.33375
G1 X93.422 Y99.707 E638.48275
G1 X93.422 Y109.707 E638.94839
G1 X92.622 Y109.707 E638.98565
G1 X92.622 Y98.907 E639.48854
G1 X97.422 Y98.907 E639.71205
G1 X97.422 Y110.288 E640.24199
G1 X97.422 Y110.289 E640.24204
G1 X97.422 Y110.583 E640.25573
G1 X97.695 Y110.473 E640.26376
G1 X100.547 Y109.321 E640.40699
G1 X100.548 Y109.32 E640.40705
G1 X101.272 Y109.029 E640.44338
G1 X100.777 Y109.632 E640.46212
G1 X100.776 Y109.633 E640.46218
G1 X99.829 Y110.784 E640.53159
G1 X98.65 Y112.266 E640.61977
G1 X98.018 Y113.395 E640.68002
G1 X97.619 Y114.714 E640.74418
G1 X97.363 Y116.553 E640.83064
G1 X97.034 Y118.768 E640.93491
G1 X97.016 Y118.85 E640.93882
G1 X96.622 Y120.693 E640.98295
G0 F15000 X96.222 Y121.492
;TYPE:WALL-OUTER
G1 F2805.5 X96.222 Y100.107 E641.97872
G1 X93.822 Y100.107 E642.09047
G1 X93.822 Y110.107 E642.55612
G1 X92.222 Y110.107 E642.63062
G1 X92.222 Y98.507 E643.17076
G1 X97.822 Y98.507 E643.43152
G1 X97.822 Y109.99 E643.96622
G1 X102.417 Y108.135 E644.19696
G1 X101.722 Y109.111 E644.25275
G1 X100.14 Y111.036 E644.36877
G1 X98.983 Y112.49 E644.4553
G1 X98.388 Y113.552 E644.51198
G1 X98.011 Y114.8 E644.57269
G1 X97.759 Y116.612 E644.65787
G1 X97.429 Y118.832 E644.76238
G1 X96.86 Y121.493 E644.88909
G1 X96.222 Y121.492 E644.9188
G0 F15000 X96.627 Y121.16
;TYPE:SKIN
G1 F2805.5 X96.523 Y120.982 E644.93741
G0 F15000 X96.522 Y121.109
G0 X96.796 Y118.446
G0 X96.859 Y118.383
G1 F2805.5 X96.883 Y118.075 E644.94791
G1 X97.006 Y116.538 E645.00028
G1 X96.899 Y116.363 E645.00725
G0 F15000 X97.003 Y116.26
G0 X97.197 Y113.803
G0 X97.265 Y113.734
G1 F2805.5 X97.327 Y113.39 E645.01919
G1 X97.319 Y113.114 E645.02862
G0 F15000 X97.442 Y112.992
G0 X97.581 Y111.922
G0 X97.698 Y111.887
G1 F2805.5 X97.717 Y111.585 E645.04332
G0 F15000 X97.838 Y111.465
G0 X97.246 Y110.642
G0 X97.021 Y110.867
G1 F2805.5 X97.021 Y110.584 E645.05838
G1 X97.021 Y99.553 E645.64561
G1 X96.986 Y99.306 E645.65889
G1 X93.592 Y99.306 E645.83956
G1 X93.165 Y99.449 E645.86353
G0 F15000 X92.797 Y99.535
G1 F2805.5 X93.251 Y99.081 E645.87848
G0 F15000 X92.882 Y99.167
G1 F2805.5 X93.021 Y99.876 E645.91472
G1 X93.021 Y109.21 E646.38294
G1 X93.114 Y109.399 E646.3935
G0 F15000 X92.983 Y109.531
G0 X93.594 Y99.879
G0 X96.45 Y99.879
G0 X96.461 Y110.291
G0 X98.785 Y110.8
G0 X98.91 Y110.674
G1 F2805.5 X99.017 Y110.85 E646.40915
G0 F15000 X98.906 Y110.962
G0 X100.164 Y109.987
G0 X100.389 Y109.762
G1 F2805.5 X100.138 Y109.729 E646.43019
G0 F15000 X100.044 Y109.824
G0 X101.348 Y108.889
G0 X101.378 Y108.773
G1 F2805.5 X101.646 Y108.788 E646.44705
G1 F1500 E639.94705
;MESH:terminale zanzariera verticale antivento con bottoncini.stl
G0 F15000 X101.735 Y108.733
G0 X102.714 Y109.209
G0 X103.857 Y108.588
G0 X104.942 Y108.588
G0 X106.094 Y99.879
G0 X108.95 Y99.879
G0 X109.922 Y112.823
;TYPE:WALL-INNER
G1 F1500 E646.44705
G1 F2805.5 X109.922 Y112.059 E646.48263
G1 X109.922 Y112.058 E646.48267
G1 X109.922 Y111.446 E646.51117
G1 X110.484 Y111.219 E646.53939
G1 X111.186 Y110.936 E646.57464
G1 X110.715 Y111.528 E646.59282
G1 X110.484 Y111.818 E646.61009
G1 X110.295 Y112.156 E646.62812
G1 X109.922 Y112.823 E646.64649
G0 F15000 X109.522 Y116.102
G1 F2805.5 X109.522 Y114.628 E646.71513
G1 X109.522 Y113.974 E646.74558
G1 X109.522 Y111.176 E646.87587
G1 X111.781 Y110.264 E646.9893
G1 X111.891 Y110.22 E646.99482
G1 X112.465 Y109.988 E647.02365
G1 X112.018 Y110.532 E647.03915
G1 X111.944 Y110.625 E647.04426
G1 X110.817 Y112.042 E647.12857
G1 X110.148 Y113.238 E647.19238
G1 X109.916 Y114.002 E647.22956
G1 X109.727 Y114.628 E647.25268
G1 X109.522 Y116.102 E647.27084
G0 F15000 X109.122 Y120.693
G1 F2805.5 X109.122 Y118.809 E647.35857
G1 X109.122 Y118.808 E647.35862
G1 X109.122 Y99.707 E648.24804
G1 X105.922 Y99.707 E648.39705
G1 X105.922 Y109.707 E648.86269
G1 X105.122 Y109.707 E648.89994
G1 X105.122 Y98.907 E649.40283
G1 X109.922 Y98.907 E649.62634
G1 X109.922 Y110.288 E650.15629
G1 X109.922 Y110.289 E650.15633
G1 X109.922 Y110.583 E650.17002
G1 X110.195 Y110.473 E650.17805
G1 X113.047 Y109.321 E650.32128
G1 X113.048 Y109.32 E650.32135
G1 X113.772 Y109.029 E650.35768
G1 X113.277 Y109.632 E650.37641
G1 X113.276 Y109.633 E650.37648
G1 X112.329 Y110.784 E650.44588
G1 X111.15 Y112.266 E650.53406
G1 X110.518 Y113.395 E650.59431
G1 X110.119 Y114.714 E650.65848
G1 X109.863 Y116.553 E650.74494
G1 X109.534 Y118.768 E650.84921
G1 X109.516 Y118.85 E650.85312
G1 X109.122 Y120.693 E650.89724
G0 F15000 X108.722 Y121.492
;TYPE:WALL-OUTER
G1 F2805.5 X108.722 Y100.107 E651.89301
G1 X106.322 Y100.107 E652.00477
G1 X106.322 Y110.107 E652.47041
G1 X104.722 Y110.107 E652.54491
G1 X104.722 Y98.507 E653.08506
G1 X110.322 Y98.507 E653.34582
G1 X110.322 Y109.99 E653.88051
G1 X114.917 Y108.135 E654.11125
G1 X114.222 Y109.111 E654.16705
G1 X112.64 Y111.036 E654.28307
G1 X111.483 Y112.49 E654.36959
G1 X110.888 Y113.552 E654.42627
G1 X110.511 Y114.8 E654.48698
G1 X110.259 Y116.612 E654.57217
G1 X109.929 Y118.832 E654.67668
G1 X109.36 Y121.493 E654.80338
G1 X108.722 Y121.492 E654.83309
G0 F15000 X109.108 Y121.125
;TYPE:SKIN
G1 F2805.5 X108.998 Y120.951 E654.85243
G0 F15000 X109.022 Y121.053
G0 X109.305 Y118.665
G0 X109.344 Y118.626
G1 F2805.5 X109.364 Y118.323 E654.86176
G1 X109.506 Y116.484 E654.91848
G1 X109.374 Y116.333 E654.92465
G0 F15000 X109.452 Y116.256
G0 X109.697 Y113.748
G0 X109.777 Y113.667
G1 F2805.5 X109.839 Y113.322 E654.93753
G1 X109.797 Y113.082 E654.94648
G0 F15000 X109.697 Y113.183
G0 X110.081 Y111.922
G0 X110.267 Y111.763
G1 F2805.5 X110.171 Y111.577 E654.95192
G1 X109.71 Y110.905 E654.97308
G0 F15000 X109.521 Y110.812
G1 F2805.5 X109.521 Y110.529 E654.98819
G1 X109.521 Y99.498 E655.57715
G0 F15000 X109.43 Y99.306
G1 F2805.5 X109.147 Y99.306 E655.5915
G1 X106.036 Y99.306 E655.74917
G1 X105.637 Y99.422 E655.77023
G1 X105.354 Y99.139 E655.79051
G1 X105.521 Y100.104 E655.84015
G1 X105.521 Y109.155 E656.29888
G1 X105.728 Y109.513 E656.31983
G0 F15000 X105.746 Y109.496
G0 X106.094 Y99.879
G0 X108.95 Y99.879
G0 X108.961 Y110.238
G0 X111.261 Y110.77
G0 X111.352 Y110.678
G1 F2805.5 X111.599 Y110.715 E656.34018
G0 F15000 X112.865 Y109.731
G1 F2805.5 X112.58 Y109.733 E656.35896
G0 F15000 X112.52 Y109.793
G0 X113.838 Y108.893
G0 X113.8 Y108.796
G1 F2805.5 X113.84 Y108.756 E656.36028
G0 F15000 X113.919 Y108.96
G1 F2805.5 X114.313 Y108.567 E656.37324
G1 F1500 E649.87324
;MESH:NONMESH
G0 F300 X114.313 Y108.567 Z9.24
G0 F15000 X114.238 Y108.658
G0 X108.942 Y112.823
G0 X107.857 Y112.823
G0 X99.703 Y112.974
G0 X98.8 Y112.367
G0 X97.422 Y112.823
;TIME_ELAPSED:686.981237
;LAYER:32
;TYPE:WALL-INNER
;MESH:terminale zanzariera verticale antivento con bottoncini.stl(1)
G1 F1500 E656.37324
G1 F2839.1 X97.422 Y112.059 E656.40881
G1 X97.422 Y112.058 E656.40886
G1 X97.422 Y111.446 E656.43736
G1 X97.984 Y111.219 E656.46558
G1 X98.686 Y110.936 E656.50082
G1 X98.215 Y111.528 E656.51901
G1 X97.984 Y111.818 E656.53627
G1 X97.795 Y112.156 E656.5543
G1 X97.422 Y112.823 E656.57268
G0 F15000 X97.022 Y116.102
G1 F2839.1 X97.022 Y114.628 E656.64131
G1 X97.022 Y113.974 E656.67177
G1 X97.022 Y111.176 E656.80205
G1 X99.281 Y110.264 E656.91549
G1 X99.391 Y110.22 E656.92101
G1 X99.965 Y109.988 E656.94984
G1 X99.518 Y110.532 E656.96534
G1 X99.444 Y110.625 E656.97045
G1 X98.317 Y112.042 E657.05476
G1 X97.648 Y113.238 E657.11857
G1 X97.416 Y114.002 E657.15575
G1 X97.227 Y114.628 E657.17887
G1 X97.022 Y116.102 E657.19703
G0 F15000 X96.622 Y120.693
G1 F2839.1 X96.622 Y118.809 E657.28476
G1 X96.622 Y118.808 E657.2848
G1 X96.622 Y99.707 E658.17423
G1 X93.422 Y99.707 E658.32323
G1 X93.422 Y109.707 E658.78887
G1 X92.622 Y109.707 E658.82613
G1 X92.622 Y98.907 E659.32902
G1 X97.422 Y98.907 E659.55253
G1 X97.422 Y110.288 E660.08247
G1 X97.422 Y110.289 E660.08252
G1 X97.422 Y110.583 E660.09621
G1 X97.695 Y110.473 E660.10424
G1 X100.547 Y109.321 E660.24747
G1 X100.548 Y109.32 E660.24753
G1 X101.272 Y109.029 E660.28387
G1 X100.777 Y109.632 E660.3026
G1 X100.776 Y109.633 E660.30267
G1 X99.829 Y110.784 E660.37207
G1 X98.65 Y112.266 E660.46025
G1 X98.018 Y113.395 E660.5205
G1 X97.619 Y114.714 E660.58467
G1 X97.363 Y116.553 E660.67112
G1 X97.034 Y118.768 E660.77539
G1 X97.016 Y118.85 E660.7793
G1 X96.622 Y120.693 E660.82343
G0 F15000 X96.222 Y121.492
;TYPE:WALL-OUTER
G1 F2839.1 X96.222 Y100.107 E661.8192
G1 X93.822 Y100.107 E661.93096
G1 X93.822 Y110.107 E662.3966
G1 X92.222 Y110.107 E662.4711
G1 X92.222 Y98.507 E663.01124
G1 X97.822 Y98.507 E663.272
G1 X97.822 Y109.99 E663.8067
G1 X102.417 Y108.135 E664.03744
G1 X101.722 Y109.111 E664.09323
G1 X100.14 Y111.036 E664.20925
G1 X98.983 Y112.49 E664.29578
G1 X98.388 Y113.552 E664.35246
G1 X98.011 Y114.8 E664.41317
G1 X97.759 Y116.612 E664.49835
G1 X97.429 Y118.832 E664.60286
G1 X96.86 Y121.493 E664.72957
G1 X96.222 Y121.492 E664.75928
G0 F15000 X96.411 Y121.301
;TYPE:SKIN
G1 F2839.1 X96.553 Y121.16 E664.76869
G1 X96.642 Y120.967 E664.77868
G0 F15000 X96.522 Y120.843
G0 X96.873 Y118.652
G0 X96.834 Y118.613
G1 F2839.1 X96.853 Y118.349 E664.78686
G1 X96.981 Y116.497 E664.84422
G1 X97.116 Y116.349 E664.85041
G0 F15000 X97.029 Y116.262
G0 X97.317 Y113.722
G0 X97.256 Y113.661
G1 F2839.1 X97.29 Y113.412 E664.85832
G1 X97.483 Y113.039 E664.87154
G0 F15000 X97.531 Y113.088
G0 X97.744 Y111.886
G0 X97.67 Y111.812
G1 F2839.1 X97.761 Y111.62 E664.87904
G1 X97.923 Y111.5 E664.88615
G0 F15000 X97.021 Y110.598
G1 F2839.1 X97.021 Y110.315 E664.90091
G1 X97.021 Y99.85 E665.44664
G1 X96.477 Y99.305 E665.4868
G1 X93.083 Y99.305 E665.66379
G1 X93.021 Y100.092 E665.70496
G1 X93.021 Y109.143 E666.17695
G1 X92.819 Y109.507 E666.19866
G0 F15000 X92.843 Y109.531
G0 X93.594 Y99.879
G0 X96.45 Y99.879
G0 X96.797 Y110.656
G0 X96.952 Y110.811
G1 F2839.1 X96.851 Y110.993 E666.21248
G0 F15000 X96.797 Y110.939
G0 X98.776 Y110.655
G0 X98.893 Y110.772
G1 F2839.1 X99.056 Y110.653 E666.22111
G1 X99.219 Y110.533 E666.22976
G0 F15000 X99.26 Y110.574
G0 X100.081 Y109.697
G0 X100.194 Y109.81
G1 F2839.1 X100.359 Y109.692 E666.23813
G1 X100.523 Y109.574 E666.24647
G0 F15000 X100.563 Y109.614
G0 X101.431 Y108.855
G0 X101.498 Y108.852
G1 F2839.1 X101.657 Y108.728 E666.25423
G1 X101.817 Y108.605 E666.262
G0 F15000 X101.783 Y108.659
G0 X97.6 Y110.319
G0 X97.246 Y99.792
G1 F2839.1 X96.535 Y99.081 E666.28541
G0 F15000 X96.818 Y99.081
G1 F2839.1 X97.246 Y99.509 E666.2995
G0 F15000 X97.246 Y99.226
G1 F2839.1 X97.101 Y99.081 E666.30428
G0 F15000 X97.101 Y99.107
G1 F1500 E659.80428
;MESH:terminale zanzariera verticale antivento con bottoncini.stl
G0 F15000 X97.611 Y110.302
G0 X98.669 Y108.734
G0 X102.692 Y107.1
G0 X103.487 Y108.11
G0 X103.861 Y110.464
G0 X104.365 Y110.968
G0 X106.679 Y110.968
G0 X107.857 Y110.302
G0 X108.942 Y110.302
G0 X109.922 Y112.823
;TYPE:WALL-INNER
G1 F1500 E666.30428
G1 F2839.1 X109.922 Y112.059 E666.33985
G1 X109.922 Y112.058 E666.3399
G1 X109.922 Y111.446 E666.3684
G1 X110.484 Y111.219 E666.39662
G1 X111.186 Y110.936 E666.43186
G1 X110.715 Y111.528 E666.45005
G1 X110.484 Y111.818 E666.46731
G1 X110.295 Y112.156 E666.48534
G1 X109.922 Y112.823 E666.50372
G0 F15000 X109.522 Y116.102
G1 F2839.1 X109.522 Y114.628 E666.57235
G1 X109.522 Y113.974 E666.60281
G1 X109.522 Y111.176 E666.73309
G1 X111.781 Y110.264 E666.84653
G1 X111.891 Y110.22 E666.85205
G1 X112.465 Y109.988 E666.88088
G1 X112.018 Y110.532 E666.89638
G1 X111.944 Y110.625 E666.90149
G1 X110.817 Y112.042 E666.98579
G1 X110.148 Y113.238 E667.04961
G1 X109.916 Y114.002 E667.08678
G1 X109.727 Y114.628 E667.10991
G1 X109.522 Y116.102 E667.12807
G0 F15000 X109.122 Y120.693
G1 F2839.1 X109.122 Y118.809 E667.2158
G1 X109.122 Y118.808 E667.21584
G1 X109.122 Y99.707 E668.10527
G1 X105.922 Y99.707 E668.25427
G1 X105.922 Y109.707 E668.71991
G1 X105.122 Y109.707 E668.75716
G1 X105.122 Y98.907 E669.26006
G1 X109.922 Y98.907 E669.48357
G1 X109.922 Y110.288 E670.01351
G1 X109.922 Y110.289 E670.01356
G1 X109.922 Y110.583 E670.02725
G1 X110.195 Y110.473 E670.03528
G1 X113.047 Y109.321 E670.17851
G1 X113.048 Y109.32 E670.17857
G1 X113.772 Y109.029 E670.2149
G1 X113.277 Y109.632 E670.23364
G1 X113.276 Y109.633 E670.2337
G1 X112.329 Y110.784 E670.30311
G1 X111.15 Y112.266 E670.39129
G1 X110.518 Y113.395 E670.45154
G1 X110.119 Y114.714 E670.5157
G1 X109.863 Y116.553 E670.60216
G1 X109.534 Y118.768 E670.70643
G1 X109.516 Y118.85 E670.71034
G1 X109.122 Y120.693 E670.75447
G0 F15000 X108.722 Y121.492
;TYPE:WALL-OUTER
G1 F2839.1 X108.722 Y100.107 E671.75024
G1 X106.322 Y100.107 E671.86199
G1 X106.322 Y110.107 E672.32764
G1 X104.722 Y110.107 E672.40214
G1 X104.722 Y98.507 E672.94228
G1 X110.322 Y98.507 E673.20304
G1 X110.322 Y109.99 E673.73774
G1 X114.917 Y108.135 E673.96848
G1 X114.222 Y109.111 E674.02427
G1 X112.64 Y111.036 E674.14029
G1 X111.483 Y112.49 E674.22682
G1 X110.888 Y113.552 E674.2835
G1 X110.511 Y114.8 E674.34421
G1 X110.259 Y116.612 E674.42939
G1 X109.929 Y118.832 E674.5339
G1 X109.36 Y121.493 E674.66061
G1 X108.722 Y121.492 E674.69032
G0 F15000 X109.024 Y121.187
;TYPE:SKIN
G1 F2839.1 X109.107 Y120.986 E674.7021
G1 X109.289 Y120.886 E674.71336
G0 F15000 X109.191 Y120.852
G0 X109.332 Y118.666
G0 X109.314 Y118.648
G1 F2839.1 X109.349 Y118.4 E674.72096
G1 X109.477 Y116.548 E674.77733
G1 X109.583 Y116.371 E674.78359
G0 F15000 X109.47 Y116.258
G0 X109.805 Y113.764
G0 X109.751 Y113.71
G1 F2839.1 X109.783 Y113.46 E674.79156
G1 X109.936 Y113.047 E674.80549
G0 F15000 X110.011 Y113.122
G0 X110.225 Y111.922
G0 X110.16 Y111.857
G1 F2839.1 X110.23 Y111.644 E674.81336
G1 X110.392 Y111.523 E674.82046
G0 F15000 X109.521 Y110.652
G1 F2839.1 X109.521 Y110.369 E674.83531
G1 X109.521 Y99.904 E675.38435
G1 X108.923 Y99.306 E675.42872
G1 X109.364 Y99.464 E675.4533
G0 F15000 X109.747 Y99.564
G1 F2839.1 X109.264 Y99.081 E675.4692
G0 F15000 X109.547 Y99.081
G1 F2839.1 X109.747 Y99.282 E675.4758
G0 F15000 X108.64 Y99.306
G1 F2839.1 X108.357 Y99.306 E675.49123
G1 X105.529 Y99.306 E675.64532
G1 X105.521 Y105.238 E675.96856
G1 X105.521 Y109.198 E676.18434
G1 X105.433 Y109.393 E676.196
G0 F15000 X105.571 Y109.531
G0 X106.094 Y99.879
G0 X108.95 Y99.879
G0 X109.296 Y110.71
G0 X109.432 Y110.846
G1 F2839.1 X109.331 Y111.028 E676.20727
G0 F15000 X109.296 Y110.993
G0 X111.237 Y110.672
G0 X111.361 Y110.796
G1 F2839.1 X111.525 Y110.676 E676.21675
G1 X111.688 Y110.557 E676.22617
G0 F15000 X111.737 Y110.605
G0 X112.542 Y109.713
G0 X112.662 Y109.834
G1 F2839.1 X112.826 Y109.715 E676.23531
G1 X112.991 Y109.597 E676.24447
G0 F15000 X113.038 Y109.644
G0 X113.892 Y108.871
G0 X113.967 Y108.875
G1 F2839.1 X114.126 Y108.752 E676.2576
G0 F15000 X114.25 Y108.593
G1 F2839.1 X114.322 Y108.666 E676.25999
G1 F1500 E669.75999
;MESH:NONMESH
G0 F300 X114.322 Y108.666 Z9.52
G0 F15000 X114.217 Y108.686
G0 X108.942 Y112.823
G0 X107.857 Y112.823
G0 X99.703 Y112.974
G0 X98.8 Y112.367
G0 X97.422 Y112.823
;TIME_ELAPSED:707.741349
;LAYER:33
;TYPE:WALL-INNER
;MESH:terminale zanzariera verticale antivento con bottoncini.stl(1)
G1 F1500 E676.25999
G1 F2805.5 X97.422 Y112.059 E676.29556
G1 X97.422 Y112.058 E676.29561
G1 X97.422 Y111.446 E676.32411
G1 X97.984 Y111.219 E676.35233
G1 X98.686 Y110.936 E676.38758
G1 X98.215 Y111.528 E676.40576
G1 X97.984 Y111.818 E676.42302
G1 X97.795 Y112.156 E676.44106
G1 X97.422 Y112.823 E676.45943
G0 F15000 X97.022 Y116.102
G1 F2805.5 X97.022 Y114.628 E676.52807
G1 X97.022 Y113.974 E676.55852
G1 X97.022 Y111.176 E676.68881
G1 X99.281 Y110.264 E676.80224
G1 X99.391 Y110.22 E676.80776
G1 X99.965 Y109.988 E676.83659
G1 X99.518 Y110.532 E676.85209
G1 X99.444 Y110.625 E676.8572
G1 X98.317 Y112.042 E676.94151
G1 X97.648 Y113.238 E677.00532
G1 X97.416 Y114.002 E677.0425
G1 X97.227 Y114.628 E677.06562
G1 X97.022 Y116.102 E677.08378
G0 F15000 X96.622 Y120.693
G1 F2805.5 X96.622 Y118.809 E677.17151
G1 X96.622 Y118.808 E677.17156
G1 X96.622 Y99.707 E678.06098
G1 X93.422 Y99.707 E678.20998
G1 X93.422 Y109.707 E678.67563
G1 X92.622 Y109.707 E678.71288
G1 X92.622 Y98.907 E679.21577
G1 X97.422 Y98.907 E679.43928
G1 X97.422 Y110.288 E679.96923
G1 X97.422 Y110.289 E679.96927
G1 X97.422 Y110.583 E679.98296
G1 X97.695 Y110.473 E679.99099
G1 X100.547 Y109.321 E680.13422
G1 X100.548 Y109.32 E680.13428
G1 X101.272 Y109.029 E680.17062
G1 X100.777 Y109.632 E680.18935
G1 X100.776 Y109.633 E680.18942
G1 X99.829 Y110.784 E680.25882
G1 X98.65 Y112.266 E680.347
G1 X98.018 Y113.395 E680.40725
G1 X97.619 Y114.714 E680.47142
G1 X97.363 Y116.553 E680.55787
G1 X97.034 Y118.768 E680.66215
G1 X97.016 Y118.85 E680.66605
G1 X96.622 Y120.693 E680.71018
G0 F15000 X96.222 Y121.492
;TYPE:WALL-OUTER
G1 F2805.5 X96.222 Y100.107 E681.70595
G1 X93.822 Y100.107 E681.81771
G1 X93.822 Y110.107 E682.28335
G1 X92.222 Y110.107 E682.35785
G1 X92.222 Y98.507 E682.898
G1 X97.822 Y98.507 E683.15876
G1 X97.822 Y109.99 E683.69345
G1 X102.417 Y108.135 E683.92419
G1 X101.722 Y109.111 E683.97998
G1 X100.14 Y111.036 E684.09601
G1 X98.983 Y112.49 E684.18253
G1 X98.388 Y113.552 E684.23921
G1 X98.011 Y114.8 E684.29992
G1 X97.759 Y116.612 E684.3851
G1 X97.429 Y118.832 E684.48961
G1 X96.86 Y121.493 E684.61632
G1 X96.222 Y121.492 E684.64603
G0 F15000 X96.627 Y121.16
;TYPE:SKIN
G1 F2805.5 X96.523 Y120.982 E684.66465
G0 F15000 X96.522 Y121.109
G0 X96.796 Y118.446
G0 X96.859 Y118.383
G1 F2805.5 X96.883 Y118.075 E684.67514
G1 X97.006 Y116.538 E684.72751
G1 X96.899 Y116.363 E684.73448
G0 F15000 X97.003 Y116.26
G0 X97.197 Y113.803
G0 X97.265 Y113.734
G1 F2805.5 X97.327 Y113.39 E684.74642
G1 X97.319 Y113.114 E684.75585
G0 F15000 X97.442 Y112.992
G0 X97.581 Y111.922
G0 X97.698 Y111.887
G1 F2805.5 X97.717 Y111.585 E684.77055
G0 F15000 X97.838 Y111.465
G0 X97.246 Y110.642
G0 X97.021 Y110.867
G1 F2805.5 X97.021 Y110.584 E684.78562
G1 X97.021 Y99.553 E685.37284
G1 X96.986 Y99.306 E685.38612
G1 X93.592 Y99.306 E685.56679
G1 X93.165 Y99.449 E685.59076
G0 F15000 X92.797 Y99.535
G1 F2805.5 X93.251 Y99.081 E685.60571
G0 F15000 X92.882 Y99.167
G1 F2805.5 X93.021 Y99.876 E685.64196
G1 X93.021 Y109.21 E686.11017
G1 X93.114 Y109.399 E686.12074
G0 F15000 X92.983 Y109.531
G0 X93.594 Y99.879
G0 X96.45 Y99.879
G0 X96.461 Y110.291
G0 X98.785 Y110.8
G0 X98.91 Y110.674
G1 F2805.5 X99.017 Y110.85 E686.13639
G0 F15000 X98.906 Y110.962
G0 X100.164 Y109.987
G0 X100.389 Y109.762
G1 F2805.5 X100.138 Y109.729 E686.15742
G0 F15000 X100.044 Y109.824
G0 X101.348 Y108.889
G0 X101.378 Y108.773
G1 F2805.5 X101.646 Y108.788 E686.17428
G1 F1500 E679.67428
;MESH:terminale zanzariera verticale antivento con bottoncini.stl
G0 F15000 X101.735 Y108.733
G0 X102.714 Y109.209
G0 X103.857 Y108.588
G0 X104.942 Y108.588
G0 X106.094 Y99.879
G0 X108.95 Y99.879
G0 X109.922 Y112.823
;TYPE:WALL-INNER
G1 F1500 E686.17428
G1 F2805.5 X109.922 Y112.059 E686.20986
G1 X109.922 Y112.058 E686.2099
G1 X109.922 Y111.446 E686.2384
G1 X110.484 Y111.219 E686.26662
G1 X111.186 Y110.936 E686.30187
G1 X110.715 Y111.528 E686.32005
G1 X110.484 Y111.818 E686.33732
G1 X110.295 Y112.156 E686.35535
G1 X109.922 Y112.823 E686.37372
G0 F15000 X109.522 Y116.102
G1 F2805.5 X109.522 Y114.628 E686.44236
G1 X109.522 Y113.974 E686.47281
G1 X109.522 Y111.176 E686.6031
G1 X111.781 Y110.264 E686.71654
G1 X111.891 Y110.22 E686.72205
G1 X112.465 Y109.988 E686.75088
G1 X112.018 Y110.532 E686.76638
G1 X111.944 Y110.625 E686.77149
G1 X110.817 Y112.042 E686.8558
G1 X110.148 Y113.238 E686.91961
G1 X109.916 Y114.002 E686.95679
G1 X109.727 Y114.628 E686.97991
G1 X109.522 Y116.102 E686.99808
G0 F15000 X109.122 Y120.693
G1 F2805.5 X109.122 Y118.809 E687.0858
G1 X109.122 Y118.808 E687.08585
G1 X109.122 Y99.707 E687.97527
G1 X105.922 Y99.707 E688.12428
G1 X105.922 Y109.707 E688.58992
G1 X105.122 Y109.707 E688.62717
G1 X105.122 Y98.907 E689.13006
G1 X109.922 Y98.907 E689.35357
G1 X109.922 Y110.288 E689.88352
G1 X109.922 Y110.289 E689.88357
G1 X109.922 Y110.583 E689.89726
G1 X110.195 Y110.473 E689.90529
G1 X113.047 Y109.321 E690.04851
G1 X113.048 Y109.32 E690.04858
G1 X113.772 Y109.029 E690.08491
G1 X113.277 Y109.632 E690.10364
G1 X113.276 Y109.633 E690.10371
G1 X112.329 Y110.784 E690.17311
G1 X111.15 Y112.266 E690.2613
G1 X110.518 Y113.395 E690.32154
G1 X110.119 Y114.714 E690.38571
G1 X109.863 Y116.553 E690.47217
G1 X109.534 Y118.768 E690.57644
G1 X109.516 Y118.85 E690.58035
G1 X109.122 Y120.693 E690.62447
G0 F15000 X108.722 Y121.492
;TYPE:WALL-OUTER
G1 F2805.5 X108.722 Y100.107 E691.62025
G1 X106.322 Y100.107 E691.732
G1 X106.322 Y110.107 E692.19764
G1 X104.722 Y110.107 E692.27215
G1 X104.722 Y98.507 E692.81229
G1 X110.322 Y98.507 E693.07305
G1 X110.322 Y109.99 E693.60775
G1 X114.917 Y108.135 E693.83849
G1 X114.222 Y109.111 E693.89428
G1 X112.64 Y111.036 E694.0103
G1 X111.483 Y112.49 E694.09682
G1 X110.888 Y113.552 E694.15351
G1 X110.511 Y114.8 E694.21421
G1 X110.259 Y116.612 E694.2994
G1 X109.929 Y118.832 E694.40391
G1 X109.36 Y121.493 E694.53062
G1 X108.722 Y121.492 E694.56032
G0 F15000 X109.108 Y121.125
;TYPE:SKIN
G1 F2805.5 X108.998 Y120.951 E694.57966
G0 F15000 X109.022 Y121.053
G0 X109.305 Y118.665
G0 X109.344 Y118.626
G1 F2805.5 X109.364 Y118.323 E694.589
G1 X109.506 Y116.484 E694.64571
G1 X109.374 Y116.333 E694.65188
G0 F15000 X109.452 Y116.256
G0 X109.697 Y113.748
G0 X109.777 Y113.667
G1 F2805.5 X109.839 Y113.322 E694.66476
G1 X109.797 Y113.082 E694.67371
G0 F15000 X109.697 Y113.183
G0 X110.081 Y111.922
G0 X110.267 Y111.763
G1 F2805.5 X110.171 Y111.577 E694.67915
G1 X109.71 Y110.905 E694.70031
G0 F15000 X109.521 Y110.812
G1 F2805.5 X109.521 Y110.529 E694.71542
G1 X109.521 Y99.498 E695.30439
G0 F15000 X109.43 Y99.306
G1 F2805.5 X109.147 Y99.306 E695.31873
G1 X106.036 Y99.306 E695.4764
G1 X105.637 Y99.422 E695.49746
G1 X105.354 Y99.139 E695.51775
G1 X105.521 Y100.104 E695.56738
G1 X105.521 Y109.155 E696.02611
G1 X105.728 Y109.513 E696.04707
G0 F15000 X105.746 Y109.496
G0 X106.094 Y99.879
G0 X108.95 Y99.879
G0 X108.961 Y110.238
G0 X111.261 Y110.77
G0 X111.352 Y110.678
G1 F2805.5 X111.599 Y110.715 E696.06741
G0 F15000 X112.865 Y109.731
G1 F2805.5 X112.58 Y109.733 E696.0862
G0 F15000 X112.52 Y109.793
G0 X113.838 Y108.893
G0 X113.8 Y108.796
G1 F2805.5 X113.84 Y108.756 E696.08751
G0 F15000 X113.919 Y108.96
G1 F2805.5 X114.313 Y108.567 E696.10047
G1 F1500 E689.60047
;MESH:NONMESH
G0 F300 X114.313 Y108.567 Z9.8
G0 F15000 X114.238 Y108.658
G0 X108.942 Y112.823
G0 X107.857 Y112.823
G0 X99.703 Y112.974
G0 X98.8 Y112.367
G0 X97.422 Y112.823
;TIME_ELAPSED:727.598690
;LAYER:34
;TYPE:WALL-INNER
;MESH:terminale zanzariera verticale antivento con bottoncini.stl(1)
G1 F1500 E696.10047
G1 F2839.1 X97.422 Y112.059 E696.13604
G1 X97.422 Y112.058 E696.13609
G1 X97.422 Y111.446 E696.16459
G1 X97.984 Y111.219 E696.19281
G1 X98.686 Y110.936 E696.22806
G1 X98.215 Y111.528 E696.24624
G1 X97.984 Y111.818 E696.2635
G1 X97.795 Y112.156 E696.28154
G1 X97.422 Y112.823 E696.29991
G0 F15000 X97.022 Y116.102
G1 F2839.1 X97.022 Y114.628 E696.36855
G1 X97.022 Y113.974 E696.399
G1 X97.022 Y111.176 E696.52929
G1 X99.281 Y110.264 E696.64272
G1 X99.391 Y110.22 E696.64824
G1 X99.965 Y109.988 E696.67707
G1 X99.518 Y110.532 E696.69257
G1 X99.444 Y110.625 E696.69768
G1 X98.317 Y112.042 E696.78199
G1 X97.648 Y113.238 E696.8458
G1 X97.416 Y114.002 E696.88298
G1 X97.227 Y114.628 E696.9061
G1 X97.022 Y116.102 E696.92426
G0 F15000 X96.622 Y120.693
G1 F2839.1 X96.622 Y118.809 E697.01199
G1 X96.622 Y118.808 E697.01204
G1 X96.622 Y99.707 E697.90146
G1 X93.422 Y99.707 E698.05046
G1 X93.422 Y109.707 E698.51611
G1 X92.622 Y109.707 E698.55336
G1 X92.622 Y98.907 E699.05625
G1 X97.422 Y98.907 E699.27976
G1 X97.422 Y110.288 E699.80971
G1 X97.422 Y110.289 E699.80975
G1 X97.422 Y110.583 E699.82344
G1 X97.695 Y110.473 E699.83147
G1 X100.547 Y109.321 E699.9747
G1 X100.548 Y109.32 E699.97476
G1 X101.272 Y109.029 E700.0111
G1 X100.777 Y109.632 E700.02983
G1 X100.776 Y109.633 E700.0299
G1 X99.829 Y110.784 E700.0993
G1 X98.65 Y112.266 E700.18748
G1 X98.018 Y113.395 E700.24773
G1 X97.619 Y114.714 E700.3119
G1 X97.363 Y116.553 E700.39835
G1 X97.034 Y118.768 E700.50263
G1 X97.016 Y118.85 E700.50653
G1 X96.622 Y120.693 E700.55066
G0 F15000 X96.222 Y121.492
;TYPE:WALL-OUTER
G1 F2839.1 X96.222 Y100.107 E701.54643
G1 X93.822 Y100.107 E701.65819
G1 X93.822 Y110.107 E702.12383
G1 X92.222 Y110.107 E702.19833
G1 X92.222 Y98.507 E702.73848
G1 X97.822 Y98.507 E702.99924
G1 X97.822 Y109.99 E703.53393
G1 X102.417 Y108.135 E703.76467
G1 X101.722 Y109.111 E703.82046
G1 X100.14 Y111.036 E703.93649
G1 X98.983 Y112.49 E704.02301
G1 X98.388 Y113.552 E704.07969
G1 X98.011 Y114.8 E704.1404
G1 X97.759 Y116.612 E704.22559
G1 X97.429 Y118.832 E704.33009
G1 X96.86 Y121.493 E704.4568
G1 X96.222 Y121.492 E704.48651
G0 F15000 X96.411 Y121.301
;TYPE:SKIN
G1 F2839.1 X96.553 Y121.16 E704.49592
G1 X96.642 Y120.967 E704.50591
G0 F15000 X96.522 Y120.843
G0 X96.873 Y118.652
G0 X96.834 Y118.613
G1 F2839.1 X96.853 Y118.349 E704.51409
G1 X96.981 Y116.497 E704.57146
G1 X97.116 Y116.349 E704.57765
G0 F15000 X97.029 Y116.262
G0 X97.317 Y113.722
G0 X97.256 Y113.661
G1 F2839.1 X97.29 Y113.412 E704.58555
G1 X97.483 Y113.039 E704.59877
G0 F15000 X97.531 Y113.088
G0 X97.744 Y111.886
G0 X97.67 Y111.812
G1 F2839.1 X97.761 Y111.62 E704.60627
G1 X97.923 Y111.5 E704.61339
G0 F15000 X97.021 Y110.598
G1 F2839.1 X97.021 Y110.315 E704.62814
G1 X97.021 Y99.85 E705.17388
G1 X96.477 Y99.305 E705.21403
G1 X93.083 Y99.305 E705.39102
G1 X93.021 Y100.092 E705.43219
G1 X93.021 Y109.143 E705.90418
G1 X92.819 Y109.507 E705.92589
G0 F15000 X92.843 Y109.531
G0 X93.594 Y99.879
G0 X96.45 Y99.879
G0 X96.797 Y110.656
G0 X96.952 Y110.811
G1 F2839.1 X96.851 Y110.993 E705.93971
G0 F15000 X96.797 Y110.939
G0 X98.776 Y110.655
G0 X98.893 Y110.772
G1 F2839.1 X99.056 Y110.653 E705.94834
G1 X99.219 Y110.533 E705.95699
G0 F15000 X99.26 Y110.574
G0 X100.081 Y109.697
G0 X100.194 Y109.81
G1 F2839.1 X100.359 Y109.692 E705.96536
G1 X100.523 Y109.574 E705.9737
G0 F15000 X100.563 Y109.614
G0 X101.431 Y108.855
G0 X101.498 Y108.852
G1 F2839.1 X101.657 Y108.728 E705.98146
G1 X101.817 Y108.605 E705.98923
G0 F15000 X101.783 Y108.659
G0 X97.6 Y110.319
G0 X97.246 Y99.792
G1 F2839.1 X96.535 Y99.081 E706.01264
G0 F15000 X96.818 Y99.081
G1 F2839.1 X97.246 Y99.509 E706.02673
G0 F15000 X97.246 Y99.226
G1 F2839.1 X97.101 Y99.081 E706.03151
G0 F15000 X97.101 Y99.107
G1 F1500 E699.53151
;MESH:terminale zanzariera verticale antivento con bottoncini.stl
G0 F15000 X97.611 Y110.302
G0 X98.669 Y108.734
G0 X102.692 Y107.1
G0 X103.487 Y108.11
G0 X103.861 Y110.464
G0 X104.365 Y110.968
G0 X106.679 Y110.968
G0 X107.857 Y110.302
G0 X108.942 Y110.302
G0 X109.922 Y112.823
;TYPE:WALL-INNER
G1 F1500 E706.03151
G1 F2839.1 X109.922 Y112.059 E706.06708
G1 X109.922 Y112.058 E706.06713
G1 X109.922 Y111.446 E706.09563
G1 X110.484 Y111.219 E706.12385
G1 X111.186 Y110.936 E706.15909
G1 X110.715 Y111.528 E706.17728
G1 X110.484 Y111.818 E706.19454
G1 X110.295 Y112.156 E706.21258
G1 X109.922 Y112.823 E706.23095
G0 F15000 X109.522 Y116.102
G1 F2839.1 X109.522 Y114.628 E706.29959
G1 X109.522 Y113.974 E706.33004
G1 X109.522 Y111.176 E706.46032
G1 X111.781 Y110.264 E706.57376
G1 X111.891 Y110.22 E706.57928
G1 X112.465 Y109.988 E706.60811
G1 X112.018 Y110.532 E706.62361
G1 X111.944 Y110.625 E706.62872
G1 X110.817 Y112.042 E706.71303
G1 X110.148 Y113.238 E706.77684
G1 X109.916 Y114.002 E706.81402
G1 X109.727 Y114.628 E706.83714
G1 X109.522 Y116.102 E706.8553
G0 F15000 X109.122 Y120.693
G1 F2839.1 X109.122 Y118.809 E706.94303
G1 X109.122 Y118.808 E706.94308
G1 X109.122 Y99.707 E707.8325
G1 X105.922 Y99.707 E707.9815
G1 X105.922 Y109.707 E708.44715
G1 X105.122 Y109.707 E708.4844
G1 X105.122 Y98.907 E708.98729
G1 X109.922 Y98.907 E709.2108
G1 X109.922 Y110.288 E709.74075
G1 X109.922 Y110.289 E709.74079
G1 X109.922 Y110.583 E709.75448
G1 X110.195 Y110.473 E709.76251
G1 X113.047 Y109.321 E709.90574
G1 X113.048 Y109.32 E709.9058
G1 X113.772 Y109.029 E709.94214
G1 X113.277 Y109.632 E709.96087
G1 X113.276 Y109.633 E709.96094
G1 X112.329 Y110.784 E710.03034
G1 X111.15 Y112.266 E710.11852
G1 X110.518 Y113.395 E710.17877
G1 X110.119 Y114.714 E710.24294
G1 X109.863 Y116.553 E710.32939
G1 X109.534 Y118.768 E710.43367
G1 X109.516 Y118.85 E710.43757
G1 X109.122 Y120.693 E710.4817
G0 F15000 X108.722 Y121.492
;TYPE:WALL-OUTER
G1 F2839.1 X108.722 Y100.107 E711.47747
G1 X106.322 Y100.107 E711.58923
G1 X106.322 Y110.107 E712.05487
G1 X104.722 Y110.107 E712.12937
G1 X104.722 Y98.507 E712.66952
G1 X110.322 Y98.507 E712.93028
G1 X110.322 Y109.99 E713.46497
G1 X114.917 Y108.135 E713.69571
G1 X114.222 Y109.111 E713.7515
G1 X112.64 Y111.036 E713.86753
G1 X111.483 Y112.49 E713.95405
G1 X110.888 Y113.552 E714.01073
G1 X110.511 Y114.8 E714.07144
G1 X110.259 Y116.612 E714.15662
G1 X109.929 Y118.832 E714.26113
G1 X109.36 Y121.493 E714.38784
G1 X108.722 Y121.492 E714.41755
G0 F15000 X109.024 Y121.187
;TYPE:SKIN
G1 F2839.1 X109.107 Y120.986 E714.42933
G1 X109.289 Y120.886 E714.44059
G0 F15000 X109.191 Y120.852
G0 X109.332 Y118.666
G0 X109.314 Y118.648
G1 F2839.1 X109.349 Y118.4 E714.44819
G1 X109.477 Y116.548 E714.50456
G1 X109.583 Y116.371 E714.51082
G0 F15000 X109.47 Y116.258
G0 X109.805 Y113.764
G0 X109.751 Y113.71
G1 F2839.1 X109.783 Y113.46 E714.51879
G1 X109.936 Y113.047 E714.53272
G0 F15000 X110.011 Y113.122
G0 X110.225 Y111.922
G0 X110.16 Y111.857
G1 F2839.1 X110.23 Y111.644 E714.54059
G1 X110.392 Y111.523 E714.54769
G0 F15000 X109.521 Y110.652
G1 F2839.1 X109.521 Y110.369 E714.56254
G1 X109.521 Y99.904 E715.11158
G1 X108.923 Y99.306 E715.15595
G1 X109.364 Y99.464 E715.18053
G0 F15000 X109.747 Y99.564
G1 F2839.1 X109.264 Y99.081 E715.19643
G0 F15000 X109.547 Y99.081
G1 F2839.1 X109.747 Y99.282 E715.20304
G0 F15000 X108.64 Y99.306
G1 F2839.1 X108.357 Y99.306 E715.21846
G1 X105.529 Y99.306 E715.37255
G1 X105.521 Y105.238 E715.69579
G1 X105.521 Y109.198 E715.91157
G1 X105.433 Y109.393 E715.92323
G0 F15000 X105.571 Y109.531
G0 X106.094 Y99.879
G0 X108.95 Y99.879
G0 X109.296 Y110.71
G0 X109.432 Y110.846
G1 F2839.1 X109.331 Y111.028 E715.9345
G0 F15000 X109.296 Y110.993
G0 X111.237 Y110.672
G0 X111.361 Y110.796
G1 F2839.1 X111.525 Y110.676 E715.94399
G1 X111.688 Y110.557 E715.9534
G0 F15000 X111.737 Y110.605
G0 X112.542 Y109.713
G0 X112.662 Y109.834
G1 F2839.1 X112.826 Y109.715 E715.96255
G1 X112.991 Y109.597 E715.9717
G0 F15000 X113.038 Y109.644
G0 X113.892 Y108.871
G0 X113.967 Y108.875
G1 F2839.1 X114.126 Y108.752 E715.98483
G0 F15000 X114.25 Y108.593
G1 F2839.1 X114.322 Y108.666 E715.98722
G1 F1500 E709.48722
;MESH:NONMESH
G0 F300 X114.322 Y108.666 Z10.08
G0 F15000 X114.217 Y108.686
G0 X108.942 Y112.823
G0 X107.857 Y112.823
G0 X99.703 Y112.974
G0 X98.8 Y112.367
G0 X97.422 Y112.823
;TIME_ELAPSED:748.358801
;LAYER:35
;TYPE:WALL-INNER
;MESH:terminale zanzariera verticale antivento con bottoncini.stl(1)
G1 F1500 E715.98722
G1 F2805.5 X97.422 Y112.059 E716.0228
G1 X97.422 Y112.058 E716.02284
G1 X97.422 Y111.446 E716.05134
G1 X97.984 Y111.219 E716.07956
G1 X98.686 Y110.936 E716.11481
G1 X98.215 Y111.528 E716.13299
G1 X97.984 Y111.818 E716.15025
G1 X97.795 Y112.156 E716.16829
G1 X97.422 Y112.823 E716.18666
G0 F15000 X97.022 Y116.102
G1 F2805.5 X97.022 Y114.628 E716.2553
G1 X97.022 Y113.974 E716.28575
G1 X97.022 Y111.176 E716.41604
G1 X99.281 Y110.264 E716.52947
G1 X99.391 Y110.22 E716.53499
G1 X99.965 Y109.988 E716.56382
G1 X99.518 Y110.532 E716.57932
G1 X99.444 Y110.625 E716.58443
G1 X98.317 Y112.042 E716.66874
G1 X97.648 Y113.238 E716.73255
G1 X97.416 Y114.002 E716.76973
G1 X97.227 Y114.628 E716.79285
G1 X97.022 Y116.102 E716.81101
G0 F15000 X96.622 Y120.693
G1 F2805.5 X96.622 Y118.809 E716.89874
G1 X96.622 Y118.808 E716.89879
G1 X96.622 Y99.707 E717.78821
G1 X93.422 Y99.707 E717.93722
G1 X93.422 Y109.707 E718.40286
G1 X92.622 Y109.707 E718.44011
G1 X92.622 Y98.907 E718.943
G1 X97.422 Y98.907 E719.16651
G1 X97.422 Y110.288 E719.69646
G1 X97.422 Y110.289 E719.6965
G1 X97.422 Y110.583 E719.71019
G1 X97.695 Y110.473 E719.71822
G1 X100.547 Y109.321 E719.86145
G1 X100.548 Y109.32 E719.86151
G1 X101.272 Y109.029 E719.89785
G1 X100.777 Y109.632 E719.91658
G1 X100.776 Y109.633 E719.91665
G1 X99.829 Y110.784 E719.98605
G1 X98.65 Y112.266 E720.07423
G1 X98.018 Y113.395 E720.13448
G1 X97.619 Y114.714 E720.19865
G1 X97.363 Y116.553 E720.28511
G1 X97.034 Y118.768 E720.38938
G1 X97.016 Y118.85 E720.39329
G1 X96.622 Y120.693 E720.43741
G0 F15000 X96.222 Y121.492
;TYPE:WALL-OUTER
G1 F2805.5 X96.222 Y100.107 E721.43318
G1 X93.822 Y100.107 E721.54494
G1 X93.822 Y110.107 E722.01058
G1 X92.222 Y110.107 E722.08508
G1 X92.222 Y98.507 E722.62523
G1 X97.822 Y98.507 E722.88599
G1 X97.822 Y109.99 E723.42068
G1 X102.417 Y108.135 E723.65142
G1 X101.722 Y109.111 E723.70722
G1 X100.14 Y111.036 E723.82324
G1 X98.983 Y112.49 E723.90976
G1 X98.388 Y113.552 E723.96644
G1 X98.011 Y114.8 E724.02715
G1 X97.759 Y116.612 E724.11234
G1 X97.429 Y118.832 E724.21684
G1 X96.86 Y121.493 E724.34355
G1 X96.222 Y121.492 E724.37326
G0 F15000 X96.627 Y121.16
;TYPE:SKIN
G1 F2805.5 X96.523 Y120.982 E724.39188
G0 F15000 X96.522 Y121.109
G0 X96.796 Y118.446
G0 X96.859 Y118.383
G1 F2805.5 X96.883 Y118.075 E724.40237
G1 X97.006 Y116.538 E724.45474
G1 X96.899 Y116.363 E724.46171
G0 F15000 X97.003 Y116.26
G0 X97.197 Y113.803
G0 X97.265 Y113.734
G1 F2805.5 X97.327 Y113.39 E724.47365
G1 X97.319 Y113.114 E724.48309
G0 F15000 X97.442 Y112.992
G0 X97.581 Y111.922
G0 X97.698 Y111.887
G1 F2805.5 X97.717 Y111.585 E724.49778
G0 F15000 X97.838 Y111.465
G0 X97.246 Y110.642
G0 X97.021 Y110.867
G1 F2805.5 X97.021 Y110.584 E724.51285
G1 X97.021 Y99.553 E725.10007
G1 X96.986 Y99.306 E725.11335
G1 X93.592 Y99.306 E725.29402
G1 X93.165 Y99.449 E725.318
G0 F15000 X92.797 Y99.535
G1 F2805.5 X93.251 Y99.081 E725.33294
G0 F15000 X92.882 Y99.167
G1 F2805.5 X93.021 Y99.876 E725.36919
G1 X93.021 Y109.21 E725.8374
G1 X93.114 Y109.399 E725.84797
G0 F15000 X92.983 Y109.531
G0 X93.594 Y99.879
G0 X96.45 Y99.879
G0 X96.461 Y110.291
G0 X98.785 Y110.8
G0 X98.91 Y110.674
G1 F2805.5 X99.017 Y110.85 E725.86362
G0 F15000 X98.906 Y110.962
G0 X100.164 Y109.987
G0 X100.389 Y109.762
G1 F2805.5 X100.138 Y109.729 E725.88466
G0 F15000 X100.044 Y109.824
G0 X101.348 Y108.889
G0 X101.378 Y108.773
G1 F2805.5 X101.646 Y108.788 E725.90151
G1 F1500 E719.40151
;MESH:terminale zanzariera verticale antivento con bottoncini.stl
G0 F15000 X101.735 Y108.733
G0 X102.714 Y109.209
G0 X103.857 Y108.588
G0 X104.942 Y108.588
G0 X106.094 Y99.879
G0 X108.95 Y99.879
G0 X109.922 Y112.823
;TYPE:WALL-INNER
G1 F1500 E725.90151
G1 F2805.5 X109.922 Y112.059 E725.93709
G1 X109.922 Y112.058 E725.93714
G1 X109.922 Y111.446 E725.96563
G1 X110.484 Y111.219 E725.99386
G1 X111.186 Y110.936 E726.0291
G1 X110.715 Y111.528 E726.04728
G1 X110.484 Y111.818 E726.06455
G1 X110.295 Y112.156 E726.08258
G1 X109.922 Y112.823 E726.10096
G0 F15000 X109.522 Y116.102
G1 F2805.5 X109.522 Y114.628 E726.16959
G1 X109.522 Y113.974 E726.20004
G1 X109.522 Y111.176 E726.33033
G1 X111.781 Y110.264 E726.44377
G1 X111.891 Y110.22 E726.44928
G1 X112.465 Y109.988 E726.47811
G1 X112.018 Y110.532 E726.49362
G1 X111.944 Y110.625 E726.49873
G1 X110.817 Y112.042 E726.58303
G1 X110.148 Y113.238 E726.64684
G1 X109.916 Y114.002 E726.68402
G1 X109.727 Y114.628 E726.70714
G1 X109.522 Y116.102 E726.72531
G0 F15000 X109.122 Y120.693
G1 F2805.5 X109.122 Y118.809 E726.81303
G1 X109.122 Y118.808 E726.81308
G1 X109.122 Y99.707 E727.7025
G1 X105.922 Y99.707 E727.85151
G1 X105.922 Y109.707 E728.31715
G1 X105.122 Y109.707 E728.3544
G1 X105.122 Y98.907 E728.8573
G1 X109.922 Y98.907 E729.0808
G1 X109.922 Y110.288 E729.61075
G1 X109.922 Y110.289 E729.6108
G1 X109.922 Y110.583 E729.62449
G1 X110.195 Y110.473 E729.63252
G1 X113.047 Y109.321 E729.77574
G1 X113.048 Y109.32 E729.77581
G1 X113.772 Y109.029 E729.81214
G1 X113.277 Y109.632 E729.83088
G1 X113.276 Y109.633 E729.83094
G1 X112.329 Y110.784 E729.90035
G1 X111.15 Y112.266 E729.98853
G1 X110.518 Y113.395 E730.04878
G1 X110.119 Y114.714 E730.11294
G1 X109.863 Y116.553 E730.1994
G1 X109.534 Y118.768 E730.30367
G1 X109.516 Y118.85 E730.30758
G1 X109.122 Y120.693 E730.3517
G0 F15000 X108.722 Y121.492
;TYPE:WALL-OUTER
G1 F2805.5 X108.722 Y100.107 E731.34748
G1 X106.322 Y100.107 E731.45923
G1 X106.322 Y110.107 E731.92487
G1 X104.722 Y110.107 E731.99938
G1 X104.722 Y98.507 E732.53952
G1 X110.322 Y98.507 E732.80028
G1 X110.322 Y109.99 E733.33498
G1 X114.917 Y108.135 E733.56572
G1 X114.222 Y109.111 E733.62151
G1 X112.64 Y111.036 E733.73753
G1 X111.483 Y112.49 E733.82405
G1 X110.888 Y113.552 E733.88074
G1 X110.511 Y114.8 E733.94144
G1 X110.259 Y116.612 E734.02663
G1 X109.929 Y118.832 E734.13114
G1 X109.36 Y121.493 E734.25785
G1 X108.722 Y121.492 E734.28756
G0 F15000 X109.108 Y121.125
;TYPE:SKIN
G1 F2805.5 X108.998 Y120.951 E734.30689
G0 F15000 X109.022 Y121.053
G0 X109.305 Y118.665
G0 X109.344 Y118.626
G1 F2805.5 X109.364 Y118.323 E734.31623
G1 X109.506 Y116.484 E734.37295
G1 X109.374 Y116.333 E734.37911
G0 F15000 X109.452 Y116.256
G0 X109.697 Y113.748
G0 X109.777 Y113.667
G1 F2805.5 X109.839 Y113.322 E734.39199
G1 X109.797 Y113.082 E734.40094
G0 F15000 X109.697 Y113.183
G0 X110.081 Y111.922
G0 X110.267 Y111.763
G1 F2805.5 X110.171 Y111.577 E734.40638
G1 X109.71 Y110.905 E734.42754
G0 F15000 X109.521 Y110.812
G1 F2805.5 X109.521 Y110.529 E734.44265
G1 X109.521 Y99.498 E735.03162
G0 F15000 X109.43 Y99.306
G1 F2805.5 X109.147 Y99.306 E735.04596
G1 X106.036 Y99.306 E735.20363
G1 X105.637 Y99.422 E735.22469
G1 X105.354 Y99.139 E735.24498
G1 X105.521 Y100.104 E735.29461
G1 X105.521 Y109.155 E735.75334
G1 X105.728 Y109.513 E735.7743
G0 F15000 X105.746 Y109.496
G0 X106.094 Y99.879
G0 X108.95 Y99.879
G0 X108.961 Y110.238
G0 X111.261 Y110.77
G0 X111.352 Y110.678
G1 F2805.5 X111.599 Y110.715 E735.79464
G0 F15000 X112.865 Y109.731
G1 F2805.5 X112.58 Y109.733 E735.81343
G0 F15000 X112.52 Y109.793
G0 X113.838 Y108.893
G0 X113.8 Y108.796
G1 F2805.5 X113.84 Y108.756 E735.81474
G0 F15000 X113.919 Y108.96
G1 F2805.5 X114.313 Y108.567 E735.8277
G1 F1500 E729.3277
;MESH:NONMESH
G0 F300 X114.313 Y108.567 Z10.36
G0 F15000 X114.238 Y108.658
G0 X108.942 Y112.823
G0 X107.857 Y112.823
G0 X99.703 Y112.974
G0 X98.8 Y112.367
G0 X97.422 Y112.823
;TIME_ELAPSED:768.216143
;LAYER:36
;TYPE:WALL-INNER
;MESH:terminale zanzariera verticale antivento con bottoncini.stl(1)
G1 F1500 E735.8277
G1 F2839.1 X97.422 Y112.059 E735.86328
G1 X97.422 Y112.058 E735.86332
G1 X97.422 Y111.446 E735.89182
G1 X97.984 Y111.219 E735.92004
G1 X98.686 Y110.936 E735.95529
G1 X98.215 Y111.528 E735.97347
G1 X97.984 Y111.818 E735.99074
G1 X97.795 Y112.156 E736.00877
G1 X97.422 Y112.823 E736.02714
G0 F15000 X97.022 Y116.102
G1 F2839.1 X97.022 Y114.628 E736.09578
G1 X97.022 Y113.974 E736.12623
G1 X97.022 Y111.176 E736.25652
G1 X99.281 Y110.264 E736.36995
G1 X99.391 Y110.22 E736.37547
G1 X99.965 Y109.988 E736.4043
G1 X99.518 Y110.532 E736.4198
G1 X99.444 Y110.625 E736.42491
G1 X98.317 Y112.042 E736.50922
G1 X97.648 Y113.238 E736.57303
G1 X97.416 Y114.002 E736.61021
G1 X97.227 Y114.628 E736.63333
G1 X97.022 Y116.102 E736.65149
G0 F15000 X96.622 Y120.693
G1 F2839.1 X96.622 Y118.809 E736.73922
G1 X96.622 Y118.808 E736.73927
G1 X96.622 Y99.707 E737.62869
G1 X93.422 Y99.707 E737.7777
G1 X93.422 Y109.707 E738.24334
G1 X92.622 Y109.707 E738.28059
G1 X92.622 Y98.907 E738.78348
G1 X97.422 Y98.907 E739.00699
G1 X97.422 Y110.288 E739.53694
G1 X97.422 Y110.289 E739.53698
G1 X97.422 Y110.583 E739.55067
G1 X97.695 Y110.473 E739.5587
G1 X100.547 Y109.321 E739.70193
G1 X100.548 Y109.32 E739.702
G1 X101.272 Y109.029 E739.73833
G1 X100.777 Y109.632 E739.75706
G1 X100.776 Y109.633 E739.75713
G1 X99.829 Y110.784 E739.82653
G1 X98.65 Y112.266 E739.91471
G1 X98.018 Y113.395 E739.97496
G1 X97.619 Y114.714 E740.03913
G1 X97.363 Y116.553 E740.12559
G1 X97.034 Y118.768 E740.22986
G1 X97.016 Y118.85 E740.23377
G1 X96.622 Y120.693 E740.27789
G0 F15000 X96.222 Y121.492
;TYPE:WALL-OUTER
G1 F2839.1 X96.222 Y100.107 E741.27366
G1 X93.822 Y100.107 E741.38542
G1 X93.822 Y110.107 E741.85106
G1 X92.222 Y110.107 E741.92556
G1 X92.222 Y98.507 E742.46571
G1 X97.822 Y98.507 E742.72647
G1 X97.822 Y109.99 E743.26116
G1 X102.417 Y108.135 E743.4919
G1 X101.722 Y109.111 E743.5477
G1 X100.14 Y111.036 E743.66372
G1 X98.983 Y112.49 E743.75024
G1 X98.388 Y113.552 E743.80692
G1 X98.011 Y114.8 E743.86763
G1 X97.759 Y116.612 E743.95282
G1 X97.429 Y118.832 E744.05733
G1 X96.86 Y121.493 E744.18403
G1 X96.222 Y121.492 E744.21374
G0 F15000 X96.411 Y121.301
;TYPE:SKIN
G1 F2839.1 X96.553 Y121.16 E744.22315
G1 X96.642 Y120.967 E744.23314
G0 F15000 X96.522 Y120.843
G0 X96.873 Y118.652
G0 X96.834 Y118.613
G1 F2839.1 X96.853 Y118.349 E744.24132
G1 X96.981 Y116.497 E744.29869
G1 X97.116 Y116.349 E744.30488
G0 F15000 X97.029 Y116.262
G0 X97.317 Y113.722
G0 X97.256 Y113.661
G1 F2839.1 X97.29 Y113.412 E744.31279
G1 X97.483 Y113.039 E744.326
G0 F15000 X97.531 Y113.088
G0 X97.744 Y111.886
G0 X97.67 Y111.812
G1 F2839.1 X97.761 Y111.62 E744.3335
G1 X97.923 Y111.5 E744.34062
G0 F15000 X97.021 Y110.598
G1 F2839.1 X97.021 Y110.315 E744.35538
G1 X97.021 Y99.85 E744.90111
G1 X96.477 Y99.305 E744.94126
G1 X93.083 Y99.305 E745.11825
G1 X93.021 Y100.092 E745.15942
G1 X93.021 Y109.143 E745.63142
G1 X92.819 Y109.507 E745.65313
G0 F15000 X92.843 Y109.531
G0 X93.594 Y99.879
G0 X96.45 Y99.879
G0 X96.797 Y110.656
G0 X96.952 Y110.811
G1 F2839.1 X96.851 Y110.993 E745.66694
G0 F15000 X96.797 Y110.939
G0 X98.776 Y110.655
G0 X98.893 Y110.772
G1 F2839.1 X99.056 Y110.653 E745.67557
G1 X99.219 Y110.533 E745.68422
G0 F15000 X99.26 Y110.574
G0 X100.081 Y109.697
G0 X100.194 Y109.81
G1 F2839.1 X100.359 Y109.692 E745.69259
G1 X100.523 Y109.574 E745.70093
G0 F15000 X100.563 Y109.614
G0 X101.431 Y108.855
G0 X101.498 Y108.852
G1 F2839.1 X101.657 Y108.728 E745.7087
G1 X101.817 Y108.605 E745.71646
G0 F15000 X101.783 Y108.659
G0 X97.6 Y110.319
G0 X97.246 Y99.792
G1 F2839.1 X96.535 Y99.081 E745.73987
G0 F15000 X96.818 Y99.081
G1 F2839.1 X97.246 Y99.509 E745.75397
G0 F15000 X97.246 Y99.226
G1 F2839.1 X97.101 Y99.081 E745.75874
G0 F15000 X97.101 Y99.107
G1 F1500 E739.25874
;MESH:terminale zanzariera verticale antivento con bottoncini.stl
G0 F15000 X97.611 Y110.302
G0 X98.669 Y108.734
G0 X102.692 Y107.1
G0 X103.487 Y108.11
G0 X103.861 Y110.464
G0 X104.365 Y110.968
G0 X106.679 Y110.968
G0 X107.857 Y110.302
G0 X108.942 Y110.302
G0 X109.922 Y112.823
;TYPE:WALL-INNER
G1 F1500 E745.75874
G1 F2839.1 X109.922 Y112.059 E745.79432
G1 X109.922 Y112.058 E745.79436
G1 X109.922 Y111.446 E745.82286
G1 X110.484 Y111.219 E745.85108
G1 X111.186 Y110.936 E745.88633
G1 X110.715 Y111.528 E745.90451
G1 X110.484 Y111.818 E745.92177
G1 X110.295 Y112.156 E745.93981
G1 X109.922 Y112.823 E745.95818
G0 F15000 X109.522 Y116.102
G1 F2839.1 X109.522 Y114.628 E746.02682
G1 X109.522 Y113.974 E746.05727
G1 X109.522 Y111.176 E746.18756
G1 X111.781 Y110.264 E746.30099
G1 X111.891 Y110.22 E746.30651
G1 X112.465 Y109.988 E746.33534
G1 X112.018 Y110.532 E746.35084
G1 X111.944 Y110.625 E746.35595
G1 X110.817 Y112.042 E746.44026
G1 X110.148 Y113.238 E746.50407
G1 X109.916 Y114.002 E746.54125
G1 X109.727 Y114.628 E746.56437
G1 X109.522 Y116.102 E746.58253
G0 F15000 X109.122 Y120.693
G1 F2839.1 X109.122 Y118.809 E746.67026
G1 X109.122 Y118.808 E746.67031
G1 X109.122 Y99.707 E747.55973
G1 X105.922 Y99.707 E747.70874
G1 X105.922 Y109.707 E748.17438
G1 X105.122 Y109.707 E748.21163
G1 X105.122 Y98.907 E748.71452
G1 X109.922 Y98.907 E748.93803
G1 X109.922 Y110.288 E749.46798
G1 X109.922 Y110.289 E749.46802
G1 X109.922 Y110.583 E749.48171
G1 X110.195 Y110.473 E749.48974
G1 X113.047 Y109.321 E749.63297
G1 X113.048 Y109.32 E749.63303
G1 X113.772 Y109.029 E749.66937
G1 X113.277 Y109.632 E749.6881
G1 X113.276 Y109.633 E749.68817
G1 X112.329 Y110.784 E749.75757
G1 X111.15 Y112.266 E749.84575
G1 X110.518 Y113.395 E749.906
G1 X110.119 Y114.714 E749.97017
G1 X109.863 Y116.553 E750.05663
G1 X109.534 Y118.768 E750.1609
G1 X109.516 Y118.85 E750.16481
G1 X109.122 Y120.693 E750.20893
G0 F15000 X108.722 Y121.492
;TYPE:WALL-OUTER
G1 F2839.1 X108.722 Y100.107 E751.2047
G1 X106.322 Y100.107 E751.31646
G1 X106.322 Y110.107 E751.7821
G1 X104.722 Y110.107 E751.8566
G1 X104.722 Y98.507 E752.39675
G1 X110.322 Y98.507 E752.65751
G1 X110.322 Y109.99 E753.1922
G1 X114.917 Y108.135 E753.42294
G1 X114.222 Y109.111 E753.47873
G1 X112.64 Y111.036 E753.59476
G1 X111.483 Y112.49 E753.68128
G1 X110.888 Y113.552 E753.73796
G1 X110.511 Y114.8 E753.79867
G1 X110.259 Y116.612 E753.88386
G1 X109.929 Y118.832 E753.98836
G1 X109.36 Y121.493 E754.11507
G1 X108.722 Y121.492 E754.14478
G0 F15000 X109.024 Y121.187
;TYPE:SKIN
G1 F2839.1 X109.107 Y120.986 E754.15657
G1 X109.289 Y120.886 E754.16782
G0 F15000 X109.191 Y120.852
G0 X109.332 Y118.666
G0 X109.314 Y118.648
G1 F2839.1 X109.349 Y118.4 E754.17543
G1 X109.477 Y116.548 E754.23179
G1 X109.583 Y116.371 E754.23806
G0 F15000 X109.47 Y116.258
G0 X109.805 Y113.764
G0 X109.751 Y113.71
G1 F2839.1 X109.783 Y113.46 E754.24602
G1 X109.936 Y113.047 E754.25995
G0 F15000 X110.011 Y113.122
G0 X110.225 Y111.922
G0 X110.16 Y111.857
G1 F2839.1 X110.23 Y111.644 E754.26782
G1 X110.392 Y111.523 E754.27492
G0 F15000 X109.521 Y110.652
G1 F2839.1 X109.521 Y110.369 E754.28977
G1 X109.521 Y99.904 E754.83882
G1 X108.923 Y99.306 E754.88319
G1 X109.364 Y99.464 E754.90776
G0 F15000 X109.747 Y99.564
G1 F2839.1 X109.264 Y99.081 E754.92367
G0 F15000 X109.547 Y99.081
G1 F2839.1 X109.747 Y99.282 E754.93027
G0 F15000 X108.64 Y99.306
G1 F2839.1 X108.357 Y99.306 E754.94569
G1 X105.529 Y99.306 E755.09979
G1 X105.521 Y105.238 E755.42302
G1 X105.521 Y109.198 E755.6388
G1 X105.433 Y109.393 E755.65046
G0 F15000 X105.571 Y109.531
G0 X106.094 Y99.879
G0 X108.95 Y99.879
G0 X109.296 Y110.71
G0 X109.432 Y110.846
G1 F2839.1 X109.331 Y111.028 E755.66174
G0 F15000 X109.296 Y110.993
G0 X111.237 Y110.672
G0 X111.361 Y110.796
G1 F2839.1 X111.525 Y110.676 E755.67122
G1 X111.688 Y110.557 E755.68063
G0 F15000 X111.737 Y110.605
G0 X112.542 Y109.713
G0 X112.662 Y109.834
G1 F2839.1 X112.826 Y109.715 E755.68978
G1 X112.991 Y109.597 E755.69893
G0 F15000 X113.038 Y109.644
G0 X113.892 Y108.871
G0 X113.967 Y108.875
G1 F2839.1 X114.126 Y108.752 E755.71207
G0 F15000 X114.25 Y108.593
G1 F2839.1 X114.322 Y108.666 E755.71445
G1 F1500 E749.21445
;MESH:NONMESH
G0 F300 X114.322 Y108.666 Z10.64
G0 F15000 X114.217 Y108.686
G0 X108.942 Y112.823
G0 X107.857 Y112.823
G0 X99.703 Y112.974
G0 X98.8 Y112.367
G0 X97.422 Y112.823
;TIME_ELAPSED:788.976254
;LAYER:37
;TYPE:WALL-INNER
;MESH:terminale zanzariera verticale antivento con bottoncini.stl(1)
G1 F1500 E755.71445
G1 F2805.5 X97.422 Y112.059 E755.75003
G1 X97.422 Y112.058 E755.75007
G1 X97.422 Y111.446 E755.77857
G1 X97.984 Y111.219 E755.80679
G1 X98.686 Y110.936 E755.84204
G1 X98.215 Y111.528 E755.86022
G1 X97.984 Y111.818 E755.87749
G1 X97.795 Y112.156 E755.89552
G1 X97.422 Y112.823 E755.91389
G0 F15000 X97.022 Y116.102
G1 F2805.5 X97.022 Y114.628 E755.98253
G1 X97.022 Y113.974 E756.01298
G1 X97.022 Y111.176 E756.14327
G1 X99.281 Y110.264 E756.25671
G1 X99.391 Y110.22 E756.26222
G1 X99.965 Y109.988 E756.29105
G1 X99.518 Y110.532 E756.30655
G1 X99.444 Y110.625 E756.31166
G1 X98.317 Y112.042 E756.39597
G1 X97.648 Y113.238 E756.45978
G1 X97.416 Y114.002 E756.49696
G1 X97.227 Y114.628 E756.52008
G1 X97.022 Y116.102 E756.53825
G0 F15000 X96.622 Y120.693
G1 F2805.5 X96.622 Y118.809 E756.62597
G1 X96.622 Y118.808 E756.62602
G1 X96.622 Y99.707 E757.51544
G1 X93.422 Y99.707 E757.66445
G1 X93.422 Y109.707 E758.13009
G1 X92.622 Y109.707 E758.16734
G1 X92.622 Y98.907 E758.67023
G1 X97.422 Y98.907 E758.89374
G1 X97.422 Y110.288 E759.42369
G1 X97.422 Y110.289 E759.42374
G1 X97.422 Y110.583 E759.43743
G1 X97.695 Y110.473 E759.44545
G1 X100.547 Y109.321 E759.58868
G1 X100.548 Y109.32 E759.58875
G1 X101.272 Y109.029 E759.62508
G1 X100.777 Y109.632 E759.64381
G1 X100.776 Y109.633 E759.64388
G1 X99.829 Y110.784 E759.71328
G1 X98.65 Y112.266 E759.80147
G1 X98.018 Y113.395 E759.86171
G1 X97.619 Y114.714 E759.92588
G1 X97.363 Y116.553 E760.01234
G1 X97.034 Y118.768 E760.11661
G1 X97.016 Y118.85 E760.12052
G1 X96.622 Y120.693 E760.16464
G0 F15000 X96.222 Y121.492
;TYPE:WALL-OUTER
G1 F2805.5 X96.222 Y100.107 E761.16042
G1 X93.822 Y100.107 E761.27217
G1 X93.822 Y110.107 E761.73781
G1 X92.222 Y110.107 E761.81231
G1 X92.222 Y98.507 E762.35246
G1 X97.822 Y98.507 E762.61322
G1 X97.822 Y109.99 E763.14792
G1 X102.417 Y108.135 E763.37866
G1 X101.722 Y109.111 E763.43445
G1 X100.14 Y111.036 E763.55047
G1 X98.983 Y112.49 E763.63699
G1 X98.388 Y113.552 E763.69368
G1 X98.011 Y114.8 E763.75438
G1 X97.759 Y116.612 E763.83957
G1 X97.429 Y118.832 E763.94408
G1 X96.86 Y121.493 E764.07078
G1 X96.222 Y121.492 E764.10049
G0 F15000 X96.627 Y121.16
;TYPE:SKIN
G1 F2805.5 X96.523 Y120.982 E764.11911
G0 F15000 X96.522 Y121.109
G0 X96.796 Y118.446
G0 X96.859 Y118.383
G1 F2805.5 X96.883 Y118.075 E764.1296
G1 X97.006 Y116.538 E764.18197
G1 X96.899 Y116.363 E764.18894
G0 F15000 X97.003 Y116.26
G0 X97.197 Y113.803
G0 X97.265 Y113.734
G1 F2805.5 X97.327 Y113.39 E764.20088
G1 X97.319 Y113.114 E764.21032
G0 F15000 X97.442 Y112.992
G0 X97.581 Y111.922
G0 X97.698 Y111.887
G1 F2805.5 X97.717 Y111.585 E764.22501
G0 F15000 X97.838 Y111.465
G0 X97.246 Y110.642
G0 X97.021 Y110.867
G1 F2805.5 X97.021 Y110.584 E764.24008
G1 X97.021 Y99.553 E764.8273
G1 X96.986 Y99.306 E764.84058
G1 X93.592 Y99.306 E765.02126
G1 X93.165 Y99.449 E765.04523
G0 F15000 X92.797 Y99.535
G1 F2805.5 X93.251 Y99.081 E765.06018
G0 F15000 X92.882 Y99.167
G1 F2805.5 X93.021 Y99.876 E765.09642
G1 X93.021 Y109.21 E765.56463
G1 X93.114 Y109.399 E765.5752
G0 F15000 X92.983 Y109.531
G0 X93.594 Y99.879
G0 X96.45 Y99.879
G0 X96.461 Y110.291
G0 X98.785 Y110.8
G0 X98.91 Y110.674
G1 F2805.5 X99.017 Y110.85 E765.59085
G0 F15000 X98.906 Y110.962
G0 X100.164 Y109.987
G0 X100.389 Y109.762
G1 F2805.5 X100.138 Y109.729 E765.61189
G0 F15000 X100.044 Y109.824
G0 X101.348 Y108.889
G0 X101.378 Y108.773
G1 F2805.5 X101.646 Y108.788 E765.62875
G1 F1500 E759.12875
;MESH:terminale zanzariera verticale antivento con bottoncini.stl
G0 F15000 X101.735 Y108.733
G0 X102.714 Y109.209
G0 X103.857 Y108.588
G0 X104.942 Y108.588
G0 X106.094 Y99.879
G0 X108.95 Y99.879
G0 X109.922 Y112.823
;TYPE:WALL-INNER
G1 F1500 E765.62875
G1 F2805.5 X109.922 Y112.059 E765.66432
G1 X109.922 Y112.058 E765.66437
G1 X109.922 Y111.446 E765.69287
G1 X110.484 Y111.219 E765.72109
G1 X111.186 Y110.936 E765.75633
G1 X110.715 Y111.528 E765.77452
G1 X110.484 Y111.818 E765.79178
G1 X110.295 Y112.156 E765.80981
G1 X109.922 Y112.823 E765.82819
G0 F15000 X109.522 Y116.102
G1 F2805.5 X109.522 Y114.628 E765.89682
G1 X109.522 Y113.974 E765.92728
G1 X109.522 Y111.176 E766.05756
G1 X111.781 Y110.264 E766.171
G1 X111.891 Y110.22 E766.17652
G1 X112.465 Y109.988 E766.20534
G1 X112.018 Y110.532 E766.22085
G1 X111.944 Y110.625 E766.22596
G1 X110.817 Y112.042 E766.31026
G1 X110.148 Y113.238 E766.37408
G1 X109.916 Y114.002 E766.41125
G1 X109.727 Y114.628 E766.43437
G1 X109.522 Y116.102 E766.45254
G0 F15000 X109.122 Y120.693
G1 F2805.5 X109.122 Y118.809 E766.54027
G1 X109.122 Y118.808 E766.54031
G1 X109.122 Y99.707 E767.42974
G1 X105.922 Y99.707 E767.57874
G1 X105.922 Y109.707 E768.04438
G1 X105.122 Y109.707 E768.08163
G1 X105.122 Y98.907 E768.58453
G1 X109.922 Y98.907 E768.80804
G1 X109.922 Y110.288 E769.33798
G1 X109.922 Y110.289 E769.33803
G1 X109.922 Y110.583 E769.35172
G1 X110.195 Y110.473 E769.35975
G1 X113.047 Y109.321 E769.50297
G1 X113.048 Y109.32 E769.50304
G1 X113.772 Y109.029 E769.53937
G1 X113.277 Y109.632 E769.55811
G1 X113.276 Y109.633 E769.55817
G1 X112.329 Y110.784 E769.62758
G1 X111.15 Y112.266 E769.71576
G1 X110.518 Y113.395 E769.77601
G1 X110.119 Y114.714 E769.84017
G1 X109.863 Y116.553 E769.92663
G1 X109.534 Y118.768 E770.0309
G1 X109.516 Y118.85 E770.03481
G1 X109.122 Y120.693 E770.07893
G0 F15000 X108.722 Y121.492
;TYPE:WALL-OUTER
G1 F2805.5 X108.722 Y100.107 E771.07471
G1 X106.322 Y100.107 E771.18646
G1 X106.322 Y110.107 E771.65211
G1 X104.722 Y110.107 E771.72661
G1 X104.722 Y98.507 E772.26675
G1 X110.322 Y98.507 E772.52751
G1 X110.322 Y109.99 E773.06221
G1 X114.917 Y108.135 E773.29295
G1 X114.222 Y109.111 E773.34874
G1 X112.64 Y111.036 E773.46476
G1 X111.483 Y112.49 E773.55129
G1 X110.888 Y113.552 E773.60797
G1 X110.511 Y114.8 E773.66868
G1 X110.259 Y116.612 E773.75386
G1 X109.929 Y118.832 E773.85837
G1 X109.36 Y121.493 E773.98508
G1 X108.722 Y121.492 E774.01479
G0 F15000 X109.108 Y121.125
;TYPE:SKIN
G1 F2805.5 X108.998 Y120.951 E774.03412
G0 F15000 X109.022 Y121.053
G0 X109.305 Y118.665
G0 X109.344 Y118.626
G1 F2805.5 X109.364 Y118.323 E774.04346
G1 X109.506 Y116.484 E774.10018
G1 X109.374 Y116.333 E774.10635
G0 F15000 X109.452 Y116.256
G0 X109.697 Y113.748
G0 X109.777 Y113.667
G1 F2805.5 X109.839 Y113.322 E774.11922
G1 X109.797 Y113.082 E774.12818
G0 F15000 X109.697 Y113.183
G0 X110.081 Y111.922
G0 X110.267 Y111.763
G1 F2805.5 X110.171 Y111.577 E774.13361
G1 X109.71 Y110.905 E774.15477
G0 F15000 X109.521 Y110.812
G1 F2805.5 X109.521 Y110.529 E774.16988
G1 X109.521 Y99.498 E774.75885
G0 F15000 X109.43 Y99.306
G1 F2805.5 X109.147 Y99.306 E774.77319
G1 X106.036 Y99.306 E774.93086
G1 X105.637 Y99.422 E774.95192
G1 X105.354 Y99.139 E774.97221
G1 X105.521 Y100.104 E775.02184
G1 X105.521 Y109.155 E775.48057
G1 X105.728 Y109.513 E775.50153
G0 F15000 X105.746 Y109.496
G0 X106.094 Y99.879
G0 X108.95 Y99.879
G0 X108.961 Y110.238
G0 X111.261 Y110.77
G0 X111.352 Y110.678
G1 F2805.5 X111.599 Y110.715 E775.52187
G0 F15000 X112.865 Y109.731
G1 F2805.5 X112.58 Y109.733 E775.54066
G0 F15000 X112.52 Y109.793
G0 X113.838 Y108.893
G0 X113.8 Y108.796
G1 F2805.5 X113.84 Y108.756 E775.54198
G0 F15000 X113.919 Y108.96
G1 F2805.5 X114.313 Y108.567 E775.55493
G1 F1500 E769.05493
;MESH:NONMESH
G0 F300 X114.313 Y108.567 Z10.92
G0 F15000 X114.238 Y108.658
G0 X108.942 Y112.823
G0 X107.857 Y112.823
G0 X99.703 Y112.974
G0 X98.8 Y112.367
G0 X97.422 Y112.823
;TIME_ELAPSED:808.833595
;LAYER:38
;TYPE:WALL-INNER
;MESH:terminale zanzariera verticale antivento con bottoncini.stl(1)
G1 F1500 E775.55493
G1 F2839.1 X97.422 Y112.059 E775.59051
G1 X97.422 Y112.058 E775.59055
G1 X97.422 Y111.446 E775.61905
G1 X97.984 Y111.219 E775.64727
G1 X98.686 Y110.936 E775.68252
G1 X98.215 Y111.528 E775.7007
G1 X97.984 Y111.818 E775.71797
G1 X97.795 Y112.156 E775.736
G1 X97.422 Y112.823 E775.75437
G0 F15000 X97.022 Y116.102
G1 F2839.1 X97.022 Y114.628 E775.82301
G1 X97.022 Y113.974 E775.85346
G1 X97.022 Y111.176 E775.98375
G1 X99.281 Y110.264 E776.09719
G1 X99.391 Y110.22 E776.1027
G1 X99.965 Y109.988 E776.13153
G1 X99.518 Y110.532 E776.14703
G1 X99.444 Y110.625 E776.15214
G1 X98.317 Y112.042 E776.23645
G1 X97.648 Y113.238 E776.30026
G1 X97.416 Y114.002 E776.33744
G1 X97.227 Y114.628 E776.36056
G1 X97.022 Y116.102 E776.37873
G0 F15000 X96.622 Y120.693
G1 F2839.1 X96.622 Y118.809 E776.46645
G1 X96.622 Y118.808 E776.4665
G1 X96.622 Y99.707 E777.35592
G1 X93.422 Y99.707 E777.50493
G1 X93.422 Y109.707 E777.97057
G1 X92.622 Y109.707 E778.00782
G1 X92.622 Y98.907 E778.51071
G1 X97.422 Y98.907 E778.73422
G1 X97.422 Y110.288 E779.26417
G1 X97.422 Y110.289 E779.26422
G1 X97.422 Y110.583 E779.27791
G1 X97.695 Y110.473 E779.28594
G1 X100.547 Y109.321 E779.42916
G1 X100.548 Y109.32 E779.42923
G1 X101.272 Y109.029 E779.46556
G1 X100.777 Y109.632 E779.48429
G1 X100.776 Y109.633 E779.48436
G1 X99.829 Y110.784 E779.55376
G1 X98.65 Y112.266 E779.64195
G1 X98.018 Y113.395 E779.70219
G1 X97.619 Y114.714 E779.76636
G1 X97.363 Y116.553 E779.85282
G1 X97.034 Y118.768 E779.95709
G1 X97.016 Y118.85 E779.961
G1 X96.622 Y120.693 E780.00512
G0 F15000 X96.222 Y121.492
;TYPE:WALL-OUTER
G1 F2839.1 X96.222 Y100.107 E781.0009
G1 X93.822 Y100.107 E781.11265
G1 X93.822 Y110.107 E781.57829
G1 X92.222 Y110.107 E781.6528
G1 X92.222 Y98.507 E782.19294
G1 X97.822 Y98.507 E782.4537
G1 X97.822 Y109.99 E782.9884
G1 X102.417 Y108.135 E783.21914
G1 X101.722 Y109.111 E783.27493
G1 X100.14 Y111.036 E783.39095
G1 X98.983 Y112.49 E783.47747
G1 X98.388 Y113.552 E783.53416
G1 X98.011 Y114.8 E783.59486
G1 X97.759 Y116.612 E783.68005
G1 X97.429 Y118.832 E783.78456
G1 X96.86 Y121.493 E783.91127
G1 X96.222 Y121.492 E783.94097
G0 F15000 X96.411 Y121.301
;TYPE:SKIN
G1 F2839.1 X96.553 Y121.16 E783.95038
G1 X96.642 Y120.967 E783.96037
G0 F15000 X96.522 Y120.843
G0 X96.873 Y118.652
G0 X96.834 Y118.613
G1 F2839.1 X96.853 Y118.349 E783.96855
G1 X96.981 Y116.497 E784.02592
G1 X97.116 Y116.349 E784.03211
G0 F15000 X97.029 Y116.262
G0 X97.317 Y113.722
G0 X97.256 Y113.661
G1 F2839.1 X97.29 Y113.412 E784.04002
G1 X97.483 Y113.039 E784.05323
G0 F15000 X97.531 Y113.088
G0 X97.744 Y111.886
G0 X97.67 Y111.812
G1 F2839.1 X97.761 Y111.62 E784.06073
G1 X97.923 Y111.5 E784.06785
G0 F15000 X97.021 Y110.598
G1 F2839.1 X97.021 Y110.315 E784.08261
G1 X97.021 Y99.85 E784.62834
G1 X96.477 Y99.305 E784.6685
G1 X93.083 Y99.305 E784.84549
G1 X93.021 Y100.092 E784.88665
G1 X93.021 Y109.143 E785.35865
G1 X92.819 Y109.507 E785.38036
G0 F15000 X92.843 Y109.531
G0 X93.594 Y99.879
G0 X96.45 Y99.879
G0 X96.797 Y110.656
G0 X96.952 Y110.811
G1 F2839.1 X96.851 Y110.993 E785.39417
G0 F15000 X96.797 Y110.939
G0 X98.776 Y110.655
G0 X98.893 Y110.772
G1 F2839.1 X99.056 Y110.653 E785.4028
G1 X99.219 Y110.533 E785.41145
G0 F15000 X99.26 Y110.574
G0 X100.081 Y109.697
G0 X100.194 Y109.81
G1 F2839.1 X100.359 Y109.692 E785.41983
G1 X100.523 Y109.574 E785.42817
G0 F15000 X100.563 Y109.614
G0 X101.431 Y108.855
G0 X101.498 Y108.852
G1 F2839.1 X101.657 Y108.728 E785.43593
G1 X101.817 Y108.605 E785.4437
G0 F15000 X101.783 Y108.659
G0 X97.6 Y110.319
G0 X97.246 Y99.792
G1 F2839.1 X96.535 Y99.081 E785.46711
G0 F15000 X96.818 Y99.081
G1 F2839.1 X97.246 Y99.509 E785.4812
G0 F15000 X97.246 Y99.226
G1 F2839.1 X97.101 Y99.081 E785.48597
G0 F15000 X97.101 Y99.107
G1 F1500 E778.98597
;MESH:terminale zanzariera verticale antivento con bottoncini.stl
G0 F15000 X97.611 Y110.302
G0 X98.669 Y108.734
G0 X102.692 Y107.1
G0 X103.487 Y108.11
G0 X103.861 Y110.464
G0 X104.365 Y110.968
G0 X106.679 Y110.968
G0 X107.857 Y110.302
G0 X108.942 Y110.302
G0 X109.922 Y112.823
;TYPE:WALL-INNER
G1 F1500 E785.48597
G1 F2839.1 X109.922 Y112.059 E785.52155
G1 X109.922 Y112.058 E785.52159
G1 X109.922 Y111.446 E785.55009
G1 X110.484 Y111.219 E785.57831
G1 X111.186 Y110.936 E785.61356
G1 X110.715 Y111.528 E785.63174
G1 X110.484 Y111.818 E785.64901
G1 X110.295 Y112.156 E785.66704
G1 X109.922 Y112.823 E785.68541
G0 F15000 X109.522 Y116.102
G1 F2839.1 X109.522 Y114.628 E785.75405
G1 X109.522 Y113.974 E785.7845
G1 X109.522 Y111.176 E785.91479
G1 X111.781 Y110.264 E786.02823
G1 X111.891 Y110.22 E786.03374
G1 X112.465 Y109.988 E786.06257
G1 X112.018 Y110.532 E786.07807
G1 X111.944 Y110.625 E786.08318
G1 X110.817 Y112.042 E786.16749
G1 X110.148 Y113.238 E786.2313
G1 X109.916 Y114.002 E786.26848
G1 X109.727 Y114.628 E786.2916
G1 X109.522 Y116.102 E786.30977
G0 F15000 X109.122 Y120.693
G1 F2839.1 X109.122 Y118.809 E786.39749
G1 X109.122 Y118.808 E786.39754
G1 X109.122 Y99.707 E787.28696
G1 X105.922 Y99.707 E787.43597
G1 X105.922 Y109.707 E787.90161
G1 X105.122 Y109.707 E787.93886
G1 X105.122 Y98.907 E788.44175
G1 X109.922 Y98.907 E788.66526
G1 X109.922 Y110.288 E789.19521
G1 X109.922 Y110.289 E789.19526
G1 X109.922 Y110.583 E789.20895
G1 X110.195 Y110.473 E789.21697
G1 X113.047 Y109.321 E789.3602
G1 X113.048 Y109.32 E789.36027
G1 X113.772 Y109.029 E789.3966
G1 X113.277 Y109.632 E789.41533
G1 X113.276 Y109.633 E789.4154
G1 X112.329 Y110.784 E789.4848
G1 X111.15 Y112.266 E789.57299
G1 X110.518 Y113.395 E789.63323
G1 X110.119 Y114.714 E789.6974
G1 X109.863 Y116.553 E789.78386
G1 X109.534 Y118.768 E789.88813
G1 X109.516 Y118.85 E789.89204
G1 X109.122 Y120.693 E789.93616
G0 F15000 X108.722 Y121.492
;TYPE:WALL-OUTER
G1 F2839.1 X108.722 Y100.107 E790.93194
G1 X106.322 Y100.107 E791.04369
G1 X106.322 Y110.107 E791.50933
G1 X104.722 Y110.107 E791.58383
G1 X104.722 Y98.507 E792.12398
G1 X110.322 Y98.507 E792.38474
G1 X110.322 Y109.99 E792.91944
G1 X114.917 Y108.135 E793.15018
G1 X114.222 Y109.111 E793.20597
G1 X112.64 Y111.036 E793.32199
G1 X111.483 Y112.49 E793.40851
G1 X110.888 Y113.552 E793.4652
G1 X110.511 Y114.8 E793.5259
G1 X110.259 Y116.612 E793.61109
G1 X109.929 Y118.832 E793.7156
G1 X109.36 Y121.493 E793.8423
G1 X108.722 Y121.492 E793.87201
G0 F15000 X109.024 Y121.187
;TYPE:SKIN
G1 F2839.1 X109.107 Y120.986 E793.8838
G1 X109.289 Y120.886 E793.89505
G0 F15000 X109.191 Y120.852
G0 X109.332 Y118.666
G0 X109.314 Y118.648
G1 F2839.1 X109.349 Y118.4 E793.90266
G1 X109.477 Y116.548 E793.95902
G1 X109.583 Y116.371 E793.96529
G0 F15000 X109.47 Y116.258
G0 X109.805 Y113.764
G0 X109.751 Y113.71
G1 F2839.1 X109.783 Y113.46 E793.97326
G1 X109.936 Y113.047 E793.98718
G0 F15000 X110.011 Y113.122
G0 X110.225 Y111.922
G0 X110.16 Y111.857
G1 F2839.1 X110.23 Y111.644 E793.99505
G1 X110.392 Y111.523 E794.00216
G0 F15000 X109.521 Y110.652
G1 F2839.1 X109.521 Y110.369 E794.017
G1 X109.521 Y99.904 E794.56605
G1 X108.923 Y99.306 E794.61042
G1 X109.364 Y99.464 E794.635
G0 F15000 X109.747 Y99.564
G1 F2839.1 X109.264 Y99.081 E794.6509
G0 F15000 X109.547 Y99.081
G1 F2839.1 X109.747 Y99.282 E794.6575
G0 F15000 X108.64 Y99.306
G1 F2839.1 X108.357 Y99.306 E794.67292
G1 X105.529 Y99.306 E794.82702
G1 X105.521 Y105.238 E795.15025
G1 X105.521 Y109.198 E795.36603
G1 X105.433 Y109.393 E795.37769
G0 F15000 X105.571 Y109.531
G0 X106.094 Y99.879
G0 X108.95 Y99.879
G0 X109.296 Y110.71
G0 X109.432 Y110.846
G1 F2839.1 X109.331 Y111.028 E795.38897
G0 F15000 X109.296 Y110.993
G0 X111.237 Y110.672
G0 X111.361 Y110.796
G1 F2839.1 X111.525 Y110.676 E795.39845
G1 X111.688 Y110.557 E795.40787
G0 F15000 X111.737 Y110.605
G0 X112.542 Y109.713
G0 X112.662 Y109.834
G1 F2839.1 X112.826 Y109.715 E795.41701
G1 X112.991 Y109.597 E795.42616
G0 F15000 X113.038 Y109.644
G0 X113.892 Y108.871
G0 X113.967 Y108.875
G1 F2839.1 X114.126 Y108.752 E795.4393
G0 F15000 X114.25 Y108.593
G1 F2839.1 X114.322 Y108.666 E795.44168
G1 F1500 E788.94168
;MESH:NONMESH
G0 F300 X114.322 Y108.666 Z11.2
G0 F15000 X114.217 Y108.686
G0 X108.942 Y112.823
G0 X107.857 Y112.823
G0 X99.703 Y112.974
G0 X98.8 Y112.367
G0 X97.422 Y112.823
;TIME_ELAPSED:829.593707
;LAYER:39
;TYPE:WALL-INNER
;MESH:terminale zanzariera verticale antivento con bottoncini.stl(1)
G1 F1500 E795.44168
G1 F2805.5 X97.422 Y112.059 E795.47726
G1 X97.422 Y112.058 E795.47731
G1 X97.422 Y111.446 E795.5058
G1 X97.984 Y111.219 E795.53403
G1 X98.686 Y110.936 E795.56927
G1 X98.215 Y111.528 E795.58745
G1 X97.984 Y111.818 E795.60472
G1 X97.795 Y112.156 E795.62275
G1 X97.422 Y112.823 E795.64113
G0 F15000 X97.022 Y116.102
G1 F2805.5 X97.022 Y114.628 E795.70976
G1 X97.022 Y113.974 E795.74021
G1 X97.022 Y111.176 E795.8705
G1 X99.281 Y110.264 E795.98394
G1 X99.391 Y110.22 E795.98945
G1 X99.965 Y109.988 E796.01828
G1 X99.518 Y110.532 E796.03379
G1 X99.444 Y110.625 E796.0389
G1 X98.317 Y112.042 E796.1232
G1 X97.648 Y113.238 E796.18701
G1 X97.416 Y114.002 E796.22419
G1 X97.227 Y114.628 E796.24731
G1 X97.022 Y116.102 E796.26548
G0 F15000 X96.622 Y120.693
G1 F2805.5 X96.622 Y118.809 E796.3532
G1 X96.622 Y118.808 E796.35325
G1 X96.622 Y99.707 E797.24267
G1 X93.422 Y99.707 E797.39168
G1 X93.422 Y109.707 E797.85732
G1 X92.622 Y109.707 E797.89457
G1 X92.622 Y98.907 E798.39747
G1 X97.422 Y98.907 E798.62097
G1 X97.422 Y110.288 E799.15092
G1 X97.422 Y110.289 E799.15097
G1 X97.422 Y110.583 E799.16466
G1 X97.695 Y110.473 E799.17269
G1 X100.547 Y109.321 E799.31591
G1 X100.548 Y109.32 E799.31598
G1 X101.272 Y109.029 E799.35231
G1 X100.777 Y109.632 E799.37105
G1 X100.776 Y109.633 E799.37111
G1 X99.829 Y110.784 E799.44052
G1 X98.65 Y112.266 E799.5287
G1 X98.018 Y113.395 E799.58895
G1 X97.619 Y114.714 E799.65311
G1 X97.363 Y116.553 E799.73957
G1 X97.034 Y118.768 E799.84384
G1 X97.016 Y118.85 E799.84775
G1 X96.622 Y120.693 E799.89187
G0 F15000 X96.222 Y121.492
;TYPE:WALL-OUTER
G1 F2805.5 X96.222 Y100.107 E800.88765
G1 X93.822 Y100.107 E800.9994
G1 X93.822 Y110.107 E801.46504
G1 X92.222 Y110.107 E801.53955
G1 X92.222 Y98.507 E802.07969
G1 X97.822 Y98.507 E802.34045
G1 X97.822 Y109.99 E802.87515
G1 X102.417 Y108.135 E803.10589
G1 X101.722 Y109.111 E803.16168
G1 X100.14 Y111.036 E803.2777
G1 X98.983 Y112.49 E803.36422
G1 X98.388 Y113.552 E803.42091
G1 X98.011 Y114.8 E803.48161
G1 X97.759 Y116.612 E803.5668
G1 X97.429 Y118.832 E803.67131
G1 X96.86 Y121.493 E803.79802
G1 X96.222 Y121.492 E803.82772
G0 F15000 X96.627 Y121.16
;TYPE:SKIN
G1 F2805.5 X96.523 Y120.982 E803.84634
G0 F15000 X96.522 Y121.109
G0 X96.796 Y118.446
G0 X96.859 Y118.383
G1 F2805.5 X96.883 Y118.075 E803.85683
G1 X97.006 Y116.538 E803.90921
G1 X96.899 Y116.363 E803.91617
G0 F15000 X97.003 Y116.26
G0 X97.197 Y113.803
G0 X97.265 Y113.734
G1 F2805.5 X97.327 Y113.39 E803.92812
G1 X97.319 Y113.114 E803.93755
G0 F15000 X97.442 Y112.992
G0 X97.581 Y111.922
G0 X97.698 Y111.887
G1 F2805.5 X97.717 Y111.585 E803.95225
G0 F15000 X97.838 Y111.465
G0 X97.246 Y110.642
G0 X97.021 Y110.867
G1 F2805.5 X97.021 Y110.584 E803.96731
G1 X97.021 Y99.553 E804.55453
G1 X96.986 Y99.306 E804.56781
G1 X93.592 Y99.306 E804.74849
G1 X93.165 Y99.449 E804.77246
G0 F15000 X92.797 Y99.535
G1 F2805.5 X93.251 Y99.081 E804.78741
G0 F15000 X92.882 Y99.167
G1 F2805.5 X93.021 Y99.876 E804.82365
G1 X93.021 Y109.21 E805.29187
G1 X93.114 Y109.399 E805.30243
G0 F15000 X92.983 Y109.531
G0 X93.594 Y99.879
G0 X96.45 Y99.879
G0 X96.461 Y110.291
G0 X98.785 Y110.8
G0 X98.91 Y110.674
G1 F2805.5 X99.017 Y110.85 E805.31808
G0 F15000 X98.906 Y110.962
G0 X100.164 Y109.987
G0 X100.389 Y109.762
G1 F2805.5 X100.138 Y109.729 E805.33912
G0 F15000 X100.044 Y109.824
G0 X101.348 Y108.889
G0 X101.378 Y108.773
G1 F2805.5 X101.646 Y108.788 E805.35598
G1 F1500 E798.85598
;MESH:terminale zanzariera verticale antivento con bottoncini.stl
G0 F15000 X101.735 Y108.733
G0 X102.714 Y109.209
G0 X103.857 Y108.588
G0 X104.942 Y108.588
G0 X106.094 Y99.879
G0 X108.95 Y99.879
G0 X109.922 Y112.823
;TYPE:WALL-INNER
G1 F1500 E805.35598
G1 F2805.5 X109.922 Y112.059 E805.39155
G1 X109.922 Y112.058 E805.3916
G1 X109.922 Y111.446 E805.4201
G1 X110.484 Y111.219 E805.44832
G1 X111.186 Y110.936 E805.48356
G1 X110.715 Y111.528 E805.50175
G1 X110.484 Y111.818 E805.51901
G1 X110.295 Y112.156 E805.53704
G1 X109.922 Y112.823 E805.55542
G0 F15000 X109.522 Y116.102
G1 F2805.5 X109.522 Y114.628 E805.62405
G1 X109.522 Y113.974 E805.65451
G1 X109.522 Y111.176 E805.78479
G1 X111.781 Y110.264 E805.89823
G1 X111.891 Y110.22 E805.90375
G1 X112.465 Y109.988 E805.93258
G1 X112.018 Y110.532 E805.94808
G1 X111.944 Y110.625 E805.95319
G1 X110.817 Y112.042 E806.0375
G1 X110.148 Y113.238 E806.10131
G1 X109.916 Y114.002 E806.13849
G1 X109.727 Y114.628 E806.16161
G1 X109.522 Y116.102 E806.17977
G0 F15000 X109.122 Y120.693
G1 F2805.5 X109.122 Y118.809 E806.2675
G1 X109.122 Y118.808 E806.26754
G1 X109.122 Y99.707 E807.15697
G1 X105.922 Y99.707 E807.30597
G1 X105.922 Y109.707 E807.77161
G1 X105.122 Y109.707 E807.80887
G1 X105.122 Y98.907 E808.31176
G1 X109.922 Y98.907 E808.53527
G1 X109.922 Y110.288 E809.06521
G1 X109.922 Y110.289 E809.06526
G1 X109.922 Y110.583 E809.07895
G1 X110.195 Y110.473 E809.08698
G1 X113.047 Y109.321 E809.23021
G1 X113.048 Y109.32 E809.23027
G1 X113.772 Y109.029 E809.26661
G1 X113.277 Y109.632 E809.28534
G1 X113.276 Y109.633 E809.28541
G1 X112.329 Y110.784 E809.35481
G1 X111.15 Y112.266 E809.44299
G1 X110.518 Y113.395 E809.50324
G1 X110.119 Y114.714 E809.56741
G1 X109.863 Y116.553 E809.65386
G1 X109.534 Y118.768 E809.75813
G1 X109.516 Y118.85 E809.76204
G1 X109.122 Y120.693 E809.80617
G0 F15000 X108.722 Y121.492
;TYPE:WALL-OUTER
G1 F2805.5 X108.722 Y100.107 E810.80194
G1 X106.322 Y100.107 E810.9137
G1 X106.322 Y110.107 E811.37934
G1 X104.722 Y110.107 E811.45384
G1 X104.722 Y98.507 E811.99399
G1 X110.322 Y98.507 E812.25474
G1 X110.322 Y109.99 E812.78944
G1 X114.917 Y108.135 E813.02018
G1 X114.222 Y109.111 E813.07597
G1 X112.64 Y111.036 E813.19199
G1 X111.483 Y112.49 E813.27852
G1 X110.888 Y113.552 E813.3352
G1 X110.511 Y114.8 E813.39591
G1 X110.259 Y116.612 E813.48109
G1 X109.929 Y118.832 E813.5856
G1 X109.36 Y121.493 E813.71231
G1 X108.722 Y121.492 E813.74202
G0 F15000 X109.108 Y121.125
;TYPE:SKIN
G1 F2805.5 X108.998 Y120.951 E813.76135
G0 F15000 X109.022 Y121.053
G0 X109.305 Y118.665
G0 X109.344 Y118.626
G1 F2805.5 X109.364 Y118.323 E813.77069
G1 X109.506 Y116.484 E813.82741
G1 X109.374 Y116.333 E813.83358
G0 F15000 X109.452 Y116.256
G0 X109.697 Y113.748
G0 X109.777 Y113.667
G1 F2805.5 X109.839 Y113.322 E813.84646
G1 X109.797 Y113.082 E813.85541
G0 F15000 X109.697 Y113.183
G0 X110.081 Y111.922
G0 X110.267 Y111.763
G1 F2805.5 X110.171 Y111.577 E813.86084
G1 X109.71 Y110.905 E813.882
G0 F15000 X109.521 Y110.812
G1 F2805.5 X109.521 Y110.529 E813.89711
G1 X109.521 Y99.498 E814.48608
G0 F15000 X109.43 Y99.306
G1 F2805.5 X109.147 Y99.306 E814.50042
G1 X106.036 Y99.306 E814.6581
G1 X105.637 Y99.422 E814.67916
G1 X105.354 Y99.139 E814.69944
G1 X105.521 Y100.104 E814.74908
G1 X105.521 Y109.155 E815.2078
G1 X105.728 Y109.513 E815.22876
G0 F15000 X105.746 Y109.496
G0 X106.094 Y99.879
G0 X108.95 Y99.879
G0 X108.961 Y110.238
G0 X111.261 Y110.77
G0 X111.352 Y110.678
G1 F2805.5 X111.599 Y110.715 E815.2491
G0 F15000 X112.865 Y109.731
G1 F2805.5 X112.58 Y109.733 E815.26789
G0 F15000 X112.52 Y109.793
G0 X113.838 Y108.893
G0 X113.8 Y108.796
G1 F2805.5 X113.84 Y108.756 E815.26921
G0 F15000 X113.919 Y108.96
G1 F2805.5 X114.313 Y108.567 E815.28216
G1 F1500 E808.78216
;MESH:NONMESH
G0 F300 X114.313 Y108.567 Z11.48
G0 F15000 X114.238 Y108.658
G0 X108.942 Y112.823
G0 X107.857 Y112.823
G0 X99.703 Y112.974
G0 X98.8 Y112.367
G0 X97.422 Y112.823
;TIME_ELAPSED:849.451048
;LAYER:40
;TYPE:WALL-INNER
;MESH:terminale zanzariera verticale antivento con bottoncini.stl(1)
G1 F1500 E815.28216
G1 F2839.1 X97.422 Y112.059 E815.31774
G1 X97.422 Y112.058 E815.31779
G1 X97.422 Y111.446 E815.34628
G1 X97.984 Y111.219 E815.37451
G1 X98.686 Y110.936 E815.40975
G1 X98.215 Y111.528 E815.42793
G1 X97.984 Y111.818 E815.4452
G1 X97.795 Y112.156 E815.46323
G1 X97.422 Y112.823 E815.48161
G0 F15000 X97.022 Y116.102
G1 F2839.1 X97.022 Y114.628 E815.55024
G1 X97.022 Y113.974 E815.58069
G1 X97.022 Y111.176 E815.71098
G1 X99.281 Y110.264 E815.82442
G1 X99.391 Y110.22 E815.82993
G1 X99.965 Y109.988 E815.85876
G1 X99.518 Y110.532 E815.87427
G1 X99.444 Y110.625 E815.87938
G1 X98.317 Y112.042 E815.96368
G1 X97.648 Y113.238 E816.02749
G1 X97.416 Y114.002 E816.06467
G1 X97.227 Y114.628 E816.08779
G1 X97.022 Y116.102 E816.10596
G0 F15000 X96.622 Y120.693
G1 F2839.1 X96.622 Y118.809 E816.19368
G1 X96.622 Y118.808 E816.19373
G1 X96.622 Y99.707 E817.08315
G1 X93.422 Y99.707 E817.23216
G1 X93.422 Y109.707 E817.6978
G1 X92.622 Y109.707 E817.73505
G1 X92.622 Y98.907 E818.23795
G1 X97.422 Y98.907 E818.46145
G1 X97.422 Y110.288 E818.9914
G1 X97.422 Y110.289 E818.99145
G1 X97.422 Y110.583 E819.00514
G1 X97.695 Y110.473 E819.01317
G1 X100.547 Y109.321 E819.15639
G1 X100.548 Y109.32 E819.15646
G1 X101.272 Y109.029 E819.19279
G1 X100.777 Y109.632 E819.21153
G1 X100.776 Y109.633 E819.21159
G1 X99.829 Y110.784 E819.281
G1 X98.65 Y112.266 E819.36918
G1 X98.018 Y113.395 E819.42943
G1 X97.619 Y114.714 E819.49359
G1 X97.363 Y116.553 E819.58005
G1 X97.034 Y118.768 E819.68432
G1 X97.016 Y118.85 E819.68823
G1 X96.622 Y120.693 E819.73235
G0 F15000 X96.222 Y121.492
;TYPE:WALL-OUTER
G1 F2839.1 X96.222 Y100.107 E820.72813
G1 X93.822 Y100.107 E820.83988
G1 X93.822 Y110.107 E821.30552
G1 X92.222 Y110.107 E821.38003
G1 X92.222 Y98.507 E821.92017
G1 X97.822 Y98.507 E822.18093
G1 X97.822 Y109.99 E822.71563
G1 X102.417 Y108.135 E822.94637
G1 X101.722 Y109.111 E823.00216
G1 X100.14 Y111.036 E823.11818
G1 X98.983 Y112.49 E823.2047
G1 X98.388 Y113.552 E823.26139
G1 X98.011 Y114.8 E823.32209
G1 X97.759 Y116.612 E823.40728
G1 X97.429 Y118.832 E823.51179
G1 X96.86 Y121.493 E823.6385
G1 X96.222 Y121.492 E823.66821
G0 F15000 X96.411 Y121.301
;TYPE:SKIN
G1 F2839.1 X96.553 Y121.16 E823.67761
G1 X96.642 Y120.967 E823.68761
G0 F15000 X96.522 Y120.843
G0 X96.873 Y118.652
G0 X96.834 Y118.613
G1 F2839.1 X96.853 Y118.349 E823.69578
G1 X96.981 Y116.497 E823.75315
G1 X97.116 Y116.349 E823.75934
G0 F15000 X97.029 Y116.262
G0 X97.317 Y113.722
G0 X97.256 Y113.661
G1 F2839.1 X97.29 Y113.412 E823.76725
G1 X97.483 Y113.039 E823.78047
G0 F15000 X97.531 Y113.088
G0 X97.744 Y111.886
G0 X97.67 Y111.812
G1 F2839.1 X97.761 Y111.62 E823.78797
G1 X97.923 Y111.5 E823.79508
G0 F15000 X97.021 Y110.598
G1 F2839.1 X97.021 Y110.315 E823.80984
G1 X97.021 Y99.85 E824.35557
G1 X96.477 Y99.305 E824.39573
G1 X93.083 Y99.305 E824.57272
G1 X93.021 Y100.092 E824.61389
G1 X93.021 Y109.143 E825.08588
G1 X92.819 Y109.507 E825.10759
G0 F15000 X92.843 Y109.531
G0 X93.594 Y99.879
G0 X96.45 Y99.879
G0 X96.797 Y110.656
G0 X96.952 Y110.811
G1 F2839.1 X96.851 Y110.993 E825.1214
G0 F15000 X96.797 Y110.939
G0 X98.776 Y110.655
G0 X98.893 Y110.772
G1 F2839.1 X99.056 Y110.653 E825.13003
G1 X99.219 Y110.533 E825.13868
G0 F15000 X99.26 Y110.574
G0 X100.081 Y109.697
G0 X100.194 Y109.81
G1 F2839.1 X100.359 Y109.692 E825.14706
G1 X100.523 Y109.574 E825.1554
G0 F15000 X100.563 Y109.614
G0 X101.431 Y108.855
G0 X101.498 Y108.852
G1 F2839.1 X101.657 Y108.728 E825.16316
G1 X101.817 Y108.605 E825.17093
G0 F15000 X101.783 Y108.659
G0 X97.6 Y110.319
G0 X97.246 Y99.792
G1 F2839.1 X96.535 Y99.081 E825.19434
G0 F15000 X96.818 Y99.081
G1 F2839.1 X97.246 Y99.509 E825.20843
G0 F15000 X97.246 Y99.226
G1 F2839.1 X97.101 Y99.081 E825.2132
G0 F15000 X97.101 Y99.107
G1 F1500 E818.7132
;MESH:terminale zanzariera verticale antivento con bottoncini.stl
G0 F15000 X97.611 Y110.302
G0 X98.669 Y108.734
G0 X102.692 Y107.1
G0 X103.487 Y108.11
G0 X103.861 Y110.464
G0 X104.365 Y110.968
G0 X106.679 Y110.968
G0 X107.857 Y110.302
G0 X108.942 Y110.302
G0 X109.922 Y112.823
;TYPE:WALL-INNER
G1 F1500 E825.2132
G1 F2839.1 X109.922 Y112.059 E825.24878
G1 X109.922 Y112.058 E825.24883
G1 X109.922 Y111.446 E825.27732
G1 X110.484 Y111.219 E825.30555
G1 X111.186 Y110.936 E825.34079
G1 X110.715 Y111.528 E825.35897
G1 X110.484 Y111.818 E825.37624
G1 X110.295 Y112.156 E825.39427
G1 X109.922 Y112.823 E825.41265
G0 F15000 X109.522 Y116.102
G1 F2839.1 X109.522 Y114.628 E825.48128
G1 X109.522 Y113.974 E825.51173
G1 X109.522 Y111.176 E825.64202
G1 X111.781 Y110.264 E825.75546
G1 X111.891 Y110.22 E825.76097
G1 X112.465 Y109.988 E825.7898
G1 X112.018 Y110.532 E825.80531
G1 X111.944 Y110.625 E825.81042
G1 X110.817 Y112.042 E825.89472
G1 X110.148 Y113.238 E825.95853
G1 X109.916 Y114.002 E825.99571
G1 X109.727 Y114.628 E826.01883
G1 X109.522 Y116.102 E826.037
G0 F15000 X109.122 Y120.693
G1 F2839.1 X109.122 Y118.809 E826.12472
G1 X109.122 Y118.808 E826.12477
G1 X109.122 Y99.707 E827.01419
G1 X105.922 Y99.707 E827.1632
G1 X105.922 Y109.707 E827.62884
G1 X105.122 Y109.707 E827.66609
G1 X105.122 Y98.907 E828.16899
G1 X109.922 Y98.907 E828.39249
G1 X109.922 Y110.288 E828.92244
G1 X109.922 Y110.289 E828.92249
G1 X109.922 Y110.583 E828.93618
G1 X110.195 Y110.473 E828.94421
G1 X113.047 Y109.321 E829.08743
G1 X113.048 Y109.32 E829.0875
G1 X113.772 Y109.029 E829.12383
G1 X113.277 Y109.632 E829.14257
G1 X113.276 Y109.633 E829.14263
G1 X112.329 Y110.784 E829.21204
G1 X111.15 Y112.266 E829.30022
G1 X110.518 Y113.395 E829.36047
G1 X110.119 Y114.714 E829.42463
G1 X109.863 Y116.553 E829.51109
G1 X109.534 Y118.768 E829.61536
G1 X109.516 Y118.85 E829.61927
G1 X109.122 Y120.693 E829.66339
G0 F15000 X108.722 Y121.492
;TYPE:WALL-OUTER
G1 F2839.1 X108.722 Y100.107 E830.65917
G1 X106.322 Y100.107 E830.77092
G1 X106.322 Y110.107 E831.23656
G1 X104.722 Y110.107 E831.31107
G1 X104.722 Y98.507 E831.85121
G1 X110.322 Y98.507 E832.11197
G1 X110.322 Y109.99 E832.64667
G1 X114.917 Y108.135 E832.87741
G1 X114.222 Y109.111 E832.9332
G1 X112.64 Y111.036 E833.04922
G1 X111.483 Y112.49 E833.13574
G1 X110.888 Y113.552 E833.19243
G1 X110.511 Y114.8 E833.25313
G1 X110.259 Y116.612 E833.33832
G1 X109.929 Y118.832 E833.44283
G1 X109.36 Y121.493 E833.56954
G1 X108.722 Y121.492 E833.59924
G0 F15000 X109.024 Y121.187
;TYPE:SKIN
G1 F2839.1 X109.107 Y120.986 E833.61103
G1 X109.289 Y120.886 E833.62228
G0 F15000 X109.191 Y120.852
G0 X109.332 Y118.666
G0 X109.314 Y118.648
G1 F2839.1 X109.349 Y118.4 E833.62989
G1 X109.477 Y116.548 E833.68625
G1 X109.583 Y116.371 E833.69252
G0 F15000 X109.47 Y116.258
G0 X109.805 Y113.764
G0 X109.751 Y113.71
G1 F2839.1 X109.783 Y113.46 E833.70049
G1 X109.936 Y113.047 E833.71441
G0 F15000 X110.011 Y113.122
G0 X110.225 Y111.922
G0 X110.16 Y111.857
G1 F2839.1 X110.23 Y111.644 E833.72229
G1 X110.392 Y111.523 E833.72939
G0 F15000 X109.521 Y110.652
G1 F2839.1 X109.521 Y110.369 E833.74423
G1 X109.521 Y99.904 E834.29328
G1 X108.923 Y99.306 E834.33765
G1 X109.364 Y99.464 E834.36223
G0 F15000 X109.747 Y99.564
G1 F2839.1 X109.264 Y99.081 E834.37813
G0 F15000 X109.547 Y99.081
G1 F2839.1 X109.747 Y99.282 E834.38473
G0 F15000 X108.64 Y99.306
G1 F2839.1 X108.357 Y99.306 E834.40015
G1 X105.529 Y99.306 E834.55425
G1 X105.521 Y105.238 E834.87749
G1 X105.521 Y109.198 E835.09327
G1 X105.433 Y109.393 E835.10492
G0 F15000 X105.571 Y109.531
G0 X106.094 Y99.879
G0 X108.95 Y99.879
G0 X109.296 Y110.71
G0 X109.432 Y110.846
G1 F2839.1 X109.331 Y111.028 E835.1162
G0 F15000 X109.296 Y110.993
G0 X111.237 Y110.672
G0 X111.361 Y110.796
G1 F2839.1 X111.525 Y110.676 E835.12568
G1 X111.688 Y110.557 E835.1351
G0 F15000 X111.737 Y110.605
G0 X112.542 Y109.713
G0 X112.662 Y109.834
G1 F2839.1 X112.826 Y109.715 E835.14424
G1 X112.991 Y109.597 E835.1534
G0 F15000 X113.038 Y109.644
G0 X113.892 Y108.871
G0 X113.967 Y108.875
G1 F2839.1 X114.126 Y108.752 E835.16653
G0 F15000 X114.25 Y108.593
G1 F2839.1 X114.322 Y108.666 E835.16892
G1 F1500 E828.66892
;MESH:NONMESH
G0 F300 X114.322 Y108.666 Z11.76
G0 F15000 X114.217 Y108.686
G0 X108.942 Y112.823
G0 X107.857 Y112.823
G0 X99.703 Y112.974
G0 X98.8 Y112.367
G0 X97.422 Y112.823
;TIME_ELAPSED:870.211160
;LAYER:41
;TYPE:WALL-INNER
;MESH:terminale zanzariera verticale antivento con bottoncini.stl(1)
G1 F1500 E835.16892
G1 F2805.5 X97.422 Y112.059 E835.20449
G1 X97.422 Y112.058 E835.20454
G1 X97.422 Y111.446 E835.23303
G1 X97.984 Y111.219 E835.26126
G1 X98.686 Y110.936 E835.2965
G1 X98.215 Y111.528 E835.31469
G1 X97.984 Y111.818 E835.33195
G1 X97.795 Y112.156 E835.34998
G1 X97.422 Y112.823 E835.36836
G0 F15000 X97.022 Y116.102
G1 F2805.5 X97.022 Y114.628 E835.43699
G1 X97.022 Y113.974 E835.46745
G1 X97.022 Y111.176 E835.59773
G1 X99.281 Y110.264 E835.71117
G1 X99.391 Y110.22 E835.71669
G1 X99.965 Y109.988 E835.74551
G1 X99.518 Y110.532 E835.76102
G1 X99.444 Y110.625 E835.76613
G1 X98.317 Y112.042 E835.85043
G1 X97.648 Y113.238 E835.91424
G1 X97.416 Y114.002 E835.95142
G1 X97.227 Y114.628 E835.97454
G1 X97.022 Y116.102 E835.99271
G0 F15000 X96.622 Y120.693
G1 F2805.5 X96.622 Y118.809 E836.08044
G1 X96.622 Y118.808 E836.08048
G1 X96.622 Y99.707 E836.96991
G1 X93.422 Y99.707 E837.11891
G1 X93.422 Y109.707 E837.58455
G1 X92.622 Y109.707 E837.6218
G1 X92.622 Y98.907 E838.1247
G1 X97.422 Y98.907 E838.34821
G1 X97.422 Y110.288 E838.87815
G1 X97.422 Y110.289 E838.8782
G1 X97.422 Y110.583 E838.89189
G1 X97.695 Y110.473 E838.89992
G1 X100.547 Y109.321 E839.04314
G1 X100.548 Y109.32 E839.04321
G1 X101.272 Y109.029 E839.07954
G1 X100.777 Y109.632 E839.09828
G1 X100.776 Y109.633 E839.09834
G1 X99.829 Y110.784 E839.16775
G1 X98.65 Y112.266 E839.25593
G1 X98.018 Y113.395 E839.31618
G1 X97.619 Y114.714 E839.38034
G1 X97.363 Y116.553 E839.4668
G1 X97.034 Y118.768 E839.57107
G1 X97.016 Y118.85 E839.57498
G1 X96.622 Y120.693 E839.6191
G0 F15000 X96.222 Y121.492
;TYPE:WALL-OUTER
G1 F2805.5 X96.222 Y100.107 E840.61488
G1 X93.822 Y100.107 E840.72663
G1 X93.822 Y110.107 E841.19228
G1 X92.222 Y110.107 E841.26678
G1 X92.222 Y98.507 E841.80692
G1 X97.822 Y98.507 E842.06768
G1 X97.822 Y109.99 E842.60238
G1 X102.417 Y108.135 E842.83312
G1 X101.722 Y109.111 E842.88891
G1 X100.14 Y111.036 E843.00493
G1 X98.983 Y112.49 E843.09146
G1 X98.388 Y113.552 E843.14814
G1 X98.011 Y114.8 E843.20885
G1 X97.759 Y116.612 E843.29403
G1 X97.429 Y118.832 E843.39854
G1 X96.86 Y121.493 E843.52525
G1 X96.222 Y121.492 E843.55496
G0 F15000 X96.627 Y121.16
;TYPE:SKIN
G1 F2805.5 X96.523 Y120.982 E843.57357
G0 F15000 X96.522 Y121.109
G0 X96.796 Y118.446
G0 X96.859 Y118.383
G1 F2805.5 X96.883 Y118.075 E843.58407
G1 X97.006 Y116.538 E843.63644
G1 X96.899 Y116.363 E843.6434
G0 F15000 X97.003 Y116.26
G0 X97.197 Y113.803
G0 X97.265 Y113.734
G1 F2805.5 X97.327 Y113.39 E843.65535
G1 X97.319 Y113.114 E843.66478
G0 F15000 X97.442 Y112.992
G0 X97.581 Y111.922
G0 X97.698 Y111.887
G1 F2805.5 X97.717 Y111.585 E843.67948
G0 F15000 X97.838 Y111.465
G0 X97.246 Y110.642
G0 X97.021 Y110.867
G1 F2805.5 X97.021 Y110.584 E843.69454
G1 X97.021 Y99.553 E844.28176
G1 X96.986 Y99.306 E844.29504
G1 X93.592 Y99.306 E844.47572
G1 X93.165 Y99.449 E844.49969
G0 F15000 X92.797 Y99.535
G1 F2805.5 X93.251 Y99.081 E844.51464
G0 F15000 X92.882 Y99.167
G1 F2805.5 X93.021 Y99.876 E844.55088
G1 X93.021 Y109.21 E845.0191
G1 X93.114 Y109.399 E845.02966
G0 F15000 X92.983 Y109.531
G0 X93.594 Y99.879
G0 X96.45 Y99.879
G0 X96.461 Y110.291
G0 X98.785 Y110.8
G0 X98.91 Y110.674
G1 F2805.5 X99.017 Y110.85 E845.04531
G0 F15000 X98.906 Y110.962
G0 X100.164 Y109.987
G0 X100.389 Y109.762
G1 F2805.5 X100.138 Y109.729 E845.06635
G0 F15000 X100.044 Y109.824
G0 X101.348 Y108.889
G0 X101.378 Y108.773
G1 F2805.5 X101.646 Y108.788 E845.08321
G1 F1500 E838.58321
;MESH:terminale zanzariera verticale antivento con bottoncini.stl
G0 F15000 X101.735 Y108.733
G0 X102.714 Y109.209
G0 X103.857 Y108.588
G0 X104.942 Y108.588
G0 X106.094 Y99.879
G0 X108.95 Y99.879
G0 X109.922 Y112.823
;TYPE:WALL-INNER
G1 F1500 E845.08321
G1 F2805.5 X109.922 Y112.059 E845.11878
G1 X109.922 Y112.058 E845.11883
G1 X109.922 Y111.446 E845.14733
G1 X110.484 Y111.219 E845.17555
G1 X111.186 Y110.936 E845.2108
G1 X110.715 Y111.528 E845.22898
G1 X110.484 Y111.818 E845.24624
G1 X110.295 Y112.156 E845.26428
G1 X109.922 Y112.823 E845.28265
G0 F15000 X109.522 Y116.102
G1 F2805.5 X109.522 Y114.628 E845.35129
G1 X109.522 Y113.974 E845.38174
G1 X109.522 Y111.176 E845.51203
G1 X111.781 Y110.264 E845.62546
G1 X111.891 Y110.22 E845.63098
G1 X112.465 Y109.988 E845.65981
G1 X112.018 Y110.532 E845.67531
G1 X111.944 Y110.625 E845.68042
G1 X110.817 Y112.042 E845.76473
G1 X110.148 Y113.238 E845.82854
G1 X109.916 Y114.002 E845.86572
G1 X109.727 Y114.628 E845.88884
G1 X109.522 Y116.102 E845.907
G0 F15000 X109.122 Y120.693
G1 F2805.5 X109.122 Y118.809 E845.99473
G1 X109.122 Y118.808 E845.99478
G1 X109.122 Y99.707 E846.8842
G1 X105.922 Y99.707 E847.0332
G1 X105.922 Y109.707 E847.49885
G1 X105.122 Y109.707 E847.5361
G1 X105.122 Y98.907 E848.03899
G1 X109.922 Y98.907 E848.2625
G1 X109.922 Y110.288 E848.79245
G1 X109.922 Y110.289 E848.79249
G1 X109.922 Y110.583 E848.80618
G1 X110.195 Y110.473 E848.81421
G1 X113.047 Y109.321 E848.95744
G1 X113.048 Y109.32 E848.9575
G1 X113.772 Y109.029 E848.99384
G1 X113.277 Y109.632 E849.01257
G1 X113.276 Y109.633 E849.01264
G1 X112.329 Y110.784 E849.08204
G1 X111.15 Y112.266 E849.17022
G1 X110.518 Y113.395 E849.23047
G1 X110.119 Y114.714 E849.29464
G1 X109.863 Y116.553 E849.3811
G1 X109.534 Y118.768 E849.48537
G1 X109.516 Y118.85 E849.48928
G1 X109.122 Y120.693 E849.5334
G0 F15000 X108.722 Y121.492
;TYPE:WALL-OUTER
G1 F2805.5 X108.722 Y100.107 E850.52917
G1 X106.322 Y100.107 E850.64093
G1 X106.322 Y110.107 E851.10657
G1 X104.722 Y110.107 E851.18107
G1 X104.722 Y98.507 E851.72122
G1 X110.322 Y98.507 E851.98198
G1 X110.322 Y109.99 E852.51667
G1 X114.917 Y108.135 E852.74741
G1 X114.222 Y109.111 E852.8032
G1 X112.64 Y111.036 E852.91923
G1 X111.483 Y112.49 E853.00575
G1 X110.888 Y113.552 E853.06243
G1 X110.511 Y114.8 E853.12314
G1 X110.259 Y116.612 E853.20833
G1 X109.929 Y118.832 E853.31283
G1 X109.36 Y121.493 E853.43954
G1 X108.722 Y121.492 E853.46925
G0 F15000 X109.108 Y121.125
;TYPE:SKIN
G1 F2805.5 X108.998 Y120.951 E853.48858
G0 F15000 X109.022 Y121.053
G0 X109.305 Y118.665
G0 X109.344 Y118.626
G1 F2805.5 X109.364 Y118.323 E853.49792
G1 X109.506 Y116.484 E853.55464
G1 X109.374 Y116.333 E853.56081
G0 F15000 X109.452 Y116.256
G0 X109.697 Y113.748
G0 X109.777 Y113.667
G1 F2805.5 X109.839 Y113.322 E853.57369
G1 X109.797 Y113.082 E853.58264
G0 F15000 X109.697 Y113.183
G0 X110.081 Y111.922
G0 X110.267 Y111.763
G1 F2805.5 X110.171 Y111.577 E853.58807
G1 X109.71 Y110.905 E853.60924
G0 F15000 X109.521 Y110.812
G1 F2805.5 X109.521 Y110.529 E853.62435
G1 X109.521 Y99.498 E854.21331
G0 F15000 X109.43 Y99.306
G1 F2805.5 X109.147 Y99.306 E854.22766
G1 X106.036 Y99.306 E854.38533
G1 X105.637 Y99.422 E854.40639
G1 X105.354 Y99.139 E854.42667
G1 X105.521 Y100.104 E854.47631
G1 X105.521 Y109.155 E854.93503
G1 X105.728 Y109.513 E854.95599
G0 F15000 X105.746 Y109.496
G0 X106.094 Y99.879
G0 X108.95 Y99.879
G0 X108.961 Y110.238
G0 X111.261 Y110.77
G0 X111.352 Y110.678
G1 F2805.5 X111.599 Y110.715 E854.97633
G0 F15000 X112.865 Y109.731
G1 F2805.5 X112.58 Y109.733 E854.99512
G0 F15000 X112.52 Y109.793
G0 X113.838 Y108.893
G0 X113.8 Y108.796
G1 F2805.5 X113.84 Y108.756 E854.99644
G0 F15000 X113.919 Y108.96
G1 F2805.5 X114.313 Y108.567 E855.0094
G1 F1500 E848.5094
;MESH:NONMESH
G0 F300 X114.313 Y108.567 Z12.04
G0 F15000 X114.238 Y108.658
G0 X108.942 Y112.823
G0 X107.857 Y112.823
G0 X99.703 Y112.974
G0 X98.8 Y112.367
G0 X97.422 Y112.823
;TIME_ELAPSED:890.068501
;LAYER:42
;TYPE:WALL-INNER
;MESH:terminale zanzariera verticale antivento con bottoncini.stl(1)
G1 F1500 E855.0094
G1 F2839.1 X97.422 Y112.059 E855.04497
G1 X97.422 Y112.058 E855.04502
G1 X97.422 Y111.446 E855.07352
G1 X97.984 Y111.219 E855.10174
G1 X98.686 Y110.936 E855.13698
G1 X98.215 Y111.528 E855.15517
G1 X97.984 Y111.818 E855.17243
G1 X97.795 Y112.156 E855.19046
G1 X97.422 Y112.823 E855.20884
G0 F15000 X97.022 Y116.102
G1 F2839.1 X97.022 Y114.628 E855.27747
G1 X97.022 Y113.974 E855.30793
G1 X97.022 Y111.176 E855.43821
G1 X99.281 Y110.264 E855.55165
G1 X99.391 Y110.22 E855.55717
G1 X99.965 Y109.988 E855.586
G1 X99.518 Y110.532 E855.6015
G1 X99.444 Y110.625 E855.60661
G1 X98.317 Y112.042 E855.69091
G1 X97.648 Y113.238 E855.75473
G1 X97.416 Y114.002 E855.7919
G1 X97.227 Y114.628 E855.81502
G1 X97.022 Y116.102 E855.83319
G0 F15000 X96.622 Y120.693
G1 F2839.1 X96.622 Y118.809 E855.92092
G1 X96.622 Y118.808 E855.92096
G1 X96.622 Y99.707 E856.81039
G1 X93.422 Y99.707 E856.95939
G1 X93.422 Y109.707 E857.42503
G1 X92.622 Y109.707 E857.46228
G1 X92.622 Y98.907 E857.96518
G1 X97.422 Y98.907 E858.18869
G1 X97.422 Y110.288 E858.71863
G1 X97.422 Y110.289 E858.71868
G1 X97.422 Y110.583 E858.73237
G1 X97.695 Y110.473 E858.7404
G1 X100.547 Y109.321 E858.88362
G1 X100.548 Y109.32 E858.88369
G1 X101.272 Y109.029 E858.92002
G1 X100.777 Y109.632 E858.93876
G1 X100.776 Y109.633 E858.93882
G1 X99.829 Y110.784 E859.00823
G1 X98.65 Y112.266 E859.09641
G1 X98.018 Y113.395 E859.15666
G1 X97.619 Y114.714 E859.22082
G1 X97.363 Y116.553 E859.30728
G1 X97.034 Y118.768 E859.41155
G1 X97.016 Y118.85 E859.41546
G1 X96.622 Y120.693 E859.45959
G0 F15000 X96.222 Y121.492
;TYPE:WALL-OUTER
G1 F2839.1 X96.222 Y100.107 E860.45536
G1 X93.822 Y100.107 E860.56711
G1 X93.822 Y110.107 E861.03276
G1 X92.222 Y110.107 E861.10726
G1 X92.222 Y98.507 E861.6474
G1 X97.822 Y98.507 E861.90816
G1 X97.822 Y109.99 E862.44286
G1 X102.417 Y108.135 E862.6736
G1 X101.722 Y109.111 E862.72939
G1 X100.14 Y111.036 E862.84541
G1 X98.983 Y112.49 E862.93194
G1 X98.388 Y113.552 E862.98862
G1 X98.011 Y114.8 E863.04933
G1 X97.759 Y116.612 E863.13451
G1 X97.429 Y118.832 E863.23902
G1 X96.86 Y121.493 E863.36573
G1 X96.222 Y121.492 E863.39544
G0 F15000 X96.411 Y121.301
;TYPE:SKIN
G1 F2839.1 X96.553 Y121.16 E863.40485
G1 X96.642 Y120.967 E863.41484
G0 F15000 X96.522 Y120.843
G0 X96.873 Y118.652
G0 X96.834 Y118.613
G1 F2839.1 X96.853 Y118.349 E863.42302
G1 X96.981 Y116.497 E863.48038
G1 X97.116 Y116.349 E863.48657
G0 F15000 X97.029 Y116.262
G0 X97.317 Y113.722
G0 X97.256 Y113.661
G1 F2839.1 X97.29 Y113.412 E863.49448
G1 X97.483 Y113.039 E863.5077
G0 F15000 X97.531 Y113.088
G0 X97.744 Y111.886
G0 X97.67 Y111.812
G1 F2839.1 X97.761 Y111.62 E863.5152
G1 X97.923 Y111.5 E863.52231
G0 F15000 X97.021 Y110.598
G1 F2839.1 X97.021 Y110.315 E863.53707
G1 X97.021 Y99.85 E864.0828
G1 X96.477 Y99.305 E864.12296
G1 X93.083 Y99.305 E864.29995
G1 X93.021 Y100.092 E864.34112
G1 X93.021 Y109.143 E864.81311
G1 X92.819 Y109.507 E864.83482
G0 F15000 X92.843 Y109.531
G0 X93.594 Y99.879
G0 X96.45 Y99.879
G0 X96.797 Y110.656
G0 X96.952 Y110.811
G1 F2839.1 X96.851 Y110.993 E864.84864
G0 F15000 X96.797 Y110.939
G0 X98.776 Y110.655
G0 X98.893 Y110.772
G1 F2839.1 X99.056 Y110.653 E864.85726
G1 X99.219 Y110.533 E864.86592
G0 F15000 X99.26 Y110.574
G0 X100.081 Y109.697
G0 X100.194 Y109.81
G1 F2839.1 X100.359 Y109.692 E864.87429
G1 X100.523 Y109.574 E864.88263
G0 F15000 X100.563 Y109.614
G0 X101.431 Y108.855
G0 X101.498 Y108.852
G1 F2839.1 X101.657 Y108.728 E864.89039
G1 X101.817 Y108.605 E864.89816
G0 F15000 X101.783 Y108.659
G0 X97.6 Y110.319
G0 X97.246 Y99.792
G1 F2839.1 X96.535 Y99.081 E864.92157
G0 F15000 X96.818 Y99.081
G1 F2839.1 X97.246 Y99.509 E864.93566
G0 F15000 X97.246 Y99.226
G1 F2839.1 X97.101 Y99.081 E864.94044
G0 F15000 X97.101 Y99.107
G1 F1500 E858.44044
;MESH:terminale zanzariera verticale antivento con bottoncini.stl
G0 F15000 X97.611 Y110.302
G0 X98.669 Y108.734
G0 X102.692 Y107.1
G0 X103.487 Y108.11
G0 X103.861 Y110.464
G0 X104.365 Y110.968
G0 X106.679 Y110.968
G0 X107.857 Y110.302
G0 X108.942 Y110.302
G0 X109.922 Y112.823
;TYPE:WALL-INNER
G1 F1500 E864.94044
G1 F2839.1 X109.922 Y112.059 E864.97601
G1 X109.922 Y112.058 E864.97606
G1 X109.922 Y111.446 E865.00455
G1 X110.484 Y111.219 E865.03278
G1 X111.186 Y110.936 E865.06802
G1 X110.715 Y111.528 E865.08621
G1 X110.484 Y111.818 E865.10347
G1 X110.295 Y112.156 E865.1215
G1 X109.922 Y112.823 E865.13988
G0 F15000 X109.522 Y116.102
G1 F2839.1 X109.522 Y114.628 E865.20851
G1 X109.522 Y113.974 E865.23897
G1 X109.522 Y111.176 E865.36925
G1 X111.781 Y110.264 E865.48269
G1 X111.891 Y110.22 E865.48821
G1 X112.465 Y109.988 E865.51703
G1 X112.018 Y110.532 E865.53254
G1 X111.944 Y110.625 E865.53765
G1 X110.817 Y112.042 E865.62195
G1 X110.148 Y113.238 E865.68576
G1 X109.916 Y114.002 E865.72294
G1 X109.727 Y114.628 E865.74606
G1 X109.522 Y116.102 E865.76423
G0 F15000 X109.122 Y120.693
G1 F2839.1 X109.122 Y118.809 E865.85196
G1 X109.122 Y118.808 E865.852
G1 X109.122 Y99.707 E866.74143
G1 X105.922 Y99.707 E866.89043
G1 X105.922 Y109.707 E867.35607
G1 X105.122 Y109.707 E867.39332
G1 X105.122 Y98.907 E867.89622
G1 X109.922 Y98.907 E868.11973
G1 X109.922 Y110.288 E868.64967
G1 X109.922 Y110.289 E868.64972
G1 X109.922 Y110.583 E868.66341
G1 X110.195 Y110.473 E868.67144
G1 X113.047 Y109.321 E868.81466
G1 X113.048 Y109.32 E868.81473
G1 X113.772 Y109.029 E868.85106
G1 X113.277 Y109.632 E868.8698
G1 X113.276 Y109.633 E868.86986
G1 X112.329 Y110.784 E868.93927
G1 X111.15 Y112.266 E869.02745
G1 X110.518 Y113.395 E869.0877
G1 X110.119 Y114.714 E869.15186
G1 X109.863 Y116.553 E869.23832
G1 X109.534 Y118.768 E869.34259
G1 X109.516 Y118.85 E869.3465
G1 X109.122 Y120.693 E869.39062
G0 F15000 X108.722 Y121.492
;TYPE:WALL-OUTER
G1 F2839.1 X108.722 Y100.107 E870.3864
G1 X106.322 Y100.107 E870.49815
G1 X106.322 Y110.107 E870.9638
G1 X104.722 Y110.107 E871.0383
G1 X104.722 Y98.507 E871.57844
G1 X110.322 Y98.507 E871.8392
G1 X110.322 Y109.99 E872.3739
G1 X114.917 Y108.135 E872.60464
G1 X114.222 Y109.111 E872.66043
G1 X112.64 Y111.036 E872.77645
G1 X111.483 Y112.49 E872.86298
G1 X110.888 Y113.552 E872.91966
G1 X110.511 Y114.8 E872.98037
G1 X110.259 Y116.612 E873.06555
G1 X109.929 Y118.832 E873.17006
G1 X109.36 Y121.493 E873.29677
G1 X108.722 Y121.492 E873.32648
G0 F15000 X109.024 Y121.187
;TYPE:SKIN
G1 F2839.1 X109.107 Y120.986 E873.33826
G1 X109.289 Y120.886 E873.34952
G0 F15000 X109.191 Y120.852
G0 X109.332 Y118.666
G0 X109.314 Y118.648
G1 F2839.1 X109.349 Y118.4 E873.35712
G1 X109.477 Y116.548 E873.41349
G1 X109.583 Y116.371 E873.41975
G0 F15000 X109.47 Y116.258
G0 X109.805 Y113.764
G0 X109.751 Y113.71
G1 F2839.1 X109.783 Y113.46 E873.42772
G1 X109.936 Y113.047 E873.44164
G0 F15000 X110.011 Y113.122
G0 X110.225 Y111.922
G0 X110.16 Y111.857
G1 F2839.1 X110.23 Y111.644 E873.44952
G1 X110.392 Y111.523 E873.45662
G0 F15000 X109.521 Y110.652
G1 F2839.1 X109.521 Y110.369 E873.47147
G1 X109.521 Y99.904 E874.02051
G1 X108.923 Y99.306 E874.06488
G1 X109.364 Y99.464 E874.08946
G0 F15000 X109.747 Y99.564
G1 F2839.1 X109.264 Y99.081 E874.10536
G0 F15000 X109.547 Y99.081
G1 F2839.1 X109.747 Y99.282 E874.11196
G0 F15000 X108.64 Y99.306
G1 F2839.1 X108.357 Y99.306 E874.12738
G1 X105.529 Y99.306 E874.28148
G1 X105.521 Y105.238 E874.60472
G1 X105.521 Y109.198 E874.8205
G1 X105.433 Y109.393 E874.83215
G0 F15000 X105.571 Y109.531
G0 X106.094 Y99.879
G0 X108.95 Y99.879
G0 X109.296 Y110.71
G0 X109.432 Y110.846
G1 F2839.1 X109.331 Y111.028 E874.84343
G0 F15000 X109.296 Y110.993
G0 X111.237 Y110.672
G0 X111.361 Y110.796
G1 F2839.1 X111.525 Y110.676 E874.85291
G1 X111.688 Y110.557 E874.86233
G0 F15000 X111.737 Y110.605
G0 X112.542 Y109.713
G0 X112.662 Y109.834
G1 F2839.1 X112.826 Y109.715 E874.87147
G1 X112.991 Y109.597 E874.88063
G0 F15000 X113.038 Y109.644
G0 X113.892 Y108.871
G0 X113.967 Y108.875
G1 F2839.1 X114.126 Y108.752 E874.89376
G0 F15000 X114.25 Y108.593
G1 F2839.1 X114.322 Y108.666 E874.89615
G1 F1500 E868.39615
;MESH:NONMESH
G0 F300 X114.322 Y108.666 Z12.32
G0 F15000 X114.217 Y108.686
G0 X108.942 Y112.823
G0 X107.857 Y112.823
G0 X99.703 Y112.974
G0 X98.8 Y112.367
G0 X97.422 Y112.823
;TIME_ELAPSED:910.828612
;LAYER:43
;TYPE:WALL-INNER
;MESH:terminale zanzariera verticale antivento con bottoncini.stl(1)
G1 F1500 E874.89615
G1 F2805.5 X97.422 Y112.059 E874.93172
G1 X97.422 Y112.058 E874.93177
G1 X97.422 Y111.446 E874.96027
G1 X97.984 Y111.219 E874.98849
G1 X98.686 Y110.936 E875.02373
G1 X98.215 Y111.528 E875.04192
G1 X97.984 Y111.818 E875.05918
G1 X97.795 Y112.156 E875.07721
G1 X97.422 Y112.823 E875.09559
G0 F15000 X97.022 Y116.102
G1 F2805.5 X97.022 Y114.628 E875.16422
G1 X97.022 Y113.974 E875.19468
G1 X97.022 Y111.176 E875.32496
G1 X99.281 Y110.264 E875.4384
G1 X99.391 Y110.22 E875.44392
G1 X99.965 Y109.988 E875.47275
G1 X99.518 Y110.532 E875.48825
G1 X99.444 Y110.625 E875.49336
G1 X98.317 Y112.042 E875.57767
G1 X97.648 Y113.238 E875.64148
G1 X97.416 Y114.002 E875.67866
G1 X97.227 Y114.628 E875.70178
G1 X97.022 Y116.102 E875.71994
G0 F15000 X96.622 Y120.693
G1 F2805.5 X96.622 Y118.809 E875.80767
G1 X96.622 Y118.808 E875.80771
G1 X96.622 Y99.707 E876.69714
G1 X93.422 Y99.707 E876.84614
G1 X93.422 Y109.707 E877.31178
G1 X92.622 Y109.707 E877.34904
G1 X92.622 Y98.907 E877.85193
G1 X97.422 Y98.907 E878.07544
G1 X97.422 Y110.288 E878.60538
G1 X97.422 Y110.289 E878.60543
G1 X97.422 Y110.583 E878.61912
G1 X97.695 Y110.473 E878.62715
G1 X100.547 Y109.321 E878.77038
G1 X100.548 Y109.32 E878.77044
G1 X101.272 Y109.029 E878.80678
G1 X100.777 Y109.632 E878.82551
G1 X100.776 Y109.633 E878.82558
G1 X99.829 Y110.784 E878.89498
G1 X98.65 Y112.266 E878.98316
G1 X98.018 Y113.395 E879.04341
G1 X97.619 Y114.714 E879.10758
G1 X97.363 Y116.553 E879.19403
G1 X97.034 Y118.768 E879.2983
G1 X97.016 Y118.85 E879.30221
G1 X96.622 Y120.693 E879.34634
G0 F15000 X96.222 Y121.492
;TYPE:WALL-OUTER
G1 F2805.5 X96.222 Y100.107 E880.34211
G1 X93.822 Y100.107 E880.45387
G1 X93.822 Y110.107 E880.91951
G1 X92.222 Y110.107 E880.99401
G1 X92.222 Y98.507 E881.53415
G1 X97.822 Y98.507 E881.79491
G1 X97.822 Y109.99 E882.32961
G1 X102.417 Y108.135 E882.56035
G1 X101.722 Y109.111 E882.61614
G1 X100.14 Y111.036 E882.73216
G1 X98.983 Y112.49 E882.81869
G1 X98.388 Y113.552 E882.87537
G1 X98.011 Y114.8 E882.93608
G1 X97.759 Y116.612 E883.02126
G1 X97.429 Y118.832 E883.12577
G1 X96.86 Y121.493 E883.25248
G1 X96.222 Y121.492 E883.28219
G0 F15000 X96.627 Y121.16
;TYPE:SKIN
G1 F2805.5 X96.523 Y120.982 E883.3008
G0 F15000 X96.522 Y121.109
G0 X96.796 Y118.446
G0 X96.859 Y118.383
G1 F2805.5 X96.883 Y118.075 E883.3113
G1 X97.006 Y116.538 E883.36367
G1 X96.899 Y116.363 E883.37064
G0 F15000 X97.003 Y116.26
G0 X97.197 Y113.803
G0 X97.265 Y113.734
G1 F2805.5 X97.327 Y113.39 E883.38258
G1 X97.319 Y113.114 E883.39201
G0 F15000 X97.442 Y112.992
G0 X97.581 Y111.922
G0 X97.698 Y111.887
G1 F2805.5 X97.717 Y111.585 E883.40671
G0 F15000 X97.838 Y111.465
G0 X97.246 Y110.642
G0 X97.021 Y110.867
G1 F2805.5 X97.021 Y110.584 E883.42177
G1 X97.021 Y99.553 E884.009
G1 X96.986 Y99.306 E884.02228
G1 X93.592 Y99.306 E884.20295
G1 X93.165 Y99.449 E884.22692
G0 F15000 X92.797 Y99.535
G1 F2805.5 X93.251 Y99.081 E884.24187
G0 F15000 X92.882 Y99.167
G1 F2805.5 X93.021 Y99.876 E884.27811
G1 X93.021 Y109.21 E884.74633
G1 X93.114 Y109.399 E884.7569
G0 F15000 X92.983 Y109.531
G0 X93.594 Y99.879
G0 X96.45 Y99.879
G0 X96.461 Y110.291
G0 X98.785 Y110.8
G0 X98.91 Y110.674
G1 F2805.5 X99.017 Y110.85 E884.77255
G0 F15000 X98.906 Y110.962
G0 X100.164 Y109.987
G0 X100.389 Y109.762
G1 F2805.5 X100.138 Y109.729 E884.79358
G0 F15000 X100.044 Y109.824
G0 X101.348 Y108.889
G0 X101.378 Y108.773
G1 F2805.5 X101.646 Y108.788 E884.81044
G1 F1500 E878.31044
;MESH:terminale zanzariera verticale antivento con bottoncini.stl
G0 F15000 X101.735 Y108.733
G0 X102.714 Y109.209
G0 X103.857 Y108.588
G0 X104.942 Y108.588
G0 X106.094 Y99.879
G0 X108.95 Y99.879
G0 X109.922 Y112.823
;TYPE:WALL-INNER
G1 F1500 E884.81044
G1 F2805.5 X109.922 Y112.059 E884.84602
G1 X109.922 Y112.058 E884.84606
G1 X109.922 Y111.446 E884.87456
G1 X110.484 Y111.219 E884.90278
G1 X111.186 Y110.936 E884.93803
G1 X110.715 Y111.528 E884.95621
G1 X110.484 Y111.818 E884.97348
G1 X110.295 Y112.156 E884.99151
G1 X109.922 Y112.823 E885.00988
G0 F15000 X109.522 Y116.102
G1 F2805.5 X109.522 Y114.628 E885.07852
G1 X109.522 Y113.974 E885.10897
G1 X109.522 Y111.176 E885.23926
G1 X111.781 Y110.264 E885.3527
G1 X111.891 Y110.22 E885.35821
G1 X112.465 Y109.988 E885.38704
G1 X112.018 Y110.532 E885.40254
G1 X111.944 Y110.625 E885.40765
G1 X110.817 Y112.042 E885.49196
G1 X110.148 Y113.238 E885.55577
G1 X109.916 Y114.002 E885.59295
G1 X109.727 Y114.628 E885.61607
G1 X109.522 Y116.102 E885.63423
G0 F15000 X109.122 Y120.693
G1 F2805.5 X109.122 Y118.809 E885.72196
G1 X109.122 Y118.808 E885.72201
G1 X109.122 Y99.707 E886.61143
G1 X105.922 Y99.707 E886.76044
G1 X105.922 Y109.707 E887.22608
G1 X105.122 Y109.707 E887.26333
G1 X105.122 Y98.907 E887.76622
G1 X109.922 Y98.907 E887.98973
G1 X109.922 Y110.288 E888.51968
G1 X109.922 Y110.289 E888.51972
G1 X109.922 Y110.583 E888.53341
G1 X110.195 Y110.473 E888.54144
G1 X113.047 Y109.321 E888.68467
G1 X113.048 Y109.32 E888.68474
G1 X113.772 Y109.029 E888.72107
G1 X113.277 Y109.632 E888.7398
G1 X113.276 Y109.633 E888.73987
G1 X112.329 Y110.784 E888.80927
G1 X111.15 Y112.266 E888.89746
G1 X110.518 Y113.395 E888.9577
G1 X110.119 Y114.714 E889.02187
G1 X109.863 Y116.553 E889.10833
G1 X109.534 Y118.768 E889.2126
G1 X109.516 Y118.85 E889.21651
G1 X109.122 Y120.693 E889.26063
G0 F15000 X108.722 Y121.492
;TYPE:WALL-OUTER
G1 F2805.5 X108.722 Y100.107 E890.25641
G1 X106.322 Y100.107 E890.36816
G1 X106.322 Y110.107 E890.8338
G1 X104.722 Y110.107 E890.9083
G1 X104.722 Y98.507 E891.44845
G1 X110.322 Y98.507 E891.70921
G1 X110.322 Y109.99 E892.2439
G1 X114.917 Y108.135 E892.47464
G1 X114.222 Y109.111 E892.53044
G1 X112.64 Y111.036 E892.64646
G1 X111.483 Y112.49 E892.73298
G1 X110.888 Y113.552 E892.78967
G1 X110.511 Y114.8 E892.85037
G1 X110.259 Y116.612 E892.93556
G1 X109.929 Y118.832 E893.04007
G1 X109.36 Y121.493 E893.16677
G1 X108.722 Y121.492 E893.19648
G0 F15000 X109.108 Y121.125
;TYPE:SKIN
G1 F2805.5 X108.998 Y120.951 E893.21582
G0 F15000 X109.022 Y121.053
G0 X109.305 Y118.665
G0 X109.344 Y118.626
G1 F2805.5 X109.364 Y118.323 E893.22515
G1 X109.506 Y116.484 E893.28187
G1 X109.374 Y116.333 E893.28804
G0 F15000 X109.452 Y116.256
G0 X109.697 Y113.748
G0 X109.777 Y113.667
G1 F2805.5 X109.839 Y113.322 E893.30092
G1 X109.797 Y113.082 E893.30987
G0 F15000 X109.697 Y113.183
G0 X110.081 Y111.922
G0 X110.267 Y111.763
G1 F2805.5 X110.171 Y111.577 E893.31531
G1 X109.71 Y110.905 E893.33647
G0 F15000 X109.521 Y110.812
G1 F2805.5 X109.521 Y110.529 E893.35158
G1 X109.521 Y99.498 E893.94054
G0 F15000 X109.43 Y99.306
G1 F2805.5 X109.147 Y99.306 E893.95489
G1 X106.036 Y99.306 E894.11256
G1 X105.637 Y99.422 E894.13362
G1 X105.354 Y99.139 E894.1539
G1 X105.521 Y100.104 E894.20354
G1 X105.521 Y109.155 E894.66227
G1 X105.728 Y109.513 E894.68323
G0 F15000 X105.746 Y109.496
G0 X106.094 Y99.879
G0 X108.95 Y99.879
G0 X108.961 Y110.238
G0 X111.261 Y110.77
G0 X111.352 Y110.678
G1 F2805.5 X111.599 Y110.715 E894.70357
G0 F15000 X112.865 Y109.731
G1 F2805.5 X112.58 Y109.733 E894.72235
G0 F15000 X112.52 Y109.793
G0 X113.838 Y108.893
G0 X113.8 Y108.796
G1 F2805.5 X113.84 Y108.756 E894.72367
G0 F15000 X113.919 Y108.96
G1 F2805.5 X114.313 Y108.567 E894.73663
G1 F1500 E888.23663
;MESH:NONMESH
G0 F300 X114.313 Y108.567 Z12.6
G0 F15000 X114.238 Y108.658
G0 X108.942 Y112.823
G0 X107.857 Y112.823
G0 X99.703 Y112.974
G0 X98.8 Y112.367
G0 X97.422 Y112.823
;TIME_ELAPSED:930.685953
;LAYER:44
;TYPE:WALL-INNER
;MESH:terminale zanzariera verticale antivento con bottoncini.stl(1)
G1 F1500 E894.73663
G1 F2839.1 X97.422 Y112.059 E894.7722
G1 X97.422 Y112.058 E894.77225
G1 X97.422 Y111.446 E894.80075
G1 X97.984 Y111.219 E894.82897
G1 X98.686 Y110.936 E894.86421
G1 X98.215 Y111.528 E894.8824
G1 X97.984 Y111.818 E894.89966
G1 X97.795 Y112.156 E894.91769
G1 X97.422 Y112.823 E894.93607
G0 F15000 X97.022 Y116.102
G1 F2839.1 X97.022 Y114.628 E895.0047
G1 X97.022 Y113.974 E895.03516
G1 X97.022 Y111.176 E895.16544
G1 X99.281 Y110.264 E895.27888
G1 X99.391 Y110.22 E895.2844
G1 X99.965 Y109.988 E895.31323
G1 X99.518 Y110.532 E895.32873
G1 X99.444 Y110.625 E895.33384
G1 X98.317 Y112.042 E895.41815
G1 X97.648 Y113.238 E895.48196
G1 X97.416 Y114.002 E895.51914
G1 X97.227 Y114.628 E895.54226
G1 X97.022 Y116.102 E895.56042
G0 F15000 X96.622 Y120.693
G1 F2839.1 X96.622 Y118.809 E895.64815
G1 X96.622 Y118.808 E895.6482
G1 X96.622 Y99.707 E896.53762
G1 X93.422 Y99.707 E896.68662
G1 X93.422 Y109.707 E897.15226
G1 X92.622 Y109.707 E897.18952
G1 X92.622 Y98.907 E897.69241
G1 X97.422 Y98.907 E897.91592
G1 X97.422 Y110.288 E898.44586
G1 X97.422 Y110.289 E898.44591
G1 X97.422 Y110.583 E898.4596
G1 X97.695 Y110.473 E898.46763
G1 X100.547 Y109.321 E898.61086
G1 X100.548 Y109.32 E898.61092
G1 X101.272 Y109.029 E898.64726
G1 X100.777 Y109.632 E898.66599
G1 X100.776 Y109.633 E898.66606
G1 X99.829 Y110.784 E898.73546
G1 X98.65 Y112.266 E898.82364
G1 X98.018 Y113.395 E898.88389
G1 X97.619 Y114.714 E898.94806
G1 X97.363 Y116.553 E899.03451
G1 X97.034 Y118.768 E899.13878
G1 X97.016 Y118.85 E899.14269
G1 X96.622 Y120.693 E899.18682
G0 F15000 X96.222 Y121.492
;TYPE:WALL-OUTER
G1 F2839.1 X96.222 Y100.107 E900.18259
G1 X93.822 Y100.107 E900.29435
G1 X93.822 Y110.107 E900.75999
G1 X92.222 Y110.107 E900.83449
G1 X92.222 Y98.507 E901.37464
G1 X97.822 Y98.507 E901.63539
G1 X97.822 Y109.99 E902.17009
G1 X102.417 Y108.135 E902.40083
G1 X101.722 Y109.111 E902.45662
G1 X100.14 Y111.036 E902.57264
G1 X98.983 Y112.49 E902.65917
G1 X98.388 Y113.552 E902.71585
G1 X98.011 Y114.8 E902.77656
G1 X97.759 Y116.612 E902.86174
G1 X97.429 Y118.832 E902.96625
G1 X96.86 Y121.493 E903.09296
G1 X96.222 Y121.492 E903.12267
G0 F15000 X96.411 Y121.301
;TYPE:SKIN
G1 F2839.1 X96.553 Y121.16 E903.13208
G1 X96.642 Y120.967 E903.14207
G0 F15000 X96.522 Y120.843
G0 X96.873 Y118.652
G0 X96.834 Y118.613
G1 F2839.1 X96.853 Y118.349 E903.15025
G1 X96.981 Y116.497 E903.20761
G1 X97.116 Y116.349 E903.2138
G0 F15000 X97.029 Y116.262
G0 X97.317 Y113.722
G0 X97.256 Y113.661
G1 F2839.1 X97.29 Y113.412 E903.22171
G1 X97.483 Y113.039 E903.23493
G0 F15000 X97.531 Y113.088
G0 X97.744 Y111.886
G0 X97.67 Y111.812
G1 F2839.1 X97.761 Y111.62 E903.24243
G1 X97.923 Y111.5 E903.24954
G0 F15000 X97.021 Y110.598
G1 F2839.1 X97.021 Y110.315 E903.2643
G1 X97.021 Y99.85 E903.81003
G1 X96.477 Y99.305 E903.85019
G1 X93.083 Y99.305 E904.02718
G1 X93.021 Y100.092 E904.06835
G1 X93.021 Y109.143 E904.54034
G1 X92.819 Y109.507 E904.56205
G0 F15000 X92.843 Y109.531
G0 X93.594 Y99.879
G0 X96.45 Y99.879
G0 X96.797 Y110.656
G0 X96.952 Y110.811
G1 F2839.1 X96.851 Y110.993 E904.57587
G0 F15000 X96.797 Y110.939
G0 X98.776 Y110.655
G0 X98.893 Y110.772
G1 F2839.1 X99.056 Y110.653 E904.5845
G1 X99.219 Y110.533 E904.59315
G0 F15000 X99.26 Y110.574
G0 X100.081 Y109.697
G0 X100.194 Y109.81
G1 F2839.1 X100.359 Y109.692 E904.60152
G1 X100.523 Y109.574 E904.60986
G0 F15000 X100.563 Y109.614
G0 X101.431 Y108.855
G0 X101.498 Y108.852
G1 F2839.1 X101.657 Y108.728 E904.61762
G1 X101.817 Y108.605 E904.62539
G0 F15000 X101.783 Y108.659
G0 X97.6 Y110.319
G0 X97.246 Y99.792
G1 F2839.1 X96.535 Y99.081 E904.6488
G0 F15000 X96.818 Y99.081
G1 F2839.1 X97.246 Y99.509 E904.66289
G0 F15000 X97.246 Y99.226
G1 F2839.1 X97.101 Y99.081 E904.66767
G0 F15000 X97.101 Y99.107
G1 F1500 E898.16767
;MESH:terminale zanzariera verticale antivento con bottoncini.stl
G0 F15000 X97.611 Y110.302
G0 X98.669 Y108.734
G0 X102.692 Y107.1
G0 X103.487 Y108.11
G0 X103.861 Y110.464
G0 X104.365 Y110.968
G0 X106.679 Y110.968
G0 X107.857 Y110.302
G0 X108.942 Y110.302
G0 X109.922 Y112.823
;TYPE:WALL-INNER
G1 F1500 E904.66767
G1 F2839.1 X109.922 Y112.059 E904.70324
G1 X109.922 Y112.058 E904.70329
G1 X109.922 Y111.446 E904.73179
G1 X110.484 Y111.219 E904.76001
G1 X111.186 Y110.936 E904.79525
G1 X110.715 Y111.528 E904.81344
G1 X110.484 Y111.818 E904.8307
G1 X110.295 Y112.156 E904.84873
G1 X109.922 Y112.823 E904.86711
G0 F15000 X109.522 Y116.102
G1 F2839.1 X109.522 Y114.628 E904.93574
G1 X109.522 Y113.974 E904.9662
G1 X109.522 Y111.176 E905.09648
G1 X111.781 Y110.264 E905.20992
G1 X111.891 Y110.22 E905.21544
G1 X112.465 Y109.988 E905.24427
G1 X112.018 Y110.532 E905.25977
G1 X111.944 Y110.625 E905.26488
G1 X110.817 Y112.042 E905.34919
G1 X110.148 Y113.238 E905.413
G1 X109.916 Y114.002 E905.45018
G1 X109.727 Y114.628 E905.4733
G1 X109.522 Y116.102 E905.49146
G0 F15000 X109.122 Y120.693
G1 F2839.1 X109.122 Y118.809 E905.57919
G1 X109.122 Y118.808 E905.57923
G1 X109.122 Y99.707 E906.46866
G1 X105.922 Y99.707 E906.61766
G1 X105.922 Y109.707 E907.0833
G1 X105.122 Y109.707 E907.12056
G1 X105.122 Y98.907 E907.62345
G1 X109.922 Y98.907 E907.84696
G1 X109.922 Y110.288 E908.3769
G1 X109.922 Y110.289 E908.37695
G1 X109.922 Y110.583 E908.39064
G1 X110.195 Y110.473 E908.39867
G1 X113.047 Y109.321 E908.5419
G1 X113.048 Y109.32 E908.54196
G1 X113.772 Y109.029 E908.5783
G1 X113.277 Y109.632 E908.59703
G1 X113.276 Y109.633 E908.5971
G1 X112.329 Y110.784 E908.6665
G1 X111.15 Y112.266 E908.75468
G1 X110.518 Y113.395 E908.81493
G1 X110.119 Y114.714 E908.8791
G1 X109.863 Y116.553 E908.96555
G1 X109.534 Y118.768 E909.06982
G1 X109.516 Y118.85 E909.07373
G1 X109.122 Y120.693 E909.11786
G0 F15000 X108.722 Y121.492
;TYPE:WALL-OUTER
G1 F2839.1 X108.722 Y100.107 E910.11363
G1 X106.322 Y100.107 E910.22539
G1 X106.322 Y110.107 E910.69103
G1 X104.722 Y110.107 E910.76553
G1 X104.722 Y98.507 E911.30567
G1 X110.322 Y98.507 E911.56643
G1 X110.322 Y109.99 E912.10113
G1 X114.917 Y108.135 E912.33187
G1 X114.222 Y109.111 E912.38766
G1 X112.64 Y111.036 E912.50368
G1 X111.483 Y112.49 E912.59021
G1 X110.888 Y113.552 E912.64689
G1 X110.511 Y114.8 E912.7076
G1 X110.259 Y116.612 E912.79278
G1 X109.929 Y118.832 E912.89729
G1 X109.36 Y121.493 E913.024
G1 X108.722 Y121.492 E913.05371
G0 F15000 X109.024 Y121.187
;TYPE:SKIN
G1 F2839.1 X109.107 Y120.986 E913.06549
G1 X109.289 Y120.886 E913.07675
G0 F15000 X109.191 Y120.852
G0 X109.332 Y118.666
G0 X109.314 Y118.648
G1 F2839.1 X109.349 Y118.4 E913.08435
G1 X109.477 Y116.548 E913.14072
G1 X109.583 Y116.371 E913.14698
G0 F15000 X109.47 Y116.258
G0 X109.805 Y113.764
G0 X109.751 Y113.71
G1 F2839.1 X109.783 Y113.46 E913.15495
G1 X109.936 Y113.047 E913.16888
G0 F15000 X110.011 Y113.122
G0 X110.225 Y111.922
G0 X110.16 Y111.857
G1 F2839.1 X110.23 Y111.644 E913.17675
G1 X110.392 Y111.523 E913.18385
G0 F15000 X109.521 Y110.652
G1 F2839.1 X109.521 Y110.369 E913.1987
G1 X109.521 Y99.904 E913.74774
G1 X108.923 Y99.306 E913.79211
G1 X109.364 Y99.464 E913.81669
G0 F15000 X109.747 Y99.564
G1 F2839.1 X109.264 Y99.081 E913.83259
G0 F15000 X109.547 Y99.081
G1 F2839.1 X109.747 Y99.282 E913.8392
G0 F15000 X108.64 Y99.306
G1 F2839.1 X108.357 Y99.306 E913.85462
G1 X105.529 Y99.306 E914.00871
G1 X105.521 Y105.238 E914.33195
G1 X105.521 Y109.198 E914.54773
G1 X105.433 Y109.393 E914.55939
G0 F15000 X105.571 Y109.531
G0 X106.094 Y99.879
G0 X108.95 Y99.879
G0 X109.296 Y110.71
G0 X109.432 Y110.846
G1 F2839.1 X109.331 Y111.028 E914.57066
G0 F15000 X109.296 Y110.993
G0 X111.237 Y110.672
G0 X111.361 Y110.796
G1 F2839.1 X111.525 Y110.676 E914.58014
G1 X111.688 Y110.557 E914.58956
G0 F15000 X111.737 Y110.605
G0 X112.542 Y109.713
G0 X112.662 Y109.834
G1 F2839.1 X112.826 Y109.715 E914.59871
G1 X112.991 Y109.597 E914.60786
G0 F15000 X113.038 Y109.644
G0 X113.892 Y108.871
G0 X113.967 Y108.875
G1 F2839.1 X114.126 Y108.752 E914.62099
G0 F15000 X114.25 Y108.593
G1 F2839.1 X114.322 Y108.666 E914.62338
G1 F1500 E908.12338
;MESH:NONMESH
G0 F300 X114.322 Y108.666 Z12.88
G0 F15000 X114.217 Y108.686
G0 X108.942 Y112.823
G0 X107.857 Y112.823
G0 X99.703 Y112.974
G0 X98.8 Y112.367
G0 X97.422 Y112.823
;TIME_ELAPSED:951.446065
;LAYER:45
;TYPE:WALL-INNER
;MESH:terminale zanzariera verticale antivento con bottoncini.stl(1)
G1 F1500 E914.62338
G1 F2805.5 X97.422 Y112.059 E914.65895
G1 X97.422 Y112.058 E914.659
G1 X97.422 Y111.446 E914.6875
G1 X97.984 Y111.219 E914.71572
G1 X98.686 Y110.936 E914.75097
G1 X98.215 Y111.528 E914.76915
G1 X97.984 Y111.818 E914.78641
G1 X97.795 Y112.156 E914.80445
G1 X97.422 Y112.823 E914.82282
G0 F15000 X97.022 Y116.102
G1 F2805.5 X97.022 Y114.628 E914.89146
G1 X97.022 Y113.974 E914.92191
G1 X97.022 Y111.176 E915.0522
G1 X99.281 Y110.264 E915.16563
G1 X99.391 Y110.22 E915.17115
G1 X99.965 Y109.988 E915.19998
G1 X99.518 Y110.532 E915.21548
G1 X99.444 Y110.625 E915.22059
G1 X98.317 Y112.042 E915.3049
G1 X97.648 Y113.238 E915.36871
G1 X97.416 Y114.002 E915.40589
G1 X97.227 Y114.628 E915.42901
G1 X97.022 Y116.102 E915.44717
G0 F15000 X96.622 Y120.693
G1 F2805.5 X96.622 Y118.809 E915.5349
G1 X96.622 Y118.808 E915.53495
G1 X96.622 Y99.707 E916.42437
G1 X93.422 Y99.707 E916.57337
G1 X93.422 Y109.707 E917.03902
G1 X92.622 Y109.707 E917.07627
G1 X92.622 Y98.907 E917.57916
G1 X97.422 Y98.907 E917.80267
G1 X97.422 Y110.288 E918.33262
G1 X97.422 Y110.289 E918.33266
G1 X97.422 Y110.583 E918.34635
G1 X97.695 Y110.473 E918.35438
G1 X100.547 Y109.321 E918.49761
G1 X100.548 Y109.32 E918.49767
G1 X101.272 Y109.029 E918.53401
G1 X100.777 Y109.632 E918.55274
G1 X100.776 Y109.633 E918.55281
G1 X99.829 Y110.784 E918.62221
G1 X98.65 Y112.266 E918.71039
G1 X98.018 Y113.395 E918.77064
G1 X97.619 Y114.714 E918.83481
G1 X97.363 Y116.553 E918.92126
G1 X97.034 Y118.768 E919.02554
G1 X97.016 Y118.85 E919.02945
G1 X96.622 Y120.693 E919.07357
G0 F15000 X96.222 Y121.492
;TYPE:WALL-OUTER
G1 F2805.5 X96.222 Y100.107 E920.06934
G1 X93.822 Y100.107 E920.1811
G1 X93.822 Y110.107 E920.64674
G1 X92.222 Y110.107 E920.72124
G1 X92.222 Y98.507 E921.26139
G1 X97.822 Y98.507 E921.52215
G1 X97.822 Y109.99 E922.05684
G1 X102.417 Y108.135 E922.28758
G1 X101.722 Y109.111 E922.34337
G1 X100.14 Y111.036 E922.4594
G1 X98.983 Y112.49 E922.54592
G1 X98.388 Y113.552 E922.6026
G1 X98.011 Y114.8 E922.66331
G1 X97.759 Y116.612 E922.7485
G1 X97.429 Y118.832 E922.853
G1 X96.86 Y121.493 E922.97971
G1 X96.222 Y121.492 E923.00942
G0 F15000 X96.627 Y121.16
;TYPE:SKIN
G1 F2805.5 X96.523 Y120.982 E923.02804
G0 F15000 X96.522 Y121.109
G0 X96.796 Y118.446
G0 X96.859 Y118.383
G1 F2805.5 X96.883 Y118.075 E923.03853
G1 X97.006 Y116.538 E923.0909
G1 X96.899 Y116.363 E923.09787
G0 F15000 X97.003 Y116.26
G0 X97.197 Y113.803
G0 X97.265 Y113.734
G1 F2805.5 X97.327 Y113.39 E923.10981
G1 X97.319 Y113.114 E923.11924
G0 F15000 X97.442 Y112.992
G0 X97.581 Y111.922
G0 X97.698 Y111.887
G1 F2805.5 X97.717 Y111.585 E923.13394
G0 F15000 X97.838 Y111.465
G0 X97.246 Y110.642
G0 X97.021 Y110.867
G1 F2805.5 X97.021 Y110.584 E923.14901
G1 X97.021 Y99.553 E923.73623
G1 X96.986 Y99.306 E923.74951
G1 X93.592 Y99.306 E923.93018
G1 X93.165 Y99.449 E923.95416
G0 F15000 X92.797 Y99.535
G1 F2805.5 X93.251 Y99.081 E923.9691
G0 F15000 X92.882 Y99.167
G1 F2805.5 X93.021 Y99.876 E924.00535
G1 X93.021 Y109.21 E924.47356
G1 X93.114 Y109.399 E924.48413
G0 F15000 X92.983 Y109.531
G0 X93.594 Y99.879
G0 X96.45 Y99.879
G0 X96.461 Y110.291
G0 X98.785 Y110.8
G0 X98.91 Y110.674
G1 F2805.5 X99.017 Y110.85 E924.49978
G0 F15000 X98.906 Y110.962
G0 X100.164 Y109.987
G0 X100.389 Y109.762
G1 F2805.5 X100.138 Y109.729 E924.52081
G0 F15000 X100.044 Y109.824
G0 X101.348 Y108.889
G0 X101.378 Y108.773
G1 F2805.5 X101.646 Y108.788 E924.53767
G1 F1500 E918.03767
;MESH:terminale zanzariera verticale antivento con bottoncini.stl
G0 F15000 X101.735 Y108.733
G0 X102.714 Y109.209
G0 X103.857 Y108.588
G0 X104.942 Y108.588
G0 X106.094 Y99.879
G0 X108.95 Y99.879
G0 X109.922 Y112.823
;TYPE:WALL-INNER
G1 F1500 E924.53767
G1 F2805.5 X109.922 Y112.059 E924.57325
G1 X109.922 Y112.058 E924.57329
G1 X109.922 Y111.446 E924.60179
G1 X110.484 Y111.219 E924.63002
G1 X111.186 Y110.936 E924.66526
G1 X110.715 Y111.528 E924.68344
G1 X110.484 Y111.818 E924.70071
G1 X110.295 Y112.156 E924.71874
G1 X109.922 Y112.823 E924.73711
G0 F15000 X109.522 Y116.102
G1 F2805.5 X109.522 Y114.628 E924.80575
G1 X109.522 Y113.974 E924.8362
G1 X109.522 Y111.176 E924.96649
G1 X111.781 Y110.264 E925.07993
G1 X111.891 Y110.22 E925.08544
G1 X112.465 Y109.988 E925.11427
G1 X112.018 Y110.532 E925.12978
G1 X111.944 Y110.625 E925.13489
G1 X110.817 Y112.042 E925.21919
G1 X110.148 Y113.238 E925.283
G1 X109.916 Y114.002 E925.32018
G1 X109.727 Y114.628 E925.3433
G1 X109.522 Y116.102 E925.36147
G0 F15000 X109.122 Y120.693
G1 F2805.5 X109.122 Y118.809 E925.44919
G1 X109.122 Y118.808 E925.44924
G1 X109.122 Y99.707 E926.33866
G1 X105.922 Y99.707 E926.48767
G1 X105.922 Y109.707 E926.95331
G1 X105.122 Y109.707 E926.99056
G1 X105.122 Y98.907 E927.49345
G1 X109.922 Y98.907 E927.71696
G1 X109.922 Y110.288 E928.24691
G1 X109.922 Y110.289 E928.24696
G1 X109.922 Y110.583 E928.26065
G1 X110.195 Y110.473 E928.26868
G1 X113.047 Y109.321 E928.4119
G1 X113.048 Y109.32 E928.41197
G1 X113.772 Y109.029 E928.4483
G1 X113.277 Y109.632 E928.46704
G1 X113.276 Y109.633 E928.4671
G1 X112.329 Y110.784 E928.53651
G1 X111.15 Y112.266 E928.62469
G1 X110.518 Y113.395 E928.68493
G1 X110.119 Y114.714 E928.7491
G1 X109.863 Y116.553 E928.83556
G1 X109.534 Y118.768 E928.93983
G1 X109.516 Y118.85 E928.94374
G1 X109.122 Y120.693 E928.98786
G0 F15000 X108.722 Y121.492
;TYPE:WALL-OUTER
G1 F2805.5 X108.722 Y100.107 E929.98364
G1 X106.322 Y100.107 E930.09539
G1 X106.322 Y110.107 E930.56103
G1 X104.722 Y110.107 E930.63554
G1 X104.722 Y98.507 E931.17568
G1 X110.322 Y98.507 E931.43644
G1 X110.322 Y109.99 E931.97114
G1 X114.917 Y108.135 E932.20188
G1 X114.222 Y109.111 E932.25767
G1 X112.64 Y111.036 E932.37369
G1 X111.483 Y112.49 E932.46021
G1 X110.888 Y113.552 E932.5169
G1 X110.511 Y114.8 E932.5776
G1 X110.259 Y116.612 E932.66279
G1 X109.929 Y118.832 E932.7673
G1 X109.36 Y121.493 E932.89401
G1 X108.722 Y121.492 E932.92371
G0 F15000 X109.108 Y121.125
;TYPE:SKIN
G1 F2805.5 X108.998 Y120.951 E932.94305
G0 F15000 X109.022 Y121.053
G0 X109.305 Y118.665
G0 X109.344 Y118.626
G1 F2805.5 X109.364 Y118.323 E932.95239
G1 X109.506 Y116.484 E933.0091
G1 X109.374 Y116.333 E933.01527
G0 F15000 X109.452 Y116.256
G0 X109.697 Y113.748
G0 X109.777 Y113.667
G1 F2805.5 X109.839 Y113.322 E933.02815
G1 X109.797 Y113.082 E933.0371
G0 F15000 X109.697 Y113.183
G0 X110.081 Y111.922
G0 X110.267 Y111.763
G1 F2805.5 X110.171 Y111.577 E933.04254
G1 X109.71 Y110.905 E933.0637
G0 F15000 X109.521 Y110.812
G1 F2805.5 X109.521 Y110.529 E933.07881
G1 X109.521 Y99.498 E933.66778
G0 F15000 X109.43 Y99.306
G1 F2805.5 X109.147 Y99.306 E933.68212
G1 X106.036 Y99.306 E933.83979
G1 X105.637 Y99.422 E933.86085
G1 X105.354 Y99.139 E933.88114
G1 X105.521 Y100.104 E933.93077
G1 X105.521 Y109.155 E934.3895
G1 X105.728 Y109.513 E934.41046
G0 F15000 X105.746 Y109.496
G0 X106.094 Y99.879
G0 X108.95 Y99.879
G0 X108.961 Y110.238
G0 X111.261 Y110.77
G0 X111.352 Y110.678
G1 F2805.5 X111.599 Y110.715 E934.4308
G0 F15000 X112.865 Y109.731
G1 F2805.5 X112.58 Y109.733 E934.44959
G0 F15000 X112.52 Y109.793
G0 X113.838 Y108.893
G0 X113.8 Y108.796
G1 F2805.5 X113.84 Y108.756 E934.4509
G0 F15000 X113.919 Y108.96
G1 F2805.5 X114.313 Y108.567 E934.46386
G1 F1500 E927.96386
;MESH:NONMESH
G0 F300 X114.313 Y108.567 Z13.16
G0 F15000 X114.238 Y108.658
G0 X108.942 Y112.823
G0 X107.857 Y112.823
G0 X99.703 Y112.974
G0 X98.8 Y112.367
G0 X97.422 Y112.823
;TIME_ELAPSED:971.303406
;LAYER:46
;TYPE:WALL-INNER
;MESH:terminale zanzariera verticale antivento con bottoncini.stl(1)
G1 F1500 E934.46386
G1 F2839.1 X97.422 Y112.059 E934.49943
G1 X97.422 Y112.058 E934.49948
G1 X97.422 Y111.446 E934.52798
G1 X97.984 Y111.219 E934.5562
G1 X98.686 Y110.936 E934.59145
G1 X98.215 Y111.528 E934.60963
G1 X97.984 Y111.818 E934.62689
G1 X97.795 Y112.156 E934.64493
G1 X97.422 Y112.823 E934.6633
G0 F15000 X97.022 Y116.102
G1 F2839.1 X97.022 Y114.628 E934.73194
G1 X97.022 Y113.974 E934.76239
G1 X97.022 Y111.176 E934.89268
G1 X99.281 Y110.264 E935.00611
G1 X99.391 Y110.22 E935.01163
G1 X99.965 Y109.988 E935.04046
G1 X99.518 Y110.532 E935.05596
G1 X99.444 Y110.625 E935.06107
G1 X98.317 Y112.042 E935.14538
G1 X97.648 Y113.238 E935.20919
G1 X97.416 Y114.002 E935.24637
G1 X97.227 Y114.628 E935.26949
G1 X97.022 Y116.102 E935.28765
G0 F15000 X96.622 Y120.693
G1 F2839.1 X96.622 Y118.809 E935.37538
G1 X96.622 Y118.808 E935.37543
G1 X96.622 Y99.707 E936.26485
G1 X93.422 Y99.707 E936.41385
G1 X93.422 Y109.707 E936.8795
G1 X92.622 Y109.707 E936.91675
G1 X92.622 Y98.907 E937.41964
G1 X97.422 Y98.907 E937.64315
G1 X97.422 Y110.288 E938.1731
G1 X97.422 Y110.289 E938.17314
G1 X97.422 Y110.583 E938.18683
G1 X97.695 Y110.473 E938.19486
G1 X100.547 Y109.321 E938.33809
G1 X100.548 Y109.32 E938.33815
G1 X101.272 Y109.029 E938.37449
G1 X100.777 Y109.632 E938.39322
G1 X100.776 Y109.633 E938.39329
G1 X99.829 Y110.784 E938.46269
G1 X98.65 Y112.266 E938.55087
G1 X98.018 Y113.395 E938.61112
G1 X97.619 Y114.714 E938.67529
G1 X97.363 Y116.553 E938.76175
G1 X97.034 Y118.768 E938.86602
G1 X97.016 Y118.85 E938.86993
G1 X96.622 Y120.693 E938.91405
G0 F15000 X96.222 Y121.492
;TYPE:WALL-OUTER
G1 F2839.1 X96.222 Y100.107 E939.90982
G1 X93.822 Y100.107 E940.02158
G1 X93.822 Y110.107 E940.48722
G1 X92.222 Y110.107 E940.56172
G1 X92.222 Y98.507 E941.10187
G1 X97.822 Y98.507 E941.36263
G1 X97.822 Y109.99 E941.89732
G1 X102.417 Y108.135 E942.12806
G1 X101.722 Y109.111 E942.18385
G1 X100.14 Y111.036 E942.29988
G1 X98.983 Y112.49 E942.3864
G1 X98.388 Y113.552 E942.44308
G1 X98.011 Y114.8 E942.50379
G1 X97.759 Y116.612 E942.58898
G1 X97.429 Y118.832 E942.69348
G1 X96.86 Y121.493 E942.82019
G1 X96.222 Y121.492 E942.8499
G0 F15000 X96.411 Y121.301
;TYPE:SKIN
G1 F2839.1 X96.553 Y121.16 E942.85931
G1 X96.642 Y120.967 E942.8693
G0 F15000 X96.522 Y120.843
G0 X96.873 Y118.652
G0 X96.834 Y118.613
G1 F2839.1 X96.853 Y118.349 E942.87748
G1 X96.981 Y116.497 E942.93485
G1 X97.116 Y116.349 E942.94104
G0 F15000 X97.029 Y116.262
G0 X97.317 Y113.722
G0 X97.256 Y113.661
G1 F2839.1 X97.29 Y113.412 E942.94894
G1 X97.483 Y113.039 E942.96216
G0 F15000 X97.531 Y113.088
G0 X97.744 Y111.886
G0 X97.67 Y111.812
G1 F2839.1 X97.761 Y111.62 E942.96966
G1 X97.923 Y111.5 E942.97678
G0 F15000 X97.021 Y110.598
G1 F2839.1 X97.021 Y110.315 E942.99153
G1 X97.021 Y99.85 E943.53727
G1 X96.477 Y99.305 E943.57742
G1 X93.083 Y99.305 E943.75441
G1 X93.021 Y100.092 E943.79558
G1 X93.021 Y109.143 E944.26758
G1 X92.819 Y109.507 E944.28928
G0 F15000 X92.843 Y109.531
G0 X93.594 Y99.879
G0 X96.45 Y99.879
G0 X96.797 Y110.656
G0 X96.952 Y110.811
G1 F2839.1 X96.851 Y110.993 E944.3031
G0 F15000 X96.797 Y110.939
G0 X98.776 Y110.655
G0 X98.893 Y110.772
G1 F2839.1 X99.056 Y110.653 E944.31173
G1 X99.219 Y110.533 E944.32038
G0 F15000 X99.26 Y110.574
G0 X100.081 Y109.697
G0 X100.194 Y109.81
G1 F2839.1 X100.359 Y109.692 E944.32875
G1 X100.523 Y109.574 E944.33709
G0 F15000 X100.563 Y109.614
G0 X101.431 Y108.855
G0 X101.498 Y108.852
G1 F2839.1 X101.657 Y108.728 E944.34485
G1 X101.817 Y108.605 E944.35262
G0 F15000 X101.783 Y108.659
G0 X97.6 Y110.319
G0 X97.246 Y99.792
G1 F2839.1 X96.535 Y99.081 E944.37603
G0 F15000 X96.818 Y99.081
G1 F2839.1 X97.246 Y99.509 E944.39012
G0 F15000 X97.246 Y99.226
G1 F2839.1 X97.101 Y99.081 E944.3949
G0 F15000 X97.101 Y99.107
G1 F1500 E937.8949
;MESH:terminale zanzariera verticale antivento con bottoncini.stl
G0 F15000 X97.611 Y110.302
G0 X98.669 Y108.734
G0 X102.692 Y107.1
G0 X103.487 Y108.11
G0 X103.861 Y110.464
G0 X104.365 Y110.968
G0 X106.679 Y110.968
G0 X107.857 Y110.302
G0 X108.942 Y110.302
G0 X109.922 Y112.823
;TYPE:WALL-INNER
G1 F1500 E944.3949
G1 F2839.1 X109.922 Y112.059 E944.43047
G1 X109.922 Y112.058 E944.43052
G1 X109.922 Y111.446 E944.45902
G1 X110.484 Y111.219 E944.48724
G1 X111.186 Y110.936 E944.52249
G1 X110.715 Y111.528 E944.54067
G1 X110.484 Y111.818 E944.55793
G1 X110.295 Y112.156 E944.57597
G1 X109.922 Y112.823 E944.59434
G0 F15000 X109.522 Y116.102
G1 F2839.1 X109.522 Y114.628 E944.66298
G1 X109.522 Y113.974 E944.69343
G1 X109.522 Y111.176 E944.82372
G1 X111.781 Y110.264 E944.93715
G1 X111.891 Y110.22 E944.94267
G1 X112.465 Y109.988 E944.9715
G1 X112.018 Y110.532 E944.987
G1 X111.944 Y110.625 E944.99211
G1 X110.817 Y112.042 E945.07642
G1 X110.148 Y113.238 E945.14023
G1 X109.916 Y114.002 E945.17741
G1 X109.727 Y114.628 E945.20053
G1 X109.522 Y116.102 E945.21869
G0 F15000 X109.122 Y120.693
G1 F2839.1 X109.122 Y118.809 E945.30642
G1 X109.122 Y118.808 E945.30647
G1 X109.122 Y99.707 E946.19589
G1 X105.922 Y99.707 E946.34489
G1 X105.922 Y109.707 E946.81054
G1 X105.122 Y109.707 E946.84779
G1 X105.122 Y98.907 E947.35068
G1 X109.922 Y98.907 E947.57419
G1 X109.922 Y110.288 E948.10414
G1 X109.922 Y110.289 E948.10418
G1 X109.922 Y110.583 E948.11787
G1 X110.195 Y110.473 E948.1259
G1 X113.047 Y109.321 E948.26913
G1 X113.048 Y109.32 E948.26919
G1 X113.772 Y109.029 E948.30553
G1 X113.277 Y109.632 E948.32426
G1 X113.276 Y109.633 E948.32433
G1 X112.329 Y110.784 E948.39373
G1 X111.15 Y112.266 E948.48191
G1 X110.518 Y113.395 E948.54216
G1 X110.119 Y114.714 E948.60633
G1 X109.863 Y116.553 E948.69278
G1 X109.534 Y118.768 E948.79706
G1 X109.516 Y118.85 E948.80096
G1 X109.122 Y120.693 E948.84509
G0 F15000 X108.722 Y121.492
;TYPE:WALL-OUTER
G1 F2839.1 X108.722 Y100.107 E949.84086
G1 X106.322 Y100.107 E949.95262
G1 X106.322 Y110.107 E950.41826
G1 X104.722 Y110.107 E950.49276
G1 X104.722 Y98.507 E951.03291
G1 X110.322 Y98.507 E951.29367
G1 X110.322 Y109.99 E951.82836
G1 X114.917 Y108.135 E952.0591
G1 X114.222 Y109.111 E952.11489
G1 X112.64 Y111.036 E952.23092
G1 X111.483 Y112.49 E952.31744
G1 X110.888 Y113.552 E952.37412
G1 X110.511 Y114.8 E952.43483
G1 X110.259 Y116.612 E952.52002
G1 X109.929 Y118.832 E952.62452
G1 X109.36 Y121.493 E952.75123
G1 X108.722 Y121.492 E952.78094
G0 F15000 X109.024 Y121.187
;TYPE:SKIN
G1 F2839.1 X109.107 Y120.986 E952.79273
G1 X109.289 Y120.886 E952.80398
G0 F15000 X109.191 Y120.852
G0 X109.332 Y118.666
G0 X109.314 Y118.648
G1 F2839.1 X109.349 Y118.4 E952.81158
G1 X109.477 Y116.548 E952.86795
G1 X109.583 Y116.371 E952.87421
G0 F15000 X109.47 Y116.258
G0 X109.805 Y113.764
G0 X109.751 Y113.71
G1 F2839.1 X109.783 Y113.46 E952.88218
G1 X109.936 Y113.047 E952.89611
G0 F15000 X110.011 Y113.122
G0 X110.225 Y111.922
G0 X110.16 Y111.857
G1 F2839.1 X110.23 Y111.644 E952.90398
G1 X110.392 Y111.523 E952.91108
G0 F15000 X109.521 Y110.652
G1 F2839.1 X109.521 Y110.369 E952.92593
G1 X109.521 Y99.904 E953.47498
G1 X108.923 Y99.306 E953.51935
G1 X109.364 Y99.464 E953.54392
G0 F15000 X109.747 Y99.564
G1 F2839.1 X109.264 Y99.081 E953.55983
G0 F15000 X109.547 Y99.081
G1 F2839.1 X109.747 Y99.282 E953.56643
G0 F15000 X108.64 Y99.306
G1 F2839.1 X108.357 Y99.306 E953.58185
G1 X105.529 Y99.306 E953.73595
G1 X105.521 Y105.238 E954.05918
G1 X105.521 Y109.198 E954.27496
G1 X105.433 Y109.393 E954.28662
G0 F15000 X105.571 Y109.531
G0 X106.094 Y99.879
G0 X108.95 Y99.879
G0 X109.296 Y110.71
G0 X109.432 Y110.846
G1 F2839.1 X109.331 Y111.028 E954.29789
G0 F15000 X109.296 Y110.993
G0 X111.237 Y110.672
G0 X111.361 Y110.796
G1 F2839.1 X111.525 Y110.676 E954.30738
G1 X111.688 Y110.557 E954.31679
G0 F15000 X111.737 Y110.605
G0 X112.542 Y109.713
G0 X112.662 Y109.834
G1 F2839.1 X112.826 Y109.715 E954.32594
G1 X112.991 Y109.597 E954.33509
G0 F15000 X113.038 Y109.644
G0 X113.892 Y108.871
G0 X113.967 Y108.875
G1 F2839.1 X114.126 Y108.752 E954.34822
G0 F15000 X114.25 Y108.593
G1 F2839.1 X114.322 Y108.666 E954.35061
G1 F1500 E947.85061
;MESH:NONMESH
G0 F300 X114.322 Y108.666 Z13.44
G0 F15000 X114.217 Y108.686
G0 X108.942 Y112.823
G0 X107.857 Y112.823
G0 X99.703 Y112.974
G0 X98.8 Y112.367
G0 X97.422 Y112.823
;TIME_ELAPSED:992.063518
;LAYER:47
;TYPE:WALL-INNER
;MESH:terminale zanzariera verticale antivento con bottoncini.stl(1)
G1 F1500 E954.35061
G1 F2805.5 X97.422 Y112.059 E954.38619
G1 X97.422 Y112.058 E954.38623
G1 X97.422 Y111.446 E954.41473
G1 X97.984 Y111.219 E954.44295
G1 X98.686 Y110.936 E954.4782
G1 X98.215 Y111.528 E954.49638
G1 X97.984 Y111.818 E954.51365
G1 X97.795 Y112.156 E954.53168
G1 X97.422 Y112.823 E954.55005
G0 F15000 X97.022 Y116.102
G1 F2805.5 X97.022 Y114.628 E954.61869
G1 X97.022 Y113.974 E954.64914
G1 X97.022 Y111.176 E954.77943
G1 X99.281 Y110.264 E954.89286
G1 X99.391 Y110.22 E954.89838
G1 X99.965 Y109.988 E954.92721
G1 X99.518 Y110.532 E954.94271
G1 X99.444 Y110.625 E954.94782
G1 X98.317 Y112.042 E955.03213
G1 X97.648 Y113.238 E955.09594
G1 X97.416 Y114.002 E955.13312
G1 X97.227 Y114.628 E955.15624
G1 X97.022 Y116.102 E955.1744
G0 F15000 X96.622 Y120.693
G1 F2805.5 X96.622 Y118.809 E955.26213
G1 X96.622 Y118.808 E955.26218
G1 X96.622 Y99.707 E956.1516
G1 X93.422 Y99.707 E956.30061
G1 X93.422 Y109.707 E956.76625
G1 X92.622 Y109.707 E956.8035
G1 X92.622 Y98.907 E957.30639
G1 X97.422 Y98.907 E957.5299
G1 X97.422 Y110.288 E958.05985
G1 X97.422 Y110.289 E958.05989
G1 X97.422 Y110.583 E958.07358
G1 X97.695 Y110.473 E958.08161
G1 X100.547 Y109.321 E958.22484
G1 X100.548 Y109.32 E958.22491
G1 X101.272 Y109.029 E958.26124
G1 X100.777 Y109.632 E958.27997
G1 X100.776 Y109.633 E958.28004
G1 X99.829 Y110.784 E958.34944
G1 X98.65 Y112.266 E958.43762
G1 X98.018 Y113.395 E958.49787
G1 X97.619 Y114.714 E958.56204
G1 X97.363 Y116.553 E958.6485
G1 X97.034 Y118.768 E958.75277
G1 X97.016 Y118.85 E958.75668
G1 X96.622 Y120.693 E958.8008
G0 F15000 X96.222 Y121.492
;TYPE:WALL-OUTER
G1 F2805.5 X96.222 Y100.107 E959.79658
G1 X93.822 Y100.107 E959.90833
G1 X93.822 Y110.107 E960.37397
G1 X92.222 Y110.107 E960.44847
G1 X92.222 Y98.507 E960.98862
G1 X97.822 Y98.507 E961.24938
G1 X97.822 Y109.99 E961.78407
G1 X102.417 Y108.135 E962.01481
G1 X101.722 Y109.111 E962.07061
G1 X100.14 Y111.036 E962.18663
G1 X98.983 Y112.49 E962.27315
G1 X98.388 Y113.552 E962.32983
G1 X98.011 Y114.8 E962.39054
G1 X97.759 Y116.612 E962.47573
G1 X97.429 Y118.832 E962.58024
G1 X96.86 Y121.493 E962.70694
G1 X96.222 Y121.492 E962.73665
G0 F15000 X96.627 Y121.16
;TYPE:SKIN
G1 F2805.5 X96.523 Y120.982 E962.75527
G0 F15000 X96.522 Y121.109
G0 X96.796 Y118.446
G0 X96.859 Y118.383
G1 F2805.5 X96.883 Y118.075 E962.76576
G1 X97.006 Y116.538 E962.81813
G1 X96.899 Y116.363 E962.8251
G0 F15000 X97.003 Y116.26
G0 X97.197 Y113.803
G0 X97.265 Y113.734
G1 F2805.5 X97.327 Y113.39 E962.83704
G1 X97.319 Y113.114 E962.84648
G0 F15000 X97.442 Y112.992
G0 X97.581 Y111.922
G0 X97.698 Y111.887
G1 F2805.5 X97.717 Y111.585 E962.86117
G0 F15000 X97.838 Y111.465
G0 X97.246 Y110.642
G0 X97.021 Y110.867
G1 F2805.5 X97.021 Y110.584 E962.87624
G1 X97.021 Y99.553 E963.46346
G1 X96.986 Y99.306 E963.47674
G1 X93.592 Y99.306 E963.65742
G1 X93.165 Y99.449 E963.68139
G0 F15000 X92.797 Y99.535
G1 F2805.5 X93.251 Y99.081 E963.69634
G0 F15000 X92.882 Y99.167
G1 F2805.5 X93.021 Y99.876 E963.73258
G1 X93.021 Y109.21 E964.20079
G1 X93.114 Y109.399 E964.21136
G0 F15000 X92.983 Y109.531
G0 X93.594 Y99.879
G0 X96.45 Y99.879
G0 X96.461 Y110.291
G0 X98.785 Y110.8
G0 X98.91 Y110.674
G1 F2805.5 X99.017 Y110.85 E964.22701
G0 F15000 X98.906 Y110.962
G0 X100.164 Y109.987
G0 X100.389 Y109.762
G1 F2805.5 X100.138 Y109.729 E964.24805
G0 F15000 X100.044 Y109.824
G0 X101.348 Y108.889
G0 X101.378 Y108.773
G1 F2805.5 X101.646 Y108.788 E964.26491
G1 F1500 E957.76491
;MESH:terminale zanzariera verticale antivento con bottoncini.stl
G0 F15000 X101.735 Y108.733
G0 X102.714 Y109.209
G0 X103.857 Y108.588
G0 X104.942 Y108.588
G0 X106.094 Y99.879
G0 X108.95 Y99.879
G0 X109.922 Y112.823
;TYPE:WALL-INNER
G1 F1500 E964.26491
G1 F2805.5 X109.922 Y112.059 E964.30048
G1 X109.922 Y112.058 E964.30053
G1 X109.922 Y111.446 E964.32902
G1 X110.484 Y111.219 E964.35725
G1 X111.186 Y110.936 E964.39249
G1 X110.715 Y111.528 E964.41068
G1 X110.484 Y111.818 E964.42794
G1 X110.295 Y112.156 E964.44597
G1 X109.922 Y112.823 E964.46435
G0 F15000 X109.522 Y116.102
G1 F2805.5 X109.522 Y114.628 E964.53298
G1 X109.522 Y113.974 E964.56343
G1 X109.522 Y111.176 E964.69372
G1 X111.781 Y110.264 E964.80716
G1 X111.891 Y110.22 E964.81268
G1 X112.465 Y109.988 E964.8415
G1 X112.018 Y110.532 E964.85701
G1 X111.944 Y110.625 E964.86212
G1 X110.817 Y112.042 E964.94642
G1 X110.148 Y113.238 E965.01023
G1 X109.916 Y114.002 E965.04741
G1 X109.727 Y114.628 E965.07053
G1 X109.522 Y116.102 E965.0887
G0 F15000 X109.122 Y120.693
G1 F2805.5 X109.122 Y118.809 E965.17643
G1 X109.122 Y118.808 E965.17647
G1 X109.122 Y99.707 E966.06589
G1 X105.922 Y99.707 E966.2149
G1 X105.922 Y109.707 E966.68054
G1 X105.122 Y109.707 E966.71779
G1 X105.122 Y98.907 E967.22069
G1 X109.922 Y98.907 E967.44419
G1 X109.922 Y110.288 E967.97414
G1 X109.922 Y110.289 E967.97419
G1 X109.922 Y110.583 E967.98788
G1 X110.195 Y110.473 E967.99591
G1 X113.047 Y109.321 E968.13913
G1 X113.048 Y109.32 E968.1392
G1 X113.772 Y109.029 E968.17553
G1 X113.277 Y109.632 E968.19427
G1 X113.276 Y109.633 E968.19433
G1 X112.329 Y110.784 E968.26374
G1 X111.15 Y112.266 E968.35192
G1 X110.518 Y113.395 E968.41217
G1 X110.119 Y114.714 E968.47633
G1 X109.863 Y116.553 E968.56279
G1 X109.534 Y118.768 E968.66706
G1 X109.516 Y118.85 E968.67097
G1 X109.122 Y120.693 E968.71509
G0 F15000 X108.722 Y121.492
;TYPE:WALL-OUTER
G1 F2805.5 X108.722 Y100.107 E969.71087
G1 X106.322 Y100.107 E969.82262
G1 X106.322 Y110.107 E970.28826
G1 X104.722 Y110.107 E970.36277
G1 X104.722 Y98.507 E970.90291
G1 X110.322 Y98.507 E971.16367
G1 X110.322 Y109.99 E971.69837
G1 X114.917 Y108.135 E971.92911
G1 X114.222 Y109.111 E971.9849
G1 X112.64 Y111.036 E972.10092
G1 X111.483 Y112.49 E972.18745
G1 X110.888 Y113.552 E972.24413
G1 X110.511 Y114.8 E972.30483
G1 X110.259 Y116.612 E972.39002
G1 X109.929 Y118.832 E972.49453
G1 X109.36 Y121.493 E972.62124
G1 X108.722 Y121.492 E972.65095
G0 F15000 X109.108 Y121.125
;TYPE:SKIN
G1 F2805.5 X108.998 Y120.951 E972.67028
G0 F15000 X109.022 Y121.053
G0 X109.305 Y118.665
G0 X109.344 Y118.626
G1 F2805.5 X109.364 Y118.323 E972.67962
G1 X109.506 Y116.484 E972.73634
G1 X109.374 Y116.333 E972.7425
G0 F15000 X109.452 Y116.256
G0 X109.697 Y113.748
G0 X109.777 Y113.667
G1 F2805.5 X109.839 Y113.322 E972.75538
G1 X109.797 Y113.082 E972.76433
G0 F15000 X109.697 Y113.183
G0 X110.081 Y111.922
G0 X110.267 Y111.763
G1 F2805.5 X110.171 Y111.577 E972.76977
G1 X109.71 Y110.905 E972.79093
G0 F15000 X109.521 Y110.812
G1 F2805.5 X109.521 Y110.529 E972.80604
G1 X109.521 Y99.498 E973.39501
G0 F15000 X109.43 Y99.306
G1 F2805.5 X109.147 Y99.306 E973.40935
G1 X106.036 Y99.306 E973.56702
G1 X105.637 Y99.422 E973.58808
G1 X105.354 Y99.139 E973.60837
G1 X105.521 Y100.104 E973.658
G1 X105.521 Y109.155 E974.11673
G1 X105.728 Y109.513 E974.13769
G0 F15000 X105.746 Y109.496
G0 X106.094 Y99.879
G0 X108.95 Y99.879
G0 X108.961 Y110.238
G0 X111.261 Y110.77
G0 X111.352 Y110.678
G1 F2805.5 X111.599 Y110.715 E974.15803
G0 F15000 X112.865 Y109.731
G1 F2805.5 X112.58 Y109.733 E974.17682
G0 F15000 X112.52 Y109.793
G0 X113.838 Y108.893
G0 X113.8 Y108.796
G1 F2805.5 X113.84 Y108.756 E974.17814
G0 F15000 X113.919 Y108.96
G1 F2805.5 X114.313 Y108.567 E974.19109
G1 F1500 E967.69109
;MESH:NONMESH
G0 F300 X114.313 Y108.567 Z13.72
G0 F15000 X114.238 Y108.658
G0 X108.942 Y112.823
G0 X107.857 Y112.823
G0 X99.703 Y112.974
G0 X98.8 Y112.367
G0 X97.422 Y112.823
;TIME_ELAPSED:1011.920859
;LAYER:48
;TYPE:WALL-INNER
;MESH:terminale zanzariera verticale antivento con bottoncini.stl(1)
G1 F1500 E974.19109
G1 F2839.1 X97.422 Y112.059 E974.22667
G1 X97.422 Y112.058 E974.22671
G1 X97.422 Y111.446 E974.25521
G1 X97.984 Y111.219 E974.28343
G1 X98.686 Y110.936 E974.31868
G1 X98.215 Y111.528 E974.33686
G1 X97.984 Y111.818 E974.35413
G1 X97.795 Y112.156 E974.37216
G1 X97.422 Y112.823 E974.39053
G0 F15000 X97.022 Y116.102
G1 F2839.1 X97.022 Y114.628 E974.45917
G1 X97.022 Y113.974 E974.48962
G1 X97.022 Y111.176 E974.61991
G1 X99.281 Y110.264 E974.73335
G1 X99.391 Y110.22 E974.73886
G1 X99.965 Y109.988 E974.76769
G1 X99.518 Y110.532 E974.78319
G1 X99.444 Y110.625 E974.7883
G1 X98.317 Y112.042 E974.87261
G1 X97.648 Y113.238 E974.93642
G1 X97.416 Y114.002 E974.9736
G1 X97.227 Y114.628 E974.99672
G1 X97.022 Y116.102 E975.01489
G0 F15000 X96.622 Y120.693
G1 F2839.1 X96.622 Y118.809 E975.10261
G1 X96.622 Y118.808 E975.10266
G1 X96.622 Y99.707 E975.99208
G1 X93.422 Y99.707 E976.14109
G1 X93.422 Y109.707 E976.60673
G1 X92.622 Y109.707 E976.64398
G1 X92.622 Y98.907 E977.14687
G1 X97.422 Y98.907 E977.37038
G1 X97.422 Y110.288 E977.90033
G1 X97.422 Y110.289 E977.90037
G1 X97.422 Y110.583 E977.91406
G1 X97.695 Y110.473 E977.92209
G1 X100.547 Y109.321 E978.06532
G1 X100.548 Y109.32 E978.06539
G1 X101.272 Y109.029 E978.10172
G1 X100.777 Y109.632 E978.12045
G1 X100.776 Y109.633 E978.12052
G1 X99.829 Y110.784 E978.18992
G1 X98.65 Y112.266 E978.27811
G1 X98.018 Y113.395 E978.33835
G1 X97.619 Y114.714 E978.40252
G1 X97.363 Y116.553 E978.48898
G1 X97.034 Y118.768 E978.59325
G1 X97.016 Y118.85 E978.59716
G1 X96.622 Y120.693 E978.64128
G0 F15000 X96.222 Y121.492
;TYPE:WALL-OUTER
G1 F2839.1 X96.222 Y100.107 E979.63706
G1 X93.822 Y100.107 E979.74881
G1 X93.822 Y110.107 E980.21445
G1 X92.222 Y110.107 E980.28895
G1 X92.222 Y98.507 E980.8291
G1 X97.822 Y98.507 E981.08986
G1 X97.822 Y109.99 E981.62455
G1 X102.417 Y108.135 E981.85529
G1 X101.722 Y109.111 E981.91109
G1 X100.14 Y111.036 E982.02711
G1 X98.983 Y112.49 E982.11363
G1 X98.388 Y113.552 E982.17032
G1 X98.011 Y114.8 E982.23102
G1 X97.759 Y116.612 E982.31621
G1 X97.429 Y118.832 E982.42072
G1 X96.86 Y121.493 E982.54742
G1 X96.222 Y121.492 E982.57713
G0 F15000 X96.411 Y121.301
;TYPE:SKIN
G1 F2839.1 X96.553 Y121.16 E982.58654
G1 X96.642 Y120.967 E982.59653
G0 F15000 X96.522 Y120.843
G0 X96.873 Y118.652
G0 X96.834 Y118.613
G1 F2839.1 X96.853 Y118.349 E982.60471
G1 X96.981 Y116.497 E982.66208
G1 X97.116 Y116.349 E982.66827
G0 F15000 X97.029 Y116.262
G0 X97.317 Y113.722
G0 X97.256 Y113.661
G1 F2839.1 X97.29 Y113.412 E982.67618
G1 X97.483 Y113.039 E982.68939
G0 F15000 X97.531 Y113.088
G0 X97.744 Y111.886
G0 X97.67 Y111.812
G1 F2839.1 X97.761 Y111.62 E982.69689
G1 X97.923 Y111.5 E982.70401
G0 F15000 X97.021 Y110.598
G1 F2839.1 X97.021 Y110.315 E982.71877
G1 X97.021 Y99.85 E983.2645
G1 X96.477 Y99.305 E983.30465
G1 X93.083 Y99.305 E983.48165
G1 X93.021 Y100.092 E983.52281
G1 X93.021 Y109.143 E983.99481
G1 X92.819 Y109.507 E984.01652
G0 F15000 X92.843 Y109.531
G0 X93.594 Y99.879
G0 X96.45 Y99.879
G0 X96.797 Y110.656
G0 X96.952 Y110.811
G1 F2839.1 X96.851 Y110.993 E984.03033
G0 F15000 X96.797 Y110.939
G0 X98.776 Y110.655
G0 X98.893 Y110.772
G1 F2839.1 X99.056 Y110.653 E984.03896
G1 X99.219 Y110.533 E984.04761
G0 F15000 X99.26 Y110.574
G0 X100.081 Y109.697
G0 X100.194 Y109.81
G1 F2839.1 X100.359 Y109.692 E984.05599
G1 X100.523 Y109.574 E984.06432
G0 F15000 X100.563 Y109.614
G0 X101.431 Y108.855
G0 X101.498 Y108.852
G1 F2839.1 X101.657 Y108.728 E984.07209
G1 X101.817 Y108.605 E984.07985
G0 F15000 X101.783 Y108.659
G0 X97.6 Y110.319
G0 X97.246 Y99.792
G1 F2839.1 X96.535 Y99.081 E984.10326
G0 F15000 X96.818 Y99.081
G1 F2839.1 X97.246 Y99.509 E984.11736
G0 F15000 X97.246 Y99.226
G1 F2839.1 X97.101 Y99.081 E984.12213
G0 F15000 X97.101 Y99.107
G1 F1500 E977.62213
;MESH:terminale zanzariera verticale antivento con bottoncini.stl
G0 F15000 X97.611 Y110.302
G0 X98.669 Y108.734
G0 X102.692 Y107.1
G0 X103.487 Y108.11
G0 X103.861 Y110.464
G0 X104.365 Y110.968
G0 X106.679 Y110.968
G0 X107.857 Y110.302
G0 X108.942 Y110.302
G0 X109.922 Y112.823
;TYPE:WALL-INNER
G1 F1500 E984.12213
G1 F2839.1 X109.922 Y112.059 E984.15771
G1 X109.922 Y112.058 E984.15775
G1 X109.922 Y111.446 E984.18625
G1 X110.484 Y111.219 E984.21447
G1 X111.186 Y110.936 E984.24972
G1 X110.715 Y111.528 E984.2679
G1 X110.484 Y111.818 E984.28517
G1 X110.295 Y112.156 E984.3032
G1 X109.922 Y112.823 E984.32157
G0 F15000 X109.522 Y116.102
G1 F2839.1 X109.522 Y114.628 E984.39021
G1 X109.522 Y113.974 E984.42066
G1 X109.522 Y111.176 E984.55095
G1 X111.781 Y110.264 E984.66438
G1 X111.891 Y110.22 E984.6699
G1 X112.465 Y109.988 E984.69873
G1 X112.018 Y110.532 E984.71423
G1 X111.944 Y110.625 E984.71934
G1 X110.817 Y112.042 E984.80365
G1 X110.148 Y113.238 E984.86746
G1 X109.916 Y114.002 E984.90464
G1 X109.727 Y114.628 E984.92776
G1 X109.522 Y116.102 E984.94592
G0 F15000 X109.122 Y120.693
G1 F2839.1 X109.122 Y118.809 E985.03365
G1 X109.122 Y118.808 E985.0337
G1 X109.122 Y99.707 E985.92312
G1 X105.922 Y99.707 E986.07213
G1 X105.922 Y109.707 E986.53777
G1 X105.122 Y109.707 E986.57502
G1 X105.122 Y98.907 E987.07791
G1 X109.922 Y98.907 E987.30142
G1 X109.922 Y110.288 E987.83137
G1 X109.922 Y110.289 E987.83141
G1 X109.922 Y110.583 E987.8451
G1 X110.195 Y110.473 E987.85313
G1 X113.047 Y109.321 E987.99636
G1 X113.048 Y109.32 E987.99643
G1 X113.772 Y109.029 E988.03276
G1 X113.277 Y109.632 E988.05149
G1 X113.276 Y109.633 E988.05156
G1 X112.329 Y110.784 E988.12096
G1 X111.15 Y112.266 E988.20914
G1 X110.518 Y113.395 E988.26939
G1 X110.119 Y114.714 E988.33356
G1 X109.863 Y116.553 E988.42002
G1 X109.534 Y118.768 E988.52429
G1 X109.516 Y118.85 E988.5282
G1 X109.122 Y120.693 E988.57232
G0 F15000 X108.722 Y121.492
;TYPE:WALL-OUTER
G1 F2839.1 X108.722 Y100.107 E989.56809
G1 X106.322 Y100.107 E989.67985
G1 X106.322 Y110.107 E990.14549
G1 X104.722 Y110.107 E990.21999
G1 X104.722 Y98.507 E990.76014
G1 X110.322 Y98.507 E991.0209
G1 X110.322 Y109.99 E991.55559
G1 X114.917 Y108.135 E991.78633
G1 X114.222 Y109.111 E991.84213
G1 X112.64 Y111.036 E991.95815
G1 X111.483 Y112.49 E992.04467
G1 X110.888 Y113.552 E992.10135
G1 X110.511 Y114.8 E992.16206
G1 X110.259 Y116.612 E992.24725
G1 X109.929 Y118.832 E992.35176
G1 X109.36 Y121.493 E992.47846
G1 X108.722 Y121.492 E992.50817
G0 F15000 X109.024 Y121.187
;TYPE:SKIN
G1 F2839.1 X109.107 Y120.986 E992.51996
G1 X109.289 Y120.886 E992.53121
G0 F15000 X109.191 Y120.852
G0 X109.332 Y118.666
G0 X109.314 Y118.648
G1 F2839.1 X109.349 Y118.4 E992.53882
G1 X109.477 Y116.548 E992.59518
G1 X109.583 Y116.371 E992.60145
G0 F15000 X109.47 Y116.258
G0 X109.805 Y113.764
G0 X109.751 Y113.71
G1 F2839.1 X109.783 Y113.46 E992.60941
G1 X109.936 Y113.047 E992.62334
G0 F15000 X110.011 Y113.122
G0 X110.225 Y111.922
G0 X110.16 Y111.857
G1 F2839.1 X110.23 Y111.644 E992.63121
G1 X110.392 Y111.523 E992.63831
G0 F15000 X109.521 Y110.652
G1 F2839.1 X109.521 Y110.369 E992.65316
G1 X109.521 Y99.904 E993.20221
G1 X108.923 Y99.306 E993.24658
G1 X109.364 Y99.464 E993.27115
G0 F15000 X109.747 Y99.564
G1 F2839.1 X109.264 Y99.081 E993.28706
G0 F15000 X109.547 Y99.081
G1 F2839.1 X109.747 Y99.282 E993.29366
G0 F15000 X108.64 Y99.306
G1 F2839.1 X108.357 Y99.306 E993.30908
G1 X105.529 Y99.306 E993.46318
G1 X105.521 Y105.238 E993.78641
G1 X105.521 Y109.198 E994.00219
G1 X105.433 Y109.393 E994.01385
G0 F15000 X105.571 Y109.531
G0 X106.094 Y99.879
G0 X108.95 Y99.879
G0 X109.296 Y110.71
G0 X109.432 Y110.846
G1 F2839.1 X109.331 Y111.028 E994.02513
G0 F15000 X109.296 Y110.993
G0 X111.237 Y110.672
G0 X111.361 Y110.796
G1 F2839.1 X111.525 Y110.676 E994.03461
G1 X111.688 Y110.557 E994.04403
G0 F15000 X111.737 Y110.605
G0 X112.542 Y109.713
G0 X112.662 Y109.834
G1 F2839.1 X112.826 Y109.715 E994.05317
G1 X112.991 Y109.597 E994.06232
G0 F15000 X113.038 Y109.644
G0 X113.892 Y108.871
G0 X113.967 Y108.875
G1 F2839.1 X114.126 Y108.752 E994.07546
G0 F15000 X114.25 Y108.593
G1 F2839.1 X114.322 Y108.666 E994.07784
G1 F1500 E987.57784
;MESH:NONMESH
G0 F300 X114.322 Y108.666 Z14
G0 F15000 X114.217 Y108.686
G0 X108.942 Y112.823
G0 X107.857 Y112.823
G0 X99.703 Y112.974
G0 X98.8 Y112.367
G0 X97.422 Y112.823
;TIME_ELAPSED:1032.680970
;LAYER:49
;TYPE:WALL-INNER
;MESH:terminale zanzariera verticale antivento con bottoncini.stl(1)
G1 F1500 E994.07784
G1 F2805.5 X97.422 Y112.059 E994.11342
G1 X97.422 Y112.058 E994.11346
G1 X97.422 Y111.446 E994.14196
G1 X97.984 Y111.219 E994.17018
G1 X98.686 Y110.936 E994.20543
G1 X98.215 Y111.528 E994.22361
G1 X97.984 Y111.818 E994.24088
G1 X97.795 Y112.156 E994.25891
G1 X97.422 Y112.823 E994.27728
G0 F15000 X97.022 Y116.102
G1 F2805.5 X97.022 Y114.628 E994.34592
G1 X97.022 Y113.974 E994.37637
G1 X97.022 Y111.176 E994.50666
G1 X99.281 Y110.264 E994.6201
G1 X99.391 Y110.22 E994.62561
G1 X99.965 Y109.988 E994.65444
G1 X99.518 Y110.532 E994.66994
G1 X99.444 Y110.625 E994.67505
G1 X98.317 Y112.042 E994.75936
G1 X97.648 Y113.238 E994.82317
G1 X97.416 Y114.002 E994.86035
G1 X97.227 Y114.628 E994.88347
G1 X97.022 Y116.102 E994.90164
G0 F15000 X96.622 Y120.693
G1 F2805.5 X96.622 Y118.809 E994.98936
G1 X96.622 Y118.808 E994.98941
G1 X96.622 Y99.707 E995.87883
G1 X93.422 Y99.707 E996.02784
G1 X93.422 Y109.707 E996.49348
G1 X92.622 Y109.707 E996.53073
G1 X92.622 Y98.907 E997.03362
G1 X97.422 Y98.907 E997.25713
G1 X97.422 Y110.288 E997.78708
G1 X97.422 Y110.289 E997.78713
G1 X97.422 Y110.583 E997.80082
G1 X97.695 Y110.473 E997.80885
G1 X100.547 Y109.321 E997.95207
G1 X100.548 Y109.32 E997.95214
G1 X101.272 Y109.029 E997.98847
G1 X100.777 Y109.632 E998.0072
G1 X100.776 Y109.633 E998.00727
G1 X99.829 Y110.784 E998.07667
G1 X98.65 Y112.266 E998.16486
G1 X98.018 Y113.395 E998.2251
G1 X97.619 Y114.714 E998.28927
G1 X97.363 Y116.553 E998.37573
G1 X97.034 Y118.768 E998.48
G1 X97.016 Y118.85 E998.48391
G1 X96.622 Y120.693 E998.52803
G0 F15000 X96.222 Y121.492
;TYPE:WALL-OUTER
G1 F2805.5 X96.222 Y100.107 E999.52381
G1 X93.822 Y100.107 E999.63556
G1 X93.822 Y110.107 E1000.1012
G1 X92.222 Y110.107 E1000.17571
G1 X92.222 Y98.507 E1000.71585
G1 X97.822 Y98.507 E1000.97661
G1 X97.822 Y109.99 E1001.51131
G1 X102.417 Y108.135 E1001.74205
G1 X101.722 Y109.111 E1001.79784
G1 X100.14 Y111.036 E1001.91386
G1 X98.983 Y112.49 E1002.00038
G1 X98.388 Y113.552 E1002.05707
G1 X98.011 Y114.8 E1002.11777
G1 X97.759 Y116.612 E1002.20296
G1 X97.429 Y118.832 E1002.30747
G1 X96.86 Y121.493 E1002.43418
G1 X96.222 Y121.492 E1002.46388
G0 F15000 X96.627 Y121.16
;TYPE:SKIN
G1 F2805.5 X96.523 Y120.982 E1002.4825
G0 F15000 X96.522 Y121.109
G0 X96.796 Y118.446
G0 X96.859 Y118.383
G1 F2805.5 X96.883 Y118.075 E1002.49299
G1 X97.006 Y116.538 E1002.54536
G1 X96.899 Y116.363 E1002.55233
G0 F15000 X97.003 Y116.26
G0 X97.197 Y113.803
G0 X97.265 Y113.734
G1 F2805.5 X97.327 Y113.39 E1002.56427
G1 X97.319 Y113.114 E1002.57371
G0 F15000 X97.442 Y112.992
G0 X97.581 Y111.922
G0 X97.698 Y111.887
G1 F2805.5 X97.717 Y111.585 E1002.58841
G0 F15000 X97.838 Y111.465
G0 X97.246 Y110.642
G0 X97.021 Y110.867
G1 F2805.5 X97.021 Y110.584 E1002.60347
G1 X97.021 Y99.553 E1003.19069
G1 X96.986 Y99.306 E1003.20397
G1 X93.592 Y99.306 E1003.38465
G1 X93.165 Y99.449 E1003.40862
G0 F15000 X92.797 Y99.535
G1 F2805.5 X93.251 Y99.081 E1003.42357
G0 F15000 X92.882 Y99.167
G1 F2805.5 X93.021 Y99.876 E1003.45981
G1 X93.021 Y109.21 E1003.92802
G1 X93.114 Y109.399 E1003.93859
G0 F15000 X92.983 Y109.531
G0 X93.594 Y99.879
G0 X96.45 Y99.879
G0 X96.461 Y110.291
G0 X98.785 Y110.8
G0 X98.91 Y110.674
G1 F2805.5 X99.017 Y110.85 E1003.95424
G0 F15000 X98.906 Y110.962
G0 X100.164 Y109.987
G0 X100.389 Y109.762
G1 F2805.5 X100.138 Y109.729 E1003.97528
G0 F15000 X100.044 Y109.824
G0 X101.348 Y108.889
G0 X101.378 Y108.773
G1 F2805.5 X101.646 Y108.788 E1003.99214
G1 F1500 E997.49214
;MESH:terminale zanzariera verticale antivento con bottoncini.stl
G0 F15000 X101.735 Y108.733
G0 X102.714 Y109.209
G0 X103.857 Y108.588
G0 X104.942 Y108.588
G0 X106.094 Y99.879
G0 X108.95 Y99.879
G0 X109.922 Y112.823
;TYPE:WALL-INNER
G1 F1500 E1003.99214
G1 F2805.5 X109.922 Y112.059 E1004.02771
G1 X109.922 Y112.058 E1004.02776
G1 X109.922 Y111.446 E1004.05626
G1 X110.484 Y111.219 E1004.08448
G1 X111.186 Y110.936 E1004.11972
G1 X110.715 Y111.528 E1004.13791
G1 X110.484 Y111.818 E1004.15517
G1 X110.295 Y112.156 E1004.1732
G1 X109.922 Y112.823 E1004.19158
G0 F15000 X109.522 Y116.102
G1 F2805.5 X109.522 Y114.628 E1004.26021
G1 X109.522 Y113.974 E1004.29067
G1 X109.522 Y111.176 E1004.42095
G1 X111.781 Y110.264 E1004.53439
G1 X111.891 Y110.22 E1004.53991
G1 X112.465 Y109.988 E1004.56874
G1 X112.018 Y110.532 E1004.58424
G1 X111.944 Y110.625 E1004.58935
G1 X110.817 Y112.042 E1004.67365
G1 X110.148 Y113.238 E1004.73747
G1 X109.916 Y114.002 E1004.77464
G1 X109.727 Y114.628 E1004.79777
G1 X109.522 Y116.102 E1004.81593
G0 F15000 X109.122 Y120.693
G1 F2805.5 X109.122 Y118.809 E1004.90366
G1 X109.122 Y118.808 E1004.9037
G1 X109.122 Y99.707 E1005.79313
G1 X105.922 Y99.707 E1005.94213
G1 X105.922 Y109.707 E1006.40777
G1 X105.122 Y109.707 E1006.44502
G1 X105.122 Y98.907 E1006.94792
G1 X109.922 Y98.907 E1007.17143
G1 X109.922 Y110.288 E1007.70137
G1 X109.922 Y110.289 E1007.70142
G1 X109.922 Y110.583 E1007.71511
G1 X110.195 Y110.473 E1007.72314
G1 X113.047 Y109.321 E1007.86637
G1 X113.048 Y109.32 E1007.86643
G1 X113.772 Y109.029 E1007.90276
G1 X113.277 Y109.632 E1007.9215
G1 X113.276 Y109.633 E1007.92156
G1 X112.329 Y110.784 E1007.99097
G1 X111.15 Y112.266 E1008.07915
G1 X110.518 Y113.395 E1008.1394
G1 X110.119 Y114.714 E1008.20356
G1 X109.863 Y116.553 E1008.29002
G1 X109.534 Y118.768 E1008.39429
G1 X109.516 Y118.85 E1008.3982
G1 X109.122 Y120.693 E1008.44233
G0 F15000 X108.722 Y121.492
;TYPE:WALL-OUTER
G1 F2805.5 X108.722 Y100.107 E1009.4381
G1 X106.322 Y100.107 E1009.54985
G1 X106.322 Y110.107 E1010.0155
G1 X104.722 Y110.107 E1010.09
G1 X104.722 Y98.507 E1010.63014
G1 X110.322 Y98.507 E1010.8909
G1 X110.322 Y109.99 E1011.4256
G1 X114.917 Y108.135 E1011.65634
G1 X114.222 Y109.111 E1011.71213
G1 X112.64 Y111.036 E1011.82815
G1 X111.483 Y112.49 E1011.91468
G1 X110.888 Y113.552 E1011.97136
G1 X110.511 Y114.8 E1012.03207
G1 X110.259 Y116.612 E1012.11725
G1 X109.929 Y118.832 E1012.22176
G1 X109.36 Y121.493 E1012.34847
G1 X108.722 Y121.492 E1012.37818
G0 F15000 X109.108 Y121.125
;TYPE:SKIN
G1 F2805.5 X108.998 Y120.951 E1012.39751
G0 F15000 X109.022 Y121.053
G0 X109.305 Y118.665
G0 X109.344 Y118.626
G1 F2805.5 X109.364 Y118.323 E1012.40685
G1 X109.506 Y116.484 E1012.46357
G1 X109.374 Y116.333 E1012.46974
G0 F15000 X109.452 Y116.256
G0 X109.697 Y113.748
G0 X109.777 Y113.667
G1 F2805.5 X109.839 Y113.322 E1012.48261
G1 X109.797 Y113.082 E1012.49157
G0 F15000 X109.697 Y113.183
G0 X110.081 Y111.922
G0 X110.267 Y111.763
G1 F2805.5 X110.171 Y111.577 E1012.497
G1 X109.71 Y110.905 E1012.51816
G0 F15000 X109.521 Y110.812
G1 F2805.5 X109.521 Y110.529 E1012.53327
G1 X109.521 Y99.498 E1013.12224
G0 F15000 X109.43 Y99.306
G1 F2805.5 X109.147 Y99.306 E1013.13658
G1 X106.036 Y99.306 E1013.29426
G1 X105.637 Y99.422 E1013.31532
G1 X105.354 Y99.139 E1013.3356
G1 X105.521 Y100.104 E1013.38523
G1 X105.521 Y109.155 E1013.84396
G1 X105.728 Y109.513 E1013.86492
G0 F15000 X105.746 Y109.496
G0 X106.094 Y99.879
G0 X108.95 Y99.879
G0 X108.961 Y110.238
G0 X111.261 Y110.77
G0 X111.352 Y110.678
G1 F2805.5 X111.599 Y110.715 E1013.88526
G0 F15000 X112.865 Y109.731
G1 F2805.5 X112.58 Y109.733 E1013.90405
G0 F15000 X112.52 Y109.793
G0 X113.838 Y108.893
G0 X113.8 Y108.796
G1 F2805.5 X113.84 Y108.756 E1013.90537
G0 F15000 X113.919 Y108.96
G1 F2805.5 X114.313 Y108.567 E1013.91832
G1 F1500 E1007.41832
;MESH:NONMESH
G0 F300 X114.313 Y108.567 Z14.28
G0 F15000 X114.238 Y108.658
G0 X108.942 Y112.823
G0 X107.857 Y112.823
G0 X99.703 Y112.974
G0 X98.8 Y112.367
G0 X97.422 Y112.823
;TIME_ELAPSED:1052.538311
;LAYER:50
;TYPE:WALL-INNER
;MESH:terminale zanzariera verticale antivento con bottoncini.stl(1)
G1 F1500 E1013.91832
G1 F2839.1 X97.422 Y112.059 E1013.9539
G1 X97.422 Y112.058 E1013.95395
G1 X97.422 Y111.446 E1013.98244
G1 X97.984 Y111.219 E1014.01067
G1 X98.686 Y110.936 E1014.04591
G1 X98.215 Y111.528 E1014.06409
G1 X97.984 Y111.818 E1014.08136
G1 X97.795 Y112.156 E1014.09939
G1 X97.422 Y112.823 E1014.11776
G0 F15000 X97.022 Y116.102
G1 F2839.1 X97.022 Y114.628 E1014.1864
G1 X97.022 Y113.974 E1014.21685
G1 X97.022 Y111.176 E1014.34714
G1 X99.281 Y110.264 E1014.46058
G1 X99.391 Y110.22 E1014.46609
G1 X99.965 Y109.988 E1014.49492
G1 X99.518 Y110.532 E1014.51043
G1 X99.444 Y110.625 E1014.51554
G1 X98.317 Y112.042 E1014.59984
G1 X97.648 Y113.238 E1014.66365
G1 X97.416 Y114.002 E1014.70083
G1 X97.227 Y114.628 E1014.72395
G1 X97.022 Y116.102 E1014.74212
G0 F15000 X96.622 Y120.693
G1 F2839.1 X96.622 Y118.809 E1014.82984
G1 X96.622 Y118.808 E1014.82989
G1 X96.622 Y99.707 E1015.71931
G1 X93.422 Y99.707 E1015.86832
G1 X93.422 Y109.707 E1016.33396
G1 X92.622 Y109.707 E1016.37121
G1 X92.622 Y98.907 E1016.8741
G1 X97.422 Y98.907 E1017.09761
G1 X97.422 Y110.288 E1017.62756
G1 X97.422 Y110.289 E1017.62761
G1 X97.422 Y110.583 E1017.6413
G1 X97.695 Y110.473 E1017.64933
G1 X100.547 Y109.321 E1017.79255
G1 X100.548 Y109.32 E1017.79262
G1 X101.272 Y109.029 E1017.82895
G1 X100.777 Y109.632 E1017.84769
G1 X100.776 Y109.633 E1017.84775
G1 X99.829 Y110.784 E1017.91716
G1 X98.65 Y112.266 E1018.00534
G1 X98.018 Y113.395 E1018.06558
G1 X97.619 Y114.714 E1018.12975
G1 X97.363 Y116.553 E1018.21621
G1 X97.034 Y118.768 E1018.32048
G1 X97.016 Y118.85 E1018.32439
G1 X96.622 Y120.693 E1018.36851
G0 F15000 X96.222 Y121.492
;TYPE:WALL-OUTER
G1 F2839.1 X96.222 Y100.107 E1019.36429
G1 X93.822 Y100.107 E1019.47604
G1 X93.822 Y110.107 E1019.94168
G1 X92.222 Y110.107 E1020.01619
G1 X92.222 Y98.507 E1020.55633
G1 X97.822 Y98.507 E1020.81709
G1 X97.822 Y109.99 E1021.35179
G1 X102.417 Y108.135 E1021.58253
G1 X101.722 Y109.111 E1021.63832
G1 X100.14 Y111.036 E1021.75434
G1 X98.983 Y112.49 E1021.84086
G1 X98.388 Y113.552 E1021.89755
G1 X98.011 Y114.8 E1021.95825
G1 X97.759 Y116.612 E1022.04344
G1 X97.429 Y118.832 E1022.14795
G1 X96.86 Y121.493 E1022.27466
G1 X96.222 Y121.492 E1022.30436
G0 F15000 X96.411 Y121.301
;TYPE:SKIN
G1 F2839.1 X96.553 Y121.16 E1022.31377
G1 X96.642 Y120.967 E1022.32376
G0 F15000 X96.522 Y120.843
G0 X96.873 Y118.652
G0 X96.834 Y118.613
G1 F2839.1 X96.853 Y118.349 E1022.33194
G1 X96.981 Y116.497 E1022.38931
G1 X97.116 Y116.349 E1022.3955
G0 F15000 X97.029 Y116.262
G0 X97.317 Y113.722
G0 X97.256 Y113.661
G1 F2839.1 X97.29 Y113.412 E1022.40341
G1 X97.483 Y113.039 E1022.41662
G0 F15000 X97.531 Y113.088
G0 X97.744 Y111.886
G0 X97.67 Y111.812
G1 F2839.1 X97.761 Y111.62 E1022.42412
G1 X97.923 Y111.5 E1022.43124
G0 F15000 X97.021 Y110.598
G1 F2839.1 X97.021 Y110.315 E1022.446
G1 X97.021 Y99.85 E1022.99173
G1 X96.477 Y99.305 E1023.03189
G1 X93.083 Y99.305 E1023.20888
G1 X93.021 Y100.092 E1023.25004
G1 X93.021 Y109.143 E1023.72204
G1 X92.819 Y109.507 E1023.74375
G0 F15000 X92.843 Y109.531
G0 X93.594 Y99.879
G0 X96.45 Y99.879
G0 X96.797 Y110.656
G0 X96.952 Y110.811
G1 F2839.1 X96.851 Y110.993 E1023.75756
G0 F15000 X96.797 Y110.939
G0 X98.776 Y110.655
G0 X98.893 Y110.772
G1 F2839.1 X99.056 Y110.653 E1023.76619
G1 X99.219 Y110.533 E1023.77484
G0 F15000 X99.26 Y110.574
G0 X100.081 Y109.697
G0 X100.194 Y109.81
G1 F2839.1 X100.359 Y109.692 E1023.78322
G1 X100.523 Y109.574 E1023.79156
G0 F15000 X100.563 Y109.614
G0 X101.431 Y108.855
G0 X101.498 Y108.852
G1 F2839.1 X101.657 Y108.728 E1023.79932
G1 X101.817 Y108.605 E1023.80709
G0 F15000 X101.783 Y108.659
G0 X97.6 Y110.319
G0 X97.246 Y99.792
G1 F2839.1 X96.535 Y99.081 E1023.8305
G0 F15000 X96.818 Y99.081
G1 F2839.1 X97.246 Y99.509 E1023.84459
G0 F15000 X97.246 Y99.226
G1 F2839.1 X97.101 Y99.081 E1023.84936
G0 F15000 X97.101 Y99.107
G1 F1500 E1017.34936
;MESH:terminale zanzariera verticale antivento con bottoncini.stl
G0 F15000 X97.611 Y110.302
G0 X98.669 Y108.734
G0 X102.692 Y107.1
G0 X103.487 Y108.11
G0 X103.861 Y110.464
G0 X104.365 Y110.968
G0 X106.679 Y110.968
G0 X107.857 Y110.302
G0 X108.942 Y110.302
G0 X109.922 Y112.823
;TYPE:WALL-INNER
G1 F1500 E1023.84936
G1 F2839.1 X109.922 Y112.059 E1023.88494
G1 X109.922 Y112.058 E1023.88498
G1 X109.922 Y111.446 E1023.91348
G1 X110.484 Y111.219 E1023.9417
G1 X111.186 Y110.936 E1023.97695
G1 X110.715 Y111.528 E1023.99513
G1 X110.484 Y111.818 E1024.0124
G1 X110.295 Y112.156 E1024.03043
G1 X109.922 Y112.823 E1024.0488
G0 F15000 X109.522 Y116.102
G1 F2839.1 X109.522 Y114.628 E1024.11744
G1 X109.522 Y113.974 E1024.14789
G1 X109.522 Y111.176 E1024.27818
G1 X111.781 Y110.264 E1024.39162
G1 X111.891 Y110.22 E1024.39713
G1 X112.465 Y109.988 E1024.42596
G1 X112.018 Y110.532 E1024.44146
G1 X111.944 Y110.625 E1024.44657
G1 X110.817 Y112.042 E1024.53088
G1 X110.148 Y113.238 E1024.59469
G1 X109.916 Y114.002 E1024.63187
G1 X109.727 Y114.628 E1024.65499
G1 X109.522 Y116.102 E1024.67316
G0 F15000 X109.122 Y120.693
G1 F2839.1 X109.122 Y118.809 E1024.76088
G1 X109.122 Y118.808 E1024.76093
G1 X109.122 Y99.707 E1025.65035
G1 X105.922 Y99.707 E1025.79936
G1 X105.922 Y109.707 E1026.265
G1 X105.122 Y109.707 E1026.30225
G1 X105.122 Y98.907 E1026.80514
G1 X109.922 Y98.907 E1027.02865
G1 X109.922 Y110.288 E1027.5586
G1 X109.922 Y110.289 E1027.55865
G1 X109.922 Y110.583 E1027.57234
G1 X110.195 Y110.473 E1027.58037
G1 X113.047 Y109.321 E1027.72359
G1 X113.048 Y109.32 E1027.72366
G1 X113.772 Y109.029 E1027.75999
G1 X113.277 Y109.632 E1027.77872
G1 X113.276 Y109.633 E1027.77879
G1 X112.329 Y110.784 E1027.84819
G1 X111.15 Y112.266 E1027.93638
G1 X110.518 Y113.395 E1027.99662
G1 X110.119 Y114.714 E1028.06079
G1 X109.863 Y116.553 E1028.14725
G1 X109.534 Y118.768 E1028.25152
G1 X109.516 Y118.85 E1028.25543
G1 X109.122 Y120.693 E1028.29955
G0 F15000 X108.722 Y121.492
;TYPE:WALL-OUTER
G1 F2839.1 X108.722 Y100.107 E1029.29533
G1 X106.322 Y100.107 E1029.40708
G1 X106.322 Y110.107 E1029.87272
G1 X104.722 Y110.107 E1029.94723
G1 X104.722 Y98.507 E1030.48737
G1 X110.322 Y98.507 E1030.74813
G1 X110.322 Y109.99 E1031.28283
G1 X114.917 Y108.135 E1031.51357
G1 X114.222 Y109.111 E1031.56936
G1 X112.64 Y111.036 E1031.68538
G1 X111.483 Y112.49 E1031.7719
G1 X110.888 Y113.552 E1031.82859
G1 X110.511 Y114.8 E1031.88929
G1 X110.259 Y116.612 E1031.97448
G1 X109.929 Y118.832 E1032.07899
G1 X109.36 Y121.493 E1032.2057
G1 X108.722 Y121.492 E1032.2354
G0 F15000 X109.024 Y121.187
;TYPE:SKIN
G1 F2839.1 X109.107 Y120.986 E1032.24719
G1 X109.289 Y120.886 E1032.25844
G0 F15000 X109.191 Y120.852
G0 X109.332 Y118.666
G0 X109.314 Y118.648
G1 F2839.1 X109.349 Y118.4 E1032.26605
G1 X109.477 Y116.548 E1032.32241
G1 X109.583 Y116.371 E1032.32868
G0 F15000 X109.47 Y116.258
G0 X109.805 Y113.764
G0 X109.751 Y113.71
G1 F2839.1 X109.783 Y113.46 E1032.33665
G1 X109.936 Y113.047 E1032.35057
G0 F15000 X110.011 Y113.122
G0 X110.225 Y111.922
G0 X110.16 Y111.857
G1 F2839.1 X110.23 Y111.644 E1032.35845
G1 X110.392 Y111.523 E1032.36555
G0 F15000 X109.521 Y110.652
G1 F2839.1 X109.521 Y110.369 E1032.38039
G1 X109.521 Y99.904 E1032.92944
G1 X108.923 Y99.306 E1032.97381
G1 X109.364 Y99.464 E1032.99839
G0 F15000 X109.747 Y99.564
G1 F2839.1 X109.264 Y99.081 E1033.01429
G0 F15000 X109.547 Y99.081
G1 F2839.1 X109.747 Y99.282 E1033.02089
G0 F15000 X108.64 Y99.306
G1 F2839.1 X108.357 Y99.306 E1033.03631
G1 X105.529 Y99.306 E1033.19041
G1 X105.521 Y105.238 E1033.51364
G1 X105.521 Y109.198 E1033.72942
G1 X105.433 Y109.393 E1033.74108
G0 F15000 X105.571 Y109.531
G0 X106.094 Y99.879
G0 X108.95 Y99.879
G0 X109.296 Y110.71
G0 X109.432 Y110.846
G1 F2839.1 X109.331 Y111.028 E1033.75236
G0 F15000 X109.296 Y110.993
G0 X111.237 Y110.672
G0 X111.361 Y110.796
G1 F2839.1 X111.525 Y110.676 E1033.76184
G1 X111.688 Y110.557 E1033.77126
G0 F15000 X111.737 Y110.605
G0 X112.542 Y109.713
G0 X112.662 Y109.834
G1 F2839.1 X112.826 Y109.715 E1033.7804
G1 X112.991 Y109.597 E1033.78955
G0 F15000 X113.038 Y109.644
G0 X113.892 Y108.871
G0 X113.967 Y108.875
G1 F2839.1 X114.126 Y108.752 E1033.80269
G0 F15000 X114.25 Y108.593
G1 F2839.1 X114.322 Y108.666 E1033.80507
G1 F1500 E1027.30507
;MESH:NONMESH
G0 F300 X114.322 Y108.666 Z14.56
G0 F15000 X114.217 Y108.686
G0 X108.942 Y112.823
G0 X107.857 Y112.823
G0 X99.703 Y112.974
G0 X98.8 Y112.367
G0 X97.422 Y112.823
;TIME_ELAPSED:1073.298423
;LAYER:51
;TYPE:WALL-INNER
;MESH:terminale zanzariera verticale antivento con bottoncini.stl(1)
G1 F1500 E1033.80507
G1 F2805.5 X97.422 Y112.059 E1033.84065
G1 X97.422 Y112.058 E1033.8407
G1 X97.422 Y111.446 E1033.86919
G1 X97.984 Y111.219 E1033.89742
G1 X98.686 Y110.936 E1033.93266
G1 X98.215 Y111.528 E1033.95084
G1 X97.984 Y111.818 E1033.96811
G1 X97.795 Y112.156 E1033.98614
G1 X97.422 Y112.823 E1034.00452
G0 F15000 X97.022 Y116.102
G1 F2805.5 X97.022 Y114.628 E1034.07315
G1 X97.022 Y113.974 E1034.1036
G1 X97.022 Y111.176 E1034.23389
G1 X99.281 Y110.264 E1034.34733
G1 X99.391 Y110.22 E1034.35284
G1 X99.965 Y109.988 E1034.38167
G1 X99.518 Y110.532 E1034.39718
G1 X99.444 Y110.625 E1034.40229
G1 X98.317 Y112.042 E1034.48659
G1 X97.648 Y113.238 E1034.5504
G1 X97.416 Y114.002 E1034.58758
G1 X97.227 Y114.628 E1034.6107
G1 X97.022 Y116.102 E1034.62887
G0 F15000 X96.622 Y120.693
G1 F2805.5 X96.622 Y118.809 E1034.7166
G1 X96.622 Y118.808 E1034.71664
G1 X96.622 Y99.707 E1035.60606
G1 X93.422 Y99.707 E1035.75507
G1 X93.422 Y109.707 E1036.22071
G1 X92.622 Y109.707 E1036.25796
G1 X92.622 Y98.907 E1036.76086
G1 X97.422 Y98.907 E1036.98436
G1 X97.422 Y110.288 E1037.51431
G1 X97.422 Y110.289 E1037.51436
G1 X97.422 Y110.583 E1037.52805
G1 X97.695 Y110.473 E1037.53608
G1 X100.547 Y109.321 E1037.6793
G1 X100.548 Y109.32 E1037.67937
G1 X101.272 Y109.029 E1037.7157
G1 X100.777 Y109.632 E1037.73444
G1 X100.776 Y109.633 E1037.7345
G1 X99.829 Y110.784 E1037.80391
G1 X98.65 Y112.266 E1037.89209
G1 X98.018 Y113.395 E1037.95234
G1 X97.619 Y114.714 E1038.0165
G1 X97.363 Y116.553 E1038.10296
G1 X97.034 Y118.768 E1038.20723
G1 X97.016 Y118.85 E1038.21114
G1 X96.622 Y120.693 E1038.25526
G0 F15000 X96.222 Y121.492
;TYPE:WALL-OUTER
G1 F2805.5 X96.222 Y100.107 E1039.25104
G1 X93.822 Y100.107 E1039.36279
G1 X93.822 Y110.107 E1039.82843
G1 X92.222 Y110.107 E1039.90294
G1 X92.222 Y98.507 E1040.44308
G1 X97.822 Y98.507 E1040.70384
G1 X97.822 Y109.99 E1041.23854
G1 X102.417 Y108.135 E1041.46928
G1 X101.722 Y109.111 E1041.52507
G1 X100.14 Y111.036 E1041.64109
G1 X98.983 Y112.49 E1041.72761
G1 X98.388 Y113.552 E1041.7843
G1 X98.011 Y114.8 E1041.845
G1 X97.759 Y116.612 E1041.93019
G1 X97.429 Y118.832 E1042.0347
G1 X96.86 Y121.493 E1042.16141
G1 X96.222 Y121.492 E1042.19112
G0 F15000 X96.627 Y121.16
;TYPE:SKIN
G1 F2805.5 X96.523 Y120.982 E1042.20973
G0 F15000 X96.522 Y121.109
G0 X96.796 Y118.446
G0 X96.859 Y118.383
G1 F2805.5 X96.883 Y118.075 E1042.22022
G1 X97.006 Y116.538 E1042.2726
G1 X96.899 Y116.363 E1042.27956
G0 F15000 X97.003 Y116.26
G0 X97.197 Y113.803
G0 X97.265 Y113.734
G1 F2805.5 X97.327 Y113.39 E1042.29151
G1 X97.319 Y113.114 E1042.30094
G0 F15000 X97.442 Y112.992
G0 X97.581 Y111.922
G0 X97.698 Y111.887
G1 F2805.5 X97.717 Y111.585 E1042.31564
G0 F15000 X97.838 Y111.465
G0 X97.246 Y110.642
G0 X97.021 Y110.867
G1 F2805.5 X97.021 Y110.584 E1042.3307
G1 X97.021 Y99.553 E1042.91792
G1 X96.986 Y99.306 E1042.9312
G1 X93.592 Y99.306 E1043.11188
G1 X93.165 Y99.449 E1043.13585
G0 F15000 X92.797 Y99.535
G1 F2805.5 X93.251 Y99.081 E1043.1508
G0 F15000 X92.882 Y99.167
G1 F2805.5 X93.021 Y99.876 E1043.18704
G1 X93.021 Y109.21 E1043.65526
G1 X93.114 Y109.399 E1043.66582
G0 F15000 X92.983 Y109.531
G0 X93.594 Y99.879
G0 X96.45 Y99.879
G0 X96.461 Y110.291
G0 X98.785 Y110.8
G0 X98.91 Y110.674
G1 F2805.5 X99.017 Y110.85 E1043.68147
G0 F15000 X98.906 Y110.962
G0 X100.164 Y109.987
G0 X100.389 Y109.762
G1 F2805.5 X100.138 Y109.729 E1043.70251
G0 F15000 X100.044 Y109.824
G0 X101.348 Y108.889
G0 X101.378 Y108.773
G1 F2805.5 X101.646 Y108.788 E1043.71937
G1 F1500 E1037.21937
;MESH:terminale zanzariera verticale antivento con bottoncini.stl
G0 F15000 X101.735 Y108.733
G0 X102.714 Y109.209
G0 X103.857 Y108.588
G0 X104.942 Y108.588
G0 X106.094 Y99.879
G0 X108.95 Y99.879
G0 X109.922 Y112.823
;TYPE:WALL-INNER
G1 F1500 E1043.71937
G1 F2805.5 X109.922 Y112.059 E1043.75494
G1 X109.922 Y112.058 E1043.75499
G1 X109.922 Y111.446 E1043.78349
G1 X110.484 Y111.219 E1043.81171
G1 X111.186 Y110.936 E1043.84695
G1 X110.715 Y111.528 E1043.86514
G1 X110.484 Y111.818 E1043.8824
G1 X110.295 Y112.156 E1043.90044
G1 X109.922 Y112.823 E1043.91881
G0 F15000 X109.522 Y116.102
G1 F2805.5 X109.522 Y114.628 E1043.98745
G1 X109.522 Y113.974 E1044.0179
G1 X109.522 Y111.176 E1044.14818
G1 X111.781 Y110.264 E1044.26162
G1 X111.891 Y110.22 E1044.26714
G1 X112.465 Y109.988 E1044.29597
G1 X112.018 Y110.532 E1044.31147
G1 X111.944 Y110.625 E1044.31658
G1 X110.817 Y112.042 E1044.40089
G1 X110.148 Y113.238 E1044.4647
G1 X109.916 Y114.002 E1044.50188
G1 X109.727 Y114.628 E1044.525
G1 X109.522 Y116.102 E1044.54316
G0 F15000 X109.122 Y120.693
G1 F2805.5 X109.122 Y118.809 E1044.63089
G1 X109.122 Y118.808 E1044.63094
G1 X109.122 Y99.707 E1045.52036
G1 X105.922 Y99.707 E1045.66936
G1 X105.922 Y109.707 E1046.13501
G1 X105.122 Y109.707 E1046.17226
G1 X105.122 Y98.907 E1046.67515
G1 X109.922 Y98.907 E1046.89866
G1 X109.922 Y110.288 E1047.42861
G1 X109.922 Y110.289 E1047.42865
G1 X109.922 Y110.583 E1047.44234
G1 X110.195 Y110.473 E1047.45037
G1 X113.047 Y109.321 E1047.5936
G1 X113.048 Y109.32 E1047.59366
G1 X113.772 Y109.029 E1047.63
G1 X113.277 Y109.632 E1047.64873
G1 X113.276 Y109.633 E1047.6488
G1 X112.329 Y110.784 E1047.7182
G1 X111.15 Y112.266 E1047.80638
G1 X110.518 Y113.395 E1047.86663
G1 X110.119 Y114.714 E1047.9308
G1 X109.863 Y116.553 E1048.01725
G1 X109.534 Y118.768 E1048.12153
G1 X109.516 Y118.85 E1048.12543
G1 X109.122 Y120.693 E1048.16956
G0 F15000 X108.722 Y121.492
;TYPE:WALL-OUTER
G1 F2805.5 X108.722 Y100.107 E1049.16533
G1 X106.322 Y100.107 E1049.27709
G1 X106.322 Y110.107 E1049.74273
G1 X104.722 Y110.107 E1049.81723
G1 X104.722 Y98.507 E1050.35738
G1 X110.322 Y98.507 E1050.61814
G1 X110.322 Y109.99 E1051.15283
G1 X114.917 Y108.135 E1051.38357
G1 X114.222 Y109.111 E1051.43936
G1 X112.64 Y111.036 E1051.55539
G1 X111.483 Y112.49 E1051.64191
G1 X110.888 Y113.552 E1051.69859
G1 X110.511 Y114.8 E1051.7593
G1 X110.259 Y116.612 E1051.84448
G1 X109.929 Y118.832 E1051.94899
G1 X109.36 Y121.493 E1052.0757
G1 X108.722 Y121.492 E1052.10541
G0 F15000 X109.108 Y121.125
;TYPE:SKIN
G1 F2805.5 X108.998 Y120.951 E1052.12474
G0 F15000 X109.022 Y121.053
G0 X109.305 Y118.665
G0 X109.344 Y118.626
G1 F2805.5 X109.364 Y118.323 E1052.13408
G1 X109.506 Y116.484 E1052.1908
G1 X109.374 Y116.333 E1052.19697
G0 F15000 X109.452 Y116.256
G0 X109.697 Y113.748
G0 X109.777 Y113.667
G1 F2805.5 X109.839 Y113.322 E1052.20985
G1 X109.797 Y113.082 E1052.2188
G0 F15000 X109.697 Y113.183
G0 X110.081 Y111.922
G0 X110.267 Y111.763
G1 F2805.5 X110.171 Y111.577 E1052.22423
G1 X109.71 Y110.905 E1052.24539
G0 F15000 X109.521 Y110.812
G1 F2805.5 X109.521 Y110.529 E1052.2605
G1 X109.521 Y99.498 E1052.84947
G0 F15000 X109.43 Y99.306
G1 F2805.5 X109.147 Y99.306 E1052.86381
G1 X106.036 Y99.306 E1053.02149
G1 X105.637 Y99.422 E1053.04255
G1 X105.354 Y99.139 E1053.06283
G1 X105.521 Y100.104 E1053.11247
G1 X105.521 Y109.155 E1053.57119
G1 X105.728 Y109.513 E1053.59215
G0 F15000 X105.746 Y109.496
G0 X106.094 Y99.879
G0 X108.95 Y99.879
G0 X108.961 Y110.238
G0 X111.261 Y110.77
G0 X111.352 Y110.678
G1 F2805.5 X111.599 Y110.715 E1053.61249
G0 F15000 X112.865 Y109.731
G1 F2805.5 X112.58 Y109.733 E1053.63128
G0 F15000 X112.52 Y109.793
G0 X113.838 Y108.893
G0 X113.8 Y108.796
G1 F2805.5 X113.84 Y108.756 E1053.6326
G0 F15000 X113.919 Y108.96
G1 F2805.5 X114.313 Y108.567 E1053.64556
G1 F1500 E1047.14556
;MESH:NONMESH
G0 F300 X114.313 Y108.567 Z14.84
G0 F15000 X114.238 Y108.658
G0 X108.942 Y112.823
G0 X107.857 Y112.823
G0 X99.703 Y112.974
G0 X98.8 Y112.367
G0 X97.422 Y112.823
;TIME_ELAPSED:1093.155764
;LAYER:52
;TYPE:WALL-INNER
;MESH:terminale zanzariera verticale antivento con bottoncini.stl(1)
G1 F1500 E1053.64556
G1 F2839.1 X97.422 Y112.059 E1053.68113
G1 X97.422 Y112.058 E1053.68118
G1 X97.422 Y111.446 E1053.70967
G1 X97.984 Y111.219 E1053.7379
G1 X98.686 Y110.936 E1053.77314
G1 X98.215 Y111.528 E1053.79133
G1 X97.984 Y111.818 E1053.80859
G1 X97.795 Y112.156 E1053.82662
G1 X97.422 Y112.823 E1053.845
G0 F15000 X97.022 Y116.102
G1 F2839.1 X97.022 Y114.628 E1053.91363
G1 X97.022 Y113.974 E1053.94408
G1 X97.022 Y111.176 E1054.07437
G1 X99.281 Y110.264 E1054.18781
G1 X99.391 Y110.22 E1054.19333
G1 X99.965 Y109.988 E1054.22215
G1 X99.518 Y110.532 E1054.23766
G1 X99.444 Y110.625 E1054.24277
G1 X98.317 Y112.042 E1054.32707
G1 X97.648 Y113.238 E1054.39088
G1 X97.416 Y114.002 E1054.42806
G1 X97.227 Y114.628 E1054.45118
G1 X97.022 Y116.102 E1054.46935
G0 F15000 X96.622 Y120.693
G1 F2839.1 X96.622 Y118.809 E1054.55708
G1 X96.622 Y118.808 E1054.55712
G1 X96.622 Y99.707 E1055.44654
G1 X93.422 Y99.707 E1055.59555
G1 X93.422 Y109.707 E1056.06119
G1 X92.622 Y109.707 E1056.09844
G1 X92.622 Y98.907 E1056.60134
G1 X97.422 Y98.907 E1056.82484
G1 X97.422 Y110.288 E1057.35479
G1 X97.422 Y110.289 E1057.35484
G1 X97.422 Y110.583 E1057.36853
G1 X97.695 Y110.473 E1057.37656
G1 X100.547 Y109.321 E1057.51978
G1 X100.548 Y109.32 E1057.51985
G1 X101.272 Y109.029 E1057.55618
G1 X100.777 Y109.632 E1057.57492
G1 X100.776 Y109.633 E1057.57498
G1 X99.829 Y110.784 E1057.64439
G1 X98.65 Y112.266 E1057.73257
G1 X98.018 Y113.395 E1057.79282
G1 X97.619 Y114.714 E1057.85698
G1 X97.363 Y116.553 E1057.94344
G1 X97.034 Y118.768 E1058.04771
G1 X97.016 Y118.85 E1058.05162
G1 X96.622 Y120.693 E1058.09574
G0 F15000 X96.222 Y121.492
;TYPE:WALL-OUTER
G1 F2839.1 X96.222 Y100.107 E1059.09152
G1 X93.822 Y100.107 E1059.20327
G1 X93.822 Y110.107 E1059.66892
G1 X92.222 Y110.107 E1059.74342
G1 X92.222 Y98.507 E1060.28356
G1 X97.822 Y98.507 E1060.54432
G1 X97.822 Y109.99 E1061.07902
G1 X102.417 Y108.135 E1061.30976
G1 X101.722 Y109.111 E1061.36555
G1 X100.14 Y111.036 E1061.48157
G1 X98.983 Y112.49 E1061.5681
G1 X98.388 Y113.552 E1061.62478
G1 X98.011 Y114.8 E1061.68548
G1 X97.759 Y116.612 E1061.77067
G1 X97.429 Y118.832 E1061.87518
G1 X96.86 Y121.493 E1062.00189
G1 X96.222 Y121.492 E1062.0316
G0 F15000 X96.411 Y121.301
;TYPE:SKIN
G1 F2839.1 X96.553 Y121.16 E1062.041
G1 X96.642 Y120.967 E1062.051
G0 F15000 X96.522 Y120.843
G0 X96.873 Y118.652
G0 X96.834 Y118.613
G1 F2839.1 X96.853 Y118.349 E1062.05918
G1 X96.981 Y116.497 E1062.11654
G1 X97.116 Y116.349 E1062.12273
G0 F15000 X97.029 Y116.262
G0 X97.317 Y113.722
G0 X97.256 Y113.661
G1 F2839.1 X97.29 Y113.412 E1062.13064
G1 X97.483 Y113.039 E1062.14386
G0 F15000 X97.531 Y113.088
G0 X97.744 Y111.886
G0 X97.67 Y111.812
G1 F2839.1 X97.761 Y111.62 E1062.15136
G1 X97.923 Y111.5 E1062.15847
G0 F15000 X97.021 Y110.598
G1 F2839.1 X97.021 Y110.315 E1062.17323
G1 X97.021 Y99.85 E1062.71896
G1 X96.477 Y99.305 E1062.75912
G1 X93.083 Y99.305 E1062.93611
G1 X93.021 Y100.092 E1062.97728
G1 X93.021 Y109.143 E1063.44927
G1 X92.819 Y109.507 E1063.47098
G0 F15000 X92.843 Y109.531
G0 X93.594 Y99.879
G0 X96.45 Y99.879
G0 X96.797 Y110.656
G0 X96.952 Y110.811
G1 F2839.1 X96.851 Y110.993 E1063.4848
G0 F15000 X96.797 Y110.939
G0 X98.776 Y110.655
G0 X98.893 Y110.772
G1 F2839.1 X99.056 Y110.653 E1063.49342
G1 X99.219 Y110.533 E1063.50208
G0 F15000 X99.26 Y110.574
G0 X100.081 Y109.697
G0 X100.194 Y109.81
G1 F2839.1 X100.359 Y109.692 E1063.51045
G1 X100.523 Y109.574 E1063.51879
G0 F15000 X100.563 Y109.614
G0 X101.431 Y108.855
G0 X101.498 Y108.852
G1 F2839.1 X101.657 Y108.728 E1063.52655
G1 X101.817 Y108.605 E1063.53432
G0 F15000 X101.783 Y108.659
G0 X97.6 Y110.319
G0 X97.246 Y99.792
G1 F2839.1 X96.535 Y99.081 E1063.55773
G0 F15000 X96.818 Y99.081
G1 F2839.1 X97.246 Y99.509 E1063.57182
G0 F15000 X97.246 Y99.226
G1 F2839.1 X97.101 Y99.081 E1063.57659
G0 F15000 X97.101 Y99.107
G1 F1500 E1057.07659
;MESH:terminale zanzariera verticale antivento con bottoncini.stl
G0 F15000 X97.611 Y110.302
G0 X98.669 Y108.734
G0 X102.692 Y107.1
G0 X103.487 Y108.11
G0 X103.861 Y110.464
G0 X104.365 Y110.968
G0 X106.679 Y110.968
G0 X107.857 Y110.302
G0 X108.942 Y110.302
G0 X109.922 Y112.823
;TYPE:WALL-INNER
G1 F1500 E1063.57659
G1 F2839.1 X109.922 Y112.059 E1063.61217
G1 X109.922 Y112.058 E1063.61222
G1 X109.922 Y111.446 E1063.64071
G1 X110.484 Y111.219 E1063.66894
G1 X111.186 Y110.936 E1063.70418
G1 X110.715 Y111.528 E1063.72236
G1 X110.484 Y111.818 E1063.73963
G1 X110.295 Y112.156 E1063.75766
G1 X109.922 Y112.823 E1063.77604
G0 F15000 X109.522 Y116.102
G1 F2839.1 X109.522 Y114.628 E1063.84467
G1 X109.522 Y113.974 E1063.87512
G1 X109.522 Y111.176 E1064.00541
G1 X111.781 Y110.264 E1064.11885
G1 X111.891 Y110.22 E1064.12436
G1 X112.465 Y109.988 E1064.15319
G1 X112.018 Y110.532 E1064.1687
G1 X111.944 Y110.625 E1064.17381
G1 X110.817 Y112.042 E1064.25811
G1 X110.148 Y113.238 E1064.32192
G1 X109.916 Y114.002 E1064.3591
G1 X109.727 Y114.628 E1064.38222
G1 X109.522 Y116.102 E1064.40039
G0 F15000 X109.122 Y120.693
G1 F2839.1 X109.122 Y118.809 E1064.48811
G1 X109.122 Y118.808 E1064.48816
G1 X109.122 Y99.707 E1065.37758
G1 X105.922 Y99.707 E1065.52659
G1 X105.922 Y109.707 E1065.99223
G1 X105.122 Y109.707 E1066.02948
G1 X105.122 Y98.907 E1066.53238
G1 X109.922 Y98.907 E1066.75588
G1 X109.922 Y110.288 E1067.28583
G1 X109.922 Y110.289 E1067.28588
G1 X109.922 Y110.583 E1067.29957
G1 X110.195 Y110.473 E1067.3076
G1 X113.047 Y109.321 E1067.45082
G1 X113.048 Y109.32 E1067.45089
G1 X113.772 Y109.029 E1067.48722
G1 X113.277 Y109.632 E1067.50596
G1 X113.276 Y109.633 E1067.50602
G1 X112.329 Y110.784 E1067.57543
G1 X111.15 Y112.266 E1067.66361
G1 X110.518 Y113.395 E1067.72386
G1 X110.119 Y114.714 E1067.78802
G1 X109.863 Y116.553 E1067.87448
G1 X109.534 Y118.768 E1067.97875
G1 X109.516 Y118.85 E1067.98266
G1 X109.122 Y120.693 E1068.02678
G0 F15000 X108.722 Y121.492
;TYPE:WALL-OUTER
G1 F2839.1 X108.722 Y100.107 E1069.02256
G1 X106.322 Y100.107 E1069.13431
G1 X106.322 Y110.107 E1069.59995
G1 X104.722 Y110.107 E1069.67446
G1 X104.722 Y98.507 E1070.2146
G1 X110.322 Y98.507 E1070.47536
G1 X110.322 Y109.99 E1071.01006
G1 X114.917 Y108.135 E1071.2408
G1 X114.222 Y109.111 E1071.29659
G1 X112.64 Y111.036 E1071.41261
G1 X111.483 Y112.49 E1071.49913
G1 X110.888 Y113.552 E1071.55582
G1 X110.511 Y114.8 E1071.61652
G1 X110.259 Y116.612 E1071.70171
G1 X109.929 Y118.832 E1071.80622
G1 X109.36 Y121.493 E1071.93293
G1 X108.722 Y121.492 E1071.96264
G0 F15000 X109.024 Y121.187
;TYPE:SKIN
G1 F2839.1 X109.107 Y120.986 E1071.97442
G1 X109.289 Y120.886 E1071.98568
G0 F15000 X109.191 Y120.852
G0 X109.332 Y118.666
G0 X109.314 Y118.648
G1 F2839.1 X109.349 Y118.4 E1071.99328
G1 X109.477 Y116.548 E1072.04965
G1 X109.583 Y116.371 E1072.05591
G0 F15000 X109.47 Y116.258
G0 X109.805 Y113.764
G0 X109.751 Y113.71
G1 F2839.1 X109.783 Y113.46 E1072.06388
G1 X109.936 Y113.047 E1072.0778
G0 F15000 X110.011 Y113.122
G0 X110.225 Y111.922
G0 X110.16 Y111.857
G1 F2839.1 X110.23 Y111.644 E1072.08568
G1 X110.392 Y111.523 E1072.09278
G0 F15000 X109.521 Y110.652
G1 F2839.1 X109.521 Y110.369 E1072.10763
G1 X109.521 Y99.904 E1072.65667
G1 X108.923 Y99.306 E1072.70104
G1 X109.364 Y99.464 E1072.72562
G0 F15000 X109.747 Y99.564
G1 F2839.1 X109.264 Y99.081 E1072.74152
G0 F15000 X109.547 Y99.081
G1 F2839.1 X109.747 Y99.282 E1072.74812
G0 F15000 X108.64 Y99.306
G1 F2839.1 X108.357 Y99.306 E1072.76354
G1 X105.529 Y99.306 E1072.91764
G1 X105.521 Y105.238 E1073.24088
G1 X105.521 Y109.198 E1073.45666
G1 X105.433 Y109.393 E1073.46831
G0 F15000 X105.571 Y109.531
G0 X106.094 Y99.879
G0 X108.95 Y99.879
G0 X109.296 Y110.71
G0 X109.432 Y110.846
G1 F2839.1 X109.331 Y111.028 E1073.47959
G0 F15000 X109.296 Y110.993
G0 X111.237 Y110.672
G0 X111.361 Y110.796
G1 F2839.1 X111.525 Y110.676 E1073.48907
G1 X111.688 Y110.557 E1073.49849
G0 F15000 X111.737 Y110.605
G0 X112.542 Y109.713
G0 X112.662 Y109.834
G1 F2839.1 X112.826 Y109.715 E1073.50763
G1 X112.991 Y109.597 E1073.51679
G0 F15000 X113.038 Y109.644
G0 X113.892 Y108.871
G0 X113.967 Y108.875
G1 F2839.1 X114.126 Y108.752 E1073.52992
G0 F15000 X114.25 Y108.593
G1 F2839.1 X114.322 Y108.666 E1073.53231
G1 F1500 E1067.03231
;MESH:NONMESH
G0 F300 X114.322 Y108.666 Z15.12
G0 F15000 X114.217 Y108.686
G0 X108.942 Y112.823
G0 X107.857 Y112.823
G0 X99.703 Y112.974
G0 X98.8 Y112.367
G0 X97.422 Y112.823
;TIME_ELAPSED:1113.915876
;LAYER:53
;TYPE:WALL-INNER
;MESH:terminale zanzariera verticale antivento con bottoncini.stl(1)
G1 F1500 E1073.53231
G1 F2805.5 X97.422 Y112.059 E1073.56788
G1 X97.422 Y112.058 E1073.56793
G1 X97.422 Y111.446 E1073.59643
G1 X97.984 Y111.219 E1073.62465
G1 X98.686 Y110.936 E1073.65989
G1 X98.215 Y111.528 E1073.67808
G1 X97.984 Y111.818 E1073.69534
G1 X97.795 Y112.156 E1073.71337
G1 X97.422 Y112.823 E1073.73175
G0 F15000 X97.022 Y116.102
G1 F2805.5 X97.022 Y114.628 E1073.80038
G1 X97.022 Y113.974 E1073.83084
G1 X97.022 Y111.176 E1073.96112
G1 X99.281 Y110.264 E1074.07456
G1 X99.391 Y110.22 E1074.08008
G1 X99.965 Y109.988 E1074.10891
G1 X99.518 Y110.532 E1074.12441
G1 X99.444 Y110.625 E1074.12952
G1 X98.317 Y112.042 E1074.21382
G1 X97.648 Y113.238 E1074.27764
G1 X97.416 Y114.002 E1074.31481
G1 X97.227 Y114.628 E1074.33793
G1 X97.022 Y116.102 E1074.3561
G0 F15000 X96.622 Y120.693
G1 F2805.5 X96.622 Y118.809 E1074.44383
G1 X96.622 Y118.808 E1074.44387
G1 X96.622 Y99.707 E1075.3333
G1 X93.422 Y99.707 E1075.4823
G1 X93.422 Y109.707 E1075.94794
G1 X92.622 Y109.707 E1075.98519
G1 X92.622 Y98.907 E1076.48809
G1 X97.422 Y98.907 E1076.7116
G1 X97.422 Y110.288 E1077.24154
G1 X97.422 Y110.289 E1077.24159
G1 X97.422 Y110.583 E1077.25528
G1 X97.695 Y110.473 E1077.26331
G1 X100.547 Y109.321 E1077.40653
G1 X100.548 Y109.32 E1077.4066
G1 X101.272 Y109.029 E1077.44293
G1 X100.777 Y109.632 E1077.46167
G1 X100.776 Y109.633 E1077.46173
G1 X99.829 Y110.784 E1077.53114
G1 X98.65 Y112.266 E1077.61932
G1 X98.018 Y113.395 E1077.67957
G1 X97.619 Y114.714 E1077.74373
G1 X97.363 Y116.553 E1077.83019
G1 X97.034 Y118.768 E1077.93446
G1 X97.016 Y118.85 E1077.93837
G1 X96.622 Y120.693 E1077.9825
G0 F15000 X96.222 Y121.492
;TYPE:WALL-OUTER
G1 F2805.5 X96.222 Y100.107 E1078.97827
G1 X93.822 Y100.107 E1079.09002
G1 X93.822 Y110.107 E1079.55567
G1 X92.222 Y110.107 E1079.63017
G1 X92.222 Y98.507 E1080.17031
G1 X97.822 Y98.507 E1080.43107
G1 X97.822 Y109.99 E1080.96577
G1 X102.417 Y108.135 E1081.19651
G1 X101.722 Y109.111 E1081.2523
G1 X100.14 Y111.036 E1081.36832
G1 X98.983 Y112.49 E1081.45485
G1 X98.388 Y113.552 E1081.51153
G1 X98.011 Y114.8 E1081.57224
G1 X97.759 Y116.612 E1081.65742
G1 X97.429 Y118.832 E1081.76193
G1 X96.86 Y121.493 E1081.88864
G1 X96.222 Y121.492 E1081.91835
G0 F15000 X96.627 Y121.16
;TYPE:SKIN
G1 F2805.5 X96.523 Y120.982 E1081.93696
G0 F15000 X96.522 Y121.109
G0 X96.796 Y118.446
G0 X96.859 Y118.383
G1 F2805.5 X96.883 Y118.075 E1081.94746
G1 X97.006 Y116.538 E1081.99983
G1 X96.899 Y116.363 E1082.0068
G0 F15000 X97.003 Y116.26
G0 X97.197 Y113.803
G0 X97.265 Y113.734
G1 F2805.5 X97.327 Y113.39 E1082.01874
G1 X97.319 Y113.114 E1082.02817
G0 F15000 X97.442 Y112.992
G0 X97.581 Y111.922
G0 X97.698 Y111.887
G1 F2805.5 X97.717 Y111.585 E1082.04287
G0 F15000 X97.838 Y111.465
G0 X97.246 Y110.642
G0 X97.021 Y110.867
G1 F2805.5 X97.021 Y110.584 E1082.05793
G1 X97.021 Y99.553 E1082.64516
G1 X96.986 Y99.306 E1082.65844
G1 X93.592 Y99.306 E1082.83911
G1 X93.165 Y99.449 E1082.86308
G0 F15000 X92.797 Y99.535
G1 F2805.5 X93.251 Y99.081 E1082.87803
G0 F15000 X92.882 Y99.167
G1 F2805.5 X93.021 Y99.876 E1082.91427
G1 X93.021 Y109.21 E1083.38249
G1 X93.114 Y109.399 E1083.39305
G0 F15000 X92.983 Y109.531
G0 X93.594 Y99.879
G0 X96.45 Y99.879
G0 X96.461 Y110.291
G0 X98.785 Y110.8
G0 X98.91 Y110.674
G1 F2805.5 X99.017 Y110.85 E1083.4087
G0 F15000 X98.906 Y110.962
G0 X100.164 Y109.987
G0 X100.389 Y109.762
G1 F2805.5 X100.138 Y109.729 E1083.42974
G0 F15000 X100.044 Y109.824
G0 X101.348 Y108.889
G0 X101.378 Y108.773
G1 F2805.5 X101.646 Y108.788 E1083.4466
G1 F1500 E1076.9466
;MESH:terminale zanzariera verticale antivento con bottoncini.stl
G0 F15000 X101.735 Y108.733
G0 X102.714 Y109.209
G0 X103.857 Y108.588
G0 X104.942 Y108.588
G0 X106.094 Y99.879
G0 X108.95 Y99.879
G0 X109.922 Y112.823
;TYPE:WALL-INNER
G1 F1500 E1083.4466
G1 F2805.5 X109.922 Y112.059 E1083.48218
G1 X109.922 Y112.058 E1083.48222
G1 X109.922 Y111.446 E1083.51072
G1 X110.484 Y111.219 E1083.53894
G1 X111.186 Y110.936 E1083.57419
G1 X110.715 Y111.528 E1083.59237
G1 X110.484 Y111.818 E1083.60963
G1 X110.295 Y112.156 E1083.62767
G1 X109.922 Y112.823 E1083.64604
G0 F15000 X109.522 Y116.102
G1 F2805.5 X109.522 Y114.628 E1083.71468
G1 X109.522 Y113.974 E1083.74513
G1 X109.522 Y111.176 E1083.87542
G1 X111.781 Y110.264 E1083.98885
G1 X111.891 Y110.22 E1083.99437
G1 X112.465 Y109.988 E1084.0232
G1 X112.018 Y110.532 E1084.0387
G1 X111.944 Y110.625 E1084.04381
G1 X110.817 Y112.042 E1084.12812
G1 X110.148 Y113.238 E1084.19193
G1 X109.916 Y114.002 E1084.22911
G1 X109.727 Y114.628 E1084.25223
G1 X109.522 Y116.102 E1084.27039
G0 F15000 X109.122 Y120.693
G1 F2805.5 X109.122 Y118.809 E1084.35812
G1 X109.122 Y118.808 E1084.35817
G1 X109.122 Y99.707 E1085.24759
G1 X105.922 Y99.707 E1085.3966
G1 X105.922 Y109.707 E1085.86224
G1 X105.122 Y109.707 E1085.89949
G1 X105.122 Y98.907 E1086.40238
G1 X109.922 Y98.907 E1086.62589
G1 X109.922 Y110.288 E1087.15584
G1 X109.922 Y110.289 E1087.15588
G1 X109.922 Y110.583 E1087.16957
G1 X110.195 Y110.473 E1087.1776
G1 X113.047 Y109.321 E1087.32083
G1 X113.048 Y109.32 E1087.32089
G1 X113.772 Y109.029 E1087.35723
G1 X113.277 Y109.632 E1087.37596
G1 X113.276 Y109.633 E1087.37603
G1 X112.329 Y110.784 E1087.44543
G1 X111.15 Y112.266 E1087.53361
G1 X110.518 Y113.395 E1087.59386
G1 X110.119 Y114.714 E1087.65803
G1 X109.863 Y116.553 E1087.74449
G1 X109.534 Y118.768 E1087.84876
G1 X109.516 Y118.85 E1087.85267
G1 X109.122 Y120.693 E1087.89679
G0 F15000 X108.722 Y121.492
;TYPE:WALL-OUTER
G1 F2805.5 X108.722 Y100.107 E1088.89256
G1 X106.322 Y100.107 E1089.00432
G1 X106.322 Y110.107 E1089.46996
G1 X104.722 Y110.107 E1089.54446
G1 X104.722 Y98.507 E1090.08461
G1 X110.322 Y98.507 E1090.34537
G1 X110.322 Y109.99 E1090.88006
G1 X114.917 Y108.135 E1091.1108
G1 X114.222 Y109.111 E1091.16659
G1 X112.64 Y111.036 E1091.28262
G1 X111.483 Y112.49 E1091.36914
G1 X110.888 Y113.552 E1091.42582
G1 X110.511 Y114.8 E1091.48653
G1 X110.259 Y116.612 E1091.57172
G1 X109.929 Y118.832 E1091.67622
G1 X109.36 Y121.493 E1091.80293
G1 X108.722 Y121.492 E1091.83264
G0 F15000 X109.108 Y121.125
;TYPE:SKIN
G1 F2805.5 X108.998 Y120.951 E1091.85198
G0 F15000 X109.022 Y121.053
G0 X109.305 Y118.665
G0 X109.344 Y118.626
G1 F2805.5 X109.364 Y118.323 E1091.86131
G1 X109.506 Y116.484 E1091.91803
G1 X109.374 Y116.333 E1091.9242
G0 F15000 X109.452 Y116.256
G0 X109.697 Y113.748
G0 X109.777 Y113.667
G1 F2805.5 X109.839 Y113.322 E1091.93708
G1 X109.797 Y113.082 E1091.94603
G0 F15000 X109.697 Y113.183
G0 X110.081 Y111.922
G0 X110.267 Y111.763
G1 F2805.5 X110.171 Y111.577 E1091.95146
G1 X109.71 Y110.905 E1091.97263
G0 F15000 X109.521 Y110.812
G1 F2805.5 X109.521 Y110.529 E1091.98774
G1 X109.521 Y99.498 E1092.5767
G0 F15000 X109.43 Y99.306
G1 F2805.5 X109.147 Y99.306 E1092.59105
G1 X106.036 Y99.306 E1092.74872
G1 X105.637 Y99.422 E1092.76978
G1 X105.354 Y99.139 E1092.79006
G1 X105.521 Y100.104 E1092.8397
G1 X105.521 Y109.155 E1093.29843
G1 X105.728 Y109.513 E1093.31938
G0 F15000 X105.746 Y109.496
G0 X106.094 Y99.879
G0 X108.95 Y99.879
G0 X108.961 Y110.238
G0 X111.261 Y110.77
G0 X111.352 Y110.678
G1 F2805.5 X111.599 Y110.715 E1093.33972
G0 F15000 X112.865 Y109.731
G1 F2805.5 X112.58 Y109.733 E1093.35851
G0 F15000 X112.52 Y109.793
G0 X113.838 Y108.893
G0 X113.8 Y108.796
G1 F2805.5 X113.84 Y108.756 E1093.35983
G0 F15000 X113.919 Y108.96
G1 F2805.5 X114.313 Y108.567 E1093.37279
G1 F1500 E1086.87279
;MESH:NONMESH
G0 F300 X114.313 Y108.567 Z15.4
G0 F15000 X114.238 Y108.658
G0 X108.942 Y112.823
G0 X107.857 Y112.823
G0 X99.703 Y112.974
G0 X98.8 Y112.367
G0 X97.422 Y112.823
;TIME_ELAPSED:1133.773217
;LAYER:54
;TYPE:WALL-INNER
;MESH:terminale zanzariera verticale antivento con bottoncini.stl(1)
G1 F1500 E1093.37279
G1 F2839.1 X97.422 Y112.059 E1093.40836
G1 X97.422 Y112.058 E1093.40841
G1 X97.422 Y111.446 E1093.43691
G1 X97.984 Y111.219 E1093.46513
G1 X98.686 Y110.936 E1093.50037
G1 X98.215 Y111.528 E1093.51856
G1 X97.984 Y111.818 E1093.53582
G1 X97.795 Y112.156 E1093.55385
G1 X97.422 Y112.823 E1093.57223
G0 F15000 X97.022 Y116.102
G1 F2839.1 X97.022 Y114.628 E1093.64086
G1 X97.022 Y113.974 E1093.67132
G1 X97.022 Y111.176 E1093.8016
G1 X99.281 Y110.264 E1093.91504
G1 X99.391 Y110.22 E1093.92056
G1 X99.965 Y109.988 E1093.94939
G1 X99.518 Y110.532 E1093.96489
G1 X99.444 Y110.625 E1093.97
G1 X98.317 Y112.042 E1094.0543
G1 X97.648 Y113.238 E1094.11812
G1 X97.416 Y114.002 E1094.1553
G1 X97.227 Y114.628 E1094.17842
G1 X97.022 Y116.102 E1094.19658
G0 F15000 X96.622 Y120.693
G1 F2839.1 X96.622 Y118.809 E1094.28431
G1 X96.622 Y118.808 E1094.28435
G1 X96.622 Y99.707 E1095.17378
G1 X93.422 Y99.707 E1095.32278
G1 X93.422 Y109.707 E1095.78842
G1 X92.622 Y109.707 E1095.82568
G1 X92.622 Y98.907 E1096.32857
G1 X97.422 Y98.907 E1096.55208
G1 X97.422 Y110.288 E1097.08202
G1 X97.422 Y110.289 E1097.08207
G1 X97.422 Y110.583 E1097.09576
G1 X97.695 Y110.473 E1097.10379
G1 X100.547 Y109.321 E1097.24702
G1 X100.548 Y109.32 E1097.24708
G1 X101.272 Y109.029 E1097.28341
G1 X100.777 Y109.632 E1097.30215
G1 X100.776 Y109.633 E1097.30221
G1 X99.829 Y110.784 E1097.37162
G1 X98.65 Y112.266 E1097.4598
G1 X98.018 Y113.395 E1097.52005
G1 X97.619 Y114.714 E1097.58421
G1 X97.363 Y116.553 E1097.67067
G1 X97.034 Y118.768 E1097.77494
G1 X97.016 Y118.85 E1097.77885
G1 X96.622 Y120.693 E1097.82298
G0 F15000 X96.222 Y121.492
;TYPE:WALL-OUTER
G1 F2839.1 X96.222 Y100.107 E1098.81875
G1 X93.822 Y100.107 E1098.9305
G1 X93.822 Y110.107 E1099.39615
G1 X92.222 Y110.107 E1099.47065
G1 X92.222 Y98.507 E1100.01079
G1 X97.822 Y98.507 E1100.27155
G1 X97.822 Y109.99 E1100.80625
G1 X102.417 Y108.135 E1101.03699
G1 X101.722 Y109.111 E1101.09278
G1 X100.14 Y111.036 E1101.2088
G1 X98.983 Y112.49 E1101.29533
G1 X98.388 Y113.552 E1101.35201
G1 X98.011 Y114.8 E1101.41272
G1 X97.759 Y116.612 E1101.4979
G1 X97.429 Y118.832 E1101.60241
G1 X96.86 Y121.493 E1101.72912
G1 X96.222 Y121.492 E1101.75883
G0 F15000 X96.411 Y121.301
;TYPE:SKIN
G1 F2839.1 X96.553 Y121.16 E1101.76824
G1 X96.642 Y120.967 E1101.77823
G0 F15000 X96.522 Y120.843
G0 X96.873 Y118.652
G0 X96.834 Y118.613
G1 F2839.1 X96.853 Y118.349 E1101.78641
G1 X96.981 Y116.497 E1101.84377
G1 X97.116 Y116.349 E1101.84996
G0 F15000 X97.029 Y116.262
G0 X97.317 Y113.722
G0 X97.256 Y113.661
G1 F2839.1 X97.29 Y113.412 E1101.85787
G1 X97.483 Y113.039 E1101.87109
G0 F15000 X97.531 Y113.088
G0 X97.744 Y111.886
G0 X97.67 Y111.812
G1 F2839.1 X97.761 Y111.62 E1101.87859
G1 X97.923 Y111.5 E1101.8857
G0 F15000 X97.021 Y110.598
G1 F2839.1 X97.021 Y110.315 E1101.90046
G1 X97.021 Y99.85 E1102.44619
G1 X96.477 Y99.305 E1102.48635
G1 X93.083 Y99.305 E1102.66334
G1 X93.021 Y100.092 E1102.70451
G1 X93.021 Y109.143 E1103.1765
G1 X92.819 Y109.507 E1103.19821
G0 F15000 X92.843 Y109.531
G0 X93.594 Y99.879
G0 X96.45 Y99.879
G0 X96.797 Y110.656
G0 X96.952 Y110.811
G1 F2839.1 X96.851 Y110.993 E1103.21203
G0 F15000 X96.797 Y110.939
G0 X98.776 Y110.655
G0 X98.893 Y110.772
G1 F2839.1 X99.056 Y110.653 E1103.22065
G1 X99.219 Y110.533 E1103.22931
G0 F15000 X99.26 Y110.574
G0 X100.081 Y109.697
G0 X100.194 Y109.81
G1 F2839.1 X100.359 Y109.692 E1103.23768
G1 X100.523 Y109.574 E1103.24602
G0 F15000 X100.563 Y109.614
G0 X101.431 Y108.855
G0 X101.498 Y108.852
G1 F2839.1 X101.657 Y108.728 E1103.25378
G1 X101.817 Y108.605 E1103.26155
G0 F15000 X101.783 Y108.659
G0 X97.6 Y110.319
G0 X97.246 Y99.792
G1 F2839.1 X96.535 Y99.081 E1103.28496
G0 F15000 X96.818 Y99.081
G1 F2839.1 X97.246 Y99.509 E1103.29905
G0 F15000 X97.246 Y99.226
G1 F2839.1 X97.101 Y99.081 E1103.30383
G0 F15000 X97.101 Y99.107
G1 F1500 E1096.80383
;MESH:terminale zanzariera verticale antivento con bottoncini.stl
G0 F15000 X97.611 Y110.302
G0 X98.669 Y108.734
G0 X102.692 Y107.1
G0 X103.487 Y108.11
G0 X103.861 Y110.464
G0 X104.365 Y110.968
G0 X106.679 Y110.968
G0 X107.857 Y110.302
G0 X108.942 Y110.302
G0 X109.922 Y112.823
;TYPE:WALL-INNER
G1 F1500 E1103.30383
G1 F2839.1 X109.922 Y112.059 E1103.3394
G1 X109.922 Y112.058 E1103.33945
G1 X109.922 Y111.446 E1103.36795
G1 X110.484 Y111.219 E1103.39617
G1 X111.186 Y110.936 E1103.43141
G1 X110.715 Y111.528 E1103.4496
G1 X110.484 Y111.818 E1103.46686
G1 X110.295 Y112.156 E1103.48489
G1 X109.922 Y112.823 E1103.50327
G0 F15000 X109.522 Y116.102
G1 F2839.1 X109.522 Y114.628 E1103.5719
G1 X109.522 Y113.974 E1103.60236
G1 X109.522 Y111.176 E1103.73264
G1 X111.781 Y110.264 E1103.84608
G1 X111.891 Y110.22 E1103.8516
G1 X112.465 Y109.988 E1103.88043
G1 X112.018 Y110.532 E1103.89593
G1 X111.944 Y110.625 E1103.90104
G1 X110.817 Y112.042 E1103.98534
G1 X110.148 Y113.238 E1104.04916
G1 X109.916 Y114.002 E1104.08633
G1 X109.727 Y114.628 E1104.10945
G1 X109.522 Y116.102 E1104.12762
G0 F15000 X109.122 Y120.693
G1 F2839.1 X109.122 Y118.809 E1104.21535
G1 X109.122 Y118.808 E1104.21539
G1 X109.122 Y99.707 E1105.10482
G1 X105.922 Y99.707 E1105.25382
G1 X105.922 Y109.707 E1105.71946
G1 X105.122 Y109.707 E1105.75671
G1 X105.122 Y98.907 E1106.25961
G1 X109.922 Y98.907 E1106.48312
G1 X109.922 Y110.288 E1107.01306
G1 X109.922 Y110.289 E1107.01311
G1 X109.922 Y110.583 E1107.0268
G1 X110.195 Y110.473 E1107.03483
G1 X113.047 Y109.321 E1107.17805
G1 X113.048 Y109.32 E1107.17812
G1 X113.772 Y109.029 E1107.21445
G1 X113.277 Y109.632 E1107.23319
G1 X113.276 Y109.633 E1107.23325
G1 X112.329 Y110.784 E1107.30266
G1 X111.15 Y112.266 E1107.39084
G1 X110.518 Y113.395 E1107.45109
G1 X110.119 Y114.714 E1107.51525
G1 X109.863 Y116.553 E1107.60171
G1 X109.534 Y118.768 E1107.70598
G1 X109.516 Y118.85 E1107.70989
G1 X109.122 Y120.693 E1107.75401
G0 F15000 X108.722 Y121.492
;TYPE:WALL-OUTER
G1 F2839.1 X108.722 Y100.107 E1108.74979
G1 X106.322 Y100.107 E1108.86154
G1 X106.322 Y110.107 E1109.32719
G1 X104.722 Y110.107 E1109.40169
G1 X104.722 Y98.507 E1109.94183
G1 X110.322 Y98.507 E1110.20259
G1 X110.322 Y109.99 E1110.73729
G1 X114.917 Y108.135 E1110.96803
G1 X114.222 Y109.111 E1111.02382
G1 X112.64 Y111.036 E1111.13984
G1 X111.483 Y112.49 E1111.22637
G1 X110.888 Y113.552 E1111.28305
G1 X110.511 Y114.8 E1111.34376
G1 X110.259 Y116.612 E1111.42894
G1 X109.929 Y118.832 E1111.53345
G1 X109.36 Y121.493 E1111.66016
G1 X108.722 Y121.492 E1111.68987
G0 F15000 X109.024 Y121.187
;TYPE:SKIN
G1 F2839.1 X109.107 Y120.986 E1111.70165
G1 X109.289 Y120.886 E1111.71291
G0 F15000 X109.191 Y120.852
G0 X109.332 Y118.666
G0 X109.314 Y118.648
G1 F2839.1 X109.349 Y118.4 E1111.72051
G1 X109.477 Y116.548 E1111.77688
G1 X109.583 Y116.371 E1111.78314
G0 F15000 X109.47 Y116.258
G0 X109.805 Y113.764
G0 X109.751 Y113.71
G1 F2839.1 X109.783 Y113.46 E1111.79111
G1 X109.936 Y113.047 E1111.80504
G0 F15000 X110.011 Y113.122
G0 X110.225 Y111.922
G0 X110.16 Y111.857
G1 F2839.1 X110.23 Y111.644 E1111.81291
G1 X110.392 Y111.523 E1111.82001
G0 F15000 X109.521 Y110.652
G1 F2839.1 X109.521 Y110.369 E1111.83486
G1 X109.521 Y99.904 E1112.3839
G1 X108.923 Y99.306 E1112.42827
G1 X109.364 Y99.464 E1112.45285
G0 F15000 X109.747 Y99.564
G1 F2839.1 X109.264 Y99.081 E1112.46875
G0 F15000 X109.547 Y99.081
G1 F2839.1 X109.747 Y99.282 E1112.47535
G0 F15000 X108.64 Y99.306
G1 F2839.1 X108.357 Y99.306 E1112.49077
G1 X105.529 Y99.306 E1112.64487
G1 X105.521 Y105.238 E1112.96811
G1 X105.521 Y109.198 E1113.18389
G1 X105.433 Y109.393 E1113.19555
G0 F15000 X105.571 Y109.531
G0 X106.094 Y99.879
G0 X108.95 Y99.879
G0 X109.296 Y110.71
G0 X109.432 Y110.846
G1 F2839.1 X109.331 Y111.028 E1113.20682
G0 F15000 X109.296 Y110.993
G0 X111.237 Y110.672
G0 X111.361 Y110.796
G1 F2839.1 X111.525 Y110.676 E1113.2163
G1 X111.688 Y110.557 E1113.22572
G0 F15000 X111.737 Y110.605
G0 X112.542 Y109.713
G0 X112.662 Y109.834
G1 F2839.1 X112.826 Y109.715 E1113.23486
G1 X112.991 Y109.597 E1113.24402
G0 F15000 X113.038 Y109.644
G0 X113.892 Y108.871
G0 X113.967 Y108.875
G1 F2839.1 X114.126 Y108.752 E1113.25715
G0 F15000 X114.25 Y108.593
G1 F2839.1 X114.322 Y108.666 E1113.25954
G1 F1500 E1106.75954
;MESH:NONMESH
G0 F300 X114.322 Y108.666 Z15.68
G0 F15000 X114.217 Y108.686
G0 X108.942 Y112.823
G0 X107.857 Y112.823
G0 X99.703 Y112.974
G0 X98.8 Y112.367
G0 X97.422 Y112.823
;TIME_ELAPSED:1154.533329
;LAYER:55
;TYPE:WALL-INNER
;MESH:terminale zanzariera verticale antivento con bottoncini.stl(1)
G1 F1500 E1113.25954
G1 F2805.5 X97.422 Y112.059 E1113.29511
G1 X97.422 Y112.058 E1113.29516
G1 X97.422 Y111.446 E1113.32366
G1 X97.984 Y111.219 E1113.35188
G1 X98.686 Y110.936 E1113.38712
G1 X98.215 Y111.528 E1113.40531
G1 X97.984 Y111.818 E1113.42257
G1 X97.795 Y112.156 E1113.4406
G1 X97.422 Y112.823 E1113.45898
G0 F15000 X97.022 Y116.102
G1 F2805.5 X97.022 Y114.628 E1113.52761
G1 X97.022 Y113.974 E1113.55807
G1 X97.022 Y111.176 E1113.68835
G1 X99.281 Y110.264 E1113.80179
G1 X99.391 Y110.22 E1113.80731
G1 X99.965 Y109.988 E1113.83614
G1 X99.518 Y110.532 E1113.85164
G1 X99.444 Y110.625 E1113.85675
G1 X98.317 Y112.042 E1113.94106
G1 X97.648 Y113.238 E1114.00487
G1 X97.416 Y114.002 E1114.04205
G1 X97.227 Y114.628 E1114.06517
G1 X97.022 Y116.102 E1114.08333
G0 F15000 X96.622 Y120.693
G1 F2805.5 X96.622 Y118.809 E1114.17106
G1 X96.622 Y118.808 E1114.17111
G1 X96.622 Y99.707 E1115.06053
G1 X93.422 Y99.707 E1115.20953
G1 X93.422 Y109.707 E1115.67518
G1 X92.622 Y109.707 E1115.71243
G1 X92.622 Y98.907 E1116.21532
G1 X97.422 Y98.907 E1116.43883
G1 X97.422 Y110.288 E1116.96877
G1 X97.422 Y110.289 E1116.96882
G1 X97.422 Y110.583 E1116.98251
G1 X97.695 Y110.473 E1116.99054
G1 X100.547 Y109.321 E1117.13377
G1 X100.548 Y109.32 E1117.13383
G1 X101.272 Y109.029 E1117.17017
G1 X100.777 Y109.632 E1117.1889
G1 X100.776 Y109.633 E1117.18897
G1 X99.829 Y110.784 E1117.25837
G1 X98.65 Y112.266 E1117.34655
G1 X98.018 Y113.395 E1117.4068
G1 X97.619 Y114.714 E1117.47097
G1 X97.363 Y116.553 E1117.55742
G1 X97.034 Y118.768 E1117.66169
G1 X97.016 Y118.85 E1117.6656
G1 X96.622 Y120.693 E1117.70973
G0 F15000 X96.222 Y121.492
;TYPE:WALL-OUTER
G1 F2805.5 X96.222 Y100.107 E1118.7055
G1 X93.822 Y100.107 E1118.81726
G1 X93.822 Y110.107 E1119.2829
G1 X92.222 Y110.107 E1119.3574
G1 X92.222 Y98.507 E1119.89755
G1 X97.822 Y98.507 E1120.1583
G1 X97.822 Y109.99 E1120.693
G1 X102.417 Y108.135 E1120.92374
G1 X101.722 Y109.111 E1120.97953
G1 X100.14 Y111.036 E1121.09555
G1 X98.983 Y112.49 E1121.18208
G1 X98.388 Y113.552 E1121.23876
G1 X98.011 Y114.8 E1121.29947
G1 X97.759 Y116.612 E1121.38465
G1 X97.429 Y118.832 E1121.48916
G1 X96.86 Y121.493 E1121.61587
G1 X96.222 Y121.492 E1121.64558
G0 F15000 X96.627 Y121.16
;TYPE:SKIN
G1 F2805.5 X96.523 Y120.982 E1121.6642
G0 F15000 X96.522 Y121.109
G0 X96.796 Y118.446
G0 X96.859 Y118.383
G1 F2805.5 X96.883 Y118.075 E1121.67469
G1 X97.006 Y116.538 E1121.72706
G1 X96.899 Y116.363 E1121.73403
G0 F15000 X97.003 Y116.26
G0 X97.197 Y113.803
G0 X97.265 Y113.734
G1 F2805.5 X97.327 Y113.39 E1121.74597
G1 X97.319 Y113.114 E1121.7554
G0 F15000 X97.442 Y112.992
G0 X97.581 Y111.922
G0 X97.698 Y111.887
G1 F2805.5 X97.717 Y111.585 E1121.7701
G0 F15000 X97.838 Y111.465
G0 X97.246 Y110.642
G0 X97.021 Y110.867
G1 F2805.5 X97.021 Y110.584 E1121.78517
G1 X97.021 Y99.553 E1122.37239
G1 X96.986 Y99.306 E1122.38567
G1 X93.592 Y99.306 E1122.56634
G1 X93.165 Y99.449 E1122.59031
G0 F15000 X92.797 Y99.535
G1 F2805.5 X93.251 Y99.081 E1122.60526
G0 F15000 X92.882 Y99.167
G1 F2805.5 X93.021 Y99.876 E1122.6415
G1 X93.021 Y109.21 E1123.10972
G1 X93.114 Y109.399 E1123.12029
G0 F15000 X92.983 Y109.531
G0 X93.594 Y99.879
G0 X96.45 Y99.879
G0 X96.461 Y110.291
G0 X98.785 Y110.8
G0 X98.91 Y110.674
G1 F2805.5 X99.017 Y110.85 E1123.13594
G0 F15000 X98.906 Y110.962
G0 X100.164 Y109.987
G0 X100.389 Y109.762
G1 F2805.5 X100.138 Y109.729 E1123.15697
G0 F15000 X100.044 Y109.824
G0 X101.348 Y108.889
G0 X101.378 Y108.773
G1 F2805.5 X101.646 Y108.788 E1123.17383
G1 F1500 E1116.67383
;MESH:terminale zanzariera verticale antivento con bottoncini.stl
G0 F15000 X101.735 Y108.733
G0 X102.714 Y109.209
G0 X103.857 Y108.588
G0 X104.942 Y108.588
G0 X106.094 Y99.879
G0 X108.95 Y99.879
G0 X109.922 Y112.823
;TYPE:WALL-INNER
G1 F1500 E1123.17383
G1 F2805.5 X109.922 Y112.059 E1123.20941
G1 X109.922 Y112.058 E1123.20945
G1 X109.922 Y111.446 E1123.23795
G1 X110.484 Y111.219 E1123.26617
G1 X111.186 Y110.936 E1123.30142
G1 X110.715 Y111.528 E1123.3196
G1 X110.484 Y111.818 E1123.33687
G1 X110.295 Y112.156 E1123.3549
G1 X109.922 Y112.823 E1123.37327
G0 F15000 X109.522 Y116.102
G1 F2805.5 X109.522 Y114.628 E1123.44191
G1 X109.522 Y113.974 E1123.47236
G1 X109.522 Y111.176 E1123.60265
G1 X111.781 Y110.264 E1123.71609
G1 X111.891 Y110.22 E1123.7216
G1 X112.465 Y109.988 E1123.75043
G1 X112.018 Y110.532 E1123.76593
G1 X111.944 Y110.625 E1123.77104
G1 X110.817 Y112.042 E1123.85535
G1 X110.148 Y113.238 E1123.91916
G1 X109.916 Y114.002 E1123.95634
G1 X109.727 Y114.628 E1123.97946
G1 X109.522 Y116.102 E1123.99763
G0 F15000 X109.122 Y120.693
G1 F2805.5 X109.122 Y118.809 E1124.08535
G1 X109.122 Y118.808 E1124.0854
G1 X109.122 Y99.707 E1124.97482
G1 X105.922 Y99.707 E1125.12383
G1 X105.922 Y109.707 E1125.58947
G1 X105.122 Y109.707 E1125.62672
G1 X105.122 Y98.907 E1126.12961
G1 X109.922 Y98.907 E1126.35312
G1 X109.922 Y110.288 E1126.88307
G1 X109.922 Y110.289 E1126.88312
G1 X109.922 Y110.583 E1126.89681
G1 X110.195 Y110.473 E1126.90483
G1 X113.047 Y109.321 E1127.04806
G1 X113.048 Y109.32 E1127.04813
G1 X113.772 Y109.029 E1127.08446
G1 X113.277 Y109.632 E1127.10319
G1 X113.276 Y109.633 E1127.10326
G1 X112.329 Y110.784 E1127.17266
G1 X111.15 Y112.266 E1127.26085
G1 X110.518 Y113.395 E1127.32109
G1 X110.119 Y114.714 E1127.38526
G1 X109.863 Y116.553 E1127.47172
G1 X109.534 Y118.768 E1127.57599
G1 X109.516 Y118.85 E1127.5799
G1 X109.122 Y120.693 E1127.62402
G0 F15000 X108.722 Y121.492
;TYPE:WALL-OUTER
G1 F2805.5 X108.722 Y100.107 E1128.6198
G1 X106.322 Y100.107 E1128.73155
G1 X106.322 Y110.107 E1129.19719
G1 X104.722 Y110.107 E1129.27169
G1 X104.722 Y98.507 E1129.81184
G1 X110.322 Y98.507 E1130.0726
G1 X110.322 Y109.99 E1130.6073
G1 X114.917 Y108.135 E1130.83804
G1 X114.222 Y109.111 E1130.89383
G1 X112.64 Y111.036 E1131.00985
G1 X111.483 Y112.49 E1131.09637
G1 X110.888 Y113.552 E1131.15306
G1 X110.511 Y114.8 E1131.21376
G1 X110.259 Y116.612 E1131.29895
G1 X109.929 Y118.832 E1131.40346
G1 X109.36 Y121.493 E1131.53016
G1 X108.722 Y121.492 E1131.55987
G0 F15000 X109.108 Y121.125
;TYPE:SKIN
G1 F2805.5 X108.998 Y120.951 E1131.57921
G0 F15000 X109.022 Y121.053
G0 X109.305 Y118.665
G0 X109.344 Y118.626
G1 F2805.5 X109.364 Y118.323 E1131.58854
G1 X109.506 Y116.484 E1131.64526
G1 X109.374 Y116.333 E1131.65143
G0 F15000 X109.452 Y116.256
G0 X109.697 Y113.748
G0 X109.777 Y113.667
G1 F2805.5 X109.839 Y113.322 E1131.66431
G1 X109.797 Y113.082 E1131.67326
G0 F15000 X109.697 Y113.183
G0 X110.081 Y111.922
G0 X110.267 Y111.763
G1 F2805.5 X110.171 Y111.577 E1131.6787
G1 X109.71 Y110.905 E1131.69986
G0 F15000 X109.521 Y110.812
G1 F2805.5 X109.521 Y110.529 E1131.71497
G1 X109.521 Y99.498 E1132.30393
G0 F15000 X109.43 Y99.306
G1 F2805.5 X109.147 Y99.306 E1132.31828
G1 X106.036 Y99.306 E1132.47595
G1 X105.637 Y99.422 E1132.49701
G1 X105.354 Y99.139 E1132.51729
G1 X105.521 Y100.104 E1132.56693
G1 X105.521 Y109.155 E1133.02566
G1 X105.728 Y109.513 E1133.04662
G0 F15000 X105.746 Y109.496
G0 X106.094 Y99.879
G0 X108.95 Y99.879
G0 X108.961 Y110.238
G0 X111.261 Y110.77
G0 X111.352 Y110.678
G1 F2805.5 X111.599 Y110.715 E1133.06696
G0 F15000 X112.865 Y109.731
G1 F2805.5 X112.58 Y109.733 E1133.08575
G0 F15000 X112.52 Y109.793
G0 X113.838 Y108.893
G0 X113.8 Y108.796
G1 F2805.5 X113.84 Y108.756 E1133.08706
G0 F15000 X113.919 Y108.96
G1 F2805.5 X114.313 Y108.567 E1133.10002
G1 F1500 E1126.60002
;MESH:NONMESH
G0 F300 X114.313 Y108.567 Z15.96
G0 F15000 X114.238 Y108.658
G0 X108.942 Y112.823
G0 X107.857 Y112.823
G0 X99.703 Y112.974
G0 X98.8 Y112.367
G0 X97.422 Y112.823
;TIME_ELAPSED:1174.390670
;LAYER:56
;TYPE:WALL-INNER
;MESH:terminale zanzariera verticale antivento con bottoncini.stl(1)
G1 F1500 E1133.10002
G1 F2839.1 X97.422 Y112.059 E1133.13559
G1 X97.422 Y112.058 E1133.13564
G1 X97.422 Y111.446 E1133.16414
G1 X97.984 Y111.219 E1133.19236
G1 X98.686 Y110.936 E1133.22761
G1 X98.215 Y111.528 E1133.24579
G1 X97.984 Y111.818 E1133.26305
G1 X97.795 Y112.156 E1133.28109
G1 X97.422 Y112.823 E1133.29946
G0 F15000 X97.022 Y116.102
G1 F2839.1 X97.022 Y114.628 E1133.3681
G1 X97.022 Y113.974 E1133.39855
G1 X97.022 Y111.176 E1133.52884
G1 X99.281 Y110.264 E1133.64227
G1 X99.391 Y110.22 E1133.64779
G1 X99.965 Y109.988 E1133.67662
G1 X99.518 Y110.532 E1133.69212
G1 X99.444 Y110.625 E1133.69723
G1 X98.317 Y112.042 E1133.78154
G1 X97.648 Y113.238 E1133.84535
G1 X97.416 Y114.002 E1133.88253
G1 X97.227 Y114.628 E1133.90565
G1 X97.022 Y116.102 E1133.92381
G0 F15000 X96.622 Y120.693
G1 F2839.1 X96.622 Y118.809 E1134.01154
G1 X96.622 Y118.808 E1134.01159
G1 X96.622 Y99.707 E1134.90101
G1 X93.422 Y99.707 E1135.05001
G1 X93.422 Y109.707 E1135.51566
G1 X92.622 Y109.707 E1135.55291
G1 X92.622 Y98.907 E1136.0558
G1 X97.422 Y98.907 E1136.27931
G1 X97.422 Y110.288 E1136.80926
G1 X97.422 Y110.289 E1136.8093
G1 X97.422 Y110.583 E1136.82299
G1 X97.695 Y110.473 E1136.83102
G1 X100.547 Y109.321 E1136.97425
G1 X100.548 Y109.32 E1136.97431
G1 X101.272 Y109.029 E1137.01065
G1 X100.777 Y109.632 E1137.02938
G1 X100.776 Y109.633 E1137.02945
G1 X99.829 Y110.784 E1137.09885
G1 X98.65 Y112.266 E1137.18703
G1 X98.018 Y113.395 E1137.24728
G1 X97.619 Y114.714 E1137.31145
G1 X97.363 Y116.553 E1137.3979
G1 X97.034 Y118.768 E1137.50218
G1 X97.016 Y118.85 E1137.50608
G1 X96.622 Y120.693 E1137.55021
G0 F15000 X96.222 Y121.492
;TYPE:WALL-OUTER
G1 F2839.1 X96.222 Y100.107 E1138.54598
G1 X93.822 Y100.107 E1138.65774
G1 X93.822 Y110.107 E1139.12338
G1 X92.222 Y110.107 E1139.19788
G1 X92.222 Y98.507 E1139.73803
G1 X97.822 Y98.507 E1139.99879
G1 X97.822 Y109.99 E1140.53348
G1 X102.417 Y108.135 E1140.76422
G1 X101.722 Y109.111 E1140.82001
G1 X100.14 Y111.036 E1140.93604
G1 X98.983 Y112.49 E1141.02256
G1 X98.388 Y113.552 E1141.07924
G1 X98.011 Y114.8 E1141.13995
G1 X97.759 Y116.612 E1141.22513
G1 X97.429 Y118.832 E1141.32964
G1 X96.86 Y121.493 E1141.45635
G1 X96.222 Y121.492 E1141.48606
G0 F15000 X96.411 Y121.301
;TYPE:SKIN
G1 F2839.1 X96.553 Y121.16 E1141.49547
G1 X96.642 Y120.967 E1141.50546
G0 F15000 X96.522 Y120.843
G0 X96.873 Y118.652
G0 X96.834 Y118.613
G1 F2839.1 X96.853 Y118.349 E1141.51364
G1 X96.981 Y116.497 E1141.571
G1 X97.116 Y116.349 E1141.57719
G0 F15000 X97.029 Y116.262
G0 X97.317 Y113.722
G0 X97.256 Y113.661
G1 F2839.1 X97.29 Y113.412 E1141.5851
G1 X97.483 Y113.039 E1141.59832
G0 F15000 X97.531 Y113.088
G0 X97.744 Y111.886
G0 X97.67 Y111.812
G1 F2839.1 X97.761 Y111.62 E1141.60582
G1 X97.923 Y111.5 E1141.61294
G0 F15000 X97.021 Y110.598
G1 F2839.1 X97.021 Y110.315 E1141.62769
G1 X97.021 Y99.85 E1142.17342
G1 X96.477 Y99.305 E1142.21358
G1 X93.083 Y99.305 E1142.39057
G1 X93.021 Y100.092 E1142.43174
G1 X93.021 Y109.143 E1142.90373
G1 X92.819 Y109.507 E1142.92544
G0 F15000 X92.843 Y109.531
G0 X93.594 Y99.879
G0 X96.45 Y99.879
G0 X96.797 Y110.656
G0 X96.952 Y110.811
G1 F2839.1 X96.851 Y110.993 E1142.93926
G0 F15000 X96.797 Y110.939
G0 X98.776 Y110.655
G0 X98.893 Y110.772
G1 F2839.1 X99.056 Y110.653 E1142.94789
G1 X99.219 Y110.533 E1142.95654
G0 F15000 X99.26 Y110.574
G0 X100.081 Y109.697
G0 X100.194 Y109.81
G1 F2839.1 X100.359 Y109.692 E1142.96491
G1 X100.523 Y109.574 E1142.97325
G0 F15000 X100.563 Y109.614
G0 X101.431 Y108.855
G0 X101.498 Y108.852
G1 F2839.1 X101.657 Y108.728 E1142.98101
G1 X101.817 Y108.605 E1142.98878
G0 F15000 X101.783 Y108.659
G0 X97.6 Y110.319
G0 X97.246 Y99.792
G1 F2839.1 X96.535 Y99.081 E1143.01219
G0 F15000 X96.818 Y99.081
G1 F2839.1 X97.246 Y99.509 E1143.02628
G0 F15000 X97.246 Y99.226
G1 F2839.1 X97.101 Y99.081 E1143.03106
G0 F15000 X97.101 Y99.107
G1 F1500 E1136.53106
;MESH:terminale zanzariera verticale antivento con bottoncini.stl
G0 F15000 X97.611 Y110.302
G0 X98.669 Y108.734
G0 X102.692 Y107.1
G0 X103.487 Y108.11
G0 X103.861 Y110.464
G0 X104.365 Y110.968
G0 X106.679 Y110.968
G0 X107.857 Y110.302
G0 X108.942 Y110.302
G0 X109.922 Y112.823
;TYPE:WALL-INNER
G1 F1500 E1143.03106
G1 F2839.1 X109.922 Y112.059 E1143.06663
G1 X109.922 Y112.058 E1143.06668
G1 X109.922 Y111.446 E1143.09518
G1 X110.484 Y111.219 E1143.1234
G1 X111.186 Y110.936 E1143.15864
G1 X110.715 Y111.528 E1143.17683
G1 X110.484 Y111.818 E1143.19409
G1 X110.295 Y112.156 E1143.21212
G1 X109.922 Y112.823 E1143.2305
G0 F15000 X109.522 Y116.102
G1 F2839.1 X109.522 Y114.628 E1143.29913
G1 X109.522 Y113.974 E1143.32959
G1 X109.522 Y111.176 E1143.45987
G1 X111.781 Y110.264 E1143.57331
G1 X111.891 Y110.22 E1143.57883
G1 X112.465 Y109.988 E1143.60766
G1 X112.018 Y110.532 E1143.62316
G1 X111.944 Y110.625 E1143.62827
G1 X110.817 Y112.042 E1143.71258
G1 X110.148 Y113.238 E1143.77639
G1 X109.916 Y114.002 E1143.81357
G1 X109.727 Y114.628 E1143.83669
G1 X109.522 Y116.102 E1143.85485
G0 F15000 X109.122 Y120.693
G1 F2839.1 X109.122 Y118.809 E1143.94258
G1 X109.122 Y118.808 E1143.94262
G1 X109.122 Y99.707 E1144.83205
G1 X105.922 Y99.707 E1144.98105
G1 X105.922 Y109.707 E1145.44669
G1 X105.122 Y109.707 E1145.48395
G1 X105.122 Y98.907 E1145.98684
G1 X109.922 Y98.907 E1146.21035
G1 X109.922 Y110.288 E1146.74029
G1 X109.922 Y110.289 E1146.74034
G1 X109.922 Y110.583 E1146.75403
G1 X110.195 Y110.473 E1146.76206
G1 X113.047 Y109.321 E1146.90529
G1 X113.048 Y109.32 E1146.90535
G1 X113.772 Y109.029 E1146.94169
G1 X113.277 Y109.632 E1146.96042
G1 X113.276 Y109.633 E1146.96049
G1 X112.329 Y110.784 E1147.02989
G1 X111.15 Y112.266 E1147.11807
G1 X110.518 Y113.395 E1147.17832
G1 X110.119 Y114.714 E1147.24249
G1 X109.863 Y116.553 E1147.32894
G1 X109.534 Y118.768 E1147.43321
G1 X109.516 Y118.85 E1147.43712
G1 X109.122 Y120.693 E1147.48125
G0 F15000 X108.722 Y121.492
;TYPE:WALL-OUTER
G1 F2839.1 X108.722 Y100.107 E1148.47702
G1 X106.322 Y100.107 E1148.58878
G1 X106.322 Y110.107 E1149.05442
G1 X104.722 Y110.107 E1149.12892
G1 X104.722 Y98.507 E1149.66907
G1 X110.322 Y98.507 E1149.92982
G1 X110.322 Y109.99 E1150.46452
G1 X114.917 Y108.135 E1150.69526
G1 X114.222 Y109.111 E1150.75105
G1 X112.64 Y111.036 E1150.86707
G1 X111.483 Y112.49 E1150.9536
G1 X110.888 Y113.552 E1151.01028
G1 X110.511 Y114.8 E1151.07099
G1 X110.259 Y116.612 E1151.15617
G1 X109.929 Y118.832 E1151.26068
G1 X109.36 Y121.493 E1151.38739
G1 X108.722 Y121.492 E1151.4171
G0 F15000 X109.024 Y121.187
;TYPE:SKIN
G1 F2839.1 X109.107 Y120.986 E1151.42888
G1 X109.289 Y120.886 E1151.44014
G0 F15000 X109.191 Y120.852
G0 X109.332 Y118.666
G0 X109.314 Y118.648
G1 F2839.1 X109.349 Y118.4 E1151.44774
G1 X109.477 Y116.548 E1151.50411
G1 X109.583 Y116.371 E1151.51037
G0 F15000 X109.47 Y116.258
G0 X109.805 Y113.764
G0 X109.751 Y113.71
G1 F2839.1 X109.783 Y113.46 E1151.51834
G1 X109.936 Y113.047 E1151.53227
G0 F15000 X110.011 Y113.122
G0 X110.225 Y111.922
G0 X110.16 Y111.857
G1 F2839.1 X110.23 Y111.644 E1151.54014
G1 X110.392 Y111.523 E1151.54724
G0 F15000 X109.521 Y110.652
G1 F2839.1 X109.521 Y110.369 E1151.56209
G1 X109.521 Y99.904 E1152.11113
G1 X108.923 Y99.306 E1152.1555
G1 X109.364 Y99.464 E1152.18008
G0 F15000 X109.747 Y99.564
G1 F2839.1 X109.264 Y99.081 E1152.19598
G0 F15000 X109.547 Y99.081
G1 F2839.1 X109.747 Y99.282 E1152.20259
G0 F15000 X108.64 Y99.306
G1 F2839.1 X108.357 Y99.306 E1152.21801
G1 X105.529 Y99.306 E1152.3721
G1 X105.521 Y105.238 E1152.69534
G1 X105.521 Y109.198 E1152.91112
G1 X105.433 Y109.393 E1152.92278
G0 F15000 X105.571 Y109.531
G0 X106.094 Y99.879
G0 X108.95 Y99.879
G0 X109.296 Y110.71
G0 X109.432 Y110.846
G1 F2839.1 X109.331 Y111.028 E1152.93405
G0 F15000 X109.296 Y110.993
G0 X111.237 Y110.672
G0 X111.361 Y110.796
G1 F2839.1 X111.525 Y110.676 E1152.94354
G1 X111.688 Y110.557 E1152.95295
G0 F15000 X111.737 Y110.605
G0 X112.542 Y109.713
G0 X112.662 Y109.834
G1 F2839.1 X112.826 Y109.715 E1152.9621
G1 X112.991 Y109.597 E1152.97125
G0 F15000 X113.038 Y109.644
G0 X113.892 Y108.871
G0 X113.967 Y108.875
G1 F2839.1 X114.126 Y108.752 E1152.98438
G0 F15000 X114.25 Y108.593
G1 F2839.1 X114.322 Y108.666 E1152.98677
G1 F1500 E1146.48677
;MESH:NONMESH
G0 F300 X114.322 Y108.666 Z16.24
G0 F15000 X114.217 Y108.686
G0 X108.942 Y112.823
G0 X107.857 Y112.823
G0 X99.703 Y112.974
G0 X98.8 Y112.367
G0 X97.422 Y112.823
;TIME_ELAPSED:1195.150781
;LAYER:57
;TYPE:WALL-INNER
;MESH:terminale zanzariera verticale antivento con bottoncini.stl(1)
G1 F1500 E1152.98677
G1 F2805.5 X97.422 Y112.059 E1153.02235
G1 X97.422 Y112.058 E1153.02239
G1 X97.422 Y111.446 E1153.05089
G1 X97.984 Y111.219 E1153.07911
G1 X98.686 Y110.936 E1153.11436
G1 X98.215 Y111.528 E1153.13254
G1 X97.984 Y111.818 E1153.1498
G1 X97.795 Y112.156 E1153.16784
G1 X97.422 Y112.823 E1153.18621
G0 F15000 X97.022 Y116.102
G1 F2805.5 X97.022 Y114.628 E1153.25485
G1 X97.022 Y113.974 E1153.2853
G1 X97.022 Y111.176 E1153.41559
G1 X99.281 Y110.264 E1153.52902
G1 X99.391 Y110.22 E1153.53454
G1 X99.965 Y109.988 E1153.56337
G1 X99.518 Y110.532 E1153.57887
G1 X99.444 Y110.625 E1153.58398
G1 X98.317 Y112.042 E1153.66829
G1 X97.648 Y113.238 E1153.7321
G1 X97.416 Y114.002 E1153.76928
G1 X97.227 Y114.628 E1153.7924
G1 X97.022 Y116.102 E1153.81056
G0 F15000 X96.622 Y120.693
G1 F2805.5 X96.622 Y118.809 E1153.89829
G1 X96.622 Y118.808 E1153.89834
G1 X96.622 Y99.707 E1154.78776
G1 X93.422 Y99.707 E1154.93676
G1 X93.422 Y109.707 E1155.40241
G1 X92.622 Y109.707 E1155.43966
G1 X92.622 Y98.907 E1155.94255
G1 X97.422 Y98.907 E1156.16606
G1 X97.422 Y110.288 E1156.69601
G1 X97.422 Y110.289 E1156.69605
G1 X97.422 Y110.583 E1156.70974
G1 X97.695 Y110.473 E1156.71777
G1 X100.547 Y109.321 E1156.861
G1 X100.548 Y109.32 E1156.86106
G1 X101.272 Y109.029 E1156.8974
G1 X100.777 Y109.632 E1156.91613
G1 X100.776 Y109.633 E1156.9162
G1 X99.829 Y110.784 E1156.9856
G1 X98.65 Y112.266 E1157.07378
G1 X98.018 Y113.395 E1157.13403
G1 X97.619 Y114.714 E1157.1982
G1 X97.363 Y116.553 E1157.28466
G1 X97.034 Y118.768 E1157.38893
G1 X97.016 Y118.85 E1157.39284
G1 X96.622 Y120.693 E1157.43696
G0 F15000 X96.222 Y121.492
;TYPE:WALL-OUTER
G1 F2805.5 X96.222 Y100.107 E1158.43273
G1 X93.822 Y100.107 E1158.54449
G1 X93.822 Y110.107 E1159.01013
G1 X92.222 Y110.107 E1159.08463
G1 X92.222 Y98.507 E1159.62478
G1 X97.822 Y98.507 E1159.88554
G1 X97.822 Y109.99 E1160.42023
G1 X102.417 Y108.135 E1160.65097
G1 X101.722 Y109.111 E1160.70676
G1 X100.14 Y111.036 E1160.82279
G1 X98.983 Y112.49 E1160.90931
G1 X98.388 Y113.552 E1160.96599
G1 X98.011 Y114.8 E1161.0267
G1 X97.759 Y116.612 E1161.11189
G1 X97.429 Y118.832 E1161.21639
G1 X96.86 Y121.493 E1161.3431
G1 X96.222 Y121.492 E1161.37281
G0 F15000 X96.627 Y121.16
;TYPE:SKIN
G1 F2805.5 X96.523 Y120.982 E1161.39143
G0 F15000 X96.522 Y121.109
G0 X96.796 Y118.446
G0 X96.859 Y118.383
G1 F2805.5 X96.883 Y118.075 E1161.40192
G1 X97.006 Y116.538 E1161.45429
G1 X96.899 Y116.363 E1161.46126
G0 F15000 X97.003 Y116.26
G0 X97.197 Y113.803
G0 X97.265 Y113.734
G1 F2805.5 X97.327 Y113.39 E1161.4732
G1 X97.319 Y113.114 E1161.48264
G0 F15000 X97.442 Y112.992
G0 X97.581 Y111.922
G0 X97.698 Y111.887
G1 F2805.5 X97.717 Y111.585 E1161.49733
G0 F15000 X97.838 Y111.465
G0 X97.246 Y110.642
G0 X97.021 Y110.867
G1 F2805.5 X97.021 Y110.584 E1161.5124
G1 X97.021 Y99.553 E1162.09962
G1 X96.986 Y99.306 E1162.1129
G1 X93.592 Y99.306 E1162.29357
G1 X93.165 Y99.449 E1162.31755
G0 F15000 X92.797 Y99.535
G1 F2805.5 X93.251 Y99.081 E1162.33249
G0 F15000 X92.882 Y99.167
G1 F2805.5 X93.021 Y99.876 E1162.36874
G1 X93.021 Y109.21 E1162.83695
G1 X93.114 Y109.399 E1162.84752
G0 F15000 X92.983 Y109.531
G0 X93.594 Y99.879
G0 X96.45 Y99.879
G0 X96.461 Y110.291
G0 X98.785 Y110.8
G0 X98.91 Y110.674
G1 F2805.5 X99.017 Y110.85 E1162.86317
G0 F15000 X98.906 Y110.962
G0 X100.164 Y109.987
G0 X100.389 Y109.762
G1 F2805.5 X100.138 Y109.729 E1162.8842
G0 F15000 X100.044 Y109.824
G0 X101.348 Y108.889
G0 X101.378 Y108.773
G1 F2805.5 X101.646 Y108.788 E1162.90106
G1 F1500 E1156.40106
;MESH:terminale zanzariera verticale antivento con bottoncini.stl
G0 F15000 X101.735 Y108.733
G0 X102.714 Y109.209
G0 X103.857 Y108.588
G0 X104.942 Y108.588
G0 X106.094 Y99.879
G0 X108.95 Y99.879
G0 X109.922 Y112.823
;TYPE:WALL-INNER
G1 F1500 E1162.90106
G1 F2805.5 X109.922 Y112.059 E1162.93664
G1 X109.922 Y112.058 E1162.93669
G1 X109.922 Y111.446 E1162.96518
G1 X110.484 Y111.219 E1162.99341
G1 X111.186 Y110.936 E1163.02865
G1 X110.715 Y111.528 E1163.04683
G1 X110.484 Y111.818 E1163.0641
G1 X110.295 Y112.156 E1163.08213
G1 X109.922 Y112.823 E1163.10051
G0 F15000 X109.522 Y116.102
G1 F2805.5 X109.522 Y114.628 E1163.16914
G1 X109.522 Y113.974 E1163.19959
G1 X109.522 Y111.176 E1163.32988
G1 X111.781 Y110.264 E1163.44332
G1 X111.891 Y110.22 E1163.44883
G1 X112.465 Y109.988 E1163.47766
G1 X112.018 Y110.532 E1163.49317
G1 X111.944 Y110.625 E1163.49828
G1 X110.817 Y112.042 E1163.58258
G1 X110.148 Y113.238 E1163.64639
G1 X109.916 Y114.002 E1163.68357
G1 X109.727 Y114.628 E1163.70669
G1 X109.522 Y116.102 E1163.72486
G0 F15000 X109.122 Y120.693
G1 F2805.5 X109.122 Y118.809 E1163.81258
G1 X109.122 Y118.808 E1163.81263
G1 X109.122 Y99.707 E1164.70205
G1 X105.922 Y99.707 E1164.85106
G1 X105.922 Y109.707 E1165.3167
G1 X105.122 Y109.707 E1165.35395
G1 X105.122 Y98.907 E1165.85685
G1 X109.922 Y98.907 E1166.08035
G1 X109.922 Y110.288 E1166.6103
G1 X109.922 Y110.289 E1166.61035
G1 X109.922 Y110.583 E1166.62404
G1 X110.195 Y110.473 E1166.63207
G1 X113.047 Y109.321 E1166.77529
G1 X113.048 Y109.32 E1166.77536
G1 X113.772 Y109.029 E1166.81169
G1 X113.277 Y109.632 E1166.83043
G1 X113.276 Y109.633 E1166.83049
G1 X112.329 Y110.784 E1166.8999
G1 X111.15 Y112.266 E1166.98808
G1 X110.518 Y113.395 E1167.04833
G1 X110.119 Y114.714 E1167.11249
G1 X109.863 Y116.553 E1167.19895
G1 X109.534 Y118.768 E1167.30322
G1 X109.516 Y118.85 E1167.30713
G1 X109.122 Y120.693 E1167.35125
G0 F15000 X108.722 Y121.492
;TYPE:WALL-OUTER
G1 F2805.5 X108.722 Y100.107 E1168.34703
G1 X106.322 Y100.107 E1168.45878
G1 X106.322 Y110.107 E1168.92442
G1 X104.722 Y110.107 E1168.99893
G1 X104.722 Y98.507 E1169.53907
G1 X110.322 Y98.507 E1169.79983
G1 X110.322 Y109.99 E1170.33453
G1 X114.917 Y108.135 E1170.56527
G1 X114.222 Y109.111 E1170.62106
G1 X112.64 Y111.036 E1170.73708
G1 X111.483 Y112.49 E1170.8236
G1 X110.888 Y113.552 E1170.88029
G1 X110.511 Y114.8 E1170.94099
G1 X110.259 Y116.612 E1171.02618
G1 X109.929 Y118.832 E1171.13069
G1 X109.36 Y121.493 E1171.2574
G1 X108.722 Y121.492 E1171.2871
G0 F15000 X109.108 Y121.125
;TYPE:SKIN
G1 F2805.5 X108.998 Y120.951 E1171.30644
G0 F15000 X109.022 Y121.053
G0 X109.305 Y118.665
G0 X109.344 Y118.626
G1 F2805.5 X109.364 Y118.323 E1171.31578
G1 X109.506 Y116.484 E1171.3725
G1 X109.374 Y116.333 E1171.37866
G0 F15000 X109.452 Y116.256
G0 X109.697 Y113.748
G0 X109.777 Y113.667
G1 F2805.5 X109.839 Y113.322 E1171.39154
G1 X109.797 Y113.082 E1171.40049
G0 F15000 X109.697 Y113.183
G0 X110.081 Y111.922
G0 X110.267 Y111.763
G1 F2805.5 X110.171 Y111.577 E1171.40593
G1 X109.71 Y110.905 E1171.42709
G0 F15000 X109.521 Y110.812
G1 F2805.5 X109.521 Y110.529 E1171.4422
G1 X109.521 Y99.498 E1172.03117
G0 F15000 X109.43 Y99.306
G1 F2805.5 X109.147 Y99.306 E1172.04551
G1 X106.036 Y99.306 E1172.20318
G1 X105.637 Y99.422 E1172.22424
G1 X105.354 Y99.139 E1172.24453
G1 X105.521 Y100.104 E1172.29416
G1 X105.521 Y109.155 E1172.75289
G1 X105.728 Y109.513 E1172.77385
G0 F15000 X105.746 Y109.496
G0 X106.094 Y99.879
G0 X108.95 Y99.879
G0 X108.961 Y110.238
G0 X111.261 Y110.77
G0 X111.352 Y110.678
G1 F2805.5 X111.599 Y110.715 E1172.79419
G0 F15000 X112.865 Y109.731
G1 F2805.5 X112.58 Y109.733 E1172.81298
G0 F15000 X112.52 Y109.793
G0 X113.838 Y108.893
G0 X113.8 Y108.796
G1 F2805.5 X113.84 Y108.756 E1172.81429
G0 F15000 X113.919 Y108.96
G1 F2805.5 X114.313 Y108.567 E1172.82725
G1 F1500 E1166.32725
;MESH:NONMESH
G0 F300 X114.313 Y108.567 Z16.52
G0 F15000 X114.238 Y108.658
G0 X108.942 Y112.823
G0 X107.857 Y112.823
G0 X99.703 Y112.974
G0 X98.8 Y112.367
G0 X97.422 Y112.823
;TIME_ELAPSED:1215.008122
;LAYER:58
;TYPE:WALL-INNER
;MESH:terminale zanzariera verticale antivento con bottoncini.stl(1)
G1 F1500 E1172.82725
G1 F2839.1 X97.422 Y112.059 E1172.86283
G1 X97.422 Y112.058 E1172.86287
G1 X97.422 Y111.446 E1172.89137
G1 X97.984 Y111.219 E1172.91959
G1 X98.686 Y110.936 E1172.95484
G1 X98.215 Y111.528 E1172.97302
G1 X97.984 Y111.818 E1172.99028
G1 X97.795 Y112.156 E1173.00832
G1 X97.422 Y112.823 E1173.02669
G0 F15000 X97.022 Y116.102
G1 F2839.1 X97.022 Y114.628 E1173.09533
G1 X97.022 Y113.974 E1173.12578
G1 X97.022 Y111.176 E1173.25607
G1 X99.281 Y110.264 E1173.3695
G1 X99.391 Y110.22 E1173.37502
G1 X99.965 Y109.988 E1173.40385
G1 X99.518 Y110.532 E1173.41935
G1 X99.444 Y110.625 E1173.42446
G1 X98.317 Y112.042 E1173.50877
G1 X97.648 Y113.238 E1173.57258
G1 X97.416 Y114.002 E1173.60976
G1 X97.227 Y114.628 E1173.63288
G1 X97.022 Y116.102 E1173.65104
G0 F15000 X96.622 Y120.693
G1 F2839.1 X96.622 Y118.809 E1173.73877
G1 X96.622 Y118.808 E1173.73882
G1 X96.622 Y99.707 E1174.62824
G1 X93.422 Y99.707 E1174.77725
G1 X93.422 Y109.707 E1175.24289
G1 X92.622 Y109.707 E1175.28014
G1 X92.622 Y98.907 E1175.78303
G1 X97.422 Y98.907 E1176.00654
G1 X97.422 Y110.288 E1176.53649
G1 X97.422 Y110.289 E1176.53653
G1 X97.422 Y110.583 E1176.55022
G1 X97.695 Y110.473 E1176.55825
G1 X100.547 Y109.321 E1176.70148
G1 X100.548 Y109.32 E1176.70154
G1 X101.272 Y109.029 E1176.73788
G1 X100.777 Y109.632 E1176.75661
G1 X100.776 Y109.633 E1176.75668
G1 X99.829 Y110.784 E1176.82608
G1 X98.65 Y112.266 E1176.91426
G1 X98.018 Y113.395 E1176.97451
G1 X97.619 Y114.714 E1177.03868
G1 X97.363 Y116.553 E1177.12514
G1 X97.034 Y118.768 E1177.22941
G1 X97.016 Y118.85 E1177.23332
G1 X96.622 Y120.693 E1177.27744
G0 F15000 X96.222 Y121.492
;TYPE:WALL-OUTER
G1 F2839.1 X96.222 Y100.107 E1178.27321
G1 X93.822 Y100.107 E1178.38497
G1 X93.822 Y110.107 E1178.85061
G1 X92.222 Y110.107 E1178.92511
G1 X92.222 Y98.507 E1179.46526
G1 X97.822 Y98.507 E1179.72602
G1 X97.822 Y109.99 E1180.26071
G1 X102.417 Y108.135 E1180.49145
G1 X101.722 Y109.111 E1180.54725
G1 X100.14 Y111.036 E1180.66327
G1 X98.983 Y112.49 E1180.74979
G1 X98.388 Y113.552 E1180.80647
G1 X98.011 Y114.8 E1180.86718
G1 X97.759 Y116.612 E1180.95237
G1 X97.429 Y118.832 E1181.05687
G1 X96.86 Y121.493 E1181.18358
G1 X96.222 Y121.492 E1181.21329
G0 F15000 X96.411 Y121.301
;TYPE:SKIN
G1 F2839.1 X96.553 Y121.16 E1181.2227
G1 X96.642 Y120.967 E1181.23269
G0 F15000 X96.522 Y120.843
G0 X96.873 Y118.652
G0 X96.834 Y118.613
G1 F2839.1 X96.853 Y118.349 E1181.24087
G1 X96.981 Y116.497 E1181.29824
G1 X97.116 Y116.349 E1181.30443
G0 F15000 X97.029 Y116.262
G0 X97.317 Y113.722
G0 X97.256 Y113.661
G1 F2839.1 X97.29 Y113.412 E1181.31234
G1 X97.483 Y113.039 E1181.32555
G0 F15000 X97.531 Y113.088
G0 X97.744 Y111.886
G0 X97.67 Y111.812
G1 F2839.1 X97.761 Y111.62 E1181.33305
G1 X97.923 Y111.5 E1181.34017
G0 F15000 X97.021 Y110.598
G1 F2839.1 X97.021 Y110.315 E1181.35492
G1 X97.021 Y99.85 E1181.90066
G1 X96.477 Y99.305 E1181.94081
G1 X93.083 Y99.305 E1182.1178
G1 X93.021 Y100.092 E1182.15897
G1 X93.021 Y109.143 E1182.63097
G1 X92.819 Y109.507 E1182.65267
G0 F15000 X92.843 Y109.531
G0 X93.594 Y99.879
G0 X96.45 Y99.879
G0 X96.797 Y110.656
G0 X96.952 Y110.811
G1 F2839.1 X96.851 Y110.993 E1182.66649
G0 F15000 X96.797 Y110.939
G0 X98.776 Y110.655
G0 X98.893 Y110.772
G1 F2839.1 X99.056 Y110.653 E1182.67512
G1 X99.219 Y110.533 E1182.68377
G0 F15000 X99.26 Y110.574
G0 X100.081 Y109.697
G0 X100.194 Y109.81
G1 F2839.1 X100.359 Y109.692 E1182.69214
G1 X100.523 Y109.574 E1182.70048
G0 F15000 X100.563 Y109.614
G0 X101.431 Y108.855
G0 X101.498 Y108.852
G1 F2839.1 X101.657 Y108.728 E1182.70824
G1 X101.817 Y108.605 E1182.71601
G0 F15000 X101.783 Y108.659
G0 X97.6 Y110.319
G0 X97.246 Y99.792
G1 F2839.1 X96.535 Y99.081 E1182.73942
G0 F15000 X96.818 Y99.081
G1 F2839.1 X97.246 Y99.509 E1182.75352
G0 F15000 X97.246 Y99.226
G1 F2839.1 X97.101 Y99.081 E1182.75829
G0 F15000 X97.101 Y99.107
G1 F1500 E1176.25829
;MESH:terminale zanzariera verticale antivento con bottoncini.stl
G0 F15000 X97.611 Y110.302
G0 X98.669 Y108.734
G0 X102.692 Y107.1
G0 X103.487 Y108.11
G0 X103.861 Y110.464
G0 X104.365 Y110.968
G0 X106.679 Y110.968
G0 X107.857 Y110.302
G0 X108.942 Y110.302
G0 X109.922 Y112.823
;TYPE:WALL-INNER
G1 F1500 E1182.75829
G1 F2839.1 X109.922 Y112.059 E1182.79386
G1 X109.922 Y112.058 E1182.79391
G1 X109.922 Y111.446 E1182.82241
G1 X110.484 Y111.219 E1182.85063
G1 X111.186 Y110.936 E1182.88588
G1 X110.715 Y111.528 E1182.90406
G1 X110.484 Y111.818 E1182.92132
G1 X110.295 Y112.156 E1182.93936
G1 X109.922 Y112.823 E1182.95773
G0 F15000 X109.522 Y116.102
G1 F2839.1 X109.522 Y114.628 E1183.02637
G1 X109.522 Y113.974 E1183.05682
G1 X109.522 Y111.176 E1183.18711
G1 X111.781 Y110.264 E1183.30054
G1 X111.891 Y110.22 E1183.30606
G1 X112.465 Y109.988 E1183.33489
G1 X112.018 Y110.532 E1183.35039
G1 X111.944 Y110.625 E1183.3555
G1 X110.817 Y112.042 E1183.43981
G1 X110.148 Y113.238 E1183.50362
G1 X109.916 Y114.002 E1183.5408
G1 X109.727 Y114.628 E1183.56392
G1 X109.522 Y116.102 E1183.58208
G0 F15000 X109.122 Y120.693
G1 F2839.1 X109.122 Y118.809 E1183.66981
G1 X109.122 Y118.808 E1183.66986
G1 X109.122 Y99.707 E1184.55928
G1 X105.922 Y99.707 E1184.70828
G1 X105.922 Y109.707 E1185.17393
G1 X105.122 Y109.707 E1185.21118
G1 X105.122 Y98.907 E1185.71407
G1 X109.922 Y98.907 E1185.93758
G1 X109.922 Y110.288 E1186.46753
G1 X109.922 Y110.289 E1186.46757
G1 X109.922 Y110.583 E1186.48126
G1 X110.195 Y110.473 E1186.48929
G1 X113.047 Y109.321 E1186.63252
G1 X113.048 Y109.32 E1186.63258
G1 X113.772 Y109.029 E1186.66892
G1 X113.277 Y109.632 E1186.68765
G1 X113.276 Y109.633 E1186.68772
G1 X112.329 Y110.784 E1186.75712
G1 X111.15 Y112.266 E1186.8453
G1 X110.518 Y113.395 E1186.90555
G1 X110.119 Y114.714 E1186.96972
G1 X109.863 Y116.553 E1187.05618
G1 X109.534 Y118.768 E1187.16045
G1 X109.516 Y118.85 E1187.16436
G1 X109.122 Y120.693 E1187.20848
G0 F15000 X108.722 Y121.492
;TYPE:WALL-OUTER
G1 F2839.1 X108.722 Y100.107 E1188.20425
G1 X106.322 Y100.107 E1188.31601
G1 X106.322 Y110.107 E1188.78165
G1 X104.722 Y110.107 E1188.85615
G1 X104.722 Y98.507 E1189.3963
G1 X110.322 Y98.507 E1189.65706
G1 X110.322 Y109.99 E1190.19175
G1 X114.917 Y108.135 E1190.42249
G1 X114.222 Y109.111 E1190.47828
G1 X112.64 Y111.036 E1190.59431
G1 X111.483 Y112.49 E1190.68083
G1 X110.888 Y113.552 E1190.73751
G1 X110.511 Y114.8 E1190.79822
G1 X110.259 Y116.612 E1190.88341
G1 X109.929 Y118.832 E1190.98791
G1 X109.36 Y121.493 E1191.11462
G1 X108.722 Y121.492 E1191.14433
G0 F15000 X109.024 Y121.187
;TYPE:SKIN
G1 F2839.1 X109.107 Y120.986 E1191.15612
G1 X109.289 Y120.886 E1191.16737
G0 F15000 X109.191 Y120.852
G0 X109.332 Y118.666
G0 X109.314 Y118.648
G1 F2839.1 X109.349 Y118.4 E1191.17497
G1 X109.477 Y116.548 E1191.23134
G1 X109.583 Y116.371 E1191.23761
G0 F15000 X109.47 Y116.258
G0 X109.805 Y113.764
G0 X109.751 Y113.71
G1 F2839.1 X109.783 Y113.46 E1191.24557
G1 X109.936 Y113.047 E1191.2595
G0 F15000 X110.011 Y113.122
G0 X110.225 Y111.922
G0 X110.16 Y111.857
G1 F2839.1 X110.23 Y111.644 E1191.26737
G1 X110.392 Y111.523 E1191.27447
G0 F15000 X109.521 Y110.652
G1 F2839.1 X109.521 Y110.369 E1191.28932
G1 X109.521 Y99.904 E1191.83837
G1 X108.923 Y99.306 E1191.88274
G1 X109.364 Y99.464 E1191.90731
G0 F15000 X109.747 Y99.564
G1 F2839.1 X109.264 Y99.081 E1191.92322
G0 F15000 X109.547 Y99.081
G1 F2839.1 X109.747 Y99.282 E1191.92982
G0 F15000 X108.64 Y99.306
G1 F2839.1 X108.357 Y99.306 E1191.94524
G1 X105.529 Y99.306 E1192.09934
G1 X105.521 Y105.238 E1192.42257
G1 X105.521 Y109.198 E1192.63835
G1 X105.433 Y109.393 E1192.65001
G0 F15000 X105.571 Y109.531
G0 X106.094 Y99.879
G0 X108.95 Y99.879
G0 X109.296 Y110.71
G0 X109.432 Y110.846
G1 F2839.1 X109.331 Y111.028 E1192.66129
G0 F15000 X109.296 Y110.993
G0 X111.237 Y110.672
G0 X111.361 Y110.796
G1 F2839.1 X111.525 Y110.676 E1192.67077
G1 X111.688 Y110.557 E1192.68018
G0 F15000 X111.737 Y110.605
G0 X112.542 Y109.713
G0 X112.662 Y109.834
G1 F2839.1 X112.826 Y109.715 E1192.68933
G1 X112.991 Y109.597 E1192.69848
G0 F15000 X113.038 Y109.644
G0 X113.892 Y108.871
G0 X113.967 Y108.875
G1 F2839.1 X114.126 Y108.752 E1192.71161
G0 F15000 X114.25 Y108.593
G1 F2839.1 X114.322 Y108.666 E1192.714
G1 F1500 E1186.214
;MESH:NONMESH
G0 F300 X114.322 Y108.666 Z16.8
G0 F15000 X114.217 Y108.686
G0 X108.942 Y112.823
G0 X107.857 Y112.823
G0 X99.703 Y112.974
G0 X98.8 Y112.367
G0 X97.422 Y112.823
;TIME_ELAPSED:1235.768234
;LAYER:59
;TYPE:WALL-INNER
;MESH:terminale zanzariera verticale antivento con bottoncini.stl(1)
G1 F1500 E1192.714
G1 F2805.5 X97.422 Y112.059 E1192.74958
G1 X97.422 Y112.058 E1192.74962
G1 X97.422 Y111.446 E1192.77812
G1 X97.984 Y111.219 E1192.80634
G1 X98.686 Y110.936 E1192.84159
G1 X98.215 Y111.528 E1192.85977
G1 X97.984 Y111.818 E1192.87704
G1 X97.795 Y112.156 E1192.89507
G1 X97.422 Y112.823 E1192.91344
G0 F15000 X97.022 Y116.102
G1 F2805.5 X97.022 Y114.628 E1192.98208
G1 X97.022 Y113.974 E1193.01253
G1 X97.022 Y111.176 E1193.14282
G1 X99.281 Y110.264 E1193.25626
G1 X99.391 Y110.22 E1193.26177
G1 X99.965 Y109.988 E1193.2906
G1 X99.518 Y110.532 E1193.3061
G1 X99.444 Y110.625 E1193.31121
G1 X98.317 Y112.042 E1193.39552
G1 X97.648 Y113.238 E1193.45933
G1 X97.416 Y114.002 E1193.49651
G1 X97.227 Y114.628 E1193.51963
G1 X97.022 Y116.102 E1193.5378
G0 F15000 X96.622 Y120.693
G1 F2805.5 X96.622 Y118.809 E1193.62552
G1 X96.622 Y118.808 E1193.62557
G1 X96.622 Y99.707 E1194.51499
G1 X93.422 Y99.707 E1194.664
G1 X93.422 Y109.707 E1195.12964
G1 X92.622 Y109.707 E1195.16689
G1 X92.622 Y98.907 E1195.66978
G1 X97.422 Y98.907 E1195.89329
G1 X97.422 Y110.288 E1196.42324
G1 X97.422 Y110.289 E1196.42328
G1 X97.422 Y110.583 E1196.43697
G1 X97.695 Y110.473 E1196.445
G1 X100.547 Y109.321 E1196.58823
G1 X100.548 Y109.32 E1196.5883
G1 X101.272 Y109.029 E1196.62463
G1 X100.777 Y109.632 E1196.64336
G1 X100.776 Y109.633 E1196.64343
G1 X99.829 Y110.784 E1196.71283
G1 X98.65 Y112.266 E1196.80102
G1 X98.018 Y113.395 E1196.86126
G1 X97.619 Y114.714 E1196.92543
G1 X97.363 Y116.553 E1197.01189
G1 X97.034 Y118.768 E1197.11616
G1 X97.016 Y118.85 E1197.12007
G1 X96.622 Y120.693 E1197.16419
G0 F15000 X96.222 Y121.492
;TYPE:WALL-OUTER
G1 F2805.5 X96.222 Y100.107 E1198.15997
G1 X93.822 Y100.107 E1198.27172
G1 X93.822 Y110.107 E1198.73736
G1 X92.222 Y110.107 E1198.81186
G1 X92.222 Y98.507 E1199.35201
G1 X97.822 Y98.507 E1199.61277
G1 X97.822 Y109.99 E1200.14746
G1 X102.417 Y108.135 E1200.3782
G1 X101.722 Y109.111 E1200.434
G1 X100.14 Y111.036 E1200.55002
G1 X98.983 Y112.49 E1200.63654
G1 X98.388 Y113.552 E1200.69323
G1 X98.011 Y114.8 E1200.75393
G1 X97.759 Y116.612 E1200.83912
G1 X97.429 Y118.832 E1200.94363
G1 X96.86 Y121.493 E1201.07033
G1 X96.222 Y121.492 E1201.10004
G0 F15000 X96.627 Y121.16
;TYPE:SKIN
G1 F2805.5 X96.523 Y120.982 E1201.11866
G0 F15000 X96.522 Y121.109
G0 X96.796 Y118.446
G0 X96.859 Y118.383
G1 F2805.5 X96.883 Y118.075 E1201.12915
G1 X97.006 Y116.538 E1201.18152
G1 X96.899 Y116.363 E1201.18849
G0 F15000 X97.003 Y116.26
G0 X97.197 Y113.803
G0 X97.265 Y113.734
G1 F2805.5 X97.327 Y113.39 E1201.20043
G1 X97.319 Y113.114 E1201.20987
G0 F15000 X97.442 Y112.992
G0 X97.581 Y111.922
G0 X97.698 Y111.887
G1 F2805.5 X97.717 Y111.585 E1201.22456
G0 F15000 X97.838 Y111.465
G0 X97.246 Y110.642
G0 X97.021 Y110.867
G1 F2805.5 X97.021 Y110.584 E1201.23963
G1 X97.021 Y99.553 E1201.82685
G1 X96.986 Y99.306 E1201.84013
G1 X93.592 Y99.306 E1202.02081
G1 X93.165 Y99.449 E1202.04478
G0 F15000 X92.797 Y99.535
G1 F2805.5 X93.251 Y99.081 E1202.05973
G0 F15000 X92.882 Y99.167
G1 F2805.5 X93.021 Y99.876 E1202.09597
G1 X93.021 Y109.21 E1202.56418
G1 X93.114 Y109.399 E1202.57475
G0 F15000 X92.983 Y109.531
G0 X93.594 Y99.879
G0 X96.45 Y99.879
G0 X96.461 Y110.291
G0 X98.785 Y110.8
G0 X98.91 Y110.674
G1 F2805.5 X99.017 Y110.85 E1202.5904
G0 F15000 X98.906 Y110.962
G0 X100.164 Y109.987
G0 X100.389 Y109.762
G1 F2805.5 X100.138 Y109.729 E1202.61144
G0 F15000 X100.044 Y109.824
G0 X101.348 Y108.889
G0 X101.378 Y108.773
G1 F2805.5 X101.646 Y108.788 E1202.6283
G1 F1500 E1196.1283
;MESH:terminale zanzariera verticale antivento con bottoncini.stl
G0 F15000 X101.735 Y108.733
G0 X102.714 Y109.209
G0 X103.857 Y108.588
G0 X104.942 Y108.588
G0 X106.094 Y99.879
G0 X108.95 Y99.879
G0 X109.922 Y112.823
;TYPE:WALL-INNER
G1 F1500 E1202.6283
G1 F2805.5 X109.922 Y112.059 E1202.66387
G1 X109.922 Y112.058 E1202.66392
G1 X109.922 Y111.446 E1202.69241
G1 X110.484 Y111.219 E1202.72064
G1 X111.186 Y110.936 E1202.75588
G1 X110.715 Y111.528 E1202.77407
G1 X110.484 Y111.818 E1202.79133
G1 X110.295 Y112.156 E1202.80936
G1 X109.922 Y112.823 E1202.82774
G0 F15000 X109.522 Y116.102
G1 F2805.5 X109.522 Y114.628 E1202.89637
G1 X109.522 Y113.974 E1202.92683
G1 X109.522 Y111.176 E1203.05711
G1 X111.781 Y110.264 E1203.17055
G1 X111.891 Y110.22 E1203.17607
G1 X112.465 Y109.988 E1203.20489
G1 X112.018 Y110.532 E1203.2204
G1 X111.944 Y110.625 E1203.22551
G1 X110.817 Y112.042 E1203.30981
G1 X110.148 Y113.238 E1203.37362
G1 X109.916 Y114.002 E1203.4108
G1 X109.727 Y114.628 E1203.43392
G1 X109.522 Y116.102 E1203.45209
G0 F15000 X109.122 Y120.693
G1 F2805.5 X109.122 Y118.809 E1203.53982
G1 X109.122 Y118.808 E1203.53986
G1 X109.122 Y99.707 E1204.42929
G1 X105.922 Y99.707 E1204.57829
G1 X105.922 Y109.707 E1205.04393
G1 X105.122 Y109.707 E1205.08118
G1 X105.122 Y98.907 E1205.58408
G1 X109.922 Y98.907 E1205.80759
G1 X109.922 Y110.288 E1206.33753
G1 X109.922 Y110.289 E1206.33758
G1 X109.922 Y110.583 E1206.35127
G1 X110.195 Y110.473 E1206.3593
G1 X113.047 Y109.321 E1206.50252
G1 X113.048 Y109.32 E1206.50259
G1 X113.772 Y109.029 E1206.53892
G1 X113.277 Y109.632 E1206.55766
G1 X113.276 Y109.633 E1206.55772
G1 X112.329 Y110.784 E1206.62713
G1 X111.15 Y112.266 E1206.71531
G1 X110.518 Y113.395 E1206.77556
G1 X110.119 Y114.714 E1206.83972
G1 X109.863 Y116.553 E1206.92618
G1 X109.534 Y118.768 E1207.03045
G1 X109.516 Y118.85 E1207.03436
G1 X109.122 Y120.693 E1207.07848
G0 F15000 X108.722 Y121.492
;TYPE:WALL-OUTER
G1 F2805.5 X108.722 Y100.107 E1208.07426
G1 X106.322 Y100.107 E1208.18601
G1 X106.322 Y110.107 E1208.65166
G1 X104.722 Y110.107 E1208.72616
G1 X104.722 Y98.507 E1209.2663
G1 X110.322 Y98.507 E1209.52706
G1 X110.322 Y109.99 E1210.06176
G1 X114.917 Y108.135 E1210.2925
G1 X114.222 Y109.111 E1210.34829
G1 X112.64 Y111.036 E1210.46431
G1 X111.483 Y112.49 E1210.55084
G1 X110.888 Y113.552 E1210.60752
G1 X110.511 Y114.8 E1210.66823
G1 X110.259 Y116.612 E1210.75341
G1 X109.929 Y118.832 E1210.85792
G1 X109.36 Y121.493 E1210.98463
G1 X108.722 Y121.492 E1211.01434
G0 F15000 X109.108 Y121.125
;TYPE:SKIN
G1 F2805.5 X108.998 Y120.951 E1211.03367
G0 F15000 X109.022 Y121.053
G0 X109.305 Y118.665
G0 X109.344 Y118.626
G1 F2805.5 X109.364 Y118.323 E1211.04301
G1 X109.506 Y116.484 E1211.09973
G1 X109.374 Y116.333 E1211.10589
G0 F15000 X109.452 Y116.256
G0 X109.697 Y113.748
G0 X109.777 Y113.667
G1 F2805.5 X109.839 Y113.322 E1211.11877
G1 X109.797 Y113.082 E1211.12772
G0 F15000 X109.697 Y113.183
G0 X110.081 Y111.922
G0 X110.267 Y111.763
G1 F2805.5 X110.171 Y111.577 E1211.13316
G1 X109.71 Y110.905 E1211.15432
G0 F15000 X109.521 Y110.812
G1 F2805.5 X109.521 Y110.529 E1211.16943
G1 X109.521 Y99.498 E1211.7584
G0 F15000 X109.43 Y99.306
G1 F2805.5 X109.147 Y99.306 E1211.77274
G1 X106.036 Y99.306 E1211.93041
G1 X105.637 Y99.422 E1211.95147
G1 X105.354 Y99.139 E1211.97176
G1 X105.521 Y100.104 E1212.02139
G1 X105.521 Y109.155 E1212.48012
G1 X105.728 Y109.513 E1212.50108
G0 F15000 X105.746 Y109.496
G0 X106.094 Y99.879
G0 X108.95 Y99.879
G0 X108.961 Y110.238
G0 X111.261 Y110.77
G0 X111.352 Y110.678
G1 F2805.5 X111.599 Y110.715 E1212.52142
G0 F15000 X112.865 Y109.731
G1 F2805.5 X112.58 Y109.733 E1212.54021
G0 F15000 X112.52 Y109.793
G0 X113.838 Y108.893
G0 X113.8 Y108.796
G1 F2805.5 X113.84 Y108.756 E1212.54153
G0 F15000 X113.919 Y108.96
G1 F2805.5 X114.313 Y108.567 E1212.55448
G1 F1500 E1206.05448
;MESH:NONMESH
G0 F300 X114.313 Y108.567 Z17.08
G0 F15000 X114.238 Y108.658
G0 X108.942 Y112.823
G0 X107.857 Y112.823
G0 X99.703 Y112.974
G0 X98.8 Y112.367
G0 X97.422 Y112.823
;TIME_ELAPSED:1255.625575
;LAYER:60
;TYPE:WALL-INNER
;MESH:terminale zanzariera verticale antivento con bottoncini.stl(1)
G1 F1500 E1212.55448
G1 F2839.1 X97.422 Y112.059 E1212.59006
G1 X97.422 Y112.058 E1212.5901
G1 X97.422 Y111.446 E1212.6186
G1 X97.984 Y111.219 E1212.64682
G1 X98.686 Y110.936 E1212.68207
G1 X98.215 Y111.528 E1212.70025
G1 X97.984 Y111.818 E1212.71752
G1 X97.795 Y112.156 E1212.73555
G1 X97.422 Y112.823 E1212.75392
G0 F15000 X97.022 Y116.102
G1 F2839.1 X97.022 Y114.628 E1212.82256
G1 X97.022 Y113.974 E1212.85301
G1 X97.022 Y111.176 E1212.9833
G1 X99.281 Y110.264 E1213.09674
G1 X99.391 Y110.22 E1213.10225
G1 X99.965 Y109.988 E1213.13108
G1 X99.518 Y110.532 E1213.14658
G1 X99.444 Y110.625 E1213.15169
G1 X98.317 Y112.042 E1213.236
G1 X97.648 Y113.238 E1213.29981
G1 X97.416 Y114.002 E1213.33699
G1 X97.227 Y114.628 E1213.36011
G1 X97.022 Y116.102 E1213.37828
G0 F15000 X96.622 Y120.693
G1 F2839.1 X96.622 Y118.809 E1213.466
G1 X96.622 Y118.808 E1213.46605
G1 X96.622 Y99.707 E1214.35547
G1 X93.422 Y99.707 E1214.50448
G1 X93.422 Y109.707 E1214.97012
G1 X92.622 Y109.707 E1215.00737
G1 X92.622 Y98.907 E1215.51026
G1 X97.422 Y98.907 E1215.73377
G1 X97.422 Y110.288 E1216.26372
G1 X97.422 Y110.289 E1216.26377
G1 X97.422 Y110.583 E1216.27746
G1 X97.695 Y110.473 E1216.28548
G1 X100.547 Y109.321 E1216.42871
G1 X100.548 Y109.32 E1216.42878
G1 X101.272 Y109.029 E1216.46511
G1 X100.777 Y109.632 E1216.48384
G1 X100.776 Y109.633 E1216.48391
G1 X99.829 Y110.784 E1216.55331
G1 X98.65 Y112.266 E1216.6415
G1 X98.018 Y113.395 E1216.70174
G1 X97.619 Y114.714 E1216.76591
G1 X97.363 Y116.553 E1216.85237
G1 X97.034 Y118.768 E1216.95664
G1 X97.016 Y118.85 E1216.96055
G1 X96.622 Y120.693 E1217.00467
G0 F15000 X96.222 Y121.492
;TYPE:WALL-OUTER
G1 F2839.1 X96.222 Y100.107 E1218.00045
G1 X93.822 Y100.107 E1218.1122
G1 X93.822 Y110.107 E1218.57784
G1 X92.222 Y110.107 E1218.65234
G1 X92.222 Y98.507 E1219.19249
G1 X97.822 Y98.507 E1219.45325
G1 X97.822 Y109.99 E1219.98795
G1 X102.417 Y108.135 E1220.21869
G1 X101.722 Y109.111 E1220.27448
G1 X100.14 Y111.036 E1220.3905
G1 X98.983 Y112.49 E1220.47702
G1 X98.388 Y113.552 E1220.53371
G1 X98.011 Y114.8 E1220.59441
G1 X97.759 Y116.612 E1220.6796
G1 X97.429 Y118.832 E1220.78411
G1 X96.86 Y121.493 E1220.91081
G1 X96.222 Y121.492 E1220.94052
G0 F15000 X96.411 Y121.301
;TYPE:SKIN
G1 F2839.1 X96.553 Y121.16 E1220.94993
G1 X96.642 Y120.967 E1220.95992
G0 F15000 X96.522 Y120.843
G0 X96.873 Y118.652
G0 X96.834 Y118.613
G1 F2839.1 X96.853 Y118.349 E1220.9681
G1 X96.981 Y116.497 E1221.02547
G1 X97.116 Y116.349 E1221.03166
G0 F15000 X97.029 Y116.262
G0 X97.317 Y113.722
G0 X97.256 Y113.661
G1 F2839.1 X97.29 Y113.412 E1221.03957
G1 X97.483 Y113.039 E1221.05278
G0 F15000 X97.531 Y113.088
G0 X97.744 Y111.886
G0 X97.67 Y111.812
G1 F2839.1 X97.761 Y111.62 E1221.06028
G1 X97.923 Y111.5 E1221.0674
G0 F15000 X97.021 Y110.598
G1 F2839.1 X97.021 Y110.315 E1221.08216
G1 X97.021 Y99.85 E1221.62789
G1 X96.477 Y99.305 E1221.66804
G1 X93.083 Y99.305 E1221.84504
G1 X93.021 Y100.092 E1221.8862
G1 X93.021 Y109.143 E1222.3582
G1 X92.819 Y109.507 E1222.37991
G0 F15000 X92.843 Y109.531
G0 X93.594 Y99.879
G0 X96.45 Y99.879
G0 X96.797 Y110.656
G0 X96.952 Y110.811
G1 F2839.1 X96.851 Y110.993 E1222.39372
G0 F15000 X96.797 Y110.939
G0 X98.776 Y110.655
G0 X98.893 Y110.772
G1 F2839.1 X99.056 Y110.653 E1222.40235
G1 X99.219 Y110.533 E1222.411
G0 F15000 X99.26 Y110.574
G0 X100.081 Y109.697
G0 X100.194 Y109.81
G1 F2839.1 X100.359 Y109.692 E1222.41938
G1 X100.523 Y109.574 E1222.42772
G0 F15000 X100.563 Y109.614
G0 X101.431 Y108.855
G0 X101.498 Y108.852
G1 F2839.1 X101.657 Y108.728 E1222.43548
G1 X101.817 Y108.605 E1222.44324
G0 F15000 X101.783 Y108.659
G0 X97.6 Y110.319
G0 X97.246 Y99.792
G1 F2839.1 X96.535 Y99.081 E1222.46666
G0 F15000 X96.818 Y99.081
G1 F2839.1 X97.246 Y99.509 E1222.48075
G0 F15000 X97.246 Y99.226
G1 F2839.1 X97.101 Y99.081 E1222.48552
G0 F15000 X97.101 Y99.107
G1 F1500 E1215.98552
;MESH:terminale zanzariera verticale antivento con bottoncini.stl
G0 F15000 X97.611 Y110.302
G0 X98.669 Y108.734
G0 X102.692 Y107.1
G0 X103.487 Y108.11
G0 X103.861 Y110.464
G0 X104.365 Y110.968
G0 X106.679 Y110.968
G0 X107.857 Y110.302
G0 X108.942 Y110.302
G0 X109.922 Y112.823
;TYPE:WALL-INNER
G1 F1500 E1222.48552
G1 F2839.1 X109.922 Y112.059 E1222.5211
G1 X109.922 Y112.058 E1222.52114
G1 X109.922 Y111.446 E1222.54964
G1 X110.484 Y111.219 E1222.57786
G1 X111.186 Y110.936 E1222.61311
G1 X110.715 Y111.528 E1222.63129
G1 X110.484 Y111.818 E1222.64856
G1 X110.295 Y112.156 E1222.66659
G1 X109.922 Y112.823 E1222.68496
G0 F15000 X109.522 Y116.102
G1 F2839.1 X109.522 Y114.628 E1222.7536
G1 X109.522 Y113.974 E1222.78405
G1 X109.522 Y111.176 E1222.91434
G1 X111.781 Y110.264 E1223.02778
G1 X111.891 Y110.22 E1223.03329
G1 X112.465 Y109.988 E1223.06212
G1 X112.018 Y110.532 E1223.07762
G1 X111.944 Y110.625 E1223.08273
G1 X110.817 Y112.042 E1223.16704
G1 X110.148 Y113.238 E1223.23085
G1 X109.916 Y114.002 E1223.26803
G1 X109.727 Y114.628 E1223.29115
G1 X109.522 Y116.102 E1223.30932
G0 F15000 X109.122 Y120.693
G1 F2839.1 X109.122 Y118.809 E1223.39704
G1 X109.122 Y118.808 E1223.39709
G1 X109.122 Y99.707 E1224.28651
G1 X105.922 Y99.707 E1224.43552
G1 X105.922 Y109.707 E1224.90116
G1 X105.122 Y109.707 E1224.93841
G1 X105.122 Y98.907 E1225.4413
G1 X109.922 Y98.907 E1225.66481
G1 X109.922 Y110.288 E1226.19476
G1 X109.922 Y110.289 E1226.1948
G1 X109.922 Y110.583 E1226.20849
G1 X110.195 Y110.473 E1226.21652
G1 X113.047 Y109.321 E1226.35975
G1 X113.048 Y109.32 E1226.35982
G1 X113.772 Y109.029 E1226.39615
G1 X113.277 Y109.632 E1226.41488
G1 X113.276 Y109.633 E1226.41495
G1 X112.329 Y110.784 E1226.48435
G1 X111.15 Y112.266 E1226.57254
G1 X110.518 Y113.395 E1226.63278
G1 X110.119 Y114.714 E1226.69695
G1 X109.863 Y116.553 E1226.78341
G1 X109.534 Y118.768 E1226.88768
G1 X109.516 Y118.85 E1226.89159
G1 X109.122 Y120.693 E1226.93571
G0 F15000 X108.722 Y121.492
;TYPE:WALL-OUTER
G1 F2839.1 X108.722 Y100.107 E1227.93149
G1 X106.322 Y100.107 E1228.04324
G1 X106.322 Y110.107 E1228.50888
G1 X104.722 Y110.107 E1228.58338
G1 X104.722 Y98.507 E1229.12353
G1 X110.322 Y98.507 E1229.38429
G1 X110.322 Y109.99 E1229.91898
G1 X114.917 Y108.135 E1230.14972
G1 X114.222 Y109.111 E1230.20552
G1 X112.64 Y111.036 E1230.32154
G1 X111.483 Y112.49 E1230.40806
G1 X110.888 Y113.552 E1230.46475
G1 X110.511 Y114.8 E1230.52545
G1 X110.259 Y116.612 E1230.61064
G1 X109.929 Y118.832 E1230.71515
G1 X109.36 Y121.493 E1230.84185
G1 X108.722 Y121.492 E1230.87156
G0 F15000 X109.024 Y121.187
;TYPE:SKIN
G1 F2839.1 X109.107 Y120.986 E1230.88335
G1 X109.289 Y120.886 E1230.8946
G0 F15000 X109.191 Y120.852
G0 X109.332 Y118.666
G0 X109.314 Y118.648
G1 F2839.1 X109.349 Y118.4 E1230.90221
G1 X109.477 Y116.548 E1230.95857
G1 X109.583 Y116.371 E1230.96484
G0 F15000 X109.47 Y116.258
G0 X109.805 Y113.764
G0 X109.751 Y113.71
G1 F2839.1 X109.783 Y113.46 E1230.97281
G1 X109.936 Y113.047 E1230.98673
G0 F15000 X110.011 Y113.122
G0 X110.225 Y111.922
G0 X110.16 Y111.857
G1 F2839.1 X110.23 Y111.644 E1230.9946
G1 X110.392 Y111.523 E1231.0017
G0 F15000 X109.521 Y110.652
G1 F2839.1 X109.521 Y110.369 E1231.01655
G1 X109.521 Y99.904 E1231.5656
G1 X108.923 Y99.306 E1231.60997
G1 X109.364 Y99.464 E1231.63454
G0 F15000 X109.747 Y99.564
G1 F2839.1 X109.264 Y99.081 E1231.65045
G0 F15000 X109.547 Y99.081
G1 F2839.1 X109.747 Y99.282 E1231.65705
G0 F15000 X108.64 Y99.306
G1 F2839.1 X108.357 Y99.306 E1231.67247
G1 X105.529 Y99.306 E1231.82657
G1 X105.521 Y105.238 E1232.1498
G1 X105.521 Y109.198 E1232.36558
G1 X105.433 Y109.393 E1232.37724
G0 F15000 X105.571 Y109.531
G0 X106.094 Y99.879
G0 X108.95 Y99.879
G0 X109.296 Y110.71
G0 X109.432 Y110.846
G1 F2839.1 X109.331 Y111.028 E1232.38852
G0 F15000 X109.296 Y110.993
G0 X111.237 Y110.672
G0 X111.361 Y110.796
G1 F2839.1 X111.525 Y110.676 E1232.398
G1 X111.688 Y110.557 E1232.40742
G0 F15000 X111.737 Y110.605
G0 X112.542 Y109.713
G0 X112.662 Y109.834
G1 F2839.1 X112.826 Y109.715 E1232.41656
G1 X112.991 Y109.597 E1232.42571
G0 F15000 X113.038 Y109.644
G0 X113.892 Y108.871
G0 X113.967 Y108.875
G1 F2839.1 X114.126 Y108.752 E1232.43885
G0 F15000 X114.25 Y108.593
G1 F2839.1 X114.322 Y108.666 E1232.44123
G1 F1500 E1225.94123
;MESH:NONMESH
G0 F300 X114.322 Y108.666 Z17.36
G0 F15000 X114.217 Y108.686
G0 X108.942 Y112.823
G0 X107.857 Y112.823
G0 X99.703 Y112.974
G0 X98.8 Y112.367
G0 X97.422 Y112.823
;TIME_ELAPSED:1276.385687
;LAYER:61
;TYPE:WALL-INNER
;MESH:terminale zanzariera verticale antivento con bottoncini.stl(1)
G1 F1500 E1232.44123
G1 F2805.5 X97.422 Y112.059 E1232.47681
G1 X97.422 Y112.058 E1232.47686
G1 X97.422 Y111.446 E1232.50535
G1 X97.984 Y111.219 E1232.53358
G1 X98.686 Y110.936 E1232.56882
G1 X98.215 Y111.528 E1232.587
G1 X97.984 Y111.818 E1232.60427
G1 X97.795 Y112.156 E1232.6223
G1 X97.422 Y112.823 E1232.64067
G0 F15000 X97.022 Y116.102
G1 F2805.5 X97.022 Y114.628 E1232.70931
G1 X97.022 Y113.974 E1232.73976
G1 X97.022 Y111.176 E1232.87005
G1 X99.281 Y110.264 E1232.98349
G1 X99.391 Y110.22 E1232.989
G1 X99.965 Y109.988 E1233.01783
G1 X99.518 Y110.532 E1233.03334
G1 X99.444 Y110.625 E1233.03845
G1 X98.317 Y112.042 E1233.12275
G1 X97.648 Y113.238 E1233.18656
G1 X97.416 Y114.002 E1233.22374
G1 X97.227 Y114.628 E1233.24686
G1 X97.022 Y116.102 E1233.26503
G0 F15000 X96.622 Y120.693
G1 F2805.5 X96.622 Y118.809 E1233.35275
G1 X96.622 Y118.808 E1233.3528
G1 X96.622 Y99.707 E1234.24222
G1 X93.422 Y99.707 E1234.39123
G1 X93.422 Y109.707 E1234.85687
G1 X92.622 Y109.707 E1234.89412
G1 X92.622 Y98.907 E1235.39701
G1 X97.422 Y98.907 E1235.62052
G1 X97.422 Y110.288 E1236.15047
G1 X97.422 Y110.289 E1236.15052
G1 X97.422 Y110.583 E1236.16421
G1 X97.695 Y110.473 E1236.17224
G1 X100.547 Y109.321 E1236.31546
G1 X100.548 Y109.32 E1236.31553
G1 X101.272 Y109.029 E1236.35186
G1 X100.777 Y109.632 E1236.3706
G1 X100.776 Y109.633 E1236.37066
G1 X99.829 Y110.784 E1236.44007
G1 X98.65 Y112.266 E1236.52825
G1 X98.018 Y113.395 E1236.58849
G1 X97.619 Y114.714 E1236.65266
G1 X97.363 Y116.553 E1236.73912
G1 X97.034 Y118.768 E1236.84339
G1 X97.016 Y118.85 E1236.8473
G1 X96.622 Y120.693 E1236.89142
G0 F15000 X96.222 Y121.492
;TYPE:WALL-OUTER
G1 F2805.5 X96.222 Y100.107 E1237.8872
G1 X93.822 Y100.107 E1237.99895
G1 X93.822 Y110.107 E1238.46459
G1 X92.222 Y110.107 E1238.5391
G1 X92.222 Y98.507 E1239.07924
G1 X97.822 Y98.507 E1239.34
G1 X97.822 Y109.99 E1239.8747
G1 X102.417 Y108.135 E1240.10544
G1 X101.722 Y109.111 E1240.16123
G1 X100.14 Y111.036 E1240.27725
G1 X98.983 Y112.49 E1240.36377
G1 X98.388 Y113.552 E1240.42046
G1 X98.011 Y114.8 E1240.48116
G1 X97.759 Y116.612 E1240.56635
G1 X97.429 Y118.832 E1240.67086
G1 X96.86 Y121.493 E1240.79757
G1 X96.222 Y121.492 E1240.82727
G0 F15000 X96.627 Y121.16
;TYPE:SKIN
G1 F2805.5 X96.523 Y120.982 E1240.84589
G0 F15000 X96.522 Y121.109
G0 X96.796 Y118.446
G0 X96.859 Y118.383
G1 F2805.5 X96.883 Y118.075 E1240.85638
G1 X97.006 Y116.538 E1240.90876
G1 X96.899 Y116.363 E1240.91572
G0 F15000 X97.003 Y116.26
G0 X97.197 Y113.803
G0 X97.265 Y113.734
G1 F2805.5 X97.327 Y113.39 E1240.92766
G1 X97.319 Y113.114 E1240.9371
G0 F15000 X97.442 Y112.992
G0 X97.581 Y111.922
G0 X97.698 Y111.887
G1 F2805.5 X97.717 Y111.585 E1240.9518
G0 F15000 X97.838 Y111.465
G0 X97.246 Y110.642
G0 X97.021 Y110.867
G1 F2805.5 X97.021 Y110.584 E1240.96686
G1 X97.021 Y99.553 E1241.55408
G1 X96.986 Y99.306 E1241.56736
G1 X93.592 Y99.306 E1241.74804
G1 X93.165 Y99.449 E1241.77201
G0 F15000 X92.797 Y99.535
G1 F2805.5 X93.251 Y99.081 E1241.78696
G0 F15000 X92.882 Y99.167
G1 F2805.5 X93.021 Y99.876 E1241.8232
G1 X93.021 Y109.21 E1242.29142
G1 X93.114 Y109.399 E1242.30198
G0 F15000 X92.983 Y109.531
G0 X93.594 Y99.879
G0 X96.45 Y99.879
G0 X96.461 Y110.291
G0 X98.785 Y110.8
G0 X98.91 Y110.674
G1 F2805.5 X99.017 Y110.85 E1242.31763
G0 F15000 X98.906 Y110.962
G0 X100.164 Y109.987
G0 X100.389 Y109.762
G1 F2805.5 X100.138 Y109.729 E1242.33867
G0 F15000 X100.044 Y109.824
G0 X101.348 Y108.889
G0 X101.378 Y108.773
G1 F2805.5 X101.646 Y108.788 E1242.35553
G1 F1500 E1235.85553
;MESH:terminale zanzariera verticale antivento con bottoncini.stl
G0 F15000 X101.735 Y108.733
G0 X102.714 Y109.209
G0 X103.857 Y108.588
G0 X104.942 Y108.588
G0 X106.094 Y99.879
G0 X108.95 Y99.879
G0 X109.922 Y112.823
;TYPE:WALL-INNER
G1 F1500 E1242.35553
G1 F2805.5 X109.922 Y112.059 E1242.3911
G1 X109.922 Y112.058 E1242.39115
G1 X109.922 Y111.446 E1242.41965
G1 X110.484 Y111.219 E1242.44787
G1 X111.186 Y110.936 E1242.48311
G1 X110.715 Y111.528 E1242.5013
G1 X110.484 Y111.818 E1242.51856
G1 X110.295 Y112.156 E1242.53659
G1 X109.922 Y112.823 E1242.55497
G0 F15000 X109.522 Y116.102
G1 F2805.5 X109.522 Y114.628 E1242.6236
G1 X109.522 Y113.974 E1242.65406
G1 X109.522 Y111.176 E1242.78434
G1 X111.781 Y110.264 E1242.89778
G1 X111.891 Y110.22 E1242.9033
G1 X112.465 Y109.988 E1242.93213
G1 X112.018 Y110.532 E1242.94763
G1 X111.944 Y110.625 E1242.95274
G1 X110.817 Y112.042 E1243.03705
G1 X110.148 Y113.238 E1243.10086
G1 X109.916 Y114.002 E1243.13804
G1 X109.727 Y114.628 E1243.16116
G1 X109.522 Y116.102 E1243.17932
G0 F15000 X109.122 Y120.693
G1 F2805.5 X109.122 Y118.809 E1243.26705
G1 X109.122 Y118.808 E1243.26709
G1 X109.122 Y99.707 E1244.15652
G1 X105.922 Y99.707 E1244.30552
G1 X105.922 Y109.707 E1244.77116
G1 X105.122 Y109.707 E1244.80842
G1 X105.122 Y98.907 E1245.31131
G1 X109.922 Y98.907 E1245.53482
G1 X109.922 Y110.288 E1246.06476
G1 X109.922 Y110.289 E1246.06481
G1 X109.922 Y110.583 E1246.0785
G1 X110.195 Y110.473 E1246.08653
G1 X113.047 Y109.321 E1246.22976
G1 X113.048 Y109.32 E1246.22982
G1 X113.772 Y109.029 E1246.26616
G1 X113.277 Y109.632 E1246.28489
G1 X113.276 Y109.633 E1246.28496
G1 X112.329 Y110.784 E1246.35436
G1 X111.15 Y112.266 E1246.44254
G1 X110.518 Y113.395 E1246.50279
G1 X110.119 Y114.714 E1246.56696
G1 X109.863 Y116.553 E1246.65341
G1 X109.534 Y118.768 E1246.75768
G1 X109.516 Y118.85 E1246.76159
G1 X109.122 Y120.693 E1246.80572
G0 F15000 X108.722 Y121.492
;TYPE:WALL-OUTER
G1 F2805.5 X108.722 Y100.107 E1247.80149
G1 X106.322 Y100.107 E1247.91325
G1 X106.322 Y110.107 E1248.37889
G1 X104.722 Y110.107 E1248.45339
G1 X104.722 Y98.507 E1248.99353
G1 X110.322 Y98.507 E1249.25429
G1 X110.322 Y109.99 E1249.78899
G1 X114.917 Y108.135 E1250.01973
G1 X114.222 Y109.111 E1250.07552
G1 X112.64 Y111.036 E1250.19154
G1 X111.483 Y112.49 E1250.27807
G1 X110.888 Y113.552 E1250.33475
G1 X110.511 Y114.8 E1250.39546
G1 X110.259 Y116.612 E1250.48064
G1 X109.929 Y118.832 E1250.58515
G1 X109.36 Y121.493 E1250.71186
G1 X108.722 Y121.492 E1250.74157
G0 F15000 X109.108 Y121.125
;TYPE:SKIN
G1 F2805.5 X108.998 Y120.951 E1250.7609
G0 F15000 X109.022 Y121.053
G0 X109.305 Y118.665
G0 X109.344 Y118.626
G1 F2805.5 X109.364 Y118.323 E1250.77024
G1 X109.506 Y116.484 E1250.82696
G1 X109.374 Y116.333 E1250.83313
G0 F15000 X109.452 Y116.256
G0 X109.697 Y113.748
G0 X109.777 Y113.667
G1 F2805.5 X109.839 Y113.322 E1250.846
G1 X109.797 Y113.082 E1250.85496
G0 F15000 X109.697 Y113.183
G0 X110.081 Y111.922
G0 X110.267 Y111.763
G1 F2805.5 X110.171 Y111.577 E1250.86039
G1 X109.71 Y110.905 E1250.88155
G0 F15000 X109.521 Y110.812
G1 F2805.5 X109.521 Y110.529 E1250.89666
G1 X109.521 Y99.498 E1251.48563
G0 F15000 X109.43 Y99.306
G1 F2805.5 X109.147 Y99.306 E1251.49997
G1 X106.036 Y99.306 E1251.65765
G1 X105.637 Y99.422 E1251.67871
G1 X105.354 Y99.139 E1251.69899
G1 X105.521 Y100.104 E1251.74863
G1 X105.521 Y109.155 E1252.20735
G1 X105.728 Y109.513 E1252.22831
G0 F15000 X105.746 Y109.496
G0 X106.094 Y99.879
G0 X108.95 Y99.879
G0 X108.961 Y110.238
G0 X111.261 Y110.77
G0 X111.352 Y110.678
G1 F2805.5 X111.599 Y110.715 E1252.24865
G0 F15000 X112.865 Y109.731
G1 F2805.5 X112.58 Y109.733 E1252.26744
G0 F15000 X112.52 Y109.793
G0 X113.838 Y108.893
G0 X113.8 Y108.796
G1 F2805.5 X113.84 Y108.756 E1252.26876
G0 F15000 X113.919 Y108.96
G1 F2805.5 X114.313 Y108.567 E1252.28171
G1 F1500 E1245.78171
;MESH:NONMESH
G0 F300 X114.313 Y108.567 Z17.64
G0 F15000 X114.238 Y108.658
G0 X108.942 Y112.823
G0 X107.857 Y112.823
G0 X99.703 Y112.974
G0 X98.8 Y112.367
G0 X97.422 Y112.823
;TIME_ELAPSED:1296.243028
;LAYER:62
;TYPE:WALL-INNER
;MESH:terminale zanzariera verticale antivento con bottoncini.stl(1)
G1 F1500 E1252.28171
G1 F2839.1 X97.422 Y112.059 E1252.31729
G1 X97.422 Y112.058 E1252.31734
G1 X97.422 Y111.446 E1252.34583
G1 X97.984 Y111.219 E1252.37406
G1 X98.686 Y110.936 E1252.4093
G1 X98.215 Y111.528 E1252.42748
G1 X97.984 Y111.818 E1252.44475
G1 X97.795 Y112.156 E1252.46278
G1 X97.422 Y112.823 E1252.48116
G0 F15000 X97.022 Y116.102
G1 F2839.1 X97.022 Y114.628 E1252.54979
G1 X97.022 Y113.974 E1252.58024
G1 X97.022 Y111.176 E1252.71053
G1 X99.281 Y110.264 E1252.82397
G1 X99.391 Y110.22 E1252.82948
G1 X99.965 Y109.988 E1252.85831
G1 X99.518 Y110.532 E1252.87382
G1 X99.444 Y110.625 E1252.87893
G1 X98.317 Y112.042 E1252.96323
G1 X97.648 Y113.238 E1253.02704
G1 X97.416 Y114.002 E1253.06422
G1 X97.227 Y114.628 E1253.08734
G1 X97.022 Y116.102 E1253.10551
G0 F15000 X96.622 Y120.693
G1 F2839.1 X96.622 Y118.809 E1253.19323
G1 X96.622 Y118.808 E1253.19328
G1 X96.622 Y99.707 E1254.0827
G1 X93.422 Y99.707 E1254.23171
G1 X93.422 Y109.707 E1254.69735
G1 X92.622 Y109.707 E1254.7346
G1 X92.622 Y98.907 E1255.2375
G1 X97.422 Y98.907 E1255.461
G1 X97.422 Y110.288 E1255.99095
G1 X97.422 Y110.289 E1255.991
G1 X97.422 Y110.583 E1256.00469
G1 X97.695 Y110.473 E1256.01272
G1 X100.547 Y109.321 E1256.15594
G1 X100.548 Y109.32 E1256.15601
G1 X101.272 Y109.029 E1256.19234
G1 X100.777 Y109.632 E1256.21108
G1 X100.776 Y109.633 E1256.21114
G1 X99.829 Y110.784 E1256.28055
G1 X98.65 Y112.266 E1256.36873
G1 X98.018 Y113.395 E1256.42898
G1 X97.619 Y114.714 E1256.49314
G1 X97.363 Y116.553 E1256.5796
G1 X97.034 Y118.768 E1256.68387
G1 X97.016 Y118.85 E1256.68778
G1 X96.622 Y120.693 E1256.7319
G0 F15000 X96.222 Y121.492
;TYPE:WALL-OUTER
G1 F2839.1 X96.222 Y100.107 E1257.72768
G1 X93.822 Y100.107 E1257.83943
G1 X93.822 Y110.107 E1258.30507
G1 X92.222 Y110.107 E1258.37958
G1 X92.222 Y98.507 E1258.91972
G1 X97.822 Y98.507 E1259.18048
G1 X97.822 Y109.99 E1259.71518
G1 X102.417 Y108.135 E1259.94592
G1 X101.722 Y109.111 E1260.00171
G1 X100.14 Y111.036 E1260.11773
G1 X98.983 Y112.49 E1260.20425
G1 X98.388 Y113.552 E1260.26094
G1 X98.011 Y114.8 E1260.32164
G1 X97.759 Y116.612 E1260.40683
G1 X97.429 Y118.832 E1260.51134
G1 X96.86 Y121.493 E1260.63805
G1 X96.222 Y121.492 E1260.66775
G0 F15000 X96.411 Y121.301
;TYPE:SKIN
G1 F2839.1 X96.553 Y121.16 E1260.67716
G1 X96.642 Y120.967 E1260.68716
G0 F15000 X96.522 Y120.843
G0 X96.873 Y118.652
G0 X96.834 Y118.613
G1 F2839.1 X96.853 Y118.349 E1260.69533
G1 X96.981 Y116.497 E1260.7527
G1 X97.116 Y116.349 E1260.75889
G0 F15000 X97.029 Y116.262
G0 X97.317 Y113.722
G0 X97.256 Y113.661
G1 F2839.1 X97.29 Y113.412 E1260.7668
G1 X97.483 Y113.039 E1260.78001
G0 F15000 X97.531 Y113.088
G0 X97.744 Y111.886
G0 X97.67 Y111.812
G1 F2839.1 X97.761 Y111.62 E1260.78751
G1 X97.923 Y111.5 E1260.79463
G0 F15000 X97.021 Y110.598
G1 F2839.1 X97.021 Y110.315 E1260.80939
G1 X97.021 Y99.85 E1261.35512
G1 X96.477 Y99.305 E1261.39528
G1 X93.083 Y99.305 E1261.57227
G1 X93.021 Y100.092 E1261.61344
G1 X93.021 Y109.143 E1262.08543
G1 X92.819 Y109.507 E1262.10714
G0 F15000 X92.843 Y109.531
G0 X93.594 Y99.879
G0 X96.45 Y99.879
G0 X96.797 Y110.656
G0 X96.952 Y110.811
G1 F2839.1 X96.851 Y110.993 E1262.12095
G0 F15000 X96.797 Y110.939
G0 X98.776 Y110.655
G0 X98.893 Y110.772
G1 F2839.1 X99.056 Y110.653 E1262.12958
G1 X99.219 Y110.533 E1262.13823
G0 F15000 X99.26 Y110.574
G0 X100.081 Y109.697
G0 X100.194 Y109.81
G1 F2839.1 X100.359 Y109.692 E1262.14661
G1 X100.523 Y109.574 E1262.15495
G0 F15000 X100.563 Y109.614
G0 X101.431 Y108.855
G0 X101.498 Y108.852
G1 F2839.1 X101.657 Y108.728 E1262.16271
G1 X101.817 Y108.605 E1262.17048
G0 F15000 X101.783 Y108.659
G0 X97.6 Y110.319
G0 X97.246 Y99.792
G1 F2839.1 X96.535 Y99.081 E1262.19389
G0 F15000 X96.818 Y99.081
G1 F2839.1 X97.246 Y99.509 E1262.20798
G0 F15000 X97.246 Y99.226
G1 F2839.1 X97.101 Y99.081 E1262.21275
G0 F15000 X97.101 Y99.107
G1 F1500 E1255.71275
;MESH:terminale zanzariera verticale antivento con bottoncini.stl
G0 F15000 X97.611 Y110.302
G0 X98.669 Y108.734
G0 X102.692 Y107.1
G0 X103.487 Y108.11
G0 X103.861 Y110.464
G0 X104.365 Y110.968
G0 X106.679 Y110.968
G0 X107.857 Y110.302
G0 X108.942 Y110.302
G0 X109.922 Y112.823
;TYPE:WALL-INNER
G1 F1500 E1262.21275
G1 F2839.1 X109.922 Y112.059 E1262.24833
G1 X109.922 Y112.058 E1262.24837
G1 X109.922 Y111.446 E1262.27687
G1 X110.484 Y111.219 E1262.3051
G1 X111.186 Y110.936 E1262.34034
G1 X110.715 Y111.528 E1262.35852
G1 X110.484 Y111.818 E1262.37579
G1 X110.295 Y112.156 E1262.39382
G1 X109.922 Y112.823 E1262.41219
G0 F15000 X109.522 Y116.102
G1 F2839.1 X109.522 Y114.628 E1262.48083
G1 X109.522 Y113.974 E1262.51128
G1 X109.522 Y111.176 E1262.64157
G1 X111.781 Y110.264 E1262.75501
G1 X111.891 Y110.22 E1262.76052
G1 X112.465 Y109.988 E1262.78935
G1 X112.018 Y110.532 E1262.80486
G1 X111.944 Y110.625 E1262.80997
G1 X110.817 Y112.042 E1262.89427
G1 X110.148 Y113.238 E1262.95808
G1 X109.916 Y114.002 E1262.99526
G1 X109.727 Y114.628 E1263.01838
G1 X109.522 Y116.102 E1263.03655
G0 F15000 X109.122 Y120.693
G1 F2839.1 X109.122 Y118.809 E1263.12427
G1 X109.122 Y118.808 E1263.12432
G1 X109.122 Y99.707 E1264.01374
G1 X105.922 Y99.707 E1264.16275
G1 X105.922 Y109.707 E1264.62839
G1 X105.122 Y109.707 E1264.66564
G1 X105.122 Y98.907 E1265.16853
G1 X109.922 Y98.907 E1265.39204
G1 X109.922 Y110.288 E1265.92199
G1 X109.922 Y110.289 E1265.92204
G1 X109.922 Y110.583 E1265.93573
G1 X110.195 Y110.473 E1265.94376
G1 X113.047 Y109.321 E1266.08698
G1 X113.048 Y109.32 E1266.08705
G1 X113.772 Y109.029 E1266.12338
G1 X113.277 Y109.632 E1266.14212
G1 X113.276 Y109.633 E1266.14218
G1 X112.329 Y110.784 E1266.21159
G1 X111.15 Y112.266 E1266.29977
G1 X110.518 Y113.395 E1266.36001
G1 X110.119 Y114.714 E1266.42418
G1 X109.863 Y116.553 E1266.51064
G1 X109.534 Y118.768 E1266.61491
G1 X109.516 Y118.85 E1266.61882
G1 X109.122 Y120.693 E1266.66294
G0 F15000 X108.722 Y121.492
;TYPE:WALL-OUTER
G1 F2839.1 X108.722 Y100.107 E1267.65872
G1 X106.322 Y100.107 E1267.77047
G1 X106.322 Y110.107 E1268.23611
G1 X104.722 Y110.107 E1268.31062
G1 X104.722 Y98.507 E1268.85076
G1 X110.322 Y98.507 E1269.11152
G1 X110.322 Y109.99 E1269.64622
G1 X114.917 Y108.135 E1269.87696
G1 X114.222 Y109.111 E1269.93275
G1 X112.64 Y111.036 E1270.04877
G1 X111.483 Y112.49 E1270.13529
G1 X110.888 Y113.552 E1270.19198
G1 X110.511 Y114.8 E1270.25268
G1 X110.259 Y116.612 E1270.33787
G1 X109.929 Y118.832 E1270.44238
G1 X109.36 Y121.493 E1270.56909
G1 X108.722 Y121.492 E1270.59879
G0 F15000 X109.024 Y121.187
;TYPE:SKIN
G1 F2839.1 X109.107 Y120.986 E1270.61058
G1 X109.289 Y120.886 E1270.62183
G0 F15000 X109.191 Y120.852
G0 X109.332 Y118.666
G0 X109.314 Y118.648
G1 F2839.1 X109.349 Y118.4 E1270.62944
G1 X109.477 Y116.548 E1270.6858
G1 X109.583 Y116.371 E1270.69207
G0 F15000 X109.47 Y116.258
G0 X109.805 Y113.764
G0 X109.751 Y113.71
G1 F2839.1 X109.783 Y113.46 E1270.70004
G1 X109.936 Y113.047 E1270.71396
G0 F15000 X110.011 Y113.122
G0 X110.225 Y111.922
G0 X110.16 Y111.857
G1 F2839.1 X110.23 Y111.644 E1270.72184
G1 X110.392 Y111.523 E1270.72894
G0 F15000 X109.521 Y110.652
G1 F2839.1 X109.521 Y110.369 E1270.74378
G1 X109.521 Y99.904 E1271.29283
G1 X108.923 Y99.306 E1271.3372
G1 X109.364 Y99.464 E1271.36178
G0 F15000 X109.747 Y99.564
G1 F2839.1 X109.264 Y99.081 E1271.37768
G0 F15000 X109.547 Y99.081
G1 F2839.1 X109.747 Y99.282 E1271.38428
G0 F15000 X108.64 Y99.306
G1 F2839.1 X108.357 Y99.306 E1271.3997
G1 X105.529 Y99.306 E1271.5538
G1 X105.521 Y105.238 E1271.87703
G1 X105.521 Y109.198 E1272.09282
G1 X105.433 Y109.393 E1272.10447
G0 F15000 X105.571 Y109.531
G0 X106.094 Y99.879
G0 X108.95 Y99.879
G0 X109.296 Y110.71
G0 X109.432 Y110.846
G1 F2839.1 X109.331 Y111.028 E1272.11575
G0 F15000 X109.296 Y110.993
G0 X111.237 Y110.672
G0 X111.361 Y110.796
G1 F2839.1 X111.525 Y110.676 E1272.12523
G1 X111.688 Y110.557 E1272.13465
G0 F15000 X111.737 Y110.605
G0 X112.542 Y109.713
G0 X112.662 Y109.834
G1 F2839.1 X112.826 Y109.715 E1272.14379
G1 X112.991 Y109.597 E1272.15295
G0 F15000 X113.038 Y109.644
G0 X113.892 Y108.871
G0 X113.967 Y108.875
G1 F2839.1 X114.126 Y108.752 E1272.16608
G0 F15000 X114.25 Y108.593
G1 F2839.1 X114.322 Y108.666 E1272.16847
G1 F1500 E1265.66847
;MESH:NONMESH
G0 F300 X114.322 Y108.666 Z17.92
G0 F15000 X114.217 Y108.686
G0 X108.942 Y112.823
G0 X107.857 Y112.823
G0 X99.703 Y112.974
G0 X98.8 Y112.367
G0 X97.422 Y112.823
;TIME_ELAPSED:1317.003139
;LAYER:63
;TYPE:WALL-INNER
;MESH:terminale zanzariera verticale antivento con bottoncini.stl(1)
G1 F1500 E1272.16847
G1 F2805.5 X97.422 Y112.059 E1272.20404
G1 X97.422 Y112.058 E1272.20409
G1 X97.422 Y111.446 E1272.23258
G1 X97.984 Y111.219 E1272.26081
G1 X98.686 Y110.936 E1272.29605
G1 X98.215 Y111.528 E1272.31424
G1 X97.984 Y111.818 E1272.3315
G1 X97.795 Y112.156 E1272.34953
G1 X97.422 Y112.823 E1272.36791
G0 F15000 X97.022 Y116.102
G1 F2805.5 X97.022 Y114.628 E1272.43654
G1 X97.022 Y113.974 E1272.467
G1 X97.022 Y111.176 E1272.59728
G1 X99.281 Y110.264 E1272.71072
G1 X99.391 Y110.22 E1272.71624
G1 X99.965 Y109.988 E1272.74506
G1 X99.518 Y110.532 E1272.76057
G1 X99.444 Y110.625 E1272.76568
G1 X98.317 Y112.042 E1272.84998
G1 X97.648 Y113.238 E1272.91379
G1 X97.416 Y114.002 E1272.95097
G1 X97.227 Y114.628 E1272.97409
G1 X97.022 Y116.102 E1272.99226
G0 F15000 X96.622 Y120.693
G1 F2805.5 X96.622 Y118.809 E1273.07999
G1 X96.622 Y118.808 E1273.08003
G1 X96.622 Y99.707 E1273.96945
G1 X93.422 Y99.707 E1274.11846
G1 X93.422 Y109.707 E1274.5841
G1 X92.622 Y109.707 E1274.62135
G1 X92.622 Y98.907 E1275.12425
G1 X97.422 Y98.907 E1275.34775
G1 X97.422 Y110.288 E1275.8777
G1 X97.422 Y110.289 E1275.87775
G1 X97.422 Y110.583 E1275.89144
G1 X97.695 Y110.473 E1275.89947
G1 X100.547 Y109.321 E1276.04269
G1 X100.548 Y109.32 E1276.04276
G1 X101.272 Y109.029 E1276.07909
G1 X100.777 Y109.632 E1276.09783
G1 X100.776 Y109.633 E1276.09789
G1 X99.829 Y110.784 E1276.1673
G1 X98.65 Y112.266 E1276.25548
G1 X98.018 Y113.395 E1276.31573
G1 X97.619 Y114.714 E1276.37989
G1 X97.363 Y116.553 E1276.46635
G1 X97.034 Y118.768 E1276.57062
G1 X97.016 Y118.85 E1276.57453
G1 X96.622 Y120.693 E1276.61865
G0 F15000 X96.222 Y121.492
;TYPE:WALL-OUTER
G1 F2805.5 X96.222 Y100.107 E1277.61443
G1 X93.822 Y100.107 E1277.72618
G1 X93.822 Y110.107 E1278.19183
G1 X92.222 Y110.107 E1278.26633
G1 X92.222 Y98.507 E1278.80647
G1 X97.822 Y98.507 E1279.06723
G1 X97.822 Y109.99 E1279.60193
G1 X102.417 Y108.135 E1279.83267
G1 X101.722 Y109.111 E1279.88846
G1 X100.14 Y111.036 E1280.00448
G1 X98.983 Y112.49 E1280.09101
G1 X98.388 Y113.552 E1280.14769
G1 X98.011 Y114.8 E1280.20839
G1 X97.759 Y116.612 E1280.29358
G1 X97.429 Y118.832 E1280.39809
G1 X96.86 Y121.493 E1280.5248
G1 X96.222 Y121.492 E1280.55451
G0 F15000 X96.627 Y121.16
;TYPE:SKIN
G1 F2805.5 X96.523 Y120.982 E1280.57312
G0 F15000 X96.522 Y121.109
G0 X96.796 Y118.446
G0 X96.859 Y118.383
G1 F2805.5 X96.883 Y118.075 E1280.58362
G1 X97.006 Y116.538 E1280.63599
G1 X96.899 Y116.363 E1280.64295
G0 F15000 X97.003 Y116.26
G0 X97.197 Y113.803
G0 X97.265 Y113.734
G1 F2805.5 X97.327 Y113.39 E1280.6549
G1 X97.319 Y113.114 E1280.66433
G0 F15000 X97.442 Y112.992
G0 X97.581 Y111.922
G0 X97.698 Y111.887
G1 F2805.5 X97.717 Y111.585 E1280.67903
G0 F15000 X97.838 Y111.465
G0 X97.246 Y110.642
G0 X97.021 Y110.867
G1 F2805.5 X97.021 Y110.584 E1280.69409
G1 X97.021 Y99.553 E1281.28131
G1 X96.986 Y99.306 E1281.29459
G1 X93.592 Y99.306 E1281.47527
G1 X93.165 Y99.449 E1281.49924
G0 F15000 X92.797 Y99.535
G1 F2805.5 X93.251 Y99.081 E1281.51419
G0 F15000 X92.882 Y99.167
G1 F2805.5 X93.021 Y99.876 E1281.55043
G1 X93.021 Y109.21 E1282.01865
G1 X93.114 Y109.399 E1282.02921
G0 F15000 X92.983 Y109.531
G0 X93.594 Y99.879
G0 X96.45 Y99.879
G0 X96.461 Y110.291
G0 X98.785 Y110.8
G0 X98.91 Y110.674
G1 F2805.5 X99.017 Y110.85 E1282.04486
G0 F15000 X98.906 Y110.962
G0 X100.164 Y109.987
G0 X100.389 Y109.762
G1 F2805.5 X100.138 Y109.729 E1282.0659
G0 F15000 X100.044 Y109.824
G0 X101.348 Y108.889
G0 X101.378 Y108.773
G1 F2805.5 X101.646 Y108.788 E1282.08276
G1 F1500 E1275.58276
;MESH:terminale zanzariera verticale antivento con bottoncini.stl
G0 F15000 X101.735 Y108.733
G0 X102.714 Y109.209
G0 X103.857 Y108.588
G0 X104.942 Y108.588
G0 X106.094 Y99.879
G0 X108.95 Y99.879
G0 X109.922 Y112.823
;TYPE:WALL-INNER
G1 F1500 E1282.08276
G1 F2805.5 X109.922 Y112.059 E1282.11833
G1 X109.922 Y112.058 E1282.11838
G1 X109.922 Y111.446 E1282.14688
G1 X110.484 Y111.219 E1282.1751
G1 X111.186 Y110.936 E1282.21035
G1 X110.715 Y111.528 E1282.22853
G1 X110.484 Y111.818 E1282.24579
G1 X110.295 Y112.156 E1282.26383
G1 X109.922 Y112.823 E1282.2822
G0 F15000 X109.522 Y116.102
G1 F2805.5 X109.522 Y114.628 E1282.35084
G1 X109.522 Y113.974 E1282.38129
G1 X109.522 Y111.176 E1282.51158
G1 X111.781 Y110.264 E1282.62501
G1 X111.891 Y110.22 E1282.63053
G1 X112.465 Y109.988 E1282.65936
G1 X112.018 Y110.532 E1282.67486
G1 X111.944 Y110.625 E1282.67997
G1 X110.817 Y112.042 E1282.76428
G1 X110.148 Y113.238 E1282.82809
G1 X109.916 Y114.002 E1282.86527
G1 X109.727 Y114.628 E1282.88839
G1 X109.522 Y116.102 E1282.90655
G0 F15000 X109.122 Y120.693
G1 F2805.5 X109.122 Y118.809 E1282.99428
G1 X109.122 Y118.808 E1282.99433
G1 X109.122 Y99.707 E1283.88375
G1 X105.922 Y99.707 E1284.03275
G1 X105.922 Y109.707 E1284.4984
G1 X105.122 Y109.707 E1284.53565
G1 X105.122 Y98.907 E1285.03854
G1 X109.922 Y98.907 E1285.26205
G1 X109.922 Y110.288 E1285.792
G1 X109.922 Y110.289 E1285.79204
G1 X109.922 Y110.583 E1285.80573
G1 X110.195 Y110.473 E1285.81376
G1 X113.047 Y109.321 E1285.95699
G1 X113.048 Y109.32 E1285.95705
G1 X113.772 Y109.029 E1285.99339
G1 X113.277 Y109.632 E1286.01212
G1 X113.276 Y109.633 E1286.01219
G1 X112.329 Y110.784 E1286.08159
G1 X111.15 Y112.266 E1286.16977
G1 X110.518 Y113.395 E1286.23002
G1 X110.119 Y114.714 E1286.29419
G1 X109.863 Y116.553 E1286.38064
G1 X109.534 Y118.768 E1286.48492
G1 X109.516 Y118.85 E1286.48882
G1 X109.122 Y120.693 E1286.53295
G0 F15000 X108.722 Y121.492
;TYPE:WALL-OUTER
G1 F2805.5 X108.722 Y100.107 E1287.52872
G1 X106.322 Y100.107 E1287.64048
G1 X106.322 Y110.107 E1288.10612
G1 X104.722 Y110.107 E1288.18062
G1 X104.722 Y98.507 E1288.72077
G1 X110.322 Y98.507 E1288.98153
G1 X110.322 Y109.99 E1289.51622
G1 X114.917 Y108.135 E1289.74696
G1 X114.222 Y109.111 E1289.80275
G1 X112.64 Y111.036 E1289.91878
G1 X111.483 Y112.49 E1290.0053
G1 X110.888 Y113.552 E1290.06198
G1 X110.511 Y114.8 E1290.12269
G1 X110.259 Y116.612 E1290.20788
G1 X109.929 Y118.832 E1290.31238
G1 X109.36 Y121.493 E1290.43909
G1 X108.722 Y121.492 E1290.4688
G0 F15000 X109.108 Y121.125
;TYPE:SKIN
G1 F2805.5 X108.998 Y120.951 E1290.48813
G0 F15000 X109.022 Y121.053
G0 X109.305 Y118.665
G0 X109.344 Y118.626
G1 F2805.5 X109.364 Y118.323 E1290.49747
G1 X109.506 Y116.484 E1290.55419
G1 X109.374 Y116.333 E1290.56036
G0 F15000 X109.452 Y116.256
G0 X109.697 Y113.748
G0 X109.777 Y113.667
G1 F2805.5 X109.839 Y113.322 E1290.57324
G1 X109.797 Y113.082 E1290.58219
G0 F15000 X109.697 Y113.183
G0 X110.081 Y111.922
G0 X110.267 Y111.763
G1 F2805.5 X110.171 Y111.577 E1290.58762
G1 X109.71 Y110.905 E1290.60879
G0 F15000 X109.521 Y110.812
G1 F2805.5 X109.521 Y110.529 E1290.6239
G1 X109.521 Y99.498 E1291.21286
G0 F15000 X109.43 Y99.306
G1 F2805.5 X109.147 Y99.306 E1291.2272
G1 X106.036 Y99.306 E1291.38488
G1 X105.637 Y99.422 E1291.40594
G1 X105.354 Y99.139 E1291.42622
G1 X105.521 Y100.104 E1291.47586
G1 X105.521 Y109.155 E1291.93458
G1 X105.728 Y109.513 E1291.95554
G0 F15000 X105.746 Y109.496
G0 X106.094 Y99.879
G0 X108.95 Y99.879
G0 X108.961 Y110.238
G0 X111.261 Y110.77
G0 X111.352 Y110.678
G1 F2805.5 X111.599 Y110.715 E1291.97588
G0 F15000 X112.865 Y109.731
G1 F2805.5 X112.58 Y109.733 E1291.99467
G0 F15000 X112.52 Y109.793
G0 X113.838 Y108.893
G0 X113.8 Y108.796
G1 F2805.5 X113.84 Y108.756 E1291.99599
G0 F15000 X113.919 Y108.96
G1 F2805.5 X114.313 Y108.567 E1292.00895
G1 F1500 E1285.50895
;MESH:NONMESH
G0 F300 X114.313 Y108.567 Z18.2
G0 F15000 X114.238 Y108.658
G0 X108.942 Y112.823
G0 X107.857 Y112.823
G0 X99.703 Y112.974
G0 X98.8 Y112.367
G0 X97.422 Y112.823
;TIME_ELAPSED:1336.860480
;LAYER:64
;TYPE:WALL-INNER
;MESH:terminale zanzariera verticale antivento con bottoncini.stl(1)
G1 F1500 E1292.00895
G1 F2839 X97.422 Y112.059 E1292.04452
G1 X97.422 Y112.058 E1292.04457
G1 X97.422 Y111.446 E1292.07306
G1 X97.984 Y111.219 E1292.10129
G1 X98.686 Y110.936 E1292.13653
G1 X98.215 Y111.528 E1292.15472
G1 X97.984 Y111.818 E1292.17198
G1 X97.795 Y112.156 E1292.19001
G1 X97.422 Y112.823 E1292.20839
G0 F15000 X97.022 Y116.097
G1 F2839 X97.022 Y114.628 E1292.27679
G1 X97.022 Y113.974 E1292.30724
G1 X97.022 Y111.176 E1292.43753
G1 X99.281 Y110.264 E1292.55097
G1 X99.391 Y110.22 E1292.55648
G1 X99.965 Y109.988 E1292.58531
G1 X99.518 Y110.532 E1292.60081
G1 X99.444 Y110.625 E1292.60592
G1 X98.317 Y112.042 E1292.69023
G1 X97.648 Y113.238 E1292.75404
G1 X97.416 Y114.002 E1292.79122
G1 X97.227 Y114.628 E1292.81434
G1 X97.022 Y116.097 E1292.83245
G0 F15000 X96.622 Y120.693
G1 F2839 X96.622 Y118.809 E1292.92017
G1 X96.622 Y118.808 E1292.92022
G1 X96.622 Y99.707 E1293.80964
G1 X93.422 Y99.707 E1293.95865
G1 X93.422 Y109.707 E1294.42429
G1 X92.622 Y109.707 E1294.46154
G1 X92.622 Y98.907 E1294.96444
G1 X97.422 Y98.907 E1295.18794
G1 X97.422 Y110.288 E1295.71789
G1 X97.422 Y110.289 E1295.71794
G1 X97.422 Y110.583 E1295.73163
G1 X97.695 Y110.473 E1295.73966
G1 X100.547 Y109.321 E1295.88288
G1 X100.548 Y109.32 E1295.88295
G1 X101.272 Y109.029 E1295.91928
G1 X100.777 Y109.632 E1295.93802
G1 X100.776 Y109.633 E1295.93808
G1 X99.829 Y110.784 E1296.00749
G1 X98.65 Y112.266 E1296.09567
G1 X98.018 Y113.395 E1296.15591
G1 X97.619 Y114.714 E1296.22008
G1 X97.332 Y116.768 E1296.31665
G1 X97.034 Y118.768 E1296.41081
G1 X97.016 Y118.85 E1296.41472
G1 X96.622 Y120.693 E1296.45884
G0 F15000 X96.222 Y121.492
;TYPE:WALL-OUTER
G1 F2839 X96.222 Y100.107 E1297.45462
G1 X93.822 Y100.107 E1297.56637
G1 X93.822 Y110.107 E1298.03201
G1 X92.222 Y110.107 E1298.10652
G1 X92.222 Y98.507 E1298.64666
G1 X97.822 Y98.507 E1298.90742
G1 X97.822 Y109.99 E1299.44212
G1 X102.417 Y108.135 E1299.67286
G1 X101.722 Y109.111 E1299.72865
G1 X100.14 Y111.036 E1299.84467
G1 X98.983 Y112.49 E1299.93119
G1 X98.388 Y113.552 E1299.98788
G1 X98.011 Y114.8 E1300.04858
G1 X97.728 Y116.827 E1300.14388
G1 X97.429 Y118.832 E1300.23828
G1 X96.86 Y121.493 E1300.36499
G1 X96.222 Y121.492 E1300.39469
G0 F15000 X96.411 Y121.301
;TYPE:SKIN
G1 F2839 X96.553 Y121.16 E1300.4041
G1 X96.642 Y120.967 E1300.41409
G0 F15000 X96.522 Y120.843
G0 X96.874 Y118.653
G0 X96.835 Y118.614
G1 F2839 X96.854 Y118.35 E1300.42228
G1 X96.982 Y116.498 E1300.47972
G1 X97.112 Y116.345 E1300.48594
G0 F15000 X97.023 Y116.256
G0 X97.317 Y113.722
G0 X97.256 Y113.661
G1 F2839 X97.29 Y113.412 E1300.49384
G1 X97.483 Y113.039 E1300.50706
G0 F15000 X97.531 Y113.088
G0 X97.744 Y111.886
G0 X97.67 Y111.812
G1 F2839 X97.761 Y111.62 E1300.51456
G1 X97.923 Y111.5 E1300.52168
G0 F15000 X97.021 Y110.598
G1 F2839 X97.021 Y110.315 E1300.53643
G1 X97.021 Y99.85 E1301.08217
G1 X96.477 Y99.305 E1301.12232
G1 X93.083 Y99.305 E1301.29931
G1 X93.021 Y100.092 E1301.34048
G1 X93.021 Y109.143 E1301.81247
G1 X92.819 Y109.507 E1301.83418
G0 F15000 X92.843 Y109.531
G0 X93.594 Y99.879
G0 X96.45 Y99.879
G0 X96.797 Y110.656
G0 X96.952 Y110.811
G1 F2839 X96.851 Y110.993 E1301.848
G0 F15000 X96.797 Y110.939
G0 X98.776 Y110.655
G0 X98.893 Y110.772
G1 F2839 X99.056 Y110.653 E1301.85663
G1 X99.219 Y110.533 E1301.86528
G0 F15000 X99.26 Y110.574
G0 X100.081 Y109.697
G0 X100.194 Y109.81
G1 F2839 X100.359 Y109.692 E1301.87365
G1 X100.523 Y109.574 E1301.88199
G0 F15000 X100.563 Y109.614
G0 X101.431 Y108.855
G0 X101.498 Y108.852
G1 F2839 X101.657 Y108.728 E1301.88975
G1 X101.817 Y108.605 E1301.89752
G0 F15000 X101.783 Y108.659
G0 X97.6 Y110.319
G0 X97.246 Y99.792
G1 F2839 X96.535 Y99.081 E1301.92093
G0 F15000 X96.818 Y99.081
G1 F2839 X97.246 Y99.509 E1301.93502
G0 F15000 X97.246 Y99.226
G1 F2839 X97.101 Y99.081 E1301.9398
G0 F15000 X97.101 Y99.107
G1 F1500 E1295.4398
;MESH:terminale zanzariera verticale antivento con bottoncini.stl
G0 F15000 X97.611 Y110.302
G0 X98.669 Y108.734
G0 X102.692 Y107.1
G0 X103.487 Y108.11
G0 X103.861 Y110.464
G0 X104.365 Y110.968
G0 X106.679 Y110.968
G0 X107.857 Y110.302
G0 X108.942 Y110.302
G0 X109.922 Y112.823
;TYPE:WALL-INNER
G1 F1500 E1301.9398
G1 F2839 X109.922 Y112.059 E1301.97537
G1 X109.922 Y112.058 E1301.97542
G1 X109.922 Y111.446 E1302.00392
G1 X110.484 Y111.219 E1302.03214
G1 X111.186 Y110.936 E1302.06738
G1 X110.715 Y111.528 E1302.08557
G1 X110.484 Y111.818 E1302.10283
G1 X110.295 Y112.156 E1302.12086
G1 X109.922 Y112.823 E1302.13924
G0 F15000 X109.522 Y116.097
G1 F2839 X109.522 Y114.628 E1302.20764
G1 X109.522 Y113.974 E1302.2381
G1 X109.522 Y111.176 E1302.36838
G1 X111.781 Y110.264 E1302.48182
G1 X111.891 Y110.22 E1302.48734
G1 X112.465 Y109.988 E1302.51616
G1 X112.018 Y110.532 E1302.53167
G1 X111.944 Y110.625 E1302.53678
G1 X110.817 Y112.042 E1302.62108
G1 X110.148 Y113.238 E1302.68489
G1 X109.916 Y114.002 E1302.72207
G1 X109.727 Y114.628 E1302.74519
G1 X109.522 Y116.097 E1302.7633
G0 F15000 X109.122 Y120.693
G1 F2839 X109.122 Y118.809 E1302.85103
G1 X109.122 Y118.808 E1302.85107
G1 X109.122 Y99.707 E1303.7405
G1 X105.922 Y99.707 E1303.8895
G1 X105.922 Y109.707 E1304.35514
G1 X105.122 Y109.707 E1304.39239
G1 X105.122 Y98.907 E1304.89529
G1 X109.922 Y98.907 E1305.1188
G1 X109.922 Y110.288 E1305.64874
G1 X109.922 Y110.289 E1305.64879
G1 X109.922 Y110.583 E1305.66248
G1 X110.195 Y110.473 E1305.67051
G1 X113.047 Y109.321 E1305.81373
G1 X113.048 Y109.32 E1305.8138
G1 X113.772 Y109.029 E1305.85013
G1 X113.277 Y109.632 E1305.86887
G1 X113.276 Y109.633 E1305.86893
G1 X112.329 Y110.784 E1305.93834
G1 X111.15 Y112.266 E1306.02652
G1 X110.518 Y113.395 E1306.08677
G1 X110.119 Y114.714 E1306.15093
G1 X109.832 Y116.768 E1306.24751
G1 X109.534 Y118.768 E1306.34166
G1 X109.516 Y118.85 E1306.34557
G1 X109.122 Y120.693 E1306.3897
G0 F15000 X108.722 Y121.492
;TYPE:WALL-OUTER
G1 F2839 X108.722 Y100.107 E1307.38547
G1 X106.322 Y100.107 E1307.49722
G1 X106.322 Y110.107 E1307.96287
G1 X104.722 Y110.107 E1308.03737
G1 X104.722 Y98.507 E1308.57751
G1 X110.322 Y98.507 E1308.83827
G1 X110.322 Y109.99 E1309.37297
G1 X114.917 Y108.135 E1309.60371
G1 X114.222 Y109.111 E1309.6595
G1 X112.64 Y111.036 E1309.77552
G1 X111.483 Y112.49 E1309.86205
G1 X110.888 Y113.552 E1309.91873
G1 X110.511 Y114.8 E1309.97944
G1 X110.228 Y116.827 E1310.07474
G1 X109.929 Y118.832 E1310.16913
G1 X109.36 Y121.493 E1310.29584
G1 X108.722 Y121.492 E1310.32555
G0 F15000 X109.024 Y121.187
;TYPE:SKIN
G1 F2839 X109.107 Y120.986 E1310.33733
G1 X109.289 Y120.886 E1310.34859
G0 F15000 X109.191 Y120.852
G0 X109.334 Y118.668
G0 X109.315 Y118.649
G1 F2839 X109.35 Y118.401 E1310.3562
G1 X109.478 Y116.549 E1310.41262
G1 X109.579 Y116.367 E1310.41895
G0 F15000 X109.464 Y116.252
G0 X109.805 Y113.764
G0 X109.751 Y113.71
G1 F2839 X109.783 Y113.46 E1310.42692
G1 X109.936 Y113.047 E1310.44084
G0 F15000 X110.011 Y113.122
G0 X110.225 Y111.922
G0 X110.16 Y111.857
G1 F2839 X110.23 Y111.644 E1310.44872
G1 X110.392 Y111.523 E1310.45582
G0 F15000 X109.521 Y110.652
G1 F2839 X109.521 Y110.369 E1310.47066
G1 X109.521 Y99.904 E1311.01971
G1 X108.923 Y99.306 E1311.06408
G1 X109.364 Y99.464 E1311.08866
G0 F15000 X109.747 Y99.564
G1 F2839 X109.264 Y99.081 E1311.10456
G0 F15000 X109.547 Y99.081
G1 F2839 X109.747 Y99.282 E1311.11116
G0 F15000 X108.64 Y99.306
G1 F2839 X108.357 Y99.306 E1311.12658
G1 X105.529 Y99.306 E1311.28068
G1 X105.521 Y105.238 E1311.60391
G1 X105.521 Y109.198 E1311.8197
G1 X105.433 Y109.393 E1311.83135
G0 F15000 X105.571 Y109.531
G0 X106.094 Y99.879
G0 X108.95 Y99.879
G0 X109.296 Y110.71
G0 X109.432 Y110.846
G1 F2839 X109.331 Y111.028 E1311.84263
G0 F15000 X109.296 Y110.993
G0 X111.237 Y110.672
G0 X111.361 Y110.796
G1 F2839 X111.525 Y110.676 E1311.85211
G1 X111.688 Y110.557 E1311.86153
G0 F15000 X111.737 Y110.605
G0 X112.542 Y109.713
G0 X112.662 Y109.834
G1 F2839 X112.826 Y109.715 E1311.87067
G1 X112.991 Y109.597 E1311.87983
G0 F15000 X113.038 Y109.644
G0 X113.892 Y108.871
G0 X113.967 Y108.875
G1 F2839 X114.126 Y108.752 E1311.89296
G0 F15000 X114.25 Y108.593
G1 F2839 X114.322 Y108.666 E1311.89535
G1 F1500 E1305.39535
;MESH:NONMESH
G0 F300 X114.322 Y108.666 Z18.48
G0 F15000 X114.217 Y108.686
G0 X108.942 Y112.823
G0 X107.857 Y112.823
G0 X99.703 Y112.974
G0 X98.8 Y112.367
G0 X97.422 Y112.823
;TIME_ELAPSED:1357.619463
;LAYER:65
;TYPE:WALL-INNER
;MESH:terminale zanzariera verticale antivento con bottoncini.stl(1)
G1 F1500 E1311.89535
G1 F2805.6 X97.422 Y112.059 E1311.93092
G1 X97.422 Y112.058 E1311.93097
G1 X97.422 Y111.446 E1311.95946
G1 X97.984 Y111.219 E1311.98769
G1 X98.686 Y110.936 E1312.02293
G1 X98.215 Y111.528 E1312.04112
G1 X97.984 Y111.818 E1312.05838
G1 X97.795 Y112.156 E1312.07641
G1 X97.422 Y112.823 E1312.09479
G0 F15000 X97.022 Y116.096
G1 F2805.6 X97.022 Y114.628 E1312.16314
G1 X97.022 Y113.974 E1312.1936
G1 X97.022 Y111.176 E1312.32388
G1 X99.281 Y110.264 E1312.43732
G1 X99.391 Y110.22 E1312.44284
G1 X99.965 Y109.988 E1312.47166
G1 X99.518 Y110.532 E1312.48717
G1 X99.444 Y110.625 E1312.49228
G1 X98.317 Y112.042 E1312.57658
G1 X97.648 Y113.238 E1312.6404
G1 X97.416 Y114.002 E1312.67757
G1 X97.227 Y114.628 E1312.70069
G1 X97.022 Y116.096 E1312.71879
G0 F15000 X96.622 Y120.693
G1 F2805.6 X96.622 Y118.809 E1312.80652
G1 X96.622 Y118.808 E1312.80656
G1 X96.622 Y99.707 E1313.69598
G1 X93.422 Y99.707 E1313.84499
G1 X93.422 Y109.707 E1314.31063
G1 X92.622 Y109.707 E1314.34788
G1 X92.622 Y98.907 E1314.85078
G1 X97.422 Y98.907 E1315.07428
G1 X97.422 Y110.288 E1315.60423
G1 X97.422 Y110.289 E1315.60428
G1 X97.422 Y110.583 E1315.61797
G1 X97.695 Y110.473 E1315.626
G1 X100.547 Y109.321 E1315.76922
G1 X100.548 Y109.32 E1315.76929
G1 X101.272 Y109.029 E1315.80562
G1 X100.777 Y109.632 E1315.82436
G1 X100.776 Y109.633 E1315.82442
G1 X99.829 Y110.784 E1315.89383
G1 X98.65 Y112.266 E1315.98201
G1 X98.018 Y113.395 E1316.04226
G1 X97.619 Y114.714 E1316.10642
G1 X97.336 Y116.738 E1316.20159
G1 X97.034 Y118.768 E1316.29715
G1 X97.016 Y118.85 E1316.30106
G1 X96.622 Y120.693 E1316.34518
G0 F15000 X96.222 Y121.492
;TYPE:WALL-OUTER
G1 F2805.6 X96.222 Y100.107 E1317.34096
G1 X93.822 Y100.107 E1317.45271
G1 X93.822 Y110.107 E1317.91835
G1 X92.222 Y110.107 E1317.99286
G1 X92.222 Y98.507 E1318.533
G1 X97.822 Y98.507 E1318.79376
G1 X97.822 Y109.99 E1319.32846
G1 X102.417 Y108.135 E1319.5592
G1 X101.722 Y109.111 E1319.61499
G1 X100.14 Y111.036 E1319.73101
G1 X98.983 Y112.49 E1319.81754
G1 X98.388 Y113.552 E1319.87422
G1 X98.011 Y114.8 E1319.93492
G1 X97.732 Y116.797 E1320.02882
G1 X97.429 Y118.832 E1320.12462
G1 X96.86 Y121.493 E1320.25133
G1 X96.222 Y121.492 E1320.28104
G0 F15000 X96.627 Y121.16
;TYPE:SKIN
G1 F2805.6 X96.523 Y120.982 E1320.29965
G0 F15000 X96.522 Y121.109
G0 X96.797 Y118.446
G0 X96.86 Y118.383
G1 F2805.6 X96.884 Y118.075 E1320.31015
G1 X97.006 Y116.539 E1320.36252
G1 X96.903 Y116.36 E1320.36954
G0 F15000 X97.009 Y116.254
G0 X97.197 Y113.803
G0 X97.265 Y113.734
G1 F2805.6 X97.327 Y113.39 E1320.38148
G1 X97.319 Y113.114 E1320.39092
G0 F15000 X97.442 Y112.992
G0 X97.581 Y111.922
G0 X97.698 Y111.887
G1 F2805.6 X97.717 Y111.585 E1320.40561
G0 F15000 X97.838 Y111.465
G0 X97.246 Y110.642
G0 X97.021 Y110.867
G1 F2805.6 X97.021 Y110.584 E1320.42068
G1 X97.021 Y99.553 E1321.0079
G1 X96.986 Y99.306 E1321.02118
G1 X93.592 Y99.306 E1321.20186
G1 X93.165 Y99.449 E1321.22583
G0 F15000 X92.797 Y99.535
G1 F2805.6 X93.251 Y99.081 E1321.24077
G0 F15000 X92.882 Y99.167
G1 F2805.6 X93.021 Y99.876 E1321.27702
G1 X93.021 Y109.21 E1321.74523
G1 X93.114 Y109.399 E1321.7558
G0 F15000 X92.983 Y109.531
G0 X93.594 Y99.879
G0 X96.45 Y99.879
G0 X96.461 Y110.291
G0 X98.785 Y110.8
G0 X98.91 Y110.674
G1 F2805.6 X99.017 Y110.85 E1321.77145
G0 F15000 X98.906 Y110.962
G0 X100.164 Y109.987
G0 X100.389 Y109.762
G1 F2805.6 X100.138 Y109.729 E1321.79249
G0 F15000 X100.044 Y109.824
G0 X101.348 Y108.889
G0 X101.378 Y108.773
G1 F2805.6 X101.646 Y108.788 E1321.80934
G1 F1500 E1315.30934
;MESH:terminale zanzariera verticale antivento con bottoncini.stl
G0 F15000 X101.735 Y108.733
G0 X102.714 Y109.209
G0 X103.857 Y108.588
G0 X104.942 Y108.588
G0 X106.094 Y99.879
G0 X108.95 Y99.879
G0 X109.922 Y112.823
;TYPE:WALL-INNER
G1 F1500 E1321.80934
G1 F2805.6 X109.922 Y112.059 E1321.84492
G1 X109.922 Y112.058 E1321.84497
G1 X109.922 Y111.446 E1321.87346
G1 X110.484 Y111.219 E1321.90169
G1 X111.186 Y110.936 E1321.93693
G1 X110.715 Y111.528 E1321.95511
G1 X110.484 Y111.818 E1321.97238
G1 X110.295 Y112.156 E1321.99041
G1 X109.922 Y112.823 E1322.00879
G0 F15000 X109.522 Y116.096
G1 F2805.6 X109.522 Y114.628 E1322.07714
G1 X109.522 Y113.974 E1322.10759
G1 X109.522 Y111.176 E1322.23788
G1 X111.781 Y110.264 E1322.35132
G1 X111.891 Y110.22 E1322.35684
G1 X112.465 Y109.988 E1322.38566
G1 X112.018 Y110.532 E1322.40117
G1 X111.944 Y110.625 E1322.40628
G1 X110.817 Y112.042 E1322.49058
G1 X110.148 Y113.238 E1322.55439
G1 X109.916 Y114.002 E1322.59157
G1 X109.727 Y114.628 E1322.61469
G1 X109.522 Y116.096 E1322.63279
G0 F15000 X109.122 Y120.693
G1 F2805.6 X109.122 Y118.809 E1322.72051
G1 X109.122 Y118.808 E1322.72056
G1 X109.122 Y99.707 E1323.60998
G1 X105.922 Y99.707 E1323.75899
G1 X105.922 Y109.707 E1324.22463
G1 X105.122 Y109.707 E1324.26188
G1 X105.122 Y98.907 E1324.76478
G1 X109.922 Y98.907 E1324.98828
G1 X109.922 Y110.288 E1325.51823
G1 X109.922 Y110.289 E1325.51828
G1 X109.922 Y110.583 E1325.53197
G1 X110.195 Y110.473 E1325.54
G1 X113.047 Y109.321 E1325.68322
G1 X113.048 Y109.32 E1325.68329
G1 X113.772 Y109.029 E1325.71962
G1 X113.277 Y109.632 E1325.73836
G1 X113.276 Y109.633 E1325.73842
G1 X112.329 Y110.784 E1325.80783
G1 X111.15 Y112.266 E1325.89601
G1 X110.518 Y113.395 E1325.95626
G1 X110.119 Y114.714 E1326.02042
G1 X109.836 Y116.738 E1326.11558
G1 X109.534 Y118.768 E1326.21115
G1 X109.516 Y118.85 E1326.21506
G1 X109.122 Y120.693 E1326.25918
G0 F15000 X108.722 Y121.492
;TYPE:WALL-OUTER
G1 F2805.6 X108.722 Y100.107 E1327.25496
G1 X106.322 Y100.107 E1327.36671
G1 X106.322 Y110.107 E1327.83235
G1 X104.722 Y110.107 E1327.90686
G1 X104.722 Y98.507 E1328.447
G1 X110.322 Y98.507 E1328.70776
G1 X110.322 Y109.99 E1329.24246
G1 X114.917 Y108.135 E1329.4732
G1 X114.222 Y109.111 E1329.52899
G1 X112.64 Y111.036 E1329.64501
G1 X111.483 Y112.49 E1329.73153
G1 X110.888 Y113.552 E1329.78822
G1 X110.511 Y114.8 E1329.84892
G1 X110.232 Y116.797 E1329.94282
G1 X109.929 Y118.832 E1330.03862
G1 X109.36 Y121.493 E1330.16533
G1 X108.722 Y121.492 E1330.19503
G0 F15000 X109.108 Y121.125
;TYPE:SKIN
G1 F2805.6 X108.998 Y120.951 E1330.21437
G0 F15000 X109.022 Y121.053
G0 X109.305 Y118.665
G0 X109.344 Y118.626
G1 F2805.6 X109.364 Y118.323 E1330.22376
G1 X109.509 Y116.481 E1330.28088
G1 X109.376 Y116.331 E1330.28708
G0 F15000 X109.296 Y116.411
G0 X109.697 Y113.748
G0 X109.777 Y113.667
G1 F2805.6 X109.839 Y113.322 E1330.29996
G1 X109.797 Y113.082 E1330.30891
G0 F15000 X109.697 Y113.183
G0 X110.081 Y111.922
G0 X110.267 Y111.763
G1 F2805.6 X110.171 Y111.577 E1330.31434
G1 X109.71 Y110.905 E1330.33551
G0 F15000 X109.521 Y110.812
G1 F2805.6 X109.521 Y110.529 E1330.35062
G1 X109.521 Y99.498 E1330.93958
G0 F15000 X109.43 Y99.306
G1 F2805.6 X109.147 Y99.306 E1330.95393
G1 X106.036 Y99.306 E1331.1116
G1 X105.637 Y99.422 E1331.13266
G1 X105.354 Y99.139 E1331.15294
G1 X105.521 Y100.104 E1331.20258
G1 X105.521 Y109.155 E1331.6613
G1 X105.728 Y109.513 E1331.68226
G0 F15000 X105.746 Y109.496
G0 X106.094 Y99.879
G0 X108.95 Y99.879
G0 X108.961 Y110.238
G0 X111.261 Y110.77
G0 X111.352 Y110.678
G1 F2805.6 X111.599 Y110.715 E1331.7026
G0 F15000 X112.865 Y109.731
G1 F2805.6 X112.58 Y109.733 E1331.72139
G0 F15000 X112.52 Y109.793
G0 X113.838 Y108.893
G0 X113.8 Y108.796
G1 F2805.6 X113.84 Y108.756 E1331.72271
G0 F15000 X113.919 Y108.96
G1 F2805.6 X114.313 Y108.567 E1331.73567
G1 F1500 E1325.23567
;MESH:NONMESH
G0 F300 X114.313 Y108.567 Z18.76
G0 F15000 X114.238 Y108.658
G0 X108.942 Y112.823
G0 X107.857 Y112.823
G0 X99.703 Y112.974
G0 X98.8 Y112.367
G0 X97.422 Y112.823
;TIME_ELAPSED:1377.498328
;LAYER:66
;TYPE:WALL-INNER
;MESH:terminale zanzariera verticale antivento con bottoncini.stl(1)
G1 F1500 E1331.73567
G1 F2839.1 X97.422 Y112.059 E1331.77124
G1 X97.422 Y112.058 E1331.77129
G1 X97.422 Y111.446 E1331.79979
G1 X97.984 Y111.219 E1331.82801
G1 X98.686 Y110.936 E1331.86325
G1 X98.215 Y111.528 E1331.88144
G1 X97.984 Y111.818 E1331.8987
G1 X97.795 Y112.156 E1331.91673
G1 X97.422 Y112.823 E1331.93511
G0 F15000 X97.022 Y116.099
G1 F2839.1 X97.022 Y114.628 E1332.0036
G1 X97.022 Y113.974 E1332.03406
G1 X97.022 Y111.176 E1332.16434
G1 X99.281 Y110.264 E1332.27778
G1 X99.391 Y110.22 E1332.2833
G1 X99.965 Y109.988 E1332.31213
G1 X99.518 Y110.532 E1332.32763
G1 X99.444 Y110.625 E1332.33274
G1 X98.317 Y112.042 E1332.41704
G1 X97.648 Y113.238 E1332.48086
G1 X97.416 Y114.002 E1332.51803
G1 X97.227 Y114.628 E1332.54116
G1 X97.022 Y116.099 E1332.55928
G0 F15000 X96.622 Y120.693
G1 F2839.1 X96.622 Y118.809 E1332.64701
G1 X96.622 Y118.808 E1332.64706
G1 X96.622 Y99.707 E1333.53648
G1 X93.422 Y99.707 E1333.68549
G1 X93.422 Y109.707 E1334.15113
G1 X92.622 Y109.707 E1334.18838
G1 X92.622 Y98.907 E1334.69127
G1 X97.422 Y98.907 E1334.91478
G1 X97.422 Y110.288 E1335.44473
G1 X97.422 Y110.289 E1335.44477
G1 X97.422 Y110.583 E1335.45846
G1 X97.695 Y110.473 E1335.46649
G1 X100.547 Y109.321 E1335.60972
G1 X100.548 Y109.32 E1335.60979
G1 X101.272 Y109.029 E1335.64612
G1 X100.777 Y109.632 E1335.66485
G1 X100.776 Y109.633 E1335.66492
G1 X99.829 Y110.784 E1335.73432
G1 X98.65 Y112.266 E1335.82251
G1 X98.018 Y113.395 E1335.88275
G1 X97.619 Y114.714 E1335.94692
G1 X97.341 Y116.706 E1336.04057
G1 X97.034 Y118.768 E1336.13765
G1 X97.016 Y118.85 E1336.14156
G1 X96.622 Y120.693 E1336.18568
G0 F15000 X96.222 Y121.492
;TYPE:WALL-OUTER
G1 F2839.1 X96.222 Y100.107 E1337.18146
G1 X93.822 Y100.107 E1337.29321
G1 X93.822 Y110.107 E1337.75885
G1 X92.222 Y110.107 E1337.83335
G1 X92.222 Y98.507 E1338.3735
G1 X97.822 Y98.507 E1338.63426
G1 X97.822 Y109.99 E1339.16895
G1 X102.417 Y108.135 E1339.39969
G1 X101.722 Y109.111 E1339.45549
G1 X100.14 Y111.036 E1339.57151
G1 X98.983 Y112.49 E1339.65803
G1 X98.388 Y113.552 E1339.71472
G1 X98.011 Y114.8 E1339.77542
G1 X97.737 Y116.765 E1339.8678
G1 X97.429 Y118.832 E1339.96512
G1 X96.86 Y121.493 E1340.09182
G1 X96.222 Y121.492 E1340.12153
G0 F15000 X96.411 Y121.301
;TYPE:SKIN
G1 F2839.1 X96.553 Y121.16 E1340.13094
G1 X96.642 Y120.967 E1340.14093
G0 F15000 X96.522 Y120.843
G0 X96.874 Y118.653
G0 X96.835 Y118.614
G1 F2839.1 X96.853 Y118.349 E1340.14917
G1 X96.981 Y116.497 E1340.20675
G1 X97.113 Y116.346 E1340.21297
G0 F15000 X97.025 Y116.258
G0 X97.317 Y113.722
G0 X97.256 Y113.661
G1 F2839.1 X97.29 Y113.412 E1340.22088
G1 X97.483 Y113.039 E1340.2341
G0 F15000 X97.531 Y113.088
G0 X97.744 Y111.886
G0 X97.67 Y111.812
G1 F2839.1 X97.761 Y111.62 E1340.2416
G1 X97.923 Y111.5 E1340.24871
G0 F15000 X97.021 Y110.598
G1 F2839.1 X97.021 Y110.315 E1340.26347
G1 X97.021 Y99.85 E1340.8092
G1 X96.477 Y99.305 E1340.84936
G1 X93.083 Y99.305 E1341.02635
G1 X93.021 Y100.092 E1341.06752
G1 X93.021 Y109.143 E1341.53951
G1 X92.819 Y109.507 E1341.56122
G0 F15000 X92.843 Y109.531
G0 X93.594 Y99.879
G0 X96.45 Y99.879
G0 X96.797 Y110.656
G0 X96.952 Y110.811
G1 F2839.1 X96.851 Y110.993 E1341.57504
G0 F15000 X96.797 Y110.939
G0 X98.776 Y110.655
G0 X98.893 Y110.772
G1 F2839.1 X99.056 Y110.653 E1341.58366
G1 X99.219 Y110.533 E1341.59232
G0 F15000 X99.26 Y110.574
G0 X100.081 Y109.697
G0 X100.194 Y109.81
G1 F2839.1 X100.359 Y109.692 E1341.60069
G1 X100.523 Y109.574 E1341.60903
G0 F15000 X100.563 Y109.614
G0 X101.431 Y108.855
G0 X101.498 Y108.852
G1 F2839.1 X101.657 Y108.728 E1341.61679
G1 X101.817 Y108.605 E1341.62456
G0 F15000 X101.783 Y108.659
G0 X97.6 Y110.319
G0 X97.246 Y99.792
G1 F2839.1 X96.535 Y99.081 E1341.64797
G0 F15000 X96.818 Y99.081
G1 F2839.1 X97.246 Y99.509 E1341.66206
G0 F15000 X97.246 Y99.226
G1 F2839.1 X97.101 Y99.081 E1341.66683
G0 F15000 X97.101 Y99.107
G1 F1500 E1335.16683
;MESH:terminale zanzariera verticale antivento con bottoncini.stl
G0 F15000 X97.611 Y110.302
G0 X98.669 Y108.734
G0 X102.692 Y107.1
G0 X103.487 Y108.11
G0 X103.861 Y110.464
G0 X104.365 Y110.968
G0 X106.679 Y110.968
G0 X107.857 Y110.302
G0 X108.942 Y110.302
G0 X109.922 Y112.823
;TYPE:WALL-INNER
G1 F1500 E1341.66683
G1 F2839.1 X109.922 Y112.059 E1341.70241
G1 X109.922 Y112.058 E1341.70246
G1 X109.922 Y111.446 E1341.73095
G1 X110.484 Y111.219 E1341.75918
G1 X111.186 Y110.936 E1341.79442
G1 X110.715 Y111.528 E1341.8126
G1 X110.484 Y111.818 E1341.82987
G1 X110.295 Y112.156 E1341.8479
G1 X109.922 Y112.823 E1341.86628
G0 F15000 X109.522 Y116.099
G1 F2839.1 X109.522 Y114.628 E1341.93477
G1 X109.522 Y113.974 E1341.96522
G1 X109.522 Y111.176 E1342.09551
G1 X111.781 Y110.264 E1342.20895
G1 X111.891 Y110.22 E1342.21446
G1 X112.465 Y109.988 E1342.24329
G1 X112.018 Y110.532 E1342.2588
G1 X111.944 Y110.625 E1342.26391
G1 X110.817 Y112.042 E1342.34821
G1 X110.148 Y113.238 E1342.41202
G1 X109.916 Y114.002 E1342.4492
G1 X109.727 Y114.628 E1342.47232
G1 X109.522 Y116.099 E1342.49045
G0 F15000 X109.122 Y120.693
G1 F2839.1 X109.122 Y118.809 E1342.57818
G1 X109.122 Y118.808 E1342.57823
G1 X109.122 Y99.707 E1343.46765
G1 X105.922 Y99.707 E1343.61665
G1 X105.922 Y109.707 E1344.0823
G1 X105.122 Y109.707 E1344.11955
G1 X105.122 Y98.907 E1344.62244
G1 X109.922 Y98.907 E1344.84595
G1 X109.922 Y110.288 E1345.3759
G1 X109.922 Y110.289 E1345.37594
G1 X109.922 Y110.583 E1345.38963
G1 X110.195 Y110.473 E1345.39766
G1 X113.047 Y109.321 E1345.54089
G1 X113.048 Y109.32 E1345.54095
G1 X113.772 Y109.029 E1345.57729
G1 X113.277 Y109.632 E1345.59602
G1 X113.276 Y109.633 E1345.59609
G1 X112.329 Y110.784 E1345.66549
G1 X111.15 Y112.266 E1345.75367
G1 X110.518 Y113.395 E1345.81392
G1 X110.119 Y114.714 E1345.87809
G1 X109.841 Y116.706 E1345.97174
G1 X109.534 Y118.768 E1346.06882
G1 X109.516 Y118.85 E1346.07272
G1 X109.122 Y120.693 E1346.11685
G0 F15000 X108.722 Y121.492
;TYPE:WALL-OUTER
G1 F2839.1 X108.722 Y100.107 E1347.11262
G1 X106.322 Y100.107 E1347.22438
G1 X106.322 Y110.107 E1347.69002
G1 X104.722 Y110.107 E1347.76452
G1 X104.722 Y98.507 E1348.30467
G1 X110.322 Y98.507 E1348.56543
G1 X110.322 Y109.99 E1349.10012
G1 X114.917 Y108.135 E1349.33086
G1 X114.222 Y109.111 E1349.38665
G1 X112.64 Y111.036 E1349.50268
G1 X111.483 Y112.49 E1349.5892
G1 X110.888 Y113.552 E1349.64588
G1 X110.511 Y114.8 E1349.70659
G1 X110.237 Y116.765 E1349.79897
G1 X109.929 Y118.832 E1349.89628
G1 X109.36 Y121.493 E1350.02299
G1 X108.722 Y121.492 E1350.0527
G0 F15000 X109.024 Y121.187
;TYPE:SKIN
G1 F2839.1 X109.107 Y120.986 E1350.06448
G1 X109.289 Y120.886 E1350.07574
G0 F15000 X109.191 Y120.852
G0 X109.334 Y118.668
G0 X109.315 Y118.649
G1 F2839.1 X109.349 Y118.4 E1350.0834
G1 X109.478 Y116.549 E1350.13993
G1 X109.581 Y116.369 E1350.14624
G0 F15000 X109.467 Y116.255
G0 X109.805 Y113.764
G0 X109.751 Y113.71
G1 F2839.1 X109.783 Y113.46 E1350.15421
G1 X109.936 Y113.047 E1350.16814
G0 F15000 X110.011 Y113.122
G0 X110.225 Y111.922
G0 X110.16 Y111.857
G1 F2839.1 X110.23 Y111.644 E1350.17601
G1 X110.392 Y111.523 E1350.18311
G0 F15000 X109.521 Y110.652
G1 F2839.1 X109.521 Y110.369 E1350.19796
G1 X109.521 Y99.904 E1350.74701
G1 X108.923 Y99.306 E1350.79138
G1 X109.364 Y99.464 E1350.81595
G0 F15000 X109.747 Y99.564
G1 F2839.1 X109.264 Y99.081 E1350.83186
G0 F15000 X109.547 Y99.081
G1 F2839.1 X109.747 Y99.282 E1350.83846
G0 F15000 X108.64 Y99.306
G1 F2839.1 X108.357 Y99.306 E1350.85388
G1 X105.529 Y99.306 E1351.00798
G1 X105.521 Y105.238 E1351.33121
G1 X105.521 Y109.198 E1351.54699
G1 X105.433 Y109.393 E1351.55865
G0 F15000 X105.571 Y109.531
G0 X106.094 Y99.879
G0 X108.95 Y99.879
G0 X109.296 Y110.71
G0 X109.432 Y110.846
G1 F2839.1 X109.331 Y111.028 E1351.56993
G0 F15000 X109.296 Y110.993
G0 X111.237 Y110.672
G0 X111.361 Y110.796
G1 F2839.1 X111.525 Y110.676 E1351.57941
G1 X111.688 Y110.557 E1351.58882
G0 F15000 X111.737 Y110.605
G0 X112.542 Y109.713
G0 X112.662 Y109.834
G1 F2839.1 X112.826 Y109.715 E1351.59797
G1 X112.991 Y109.597 E1351.60712
G0 F15000 X113.038 Y109.644
G0 X113.892 Y108.871
G0 X113.967 Y108.875
G1 F2839.1 X114.126 Y108.752 E1351.62025
G0 F15000 X114.25 Y108.593
G1 F2839.1 X114.322 Y108.666 E1351.62264
G1 F1500 E1345.12264
;MESH:NONMESH
G0 F300 X114.322 Y108.666 Z19.04
G0 F15000 X114.217 Y108.686
G0 X108.942 Y112.823
G0 X107.857 Y112.823
G0 X99.703 Y112.974
G0 X98.8 Y112.367
G0 X97.422 Y112.823
;TIME_ELAPSED:1398.257723
;LAYER:67
;TYPE:WALL-INNER
;MESH:terminale zanzariera verticale antivento con bottoncini.stl(1)
G1 F1500 E1351.62264
G1 F2805.6 X97.422 Y112.059 E1351.65822
G1 X97.422 Y112.058 E1351.65826
G1 X97.422 Y111.446 E1351.68676
G1 X97.984 Y111.219 E1351.71498
G1 X98.686 Y110.936 E1351.75023
G1 X98.215 Y111.528 E1351.76841
G1 X97.984 Y111.818 E1351.78568
G1 X97.795 Y112.156 E1351.80371
G1 X97.422 Y112.823 E1351.82208
G0 F15000 X97.022 Y116.097
G1 F2805.6 X97.022 Y114.628 E1351.89049
G1 X97.022 Y113.974 E1351.92094
G1 X97.022 Y111.176 E1352.05122
G1 X99.281 Y110.264 E1352.16466
G1 X99.391 Y110.22 E1352.17018
G1 X99.965 Y109.988 E1352.19901
G1 X99.518 Y110.532 E1352.21451
G1 X99.444 Y110.625 E1352.21962
G1 X98.317 Y112.042 E1352.30393
G1 X97.648 Y113.238 E1352.36774
G1 X97.416 Y114.002 E1352.40492
G1 X97.227 Y114.628 E1352.42804
G1 X97.022 Y116.097 E1352.44614
G0 F15000 X96.622 Y120.693
G1 F2805.6 X96.622 Y118.809 E1352.53387
G1 X96.622 Y118.808 E1352.53392
G1 X96.622 Y99.707 E1353.42334
G1 X93.422 Y99.707 E1353.57234
G1 X93.422 Y109.707 E1354.03799
G1 X92.622 Y109.707 E1354.07524
G1 X92.622 Y98.907 E1354.57813
G1 X97.422 Y98.907 E1354.80164
G1 X97.422 Y110.288 E1355.33159
G1 X97.422 Y110.289 E1355.33163
G1 X97.422 Y110.583 E1355.34532
G1 X97.695 Y110.473 E1355.35335
G1 X100.547 Y109.321 E1355.49658
G1 X100.548 Y109.32 E1355.49664
G1 X101.272 Y109.029 E1355.53298
G1 X100.777 Y109.632 E1355.55171
G1 X100.776 Y109.633 E1355.55178
G1 X99.829 Y110.784 E1355.62118
G1 X98.65 Y112.266 E1355.70936
G1 X98.018 Y113.395 E1355.76961
G1 X97.619 Y114.714 E1355.83378
G1 X97.345 Y116.675 E1355.92598
G1 X97.034 Y118.768 E1356.02451
G1 X97.016 Y118.85 E1356.02841
G1 X96.622 Y120.693 E1356.07254
G0 F15000 X96.222 Y121.492
;TYPE:WALL-OUTER
G1 F2805.6 X96.222 Y100.107 E1357.06831
G1 X93.822 Y100.107 E1357.18007
G1 X93.822 Y110.107 E1357.64571
G1 X92.222 Y110.107 E1357.72021
G1 X92.222 Y98.507 E1358.26036
G1 X97.822 Y98.507 E1358.52112
G1 X97.822 Y109.99 E1359.05581
G1 X102.417 Y108.135 E1359.28655
G1 X101.722 Y109.111 E1359.34234
G1 X100.14 Y111.036 E1359.45837
G1 X98.983 Y112.49 E1359.54489
G1 X98.388 Y113.552 E1359.60157
G1 X98.011 Y114.8 E1359.66228
G1 X97.741 Y116.734 E1359.75321
G1 X97.429 Y118.832 E1359.85197
G1 X96.86 Y121.493 E1359.97868
G1 X96.222 Y121.492 E1360.00839
G0 F15000 X96.627 Y121.16
;TYPE:SKIN
G1 F2805.6 X96.523 Y120.982 E1360.02701
G0 F15000 X96.522 Y121.109
G0 X96.797 Y118.446
G0 X96.86 Y118.383
G1 F2805.6 X96.884 Y118.075 E1360.0375
G1 X97.006 Y116.538 E1360.08986
G1 X96.902 Y116.36 E1360.09686
G0 F15000 X97.007 Y116.255
G0 X97.197 Y113.803
G0 X97.265 Y113.734
G1 F2805.6 X97.327 Y113.39 E1360.1088
G1 X97.319 Y113.114 E1360.11824
G0 F15000 X97.442 Y112.992
G0 X97.581 Y111.922
G0 X97.698 Y111.887
G1 F2805.6 X97.717 Y111.585 E1360.13293
G0 F15000 X97.838 Y111.465
G0 X97.246 Y110.642
G0 X97.021 Y110.867
G1 F2805.6 X97.021 Y110.584 E1360.148
G1 X97.021 Y99.553 E1360.73522
G1 X96.986 Y99.306 E1360.7485
G1 X93.592 Y99.306 E1360.92918
G1 X93.165 Y99.449 E1360.95315
G0 F15000 X92.797 Y99.535
G1 F2805.6 X93.251 Y99.081 E1360.9681
G0 F15000 X92.882 Y99.167
G1 F2805.6 X93.021 Y99.876 E1361.00434
G1 X93.021 Y109.21 E1361.47255
G1 X93.114 Y109.399 E1361.48312
G0 F15000 X92.983 Y109.531
G0 X93.594 Y99.879
G0 X96.45 Y99.879
G0 X96.461 Y110.291
G0 X98.785 Y110.8
G0 X98.91 Y110.674
G1 F2805.6 X99.017 Y110.85 E1361.49877
G0 F15000 X98.906 Y110.962
G0 X100.164 Y109.987
G0 X100.389 Y109.762
G1 F2805.6 X100.138 Y109.729 E1361.51981
G0 F15000 X100.044 Y109.824
G0 X101.348 Y108.889
G0 X101.378 Y108.773
G1 F2805.6 X101.646 Y108.788 E1361.53667
G1 F1500 E1355.03667
;MESH:terminale zanzariera verticale antivento con bottoncini.stl
G0 F15000 X101.735 Y108.733
G0 X102.714 Y109.209
G0 X103.857 Y108.588
G0 X104.942 Y108.588
G0 X106.094 Y99.879
G0 X108.95 Y99.879
G0 X109.922 Y112.823
;TYPE:WALL-INNER
G1 F1500 E1361.53667
G1 F2805.6 X109.922 Y112.059 E1361.57224
G1 X109.922 Y112.058 E1361.57229
G1 X109.922 Y111.446 E1361.60078
G1 X110.484 Y111.219 E1361.62901
G1 X111.186 Y110.936 E1361.66425
G1 X110.715 Y111.528 E1361.68244
G1 X110.484 Y111.818 E1361.6997
G1 X110.295 Y112.156 E1361.71773
G1 X109.922 Y112.823 E1361.73611
G0 F15000 X109.522 Y116.097
G1 F2805.6 X109.522 Y114.628 E1361.80451
G1 X109.522 Y113.974 E1361.83496
G1 X109.522 Y111.176 E1361.96525
G1 X111.781 Y110.264 E1362.07869
G1 X111.891 Y110.22 E1362.0842
G1 X112.465 Y109.988 E1362.11303
G1 X112.018 Y110.532 E1362.12853
G1 X111.944 Y110.625 E1362.13364
G1 X110.817 Y112.042 E1362.21795
G1 X110.148 Y113.238 E1362.28176
G1 X109.916 Y114.002 E1362.31894
G1 X109.727 Y114.628 E1362.34206
G1 X109.522 Y116.097 E1362.36017
G0 F15000 X109.122 Y120.693
G1 F2805.6 X109.122 Y118.809 E1362.44789
G1 X109.122 Y118.808 E1362.44794
G1 X109.122 Y99.707 E1363.33736
G1 X105.922 Y99.707 E1363.48637
G1 X105.922 Y109.707 E1363.95201
G1 X105.122 Y109.707 E1363.98926
G1 X105.122 Y98.907 E1364.49215
G1 X109.922 Y98.907 E1364.71566
G1 X109.922 Y110.288 E1365.24561
G1 X109.922 Y110.289 E1365.24566
G1 X109.922 Y110.583 E1365.25935
G1 X110.195 Y110.473 E1365.26738
G1 X113.047 Y109.321 E1365.4106
G1 X113.048 Y109.32 E1365.41067
G1 X113.772 Y109.029 E1365.447
G1 X113.277 Y109.632 E1365.46573
G1 X113.276 Y109.633 E1365.4658
G1 X112.329 Y110.784 E1365.5352
G1 X111.15 Y112.266 E1365.62339
G1 X110.518 Y113.395 E1365.68363
G1 X110.119 Y114.714 E1365.7478
G1 X109.845 Y116.675 E1365.84
G1 X109.534 Y118.768 E1365.93853
G1 X109.516 Y118.85 E1365.94244
G1 X109.122 Y120.693 E1365.98656
G0 F15000 X108.722 Y121.492
;TYPE:WALL-OUTER
G1 F2805.6 X108.722 Y100.107 E1366.98234
G1 X106.322 Y100.107 E1367.09409
G1 X106.322 Y110.107 E1367.55973
G1 X104.722 Y110.107 E1367.63424
G1 X104.722 Y98.507 E1368.17438
G1 X110.322 Y98.507 E1368.43514
G1 X110.322 Y109.99 E1368.96984
G1 X114.917 Y108.135 E1369.20058
G1 X114.222 Y109.111 E1369.25637
G1 X112.64 Y111.036 E1369.37239
G1 X111.483 Y112.49 E1369.45891
G1 X110.888 Y113.552 E1369.5156
G1 X110.511 Y114.8 E1369.5763
G1 X110.241 Y116.734 E1369.66723
G1 X109.929 Y118.832 E1369.766
G1 X109.36 Y121.493 E1369.89271
G1 X108.722 Y121.492 E1369.92241
G0 F15000 X109.108 Y121.125
;TYPE:SKIN
G1 F2805.6 X108.998 Y120.951 E1369.94175
G0 F15000 X109.022 Y121.053
G0 X109.305 Y118.665
G0 X109.344 Y118.626
G1 F2805.6 X109.364 Y118.322 E1369.95113
G1 X109.509 Y116.481 E1370.00798
G1 X109.376 Y116.33 E1370.01418
G0 F15000 X109.297 Y116.41
G0 X109.697 Y113.748
G0 X109.777 Y113.667
G1 F2805.6 X109.839 Y113.322 E1370.02705
G1 X109.797 Y113.082 E1370.03601
G0 F15000 X109.697 Y113.183
G0 X110.081 Y111.922
G0 X110.267 Y111.763
G1 F2805.6 X110.171 Y111.577 E1370.04144
G1 X109.71 Y110.905 E1370.0626
G0 F15000 X109.521 Y110.812
G1 F2805.6 X109.521 Y110.529 E1370.07771
G1 X109.521 Y99.498 E1370.66668
G0 F15000 X109.43 Y99.306
G1 F2805.6 X109.147 Y99.306 E1370.68102
G1 X106.036 Y99.306 E1370.8387
G1 X105.637 Y99.422 E1370.85976
G1 X105.354 Y99.139 E1370.88004
G1 X105.521 Y100.104 E1370.92967
G1 X105.521 Y109.155 E1371.3884
G1 X105.728 Y109.513 E1371.40936
G0 F15000 X105.746 Y109.496
G0 X106.094 Y99.879
G0 X108.95 Y99.879
G0 X108.961 Y110.238
G0 X111.261 Y110.77
G0 X111.352 Y110.678
G1 F2805.6 X111.599 Y110.715 E1371.4297
G0 F15000 X112.865 Y109.731
G1 F2805.6 X112.58 Y109.733 E1371.44849
G0 F15000 X112.52 Y109.793
G0 X113.838 Y108.893
G0 X113.8 Y108.796
G1 F2805.6 X113.84 Y108.756 E1371.44981
G0 F15000 X113.919 Y108.96
G1 F2805.6 X114.313 Y108.567 E1371.46276
G1 F1500 E1364.96276
;MESH:NONMESH
G0 F300 X114.313 Y108.567 Z19.32
G0 F15000 X114.238 Y108.658
G0 X108.942 Y112.823
G0 X107.857 Y112.823
G0 X99.703 Y112.974
G0 X98.8 Y112.367
G0 X97.422 Y112.823
;TIME_ELAPSED:1418.136657
;LAYER:68
;TYPE:WALL-INNER
;MESH:terminale zanzariera verticale antivento con bottoncini.stl(1)
G1 F1500 E1371.46276
G1 F2839.1 X97.422 Y112.059 E1371.49834
G1 X97.422 Y112.058 E1371.49839
G1 X97.422 Y111.446 E1371.52688
G1 X97.984 Y111.219 E1371.55511
G1 X98.686 Y110.936 E1371.59035
G1 X98.215 Y111.528 E1371.60853
G1 X97.984 Y111.818 E1371.6258
G1 X97.795 Y112.156 E1371.64383
G1 X97.422 Y112.823 E1371.6622
G0 F15000 X97.022 Y116.101
G1 F2839.1 X97.022 Y114.628 E1371.73079
G1 X97.022 Y113.974 E1371.76125
G1 X97.022 Y111.176 E1371.89153
G1 X99.281 Y110.264 E1372.00497
G1 X99.391 Y110.22 E1372.01049
G1 X99.965 Y109.988 E1372.03932
G1 X99.518 Y110.532 E1372.05482
G1 X99.444 Y110.625 E1372.05993
G1 X98.317 Y112.042 E1372.14423
G1 X97.648 Y113.238 E1372.20805
G1 X97.416 Y114.002 E1372.24523
G1 X97.227 Y114.628 E1372.26835
G1 X97.022 Y116.101 E1372.2865
G0 F15000 X96.622 Y120.693
G1 F2839.1 X96.622 Y118.809 E1372.37423
G1 X96.622 Y118.808 E1372.37427
G1 X96.622 Y99.707 E1373.26369
G1 X93.422 Y99.707 E1373.4127
G1 X93.422 Y109.707 E1373.87834
G1 X92.622 Y109.707 E1373.91559
G1 X92.622 Y98.907 E1374.41849
G1 X97.422 Y98.907 E1374.64199
G1 X97.422 Y110.288 E1375.17194
G1 X97.422 Y110.289 E1375.17199
G1 X97.422 Y110.583 E1375.18568
G1 X97.695 Y110.473 E1375.19371
G1 X100.547 Y109.321 E1375.33693
G1 X100.548 Y109.32 E1375.337
G1 X101.272 Y109.029 E1375.37333
G1 X100.777 Y109.632 E1375.39207
G1 X100.776 Y109.633 E1375.39213
G1 X99.829 Y110.784 E1375.46154
G1 X98.65 Y112.266 E1375.54972
G1 X98.018 Y113.395 E1375.60997
G1 X97.619 Y114.714 E1375.67413
G1 X97.35 Y116.644 E1375.76487
G1 X97.034 Y118.768 E1375.86486
G1 X97.016 Y118.85 E1375.86877
G1 X96.622 Y120.693 E1375.91289
G0 F15000 X96.222 Y121.492
;TYPE:WALL-OUTER
G1 F2839.1 X96.222 Y100.107 E1376.90867
G1 X93.822 Y100.107 E1377.02042
G1 X93.822 Y110.107 E1377.48606
G1 X92.222 Y110.107 E1377.56057
G1 X92.222 Y98.507 E1378.10071
G1 X97.822 Y98.507 E1378.36147
G1 X97.822 Y109.99 E1378.89617
G1 X102.417 Y108.135 E1379.12691
G1 X101.722 Y109.111 E1379.1827
G1 X100.14 Y111.036 E1379.29872
G1 X98.983 Y112.49 E1379.38525
G1 X98.388 Y113.552 E1379.44193
G1 X98.011 Y114.8 E1379.50263
G1 X97.746 Y116.703 E1379.5921
G1 X97.429 Y118.832 E1379.69233
G1 X96.86 Y121.493 E1379.81904
G1 X96.222 Y121.492 E1379.84875
G0 F15000 X96.411 Y121.301
;TYPE:SKIN
G1 F2839.1 X96.553 Y121.16 E1379.85815
G1 X96.642 Y120.967 E1379.86815
G0 F15000 X96.522 Y120.843
G0 X96.873 Y118.652
G0 X96.834 Y118.613
G1 F2839.1 X96.853 Y118.349 E1379.87633
G1 X96.981 Y116.497 E1379.93375
G1 X97.115 Y116.348 E1379.93995
G0 F15000 X97.028 Y116.261
G0 X97.317 Y113.722
G0 X97.256 Y113.661
G1 F2839.1 X97.29 Y113.412 E1379.94786
G1 X97.483 Y113.039 E1379.96108
G0 F15000 X97.531 Y113.088
G0 X97.744 Y111.886
G0 X97.67 Y111.812
G1 F2839.1 X97.761 Y111.62 E1379.96858
G1 X97.923 Y111.5 E1379.97569
G0 F15000 X97.021 Y110.598
G1 F2839.1 X97.021 Y110.315 E1379.99045
G1 X97.021 Y99.85 E1380.53618
G1 X96.477 Y99.305 E1380.57634
G1 X93.083 Y99.305 E1380.75333
G1 X93.021 Y100.092 E1380.7945
G1 X93.021 Y109.143 E1381.26649
G1 X92.819 Y109.507 E1381.2882
G0 F15000 X92.843 Y109.531
G0 X93.594 Y99.879
G0 X96.45 Y99.879
G0 X96.797 Y110.656
G0 X96.952 Y110.811
G1 F2839.1 X96.851 Y110.993 E1381.30202
G0 F15000 X96.797 Y110.939
G0 X98.776 Y110.655
G0 X98.893 Y110.772
G1 F2839.1 X99.056 Y110.653 E1381.31064
G1 X99.219 Y110.533 E1381.3193
G0 F15000 X99.26 Y110.574
G0 X100.081 Y109.697
G0 X100.194 Y109.81
G1 F2839.1 X100.359 Y109.692 E1381.32767
G1 X100.523 Y109.574 E1381.33601
G0 F15000 X100.563 Y109.614
G0 X101.431 Y108.855
G0 X101.498 Y108.852
G1 F2839.1 X101.657 Y108.728 E1381.34377
G1 X101.817 Y108.605 E1381.35154
G0 F15000 X101.783 Y108.659
G0 X97.6 Y110.319
G0 X97.246 Y99.792
G1 F2839.1 X96.535 Y99.081 E1381.37495
G0 F15000 X96.818 Y99.081
G1 F2839.1 X97.246 Y99.509 E1381.38904
G0 F15000 X97.246 Y99.226
G1 F2839.1 X97.101 Y99.081 E1381.39382
G0 F15000 X97.101 Y99.107
G1 F1500 E1374.89382
;MESH:terminale zanzariera verticale antivento con bottoncini.stl
G0 F15000 X97.611 Y110.302
G0 X98.669 Y108.734
G0 X102.692 Y107.1
G0 X103.487 Y108.11
G0 X103.861 Y110.464
G0 X104.365 Y110.968
G0 X106.679 Y110.968
G0 X107.857 Y110.302
G0 X108.942 Y110.302
G0 X109.922 Y112.823
;TYPE:WALL-INNER
G1 F1500 E1381.39382
G1 F2839.1 X109.922 Y112.059 E1381.42939
G1 X109.922 Y112.058 E1381.42944
G1 X109.922 Y111.446 E1381.45793
G1 X110.484 Y111.219 E1381.48616
G1 X111.186 Y110.936 E1381.5214
G1 X110.715 Y111.528 E1381.53959
G1 X110.484 Y111.818 E1381.55685
G1 X110.295 Y112.156 E1381.57488
G1 X109.922 Y112.823 E1381.59326
G0 F15000 X109.522 Y116.101
G1 F2839.1 X109.522 Y114.628 E1381.66185
G1 X109.522 Y113.974 E1381.6923
G1 X109.522 Y111.176 E1381.82259
G1 X111.781 Y110.264 E1381.93602
G1 X111.891 Y110.22 E1381.94154
G1 X112.465 Y109.988 E1381.97037
G1 X112.018 Y110.532 E1381.98587
G1 X111.944 Y110.625 E1381.99098
G1 X110.817 Y112.042 E1382.07529
G1 X110.148 Y113.238 E1382.1391
G1 X109.916 Y114.002 E1382.17628
G1 X109.727 Y114.628 E1382.1994
G1 X109.522 Y116.101 E1382.21755
G0 F15000 X109.122 Y120.693
G1 F2839.1 X109.122 Y118.809 E1382.30528
G1 X109.122 Y118.808 E1382.30532
G1 X109.122 Y99.707 E1383.19475
G1 X105.922 Y99.707 E1383.34375
G1 X105.922 Y109.707 E1383.80939
G1 X105.122 Y109.707 E1383.84665
G1 X105.122 Y98.907 E1384.34954
G1 X109.922 Y98.907 E1384.57305
G1 X109.922 Y110.288 E1385.10299
G1 X109.922 Y110.289 E1385.10304
G1 X109.922 Y110.583 E1385.11673
G1 X110.195 Y110.473 E1385.12476
G1 X113.047 Y109.321 E1385.26799
G1 X113.048 Y109.32 E1385.26805
G1 X113.772 Y109.029 E1385.30438
G1 X113.277 Y109.632 E1385.32312
G1 X113.276 Y109.633 E1385.32318
G1 X112.329 Y110.784 E1385.39259
G1 X111.15 Y112.266 E1385.48077
G1 X110.518 Y113.395 E1385.54102
G1 X110.119 Y114.714 E1385.60518
G1 X109.85 Y116.644 E1385.69592
G1 X109.534 Y118.768 E1385.79591
G1 X109.516 Y118.85 E1385.79982
G1 X109.122 Y120.693 E1385.84395
G0 F15000 X108.722 Y121.492
;TYPE:WALL-OUTER
G1 F2839.1 X108.722 Y100.107 E1386.83972
G1 X106.322 Y100.107 E1386.95147
G1 X106.322 Y110.107 E1387.41712
G1 X104.722 Y110.107 E1387.49162
G1 X104.722 Y98.507 E1388.03176
G1 X110.322 Y98.507 E1388.29252
G1 X110.322 Y109.99 E1388.82722
G1 X114.917 Y108.135 E1389.05796
G1 X114.222 Y109.111 E1389.11375
G1 X112.64 Y111.036 E1389.22977
G1 X111.483 Y112.49 E1389.3163
G1 X110.888 Y113.552 E1389.37298
G1 X110.511 Y114.8 E1389.43369
G1 X110.246 Y116.703 E1389.52315
G1 X109.929 Y118.832 E1389.62338
G1 X109.36 Y121.493 E1389.75009
G1 X108.722 Y121.492 E1389.7798
G0 F15000 X109.024 Y121.187
;TYPE:SKIN
G1 F2839.1 X109.107 Y120.986 E1389.79158
G1 X109.289 Y120.886 E1389.80284
G0 F15000 X109.191 Y120.852
G0 X109.332 Y118.666
G0 X109.314 Y118.648
G1 F2839.1 X109.349 Y118.4 E1389.81045
G1 X109.478 Y116.549 E1389.86684
G1 X109.581 Y116.369 E1389.87315
G0 F15000 X109.468 Y116.256
G0 X109.805 Y113.764
G0 X109.751 Y113.71
G1 F2839.1 X109.783 Y113.46 E1389.88111
G1 X109.936 Y113.047 E1389.89504
G0 F15000 X110.011 Y113.122
G0 X110.225 Y111.922
G0 X110.16 Y111.857
G1 F2839.1 X110.23 Y111.644 E1389.90291
G1 X110.392 Y111.523 E1389.91001
G0 F15000 X109.521 Y110.652
G1 F2839.1 X109.521 Y110.369 E1389.92486
G1 X109.521 Y99.904 E1390.47391
G1 X108.923 Y99.306 E1390.51828
G1 X109.364 Y99.464 E1390.54285
G0 F15000 X109.747 Y99.564
G1 F2839.1 X109.264 Y99.081 E1390.55876
G0 F15000 X109.547 Y99.081
G1 F2839.1 X109.747 Y99.282 E1390.56536
G0 F15000 X108.64 Y99.306
G1 F2839.1 X108.357 Y99.306 E1390.58078
G1 X105.529 Y99.306 E1390.73488
G1 X105.521 Y105.238 E1391.05811
G1 X105.521 Y109.198 E1391.27389
G1 X105.433 Y109.393 E1391.28555
G0 F15000 X105.571 Y109.531
G0 X106.094 Y99.879
G0 X108.95 Y99.879
G0 X109.296 Y110.71
G0 X109.432 Y110.846
G1 F2839.1 X109.331 Y111.028 E1391.29683
G0 F15000 X109.296 Y110.993
G0 X111.237 Y110.672
G0 X111.361 Y110.796
G1 F2839.1 X111.525 Y110.676 E1391.30631
G1 X111.688 Y110.557 E1391.31573
G0 F15000 X111.737 Y110.605
G0 X112.542 Y109.713
G0 X112.662 Y109.834
G1 F2839.1 X112.826 Y109.715 E1391.32487
G1 X112.991 Y109.597 E1391.33402
G0 F15000 X113.038 Y109.644
G0 X113.892 Y108.871
G0 X113.967 Y108.875
G1 F2839.1 X114.126 Y108.752 E1391.34716
G0 F15000 X114.25 Y108.593
G1 F2839.1 X114.322 Y108.666 E1391.34954
G1 F1500 E1384.84954
;MESH:NONMESH
G0 F300 X114.322 Y108.666 Z19.6
G0 F15000 X114.217 Y108.686
G0 X108.942 Y112.823
G0 X107.857 Y112.823
G0 X99.703 Y112.974
G0 X98.8 Y112.367
G0 X97.422 Y112.823
;TIME_ELAPSED:1438.896404
;LAYER:69
;TYPE:WALL-INNER
;MESH:terminale zanzariera verticale antivento con bottoncini.stl(1)
G1 F1500 E1391.34954
G1 F2805.8 X97.422 Y112.059 E1391.38512
G1 X97.422 Y112.058 E1391.38516
G1 X97.422 Y111.446 E1391.41366
G1 X97.984 Y111.219 E1391.44188
G1 X98.686 Y110.936 E1391.47713
G1 X98.215 Y111.528 E1391.49531
G1 X97.984 Y111.818 E1391.51258
G1 X97.795 Y112.156 E1391.53061
G1 X97.422 Y112.823 E1391.54898
G0 F15000 X97.022 Y116.104
G1 F2805.8 X97.022 Y114.628 E1391.61771
G1 X97.022 Y113.974 E1391.64817
G1 X97.022 Y111.176 E1391.77845
G1 X99.281 Y110.264 E1391.89189
G1 X99.391 Y110.22 E1391.89741
G1 X99.965 Y109.988 E1391.92623
G1 X99.518 Y110.532 E1391.94174
G1 X99.444 Y110.625 E1391.94685
G1 X98.317 Y112.042 E1392.03115
G1 X97.648 Y113.238 E1392.09496
G1 X97.416 Y114.002 E1392.13214
G1 X97.227 Y114.628 E1392.15526
G1 X97.022 Y116.104 E1392.17345
G0 F15000 X96.622 Y120.693
G1 F2805.8 X96.622 Y118.809 E1392.26118
G1 X96.622 Y118.808 E1392.26123
G1 X96.622 Y99.707 E1393.15065
G1 X93.422 Y99.707 E1393.29965
G1 X93.422 Y109.707 E1393.7653
G1 X92.622 Y109.707 E1393.80255
G1 X92.622 Y98.907 E1394.30544
G1 X97.422 Y98.907 E1394.52895
G1 X97.422 Y110.288 E1395.0589
G1 X97.422 Y110.289 E1395.05894
G1 X97.422 Y110.583 E1395.07263
G1 X97.695 Y110.473 E1395.08066
G1 X100.547 Y109.321 E1395.22389
G1 X100.548 Y109.32 E1395.22395
G1 X101.272 Y109.029 E1395.26029
G1 X100.777 Y109.632 E1395.27902
G1 X100.776 Y109.633 E1395.27909
G1 X99.829 Y110.784 E1395.34849
G1 X98.65 Y112.266 E1395.43667
G1 X98.018 Y113.395 E1395.49692
G1 X97.619 Y114.714 E1395.56109
G1 X97.355 Y116.613 E1395.65036
G1 X97.034 Y118.768 E1395.75182
G1 X97.016 Y118.85 E1395.75573
G1 X96.622 Y120.693 E1395.79985
G0 F15000 X96.222 Y121.492
;TYPE:WALL-OUTER
G1 F2805.8 X96.222 Y100.107 E1396.79562
G1 X93.822 Y100.107 E1396.90738
G1 X93.822 Y110.107 E1397.37302
G1 X92.222 Y110.107 E1397.44752
G1 X92.222 Y98.507 E1397.98767
G1 X97.822 Y98.507 E1398.24843
G1 X97.822 Y109.99 E1398.78312
G1 X102.417 Y108.135 E1399.01386
G1 X101.722 Y109.111 E1399.06965
G1 X100.14 Y111.036 E1399.18568
G1 X98.983 Y112.49 E1399.2722
G1 X98.388 Y113.552 E1399.32888
G1 X98.011 Y114.8 E1399.38959
G1 X97.751 Y116.672 E1399.47759
G1 X97.429 Y118.832 E1399.57928
G1 X96.86 Y121.493 E1399.70599
G1 X96.222 Y121.492 E1399.7357
G0 F15000 X96.627 Y121.16
;TYPE:SKIN
G1 F2805.8 X96.523 Y120.982 E1399.75432
G0 F15000 X96.522 Y121.109
G0 X96.797 Y118.446
G0 X96.86 Y118.383
G1 F2805.8 X96.884 Y118.075 E1399.76479
G1 X97.007 Y116.538 E1399.81708
G1 X96.899 Y116.363 E1399.82405
G0 F15000 X97.001 Y116.261
G0 X97.197 Y113.803
G0 X97.265 Y113.734
G1 F2805.8 X97.327 Y113.39 E1399.836
G1 X97.319 Y113.114 E1399.84543
G0 F15000 X97.442 Y112.992
G0 X97.581 Y111.922
G0 X97.698 Y111.887
G1 F2805.8 X97.717 Y111.585 E1399.86013
G0 F15000 X97.838 Y111.465
G0 X97.246 Y110.642
G0 X97.021 Y110.867
G1 F2805.8 X97.021 Y110.584 E1399.87519
G1 X97.021 Y99.553 E1400.46241
G1 X96.986 Y99.306 E1400.47569
G1 X93.592 Y99.306 E1400.65637
G1 X93.165 Y99.449 E1400.68034
G0 F15000 X92.797 Y99.535
G1 F2805.8 X93.251 Y99.081 E1400.69529
G0 F15000 X92.882 Y99.167
G1 F2805.8 X93.021 Y99.876 E1400.73153
G1 X93.021 Y109.21 E1401.19975
G1 X93.114 Y109.399 E1401.21031
G0 F15000 X92.983 Y109.531
G0 X93.594 Y99.879
G0 X96.45 Y99.879
G0 X96.461 Y110.291
G0 X98.785 Y110.8
G0 X98.91 Y110.674
G1 F2805.8 X99.017 Y110.85 E1401.22596
G0 F15000 X98.906 Y110.962
G0 X100.164 Y109.987
G0 X100.389 Y109.762
G1 F2805.8 X100.138 Y109.729 E1401.247
G0 F15000 X100.044 Y109.824
G0 X101.348 Y108.889
G0 X101.378 Y108.773
G1 F2805.8 X101.646 Y108.788 E1401.26386
G1 F1500 E1394.76386
;MESH:terminale zanzariera verticale antivento con bottoncini.stl
G0 F15000 X101.735 Y108.733
G0 X102.714 Y109.209
G0 X103.857 Y108.588
G0 X104.942 Y108.588
G0 X106.094 Y99.879
G0 X108.95 Y99.879
G0 X109.922 Y112.823
;TYPE:WALL-INNER
G1 F1500 E1401.26386
G1 F2805.8 X109.922 Y112.059 E1401.29943
G1 X109.922 Y112.058 E1401.29948
G1 X109.922 Y111.446 E1401.32798
G1 X110.484 Y111.219 E1401.3562
G1 X111.186 Y110.936 E1401.39145
G1 X110.715 Y111.528 E1401.40963
G1 X110.484 Y111.818 E1401.42689
G1 X110.295 Y112.156 E1401.44493
G1 X109.922 Y112.823 E1401.4633
G0 F15000 X109.522 Y116.104
G1 F2805.8 X109.522 Y114.628 E1401.53203
G1 X109.522 Y113.974 E1401.56248
G1 X109.522 Y111.176 E1401.69277
G1 X111.781 Y110.264 E1401.80621
G1 X111.891 Y110.22 E1401.81172
G1 X112.465 Y109.988 E1401.84055
G1 X112.018 Y110.532 E1401.85605
G1 X111.944 Y110.625 E1401.86116
G1 X110.817 Y112.042 E1401.94547
G1 X110.148 Y113.238 E1402.00928
G1 X109.916 Y114.002 E1402.04646
G1 X109.727 Y114.628 E1402.06958
G1 X109.522 Y116.104 E1402.08777
G0 F15000 X109.122 Y120.693
G1 F2805.8 X109.122 Y118.809 E1402.1755
G1 X109.122 Y118.808 E1402.17554
G1 X109.122 Y99.707 E1403.06497
G1 X105.922 Y99.707 E1403.21397
G1 X105.922 Y109.707 E1403.67961
G1 X105.122 Y109.707 E1403.71686
G1 X105.122 Y98.907 E1404.21976
G1 X109.922 Y98.907 E1404.44327
G1 X109.922 Y110.288 E1404.97321
G1 X109.922 Y110.289 E1404.97326
G1 X109.922 Y110.583 E1404.98695
G1 X110.195 Y110.473 E1404.99498
G1 X113.047 Y109.321 E1405.1382
G1 X113.048 Y109.32 E1405.13827
G1 X113.772 Y109.029 E1405.1746
G1 X113.277 Y109.632 E1405.19334
G1 X113.276 Y109.633 E1405.1934
G1 X112.329 Y110.784 E1405.26281
G1 X111.15 Y112.266 E1405.35099
G1 X110.518 Y113.395 E1405.41124
G1 X110.119 Y114.714 E1405.4754
G1 X109.855 Y116.613 E1405.56468
G1 X109.534 Y118.768 E1405.66613
G1 X109.516 Y118.85 E1405.67004
G1 X109.122 Y120.693 E1405.71417
G0 F15000 X108.722 Y121.492
;TYPE:WALL-OUTER
G1 F2805.8 X108.722 Y100.107 E1406.70994
G1 X106.322 Y100.107 E1406.82169
G1 X106.322 Y110.107 E1407.28734
G1 X104.722 Y110.107 E1407.36184
G1 X104.722 Y98.507 E1407.90198
G1 X110.322 Y98.507 E1408.16274
G1 X110.322 Y109.99 E1408.69744
G1 X114.917 Y108.135 E1408.92818
G1 X114.222 Y109.111 E1408.98397
G1 X112.64 Y111.036 E1409.09999
G1 X111.483 Y112.49 E1409.18652
G1 X110.888 Y113.552 E1409.2432
G1 X110.511 Y114.8 E1409.30391
G1 X110.251 Y116.672 E1409.39191
G1 X109.929 Y118.832 E1409.4936
G1 X109.36 Y121.493 E1409.62031
G1 X108.722 Y121.492 E1409.65002
G0 F15000 X109.108 Y121.125
;TYPE:SKIN
G1 F2805.8 X108.998 Y120.951 E1409.66935
G0 F15000 X109.022 Y121.053
G0 X109.305 Y118.665
G0 X109.344 Y118.626
G1 F2805.8 X109.364 Y118.322 E1409.67871
G1 X109.506 Y116.484 E1409.73535
G1 X109.373 Y116.334 E1409.7415
G0 F15000 X109.297 Y116.41
G0 X109.697 Y113.748
G0 X109.777 Y113.667
G1 F2805.8 X109.839 Y113.322 E1409.75438
G1 X109.797 Y113.082 E1409.76333
G0 F15000 X109.697 Y113.183
G0 X110.081 Y111.922
G0 X110.267 Y111.763
G1 F2805.8 X110.171 Y111.577 E1409.76877
G1 X109.71 Y110.905 E1409.78993
G0 F15000 X109.521 Y110.812
G1 F2805.8 X109.521 Y110.529 E1409.80504
G1 X109.521 Y99.498 E1410.39401
G0 F15000 X109.43 Y99.306
G1 F2805.8 X109.147 Y99.306 E1410.40835
G1 X106.036 Y99.306 E1410.56602
G1 X105.637 Y99.422 E1410.58708
G1 X105.354 Y99.139 E1410.60737
G1 X105.521 Y100.104 E1410.657
G1 X105.521 Y109.155 E1411.11573
G1 X105.728 Y109.513 E1411.13669
G0 F15000 X105.746 Y109.496
G0 X106.094 Y99.879
G0 X108.95 Y99.879
G0 X108.961 Y110.238
G0 X111.261 Y110.77
G0 X111.352 Y110.678
G1 F2805.8 X111.599 Y110.715 E1411.15703
G0 F15000 X112.865 Y109.731
G1 F2805.8 X112.58 Y109.733 E1411.17582
G0 F15000 X112.52 Y109.793
G0 X113.838 Y108.893
G0 X113.8 Y108.796
G1 F2805.8 X113.84 Y108.756 E1411.17714
G0 F15000 X113.919 Y108.96
G1 F2805.8 X114.313 Y108.567 E1411.19009
G1 F1500 E1404.69009
;MESH:NONMESH
G0 F300 X114.313 Y108.567 Z19.88
G0 F15000 X114.238 Y108.658
G0 X108.942 Y112.823
G0 X107.857 Y112.823
G0 X99.703 Y112.974
G0 X98.8 Y112.367
G0 X97.422 Y112.823
;TIME_ELAPSED:1458.775682
;LAYER:70
;TYPE:WALL-INNER
;MESH:terminale zanzariera verticale antivento con bottoncini.stl(1)
G1 F1500 E1411.19009
G1 F2839.1 X97.422 Y112.059 E1411.22567
G1 X97.422 Y112.058 E1411.22571
G1 X97.422 Y111.446 E1411.25421
G1 X97.984 Y111.219 E1411.28243
G1 X98.686 Y110.936 E1411.31768
G1 X98.215 Y111.528 E1411.33586
G1 X97.984 Y111.818 E1411.35313
G1 X97.795 Y112.156 E1411.37116
G1 X97.422 Y112.823 E1411.38953
G0 F15000 X97.022 Y116.102
G1 F2839.1 X97.022 Y114.628 E1411.45817
G1 X97.022 Y113.974 E1411.48862
G1 X97.022 Y111.176 E1411.61891
G1 X99.281 Y110.264 E1411.73235
G1 X99.391 Y110.22 E1411.73786
G1 X99.965 Y109.988 E1411.76669
G1 X99.518 Y110.532 E1411.78219
G1 X99.444 Y110.625 E1411.7873
G1 X98.317 Y112.042 E1411.87161
G1 X97.648 Y113.238 E1411.93542
G1 X97.416 Y114.002 E1411.9726
G1 X97.227 Y114.628 E1411.99572
G1 X97.022 Y116.102 E1412.01389
G0 F15000 X96.622 Y120.693
G1 F2839.1 X96.622 Y118.809 E1412.10161
G1 X96.622 Y118.808 E1412.10166
G1 X96.622 Y99.707 E1412.99108
G1 X93.422 Y99.707 E1413.14009
G1 X93.422 Y109.707 E1413.60573
G1 X92.622 Y109.707 E1413.64298
G1 X92.622 Y98.907 E1414.14587
G1 X97.422 Y98.907 E1414.36938
G1 X97.422 Y110.288 E1414.89933
G1 X97.422 Y110.289 E1414.89938
G1 X97.422 Y110.583 E1414.91306
G1 X97.695 Y110.473 E1414.92109
G1 X100.547 Y109.321 E1415.06432
G1 X100.548 Y109.32 E1415.06439
G1 X101.272 Y109.029 E1415.10072
G1 X100.777 Y109.632 E1415.11945
G1 X100.776 Y109.633 E1415.11952
G1 X99.829 Y110.784 E1415.18892
G1 X98.65 Y112.266 E1415.27711
G1 X98.018 Y113.395 E1415.33735
G1 X97.619 Y114.714 E1415.40152
G1 X97.359 Y116.581 E1415.48929
G1 X97.034 Y118.768 E1415.59225
G1 X97.016 Y118.85 E1415.59616
G1 X96.622 Y120.693 E1415.64028
G0 F15000 X96.222 Y121.492
;TYPE:WALL-OUTER
G1 F2839.1 X96.222 Y100.107 E1416.63606
G1 X93.822 Y100.107 E1416.74781
G1 X93.822 Y110.107 E1417.21345
G1 X92.222 Y110.107 E1417.28795
G1 X92.222 Y98.507 E1417.8281
G1 X97.822 Y98.507 E1418.08886
G1 X97.822 Y109.99 E1418.62356
G1 X102.417 Y108.135 E1418.85429
G1 X101.722 Y109.111 E1418.91009
G1 X100.14 Y111.036 E1419.02611
G1 X98.983 Y112.49 E1419.11263
G1 X98.388 Y113.552 E1419.16932
G1 X98.011 Y114.8 E1419.23002
G1 X97.755 Y116.64 E1419.31652
G1 X97.429 Y118.832 E1419.41972
G1 X96.86 Y121.493 E1419.54642
G1 X96.222 Y121.492 E1419.57613
G0 F15000 X96.411 Y121.301
;TYPE:SKIN
G1 F2839.1 X96.553 Y121.16 E1419.58554
G1 X96.642 Y120.967 E1419.59553
G0 F15000 X96.522 Y120.843
G0 X96.873 Y118.652
G0 X96.834 Y118.613
G1 F2839.1 X96.853 Y118.349 E1419.60372
G1 X96.981 Y116.497 E1419.66112
G1 X97.116 Y116.349 E1419.66731
G0 F15000 X97.029 Y116.262
G0 X97.317 Y113.722
G0 X97.256 Y113.661
G1 F2839.1 X97.29 Y113.412 E1419.67522
G1 X97.483 Y113.039 E1419.68844
G0 F15000 X97.531 Y113.088
G0 X97.744 Y111.886
G0 X97.67 Y111.812
G1 F2839.1 X97.761 Y111.62 E1419.69594
G1 X97.923 Y111.5 E1419.70305
G0 F15000 X97.021 Y110.598
G1 F2839.1 X97.021 Y110.315 E1419.71781
G1 X97.021 Y99.85 E1420.26354
G1 X96.477 Y99.305 E1420.3037
G1 X93.083 Y99.305 E1420.48069
G1 X93.021 Y100.092 E1420.52186
G1 X93.021 Y109.143 E1420.99385
G1 X92.819 Y109.507 E1421.01556
G0 F15000 X92.843 Y109.531
G0 X93.594 Y99.879
G0 X96.45 Y99.879
G0 X96.797 Y110.656
G0 X96.952 Y110.811
G1 F2839.1 X96.851 Y110.993 E1421.02938
G0 F15000 X96.797 Y110.939
G0 X98.776 Y110.655
G0 X98.893 Y110.772
G1 F2839.1 X99.056 Y110.653 E1421.03801
G1 X99.219 Y110.533 E1421.04666
G0 F15000 X99.26 Y110.574
G0 X100.081 Y109.697
G0 X100.194 Y109.81
G1 F2839.1 X100.359 Y109.692 E1421.05503
G1 X100.523 Y109.574 E1421.06337
G0 F15000 X100.563 Y109.614
G0 X101.431 Y108.855
G0 X101.498 Y108.852
G1 F2839.1 X101.657 Y108.728 E1421.07113
G1 X101.817 Y108.605 E1421.0789
G0 F15000 X101.783 Y108.659
G0 X97.6 Y110.319
G0 X97.246 Y99.792
G1 F2839.1 X96.535 Y99.081 E1421.10231
G0 F15000 X96.818 Y99.081
G1 F2839.1 X97.246 Y99.509 E1421.1164
G0 F15000 X97.246 Y99.226
G1 F2839.1 X97.101 Y99.081 E1421.12118
G0 F15000 X97.101 Y99.107
G1 F1500 E1414.62118
;MESH:terminale zanzariera verticale antivento con bottoncini.stl
G0 F15000 X97.611 Y110.302
G0 X98.669 Y108.734
G0 X102.692 Y107.1
G0 X103.487 Y108.11
G0 X103.861 Y110.464
G0 X104.365 Y110.968
G0 X106.679 Y110.968
G0 X107.857 Y110.302
G0 X108.942 Y110.302
G0 X109.922 Y112.823
;TYPE:WALL-INNER
G1 F1500 E1421.12118
G1 F2839.1 X109.922 Y112.059 E1421.15675
G1 X109.922 Y112.058 E1421.1568
G1 X109.922 Y111.446 E1421.1853
G1 X110.484 Y111.219 E1421.21352
G1 X111.186 Y110.936 E1421.24876
G1 X110.715 Y111.528 E1421.26695
G1 X110.484 Y111.818 E1421.28421
G1 X110.295 Y112.156 E1421.30224
G1 X109.922 Y112.823 E1421.32062
G0 F15000 X109.522 Y116.102
G1 F2839.1 X109.522 Y114.628 E1421.38925
G1 X109.522 Y113.974 E1421.41971
G1 X109.522 Y111.176 E1421.54999
G1 X111.781 Y110.264 E1421.66343
G1 X111.891 Y110.22 E1421.66895
G1 X112.465 Y109.988 E1421.69778
G1 X112.018 Y110.532 E1421.71328
G1 X111.944 Y110.625 E1421.71839
G1 X110.817 Y112.042 E1421.80269
G1 X110.148 Y113.238 E1421.86651
G1 X109.916 Y114.002 E1421.90369
G1 X109.727 Y114.628 E1421.92681
G1 X109.522 Y116.102 E1421.94497
G0 F15000 X109.122 Y120.693
G1 F2839.1 X109.122 Y118.809 E1422.0327
G1 X109.122 Y118.808 E1422.03274
G1 X109.122 Y99.707 E1422.92217
G1 X105.922 Y99.707 E1423.07117
G1 X105.922 Y109.707 E1423.53681
G1 X105.122 Y109.707 E1423.57407
G1 X105.122 Y98.907 E1424.07696
G1 X109.922 Y98.907 E1424.30047
G1 X109.922 Y110.288 E1424.83041
G1 X109.922 Y110.289 E1424.83046
G1 X109.922 Y110.583 E1424.84415
G1 X110.195 Y110.473 E1424.85218
G1 X113.047 Y109.321 E1424.99541
G1 X113.048 Y109.32 E1424.99547
G1 X113.772 Y109.029 E1425.0318
G1 X113.277 Y109.632 E1425.05054
G1 X113.276 Y109.633 E1425.0506
G1 X112.329 Y110.784 E1425.12001
G1 X111.15 Y112.266 E1425.20819
G1 X110.518 Y113.395 E1425.26844
G1 X110.119 Y114.714 E1425.33261
G1 X109.859 Y116.581 E1425.42038
G1 X109.534 Y118.768 E1425.52333
G1 X109.516 Y118.85 E1425.52724
G1 X109.122 Y120.693 E1425.57137
G0 F15000 X108.722 Y121.492
;TYPE:WALL-OUTER
G1 F2839.1 X108.722 Y100.107 E1426.56714
G1 X106.322 Y100.107 E1426.6789
G1 X106.322 Y110.107 E1427.14454
G1 X104.722 Y110.107 E1427.21904
G1 X104.722 Y98.507 E1427.75918
G1 X110.322 Y98.507 E1428.01994
G1 X110.322 Y109.99 E1428.55464
G1 X114.917 Y108.135 E1428.78538
G1 X114.222 Y109.111 E1428.84117
G1 X112.64 Y111.036 E1428.95719
G1 X111.483 Y112.49 E1429.04372
G1 X110.888 Y113.552 E1429.1004
G1 X110.511 Y114.8 E1429.16111
G1 X110.255 Y116.64 E1429.24761
G1 X109.929 Y118.832 E1429.3508
G1 X109.36 Y121.493 E1429.47751
G1 X108.722 Y121.492 E1429.50722
G0 F15000 X109.024 Y121.187
;TYPE:SKIN
G1 F2839.1 X109.107 Y120.986 E1429.519
G1 X109.289 Y120.886 E1429.53026
G0 F15000 X109.191 Y120.852
G0 X109.332 Y118.666
G0 X109.314 Y118.648
G1 F2839.1 X109.349 Y118.4 E1429.53786
G1 X109.477 Y116.548 E1429.59421
G1 X109.582 Y116.37 E1429.60048
G0 F15000 X109.47 Y116.258
G0 X109.805 Y113.764
G0 X109.751 Y113.71
G1 F2839.1 X109.783 Y113.46 E1429.60845
G1 X109.936 Y113.047 E1429.62237
G0 F15000 X110.011 Y113.122
G0 X110.225 Y111.922
G0 X110.16 Y111.857
G1 F2839.1 X110.23 Y111.644 E1429.63025
G1 X110.392 Y111.523 E1429.63735
G0 F15000 X109.521 Y110.652
G1 F2839.1 X109.521 Y110.369 E1429.6522
G1 X109.521 Y99.904 E1430.20124
G1 X108.923 Y99.306 E1430.24561
G1 X109.364 Y99.464 E1430.27019
G0 F15000 X109.747 Y99.564
G1 F2839.1 X109.264 Y99.081 E1430.28609
G0 F15000 X109.547 Y99.081
G1 F2839.1 X109.747 Y99.282 E1430.29269
G0 F15000 X108.64 Y99.306
G1 F2839.1 X108.357 Y99.306 E1430.30811
G1 X105.529 Y99.306 E1430.46221
G1 X105.521 Y105.238 E1430.78545
G1 X105.521 Y109.198 E1431.00123
G1 X105.433 Y109.393 E1431.01288
G0 F15000 X105.571 Y109.531
G0 X106.094 Y99.879
G0 X108.95 Y99.879
G0 X109.296 Y110.71
G0 X109.432 Y110.846
G1 F2839.1 X109.331 Y111.028 E1431.02416
G0 F15000 X109.296 Y110.993
G0 X111.237 Y110.672
G0 X111.361 Y110.796
G1 F2839.1 X111.525 Y110.676 E1431.03364
G1 X111.688 Y110.557 E1431.04306
G0 F15000 X111.737 Y110.605
G0 X112.542 Y109.713
G0 X112.662 Y109.834
G1 F2839.1 X112.826 Y109.715 E1431.0522
G1 X112.991 Y109.597 E1431.06136
G0 F15000 X113.038 Y109.644
G0 X113.892 Y108.871
G0 X113.967 Y108.875
G1 F2839.1 X114.126 Y108.752 E1431.07449
G0 F15000 X114.25 Y108.593
G1 F2839.1 X114.322 Y108.666 E1431.07688
;TIME_ELAPSED:1478.608912
G1 F1500 E1424.57688
M140 S0
M107
G91 ;Relative positioning
G1 E-2 F2700 ;Retract a bit
G1 E-2 Z0.2 F2400 ;Retract and raise Z
G1 X5 Y5 F3000 ;Wipe out
G1 Z10 ;Raise Z more
G90 ;Absolute positioning

G1 X0 Y220 ;Present print
M106 S0 ;Turn-off fan
M104 S0 ;Turn-off hotend
M140 S0 ;Turn-off bed

M84 X Y E ;Disable all steppers but Z

M82 ;absolute extrusion mode
M104 S0
;End of Gcode
;SETTING_3 {"global_quality": "[general]\\nversion = 4\\nname = Low Quality #2\\
;SETTING_3 ndefinition = creality_ender3pro\\n\\n[metadata]\\ntype = quality_cha
;SETTING_3 nges\\nquality_type = low\\nsetting_version = 17\\n\\n[values]\\nsupp
;SETTING_3 ort_enable = True\\n\\n", "extruder_quality": ["[general]\\nversion =
;SETTING_3  4\\nname = Low Quality #2\\ndefinition = creality_ender3pro\\n\\n[me
;SETTING_3 tadata]\\ntype = quality_changes\\nquality_type = low\\nsetting_versi
;SETTING_3 on = 17\\nposition = 0\\n\\n[values]\\ninfill_sparse_density = 100\\n
;SETTING_3 material_print_temperature = 245.0\\nspeed_print = 150\\n\\n"]}
