;FLAVOR:Marlin
;TIME:6283
;Filament used: 5.31026m
;Layer height: 0.28
;MINX:59.102
;MINY:84.859
;MINZ:0.28
;MAXX:186.455
;MAXY:138.637
;MAXZ:8.96
;Generated with Cura_SteamEngine 4.11.0
M140 S60
M105
M190 S60
M104 S200
M105
M109 S200
M82 ;absolute extrusion mode
; Ender 3 Custom Start G-code
G92 E0 ; Reset Extruder
G28 ; Home all axes
G1 Z2.0 F3000 ; Move Z Axis up little to prevent scratching of Heat Bed
G1 X0.1 Y20 Z0.3 F5000.0 ; Move to start position
G1 X0.1 Y200.0 Z0.3 F1500.0 E15 ; Draw the first line
G1 X0.4 Y200.0 Z0.3 F5000.0 ; Move to side a little
G1 X0.4 Y20 Z0.3 F1500.0 E30 ; Draw the second line
G92 E0 ; Reset Extruder
G1 Z2.0 F3000 ; Move Z Axis up little to prevent scratching of Heat Bed
G1 X5 Y20 Z0.3 F5000.0 ; Move over to prevent blob squish
G92 E0
G92 E0
G1 F1500 E-6.5
;LAYER_COUNT:32
;LAYER:0
M107
G0 F6000 X63.722 Y86.958 Z0.28
;TYPE:SKIRT
G1 F1500 E0
G1 F1200 X64.508 Y86.446 E0.04368
G1 X65.335 Y86.003 E0.08737
G1 X66.197 Y85.633 E0.13104
G1 X67.087 Y85.337 E0.17472
G1 X67.999 Y85.118 E0.21839
G1 X68.926 Y84.977 E0.26205
G1 X69.802 Y84.917 E0.30294
G1 X70.123 Y84.908 E0.31789
G1 X70.431 Y84.904 E0.33224
G1 X93.537 Y84.906 E1.40815
G1 X96.219 Y84.905 E1.53303
G1 X97.587 Y84.876 E1.59675
G1 X98.014 Y84.864 E1.61664
G1 X98.335 Y84.859 E1.63159
G1 X122.024 Y84.859 E2.73465
G1 X123.194 Y84.864 E2.78913
G1 X123.882 Y84.859 E2.82116
G1 X146.951 Y84.861 E3.89535
G1 X147.654 Y84.871 E3.92809
G1 X148.591 Y84.924 E3.97179
G1 X149.506 Y85.055 E4.01483
G1 X149.831 Y85.116 E4.03023
G1 X152.095 Y85.571 E4.13776
G1 X154.573 Y85.996 E4.25483
G1 X157.051 Y86.35 E4.37139
G1 X159.544 Y86.634 E4.48822
G1 X162.068 Y86.85 E4.60618
G1 X164.586 Y86.994 E4.72362
G1 X167.093 Y87.066 E4.8404
G1 X168.471 Y87.076 E4.90457
G1 X174.911 Y87.077 E5.20445
G1 X175.604 Y87.087 E5.23672
G1 X176.54 Y87.141 E5.28037
G1 X177.468 Y87.274 E5.32403
G1 X178.382 Y87.485 E5.36771
G1 X179.274 Y87.774 E5.41137
G1 X180.139 Y88.138 E5.45507
G1 X180.969 Y88.574 E5.49872
G1 X181.759 Y89.079 E5.54238
G1 X182.504 Y89.65 E5.58609
G1 X183.197 Y90.282 E5.62976
G1 X183.833 Y90.97 E5.67339
G1 X184.409 Y91.711 E5.71709
G1 X184.92 Y92.497 E5.76075
G1 X185.361 Y93.325 E5.80443
G1 X185.731 Y94.187 E5.84811
G1 X186.025 Y95.077 E5.89175
G1 X186.243 Y95.989 E5.93542
G1 X186.383 Y96.917 E5.97912
G1 X186.44 Y97.747 E6.01786
G1 X186.45 Y98.071 E6.03295
G1 X186.455 Y98.41 E6.04874
G1 X186.454 Y127.037 E7.38173
G1 X186.445 Y127.764 E7.41558
G1 X186.394 Y128.701 E7.45928
G1 X186.262 Y129.629 E7.50293
G1 X186.053 Y130.543 E7.54658
G1 X185.766 Y131.436 E7.59026
G1 X185.404 Y132.302 E7.63397
G1 X184.97 Y133.133 E7.67762
G1 X184.466 Y133.924 E7.72129
G1 X183.897 Y134.669 E7.76495
G1 X183.266 Y135.364 E7.80866
G1 X182.579 Y136.002 E7.85231
G1 X181.84 Y136.579 E7.89597
G1 X181.054 Y137.091 E7.93965
G1 X180.228 Y137.534 E7.98329
G1 X179.366 Y137.906 E8.02701
G1 X178.477 Y138.202 E8.07064
G1 X177.565 Y138.422 E8.11433
G1 X176.638 Y138.563 E8.15799
G1 X175.753 Y138.624 E8.19929
G1 X175.431 Y138.633 E8.21429
G1 X175.124 Y138.637 E8.22859
G1 X152.008 Y138.637 E9.30497
G1 X151.305 Y138.627 E9.33771
G1 X150.368 Y138.574 E9.38141
G1 X149.449 Y138.442 E9.42464
G1 X149.132 Y138.382 E9.43966
G1 X146.805 Y137.917 E9.55016
G1 X144.315 Y137.491 E9.66779
G1 X141.815 Y137.137 E9.78536
G1 X139.328 Y136.856 E9.9019
G1 X136.821 Y136.644 E10.01905
G1 X134.335 Y136.504 E10.135
G1 X130.429 Y136.422 E10.31692
G1 X123.729 Y136.422 E10.6289
G1 X122.252 Y136.417 E10.69767
G1 X121.665 Y136.421 E10.72501
G1 X98.563 Y136.421 E11.80073
G1 X98.423 Y136.419 E11.80725
G1 X95.767 Y136.421 E11.93093
G1 X94.55 Y136.447 E11.98761
G1 X94.118 Y136.46 E12.00773
G1 X93.787 Y136.465 E12.02315
G1 X70.649 Y136.465 E13.10055
G1 X69.965 Y136.455 E13.1324
G1 X69.029 Y136.401 E13.17606
G1 X68.101 Y136.268 E13.21971
G1 X67.187 Y136.056 E13.2634
G1 X66.295 Y135.767 E13.30706
G1 X65.43 Y135.403 E13.35076
G1 X64.6 Y134.967 E13.39442
G1 X63.81 Y134.462 E13.43808
G1 X63.066 Y133.891 E13.48175
G1 X62.373 Y133.259 E13.52542
G1 X61.536 Y132.328 E13.58371
G1 X60.966 Y131.551 E13.62859
G1 X60.479 Y130.75 E13.67224
G1 X60.061 Y129.91 E13.71593
G1 X59.716 Y129.038 E13.75959
G1 X59.447 Y128.139 E13.80329
G1 X59.256 Y127.221 E13.84695
G1 X59.143 Y126.29 E13.89062
G1 X59.114 Y125.737 E13.9164
G1 X59.106 Y125.445 E13.93001
G1 X59.102 Y125.144 E13.94402
G1 X59.102 Y96.458 E15.27976
G1 X59.111 Y95.769 E15.31185
G1 X59.163 Y94.833 E15.3555
G1 X59.295 Y93.904 E15.39919
G1 X59.505 Y92.99 E15.44286
G1 X59.793 Y92.098 E15.48651
G1 X60.155 Y91.233 E15.53017
G1 X60.59 Y90.402 E15.57385
G1 X61.094 Y89.611 E15.61752
G1 X61.664 Y88.866 E15.6612
G1 X62.295 Y88.172 E15.70488
G1 X62.983 Y87.534 E15.74857
G1 X63.722 Y86.958 E15.79219
G0 F6000 X64.107 Y87.177
G1 F1200 X64.888 Y86.689 E15.83508
G1 X65.708 Y86.27 E15.87796
G1 X66.561 Y85.925 E15.9208
G1 X67.441 Y85.654 E15.96368
G1 X68.341 Y85.462 E16.00653
G1 X69.255 Y85.348 E16.04942
G1 X69.813 Y85.317 E16.07544
G1 X70.134 Y85.308 E16.09039
G1 X70.431 Y85.304 E16.10422
G1 X93.531 Y85.306 E17.17986
G1 X96.229 Y85.305 E17.30549
G1 X97.596 Y85.277 E17.36915
G1 X98.026 Y85.264 E17.38918
G1 X98.335 Y85.259 E17.40357
G1 X122.022 Y85.259 E18.50654
G1 X123.195 Y85.264 E18.56116
G1 X123.882 Y85.259 E18.59315
G1 X146.946 Y85.261 E19.66711
G1 X147.649 Y85.271 E19.69985
G1 X148.568 Y85.324 E19.74271
G1 X149.433 Y85.448 E19.7834
G1 X149.752 Y85.509 E19.79852
G1 X151.986 Y85.958 E19.90463
G1 X154.52 Y86.393 E20.02435
G1 X156.985 Y86.745 E20.14029
G1 X159.532 Y87.035 E20.25966
G1 X162.01 Y87.247 E20.37546
G1 X164.554 Y87.392 E20.49412
G1 X167.125 Y87.466 E20.61388
G1 X168.468 Y87.476 E20.67642
G1 X174.905 Y87.477 E20.97615
G1 X175.598 Y87.487 E21.00843
G1 X176.517 Y87.54 E21.05129
G1 X177.428 Y87.673 E21.09416
G1 X178.324 Y87.885 E21.13703
G1 X179.198 Y88.173 E21.17988
G1 X180.045 Y88.536 E21.22279
G1 X180.856 Y88.971 E21.26564
G1 X181.626 Y89.475 E21.3085
G1 X182.35 Y90.044 E21.35137
G1 X183.022 Y90.673 E21.39423
G1 X183.637 Y91.359 E21.43713
G1 X184.19 Y92.095 E21.48
G1 X184.676 Y92.876 E21.52283
G1 X185.094 Y93.697 E21.56573
G1 X185.438 Y94.551 E21.6086
G1 X185.707 Y95.431 E21.65145
G1 X185.899 Y96.332 E21.69435
G1 X186.012 Y97.245 E21.73719
G1 X186.04 Y97.759 E21.76116
G1 X186.05 Y98.083 E21.77625
G1 X186.055 Y98.41 E21.79148
G1 X186.054 Y127.032 E23.12424
G1 X186.045 Y127.759 E23.15809
G1 X185.994 Y128.678 E23.20095
G1 X185.863 Y129.59 E23.24385
G1 X185.653 Y130.486 E23.28671
G1 X185.367 Y131.361 E23.32957
G1 X185.006 Y132.208 E23.37244
G1 X184.572 Y133.02 E23.41531
G1 X184.07 Y133.792 E23.45819
G1 X183.502 Y134.517 E23.50108
G1 X182.874 Y135.19 E23.54394
G1 X182.19 Y135.806 E23.5868
G1 X181.455 Y136.36 E23.62966
G1 X180.675 Y136.849 E23.67253
G1 X179.855 Y137.268 E23.71541
G1 X179.002 Y137.614 E23.75827
G1 X178.122 Y137.885 E23.80115
G1 X177.222 Y138.078 E23.84401
G1 X176.308 Y138.193 E23.8869
G1 X175.742 Y138.224 E23.9133
G1 X175.42 Y138.233 E23.9283
G1 X175.124 Y138.237 E23.94208
G1 X152.013 Y138.237 E25.01823
G1 X151.31 Y138.227 E25.05096
G1 X150.391 Y138.174 E25.09383
G1 X149.522 Y138.049 E25.13471
G1 X149.21 Y137.99 E25.14949
G1 X146.878 Y137.524 E25.26023
G1 X144.367 Y137.095 E25.37884
G1 X141.88 Y136.742 E25.49581
G1 X139.336 Y136.454 E25.61503
G1 X136.844 Y136.244 E25.73148
G1 X134.364 Y136.104 E25.84714
G1 X130.438 Y136.022 E26.02999
G1 X123.73 Y136.022 E26.34234
G1 X122.25 Y136.017 E26.41126
G1 X121.665 Y136.021 E26.4385
G1 X98.568 Y136.021 E27.51399
G1 X98.427 Y136.019 E27.52056
G1 X95.807 Y136.021 E27.64256
G1 X94.446 Y136.05 E27.70594
G1 X94.106 Y136.06 E27.72178
G1 X93.787 Y136.065 E27.73664
G1 X70.655 Y136.065 E28.81376
G1 X69.971 Y136.055 E28.84561
G1 X69.052 Y136.001 E28.88848
G1 X68.141 Y135.868 E28.93135
G1 X67.245 Y135.657 E28.97421
G1 X66.371 Y135.368 E29.01708
G1 X65.525 Y135.005 E29.05994
G1 X64.713 Y134.57 E29.10284
G1 X63.943 Y134.066 E29.14569
G1 X63.219 Y133.497 E29.18857
G1 X62.548 Y132.867 E29.23143
G1 X61.833 Y132.058 E29.2817
G1 X61.289 Y131.315 E29.32458
G1 X60.813 Y130.527 E29.36745
G1 X60.406 Y129.701 E29.41032
G1 X60.072 Y128.843 E29.4532
G1 X59.815 Y127.959 E29.49606
G1 X59.635 Y127.056 E29.53894
G1 X59.514 Y125.726 E29.60112
G1 X59.506 Y125.434 E29.61473
G1 X59.502 Y125.144 E29.62823
G1 X59.502 Y96.464 E30.96369
G1 X59.511 Y95.775 E30.99578
G1 X59.563 Y94.855 E31.03868
G1 X59.694 Y93.944 E31.08154
G1 X59.905 Y93.048 E31.1244
G1 X60.192 Y92.173 E31.16728
G1 X60.554 Y91.327 E31.21013
G1 X60.988 Y90.515 E31.253
G1 X61.49 Y89.743 E31.29588
G1 X62.058 Y89.019 E31.33873
G1 X62.687 Y88.346 E31.38163
G1 X63.372 Y87.731 E31.42449
G1 X64.107 Y87.177 E31.46735
G0 F6000 X64.491 Y87.401
G1 F1200 X65.265 Y86.937 E31.50937
G1 X66.078 Y86.544 E31.55142
G1 X66.923 Y86.224 E31.59349
G1 X67.793 Y85.98 E31.63557
G1 X68.68 Y85.814 E31.67758
G1 X69.824 Y85.717 E31.73105
G1 X70.145 Y85.708 E31.746
G1 X70.431 Y85.704 E31.75932
G1 X93.526 Y85.706 E32.83472
G1 X96.237 Y85.705 E32.96095
G1 X97.558 Y85.677 E33.02248
G1 X98.037 Y85.663 E33.04479
G1 X98.335 Y85.659 E33.05867
G1 X122.021 Y85.659 E34.16159
G1 X123.197 Y85.664 E34.21635
G1 X123.882 Y85.659 E34.24825
G1 X146.94 Y85.661 E35.32192
G1 X147.643 Y85.671 E35.35466
G1 X148.545 Y85.724 E35.39673
G1 X149.36 Y85.841 E35.43507
G1 X149.673 Y85.901 E35.44991
G1 X151.91 Y86.35 E35.55615
G1 X154.467 Y86.79 E35.67697
G1 X156.95 Y87.144 E35.79376
G1 X159.454 Y87.429 E35.91111
G1 X162.025 Y87.649 E36.03126
G1 X164.519 Y87.792 E36.14758
G1 X167.111 Y87.866 E36.26833
G1 X168.465 Y87.876 E36.33138
G1 X174.899 Y87.877 E36.63097
G1 X175.592 Y87.887 E36.66324
G1 X176.494 Y87.94 E36.70531
G1 X177.387 Y88.073 E36.74736
G1 X178.265 Y88.284 E36.7894
G1 X179.121 Y88.571 E36.83144
G1 X179.948 Y88.934 E36.8735
G1 X180.74 Y89.368 E36.91555
G1 X181.491 Y89.871 E36.95764
G1 X182.194 Y90.438 E36.99969
G1 X182.844 Y91.065 E37.04175
G1 X183.436 Y91.747 E37.0838
G1 X183.965 Y92.478 E37.12582
G1 X184.428 Y93.254 E37.16789
G1 X184.82 Y94.067 E37.20992
G1 X185.139 Y94.912 E37.25198
G1 X185.381 Y95.782 E37.29403
G1 X185.546 Y96.67 E37.33608
G1 X185.64 Y97.771 E37.38754
G1 X185.65 Y98.095 E37.40263
G1 X185.655 Y98.41 E37.4173
G1 X185.654 Y127.027 E38.74983
G1 X185.645 Y127.754 E38.78368
G1 X185.594 Y128.656 E38.82575
G1 X185.463 Y129.55 E38.86782
G1 X185.254 Y130.428 E38.90985
G1 X184.968 Y131.285 E38.95192
G1 X184.607 Y132.113 E38.99398
G1 X184.175 Y132.905 E39.03599
G1 X183.674 Y133.657 E39.07806
G1 X183.108 Y134.361 E39.12012
G1 X182.483 Y135.012 E39.16215
G1 X181.802 Y135.606 E39.20422
G1 X181.071 Y136.137 E39.24629
G1 X180.297 Y136.601 E39.28832
G1 X179.484 Y136.995 E39.33038
G1 X178.64 Y137.315 E39.37241
G1 X177.77 Y137.56 E39.4145
G1 X176.883 Y137.726 E39.45652
G1 X175.731 Y137.824 E39.51036
G1 X175.409 Y137.833 E39.52535
G1 X175.124 Y137.837 E39.53863
G1 X152.019 Y137.837 E40.61449
G1 X151.316 Y137.827 E40.64723
G1 X150.414 Y137.774 E40.6893
G1 X149.595 Y137.656 E40.72783
G1 X149.289 Y137.598 E40.74234
G1 X146.959 Y137.132 E40.85298
G1 X144.413 Y136.697 E40.97325
G1 X141.914 Y136.343 E41.09077
G1 X139.413 Y136.06 E41.20798
G1 X136.864 Y135.845 E41.32709
G1 X134.368 Y135.704 E41.4435
G1 X130.446 Y135.622 E41.62616
G1 X123.731 Y135.622 E41.93884
G1 X122.248 Y135.617 E42.0079
G1 X121.665 Y135.621 E42.03504
G1 X98.574 Y135.621 E43.11026
G1 X98.433 Y135.619 E43.11682
G1 X95.797 Y135.621 E43.23957
G1 X94.437 Y135.65 E43.30291
G1 X94.094 Y135.66 E43.31889
G1 X93.787 Y135.665 E43.33318
G1 X70.661 Y135.665 E44.41003
G1 X69.977 Y135.655 E44.44188
G1 X69.075 Y135.602 E44.48395
G1 X68.182 Y135.469 E44.52599
G1 X67.304 Y135.258 E44.56804
G1 X66.448 Y134.97 E44.6101
G1 X65.621 Y134.607 E44.65215
G1 X64.829 Y134.173 E44.6942
G1 X64.079 Y133.67 E44.73625
G1 X63.376 Y133.103 E44.77831
G1 X62.726 Y132.476 E44.82036
G1 X62.145 Y131.808 E44.86159
G1 X61.613 Y131.078 E44.90365
G1 X61.147 Y130.305 E44.94568
G1 X60.751 Y129.493 E44.98774
G1 X60.429 Y128.649 E45.02981
G1 X60.183 Y127.78 E45.07186
G1 X60.015 Y126.893 E45.1139
G1 X59.914 Y125.715 E45.16895
G1 X59.906 Y125.423 E45.18255
G1 X59.902 Y125.144 E45.19555
G1 X59.902 Y96.469 E46.53077
G1 X59.911 Y95.78 E46.56286
G1 X59.963 Y94.878 E46.60493
G1 X60.094 Y93.985 E46.64696
G1 X60.304 Y93.106 E46.68904
G1 X60.59 Y92.25 E46.73106
G1 X60.952 Y91.422 E46.77314
G1 X61.385 Y90.63 E46.81517
G1 X61.886 Y89.879 E46.85721
G1 X62.452 Y89.175 E46.89927
G1 X63.078 Y88.524 E46.94133
G1 X63.76 Y87.931 E46.98341
G1 X64.491 Y87.401 E47.02545
G1 F1500 E40.52545
;MESH:copri staffa L 30x30x1,8 met??.stl(1)
G0 F6000 X70.521 Y95.239
G0 X70.521 Y96.324
G0 X70.883 Y124.684
G0 X93.501 Y124.865
;TYPE:WALL-INNER
G1 F1500 E47.02545
G1 F1200 X70.9 Y124.866 E48.07785
G1 X70.701 Y124.866 E48.08712
G1 X70.701 Y124.667 E48.09311
G1 X70.701 Y96.703 E49.39523
G1 X70.701 Y96.504 E49.4045
G1 X70.9 Y96.504 E49.41049
G1 X93.501 Y96.505 E50.46289
G1 X93.501 Y124.865 E51.78345
G0 F6000 X93.901 Y125.265
;TYPE:WALL-OUTER
G1 F1200 X70.301 Y125.266 E52.88237
G1 X70.301 Y96.104 E54.24027
G1 X93.901 Y96.105 E55.33919
G1 X93.901 Y125.265 E56.697
G0 F6000 X93.631 Y124.995
G0 X93.391 Y124.475
G0 X93.111 Y124.475
;TYPE:SKIN
G1 F1200 X71.091 Y124.476 E57.72234
G1 X71.091 Y96.894 E59.00667
G1 X93.111 Y96.895 E60.03202
G1 X93.111 Y124.475 E61.31626
G0 F6000 X93.391 Y124.475
G0 X71.705 Y124.756
G0 X71.705 Y124.314
G1 F1200 X71.25 Y123.859 E61.34622
G0 F6000 X71.25 Y123.293
G1 F1200 X72.271 Y124.314 E61.41346
G0 F6000 X72.836 Y124.314
G1 F1200 X71.25 Y122.728 E61.5179
G0 F6000 X71.25 Y122.162
G1 F1200 X73.402 Y124.314 E61.65961
G0 F6000 X73.968 Y124.314
G1 F1200 X71.25 Y121.596 E61.83859
G0 F6000 X71.25 Y121.031
G1 F1200 X74.534 Y124.314 E62.05482
G0 F6000 X75.099 Y124.314
G1 F1200 X71.25 Y120.465 E62.30828
G0 F6000 X71.25 Y119.899
G1 F1200 X75.665 Y124.314 E62.59902
G0 F6000 X76.231 Y124.314
G1 F1200 X71.25 Y119.334 E62.92699
G0 F6000 X71.25 Y118.768
G1 F1200 X76.796 Y124.314 E63.2922
G0 F6000 X77.362 Y124.314
G1 F1200 X71.25 Y118.202 E63.69469
G0 F6000 X71.25 Y117.637
G1 F1200 X77.928 Y124.314 E64.13442
G0 F6000 X78.493 Y124.314
G1 F1200 X71.25 Y117.071 E64.61138
G0 F6000 X71.25 Y116.505
G1 F1200 X79.059 Y124.314 E65.12562
G0 F6000 X79.625 Y124.314
G1 F1200 X71.25 Y115.94 E65.67709
G0 F6000 X71.25 Y115.374
G1 F1200 X80.19 Y124.314 E66.2658
G0 F6000 X80.756 Y124.314
G1 F1200 X71.25 Y114.808 E66.89179
G0 F6000 X71.25 Y114.242
G1 F1200 X81.322 Y124.314 E67.55505
G0 F6000 X81.887 Y124.314
G1 F1200 X71.25 Y113.677 E68.25551
G0 F6000 X71.25 Y113.111
G1 F1200 X82.453 Y124.314 E68.99325
G0 F6000 X83.019 Y124.314
G1 F1200 X71.25 Y112.545 E69.76826
G0 F6000 X71.25 Y111.98
G1 F1200 X83.584 Y124.314 E70.58047
G0 F6000 X84.15 Y124.314
G1 F1200 X71.25 Y111.414 E71.42996
G0 F6000 X71.25 Y110.848
G1 F1200 X84.716 Y124.314 E72.31672
G0 F6000 X85.282 Y124.314
G1 F1200 X71.25 Y110.283 E73.24072
G0 F6000 X71.25 Y109.717
G1 F1200 X85.847 Y124.314 E74.20196
G0 F6000 X86.413 Y124.314
G1 F1200 X71.25 Y109.151 E75.20047
G0 F6000 X71.25 Y108.586
G1 F1200 X86.979 Y124.314 E76.23621
G0 F6000 X87.544 Y124.314
G1 F1200 X71.25 Y108.02 E77.3092
G0 F6000 X71.25 Y107.454
G1 F1200 X88.11 Y124.314 E78.41946
G0 F6000 X88.676 Y124.314
G1 F1200 X71.25 Y106.889 E79.56696
G0 F6000 X71.25 Y106.323
G1 F1200 X89.241 Y124.314 E80.7517
G0 F6000 X89.807 Y124.314
G1 F1200 X71.25 Y105.757 E81.97371
G0 F6000 X71.25 Y105.192
G1 F1200 X90.373 Y124.314 E83.23296
G0 F6000 X90.938 Y124.314
G1 F1200 X71.25 Y104.626 E84.52945
G0 F6000 X71.25 Y104.06
G1 F1200 X91.504 Y124.314 E85.86321
G0 F6000 X92.07 Y124.314
G1 F1200 X71.25 Y103.494 E87.23424
G0 F6000 X71.25 Y102.929
G1 F1200 X92.635 Y124.314 E88.64248
G0 F6000 X92.951 Y124.064
G1 F1200 X71.25 Y102.363 E90.07153
G0 F6000 X71.25 Y101.797
G1 F1200 X92.951 Y123.498 E91.50057
G0 F6000 X92.951 Y122.932
G1 F1200 X71.25 Y101.232 E92.92959
G0 F6000 X71.25 Y100.666
G1 F1200 X92.951 Y122.366 E94.3586
G0 F6000 X92.951 Y121.801
G1 F1200 X71.25 Y100.1 E95.78765
G0 F6000 X71.25 Y99.535
G1 F1200 X92.951 Y121.235 E97.21667
G0 F6000 X92.951 Y120.669
G1 F1200 X71.25 Y98.969 E98.64568
G0 F6000 X71.25 Y98.403
G1 F1200 X92.951 Y120.104 E100.07473
G0 F6000 X92.951 Y119.538
G1 F1200 X71.25 Y97.838 E101.50374
G0 F6000 X71.25 Y97.272
G1 F1200 X92.951 Y118.972 E102.93276
G0 F6000 X92.951 Y118.407
G1 F1200 X71.598 Y97.053 E104.33892
G0 F6000 X72.163 Y97.053
G1 F1200 X92.951 Y117.841 E105.70785
G0 F6000 X92.951 Y117.275
G1 F1200 X72.729 Y97.053 E107.0395
G0 F6000 X73.295 Y97.053
G1 F1200 X92.951 Y116.71 E108.33392
G0 F6000 X92.951 Y116.144
G1 F1200 X73.86 Y97.053 E109.59109
G0 F6000 X74.426 Y97.053
G1 F1200 X92.951 Y115.578 E110.81099
G0 F6000 X92.951 Y115.013
G1 F1200 X74.992 Y97.053 E111.99366
G0 F6000 X75.557 Y97.053
G1 F1200 X92.951 Y114.447 E113.13908
G0 F6000 X92.951 Y113.881
G1 F1200 X76.123 Y97.053 E114.24724
G0 F6000 X76.689 Y97.053
G1 F1200 X92.951 Y113.315 E115.31812
G0 F6000 X92.951 Y112.75
G1 F1200 X77.254 Y97.053 E116.35179
G0 F6000 X77.82 Y97.053
G1 F1200 X92.951 Y112.184 E117.34819
G0 F6000 X92.951 Y111.618
G1 F1200 X78.386 Y97.053 E118.30732
G0 F6000 X78.952 Y97.053
G1 F1200 X92.951 Y111.053 E119.22921
G0 F6000 X92.951 Y110.487
G1 F1200 X79.517 Y97.053 E120.11387
G0 F6000 X80.083 Y97.053
G1 F1200 X92.951 Y109.921 E120.96125
G0 F6000 X92.951 Y109.356
G1 F1200 X80.649 Y97.053 E121.77139
G0 F6000 X81.214 Y97.053
G1 F1200 X92.951 Y108.79 E122.54429
G0 F6000 X92.951 Y108.224
G1 F1200 X81.78 Y97.053 E123.27992
G0 F6000 X82.346 Y97.053
G1 F1200 X92.951 Y107.659 E123.97831
G0 F6000 X92.951 Y107.093
G1 F1200 X82.911 Y97.053 E124.63946
G0 F6000 X83.477 Y97.053
G1 F1200 X92.951 Y106.527 E125.26334
G0 F6000 X92.951 Y105.962
G1 F1200 X84.043 Y97.053 E125.84998
G0 F6000 X84.608 Y97.053
G1 F1200 X92.951 Y105.396 E126.39938
G0 F6000 X92.951 Y104.83
G1 F1200 X85.174 Y97.053 E126.91151
G0 F6000 X85.74 Y97.053
G1 F1200 X92.951 Y104.265 E127.3864
G0 F6000 X92.951 Y103.699
G1 F1200 X86.305 Y97.053 E127.82405
G0 F6000 X86.871 Y97.053
G1 F1200 X92.951 Y103.133 E128.22443
G0 F6000 X92.951 Y102.567
G1 F1200 X87.437 Y97.053 E128.58753
G0 F6000 X88.002 Y97.053
G1 F1200 X92.951 Y102.002 E128.91343
G0 F6000 X92.951 Y101.436
G1 F1200 X88.568 Y97.053 E129.20206
G0 F6000 X89.134 Y97.053
G1 F1200 X92.951 Y100.87 E129.45342
G0 F6000 X92.951 Y100.305
G1 F1200 X89.7 Y97.053 E129.66753
G0 F6000 X90.265 Y97.053
G1 F1200 X92.951 Y99.739 E129.84441
G0 F6000 X92.951 Y99.173
G1 F1200 X90.831 Y97.053 E129.98402
G0 F6000 X91.397 Y97.053
G1 F1200 X92.951 Y98.608 E130.08638
G0 F6000 X92.951 Y98.042
G1 F1200 X91.962 Y97.053 E130.15151
G0 F6000 X92.528 Y97.053
G1 F1200 X92.951 Y97.476 E130.17936
G0 F6000 X93.301 Y97.476
G1 F1500 E123.67936
;MESH:copri staffa L 30x30x1,8 met??.stl
G0 F6000 X93.391 Y97.476
G0 X93.681 Y124.822
G0 X94.766 Y124.822
G0 X97.335 Y124.822
G0 X98.42 Y124.822
G0 X98.6 Y124.822
;TYPE:WALL-INNER
G1 F1500 E130.17936
G1 F1200 X98.6 Y124.623 E130.18863
G1 X98.6 Y96.658 E131.4908
G1 X98.6 Y96.459 E131.50006
G1 X98.799 Y96.459 E131.50606
G1 X121.4 Y96.46 E132.55846
G1 X121.4 Y124.821 E133.87906
G1 X98.799 Y124.822 E134.93146
G1 X98.6 Y124.822 E134.93746
G0 F6000 X98.2 Y125.222
;TYPE:WALL-OUTER
G1 F1200 X98.2 Y96.059 E136.29541
G1 X121.8 Y96.06 E137.39432
G1 X121.8 Y125.221 E138.75218
G1 X98.2 Y125.222 E139.8511
G0 F6000 X98.47 Y124.952
G0 X98.71 Y124.432
G0 X98.99 Y124.432
;TYPE:SKIN
G1 F1200 X98.99 Y96.849 E141.13548
G1 X121.01 Y96.85 E142.16082
G1 X121.01 Y124.431 E143.44511
G1 X98.99 Y124.432 E144.47045
G0 F6000 X99.38 Y124.27
G1 F1200 X99.149 Y124.039 E144.48566
G0 F6000 X99.149 Y123.474
G1 F1200 X99.946 Y124.27 E144.53811
G0 F6000 X100.511 Y124.27
G1 F1200 X99.149 Y122.908 E144.6278
G0 F6000 X99.149 Y122.342
G1 F1200 X101.077 Y124.27 E144.75476
G0 F6000 X101.643 Y124.27
G1 F1200 X99.149 Y121.777 E144.91897
G0 F6000 X99.149 Y121.211
G1 F1200 X102.208 Y124.27 E145.12041
G0 F6000 X102.774 Y124.27
G1 F1200 X99.149 Y120.645 E145.35912
G0 F6000 X99.149 Y120.08
G1 F1200 X103.34 Y124.27 E145.63507
G0 F6000 X103.905 Y124.27
G1 F1200 X99.149 Y119.514 E145.94826
G0 F6000 X99.149 Y118.948
G1 F1200 X104.471 Y124.27 E146.29872
G0 F6000 X105.037 Y124.27
G1 F1200 X99.149 Y118.383 E146.68643
G0 F6000 X99.149 Y117.817
G1 F1200 X105.602 Y124.27 E147.11137
G0 F6000 X106.168 Y124.27
G1 F1200 X99.149 Y117.251 E147.57358
G0 F6000 X99.149 Y116.686
G1 F1200 X106.734 Y124.27 E148.07303
G0 F6000 X107.299 Y124.27
G1 F1200 X99.149 Y116.12 E148.60972
G0 F6000 X99.149 Y115.554
G1 F1200 X107.865 Y124.27 E149.18369
G0 F6000 X108.431 Y124.27
G1 F1200 X99.149 Y114.988 E149.79492
G0 F6000 X99.149 Y114.423
G1 F1200 X108.996 Y124.27 E150.44336
G0 F6000 X109.562 Y124.27
G1 F1200 X99.149 Y113.857 E151.12908
G0 F6000 X99.149 Y113.291
G1 F1200 X110.128 Y124.27 E151.85206
G0 F6000 X110.694 Y124.27
G1 F1200 X99.149 Y112.726 E152.61229
G0 F6000 X99.149 Y112.16
G1 F1200 X111.259 Y124.27 E153.40975
G0 F6000 X111.825 Y124.27
G1 F1200 X99.149 Y111.594 E154.24449
G0 F6000 X99.149 Y111.029
G1 F1200 X112.391 Y124.27 E155.11647
G0 F6000 X112.956 Y124.27
G1 F1200 X99.149 Y110.462 E156.02571
G0 F6000 X99.149 Y109.897
G1 F1200 X113.522 Y124.27 E156.9722
G0 F6000 X114.088 Y124.27
G1 F1200 X99.149 Y109.331 E157.95596
G0 F6000 X99.149 Y108.765
G1 F1200 X114.653 Y124.27 E158.97696
G0 F6000 X115.219 Y124.27
G1 F1200 X99.149 Y108.2 E160.03519
G0 F6000 X99.149 Y107.634
G1 F1200 X115.785 Y124.27 E161.1307
G0 F6000 X116.35 Y124.27
G1 F1200 X99.149 Y107.068 E162.26345
G0 F6000 X99.149 Y106.503
G1 F1200 X116.916 Y124.27 E163.43344
G0 F6000 X117.482 Y124.27
G1 F1200 X99.149 Y105.937 E164.6407
G0 F6000 X99.149 Y105.371
G1 F1200 X118.047 Y124.27 E165.88519
G0 F6000 X118.613 Y124.27
G1 F1200 X99.149 Y104.805 E167.16697
G0 F6000 X99.149 Y104.24
G1 F1200 X119.179 Y124.27 E168.48598
G0 F6000 X119.744 Y124.27
G1 F1200 X99.149 Y103.674 E169.84222
G0 F6000 X99.149 Y103.108
G1 F1200 X120.31 Y124.27 E171.23574
G0 F6000 X120.849 Y124.243
G1 F1200 X99.149 Y102.543 E172.66473
G0 F6000 X99.149 Y101.977
G1 F1200 X120.849 Y123.677 E174.09371
G0 F6000 X120.849 Y123.112
G1 F1200 X99.149 Y101.411 E175.52272
G0 F6000 X99.149 Y100.846
G1 F1200 X120.849 Y122.546 E176.95171
G0 F6000 X120.849 Y121.98
G1 F1200 X99.149 Y100.28 E178.38069
G0 F6000 X99.149 Y99.714
G1 F1200 X120.849 Y121.415 E179.8097
G0 F6000 X120.849 Y120.849
G1 F1200 X99.149 Y99.149 E181.23869
G0 F6000 X99.149 Y98.583
G1 F1200 X120.849 Y120.283 E182.66767
G0 F6000 X120.849 Y119.718
G1 F1200 X99.149 Y98.017 E184.09668
G0 F6000 X99.149 Y97.452
G1 F1200 X120.849 Y119.152 E185.52566
G0 F6000 X120.849 Y118.586
G1 F1200 X99.272 Y97.01 E186.94651
G0 F6000 X99.838 Y97.01
G1 F1200 X120.849 Y118.021 E188.33012
G0 F6000 X120.849 Y117.455
G1 F1200 X100.404 Y97.01 E189.67646
G0 F6000 X100.969 Y97.01
G1 F1200 X120.849 Y116.889 E190.98556
G0 F6000 X120.849 Y116.324
G1 F1200 X101.535 Y97.01 E192.25742
G0 F6000 X102.101 Y97.01
G1 F1200 X120.849 Y115.758 E193.49201
G0 F6000 X120.849 Y115.192
G1 F1200 X102.666 Y97.01 E194.68936
G0 F6000 X103.232 Y97.01
G1 F1200 X120.849 Y114.626 E195.84943
G0 F6000 X120.849 Y114.061
G1 F1200 X103.798 Y97.01 E196.97227
G0 F6000 X104.364 Y97.01
G1 F1200 X120.849 Y113.495 E198.05784
G0 F6000 X120.849 Y112.929
G1 F1200 X104.929 Y97.01 E199.10616
G0 F6000 X105.495 Y97.01
G1 F1200 X120.849 Y112.364 E200.11725
G0 F6000 X120.849 Y111.798
G1 F1200 X106.061 Y97.01 E201.09107
G0 F6000 X106.626 Y97.01
G1 F1200 X120.849 Y111.232 E202.02764
G0 F6000 X120.849 Y110.667
G1 F1200 X107.192 Y97.01 E202.92698
G0 F6000 X107.758 Y97.01
G1 F1200 X120.849 Y110.101 E203.78904
G0 F6000 X120.849 Y109.535
G1 F1200 X108.323 Y97.01 E204.61387
G0 F6000 X108.889 Y97.01
G1 F1200 X120.849 Y108.97 E205.40145
G0 F6000 X120.849 Y108.404
G1 F1200 X109.455 Y97.01 E206.15177
G0 F6000 X110.02 Y97.01
G1 F1200 X120.849 Y107.838 E206.86484
G0 F6000 X120.849 Y107.273
G1 F1200 X110.586 Y97.01 E207.54068
G0 F6000 X111.152 Y97.01
G1 F1200 X120.849 Y106.707 E208.17924
G0 F6000 X120.849 Y106.141
G1 F1200 X111.717 Y97.01 E208.78057
G0 F6000 X112.283 Y97.01
G1 F1200 X120.849 Y105.575 E209.34462
G0 F6000 X120.849 Y105.01
G1 F1200 X112.849 Y97.01 E209.87144
G0 F6000 X113.414 Y97.01
G1 F1200 X120.849 Y104.444 E210.36101
G0 F6000 X120.849 Y103.878
G1 F1200 X113.98 Y97.01 E210.81331
G0 F6000 X114.546 Y97.01
G1 F1200 X120.849 Y103.313 E211.22838
G0 F6000 X120.849 Y102.747
G1 F1200 X115.112 Y97.01 E211.60617
G0 F6000 X115.677 Y97.01
G1 F1200 X120.849 Y102.181 E211.94672
G0 F6000 X120.849 Y101.616
G1 F1200 X116.243 Y97.01 E212.25003
G0 F6000 X116.809 Y97.01
G1 F1200 X120.849 Y101.05 E212.51607
G0 F6000 X120.849 Y100.484
G1 F1200 X117.374 Y97.01 E212.74488
G0 F6000 X117.94 Y97.01
G1 F1200 X120.849 Y99.919 E212.93644
G0 F6000 X120.849 Y99.353
G1 F1200 X118.506 Y97.01 E213.09073
G0 F6000 X119.071 Y97.01
G1 F1200 X120.849 Y98.787 E213.20778
G0 F6000 X120.849 Y98.222
G1 F1200 X119.637 Y97.01 E213.28759
G0 F6000 X120.203 Y97.01
G1 F1200 X120.849 Y97.656 E213.33013
G0 F6000 X120.849 Y97.09
G1 F1200 X120.768 Y97.01 E213.33543
G0 F6000 X120.769 Y96.659
G1 F1500 E206.83543
;MESH:copri staffa L 30x30x1,8 met??.stl(2)
G0 F6000 X120.769 Y96.57
G0 X121.218 Y96.642
G0 X121.58 Y124.822
G0 X123.92 Y124.822
G0 X124.1 Y124.822
;TYPE:WALL-INNER
G1 F1500 E213.33543
G1 F1200 X124.1 Y124.623 E213.3447
G1 X124.1 Y96.658 E214.64687
G1 X124.1 Y96.459 E214.65613
G1 X124.299 Y96.459 E214.66213
G1 X146.9 Y96.46 E215.71453
G1 X146.9 Y124.821 E217.03513
G1 X124.299 Y124.822 E218.08753
G1 X124.1 Y124.822 E218.09353
G0 F6000 X123.7 Y125.222
;TYPE:WALL-OUTER
G1 F1200 X123.7 Y96.059 E219.45148
G1 X147.3 Y96.06 E220.55039
G1 X147.3 Y125.221 E221.90825
G1 X123.7 Y125.222 E223.00716
G0 F6000 X123.97 Y124.952
G0 X124.21 Y124.432
G0 X124.49 Y124.432
;TYPE:SKIN
G1 F1200 X124.49 Y96.849 E224.29154
G1 X146.51 Y96.85 E225.31689
G1 X146.51 Y124.431 E226.60118
G1 X124.49 Y124.432 E227.62652
G0 F6000 X124.836 Y124.271
G1 F1200 X124.649 Y124.083 E227.63887
G0 F6000 X124.649 Y123.518
G1 F1200 X125.402 Y124.271 E227.68845
G0 F6000 X125.968 Y124.271
G1 F1200 X124.649 Y122.952 E227.77531
G0 F6000 X124.649 Y122.386
G1 F1200 X126.533 Y124.271 E227.89941
G0 F6000 X127.099 Y124.271
G1 F1200 X124.649 Y121.821 E228.06074
G0 F6000 X124.649 Y121.255
G1 F1200 X127.665 Y124.271 E228.25935
G0 F6000 X128.23 Y124.271
G1 F1200 X124.649 Y120.689 E228.4952
G0 F6000 X124.649 Y120.124
G1 F1200 X128.796 Y124.271 E228.76829
G0 F6000 X129.362 Y124.271
G1 F1200 X124.649 Y119.558 E229.07865
G0 F6000 X124.649 Y118.992
G1 F1200 X129.928 Y124.271 E229.42628
G0 F6000 X130.493 Y124.271
G1 F1200 X124.649 Y118.426 E229.81115
G0 F6000 X124.649 Y117.861
G1 F1200 X131.059 Y124.271 E230.23326
G0 F6000 X131.625 Y124.271
G1 F1200 X124.649 Y117.295 E230.69264
G0 F6000 X124.649 Y116.729
G1 F1200 X132.19 Y124.271 E231.18926
G0 F6000 X132.756 Y124.271
G1 F1200 X124.649 Y116.164 E231.72312
G0 F6000 X124.649 Y115.598
G1 F1200 X133.322 Y124.271 E232.29425
G0 F6000 X133.887 Y124.271
G1 F1200 X124.649 Y115.032 E232.90262
G0 F6000 X124.649 Y114.467
G1 F1200 X134.453 Y124.271 E233.54823
G0 F6000 X135.019 Y124.271
G1 F1200 X124.649 Y113.901 E234.23112
G0 F6000 X124.649 Y113.335
G1 F1200 X135.584 Y124.27 E234.9512
G0 F6000 X136.149 Y124.27
G1 F1200 X124.649 Y112.77 E235.7085
G0 F6000 X124.649 Y112.204
G1 F1200 X136.715 Y124.27 E236.50307
G0 F6000 X137.281 Y124.27
G1 F1200 X124.649 Y111.638 E237.3349
G0 F6000 X124.649 Y111.073
G1 F1200 X137.846 Y124.27 E238.20395
G0 F6000 X138.412 Y124.27
G1 F1200 X124.649 Y110.507 E239.11027
G0 F6000 X124.649 Y109.941
G1 F1200 X138.978 Y124.27 E240.05386
G0 F6000 X139.543 Y124.27
G1 F1200 X124.649 Y109.375 E241.03468
G0 F6000 X124.649 Y108.81
G1 F1200 X140.109 Y124.27 E242.05275
G0 F6000 X140.675 Y124.27
G1 F1200 X124.649 Y108.244 E243.10809
G0 F6000 X124.649 Y107.678
G1 F1200 X141.241 Y124.27 E244.2007
G0 F6000 X141.806 Y124.27
G1 F1200 X124.649 Y107.113 E245.33052
G0 F6000 X124.649 Y106.547
G1 F1200 X142.372 Y124.27 E246.49761
G0 F6000 X142.938 Y124.27
G1 F1200 X124.649 Y105.981 E247.70197
G0 F6000 X124.649 Y105.416
G1 F1200 X143.503 Y124.27 E248.94354
G0 F6000 X144.069 Y124.27
G1 F1200 X124.649 Y104.85 E250.22238
G0 F6000 X124.649 Y104.284
G1 F1200 X144.635 Y124.27 E251.53849
G0 F6000 X145.2 Y124.27
G1 F1200 X124.649 Y103.719 E252.89181
G0 F6000 X124.649 Y103.153
G1 F1200 X145.766 Y124.27 E254.2824
G0 F6000 X146.332 Y124.27
G1 F1200 X124.649 Y102.587 E255.71026
G0 F6000 X124.649 Y102.022
G1 F1200 X146.349 Y123.721 E257.13921
G0 F6000 X146.349 Y123.156
G1 F1200 X124.649 Y101.456 E258.56819
G0 F6000 X124.649 Y100.89
G1 F1200 X146.349 Y122.59 E259.99718
G0 F6000 X146.349 Y122.024
G1 F1200 X124.649 Y100.325 E261.42613
G0 F6000 X124.649 Y99.759
G1 F1200 X146.349 Y121.459 E262.85511
G0 F6000 X146.349 Y120.893
G1 F1200 X124.649 Y99.193 E264.28409
G0 F6000 X124.649 Y98.627
G1 F1200 X146.349 Y120.327 E265.71307
G0 F6000 X146.349 Y119.761
G1 F1200 X124.649 Y98.062 E267.14202
G0 F6000 X124.649 Y97.496
G1 F1200 X146.349 Y119.196 E268.571
G0 F6000 X146.349 Y118.63
G1 F1200 X124.727 Y97.009 E269.99482
G0 F6000 X125.293 Y97.009
G1 F1200 X146.349 Y118.064 E271.38136
G0 F6000 X146.349 Y117.499
G1 F1200 X125.859 Y97.009 E272.73066
G0 F6000 X126.425 Y97.009
G1 F1200 X146.349 Y116.933 E274.04269
G0 F6000 X146.349 Y116.367
G1 F1200 X126.99 Y97.009 E275.31748
G0 F6000 X127.556 Y97.009
G1 F1200 X146.349 Y115.802 E276.55503
G0 F6000 X146.349 Y115.236
G1 F1200 X128.122 Y97.009 E277.75531
G0 F6000 X128.687 Y97.009
G1 F1200 X146.349 Y114.67 E278.91835
G0 F6000 X146.349 Y114.105
G1 F1200 X129.253 Y97.009 E280.04415
G0 F6000 X129.819 Y97.009
G1 F1200 X146.349 Y113.539 E281.13268
G0 F6000 X146.349 Y112.973
G1 F1200 X130.384 Y97.009 E282.18397
G0 F6000 X130.95 Y97.009
G1 F1200 X146.349 Y112.408 E283.19802
G0 F6000 X146.349 Y111.842
G1 F1200 X131.516 Y97.009 E284.1748
G0 F6000 X132.081 Y97.009
G1 F1200 X146.349 Y111.276 E285.11434
G0 F6000 X146.349 Y110.711
G1 F1200 X132.647 Y97.009 E286.01664
G0 F6000 X133.213 Y97.009
G1 F1200 X146.349 Y110.145 E286.88166
G0 F6000 X146.349 Y109.579
G1 F1200 X133.778 Y97.009 E287.70945
G0 F6000 X134.344 Y97.009
G1 F1200 X146.349 Y109.013 E288.49997
G0 F6000 X146.349 Y108.448
G1 F1200 X134.91 Y97.009 E289.25325
G0 F6000 X135.476 Y97.009
G1 F1200 X146.349 Y107.882 E289.96925
G0 F6000 X146.349 Y107.316
G1 F1200 X136.042 Y97.01 E290.64795
G0 F6000 X136.608 Y97.01
G1 F1200 X146.349 Y106.751 E291.28941
G0 F6000 X146.349 Y106.185
G1 F1200 X137.173 Y97.01 E291.89364
G0 F6000 X137.739 Y97.01
G1 F1200 X146.349 Y105.619 E292.46059
G0 F6000 X146.349 Y105.054
G1 F1200 X138.305 Y97.01 E292.9903
G0 F6000 X138.87 Y97.01
G1 F1200 X146.349 Y104.488 E293.48277
G0 F6000 X146.349 Y103.922
G1 F1200 X139.436 Y97.01 E293.93797
G0 F6000 X140.002 Y97.01
G1 F1200 X146.349 Y103.357 E294.35593
G0 F6000 X146.349 Y102.791
G1 F1200 X140.567 Y97.01 E294.73665
G0 F6000 X141.133 Y97.01
G1 F1200 X146.349 Y102.225 E295.0801
G0 F6000 X146.349 Y101.66
G1 F1200 X141.699 Y97.01 E295.38631
G0 F6000 X142.264 Y97.01
G1 F1200 X146.349 Y101.094 E295.65528
G0 F6000 X146.349 Y100.528
G1 F1200 X142.83 Y97.01 E295.88698
G0 F6000 X143.396 Y97.01
G1 F1200 X146.349 Y99.962 E296.08141
G0 F6000 X146.349 Y99.397
G1 F1200 X143.961 Y97.01 E296.23863
G0 F6000 X144.527 Y97.01
G1 F1200 X146.349 Y98.831 E296.35858
G0 F6000 X146.349 Y98.265
G1 F1200 X145.093 Y97.01 E296.44126
G0 F6000 X145.659 Y97.01
G1 F1200 X146.349 Y97.7 E296.48669
G0 F6000 X146.349 Y97.134
G1 F1200 X146.224 Y97.01 E296.49489
G0 F6000 X146.225 Y96.659
G1 F1500 E289.99489
;MESH:copri staffa L 30x30x1,8 met??.stl(3)
G0 F6000 X146.225 Y96.57
G0 X146.718 Y96.642
G0 X147.086 Y125.007
G0 X148.165 Y125.007
G0 X150.79 Y125.007
G0 X151.875 Y125.007
G0 X152.055 Y127.038
;TYPE:WALL-INNER
G1 F1500 E296.49489
G1 F1200 X152.055 Y126.839 E296.50416
G1 X152.055 Y98.874 E297.80633
G1 X152.055 Y98.675 E297.81559
G1 X152.254 Y98.675 E297.82159
G1 X174.855 Y98.676 E298.87399
G1 X174.855 Y127.037 E300.19459
G1 X152.254 Y127.038 E301.24699
G1 X152.055 Y127.038 E301.25299
G0 F6000 X151.655 Y127.438
;TYPE:WALL-OUTER
G1 F1200 X151.655 Y98.275 E302.61094
G1 X175.255 Y98.276 E303.70985
G1 X175.255 Y127.437 E305.06771
G1 X151.655 Y127.438 E306.16662
G0 F6000 X151.925 Y127.168
G0 X152.165 Y126.648
G0 X152.445 Y126.648
;TYPE:SKIN
G1 F1200 X152.445 Y99.065 E307.451
G1 X174.465 Y99.066 E308.47635
G1 X174.465 Y126.647 E309.76063
G1 X152.445 Y126.648 E310.78598
G0 F6000 X153.074 Y126.487
G1 F1200 X152.604 Y126.017 E310.81693
G0 F6000 X152.604 Y125.451
G1 F1200 X153.64 Y126.487 E310.88515
G0 F6000 X154.205 Y126.487
G1 F1200 X152.604 Y124.885 E310.99061
G0 F6000 X152.604 Y124.319
G1 F1200 X154.771 Y126.487 E311.13335
G0 F6000 X155.337 Y126.487
G1 F1200 X152.604 Y123.754 E311.31332
G0 F6000 X152.604 Y123.188
G1 F1200 X155.902 Y126.487 E311.53053
G0 F6000 X156.468 Y126.487
G1 F1200 X152.604 Y122.622 E311.78501
G0 F6000 X152.604 Y122.057
G1 F1200 X157.034 Y126.487 E312.07674
G0 F6000 X157.599 Y126.487
G1 F1200 X152.604 Y121.491 E312.4057
G0 F6000 X152.604 Y120.925
G1 F1200 X158.165 Y126.487 E312.77193
G0 F6000 X158.731 Y126.487
G1 F1200 X152.604 Y120.36 E313.17541
G0 F6000 X152.604 Y119.794
G1 F1200 X159.297 Y126.487 E313.61615
G0 F6000 X159.862 Y126.487
G1 F1200 X152.604 Y119.228 E314.09414
G0 F6000 X152.604 Y118.663
G1 F1200 X160.428 Y126.487 E314.60936
G0 F6000 X160.994 Y126.487
G1 F1200 X152.604 Y118.097 E315.16186
G0 F6000 X152.604 Y117.531
G1 F1200 X161.559 Y126.487 E315.75159
G0 F6000 X162.125 Y126.487
G1 F1200 X152.604 Y116.966 E316.37857
G0 F6000 X152.604 Y116.4
G1 F1200 X162.691 Y126.487 E317.04281
G0 F6000 X163.256 Y126.487
G1 F1200 X152.604 Y115.834 E317.7443
G0 F6000 X152.604 Y115.269
G1 F1200 X163.822 Y126.487 E318.48302
G0 F6000 X164.388 Y126.487
G1 F1200 X152.604 Y114.703 E319.25902
G0 F6000 X152.604 Y114.137
G1 F1200 X164.953 Y126.487 E320.07225
G0 F6000 X165.519 Y126.487
G1 F1200 X152.604 Y113.571 E320.92276
G0 F6000 X152.604 Y113.006
G1 F1200 X166.085 Y126.487 E321.81051
G0 F6000 X166.65 Y126.487
G1 F1200 X152.604 Y112.44 E322.7355
G0 F6000 X152.604 Y111.874
G1 F1200 X167.216 Y126.487 E323.69775
G0 F6000 X167.782 Y126.487
G1 F1200 X152.604 Y111.309 E324.69725
G0 F6000 X152.604 Y110.743
G1 F1200 X168.347 Y126.487 E325.73399
G0 F6000 X168.913 Y126.487
G1 F1200 X152.604 Y110.177 E326.808
G0 F6000 X152.604 Y109.612
G1 F1200 X169.479 Y126.487 E327.91924
G0 F6000 X170.045 Y126.487
G1 F1200 X152.604 Y109.046 E329.06776
G0 F6000 X152.604 Y108.48
G1 F1200 X170.61 Y126.487 E330.25352
G0 F6000 X171.176 Y126.487
G1 F1200 X152.604 Y107.915 E331.47652
G0 F6000 X152.604 Y107.349
G1 F1200 X171.742 Y126.487 E332.73679
G0 F6000 X172.307 Y126.487
G1 F1200 X152.604 Y106.783 E334.0343
G0 F6000 X152.604 Y106.218
G1 F1200 X172.873 Y126.487 E335.36905
G0 F6000 X173.439 Y126.487
G1 F1200 X152.604 Y105.652 E336.74107
G0 F6000 X152.604 Y105.086
G1 F1200 X174.004 Y126.487 E338.15033
G0 F6000 X174.304 Y126.221
G1 F1200 X152.604 Y104.52 E339.57934
G0 F6000 X152.604 Y103.955
G1 F1200 X174.304 Y125.655 E341.00832
G0 F6000 X174.304 Y125.09
G1 F1200 X152.604 Y103.389 E342.43734
G0 F6000 X152.604 Y102.823
G1 F1200 X174.304 Y124.524 E343.86635
G0 F6000 X174.304 Y123.958
G1 F1200 X152.604 Y102.258 E345.29534
G0 F6000 X152.604 Y101.692
G1 F1200 X174.304 Y123.392 E346.72432
G0 F6000 X174.304 Y122.827
G1 F1200 X152.604 Y101.126 E348.15333
G0 F6000 X152.604 Y100.561
G1 F1200 X174.304 Y122.261 E349.58231
G0 F6000 X174.304 Y121.695
G1 F1200 X152.604 Y99.995 E351.0113
G0 F6000 X152.604 Y99.429
G1 F1200 X174.304 Y121.13 E352.44031
G0 F6000 X174.304 Y120.564
G1 F1200 X152.965 Y99.225 E353.84552
G0 F6000 X153.531 Y99.225
G1 F1200 X174.304 Y119.998 E355.21346
G0 F6000 X174.304 Y119.433
G1 F1200 X154.096 Y99.225 E356.54419
G0 F6000 X154.662 Y99.225
G1 F1200 X174.304 Y118.867 E357.83765
G0 F6000 X174.304 Y118.301
G1 F1200 X155.228 Y99.225 E359.09384
G0 F6000 X155.794 Y99.225
G1 F1200 X174.304 Y117.736 E360.31278
G0 F6000 X174.304 Y117.17
G1 F1200 X156.359 Y99.225 E361.49449
G0 F6000 X156.925 Y99.225
G1 F1200 X174.304 Y116.604 E362.63893
G0 F6000 X174.304 Y116.039
G1 F1200 X157.491 Y99.225 E363.74613
G0 F6000 X158.056 Y99.225
G1 F1200 X174.304 Y115.473 E364.81609
G0 F6000 X174.304 Y114.907
G1 F1200 X158.622 Y99.225 E365.84877
G0 F6000 X159.188 Y99.225
G1 F1200 X174.304 Y114.341 E366.84419
G0 F6000 X174.304 Y113.776
G1 F1200 X159.753 Y99.225 E367.8024
G0 F6000 X160.319 Y99.225
G1 F1200 X174.304 Y113.21 E368.72333
G0 F6000 X174.304 Y112.644
G1 F1200 X160.885 Y99.225 E369.607
G0 F6000 X161.45 Y99.225
G1 F1200 X174.304 Y112.079 E370.45345
G0 F6000 X174.304 Y111.513
G1 F1200 X162.016 Y99.225 E371.26264
G0 F6000 X162.582 Y99.225
G1 F1200 X174.304 Y110.947 E372.03455
G0 F6000 X174.304 Y110.382
G1 F1200 X163.147 Y99.225 E372.76926
G0 F6000 X163.714 Y99.226
G1 F1200 X174.304 Y109.816 E373.46663
G0 F6000 X174.304 Y109.25
G1 F1200 X164.279 Y99.226 E374.12676
G0 F6000 X164.845 Y99.226
G1 F1200 X174.304 Y108.685 E374.74965
G0 F6000 X174.304 Y108.119
G1 F1200 X165.411 Y99.226 E375.33527
G0 F6000 X165.977 Y99.226
G1 F1200 X174.304 Y107.553 E375.88362
G0 F6000 X174.304 Y106.988
G1 F1200 X166.542 Y99.226 E376.39476
G0 F6000 X167.108 Y99.226
G1 F1200 X174.304 Y106.422 E376.86863
G0 F6000 X174.304 Y105.856
G1 F1200 X167.674 Y99.226 E377.30522
G0 F6000 X168.239 Y99.226
G1 F1200 X174.304 Y105.291 E377.70462
G0 F6000 X174.304 Y104.725
G1 F1200 X168.805 Y99.226 E378.06673
G0 F6000 X169.371 Y99.226
G1 F1200 X174.304 Y104.159 E378.39158
G0 F6000 X174.304 Y103.593
G1 F1200 X169.936 Y99.226 E378.67919
G0 F6000 X170.502 Y99.226
G1 F1200 X174.304 Y103.028 E378.92956
G0 F6000 X174.304 Y102.462
G1 F1200 X171.068 Y99.226 E379.14265
G0 F6000 X171.633 Y99.226
G1 F1200 X174.304 Y101.896 E379.31851
G0 F6000 X174.304 Y101.331
G1 F1200 X172.199 Y99.226 E379.45713
G0 F6000 X172.765 Y99.226
G1 F1200 X174.304 Y100.765 E379.55847
G0 F6000 X174.304 Y100.199
G1 F1200 X173.33 Y99.226 E379.62258
G0 F6000 X173.896 Y99.226
G1 F1200 X174.304 Y99.634 E379.64945
G0 F6000 X174.655 Y99.634
G1 F1500 E373.14945
;MESH:NONMESH
G0 F300 X174.655 Y99.634 Z0.56
G0 F6000 X174.745 Y99.634
G0 X174.673 Y98.858
G0 X152.237 Y98.857
G0 X151.875 Y124.965
G0 X150.79 Y124.965
G0 X148.153 Y126.074
G0 X97.347 Y126.075
G0 X94.766 Y124.965
G0 X93.681 Y124.965
G1 F1500 E379.64945
G0 F6000 X93.501 Y126.015
;TIME_ELAPSED:446.577227
;LAYER:1
M106 S85
;TYPE:WALL-INNER
;MESH:copri staffa L 30x30x1,8 met??.stl(1)
G1 F1350 X70.9 Y126.016 E380.70184
G1 X70.701 Y126.016 E380.71111
G1 X70.701 Y125.817 E380.71711
G1 X70.701 Y96.423 E382.08581
G1 X70.701 Y96.224 E382.09508
G1 X70.9 Y96.224 E382.10107
G1 X93.501 Y96.225 E383.15347
G1 X93.501 Y126.015 E384.54062
G0 F7500 X93.901 Y126.415
;TYPE:WALL-OUTER
G1 F1350 X70.301 Y126.416 E385.63953
G1 X70.301 Y95.824 E387.06403
G1 X93.901 Y95.825 E388.16294
G1 X93.901 Y126.415 E389.58734
G0 F7500 X93.631 Y126.145
G0 X93.391 Y125.625
G0 X93.111 Y125.625
;TYPE:SKIN
G1 F1350 X71.091 Y125.626 E390.61268
G1 X71.091 Y96.614 E391.9636
G1 X93.111 Y96.615 E392.98895
G1 X93.111 Y125.625 E394.33977
G0 F7500 X92.889 Y125.464
G1 F1350 X92.951 Y125.403 E394.34382
G0 F7500 X92.951 Y124.837
G1 F1350 X92.324 Y125.464 E394.38511
G0 F7500 X91.758 Y125.464
G1 F1350 X92.951 Y124.271 E394.46367
G0 F7500 X92.951 Y123.706
G1 F1350 X91.192 Y125.464 E394.57947
G0 F7500 X90.627 Y125.464
G1 F1350 X92.951 Y123.14 E394.73251
G0 F7500 X92.951 Y122.574
G1 F1350 X90.061 Y125.464 E394.92282
G0 F7500 X89.495 Y125.464
G1 F1350 X92.951 Y122.009 E395.15038
G0 F7500 X92.951 Y121.443
G1 F1350 X88.929 Y125.464 E395.4152
G0 F7500 X88.364 Y125.464
G1 F1350 X92.951 Y120.877 E395.71726
G0 F7500 X92.951 Y120.312
G1 F1350 X87.798 Y125.464 E396.05656
G0 F7500 X87.232 Y125.464
G1 F1350 X92.951 Y119.746 E396.43313
G0 F7500 X92.951 Y119.18
G1 F1350 X86.667 Y125.464 E396.84695
G0 F7500 X86.101 Y125.464
G1 F1350 X92.951 Y118.615 E397.298
G0 F7500 X92.951 Y118.049
G1 F1350 X85.535 Y125.464 E397.78632
G0 F7500 X84.97 Y125.464
G1 F1350 X92.951 Y117.483 E398.31188
G0 F7500 X92.951 Y116.917
G1 F1350 X84.404 Y125.464 E398.87472
G0 F7500 X83.838 Y125.464
G1 F1350 X92.951 Y116.352 E399.47479
G0 F7500 X92.951 Y115.786
G1 F1350 X83.273 Y125.464 E400.1121
G0 F7500 X82.707 Y125.464
G1 F1350 X92.951 Y115.22 E400.78669
G0 F7500 X92.951 Y114.655
G1 F1350 X82.141 Y125.464 E401.49851
G0 F7500 X81.576 Y125.464
G1 F1350 X92.951 Y114.089 E402.24758
G0 F7500 X92.951 Y113.523
G1 F1350 X81.01 Y125.464 E403.03391
G0 F7500 X80.444 Y125.464
G1 F1350 X92.951 Y112.958 E403.85749
G0 F7500 X92.951 Y112.392
G1 F1350 X79.879 Y125.464 E404.7183
G0 F7500 X79.313 Y125.464
G1 F1350 X92.951 Y111.826 E405.61638
G0 F7500 X92.951 Y111.261
G1 F1350 X78.747 Y125.464 E406.55171
G0 F7500 X78.181 Y125.464
G1 F1350 X92.951 Y110.695 E407.52431
G0 F7500 X92.951 Y110.129
G1 F1350 X77.616 Y125.464 E408.53414
G0 F7500 X77.05 Y125.464
G1 F1350 X92.951 Y109.564 E409.58122
G0 F7500 X92.951 Y108.998
G1 F1350 X76.484 Y125.464 E410.66556
G0 F7500 X75.919 Y125.464
G1 F1350 X92.951 Y108.432 E411.78715
G0 F7500 X92.951 Y107.867
G1 F1350 X75.353 Y125.464 E412.94598
G0 F7500 X74.787 Y125.464
G1 F1350 X92.951 Y107.301 E414.14207
G0 F7500 X92.951 Y106.735
G1 F1350 X74.222 Y125.464 E415.37541
G0 F7500 X73.656 Y125.464
G1 F1350 X92.951 Y106.169 E416.64602
G0 F7500 X92.951 Y105.604
G1 F1350 X73.09 Y125.464 E417.95387
G0 F7500 X72.525 Y125.464
G1 F1350 X92.951 Y105.038 E419.29895
G0 F7500 X92.951 Y104.472
G1 F1350 X71.959 Y125.464 E420.68131
G0 F7500 X71.393 Y125.464
G1 F1350 X92.951 Y103.907 E422.10091
G0 F7500 X92.951 Y103.341
G1 F1350 X71.25 Y125.041 E423.52993
G0 F7500 X71.25 Y124.476
G1 F1350 X92.951 Y102.775 E424.95897
G0 F7500 X92.951 Y102.21
G1 F1350 X71.25 Y123.91 E426.38799
G0 F7500 X71.25 Y123.344
G1 F1350 X92.951 Y101.644 E427.817
G0 F7500 X92.951 Y101.078
G1 F1350 X71.25 Y122.779 E429.24605
G0 F7500 X71.25 Y122.213
G1 F1350 X92.951 Y100.513 E430.67507
G0 F7500 X92.951 Y99.947
G1 F1350 X71.25 Y121.647 E432.10408
G0 F7500 X71.25 Y121.082
G1 F1350 X92.951 Y99.381 E433.53313
G0 F7500 X92.951 Y98.816
G1 F1350 X71.25 Y120.516 E434.96214
G0 F7500 X71.25 Y119.95
G1 F1350 X92.951 Y98.25 E436.39116
G0 F7500 X92.951 Y97.684
G1 F1350 X71.25 Y119.385 E437.82021
G0 F7500 X71.25 Y118.819
G1 F1350 X92.951 Y97.118 E439.24926
G0 F7500 X92.731 Y96.773
G1 F1350 X71.25 Y118.253 E440.66378
G0 F7500 X71.25 Y117.688
G1 F1350 X92.165 Y96.773 E442.04107
G0 F7500 X91.6 Y96.773
G1 F1350 X71.25 Y117.122 E443.38112
G0 F7500 X71.25 Y116.556
G1 F1350 X91.034 Y96.773 E444.6839
G0 F7500 X90.468 Y96.773
G1 F1350 X71.25 Y115.99 E445.9494
G0 F7500 X71.25 Y115.425
G1 F1350 X89.902 Y96.773 E447.17767
G0 F7500 X89.337 Y96.773
G1 F1350 X71.25 Y114.859 E448.3687
G0 F7500 X71.25 Y114.293
G1 F1350 X88.771 Y96.773 E449.52245
G0 F7500 X88.205 Y96.773
G1 F1350 X71.25 Y113.728 E450.63897
G0 F7500 X71.25 Y113.162
G1 F1350 X87.64 Y96.773 E451.71824
G0 F7500 X87.074 Y96.773
G1 F1350 X71.25 Y112.596 E452.76025
G0 F7500 X71.25 Y112.031
G1 F1350 X86.508 Y96.773 E453.76501
G0 F7500 X85.943 Y96.773
G1 F1350 X71.25 Y111.465 E454.73254
G0 F7500 X71.25 Y110.899
G1 F1350 X85.377 Y96.773 E455.66279
G0 F7500 X84.811 Y96.773
G1 F1350 X71.25 Y110.334 E456.55581
G0 F7500 X71.25 Y109.768
G1 F1350 X84.246 Y96.773 E457.41158
G0 F7500 X83.68 Y96.773
G1 F1350 X71.25 Y109.202 E458.23009
G0 F7500 X71.25 Y108.637
G1 F1350 X83.114 Y96.773 E459.01135
G0 F7500 X82.549 Y96.773
G1 F1350 X71.25 Y108.071 E459.75538
G0 F7500 X71.25 Y107.505
G1 F1350 X81.983 Y96.773 E460.46213
G0 F7500 X81.417 Y96.773
G1 F1350 X71.25 Y106.94 E461.13165
G0 F7500 X71.25 Y106.374
G1 F1350 X80.852 Y96.773 E461.76392
G0 F7500 X80.286 Y96.773
G1 F1350 X71.25 Y105.808 E462.35892
G0 F7500 X71.25 Y105.242
G1 F1350 X79.72 Y96.773 E462.91666
G0 F7500 X79.154 Y96.773
G1 F1350 X71.25 Y104.677 E463.43715
G0 F7500 X71.25 Y104.111
G1 F1350 X78.589 Y96.773 E463.9204
G0 F7500 X78.023 Y96.773
G1 F1350 X71.25 Y103.545 E464.36638
G0 F7500 X71.25 Y102.98
G1 F1350 X77.457 Y96.773 E464.77512
G0 F7500 X76.892 Y96.773
G1 F1350 X71.25 Y102.414 E465.14662
G0 F7500 X71.25 Y101.848
G1 F1350 X76.326 Y96.773 E465.48086
G0 F7500 X75.76 Y96.773
G1 F1350 X71.25 Y101.283 E465.77785
G0 F7500 X71.25 Y100.717
G1 F1350 X75.195 Y96.773 E466.0376
G0 F7500 X74.629 Y96.773
G1 F1350 X71.25 Y100.151 E466.26008
G0 F7500 X71.25 Y99.586
G1 F1350 X74.063 Y96.773 E466.44532
G0 F7500 X73.498 Y96.773
G1 F1350 X71.25 Y99.02 E466.59332
G0 F7500 X71.25 Y98.454
G1 F1350 X72.932 Y96.773 E466.70405
G0 F7500 X72.366 Y96.773
G1 F1350 X71.25 Y97.889 E466.77754
G0 F7500 X71.25 Y97.323
G1 F1350 X71.801 Y96.773 E466.81379
G0 F7500 X71.802 Y96.424
G1 F1500 E460.31379
;MESH:copri staffa L 30x30x1,8 met??.stl
G0 F7500 X71.802 Y96.335
G0 X93.319 Y96.407
G0 X93.681 Y125.971
G0 X94.766 Y125.971
G0 X97.335 Y125.971
G0 X98.42 Y125.971
G0 X98.6 Y125.971
;TYPE:WALL-INNER
G1 F1500 E466.81379
G1 F1350 X98.6 Y125.772 E466.82306
G1 X98.6 Y96.378 E468.19177
G1 X98.6 Y96.179 E468.20103
G1 X98.799 Y96.179 E468.20703
G1 X121.4 Y96.18 E469.25943
G1 X121.4 Y125.97 E470.64657
G1 X98.799 Y125.971 E471.69897
G1 X98.6 Y125.971 E471.70497
G0 F7500 X98.2 Y126.371
;TYPE:WALL-OUTER
G1 F1350 X98.2 Y95.779 E473.12946
G1 X121.8 Y95.78 E474.22837
G1 X121.8 Y126.37 E475.65277
G1 X98.2 Y126.371 E476.75169
G0 F7500 X98.47 Y126.101
G0 X98.71 Y125.581
G0 X98.99 Y125.581
;TYPE:SKIN
G1 F1350 X98.99 Y96.569 E478.10261
G1 X121.01 Y96.57 E479.12795
G1 X121.01 Y125.58 E480.47878
G1 X98.99 Y125.581 E481.50412
G0 F7500 X98.71 Y125.581
G0 X121.218 Y125.788
G0 X121.29 Y125.223
G0 X120.849 Y125.223
G1 F1350 X120.652 Y125.42 E481.51709
G0 F7500 X120.087 Y125.42
G1 F1350 X120.849 Y124.657 E481.5673
G0 F7500 X120.849 Y124.092
G1 F1350 X119.521 Y125.42 E481.65476
G0 F7500 X118.955 Y125.42
G1 F1350 X120.849 Y123.526 E481.77948
G0 F7500 X120.849 Y122.96
G1 F1350 X118.39 Y125.42 E481.94144
G0 F7500 X117.824 Y125.42
G1 F1350 X120.849 Y122.395 E482.14064
G0 F7500 X120.849 Y121.829
G1 F1350 X117.258 Y125.42 E482.37712
G0 F7500 X116.693 Y125.42
G1 F1350 X120.849 Y121.263 E482.65083
G0 F7500 X120.849 Y120.698
G1 F1350 X116.127 Y125.42 E482.96178
G0 F7500 X115.561 Y125.42
G1 F1350 X120.849 Y120.132 E483.31
G0 F7500 X120.849 Y119.566
G1 F1350 X114.996 Y125.42 E483.69547
G0 F7500 X114.43 Y125.42
G1 F1350 X120.849 Y119.001 E484.11817
G0 F7500 X120.849 Y118.435
G1 F1350 X113.864 Y125.42 E484.57814
G0 F7500 X113.299 Y125.42
G1 F1350 X120.849 Y117.869 E485.07536
G0 F7500 X120.849 Y117.304
G1 F1350 X112.733 Y125.42 E485.60981
G0 F7500 X112.167 Y125.42
G1 F1350 X120.849 Y116.738 E486.18153
G0 F7500 X120.849 Y116.172
G1 F1350 X111.601 Y125.42 E486.79053
G0 F7500 X111.036 Y125.42
G1 F1350 X120.849 Y115.607 E487.43673
G0 F7500 X120.849 Y115.041
G1 F1350 X110.47 Y125.42 E488.12021
G0 F7500 X109.904 Y125.42
G1 F1350 X120.849 Y114.475 E488.84095
G0 F7500 X120.849 Y113.909
G1 F1350 X109.339 Y125.42 E489.59894
G0 F7500 X108.773 Y125.42
G1 F1350 X120.849 Y113.344 E490.39417
G0 F7500 X120.849 Y112.778
G1 F1350 X108.207 Y125.42 E491.22666
G0 F7500 X107.642 Y125.42
G1 F1350 X120.849 Y112.212 E492.0964
G0 F7500 X120.849 Y111.647
G1 F1350 X107.076 Y125.42 E493.00337
G0 F7500 X106.51 Y125.42
G1 F1350 X120.849 Y111.081 E493.94762
G0 F7500 X120.849 Y110.515
G1 F1350 X105.945 Y125.42 E494.92911
G0 F7500 X105.379 Y125.42
G1 F1350 X120.849 Y109.95 E495.94784
G0 F7500 X120.849 Y109.384
G1 F1350 X104.813 Y125.42 E497.00383
G0 F7500 X104.248 Y125.42
G1 F1350 X120.849 Y108.818 E498.09707
G0 F7500 X120.849 Y108.253
G1 F1350 X103.682 Y125.42 E499.22755
G0 F7500 X103.116 Y125.42
G1 F1350 X120.849 Y107.687 E500.3953
G0 F7500 X120.849 Y107.121
G1 F1350 X102.55 Y125.42 E501.60032
G0 F7500 X101.985 Y125.42
G1 F1350 X120.849 Y106.556 E502.84254
G0 F7500 X120.849 Y105.99
G1 F1350 X101.419 Y125.42 E504.12204
G0 F7500 X100.853 Y125.42
G1 F1350 X120.849 Y105.424 E505.43881
G0 F7500 X120.849 Y104.858
G1 F1350 X100.288 Y125.42 E506.79282
G0 F7500 X99.722 Y125.42
G1 F1350 X120.849 Y104.293 E508.18407
G0 F7500 X120.849 Y103.727
G1 F1350 X99.156 Y125.42 E509.61259
G0 F7500 X99.149 Y124.861
G1 F1350 X120.849 Y103.161 E511.04157
G0 F7500 X120.849 Y102.596
G1 F1350 X99.149 Y124.295 E512.47052
G0 F7500 X99.149 Y123.73
G1 F1350 X120.849 Y102.03 E513.8995
G0 F7500 X120.849 Y101.464
G1 F1350 X99.149 Y123.164 E515.32849
G0 F7500 X99.149 Y122.598
G1 F1350 X120.849 Y100.899 E516.75744
G0 F7500 X120.849 Y100.333
G1 F1350 X99.149 Y122.033 E518.18642
G0 F7500 X99.149 Y121.467
G1 F1350 X120.849 Y99.767 E519.6154
G0 F7500 X120.849 Y99.202
G1 F1350 X99.149 Y120.901 E521.04435
G0 F7500 X99.149 Y120.336
G1 F1350 X120.849 Y98.636 E522.47333
G0 F7500 X120.849 Y98.07
G1 F1350 X99.149 Y119.77 E523.90231
G0 F7500 X99.149 Y119.204
G1 F1350 X120.849 Y97.505 E525.33126
G0 F7500 X120.849 Y96.939
G1 F1350 X99.149 Y118.639 E526.76024
G0 F7500 X99.149 Y118.073
G1 F1350 X120.493 Y96.729 E528.16578
G0 F7500 X119.928 Y96.729
G1 F1350 X99.149 Y117.507 E529.53408
G0 F7500 X99.149 Y116.942
G1 F1350 X119.362 Y96.729 E530.86514
G0 F7500 X118.796 Y96.729
G1 F1350 X99.149 Y116.376 E532.15893
G0 F7500 X99.149 Y115.81
G1 F1350 X118.231 Y96.729 E533.41548
G0 F7500 X117.665 Y96.729
G1 F1350 X99.149 Y115.244 E534.63476
G0 F7500 X99.149 Y114.679
G1 F1350 X117.099 Y96.729 E535.8168
G0 F7500 X116.534 Y96.729
G1 F1350 X99.149 Y114.113 E536.9616
G0 F7500 X99.149 Y113.547
G1 F1350 X115.968 Y96.729 E538.06912
G0 F7500 X115.402 Y96.729
G1 F1350 X99.149 Y112.982 E539.13941
G0 F7500 X99.149 Y112.416
G1 F1350 X114.836 Y96.729 E540.17243
G0 F7500 X114.271 Y96.729
G1 F1350 X99.149 Y111.85 E541.1682
G0 F7500 X99.149 Y111.285
G1 F1350 X113.705 Y96.729 E542.12674
G0 F7500 X113.139 Y96.729
G1 F1350 X99.149 Y110.719 E543.04801
G0 F7500 X99.149 Y110.153
G1 F1350 X112.574 Y96.729 E543.93203
G0 F7500 X112.008 Y96.729
G1 F1350 X99.149 Y109.588 E544.77882
G0 F7500 X99.149 Y109.022
G1 F1350 X111.442 Y96.729 E545.58833
G0 F7500 X110.877 Y96.729
G1 F1350 X99.149 Y108.456 E546.36061
G0 F7500 X99.149 Y107.891
G1 F1350 X110.311 Y96.729 E547.09565
G0 F7500 X109.745 Y96.729
G1 F1350 X99.149 Y107.325 E547.79341
G0 F7500 X99.149 Y106.759
G1 F1350 X109.18 Y96.729 E548.45394
G0 F7500 X108.614 Y96.729
G1 F1350 X99.149 Y106.194 E549.07722
G0 F7500 X99.149 Y105.628
G1 F1350 X108.048 Y96.729 E549.66324
G0 F7500 X107.483 Y96.729
G1 F1350 X99.149 Y105.062 E550.21201
G0 F7500 X99.149 Y104.496
G1 F1350 X106.917 Y96.729 E550.72352
G0 F7500 X106.351 Y96.729
G1 F1350 X99.149 Y103.931 E551.19778
G0 F7500 X99.149 Y103.365
G1 F1350 X105.786 Y96.729 E551.63481
G0 F7500 X105.22 Y96.729
G1 F1350 X99.149 Y102.799 E552.03456
G0 F7500 X99.149 Y102.234
G1 F1350 X104.654 Y96.729 E552.39707
G0 F7500 X104.088 Y96.729
G1 F1350 X99.149 Y101.668 E552.72231
G0 F7500 X99.149 Y101.102
G1 F1350 X103.523 Y96.729 E553.01032
G0 F7500 X102.957 Y96.729
G1 F1350 X99.149 Y100.537 E553.26108
G0 F7500 X99.149 Y99.971
G1 F1350 X102.391 Y96.729 E553.47457
G0 F7500 X101.826 Y96.729
G1 F1350 X99.149 Y99.405 E553.65082
G0 F7500 X99.149 Y98.84
G1 F1350 X101.26 Y96.729 E553.78984
G0 F7500 X100.694 Y96.729
G1 F1350 X99.149 Y98.274 E553.89158
G0 F7500 X99.149 Y97.708
G1 F1350 X100.129 Y96.729 E553.95608
G0 F7500 X99.563 Y96.729
G1 F1350 X99.149 Y97.143 E553.98334
G0 F7500 X98.8 Y97.143
G1 F1500 E547.48334
;MESH:copri staffa L 30x30x1,8 met??.stl(2)
G0 F7500 X98.71 Y97.143
G0 X98.782 Y125.789
G0 X121.213 Y125.791
G0 X123.92 Y125.76
G0 X124.1 Y125.971
;TYPE:WALL-INNER
G1 F1500 E553.98334
G1 F1350 X124.1 Y125.772 E553.99261
G1 X124.1 Y96.378 E555.36131
G1 X124.1 Y96.179 E555.37058
G1 X124.299 Y96.179 E555.37658
G1 X146.9 Y96.18 E556.42897
G1 X146.9 Y125.97 E557.81612
G1 X124.299 Y125.971 E558.86852
G1 X124.1 Y125.971 E558.87451
G0 F7500 X123.7 Y126.371
;TYPE:WALL-OUTER
G1 F1350 X123.7 Y95.779 E560.299
G1 X147.3 Y95.78 E561.39792
G1 X147.3 Y126.37 E562.82232
G1 X123.7 Y126.371 E563.92123
G0 F7500 X123.97 Y126.101
G0 X124.21 Y125.581
G0 X124.49 Y125.581
;TYPE:SKIN
G1 F1350 X124.49 Y96.569 E565.27215
G1 X146.51 Y96.57 E566.2975
G1 X146.51 Y125.58 E567.64832
G1 X124.49 Y125.581 E568.67367
G0 F7500 X124.21 Y125.581
G0 X146.718 Y125.788
G0 X146.79 Y125.179
G0 X146.349 Y125.179
G1 F1350 X146.108 Y125.42 E568.68954
G0 F7500 X145.543 Y125.42
G1 F1350 X146.349 Y124.614 E568.74261
G0 F7500 X146.349 Y124.048
G1 F1350 X144.977 Y125.42 E568.83296
G0 F7500 X144.411 Y125.42
G1 F1350 X146.349 Y123.482 E568.96058
G0 F7500 X146.349 Y122.917
G1 F1350 X143.846 Y125.42 E569.12541
G0 F7500 X143.28 Y125.42
G1 F1350 X146.349 Y122.351 E569.32751
G0 F7500 X146.349 Y121.785
G1 F1350 X142.714 Y125.42 E569.56688
G0 F7500 X142.148 Y125.42
G1 F1350 X146.349 Y121.22 E569.84349
G0 F7500 X146.349 Y120.654
G1 F1350 X141.583 Y125.42 E570.15734
G0 F7500 X141.017 Y125.42
G1 F1350 X146.349 Y120.088 E570.50846
G0 F7500 X146.349 Y119.522
G1 F1350 X140.451 Y125.42 E570.89685
G0 F7500 X139.886 Y125.42
G1 F1350 X146.349 Y118.957 E571.32245
G0 F7500 X146.349 Y118.391
G1 F1350 X139.32 Y125.42 E571.78532
G0 F7500 X138.754 Y125.42
G1 F1350 X146.349 Y117.825 E572.28547
G0 F7500 X146.349 Y117.26
G1 F1350 X138.189 Y125.42 E572.82282
G0 F7500 X137.623 Y125.42
G1 F1350 X146.349 Y116.694 E573.39744
G0 F7500 X146.349 Y116.128
G1 F1350 X137.057 Y125.42 E574.00933
G0 F7500 X136.492 Y125.42
G1 F1350 X146.349 Y115.563 E574.65843
G0 F7500 X146.349 Y114.997
G1 F1350 X135.926 Y125.42 E575.34481
G0 F7500 X135.36 Y125.42
G1 F1350 X146.349 Y114.431 E576.06845
G0 F7500 X146.349 Y113.866
G1 F1350 X134.795 Y125.42 E576.8293
G0 F7500 X134.229 Y125.42
G1 F1350 X146.349 Y113.3 E577.62742
G0 F7500 X146.349 Y112.734
G1 F1350 X133.663 Y125.42 E578.46282
G0 F7500 X133.098 Y125.42
G1 F1350 X146.349 Y112.169 E579.33542
G0 F7500 X146.349 Y111.603
G1 F1350 X132.532 Y125.42 E580.24529
G0 F7500 X131.966 Y125.42
G1 F1350 X146.349 Y111.037 E581.19244
G0 F7500 X146.349 Y110.471
G1 F1350 X131.4 Y125.42 E582.17686
G0 F7500 X130.835 Y125.42
G1 F1350 X146.349 Y109.906 E583.19848
G0 F7500 X146.349 Y109.34
G1 F1350 X130.269 Y125.42 E584.25737
G0 F7500 X129.703 Y125.42
G1 F1350 X146.349 Y108.774 E585.35354
G0 F7500 X146.349 Y108.209
G1 F1350 X129.138 Y125.42 E586.48692
G0 F7500 X128.572 Y125.42
G1 F1350 X146.349 Y107.643 E587.65756
G0 F7500 X146.349 Y107.077
G1 F1350 X128.006 Y125.42 E588.86548
G0 F7500 X127.441 Y125.42
G1 F1350 X146.349 Y106.512 E590.1106
G0 F7500 X146.349 Y105.946
G1 F1350 X126.875 Y125.42 E591.393
G0 F7500 X126.309 Y125.42
G1 F1350 X146.349 Y105.38 E592.71267
G0 F7500 X146.349 Y104.815
G1 F1350 X125.744 Y125.42 E594.06954
G0 F7500 X125.178 Y125.42
G1 F1350 X146.349 Y104.249 E595.46369
G0 F7500 X146.349 Y103.683
G1 F1350 X124.649 Y125.383 E596.89267
G0 F7500 X124.649 Y124.817
G1 F1350 X146.349 Y103.118 E598.32162
G0 F7500 X146.349 Y102.552
G1 F1350 X124.649 Y124.252 E599.7506
G0 F7500 X124.649 Y123.686
G1 F1350 X146.349 Y101.986 E601.17958
G0 F7500 X146.349 Y101.421
G1 F1350 X124.649 Y123.12 E602.60853
G0 F7500 X124.649 Y122.555
G1 F1350 X146.349 Y100.855 E604.03752
G0 F7500 X146.349 Y100.289
G1 F1350 X124.649 Y121.989 E605.4665
G0 F7500 X124.649 Y121.423
G1 F1350 X146.349 Y99.723 E606.89548
G0 F7500 X146.349 Y99.158
G1 F1350 X124.649 Y120.857 E608.32443
G0 F7500 X124.649 Y120.292
G1 F1350 X146.349 Y98.592 E609.75341
G0 F7500 X146.349 Y98.026
G1 F1350 X124.649 Y119.726 E611.18239
G0 F7500 X124.649 Y119.16
G1 F1350 X146.349 Y97.461 E612.61134
G0 F7500 X146.349 Y96.895
G1 F1350 X124.649 Y118.595 E614.04032
G0 F7500 X124.649 Y118.029
G1 F1350 X145.949 Y96.729 E615.44297
G0 F7500 X145.383 Y96.729
G1 F1350 X124.649 Y117.463 E616.80834
G0 F7500 X124.649 Y116.898
G1 F1350 X144.818 Y96.729 E618.1365
G0 F7500 X144.252 Y96.729
G1 F1350 X124.649 Y116.332 E619.42739
G0 F7500 X124.649 Y115.766
G1 F1350 X143.686 Y96.729 E620.68101
G0 F7500 X143.121 Y96.729
G1 F1350 X124.649 Y115.201 E621.89742
G0 F7500 X124.649 Y114.635
G1 F1350 X142.555 Y96.729 E623.07656
G0 F7500 X141.989 Y96.729
G1 F1350 X124.649 Y114.069 E624.21843
G0 F7500 X124.649 Y113.504
G1 F1350 X141.424 Y96.729 E625.32309
G0 F7500 X140.858 Y96.729
G1 F1350 X124.649 Y112.938 E626.39048
G0 F7500 X124.649 Y112.372
G1 F1350 X140.292 Y96.729 E627.4206
G0 F7500 X139.727 Y96.729
G1 F1350 X124.649 Y111.807 E628.41351
G0 F7500 X124.649 Y111.241
G1 F1350 X139.161 Y96.729 E629.36915
G0 F7500 X138.595 Y96.729
G1 F1350 X124.649 Y110.675 E630.28752
G0 F7500 X124.649 Y110.109
G1 F1350 X138.03 Y96.729 E631.16865
G0 F7500 X137.464 Y96.729
G1 F1350 X124.649 Y109.544 E632.01254
G0 F7500 X124.649 Y108.978
G1 F1350 X136.898 Y96.729 E632.81916
G0 F7500 X136.333 Y96.729
G1 F1350 X124.649 Y108.412 E633.58854
G0 F7500 X124.649 Y107.847
G1 F1350 X135.767 Y96.729 E634.32067
G0 F7500 X135.202 Y96.728
G1 F1350 X124.649 Y107.281 E635.01561
G0 F7500 X124.649 Y106.715
G1 F1350 X134.636 Y96.728 E635.67327
G0 F7500 X134.07 Y96.728
G1 F1350 X124.649 Y106.15 E636.29369
G0 F7500 X124.649 Y105.584
G1 F1350 X133.505 Y96.728 E636.87687
G0 F7500 X132.939 Y96.728
G1 F1350 X124.649 Y105.018 E637.42278
G0 F7500 X124.649 Y104.453
G1 F1350 X132.373 Y96.728 E637.93146
G0 F7500 X131.808 Y96.728
G1 F1350 X124.649 Y103.887 E638.40289
G0 F7500 X124.649 Y103.321
G1 F1350 X131.242 Y96.728 E638.83705
G0 F7500 X130.676 Y96.728
G1 F1350 X124.649 Y102.756 E639.23397
G0 F7500 X124.649 Y102.19
G1 F1350 X130.111 Y96.728 E639.59365
G0 F7500 X129.545 Y96.728
G1 F1350 X124.649 Y101.624 E639.91606
G0 F7500 X124.649 Y101.058
G1 F1350 X128.979 Y96.728 E640.2012
G0 F7500 X128.414 Y96.728
G1 F1350 X124.649 Y100.493 E640.44913
G0 F7500 X124.649 Y99.927
G1 F1350 X127.848 Y96.728 E640.65979
G0 F7500 X127.282 Y96.728
G1 F1350 X124.649 Y99.361 E640.83318
G0 F7500 X124.649 Y98.796
G1 F1350 X126.717 Y96.728 E640.96936
G0 F7500 X126.151 Y96.728
G1 F1350 X124.649 Y98.23 E641.06827
G0 F7500 X124.649 Y97.664
G1 F1350 X125.585 Y96.728 E641.12991
G0 F7500 X125.02 Y96.728
G1 F1350 X124.649 Y97.099 E641.15434
G0 F7500 X124.3 Y97.099
G1 F1500 E634.65434
;MESH:copri staffa L 30x30x1,8 met??.stl(3)
G0 F7500 X124.21 Y97.099
G0 X124.282 Y125.789
G0 X147.08 Y126.15
G0 X148.165 Y126.15
G0 X150.79 Y126.15
G0 X151.875 Y126.15
G0 X152.055 Y128.187
;TYPE:WALL-INNER
G1 F1500 E641.15434
G1 F1350 X152.055 Y127.988 E641.1636
G1 X152.055 Y98.594 E642.53231
G1 X152.055 Y98.395 E642.54158
G1 X152.254 Y98.395 E642.54757
G1 X174.855 Y98.396 E643.59997
G1 X174.855 Y128.186 E644.98712
G1 X152.254 Y128.187 E646.03951
G1 X152.055 Y128.187 E646.04551
G0 F7500 X151.655 Y128.587
;TYPE:WALL-OUTER
G1 F1350 X151.655 Y97.995 E647.47
G1 X175.255 Y97.996 E648.56892
G1 X175.255 Y128.586 E649.99331
G1 X151.655 Y128.587 E651.09223
G0 F7500 X151.925 Y128.317
G0 X152.165 Y127.797
G0 X152.445 Y127.797
;TYPE:SKIN
G1 F1350 X152.445 Y98.785 E652.44315
G1 X174.465 Y98.786 E653.46849
G1 X174.465 Y127.796 E654.81932
G1 X152.445 Y127.797 E655.84466
G0 F7500 X152.165 Y127.797
G0 X174.673 Y128.004
G0 X174.745 Y127.206
G0 X174.303 Y127.206
G1 F1350 X173.873 Y127.637 E655.87301
G0 F7500 X173.307 Y127.637
G1 F1350 X174.303 Y126.64 E655.93863
G0 F7500 X174.303 Y126.075
G1 F1350 X172.741 Y127.637 E656.04149
G0 F7500 X172.176 Y127.637
G1 F1350 X174.303 Y125.509 E656.18159
G0 F7500 X174.303 Y124.943
G1 F1350 X171.61 Y127.637 E656.35897
G0 F7500 X171.044 Y127.637
G1 F1350 X174.303 Y124.377 E656.57361
G0 F7500 X174.303 Y123.812
G1 F1350 X170.479 Y127.637 E656.82546
G0 F7500 X169.913 Y127.637
G1 F1350 X174.303 Y123.246 E657.11458
G0 F7500 X174.303 Y122.68
G1 F1350 X169.347 Y127.637 E657.44097
G0 F7500 X168.782 Y127.637
G1 F1350 X174.303 Y122.115 E657.80458
G0 F7500 X174.303 Y121.549
G1 F1350 X168.216 Y127.637 E658.20545
G0 F7500 X167.65 Y127.637
G1 F1350 X174.303 Y120.983 E658.64359
G0 F7500 X174.303 Y120.418
G1 F1350 X167.085 Y127.637 E659.11894
G0 F7500 X166.519 Y127.637
G1 F1350 X174.303 Y119.852 E659.63156
G0 F7500 X174.303 Y119.286
G1 F1350 X165.953 Y127.637 E660.18146
G0 F7500 X165.388 Y127.637
G1 F1350 X174.303 Y118.721 E660.76856
G0 F7500 X174.303 Y118.155
G1 F1350 X164.822 Y127.637 E661.39293
G0 F7500 X164.256 Y127.637
G1 F1350 X174.303 Y117.589 E662.05458
G0 F7500 X174.303 Y117.024
G1 F1350 X163.69 Y127.637 E662.75346
G0 F7500 X163.125 Y127.637
G1 F1350 X174.303 Y116.458 E663.48959
G0 F7500 X174.303 Y115.892
G1 F1350 X162.559 Y127.637 E664.26298
G0 F7500 X161.993 Y127.637
G1 F1350 X174.303 Y115.326 E665.07365
G0 F7500 X174.303 Y114.761
G1 F1350 X161.428 Y127.637 E665.92152
G0 F7500 X160.862 Y127.637
G1 F1350 X174.303 Y114.195 E666.80667
G0 F7500 X174.303 Y113.629
G1 F1350 X160.296 Y127.637 E667.72909
G0 F7500 X159.731 Y127.637
G1 F1350 X174.303 Y113.064 E668.68871
G0 F7500 X174.303 Y112.498
G1 F1350 X159.165 Y127.637 E669.68561
G0 F7500 X158.599 Y127.637
G1 F1350 X174.303 Y111.932 E670.71977
G0 F7500 X174.303 Y111.367
G1 F1350 X158.034 Y127.637 E671.79115
G0 F7500 X157.468 Y127.637
G1 F1350 X174.303 Y110.801 E672.89979
G0 F7500 X174.303 Y110.235
G1 F1350 X156.902 Y127.637 E674.04571
G0 F7500 X156.337 Y127.637
G1 F1350 X174.303 Y109.67 E675.22884
G0 F7500 X174.303 Y109.104
G1 F1350 X155.771 Y127.637 E676.44923
G0 F7500 X155.205 Y127.637
G1 F1350 X174.303 Y108.538 E677.7069
G0 F7500 X174.303 Y107.973
G1 F1350 X154.64 Y127.637 E679.00178
G0 F7500 X154.074 Y127.637
G1 F1350 X174.303 Y107.407 E680.33393
G0 F7500 X174.303 Y106.841
G1 F1350 X153.508 Y127.637 E681.70335
G0 F7500 X152.942 Y127.637
G1 F1350 X174.303 Y106.276 E683.11
G0 F7500 X174.303 Y105.71
G1 F1350 X152.604 Y127.409 E684.53892
G0 F7500 X152.604 Y126.843
G1 F1350 X174.303 Y105.144 E685.96784
G0 F7500 X174.303 Y104.578
G1 F1350 X152.604 Y126.277 E687.39675
G0 F7500 X152.604 Y125.712
G1 F1350 X174.303 Y104.013 E688.82567
G0 F7500 X174.303 Y103.447
G1 F1350 X152.604 Y125.146 E690.25458
G0 F7500 X152.604 Y124.58
G1 F1350 X174.303 Y102.881 E691.6835
G0 F7500 X174.303 Y102.316
G1 F1350 X152.604 Y124.015 E693.11242
G0 F7500 X152.604 Y123.449
G1 F1350 X174.303 Y101.75 E694.54133
G0 F7500 X174.303 Y101.184
G1 F1350 X152.604 Y122.883 E695.97025
G0 F7500 X152.604 Y122.318
G1 F1350 X174.303 Y100.619 E697.39917
G0 F7500 X174.303 Y100.053
G1 F1350 X152.604 Y121.752 E698.82808
G0 F7500 X152.604 Y121.186
G1 F1350 X174.303 Y99.487 E700.257
G0 F7500 X174.28 Y98.945
G1 F1350 X152.604 Y120.621 E701.6844
G0 F7500 X152.604 Y120.055
G1 F1350 X173.714 Y98.945 E703.07453
G0 F7500 X173.149 Y98.945
G1 F1350 X152.604 Y119.489 E704.42742
G0 F7500 X152.604 Y118.924
G1 F1350 X172.583 Y98.945 E705.74307
G0 F7500 X172.017 Y98.945
G1 F1350 X152.604 Y118.358 E707.02145
G0 F7500 X152.604 Y117.792
G1 F1350 X171.452 Y98.945 E708.26259
G0 F7500 X170.886 Y98.945
G1 F1350 X152.604 Y117.226 E709.46646
G0 F7500 X152.604 Y116.661
G1 F1350 X170.32 Y98.945 E710.63309
G0 F7500 X169.755 Y98.945
G1 F1350 X152.604 Y116.095 E711.76248
G0 F7500 X152.604 Y115.529
G1 F1350 X169.189 Y98.945 E712.85459
G0 F7500 X168.623 Y98.945
G1 F1350 X152.604 Y114.964 E713.90947
G0 F7500 X152.604 Y114.398
G1 F1350 X168.058 Y98.945 E714.92711
G0 F7500 X167.492 Y98.945
G1 F1350 X152.604 Y113.832 E715.90748
G0 F7500 X152.604 Y113.267
G1 F1350 X166.926 Y98.945 E716.85061
G0 F7500 X166.361 Y98.945
G1 F1350 X152.604 Y112.701 E717.7565
G0 F7500 X152.604 Y112.135
G1 F1350 X165.795 Y98.945 E718.62511
G0 F7500 X165.229 Y98.945
G1 F1350 X152.604 Y111.57 E719.45649
G0 F7500 X152.604 Y111.004
G1 F1350 X164.663 Y98.945 E720.2506
G0 F7500 X164.098 Y98.945
G1 F1350 X152.604 Y110.438 E721.00746
G0 F7500 X152.604 Y109.873
G1 F1350 X163.532 Y98.945 E721.72709
G0 F7500 X162.967 Y98.944
G1 F1350 X152.604 Y109.307 E722.40951
G0 F7500 X152.604 Y108.741
G1 F1350 X162.401 Y98.944 E723.05466
G0 F7500 X161.836 Y98.944
G1 F1350 X152.604 Y108.176 E723.6626
G0 F7500 X152.604 Y107.61
G1 F1350 X161.27 Y98.944 E724.23328
G0 F7500 X160.704 Y98.944
G1 F1350 X152.604 Y107.044 E724.76667
G0 F7500 X152.604 Y106.478
G1 F1350 X160.139 Y98.944 E725.26283
G0 F7500 X159.573 Y98.944
G1 F1350 X152.604 Y105.913 E725.72175
G0 F7500 X152.604 Y105.347
G1 F1350 X159.007 Y98.944 E726.1434
G0 F7500 X158.442 Y98.944
G1 F1350 X152.604 Y104.781 E726.52781
G0 F7500 X152.604 Y104.216
G1 F1350 X157.876 Y98.944 E726.87498
G0 F7500 X157.31 Y98.944
G1 F1350 X152.604 Y103.65 E727.18488
G0 F7500 X152.604 Y103.084
G1 F1350 X156.745 Y98.944 E727.45754
G0 F7500 X156.179 Y98.944
G1 F1350 X152.604 Y102.519 E727.69296
G0 F7500 X152.604 Y101.953
G1 F1350 X155.613 Y98.944 E727.89111
G0 F7500 X155.048 Y98.944
G1 F1350 X152.604 Y101.387 E728.05202
G0 F7500 X152.604 Y100.822
G1 F1350 X154.482 Y98.944 E728.17569
G0 F7500 X153.916 Y98.944
G1 F1350 X152.604 Y100.256 E728.26208
G0 F7500 X152.604 Y99.69
G1 F1350 X153.35 Y98.944 E728.31121
G0 F7500 X152.785 Y98.944
G1 F1350 X152.604 Y99.125 E728.32313
G0 F7500 X152.255 Y99.125
G1 F1500 E721.82313
;MESH:NONMESH
G0 F300 X152.255 Y99.125 Z0.84
G0 F7500 X152.165 Y99.125
G0 X151.875 Y126.115
G0 X150.79 Y126.115
G0 X148.153 Y127.223
G0 X97.347 Y127.224
G0 X94.766 Y126.115
G0 X93.681 Y126.115
G1 F1500 E728.32313
G0 F7500 X93.501 Y126.917
;TIME_ELAPSED:816.119811
;LAYER:2
M106 S170
;TYPE:WALL-INNER
;MESH:copri staffa L 30x30x1,8 met??.stl(1)
G1 F1500 X70.9 Y126.918 E729.37552
G1 X70.701 Y126.918 E729.38479
G1 X70.701 Y126.719 E729.39079
G1 X70.701 Y96.143 E730.81453
G1 X70.701 Y95.944 E730.8238
G1 X70.9 Y95.944 E730.82979
G1 X93.501 Y95.945 E731.88219
G1 X93.501 Y126.917 E733.32438
G0 F9000 X93.901 Y127.317
;TYPE:WALL-OUTER
G1 F1500 X70.301 Y127.318 E734.42329
G1 X70.301 Y95.544 E735.90282
G1 X93.901 Y95.545 E737.00174
G1 X93.901 Y127.317 E738.48118
G0 F9000 X93.631 Y127.047
G0 X93.391 Y126.527
G0 X93.111 Y126.527
;TYPE:SKIN
G1 F1500 X71.091 Y126.528 E739.50652
G1 X71.091 Y96.334 E740.91248
G1 X93.111 Y96.335 E741.93782
G1 X93.111 Y126.527 E743.34369
G0 F9000 X93.391 Y126.527
G0 X71.494 Y126.808
G0 X71.494 Y126.366
G1 F1500 X71.25 Y126.122 E743.35976
G0 F9000 X71.25 Y125.556
G1 F1500 X72.06 Y126.366 E743.4131
G0 F9000 X72.626 Y126.366
G1 F1500 X71.25 Y124.991 E743.50367
G0 F9000 X71.25 Y124.425
G1 F1500 X73.191 Y126.366 E743.63149
G0 F9000 X73.757 Y126.366
G1 F1500 X71.25 Y123.859 E743.79658
G0 F9000 X71.25 Y123.293
G1 F1500 X74.323 Y126.366 E743.99894
G0 F9000 X74.888 Y126.366
G1 F1500 X71.25 Y122.728 E744.23851
G0 F9000 X71.25 Y122.162
G1 F1500 X75.454 Y126.366 E744.51535
G0 F9000 X76.02 Y126.366
G1 F1500 X71.25 Y121.596 E744.82947
G0 F9000 X71.25 Y121.031
G1 F1500 X76.586 Y126.366 E745.18082
G0 F9000 X77.151 Y126.366
G1 F1500 X71.25 Y120.465 E745.56941
G0 F9000 X71.25 Y119.899
G1 F1500 X77.717 Y126.366 E745.99527
G0 F9000 X78.283 Y126.366
G1 F1500 X71.25 Y119.334 E746.45837
G0 F9000 X71.25 Y118.768
G1 F1500 X78.848 Y126.366 E746.95872
G0 F9000 X79.414 Y126.366
G1 F1500 X71.25 Y118.202 E747.49633
G0 F9000 X71.25 Y117.637
G1 F1500 X79.98 Y126.366 E748.07118
G0 F9000 X80.545 Y126.366
G1 F1500 X71.25 Y117.071 E748.68327
G0 F9000 X71.25 Y116.505
G1 F1500 X81.111 Y126.366 E749.33264
G0 F9000 X81.677 Y126.366
G1 F1500 X71.25 Y115.94 E750.01924
G0 F9000 X71.25 Y115.374
G1 F1500 X82.242 Y126.366 E750.74308
G0 F9000 X82.808 Y126.366
G1 F1500 X71.25 Y114.808 E751.5042
G0 F9000 X71.25 Y114.242
G1 F1500 X83.374 Y126.366 E752.30258
G0 F9000 X83.939 Y126.366
G1 F1500 X71.25 Y113.677 E753.13817
G0 F9000 X71.25 Y113.111
G1 F1500 X84.505 Y126.366 E754.01104
G0 F9000 X85.071 Y126.366
G1 F1500 X71.25 Y112.545 E754.92117
G0 F9000 X71.25 Y111.98
G1 F1500 X85.636 Y126.366 E755.86852
G0 F9000 X86.202 Y126.366
G1 F1500 X71.25 Y111.414 E756.85313
G0 F9000 X71.25 Y110.848
G1 F1500 X86.768 Y126.366 E757.87502
G0 F9000 X87.334 Y126.366
G1 F1500 X71.25 Y110.283 E758.93415
G0 F9000 X71.25 Y109.717
G1 F1500 X87.899 Y126.366 E760.03051
G0 F9000 X88.465 Y126.366
G1 F1500 X71.25 Y109.151 E761.16415
G0 F9000 X71.25 Y108.586
G1 F1500 X89.031 Y126.366 E762.33502
G0 F9000 X89.596 Y126.366
G1 F1500 X71.25 Y108.02 E763.54314
G0 F9000 X71.25 Y107.454
G1 F1500 X90.162 Y126.366 E764.78853
G0 F9000 X90.728 Y126.366
G1 F1500 X71.25 Y106.889 E766.07115
G0 F9000 X71.25 Y106.323
G1 F1500 X91.293 Y126.366 E767.39102
G0 F9000 X91.859 Y126.366
G1 F1500 X71.25 Y105.757 E768.74816
G0 F9000 X71.25 Y105.192
G1 F1500 X92.425 Y126.366 E770.14253
G0 F9000 X92.951 Y126.326
G1 F1500 X71.25 Y104.626 E771.57155
G0 F9000 X71.25 Y104.06
G1 F1500 X92.951 Y125.761 E773.0006
G0 F9000 X92.951 Y125.195
G1 F1500 X71.25 Y103.494 E774.42964
G0 F9000 X71.25 Y102.929
G1 F1500 X92.951 Y124.629 E775.85866
G0 F9000 X92.951 Y124.064
G1 F1500 X71.25 Y102.363 E777.28771
G0 F9000 X71.25 Y101.797
G1 F1500 X92.951 Y123.498 E778.71676
G0 F9000 X92.951 Y122.932
G1 F1500 X71.25 Y101.232 E780.14577
G0 F9000 X71.25 Y100.666
G1 F1500 X92.951 Y122.366 E781.57479
G0 F9000 X92.951 Y121.801
G1 F1500 X71.25 Y100.1 E783.00383
G0 F9000 X71.25 Y99.535
G1 F1500 X92.951 Y121.235 E784.43285
G0 F9000 X92.951 Y120.669
G1 F1500 X71.25 Y98.969 E785.86186
G0 F9000 X71.25 Y98.403
G1 F1500 X92.951 Y120.104 E787.29091
G0 F9000 X92.951 Y119.538
G1 F1500 X71.25 Y97.838 E788.71993
G0 F9000 X71.25 Y97.272
G1 F1500 X92.951 Y118.972 E790.14894
G0 F9000 X92.951 Y118.407
G1 F1500 X71.25 Y96.706 E791.57799
G0 F9000 X71.603 Y96.493
G1 F1500 X92.951 Y117.841 E792.98379
G0 F9000 X92.951 Y117.275
G1 F1500 X72.169 Y96.493 E794.35232
G0 F9000 X72.735 Y96.493
G1 F1500 X92.951 Y116.71 E795.68361
G0 F9000 X92.951 Y116.144
G1 F1500 X73.3 Y96.493 E796.97766
G0 F9000 X73.866 Y96.493
G1 F1500 X92.951 Y115.578 E798.23444
G0 F9000 X92.951 Y115.013
G1 F1500 X74.432 Y96.493 E799.45398
G0 F9000 X74.997 Y96.493
G1 F1500 X92.951 Y114.447 E800.63629
G0 F9000 X92.951 Y113.881
G1 F1500 X75.563 Y96.493 E801.78132
G0 F9000 X76.129 Y96.493
G1 F1500 X92.951 Y113.315 E802.88907
G0 F9000 X92.951 Y112.75
G1 F1500 X76.694 Y96.493 E803.95962
G0 F9000 X77.26 Y96.493
G1 F1500 X92.951 Y112.184 E804.9929
G0 F9000 X92.951 Y111.618
G1 F1500 X77.826 Y96.493 E805.98891
G0 F9000 X78.391 Y96.493
G1 F1500 X92.951 Y111.053 E806.94771
G0 F9000 X92.951 Y110.487
G1 F1500 X78.957 Y96.493 E807.86924
G0 F9000 X79.523 Y96.493
G1 F1500 X92.951 Y109.921 E808.7535
G0 F9000 X92.951 Y109.356
G1 F1500 X80.089 Y96.493 E809.60051
G0 F9000 X80.654 Y96.493
G1 F1500 X92.951 Y108.79 E810.41029
G0 F9000 X92.951 Y108.224
G1 F1500 X81.22 Y96.493 E811.1828
G0 F9000 X81.786 Y96.493
G1 F1500 X92.951 Y107.659 E811.91807
G0 F9000 X92.951 Y107.093
G1 F1500 X82.351 Y96.493 E812.61609
G0 F9000 X82.917 Y96.493
G1 F1500 X92.951 Y106.527 E813.27685
G0 F9000 X92.951 Y105.962
G1 F1500 X83.483 Y96.493 E813.90037
G0 F9000 X84.048 Y96.493
G1 F1500 X92.951 Y105.396 E814.48665
G0 F9000 X92.951 Y104.83
G1 F1500 X84.614 Y96.493 E815.03565
G0 F9000 X85.18 Y96.493
G1 F1500 X92.951 Y104.265 E815.54742
G0 F9000 X92.951 Y103.699
G1 F1500 X85.745 Y96.493 E816.02195
G0 F9000 X86.311 Y96.493
G1 F1500 X92.951 Y103.133 E816.4592
G0 F9000 X92.951 Y102.567
G1 F1500 X86.877 Y96.493 E816.85918
G0 F9000 X87.442 Y96.493
G1 F1500 X92.951 Y102.002 E817.22196
G0 F9000 X92.951 Y101.436
G1 F1500 X88.008 Y96.493 E817.54747
G0 F9000 X88.574 Y96.493
G1 F1500 X92.951 Y100.87 E817.8357
G0 F9000 X92.951 Y100.305
G1 F1500 X89.14 Y96.493 E818.08669
G0 F9000 X89.705 Y96.493
G1 F1500 X92.951 Y99.739 E818.30045
G0 F9000 X92.951 Y99.173
G1 F1500 X90.271 Y96.493 E818.47693
G0 F9000 X90.837 Y96.493
G1 F1500 X92.951 Y98.608 E818.61617
G0 F9000 X92.951 Y98.042
G1 F1500 X91.402 Y96.493 E818.71818
G0 F9000 X91.968 Y96.493
G1 F1500 X92.951 Y97.476 E818.78291
G0 F9000 X92.951 Y96.911
G1 F1500 X92.534 Y96.493 E818.8104
G0 F9000 X92.535 Y96.144
G1 F1500 E812.3104
;MESH:copri staffa L 30x30x1,8 met??.stl
G0 F9000 X92.535 Y96.055
G0 X93.319 Y96.127
G0 X93.681 Y126.873
G0 X94.766 Y126.873
G0 X97.335 Y126.873
G0 X98.42 Y126.873
G0 X98.6 Y126.873
;TYPE:WALL-INNER
G1 F1500 E818.8104
G1 X98.6 Y126.674 E818.81967
G1 X98.6 Y96.098 E820.24342
G1 X98.6 Y95.899 E820.25268
G1 X98.799 Y95.899 E820.25868
G1 X121.4 Y95.9 E821.31107
G1 X121.4 Y126.872 E822.75326
G1 X98.799 Y126.873 E823.80566
G1 X98.6 Y126.873 E823.81165
G0 F9000 X98.2 Y127.273
;TYPE:WALL-OUTER
G1 F1500 X98.2 Y95.499 E825.29118
G1 X121.8 Y95.5 E826.3901
G1 X121.8 Y127.272 E827.86954
G1 X98.2 Y127.273 E828.96845
G0 F9000 X98.47 Y127.003
G0 X98.71 Y126.483
G0 X98.99 Y126.483
;TYPE:SKIN
G1 F1500 X98.99 Y96.289 E830.37441
G1 X121.01 Y96.29 E831.39975
G1 X121.01 Y126.482 E832.80562
G1 X98.99 Y126.483 E833.83096
G0 F9000 X99.734 Y126.321
G1 F1500 X99.149 Y125.736 E833.86949
G0 F9000 X99.149 Y125.17
G1 F1500 X100.3 Y126.321 E833.94528
G0 F9000 X100.865 Y126.321
G1 F1500 X99.149 Y124.604 E834.05832
G0 F9000 X99.149 Y124.039
G1 F1500 X101.431 Y126.321 E834.20859
G0 F9000 X101.997 Y126.321
G1 F1500 X99.149 Y123.473 E834.39614
G0 F9000 X99.149 Y122.907
G1 F1500 X102.563 Y126.321 E834.62095
G0 F9000 X103.128 Y126.321
G1 F1500 X99.149 Y122.342 E834.88298
G0 F9000 X99.149 Y121.776
G1 F1500 X103.694 Y126.321 E835.18227
G0 F9000 X104.26 Y126.321
G1 F1500 X99.149 Y121.21 E835.51884
G0 F9000 X99.149 Y120.645
G1 F1500 X104.825 Y126.321 E835.89262
G0 F9000 X105.391 Y126.321
G1 F1500 X99.149 Y120.079 E836.30366
G0 F9000 X99.149 Y119.513
G1 F1500 X105.957 Y126.321 E836.75198
G0 F9000 X106.522 Y126.321
G1 F1500 X99.149 Y118.948 E837.2375
G0 F9000 X99.149 Y118.382
G1 F1500 X107.088 Y126.321 E837.7603
G0 F9000 X107.654 Y126.321
G1 F1500 X99.149 Y117.816 E838.32037
G0 F9000 X99.149 Y117.251
G1 F1500 X108.219 Y126.321 E838.91765
G0 F9000 X108.785 Y126.321
G1 F1500 X99.149 Y116.685 E839.55219
G0 F9000 X99.149 Y116.119
G1 F1500 X109.351 Y126.321 E840.22401
G0 F9000 X109.916 Y126.321
G1 F1500 X99.149 Y115.553 E840.93307
G0 F9000 X99.149 Y114.988
G1 F1500 X110.481 Y126.321 E841.67933
G0 F9000 X111.047 Y126.321
G1 F1500 X99.149 Y114.422 E842.46287
G0 F9000 X99.149 Y113.856
G1 F1500 X111.613 Y126.321 E843.28368
G0 F9000 X112.178 Y126.321
G1 F1500 X99.149 Y113.291 E844.14169
G0 F9000 X99.149 Y112.725
G1 F1500 X112.744 Y126.321 E845.03698
G0 F9000 X113.31 Y126.321
G1 F1500 X99.149 Y112.159 E845.96954
G0 F9000 X99.149 Y111.594
G1 F1500 X113.876 Y126.321 E846.93934
G0 F9000 X114.441 Y126.321
G1 F1500 X99.149 Y111.028 E847.94638
G0 F9000 X99.149 Y110.462
G1 F1500 X115.007 Y126.321 E848.99068
G0 F9000 X115.573 Y126.321
G1 F1500 X99.149 Y109.897 E850.07223
G0 F9000 X99.149 Y109.331
G1 F1500 X116.138 Y126.321 E851.19102
G0 F9000 X116.704 Y126.321
G1 F1500 X99.149 Y108.765 E852.34708
G0 F9000 X99.149 Y108.2
G1 F1500 X117.27 Y126.321 E853.54038
G0 F9000 X117.835 Y126.321
G1 F1500 X99.149 Y107.634 E854.77092
G0 F9000 X99.149 Y107.068
G1 F1500 X118.401 Y126.321 E856.03873
G0 F9000 X118.967 Y126.321
G1 F1500 X99.149 Y106.503 E857.34378
G0 F9000 X99.149 Y105.937
G1 F1500 X119.532 Y126.321 E858.68606
G0 F9000 X120.098 Y126.321
G1 F1500 X99.149 Y105.371 E860.06562
G0 F9000 X99.149 Y104.805
G1 F1500 X120.664 Y126.321 E861.48246
G0 F9000 X120.849 Y125.94
G1 F1500 X99.149 Y104.24 E862.91144
G0 F9000 X99.149 Y103.674
G1 F1500 X120.849 Y125.374 E864.34042
G0 F9000 X120.849 Y124.809
G1 F1500 X99.149 Y103.108 E865.76944
G0 F9000 X99.149 Y102.543
G1 F1500 X120.849 Y124.243 E867.19842
G0 F9000 X120.849 Y123.677
G1 F1500 X99.149 Y101.977 E868.6274
G0 F9000 X99.149 Y101.411
G1 F1500 X120.849 Y123.112 E870.05642
G0 F9000 X120.849 Y122.546
G1 F1500 X99.149 Y100.846 E871.4854
G0 F9000 X99.149 Y100.28
G1 F1500 X120.849 Y121.98 E872.91438
G0 F9000 X120.849 Y121.415
G1 F1500 X99.149 Y99.714 E874.34339
G0 F9000 X99.149 Y99.149
G1 F1500 X120.849 Y120.849 E875.77238
G0 F9000 X120.849 Y120.283
G1 F1500 X99.149 Y98.583 E877.20136
G0 F9000 X99.149 Y98.017
G1 F1500 X120.849 Y119.718 E878.63037
G0 F9000 X120.849 Y119.152
G1 F1500 X99.149 Y97.452 E880.05936
G0 F9000 X99.149 Y96.886
G1 F1500 X120.849 Y118.586 E881.48834
G0 F9000 X120.849 Y118.021
G1 F1500 X99.278 Y96.45 E882.90882
G0 F9000 X99.844 Y96.45
G1 F1500 X120.849 Y117.455 E884.29204
G0 F9000 X120.849 Y116.889
G1 F1500 X100.409 Y96.45 E885.63802
G0 F9000 X100.975 Y96.45
G1 F1500 X120.849 Y116.324 E886.94675
G0 F9000 X120.849 Y115.758
G1 F1500 X101.541 Y96.45 E888.21822
G0 F9000 X102.106 Y96.45
G1 F1500 X120.849 Y115.192 E889.45244
G0 F9000 X120.849 Y114.626
G1 F1500 X102.672 Y96.45 E890.6494
G0 F9000 X103.238 Y96.45
G1 F1500 X120.849 Y114.061 E891.80911
G0 F9000 X120.849 Y113.495
G1 F1500 X103.803 Y96.45 E892.93159
G0 F9000 X104.369 Y96.45
G1 F1500 X120.849 Y112.929 E894.01679
G0 F9000 X120.849 Y112.364
G1 F1500 X104.935 Y96.45 E895.06475
G0 F9000 X105.501 Y96.45
G1 F1500 X120.849 Y111.798 E896.07545
G0 F9000 X120.849 Y111.232
G1 F1500 X106.066 Y96.45 E897.0489
G0 F9000 X106.632 Y96.45
G1 F1500 X120.849 Y110.667 E897.98511
G0 F9000 X120.849 Y110.101
G1 F1500 X107.198 Y96.45 E898.88405
G0 F9000 X107.763 Y96.45
G1 F1500 X120.849 Y109.535 E899.74576
G0 F9000 X120.849 Y108.97
G1 F1500 X108.329 Y96.45 E900.57022
G0 F9000 X108.895 Y96.45
G1 F1500 X120.849 Y108.404 E901.35741
G0 F9000 X120.849 Y107.838
G1 F1500 X109.46 Y96.45 E902.10736
G0 F9000 X110.026 Y96.45
G1 F1500 X120.849 Y107.273 E902.82008
G0 F9000 X120.849 Y106.707
G1 F1500 X110.592 Y96.45 E903.49552
G0 F9000 X111.157 Y96.45
G1 F1500 X120.849 Y106.141 E904.13372
G0 F9000 X120.849 Y105.575
G1 F1500 X111.723 Y96.45 E904.73465
G0 F9000 X112.289 Y96.45
G1 F1500 X120.849 Y105.01 E905.29834
G0 F9000 X120.849 Y104.444
G1 F1500 X112.854 Y96.45 E905.82479
G0 F9000 X113.42 Y96.45
G1 F1500 X120.849 Y103.878 E906.31397
G0 F9000 X120.849 Y103.313
G1 F1500 X113.986 Y96.45 E906.76591
G0 F9000 X114.552 Y96.45
G1 F1500 X120.849 Y102.747 E907.18058
G0 F9000 X120.849 Y102.181
G1 F1500 X115.117 Y96.45 E907.55801
G0 F9000 X115.683 Y96.45
G1 F1500 X120.849 Y101.616 E907.8982
G0 F9000 X120.849 Y101.05
G1 F1500 X116.249 Y96.45 E908.20112
G0 F9000 X116.814 Y96.45
G1 F1500 X120.849 Y100.484 E908.46679
G0 F9000 X120.849 Y99.919
G1 F1500 X117.38 Y96.45 E908.69523
G0 F9000 X117.946 Y96.45
G1 F1500 X120.849 Y99.353 E908.8864
G0 F9000 X120.849 Y98.787
G1 F1500 X118.511 Y96.45 E909.04033
G0 F9000 X119.077 Y96.45
G1 F1500 X120.849 Y98.222 E909.15702
G0 F9000 X120.849 Y97.656
G1 F1500 X119.643 Y96.45 E909.23644
G0 F9000 X120.208 Y96.45
G1 F1500 X120.849 Y97.09 E909.27861
G0 F9000 X120.849 Y96.525
G1 F1500 X120.774 Y96.45 E909.28355
G0 F9000 X120.775 Y96.099
G1 F1500 E902.78355
;MESH:copri staffa L 30x30x1,8 met??.stl(2)
G0 F9000 X120.775 Y96.01
G0 X121.218 Y96.082
G0 X121.58 Y126.873
G0 X123.92 Y126.873
G0 X124.1 Y126.873
;TYPE:WALL-INNER
G1 F1500 E909.28355
G1 X124.1 Y126.674 E909.29282
G1 X124.1 Y96.098 E910.71657
G1 X124.1 Y95.899 E910.72583
G1 X124.299 Y95.899 E910.73183
G1 X146.9 Y95.9 E911.78422
G1 X146.9 Y126.872 E913.22641
G1 X124.299 Y126.873 E914.27881
G1 X124.1 Y126.873 E914.2848
G0 F9000 X123.7 Y127.273
;TYPE:WALL-OUTER
G1 F1500 X123.7 Y95.499 E915.76433
G1 X147.3 Y95.5 E916.86325
G1 X147.3 Y127.272 E918.34269
G1 X123.7 Y127.273 E919.4416
G0 F9000 X123.97 Y127.003
G0 X124.21 Y126.483
G0 X124.49 Y126.483
;TYPE:SKIN
G1 F1500 X124.49 Y96.289 E920.84756
G1 X146.51 Y96.29 E921.8729
G1 X146.51 Y126.482 E923.27877
G1 X124.49 Y126.483 E924.30411
G0 F9000 X125.19 Y126.321
G1 F1500 X124.649 Y125.78 E924.33974
G0 F9000 X124.649 Y125.215
G1 F1500 X125.756 Y126.321 E924.4126
G0 F9000 X126.321 Y126.321
G1 F1500 X124.649 Y124.649 E924.52271
G0 F9000 X124.649 Y124.083
G1 F1500 X126.887 Y126.321 E924.67008
G0 F9000 X127.453 Y126.321
G1 F1500 X124.649 Y123.518 E924.8547
G0 F9000 X124.649 Y122.952
G1 F1500 X128.018 Y126.321 E925.07655
G0 F9000 X128.584 Y126.321
G1 F1500 X124.649 Y122.386 E925.33568
G0 F9000 X124.649 Y121.821
G1 F1500 X129.15 Y126.321 E925.63205
G0 F9000 X129.715 Y126.321
G1 F1500 X124.649 Y121.255 E925.96565
G0 F9000 X124.649 Y120.689
G1 F1500 X130.281 Y126.321 E926.33653
G0 F9000 X130.847 Y126.321
G1 F1500 X124.649 Y120.124 E926.74464
G0 F9000 X124.649 Y119.558
G1 F1500 X131.412 Y126.321 E927.19
G0 F9000 X131.978 Y126.321
G1 F1500 X124.649 Y118.992 E927.67263
G0 F9000 X124.649 Y118.426
G1 F1500 X132.544 Y126.321 E928.19252
G0 F9000 X133.11 Y126.321
G1 F1500 X124.649 Y117.861 E928.74966
G0 F9000 X124.649 Y117.295
G1 F1500 X133.675 Y126.321 E929.34404
G0 F9000 X134.241 Y126.321
G1 F1500 X124.649 Y116.729 E929.97569
G0 F9000 X124.649 Y116.164
G1 F1500 X134.807 Y126.321 E930.64458
G0 F9000 X135.372 Y126.321
G1 F1500 X124.649 Y115.598 E931.35071
G0 F9000 X124.649 Y115.032
G1 F1500 X135.938 Y126.321 E932.09411
G0 F9000 X136.504 Y126.321
G1 F1500 X124.649 Y114.467 E932.87475
G0 F9000 X124.649 Y113.901
G1 F1500 X137.069 Y126.321 E933.69262
G0 F9000 X137.635 Y126.321
G1 F1500 X124.649 Y113.335 E934.54777
G0 F9000 X124.649 Y112.77
G1 F1500 X138.201 Y126.321 E935.44016
G0 F9000 X138.766 Y126.321
G1 F1500 X124.649 Y112.204 E936.36979
G0 F9000 X124.649 Y111.638
G1 F1500 X139.332 Y126.321 E937.33669
G0 F9000 X139.898 Y126.321
G1 F1500 X124.649 Y111.073 E938.34083
G0 F9000 X124.649 Y110.507
G1 F1500 X140.463 Y126.321 E939.38221
G0 F9000 X141.029 Y126.321
G1 F1500 X124.649 Y109.941 E940.46086
G0 F9000 X124.649 Y109.375
G1 F1500 X141.595 Y126.321 E941.57679
G0 F9000 X142.16 Y126.321
G1 F1500 X124.649 Y108.81 E942.72991
G0 F9000 X124.649 Y108.244
G1 F1500 X142.726 Y126.321 E943.92032
G0 F9000 X143.292 Y126.321
G1 F1500 X124.649 Y107.678 E945.14799
G0 F9000 X124.649 Y107.113
G1 F1500 X143.858 Y126.321 E946.4129
G0 F9000 X144.423 Y126.321
G1 F1500 X124.649 Y106.547 E947.71505
G0 F9000 X124.649 Y105.981
G1 F1500 X144.989 Y126.321 E949.05448
G0 F9000 X145.555 Y126.321
G1 F1500 X124.649 Y105.416 E950.43114
G0 F9000 X124.649 Y104.85
G1 F1500 X146.12 Y126.321 E951.84504
G0 F9000 X146.349 Y125.984
G1 F1500 X124.649 Y104.284 E953.27402
G0 F9000 X124.649 Y103.719
G1 F1500 X146.349 Y125.418 E954.70297
G0 F9000 X146.349 Y124.853
G1 F1500 X124.649 Y103.153 E956.13196
G0 F9000 X124.649 Y102.587
G1 F1500 X146.349 Y124.287 E957.56094
G0 F9000 X146.349 Y123.721
G1 F1500 X124.649 Y102.022 E958.98989
G0 F9000 X124.649 Y101.456
G1 F1500 X146.349 Y123.156 E960.41887
G0 F9000 X146.349 Y122.59
G1 F1500 X124.649 Y100.89 E961.84785
G0 F9000 X124.649 Y100.325
G1 F1500 X146.349 Y122.024 E963.2768
G0 F9000 X146.349 Y121.459
G1 F1500 X124.649 Y99.759 E964.70578
G0 F9000 X124.649 Y99.193
G1 F1500 X146.349 Y120.893 E966.13476
G0 F9000 X146.349 Y120.327
G1 F1500 X124.649 Y98.627 E967.56375
G0 F9000 X124.649 Y98.062
G1 F1500 X146.349 Y119.761 E968.9927
G0 F9000 X146.349 Y119.196
G1 F1500 X124.649 Y97.496 E970.42168
G0 F9000 X124.649 Y96.93
G1 F1500 X146.349 Y118.63 E971.85066
G0 F9000 X146.349 Y118.064
G1 F1500 X124.733 Y96.449 E973.27408
G0 F9000 X125.299 Y96.449
G1 F1500 X146.349 Y117.499 E974.66026
G0 F9000 X146.349 Y116.933
G1 F1500 X125.865 Y96.449 E976.00916
G0 F9000 X126.43 Y96.449
G1 F1500 X146.349 Y116.367 E977.32083
G0 F9000 X146.349 Y115.802
G1 F1500 X126.996 Y96.449 E978.59526
G0 F9000 X127.562 Y96.449
G1 F1500 X146.349 Y115.236 E979.83241
G0 F9000 X146.349 Y114.67
G1 F1500 X128.127 Y96.449 E981.03233
G0 F9000 X128.693 Y96.449
G1 F1500 X146.349 Y114.105 E982.19501
G0 F9000 X146.349 Y113.539
G1 F1500 X129.259 Y96.449 E983.32041
G0 F9000 X129.824 Y96.449
G1 F1500 X146.349 Y112.973 E984.40858
G0 F9000 X146.349 Y112.408
G1 F1500 X130.39 Y96.449 E985.45951
G0 F9000 X130.956 Y96.449
G1 F1500 X146.349 Y111.842 E986.47316
G0 F9000 X146.349 Y111.276
G1 F1500 X131.521 Y96.449 E987.44958
G0 F9000 X132.087 Y96.449
G1 F1500 X146.349 Y110.711 E988.38876
G0 F9000 X146.349 Y110.145
G1 F1500 X132.653 Y96.449 E989.29066
G0 F9000 X133.218 Y96.449
G1 F1500 X146.349 Y109.579 E990.15533
G0 F9000 X146.349 Y109.013
G1 F1500 X133.784 Y96.449 E990.98272
G0 F9000 X134.35 Y96.449
G1 F1500 X146.349 Y108.448 E991.77288
G0 F9000 X146.349 Y107.882
G1 F1500 X134.915 Y96.449 E992.52579
G0 F9000 X135.481 Y96.449
G1 F1500 X146.349 Y107.316 E993.24143
G0 F9000 X146.349 Y106.751
G1 F1500 X136.048 Y96.45 E993.91977
G0 F9000 X136.613 Y96.45
G1 F1500 X146.349 Y106.185 E994.56087
G0 F9000 X146.349 Y105.619
G1 F1500 X137.179 Y96.45 E995.1647
G0 F9000 X137.745 Y96.45
G1 F1500 X146.349 Y105.054 E995.73129
G0 F9000 X146.349 Y104.488
G1 F1500 X138.31 Y96.45 E996.26064
G0 F9000 X138.876 Y96.45
G1 F1500 X146.349 Y103.922 E996.75271
G0 F9000 X146.349 Y103.357
G1 F1500 X139.442 Y96.45 E997.20755
G0 F9000 X140.007 Y96.45
G1 F1500 X146.349 Y102.791 E997.62515
G0 F9000 X146.349 Y102.225
G1 F1500 X140.573 Y96.45 E998.00548
G0 F9000 X141.139 Y96.45
G1 F1500 X146.349 Y101.66 E998.34856
G0 F9000 X146.349 Y101.094
G1 F1500 X141.704 Y96.45 E998.65441
G0 F9000 X142.27 Y96.45
G1 F1500 X146.349 Y100.528 E998.92299
G0 F9000 X146.349 Y99.962
G1 F1500 X142.836 Y96.45 E999.15429
G0 F9000 X143.401 Y96.45
G1 F1500 X146.349 Y99.397 E999.34839
G0 F9000 X146.349 Y98.831
G1 F1500 X143.967 Y96.45 E999.50522
G0 F9000 X144.533 Y96.45
G1 F1500 X146.349 Y98.265 E999.62477
G0 F9000 X146.349 Y97.7
G1 F1500 X145.099 Y96.45 E999.70708
G0 F9000 X145.664 Y96.45
G1 F1500 X146.349 Y97.134 E999.75216
G0 F9000 X146.349 Y96.568
G1 F1500 X146.23 Y96.45 E999.75996
G0 F9000 X146.231 Y96.099
G1 F1500 E993.25996
;MESH:copri staffa L 30x30x1,8 met??.stl(3)
G0 F9000 X146.231 Y96.01
G0 X146.718 Y96.082
G0 X147.086 Y127.058
G0 X148.165 Y127.058
G0 X150.79 Y127.058
G0 X151.875 Y127.058
G0 X152.055 Y129.089
;TYPE:WALL-INNER
G1 F1500 E999.75996
G1 X152.055 Y128.89 E999.76923
G1 X152.055 Y98.314 E1001.19298
G1 X152.055 Y98.115 E1001.20224
G1 X152.254 Y98.115 E1001.20824
G1 X174.855 Y98.116 E1002.26063
G1 X174.855 Y129.088 E1003.70282
G1 X152.254 Y129.089 E1004.75522
G1 X152.055 Y129.089 E1004.76121
G0 F9000 X151.655 Y129.489
;TYPE:WALL-OUTER
G1 F1500 X151.655 Y97.715 E1006.24074
G1 X175.255 Y97.716 E1007.33966
G1 X175.255 Y129.488 E1008.8191
G1 X151.655 Y129.489 E1009.91801
G0 F9000 X151.925 Y129.219
G0 X152.165 Y128.699
G0 X152.445 Y128.699
;TYPE:SKIN
G1 F1500 X152.445 Y98.505 E1011.32397
G1 X174.465 Y98.506 E1012.34931
G1 X174.465 Y128.698 E1013.75518
G1 X152.445 Y128.699 E1014.78052
G0 F9000 X152.862 Y128.537
G1 F1500 X152.604 Y128.279 E1014.79751
G0 F9000 X152.604 Y127.714
G1 F1500 X153.428 Y128.537 E1014.85174
G0 F9000 X153.993 Y128.537
G1 F1500 X152.604 Y127.148 E1014.94321
G0 F9000 X152.604 Y126.582
G1 F1500 X154.559 Y128.537 E1015.07195
G0 F9000 X155.125 Y128.537
G1 F1500 X152.604 Y126.017 E1015.23793
G0 F9000 X152.604 Y125.451
G1 F1500 X155.69 Y128.537 E1015.44115
G0 F9000 X156.256 Y128.537
G1 F1500 X152.604 Y124.885 E1015.68164
G0 F9000 X152.604 Y124.319
G1 F1500 X156.822 Y128.537 E1015.9594
G0 F9000 X157.387 Y128.537
G1 F1500 X152.604 Y123.754 E1016.27437
G0 F9000 X152.604 Y123.188
G1 F1500 X157.953 Y128.537 E1016.62661
G0 F9000 X158.519 Y128.537
G1 F1500 X152.604 Y122.622 E1017.01612
G0 F9000 X152.604 Y122.057
G1 F1500 X159.084 Y128.537 E1017.44284
G0 F9000 X159.65 Y128.537
G1 F1500 X152.604 Y121.491 E1017.90683
G0 F9000 X152.604 Y120.925
G1 F1500 X160.216 Y128.537 E1018.4081
G0 F9000 X160.781 Y128.537
G1 F1500 X152.604 Y120.36 E1018.94657
G0 F9000 X152.604 Y119.794
G1 F1500 X161.347 Y128.537 E1019.52231
G0 F9000 X161.913 Y128.537
G1 F1500 X152.604 Y119.228 E1020.13532
G0 F9000 X152.604 Y118.663
G1 F1500 X162.478 Y128.537 E1020.78554
G0 F9000 X163.044 Y128.537
G1 F1500 X152.604 Y118.097 E1021.47303
G0 F9000 X152.604 Y117.531
G1 F1500 X163.61 Y128.537 E1022.1978
G0 F9000 X164.176 Y128.537
G1 F1500 X152.604 Y116.966 E1022.9598
G0 F9000 X152.604 Y116.4
G1 F1500 X164.741 Y128.537 E1023.75904
G0 F9000 X165.307 Y128.537
G1 F1500 X152.604 Y115.834 E1024.59556
G0 F9000 X152.604 Y115.269
G1 F1500 X165.873 Y128.537 E1025.46931
G0 F9000 X166.438 Y128.537
G1 F1500 X152.604 Y114.703 E1026.3803
G0 F9000 X152.604 Y114.137
G1 F1500 X167.004 Y128.537 E1027.32857
G0 F9000 X167.57 Y128.537
G1 F1500 X152.604 Y113.571 E1028.3141
G0 F9000 X152.604 Y113.006
G1 F1500 X168.135 Y128.537 E1029.33685
G0 F9000 X168.701 Y128.537
G1 F1500 X152.604 Y112.44 E1030.39686
G0 F9000 X152.604 Y111.874
G1 F1500 X169.267 Y128.537 E1031.49415
G0 F9000 X169.832 Y128.537
G1 F1500 X152.604 Y111.309 E1032.62864
G0 F9000 X152.604 Y110.743
G1 F1500 X170.398 Y128.537 E1033.80041
G0 F9000 X170.964 Y128.537
G1 F1500 X152.604 Y110.177 E1035.00944
G0 F9000 X152.604 Y109.612
G1 F1500 X171.529 Y128.537 E1036.25569
G0 F9000 X172.095 Y128.537
G1 F1500 X152.604 Y109.046 E1037.5392
G0 F9000 X152.604 Y108.48
G1 F1500 X172.661 Y128.537 E1038.85999
G0 F9000 X173.227 Y128.537
G1 F1500 X152.604 Y107.915 E1040.21802
G0 F9000 X152.604 Y107.349
G1 F1500 X173.792 Y128.537 E1041.61328
G0 F9000 X174.304 Y128.484
G1 F1500 X152.604 Y106.783 E1043.0423
G0 F9000 X152.604 Y106.218
G1 F1500 X174.304 Y127.918 E1044.47128
G0 F9000 X174.304 Y127.352
G1 F1500 X152.604 Y105.652 E1045.90026
G0 F9000 X152.604 Y105.086
G1 F1500 X174.304 Y126.787 E1047.32928
G0 F9000 X174.304 Y126.221
G1 F1500 X152.604 Y104.52 E1048.75829
G0 F9000 X152.604 Y103.955
G1 F1500 X174.304 Y125.655 E1050.18727
G0 F9000 X174.304 Y125.09
G1 F1500 X152.604 Y103.389 E1051.61629
G0 F9000 X152.604 Y102.823
G1 F1500 X174.304 Y124.524 E1053.0453
G0 F9000 X174.304 Y123.958
G1 F1500 X152.604 Y102.258 E1054.47429
G0 F9000 X152.604 Y101.692
G1 F1500 X174.304 Y123.392 E1055.90327
G0 F9000 X174.304 Y122.827
G1 F1500 X152.604 Y101.126 E1057.33228
G0 F9000 X152.604 Y100.561
G1 F1500 X174.304 Y122.261 E1058.76127
G0 F9000 X174.304 Y121.695
G1 F1500 X152.604 Y99.995 E1060.19025
G0 F9000 X152.604 Y99.429
G1 F1500 X174.304 Y121.13 E1061.61926
G0 F9000 X174.304 Y120.564
G1 F1500 X152.604 Y98.864 E1063.04824
G0 F9000 X152.971 Y98.665
G1 F1500 X174.304 Y119.998 E1064.45306
G0 F9000 X174.304 Y119.433
G1 F1500 X153.536 Y98.665 E1065.82067
G0 F9000 X154.102 Y98.665
G1 F1500 X174.304 Y118.867 E1067.151
G0 F9000 X174.304 Y118.301
G1 F1500 X154.668 Y98.665 E1068.44407
G0 F9000 X155.233 Y98.665
G1 F1500 X174.304 Y117.736 E1069.69993
G0 F9000 X174.304 Y117.17
G1 F1500 X155.799 Y98.665 E1070.91851
G0 F9000 X156.365 Y98.665
G1 F1500 X174.304 Y116.604 E1072.09983
G0 F9000 X174.304 Y116.039
G1 F1500 X156.931 Y98.665 E1073.2439
G0 F9000 X157.496 Y98.665
G1 F1500 X174.304 Y115.473 E1074.35074
G0 F9000 X174.304 Y114.907
G1 F1500 X158.062 Y98.665 E1075.4203
G0 F9000 X158.628 Y98.665
G1 F1500 X174.304 Y114.341 E1076.45259
G0 F9000 X174.304 Y113.776
G1 F1500 X159.193 Y98.665 E1077.44768
G0 F9000 X159.759 Y98.665
G1 F1500 X174.304 Y113.21 E1078.40549
G0 F9000 X174.304 Y112.644
G1 F1500 X160.325 Y98.665 E1079.32603
G0 F9000 X160.89 Y98.665
G1 F1500 X174.304 Y112.079 E1080.20936
G0 F9000 X174.304 Y111.513
G1 F1500 X161.456 Y98.665 E1081.05543
G0 F9000 X162.022 Y98.665
G1 F1500 X174.304 Y110.947 E1081.86422
G0 F9000 X174.304 Y110.382
G1 F1500 X162.587 Y98.665 E1082.6358
G0 F9000 X163.153 Y98.665
G1 F1500 X174.304 Y109.816 E1083.37011
G0 F9000 X174.304 Y109.25
G1 F1500 X163.719 Y98.666 E1084.06712
G0 F9000 X164.285 Y98.666
G1 F1500 X174.304 Y108.685 E1084.72689
G0 F9000 X174.304 Y108.119
G1 F1500 X164.851 Y98.666 E1085.34939
G0 F9000 X165.417 Y98.666
G1 F1500 X174.304 Y107.553 E1085.93461
G0 F9000 X174.304 Y106.988
G1 F1500 X165.982 Y98.666 E1086.48263
G0 F9000 X166.548 Y98.666
G1 F1500 X174.304 Y106.422 E1086.99337
G0 F9000 X174.304 Y105.856
G1 F1500 X167.114 Y98.666 E1087.46685
G0 F9000 X167.679 Y98.666
G1 F1500 X174.304 Y105.291 E1087.90312
G0 F9000 X174.304 Y104.725
G1 F1500 X168.245 Y98.666 E1088.30211
G0 F9000 X168.811 Y98.666
G1 F1500 X174.304 Y104.159 E1088.66383
G0 F9000 X174.304 Y103.593
G1 F1500 X169.376 Y98.666 E1088.98832
G0 F9000 X169.942 Y98.666
G1 F1500 X174.304 Y103.028 E1089.27556
G0 F9000 X174.304 Y102.462
G1 F1500 X170.508 Y98.666 E1089.52554
G0 F9000 X171.073 Y98.666
G1 F1500 X174.304 Y101.896 E1089.73827
G0 F9000 X174.304 Y101.331
G1 F1500 X171.639 Y98.666 E1089.91377
G0 F9000 X172.205 Y98.666
G1 F1500 X174.304 Y100.765 E1090.05199
G0 F9000 X174.304 Y100.199
G1 F1500 X172.77 Y98.666 E1090.15297
G0 F9000 X173.336 Y98.666
G1 F1500 X174.304 Y99.634 E1090.21672
G0 F9000 X174.304 Y99.068
G1 F1500 X173.902 Y98.666 E1090.24319
G0 F9000 X173.903 Y98.315
G1 F1500 E1083.74319
;MESH:NONMESH
G0 F300 X173.903 Y98.315 Z1.12
G0 F9000 X173.903 Y98.226
G0 X152.237 Y98.297
G0 X151.875 Y127.017
G0 X150.79 Y127.017
G0 X148.153 Y128.125
G0 X97.347 Y128.126
G0 X94.766 Y127.017
G0 X93.681 Y127.017
G1 F1500 E1090.24319
G0 F9000 X93.501 Y127.44
;TIME_ELAPSED:1164.991044
;LAYER:3
M106 S255
;TYPE:WALL-INNER
;MESH:copri staffa L 30x30x1,8 met??.stl(1)
G1 F1500 X70.9 Y127.441 E1091.29559
G1 X70.701 Y127.441 E1091.30485
G1 X70.701 Y127.242 E1091.31085
G1 X70.701 Y95.863 E1092.77199
G1 X70.701 Y95.664 E1092.78125
G1 X70.9 Y95.664 E1092.78725
G1 X93.501 Y95.665 E1093.83964
G1 X93.501 Y127.44 E1095.31922
G0 F9000 X93.901 Y127.84
;TYPE:WALL-OUTER
G1 F1500 X70.301 Y127.841 E1096.41814
G1 X70.301 Y95.264 E1097.93506
G1 X93.901 Y95.265 E1099.03397
G1 X93.901 Y127.84 E1100.5508
G0 F9000 X93.631 Y127.57
G0 X93.391 Y127.05
G0 X93.111 Y127.05
;TYPE:SKIN
G1 F1500 X71.091 Y127.051 E1101.57614
G1 X71.091 Y96.054 E1103.01949
G1 X93.111 Y96.055 E1104.04484
G1 X93.111 Y127.05 E1105.48809
G0 F9000 X92.595 Y126.89
G1 F1500 X92.951 Y126.534 E1105.51154
G0 F9000 X92.951 Y125.968
G1 F1500 X92.029 Y126.89 E1105.57225
G0 F9000 X91.464 Y126.89
G1 F1500 X92.951 Y125.403 E1105.67017
G0 F9000 X92.951 Y124.837
G1 F1500 X90.898 Y126.89 E1105.80537
G0 F9000 X90.332 Y126.89
G1 F1500 X92.951 Y124.271 E1105.97783
G0 F9000 X92.951 Y123.706
G1 F1500 X89.767 Y126.89 E1106.18751
G0 F9000 X89.201 Y126.89
G1 F1500 X92.951 Y123.14 E1106.43445
G0 F9000 X92.951 Y122.574
G1 F1500 X88.635 Y126.89 E1106.71867
G0 F9000 X88.07 Y126.89
G1 F1500 X92.951 Y122.009 E1107.04009
G0 F9000 X92.951 Y121.443
G1 F1500 X87.504 Y126.89 E1107.39878
G0 F9000 X86.938 Y126.89
G1 F1500 X92.951 Y120.877 E1107.79475
G0 F9000 X92.951 Y120.312
G1 F1500 X86.373 Y126.89 E1108.22792
G0 F9000 X85.807 Y126.89
G1 F1500 X92.951 Y119.746 E1108.69837
G0 F9000 X92.951 Y119.18
G1 F1500 X85.241 Y126.89 E1109.20608
G0 F9000 X84.676 Y126.89
G1 F1500 X92.951 Y118.615 E1109.75101
G0 F9000 X92.951 Y118.049
G1 F1500 X84.11 Y126.89 E1110.3332
G0 F9000 X83.544 Y126.89
G1 F1500 X92.951 Y117.483 E1110.95267
G0 F9000 X92.951 Y116.917
G1 F1500 X82.978 Y126.89 E1111.60941
G0 F9000 X82.413 Y126.89
G1 F1500 X92.951 Y116.352 E1112.30335
G0 F9000 X92.951 Y115.786
G1 F1500 X81.847 Y126.89 E1113.03457
G0 F9000 X81.281 Y126.89
G1 F1500 X92.951 Y115.22 E1113.80306
G0 F9000 X92.951 Y114.655
G1 F1500 X80.716 Y126.89 E1114.60875
G0 F9000 X80.15 Y126.89
G1 F1500 X92.951 Y114.089 E1115.45172
G0 F9000 X92.951 Y113.523
G1 F1500 X79.584 Y126.89 E1116.33196
G0 F9000 X79.019 Y126.89
G1 F1500 X92.951 Y112.958 E1117.24941
G0 F9000 X92.951 Y112.392
G1 F1500 X78.453 Y126.89 E1118.20413
G0 F9000 X77.887 Y126.89
G1 F1500 X92.951 Y111.826 E1119.19612
G0 F9000 X92.951 Y111.261
G1 F1500 X77.322 Y126.89 E1120.22531
G0 F9000 X76.756 Y126.89
G1 F1500 X92.951 Y110.695 E1121.29178
G0 F9000 X92.951 Y110.129
G1 F1500 X76.19 Y126.89 E1122.39552
G0 F9000 X75.625 Y126.89
G1 F1500 X92.951 Y109.564 E1123.53647
G0 F9000 X92.951 Y108.998
G1 F1500 X75.059 Y126.89 E1124.71469
G0 F9000 X74.493 Y126.89
G1 F1500 X92.951 Y108.432 E1125.93018
G0 F9000 X92.951 Y107.867
G1 F1500 X73.928 Y126.89 E1127.18287
G0 F9000 X73.362 Y126.89
G1 F1500 X92.951 Y107.301 E1128.47284
G0 F9000 X92.951 Y106.735
G1 F1500 X72.796 Y126.89 E1129.80008
G0 F9000 X72.23 Y126.89
G1 F1500 X92.951 Y106.169 E1131.1646
G0 F9000 X92.951 Y105.604
G1 F1500 X71.665 Y126.89 E1132.56632
G0 F9000 X71.25 Y126.738
G1 F1500 X92.951 Y105.038 E1133.99533
G0 F9000 X92.951 Y104.472
G1 F1500 X71.25 Y126.173 E1135.42438
G0 F9000 X71.25 Y125.607
G1 F1500 X92.951 Y103.907 E1136.8534
G0 F9000 X92.951 Y103.341
G1 F1500 X71.25 Y125.041 E1138.28241
G0 F9000 X71.25 Y124.476
G1 F1500 X92.951 Y102.775 E1139.71146
G0 F9000 X92.951 Y102.21
G1 F1500 X71.25 Y123.91 E1141.14047
G0 F9000 X71.25 Y123.344
G1 F1500 X92.951 Y101.644 E1142.56949
G0 F9000 X92.951 Y101.078
G1 F1500 X71.25 Y122.779 E1143.99854
G0 F9000 X71.25 Y122.213
G1 F1500 X92.951 Y100.513 E1145.42755
G0 F9000 X92.951 Y99.947
G1 F1500 X71.25 Y121.647 E1146.85657
G0 F9000 X71.25 Y121.082
G1 F1500 X92.951 Y99.381 E1148.28561
G0 F9000 X92.951 Y98.816
G1 F1500 X71.25 Y120.516 E1149.71463
G0 F9000 X71.25 Y119.95
G1 F1500 X92.951 Y98.25 E1151.14364
G0 F9000 X92.951 Y97.684
G1 F1500 X71.25 Y119.385 E1152.57269
G0 F9000 X71.25 Y118.819
G1 F1500 X92.951 Y97.118 E1154.00174
G0 F9000 X92.951 Y96.553
G1 F1500 X71.25 Y118.253 E1155.43075
G0 F9000 X71.25 Y117.688
G1 F1500 X92.725 Y96.213 E1156.84492
G0 F9000 X92.16 Y96.213
G1 F1500 X71.25 Y117.122 E1158.22185
G0 F9000 X71.25 Y116.556
G1 F1500 X91.594 Y96.213 E1159.5615
G0 F9000 X91.028 Y96.213
G1 F1500 X71.25 Y115.99 E1160.86388
G0 F9000 X71.25 Y115.425
G1 F1500 X90.462 Y96.213 E1162.12903
G0 F9000 X89.897 Y96.213
G1 F1500 X71.25 Y114.859 E1163.35693
G0 F9000 X71.25 Y114.293
G1 F1500 X89.331 Y96.213 E1164.54756
G0 F9000 X88.765 Y96.213
G1 F1500 X71.25 Y113.728 E1165.70095
G0 F9000 X71.25 Y113.162
G1 F1500 X88.2 Y96.213 E1166.81711
G0 F9000 X87.634 Y96.213
G1 F1500 X71.25 Y112.596 E1167.89599
G0 F9000 X71.25 Y112.031
G1 F1500 X87.068 Y96.213 E1168.93763
G0 F9000 X86.503 Y96.213
G1 F1500 X71.25 Y111.465 E1169.94203
G0 F9000 X71.25 Y110.899
G1 F1500 X85.937 Y96.213 E1170.90917
G0 F9000 X85.371 Y96.213
G1 F1500 X71.25 Y110.334 E1171.83906
G0 F9000 X71.25 Y109.768
G1 F1500 X84.806 Y96.213 E1172.73171
G0 F9000 X84.24 Y96.213
G1 F1500 X71.25 Y109.202 E1173.58709
G0 F9000 X71.25 Y108.637
G1 F1500 X83.674 Y96.213 E1174.40523
G0 F9000 X83.109 Y96.213
G1 F1500 X71.25 Y108.071 E1175.18614
G0 F9000 X71.25 Y107.505
G1 F1500 X82.543 Y96.213 E1175.92977
G0 F9000 X81.977 Y96.213
G1 F1500 X71.25 Y106.94 E1176.63616
G0 F9000 X71.25 Y106.374
G1 F1500 X81.412 Y96.213 E1177.30531
G0 F9000 X80.846 Y96.213
G1 F1500 X71.25 Y105.808 E1177.93719
G0 F9000 X71.25 Y105.242
G1 F1500 X80.28 Y96.213 E1178.5318
G0 F9000 X79.714 Y96.213
G1 F1500 X71.25 Y104.677 E1179.08917
G0 F9000 X71.25 Y104.111
G1 F1500 X79.149 Y96.213 E1179.6093
G0 F9000 X78.583 Y96.213
G1 F1500 X71.25 Y103.545 E1180.09215
G0 F9000 X71.25 Y102.98
G1 F1500 X78.017 Y96.213 E1180.53777
G0 F9000 X77.452 Y96.213
G1 F1500 X71.25 Y102.414 E1180.94615
G0 F9000 X71.25 Y101.848
G1 F1500 X76.886 Y96.213 E1181.31726
G0 F9000 X76.32 Y96.213
G1 F1500 X71.25 Y101.283 E1181.65113
G0 F9000 X71.25 Y100.717
G1 F1500 X75.755 Y96.213 E1181.94776
G0 F9000 X75.189 Y96.213
G1 F1500 X71.25 Y100.151 E1182.20711
G0 F9000 X71.25 Y99.586
G1 F1500 X74.623 Y96.213 E1182.42923
G0 F9000 X74.058 Y96.213
G1 F1500 X71.25 Y99.02 E1182.61411
G0 F9000 X71.25 Y98.454
G1 F1500 X73.492 Y96.213 E1182.76172
G0 F9000 X72.926 Y96.213
G1 F1500 X71.25 Y97.889 E1182.87208
G0 F9000 X71.25 Y97.323
G1 F1500 X72.361 Y96.213 E1182.94521
G0 F9000 X71.795 Y96.213
G1 F1500 X71.25 Y96.757 E1182.98107
G0 F9000 X70.901 Y96.757
G1 F1500 E1176.48107
;MESH:copri staffa L 30x30x1,8 met??.stl
G0 F9000 X70.811 Y96.757
G0 X70.883 Y127.259
G0 X93.681 Y127.396
G0 X94.766 Y127.396
G0 X97.335 Y127.396
G0 X98.42 Y127.396
G0 X98.6 Y127.396
;TYPE:WALL-INNER
G1 F1500 E1182.98107
G1 X98.6 Y127.197 E1182.99033
G1 X98.6 Y95.818 E1184.45147
G1 X98.6 Y95.619 E1184.46074
G1 X98.799 Y95.619 E1184.46673
G1 X121.4 Y95.62 E1185.51913
G1 X121.4 Y127.395 E1186.99871
G1 X98.799 Y127.396 E1188.0511
G1 X98.6 Y127.396 E1188.0571
G0 F9000 X98.2 Y127.796
;TYPE:WALL-OUTER
G1 F1500 X98.2 Y95.219 E1189.57402
G1 X121.8 Y95.22 E1190.67294
G1 X121.8 Y127.795 E1192.18976
G1 X98.2 Y127.796 E1193.28868
G0 F9000 X98.47 Y127.526
G0 X98.71 Y127.006
G0 X98.99 Y127.006
;TYPE:SKIN
G1 F1500 X98.99 Y96.009 E1194.73203
G1 X121.01 Y96.01 E1195.75737
G1 X121.01 Y127.005 E1197.20063
G1 X98.99 Y127.006 E1198.22597
G0 F9000 X98.71 Y127.006
G0 X121.218 Y127.213
G0 X121.29 Y126.355
G0 X120.849 Y126.355
G1 F1500 X120.359 Y126.845 E1198.25824
G0 F9000 X119.793 Y126.845
G1 F1500 X120.849 Y125.789 E1198.32778
G0 F9000 X120.849 Y125.223
G1 F1500 X119.228 Y126.845 E1198.43456
G0 F9000 X118.662 Y126.845
G1 F1500 X120.849 Y124.657 E1198.57861
G0 F9000 X120.849 Y124.092
G1 F1500 X118.096 Y126.845 E1198.7599
G0 F9000 X117.531 Y126.845
G1 F1500 X120.849 Y123.526 E1198.97843
G0 F9000 X120.849 Y122.96
G1 F1500 X116.965 Y126.845 E1199.23423
G0 F9000 X116.399 Y126.845
G1 F1500 X120.849 Y122.395 E1199.52727
G0 F9000 X120.849 Y121.829
G1 F1500 X115.833 Y126.845 E1199.85758
G0 F9000 X115.268 Y126.845
G1 F1500 X120.849 Y121.263 E1200.22513
G0 F9000 X120.849 Y120.698
G1 F1500 X114.702 Y126.845 E1200.62992
G0 F9000 X114.136 Y126.845
G1 F1500 X120.849 Y120.132 E1201.07199
G0 F9000 X120.849 Y119.566
G1 F1500 X113.571 Y126.845 E1201.55129
G0 F9000 X113.005 Y126.845
G1 F1500 X120.849 Y119.001 E1202.06783
G0 F9000 X120.849 Y118.435
G1 F1500 X112.439 Y126.845 E1202.62164
G0 F9000 X111.874 Y126.845
G1 F1500 X120.849 Y117.869 E1203.21269
G0 F9000 X120.849 Y117.304
G1 F1500 X111.308 Y126.845 E1203.84098
G0 F9000 X110.742 Y126.845
G1 F1500 X120.849 Y116.738 E1204.50655
G0 F9000 X120.849 Y116.172
G1 F1500 X110.177 Y126.845 E1205.20935
G0 F9000 X109.61 Y126.845
G1 F1500 X120.849 Y115.607 E1205.94942
G0 F9000 X120.849 Y115.041
G1 F1500 X109.045 Y126.845 E1206.72674
G0 F9000 X108.479 Y126.845
G1 F1500 X120.849 Y114.475 E1207.54132
G0 F9000 X120.849 Y113.909
G1 F1500 X107.913 Y126.845 E1208.39318
G0 F9000 X107.348 Y126.845
G1 F1500 X120.849 Y113.344 E1209.28224
G0 F9000 X120.849 Y112.778
G1 F1500 X106.782 Y126.845 E1210.20858
G0 F9000 X106.216 Y126.845
G1 F1500 X120.849 Y112.212 E1211.17219
G0 F9000 X120.849 Y111.647
G1 F1500 X105.65 Y126.845 E1212.17304
G0 F9000 X105.085 Y126.845
G1 F1500 X120.849 Y111.081 E1213.21112
G0 F9000 X120.849 Y110.515
G1 F1500 X104.519 Y126.845 E1214.28648
G0 F9000 X103.953 Y126.845
G1 F1500 X120.849 Y109.95 E1215.39908
G0 F9000 X120.849 Y109.384
G1 F1500 X103.388 Y126.845 E1216.54892
G0 F9000 X102.822 Y126.845
G1 F1500 X120.849 Y108.818 E1217.73602
G0 F9000 X120.849 Y108.253
G1 F1500 X102.256 Y126.845 E1218.96037
G0 F9000 X101.691 Y126.845
G1 F1500 X120.849 Y107.687 E1220.22196
G0 F9000 X120.849 Y107.121
G1 F1500 X101.125 Y126.845 E1221.52082
G0 F9000 X100.559 Y126.845
G1 F1500 X120.849 Y106.556 E1222.85692
G0 F9000 X120.849 Y105.99
G1 F1500 X99.994 Y126.845 E1224.23025
G0 F9000 X99.428 Y126.845
G1 F1500 X120.849 Y105.424 E1225.64086
G0 F9000 X120.849 Y104.858
G1 F1500 X99.149 Y126.558 E1227.06984
G0 F9000 X99.149 Y125.992
G1 F1500 X120.849 Y104.293 E1228.49879
G0 F9000 X120.849 Y103.727
G1 F1500 X99.149 Y125.427 E1229.92778
G0 F9000 X99.149 Y124.861
G1 F1500 X120.849 Y103.161 E1231.35676
G0 F9000 X120.849 Y102.596
G1 F1500 X99.149 Y124.295 E1232.78571
G0 F9000 X99.149 Y123.73
G1 F1500 X120.849 Y102.03 E1234.21469
G0 F9000 X120.849 Y101.464
G1 F1500 X99.149 Y123.164 E1235.64367
G0 F9000 X99.149 Y122.598
G1 F1500 X120.849 Y100.899 E1237.07262
G0 F9000 X120.849 Y100.333
G1 F1500 X99.149 Y122.033 E1238.5016
G0 F9000 X99.149 Y121.467
G1 F1500 X120.849 Y99.767 E1239.93058
G0 F9000 X120.849 Y99.202
G1 F1500 X99.149 Y120.901 E1241.35953
G0 F9000 X99.149 Y120.336
G1 F1500 X120.849 Y98.636 E1242.78852
G0 F9000 X120.849 Y98.07
G1 F1500 X99.149 Y119.77 E1244.2175
G0 F9000 X99.149 Y119.204
G1 F1500 X120.849 Y97.505 E1245.64645
G0 F9000 X120.849 Y96.939
G1 F1500 X99.149 Y118.639 E1247.07543
G0 F9000 X99.149 Y118.073
G1 F1500 X120.849 Y96.373 E1248.50441
G0 F9000 X120.488 Y96.169
G1 F1500 X99.149 Y117.507 E1249.90959
G0 F9000 X99.149 Y116.942
G1 F1500 X119.922 Y96.169 E1251.27753
G0 F9000 X119.356 Y96.169
G1 F1500 X99.149 Y116.376 E1252.60819
G0 F9000 X99.149 Y115.81
G1 F1500 X118.791 Y96.169 E1253.90162
G0 F9000 X118.225 Y96.169
G1 F1500 X99.149 Y115.244 E1255.15777
G0 F9000 X99.149 Y114.679
G1 F1500 X117.659 Y96.169 E1256.37669
G0 F9000 X117.094 Y96.169
G1 F1500 X99.149 Y114.113 E1257.55836
G0 F9000 X99.149 Y113.547
G1 F1500 X116.528 Y96.169 E1258.70277
G0 F9000 X115.962 Y96.169
G1 F1500 X99.149 Y112.982 E1259.80993
G0 F9000 X99.149 Y112.416
G1 F1500 X115.396 Y96.169 E1260.87982
G0 F9000 X114.831 Y96.169
G1 F1500 X99.149 Y111.85 E1261.91248
G0 F9000 X99.149 Y111.285
G1 F1500 X114.265 Y96.169 E1262.90789
G0 F9000 X113.699 Y96.169
G1 F1500 X99.149 Y110.719 E1263.86603
G0 F9000 X99.149 Y110.153
G1 F1500 X113.134 Y96.169 E1264.78694
G0 F9000 X112.568 Y96.169
G1 F1500 X99.149 Y109.588 E1265.6706
G0 F9000 X99.149 Y109.022
G1 F1500 X112.002 Y96.169 E1266.51699
G0 F9000 X111.437 Y96.169
G1 F1500 X99.149 Y108.456 E1267.32615
G0 F9000 X99.149 Y107.891
G1 F1500 X110.871 Y96.169 E1268.09806
G0 F9000 X110.305 Y96.169
G1 F1500 X99.149 Y107.325 E1268.8327
G0 F9000 X99.149 Y106.759
G1 F1500 X109.74 Y96.169 E1269.5301
G0 F9000 X109.174 Y96.169
G1 F1500 X99.149 Y106.194 E1270.19027
G0 F9000 X99.149 Y105.628
G1 F1500 X108.608 Y96.169 E1270.81316
G0 F9000 X108.043 Y96.169
G1 F1500 X99.149 Y105.062 E1271.39881
G0 F9000 X99.149 Y104.496
G1 F1500 X107.477 Y96.169 E1271.94719
G0 F9000 X106.911 Y96.169
G1 F1500 X99.149 Y103.931 E1272.45833
G0 F9000 X99.149 Y103.365
G1 F1500 X106.346 Y96.169 E1272.93223
G0 F9000 X105.78 Y96.169
G1 F1500 X99.149 Y102.799 E1273.36886
G0 F9000 X99.149 Y102.234
G1 F1500 X105.214 Y96.169 E1273.76825
G0 F9000 X104.648 Y96.169
G1 F1500 X99.149 Y101.668 E1274.13037
G0 F9000 X99.149 Y101.102
G1 F1500 X104.083 Y96.169 E1274.45525
G0 F9000 X103.517 Y96.169
G1 F1500 X99.149 Y100.537 E1274.74289
G0 F9000 X99.149 Y99.971
G1 F1500 X102.951 Y96.169 E1274.99326
G0 F9000 X102.386 Y96.169
G1 F1500 X99.149 Y99.405 E1275.20639
G0 F9000 X99.149 Y98.84
G1 F1500 X101.82 Y96.169 E1275.38228
G0 F9000 X101.254 Y96.169
G1 F1500 X99.149 Y98.274 E1275.5209
G0 F9000 X99.149 Y97.708
G1 F1500 X100.689 Y96.169 E1275.62228
G0 F9000 X100.123 Y96.169
G1 F1500 X99.149 Y97.143 E1275.68642
G0 F9000 X99.149 Y96.577
G1 F1500 X99.557 Y96.169 E1275.71328
G0 F9000 X99.558 Y95.819
G1 F1500 E1269.21328
;MESH:copri staffa L 30x30x1,8 met??.stl(2)
G0 F9000 X99.558 Y95.73
G0 X121.218 Y95.802
G0 X121.211 Y127.217
G0 X123.92 Y127.185
G0 X124.1 Y127.396
;TYPE:WALL-INNER
G1 F1500 E1275.71328
G1 X124.1 Y127.197 E1275.72255
G1 X124.1 Y95.818 E1277.18369
G1 X124.1 Y95.619 E1277.19295
G1 X124.299 Y95.619 E1277.19895
G1 X146.9 Y95.62 E1278.25135
G1 X146.9 Y127.395 E1279.73092
G1 X124.299 Y127.396 E1280.78332
G1 X124.1 Y127.396 E1280.78932
G0 F9000 X123.7 Y127.796
;TYPE:WALL-OUTER
G1 F1500 X123.7 Y95.219 E1282.30624
G1 X147.3 Y95.22 E1283.40515
G1 X147.3 Y127.795 E1284.92198
G1 X123.7 Y127.796 E1286.0209
G0 F9000 X123.97 Y127.526
G0 X124.21 Y127.006
G0 X124.49 Y127.006
;TYPE:SKIN
G1 F1500 X124.49 Y96.009 E1287.46425
G1 X146.51 Y96.01 E1288.48959
G1 X146.51 Y127.005 E1289.93285
G1 X124.49 Y127.006 E1290.95819
G0 F9000 X124.21 Y127.006
G0 X146.718 Y127.213
G0 X146.79 Y126.311
G0 X146.349 Y126.311
G1 F1500 X145.815 Y126.845 E1290.99335
G0 F9000 X145.249 Y126.845
G1 F1500 X146.349 Y125.745 E1291.06579
G0 F9000 X146.349 Y125.179
G1 F1500 X144.683 Y126.845 E1291.1755
G0 F9000 X144.118 Y126.845
G1 F1500 X146.349 Y124.614 E1291.32242
G0 F9000 X146.349 Y124.048
G1 F1500 X143.552 Y126.845 E1291.5066
G0 F9000 X142.986 Y126.845
G1 F1500 X146.349 Y123.482 E1291.72806
G0 F9000 X146.349 Y122.917
G1 F1500 X142.421 Y126.845 E1291.98673
G0 F9000 X141.855 Y126.845
G1 F1500 X146.349 Y122.351 E1292.28266
G0 F9000 X146.349 Y121.785
G1 F1500 X141.289 Y126.845 E1292.61587
G0 F9000 X140.724 Y126.845
G1 F1500 X146.349 Y121.22 E1292.98629
G0 F9000 X146.349 Y120.654
G1 F1500 X140.158 Y126.845 E1293.39398
G0 F9000 X139.592 Y126.845
G1 F1500 X146.349 Y120.088 E1293.83894
G0 F9000 X146.349 Y119.522
G1 F1500 X139.027 Y126.845 E1294.32114
G0 F9000 X138.461 Y126.845
G1 F1500 X146.349 Y118.957 E1294.84058
G0 F9000 X146.349 Y118.391
G1 F1500 X137.895 Y126.845 E1295.39729
G0 F9000 X137.33 Y126.845
G1 F1500 X146.349 Y117.825 E1295.99124
G0 F9000 X146.349 Y117.26
G1 F1500 X136.764 Y126.845 E1296.62242
G0 F9000 X136.198 Y126.845
G1 F1500 X146.349 Y116.694 E1297.29088
G0 F9000 X146.349 Y116.128
G1 F1500 X135.632 Y126.845 E1297.99662
G0 F9000 X135.067 Y126.845
G1 F1500 X146.349 Y115.563 E1298.73956
G0 F9000 X146.349 Y114.997
G1 F1500 X134.501 Y126.845 E1299.51977
G0 F9000 X133.935 Y126.845
G1 F1500 X146.349 Y114.431 E1300.33725
G0 F9000 X146.349 Y113.866
G1 F1500 X133.37 Y126.845 E1301.19194
G0 F9000 X132.804 Y126.845
G1 F1500 X146.349 Y113.3 E1302.0839
G0 F9000 X146.349 Y112.734
G1 F1500 X132.238 Y126.845 E1303.01313
G0 F9000 X131.673 Y126.845
G1 F1500 X146.349 Y112.169 E1303.97957
G0 F9000 X146.349 Y111.603
G1 F1500 X131.107 Y126.845 E1304.98329
G0 F9000 X130.541 Y126.845
G1 F1500 X146.349 Y111.037 E1306.02427
G0 F9000 X146.349 Y110.471
G1 F1500 X129.976 Y126.845 E1307.10249
G0 F9000 X129.41 Y126.845
G1 F1500 X146.349 Y109.906 E1308.21795
G0 F9000 X146.349 Y109.34
G1 F1500 X128.844 Y126.845 E1309.37069
G0 F9000 X128.279 Y126.845
G1 F1500 X146.349 Y108.774 E1310.56066
G0 F9000 X146.349 Y108.209
G1 F1500 X127.713 Y126.845 E1311.78787
G0 F9000 X127.147 Y126.845
G1 F1500 X146.349 Y107.643 E1313.05236
G0 F9000 X146.349 Y107.077
G1 F1500 X126.582 Y126.845 E1314.35408
G0 F9000 X126.016 Y126.845
G1 F1500 X146.349 Y106.512 E1315.69305
G0 F9000 X146.349 Y105.946
G1 F1500 X125.45 Y126.845 E1317.06928
G0 F9000 X124.884 Y126.845
G1 F1500 X146.349 Y105.38 E1318.48279
G0 F9000 X146.349 Y104.815
G1 F1500 X124.65 Y126.514 E1319.9117
G0 F9000 X124.65 Y125.948
G1 F1500 X146.349 Y104.249 E1321.34062
G0 F9000 X146.349 Y103.683
G1 F1500 X124.65 Y125.382 E1322.76954
G0 F9000 X124.65 Y124.817
G1 F1500 X146.349 Y103.118 E1324.19845
G0 F9000 X146.349 Y102.552
G1 F1500 X124.65 Y124.251 E1325.62737
G0 F9000 X124.65 Y123.685
G1 F1500 X146.349 Y101.986 E1327.05628
G0 F9000 X146.349 Y101.421
G1 F1500 X124.65 Y123.12 E1328.4852
G0 F9000 X124.65 Y122.554
G1 F1500 X146.349 Y100.855 E1329.91412
G0 F9000 X146.349 Y100.289
G1 F1500 X124.65 Y121.988 E1331.34303
G0 F9000 X124.65 Y121.422
G1 F1500 X146.349 Y99.723 E1332.77195
G0 F9000 X146.349 Y99.158
G1 F1500 X124.65 Y120.857 E1334.20087
G0 F9000 X124.65 Y120.291
G1 F1500 X146.349 Y98.592 E1335.62978
G0 F9000 X146.349 Y98.026
G1 F1500 X124.65 Y119.725 E1337.0587
G0 F9000 X124.65 Y119.16
G1 F1500 X146.349 Y97.461 E1338.48761
G0 F9000 X146.349 Y96.895
G1 F1500 X124.65 Y118.594 E1339.91653
G0 F9000 X124.65 Y118.028
G1 F1500 X146.349 Y96.329 E1341.34545
G0 F9000 X145.944 Y96.169
G1 F1500 X124.65 Y117.463 E1342.74769
G0 F9000 X124.65 Y116.897
G1 F1500 X145.378 Y96.169 E1344.11267
G0 F9000 X144.812 Y96.169
G1 F1500 X124.65 Y116.331 E1345.44037
G0 F9000 X124.65 Y115.766
G1 F1500 X144.246 Y96.169 E1346.73083
G0 F9000 X143.681 Y96.169
G1 F1500 X124.65 Y115.2 E1347.98406
G0 F9000 X124.65 Y114.634
G1 F1500 X143.115 Y96.169 E1349.20001
G0 F9000 X142.549 Y96.169
G1 F1500 X124.65 Y114.069 E1350.37872
G0 F9000 X124.65 Y113.503
G1 F1500 X141.984 Y96.169 E1351.52019
G0 F9000 X141.418 Y96.169
G1 F1500 X124.65 Y112.937 E1352.6244
G0 F9000 X124.65 Y112.371
G1 F1500 X140.852 Y96.169 E1353.69132
G0 F9000 X140.287 Y96.169
G1 F1500 X124.65 Y111.806 E1354.72105
G0 F9000 X124.65 Y111.24
G1 F1500 X139.721 Y96.169 E1355.7135
G0 F9000 X139.155 Y96.169
G1 F1500 X124.65 Y110.674 E1356.66868
G0 F9000 X124.65 Y110.109
G1 F1500 X138.59 Y96.169 E1357.58665
G0 F9000 X138.024 Y96.169
G1 F1500 X124.65 Y109.543 E1358.46735
G0 F9000 X124.65 Y108.977
G1 F1500 X137.458 Y96.169 E1359.31078
G0 F9000 X136.893 Y96.169
G1 F1500 X124.65 Y108.412 E1360.117
G0 F9000 X124.65 Y107.846
G1 F1500 X136.327 Y96.169 E1360.88595
G0 F9000 X135.761 Y96.169
G1 F1500 X124.65 Y107.28 E1361.61763
G0 F9000 X124.65 Y106.715
G1 F1500 X135.196 Y96.168 E1362.31214
G0 F9000 X134.631 Y96.168
G1 F1500 X124.65 Y106.149 E1362.9694
G0 F9000 X124.65 Y105.583
G1 F1500 X134.065 Y96.168 E1363.5894
G0 F9000 X133.499 Y96.168
G1 F1500 X124.65 Y105.018 E1364.17215
G0 F9000 X124.65 Y104.452
G1 F1500 X132.933 Y96.168 E1364.71763
G0 F9000 X132.368 Y96.168
G1 F1500 X124.65 Y103.886 E1365.22588
G0 F9000 X124.65 Y103.321
G1 F1500 X131.802 Y96.168 E1365.69688
G0 F9000 X131.236 Y96.168
G1 F1500 X124.65 Y102.755 E1366.13061
G0 F9000 X124.65 Y102.189
G1 F1500 X130.671 Y96.168 E1366.52711
G0 F9000 X130.105 Y96.168
G1 F1500 X124.65 Y101.623 E1366.88633
G0 F9000 X124.65 Y101.058
G1 F1500 X129.539 Y96.168 E1367.20831
G0 F9000 X128.974 Y96.168
G1 F1500 X124.65 Y100.492 E1367.49305
G0 F9000 X124.65 Y99.926
G1 F1500 X128.408 Y96.168 E1367.74052
G0 F9000 X127.842 Y96.168
G1 F1500 X124.65 Y99.361 E1367.95075
G0 F9000 X124.65 Y98.795
G1 F1500 X127.277 Y96.168 E1368.12375
G0 F9000 X126.711 Y96.168
G1 F1500 X124.65 Y98.229 E1368.25947
G0 F9000 X124.65 Y97.664
G1 F1500 X126.145 Y96.168 E1368.35795
G0 F9000 X125.58 Y96.168
G1 F1500 X124.65 Y97.098 E1368.41919
G0 F9000 X124.65 Y96.532
G1 F1500 X125.014 Y96.168 E1368.44316
G0 F9000 X125.015 Y95.819
G1 F1500 E1361.94316
;MESH:copri staffa L 30x30x1,8 met??.stl(3)
G0 F9000 X125.015 Y95.73
G0 X146.718 Y95.802
G0 X147.08 Y127.575
G0 X148.165 Y127.575
G0 X150.79 Y127.575
G0 X151.875 Y127.575
G0 X152.055 Y129.612
;TYPE:WALL-INNER
G1 F1500 E1368.44316
G1 X152.055 Y129.413 E1368.45243
G1 X152.055 Y98.034 E1369.91356
G1 X152.055 Y97.835 E1369.92283
G1 X152.254 Y97.835 E1369.92883
G1 X174.855 Y97.836 E1370.98122
G1 X174.855 Y129.611 E1372.4608
G1 X152.254 Y129.612 E1373.5132
G1 X152.055 Y129.612 E1373.51919
G0 F9000 X151.655 Y130.012
;TYPE:WALL-OUTER
G1 F1500 X151.655 Y97.435 E1375.03611
G1 X175.255 Y97.436 E1376.13503
G1 X175.255 Y130.011 E1377.65186
G1 X151.655 Y130.012 E1378.75077
G0 F9000 X151.925 Y129.742
G0 X152.165 Y129.222
G0 X152.445 Y129.222
;TYPE:SKIN
G1 F1500 X152.445 Y98.225 E1380.19412
G1 X174.465 Y98.226 E1381.21947
G1 X174.465 Y129.221 E1382.66272
G1 X152.445 Y129.222 E1383.68807
G0 F9000 X152.165 Y129.222
G0 X174.673 Y129.429
G0 X174.745 Y128.903
G0 X174.303 Y128.903
G1 F1500 X174.145 Y129.061 E1383.69847
G0 F9000 X173.579 Y129.061
G1 F1500 X174.303 Y128.337 E1383.74615
G0 F9000 X174.303 Y127.772
G1 F1500 X173.014 Y129.061 E1383.83103
G0 F9000 X172.448 Y129.061
G1 F1500 X174.303 Y127.206 E1383.95319
G0 F9000 X174.303 Y126.64
G1 F1500 X171.882 Y129.061 E1384.11261
G0 F9000 X171.317 Y129.061
G1 F1500 X174.303 Y126.075 E1384.30925
G0 F9000 X174.303 Y125.509
G1 F1500 X170.751 Y129.061 E1384.54315
G0 F9000 X170.185 Y129.061
G1 F1500 X174.303 Y124.943 E1384.81433
G0 F9000 X174.303 Y124.377
G1 F1500 X169.62 Y129.061 E1385.12275
G0 F9000 X169.054 Y129.061
G1 F1500 X174.303 Y123.812 E1385.4684
G0 F9000 X174.303 Y123.246
G1 F1500 X168.488 Y129.061 E1385.85133
G0 F9000 X167.923 Y129.061
G1 F1500 X174.303 Y122.68 E1386.2715
G0 F9000 X174.303 Y122.115
G1 F1500 X167.357 Y129.061 E1386.7289
G0 F9000 X166.791 Y129.061
G1 F1500 X174.303 Y121.549 E1387.22358
G0 F9000 X174.303 Y120.983
G1 F1500 X166.225 Y129.061 E1387.75553
G0 F9000 X165.66 Y129.061
G1 F1500 X174.303 Y120.418 E1388.32469
G0 F9000 X174.303 Y119.852
G1 F1500 X165.094 Y129.061 E1388.93111
G0 F9000 X164.528 Y129.061
G1 F1500 X174.303 Y119.286 E1389.57481
G0 F9000 X174.303 Y118.721
G1 F1500 X163.963 Y129.061 E1390.25572
G0 F9000 X163.397 Y129.061
G1 F1500 X174.303 Y118.155 E1390.9739
G0 F9000 X174.303 Y117.589
G1 F1500 X162.831 Y129.061 E1391.72935
G0 F9000 X162.266 Y129.061
G1 F1500 X174.303 Y117.024 E1392.52201
G0 F9000 X174.303 Y116.458
G1 F1500 X161.7 Y129.061 E1393.35194
G0 F9000 X161.134 Y129.061
G1 F1500 X174.303 Y115.892 E1394.21914
G0 F9000 X174.303 Y115.326
G1 F1500 X160.569 Y129.061 E1395.12358
G0 F9000 X160.003 Y129.061
G1 F1500 X174.303 Y114.761 E1396.06526
G0 F9000 X174.303 Y114.195
G1 F1500 X159.437 Y129.061 E1397.04421
G0 F9000 X158.872 Y129.061
G1 F1500 X174.303 Y113.629 E1398.0604
G0 F9000 X174.303 Y113.064
G1 F1500 X158.306 Y129.061 E1399.11383
G0 F9000 X157.74 Y129.061
G1 F1500 X174.303 Y112.498 E1400.20453
G0 F9000 X174.303 Y111.932
G1 F1500 X157.174 Y129.061 E1401.33251
G0 F9000 X156.609 Y129.061
G1 F1500 X174.303 Y111.367 E1402.49769
G0 F9000 X174.303 Y110.801
G1 F1500 X156.043 Y129.061 E1403.70014
G0 F9000 X155.477 Y129.061
G1 F1500 X174.303 Y110.235 E1404.93986
G0 F9000 X174.303 Y109.67
G1 F1500 X154.912 Y129.061 E1406.21679
G0 F9000 X154.346 Y129.061
G1 F1500 X174.303 Y109.104 E1407.53099
G0 F9000 X174.303 Y108.538
G1 F1500 X153.78 Y129.061 E1408.88247
G0 F9000 X153.215 Y129.061
G1 F1500 X174.303 Y107.973 E1410.27115
G0 F9000 X174.303 Y107.407
G1 F1500 X152.649 Y129.061 E1411.6971
G0 F9000 X152.604 Y128.541
G1 F1500 X174.303 Y106.841 E1413.12605
G0 F9000 X174.303 Y106.276
G1 F1500 X152.604 Y127.975 E1414.55497
G0 F9000 X152.604 Y127.41
G1 F1500 X174.303 Y105.71 E1415.98392
G0 F9000 X174.303 Y105.144
G1 F1500 X152.604 Y126.844 E1417.41287
G0 F9000 X152.604 Y126.278
G1 F1500 X174.303 Y104.578 E1418.84182
G0 F9000 X174.303 Y104.013
G1 F1500 X152.604 Y125.712 E1420.27073
G0 F9000 X152.604 Y125.147
G1 F1500 X174.303 Y103.447 E1421.69968
G0 F9000 X174.303 Y102.881
G1 F1500 X152.604 Y124.581 E1423.12863
G0 F9000 X152.604 Y124.015
G1 F1500 X174.303 Y102.316 E1424.55755
G0 F9000 X174.303 Y101.75
G1 F1500 X152.604 Y123.45 E1425.9865
G0 F9000 X152.604 Y122.884
G1 F1500 X174.303 Y101.184 E1427.41544
G0 F9000 X174.303 Y100.619
G1 F1500 X152.604 Y122.318 E1428.84436
G0 F9000 X152.604 Y121.753
G1 F1500 X174.303 Y100.053 E1430.27331
G0 F9000 X174.303 Y99.487
G1 F1500 X152.604 Y121.187 E1431.70226
G0 F9000 X152.604 Y120.621
G1 F1500 X174.303 Y98.922 E1433.13118
G0 F9000 X174.274 Y98.385
G1 F1500 X152.604 Y120.056 E1434.55821
G0 F9000 X152.604 Y119.49
G1 F1500 X173.709 Y98.385 E1435.94802
G0 F9000 X173.143 Y98.385
G1 F1500 X152.604 Y118.924 E1437.30054
G0 F9000 X152.604 Y118.359
G1 F1500 X172.577 Y98.385 E1438.61583
G0 F9000 X172.012 Y98.385
G1 F1500 X152.604 Y117.793 E1439.89388
G0 F9000 X152.604 Y117.227
G1 F1500 X171.446 Y98.385 E1441.13466
G0 F9000 X170.88 Y98.385
G1 F1500 X152.604 Y116.662 E1442.3382
G0 F9000 X152.604 Y116.096
G1 F1500 X170.315 Y98.385 E1443.5045
G0 F9000 X169.749 Y98.385
G1 F1500 X152.604 Y115.53 E1444.63353
G0 F9000 X152.604 Y114.964
G1 F1500 X169.183 Y98.385 E1445.72528
G0 F9000 X168.618 Y98.385
G1 F1500 X152.604 Y114.399 E1446.77983
G0 F9000 X152.604 Y113.833
G1 F1500 X168.052 Y98.385 E1447.79711
G0 F9000 X167.486 Y98.385
G1 F1500 X152.604 Y113.267 E1448.77711
G0 F9000 X152.604 Y112.702
G1 F1500 X166.921 Y98.385 E1449.71991
G0 F9000 X166.355 Y98.385
G1 F1500 X152.604 Y112.136 E1450.62544
G0 F9000 X152.604 Y111.57
G1 F1500 X165.789 Y98.385 E1451.49369
G0 F9000 X165.223 Y98.385
G1 F1500 X152.604 Y111.005 E1452.32471
G0 F9000 X152.604 Y110.439
G1 F1500 X164.658 Y98.385 E1453.11849
G0 F9000 X164.092 Y98.385
G1 F1500 X152.604 Y109.873 E1453.87499
G0 F9000 X152.604 Y109.308
G1 F1500 X163.526 Y98.385 E1454.59426
G0 F9000 X162.961 Y98.384
G1 F1500 X152.604 Y108.742 E1455.27631
G0 F9000 X152.604 Y108.176
G1 F1500 X162.396 Y98.384 E1455.92113
G0 F9000 X161.83 Y98.384
G1 F1500 X152.604 Y107.611 E1456.52872
G0 F9000 X152.604 Y107.045
G1 F1500 X161.264 Y98.384 E1457.09902
G0 F9000 X160.699 Y98.384
G1 F1500 X152.604 Y106.479 E1457.63209
G0 F9000 X152.604 Y105.913
G1 F1500 X160.133 Y98.384 E1458.12789
G0 F9000 X159.567 Y98.384
G1 F1500 X152.604 Y105.348 E1458.58645
G0 F9000 X152.604 Y104.782
G1 F1500 X159.002 Y98.384 E1459.00777
G0 F9000 X158.436 Y98.384
G1 F1500 X152.604 Y104.216 E1459.39182
G0 F9000 X152.604 Y103.651
G1 F1500 X157.87 Y98.384 E1459.73862
G0 F9000 X157.305 Y98.384
G1 F1500 X152.604 Y103.085 E1460.04819
G0 F9000 X152.604 Y102.519
G1 F1500 X156.739 Y98.384 E1460.32049
G0 F9000 X156.173 Y98.384
G1 F1500 X152.604 Y101.954 E1460.55555
G0 F9000 X152.604 Y101.388
G1 F1500 X155.608 Y98.384 E1460.75337
G0 F9000 X155.042 Y98.384
G1 F1500 X152.604 Y100.822 E1460.91391
G0 F9000 X152.604 Y100.257
G1 F1500 X154.476 Y98.384 E1461.03722
G0 F9000 X153.91 Y98.384
G1 F1500 X152.604 Y99.691 E1461.12325
G0 F9000 X152.604 Y99.125
G1 F1500 X153.345 Y98.384 E1461.17205
G0 F9000 X152.779 Y98.384
G1 F1500 X152.604 Y98.56 E1461.18361
G0 F9000 X152.255 Y98.56
G1 F1500 E1454.68361
;MESH:NONMESH
G0 F300 X152.255 Y98.56 Z1.4
G0 F9000 X152.165 Y98.56
G0 X151.875 Y127.54
G0 X150.79 Y127.54
G0 X148.153 Y128.648
G0 X97.347 Y128.649
G0 X94.766 Y127.54
G0 X93.681 Y127.54
G1 F1500 E1461.18361
G0 F9000 X93.501 Y127.964
;TIME_ELAPSED:1523.581826
;LAYER:4
;TYPE:WALL-INNER
;MESH:copri staffa L 30x30x1,8 met??.stl(1)
G1 F1500 X70.9 Y127.965 E1462.23601
G1 X70.701 Y127.965 E1462.24527
G1 X70.701 Y127.766 E1462.25127
G1 X70.701 Y95.583 E1463.74984
G1 X70.701 Y95.384 E1463.75911
G1 X70.9 Y95.384 E1463.7651
G1 X93.501 Y95.385 E1464.8175
G1 X93.501 Y127.964 E1466.33452
G0 F9000 X93.901 Y128.364
;TYPE:WALL-OUTER
G1 F1500 X70.301 Y128.365 E1467.43343
G1 X70.301 Y94.984 E1468.98779
G1 X93.901 Y94.985 E1470.0867
G1 X93.901 Y128.364 E1471.64097
G0 F9000 X93.631 Y128.094
G0 X92.991 Y120.629
G0 X92.78 Y120.629
;TYPE:FILL
G1 F3000 X93.42 Y120.458 E1471.67182
G0 F9000 X93.42 Y119.965
G1 F3000 X92.78 Y119.325 E1471.71396
G0 F9000 X92.991 Y119.325
G0 X92.991 Y114.418
G0 X92.781 Y114.418
G1 F3000 X93.42 Y114.246 E1471.74478
G0 F9000 X92.991 Y112.729
G0 X92.78 Y112.729
G1 F3000 X93.42 Y110.342 E1471.85985
G0 F9000 X92.78 Y110.84
G1 F3000 X93.42 Y111.48 E1471.902
G0 F9000 X92.991 Y108.206
G0 X92.78 Y108.206
G1 F3000 X93.419 Y108.035 E1471.9328
G0 F9000 X93.42 Y102.995
G1 F3000 X92.78 Y102.355 E1471.97494
G0 F9000 X92.78 Y101.994
G1 F3000 X93.42 Y101.823 E1472.00579
G1 F1500 E1465.50579
G0 F9000 X93.319 Y95.567
G0 X70.883 Y95.566
G0 X70.883 Y96.502
G0 X71.211 Y101.507
G1 F1500 E1472.00579
G0 F9000 X71.419 Y101.507
G1 F3000 X70.781 Y101.678 E1472.03654
G0 F9000 X70.78 Y102.107
G1 F3000 X71.42 Y99.716 E1472.1518
G0 F9000 X71.211 Y99.716
G0 X71.211 Y97.966
G0 X71.421 Y97.966
G1 F3000 X70.78 Y97.325 E1472.19401
G0 F9000 X70.78 Y105.81
G1 F3000 X71.421 Y106.451 E1472.23622
G0 F9000 X71.211 Y106.451
G0 X71.211 Y107.718
G0 X71.42 Y107.718
G1 F3000 X70.78 Y107.889 E1472.26707
G0 F9000 X71.211 Y113.93
G0 X71.419 Y113.93
G1 F3000 X70.781 Y114.101 E1472.29782
G0 F9000 X70.78 Y114.296
G1 F3000 X71.421 Y114.936 E1472.34
G0 F9000 X71.211 Y114.936
G0 X71.211 Y120.141
G0 X71.419 Y120.141
G1 F3000 X70.781 Y120.313 E1472.37077
G0 F9000 X70.78 Y122.781
G1 F3000 X71.421 Y123.421 E1472.41295
G0 F9000 X71.42 Y122.899
G1 F3000 X70.915 Y124.786 E1472.50391
G0 F9000 X71.091 Y124.856
;TYPE:SKIN
G1 F1500 X71.491 Y124.856 E1472.52253
G1 X71.491 Y96.514 E1473.84226
G1 X71.091 Y96.514 E1473.86088
G1 X71.091 Y95.774 E1473.89534
G1 X93.111 Y95.775 E1474.92068
G1 X93.111 Y96.515 E1474.95514
G1 X92.711 Y96.515 E1474.97377
G1 X92.711 Y124.855 E1476.29339
G1 X93.111 Y124.855 E1476.31202
G1 X93.111 Y127.574 E1476.43863
G1 X71.091 Y127.575 E1477.46397
G1 X71.091 Y124.856 E1477.59058
G0 F9000 X70.811 Y124.856
G0 X70.883 Y127.783
G0 X71.41 Y127.855
G0 X71.41 Y127.413
G1 F1500 X71.25 Y127.253 E1477.60112
G0 F9000 X71.25 Y126.688
G1 F1500 X71.976 Y127.413 E1477.64889
G0 F9000 X72.542 Y127.413
G1 F1500 X71.25 Y126.122 E1477.73394
G0 F9000 X71.25 Y125.556
G1 F1500 X73.107 Y127.413 E1477.85623
G0 F9000 X73.673 Y127.413
G1 F1500 X71.274 Y125.015 E1478.01417
G0 F9000 X71.651 Y124.825
G1 F1500 X74.239 Y127.413 E1478.18459
G0 F9000 X74.804 Y127.413
G1 F1500 X71.651 Y124.259 E1478.39226
G0 F9000 X71.651 Y123.694
G1 F1500 X75.37 Y127.413 E1478.63716
G0 F9000 X75.936 Y127.413
G1 F1500 X71.651 Y123.128 E1478.91934
G0 F9000 X71.651 Y122.562
G1 F1500 X76.501 Y127.413 E1479.23875
G0 F9000 X77.067 Y127.413
G1 F1500 X71.651 Y121.997 E1479.5954
G0 F9000 X71.651 Y121.431
G1 F1500 X77.633 Y127.413 E1479.98933
G0 F9000 X78.198 Y127.413
G1 F1500 X71.651 Y120.865 E1480.42049
G0 F9000 X71.651 Y120.3
G1 F1500 X78.764 Y127.413 E1480.88889
G0 F9000 X79.33 Y127.413
G1 F1500 X71.651 Y119.734 E1481.39457
G0 F9000 X71.651 Y119.168
G1 F1500 X79.895 Y127.413 E1481.93748
G0 F9000 X80.461 Y127.413
G1 F1500 X71.651 Y118.603 E1482.51764
G0 F9000 X71.651 Y118.037
G1 F1500 X81.027 Y127.413 E1483.13506
G0 F9000 X81.593 Y127.413
G1 F1500 X71.651 Y117.471 E1483.78976
G0 F9000 X71.651 Y116.905
G1 F1500 X82.158 Y127.413 E1484.4817
G0 F9000 X82.724 Y127.413
G1 F1500 X71.651 Y116.34 E1485.21087
G0 F9000 X71.651 Y115.774
G1 F1500 X83.29 Y127.413 E1485.97732
G0 F9000 X83.855 Y127.413
G1 F1500 X71.651 Y115.208 E1486.78101
G0 F9000 X71.651 Y114.643
G1 F1500 X84.421 Y127.413 E1487.62193
G0 F9000 X84.987 Y127.413
G1 F1500 X71.651 Y114.077 E1488.50013
G0 F9000 X71.651 Y113.511
G1 F1500 X85.552 Y127.413 E1489.41557
G0 F9000 X86.118 Y127.413
G1 F1500 X71.651 Y112.946 E1490.36825
G0 F9000 X71.651 Y112.38
G1 F1500 X86.684 Y127.413 E1491.3582
G0 F9000 X87.249 Y127.413
G1 F1500 X71.651 Y111.814 E1492.38538
G0 F9000 X71.651 Y111.249
G1 F1500 X87.815 Y127.413 E1493.44981
G0 F9000 X88.381 Y127.413
G1 F1500 X71.651 Y110.683 E1494.55151
G0 F9000 X71.651 Y110.117
G1 F1500 X88.946 Y127.413 E1495.69045
G0 F9000 X89.512 Y127.413
G1 F1500 X71.651 Y109.552 E1496.86663
G0 F9000 X71.651 Y108.986
G1 F1500 X90.078 Y127.413 E1498.08007
G0 F9000 X90.644 Y127.413
G1 F1500 X71.651 Y108.42 E1499.3308
G0 F9000 X71.651 Y107.854
G1 F1500 X91.209 Y127.413 E1500.61876
G0 F9000 X91.775 Y127.413
G1 F1500 X71.651 Y107.289 E1501.94396
G0 F9000 X71.651 Y106.723
G1 F1500 X92.341 Y127.413 E1503.30643
G0 F9000 X92.906 Y127.413
G1 F1500 X71.651 Y106.157 E1504.70614
G0 F9000 X71.651 Y105.592
G1 F1500 X92.951 Y126.892 E1506.10878
G0 F9000 X92.951 Y126.326
G1 F1500 X71.651 Y105.026 E1507.51142
G0 F9000 X71.651 Y104.46
G1 F1500 X92.951 Y125.761 E1508.9141
G0 F9000 X92.951 Y125.195
G1 F1500 X92.77 Y125.014 E1508.92602
G0 F9000 X92.551 Y124.795
G1 F1500 X71.651 Y103.895 E1510.30232
G0 F9000 X71.651 Y103.329
G1 F1500 X92.551 Y124.229 E1511.67862
G0 F9000 X92.551 Y123.663
G1 F1500 X71.651 Y102.763 E1513.05492
G0 F9000 X71.651 Y102.198
G1 F1500 X92.551 Y123.098 E1514.43122
G0 F9000 X92.551 Y122.532
G1 F1500 X71.651 Y101.632 E1515.80752
G0 F9000 X71.651 Y101.066
G1 F1500 X92.551 Y121.966 E1517.18382
G0 F9000 X92.551 Y121.401
G1 F1500 X71.651 Y100.501 E1518.56012
G0 F9000 X71.651 Y99.935
G1 F1500 X92.551 Y120.835 E1519.93642
G0 F9000 X92.551 Y120.269
G1 F1500 X71.651 Y99.369 E1521.31272
G0 F9000 X71.651 Y98.804
G1 F1500 X92.551 Y119.703 E1522.68899
G0 F9000 X92.551 Y119.138
G1 F1500 X71.651 Y98.238 E1524.06529
G0 F9000 X71.651 Y97.672
G1 F1500 X92.551 Y118.572 E1525.44159
G0 F9000 X92.551 Y118.006
G1 F1500 X71.651 Y97.106 E1526.81789
G0 F9000 X71.651 Y96.541
G1 F1500 X92.551 Y117.441 E1528.19419
G0 F9000 X92.551 Y116.875
G1 F1500 X71.609 Y95.933 E1529.57326
G0 F9000 X71.25 Y96.141
G1 F1500 X71.463 Y96.353 E1529.58725
G0 F9000 X72.175 Y95.933
G1 F1500 X92.551 Y116.309 E1530.92905
G0 F9000 X92.551 Y115.744
G1 F1500 X72.74 Y95.933 E1532.23364
G0 F9000 X73.306 Y95.933
G1 F1500 X92.551 Y115.178 E1533.50095
G0 F9000 X92.551 Y114.612
G1 F1500 X73.872 Y95.933 E1534.731
G0 F9000 X74.437 Y95.933
G1 F1500 X92.551 Y114.047 E1535.92383
G0 F9000 X92.551 Y113.481
G1 F1500 X75.003 Y95.933 E1537.0794
G0 F9000 X75.569 Y95.933
G1 F1500 X92.551 Y112.915 E1538.19769
G0 F9000 X92.551 Y112.35
G1 F1500 X76.134 Y95.933 E1539.27878
G0 F9000 X76.7 Y95.933
G1 F1500 X92.551 Y111.784 E1540.3226
G0 F9000 X92.551 Y111.218
G1 F1500 X77.266 Y95.933 E1541.32914
G0 F9000 X77.831 Y95.933
G1 F1500 X92.551 Y110.653 E1542.29848
G0 F9000 X92.551 Y110.087
G1 F1500 X78.397 Y95.933 E1543.23054
G0 F9000 X78.963 Y95.933
G1 F1500 X92.551 Y109.521 E1544.12533
G0 F9000 X92.551 Y108.955
G1 F1500 X79.529 Y95.933 E1544.98285
G0 F9000 X80.094 Y95.933
G1 F1500 X92.551 Y108.39 E1545.80317
G0 F9000 X92.551 Y107.824
G1 F1500 X80.66 Y95.933 E1546.58621
G0 F9000 X81.226 Y95.933
G1 F1500 X92.551 Y107.258 E1547.33198
G0 F9000 X92.551 Y106.693
G1 F1500 X81.791 Y95.933 E1548.04055
G0 F9000 X82.358 Y95.934
G1 F1500 X92.551 Y106.127 E1548.71177
G0 F9000 X92.551 Y105.561
G1 F1500 X82.923 Y95.934 E1549.34576
G0 F9000 X83.489 Y95.934
G1 F1500 X92.551 Y104.996 E1549.94251
G0 F9000 X92.551 Y104.43
G1 F1500 X84.055 Y95.934 E1550.50199
G0 F9000 X84.62 Y95.934
G1 F1500 X92.551 Y103.864 E1551.02422
G0 F9000 X92.551 Y103.299
G1 F1500 X85.186 Y95.934 E1551.50922
G0 F9000 X85.752 Y95.934
G1 F1500 X92.551 Y102.733 E1551.95695
G0 F9000 X92.551 Y102.167
G1 F1500 X86.317 Y95.934 E1552.36743
G0 F9000 X86.883 Y95.934
G1 F1500 X92.551 Y101.602 E1552.74068
G0 F9000 X92.551 Y101.036
G1 F1500 X87.449 Y95.934 E1553.07666
G0 F9000 X88.014 Y95.934
G1 F1500 X92.551 Y100.47 E1553.37539
G0 F9000 X92.551 Y99.904
G1 F1500 X88.58 Y95.934 E1553.63686
G0 F9000 X89.146 Y95.934
G1 F1500 X92.551 Y99.339 E1553.86108
G0 F9000 X92.551 Y98.773
G1 F1500 X89.712 Y95.934 E1554.04803
G0 F9000 X90.277 Y95.934
G1 F1500 X92.551 Y98.207 E1554.19775
G0 F9000 X92.551 Y97.642
G1 F1500 X90.843 Y95.934 E1554.31022
G0 F9000 X91.409 Y95.934
G1 F1500 X92.551 Y97.076 E1554.38543
G0 F9000 X92.551 Y96.51
G1 F1500 X91.974 Y95.934 E1554.42339
G0 F9000 X92.54 Y95.934
G1 F1500 X92.951 Y96.345 E1554.45045
G0 F9000 X93.156 Y96.833
;TYPE:SKIN
G1 F1500 X93.093 Y97.052 E1554.46296
G1 X93.093 Y124.205 E1555.95309
G1 X92.943 Y124.621 E1555.97736
G0 F9000 X92.991 Y124.539
G0 X93.319 Y124.647
G0 X93.319 Y127.782
G0 X70.883 Y127.783
G0 X70.883 Y124.648
G0 X71.211 Y124.515
G0 X71.108 Y124.282
G1 F1500 X71.108 Y124 E1555.99285
G1 X71.108 Y97.129 E1557.4697
G1 X71.274 Y96.73 E1557.49345
G0 F9000 X71.207 Y96.794
G0 X70.883 Y96.722
G0 X70.883 Y95.566
G0 X93.319 Y95.567
G0 X93.391 Y96.664
G0 X93.27 Y96.664
G1 F1500 X93.326 Y96.72 E1557.4953
G1 F1500 E1550.9953
G0 F9000 X93.361 Y96.765
G0 X93.319 Y95.567
G0 X70.883 Y95.566
G0 X70.876 Y124.333
G0 X71.062 Y124.519
G1 F1500 E1557.4953
G1 X70.92 Y124.66 E1557.51046
G0 F9000 X70.901 Y124.394
G1 F1500 E1551.01046
;MESH:copri staffa L 30x30x1,8 met??.stl
G0 F9000 X70.883 Y127.783
G0 X93.681 Y127.92
G0 X94.766 Y127.92
G0 X97.335 Y127.92
G0 X98.42 Y127.92
G0 X98.6 Y127.92
;TYPE:WALL-INNER
G1 F1500 E1557.51046
G1 X98.6 Y127.721 E1557.51973
G1 X98.6 Y95.538 E1559.0183
G1 X98.6 Y95.339 E1559.02757
G1 X98.799 Y95.339 E1559.03356
G1 X121.4 Y95.34 E1560.08596
G1 X121.4 Y127.919 E1561.60298
G1 X98.799 Y127.92 E1562.65537
G1 X98.6 Y127.92 E1562.66137
G0 F9000 X98.2 Y128.32
;TYPE:WALL-OUTER
G1 F1500 X98.2 Y94.939 E1564.21573
G1 X121.8 Y94.94 E1565.31464
G1 X121.8 Y128.319 E1566.86891
G1 X98.2 Y128.32 E1567.96782
G0 F9000 X98.47 Y128.05
G0 X98.71 Y124.742
G0 X98.813 Y124.742
;TYPE:FILL
G1 F3000 X99.319 Y122.852 E1568.05893
G0 F9000 X99.319 Y123.376
G1 F3000 X98.679 Y122.736 E1568.10107
G0 F9000 X98.679 Y120.268
G1 F3000 X99.319 Y120.096 E1568.13193
G0 F9000 X99.11 Y120.096
G0 X99.11 Y114.891
G0 X99.319 Y114.891
G1 F3000 X98.679 Y114.251 E1568.17408
G0 F9000 X98.679 Y114.056
G1 F3000 X99.318 Y113.884 E1568.20489
G0 F9000 X99.11 Y113.884
G0 X98.679 Y107.844
G1 F3000 X99.319 Y107.673 E1568.23574
G0 F9000 X99.11 Y107.673
G0 X99.11 Y106.406
G0 X99.319 Y106.406
G1 F3000 X98.678 Y105.765 E1568.27795
G0 F9000 X98.679 Y102.058
G1 F3000 X99.319 Y99.671 E1568.39302
G0 F9000 X99.11 Y99.671
G0 X99.11 Y97.92
G0 X99.319 Y97.92
G1 F3000 X98.678 Y97.28 E1568.4352
G0 F9000 X99.11 Y101.461
G0 X99.318 Y101.461
G1 F3000 X98.679 Y101.632 E1568.466
G1 F1500 E1561.966
G0 F9000 X98.782 Y95.521
G0 X121.218 Y95.522
G0 X121.218 Y96.177
G0 X120.89 Y101.949
G1 F1500 E1568.466
G0 F9000 X120.679 Y101.949
G1 F3000 X121.319 Y101.778 E1568.49685
G0 F9000 X120.679 Y102.309
G1 F3000 X121.319 Y102.95 E1568.53903
G0 F9000 X121.318 Y107.99
G1 F3000 X120.679 Y108.161 E1568.56983
G0 F9000 X120.89 Y108.161
G0 X121.319 Y110.294
G1 F3000 X120.679 Y112.681 E1568.6849
G0 F9000 X120.89 Y112.681
G0 X121.319 Y111.435
G1 F3000 X120.679 Y110.795 E1568.72705
G0 F9000 X120.89 Y110.795
G0 X121.318 Y114.201
G1 F3000 X120.679 Y114.372 E1568.75785
G0 F9000 X120.89 Y114.372
G0 X120.89 Y119.28
G0 X120.679 Y119.28
G1 F3000 X121.319 Y119.921 E1568.80003
G0 F9000 X121.319 Y120.413
G1 F3000 X120.679 Y120.584 E1568.83087
G0 F9000 X120.89 Y120.584
G0 X120.86 Y124.561
G0 X120.61 Y124.811
;TYPE:SKIN
G1 F1500 X121.01 Y124.811 E1568.8495
G1 X121.01 Y127.529 E1568.97606
G1 X98.99 Y127.53 E1570.00141
G1 X98.99 Y124.812 E1570.12797
G1 X99.39 Y124.812 E1570.14659
G1 X99.39 Y96.469 E1571.46636
G1 X98.99 Y96.469 E1571.48499
G1 X98.99 Y95.729 E1571.51944
G1 X121.01 Y95.73 E1572.54479
G1 X121.01 Y96.47 E1572.57925
G1 X120.61 Y96.47 E1572.59787
G1 X120.61 Y124.811 E1573.91755
G0 F9000 X120.86 Y124.561
G0 X121.218 Y124.603
G0 X121.218 Y127.737
G0 X99.649 Y127.81
G0 X99.649 Y127.368
G1 F1500 X99.149 Y126.868 E1573.95047
G0 F9000 X99.149 Y126.302
G1 F1500 X100.215 Y127.368 E1574.02067
G0 F9000 X100.781 Y127.368
G1 F1500 X99.149 Y125.737 E1574.12811
G0 F9000 X99.149 Y125.171
G1 F1500 X101.346 Y127.368 E1574.27278
G0 F9000 X101.912 Y127.368
G1 F1500 X99.516 Y124.971 E1574.4306
G0 F9000 X99.549 Y124.439
G1 F1500 X102.478 Y127.368 E1574.62348
G0 F9000 X103.043 Y127.368
G1 F1500 X99.549 Y123.873 E1574.8536
G0 F9000 X99.549 Y123.308
G1 F1500 X103.609 Y127.368 E1575.12095
G0 F9000 X104.175 Y127.368
G1 F1500 X99.549 Y122.742 E1575.42558
G0 F9000 X99.549 Y122.176
G1 F1500 X104.74 Y127.368 E1575.76745
G0 F9000 X105.306 Y127.368
G1 F1500 X99.549 Y121.611 E1576.14656
G0 F9000 X99.549 Y121.045
G1 F1500 X105.872 Y127.368 E1576.56294
G0 F9000 X106.437 Y127.368
G1 F1500 X99.549 Y120.479 E1577.01656
G0 F9000 X99.549 Y119.913
G1 F1500 X107.003 Y127.368 E1577.50745
G0 F9000 X107.569 Y127.368
G1 F1500 X99.549 Y119.348 E1578.03558
G0 F9000 X99.549 Y118.782
G1 F1500 X108.135 Y127.368 E1578.60099
G0 F9000 X108.7 Y127.368
G1 F1500 X99.549 Y118.216 E1579.20363
G0 F9000 X99.549 Y117.651
G1 F1500 X109.266 Y127.368 E1579.84351
G0 F9000 X109.832 Y127.368
G1 F1500 X99.549 Y117.085 E1580.52066
G0 F9000 X99.549 Y116.519
G1 F1500 X110.397 Y127.368 E1581.23505
G0 F9000 X110.963 Y127.368
G1 F1500 X99.549 Y115.954 E1581.98669
G0 F9000 X99.549 Y115.388
G1 F1500 X111.529 Y127.368 E1582.77559
G0 F9000 X112.094 Y127.368
G1 F1500 X99.549 Y114.822 E1583.60173
G0 F9000 X99.549 Y114.257
G1 F1500 X112.66 Y127.368 E1584.46511
G0 F9000 X113.226 Y127.368
G1 F1500 X99.549 Y113.691 E1585.36577
G0 F9000 X99.549 Y113.125
G1 F1500 X113.791 Y127.368 E1586.30366
G0 F9000 X114.357 Y127.368
G1 F1500 X99.549 Y112.56 E1587.27879
G0 F9000 X99.549 Y111.994
G1 F1500 X114.923 Y127.368 E1588.2912
G0 F9000 X115.488 Y127.368
G1 F1500 X99.549 Y111.428 E1589.34084
G0 F9000 X99.549 Y110.863
G1 F1500 X116.054 Y127.368 E1590.42772
G0 F9000 X116.62 Y127.368
G1 F1500 X99.549 Y110.297 E1591.55188
G0 F9000 X99.549 Y109.731
G1 F1500 X117.185 Y127.368 E1592.71327
G0 F9000 X117.751 Y127.368
G1 F1500 X99.549 Y109.165 E1593.91194
G0 F9000 X99.549 Y108.6
G1 F1500 X118.317 Y127.368 E1595.14784
G0 F9000 X118.883 Y127.368
G1 F1500 X99.549 Y108.034 E1596.42102
G0 F9000 X99.549 Y107.468
G1 F1500 X119.448 Y127.368 E1597.73143
G0 F9000 X120.014 Y127.368
G1 F1500 X99.549 Y106.903 E1599.07909
G0 F9000 X99.549 Y106.337
G1 F1500 X120.58 Y127.368 E1600.46402
G0 F9000 X120.85 Y127.072
G1 F1500 X99.549 Y105.771 E1601.86672
G0 F9000 X99.549 Y105.206
G1 F1500 X120.85 Y126.507 E1603.26943
G0 F9000 X120.85 Y125.941
G1 F1500 X99.549 Y104.64 E1604.67214
G0 F9000 X99.549 Y104.074
G1 F1500 X120.85 Y125.375 E1606.07485
G0 F9000 X121.29 Y125.375
G0 X121.218 Y124.603
G0 X120.89 Y124.409
G0 X120.449 Y124.409
G1 F1500 X99.549 Y103.509 E1607.45115
G0 F9000 X99.549 Y102.943
G1 F1500 X120.449 Y123.844 E1608.82748
G0 F9000 X120.449 Y123.278
G1 F1500 X99.549 Y102.377 E1610.20381
G0 F9000 X99.549 Y101.812
G1 F1500 X120.449 Y122.712 E1611.58011
G0 F9000 X120.449 Y122.147
G1 F1500 X99.549 Y101.246 E1612.95645
G0 F9000 X99.549 Y100.68
G1 F1500 X120.449 Y121.581 E1614.33278
G0 F9000 X120.449 Y121.015
G1 F1500 X99.549 Y100.115 E1615.70908
G0 F9000 X99.549 Y99.549
G1 F1500 X120.449 Y120.449 E1617.08538
G0 F9000 X120.449 Y119.884
G1 F1500 X99.549 Y98.983 E1618.46172
G0 F9000 X99.549 Y98.417
G1 F1500 X120.449 Y119.318 E1619.83805
G0 F9000 X120.449 Y118.752
G1 F1500 X99.549 Y97.852 E1621.21435
G0 F9000 X99.549 Y97.286
G1 F1500 X120.449 Y118.187 E1622.59068
G0 F9000 X120.449 Y117.621
G1 F1500 X99.549 Y96.72 E1623.96702
G0 F9000 X99.284 Y95.89
G1 F1500 X120.449 Y117.055 E1625.36077
G0 F9000 X120.449 Y116.49
G1 F1500 X99.849 Y95.89 E1626.71731
G0 F9000 X100.415 Y95.89
G1 F1500 X120.449 Y115.924 E1628.03659
G0 F9000 X120.449 Y115.358
G1 F1500 X100.981 Y95.89 E1629.31859
G0 F9000 X101.546 Y95.89
G1 F1500 X120.449 Y114.793 E1630.56338
G0 F9000 X120.449 Y114.227
G1 F1500 X102.112 Y95.89 E1631.77091
G0 F9000 X102.678 Y95.89
G1 F1500 X120.449 Y113.661 E1632.94116
G0 F9000 X120.449 Y113.096
G1 F1500 X103.243 Y95.89 E1634.0742
G0 F9000 X103.809 Y95.89
G1 F1500 X120.449 Y112.53 E1635.16997
G0 F9000 X120.449 Y111.964
G1 F1500 X104.375 Y95.89 E1636.22847
G0 F9000 X104.941 Y95.89
G1 F1500 X120.449 Y111.399 E1637.24974
G0 F9000 X120.449 Y110.833
G1 F1500 X105.506 Y95.89 E1638.23376
G0 F9000 X106.072 Y95.89
G1 F1500 X120.449 Y110.267 E1639.18051
G0 F9000 X120.449 Y109.701
G1 F1500 X106.638 Y95.89 E1640.08999
G0 F9000 X107.203 Y95.89
G1 F1500 X120.449 Y109.136 E1640.96226
G0 F9000 X120.449 Y108.57
G1 F1500 X107.769 Y95.89 E1641.79726
G0 F9000 X108.335 Y95.89
G1 F1500 X120.449 Y108.004 E1642.59498
G0 F9000 X120.449 Y107.439
G1 F1500 X108.9 Y95.89 E1643.35551
G0 F9000 X109.466 Y95.89
G1 F1500 X120.449 Y106.873 E1644.07875
G0 F9000 X120.449 Y106.307
G1 F1500 X110.032 Y95.89 E1644.76473
G0 F9000 X110.597 Y95.89
G1 F1500 X120.449 Y105.742 E1645.4135
G0 F9000 X120.449 Y105.176
G1 F1500 X111.163 Y95.89 E1646.025
G0 F9000 X111.729 Y95.89
G1 F1500 X120.449 Y104.61 E1646.59923
G0 F9000 X120.449 Y104.045
G1 F1500 X112.294 Y95.89 E1647.13625
G0 F9000 X112.86 Y95.89
G1 F1500 X120.449 Y103.479 E1647.636
G0 F9000 X120.449 Y102.913
G1 F1500 X113.426 Y95.89 E1648.09847
G0 F9000 X113.991 Y95.89
G1 F1500 X120.449 Y102.348 E1648.52375
G0 F9000 X120.449 Y101.782
G1 F1500 X114.557 Y95.89 E1648.91174
G0 F9000 X115.123 Y95.89
G1 F1500 X120.449 Y101.216 E1649.26247
G0 F9000 X120.449 Y100.65
G1 F1500 X115.689 Y95.89 E1649.57592
G0 F9000 X116.254 Y95.89
G1 F1500 X120.449 Y100.085 E1649.85217
G0 F9000 X120.449 Y99.519
G1 F1500 X116.82 Y95.89 E1650.09115
G0 F9000 X117.386 Y95.89
G1 F1500 X120.449 Y98.953 E1650.29285
G0 F9000 X120.449 Y98.388
G1 F1500 X117.951 Y95.89 E1650.45735
G0 F9000 X118.517 Y95.89
G1 F1500 X120.449 Y97.822 E1650.58457
G0 F9000 X120.449 Y97.256
G1 F1500 X119.083 Y95.89 E1650.67453
G0 F9000 X119.648 Y95.89
G1 F1500 X120.449 Y96.691 E1650.72727
G0 F9000 X120.634 Y96.31
G1 F1500 X120.214 Y95.89 E1650.75493
G0 F9000 X120.78 Y95.89
G1 F1500 X120.849 Y95.959 E1650.75948
G0 F9000 X120.944 Y96.619
;TYPE:SKIN
G1 F1500 X121.224 Y96.9 E1650.76871
G0 F9000 X120.991 Y96.95
G1 F1500 X120.991 Y97.233 E1650.78416
G1 X120.991 Y124.386 E1652.26606
G1 X120.87 Y124.547 E1652.27705
G0 F9000 X120.89 Y124.435
G0 X121.218 Y124.603
G0 X121.218 Y127.737
G0 X98.782 Y127.738
G0 X98.782 Y124.604
G0 X99.11 Y124.412
G0 X99.006 Y124.179
G1 F1500 X99.006 Y123.896 E1652.29258
G1 X99.006 Y97.026 E1653.76679
G1 X99.201 Y96.656 E1653.78974
G0 F9000 X99.164 Y96.749
G0 X98.774 Y124.23
G1 F1500 X99.204 Y124.66 E1653.80389
G0 F9000 X98.922 Y124.66
G1 F1500 X98.774 Y124.513 E1653.80875
G0 F9000 X98.8 Y124.35
G1 F1500 E1647.30875
;MESH:copri staffa L 30x30x1,8 met??.stl(2)
G0 F9000 X98.782 Y127.738
G0 X121.58 Y127.92
G0 X123.92 Y127.92
G0 X124.1 Y127.92
;TYPE:WALL-INNER
G1 F1500 E1653.80875
G1 X124.1 Y127.721 E1653.81802
G1 X124.1 Y95.538 E1655.31659
G1 X124.1 Y95.339 E1655.32586
G1 X124.299 Y95.339 E1655.33185
G1 X146.9 Y95.34 E1656.38425
G1 X146.9 Y127.919 E1657.90127
G1 X124.299 Y127.92 E1658.95366
G1 X124.1 Y127.92 E1658.95966
G0 F9000 X123.7 Y128.32
;TYPE:WALL-OUTER
G1 F1500 X123.7 Y94.939 E1660.51402
G1 X147.3 Y94.94 E1661.61293
G1 X147.3 Y128.319 E1663.1672
G1 X123.7 Y128.32 E1664.26611
G0 F9000 X123.97 Y128.05
G0 X124.21 Y124.742
G0 X124.314 Y124.742
;TYPE:FILL
G1 F3000 X124.819 Y122.855 E1664.35707
G0 F9000 X124.819 Y123.376
G1 F3000 X124.179 Y122.736 E1664.39922
G0 F9000 X124.179 Y120.267
G1 F3000 X124.819 Y120.096 E1664.43006
G0 F9000 X124.61 Y120.096
G0 X124.61 Y114.891
G0 X124.819 Y114.891
G1 F3000 X124.179 Y114.251 E1664.47221
G0 F9000 X124.18 Y114.056
G1 F3000 X124.818 Y113.885 E1664.50297
G0 F9000 X124.61 Y113.885
G0 X124.179 Y107.844
G1 F3000 X124.819 Y107.673 E1664.53381
G0 F9000 X124.61 Y107.673
G0 X124.61 Y106.406
G0 X124.819 Y106.406
G1 F3000 X124.179 Y105.766 E1664.57596
G0 F9000 X124.179 Y102.062
G1 F3000 X124.819 Y99.675 E1664.69103
G0 F9000 X124.61 Y99.675
G0 X124.61 Y97.92
G0 X124.819 Y97.92
G1 F3000 X124.179 Y97.28 E1664.73318
G0 F9000 X124.61 Y101.461
G0 X124.818 Y101.461
G1 F3000 X124.179 Y101.632 E1664.76398
G1 F1500 E1658.26398
G0 F9000 X124.282 Y95.521
G0 X146.718 Y95.522
G0 X146.718 Y96.177
G0 X146.39 Y101.949
G1 F1500 E1664.76398
G0 F9000 X146.179 Y101.949
G1 F3000 X146.818 Y101.778 E1664.79478
G0 F9000 X146.178 Y102.309
G1 F3000 X146.819 Y102.95 E1664.83699
G0 F9000 X146.818 Y107.99
G1 F3000 X146.179 Y108.161 E1664.86779
G0 F9000 X146.39 Y108.161
G0 X146.819 Y110.298
G1 F3000 X146.179 Y112.685 E1664.98287
G0 F9000 X146.39 Y112.685
G0 X146.819 Y111.435
G1 F3000 X146.178 Y110.795 E1665.02504
G0 F9000 X146.39 Y110.795
G0 X146.818 Y114.201
G1 F3000 X146.179 Y114.373 E1665.05586
G0 F9000 X146.39 Y114.373
G0 X146.39 Y119.28
G0 X146.178 Y119.28
G1 F3000 X146.819 Y119.921 E1665.09807
G0 F9000 X146.819 Y120.413
G1 F3000 X146.179 Y120.584 E1665.12892
G0 F9000 X146.39 Y120.584
G0 X146.36 Y124.561
G0 X146.11 Y124.811
;TYPE:SKIN
G1 F1500 X146.51 Y124.811 E1665.14754
G1 X146.51 Y127.529 E1665.2741
G1 X124.49 Y127.53 E1666.29945
G1 X124.49 Y124.812 E1666.42601
G1 X124.89 Y124.812 E1666.44463
G1 X124.89 Y96.469 E1667.7644
G1 X124.49 Y96.469 E1667.78303
G1 X124.49 Y95.729 E1667.81749
G1 X146.51 Y95.73 E1668.84283
G1 X146.51 Y96.47 E1668.87729
G1 X146.11 Y96.47 E1668.89591
G1 X146.11 Y124.811 E1670.21559
G0 F9000 X146.36 Y124.561
G0 X146.718 Y124.603
G0 X146.718 Y127.737
G0 X125.106 Y127.81
G0 X125.106 Y127.369
G1 F1500 X124.65 Y126.912 E1670.24565
G0 F9000 X124.65 Y126.347
G1 F1500 X125.671 Y127.369 E1670.31292
G0 F9000 X126.237 Y127.369
G1 F1500 X124.65 Y125.781 E1670.41746
G0 F9000 X124.65 Y125.215
G1 F1500 X126.803 Y127.369 E1670.55927
G0 F9000 X127.369 Y127.369
G1 F1500 X124.971 Y124.971 E1670.71718
G0 F9000 X125.049 Y124.483
G1 F1500 X127.934 Y127.369 E1670.90719
G0 F9000 X128.5 Y127.369
G1 F1500 X125.049 Y123.917 E1671.13448
G0 F9000 X125.049 Y123.351
G1 F1500 X129.066 Y127.369 E1671.39904
G0 F9000 X129.631 Y127.369
G1 F1500 X125.049 Y122.786 E1671.70081
G0 F9000 X125.049 Y122.22
G1 F1500 X130.197 Y127.369 E1672.03984
G0 F9000 X130.763 Y127.369
G1 F1500 X125.049 Y121.654 E1672.41615
G0 F9000 X125.049 Y121.089
G1 F1500 X131.328 Y127.369 E1672.82967
G0 F9000 X131.894 Y127.369
G1 F1500 X125.049 Y120.523 E1673.28046
G0 F9000 X125.049 Y119.957
G1 F1500 X132.46 Y127.369 E1673.76852
G0 F9000 X133.025 Y127.369
G1 F1500 X125.049 Y119.392 E1674.29378
G0 F9000 X125.049 Y118.826
G1 F1500 X133.591 Y127.369 E1674.85632
G0 F9000 X134.157 Y127.369
G1 F1500 X125.049 Y118.26 E1675.45613
G0 F9000 X125.049 Y117.695
G1 F1500 X134.722 Y127.369 E1676.09315
G0 F9000 X135.288 Y127.369
G1 F1500 X125.049 Y117.129 E1676.76744
G0 F9000 X125.049 Y116.563
G1 F1500 X135.854 Y127.369 E1677.479
G0 F9000 X136.419 Y127.369
G1 F1500 X125.049 Y115.998 E1678.22776
G0 F9000 X125.049 Y115.432
G1 F1500 X136.985 Y127.369 E1679.0138
G0 F9000 X137.551 Y127.369
G1 F1500 X125.049 Y114.866 E1679.83711
G0 F9000 X125.049 Y114.3
G1 F1500 X138.117 Y127.369 E1680.6977
G0 F9000 X138.682 Y127.369
G1 F1500 X125.049 Y113.735 E1681.59549
G0 F9000 X125.049 Y113.169
G1 F1500 X139.248 Y127.369 E1682.53055
G0 F9000 X139.814 Y127.369
G1 F1500 X125.049 Y112.603 E1683.50288
G0 F9000 X125.049 Y112.038
G1 F1500 X140.379 Y127.369 E1684.51242
G0 F9000 X140.945 Y127.369
G1 F1500 X125.049 Y111.472 E1685.55923
G0 F9000 X125.049 Y110.906
G1 F1500 X141.511 Y127.369 E1686.64332
G0 F9000 X142.076 Y127.369
G1 F1500 X125.049 Y110.341 E1687.76461
G0 F9000 X125.049 Y109.775
G1 F1500 X142.642 Y127.369 E1688.92317
G0 F9000 X143.208 Y127.369
G1 F1500 X125.049 Y109.209 E1690.119
G0 F9000 X125.049 Y108.644
G1 F1500 X143.773 Y127.369 E1691.35204
G0 F9000 X144.339 Y127.369
G1 F1500 X125.049 Y108.078 E1692.62236
G0 F9000 X125.049 Y107.512
G1 F1500 X144.905 Y127.369 E1693.92994
G0 F9000 X145.47 Y127.369
G1 F1500 X125.049 Y106.947 E1695.27473
G0 F9000 X125.049 Y106.381
G1 F1500 X146.036 Y127.369 E1696.65679
G0 F9000 X146.349 Y127.115
G1 F1500 X125.049 Y105.815 E1698.05943
G0 F9000 X125.049 Y105.25
G1 F1500 X146.349 Y126.55 E1699.46208
G0 F9000 X146.349 Y125.984
G1 F1500 X125.049 Y104.684 E1700.86472
G0 F9000 X125.049 Y104.118
G1 F1500 X146.349 Y125.418 E1702.26736
G0 F9000 X146.79 Y125.418
G0 X146.718 Y124.603
G0 X146.39 Y124.453
G0 X145.949 Y124.453
G1 F1500 X125.049 Y103.552 E1703.64369
G0 F9000 X125.049 Y102.987
G1 F1500 X145.949 Y123.887 E1705.01999
G0 F9000 X145.949 Y123.322
G1 F1500 X125.049 Y102.421 E1706.39633
G0 F9000 X125.049 Y101.855
G1 F1500 X145.949 Y122.756 E1707.77266
G0 F9000 X145.949 Y122.19
G1 F1500 X125.049 Y101.29 E1709.14896
G0 F9000 X125.049 Y100.724
G1 F1500 X145.949 Y121.625 E1710.52529
G0 F9000 X145.949 Y121.059
G1 F1500 X125.049 Y100.158 E1711.90163
G0 F9000 X125.049 Y99.593
G1 F1500 X145.949 Y120.493 E1713.27793
G0 F9000 X145.949 Y119.928
G1 F1500 X125.049 Y99.027 E1714.65426
G0 F9000 X125.049 Y98.461
G1 F1500 X145.949 Y119.362 E1716.0306
G0 F9000 X145.949 Y118.796
G1 F1500 X125.049 Y97.896 E1717.4069
G0 F9000 X125.049 Y97.33
G1 F1500 X145.949 Y118.231 E1718.78323
G0 F9000 X145.949 Y117.665
G1 F1500 X125.049 Y96.764 E1720.15956
G0 F9000 X125.304 Y95.889
G1 F1500 X145.949 Y116.534 E1721.51907
G0 F9000 X145.949 Y117.099
G1 F1500 X124.739 Y95.889 E1722.91579
G0 F9000 X124.74 Y95.45
G0 X125.871 Y95.45
G0 X125.87 Y95.889
G1 F1500 X145.949 Y115.968 E1724.23802
G0 F9000 X145.949 Y115.402
G1 F1500 X126.436 Y95.889 E1725.52299
G0 F9000 X127.002 Y95.889
G1 F1500 X145.949 Y114.836 E1726.77068
G0 F9000 X145.949 Y114.271
G1 F1500 X127.567 Y95.889 E1727.98117
G0 F9000 X128.133 Y95.889
G1 F1500 X145.949 Y113.705 E1729.15438
G0 F9000 X145.949 Y113.139
G1 F1500 X128.699 Y95.889 E1730.29032
G0 F9000 X129.264 Y95.889
G1 F1500 X145.949 Y112.574 E1731.38906
G0 F9000 X145.949 Y112.008
G1 F1500 X129.83 Y95.889 E1732.45052
G0 F9000 X130.396 Y95.889
G1 F1500 X145.949 Y111.442 E1733.47471
G0 F9000 X145.949 Y110.877
G1 F1500 X130.961 Y95.889 E1734.4617
G0 F9000 X131.527 Y95.889
G1 F1500 X145.949 Y110.311 E1735.41141
G0 F9000 X145.949 Y109.745
G1 F1500 X132.093 Y95.889 E1736.32385
G0 F9000 X132.658 Y95.889
G1 F1500 X145.949 Y109.18 E1737.19909
G0 F9000 X145.949 Y108.614
G1 F1500 X133.224 Y95.889 E1738.03705
G0 F9000 X133.79 Y95.889
G1 F1500 X145.949 Y108.048 E1738.83774
G0 F9000 X145.949 Y107.483
G1 F1500 X134.355 Y95.889 E1739.60123
G0 F9000 X134.921 Y95.889
G1 F1500 X145.949 Y106.917 E1740.32744
G0 F9000 X145.949 Y106.351
G1 F1500 X135.487 Y95.889 E1741.01638
G0 F9000 X136.053 Y95.89
G1 F1500 X145.949 Y105.786 E1741.66805
G0 F9000 X145.949 Y105.22
G1 F1500 X136.619 Y95.89 E1742.28245
G0 F9000 X137.185 Y95.89
G1 F1500 X145.949 Y104.654 E1742.85957
G0 F9000 X145.949 Y104.088
G1 F1500 X137.75 Y95.89 E1743.39945
G0 F9000 X138.316 Y95.89
G1 F1500 X145.949 Y103.523 E1743.9021
G0 F9000 X145.949 Y102.957
G1 F1500 X138.882 Y95.89 E1744.36747
G0 F9000 X139.447 Y95.89
G1 F1500 X145.949 Y102.391 E1744.79561
G0 F9000 X145.949 Y101.826
G1 F1500 X140.013 Y95.89 E1745.18651
G0 F9000 X140.579 Y95.89
G1 F1500 X145.949 Y101.26 E1745.54013
G0 F9000 X145.949 Y100.694
G1 F1500 X141.144 Y95.89 E1745.85651
G0 F9000 X141.71 Y95.89
G1 F1500 X145.949 Y100.129 E1746.13566
G0 F9000 X145.949 Y99.563
G1 F1500 X142.276 Y95.89 E1746.37753
G0 F9000 X142.841 Y95.89
G1 F1500 X145.949 Y98.997 E1746.58217
G0 F9000 X145.949 Y98.432
G1 F1500 X143.407 Y95.89 E1746.74956
G0 F9000 X143.973 Y95.89
G1 F1500 X145.949 Y97.866 E1746.87968
G0 F9000 X145.949 Y97.3
G1 F1500 X144.538 Y95.89 E1746.97257
G0 F9000 X145.104 Y95.89
G1 F1500 X145.949 Y96.735 E1747.02821
G0 F9000 X146.09 Y96.31
G1 F1500 X145.67 Y95.89 E1747.05587
G0 F9000 X146.236 Y95.89
G1 F1500 X146.349 Y96.003 E1747.06331
G0 F9000 X146.561 Y96.781
;TYPE:SKIN
G1 F1500 X146.703 Y96.64 E1747.07524
G0 F9000 X146.491 Y96.993
G1 F1500 X146.491 Y97.276 E1747.09078
G1 X146.49 Y124.428 E1748.58163
G1 X146.349 Y124.57 E1748.59262
G0 F9000 X146.439 Y124.531
G0 X146.718 Y124.603
G0 X146.718 Y127.737
G0 X124.282 Y127.738
G0 X124.282 Y124.604
G0 X124.61 Y124.456
G0 X124.506 Y124.223
G1 F1500 X124.506 Y123.941 E1748.6081
G1 X124.506 Y97.07 E1750.08348
G1 X124.679 Y96.678 E1750.107
G0 F9000 X124.62 Y96.749
G0 X124.274 Y124.274
G0 X124.467 Y124.467
G1 F1500 X124.326 Y124.609 E1750.12317
G0 F9000 X124.3 Y124.35
G1 F1500 E1743.62317
;MESH:copri staffa L 30x30x1,8 met??.stl(3)
G0 F9000 X124.282 Y127.738
G0 X147.086 Y128.105
G0 X148.165 Y128.105
G0 X150.79 Y128.105
G0 X151.875 Y128.105
G0 X152.055 Y130.136
;TYPE:WALL-INNER
G1 F1500 E1750.12317
G1 X152.055 Y129.937 E1750.13244
G1 X152.055 Y97.754 E1751.63101
G1 X152.055 Y97.555 E1751.64028
G1 X152.254 Y97.555 E1751.64627
G1 X174.855 Y97.556 E1752.69867
G1 X174.855 Y130.135 E1754.21569
G1 X152.254 Y130.136 E1755.26808
G1 X152.055 Y130.136 E1755.27408
G0 F9000 X151.655 Y130.536
;TYPE:WALL-OUTER
G1 F1500 X151.655 Y97.155 E1756.82844
G1 X175.255 Y97.156 E1757.92735
G1 X175.255 Y130.535 E1759.48162
G1 X151.655 Y130.536 E1760.58053
G0 F9000 X151.925 Y130.266
G0 X152.165 Y126.958
G0 X152.269 Y126.958
;TYPE:FILL
G1 F3000 X152.774 Y125.071 E1760.67149
G0 F9000 X152.774 Y125.593
G1 F3000 X152.134 Y124.952 E1760.71367
G0 F9000 X152.134 Y122.484
G1 F3000 X152.774 Y122.312 E1760.74453
G0 F9000 X152.565 Y122.312
G0 X152.565 Y117.108
G0 X152.774 Y117.108
G1 F3000 X152.134 Y116.467 E1760.78671
G0 F9000 X152.134 Y116.272
G1 F3000 X152.773 Y116.101 E1760.81751
G0 F9000 X152.565 Y116.101
G0 X152.134 Y110.06
G1 F3000 X152.774 Y109.889 E1760.84835
G0 F9000 X152.565 Y109.889
G0 X152.565 Y108.622
G0 X152.774 Y108.622
G1 F3000 X152.134 Y107.982 E1760.8905
G0 F9000 X152.134 Y104.278
G1 F3000 X152.774 Y101.891 E1761.00557
G0 F9000 X152.565 Y101.891
G0 X152.565 Y100.137
G0 X152.774 Y100.137
G1 F3000 X152.134 Y99.496 E1761.04775
G0 F9000 X152.565 Y103.678
G0 X152.773 Y103.678
G1 F3000 X152.135 Y103.849 E1761.07851
G1 F1500 E1754.57851
G0 F9000 X152.237 Y97.737
G0 X174.673 Y97.738
G0 X174.673 Y98.393
G0 X174.345 Y104.166
G1 F1500 E1761.07851
G0 F9000 X174.134 Y104.166
G1 F3000 X174.774 Y103.994 E1761.10937
G0 F9000 X174.134 Y104.526
G1 F3000 X174.774 Y105.166 E1761.15151
G0 F9000 X174.773 Y110.206
G1 F3000 X174.134 Y110.377 E1761.18231
G0 F9000 X174.345 Y110.377
G0 X174.774 Y112.513
G1 F3000 X174.134 Y114.901 E1761.29743
G0 F9000 X174.345 Y114.901
G0 X174.774 Y113.651
G1 F3000 X174.134 Y113.011 E1761.33958
G0 F9000 X174.345 Y113.011
G0 X174.773 Y116.418
G1 F3000 X174.135 Y116.589 E1761.37033
G0 F9000 X174.345 Y116.589
G0 X174.345 Y121.497
G0 X174.134 Y121.497
G1 F3000 X174.774 Y122.137 E1761.41248
G0 F9000 X174.774 Y122.629
G1 F3000 X174.134 Y122.8 E1761.44333
G0 F9000 X174.345 Y122.8
G0 X174.315 Y126.777
G0 X174.065 Y127.027
;TYPE:SKIN
G1 F1500 X174.465 Y127.027 E1761.46195
G1 X174.465 Y129.745 E1761.58851
G1 X152.445 Y129.746 E1762.61386
G1 X152.445 Y127.028 E1762.74042
G1 X152.845 Y127.028 E1762.75904
G1 X152.845 Y98.685 E1764.07881
G1 X152.445 Y98.685 E1764.09744
G1 X152.445 Y97.945 E1764.1319
G1 X174.465 Y97.946 E1765.15724
G1 X174.465 Y98.686 E1765.1917
G1 X174.065 Y98.686 E1765.21032
G1 X174.065 Y127.027 E1766.53
G0 F9000 X174.315 Y126.777
G0 X174.673 Y126.819
G0 X174.673 Y129.953
G0 X152.778 Y130.026
G0 X152.778 Y129.585
G1 F1500 X152.604 Y129.411 E1766.54146
G0 F9000 X152.604 Y128.845
G1 F1500 X153.344 Y129.585 E1766.59019
G0 F9000 X153.91 Y129.585
G1 F1500 X152.604 Y128.279 E1766.67619
G0 F9000 X152.604 Y127.714
G1 F1500 X154.475 Y129.585 E1766.7994
G0 F9000 X155.041 Y129.585
G1 F1500 X152.643 Y127.188 E1766.95728
G0 F9000 X153.004 Y126.982
G1 F1500 X155.607 Y129.585 E1767.12869
G0 F9000 X156.173 Y129.585
G1 F1500 X153.004 Y126.417 E1767.33734
G0 F9000 X153.004 Y125.851
G1 F1500 X156.738 Y129.585 E1767.58323
G0 F9000 X157.304 Y129.585
G1 F1500 X153.004 Y125.285 E1767.86639
G0 F9000 X153.004 Y124.72
G1 F1500 X157.87 Y129.585 E1768.18679
G0 F9000 X158.435 Y129.585
G1 F1500 X153.004 Y124.154 E1768.54443
G0 F9000 X153.004 Y123.588
G1 F1500 X159.001 Y129.585 E1768.93935
G0 F9000 X159.567 Y129.585
G1 F1500 X153.004 Y123.023 E1769.3715
G0 F9000 X153.004 Y122.457
G1 F1500 X160.132 Y129.585 E1769.84089
G0 F9000 X160.698 Y129.585
G1 F1500 X153.004 Y121.891 E1770.34755
G0 F9000 X153.004 Y121.326
G1 F1500 X161.264 Y129.585 E1770.89146
G0 F9000 X161.829 Y129.585
G1 F1500 X153.004 Y120.76 E1771.4726
G0 F9000 X153.004 Y120.194
G1 F1500 X162.395 Y129.585 E1772.09101
G0 F9000 X162.961 Y129.585
G1 F1500 X153.004 Y119.629 E1772.74666
G0 F9000 X153.004 Y119.063
G1 F1500 X163.526 Y129.585 E1773.43955
G0 F9000 X164.091 Y129.585
G1 F1500 X153.004 Y118.497 E1774.16968
G0 F9000 X153.004 Y117.931
G1 F1500 X164.657 Y129.585 E1774.93709
G0 F9000 X165.223 Y129.585
G1 F1500 X153.004 Y117.366 E1775.74173
G0 F9000 X153.004 Y116.8
G1 F1500 X165.788 Y129.585 E1776.58361
G0 F9000 X166.354 Y129.585
G1 F1500 X153.004 Y116.234 E1777.46276
G0 F9000 X153.004 Y115.669
G1 F1500 X166.92 Y129.585 E1778.37916
G0 F9000 X167.486 Y129.585
G1 F1500 X153.004 Y115.103 E1779.33282
G0 F9000 X153.004 Y114.537
G1 F1500 X168.051 Y129.585 E1780.32372
G0 F9000 X168.617 Y129.585
G1 F1500 X153.004 Y113.972 E1781.35187
G0 F9000 X153.004 Y113.406
G1 F1500 X169.183 Y129.585 E1782.41728
G0 F9000 X169.748 Y129.585
G1 F1500 X153.004 Y112.84 E1783.51994
G0 F9000 X153.004 Y112.275
G1 F1500 X170.314 Y129.585 E1784.65983
G0 F9000 X170.88 Y129.585
G1 F1500 X153.004 Y111.709 E1785.83699
G0 F9000 X153.004 Y111.143
G1 F1500 X171.445 Y129.585 E1787.0514
G0 F9000 X172.011 Y129.585
G1 F1500 X153.004 Y110.578 E1788.30304
G0 F9000 X153.004 Y110.012
G1 F1500 X172.577 Y129.585 E1789.59196
G0 F9000 X173.142 Y129.585
G1 F1500 X153.004 Y109.446 E1790.91811
G0 F9000 X153.004 Y108.881
G1 F1500 X173.708 Y129.585 E1792.28151
G0 F9000 X174.274 Y129.585
G1 F1500 X153.004 Y108.315 E1793.68217
G0 F9000 X153.004 Y107.749
G1 F1500 X174.304 Y129.049 E1795.08481
G0 F9000 X174.304 Y128.484
G1 F1500 X153.004 Y107.183 E1796.48749
G0 F9000 X153.004 Y106.618
G1 F1500 X174.304 Y127.918 E1797.89013
G0 F9000 X174.304 Y127.352
G1 F1500 X174.139 Y127.187 E1797.90099
G0 F9000 X173.904 Y126.952
G1 F1500 X153.004 Y106.052 E1799.27729
G0 F9000 X153.004 Y105.486
G1 F1500 X173.904 Y126.386 E1800.6536
G0 F9000 X173.904 Y125.821
G1 F1500 X153.004 Y104.921 E1802.0299
G0 F9000 X153.004 Y104.355
G1 F1500 X173.904 Y125.255 E1803.4062
G0 F9000 X173.904 Y124.689
G1 F1500 X153.004 Y103.789 E1804.7825
G0 F9000 X153.004 Y103.224
G1 F1500 X173.904 Y124.124 E1806.1588
G0 F9000 X173.904 Y123.558
G1 F1500 X153.004 Y102.658 E1807.5351
G0 F9000 X153.004 Y102.092
G1 F1500 X173.904 Y122.992 E1808.9114
G0 F9000 X173.904 Y122.427
G1 F1500 X153.004 Y101.527 E1810.2877
G0 F9000 X153.004 Y100.961
G1 F1500 X173.904 Y121.861 E1811.664
G0 F9000 X173.904 Y121.295
G1 F1500 X153.004 Y100.395 E1813.0403
G0 F9000 X153.004 Y99.83
G1 F1500 X173.904 Y120.729 E1814.41657
G0 F9000 X173.904 Y120.164
G1 F1500 X153.004 Y99.264 E1815.79287
G0 F9000 X153.004 Y98.698
G1 F1500 X173.904 Y119.598 E1817.16917
G0 F9000 X173.904 Y119.032
G1 F1500 X152.976 Y98.105 E1818.54728
G0 F9000 X152.604 Y98.298
G1 F1500 X152.83 Y98.524 E1818.56216
G0 F9000 X153.542 Y98.105
G1 F1500 X173.904 Y118.467 E1819.90304
G0 F9000 X173.904 Y117.901
G1 F1500 X154.108 Y98.105 E1821.20664
G0 F9000 X154.673 Y98.105
G1 F1500 X173.904 Y117.335 E1822.473
G0 F9000 X173.904 Y116.77
G1 F1500 X155.239 Y98.105 E1823.70212
G0 F9000 X155.805 Y98.105
G1 F1500 X173.904 Y116.204 E1824.89397
G0 F9000 X173.904 Y115.638
G1 F1500 X156.371 Y98.105 E1826.04855
G0 F9000 X156.936 Y98.105
G1 F1500 X173.904 Y115.073 E1827.16592
G0 F9000 X173.904 Y114.507
G1 F1500 X157.502 Y98.105 E1828.24602
G0 F9000 X158.068 Y98.105
G1 F1500 X173.904 Y113.941 E1829.28885
G0 F9000 X173.904 Y113.376
G1 F1500 X158.633 Y98.105 E1830.29447
G0 F9000 X159.199 Y98.105
G1 F1500 X173.904 Y112.81 E1831.26282
G0 F9000 X173.904 Y112.244
G1 F1500 X159.765 Y98.105 E1832.1939
G0 F9000 X160.33 Y98.105
G1 F1500 X173.904 Y111.679 E1833.08777
G0 F9000 X173.904 Y111.113
G1 F1500 X160.896 Y98.105 E1833.94437
G0 F9000 X161.462 Y98.105
G1 F1500 X173.904 Y110.547 E1834.76369
G0 F9000 X173.904 Y109.981
G1 F1500 X162.027 Y98.105 E1835.54578
G0 F9000 X162.593 Y98.105
G1 F1500 X173.904 Y109.416 E1836.29063
G0 F9000 X173.904 Y108.85
G1 F1500 X163.159 Y98.105 E1836.99821
G0 F9000 X163.725 Y98.106
G1 F1500 X173.904 Y108.284 E1837.66848
G0 F9000 X173.904 Y107.719
G1 F1500 X164.291 Y98.106 E1838.30151
G0 F9000 X164.856 Y98.106
G1 F1500 X173.904 Y107.153 E1838.8973
G0 F9000 X173.904 Y106.587
G1 F1500 X165.422 Y98.106 E1839.45583
G0 F9000 X165.988 Y98.106
G1 F1500 X173.904 Y106.022 E1839.97711
G0 F9000 X173.904 Y105.456
G1 F1500 X166.554 Y98.106 E1840.46112
G0 F9000 X167.119 Y98.106
G1 F1500 X173.904 Y104.89 E1840.90789
G0 F9000 X173.904 Y104.325
G1 F1500 X167.685 Y98.106 E1841.31742
G0 F9000 X168.251 Y98.106
G1 F1500 X173.904 Y103.759 E1841.68968
G0 F9000 X173.904 Y103.193
G1 F1500 X168.816 Y98.106 E1842.0247
G0 F9000 X169.382 Y98.106
G1 F1500 X173.904 Y102.628 E1842.32248
G0 F9000 X173.904 Y102.062
G1 F1500 X169.948 Y98.106 E1842.58299
G0 F9000 X170.513 Y98.106
G1 F1500 X173.904 Y101.496 E1842.80626
G0 F9000 X173.904 Y100.931
G1 F1500 X171.079 Y98.106 E1842.99229
G0 F9000 X171.645 Y98.106
G1 F1500 X173.904 Y100.365 E1843.14105
G0 F9000 X173.904 Y99.799
G1 F1500 X172.21 Y98.106 E1843.25257
G0 F9000 X172.776 Y98.106
G1 F1500 X173.904 Y99.233 E1843.32682
G0 F9000 X173.904 Y98.668
G1 F1500 X173.342 Y98.106 E1843.36383
G0 F9000 X173.907 Y98.106
G1 F1500 X174.303 Y98.502 E1843.38991
G0 F9000 X174.517 Y98.998
;TYPE:SKIN
G1 F1500 X174.658 Y98.856 E1843.4019
G0 F9000 X174.446 Y99.21
G1 F1500 X174.446 Y99.493 E1843.41745
G1 X174.445 Y126.645 E1844.90944
G1 X174.304 Y126.786 E1844.9204
G0 F9000 X174.394 Y126.747
G0 X174.673 Y126.819
G0 X174.673 Y129.953
G0 X152.237 Y129.954
G0 X152.237 Y126.82
G0 X152.565 Y126.672
G0 X152.461 Y126.439
G1 F1500 X152.461 Y126.156 E1844.93597
G1 X152.461 Y99.286 E1846.41412
G1 X152.634 Y98.894 E1846.43769
G0 F9000 X152.575 Y98.965
G0 X152.228 Y126.49
G0 X152.422 Y126.683
G1 F1500 X152.28 Y126.824 E1846.4539
G0 F9000 X152.255 Y126.566
G1 F1500 E1839.9539
;MESH:NONMESH
G0 F300 X152.255 Y126.566 Z1.68
G0 F9000 X151.875 Y128.064
G0 X150.79 Y128.064
G0 X148.153 Y129.172
G0 X97.347 Y129.173
G0 X94.766 Y128.064
G0 X93.681 Y128.064
G1 F1500 E1846.4539
G0 F9000 X93.501 Y128.473
;TIME_ELAPSED:1917.620831
;LAYER:5
;TYPE:WALL-INNER
;MESH:copri staffa L 30x30x1,8 met??.stl(1)
G1 F1500 X70.9 Y128.474 E1847.5063
G1 X70.701 Y128.474 E1847.51557
G1 X70.701 Y128.275 E1847.52156
G1 X70.701 Y95.303 E1849.05688
G1 X70.701 Y95.104 E1849.06614
G1 X70.9 Y95.104 E1849.07214
G1 X93.501 Y95.105 E1850.12453
G1 X93.501 Y128.473 E1851.67829
G0 F9000 X93.901 Y128.873
;TYPE:WALL-OUTER
G1 F1500 X70.301 Y128.874 E1852.7772
G1 X70.301 Y94.704 E1854.3683
G1 X93.901 Y94.705 E1855.46722
G1 X93.901 Y128.873 E1857.05822
G0 F9000 X93.631 Y128.603
G0 X92.991 Y120.834
G0 X92.78 Y120.834
;TYPE:FILL
G1 F3000 X93.42 Y120.663 E1857.08907
G0 F9000 X93.421 Y119.686
G1 F3000 X92.78 Y119.045 E1857.13128
G0 F9000 X92.991 Y119.045
G0 X92.991 Y114.623
G0 X92.781 Y114.623
G1 F3000 X93.42 Y114.451 E1857.16209
G0 F9000 X92.991 Y111.964
G0 X92.78 Y111.964
G1 F3000 X93.42 Y109.576 E1857.27721
G0 F9000 X92.991 Y110.56
G0 X92.78 Y110.56
G1 F3000 X93.421 Y111.201 E1857.31942
G0 F9000 X92.991 Y108.411
G0 X92.78 Y108.411
G1 F3000 X93.419 Y108.24 E1857.35022
G0 F9000 X93.421 Y102.715
G1 F3000 X92.78 Y102.075 E1857.3924
G0 F9000 X92.78 Y102.199
G1 F3000 X93.42 Y102.028 E1857.42325
G1 F1500 E1850.92325
G0 F9000 X93.319 Y95.287
G0 X70.883 Y95.286
G0 X70.883 Y95.941
G0 X71.211 Y101.711
G1 F1500 E1857.42325
G0 F9000 X71.42 Y101.711
G1 F3000 X70.78 Y101.883 E1857.45411
G0 F9000 X70.78 Y101.341
G1 F3000 X71.42 Y98.953 E1857.56923
G0 F9000 X71.211 Y98.953
G0 X71.211 Y97.686
G0 X71.421 Y97.686
G1 F3000 X70.78 Y97.045 E1857.61144
G0 F9000 X70.78 Y105.53
G1 F3000 X71.421 Y106.171 E1857.65365
G0 F9000 X71.211 Y106.171
G0 X71.211 Y107.923
G0 X71.42 Y107.923
G1 F3000 X70.78 Y108.094 E1857.6845
G0 F9000 X70.78 Y114.016
G1 F3000 X71.421 Y114.656 E1857.72667
G0 F9000 X71.419 Y114.135
G1 F3000 X70.78 Y114.306 E1857.75748
G0 F9000 X71.211 Y120.346
G0 X71.419 Y120.346
G1 F3000 X70.781 Y120.518 E1857.78824
G0 F9000 X71.211 Y122.134
G0 X71.42 Y122.134
G1 F3000 X70.78 Y124.524 E1857.90345
G0 F9000 X71.211 Y123.141
G0 X71.421 Y123.141
G1 F3000 X70.78 Y122.501 E1857.94563
G0 F9000 X70.811 Y126.006
G0 X71.091 Y126.006
;TYPE:SKIN
G1 F1500 X71.491 Y126.006 E1857.96426
G1 X71.491 Y96.234 E1859.35057
G1 X71.091 Y96.234 E1859.36919
G1 X71.091 Y95.494 E1859.40365
G1 X93.111 Y95.495 E1860.42899
G1 X93.111 Y96.235 E1860.46345
G1 X92.711 Y96.235 E1860.48208
G1 X92.711 Y126.005 E1861.86829
G1 X93.111 Y126.005 E1861.88692
G1 X93.111 Y128.083 E1861.98368
G1 X71.091 Y128.084 E1863.00902
G1 X71.091 Y126.006 E1863.10578
G0 F9000 X70.811 Y126.006
G0 X70.883 Y128.292
G0 X92.694 Y128.364
G0 X92.694 Y127.922
G1 F1500 X92.951 Y127.666 E1863.12267
G0 F9000 X92.951 Y127.1
G1 F1500 X92.128 Y127.922 E1863.17684
G0 F9000 X91.563 Y127.922
G1 F1500 X92.951 Y126.534 E1863.26824
G0 F9000 X92.756 Y126.164
G1 F1500 X90.997 Y127.922 E1863.38404
G0 F9000 X90.431 Y127.922
G1 F1500 X92.551 Y125.803 E1863.52361
G0 F9000 X92.551 Y125.237
G1 F1500 X89.866 Y127.922 E1863.70042
G0 F9000 X89.3 Y127.922
G1 F1500 X92.551 Y124.672 E1863.91447
G0 F9000 X92.551 Y124.106
G1 F1500 X88.734 Y127.922 E1864.1658
G0 F9000 X88.169 Y127.922
G1 F1500 X92.551 Y123.54 E1864.45436
G0 F9000 X92.551 Y122.975
G1 F1500 X87.603 Y127.922 E1864.78016
G0 F9000 X87.037 Y127.922
G1 F1500 X92.551 Y122.409 E1865.14323
G0 F9000 X92.551 Y121.843
G1 F1500 X86.472 Y127.922 E1865.54355
G0 F9000 X85.906 Y127.922
G1 F1500 X92.551 Y121.278 E1865.9811
G0 F9000 X92.551 Y120.712
G1 F1500 X85.34 Y127.922 E1866.45592
G0 F9000 X84.775 Y127.922
G1 F1500 X92.551 Y120.146 E1866.96798
G0 F9000 X92.551 Y119.58
G1 F1500 X84.209 Y127.922 E1867.51732
G0 F9000 X83.643 Y127.922
G1 F1500 X92.551 Y119.015 E1868.10389
G0 F9000 X92.551 Y118.449
G1 F1500 X83.077 Y127.922 E1868.72774
G0 F9000 X82.512 Y127.922
G1 F1500 X92.551 Y117.883 E1869.38882
G0 F9000 X92.551 Y117.318
G1 F1500 X81.946 Y127.922 E1870.08715
G0 F9000 X81.38 Y127.922
G1 F1500 X92.551 Y116.752 E1870.82275
G0 F9000 X92.551 Y116.186
G1 F1500 X80.815 Y127.922 E1871.59558
G0 F9000 X80.249 Y127.922
G1 F1500 X92.551 Y115.621 E1872.40566
G0 F9000 X92.551 Y115.055
G1 F1500 X79.683 Y127.922 E1873.253
G0 F9000 X79.118 Y127.922
G1 F1500 X92.551 Y114.489 E1874.13759
G0 F9000 X92.551 Y113.924
G1 F1500 X78.552 Y127.922 E1875.05941
G0 F9000 X77.986 Y127.922
G1 F1500 X92.551 Y113.358 E1876.01851
G0 F9000 X92.551 Y112.792
G1 F1500 X77.421 Y127.922 E1877.01485
G0 F9000 X76.855 Y127.922
G1 F1500 X92.551 Y112.227 E1878.04842
G0 F9000 X92.551 Y111.661
G1 F1500 X76.289 Y127.922 E1879.11927
G0 F9000 X75.724 Y127.922
G1 F1500 X92.551 Y111.095 E1880.22736
G0 F9000 X92.551 Y110.529
G1 F1500 X75.158 Y127.922 E1881.37272
G0 F9000 X74.592 Y127.922
G1 F1500 X92.551 Y109.964 E1882.55531
G0 F9000 X92.551 Y109.398
G1 F1500 X74.027 Y127.922 E1883.77515
G0 F9000 X73.461 Y127.922
G1 F1500 X92.551 Y108.832 E1885.03226
G0 F9000 X92.551 Y108.267
G1 F1500 X72.895 Y127.922 E1886.32661
G0 F9000 X72.329 Y127.922
G1 F1500 X92.551 Y107.701 E1887.65823
G0 F9000 X92.551 Y107.135
G1 F1500 X71.764 Y127.922 E1889.02709
G0 F9000 X71.25 Y127.87
G1 F1500 X92.551 Y106.57 E1890.42976
G0 F9000 X92.551 Y106.004
G1 F1500 X71.25 Y127.304 E1891.83244
G0 F9000 X71.25 Y126.738
G1 F1500 X92.551 Y105.438 E1893.23511
G0 F9000 X92.551 Y104.873
G1 F1500 X71.651 Y125.773 E1894.61141
G0 F9000 X71.651 Y125.207
G1 F1500 X92.551 Y104.307 E1895.98771
G0 F9000 X92.551 Y103.741
G1 F1500 X71.651 Y124.641 E1897.36401
G0 F9000 X71.651 Y124.076
G1 F1500 X92.551 Y103.176 E1898.74031
G0 F9000 X92.551 Y102.61
G1 F1500 X71.651 Y123.51 E1900.11661
G0 F9000 X71.651 Y122.944
G1 F1500 X92.551 Y102.044 E1901.49292
G0 F9000 X92.551 Y101.479
G1 F1500 X71.651 Y122.378 E1902.86918
G0 F9000 X71.651 Y121.813
G1 F1500 X92.551 Y100.913 E1904.24548
G0 F9000 X92.551 Y100.347
G1 F1500 X71.651 Y121.247 E1905.62178
G0 F9000 X71.651 Y120.681
G1 F1500 X92.551 Y99.781 E1906.99808
G0 F9000 X92.551 Y99.216
G1 F1500 X71.651 Y120.116 E1908.37439
G0 F9000 X71.651 Y119.55
G1 F1500 X92.551 Y98.65 E1909.75069
G0 F9000 X92.551 Y98.084
G1 F1500 X71.651 Y118.984 E1911.12699
G0 F9000 X71.651 Y118.419
G1 F1500 X92.551 Y97.519 E1912.50329
G0 F9000 X92.551 Y96.953
G1 F1500 X71.651 Y117.853 E1913.87959
G0 F9000 X71.651 Y117.287
G1 F1500 X92.551 Y96.387 E1915.25589
G0 F9000 X92.864 Y96.074
G1 F1500 X92.95 Y95.988 E1915.26155
G0 F9000 X92.719 Y95.653
G1 F1500 X71.651 Y116.722 E1916.64895
G0 F9000 X71.651 Y116.156
G1 F1500 X92.153 Y95.653 E1917.99907
G0 F9000 X91.588 Y95.653
G1 F1500 X71.651 Y115.59 E1919.31196
G0 F9000 X71.651 Y115.025
G1 F1500 X91.022 Y95.653 E1920.58761
G0 F9000 X90.456 Y95.653
G1 F1500 X71.651 Y114.459 E1921.82598
G0 F9000 X71.651 Y113.893
G1 F1500 X89.89 Y95.653 E1923.02708
G0 F9000 X89.325 Y95.653
G1 F1500 X71.651 Y113.328 E1924.19098
G0 F9000 X71.651 Y112.762
G1 F1500 X88.759 Y95.653 E1925.3176
G0 F9000 X88.193 Y95.653
G1 F1500 X71.651 Y112.196 E1926.40695
G0 F9000 X71.651 Y111.63
G1 F1500 X87.628 Y95.653 E1927.45907
G0 F9000 X87.062 Y95.653
G1 F1500 X71.651 Y111.065 E1928.47394
G0 F9000 X71.651 Y110.499
G1 F1500 X86.496 Y95.653 E1929.45154
G0 F9000 X85.931 Y95.653
G1 F1500 X71.651 Y109.933 E1930.3919
G0 F9000 X71.651 Y109.368
G1 F1500 X85.365 Y95.653 E1931.29503
G0 F9000 X84.799 Y95.653
G1 F1500 X71.651 Y108.802 E1932.16088
G0 F9000 X71.651 Y108.236
G1 F1500 X84.234 Y95.653 E1932.98949
G0 F9000 X83.668 Y95.653
G1 F1500 X71.651 Y107.671 E1933.78086
G0 F9000 X71.651 Y107.105
G1 F1500 X83.102 Y95.653 E1934.53496
G0 F9000 X82.537 Y95.653
G1 F1500 X71.651 Y106.539 E1935.25183
G0 F9000 X71.651 Y105.974
G1 F1500 X81.972 Y95.653 E1935.93148
G0 F9000 X81.406 Y95.653
G1 F1500 X71.651 Y105.408 E1936.57386
G0 F9000 X71.651 Y104.842
G1 F1500 X80.84 Y95.653 E1937.17898
G0 F9000 X80.275 Y95.653
G1 F1500 X71.651 Y104.277 E1937.74688
G0 F9000 X71.651 Y103.711
G1 F1500 X79.709 Y95.653 E1938.27751
G0 F9000 X79.143 Y95.653
G1 F1500 X71.651 Y103.145 E1938.77088
G0 F9000 X71.651 Y102.579
G1 F1500 X78.577 Y95.653 E1939.22696
G0 F9000 X78.012 Y95.653
G1 F1500 X71.651 Y102.014 E1939.64585
G0 F9000 X71.651 Y101.448
G1 F1500 X77.446 Y95.653 E1940.02746
G0 F9000 X76.88 Y95.653
G1 F1500 X71.651 Y100.882 E1940.3718
G0 F9000 X71.651 Y100.317
G1 F1500 X76.315 Y95.653 E1940.67893
G0 F9000 X75.749 Y95.653
G1 F1500 X71.651 Y99.751 E1940.94879
G0 F9000 X71.651 Y99.185
G1 F1500 X75.183 Y95.653 E1941.18138
G0 F9000 X74.618 Y95.653
G1 F1500 X71.651 Y98.62 E1941.37676
G0 F9000 X71.651 Y98.054
G1 F1500 X74.052 Y95.653 E1941.53487
G0 F9000 X73.486 Y95.653
G1 F1500 X71.651 Y97.488 E1941.65571
G0 F9000 X71.651 Y96.923
G1 F1500 X72.921 Y95.653 E1941.73934
G0 F9000 X72.355 Y95.653
G1 F1500 X71.651 Y96.357 E1941.7857
G0 F9000 X71.369 Y96.073
G1 F1500 X71.789 Y95.653 E1941.81336
G0 F9000 X71.34 Y96.385
;TYPE:SKIN
G1 F1500 X70.876 Y96.849 E1941.82863
G0 F9000 X70.967 Y96.474
G1 F1500 X71.108 Y96.899 E1941.85261
G1 X71.108 Y125.466 E1943.38252
G1 X71.313 Y125.827 E1943.40476
G0 F9000 X71.211 Y125.8
G0 X70.883 Y125.798
G0 X70.883 Y128.292
G0 X93.319 Y128.291
G0 X93.319 Y125.797
G0 X92.991 Y125.775
G0 X92.861 Y125.775
G1 F1500 X93.325 Y125.312 E1943.42002
G0 F9000 X93.195 Y125.724
G1 F1500 X93.093 Y125.261 E1943.44554
G1 X93.093 Y96.693 E1944.98358
G1 X92.99 Y96.513 E1944.99474
G0 F9000 X93.291 Y96.815
G1 F1500 E1938.49474
;MESH:copri staffa L 30x30x1,8 met??.stl
G0 F9000 X92.891 Y125.825
G0 X94.766 Y125.825
G0 X97.335 Y125.825
G0 X98.42 Y125.825
G0 X98.6 Y128.429
;TYPE:WALL-INNER
G1 F1500 E1944.99474
G1 X98.6 Y128.23 E1945.00401
G1 X98.6 Y95.258 E1946.53932
G1 X98.6 Y95.059 E1946.54859
G1 X98.799 Y95.059 E1946.55458
G1 X121.4 Y95.06 E1947.60698
G1 X121.4 Y128.428 E1949.16074
G1 X98.799 Y128.429 E1950.21313
G1 X98.6 Y128.429 E1950.21913
G0 F9000 X98.2 Y128.829
;TYPE:WALL-OUTER
G1 F1500 X98.2 Y94.659 E1951.81023
G1 X121.8 Y94.66 E1952.90914
G1 X121.8 Y128.828 E1954.50015
G1 X98.2 Y128.829 E1955.59906
G0 F9000 X98.47 Y128.559
G0 X98.679 Y124.475
;TYPE:FILL
G1 F3000 X99.319 Y122.088 E1955.71414
G0 F9000 X98.678 Y122.456
G1 F3000 X99.32 Y123.097 E1955.75638
G0 F9000 X99.11 Y123.097
G0 X98.68 Y120.472
G1 F3000 X99.318 Y120.301 E1955.78714
G0 F9000 X99.11 Y120.301
G0 X99.11 Y114.612
G0 X99.32 Y114.612
G1 F3000 X98.678 Y113.97 E1955.82941
G0 F9000 X98.679 Y114.261
G1 F3000 X99.318 Y114.089 E1955.86023
G0 F9000 X99.11 Y114.089
G0 X98.679 Y108.049
G1 F3000 X99.319 Y107.878 E1955.89107
G0 F9000 X99.11 Y107.878
G0 X99.11 Y106.126
G0 X99.32 Y106.126
G1 F3000 X98.678 Y105.485 E1955.93332
G0 F9000 X98.679 Y101.837
G1 F3000 X99.319 Y101.666 E1955.96416
G0 F9000 X98.679 Y101.292
G1 F3000 X99.319 Y98.905 E1956.07924
G0 F9000 X99.11 Y98.905
G0 X99.11 Y97.641
G0 X99.32 Y97.641
G1 F3000 X98.678 Y97 E1956.12148
G1 F1500 E1949.62148
G0 F9000 X98.782 Y95.241
G0 X121.218 Y95.242
G0 X121.218 Y95.897
G0 X120.89 Y102.029
G1 F1500 E1956.12148
G0 F9000 X120.679 Y102.029
G1 F3000 X121.319 Y102.67 E1956.16366
G0 F9000 X121.319 Y101.983
G1 F3000 X120.68 Y102.154 E1956.19446
G0 F9000 X120.89 Y102.154
G0 X121.318 Y108.195
G1 F3000 X120.68 Y108.366 E1956.22522
G0 F9000 X120.89 Y108.366
G0 X121.319 Y109.529
G1 F3000 X120.679 Y111.917 E1956.34034
G0 F9000 X121.319 Y111.155
G1 F3000 X120.679 Y110.515 E1956.38248
G0 F9000 X120.89 Y110.515
G0 X121.319 Y114.406
G1 F3000 X120.68 Y114.577 E1956.41328
G0 F9000 X120.89 Y114.577
G0 X120.89 Y119
G0 X120.679 Y119
G1 F3000 X121.319 Y119.641 E1956.45546
G0 F9000 X121.319 Y120.618
G1 F3000 X120.679 Y120.789 E1956.48631
G0 F9000 X120.89 Y120.789
G0 X120.86 Y125.71
G0 X120.61 Y125.96
;TYPE:SKIN
G1 F1500 X121.01 Y125.96 E1956.50493
G1 X121.01 Y128.038 E1956.60169
G1 X98.99 Y128.039 E1957.62704
G1 X98.99 Y125.961 E1957.7238
G1 X99.39 Y125.961 E1957.74242
G1 X99.39 Y96.189 E1959.12873
G1 X98.99 Y96.189 E1959.14736
G1 X98.99 Y95.449 E1959.18182
G1 X121.01 Y95.45 E1960.20716
G1 X121.01 Y96.19 E1960.24162
G1 X120.61 Y96.19 E1960.26024
G1 X120.61 Y125.96 E1961.64646
G0 F9000 X120.86 Y125.71
G0 X121.218 Y125.752
G0 X121.218 Y128.246
G0 X120.457 Y128.319
G0 X120.457 Y127.878
G1 F1500 X120.85 Y127.485 E1961.67234
G0 F9000 X120.85 Y126.92
G1 F1500 X119.892 Y127.878 E1961.73542
G0 F9000 X119.326 Y127.878
G1 F1500 X120.85 Y126.354 E1961.83578
G0 F9000 X120.519 Y126.119
G1 F1500 X118.76 Y127.878 E1961.95162
G0 F9000 X118.195 Y127.878
G1 F1500 X120.449 Y125.623 E1962.10008
G0 F9000 X120.449 Y125.058
G1 F1500 X117.629 Y127.878 E1962.28578
G0 F9000 X117.063 Y127.878
G1 F1500 X120.449 Y124.492 E1962.50875
G0 F9000 X120.449 Y123.926
G1 F1500 X116.497 Y127.878 E1962.769
G0 F9000 X115.932 Y127.878
G1 F1500 X120.449 Y123.361 E1963.06645
G0 F9000 X120.449 Y122.795
G1 F1500 X115.366 Y127.878 E1963.40118
G0 F9000 X114.8 Y127.878
G1 F1500 X120.449 Y122.229 E1963.77317
G0 F9000 X120.449 Y121.664
G1 F1500 X114.235 Y127.878 E1964.18238
G0 F9000 X113.669 Y127.878
G1 F1500 X120.449 Y121.098 E1964.62885
G0 F9000 X120.449 Y120.532
G1 F1500 X113.103 Y127.878 E1965.1126
G0 F9000 X112.538 Y127.878
G1 F1500 X120.449 Y119.967 E1965.63355
G0 F9000 X120.449 Y119.401
G1 F1500 X111.972 Y127.878 E1966.19177
G0 F9000 X111.406 Y127.878
G1 F1500 X120.449 Y118.835 E1966.78727
G0 F9000 X120.449 Y118.269
G1 F1500 X110.841 Y127.878 E1967.42001
G0 F9000 X110.275 Y127.878
G1 F1500 X120.449 Y117.704 E1968.08998
G0 F9000 X120.449 Y117.138
G1 F1500 X109.709 Y127.878 E1968.79723
G0 F9000 X109.144 Y127.878
G1 F1500 X120.449 Y116.572 E1969.54172
G0 F9000 X120.449 Y116.007
G1 F1500 X108.578 Y127.878 E1970.32344
G0 F9000 X108.012 Y127.878
G1 F1500 X120.449 Y115.441 E1971.14244
G0 F9000 X120.449 Y114.875
G1 F1500 X107.446 Y127.878 E1971.99871
G0 F9000 X106.881 Y127.878
G1 F1500 X120.449 Y114.31 E1972.89219
G0 F9000 X120.449 Y113.744
G1 F1500 X106.315 Y127.878 E1973.82293
G0 F9000 X105.749 Y127.878
G1 F1500 X120.449 Y113.178 E1974.79095
G0 F9000 X120.449 Y112.613
G1 F1500 X105.184 Y127.878 E1975.79618
G0 F9000 X104.618 Y127.878
G1 F1500 X120.449 Y112.047 E1976.83868
G0 F9000 X120.449 Y111.481
G1 F1500 X104.052 Y127.878 E1977.91845
G0 F9000 X103.487 Y127.878
G1 F1500 X120.449 Y110.916 E1979.03543
G0 F9000 X120.449 Y110.35
G1 F1500 X102.921 Y127.878 E1980.18967
G0 F9000 X102.355 Y127.878
G1 F1500 X120.449 Y109.784 E1981.3812
G0 F9000 X120.449 Y109.219
G1 F1500 X101.79 Y127.878 E1982.60992
G0 F9000 X101.224 Y127.878
G1 F1500 X120.449 Y108.653 E1983.87592
G0 F9000 X120.449 Y108.087
G1 F1500 X100.658 Y127.878 E1985.17919
G0 F9000 X100.093 Y127.878
G1 F1500 X120.449 Y107.521 E1986.5197
G0 F9000 X120.449 Y106.956
G1 F1500 X99.527 Y127.878 E1987.89745
G0 F9000 X99.149 Y127.69
G1 F1500 X120.449 Y106.39 E1989.30009
G0 F9000 X120.449 Y105.824
G1 F1500 X99.149 Y127.124 E1990.70273
G0 F9000 X99.149 Y126.558
G1 F1500 X120.449 Y105.259 E1992.10534
G0 F9000 X120.449 Y104.693
G1 F1500 X99.55 Y125.592 E1993.48158
G0 F9000 X99.55 Y125.027
G1 F1500 X120.449 Y104.127 E1994.85785
G0 F9000 X120.449 Y103.562
G1 F1500 X99.55 Y124.461 E1996.23408
G0 F9000 X99.55 Y123.895
G1 F1500 X120.449 Y102.996 E1997.61032
G0 F9000 X120.449 Y102.43
G1 F1500 X99.55 Y123.33 E1998.98658
G0 F9000 X99.55 Y122.764
G1 F1500 X120.449 Y101.865 E2000.36282
G0 F9000 X120.449 Y101.299
G1 F1500 X99.55 Y122.198 E2001.73905
G0 F9000 X99.55 Y121.632
G1 F1500 X120.449 Y100.733 E2003.11529
G0 F9000 X120.449 Y100.168
G1 F1500 X99.55 Y121.067 E2004.49152
G0 F9000 X99.55 Y120.501
G1 F1500 X120.449 Y99.602 E2005.86776
G0 F9000 X120.449 Y99.036
G1 F1500 X99.55 Y119.935 E2007.24399
G0 F9000 X99.55 Y119.37
G1 F1500 X120.449 Y98.47 E2008.62026
G0 F9000 X120.449 Y97.905
G1 F1500 X99.55 Y118.804 E2009.99649
G0 F9000 X99.55 Y118.238
G1 F1500 X120.449 Y97.339 E2011.37273
G0 F9000 X120.449 Y96.773
G1 F1500 X99.55 Y117.673 E2012.749
G0 F9000 X99.55 Y117.107
G1 F1500 X120.449 Y96.208 E2014.12523
G0 F9000 X120.627 Y96.03
G1 F1500 X120.849 Y95.808 E2014.13985
G0 F9000 X120.482 Y95.609
G1 F1500 X99.55 Y116.541 E2015.51826
G0 F9000 X99.55 Y115.976
G1 F1500 X119.916 Y95.609 E2016.85943
G0 F9000 X119.351 Y95.609
G1 F1500 X99.55 Y115.41 E2018.16336
G0 F9000 X99.55 Y114.844
G1 F1500 X118.785 Y95.609 E2019.43002
G0 F9000 X118.219 Y95.609
G1 F1500 X99.55 Y114.279 E2020.65943
G0 F9000 X99.55 Y113.713
G1 F1500 X117.654 Y95.609 E2021.85161
G0 F9000 X117.088 Y95.609
G1 F1500 X99.55 Y113.147 E2023.00652
G0 F9000 X99.55 Y112.582
G1 F1500 X116.522 Y95.609 E2024.12419
G0 F9000 X115.957 Y95.609
G1 F1500 X99.55 Y112.016 E2025.20462
G0 F9000 X99.55 Y111.45
G1 F1500 X115.391 Y95.609 E2026.24777
G0 F9000 X114.825 Y95.609
G1 F1500 X99.55 Y110.884 E2027.25366
G0 F9000 X99.55 Y110.319
G1 F1500 X114.259 Y95.609 E2028.2223
G0 F9000 X113.694 Y95.609
G1 F1500 X99.55 Y109.753 E2029.15371
G0 F9000 X99.55 Y109.187
G1 F1500 X113.128 Y95.609 E2030.04785
G0 F9000 X112.562 Y95.609
G1 F1500 X99.55 Y108.622 E2030.90474
G0 F9000 X99.55 Y108.056
G1 F1500 X111.997 Y95.609 E2031.7244
G0 F9000 X111.431 Y95.609
G1 F1500 X99.55 Y107.49 E2032.50678
G0 F9000 X99.55 Y106.925
G1 F1500 X110.865 Y95.609 E2033.25193
G0 F9000 X110.3 Y95.609
G1 F1500 X99.55 Y106.359 E2033.95983
G0 F9000 X99.55 Y105.793
G1 F1500 X109.734 Y95.609 E2034.63047
G0 F9000 X109.168 Y95.609
G1 F1500 X99.55 Y105.228 E2035.26386
G0 F9000 X99.55 Y104.662
G1 F1500 X108.603 Y95.609 E2035.86002
G0 F9000 X108.037 Y95.609
G1 F1500 X99.55 Y104.096 E2036.4189
G0 F9000 X99.55 Y103.531
G1 F1500 X107.471 Y95.609 E2036.94054
G0 F9000 X106.906 Y95.609
G1 F1500 X99.55 Y102.965 E2037.42495
G0 F9000 X99.55 Y102.399
G1 F1500 X106.34 Y95.609 E2037.87208
G0 F9000 X105.774 Y95.609
G1 F1500 X99.55 Y101.833 E2038.28194
G0 F9000 X99.55 Y101.268
G1 F1500 X105.209 Y95.609 E2038.6546
G0 F9000 X104.643 Y95.609
G1 F1500 X99.55 Y100.702 E2038.98998
G0 F9000 X99.55 Y100.136
G1 F1500 X104.077 Y95.609 E2039.28809
G0 F9000 X103.511 Y95.609
G1 F1500 X99.55 Y99.571 E2039.54896
G0 F9000 X99.55 Y99.005
G1 F1500 X102.946 Y95.609 E2039.7726
G0 F9000 X102.38 Y95.609
G1 F1500 X99.55 Y98.439 E2039.95896
G0 F9000 X99.55 Y97.874
G1 F1500 X101.814 Y95.609 E2040.10808
G0 F9000 X101.249 Y95.609
G1 F1500 X99.55 Y97.308 E2040.21996
G0 F9000 X99.55 Y96.742
G1 F1500 X100.683 Y95.609 E2040.29457
G0 F9000 X100.117 Y95.609
G1 F1500 X99.55 Y96.177 E2040.33194
G0 F9000 X99.149 Y96.012
G1 F1500 X99.552 Y95.609 E2040.35848
G0 F9000 X98.94 Y96.504
;TYPE:SKIN
G1 F1500 X98.798 Y96.362 E2040.37092
G0 F9000 X99.007 Y96.719
G1 F1500 X99.007 Y97.002 E2040.38645
G1 X99.007 Y125.569 E2041.95413
G1 X99.144 Y125.715 E2041.96511
G0 F9000 X99.11 Y125.62
G0 X98.782 Y125.753
G0 X98.782 Y128.247
G0 X121.218 Y128.246
G0 X121.218 Y125.752
G0 X120.89 Y125.595
G0 X120.992 Y125.363
G1 F1500 X120.992 Y125.08 E2041.98062
G1 X120.991 Y109.524 E2042.8332
G1 X120.991 Y96.796 E2043.53078
G1 X120.821 Y96.401 E2043.55435
G0 F9000 X120.89 Y96.463
G0 X121.224 Y125.414
G0 X121.026 Y125.611
G1 F1500 X121.167 Y125.753 E2043.57108
G0 F9000 X121.2 Y125.498
G1 F1500 E2037.07108
;MESH:copri staffa L 30x30x1,8 met??.stl(2)
G0 F9000 X121.58 Y128.429
G0 X123.92 Y128.429
G0 X124.1 Y128.429
;TYPE:WALL-INNER
G1 F1500 E2043.57108
G1 X124.1 Y128.23 E2043.58034
G1 X124.1 Y95.258 E2045.11566
G1 X124.1 Y95.059 E2045.12492
G1 X124.299 Y95.059 E2045.13092
G1 X146.9 Y95.06 E2046.18332
G1 X146.9 Y128.428 E2047.73707
G1 X124.299 Y128.429 E2048.78947
G1 X124.1 Y128.429 E2048.79546
G0 F9000 X123.7 Y128.829
;TYPE:WALL-OUTER
G1 F1500 X123.7 Y94.659 E2050.38656
G1 X147.3 Y94.66 E2051.48548
G1 X147.3 Y128.828 E2053.07648
G1 X123.7 Y128.829 E2054.1754
G0 F9000 X123.97 Y128.559
G0 X124.179 Y124.479
;TYPE:FILL
G1 F3000 X124.819 Y122.092 E2054.29047
G0 F9000 X124.179 Y122.456
G1 F3000 X124.819 Y123.097 E2054.33265
G0 F9000 X124.61 Y123.097
G0 X124.18 Y120.472
G1 F3000 X124.818 Y120.301 E2054.36341
G0 F9000 X124.61 Y120.301
G0 X124.61 Y114.612
G0 X124.819 Y114.612
G1 F3000 X124.179 Y113.971 E2054.40558
G0 F9000 X124.18 Y114.261
G1 F3000 X124.818 Y114.09 E2054.43634
G0 F9000 X124.61 Y114.09
G0 X124.18 Y108.049
G1 F3000 X124.819 Y107.878 E2054.46714
G0 F9000 X124.61 Y107.878
G0 X124.61 Y106.126
G0 X124.819 Y106.126
G1 F3000 X124.179 Y105.486 E2054.50929
G0 F9000 X124.179 Y101.837
G1 F3000 X124.819 Y101.666 E2054.54013
G0 F9000 X124.18 Y101.295
G1 F3000 X124.819 Y98.909 E2054.65515
G0 F9000 X124.61 Y98.909
G0 X124.61 Y97.641
G0 X124.819 Y97.641
G1 F3000 X124.179 Y97 E2054.69733
G1 F1500 E2048.19733
G0 F9000 X124.282 Y95.241
G0 X146.718 Y95.242
G0 X146.718 Y95.897
G0 X146.39 Y102.029
G1 F1500 E2054.69733
G0 F9000 X146.178 Y102.029
G1 F3000 X146.819 Y102.67 E2054.73954
G0 F9000 X146.818 Y101.983
G1 F3000 X146.18 Y102.154 E2054.7703
G0 F9000 X146.39 Y102.154
G0 X146.818 Y108.195
G1 F3000 X146.18 Y108.366 E2054.80105
G0 F9000 X146.39 Y108.366
G0 X146.819 Y109.532
G1 F3000 X146.179 Y111.921 E2054.91622
G0 F9000 X146.819 Y111.155
G1 F3000 X146.178 Y110.515 E2054.9584
G0 F9000 X146.39 Y110.515
G0 X146.819 Y114.406
G1 F3000 X146.179 Y114.578 E2054.98925
G0 F9000 X146.39 Y114.578
G0 X146.39 Y119
G0 X146.178 Y119
G1 F3000 X146.819 Y119.641 E2055.03146
G0 F9000 X146.819 Y120.618
G1 F3000 X146.179 Y120.789 E2055.06231
G0 F9000 X146.39 Y120.789
G0 X146.36 Y125.71
G0 X146.11 Y125.96
;TYPE:SKIN
G1 F1500 X146.51 Y125.96 E2055.08094
G1 X146.51 Y128.038 E2055.1777
G1 X124.49 Y128.039 E2056.20304
G1 X124.49 Y125.961 E2056.2998
G1 X124.89 Y125.961 E2056.31843
G1 X124.89 Y96.189 E2057.70474
G1 X124.49 Y96.189 E2057.72336
G1 X124.49 Y95.449 E2057.75782
G1 X146.51 Y95.45 E2058.78316
G1 X146.51 Y96.19 E2058.81762
G1 X146.11 Y96.19 E2058.83625
G1 X146.11 Y125.96 E2060.22246
G0 F9000 X146.36 Y125.71
G0 X146.718 Y125.752
G0 X146.79 Y127.442
G0 X146.349 Y127.442
G1 F1500 X145.913 Y127.878 E2060.25117
G0 F9000 X145.347 Y127.878
G1 F1500 X146.349 Y126.876 E2060.31716
G0 F9000 X146.349 Y126.311
G1 F1500 X144.782 Y127.878 E2060.42035
G0 F9000 X144.216 Y127.878
G1 F1500 X145.974 Y126.12 E2060.53611
G0 F9000 X145.948 Y125.58
G1 F1500 X143.65 Y127.878 E2060.68744
G0 F9000 X143.085 Y127.878
G1 F1500 X145.948 Y125.014 E2060.87601
G0 F9000 X145.948 Y124.448
G1 F1500 X142.519 Y127.878 E2061.10185
G0 F9000 X141.953 Y127.878
G1 F1500 X145.948 Y123.882 E2061.36496
G0 F9000 X145.948 Y123.317
G1 F1500 X141.388 Y127.878 E2061.66527
G0 F9000 X140.822 Y127.878
G1 F1500 X145.948 Y122.751 E2062.00286
G0 F9000 X145.948 Y122.185
G1 F1500 X140.256 Y127.878 E2062.37772
G0 F9000 X139.691 Y127.878
G1 F1500 X145.948 Y121.62 E2062.78979
G0 F9000 X145.948 Y121.054
G1 F1500 X139.125 Y127.878 E2063.23913
G0 F9000 X138.559 Y127.878
G1 F1500 X145.948 Y120.488 E2063.72574
G0 F9000 X145.948 Y119.923
G1 F1500 X137.994 Y127.878 E2064.24956
G0 F9000 X137.428 Y127.878
G1 F1500 X145.948 Y119.357 E2064.81065
G0 F9000 X145.948 Y118.791
G1 F1500 X136.862 Y127.878 E2065.40901
G0 F9000 X136.296 Y127.878
G1 F1500 X145.948 Y118.226 E2066.04461
G0 F9000 X145.948 Y117.66
G1 F1500 X135.731 Y127.878 E2066.71745
G0 F9000 X135.165 Y127.878
G1 F1500 X145.948 Y117.094 E2067.42756
G0 F9000 X145.948 Y116.529
G1 F1500 X134.599 Y127.878 E2068.17491
G0 F9000 X134.034 Y127.878
G1 F1500 X145.948 Y115.963 E2068.9595
G0 F9000 X145.948 Y115.397
G1 F1500 X133.468 Y127.878 E2069.78136
G0 F9000 X132.902 Y127.878
G1 F1500 X145.948 Y114.832 E2070.64047
G0 F9000 X145.948 Y114.266
G1 F1500 X132.337 Y127.878 E2071.53681
G0 F9000 X131.771 Y127.878
G1 F1500 X145.948 Y113.7 E2072.47042
G0 F9000 X145.948 Y113.134
G1 F1500 X131.205 Y127.878 E2073.4413
G0 F9000 X130.64 Y127.878
G1 F1500 X145.948 Y112.569 E2074.44939
G0 F9000 X145.948 Y112.003
G1 F1500 X130.074 Y127.878 E2075.49476
G0 F9000 X129.508 Y127.878
G1 F1500 X145.948 Y111.437 E2076.57739
G0 F9000 X145.948 Y110.872
G1 F1500 X128.943 Y127.878 E2077.69723
G0 F9000 X128.377 Y127.878
G1 F1500 X145.948 Y110.306 E2078.85435
G0 F9000 X145.948 Y109.74
G1 F1500 X127.811 Y127.878 E2080.04873
G0 F9000 X127.245 Y127.878
G1 F1500 X145.948 Y109.175 E2081.28036
G0 F9000 X145.948 Y108.609
G1 F1500 X126.68 Y127.878 E2082.54922
G0 F9000 X126.114 Y127.878
G1 F1500 X145.948 Y108.043 E2083.85536
G0 F9000 X145.948 Y107.478
G1 F1500 X125.548 Y127.878 E2085.19873
G0 F9000 X124.983 Y127.878
G1 F1500 X145.948 Y106.912 E2086.57934
G0 F9000 X145.948 Y106.346
G1 F1500 X124.649 Y127.646 E2087.98195
G0 F9000 X124.649 Y127.08
G1 F1500 X145.948 Y105.781 E2089.38453
G0 F9000 X145.948 Y105.215
G1 F1500 X125.049 Y126.114 E2090.76076
G0 F9000 X125.044 Y126.12
G1 F1500 X124.649 Y126.514 E2090.78674
G0 F9000 X124.21 Y126.514
G0 X124.282 Y125.753
G0 X124.61 Y125.548
G0 X125.049 Y125.548
G1 F1500 X145.948 Y104.649 E2092.16298
G0 F9000 X145.948 Y104.083
G1 F1500 X125.049 Y124.983 E2093.53924
G0 F9000 X125.049 Y124.417
G1 F1500 X145.948 Y103.518 E2094.91548
G0 F9000 X145.948 Y102.952
G1 F1500 X125.049 Y123.851 E2096.29171
G0 F9000 X125.049 Y123.286
G1 F1500 X145.948 Y102.386 E2097.66798
G0 F9000 X145.948 Y101.821
G1 F1500 X125.049 Y122.72 E2099.04422
G0 F9000 X125.049 Y122.154
G1 F1500 X145.948 Y101.255 E2100.42045
G0 F9000 X145.948 Y100.689
G1 F1500 X125.049 Y121.589 E2101.79672
G0 F9000 X125.049 Y121.023
G1 F1500 X145.948 Y100.124 E2103.17295
G0 F9000 X145.948 Y99.558
G1 F1500 X125.049 Y120.457 E2104.54919
G0 F9000 X125.049 Y119.892
G1 F1500 X145.948 Y98.992 E2105.92546
G0 F9000 X145.948 Y98.427
G1 F1500 X125.049 Y119.326 E2107.30169
G0 F9000 X125.049 Y118.76
G1 F1500 X145.948 Y97.861 E2108.67793
G0 F9000 X145.948 Y97.295
G1 F1500 X125.049 Y118.195 E2110.05419
G0 F9000 X125.049 Y117.629
G1 F1500 X145.948 Y96.73 E2111.43043
G0 F9000 X145.948 Y96.164
G1 F1500 X125.049 Y117.063 E2112.80666
G0 F9000 X125.049 Y116.497
G1 F1500 X145.938 Y95.609 E2114.18221
G0 F9000 X146.349 Y95.764
G1 F1500 X146.083 Y96.03 E2114.19972
G0 F9000 X145.372 Y95.609
G1 F1500 X125.049 Y115.932 E2115.53803
G0 F9000 X125.049 Y115.366
G1 F1500 X144.806 Y95.609 E2116.83906
G0 F9000 X144.241 Y95.609
G1 F1500 X125.049 Y114.8 E2118.10285
G0 F9000 X125.049 Y114.235
G1 F1500 X143.675 Y95.609 E2119.32941
G0 F9000 X143.109 Y95.609
G1 F1500 X125.049 Y113.669 E2120.51869
G0 F9000 X125.049 Y113.103
G1 F1500 X142.544 Y95.609 E2121.67073
G0 F9000 X141.978 Y95.609
G1 F1500 X125.049 Y112.538 E2122.78554
G0 F9000 X125.049 Y111.972
G1 F1500 X141.412 Y95.609 E2123.86307
G0 F9000 X140.847 Y95.609
G1 F1500 X125.049 Y111.406 E2124.90336
G0 F9000 X125.049 Y110.841
G1 F1500 X140.281 Y95.609 E2125.90641
G0 F9000 X139.715 Y95.609
G1 F1500 X125.049 Y110.275 E2126.87219
G0 F9000 X125.049 Y109.709
G1 F1500 X139.15 Y95.609 E2127.80074
G0 F9000 X138.584 Y95.609
G1 F1500 X125.049 Y109.144 E2128.69204
G0 F9000 X125.049 Y108.578
G1 F1500 X138.018 Y95.609 E2129.54607
G0 F9000 X137.453 Y95.609
G1 F1500 X125.049 Y108.012 E2130.36286
G0 F9000 X125.049 Y107.446
G1 F1500 X136.887 Y95.609 E2131.14238
G0 F9000 X136.321 Y95.609
G1 F1500 X125.049 Y106.881 E2131.88466
G0 F9000 X125.049 Y106.315
G1 F1500 X135.756 Y95.609 E2132.5897
G0 F9000 X135.191 Y95.608
G1 F1500 X125.049 Y105.749 E2133.25754
G0 F9000 X125.049 Y105.184
G1 F1500 X134.625 Y95.608 E2133.88813
G0 F9000 X134.059 Y95.608
G1 F1500 X125.049 Y104.618 E2134.48146
G0 F9000 X125.049 Y104.052
G1 F1500 X133.493 Y95.608 E2135.03751
G0 F9000 X132.928 Y95.608
G1 F1500 X125.049 Y103.487 E2135.55635
G0 F9000 X125.049 Y102.921
G1 F1500 X132.362 Y95.608 E2136.03793
G0 F9000 X131.796 Y95.608
G1 F1500 X125.049 Y102.355 E2136.48223
G0 F9000 X125.049 Y101.79
G1 F1500 X131.231 Y95.608 E2136.88932
G0 F9000 X130.665 Y95.608
G1 F1500 X125.049 Y101.224 E2137.25915
G0 F9000 X125.049 Y100.658
G1 F1500 X130.099 Y95.608 E2137.5917
G0 F9000 X129.534 Y95.608
G1 F1500 X125.049 Y100.093 E2137.88704
G0 F9000 X125.049 Y99.527
G1 F1500 X128.968 Y95.608 E2138.14512
G0 F9000 X128.402 Y95.608
G1 F1500 X125.049 Y98.961 E2138.36592
G0 F9000 X125.049 Y98.396
G1 F1500 X127.837 Y95.608 E2138.54951
G0 F9000 X127.271 Y95.608
G1 F1500 X125.049 Y97.83 E2138.69583
G0 F9000 X125.049 Y97.264
G1 F1500 X126.705 Y95.608 E2138.80488
G0 F9000 X126.14 Y95.608
G1 F1500 X125.049 Y96.698 E2138.8767
G0 F9000 X125.049 Y96.133
G1 F1500 X125.574 Y95.608 E2138.91127
G0 F9000 X125.008 Y95.608
G1 F1500 X124.649 Y95.967 E2138.93491
G0 F9000 X124.561 Y96.339
;TYPE:SKIN
G1 F1500 X124.274 Y96.625 E2138.94434
G0 F9000 X124.506 Y96.675
G1 F1500 X124.506 Y96.958 E2138.95973
G1 X124.506 Y125.525 E2140.51272
G1 X124.622 Y125.693 E2140.52382
G0 F9000 X124.505 Y125.681
G0 X124.282 Y128.247
G0 X146.718 Y128.246
G0 X146.718 Y125.752
G0 X146.39 Y125.552
G0 X146.491 Y125.319
G1 F1500 X146.491 Y125.037 E2140.53925
G1 X146.491 Y96.752 E2142.08726
G1 X146.299 Y96.379 E2142.11022
G0 F9000 X146.39 Y96.419
G0 X146.723 Y125.37
G1 F1500 X146.284 Y125.809 E2142.12468
G0 F9000 X146.567 Y125.809
G1 F1500 X146.723 Y125.653 E2142.12981
G0 F9000 X146.7 Y125.498
G1 F1500 E2135.62981
;MESH:copri staffa L 30x30x1,8 met??.stl(3)
G0 F9000 X147.086 Y128.614
G0 X148.165 Y128.614
G0 X150.79 Y128.614
G0 X151.875 Y128.614
G0 X152.055 Y130.645
;TYPE:WALL-INNER
G1 F1500 E2142.12981
G1 X152.055 Y130.446 E2142.13908
G1 X152.055 Y97.474 E2143.67439
G1 X152.055 Y97.275 E2143.68366
G1 X152.254 Y97.275 E2143.68965
G1 X174.855 Y97.276 E2144.74205
G1 X174.855 Y130.644 E2146.29581
G1 X152.254 Y130.645 E2147.3482
G1 X152.055 Y130.645 E2147.3542
G0 F9000 X151.655 Y131.045
;TYPE:WALL-OUTER
G1 F1500 X151.655 Y96.875 E2148.9453
G1 X175.255 Y96.876 E2150.04421
G1 X175.255 Y131.044 E2151.63522
G1 X151.655 Y131.045 E2152.73413
G0 F9000 X151.925 Y130.775
G0 X152.134 Y126.695
;TYPE:FILL
G1 F3000 X152.774 Y124.308 E2152.84921
G0 F9000 X152.134 Y124.673
G1 F3000 X152.773 Y125.312 E2152.89129
G0 F9000 X152.565 Y125.312
G0 X152.135 Y122.689
G1 F3000 X152.773 Y122.517 E2152.92205
G0 F9000 X152.565 Y122.517
G0 X152.565 Y116.827
G0 X152.773 Y116.827
G1 F3000 X152.134 Y116.188 E2152.96413
G0 F9000 X152.134 Y116.477
G1 F3000 X152.773 Y116.306 E2152.99493
G0 F9000 X152.565 Y116.306
G0 X152.134 Y110.265
G1 F3000 X152.774 Y110.094 E2153.02578
G0 F9000 X152.565 Y110.094
G0 X152.565 Y108.342
G0 X152.773 Y108.342
G1 F3000 X152.134 Y107.702 E2153.06789
G0 F9000 X152.134 Y104.054
G1 F3000 X152.774 Y103.882 E2153.09875
G0 F9000 X152.134 Y103.512
G1 F3000 X152.774 Y101.125 E2153.21383
G0 F9000 X152.565 Y101.125
G0 X152.565 Y99.856
G0 X152.773 Y99.856
G1 F3000 X152.134 Y99.217 E2153.25591
G1 F1500 E2146.75591
G0 F9000 X152.237 Y97.457
G0 X174.673 Y97.458
G0 X174.673 Y98.113
G0 X174.345 Y104.246
G1 F1500 E2153.25591
G0 F9000 X174.134 Y104.246
G1 F3000 X174.774 Y104.886 E2153.29805
G0 F9000 X174.774 Y104.199
G1 F3000 X174.135 Y104.37 E2153.32885
G0 F9000 X174.345 Y104.37
G0 X174.773 Y110.411
G1 F3000 X174.135 Y110.582 E2153.35961
G0 F9000 X174.345 Y110.582
G0 X174.774 Y111.748
G1 F3000 X174.134 Y114.138 E2153.47482
G0 F9000 X174.774 Y113.371
G1 F3000 X174.134 Y112.731 E2153.51696
G0 F9000 X174.345 Y112.731
G0 X174.773 Y116.623
G1 F3000 X174.135 Y116.794 E2153.54772
G0 F9000 X174.345 Y116.794
G0 X174.345 Y121.217
G0 X174.134 Y121.217
G1 F3000 X174.774 Y121.857 E2153.58986
G0 F9000 X174.774 Y122.834
G1 F3000 X174.134 Y123.005 E2153.62071
G0 F9000 X174.345 Y123.005
G0 X174.315 Y127.926
G0 X174.065 Y128.176
;TYPE:SKIN
G1 F1500 X174.465 Y128.176 E2153.63934
G1 X174.465 Y130.254 E2153.7361
G1 X152.445 Y130.255 E2154.76144
G1 X152.445 Y128.177 E2154.8582
G1 X152.845 Y128.177 E2154.87683
G1 X152.845 Y98.405 E2156.26314
G1 X152.445 Y98.405 E2156.28176
G1 X152.445 Y97.665 E2156.31622
G1 X174.465 Y97.666 E2157.34156
G1 X174.465 Y98.406 E2157.37602
G1 X174.065 Y98.406 E2157.39465
G1 X174.065 Y128.176 E2158.78086
G0 F9000 X174.315 Y127.926
G0 X174.673 Y127.968
G0 X174.745 Y130.034
G0 X174.303 Y130.034
G1 F1500 X174.243 Y130.094 E2158.78481
G0 F9000 X173.678 Y130.094
G1 F1500 X174.303 Y129.469 E2158.82597
G0 F9000 X174.303 Y128.903
G1 F1500 X173.112 Y130.094 E2158.9044
G0 F9000 X172.546 Y130.094
G1 F1500 X174.303 Y128.337 E2159.0201
G0 F9000 X173.903 Y128.172
G1 F1500 X171.981 Y130.094 E2159.14667
G0 F9000 X171.415 Y130.094
G1 F1500 X173.903 Y127.606 E2159.31051
G0 F9000 X173.903 Y127.04
G1 F1500 X170.849 Y130.094 E2159.51162
G0 F9000 X170.284 Y130.094
G1 F1500 X173.903 Y126.475 E2159.74994
G0 F9000 X173.903 Y125.909
G1 F1500 X169.718 Y130.094 E2160.02552
G0 F9000 X169.152 Y130.094
G1 F1500 X173.903 Y125.343 E2160.33839
G0 F9000 X173.903 Y124.778
G1 F1500 X168.586 Y130.094 E2160.68849
G0 F9000 X168.021 Y130.094
G1 F1500 X173.903 Y124.212 E2161.07583
G0 F9000 X173.903 Y123.646
G1 F1500 X167.455 Y130.094 E2161.50044
G0 F9000 X166.889 Y130.094
G1 F1500 X173.903 Y123.081 E2161.96229
G0 F9000 X173.903 Y122.515
G1 F1500 X166.324 Y130.094 E2162.46138
G0 F9000 X165.758 Y130.094
G1 F1500 X173.903 Y121.949 E2162.99774
G0 F9000 X173.903 Y121.384
G1 F1500 X165.192 Y130.094 E2163.57134
G0 F9000 X164.627 Y130.094
G1 F1500 X173.903 Y120.818 E2164.18218
G0 F9000 X173.903 Y120.252
G1 F1500 X164.061 Y130.094 E2164.8303
G0 F9000 X163.495 Y130.094
G1 F1500 X173.903 Y119.687 E2165.51565
G0 F9000 X173.903 Y119.121
G1 F1500 X162.929 Y130.095 E2166.2383
G0 F9000 X162.363 Y130.095
G1 F1500 X173.903 Y118.555 E2166.99823
G0 F9000 X173.903 Y117.989
G1 F1500 X161.798 Y130.095 E2167.7954
G0 F9000 X161.232 Y130.095
G1 F1500 X173.903 Y117.424 E2168.62981
G0 F9000 X173.903 Y116.858
G1 F1500 X160.666 Y130.095 E2169.50149
G0 F9000 X160.1 Y130.095
G1 F1500 X173.903 Y116.292 E2170.41044
G0 F9000 X173.903 Y115.727
G1 F1500 X159.535 Y130.095 E2171.35659
G0 F9000 X158.969 Y130.095
G1 F1500 X173.903 Y115.161 E2172.34002
G0 F9000 X173.903 Y114.595
G1 F1500 X158.403 Y130.095 E2173.36073
G0 F9000 X157.838 Y130.095
G1 F1500 X173.903 Y114.03 E2174.41863
G0 F9000 X173.903 Y113.464
G1 F1500 X157.272 Y130.095 E2175.51381
G0 F9000 X156.706 Y130.095
G1 F1500 X173.903 Y112.898 E2176.64627
G0 F9000 X173.903 Y112.333
G1 F1500 X156.141 Y130.095 E2177.81592
G0 F9000 X155.575 Y130.095
G1 F1500 X173.903 Y111.767 E2179.02285
G0 F9000 X173.903 Y111.201
G1 F1500 X155.009 Y130.095 E2180.26706
G0 F9000 X154.444 Y130.095
G1 F1500 X173.903 Y110.636 E2181.54846
G0 F9000 X173.903 Y110.07
G1 F1500 X153.878 Y130.095 E2182.86714
G0 F9000 X153.312 Y130.095
G1 F1500 X173.903 Y109.504 E2184.2231
G0 F9000 X173.903 Y108.938
G1 F1500 X152.747 Y130.095 E2185.61629
G0 F9000 X152.604 Y129.672
G1 F1500 X173.903 Y108.373 E2187.01886
G0 F9000 X173.903 Y107.807
G1 F1500 X152.604 Y129.107 E2188.42147
G0 F9000 X152.604 Y128.541
G1 F1500 X152.809 Y128.336 E2188.43497
G0 F9000 X153.004 Y128.141
G1 F1500 X173.903 Y107.241 E2189.81124
G0 F9000 X173.903 Y106.676
G1 F1500 X153.004 Y127.575 E2191.18747
G0 F9000 X153.004 Y127.009
G1 F1500 X173.903 Y106.11 E2192.56371
G0 F9000 X173.903 Y105.544
G1 F1500 X153.004 Y126.444 E2193.93998
G0 F9000 X153.004 Y125.878
G1 F1500 X173.903 Y104.979 E2195.31621
G0 F9000 X173.903 Y104.413
G1 F1500 X153.004 Y125.312 E2196.69245
G0 F9000 X153.004 Y124.747
G1 F1500 X173.903 Y103.847 E2198.06871
G0 F9000 X173.903 Y103.282
G1 F1500 X153.004 Y124.181 E2199.44495
G0 F9000 X153.004 Y123.615
G1 F1500 X173.903 Y102.716 E2200.82118
G0 F9000 X173.903 Y102.15
G1 F1500 X153.004 Y123.05 E2202.19745
G0 F9000 X153.004 Y122.484
G1 F1500 X173.903 Y101.585 E2203.57369
G0 F9000 X173.903 Y101.019
G1 F1500 X153.004 Y121.918 E2204.94992
G0 F9000 X153.004 Y121.352
G1 F1500 X173.903 Y100.453 E2206.32616
G0 F9000 X173.903 Y99.888
G1 F1500 X153.004 Y120.787 E2207.70239
G0 F9000 X153.004 Y120.221
G1 F1500 X173.903 Y99.322 E2209.07863
G0 F9000 X173.903 Y98.756
G1 F1500 X153.004 Y119.655 E2210.45486
G0 F9000 X153.004 Y119.09
G1 F1500 X174.269 Y97.825 E2211.8552
G0 F9000 X173.703 Y97.825
G1 F1500 X153.004 Y118.524 E2213.21826
G0 F9000 X153.004 Y117.958
G1 F1500 X173.137 Y97.825 E2214.54405
G0 F9000 X172.572 Y97.825
G1 F1500 X153.004 Y117.393 E2215.83264
G0 F9000 X153.004 Y116.827
G1 F1500 X172.006 Y97.825 E2217.08395
G0 F9000 X171.44 Y97.825
G1 F1500 X153.004 Y116.261 E2218.298
G0 F9000 X153.004 Y115.696
G1 F1500 X170.875 Y97.825 E2219.47483
G0 F9000 X170.309 Y97.825
G1 F1500 X153.004 Y115.13 E2220.6144
G0 F9000 X153.004 Y114.564
G1 F1500 X169.743 Y97.825 E2221.71669
G0 F9000 X169.178 Y97.825
G1 F1500 X153.004 Y113.999 E2222.78177
G0 F9000 X153.004 Y113.433
G1 F1500 X168.612 Y97.825 E2223.80959
G0 F9000 X168.046 Y97.825
G1 F1500 X153.004 Y112.867 E2224.80013
G0 F9000 X153.004 Y112.301
G1 F1500 X167.481 Y97.825 E2225.75343
G0 F9000 X166.915 Y97.825
G1 F1500 X153.004 Y111.736 E2226.66949
G0 F9000 X153.004 Y111.17
G1 F1500 X166.349 Y97.825 E2227.54829
G0 F9000 X165.784 Y97.825
G1 F1500 X153.004 Y110.604 E2228.38984
G0 F9000 X153.004 Y110.039
G1 F1500 X165.218 Y97.825 E2229.19415
G0 F9000 X164.652 Y97.825
G1 F1500 X153.004 Y109.473 E2229.96119
G0 F9000 X153.004 Y108.907
G1 F1500 X164.086 Y97.825 E2230.69096
G0 F9000 X163.521 Y97.825
G1 F1500 X153.004 Y108.342 E2231.38352
G0 F9000 X153.004 Y107.776
G1 F1500 X162.956 Y97.824 E2232.03888
G0 F9000 X162.39 Y97.824
G1 F1500 X153.004 Y107.21 E2232.65696
G0 F9000 X153.004 Y106.645
G1 F1500 X161.824 Y97.824 E2233.23781
G0 F9000 X161.259 Y97.824
G1 F1500 X153.004 Y106.079 E2233.78141
G0 F9000 X153.004 Y105.513
G1 F1500 X160.693 Y97.824 E2234.28775
G0 F9000 X160.127 Y97.824
G1 F1500 X153.004 Y104.948 E2234.75684
G0 F9000 X153.004 Y104.382
G1 F1500 X159.562 Y97.824 E2235.1887
G0 F9000 X158.996 Y97.824
G1 F1500 X153.004 Y103.816 E2235.58328
G0 F9000 X153.004 Y103.251
G1 F1500 X158.43 Y97.824 E2235.94062
G0 F9000 X157.865 Y97.824
G1 F1500 X153.004 Y102.685 E2236.26073
G0 F9000 X153.004 Y102.119
G1 F1500 X157.299 Y97.824 E2236.54356
G0 F9000 X156.733 Y97.824
G1 F1500 X153.004 Y101.553 E2236.78912
G0 F9000 X153.004 Y100.988
G1 F1500 X156.168 Y97.824 E2236.99748
G0 F9000 X155.602 Y97.824
G1 F1500 X153.004 Y100.422 E2237.16856
G0 F9000 X153.004 Y99.856
G1 F1500 X155.036 Y97.824 E2237.30237
G0 F9000 X154.471 Y97.824
G1 F1500 X153.004 Y99.291 E2237.39898
G0 F9000 X153.004 Y98.725
G1 F1500 X153.905 Y97.824 E2237.45831
G0 F9000 X153.339 Y97.824
G1 F1500 X152.919 Y98.244 E2237.48597
G0 F9000 X152.604 Y97.994
G1 F1500 X152.773 Y97.824 E2237.49713
G0 F9000 X152.419 Y98.744
;TYPE:SKIN
G1 F1500 X152.277 Y98.603 E2237.51281
G0 F9000 X152.461 Y98.985
G1 F1500 X152.461 Y99.267 E2237.52828
G1 X152.461 Y127.552 E2239.08005
G1 X152.623 Y127.956 E2239.10393
G0 F9000 X152.565 Y127.885
G0 X152.237 Y127.969
G0 X152.237 Y130.463
G0 X174.673 Y130.462
G0 X174.673 Y127.968
G0 X174.345 Y127.861
G0 X174.446 Y127.628
G1 F1500 X174.446 Y127.346 E2239.11943
G1 X174.446 Y99.061 E2240.67415
G1 X174.3 Y98.642 E2240.69854
G0 F9000 X174.345 Y98.729
G0 X174.679 Y127.679
G0 X174.505 Y127.852
G1 F1500 X174.647 Y127.993 E2240.71202
G0 F9000 X174.655 Y127.714
G1 F1500 E2234.21202
;MESH:NONMESH
G0 F300 X174.655 Y127.714 Z1.96
G0 F9000 X174.673 Y130.462
G0 X152.237 Y130.463
G0 X151.875 Y128.573
G0 X150.79 Y128.573
G0 X148.153 Y129.681
G0 X97.347 Y129.682
G0 X94.766 Y128.573
G0 X93.681 Y128.573
G1 F1500 E2240.71202
G0 F9000 X93.501 Y128.814
;TIME_ELAPSED:2316.675330
;LAYER:6
;TYPE:WALL-INNER
;MESH:copri staffa L 30x30x1,8 met??.stl(1)
G1 F1500 X70.9 Y128.815 E2241.76442
G1 X70.701 Y128.815 E2241.77369
G1 X70.701 Y128.616 E2241.77968
G1 X70.701 Y95.023 E2243.34391
G1 X70.701 Y94.824 E2243.35318
G1 X70.9 Y94.824 E2243.35918
G1 X71.501 Y94.825 E2243.38716
G1 X71.501 Y95.469 E2243.41715
G1 X92.502 Y95.47 E2244.39504
G1 X92.701 Y95.47 E2244.40431
G1 X92.701 Y95.271 E2244.4103
G1 X92.701 Y95.023 E2244.42185
G1 X92.701 Y94.824 E2244.43112
G1 X92.9 Y94.824 E2244.43711
G1 X93.501 Y94.825 E2244.4651
G1 X93.501 Y128.814 E2246.04777
G0 F9000 X93.901 Y129.214
;TYPE:WALL-OUTER
G1 F1500 X70.301 Y129.215 E2247.14668
G1 X70.301 Y94.424 E2248.7667
G1 X71.901 Y94.425 E2248.8412
G1 X71.901 Y95.069 E2248.87119
G1 X92.301 Y95.07 E2249.8211
G1 X92.301 Y94.424 E2249.85118
G1 X93.901 Y94.425 E2249.92568
G1 X93.901 Y129.214 E2251.5456
G0 F9000 X93.631 Y128.944
G0 X92.991 Y121.039
G0 X92.78 Y121.039
;TYPE:FILL
G1 F3000 X93.419 Y120.868 E2251.5764
G0 F9000 X93.42 Y119.405
G1 F3000 X92.78 Y118.765 E2251.61855
G0 F9000 X92.991 Y118.765
G0 X92.991 Y114.828
G0 X92.781 Y114.828
G1 F3000 X93.419 Y114.657 E2251.64931
G0 F9000 X92.991 Y111.199
G0 X92.78 Y111.199
G1 F3000 X93.42 Y108.813 E2251.76434
G0 F9000 X93.419 Y108.445
G1 F3000 X92.78 Y108.616 E2251.79514
G0 F9000 X92.991 Y108.616
G0 X92.991 Y110.28
G0 X92.78 Y110.28
G1 F3000 X93.42 Y110.92 E2251.83728
G0 F9000 X93.42 Y102.435
G1 F3000 X92.78 Y101.795 E2251.87943
G0 F9000 X92.78 Y102.404
G1 F3000 X93.42 Y102.233 E2251.91027
G0 F9000 X92.991 Y96.193
G0 X92.781 Y96.193
G1 F3000 X93.408 Y96.024 E2251.94051
G0 F9000 X93.319 Y95.007
G0 X92.883 Y95.006
G0 X92.883 Y95.652
G0 X71.319 Y95.651
G0 X71.319 Y95.007
G0 X70.883 Y95.006
G0 X70.883 Y96.046
G0 X71.211 Y97.406
G0 X71.421 Y97.406
G1 F3000 X70.78 Y96.765 E2251.98272
G0 F9000 X71.211 Y98.187
G0 X71.42 Y98.187
G1 F3000 X70.781 Y100.574 E2252.09778
G0 F9000 X71.211 Y101.916
G0 X71.419 Y101.916
G1 F3000 X70.781 Y102.088 E2252.12855
G0 F9000 X70.78 Y105.25
G1 F3000 X71.421 Y105.891 E2252.17076
G0 F9000 X71.211 Y105.891
G0 X71.211 Y108.128
G0 X71.42 Y108.128
G1 F3000 X70.78 Y108.299 E2252.20161
G0 F9000 X70.78 Y113.736
G1 F3000 X71.421 Y114.376 E2252.24379
G0 F9000 X71.419 Y114.34
G1 F3000 X70.781 Y114.511 E2252.27455
G0 F9000 X71.211 Y120.551
G0 X71.419 Y120.551
G1 F3000 X70.781 Y120.723 E2252.30531
G0 F9000 X71.42 Y121.369
G1 F3000 X70.781 Y123.757 E2252.42042
G0 F9000 X71.211 Y122.861
G0 X71.421 Y122.861
G1 F3000 X70.78 Y122.221 E2252.4626
G0 F9000 X71.241 Y126.658
G0 X71.42 Y126.763
G1 F3000 X71.142 Y126.837 E2252.47599
G0 F9000 X71.091 Y126.908
;TYPE:SKIN
G1 F1500 X71.491 Y126.908 E2252.49462
G1 X71.491 Y95.954 E2253.93597
G1 X71.091 Y95.954 E2253.95459
G1 X71.091 Y95.214 E2253.98905
G1 X71.111 Y95.215 E2253.98998
G1 X71.111 Y95.859 E2254.01997
G1 X93.091 Y95.86 E2255.04345
G1 X93.091 Y95.214 E2255.07353
G1 X93.111 Y95.215 E2255.07447
G1 X93.111 Y95.955 E2255.10892
G1 X92.711 Y95.955 E2255.12755
G1 X92.711 Y126.907 E2256.5688
G1 X93.111 Y126.907 E2256.58743
G1 X93.111 Y128.424 E2256.65807
G1 X71.091 Y128.425 E2257.68341
G1 X71.091 Y126.908 E2257.75405
G0 F9000 X70.811 Y126.908
G0 X70.883 Y128.633
G0 X71.694 Y128.705
G0 X71.694 Y128.263
G1 F1500 X71.25 Y127.819 E2257.78329
G0 F9000 X71.25 Y127.253
G1 F1500 X72.26 Y128.263 E2257.8498
G0 F9000 X72.826 Y128.263
G1 F1500 X71.629 Y127.067 E2257.92859
G0 F9000 X71.651 Y126.522
G1 F1500 X73.392 Y128.263 E2258.04324
G0 F9000 X73.957 Y128.263
G1 F1500 X71.651 Y125.956 E2258.19512
G0 F9000 X71.651 Y125.391
G1 F1500 X74.523 Y128.263 E2258.38425
G0 F9000 X75.089 Y128.263
G1 F1500 X71.651 Y124.825 E2258.61065
G0 F9000 X71.651 Y124.259
G1 F1500 X75.654 Y128.263 E2258.87428
G0 F9000 X76.22 Y128.263
G1 F1500 X71.651 Y123.694 E2259.17516
G0 F9000 X71.651 Y123.128
G1 F1500 X76.786 Y128.263 E2259.51331
G0 F9000 X77.351 Y128.263
G1 F1500 X71.651 Y122.562 E2259.8887
G0 F9000 X71.651 Y121.997
G1 F1500 X77.917 Y128.263 E2260.30132
G0 F9000 X78.483 Y128.263
G1 F1500 X71.651 Y121.431 E2260.75122
G0 F9000 X71.651 Y120.865
G1 F1500 X79.048 Y128.263 E2261.23836
G0 F9000 X79.614 Y128.263
G1 F1500 X71.651 Y120.3 E2261.76274
G0 F9000 X71.651 Y119.734
G1 F1500 X80.18 Y128.263 E2262.32439
G0 F9000 X80.745 Y128.263
G1 F1500 X71.651 Y119.168 E2262.92328
G0 F9000 X71.651 Y118.603
G1 F1500 X81.311 Y128.263 E2263.5594
G0 F9000 X81.877 Y128.263
G1 F1500 X71.651 Y118.037 E2264.2328
G0 F9000 X71.651 Y117.471
G1 F1500 X82.442 Y128.263 E2264.94344
G0 F9000 X83.008 Y128.263
G1 F1500 X71.651 Y116.905 E2265.69135
G0 F9000 X71.651 Y116.34
G1 F1500 X83.574 Y128.263 E2266.4765
G0 F9000 X84.14 Y128.263
G1 F1500 X71.651 Y115.774 E2267.29892
G0 F9000 X71.651 Y115.208
G1 F1500 X84.705 Y128.263 E2268.15858
G0 F9000 X85.271 Y128.263
G1 F1500 X71.651 Y114.643 E2269.05549
G0 F9000 X71.651 Y114.077
G1 F1500 X85.837 Y128.263 E2269.98966
G0 F9000 X86.402 Y128.263
G1 F1500 X71.651 Y113.511 E2270.96107
G0 F9000 X71.651 Y112.946
G1 F1500 X86.968 Y128.263 E2271.96972
G0 F9000 X87.534 Y128.263
G1 F1500 X71.651 Y112.38 E2273.01564
G0 F9000 X71.651 Y111.814
G1 F1500 X88.099 Y128.263 E2274.0988
G0 F9000 X88.665 Y128.263
G1 F1500 X71.651 Y111.249 E2275.2192
G0 F9000 X71.651 Y110.683
G1 F1500 X89.231 Y128.263 E2276.37688
G0 F9000 X89.796 Y128.263
G1 F1500 X71.651 Y110.117 E2277.57179
G0 F9000 X71.651 Y109.552
G1 F1500 X90.362 Y128.263 E2278.80394
G0 F9000 X90.928 Y128.263
G1 F1500 X71.651 Y108.986 E2280.07336
G0 F9000 X71.651 Y108.42
G1 F1500 X91.493 Y128.263 E2281.38003
G0 F9000 X92.059 Y128.263
G1 F1500 X71.651 Y107.854 E2282.72396
G0 F9000 X71.651 Y107.289
G1 F1500 X92.625 Y128.263 E2284.10514
G0 F9000 X92.951 Y128.023
G1 F1500 X71.651 Y106.723 E2285.50778
G0 F9000 X71.651 Y106.157
G1 F1500 X92.551 Y127.057 E2286.88408
G0 F9000 X92.559 Y127.066
G1 F1500 X92.951 Y127.458 E2286.90989
G0 F9000 X93.391 Y127.458
G0 X93.319 Y126.699
G0 X92.991 Y126.492
G0 X92.551 Y126.492
G1 F1500 X71.651 Y105.592 E2288.28619
G0 F9000 X71.651 Y105.026
G1 F1500 X92.551 Y125.926 E2289.66249
G0 F9000 X92.551 Y125.36
G1 F1500 X71.651 Y104.46 E2291.03879
G0 F9000 X71.651 Y103.895
G1 F1500 X92.551 Y124.795 E2292.41509
G0 F9000 X92.551 Y124.229
G1 F1500 X71.651 Y103.329 E2293.79139
G0 F9000 X71.651 Y102.763
G1 F1500 X92.551 Y123.663 E2295.1677
G0 F9000 X92.551 Y123.098
G1 F1500 X71.651 Y102.198 E2296.544
G0 F9000 X71.651 Y101.632
G1 F1500 X92.551 Y122.532 E2297.9203
G0 F9000 X92.551 Y121.966
G1 F1500 X71.651 Y101.066 E2299.2966
G0 F9000 X71.651 Y100.501
G1 F1500 X92.551 Y121.401 E2300.6729
G0 F9000 X92.551 Y120.835
G1 F1500 X71.651 Y99.935 E2302.0492
G0 F9000 X71.651 Y99.369
G1 F1500 X92.551 Y120.269 E2303.4255
G0 F9000 X92.551 Y119.703
G1 F1500 X71.651 Y98.804 E2304.80177
G0 F9000 X71.651 Y98.238
G1 F1500 X92.551 Y119.138 E2306.17807
G0 F9000 X92.551 Y118.572
G1 F1500 X71.651 Y97.672 E2307.55437
G0 F9000 X71.651 Y97.106
G1 F1500 X92.551 Y118.006 E2308.93067
G0 F9000 X92.551 Y117.441
G1 F1500 X71.651 Y96.541 E2310.30697
G0 F9000 X71.694 Y96.018
G1 F1500 X92.551 Y116.875 E2311.68044
G0 F9000 X92.551 Y116.309
G1 F1500 X72.259 Y96.018 E2313.01667
G0 F9000 X72.825 Y96.018
G1 F1500 X92.551 Y115.744 E2314.31566
G0 F9000 X92.551 Y115.178
G1 F1500 X73.391 Y96.018 E2315.57738
G0 F9000 X73.957 Y96.018
G1 F1500 X92.551 Y114.612 E2316.80183
G0 F9000 X92.551 Y114.047
G1 F1500 X74.522 Y96.018 E2317.98907
G0 F9000 X75.088 Y96.018
G1 F1500 X92.551 Y113.481 E2319.13903
G0 F9000 X92.551 Y112.915
G1 F1500 X75.654 Y96.018 E2320.25173
G0 F9000 X76.219 Y96.018
G1 F1500 X92.551 Y112.35 E2321.32722
G0 F9000 X92.551 Y111.784
G1 F1500 X76.785 Y96.018 E2322.36544
G0 F9000 X77.351 Y96.018
G1 F1500 X92.551 Y111.218 E2323.36638
G0 F9000 X92.551 Y110.653
G1 F1500 X77.916 Y96.018 E2324.33012
G0 F9000 X78.482 Y96.018
G1 F1500 X92.551 Y110.087 E2325.25659
G0 F9000 X92.551 Y109.521
G1 F1500 X79.048 Y96.018 E2326.14579
G0 F9000 X79.613 Y96.018
G1 F1500 X92.551 Y108.955 E2326.99774
G0 F9000 X92.551 Y108.39
G1 F1500 X80.179 Y96.018 E2327.81246
G0 F9000 X80.745 Y96.018
G1 F1500 X92.551 Y107.824 E2328.58991
G0 F9000 X92.551 Y107.258
G1 F1500 X81.31 Y96.018 E2329.33011
G0 F9000 X81.876 Y96.018
G1 F1500 X92.551 Y106.693 E2330.03308
G0 F9000 X92.551 Y106.127
G1 F1500 X82.442 Y96.018 E2330.69877
G0 F9000 X83.007 Y96.018
G1 F1500 X92.551 Y105.561 E2331.32723
G0 F9000 X92.551 Y104.996
G1 F1500 X83.573 Y96.018 E2331.91845
G0 F9000 X84.139 Y96.018
G1 F1500 X92.551 Y104.43 E2332.47239
G0 F9000 X92.551 Y103.864
G1 F1500 X84.705 Y96.018 E2332.98906
G0 F9000 X85.27 Y96.018
G1 F1500 X92.551 Y103.299 E2333.46853
G0 F9000 X92.551 Y102.733
G1 F1500 X85.836 Y96.018 E2333.91072
G0 F9000 X86.402 Y96.018
G1 F1500 X92.551 Y102.167 E2334.31565
G0 F9000 X92.551 Y101.602
G1 F1500 X86.967 Y96.018 E2334.68336
G0 F9000 X87.533 Y96.018
G1 F1500 X92.551 Y101.036 E2335.01381
G0 F9000 X92.551 Y100.47
G1 F1500 X88.099 Y96.018 E2335.30698
G0 F9000 X88.664 Y96.018
G1 F1500 X92.551 Y99.904 E2335.56291
G0 F9000 X92.551 Y99.339
G1 F1500 X89.23 Y96.018 E2335.7816
G0 F9000 X89.796 Y96.018
G1 F1500 X92.551 Y98.773 E2335.96303
G0 F9000 X92.551 Y98.207
G1 F1500 X90.361 Y96.018 E2336.10721
G0 F9000 X90.927 Y96.018
G1 F1500 X92.551 Y97.642 E2336.21415
G0 F9000 X92.551 Y97.076
G1 F1500 X91.493 Y96.018 E2336.28382
G0 F9000 X92.058 Y96.018
G1 F1500 X92.551 Y96.51 E2336.31625
G0 F9000 X93.093 Y96.77
;TYPE:SKIN
G1 F1500 X93.093 Y97.052 E2336.33179
G1 X93.093 Y126.468 E2337.95243
G1 X92.979 Y126.637 E2337.96366
G0 F9000 X93.098 Y126.627
G0 X93.319 Y128.632
G0 X70.883 Y128.633
G0 X70.883 Y126.7
G0 X71.211 Y126.495
G0 X71.108 Y126.262
G1 F1500 X71.108 Y125.979 E2337.97919
G1 X71.108 Y96.564 E2339.59338
G1 X71.277 Y96.167 E2339.61705
G0 F9000 X71.211 Y96.231
G0 X70.883 Y96.162
G0 X70.883 Y95.006
G0 X71.319 Y95.007
G0 X71.319 Y95.651
G0 X92.883 Y95.652
G0 X92.883 Y95.006
G0 X93.319 Y95.007
G0 X93.319 Y96.163
G0 X92.991 Y96.254
G0 X93.093 Y96.487
G1 F1500 X93.159 Y96.27 E2339.63364
G1 X93.3 Y96.129 E2339.64822
G1 F1500 E2333.14822
G0 F9000 X93.361 Y96.205
G0 X93.319 Y95.007
G0 X92.883 Y95.006
G0 X92.883 Y95.652
G0 X71.319 Y95.651
G0 X71.319 Y95.007
G0 X70.883 Y95.006
G0 X70.876 Y126.313
G1 F1500 E2339.64822
G1 X71.32 Y126.757 E2339.66284
G0 F9000 X71.037 Y126.757
G1 F1500 X70.876 Y126.596 E2339.66814
G0 F9000 X70.901 Y126.446
G1 F1500 E2333.16814
;MESH:copri staffa L 30x30x1,8 met??.stl
G0 F9000 X70.883 Y128.633
G0 X93.681 Y128.77
G0 X94.766 Y128.77
G0 X97.335 Y128.77
G0 X98.42 Y128.77
G0 X98.6 Y128.77
;TYPE:WALL-INNER
G1 F1500 E2339.66814
G1 X98.6 Y128.571 E2339.6774
G1 X98.6 Y94.978 E2341.24164
G1 X98.6 Y94.779 E2341.2509
G1 X98.799 Y94.779 E2341.2569
G1 X99.4 Y94.78 E2341.28488
G1 X99.4 Y95.424 E2341.31487
G1 X120.401 Y95.425 E2342.29276
G1 X120.6 Y95.425 E2342.30203
G1 X120.6 Y95.226 E2342.30803
G1 X120.6 Y94.978 E2342.31957
G1 X120.6 Y94.779 E2342.32884
G1 X120.799 Y94.779 E2342.33483
G1 X121.4 Y94.78 E2342.36282
G1 X121.4 Y128.769 E2343.94549
G1 X98.799 Y128.77 E2344.99789
G1 X98.6 Y128.77 E2345.00388
G0 F9000 X98.2 Y129.17
;TYPE:WALL-OUTER
G1 F1500 X98.2 Y94.379 E2346.6239
G1 X99.8 Y94.38 E2346.6984
G1 X99.8 Y95.024 E2346.72839
G1 X120.2 Y95.025 E2347.6783
G1 X120.2 Y94.379 E2347.70838
G1 X121.8 Y94.38 E2347.78288
G1 X121.8 Y129.169 E2349.4028
G1 X98.2 Y129.17 E2350.50172
G0 F9000 X98.47 Y128.9
G0 X98.782 Y126.655
G0 X99.041 Y126.583
G0 X99.041 Y126.792
;TYPE:FILL
G1 F3000 X99.319 Y126.718 E2350.51511
G0 F9000 X99.14 Y126.613
G0 X98.68 Y123.709
G1 F3000 X99.319 Y121.321 E2350.63022
G0 F9000 X99.318 Y120.506
G1 F3000 X98.68 Y120.677 E2350.66098
G0 F9000 X98.679 Y122.176
G1 F3000 X99.32 Y122.817 E2350.70319
G0 F9000 X99.11 Y122.817
G0 X98.68 Y114.465
G1 F3000 X99.318 Y114.294 E2350.73394
G0 F9000 X99.32 Y114.332
G1 F3000 X98.679 Y113.691 E2350.77615
G0 F9000 X98.679 Y108.254
G1 F3000 X99.319 Y108.083 E2350.807
G0 F9000 X99.11 Y108.083
G0 X99.11 Y105.846
G0 X99.32 Y105.846
G1 F3000 X98.678 Y105.205 E2350.84924
G0 F9000 X98.68 Y102.042
G1 F3000 X99.318 Y101.871 E2350.88
G0 F9000 X99.11 Y101.871
G0 X98.679 Y100.528
G1 F3000 X99.319 Y98.141 E2350.99508
G0 F9000 X99.32 Y97.361
G1 F3000 X98.678 Y96.72 E2351.03732
G0 F9000 X98.782 Y94.961
G0 X99.218 Y94.962
G0 X99.218 Y95.606
G0 X120.782 Y95.607
G0 X120.782 Y94.961
G0 X121.218 Y94.962
G0 X121.218 Y96.118
G0 X120.89 Y96.147
G0 X120.679 Y96.147
G1 F3000 X121.307 Y95.979 E2351.06759
G0 F9000 X120.89 Y101.749
G0 X120.679 Y101.749
G1 F3000 X121.319 Y102.39 E2351.10977
G0 F9000 X121.319 Y102.188
G1 F3000 X120.679 Y102.359 E2351.14061
G0 F9000 X120.89 Y102.359
G0 X121.318 Y108.4
G1 F3000 X120.679 Y108.571 E2351.17142
G0 F9000 X121.319 Y108.763
G1 F3000 X120.679 Y111.151 E2351.28654
G0 F9000 X121.319 Y110.875
G1 F3000 X120.679 Y110.235 E2351.32868
G0 F9000 X120.89 Y110.235
G0 X121.318 Y114.611
G1 F3000 X120.68 Y114.782 E2351.35944
G0 F9000 X120.89 Y114.782
G0 X120.89 Y118.721
G0 X120.679 Y118.721
G1 F3000 X121.319 Y119.361 E2351.40158
G0 F9000 X121.318 Y120.823
G1 F3000 X120.679 Y120.994 E2351.43238
G0 F9000 X120.89 Y120.994
G0 X120.86 Y126.612
G0 X120.61 Y126.862
;TYPE:SKIN
G1 F1500 X121.01 Y126.862 E2351.45101
G1 X121.01 Y128.379 E2351.52165
G1 X98.99 Y128.38 E2352.54699
G1 X98.99 Y126.863 E2352.61763
G1 X99.39 Y126.863 E2352.63625
G1 X99.39 Y95.909 E2354.0776
G1 X98.99 Y95.909 E2354.09623
G1 X98.99 Y95.169 E2354.13069
G1 X99.01 Y95.17 E2354.13162
G1 X99.01 Y95.814 E2354.16161
G1 X120.99 Y95.815 E2355.18509
G1 X120.99 Y95.169 E2355.21517
G1 X121.01 Y95.17 E2355.2161
G1 X121.01 Y95.91 E2355.25056
G1 X120.61 Y95.91 E2355.26918
G1 X120.61 Y126.862 E2356.71044
G0 F9000 X120.86 Y126.612
G0 X121.218 Y126.654
G0 X121.218 Y128.587
G0 X99.368 Y128.66
G0 X99.368 Y128.218
G1 F1500 X99.149 Y127.999 E2356.72486
G0 F9000 X99.149 Y127.434
G1 F1500 X99.933 Y128.218 E2356.77649
G0 F9000 X100.499 Y128.218
G1 F1500 X99.303 Y127.022 E2356.85525
G0 F9000 X99.549 Y126.702
G1 F1500 X101.065 Y128.218 E2356.95508
G0 F9000 X101.631 Y128.218
G1 F1500 X99.549 Y126.136 E2357.09218
G0 F9000 X99.549 Y125.57
G1 F1500 X102.196 Y128.218 E2357.26652
G0 F9000 X102.762 Y128.218
G1 F1500 X99.549 Y125.005 E2357.4781
G0 F9000 X99.549 Y124.439
G1 F1500 X103.328 Y128.218 E2357.72696
G0 F9000 X103.893 Y128.218
G1 F1500 X99.549 Y123.873 E2358.01305
G0 F9000 X99.549 Y123.308
G1 F1500 X104.459 Y128.218 E2358.33638
G0 F9000 X105.025 Y128.218
G1 F1500 X99.549 Y122.742 E2358.69699
G0 F9000 X99.549 Y122.176
G1 F1500 X105.59 Y128.218 E2359.09483
G0 F9000 X106.156 Y128.218
G1 F1500 X99.549 Y121.611 E2359.52991
G0 F9000 X99.549 Y121.045
G1 F1500 X106.722 Y128.218 E2360.00227
G0 F9000 X107.287 Y128.218
G1 F1500 X99.549 Y120.479 E2360.51186
G0 F9000 X99.549 Y119.913
G1 F1500 X107.853 Y128.218 E2361.05872
G0 F9000 X108.419 Y128.218
G1 F1500 X99.549 Y119.348 E2361.64283
G0 F9000 X99.549 Y118.782
G1 F1500 X108.984 Y128.218 E2362.26417
G0 F9000 X109.55 Y128.218
G1 F1500 X99.549 Y118.216 E2362.92279
G0 F9000 X99.549 Y117.651
G1 F1500 X110.116 Y128.218 E2363.61864
G0 F9000 X110.682 Y128.218
G1 F1500 X99.549 Y117.085 E2364.35177
G0 F9000 X99.549 Y116.519
G1 F1500 X111.247 Y128.218 E2365.12214
G0 F9000 X111.813 Y128.218
G1 F1500 X99.549 Y115.954 E2365.92974
G0 F9000 X99.549 Y115.388
G1 F1500 X112.379 Y128.218 E2366.77462
G0 F9000 X112.944 Y128.218
G1 F1500 X99.549 Y114.822 E2367.65674
G0 F9000 X99.549 Y114.257
G1 F1500 X113.51 Y128.218 E2368.57609
G0 F9000 X114.076 Y128.218
G1 F1500 X99.549 Y113.691 E2369.53272
G0 F9000 X99.549 Y113.125
G1 F1500 X114.641 Y128.218 E2370.52659
G0 F9000 X115.207 Y128.218
G1 F1500 X99.549 Y112.56 E2371.55769
G0 F9000 X99.549 Y111.994
G1 F1500 X115.773 Y128.218 E2372.62607
G0 F9000 X116.338 Y128.218
G1 F1500 X99.549 Y111.428 E2373.73169
G0 F9000 X99.549 Y110.863
G1 F1500 X116.904 Y128.218 E2374.87454
G0 F9000 X117.47 Y128.218
G1 F1500 X99.549 Y110.297 E2376.05467
G0 F9000 X99.549 Y109.731
G1 F1500 X118.035 Y128.218 E2377.27204
G0 F9000 X118.601 Y128.218
G1 F1500 X99.549 Y109.165 E2378.52668
G0 F9000 X99.549 Y108.6
G1 F1500 X119.167 Y128.218 E2379.81856
G0 F9000 X119.732 Y128.218
G1 F1500 X99.549 Y108.034 E2381.14768
G0 F9000 X99.549 Y107.468
G1 F1500 X120.298 Y128.218 E2382.51407
G0 F9000 X120.85 Y128.204
G1 F1500 X99.549 Y106.903 E2383.91677
G0 F9000 X99.549 Y106.337
G1 F1500 X120.85 Y127.638 E2385.31948
G0 F9000 X121.29 Y127.638
G0 X121.218 Y126.654
G0 X120.89 Y126.672
G0 X120.449 Y126.672
G1 F1500 X99.549 Y105.771 E2386.69581
G0 F9000 X99.549 Y105.206
G1 F1500 X120.449 Y126.106 E2388.07212
G0 F9000 X120.449 Y125.541
G1 F1500 X99.549 Y104.64 E2389.44845
G0 F9000 X99.549 Y104.074
G1 F1500 X120.449 Y124.975 E2390.82478
G0 F9000 X120.449 Y124.409
G1 F1500 X99.549 Y103.509 E2392.20108
G0 F9000 X99.549 Y102.943
G1 F1500 X120.449 Y123.844 E2393.57742
G0 F9000 X120.449 Y123.278
G1 F1500 X99.549 Y102.377 E2394.95375
G0 F9000 X99.549 Y101.812
G1 F1500 X120.449 Y122.712 E2396.33005
G0 F9000 X120.449 Y122.147
G1 F1500 X99.549 Y101.246 E2397.70639
G0 F9000 X99.549 Y100.68
G1 F1500 X120.449 Y121.581 E2399.08272
G0 F9000 X120.449 Y121.015
G1 F1500 X99.549 Y100.115 E2400.45902
G0 F9000 X99.549 Y99.549
G1 F1500 X120.449 Y120.449 E2401.83532
G0 F9000 X120.449 Y119.884
G1 F1500 X99.549 Y98.983 E2403.21165
G0 F9000 X99.549 Y98.417
G1 F1500 X120.449 Y119.318 E2404.58799
G0 F9000 X120.449 Y118.752
G1 F1500 X99.549 Y97.852 E2405.96429
G0 F9000 X99.549 Y97.286
G1 F1500 X120.449 Y118.187 E2407.34062
G0 F9000 X120.449 Y117.621
G1 F1500 X99.549 Y96.72 E2408.71696
G0 F9000 X99.549 Y96.155
G1 F1500 X120.449 Y117.055 E2410.09326
G0 F9000 X120.449 Y116.49
G1 F1500 X99.934 Y95.974 E2411.44424
G0 F9000 X100.5 Y95.974
G1 F1500 X120.449 Y115.924 E2412.75795
G0 F9000 X120.449 Y115.358
G1 F1500 X101.066 Y95.974 E2414.03438
G0 F9000 X101.631 Y95.974
G1 F1500 X120.449 Y114.793 E2415.27361
G0 F9000 X120.449 Y114.227
G1 F1500 X102.197 Y95.974 E2416.47557
G0 F9000 X102.763 Y95.974
G1 F1500 X120.449 Y113.661 E2417.64026
G0 F9000 X120.449 Y113.096
G1 F1500 X103.328 Y95.974 E2418.76774
G0 F9000 X103.894 Y95.974
G1 F1500 X120.449 Y112.53 E2419.85794
G0 F9000 X120.449 Y111.964
G1 F1500 X104.46 Y95.974 E2420.91088
G0 F9000 X105.025 Y95.974
G1 F1500 X120.449 Y111.399 E2421.92661
G0 F9000 X120.449 Y110.833
G1 F1500 X105.591 Y95.974 E2422.90507
G0 F9000 X106.157 Y95.974
G1 F1500 X120.449 Y110.267 E2423.84625
G0 F9000 X120.449 Y109.701
G1 F1500 X106.722 Y95.974 E2424.7502
G0 F9000 X107.288 Y95.974
G1 F1500 X120.449 Y109.136 E2425.61691
G0 F9000 X120.449 Y108.57
G1 F1500 X107.854 Y95.974 E2426.44634
G0 F9000 X108.419 Y95.974
G1 F1500 X120.449 Y108.004 E2427.23854
G0 F9000 X120.449 Y107.439
G1 F1500 X108.985 Y95.974 E2427.9935
G0 F9000 X109.551 Y95.974
G1 F1500 X120.449 Y106.873 E2428.71118
G0 F9000 X120.449 Y106.307
G1 F1500 X110.117 Y95.974 E2429.39159
G0 F9000 X110.682 Y95.974
G1 F1500 X120.449 Y105.742 E2430.0348
G0 F9000 X120.449 Y105.176
G1 F1500 X111.248 Y95.974 E2430.64073
G0 F9000 X111.814 Y95.974
G1 F1500 X120.449 Y104.61 E2431.2094
G0 F9000 X120.449 Y104.045
G1 F1500 X112.379 Y95.974 E2431.74085
G0 F9000 X112.945 Y95.974
G1 F1500 X120.449 Y103.479 E2432.23504
G0 F9000 X120.449 Y102.913
G1 F1500 X113.511 Y95.974 E2432.69195
G0 F9000 X114.076 Y95.974
G1 F1500 X120.449 Y102.348 E2433.11165
G0 F9000 X120.449 Y101.782
G1 F1500 X114.642 Y95.974 E2433.49409
G0 F9000 X115.208 Y95.974
G1 F1500 X120.449 Y101.216 E2433.83925
G0 F9000 X120.449 Y100.65
G1 F1500 X115.773 Y95.974 E2434.14717
G0 F9000 X116.339 Y95.974
G1 F1500 X120.449 Y100.085 E2434.41786
G0 F9000 X120.449 Y99.519
G1 F1500 X116.905 Y95.974 E2434.65127
G0 F9000 X117.47 Y95.974
G1 F1500 X120.449 Y98.953 E2434.84744
G0 F9000 X120.449 Y98.388
G1 F1500 X118.036 Y95.974 E2435.00637
G0 F9000 X118.602 Y95.974
G1 F1500 X120.449 Y97.822 E2435.12803
G0 F9000 X120.449 Y97.256
G1 F1500 X119.167 Y95.974 E2435.21246
G0 F9000 X119.733 Y95.974
G1 F1500 X120.449 Y96.691 E2435.25964
G0 F9000 X120.449 Y96.125
G1 F1500 X120.299 Y95.974 E2435.26955
G0 F9000 X120.758 Y96.151
;TYPE:SKIN
G1 F1500 X121.224 Y96.617 E2435.28489
G0 F9000 X121.086 Y96.196
G1 F1500 X120.991 Y96.667 E2435.31087
G1 X120.991 Y126.365 E2436.91629
G1 X120.906 Y126.563 E2436.92793
G0 F9000 X121.053 Y126.582
G0 X121.218 Y128.587
G0 X98.782 Y128.588
G0 X98.782 Y126.655
G0 X99.11 Y126.675
G0 X99.239 Y126.675
G1 F1500 X98.774 Y126.21 E2436.94324
G0 F9000 X98.883 Y126.602
G1 F1500 X99.006 Y126.159 E2436.96794
G1 X99.006 Y96.461 E2438.56315
G1 X99.204 Y96.093 E2438.5856
G0 F9000 X98.528 Y96.371
G1 F1500 E2432.0856
;MESH:copri staffa L 30x30x1,8 met??.stl(2)
G0 F9000 X98.782 Y128.588
G0 X121.218 Y128.587
G0 X121.218 Y126.654
G0 X120.813 Y126.714
G0 X122.665 Y126.682
G0 X123.92 Y126.682
G0 X124.1 Y128.77
;TYPE:WALL-INNER
G1 F1500 E2438.5856
G1 X124.1 Y128.571 E2438.59486
G1 X124.1 Y94.978 E2440.15909
G1 X124.1 Y94.779 E2440.16836
G1 X124.299 Y94.779 E2440.17436
G1 X124.9 Y94.78 E2440.20234
G1 X124.9 Y95.424 E2440.23233
G1 X145.901 Y95.425 E2441.21022
G1 X146.1 Y95.425 E2441.21949
G1 X146.1 Y95.226 E2441.22548
G1 X146.1 Y94.978 E2441.23703
G1 X146.1 Y94.779 E2441.2463
G1 X146.299 Y94.779 E2441.25229
G1 X146.9 Y94.78 E2441.28028
G1 X146.9 Y128.769 E2442.86295
G1 X124.299 Y128.77 E2443.91535
G1 X124.1 Y128.77 E2443.92134
G0 F9000 X123.7 Y129.17
;TYPE:WALL-OUTER
G1 F1500 X123.7 Y94.379 E2445.54136
G1 X125.3 Y94.38 E2445.61586
G1 X125.3 Y95.024 E2445.64585
G1 X145.7 Y95.025 E2446.59576
G1 X145.7 Y94.379 E2446.62584
G1 X147.3 Y94.38 E2446.70034
G1 X147.3 Y129.169 E2448.32026
G1 X123.7 Y129.17 E2449.41918
G0 F9000 X123.97 Y128.9
G0 X124.282 Y126.655
G0 X124.541 Y126.583
G0 X124.541 Y126.792
;TYPE:FILL
G1 F3000 X124.819 Y126.718 E2449.43257
G0 F9000 X124.64 Y126.613
G0 X124.18 Y123.712
G1 F3000 X124.819 Y121.324 E2449.54768
G0 F9000 X124.818 Y120.506
G1 F3000 X124.18 Y120.677 E2449.57844
G0 F9000 X124.179 Y122.176
G1 F3000 X124.819 Y122.817 E2449.62061
G0 F9000 X124.61 Y122.817
G0 X124.18 Y114.466
G1 F3000 X124.818 Y114.295 E2449.65137
G0 F9000 X124.819 Y114.332
G1 F3000 X124.179 Y113.691 E2449.69355
G0 F9000 X124.179 Y108.254
G1 F3000 X124.819 Y108.083 E2449.72439
G0 F9000 X124.61 Y108.083
G0 X124.61 Y105.846
G0 X124.819 Y105.846
G1 F3000 X124.179 Y105.206 E2449.76654
G0 F9000 X124.179 Y102.042
G1 F3000 X124.818 Y101.871 E2449.79734
G0 F9000 X124.61 Y101.871
G0 X124.179 Y100.532
G1 F3000 X124.819 Y98.142 E2449.91255
G0 F9000 X124.819 Y97.361
G1 F3000 X124.179 Y96.72 E2449.95473
G0 F9000 X124.282 Y94.961
G0 X124.718 Y94.962
G0 X124.718 Y95.606
G0 X146.282 Y95.607
G0 X146.282 Y94.961
G0 X146.718 Y94.962
G0 X146.718 Y96.118
G0 X146.39 Y96.148
G0 X146.179 Y96.148
G1 F3000 X146.807 Y95.979 E2449.98501
G0 F9000 X146.39 Y101.749
G0 X146.178 Y101.749
G1 F3000 X146.819 Y102.39 E2450.02722
G0 F9000 X146.819 Y102.188
G1 F3000 X146.179 Y102.359 E2450.05807
G0 F9000 X146.39 Y102.359
G0 X146.818 Y108.4
G1 F3000 X146.179 Y108.571 E2450.08887
G0 F9000 X146.819 Y108.767
G1 F3000 X146.18 Y111.154 E2450.20393
G0 F9000 X146.819 Y110.875
G1 F3000 X146.178 Y110.235 E2450.24611
G0 F9000 X146.39 Y110.235
G0 X146.819 Y114.611
G1 F3000 X146.179 Y114.782 E2450.27696
G0 F9000 X146.39 Y114.782
G0 X146.39 Y118.72
G0 X146.178 Y118.72
G1 F3000 X146.819 Y119.361 E2450.31917
G0 F9000 X146.819 Y120.823
G1 F3000 X146.179 Y120.994 E2450.35001
G0 F9000 X146.39 Y120.994
G0 X146.36 Y126.612
G0 X146.11 Y126.862
;TYPE:SKIN
G1 F1500 X146.51 Y126.862 E2450.36864
G1 X146.51 Y128.379 E2450.43928
G1 X124.49 Y128.38 E2451.46462
G1 X124.49 Y126.863 E2451.53526
G1 X124.89 Y126.863 E2451.55389
G1 X124.89 Y95.909 E2452.99523
G1 X124.49 Y95.909 E2453.01386
G1 X124.49 Y95.169 E2453.04832
G1 X124.51 Y95.17 E2453.04925
G1 X124.51 Y95.814 E2453.07924
G1 X146.49 Y95.815 E2454.10272
G1 X146.49 Y95.169 E2454.1328
G1 X146.51 Y95.17 E2454.13373
G1 X146.51 Y95.91 E2454.16819
G1 X146.11 Y95.91 E2454.18681
G1 X146.11 Y126.862 E2455.62807
G0 F9000 X146.36 Y126.612
G0 X146.718 Y126.654
G0 X146.718 Y128.587
G0 X124.824 Y128.66
G0 X124.824 Y128.218
G1 F1500 X124.65 Y128.044 E2455.63953
G0 F9000 X124.65 Y127.478
G1 F1500 X125.39 Y128.218 E2455.68826
G0 F9000 X125.956 Y128.218
G1 F1500 X124.759 Y127.022 E2455.76705
G0 F9000 X125.049 Y126.746
G1 F1500 X126.521 Y128.218 E2455.86398
G0 F9000 X127.087 Y128.218
G1 F1500 X125.049 Y126.18 E2455.99819
G0 F9000 X125.049 Y125.614
G1 F1500 X127.653 Y128.218 E2456.16967
G0 F9000 X128.218 Y128.218
G1 F1500 X125.049 Y125.049 E2456.37835
G0 F9000 X125.049 Y124.483
G1 F1500 X128.784 Y128.218 E2456.62431
G0 F9000 X129.35 Y128.218
G1 F1500 X125.049 Y123.917 E2456.90753
G0 F9000 X125.049 Y123.351
G1 F1500 X129.916 Y128.218 E2457.22803
G0 F9000 X130.481 Y128.218
G1 F1500 X125.049 Y122.786 E2457.58574
G0 F9000 X125.049 Y122.22
G1 F1500 X131.047 Y128.218 E2457.98072
G0 F9000 X131.613 Y128.218
G1 F1500 X125.049 Y121.654 E2458.41297
G0 F9000 X125.049 Y121.089
G1 F1500 X132.178 Y128.218 E2458.88243
G0 F9000 X132.744 Y128.218
G1 F1500 X125.049 Y120.523 E2459.38916
G0 F9000 X125.049 Y119.957
G1 F1500 X133.31 Y128.218 E2459.93316
G0 F9000 X133.875 Y128.218
G1 F1500 X125.049 Y119.392 E2460.51436
G0 F9000 X125.049 Y118.826
G1 F1500 X134.441 Y128.218 E2461.13284
G0 F9000 X135.007 Y128.218
G1 F1500 X125.049 Y118.26 E2461.78859
G0 F9000 X125.049 Y117.695
G1 F1500 X135.572 Y128.218 E2462.48155
G0 F9000 X136.138 Y128.218
G1 F1500 X125.049 Y117.129 E2463.21178
G0 F9000 X125.049 Y116.563
G1 F1500 X136.704 Y128.218 E2463.97928
G0 F9000 X137.269 Y128.218
G1 F1500 X125.049 Y115.998 E2464.78399
G0 F9000 X125.049 Y115.432
G1 F1500 X137.835 Y128.218 E2465.62597
G0 F9000 X138.401 Y128.218
G1 F1500 X125.049 Y114.866 E2466.50522
G0 F9000 X125.049 Y114.3
G1 F1500 X138.966 Y128.218 E2467.42171
G0 F9000 X139.532 Y128.218
G1 F1500 X125.049 Y113.735 E2468.37544
G0 F9000 X125.049 Y113.169
G1 F1500 X140.098 Y128.218 E2469.36645
G0 F9000 X140.664 Y128.218
G1 F1500 X125.049 Y112.603 E2470.39472
G0 F9000 X125.049 Y112.038
G1 F1500 X141.229 Y128.218 E2471.4602
G0 F9000 X141.795 Y128.218
G1 F1500 X125.049 Y111.472 E2472.56295
G0 F9000 X125.049 Y110.906
G1 F1500 X142.361 Y128.218 E2473.70298
G0 F9000 X142.926 Y128.218
G1 F1500 X125.049 Y110.341 E2474.88021
G0 F9000 X125.049 Y109.775
G1 F1500 X143.492 Y128.218 E2476.09471
G0 F9000 X144.058 Y128.218
G1 F1500 X125.049 Y109.209 E2477.34649
G0 F9000 X125.049 Y108.644
G1 F1500 X144.623 Y128.218 E2478.63547
G0 F9000 X145.189 Y128.218
G1 F1500 X125.049 Y108.078 E2479.96172
G0 F9000 X125.049 Y107.512
G1 F1500 X145.755 Y128.218 E2481.32525
G0 F9000 X146.32 Y128.218
G1 F1500 X125.049 Y106.947 E2482.72598
G0 F9000 X125.049 Y106.381
G1 F1500 X146.349 Y127.681 E2484.12862
G0 F9000 X146.349 Y127.115
G1 F1500 X146.255 Y127.022 E2484.13478
G0 F9000 X145.949 Y126.716
G1 F1500 X125.049 Y105.815 E2485.51111
G0 F9000 X125.049 Y105.25
G1 F1500 X145.949 Y126.15 E2486.88741
G0 F9000 X145.949 Y125.584
G1 F1500 X125.049 Y104.684 E2488.26371
G0 F9000 X125.049 Y104.118
G1 F1500 X145.949 Y125.019 E2489.64005
G0 F9000 X145.949 Y124.453
G1 F1500 X125.049 Y103.552 E2491.01638
G0 F9000 X125.049 Y102.987
G1 F1500 X145.949 Y123.887 E2492.39268
G0 F9000 X145.949 Y123.322
G1 F1500 X125.049 Y102.421 E2493.76901
G0 F9000 X125.049 Y101.855
G1 F1500 X145.949 Y122.756 E2495.14535
G0 F9000 X145.949 Y122.19
G1 F1500 X125.049 Y101.29 E2496.52165
G0 F9000 X125.049 Y100.724
G1 F1500 X145.949 Y121.625 E2497.89798
G0 F9000 X145.949 Y121.059
G1 F1500 X125.049 Y100.158 E2499.27432
G0 F9000 X125.049 Y99.593
G1 F1500 X145.949 Y120.493 E2500.65062
G0 F9000 X145.949 Y119.928
G1 F1500 X125.049 Y99.027 E2502.02695
G0 F9000 X125.049 Y98.461
G1 F1500 X145.949 Y119.362 E2503.40328
G0 F9000 X145.949 Y118.796
G1 F1500 X125.049 Y97.896 E2504.77959
G0 F9000 X125.049 Y97.33
G1 F1500 X145.949 Y118.231 E2506.15592
G0 F9000 X145.949 Y117.665
G1 F1500 X125.049 Y96.764 E2507.53225
G0 F9000 X125.049 Y96.199
G1 F1500 X145.949 Y117.099 E2508.90855
G0 F9000 X145.949 Y116.534
G1 F1500 X125.39 Y95.974 E2510.26243
G0 F9000 X125.956 Y95.974
G1 F1500 X145.949 Y115.968 E2511.57904
G0 F9000 X145.949 Y115.402
G1 F1500 X126.521 Y95.974 E2512.8584
G0 F9000 X127.087 Y95.974
G1 F1500 X145.949 Y114.836 E2514.1005
G0 F9000 X145.949 Y114.271
G1 F1500 X127.653 Y95.974 E2515.30535
G0 F9000 X128.218 Y95.974
G1 F1500 X145.949 Y113.705 E2516.47297
G0 F9000 X145.949 Y113.139
G1 F1500 X128.784 Y95.974 E2517.60332
G0 F9000 X129.35 Y95.974
G1 F1500 X145.949 Y112.574 E2518.69642
G0 F9000 X145.949 Y112.008
G1 F1500 X129.916 Y95.974 E2519.75225
G0 F9000 X130.481 Y95.974
G1 F1500 X145.949 Y111.442 E2520.77085
G0 F9000 X145.949 Y110.877
G1 F1500 X131.047 Y95.974 E2521.7522
G0 F9000 X131.613 Y95.974
G1 F1500 X145.949 Y110.311 E2522.69629
G0 F9000 X145.949 Y109.745
G1 F1500 X132.178 Y95.974 E2523.60313
G0 F9000 X132.744 Y95.974
G1 F1500 X145.949 Y109.18 E2524.47274
G0 F9000 X145.949 Y108.614
G1 F1500 X133.31 Y95.974 E2525.30507
G0 F9000 X133.875 Y95.974
G1 F1500 X145.949 Y108.048 E2526.10016
G0 F9000 X145.949 Y107.483
G1 F1500 X134.441 Y95.974 E2526.85802
G0 F9000 X135.007 Y95.974
G1 F1500 X145.949 Y106.917 E2527.5786
G0 F9000 X145.949 Y106.351
G1 F1500 X135.572 Y95.974 E2528.26194
G0 F9000 X136.138 Y95.974
G1 F1500 X145.949 Y105.786 E2528.90805
G0 F9000 X145.949 Y105.22
G1 F1500 X136.704 Y95.974 E2529.51688
G0 F9000 X137.269 Y95.974
G1 F1500 X145.949 Y104.654 E2530.08847
G0 F9000 X145.949 Y104.088
G1 F1500 X137.835 Y95.974 E2530.62279
G0 F9000 X138.401 Y95.974
G1 F1500 X145.949 Y103.523 E2531.11987
G0 F9000 X145.949 Y102.957
G1 F1500 X138.966 Y95.974 E2531.57972
G0 F9000 X139.532 Y95.974
G1 F1500 X145.949 Y102.391 E2532.00229
G0 F9000 X145.949 Y101.826
G1 F1500 X140.098 Y95.974 E2532.38762
G0 F9000 X140.664 Y95.974
G1 F1500 X145.949 Y101.26 E2532.73568
G0 F9000 X145.949 Y100.694
G1 F1500 X141.229 Y95.974 E2533.0465
G0 F9000 X141.795 Y95.974
G1 F1500 X145.949 Y100.129 E2533.32008
G0 F9000 X145.949 Y99.563
G1 F1500 X142.361 Y95.974 E2533.55639
G0 F9000 X142.926 Y95.974
G1 F1500 X145.949 Y98.997 E2533.75546
G0 F9000 X145.949 Y98.432
G1 F1500 X143.492 Y95.974 E2533.91729
G0 F9000 X144.058 Y95.974
G1 F1500 X145.949 Y97.866 E2534.04184
G0 F9000 X145.949 Y97.3
G1 F1500 X144.623 Y95.974 E2534.12916
G0 F9000 X145.189 Y95.974
G1 F1500 X145.949 Y96.735 E2534.17924
G0 F9000 X145.949 Y96.169
G1 F1500 X145.755 Y95.974 E2534.19205
G0 F9000 X146.491 Y96.428
;TYPE:SKIN
G1 F1500 X146.565 Y96.219 E2534.20394
G1 X146.706 Y96.077 E2534.21468
G1 X146.491 Y96.711 E2534.25059
G1 X146.491 Y126.409 E2535.84347
G1 X146.385 Y126.586 E2535.85453
G0 F9000 X146.511 Y126.582
G0 X146.718 Y128.587
G0 X124.282 Y128.588
G0 X124.282 Y126.655
G0 X124.61 Y126.437
G0 X124.507 Y126.204
G1 F1500 X124.507 Y125.921 E2535.87009
G1 X124.507 Y96.505 E2537.4871
G1 X124.683 Y96.115 E2537.51062
G1 F1500 E2531.01062
G0 F9000 X124.61 Y96.172
G0 X124.274 Y126.254
G1 F1500 E2537.51062
G1 X124.732 Y126.712 E2537.5257
G0 F9000 X124.449 Y126.712
G1 F1500 X124.274 Y126.537 E2537.53147
G0 F9000 X124.3 Y126.401
G1 F1500 E2531.03147
;MESH:copri staffa L 30x30x1,8 met??.stl(3)
G0 F9000 X124.282 Y128.588
G0 X147.086 Y128.955
G0 X148.165 Y128.955
G0 X150.79 Y128.955
G0 X151.875 Y128.955
G0 X152.055 Y130.986
;TYPE:WALL-INNER
G1 F1500 E2537.53147
G1 X152.055 Y130.787 E2537.54073
G1 X152.055 Y97.194 E2539.10496
G1 X152.055 Y96.995 E2539.11423
G1 X152.254 Y96.995 E2539.12022
G1 X152.855 Y96.996 E2539.14821
G1 X152.855 Y97.64 E2539.1782
G1 X173.856 Y97.641 E2540.15609
G1 X174.055 Y97.641 E2540.16536
G1 X174.055 Y97.442 E2540.17135
G1 X174.055 Y97.194 E2540.1829
G1 X174.055 Y96.995 E2540.19217
G1 X174.254 Y96.995 E2540.19816
G1 X174.855 Y96.996 E2540.22615
G1 X174.855 Y130.985 E2541.80882
G1 X152.254 Y130.986 E2542.86121
G1 X152.055 Y130.986 E2542.86721
G0 F9000 X151.655 Y131.386
;TYPE:WALL-OUTER
G1 F1500 X151.655 Y96.595 E2544.48722
G1 X153.255 Y96.596 E2544.56173
G1 X153.255 Y97.24 E2544.59171
G1 X173.655 Y97.241 E2545.54162
G1 X173.655 Y96.595 E2545.5717
G1 X175.255 Y96.596 E2545.64621
G1 X175.255 Y131.385 E2547.26613
G1 X151.655 Y131.386 E2548.36504
G0 F9000 X151.925 Y131.116
G0 X152.237 Y128.871
G0 X152.496 Y128.799
G0 X152.496 Y129.008
;TYPE:FILL
G1 F3000 X152.774 Y128.934 E2548.37844
G0 F9000 X152.595 Y128.829
G0 X152.135 Y125.928
G1 F3000 X152.774 Y123.541 E2548.4935
G0 F9000 X152.773 Y122.722
G1 F3000 X152.135 Y122.894 E2548.52427
G0 F9000 X152.134 Y124.392
G1 F3000 X152.774 Y125.033 E2548.56645
G0 F9000 X152.565 Y125.033
G0 X152.135 Y116.682
G1 F3000 X152.773 Y116.511 E2548.5972
G0 F9000 X152.774 Y116.548
G1 F3000 X152.134 Y115.907 E2548.63938
G0 F9000 X152.134 Y110.47
G1 F3000 X152.774 Y110.299 E2548.67023
G0 F9000 X152.565 Y110.299
G0 X152.565 Y108.062
G0 X152.774 Y108.062
G1 F3000 X152.134 Y107.422 E2548.71237
G0 F9000 X152.135 Y104.259
G1 F3000 X152.773 Y104.087 E2548.74314
G0 F9000 X152.565 Y104.087
G0 X152.134 Y102.748
G1 F3000 X152.774 Y100.359 E2548.85831
G0 F9000 X152.774 Y99.577
G1 F3000 X152.134 Y98.936 E2548.90049
G0 F9000 X152.237 Y97.177
G0 X152.673 Y97.178
G0 X152.673 Y97.822
G0 X174.237 Y97.823
G0 X174.237 Y97.177
G0 X174.673 Y97.178
G0 X174.673 Y98.334
G0 X174.345 Y98.364
G0 X174.135 Y98.364
G1 F3000 X174.762 Y98.195 E2548.93072
G0 F9000 X174.345 Y103.966
G0 X174.134 Y103.966
G1 F3000 X174.774 Y104.607 E2548.9729
G0 F9000 X174.774 Y104.404
G1 F3000 X174.134 Y104.575 E2549.00375
G0 F9000 X174.345 Y104.575
G0 X174.773 Y110.616
G1 F3000 X174.134 Y110.787 E2549.03455
G0 F9000 X174.774 Y110.984
G1 F3000 X174.135 Y113.37 E2549.14957
G0 F9000 X174.774 Y113.092
G1 F3000 X174.134 Y112.451 E2549.19174
G0 F9000 X174.345 Y112.451
G0 X174.773 Y116.828
G1 F3000 X174.135 Y116.999 E2549.2225
G0 F9000 X174.345 Y116.999
G0 X174.345 Y120.937
G0 X174.134 Y120.937
G1 F3000 X174.774 Y121.577 E2549.26465
G0 F9000 X174.773 Y123.039
G1 F3000 X174.134 Y123.21 E2549.29545
G0 F9000 X174.345 Y123.21
G0 X174.315 Y128.828
G0 X174.065 Y129.078
;TYPE:SKIN
G1 F1500 X174.465 Y129.078 E2549.31407
G1 X174.465 Y130.595 E2549.38471
G1 X152.445 Y130.596 E2550.41005
G1 X152.445 Y129.079 E2550.48069
G1 X152.845 Y129.079 E2550.49932
G1 X152.845 Y98.125 E2551.94067
G1 X152.445 Y98.125 E2551.95929
G1 X152.445 Y97.385 E2551.99375
G1 X152.465 Y97.386 E2551.99468
G1 X152.465 Y98.03 E2552.02467
G1 X174.445 Y98.031 E2553.04815
G1 X174.445 Y97.385 E2553.07823
G1 X174.465 Y97.386 E2553.07916
G1 X174.465 Y98.126 E2553.11362
G1 X174.065 Y98.126 E2553.13225
G1 X174.065 Y129.078 E2554.5735
G0 F9000 X174.315 Y128.828
G0 X174.673 Y128.87
G0 X174.673 Y130.803
G0 X153.063 Y130.876
G0 X153.063 Y130.435
G1 F1500 X152.604 Y129.976 E2554.60373
G0 F9000 X152.604 Y129.411
G1 F1500 X153.628 Y130.435 E2554.67116
G0 F9000 X154.194 Y130.435
G1 F1500 X152.997 Y129.238 E2554.74998
G0 F9000 X153.004 Y128.679
G1 F1500 X154.76 Y130.435 E2554.86562
G0 F9000 X155.325 Y130.435
G1 F1500 X153.004 Y128.114 E2555.01846
G0 F9000 X153.004 Y127.548
G1 F1500 X155.891 Y130.435 E2555.20857
G0 F9000 X156.457 Y130.435
G1 F1500 X153.004 Y126.982 E2555.43596
G0 F9000 X153.004 Y126.417
G1 F1500 X157.022 Y130.435 E2555.70055
G0 F9000 X157.588 Y130.435
G1 F1500 X153.004 Y125.851 E2556.00242
G0 F9000 X153.004 Y125.285
G1 F1500 X158.154 Y130.435 E2556.34155
G0 F9000 X158.72 Y130.435
G1 F1500 X153.004 Y124.72 E2556.71793
G0 F9000 X153.004 Y124.154
G1 F1500 X159.285 Y130.435 E2557.13154
G0 F9000 X159.851 Y130.435
G1 F1500 X153.004 Y123.588 E2557.58243
G0 F9000 X153.004 Y123.023
G1 F1500 X160.417 Y130.435 E2558.07056
G0 F9000 X160.982 Y130.435
G1 F1500 X153.004 Y122.457 E2558.59592
G0 F9000 X153.004 Y121.891
G1 F1500 X161.548 Y130.435 E2559.15856
G0 F9000 X162.114 Y130.435
G1 F1500 X153.004 Y121.326 E2559.75843
G0 F9000 X153.004 Y120.76
G1 F1500 X162.679 Y130.435 E2560.39555
G0 F9000 X163.245 Y130.435
G1 F1500 X153.004 Y120.194 E2561.06994
G0 F9000 X153.004 Y119.629
G1 F1500 X163.81 Y130.435 E2561.78153
G0 F9000 X164.376 Y130.435
G1 F1500 X153.004 Y119.063 E2562.5304
G0 F9000 X153.004 Y118.497
G1 F1500 X164.941 Y130.435 E2563.3165
G0 F9000 X165.507 Y130.435
G1 F1500 X153.004 Y117.931 E2564.13988
G0 F9000 X153.004 Y117.366
G1 F1500 X166.073 Y130.435 E2565.00049
G0 F9000 X166.638 Y130.435
G1 F1500 X153.004 Y116.8 E2565.89835
G0 F9000 X153.004 Y116.234
G1 F1500 X167.204 Y130.435 E2566.83348
G0 F9000 X167.77 Y130.435
G1 F1500 X153.004 Y115.669 E2567.80584
G0 F9000 X153.004 Y115.103
G1 F1500 X168.335 Y130.435 E2568.81545
G0 F9000 X168.901 Y130.435
G1 F1500 X153.004 Y114.537 E2569.86232
G0 F9000 X153.004 Y113.972
G1 F1500 X169.467 Y130.435 E2570.94644
G0 F9000 X170.033 Y130.435
G1 F1500 X153.004 Y113.406 E2572.06783
G0 F9000 X153.004 Y112.84
G1 F1500 X170.598 Y130.435 E2573.22646
G0 F9000 X171.164 Y130.435
G1 F1500 X153.004 Y112.275 E2574.42232
G0 F9000 X153.004 Y111.709
G1 F1500 X171.73 Y130.435 E2575.65546
G0 F9000 X172.295 Y130.435
G1 F1500 X153.004 Y111.143 E2576.92584
G0 F9000 X153.004 Y110.578
G1 F1500 X172.861 Y130.435 E2578.23346
G0 F9000 X173.427 Y130.435
G1 F1500 X153.004 Y110.012 E2579.57835
G0 F9000 X153.004 Y109.446
G1 F1500 X173.992 Y130.435 E2580.96048
G0 F9000 X174.304 Y130.181
G1 F1500 X153.004 Y108.881 E2582.36312
G0 F9000 X153.004 Y108.315
G1 F1500 X173.904 Y129.215 E2583.73942
G0 F9000 X173.927 Y129.237
G1 F1500 X174.304 Y129.615 E2583.76428
G0 F9000 X174.745 Y129.615
G0 X174.673 Y128.87
G0 X174.345 Y128.649
G0 X173.904 Y128.649
G1 F1500 X153.004 Y107.749 E2585.14058
G0 F9000 X153.004 Y107.183
G1 F1500 X173.904 Y128.083 E2586.51688
G0 F9000 X173.904 Y127.518
G1 F1500 X153.004 Y106.618 E2587.89318
G0 F9000 X153.004 Y106.052
G1 F1500 X173.904 Y126.952 E2589.26948
G0 F9000 X173.904 Y126.386
G1 F1500 X153.004 Y105.486 E2590.64578
G0 F9000 X153.004 Y104.921
G1 F1500 X173.904 Y125.821 E2592.02208
G0 F9000 X173.904 Y125.255
G1 F1500 X153.004 Y104.355 E2593.39838
G0 F9000 X153.004 Y103.789
G1 F1500 X173.904 Y124.689 E2594.77468
G0 F9000 X173.904 Y124.124
G1 F1500 X153.004 Y103.224 E2596.15098
G0 F9000 X153.004 Y102.658
G1 F1500 X173.904 Y123.558 E2597.52729
G0 F9000 X173.904 Y122.992
G1 F1500 X153.004 Y102.092 E2598.90359
G0 F9000 X153.004 Y101.527
G1 F1500 X173.904 Y122.427 E2600.27989
G0 F9000 X173.904 Y121.861
G1 F1500 X153.004 Y100.961 E2601.65619
G0 F9000 X153.004 Y100.395
G1 F1500 X173.904 Y121.295 E2603.03249
G0 F9000 X173.904 Y120.729
G1 F1500 X153.004 Y99.83 E2604.40876
G0 F9000 X153.004 Y99.264
G1 F1500 X173.904 Y120.164 E2605.78506
G0 F9000 X173.904 Y119.598
G1 F1500 X153.004 Y98.698 E2607.16136
G0 F9000 X153.061 Y98.19
G1 F1500 X173.904 Y119.032 E2608.53387
G0 F9000 X173.904 Y118.467
G1 F1500 X153.627 Y98.19 E2609.86915
G0 F9000 X154.193 Y98.19
G1 F1500 X173.904 Y117.901 E2611.16715
G0 F9000 X173.904 Y117.335
G1 F1500 X154.758 Y98.19 E2612.42791
G0 F9000 X155.324 Y98.19
G1 F1500 X173.904 Y116.77 E2613.65144
G0 F9000 X173.904 Y116.204
G1 F1500 X155.89 Y98.19 E2614.83769
G0 F9000 X156.455 Y98.19
G1 F1500 X173.904 Y115.638 E2615.9867
G0 F9000 X173.904 Y115.073
G1 F1500 X157.021 Y98.19 E2617.09848
G0 F9000 X157.587 Y98.19
G1 F1500 X173.904 Y114.507 E2618.17298
G0 F9000 X173.904 Y113.941
G1 F1500 X158.152 Y98.19 E2619.21024
G0 F9000 X158.718 Y98.19
G1 F1500 X173.904 Y113.376 E2620.21027
G0 F9000 X173.904 Y112.81
G1 F1500 X159.284 Y98.19 E2621.17302
G0 F9000 X159.849 Y98.19
G1 F1500 X173.904 Y112.244 E2622.09853
G0 F9000 X173.904 Y111.679
G1 F1500 X160.415 Y98.19 E2622.98681
G0 F9000 X160.981 Y98.19
G1 F1500 X173.904 Y111.113 E2623.83781
G0 F9000 X173.904 Y110.547
G1 F1500 X161.547 Y98.19 E2624.65154
G0 F9000 X162.112 Y98.19
G1 F1500 X173.904 Y109.981 E2625.42803
G0 F9000 X173.904 Y109.416
G1 F1500 X162.678 Y98.19 E2626.16728
G0 F9000 X163.244 Y98.19
G1 F1500 X173.904 Y108.85 E2626.86926
G0 F9000 X173.904 Y108.284
G1 F1500 X163.81 Y98.19 E2627.53397
G0 F9000 X164.376 Y98.19
G1 F1500 X173.904 Y107.719 E2628.16143
G0 F9000 X173.904 Y107.153
G1 F1500 X164.941 Y98.19 E2628.75166
G0 F9000 X165.507 Y98.19
G1 F1500 X173.904 Y106.587 E2629.30462
G0 F9000 X173.904 Y106.022
G1 F1500 X166.073 Y98.19 E2629.82034
G0 F9000 X166.638 Y98.19
G1 F1500 X173.904 Y105.456 E2630.29882
G0 F9000 X173.904 Y104.89
G1 F1500 X167.204 Y98.19 E2630.74002
G0 F9000 X167.77 Y98.19
G1 F1500 X173.904 Y104.325 E2631.14399
G0 F9000 X173.904 Y103.759
G1 F1500 X168.335 Y98.19 E2631.51072
G0 F9000 X168.901 Y98.19
G1 F1500 X173.904 Y103.193 E2631.84017
G0 F9000 X173.904 Y102.628
G1 F1500 X169.467 Y98.19 E2632.13239
G0 F9000 X170.033 Y98.19
G1 F1500 X173.904 Y102.062 E2632.38734
G0 F9000 X173.904 Y101.496
G1 F1500 X170.598 Y98.19 E2632.60504
G0 F9000 X171.164 Y98.19
G1 F1500 X173.904 Y100.931 E2632.78551
G0 F9000 X173.904 Y100.365
G1 F1500 X171.73 Y98.19 E2632.9287
G0 F9000 X172.295 Y98.19
G1 F1500 X173.904 Y99.799 E2633.03466
G0 F9000 X173.904 Y99.233
G1 F1500 X172.861 Y98.19 E2633.10334
G0 F9000 X173.427 Y98.19
G1 F1500 X173.904 Y98.668 E2633.13479
G0 F9000 X174.446 Y98.927
;TYPE:SKIN
G1 F1500 X174.446 Y98.644 E2633.14976
G1 X174.661 Y98.293 E2633.17154
G1 X174.446 Y99.493 E2633.23605
G1 X174.446 Y128.625 E2634.7775
G1 X174.339 Y128.802 E2634.78844
G0 F9000 X174.345 Y128.676
G0 X174.673 Y128.87
G0 X174.673 Y130.803
G0 X152.237 Y130.804
G0 X152.237 Y128.871
G0 X152.565 Y128.653
G0 X152.461 Y128.42
G1 F1500 X152.457 Y128.698 E2634.80332
G1 X152.316 Y128.84 E2634.81402
G1 X152.461 Y127.854 E2634.86734
G1 X152.461 Y98.721 E2636.42594
G1 X152.637 Y98.331 E2636.44883
G0 F9000 X152.265 Y98.705
G1 F1500 E2629.94883
;MESH:NONMESH
G0 F300 X152.265 Y98.705 Z2.24
G0 F9000 X151.875 Y128.914
G0 X150.79 Y128.914
G0 X148.153 Y130.022
G0 X97.347 Y130.023
G0 X94.766 Y128.914
G0 X93.681 Y128.914
G1 F1500 E2636.44883
G0 F9000 X93.501 Y129.155
;TIME_ELAPSED:2719.939715
;LAYER:7
;TYPE:WALL-INNER
;MESH:copri staffa L 30x30x1,8 met??.stl(1)
G1 F1500 X70.9 Y129.156 E2637.50123
G1 X70.701 Y129.156 E2637.51049
G1 X70.701 Y128.957 E2637.51649
G1 X70.701 Y94.743 E2639.10963
G1 X70.701 Y94.544 E2639.1189
G1 X70.9 Y94.544 E2639.1249
G1 X71.501 Y94.545 E2639.15288
G1 X71.501 Y125.529 E2640.59563
G1 X92.701 Y125.529 E2641.58279
G1 X92.701 Y94.743 E2643.01631
G1 X92.701 Y94.544 E2643.02558
G1 X92.9 Y94.544 E2643.03157
G1 X93.501 Y94.545 E2643.05956
G1 X93.501 Y129.155 E2644.67114
G0 F9000 X93.901 Y129.555
;TYPE:WALL-OUTER
G1 F1500 X70.301 Y129.556 E2645.77006
G1 X70.301 Y94.144 E2647.41899
G1 X71.901 Y94.145 E2647.49349
G1 X71.901 Y125.129 E2648.93624
G1 X92.301 Y125.129 E2649.88615
G1 X92.301 Y94.144 E2651.32894
G1 X93.901 Y94.145 E2651.40344
G1 X93.901 Y129.555 E2653.05228
G0 F9000 X93.631 Y129.285
G0 X93.319 Y127.222
G0 X93.169 Y127.359
;TYPE:FILL
G1 F3000 X92.78 Y126.97 E2653.0779
G0 F9000 X93.141 Y127.359
G1 F3000 X93.42 Y127.285 E2653.09134
G0 F9000 X92.78 Y121.244
G1 F3000 X93.42 Y121.073 E2653.12218
G0 F9000 X93.42 Y119.125
G1 F3000 X92.78 Y118.485 E2653.16433
G0 F9000 X92.781 Y115.033
G1 F3000 X93.419 Y114.862 E2653.19508
G0 F9000 X93.42 Y110.64
G1 F3000 X92.78 Y110 E2653.23723
G0 F9000 X92.78 Y110.434
G1 F3000 X93.42 Y108.047 E2653.3523
G0 F9000 X93.419 Y108.65
G1 F3000 X92.78 Y108.821 E2653.38311
G0 F9000 X92.78 Y102.609
G1 F3000 X93.42 Y102.438 E2653.41395
G0 F9000 X93.42 Y102.155
G1 F3000 X92.78 Y101.515 E2653.4561
G0 F9000 X92.78 Y96.398
G1 F3000 X93.42 Y96.226 E2653.48696
G1 F1500 E2646.98696
G0 F9000 X92.529 Y125.357
G0 X71.673 Y125.357
G0 X71.419 Y95.91
G1 F1500 E2653.48696
G1 F3000 X70.78 Y96.081 E2653.51776
G0 F9000 X70.78 Y96.485
G1 F3000 X71.421 Y97.126 E2653.55997
G0 F9000 X71.42 Y97.424
G1 F3000 X70.78 Y99.811 E2653.67504
G0 F9000 X71.419 Y102.121
G1 F3000 X70.78 Y102.293 E2653.70586
G0 F9000 X70.78 Y104.97
G1 F3000 X71.421 Y105.611 E2653.74807
G0 F9000 X71.42 Y108.333
G1 F3000 X70.78 Y108.504 E2653.77891
G0 F9000 X70.78 Y113.455
G1 F3000 X71.421 Y114.096 E2653.82112
G0 F9000 X71.42 Y114.545
G1 F3000 X70.78 Y114.716 E2653.85197
G0 F9000 X71.42 Y120.607
G1 F3000 X70.78 Y122.993 E2653.967
G0 F9000 X71.421 Y122.581
G1 F3000 X70.78 Y121.941 E2654.00918
G0 F9000 X70.78 Y120.928
G1 F3000 X71.419 Y120.756 E2654.03999
G0 F9000 X71.211 Y126.968
G0 X71.419 Y126.968
G1 F3000 X70.78 Y127.139 E2654.07079
G0 F9000 X71.091 Y127.431
;TYPE:SKIN
G1 F1500 X71.491 Y127.431 E2654.08942
G1 X71.491 Y125.919 E2654.15982
G1 X92.711 Y125.919 E2655.14792
G1 X92.711 Y127.43 E2655.21827
G1 X93.111 Y127.43 E2655.2369
G1 X93.111 Y128.765 E2655.29906
G1 X71.091 Y128.766 E2656.32441
G1 X71.091 Y127.431 E2656.38657
G0 F9000 X70.811 Y127.431
G0 X71.211 Y126.338
G0 X71.651 Y126.338
G1 F1500 X71.912 Y126.077 E2656.40376
G0 F9000 X72.477 Y126.077
G1 F1500 X71.651 Y126.904 E2656.45818
G0 F9000 X71.651 Y127.47
G1 F1500 X73.043 Y126.077 E2656.54988
G0 F9000 X73.609 Y126.077
G1 F1500 X71.25 Y128.436 E2656.70523
G0 F9000 X71.646 Y128.605
G1 F1500 X74.174 Y126.077 E2656.8717
G0 F9000 X74.74 Y126.077
G1 F1500 X72.212 Y128.605 E2657.03817
G0 F9000 X72.778 Y128.605
G1 F1500 X75.306 Y126.077 E2657.20465
G0 F9000 X75.871 Y126.077
G1 F1500 X73.343 Y128.605 E2657.37112
G0 F9000 X73.909 Y128.605
G1 F1500 X76.437 Y126.077 E2657.53759
G0 F9000 X77.003 Y126.077
G1 F1500 X74.475 Y128.605 E2657.70407
G0 F9000 X75.041 Y128.605
G1 F1500 X77.568 Y126.077 E2657.87051
G0 F9000 X78.134 Y126.077
G1 F1500 X75.606 Y128.605 E2658.03698
G0 F9000 X76.172 Y128.605
G1 F1500 X78.7 Y126.077 E2658.20345
G0 F9000 X79.265 Y126.077
G1 F1500 X76.738 Y128.605 E2658.36989
G0 F9000 X77.303 Y128.605
G1 F1500 X79.831 Y126.077 E2658.53637
G0 F9000 X80.397 Y126.077
G1 F1500 X77.869 Y128.605 E2658.70284
G0 F9000 X78.435 Y128.605
G1 F1500 X80.963 Y126.077 E2658.86931
G0 F9000 X81.528 Y126.077
G1 F1500 X79 Y128.605 E2659.03578
G0 F9000 X79.566 Y128.605
G1 F1500 X82.094 Y126.077 E2659.20226
G0 F9000 X82.66 Y126.077
G1 F1500 X80.132 Y128.605 E2659.36873
G0 F9000 X80.697 Y128.605
G1 F1500 X83.225 Y126.077 E2659.5352
G0 F9000 X83.791 Y126.077
G1 F1500 X81.263 Y128.605 E2659.70168
G0 F9000 X81.829 Y128.605
G1 F1500 X84.357 Y126.077 E2659.86815
G0 F9000 X84.922 Y126.077
G1 F1500 X82.395 Y128.605 E2660.03459
G0 F9000 X82.961 Y128.605
G1 F1500 X85.488 Y126.077 E2660.20103
G0 F9000 X86.054 Y126.077
G1 F1500 X83.526 Y128.605 E2660.3675
G0 F9000 X84.092 Y128.605
G1 F1500 X86.619 Y126.077 E2660.53394
G0 F9000 X87.185 Y126.077
G1 F1500 X84.658 Y128.605 E2660.70038
G0 F9000 X85.224 Y128.605
G1 F1500 X87.751 Y126.077 E2660.86682
G0 F9000 X88.316 Y126.077
G1 F1500 X85.789 Y128.605 E2661.03326
G0 F9000 X86.355 Y128.605
G1 F1500 X88.882 Y126.077 E2661.1997
G0 F9000 X89.448 Y126.077
G1 F1500 X86.921 Y128.605 E2661.36614
G0 F9000 X87.486 Y128.605
G1 F1500 X90.013 Y126.077 E2661.53259
G0 F9000 X90.579 Y126.077
G1 F1500 X88.052 Y128.605 E2661.69903
G0 F9000 X88.618 Y128.605
G1 F1500 X91.145 Y126.077 E2661.86547
G0 F9000 X91.711 Y126.077
G1 F1500 X89.183 Y128.605 E2662.03194
G0 F9000 X89.749 Y128.605
G1 F1500 X92.276 Y126.077 E2662.19838
G0 F9000 X92.551 Y126.369
G1 F1500 X90.315 Y128.605 E2662.34562
G0 F9000 X90.88 Y128.605
G1 F1500 X92.551 Y126.934 E2662.45566
G0 F9000 X92.551 Y127.5
G1 F1500 X91.446 Y128.605 E2662.52843
G0 F9000 X92.012 Y128.605
G1 F1500 X92.95 Y127.666 E2662.59023
G0 F9000 X92.95 Y128.232
G1 F1500 X92.577 Y128.605 E2662.61479
G0 F9000 X92.577 Y129.046
G0 X70.883 Y128.974
G0 X70.883 Y127.223
G0 X71.241 Y127.181
G0 X71.53 Y127.59
G1 F1500 X71.25 Y127.87 E2662.63323
G1 F1500 E2656.13323
G0 F9000 X70.811 Y127.87
G0 X71.391 Y95.674
G1 F1500 E2662.63323
G0 F9000 X71.111 Y95.674
G1 F1500 X71.091 Y95.674 E2662.63416
G1 X71.091 Y94.934 E2662.66862
G1 X71.111 Y94.935 E2662.66955
G1 X71.111 Y95.674 E2662.70396
G1 F1500 E2656.20396
G0 F9000 X71.391 Y95.674
G0 X71.673 Y125.357
G0 X92.529 Y125.357
G0 X92.811 Y95.675
G1 F1500 E2662.70396
G0 F9000 X93.091 Y95.675
G1 F1500 X93.091 Y94.934 E2662.73847
G1 X93.111 Y94.935 E2662.7394
G1 X93.111 Y95.675 E2662.77386
G1 X93.091 Y95.675 E2662.77479
G0 F9000 X93.114 Y95.824
;TYPE:SKIN
G1 F1500 X92.876 Y96.062 E2662.78262
G0 F9000 X93.1 Y96.12
G1 F1500 X93.1 Y96.403 E2662.79751
G1 X93.1 Y125.253 E2664.31471
G1 X93.093 Y126.958 E2664.40437
G1 X93.19 Y127.144 E2664.4154
G0 F9000 X93.325 Y127.009
G0 X92.919 Y125.711
G0 X71.283 Y125.711
G0 X71.211 Y126.932
G0 X71.166 Y127.106
G1 F1500 X71.108 Y126.881 E2664.42763
G1 X71.1 Y120.949 E2664.73984
G1 X71.1 Y96.058 E2666.04987
G1 X70.965 Y95.911 E2666.06037
G1 F1500 E2659.56037
G0 F9000 X71.054 Y95.954
G0 X71.211 Y127.214
G1 F1500 E2666.06037
G0 F9000 X71.34 Y127.214
G1 F1500 X71.274 Y127.28 E2666.06255
G0 F9000 X70.911 Y126.851
G1 F1500 E2659.56255
;MESH:copri staffa L 30x30x1,8 met??.stl
G0 F9000 X70.883 Y128.974
G0 X93.681 Y129.111
G0 X94.766 Y129.111
G0 X97.335 Y129.111
G0 X98.42 Y129.111
G0 X98.6 Y129.111
;TYPE:WALL-INNER
G1 F1500 E2666.06255
G1 X98.6 Y128.912 E2666.07181
G1 X98.6 Y94.698 E2667.66496
G1 X98.6 Y94.499 E2667.67423
G1 X98.799 Y94.499 E2667.68022
G1 X99.4 Y94.5 E2667.70821
G1 X99.4 Y125.485 E2669.151
G1 X120.6 Y125.485 E2670.13816
G1 X120.6 Y94.698 E2671.57173
G1 X120.6 Y94.499 E2671.581
G1 X120.799 Y94.499 E2671.58699
G1 X121.4 Y94.5 E2671.61498
G1 X121.4 Y129.11 E2673.22656
G1 X98.799 Y129.111 E2674.27896
G1 X98.6 Y129.111 E2674.28496
G0 F9000 X98.2 Y129.511
;TYPE:WALL-OUTER
G1 F1500 X98.2 Y94.099 E2675.93389
G1 X99.8 Y94.1 E2676.00839
G1 X99.8 Y125.085 E2677.45118
G1 X120.2 Y125.085 E2678.40109
G1 X120.2 Y94.099 E2679.84393
G1 X121.8 Y94.1 E2679.91843
G1 X121.8 Y129.51 E2681.56727
G1 X98.2 Y129.511 E2682.66618
G0 F9000 X98.47 Y129.241
G0 X98.679 Y127.094
;TYPE:FILL
G1 F3000 X99.318 Y126.923 E2682.69698
G0 F9000 X99.11 Y126.923
G0 X98.68 Y122.944
G1 F3000 X99.319 Y120.557 E2682.81205
G0 F9000 X99.318 Y120.711
G1 F3000 X98.68 Y120.882 E2682.8428
G0 F9000 X98.679 Y121.896
G1 F3000 X99.319 Y122.536 E2682.88495
G0 F9000 X98.679 Y114.671
G1 F3000 X99.318 Y114.499 E2682.91576
G0 F9000 X99.319 Y114.051
G1 F3000 X98.679 Y113.411 E2682.95791
G0 F9000 X98.679 Y108.459
G1 F3000 X99.319 Y108.288 E2682.98875
G0 F9000 X99.319 Y105.566
G1 F3000 X98.678 Y104.925 E2683.03096
G0 F9000 X98.679 Y102.247
G1 F3000 X99.319 Y102.076 E2683.06181
G0 F9000 X98.679 Y99.762
G1 F3000 X99.319 Y97.375 E2683.17689
G0 F9000 X99.319 Y97.08
G1 F3000 X98.678 Y96.44 E2683.21906
G0 F9000 X98.679 Y96.036
G1 F3000 X99.319 Y95.864 E2683.24992
G1 F1500 E2676.74992
G0 F9000 X99.572 Y125.313
G0 X120.428 Y125.313
G0 X120.679 Y96.353
G1 F1500 E2683.24992
G1 F3000 X121.319 Y96.181 E2683.28078
G0 F9000 X120.679 Y101.469
G1 F3000 X121.319 Y102.11 E2683.32296
G0 F9000 X121.319 Y102.393
G1 F3000 X120.679 Y102.564 E2683.35381
G0 F9000 X121.319 Y107.998
G1 F3000 X120.679 Y110.387 E2683.46897
G0 F9000 X120.679 Y109.955
G1 F3000 X121.319 Y110.595 E2683.51112
G0 F9000 X120.679 Y108.776
G1 F3000 X121.318 Y108.604 E2683.54193
G0 F9000 X121.318 Y114.816
G1 F3000 X120.68 Y114.987 E2683.57269
G0 F9000 X120.679 Y118.44
G1 F3000 X121.319 Y119.081 E2683.61486
G0 F9000 X121.319 Y121.028
G1 F3000 X120.679 Y121.199 E2683.64571
G0 F9000 X120.89 Y126.925
G0 X120.679 Y126.925
G1 F3000 X121.067 Y127.313 E2683.67126
G0 F9000 X121.039 Y127.314
G1 F3000 X121.318 Y127.239 E2683.68471
G0 F9000 X121.01 Y127.385
;TYPE:SKIN
G1 F1500 X121.01 Y128.72 E2683.74688
G1 X98.99 Y128.721 E2684.77222
G1 X98.99 Y127.386 E2684.83438
G1 X99.39 Y127.386 E2684.85301
G1 X99.39 Y125.875 E2684.92337
G1 X120.61 Y125.875 E2685.91146
G1 X120.61 Y127.385 E2685.98177
G1 X121.01 Y127.385 E2686.0004
G0 F9000 X120.849 Y128.052
G1 F1500 X120.341 Y128.559 E2686.03382
G0 F9000 X119.776 Y128.559
G1 F1500 X120.792 Y127.543 E2686.10072
G0 F9000 X120.449 Y127.32
G1 F1500 X119.21 Y128.559 E2686.18231
G0 F9000 X118.644 Y128.559
G1 F1500 X120.449 Y126.754 E2686.30117
G0 F9000 X120.449 Y126.188
G1 F1500 X118.079 Y128.559 E2686.45728
G0 F9000 X117.513 Y128.559
G1 F1500 X120.039 Y126.034 E2686.62358
G0 F9000 X119.473 Y126.034
G1 F1500 X116.947 Y128.559 E2686.78989
G0 F9000 X116.381 Y128.559
G1 F1500 X118.907 Y126.034 E2686.9562
G0 F9000 X118.342 Y126.034
G1 F1500 X115.816 Y128.559 E2687.12251
G0 F9000 X115.25 Y128.559
G1 F1500 X117.776 Y126.034 E2687.28882
G0 F9000 X117.21 Y126.034
G1 F1500 X114.684 Y128.559 E2687.45513
G0 F9000 X114.119 Y128.559
G1 F1500 X116.645 Y126.034 E2687.62144
G0 F9000 X116.079 Y126.034
G1 F1500 X113.553 Y128.559 E2687.78774
G0 F9000 X112.987 Y128.559
G1 F1500 X115.513 Y126.034 E2687.95405
G0 F9000 X114.947 Y126.034
G1 F1500 X112.422 Y128.559 E2688.12033
G0 F9000 X111.856 Y128.559
G1 F1500 X114.382 Y126.034 E2688.28664
G0 F9000 X113.816 Y126.034
G1 F1500 X111.29 Y128.559 E2688.45294
G0 F9000 X110.725 Y128.559
G1 F1500 X113.25 Y126.034 E2688.61922
G0 F9000 X112.685 Y126.034
G1 F1500 X110.159 Y128.559 E2688.78553
G0 F9000 X109.593 Y128.559
G1 F1500 X112.119 Y126.034 E2688.95184
G0 F9000 X111.553 Y126.034
G1 F1500 X109.028 Y128.559 E2689.11811
G0 F9000 X108.462 Y128.559
G1 F1500 X110.988 Y126.034 E2689.28442
G0 F9000 X110.422 Y126.034
G1 F1500 X107.896 Y128.559 E2689.45073
G0 F9000 X107.331 Y128.559
G1 F1500 X109.856 Y126.034 E2689.61701
G0 F9000 X109.291 Y126.034
G1 F1500 X106.765 Y128.559 E2689.78331
G0 F9000 X106.199 Y128.559
G1 F1500 X108.725 Y126.034 E2689.94962
G0 F9000 X108.159 Y126.034
G1 F1500 X105.633 Y128.559 E2690.11593
G0 F9000 X105.068 Y128.559
G1 F1500 X107.594 Y126.034 E2690.28224
G0 F9000 X107.028 Y126.034
G1 F1500 X104.502 Y128.559 E2690.44855
G0 F9000 X103.936 Y128.559
G1 F1500 X106.462 Y126.034 E2690.61486
G0 F9000 X105.897 Y126.034
G1 F1500 X103.371 Y128.559 E2690.78116
G0 F9000 X102.805 Y128.559
G1 F1500 X105.331 Y126.034 E2690.94747
G0 F9000 X104.765 Y126.034
G1 F1500 X102.239 Y128.559 E2691.11378
G0 F9000 X101.674 Y128.559
G1 F1500 X104.199 Y126.034 E2691.28006
G0 F9000 X103.634 Y126.034
G1 F1500 X101.108 Y128.559 E2691.44637
G0 F9000 X100.542 Y128.559
G1 F1500 X103.068 Y126.034 E2691.61267
G0 F9000 X102.502 Y126.034
G1 F1500 X99.977 Y128.559 E2691.77895
G0 F9000 X99.411 Y128.559
G1 F1500 X101.937 Y126.034 E2691.94526
G0 F9000 X101.371 Y126.034
G1 F1500 X99.149 Y128.255 E2692.09155
G0 F9000 X99.149 Y127.69
G1 F1500 X99.294 Y127.545 E2692.1011
G0 F9000 X99.55 Y127.289
G1 F1500 X100.805 Y126.034 E2692.18374
G0 F9000 X100.24 Y126.034
G1 F1500 X99.55 Y126.724 E2692.22918
G0 F9000 X99.55 Y126.158
G1 F1500 X99.674 Y126.034 E2692.23734
G1 F1500 E2685.73734
G0 F9000 X99.674 Y125.595
G0 X120.428 Y125.313
G0 X120.71 Y95.63
G1 F1500 E2692.23734
G0 F9000 X120.99 Y95.63
G1 F1500 X120.99 Y94.889 E2692.27185
G1 X121.01 Y94.89 E2692.27278
G1 X121.01 Y95.63 E2692.30724
G1 X120.99 Y95.63 E2692.30817
G1 F1500 E2685.80817
G0 F9000 X120.71 Y95.63
G0 X120.428 Y125.313
G0 X99.572 Y125.313
G0 X99.29 Y95.629
G1 F1500 E2692.30817
G0 F9000 X99.01 Y95.629
G1 F1500 X98.99 Y95.629 E2692.3091
G1 X98.99 Y94.889 E2692.34356
G1 X99.01 Y94.89 E2692.34449
G1 X99.01 Y95.629 E2692.3789
G0 F9000 X98.937 Y95.941
;TYPE:SKIN
G1 F1500 X98.795 Y95.799 E2692.39094
G0 F9000 X98.999 Y96.161
G1 F1500 X98.999 Y96.444 E2692.40596
G1 X98.999 Y125.859 E2693.96675
G1 X99.007 Y126.983 E2694.02639
G1 X99.138 Y127.134 E2694.037
G0 F9000 X99.038 Y127.106
G0 X99.182 Y125.667
G0 X120.818 Y125.667
G0 X120.89 Y127.009
G0 X120.992 Y126.777
G1 F1500 X120.992 Y126.494 E2694.05203
G1 X120.999 Y120.265 E2694.38287
G1 X120.999 Y96.223 E2695.65984
G1 X120.825 Y95.83 E2695.68267
G1 F1500 E2689.18267
G0 F9000 X120.877 Y95.91
G0 X121.224 Y126.828
G0 X121.021 Y127.03
G1 F1500 E2695.68267
G1 X121.162 Y127.172 E2695.70002
G0 F9000 X121.2 Y126.923
G1 F1500 E2689.20002
;MESH:copri staffa L 30x30x1,8 met??.stl(2)
G0 F9000 X121.58 Y129.111
G0 X123.92 Y129.111
G0 X124.1 Y129.111
;TYPE:WALL-INNER
G1 F1500 E2695.70002
G1 X124.1 Y128.912 E2695.70929
G1 X124.1 Y94.698 E2697.30244
G1 X124.1 Y94.499 E2697.3117
G1 X124.299 Y94.499 E2697.3177
G1 X124.9 Y94.5 E2697.34568
G1 X124.9 Y125.485 E2698.78847
G1 X146.1 Y125.485 E2699.77564
G1 X146.1 Y94.698 E2701.20921
G1 X146.1 Y94.499 E2701.21847
G1 X146.299 Y94.499 E2701.22447
G1 X146.9 Y94.5 E2701.25245
G1 X146.9 Y129.11 E2702.86404
G1 X124.299 Y129.111 E2703.91644
G1 X124.1 Y129.111 E2703.92243
G0 F9000 X123.7 Y129.511
;TYPE:WALL-OUTER
G1 F1500 X123.7 Y94.099 E2705.57136
G1 X125.3 Y94.1 E2705.64587
G1 X125.3 Y125.085 E2707.08866
G1 X145.7 Y125.085 E2708.03857
G1 X145.7 Y94.099 E2709.48141
G1 X147.3 Y94.1 E2709.55591
G1 X147.3 Y129.51 E2711.20475
G1 X123.7 Y129.511 E2712.30366
G0 F9000 X123.97 Y129.241
G0 X124.179 Y127.094
;TYPE:FILL
G1 F3000 X124.819 Y126.923 E2712.33451
G0 F9000 X124.61 Y126.923
G0 X124.179 Y122.948
G1 F3000 X124.819 Y120.562 E2712.44954
G0 F9000 X124.819 Y120.711
G1 F3000 X124.179 Y120.883 E2712.4804
G0 F9000 X124.179 Y121.896
G1 F3000 X124.82 Y122.538 E2712.52264
G0 F9000 X124.179 Y114.671
G1 F3000 X124.818 Y114.499 E2712.55345
G0 F9000 X124.82 Y114.052
G1 F3000 X124.179 Y113.411 E2712.59566
G0 F9000 X124.179 Y108.459
G1 F3000 X124.819 Y108.288 E2712.62651
G0 F9000 X124.819 Y105.566
G1 F3000 X124.179 Y104.926 E2712.66866
G0 F9000 X124.179 Y102.248
G1 F3000 X124.819 Y102.076 E2712.69951
G0 F9000 X124.18 Y99.765
G1 F3000 X124.819 Y97.379 E2712.81453
G0 F9000 X124.819 Y97.081
G1 F3000 X124.179 Y96.44 E2712.85671
G0 F9000 X124.179 Y96.036
G1 F3000 X124.818 Y95.865 E2712.88751
G1 F1500 E2706.38751
G0 F9000 X125.072 Y125.313
G0 X145.928 Y125.313
G0 X146.179 Y96.352
G1 F1500 E2712.88751
G1 F3000 X146.819 Y96.181 E2712.91836
G0 F9000 X146.178 Y101.469
G1 F3000 X146.819 Y102.11 E2712.96057
G0 F9000 X146.819 Y102.393
G1 F3000 X146.18 Y102.564 E2712.99137
G0 F9000 X146.819 Y108.002
G1 F3000 X146.18 Y110.389 E2713.10643
G0 F9000 X146.178 Y109.955
G1 F3000 X146.819 Y110.595 E2713.14861
G0 F9000 X146.18 Y108.776
G1 F3000 X146.818 Y108.605 E2713.17937
G0 F9000 X146.818 Y114.816
G1 F3000 X146.18 Y114.987 E2713.21012
G0 F9000 X146.178 Y118.44
G1 F3000 X146.819 Y119.081 E2713.25233
G0 F9000 X146.819 Y121.028
G1 F3000 X146.179 Y121.199 E2713.28318
G0 F9000 X146.39 Y126.925
G0 X146.178 Y126.925
G1 F3000 X146.567 Y127.314 E2713.3088
G0 F9000 X146.539 Y127.314
G1 F3000 X146.818 Y127.24 E2713.32224
G0 F9000 X146.51 Y127.385
;TYPE:SKIN
G1 F1500 X146.51 Y128.72 E2713.3844
G1 X124.49 Y128.721 E2714.40974
G1 X124.49 Y127.386 E2714.47191
G1 X124.89 Y127.386 E2714.49053
G1 X124.89 Y125.875 E2714.56089
G1 X146.11 Y125.875 E2715.54898
G1 X146.11 Y127.385 E2715.6193
G1 X146.51 Y127.385 E2715.63792
G0 F9000 X146.349 Y128.008
G1 F1500 X145.796 Y128.56 E2715.6743
G0 F9000 X145.231 Y128.56
G1 F1500 X146.246 Y127.545 E2715.74114
G0 F9000 X145.949 Y127.276
G1 F1500 X144.665 Y128.56 E2715.8257
G0 F9000 X144.099 Y128.56
G1 F1500 X145.949 Y126.71 E2715.94752
G0 F9000 X145.949 Y126.145
G1 F1500 X143.534 Y128.56 E2716.10656
G0 F9000 X142.968 Y128.56
G1 F1500 X145.494 Y126.034 E2716.2729
G0 F9000 X144.929 Y126.034
G1 F1500 X142.402 Y128.56 E2716.43927
G0 F9000 X141.837 Y128.56
G1 F1500 X144.363 Y126.034 E2716.60561
G0 F9000 X143.797 Y126.034
G1 F1500 X141.271 Y128.56 E2716.77195
G0 F9000 X140.705 Y128.56
G1 F1500 X143.232 Y126.034 E2716.93833
G0 F9000 X142.666 Y126.034
G1 F1500 X140.14 Y128.56 E2717.10467
G0 F9000 X139.574 Y128.56
G1 F1500 X142.1 Y126.034 E2717.27101
G0 F9000 X141.535 Y126.034
G1 F1500 X139.008 Y128.56 E2717.43739
G0 F9000 X138.443 Y128.56
G1 F1500 X140.969 Y126.034 E2717.60373
G0 F9000 X140.403 Y126.034
G1 F1500 X137.877 Y128.56 E2717.77007
G0 F9000 X137.311 Y128.56
G1 F1500 X139.838 Y126.034 E2717.93644
G0 F9000 X139.272 Y126.034
G1 F1500 X136.745 Y128.56 E2718.10282
G0 F9000 X136.18 Y128.56
G1 F1500 X138.706 Y126.034 E2718.26916
G0 F9000 X138.141 Y126.034
G1 F1500 X135.614 Y128.56 E2718.43553
G0 F9000 X135.048 Y128.56
G1 F1500 X137.575 Y126.034 E2718.60191
G0 F9000 X137.009 Y126.034
G1 F1500 X134.483 Y128.56 E2718.76825
G0 F9000 X133.917 Y128.56
G1 F1500 X136.444 Y126.034 E2718.93462
G0 F9000 X135.878 Y126.034
G1 F1500 X133.351 Y128.56 E2719.101
G0 F9000 X132.786 Y128.56
G1 F1500 X135.312 Y126.034 E2719.26734
G0 F9000 X134.746 Y126.034
G1 F1500 X132.22 Y128.56 E2719.43368
G0 F9000 X131.654 Y128.56
G1 F1500 X134.181 Y126.034 E2719.60005
G0 F9000 X133.615 Y126.034
G1 F1500 X131.089 Y128.56 E2719.7664
G0 F9000 X130.523 Y128.56
G1 F1500 X133.049 Y126.034 E2719.93274
G0 F9000 X132.484 Y126.034
G1 F1500 X129.957 Y128.56 E2720.09911
G0 F9000 X129.392 Y128.56
G1 F1500 X131.918 Y126.034 E2720.26545
G0 F9000 X131.352 Y126.034
G1 F1500 X128.826 Y128.56 E2720.43179
G0 F9000 X128.26 Y128.56
G1 F1500 X130.787 Y126.034 E2720.59817
G0 F9000 X130.221 Y126.034
G1 F1500 X127.694 Y128.56 E2720.76454
G0 F9000 X127.129 Y128.56
G1 F1500 X129.655 Y126.034 E2720.93088
G0 F9000 X129.09 Y126.034
G1 F1500 X126.563 Y128.56 E2721.09726
G0 F9000 X125.997 Y128.56
G1 F1500 X128.524 Y126.034 E2721.26363
G0 F9000 X127.958 Y126.034
G1 F1500 X125.432 Y128.56 E2721.42997
G0 F9000 X124.866 Y128.56
G1 F1500 X127.393 Y126.034 E2721.59635
G0 F9000 X126.827 Y126.034
G1 F1500 X124.65 Y128.211 E2721.73971
G0 F9000 X124.65 Y127.645
G1 F1500 X124.75 Y127.545 E2721.74629
G0 F9000 X125.05 Y127.245
G1 F1500 X126.261 Y126.034 E2721.82604
G0 F9000 X125.696 Y126.034
G1 F1500 X125.05 Y126.679 E2721.86855
G0 F9000 X125.05 Y126.113
G1 F1500 X125.13 Y126.034 E2721.87378
G1 F1500 E2715.37378
G0 F9000 X125.13 Y125.595
G0 X145.928 Y125.313
G0 X146.21 Y95.63
G1 F1500 E2721.87378
G0 F9000 X146.49 Y95.63
G1 F1500 X146.49 Y94.889 E2721.90829
G1 X146.51 Y94.89 E2721.90922
G1 X146.51 Y95.63 E2721.94368
G1 X146.49 Y95.63 E2721.94461
G1 F1500 E2715.44461
G0 F9000 X146.21 Y95.63
G0 X145.928 Y125.313
G0 X125.072 Y125.313
G0 X124.79 Y95.629
G1 F1500 E2721.94461
G0 F9000 X124.51 Y95.629
G1 F1500 X124.49 Y95.629 E2721.94554
G1 X124.49 Y94.889 E2721.98
G1 X124.51 Y94.89 E2721.98093
G1 X124.51 Y95.629 E2722.01534
G0 F9000 X124.414 Y95.919
;TYPE:SKIN
G1 F1500 X124.498 Y96.117 E2722.02669
G1 X124.499 Y112.522 E2722.89275
G1 X124.499 Y125.816 E2723.59456
G1 X124.507 Y126.939 E2723.65385
G1 X124.617 Y127.112 E2723.66467
G0 F9000 X124.61 Y126.99
G0 X124.682 Y125.667
G0 X146.318 Y125.667
G0 X146.39 Y126.966
G0 X146.491 Y126.734
G1 F1500 X146.498 Y127.009 E2723.67884
G1 X146.639 Y127.151 E2723.68915
G1 X146.491 Y126.168 E2723.74035
G1 X146.498 Y120.22 E2724.04671
G1 X146.498 Y96.179 E2725.28495
G1 X146.303 Y95.808 E2725.30654
G0 F9000 X146.3 Y96.092
G1 F1500 E2718.80654
;MESH:copri staffa L 30x30x1,8 met??.stl(3)
G0 F9000 X147.086 Y129.296
G0 X148.165 Y129.296
G0 X150.79 Y129.296
G0 X151.875 Y129.296
G0 X152.055 Y131.327
;TYPE:WALL-INNER
G1 F1500 E2725.30654
G1 X152.055 Y131.128 E2725.3158
G1 X152.055 Y96.914 E2726.90895
G1 X152.055 Y96.715 E2726.91822
G1 X152.254 Y96.715 E2726.92421
G1 X152.855 Y96.716 E2726.9522
G1 X152.855 Y127.701 E2728.39499
G1 X174.055 Y127.701 E2729.38215
G1 X174.055 Y96.914 E2730.81572
G1 X174.055 Y96.715 E2730.82499
G1 X174.254 Y96.715 E2730.83098
G1 X174.855 Y96.716 E2730.85897
G1 X174.855 Y131.326 E2732.47056
G1 X152.254 Y131.327 E2733.52295
G1 X152.055 Y131.327 E2733.52895
G0 F9000 X151.655 Y131.727
;TYPE:WALL-OUTER
G1 F1500 X151.655 Y96.315 E2735.17788
G1 X153.255 Y96.316 E2735.25238
G1 X153.255 Y127.301 E2736.69517
G1 X173.655 Y127.301 E2737.64508
G1 X173.655 Y96.315 E2739.08792
G1 X175.255 Y96.316 E2739.16242
G1 X175.255 Y131.726 E2740.81126
G1 X151.655 Y131.727 E2741.91018
G0 F9000 X151.925 Y131.457
G0 X152.134 Y129.31
;TYPE:FILL
G1 F3000 X152.773 Y129.139 E2741.94098
G0 F9000 X152.565 Y129.139
G0 X152.134 Y125.164
G1 F3000 X152.774 Y122.778 E2742.05601
G0 F9000 X152.773 Y122.927
G1 F3000 X152.134 Y123.099 E2742.08682
G0 F9000 X152.134 Y124.112
G1 F3000 X152.774 Y124.753 E2742.129
G0 F9000 X152.134 Y116.887
G1 F3000 X152.774 Y116.716 E2742.15985
G0 F9000 X152.774 Y116.268
G1 F3000 X152.134 Y115.627 E2742.20202
G0 F9000 X152.134 Y110.675
G1 F3000 X152.774 Y110.504 E2742.23287
G0 F9000 X152.774 Y107.782
G1 F3000 X152.134 Y107.142 E2742.27502
G0 F9000 X152.134 Y104.464
G1 F3000 X152.773 Y104.292 E2742.30583
G0 F9000 X152.134 Y101.982
G1 F3000 X152.774 Y99.595 E2742.4209
G0 F9000 X152.774 Y99.297
G1 F3000 X152.134 Y98.656 E2742.46308
G0 F9000 X152.134 Y98.252
G1 F3000 X152.773 Y98.081 E2742.49388
G1 F1500 E2735.99388
G0 F9000 X153.027 Y127.529
G0 X173.883 Y127.529
G0 X174.134 Y98.569
G1 F1500 E2742.49388
G1 F3000 X174.774 Y98.397 E2742.52474
G0 F9000 X174.134 Y103.686
G1 F3000 X174.774 Y104.326 E2742.56689
G0 F9000 X174.774 Y104.609
G1 F3000 X174.134 Y104.78 E2742.59773
G0 F9000 X174.774 Y110.218
G1 F3000 X174.135 Y112.605 E2742.7128
G0 F9000 X174.134 Y112.171
G1 F3000 X174.774 Y112.811 E2742.75494
G0 F9000 X174.134 Y110.992
G1 F3000 X174.773 Y110.821 E2742.78574
G0 F9000 X174.773 Y117.033
G1 F3000 X174.135 Y117.204 E2742.8165
G0 F9000 X174.134 Y120.657
G1 F3000 X174.774 Y121.297 E2742.85864
G0 F9000 X174.774 Y123.244
G1 F3000 X174.134 Y123.415 E2742.88949
G0 F9000 X174.345 Y129.142
G0 X174.134 Y129.142
G1 F3000 X174.522 Y129.53 E2742.91504
G0 F9000 X174.495 Y129.53
G1 F3000 X174.774 Y129.456 E2742.92848
G0 F9000 X174.465 Y129.601
;TYPE:SKIN
G1 F1500 X174.465 Y130.936 E2742.99064
G1 X152.445 Y130.937 E2744.01599
G1 X152.445 Y129.602 E2744.07815
G1 X152.845 Y129.602 E2744.09678
G1 X152.845 Y128.091 E2744.16713
G1 X174.065 Y128.091 E2745.15523
G1 X174.065 Y129.601 E2745.22554
G1 X174.465 Y129.601 E2745.24416
G0 F9000 X174.465 Y129.321
G0 X174.745 Y130.6
G0 X174.303 Y130.6
G1 F1500 X174.127 Y130.776 E2745.25575
G0 F9000 X173.562 Y130.776
G1 F1500 X174.303 Y130.034 E2745.30458
G0 F9000 X174.011 Y129.761
G1 F1500 X172.996 Y130.776 E2745.37142
G0 F9000 X172.43 Y130.776
G1 F1500 X173.904 Y129.302 E2745.46849
G0 F9000 X173.904 Y128.737
G1 F1500 X171.865 Y130.776 E2745.60276
G0 F9000 X171.299 Y130.776
G1 F1500 X173.825 Y128.25 E2745.7691
G0 F9000 X173.259 Y128.25
G1 F1500 X170.733 Y130.776 E2745.93544
G0 F9000 X170.168 Y130.776
G1 F1500 X172.693 Y128.25 E2746.10175
G0 F9000 X172.128 Y128.25
G1 F1500 X169.602 Y130.776 E2746.26809
G0 F9000 X169.036 Y130.776
G1 F1500 X171.562 Y128.25 E2746.43443
G0 F9000 X170.996 Y128.25
G1 F1500 X168.471 Y130.776 E2746.60074
G0 F9000 X167.905 Y130.776
G1 F1500 X170.431 Y128.25 E2746.76708
G0 F9000 X169.865 Y128.25
G1 F1500 X167.339 Y130.776 E2746.93343
G0 F9000 X166.773 Y130.776
G1 F1500 X169.299 Y128.25 E2747.09977
G0 F9000 X168.734 Y128.25
G1 F1500 X166.208 Y130.776 E2747.26611
G0 F9000 X165.642 Y130.776
G1 F1500 X168.168 Y128.25 E2747.43245
G0 F9000 X167.602 Y128.25
G1 F1500 X165.076 Y130.776 E2747.59879
G0 F9000 X164.511 Y130.776
G1 F1500 X167.037 Y128.25 E2747.76513
G0 F9000 X166.471 Y128.25
G1 F1500 X163.945 Y130.776 E2747.93147
G0 F9000 X163.379 Y130.777
G1 F1500 X165.905 Y128.25 E2748.09785
G0 F9000 X165.339 Y128.25
G1 F1500 X162.813 Y130.777 E2748.26422
G0 F9000 X162.247 Y130.777
G1 F1500 X164.774 Y128.25 E2748.43063
G0 F9000 X164.208 Y128.25
G1 F1500 X161.682 Y130.777 E2748.597
G0 F9000 X161.116 Y130.777
G1 F1500 X163.642 Y128.25 E2748.76338
G0 F9000 X163.077 Y128.25
G1 F1500 X160.55 Y130.777 E2748.92979
G0 F9000 X159.985 Y130.777
G1 F1500 X162.511 Y128.25 E2749.09616
G0 F9000 X161.945 Y128.25
G1 F1500 X159.419 Y130.777 E2749.26253
G0 F9000 X158.853 Y130.777
G1 F1500 X161.38 Y128.25 E2749.42894
G0 F9000 X160.814 Y128.25
G1 F1500 X158.287 Y130.777 E2749.59535
G0 F9000 X157.722 Y130.777
G1 F1500 X160.248 Y128.25 E2749.76172
G0 F9000 X159.683 Y128.25
G1 F1500 X157.156 Y130.777 E2749.92813
G0 F9000 X156.59 Y130.777
G1 F1500 X159.117 Y128.25 E2750.09454
G0 F9000 X158.551 Y128.25
G1 F1500 X156.025 Y130.777 E2750.26091
G0 F9000 X155.459 Y130.777
G1 F1500 X157.986 Y128.25 E2750.42732
G0 F9000 X157.42 Y128.25
G1 F1500 X154.893 Y130.777 E2750.59373
G0 F9000 X154.328 Y130.777
G1 F1500 X156.854 Y128.25 E2750.7601
G0 F9000 X156.288 Y128.25
G1 F1500 X153.762 Y130.777 E2750.92648
G0 F9000 X153.196 Y130.777
G1 F1500 X155.723 Y128.25 E2751.09288
G0 F9000 X155.157 Y128.25
G1 F1500 X152.631 Y130.777 E2751.25926
G0 F9000 X152.604 Y130.238
G1 F1500 X154.591 Y128.25 E2751.39014
G0 F9000 X154.026 Y128.25
G1 F1500 X153.004 Y129.272 E2751.45744
G0 F9000 X153.004 Y128.706
G1 F1500 X153.46 Y128.25 E2751.48747
G1 F1500 E2744.98747
G0 F9000 X153.46 Y127.811
G0 X173.883 Y127.529
G0 X174.165 Y97.846
G1 F1500 E2751.48747
G0 F9000 X174.445 Y97.846
G1 F1500 X174.445 Y97.105 E2751.52197
G1 X174.465 Y97.106 E2751.5229
G1 X174.465 Y97.846 E2751.55736
G1 X174.445 Y97.846 E2751.55829
G1 F1500 E2745.05829
G0 F9000 X174.165 Y97.846
G0 X173.883 Y127.529
G0 X153.027 Y127.529
G0 X152.745 Y97.845
G1 F1500 E2751.55829
G0 F9000 X152.465 Y97.845
G1 F1500 X152.445 Y97.845 E2751.55922
G1 X152.445 Y97.105 E2751.59368
G1 X152.465 Y97.106 E2751.59461
G1 X152.465 Y97.845 E2751.62902
G0 F9000 X152.416 Y98.181
;TYPE:SKIN
G1 F1500 X152.275 Y98.04 E2751.63944
G1 X152.454 Y98.427 E2751.66173
G1 X152.454 Y127.842 E2753.19889
G1 X152.476 Y129.234 E2753.27164
G1 X152.618 Y129.376 E2753.28213
G0 F9000 X152.542 Y129.322
G0 X152.637 Y127.883
G0 X174.273 Y127.883
G0 X174.345 Y129.276
G0 X174.446 Y129.043
G1 F1500 X174.446 Y128.76 E2753.29719
G1 X174.454 Y122.812 E2753.61355
G1 X174.454 Y98.488 E2754.90731
G1 X174.305 Y98.071 E2754.93086
G1 F1500 E2748.43086
G0 F9000 X174.381 Y98.126
G0 X174.679 Y129.093
G0 X174.5 Y129.272
G1 F1500 E2754.93086
G1 X174.641 Y129.413 E2754.94514
G0 F9000 X174.655 Y129.139
G1 F1500 E2748.44514
;MESH:NONMESH
G0 F300 X174.655 Y129.139 Z2.52
G0 F9000 X174.273 Y127.883
G0 X152.637 Y127.883
G0 X151.875 Y129.255
G0 X150.79 Y129.255
G0 X148.153 Y130.363
G0 X97.347 Y130.364
G0 X94.766 Y129.255
G0 X93.681 Y129.255
G1 F1500 E2754.94514
G0 F9000 X93.501 Y129.497
;TIME_ELAPSED:2882.650105
;LAYER:8
;TYPE:WALL-INNER
;MESH:copri staffa L 30x30x1,8 met??.stl(1)
G1 F1500 X70.9 Y129.498 E2755.99754
G1 X70.701 Y129.498 E2756.0068
G1 X70.701 Y129.299 E2756.0128
G1 X70.701 Y94.463 E2757.63491
G1 X70.701 Y94.264 E2757.64417
G1 X70.9 Y94.264 E2757.65017
G1 X71.501 Y94.265 E2757.67815
G1 X71.501 Y126.786 E2759.19247
G1 X92.701 Y126.786 E2760.17963
G1 X92.701 Y94.463 E2761.68472
G1 X92.701 Y94.264 E2761.69399
G1 X92.9 Y94.264 E2761.69998
G1 X93.501 Y94.265 E2761.72797
G1 X93.501 Y129.497 E2763.36852
G0 F9000 X93.901 Y129.897
;TYPE:WALL-OUTER
G1 F1500 X70.301 Y129.898 E2764.46743
G1 X70.301 Y93.864 E2766.14533
G1 X71.901 Y93.865 E2766.21983
G1 X71.901 Y126.386 E2767.73415
G1 X92.301 Y126.386 E2768.68405
G1 X92.301 Y93.864 E2770.19842
G1 X93.901 Y93.865 E2770.27292
G1 X93.901 Y129.897 E2771.95072
G0 F9000 X93.631 Y129.627
G0 X93.419 Y127.49
;TYPE:FILL
G1 F3000 X92.78 Y127.661 E2771.98152
G0 F9000 X93.42 Y127.33
G1 F3000 X92.78 Y126.69 E2772.02367
G0 F9000 X92.78 Y121.449
G1 F3000 X93.419 Y121.278 E2772.05447
G0 F9000 X93.42 Y118.845
G1 F3000 X92.78 Y118.205 E2772.09661
G0 F9000 X92.78 Y115.238
G1 F3000 X93.419 Y115.067 E2772.12741
G0 F9000 X93.42 Y110.36
G1 F3000 X92.78 Y109.72 E2772.16956
G0 F9000 X92.78 Y109.67
G1 F3000 X93.42 Y107.283 E2772.28463
G0 F9000 X93.42 Y108.855
G1 F3000 X92.78 Y109.026 E2772.31548
G0 F9000 X92.78 Y102.814
G1 F3000 X93.419 Y102.643 E2772.34628
G0 F9000 X93.42 Y101.874
G1 F3000 X92.78 Y101.235 E2772.38839
G0 F9000 X92.781 Y96.603
G1 F3000 X93.419 Y96.432 E2772.41915
G1 F1500 E2765.91915
G0 F9000 X92.529 Y126.614
G0 X71.673 Y126.614
G0 X71.42 Y96.658
G1 F1500 E2772.41915
G1 F3000 X70.781 Y99.044 E2772.53417
G0 F9000 X71.421 Y96.846
G1 F3000 X70.78 Y96.205 E2772.57638
G0 F9000 X70.78 Y96.286
G1 F3000 X71.42 Y96.115 E2772.60722
G0 F9000 X71.419 Y102.326
G1 F3000 X70.781 Y102.497 E2772.63798
G0 F9000 X70.78 Y104.69
G1 F3000 X71.421 Y105.331 E2772.68019
G0 F9000 X71.42 Y108.538
G1 F3000 X70.78 Y108.709 E2772.71104
G0 F9000 X70.78 Y113.175
G1 F3000 X71.421 Y113.816 E2772.75325
G0 F9000 X71.42 Y114.75
G1 F3000 X70.78 Y114.921 E2772.7841
G0 F9000 X71.42 Y119.84
G1 F3000 X70.781 Y122.227 E2772.89916
G0 F9000 X70.78 Y121.661
G1 F3000 X71.421 Y122.301 E2772.94134
G0 F9000 X70.781 Y121.132
G1 F3000 X71.419 Y120.961 E2772.97209
G0 F9000 X71.211 Y127.173
G0 X71.42 Y127.173
G1 F3000 X70.781 Y127.344 E2773.00289
G0 F9000 X71.091 Y127.955
;TYPE:SKIN
G1 F1500 X71.491 Y127.955 E2773.02152
G1 X71.491 Y127.176 E2773.05779
G1 X92.711 Y127.176 E2774.04589
G1 X92.711 Y127.954 E2774.08211
G1 X93.111 Y127.954 E2774.10074
G1 X93.111 Y129.107 E2774.15443
G1 X71.091 Y129.108 E2775.17977
G1 X71.091 Y127.955 E2775.23346
G0 F9000 X70.811 Y127.955
G0 X70.883 Y129.316
G0 X71.812 Y129.388
G0 X71.812 Y128.946
G1 F1500 X71.251 Y128.385 E2775.2704
G0 F9000 X71.545 Y128.114
G1 F1500 X72.378 Y128.946 E2775.32522
G0 F9000 X72.943 Y128.946
G1 F1500 X71.65 Y127.653 E2775.41037
G0 F9000 X71.898 Y127.335
G1 F1500 X73.509 Y128.946 E2775.51646
G0 F9000 X74.075 Y128.946
G1 F1500 X72.464 Y127.335 E2775.62254
G0 F9000 X73.029 Y127.335
G1 F1500 X74.64 Y128.946 E2775.72863
G0 F9000 X75.206 Y128.946
G1 F1500 X73.595 Y127.335 E2775.83472
G0 F9000 X74.161 Y127.335
G1 F1500 X75.772 Y128.946 E2775.9408
G0 F9000 X76.337 Y128.946
G1 F1500 X74.727 Y127.335 E2776.04686
G0 F9000 X75.292 Y127.335
G1 F1500 X76.903 Y128.946 E2776.15295
G0 F9000 X77.469 Y128.946
G1 F1500 X75.858 Y127.335 E2776.25903
G0 F9000 X76.424 Y127.335
G1 F1500 X78.034 Y128.946 E2776.36509
G0 F9000 X78.6 Y128.946
G1 F1500 X76.989 Y127.335 E2776.47117
G0 F9000 X77.555 Y127.335
G1 F1500 X79.166 Y128.946 E2776.57726
G0 F9000 X79.731 Y128.946
G1 F1500 X78.121 Y127.335 E2776.68332
G0 F9000 X78.686 Y127.335
G1 F1500 X80.297 Y128.946 E2776.7894
G0 F9000 X80.863 Y128.946
G1 F1500 X79.252 Y127.335 E2776.89549
G0 F9000 X79.818 Y127.335
G1 F1500 X81.429 Y128.946 E2777.00158
G0 F9000 X81.994 Y128.946
G1 F1500 X80.383 Y127.335 E2777.10766
G0 F9000 X80.949 Y127.335
G1 F1500 X82.56 Y128.946 E2777.21375
G0 F9000 X83.126 Y128.946
G1 F1500 X81.515 Y127.335 E2777.31984
G0 F9000 X82.08 Y127.335
G1 F1500 X83.691 Y128.946 E2777.42593
G0 F9000 X84.257 Y128.946
G1 F1500 X82.646 Y127.335 E2777.53201
G0 F9000 X83.212 Y127.335
G1 F1500 X84.823 Y128.946 E2777.6381
G0 F9000 X85.388 Y128.946
G1 F1500 X83.778 Y127.335 E2777.74415
G0 F9000 X84.343 Y127.335
G1 F1500 X85.954 Y128.946 E2777.85024
G0 F9000 X86.52 Y128.946
G1 F1500 X84.909 Y127.335 E2777.95633
G0 F9000 X85.475 Y127.335
G1 F1500 X87.085 Y128.946 E2778.06238
G0 F9000 X87.651 Y128.946
G1 F1500 X86.04 Y127.335 E2778.16847
G0 F9000 X86.606 Y127.335
G1 F1500 X88.217 Y128.946 E2778.27456
G0 F9000 X88.782 Y128.946
G1 F1500 X87.172 Y127.335 E2778.38061
G0 F9000 X87.737 Y127.335
G1 F1500 X89.348 Y128.946 E2778.4867
G0 F9000 X89.914 Y128.946
G1 F1500 X88.303 Y127.335 E2778.59278
G0 F9000 X88.869 Y127.335
G1 F1500 X90.479 Y128.946 E2778.69884
G0 F9000 X91.045 Y128.946
G1 F1500 X89.434 Y127.335 E2778.80493
G0 F9000 X90 Y127.335
G1 F1500 X91.611 Y128.946 E2778.91101
G0 F9000 X92.177 Y128.946
G1 F1500 X90.566 Y127.335 E2779.0171
G0 F9000 X91.131 Y127.335
G1 F1500 X92.742 Y128.946 E2779.12319
G0 F9000 X92.951 Y128.589
G1 F1500 X91.697 Y127.335 E2779.20577
G0 F9000 X92.263 Y127.335
G1 F1500 X92.551 Y127.623 E2779.22473
G1 F1500 E2772.72473
G0 F9000 X92.991 Y127.623
G0 X92.919 Y126.968
G0 X71.673 Y126.614
G0 X71.391 Y95.394
G1 F1500 E2779.22473
G0 F9000 X71.111 Y95.394
G1 F1500 X71.091 Y95.394 E2779.22566
G1 X71.091 Y94.654 E2779.26012
G1 X71.111 Y94.655 E2779.26105
G1 X71.111 Y95.394 E2779.29546
G1 F1500 E2772.79546
G0 F9000 X71.391 Y95.394
G0 X71.673 Y126.614
G0 X92.529 Y126.614
G0 X92.811 Y95.395
G1 F1500 E2779.29546
G0 F9000 X93.091 Y95.395
G1 F1500 X93.091 Y94.654 E2779.32997
G1 X93.111 Y94.655 E2779.3309
G1 X93.111 Y95.395 E2779.36536
G1 X93.091 Y95.395 E2779.36629
G0 F9000 X93.162 Y95.707
;TYPE:SKIN
G1 F1500 X93.303 Y95.566 E2779.37854
G0 F9000 X93.1 Y95.929
G1 F1500 X93.1 Y96.211 E2779.39354
G1 X93.1 Y127.041 E2781.03383
G1 X93.078 Y127.585 E2781.0628
G1 X92.936 Y127.726 E2781.07344
G0 F9000 X92.991 Y127.65
G0 X92.919 Y126.968
G0 X71.283 Y126.968
G0 X71.211 Y127.626
G0 X71.108 Y127.393
G1 F1500 X71.108 Y127.11 E2781.08848
G1 X71.101 Y121.164 E2781.40438
G1 X71.101 Y95.991 E2782.74177
G1 X71.272 Y95.596 E2782.76464
G1 F1500 E2776.26464
G0 F9000 X71.361 Y95.644
G0 X70.876 Y127.444
G0 X71.055 Y127.623
G1 F1500 E2782.76464
G1 X70.914 Y127.765 E2782.77894
G0 F9000 X70.901 Y127.493
G1 F1500 E2776.27894
;MESH:copri staffa L 30x30x1,8 met??.stl
G0 F9000 X70.883 Y129.316
G0 X93.681 Y129.453
G0 X94.766 Y129.453
G0 X97.335 Y129.453
G0 X98.42 Y129.453
G0 X98.6 Y129.453
;TYPE:WALL-INNER
G1 F1500 E2782.77894
G1 X98.6 Y129.254 E2782.78821
G1 X98.6 Y94.418 E2784.41032
G1 X98.6 Y94.219 E2784.41959
G1 X98.799 Y94.219 E2784.42558
G1 X99.4 Y94.22 E2784.45357
G1 X99.4 Y126.741 E2785.96788
G1 X120.6 Y126.741 E2786.95504
G1 X120.6 Y94.418 E2788.46014
G1 X120.6 Y94.219 E2788.4694
G1 X120.799 Y94.219 E2788.4754
G1 X121.4 Y94.22 E2788.50338
G1 X121.4 Y129.452 E2790.14393
G1 X98.799 Y129.453 E2791.19633
G1 X98.6 Y129.453 E2791.20232
G0 F9000 X98.2 Y129.853
;TYPE:WALL-OUTER
G1 F1500 X98.2 Y93.819 E2792.88022
G1 X99.8 Y93.82 E2792.95472
G1 X99.8 Y126.341 E2794.46904
G1 X120.2 Y126.341 E2795.41894
G1 X120.2 Y93.819 E2796.93331
G1 X121.8 Y93.82 E2797.00781
G1 X121.8 Y129.852 E2798.68561
G1 X98.2 Y129.853 E2799.78452
G0 F9000 X98.47 Y129.583
G0 X98.679 Y127.299
;TYPE:FILL
G1 F3000 X99.319 Y127.128 E2799.81537
G0 F9000 X99.11 Y127.128
G0 X99.32 Y122.257
G1 F3000 X98.678 Y121.616 E2799.85761
G0 F9000 X98.68 Y121.087
G1 F3000 X99.318 Y120.916 E2799.88837
G0 F9000 X99.319 Y119.791
G1 F3000 X98.679 Y122.182 E2800.00362
G0 F9000 X98.68 Y114.875
G1 F3000 X99.319 Y114.704 E2800.03443
G0 F9000 X99.32 Y113.772
G1 F3000 X98.678 Y113.13 E2800.0767
G0 F9000 X98.679 Y108.664
G1 F3000 X99.319 Y108.493 E2800.10755
G0 F9000 X99.32 Y105.286
G1 F3000 X98.678 Y104.645 E2800.14979
G0 F9000 X98.68 Y102.452
G1 F3000 X99.318 Y102.281 E2800.18055
G0 F9000 X98.679 Y98.999
G1 F3000 X99.32 Y96.608 E2800.29582
G0 F9000 X99.32 Y96.801
G1 F3000 X98.678 Y96.16 E2800.33806
G0 F9000 X98.679 Y96.241
G1 F3000 X99.318 Y96.069 E2800.36887
G1 F1500 E2793.86887
G0 F9000 X99.572 Y126.569
G0 X120.428 Y126.569
G0 X120.68 Y96.557
G1 F1500 E2800.36887
G1 F3000 X121.318 Y96.386 E2800.39963
G0 F9000 X120.679 Y101.189
G1 F3000 X121.32 Y101.831 E2800.44187
G0 F9000 X121.318 Y102.598
G1 F3000 X120.679 Y102.769 E2800.47268
G0 F9000 X121.319 Y107.234
G1 F3000 X120.679 Y109.621 E2800.58775
G0 F9000 X120.679 Y109.675
G1 F3000 X121.32 Y110.316 E2800.62996
G0 F9000 X120.679 Y108.981
G1 F3000 X121.318 Y108.809 E2800.66077
G0 F9000 X121.318 Y115.021
G1 F3000 X120.68 Y115.192 E2800.69153
G0 F9000 X120.679 Y118.16
G1 F3000 X121.32 Y118.801 E2800.73374
G0 F9000 X121.318 Y121.233
G1 F3000 X120.679 Y121.404 E2800.76454
G0 F9000 X120.679 Y126.645
G1 F3000 X121.32 Y127.286 E2800.80675
G0 F9000 X121.318 Y127.445
G1 F3000 X120.679 Y127.616 E2800.83756
G0 F9000 X120.61 Y127.909
;TYPE:SKIN
G1 F1500 X121.01 Y127.909 E2800.85618
G1 X121.01 Y129.062 E2800.90987
G1 X98.99 Y129.063 E2801.93521
G1 X98.99 Y127.91 E2801.9889
G1 X99.39 Y127.91 E2802.00753
G1 X99.39 Y127.131 E2802.0438
G1 X120.61 Y127.131 E2803.03189
G1 X120.61 Y127.909 E2803.06812
G0 F9000 X120.449 Y127.803
G1 F1500 X119.936 Y127.29 E2803.1019
G0 F9000 X119.37 Y127.29
G1 F1500 X120.85 Y128.769 E2803.19933
G0 F9000 X120.416 Y128.901
G1 F1500 X118.805 Y127.29 E2803.30542
G0 F9000 X118.239 Y127.29
G1 F1500 X119.85 Y128.901 E2803.4115
G0 F9000 X119.284 Y128.901
G1 F1500 X117.673 Y127.29 E2803.51759
G0 F9000 X117.108 Y127.29
G1 F1500 X118.718 Y128.901 E2803.62365
G0 F9000 X118.153 Y128.901
G1 F1500 X116.542 Y127.29 E2803.72973
G0 F9000 X115.976 Y127.29
G1 F1500 X117.587 Y128.901 E2803.83582
G0 F9000 X117.021 Y128.901
G1 F1500 X115.411 Y127.29 E2803.94187
G0 F9000 X114.845 Y127.29
G1 F1500 X116.456 Y128.901 E2804.04796
G0 F9000 X115.89 Y128.901
G1 F1500 X114.279 Y127.29 E2804.15405
G0 F9000 X113.714 Y127.29
G1 F1500 X115.324 Y128.901 E2804.2601
G0 F9000 X114.759 Y128.901
G1 F1500 X113.148 Y127.29 E2804.36619
G0 F9000 X112.582 Y127.29
G1 F1500 X114.193 Y128.901 E2804.47228
G0 F9000 X113.627 Y128.901
G1 F1500 X112.017 Y127.29 E2804.57833
G0 F9000 X111.451 Y127.29
G1 F1500 X113.062 Y128.901 E2804.68442
G0 F9000 X112.496 Y128.901
G1 F1500 X110.885 Y127.29 E2804.7905
G0 F9000 X110.319 Y127.29
G1 F1500 X111.93 Y128.901 E2804.89659
G0 F9000 X111.365 Y128.901
G1 F1500 X109.754 Y127.29 E2805.00268
G0 F9000 X109.188 Y127.29
G1 F1500 X110.799 Y128.901 E2805.10877
G0 F9000 X110.233 Y128.901
G1 F1500 X108.622 Y127.29 E2805.21485
G0 F9000 X108.057 Y127.29
G1 F1500 X109.668 Y128.901 E2805.32094
G0 F9000 X109.102 Y128.901
G1 F1500 X107.491 Y127.29 E2805.42703
G0 F9000 X106.925 Y127.29
G1 F1500 X108.536 Y128.901 E2805.53311
G0 F9000 X107.97 Y128.901
G1 F1500 X106.36 Y127.29 E2805.63917
G0 F9000 X105.794 Y127.29
G1 F1500 X107.405 Y128.901 E2805.74526
G0 F9000 X106.839 Y128.901
G1 F1500 X105.228 Y127.29 E2805.85134
G0 F9000 X104.663 Y127.29
G1 F1500 X106.273 Y128.901 E2805.9574
G0 F9000 X105.708 Y128.901
G1 F1500 X104.097 Y127.29 E2806.06348
G0 F9000 X103.531 Y127.29
G1 F1500 X105.142 Y128.901 E2806.16957
G0 F9000 X104.576 Y128.901
G1 F1500 X102.966 Y127.29 E2806.27563
G0 F9000 X102.4 Y127.29
G1 F1500 X104.011 Y128.901 E2806.38171
G0 F9000 X103.445 Y128.901
G1 F1500 X101.834 Y127.29 E2806.4878
G0 F9000 X101.269 Y127.29
G1 F1500 X102.879 Y128.901 E2806.59385
G0 F9000 X102.314 Y128.901
G1 F1500 X100.703 Y127.29 E2806.69994
G0 F9000 X100.137 Y127.29
G1 F1500 X101.748 Y128.901 E2806.80603
G0 F9000 X101.182 Y128.901
G1 F1500 X99.571 Y127.29 E2806.91212
G0 F9000 X99.55 Y127.834
G1 F1500 X100.617 Y128.901 E2806.98238
G0 F9000 X100.051 Y128.901
G1 F1500 X99.219 Y128.069 E2807.03717
G0 F9000 X99.149 Y128.565
G1 F1500 X99.485 Y128.901 E2807.05929
G0 F9000 X99.485 Y129.343
G0 X121.218 Y129.27
G0 X121.218 Y127.701
G0 X120.86 Y127.659
G0 X120.714 Y128.068
G1 F1500 X120.85 Y128.204 E2807.06825
G1 F1500 E2800.56825
G0 F9000 X121.29 Y128.204
G0 X120.71 Y95.35
G1 F1500 E2807.06825
G0 F9000 X120.99 Y95.35
G1 F1500 X120.99 Y94.609 E2807.10275
G1 X121.01 Y94.61 E2807.10369
G1 X121.01 Y95.35 E2807.13814
G1 X120.99 Y95.35 E2807.13907
G1 F1500 E2800.63907
G0 F9000 X120.71 Y95.35
G0 X120.428 Y126.569
G0 X99.572 Y126.569
G0 X99.29 Y95.349
G1 F1500 E2807.13907
G0 F9000 X99.01 Y95.349
G1 F1500 X98.99 Y95.349 E2807.14001
G1 X98.99 Y94.609 E2807.17446
G1 X99.01 Y94.61 E2807.1754
G1 X99.01 Y95.349 E2807.20981
G0 F9000 X99.058 Y95.664
;TYPE:SKIN
G1 F1500 X99.199 Y95.523 E2807.22231
G0 F9000 X98.999 Y95.888
G1 F1500 X98.999 Y96.17 E2807.2373
G1 X98.999 Y126.435 E2808.84565
G1 X98.983 Y127.55 E2808.90491
G1 X98.841 Y127.691 E2808.91554
G0 F9000 X98.774 Y127.624
G0 X99.182 Y126.923
G0 X120.818 Y126.923
G0 X120.89 Y127.547
G0 X120.759 Y127.547
G1 F1500 X120.97 Y127.758 E2808.92249
G0 F9000 X120.991 Y127.497
G1 F1500 X120.991 Y127.214 E2808.93757
G1 X120.999 Y121.282 E2809.25378
G1 X120.999 Y95.826 E2810.61071
G1 X121.089 Y95.634 E2810.62202
G0 F9000 X121.2 Y95.812
G1 F1500 E2804.12202
;MESH:copri staffa L 30x30x1,8 met??.stl(2)
G0 F9000 X121.58 Y129.453
G0 X123.92 Y129.453
G0 X124.1 Y129.453
;TYPE:WALL-INNER
G1 F1500 E2810.62202
G1 X124.1 Y129.254 E2810.63128
G1 X124.1 Y94.418 E2812.25339
G1 X124.1 Y94.219 E2812.26266
G1 X124.299 Y94.219 E2812.26865
G1 X124.9 Y94.22 E2812.29664
G1 X124.9 Y126.741 E2813.81095
G1 X146.1 Y126.741 E2814.79811
G1 X146.1 Y94.418 E2816.30321
G1 X146.1 Y94.219 E2816.31247
G1 X146.299 Y94.219 E2816.31847
G1 X146.9 Y94.22 E2816.34645
G1 X146.9 Y129.452 E2817.987
G1 X124.299 Y129.453 E2819.0394
G1 X124.1 Y129.453 E2819.0454
G0 F9000 X123.7 Y129.853
;TYPE:WALL-OUTER
G1 F1500 X123.7 Y93.819 E2820.72329
G1 X125.3 Y93.82 E2820.79779
G1 X125.3 Y126.341 E2822.31211
G1 X145.7 Y126.341 E2823.26202
G1 X145.7 Y93.819 E2824.77638
G1 X147.3 Y93.82 E2824.85088
G1 X147.3 Y129.852 E2826.52868
G1 X123.7 Y129.853 E2827.6276
G0 F9000 X123.97 Y129.583
G0 X124.179 Y127.299
;TYPE:FILL
G1 F3000 X124.819 Y127.128 E2827.65844
G0 F9000 X124.61 Y127.128
G0 X124.819 Y122.257
G1 F3000 X124.179 Y121.616 E2827.70062
G0 F9000 X124.18 Y121.087
G1 F3000 X124.818 Y120.916 E2827.73138
G0 F9000 X124.819 Y119.795
G1 F3000 X124.18 Y122.182 E2827.84644
G0 F9000 X124.18 Y114.876
G1 F3000 X124.818 Y114.704 E2827.87721
G0 F9000 X124.819 Y113.772
G1 F3000 X124.179 Y113.131 E2827.91939
G0 F9000 X124.179 Y108.664
G1 F3000 X124.819 Y108.493 E2827.95023
G0 F9000 X124.819 Y105.286
G1 F3000 X124.179 Y104.646 E2827.99238
G0 F9000 X124.18 Y102.452
G1 F3000 X124.818 Y102.281 E2828.02313
G0 F9000 X124.179 Y99.002
G1 F3000 X124.819 Y96.612 E2828.13834
G0 F9000 X124.819 Y96.801
G1 F3000 X124.179 Y96.16 E2828.18052
G0 F9000 X124.179 Y96.241
G1 F3000 X124.818 Y96.07 E2828.21132
G1 F1500 E2821.71132
G0 F9000 X125.072 Y126.569
G0 X145.928 Y126.569
G0 X146.18 Y96.557
G1 F1500 E2828.21132
G1 F3000 X146.818 Y96.386 E2828.24208
G0 F9000 X146.178 Y101.189
G1 F3000 X146.819 Y101.83 E2828.28429
G0 F9000 X146.819 Y102.598
G1 F3000 X146.179 Y102.769 E2828.31514
G0 F9000 X146.819 Y107.238
G1 F3000 X146.179 Y109.625 E2828.43021
G0 F9000 X146.178 Y109.675
G1 F3000 X146.819 Y110.315 E2828.47239
G0 F9000 X146.179 Y108.981
G1 F3000 X146.818 Y108.81 E2828.50319
G0 F9000 X146.818 Y115.021
G1 F3000 X146.18 Y115.192 E2828.53395
G0 F9000 X146.178 Y118.16
G1 F3000 X146.819 Y118.801 E2828.57616
G0 F9000 X146.819 Y121.233
G1 F3000 X146.179 Y121.404 E2828.607
G0 F9000 X146.178 Y126.645
G1 F3000 X146.819 Y127.286 E2828.64922
G0 F9000 X146.818 Y127.445
G1 F3000 X146.179 Y127.616 E2828.68002
G0 F9000 X146.11 Y127.909
;TYPE:SKIN
G1 F1500 X146.51 Y127.909 E2828.69864
G1 X146.51 Y129.062 E2828.75233
G1 X124.49 Y129.063 E2829.77767
G1 X124.49 Y127.91 E2829.83136
G1 X124.89 Y127.91 E2829.84999
G1 X124.89 Y127.131 E2829.88626
G1 X146.11 Y127.131 E2830.87435
G1 X146.11 Y127.909 E2830.91058
G0 F9000 X145.948 Y127.847
G1 F1500 X145.393 Y127.291 E2830.94716
G0 F9000 X144.827 Y127.291
G1 F1500 X146.349 Y128.812 E2831.04736
G0 F9000 X145.872 Y128.902
G1 F1500 X144.261 Y127.291 E2831.15344
G0 F9000 X143.696 Y127.291
G1 F1500 X145.306 Y128.902 E2831.2595
G0 F9000 X144.741 Y128.902
G1 F1500 X143.13 Y127.291 E2831.36558
G0 F9000 X142.564 Y127.291
G1 F1500 X144.175 Y128.902 E2831.47167
G0 F9000 X143.609 Y128.902
G1 F1500 X141.999 Y127.291 E2831.57772
G0 F9000 X141.433 Y127.291
G1 F1500 X143.044 Y128.902 E2831.68381
G0 F9000 X142.478 Y128.902
G1 F1500 X140.867 Y127.291 E2831.7899
G0 F9000 X140.302 Y127.291
G1 F1500 X141.912 Y128.902 E2831.89595
G0 F9000 X141.347 Y128.902
G1 F1500 X139.736 Y127.291 E2832.00204
G0 F9000 X139.17 Y127.291
G1 F1500 X140.781 Y128.902 E2832.10813
G0 F9000 X140.215 Y128.902
G1 F1500 X138.604 Y127.291 E2832.21421
G0 F9000 X138.039 Y127.291
G1 F1500 X139.65 Y128.902 E2832.3203
G0 F9000 X139.084 Y128.902
G1 F1500 X137.473 Y127.291 E2832.42639
G0 F9000 X136.907 Y127.291
G1 F1500 X138.518 Y128.902 E2832.53248
G0 F9000 X137.952 Y128.902
G1 F1500 X136.342 Y127.291 E2832.63853
G0 F9000 X135.776 Y127.291
G1 F1500 X137.387 Y128.902 E2832.74462
G0 F9000 X136.821 Y128.902
G1 F1500 X135.21 Y127.291 E2832.8507
G0 F9000 X134.645 Y127.291
G1 F1500 X136.255 Y128.902 E2832.95676
G0 F9000 X135.69 Y128.902
G1 F1500 X134.079 Y127.291 E2833.06285
G0 F9000 X133.513 Y127.291
G1 F1500 X135.124 Y128.902 E2833.16893
G0 F9000 X134.558 Y128.902
G1 F1500 X132.948 Y127.291 E2833.27499
G0 F9000 X132.382 Y127.291
G1 F1500 X133.993 Y128.902 E2833.38107
G0 F9000 X133.427 Y128.902
G1 F1500 X131.816 Y127.291 E2833.48716
G0 F9000 X131.251 Y127.291
G1 F1500 X132.861 Y128.902 E2833.59322
G0 F9000 X132.296 Y128.902
G1 F1500 X130.685 Y127.291 E2833.6993
G0 F9000 X130.119 Y127.291
G1 F1500 X131.73 Y128.902 E2833.80539
G0 F9000 X131.164 Y128.902
G1 F1500 X129.553 Y127.291 E2833.91148
G0 F9000 X128.988 Y127.291
G1 F1500 X130.599 Y128.902 E2834.01756
G0 F9000 X130.033 Y128.902
G1 F1500 X128.422 Y127.291 E2834.12365
G0 F9000 X127.856 Y127.291
G1 F1500 X129.467 Y128.902 E2834.22974
G0 F9000 X128.902 Y128.902
G1 F1500 X127.291 Y127.291 E2834.33582
G0 F9000 X126.725 Y127.291
G1 F1500 X128.336 Y128.902 E2834.44191
G0 F9000 X127.77 Y128.902
G1 F1500 X126.159 Y127.291 E2834.548
G0 F9000 X125.594 Y127.291
G1 F1500 X127.204 Y128.902 E2834.65405
G0 F9000 X126.639 Y128.902
G1 F1500 X125.049 Y127.312 E2834.75876
G0 F9000 X125.049 Y127.878
G1 F1500 X126.073 Y128.902 E2834.82619
G0 F9000 X125.507 Y128.902
G1 F1500 X124.675 Y128.069 E2834.88101
G0 F9000 X124.65 Y128.609
G1 F1500 X124.942 Y128.902 E2834.90027
G0 F9000 X124.942 Y129.343
G0 X146.718 Y129.27
G0 X146.718 Y127.701
G0 X146.36 Y127.659
G0 X146.17 Y128.069
G1 F1500 X146.349 Y128.247 E2834.91203
G1 F1500 E2828.41203
G0 F9000 X146.79 Y128.247
G0 X146.21 Y95.35
G1 F1500 E2834.91203
G0 F9000 X146.49 Y95.35
G1 F1500 X146.49 Y94.609 E2834.94653
G1 X146.51 Y94.61 E2834.94746
G1 X146.51 Y95.35 E2834.98192
G1 X146.49 Y95.35 E2834.98285
G1 F1500 E2828.48285
G0 F9000 X146.21 Y95.35
G0 X145.928 Y126.569
G0 X125.072 Y126.569
G0 X124.79 Y95.349
G1 F1500 E2834.98285
G0 F9000 X124.51 Y95.349
G1 F1500 X124.49 Y95.349 E2834.98378
G1 X124.49 Y94.609 E2835.01824
G1 X124.51 Y94.61 E2835.01917
G1 X124.51 Y95.349 E2835.05358
G0 F9000 X124.677 Y95.545
;TYPE:SKIN
G1 F1500 X124.536 Y95.686 E2835.06404
G1 X124.499 Y97.346 E2835.15109
G1 X124.499 Y126.479 E2836.67841
G1 X124.461 Y127.572 E2836.73575
G1 X124.319 Y127.713 E2836.74624
G0 F9000 X124.24 Y127.66
G0 X124.682 Y126.923
G0 X146.318 Y126.923
G0 X146.39 Y127.591
G0 X146.259 Y127.591
G1 F1500 X146.426 Y127.758 E2836.75174
G0 F9000 X146.484 Y127.533
G1 F1500 X146.491 Y127.258 E2836.76629
G1 X146.498 Y121.325 E2837.07999
G1 X146.498 Y95.87 E2838.42593
G1 X146.708 Y95.514 E2838.44779
G0 F9000 X146.7 Y95.499
G1 F1500 E2831.94779
;MESH:copri staffa L 30x30x1,8 met??.stl(3)
G0 F9000 X146.79 Y95.499
G0 X147.086 Y129.638
G0 X148.165 Y129.638
G0 X150.79 Y129.638
G0 X151.875 Y129.638
G0 X152.055 Y131.669
;TYPE:WALL-INNER
G1 F1500 E2838.44779
G1 X152.055 Y131.47 E2838.45705
G1 X152.055 Y96.634 E2840.07916
G1 X152.055 Y96.435 E2840.08843
G1 X152.254 Y96.435 E2840.09443
G1 X152.855 Y96.436 E2840.12241
G1 X152.855 Y128.957 E2841.63673
G1 X174.055 Y128.957 E2842.62389
G1 X174.055 Y96.634 E2844.12898
G1 X174.055 Y96.435 E2844.13825
G1 X174.254 Y96.435 E2844.14424
G1 X174.855 Y96.436 E2844.17223
G1 X174.855 Y131.668 E2845.81278
G1 X152.254 Y131.669 E2846.86517
G1 X152.055 Y131.669 E2846.87117
G0 F9000 X151.655 Y132.069
;TYPE:WALL-OUTER
G1 F1500 X151.655 Y96.035 E2848.54906
G1 X153.255 Y96.036 E2848.62357
G1 X153.255 Y128.557 E2850.13788
G1 X173.655 Y128.557 E2851.08779
G1 X173.655 Y96.035 E2852.60215
G1 X175.255 Y96.036 E2852.67665
G1 X175.255 Y132.068 E2854.35445
G1 X151.655 Y132.069 E2855.45337
G0 F9000 X151.925 Y131.799
G0 X152.135 Y129.515
;TYPE:FILL
G1 F3000 X152.774 Y129.344 E2855.48417
G0 F9000 X152.565 Y129.344
G0 X152.773 Y124.472
G1 F3000 X152.134 Y123.833 E2855.52625
G0 F9000 X152.135 Y123.303
G1 F3000 X152.773 Y123.132 E2855.55701
G0 F9000 X152.774 Y122.011
G1 F3000 X152.134 Y124.399 E2855.67213
G0 F9000 X152.134 Y117.092
G1 F3000 X152.774 Y116.921 E2855.70297
G0 F9000 X152.773 Y115.987
G1 F3000 X152.134 Y115.348 E2855.74505
G0 F9000 X152.134 Y110.88
G1 F3000 X152.774 Y110.709 E2855.7759
G0 F9000 X152.773 Y107.502
G1 F3000 X152.134 Y106.862 E2855.81801
G0 F9000 X152.135 Y104.669
G1 F3000 X152.773 Y104.497 E2855.84878
G0 F9000 X152.134 Y101.219
G1 F3000 X152.774 Y98.829 E2855.96399
G0 F9000 X152.773 Y99.016
G1 F3000 X152.134 Y98.377 E2856.00607
G0 F9000 X152.134 Y98.457
G1 F3000 X152.773 Y98.286 E2856.03687
G1 F1500 E2849.53687
G0 F9000 X153.027 Y128.785
G0 X173.883 Y128.785
G0 X174.135 Y98.774
G1 F1500 E2856.03687
G1 F3000 X174.773 Y98.603 E2856.06762
G0 F9000 X174.134 Y103.406
G1 F3000 X174.774 Y104.046 E2856.10977
G0 F9000 X174.773 Y104.814
G1 F3000 X174.134 Y104.985 E2856.14057
G0 F9000 X174.774 Y109.454
G1 F3000 X174.134 Y111.841 E2856.25565
G0 F9000 X174.134 Y111.891
G1 F3000 X174.774 Y112.531 E2856.29779
G0 F9000 X174.134 Y111.197
G1 F3000 X174.773 Y111.026 E2856.32859
G0 F9000 X174.773 Y117.238
G1 F3000 X174.134 Y117.409 E2856.35939
G0 F9000 X174.134 Y120.377
G1 F3000 X174.774 Y121.017 E2856.40154
G0 F9000 X174.773 Y123.449
G1 F3000 X174.134 Y123.62 E2856.43234
G0 F9000 X174.134 Y128.862
G1 F3000 X174.774 Y129.502 E2856.47449
G0 F9000 X174.773 Y129.661
G1 F3000 X174.134 Y129.832 E2856.50529
G0 F9000 X174.065 Y130.125
;TYPE:SKIN
G1 F1500 X174.465 Y130.125 E2856.52391
G1 X174.465 Y131.278 E2856.5776
G1 X152.445 Y131.279 E2857.60294
G1 X152.445 Y130.126 E2857.65663
G1 X152.845 Y130.126 E2857.67526
G1 X152.845 Y129.347 E2857.71153
G1 X174.065 Y129.347 E2858.69962
G1 X174.065 Y130.125 E2858.73585
G0 F9000 X173.904 Y129.78
G1 F1500 X173.63 Y129.507 E2858.75386
G0 F9000 X173.065 Y129.507
G1 F1500 X174.303 Y130.746 E2858.83542
G0 F9000 X174.11 Y131.118
G1 F1500 X172.499 Y129.507 E2858.94151
G0 F9000 X171.933 Y129.507
G1 F1500 X173.544 Y131.118 E2859.04759
G0 F9000 X172.978 Y131.118
G1 F1500 X171.368 Y129.507 E2859.15365
G0 F9000 X170.802 Y129.507
G1 F1500 X172.413 Y131.118 E2859.25973
G0 F9000 X171.847 Y131.118
G1 F1500 X170.236 Y129.507 E2859.36582
G0 F9000 X169.67 Y129.507
G1 F1500 X171.281 Y131.118 E2859.47191
G0 F9000 X170.716 Y131.118
G1 F1500 X169.105 Y129.507 E2859.578
G0 F9000 X168.539 Y129.507
G1 F1500 X170.15 Y131.118 E2859.68408
G0 F9000 X169.584 Y131.118
G1 F1500 X167.973 Y129.507 E2859.79017
G0 F9000 X167.408 Y129.507
G1 F1500 X169.019 Y131.118 E2859.89626
G0 F9000 X168.453 Y131.118
G1 F1500 X166.842 Y129.507 E2860.00234
G0 F9000 X166.276 Y129.507
G1 F1500 X167.887 Y131.118 E2860.10843
G0 F9000 X167.321 Y131.118
G1 F1500 X165.711 Y129.507 E2860.21449
G0 F9000 X165.145 Y129.507
G1 F1500 X166.756 Y131.118 E2860.32057
G0 F9000 X166.19 Y131.118
G1 F1500 X164.579 Y129.507 E2860.42666
G0 F9000 X164.014 Y129.507
G1 F1500 X165.624 Y131.118 E2860.53271
G0 F9000 X165.059 Y131.118
G1 F1500 X163.448 Y129.507 E2860.6388
G0 F9000 X162.882 Y129.507
G1 F1500 X164.493 Y131.118 E2860.74489
G0 F9000 X163.927 Y131.118
G1 F1500 X162.317 Y129.507 E2860.85094
G0 F9000 X161.751 Y129.507
G1 F1500 X163.362 Y131.118 E2860.95703
G0 F9000 X162.797 Y131.118
G1 F1500 X161.185 Y129.507 E2861.06315
G0 F9000 X160.62 Y129.507
G1 F1500 X162.231 Y131.118 E2861.16924
G0 F9000 X161.665 Y131.118
G1 F1500 X160.054 Y129.507 E2861.27532
G0 F9000 X159.488 Y129.507
G1 F1500 X161.1 Y131.118 E2861.38144
G0 F9000 X160.534 Y131.118
G1 F1500 X158.922 Y129.507 E2861.48756
G0 F9000 X158.357 Y129.507
G1 F1500 X159.968 Y131.118 E2861.59365
G0 F9000 X159.403 Y131.118
G1 F1500 X157.791 Y129.507 E2861.69977
G0 F9000 X157.225 Y129.507
G1 F1500 X158.837 Y131.118 E2861.80589
G0 F9000 X158.271 Y131.118
G1 F1500 X156.66 Y129.507 E2861.91198
G0 F9000 X156.094 Y129.507
G1 F1500 X157.706 Y131.118 E2862.0181
G0 F9000 X157.14 Y131.118
G1 F1500 X155.528 Y129.507 E2862.12422
G0 F9000 X154.963 Y129.507
G1 F1500 X156.574 Y131.118 E2862.23031
G0 F9000 X156.008 Y131.118
G1 F1500 X154.397 Y129.507 E2862.33639
G0 F9000 X153.831 Y129.507
G1 F1500 X155.443 Y131.118 E2862.44251
G0 F9000 X154.877 Y131.118
G1 F1500 X153.266 Y129.507 E2862.5486
G0 F9000 X153.003 Y129.81
G1 F1500 X154.311 Y131.118 E2862.63473
G0 F9000 X153.746 Y131.118
G1 F1500 X152.913 Y130.286 E2862.68956
G0 F9000 X152.604 Y130.542
G1 F1500 X153.18 Y131.118 E2862.72749
G1 F1500 E2856.22749
G0 F9000 X153.18 Y131.559
G0 X152.237 Y131.487
G0 X152.237 Y129.918
G0 X152.637 Y129.139
G0 X173.883 Y128.785
G0 X174.165 Y97.566
G1 F1500 E2862.72749
G0 F9000 X174.445 Y97.566
G1 F1500 X174.445 Y96.825 E2862.76199
G1 X174.465 Y96.826 E2862.76292
G1 X174.465 Y97.566 E2862.79738
G1 X174.445 Y97.566 E2862.79831
G1 F1500 E2856.29831
G0 F9000 X174.165 Y97.566
G0 X173.883 Y128.785
G0 X153.027 Y128.785
G0 X152.745 Y97.565
G1 F1500 E2862.79831
G0 F9000 X152.465 Y97.565
G1 F1500 X152.445 Y97.565 E2862.79924
G1 X152.445 Y96.825 E2862.8337
G1 X152.465 Y96.826 E2862.83463
G1 X152.465 Y97.565 E2862.86904
G0 F9000 X152.632 Y97.761
;TYPE:SKIN
G1 F1500 X152.491 Y97.903 E2862.87954
G1 X152.453 Y99.279 E2862.95173
G1 X152.453 Y128.695 E2864.49453
G1 X152.415 Y129.788 E2864.55189
G1 X152.274 Y129.93 E2864.56239
G0 F9000 X152.195 Y129.876
G0 X152.637 Y129.139
G0 X174.273 Y129.139
G0 X174.345 Y129.807
G0 X174.214 Y129.807
G1 F1500 X174.381 Y129.974 E2864.56789
G0 F9000 X174.438 Y129.749
G1 F1500 X174.446 Y129.474 E2864.58248
G1 X174.453 Y123.542 E2864.89724
G1 X174.453 Y98.086 E2866.24794
G1 X174.664 Y97.731 E2866.26985
G0 F9000 X174.655 Y97.716
G1 F1500 E2859.76985
;MESH:NONMESH
G0 F300 X174.655 Y97.716 Z2.8
G0 F9000 X174.745 Y97.716
G0 X173.883 Y128.785
G0 X153.027 Y128.785
G0 X151.875 Y129.597
G0 X150.79 Y129.597
G0 X148.153 Y130.705
G0 X97.347 Y130.706
G0 X94.766 Y129.597
G0 X93.681 Y129.597
G1 F1500 E2866.26985
G0 F9000 X93.501 Y129.829
;TIME_ELAPSED:3037.501011
;LAYER:9
;TYPE:WALL-INNER
;MESH:copri staffa L 30x30x1,8 met??.stl(1)
G1 F1500 X70.701 Y129.829 E2867.33151
G1 X70.701 Y94.183 E2868.99134
G1 X70.701 Y93.984 E2869.00061
G1 X70.9 Y93.984 E2869.0066
G1 X71.501 Y93.985 E2869.03459
G1 X71.501 Y127.587 E2870.59924
G1 X92.701 Y127.587 E2871.5864
G1 X92.701 Y94.183 E2873.14183
G1 X92.701 Y93.984 E2873.15109
G1 X92.9 Y93.984 E2873.15709
G1 X93.501 Y93.985 E2873.18507
G1 X93.501 Y129.829 E2874.85412
G0 F9000 X93.901 Y130.229
;TYPE:WALL-OUTER
G1 F1500 X70.301 Y130.229 E2875.95304
G1 X70.301 Y93.584 E2877.65938
G1 X71.901 Y93.585 E2877.73388
G1 X71.901 Y127.187 E2879.29853
G1 X92.301 Y127.187 E2880.24844
G1 X92.301 Y93.584 E2881.81314
G1 X93.901 Y93.585 E2881.88764
G1 X93.901 Y130.229 E2883.59394
G0 F9000 X93.631 Y129.959
G0 X93.42 Y127.695
;TYPE:FILL
G1 F3000 X92.781 Y127.866 E2883.62474
G0 F9000 X92.781 Y127.697
G0 X93.421 Y127.051
G1 F3000 X92.78 Y126.41 E2883.66695
G0 F9000 X92.781 Y121.654
G1 F3000 X93.42 Y121.483 E2883.69775
G0 F9000 X93.421 Y118.566
G1 F3000 X92.78 Y117.925 E2883.73997
G0 F9000 X92.781 Y115.443
G1 F3000 X93.419 Y115.271 E2883.77073
G0 F9000 X93.421 Y110.08
G1 F3000 X92.78 Y109.44 E2883.81291
G0 F9000 X92.78 Y109.231
G1 F3000 X93.42 Y109.06 E2883.84376
G0 F9000 X92.78 Y108.904
G1 F3000 X93.42 Y106.516 E2883.95888
G0 F9000 X92.78 Y103.019
G1 F3000 X93.42 Y102.848 E2883.98972
G0 F9000 X93.421 Y101.595
G1 F3000 X92.78 Y100.955 E2884.0319
G0 F9000 X92.78 Y96.808
G1 F3000 X93.42 Y96.636 E2884.06276
G1 F1500 E2877.56276
G0 F9000 X92.529 Y127.415
G0 X71.673 Y127.415
G0 X71.421 Y96.566
G1 F1500 E2884.06276
G1 F3000 X70.78 Y95.925 E2884.10497
G0 F9000 X70.78 Y96.491
G1 F3000 X71.419 Y96.32 E2884.13577
G0 F9000 X71.42 Y95.894
G1 F3000 X70.78 Y98.281 E2884.25085
G0 F9000 X71.419 Y102.531
G1 F3000 X70.78 Y102.703 E2884.28166
G0 F9000 X70.78 Y104.41
G1 F3000 X71.421 Y105.051 E2884.32387
G0 F9000 X71.419 Y108.743
G1 F3000 X70.781 Y108.914 E2884.35463
G0 F9000 X70.78 Y112.895
G1 F3000 X71.421 Y113.536 E2884.39684
G0 F9000 X71.42 Y114.955
G1 F3000 X70.78 Y115.126 E2884.42769
G0 F9000 X71.42 Y119.075
G1 F3000 X70.781 Y121.462 E2884.54275
G0 F9000 X70.78 Y121.381
G1 F3000 X71.421 Y122.021 E2884.58493
G0 F9000 X71.419 Y121.166
G1 F3000 X70.781 Y121.337 E2884.61568
G0 F9000 X71.419 Y127.378
G1 F3000 X70.781 Y127.549 E2884.64644
G0 F9000 X71.491 Y127.977
;TYPE:SKIN
G1 F1500 X92.711 Y127.977 E2885.63453
G1 X92.711 Y128.463 E2885.65716
G1 X93.111 Y128.463 E2885.67579
G1 X93.111 Y129.439 E2885.72123
G1 X71.091 Y129.439 E2886.74658
G1 X71.091 Y128.464 E2886.79198
G1 X71.491 Y128.464 E2886.8106
G1 X71.491 Y127.977 E2886.83328
G0 F9000 X71.651 Y128.601
G1 F1500 X72.116 Y128.136 E2886.8639
G0 F9000 X72.682 Y128.136
G1 F1500 X71.54 Y129.278 E2886.9391
G0 F9000 X71.251 Y129.001
G1 F1500 X71.629 Y128.622 E2886.96403
G0 F9000 X72.105 Y129.278
G1 F1500 X73.247 Y128.136 E2887.03923
G0 F9000 X73.813 Y128.136
G1 F1500 X72.671 Y129.278 E2887.11443
G0 F9000 X73.237 Y129.278
G1 F1500 X74.379 Y128.136 E2887.18964
G0 F9000 X74.944 Y128.136
G1 F1500 X73.802 Y129.278 E2887.26484
G0 F9000 X74.368 Y129.278
G1 F1500 X75.51 Y128.136 E2887.34004
G0 F9000 X76.076 Y128.136
G1 F1500 X74.934 Y129.278 E2887.41525
G0 F9000 X75.499 Y129.278
G1 F1500 X76.641 Y128.136 E2887.49045
G0 F9000 X77.207 Y128.136
G1 F1500 X76.065 Y129.278 E2887.56565
G0 F9000 X76.631 Y129.278
G1 F1500 X77.773 Y128.136 E2887.64085
G0 F9000 X78.338 Y128.136
G1 F1500 X77.196 Y129.278 E2887.71606
G0 F9000 X77.762 Y129.278
G1 F1500 X78.904 Y128.136 E2887.79126
G0 F9000 X79.47 Y128.136
G1 F1500 X78.328 Y129.278 E2887.86646
G0 F9000 X78.894 Y129.278
G1 F1500 X80.036 Y128.136 E2887.94166
G0 F9000 X80.601 Y128.136
G1 F1500 X79.459 Y129.278 E2888.01687
G0 F9000 X80.025 Y129.278
G1 F1500 X81.167 Y128.136 E2888.09207
G0 F9000 X81.733 Y128.136
G1 F1500 X80.591 Y129.278 E2888.16727
G0 F9000 X81.156 Y129.278
G1 F1500 X82.298 Y128.136 E2888.24247
G0 F9000 X82.864 Y128.136
G1 F1500 X81.722 Y129.278 E2888.31768
G0 F9000 X82.288 Y129.278
G1 F1500 X83.43 Y128.136 E2888.39288
G0 F9000 X83.995 Y128.136
G1 F1500 X82.853 Y129.278 E2888.46808
G0 F9000 X83.419 Y129.278
G1 F1500 X84.561 Y128.136 E2888.54329
G0 F9000 X85.127 Y128.136
G1 F1500 X83.985 Y129.278 E2888.61849
G0 F9000 X84.55 Y129.278
G1 F1500 X85.692 Y128.136 E2888.69369
G0 F9000 X86.258 Y128.136
G1 F1500 X85.116 Y129.278 E2888.76889
G0 F9000 X85.682 Y129.278
G1 F1500 X86.824 Y128.136 E2888.8441
G0 F9000 X87.389 Y128.136
G1 F1500 X86.247 Y129.278 E2888.9193
G0 F9000 X86.813 Y129.278
G1 F1500 X87.955 Y128.136 E2888.9945
G0 F9000 X88.521 Y128.136
G1 F1500 X87.379 Y129.278 E2889.0697
G0 F9000 X87.944 Y129.278
G1 F1500 X89.086 Y128.136 E2889.14491
G0 F9000 X89.652 Y128.136
G1 F1500 X88.51 Y129.278 E2889.22011
G0 F9000 X89.076 Y129.278
G1 F1500 X90.218 Y128.136 E2889.29531
G0 F9000 X90.784 Y128.136
G1 F1500 X89.642 Y129.278 E2889.37051
G0 F9000 X90.207 Y129.278
G1 F1500 X91.349 Y128.136 E2889.44572
G0 F9000 X91.915 Y128.136
G1 F1500 X90.773 Y129.278 E2889.52092
G0 F9000 X91.339 Y129.278
G1 F1500 X92.481 Y128.136 E2889.59612
G0 F9000 X92.56 Y128.622
G1 F1500 X91.904 Y129.278 E2889.63932
G0 F9000 X92.47 Y129.278
G1 F1500 X92.951 Y128.797 E2889.671
G1 F1500 E2883.171
G0 F9000 X93.391 Y128.797
G0 X93.319 Y128.255
G0 X92.919 Y127.769
G0 X71.673 Y127.415
G0 X71.391 Y95.114
G1 F1500 E2889.671
G0 F9000 X71.111 Y95.114
G1 F1500 X71.091 Y95.114 E2889.67193
G1 X71.091 Y94.374 E2889.70638
G1 X71.111 Y94.375 E2889.70732
G1 X71.111 Y95.114 E2889.74173
G1 F1500 E2883.24173
G0 F9000 X71.391 Y95.114
G0 X71.673 Y127.415
G0 X92.529 Y127.415
G0 X92.811 Y95.115
G1 F1500 E2889.74173
G0 F9000 X93.091 Y95.115
G1 F1500 X93.091 Y94.374 E2889.77623
G1 X93.111 Y94.375 E2889.77716
G1 X93.111 Y95.115 E2889.81162
G1 X93.091 Y95.115 E2889.81255
G0 F9000 X93.108 Y95.264
;TYPE:SKIN
G1 F1500 X92.875 Y95.497 E2889.82022
G0 F9000 X93.1 Y95.555
G1 F1500 X93.1 Y95.838 E2889.8351
G1 X93.1 Y127.516 E2891.50006
G1 X93.097 Y128.084 E2891.52991
G1 X93.239 Y128.226 E2891.54047
G0 F9000 X93.325 Y128.14
G0 X92.919 Y127.769
G0 X71.283 Y127.769
G0 X71.211 Y128.062
G0 X71.341 Y128.062
G1 F1500 X71.091 Y128.313 E2891.54872
G0 F9000 X71.108 Y128.012
G1 F1500 X71.1 Y127.737 E2891.56331
G1 X71.1 Y95.493 E2893.27414
G1 X70.962 Y95.348 E2893.28476
G0 F9000 X71.048 Y95.694
G1 F1500 E2886.78476
;MESH:copri staffa L 30x30x1,8 met??.stl
G0 F9000 X71.673 Y127.415
G0 X92.919 Y127.769
G0 X93.279 Y128.206
G0 X93.681 Y129.784
G0 X94.766 Y129.784
G0 X97.335 Y129.784
G0 X98.42 Y129.784
G0 X121.4 Y129.784
;TYPE:WALL-INNER
G1 F1500 E2893.28476
G1 X98.6 Y129.784 E2894.34642
G1 X98.6 Y94.138 E2896.00625
G1 X98.6 Y93.939 E2896.01552
G1 X98.799 Y93.939 E2896.02151
G1 X99.4 Y93.94 E2896.0495
G1 X99.4 Y127.542 E2897.61415
G1 X120.6 Y127.542 E2898.60131
G1 X120.6 Y94.138 E2900.15674
G1 X120.6 Y93.939 E2900.166
G1 X120.799 Y93.939 E2900.172
G1 X121.4 Y93.94 E2900.19998
G1 X121.4 Y129.784 E2901.86903
G0 F9000 X121.8 Y130.184
;TYPE:WALL-OUTER
G1 F1500 X98.2 Y130.184 E2902.96795
G1 X98.2 Y93.539 E2904.67429
G1 X99.8 Y93.54 E2904.74879
G1 X99.8 Y127.142 E2906.31344
G1 X120.2 Y127.142 E2907.26335
G1 X120.2 Y93.539 E2908.82805
G1 X121.8 Y93.54 E2908.90255
G1 X121.8 Y130.184 E2910.60885
G0 F9000 X121.53 Y129.914
G0 X121.319 Y127.649
;TYPE:FILL
G1 F3000 X120.68 Y127.82 E2910.63965
G0 F9000 X120.68 Y127.652
G0 X121.319 Y127.006
G1 F3000 X120.679 Y126.365 E2910.68183
G0 F9000 X120.679 Y121.609
G1 F3000 X121.319 Y121.438 E2910.71268
G0 F9000 X121.319 Y118.52
G1 F3000 X120.679 Y117.88 E2910.75482
G0 F9000 X120.68 Y115.397
G1 F3000 X121.319 Y115.226 E2910.78562
G0 F9000 X121.319 Y110.035
G1 F3000 X120.679 Y109.395 E2910.82777
G0 F9000 X120.679 Y109.186
G1 F3000 X121.318 Y109.014 E2910.85858
G0 F9000 X120.679 Y108.858
G1 F3000 X121.319 Y106.468 E2910.97379
G0 F9000 X120.679 Y102.974
G1 F3000 X121.319 Y102.803 E2911.00464
G0 F9000 X121.319 Y101.55
G1 F3000 X120.679 Y100.909 E2911.04681
G0 F9000 X120.679 Y96.763
G1 F3000 X121.319 Y96.591 E2911.07767
G1 F1500 E2904.57767
G0 F9000 X120.428 Y127.37
G0 X99.572 Y127.37
G0 X99.32 Y96.521
G1 F1500 E2911.07767
G1 F3000 X98.678 Y95.88 E2911.11992
G0 F9000 X98.679 Y96.446
G1 F3000 X99.318 Y96.274 E2911.15073
G0 F9000 X99.319 Y95.845
G1 F3000 X98.68 Y98.232 E2911.26579
G0 F9000 X99.318 Y102.486
G1 F3000 X98.679 Y102.657 E2911.29659
G0 F9000 X98.678 Y104.365
G1 F3000 X99.32 Y105.006 E2911.33884
G0 F9000 X99.318 Y108.698
G1 F3000 X98.679 Y108.869 E2911.36964
G0 F9000 X98.678 Y112.85
G1 F3000 X99.32 Y113.492 E2911.41192
G0 F9000 X99.319 Y114.909
G1 F3000 X98.679 Y115.081 E2911.44278
G0 F9000 X99.319 Y119.029
G1 F3000 X98.679 Y121.416 E2911.55785
G0 F9000 X98.678 Y121.335
G1 F3000 X99.32 Y121.977 E2911.60013
G0 F9000 X99.318 Y121.121
G1 F3000 X98.68 Y121.292 E2911.63088
G0 F9000 X99.318 Y127.333
G1 F3000 X98.679 Y127.504 E2911.66168
G0 F9000 X99.39 Y127.932
;TYPE:SKIN
G1 F1500 X120.61 Y127.932 E2912.64978
G1 X120.61 Y128.418 E2912.67241
G1 X121.01 Y128.418 E2912.69103
G1 X121.01 Y129.394 E2912.73648
G1 X98.99 Y129.394 E2913.76182
G1 X98.99 Y128.419 E2913.80722
G1 X99.39 Y128.419 E2913.82585
G1 X99.39 Y127.932 E2913.84853
G0 F9000 X99.55 Y128.421
G1 F1500 X99.88 Y128.09 E2913.87029
G0 F9000 X100.445 Y128.09
G1 F1500 X99.303 Y129.233 E2913.94552
G0 F9000 X99.149 Y128.821
G1 F1500 X99.393 Y128.578 E2913.96156
G0 F9000 X99.868 Y129.233
G1 F1500 X101.011 Y128.09 E2914.03683
G0 F9000 X101.577 Y128.09
G1 F1500 X100.434 Y129.233 E2914.1121
G0 F9000 X101 Y129.233
G1 F1500 X102.142 Y128.09 E2914.18733
G0 F9000 X102.708 Y128.09
G1 F1500 X101.565 Y129.233 E2914.2626
G0 F9000 X102.131 Y129.233
G1 F1500 X103.274 Y128.09 E2914.33787
G0 F9000 X103.84 Y128.09
G1 F1500 X102.697 Y129.233 E2914.41314
G0 F9000 X103.263 Y129.233
G1 F1500 X104.405 Y128.09 E2914.48837
G0 F9000 X104.971 Y128.09
G1 F1500 X103.828 Y129.233 E2914.56364
G0 F9000 X104.394 Y129.233
G1 F1500 X105.537 Y128.09 E2914.63891
G0 F9000 X106.102 Y128.09
G1 F1500 X104.96 Y129.233 E2914.71415
G0 F9000 X105.525 Y129.233
G1 F1500 X106.668 Y128.09 E2914.78941
G0 F9000 X107.234 Y128.09
G1 F1500 X106.091 Y129.233 E2914.86468
G0 F9000 X106.657 Y129.233
G1 F1500 X107.799 Y128.09 E2914.93992
G0 F9000 X108.365 Y128.09
G1 F1500 X107.222 Y129.233 E2915.01519
G0 F9000 X107.788 Y129.233
G1 F1500 X108.931 Y128.09 E2915.09046
G0 F9000 X109.496 Y128.09
G1 F1500 X108.354 Y129.233 E2915.16569
G0 F9000 X108.919 Y129.233
G1 F1500 X110.062 Y128.09 E2915.24096
G0 F9000 X110.628 Y128.09
G1 F1500 X109.485 Y129.233 E2915.31623
G0 F9000 X110.051 Y129.233
G1 F1500 X111.193 Y128.09 E2915.39146
G0 F9000 X111.759 Y128.09
G1 F1500 X110.616 Y129.233 E2915.46673
G0 F9000 X111.182 Y129.233
G1 F1500 X112.325 Y128.09 E2915.542
G0 F9000 X112.891 Y128.09
G1 F1500 X111.748 Y129.233 E2915.61727
G0 F9000 X112.314 Y129.233
G1 F1500 X113.456 Y128.09 E2915.6925
G0 F9000 X114.022 Y128.09
G1 F1500 X112.879 Y129.233 E2915.76777
G0 F9000 X113.445 Y129.233
G1 F1500 X114.588 Y128.09 E2915.84304
G0 F9000 X115.153 Y128.09
G1 F1500 X114.011 Y129.233 E2915.91828
G0 F9000 X114.576 Y129.233
G1 F1500 X115.719 Y128.09 E2915.99355
G0 F9000 X116.285 Y128.09
G1 F1500 X115.142 Y129.233 E2916.06881
G0 F9000 X115.708 Y129.233
G1 F1500 X116.85 Y128.09 E2916.14405
G0 F9000 X117.416 Y128.09
G1 F1500 X116.273 Y129.233 E2916.21932
G0 F9000 X116.839 Y129.233
G1 F1500 X117.982 Y128.09 E2916.29459
G0 F9000 X118.547 Y128.09
G1 F1500 X117.405 Y129.233 E2916.36982
G0 F9000 X117.97 Y129.233
G1 F1500 X119.113 Y128.09 E2916.44509
G0 F9000 X119.679 Y128.09
G1 F1500 X118.536 Y129.233 E2916.52036
G0 F9000 X119.102 Y129.233
G1 F1500 X120.244 Y128.09 E2916.5956
G0 F9000 X120.449 Y128.451
G1 F1500 X119.667 Y129.233 E2916.64709
G0 F9000 X120.233 Y129.233
G1 F1500 X120.85 Y128.617 E2916.68769
G1 F1500 E2910.18769
G0 F9000 X121.29 Y128.617
G0 X121.218 Y128.21
G0 X120.422 Y127.293
G0 X99.572 Y127.37
G0 X99.29 Y95.069
G1 F1500 E2916.68769
G0 F9000 X99.01 Y95.069
G1 F1500 X98.99 Y95.069 E2916.68862
G1 X98.99 Y94.329 E2916.72308
G1 X99.01 Y94.33 E2916.72401
G1 X99.01 Y95.069 E2916.75842
G1 F1500 E2910.25842
G0 F9000 X99.29 Y95.069
G0 X99.572 Y127.37
G0 X120.428 Y127.37
G0 X120.71 Y95.07
G1 F1500 E2916.75842
G0 F9000 X120.99 Y95.07
G1 F1500 X120.99 Y94.329 E2916.79292
G1 X121.01 Y94.33 E2916.79386
G1 X121.01 Y95.07 E2916.82831
G1 X120.99 Y95.07 E2916.82925
G0 F9000 X120.823 Y95.267
;TYPE:SKIN
G1 F1500 X120.964 Y95.409 E2916.83973
G1 X120.999 Y97.071 E2916.92681
G1 X120.999 Y127.335 E2918.51213
G1 X121.07 Y128.113 E2918.55305
G0 F9000 X121.224 Y127.96
G0 X120.818 Y127.724
G0 X99.182 Y127.724
G0 X99.046 Y128.075
G1 F1500 X98.999 Y127.839 E2918.56565
G1 X98.999 Y95.595 E2920.25371
G1 X98.793 Y95.236 E2920.27538
G1 F1500 E2913.77538
G0 F9000 X98.71 Y95.218
G0 X99.11 Y128.165
G1 F1500 E2920.27538
G0 F9000 X99.239 Y128.165
G1 F1500 X99.137 Y128.268 E2920.27875
G0 F9000 X98.81 Y127.839
G1 F1500 E2913.77875
;MESH:copri staffa L 30x30x1,8 met??.stl(2)
G0 F9000 X98.782 Y129.602
G0 X121.58 Y129.784
G0 X123.92 Y129.784
G0 X124.1 Y129.784
;TYPE:WALL-INNER
G1 F1500 E2920.27875
G1 X124.1 Y94.138 E2921.93858
G1 X124.1 Y93.939 E2921.94784
G1 X124.299 Y93.939 E2921.95384
G1 X124.9 Y93.94 E2921.98183
G1 X124.9 Y127.542 E2923.54648
G1 X146.1 Y127.542 E2924.53364
G1 X146.1 Y94.138 E2926.08907
G1 X146.1 Y93.939 E2926.09833
G1 X146.299 Y93.939 E2926.10433
G1 X146.9 Y93.94 E2926.13231
G1 X146.9 Y129.784 E2927.80136
G1 X124.1 Y129.784 E2928.86302
G0 F9000 X123.7 Y130.184
;TYPE:WALL-OUTER
G1 F1500 X123.7 Y93.539 E2930.56937
G1 X125.3 Y93.54 E2930.64387
G1 X125.3 Y127.142 E2932.20852
G1 X145.7 Y127.142 E2933.15843
G1 X145.7 Y93.539 E2934.72313
G1 X147.3 Y93.54 E2934.79763
G1 X147.3 Y130.184 E2936.50393
G1 X123.7 Y130.184 E2937.60284
G0 F9000 X123.97 Y129.914
G0 X124.179 Y127.504
;TYPE:FILL
G1 F3000 X124.818 Y127.333 E2937.63364
G0 F9000 X124.819 Y121.977
G1 F3000 X124.179 Y121.336 E2937.67582
G0 F9000 X124.18 Y121.292
G1 F3000 X124.818 Y121.121 E2937.70658
G0 F9000 X124.179 Y121.42
G1 F3000 X124.819 Y119.03 E2937.82179
G0 F9000 X124.179 Y115.081
G1 F3000 X124.818 Y114.909 E2937.8526
G0 F9000 X124.819 Y113.492
G1 F3000 X124.179 Y112.851 E2937.89478
G0 F9000 X124.179 Y108.869
G1 F3000 X124.819 Y108.698 E2937.92563
G0 F9000 X124.819 Y105.006
G1 F3000 X124.179 Y104.366 E2937.96777
G0 F9000 X124.179 Y102.658
G1 F3000 X124.819 Y102.486 E2937.99863
G0 F9000 X124.179 Y98.237
G1 F3000 X124.819 Y95.849 E2938.11375
G0 F9000 X124.819 Y96.274
G1 F3000 X124.179 Y96.446 E2938.14461
G0 F9000 X124.179 Y95.88
G1 F3000 X124.819 Y96.521 E2938.18679
G1 F1500 E2931.68679
G0 F9000 X125.072 Y127.37
G0 X145.928 Y127.37
G0 X146.179 Y96.763
G1 F1500 E2938.18679
G1 F3000 X146.819 Y96.591 E2938.21764
G0 F9000 X146.179 Y100.91
G1 F3000 X146.819 Y101.55 E2938.25979
G0 F9000 X146.819 Y102.803
G1 F3000 X146.179 Y102.974 E2938.29064
G0 F9000 X146.819 Y106.471
G1 F3000 X146.179 Y108.86 E2938.4058
G0 F9000 X146.179 Y109.186
G1 F3000 X146.818 Y109.015 E2938.4366
G0 F9000 X146.179 Y109.395
G1 F3000 X146.819 Y110.035 E2938.47875
G0 F9000 X146.818 Y115.226
G1 F3000 X146.18 Y115.397 E2938.5095
G0 F9000 X146.179 Y117.881
G1 F3000 X146.819 Y118.52 E2938.55162
G0 F9000 X146.819 Y121.438
G1 F3000 X146.179 Y121.609 E2938.58246
G0 F9000 X146.179 Y126.366
G1 F3000 X146.819 Y127.006 E2938.62461
G0 F9000 X146.818 Y127.65
G1 F3000 X146.18 Y127.821 E2938.65536
G0 F9000 X146.11 Y127.932
;TYPE:SKIN
G1 F1500 X146.11 Y128.418 E2938.67799
G1 X146.51 Y128.418 E2938.69662
G1 X146.51 Y129.394 E2938.74207
G1 X124.49 Y129.394 E2939.76741
G1 X124.49 Y128.419 E2939.81281
G1 X124.89 Y128.419 E2939.83143
G1 X124.89 Y127.932 E2939.85411
G1 X146.11 Y127.932 E2940.8422
G0 F9000 X146.11 Y127.652
G0 X146.718 Y128.21
G0 X146.79 Y129.139
G0 X146.349 Y129.139
G1 F1500 X146.254 Y129.234 E2940.84846
G0 F9000 X145.688 Y129.234
G1 F1500 X146.344 Y128.578 E2940.89166
G0 F9000 X145.948 Y128.408
G1 F1500 X145.123 Y129.234 E2940.94602
G0 F9000 X144.557 Y129.234
G1 F1500 X145.7 Y128.091 E2941.02129
G0 F9000 X145.134 Y128.091
G1 F1500 X143.991 Y129.234 E2941.09656
G0 F9000 X143.426 Y129.234
G1 F1500 X144.568 Y128.091 E2941.17179
G0 F9000 X144.003 Y128.091
G1 F1500 X142.86 Y129.234 E2941.24706
G0 F9000 X142.294 Y129.234
G1 F1500 X143.437 Y128.091 E2941.32233
G0 F9000 X142.871 Y128.091
G1 F1500 X141.728 Y129.234 E2941.3976
G0 F9000 X141.163 Y129.234
G1 F1500 X142.305 Y128.091 E2941.47283
G0 F9000 X141.74 Y128.091
G1 F1500 X140.597 Y129.234 E2941.5481
G0 F9000 X140.031 Y129.234
G1 F1500 X141.174 Y128.091 E2941.62337
G0 F9000 X140.608 Y128.091
G1 F1500 X139.466 Y129.234 E2941.69861
G0 F9000 X138.9 Y129.234
G1 F1500 X140.043 Y128.091 E2941.77387
G0 F9000 X139.477 Y128.091
G1 F1500 X138.334 Y129.234 E2941.84914
G0 F9000 X137.769 Y129.234
G1 F1500 X138.911 Y128.091 E2941.92438
G0 F9000 X138.346 Y128.091
G1 F1500 X137.203 Y129.234 E2941.99965
G0 F9000 X136.637 Y129.234
G1 F1500 X137.78 Y128.091 E2942.07491
G0 F9000 X137.214 Y128.091
G1 F1500 X136.072 Y129.234 E2942.15015
G0 F9000 X135.506 Y129.234
G1 F1500 X136.649 Y128.091 E2942.22542
G0 F9000 X136.083 Y128.091
G1 F1500 X134.94 Y129.234 E2942.30069
G0 F9000 X134.375 Y129.234
G1 F1500 X135.517 Y128.091 E2942.37592
G0 F9000 X134.952 Y128.091
G1 F1500 X133.809 Y129.234 E2942.45119
G0 F9000 X133.243 Y129.234
G1 F1500 X134.386 Y128.091 E2942.52646
G0 F9000 X133.82 Y128.091
G1 F1500 X132.677 Y129.234 E2942.60173
G0 F9000 X132.112 Y129.234
G1 F1500 X133.254 Y128.091 E2942.67696
G0 F9000 X132.689 Y128.091
G1 F1500 X131.546 Y129.234 E2942.75223
G0 F9000 X130.98 Y129.234
G1 F1500 X132.123 Y128.091 E2942.8275
G0 F9000 X131.557 Y128.091
G1 F1500 X130.415 Y129.234 E2942.90274
G0 F9000 X129.849 Y129.234
G1 F1500 X130.992 Y128.091 E2942.97801
G0 F9000 X130.426 Y128.091
G1 F1500 X129.283 Y129.234 E2943.05327
G0 F9000 X128.718 Y129.234
G1 F1500 X129.86 Y128.091 E2943.12851
G0 F9000 X129.295 Y128.091
G1 F1500 X128.152 Y129.234 E2943.20378
G0 F9000 X127.586 Y129.234
G1 F1500 X128.729 Y128.091 E2943.27905
G0 F9000 X128.163 Y128.091
G1 F1500 X127.021 Y129.234 E2943.35428
G0 F9000 X126.455 Y129.234
G1 F1500 X127.598 Y128.091 E2943.42955
G0 F9000 X127.032 Y128.091
G1 F1500 X125.889 Y129.234 E2943.50482
G0 F9000 X125.324 Y129.234
G1 F1500 X126.466 Y128.091 E2943.58005
G0 F9000 X125.901 Y128.091
G1 F1500 X124.758 Y129.234 E2943.65532
G0 F9000 X124.65 Y128.776
G1 F1500 X124.848 Y128.578 E2943.66836
G0 F9000 X125.049 Y128.377
G1 F1500 X125.335 Y128.091 E2943.6872
G1 F1500 E2937.1872
G0 F9000 X125.335 Y127.652
G0 X145.928 Y127.37
G0 X146.21 Y95.07
G1 F1500 E2943.6872
G0 F9000 X146.49 Y95.07
G1 F1500 X146.49 Y94.329 E2943.7217
G1 X146.51 Y94.33 E2943.72263
G1 X146.51 Y95.07 E2943.75709
G1 X146.49 Y95.07 E2943.75802
G1 F1500 E2937.25802
G0 F9000 X146.21 Y95.07
G0 X145.928 Y127.37
G0 X125.072 Y127.37
G0 X124.79 Y95.069
G1 F1500 E2943.75802
G0 F9000 X124.51 Y95.069
G1 F1500 X124.49 Y95.069 E2943.75895
G1 X124.49 Y94.329 E2943.79341
G1 X124.51 Y94.33 E2943.79434
G1 X124.51 Y95.069 E2943.82875
G0 F9000 X124.411 Y95.356
;TYPE:SKIN
G1 F1500 X124.498 Y95.551 E2943.84001
G1 X124.499 Y112.805 E2944.7494
G1 X124.499 Y127.795 E2945.53947
G1 X124.666 Y128.194 E2945.56227
G0 F9000 X124.61 Y128.121
G0 X124.682 Y127.724
G0 X146.318 Y127.724
G0 X146.39 Y128.098
G0 X146.491 Y127.865
G1 F1500 X146.491 Y127.582 E2945.57724
G1 X146.498 Y121.635 E2945.89175
G1 X146.498 Y95.614 E2947.26791
G1 X146.3 Y95.246 E2947.29001
G1 F1500 E2940.79001
G0 F9000 X146.21 Y95.219
G0 X146.723 Y127.916
G0 X146.547 Y128.091
G1 F1500 E2947.29001
G1 X146.689 Y128.233 E2947.30385
G0 F9000 X146.7 Y127.956
G1 F1500 E2940.80385
;MESH:copri staffa L 30x30x1,8 met??.stl(3)
G0 F9000 X147.086 Y129.97
G0 X148.165 Y129.97
G0 X150.79 Y129.97
G0 X151.875 Y129.97
G0 X152.055 Y132
;TYPE:WALL-INNER
G1 F1500 E2947.30385
G1 X152.055 Y96.354 E2948.96368
G1 X152.055 Y96.155 E2948.97295
G1 X152.254 Y96.155 E2948.97894
G1 X152.855 Y96.156 E2949.00693
G1 X152.855 Y129.758 E2950.57158
G1 X174.055 Y129.758 E2951.55874
G1 X174.055 Y96.354 E2953.11417
G1 X174.055 Y96.155 E2953.12343
G1 X174.254 Y96.155 E2953.12943
G1 X174.855 Y96.156 E2953.15741
G1 X174.855 Y132 E2954.82646
G1 X152.055 Y132 E2955.88812
G0 F9000 X151.655 Y132.4
;TYPE:WALL-OUTER
G1 F1500 X151.655 Y95.755 E2957.59447
G1 X153.255 Y95.756 E2957.66897
G1 X153.255 Y129.358 E2959.23362
G1 X173.655 Y129.358 E2960.18353
G1 X173.655 Y95.755 E2961.74823
G1 X175.255 Y95.756 E2961.82273
G1 X175.255 Y132.4 E2963.52903
G1 X151.655 Y132.4 E2964.62794
G0 F9000 X151.925 Y132.13
G0 X152.135 Y129.72
;TYPE:FILL
G1 F3000 X152.773 Y129.549 E2964.6587
G0 F9000 X152.773 Y124.192
G1 F3000 X152.134 Y123.553 E2964.70078
G0 F9000 X152.135 Y123.508
G1 F3000 X152.773 Y123.337 E2964.73154
G0 F9000 X152.134 Y123.636
G1 F3000 X152.774 Y121.246 E2964.84674
G0 F9000 X152.134 Y117.297
G1 F3000 X152.774 Y117.126 E2964.87759
G0 F9000 X152.773 Y115.707
G1 F3000 X152.134 Y115.068 E2964.91967
G0 F9000 X152.134 Y111.085
G1 F3000 X152.773 Y110.914 E2964.95047
G0 F9000 X152.773 Y107.222
G1 F3000 X152.134 Y106.582 E2964.99258
G0 F9000 X152.134 Y104.874
G1 F3000 X152.773 Y104.702 E2965.0234
G0 F9000 X152.134 Y100.453
G1 F3000 X152.774 Y98.065 E2965.13852
G0 F9000 X152.773 Y98.491
G1 F3000 X152.134 Y98.662 E2965.16932
G0 F9000 X152.134 Y98.097
G1 F3000 X152.773 Y98.736 E2965.2114
G1 F1500 E2958.7114
G0 F9000 X153.027 Y129.586
G0 X173.883 Y129.586
G0 X174.134 Y98.979
G1 F1500 E2965.2114
G1 F3000 X174.774 Y98.807 E2965.24226
G0 F9000 X174.134 Y103.126
G1 F3000 X174.774 Y103.766 E2965.2844
G0 F9000 X174.774 Y105.019
G1 F3000 X174.134 Y105.19 E2965.31525
G0 F9000 X174.774 Y108.688
G1 F3000 X174.134 Y111.076 E2965.43037
G0 F9000 X174.134 Y111.402
G1 F3000 X174.774 Y111.231 E2965.46121
G0 F9000 X174.134 Y111.611
G1 F3000 X174.774 Y112.251 E2965.50336
G0 F9000 X174.773 Y117.442
G1 F3000 X174.135 Y117.614 E2965.53413
G0 F9000 X174.134 Y120.097
G1 F3000 X174.774 Y120.737 E2965.57627
G0 F9000 X174.774 Y123.654
G1 F3000 X174.134 Y123.825 E2965.60712
G0 F9000 X174.134 Y128.582
G1 F3000 X174.774 Y129.222 E2965.64926
G0 F9000 X174.774 Y129.866
G1 F3000 X174.135 Y130.037 E2965.68007
G0 F9000 X174.065 Y130.148
;TYPE:SKIN
G1 F1500 X174.065 Y130.634 E2965.7027
G1 X174.465 Y130.634 E2965.72132
G1 X174.465 Y131.61 E2965.76677
G1 X152.445 Y131.61 E2966.79211
G1 X152.445 Y130.635 E2966.83751
G1 X152.845 Y130.635 E2966.85614
G1 X152.845 Y130.148 E2966.87881
G1 X174.065 Y130.148 E2967.86691
G0 F9000 X174.065 Y129.868
G0 X174.673 Y130.426
G0 X174.745 Y131.166
G0 X174.303 Y131.166
G1 F1500 X174.019 Y131.45 E2967.88561
G0 F9000 X173.454 Y131.45
G1 F1500 X174.11 Y130.793 E2967.92884
G0 F9000 X173.904 Y130.434
G1 F1500 X172.888 Y131.45 E2967.99575
G0 F9000 X172.322 Y131.45
G1 F1500 X173.465 Y130.307 E2968.07101
G0 F9000 X172.899 Y130.307
G1 F1500 X171.756 Y131.45 E2968.14628
G0 F9000 X171.191 Y131.45
G1 F1500 X172.333 Y130.307 E2968.22152
G0 F9000 X171.768 Y130.307
G1 F1500 X170.625 Y131.45 E2968.29679
G0 F9000 X170.059 Y131.45
G1 F1500 X171.202 Y130.307 E2968.37205
G0 F9000 X170.636 Y130.307
G1 F1500 X169.494 Y131.45 E2968.44729
G0 F9000 X168.928 Y131.45
G1 F1500 X170.071 Y130.307 E2968.52256
G0 F9000 X169.505 Y130.307
G1 F1500 X168.362 Y131.45 E2968.59783
G0 F9000 X167.797 Y131.45
G1 F1500 X168.939 Y130.307 E2968.67306
G0 F9000 X168.374 Y130.307
G1 F1500 X167.231 Y131.45 E2968.74833
G0 F9000 X166.665 Y131.45
G1 F1500 X167.808 Y130.307 E2968.8236
G0 F9000 X167.242 Y130.307
G1 F1500 X166.1 Y131.45 E2968.89884
G0 F9000 X165.534 Y131.45
G1 F1500 X166.677 Y130.307 E2968.9741
G0 F9000 X166.111 Y130.307
G1 F1500 X164.968 Y131.45 E2969.04937
G0 F9000 X164.403 Y131.45
G1 F1500 X165.545 Y130.307 E2969.12461
G0 F9000 X164.98 Y130.307
G1 F1500 X163.837 Y131.45 E2969.19988
G0 F9000 X163.271 Y131.45
G1 F1500 X164.414 Y130.307 E2969.27515
G0 F9000 X163.848 Y130.307
G1 F1500 X162.705 Y131.45 E2969.35041
G0 F9000 X162.14 Y131.45
G1 F1500 X163.282 Y130.307 E2969.42565
G0 F9000 X162.717 Y130.307
G1 F1500 X161.574 Y131.45 E2969.50092
G0 F9000 X161.008 Y131.45
G1 F1500 X162.151 Y130.307 E2969.57619
G0 F9000 X161.585 Y130.307
G1 F1500 X160.443 Y131.45 E2969.65142
G0 F9000 X159.877 Y131.45
G1 F1500 X161.02 Y130.307 E2969.72669
G0 F9000 X160.454 Y130.307
G1 F1500 X159.311 Y131.45 E2969.80196
G0 F9000 X158.746 Y131.45
G1 F1500 X159.888 Y130.307 E2969.87719
G0 F9000 X159.323 Y130.307
G1 F1500 X158.18 Y131.45 E2969.95246
G0 F9000 X157.614 Y131.45
G1 F1500 X158.757 Y130.307 E2970.02773
G0 F9000 X158.191 Y130.307
G1 F1500 X157.049 Y131.45 E2970.10297
G0 F9000 X156.483 Y131.45
G1 F1500 X157.626 Y130.307 E2970.17824
G0 F9000 X157.06 Y130.307
G1 F1500 X155.917 Y131.45 E2970.2535
G0 F9000 X155.352 Y131.45
G1 F1500 X156.494 Y130.307 E2970.32874
G0 F9000 X155.929 Y130.307
G1 F1500 X154.786 Y131.45 E2970.40401
G0 F9000 X154.22 Y131.45
G1 F1500 X155.363 Y130.307 E2970.47928
G0 F9000 X154.797 Y130.307
G1 F1500 X153.655 Y131.45 E2970.55451
G0 F9000 X153.089 Y131.45
G1 F1500 X154.232 Y130.307 E2970.62978
G0 F9000 X153.666 Y130.307
G1 F1500 X152.604 Y131.369 E2970.69972
G0 F9000 X152.165 Y131.369
G0 X152.237 Y130.427
G0 X152.565 Y130.403
G0 X153.004 Y130.403
G1 F1500 X153.1 Y130.307 E2970.70604
G1 F1500 E2964.20604
G0 F9000 X153.1 Y129.868
G0 X173.883 Y129.586
G0 X174.165 Y97.286
G1 F1500 E2970.70604
G0 F9000 X174.445 Y97.286
G1 F1500 X174.445 Y96.545 E2970.74054
G1 X174.465 Y96.546 E2970.74147
G1 X174.465 Y97.286 E2970.77593
G1 X174.445 Y97.286 E2970.77686
G1 F1500 E2964.27686
G0 F9000 X174.165 Y97.286
G0 X173.883 Y129.586
G0 X153.027 Y129.586
G0 X152.745 Y97.285
G1 F1500 E2970.77686
G0 F9000 X152.465 Y97.285
G1 F1500 X152.445 Y97.285 E2970.77779
G1 X152.445 Y96.545 E2970.81225
G1 X152.465 Y96.546 E2970.81318
G1 X152.465 Y97.285 E2970.84759
G0 F9000 X152.413 Y97.619
;TYPE:SKIN
G1 F1500 X152.272 Y97.477 E2970.85801
G1 X152.454 Y97.861 E2970.88012
G1 X152.454 Y130.105 E2972.5582
G1 X152.667 Y130.458 E2972.57966
G0 F9000 X152.64 Y130.355
G0 X152.637 Y129.94
G0 X174.273 Y129.94
G0 X174.345 Y130.406
G0 X174.446 Y130.174
G1 F1500 X174.446 Y129.891 E2972.59471
G1 X174.453 Y123.944 E2972.91101
G1 X174.453 Y97.923 E2974.29498
G1 X174.302 Y97.508 E2974.31847
G1 F1500 E2967.81847
G0 F9000 X174.376 Y97.566
G0 X174.679 Y130.225
G1 F1500 E2974.31847
G1 X174.42 Y130.483 E2974.32698
G0 F9000 X174.645 Y130.054
G1 F1500 E2967.82698
;MESH:NONMESH
G0 F300 X174.645 Y130.054 Z3.08
G0 F9000 X174.345 Y129.963
G0 X151.875 Y129.929
G0 X150.79 Y129.929
G0 X148.153 Y131.037
G0 X97.347 Y131.037
G0 X94.766 Y129.929
G0 X93.681 Y129.929
G1 F1500 E2974.32698
G0 F9000 X93.501 Y130.059
;TIME_ELAPSED:3190.755953
;LAYER:10
;TYPE:WALL-INNER
;MESH:copri staffa L 30x30x1,8 met??.stl(1)
G1 F1500 X70.701 Y130.059 E2975.38864
G1 X70.701 Y93.903 E2977.07222
G1 X70.701 Y93.704 E2977.08149
G1 X70.9 Y93.704 E2977.08748
G1 X71.501 Y93.705 E2977.11547
G1 X71.501 Y128.075 E2978.71588
G1 X92.701 Y128.075 E2979.70304
G1 X92.701 Y93.903 E2981.29423
G1 X92.701 Y93.704 E2981.3035
G1 X92.9 Y93.704 E2981.30949
G1 X93.501 Y93.705 E2981.33748
G1 X93.501 Y130.059 E2983.03027
G0 F9000 X93.901 Y130.459
;TYPE:WALL-OUTER
G1 F1500 X70.301 Y130.459 E2984.12919
G1 X70.301 Y93.304 E2985.85928
G1 X71.901 Y93.305 E2985.93378
G1 X71.901 Y127.675 E2987.53419
G1 X92.301 Y127.675 E2988.4841
G1 X92.301 Y93.304 E2990.08456
G1 X93.901 Y93.305 E2990.15906
G1 X93.901 Y130.459 E2991.88911
G0 F9000 X93.631 Y130.189
G0 X93.419 Y127.9
;TYPE:FILL
G1 F3000 X92.78 Y128.071 E2991.91991
G0 F9000 X93.42 Y126.77
G1 F3000 X92.78 Y126.13 E2991.96205
G0 F9000 X92.781 Y121.859
G1 F3000 X93.419 Y121.688 E2991.99281
G0 F9000 X93.42 Y118.285
G1 F3000 X92.78 Y117.645 E2992.03496
G0 F9000 X92.78 Y115.648
G1 F3000 X93.419 Y115.476 E2992.06577
G0 F9000 X93.42 Y109.8
G1 F3000 X92.78 Y109.16 E2992.10791
G0 F9000 X92.78 Y109.436
G1 F3000 X93.42 Y109.265 E2992.13876
G0 F9000 X92.78 Y108.14
G1 F3000 X93.42 Y105.752 E2992.25388
G0 F9000 X92.78 Y103.224
G1 F3000 X93.42 Y103.053 E2992.28473
G0 F9000 X93.42 Y101.314
G1 F3000 X92.78 Y100.675 E2992.32684
G0 F9000 X92.781 Y97.013
G1 F3000 X93.419 Y96.841 E2992.35761
G1 F1500 E2985.85761
G0 F9000 X92.529 Y127.903
G0 X71.673 Y127.903
G0 X71.419 Y96.525
G1 F1500 E2992.35761
G1 F3000 X70.78 Y96.696 E2992.38841
G0 F9000 X71.42 Y96.285
G1 F3000 X70.78 Y95.645 E2992.43055
G0 F9000 X71.42 Y95.13
G1 F3000 X70.781 Y97.515 E2992.54553
G0 F9000 X71.419 Y102.736
G1 F3000 X70.78 Y102.908 E2992.57634
G0 F9000 X70.78 Y104.13
G1 F3000 X71.42 Y104.77 E2992.61849
G0 F9000 X71.419 Y108.948
G1 F3000 X70.781 Y109.119 E2992.64924
G0 F9000 X70.78 Y112.615
G1 F3000 X71.42 Y113.255 E2992.69139
G0 F9000 X71.42 Y115.16
G1 F3000 X70.78 Y115.331 E2992.72223
G0 F9000 X71.42 Y118.311
G1 F3000 X70.781 Y120.697 E2992.83725
G0 F9000 X70.78 Y121.101
G1 F3000 X71.42 Y121.741 E2992.8794
G0 F9000 X71.419 Y121.371
G1 F3000 X70.781 Y121.542 E2992.91015
G0 F9000 X71.419 Y127.583
G1 F3000 X70.781 Y127.754 E2992.94091
G0 F9000 X71.491 Y128.185
G0 X71.491 Y128.465
;TYPE:SKIN
G1 F1500 X92.711 Y128.465 E2993.929
G1 X92.711 Y128.804 E2993.94479
G1 X93.111 Y128.804 E2993.96341
G1 X93.111 Y129.669 E2994.00369
G1 X71.091 Y129.669 E2995.02903
G1 X71.091 Y128.805 E2995.06926
G1 X71.491 Y128.805 E2995.08789
G1 X71.491 Y128.465 E2995.10372
G0 F9000 X71.264 Y128.964
G1 F1500 X71.808 Y129.508 E2995.13955
G0 F9000 X72.373 Y129.508
G1 F1500 X71.65 Y128.784 E2995.18719
G0 F9000 X72.056 Y128.624
G1 F1500 X72.939 Y129.508 E2995.24537
G0 F9000 X73.505 Y129.508
G1 F1500 X72.621 Y128.624 E2995.30358
G0 F9000 X73.187 Y128.624
G1 F1500 X74.07 Y129.508 E2995.36176
G0 F9000 X74.636 Y129.508
G1 F1500 X73.753 Y128.624 E2995.41994
G0 F9000 X74.319 Y128.624
G1 F1500 X75.202 Y129.508 E2995.47812
G0 F9000 X75.767 Y129.508
G1 F1500 X74.884 Y128.624 E2995.5363
G0 F9000 X75.45 Y128.624
G1 F1500 X76.333 Y129.508 E2995.59448
G0 F9000 X76.899 Y129.508
G1 F1500 X76.016 Y128.624 E2995.65266
G0 F9000 X76.581 Y128.624
G1 F1500 X77.464 Y129.508 E2995.71084
G0 F9000 X78.03 Y129.508
G1 F1500 X77.147 Y128.624 E2995.76902
G0 F9000 X77.713 Y128.624
G1 F1500 X78.596 Y129.508 E2995.8272
G0 F9000 X79.162 Y129.508
G1 F1500 X78.278 Y128.624 E2995.88542
G0 F9000 X78.844 Y128.624
G1 F1500 X79.727 Y129.508 E2995.9436
G0 F9000 X80.293 Y129.508
G1 F1500 X79.41 Y128.624 E2996.00178
G0 F9000 X79.975 Y128.624
G1 F1500 X80.859 Y129.508 E2996.05999
G0 F9000 X81.424 Y129.508
G1 F1500 X80.541 Y128.624 E2996.11817
G0 F9000 X81.107 Y128.624
G1 F1500 X81.99 Y129.508 E2996.17635
G0 F9000 X82.556 Y129.508
G1 F1500 X81.672 Y128.624 E2996.23456
G0 F9000 X82.238 Y128.624
G1 F1500 X83.121 Y129.508 E2996.29274
G0 F9000 X83.687 Y129.508
G1 F1500 X82.804 Y128.624 E2996.35092
G0 F9000 X83.37 Y128.624
G1 F1500 X84.253 Y129.508 E2996.4091
G0 F9000 X84.818 Y129.508
G1 F1500 X83.935 Y128.624 E2996.46728
G0 F9000 X84.501 Y128.624
G1 F1500 X85.384 Y129.508 E2996.52546
G0 F9000 X85.95 Y129.508
G1 F1500 X85.067 Y128.624 E2996.58364
G0 F9000 X85.632 Y128.624
G1 F1500 X86.515 Y129.508 E2996.64182
G0 F9000 X87.081 Y129.508
G1 F1500 X86.198 Y128.624 E2996.7
G0 F9000 X86.764 Y128.624
G1 F1500 X87.647 Y129.508 E2996.75818
G0 F9000 X88.212 Y129.508
G1 F1500 X87.329 Y128.624 E2996.81636
G0 F9000 X87.895 Y128.624
G1 F1500 X88.778 Y129.508 E2996.87454
G0 F9000 X89.344 Y129.508
G1 F1500 X88.461 Y128.624 E2996.93272
G0 F9000 X89.026 Y128.624
G1 F1500 X89.91 Y129.508 E2996.99093
G0 F9000 X90.475 Y129.508
G1 F1500 X89.592 Y128.624 E2997.04911
G0 F9000 X90.158 Y128.624
G1 F1500 X91.041 Y129.508 E2997.10729
G0 F9000 X91.607 Y129.508
G1 F1500 X90.723 Y128.624 E2997.16551
G0 F9000 X91.289 Y128.624
G1 F1500 X92.172 Y129.508 E2997.22369
G0 F9000 X92.738 Y129.508
G1 F1500 X91.855 Y128.624 E2997.28187
G0 F9000 X92.42 Y128.624
G1 F1500 X92.551 Y128.754 E2997.29046
G0 F9000 X92.759 Y128.963
G1 F1500 X92.95 Y129.154 E2997.30304
G1 F1500 E2990.80304
G0 F9000 X93.391 Y129.154
G0 X93.319 Y128.596
G0 X92.529 Y127.903
G0 X71.673 Y127.903
G0 X71.11 Y95.115
G1 F1500 E2997.30304
G0 F9000 X71.111 Y94.836
G1 F1500 X71.091 Y94.835 E2997.30397
G1 X71.091 Y94.094 E2997.33847
G1 X71.111 Y94.095 E2997.33941
G1 X71.111 Y94.836 E2997.37391
G1 F1500 E2990.87391
G0 F9000 X71.11 Y95.115
G0 X71.673 Y127.903
G0 X92.529 Y127.903
G0 X92.811 Y94.835
G1 F1500 E2997.37391
G0 F9000 X93.091 Y94.835
G1 F1500 X93.091 Y94.094 E2997.40842
G1 X93.111 Y94.095 E2997.40935
G1 X93.111 Y94.836 E2997.44385
G1 X93.091 Y94.835 E2997.44478
G0 F9000 X93.165 Y95.144
;TYPE:SKIN
G1 F1500 X93.306 Y95.003 E2997.45664
G0 F9000 X93.1 Y95.363
G1 F1500 X93.1 Y95.646 E2997.47167
G1 X93.1 Y128.173 E2999.19991
G1 X92.937 Y128.575 E2999.22296
G0 F9000 X93.014 Y128.524
G0 X92.919 Y128.257
G0 X71.283 Y128.257
G0 X71.108 Y128.242
G1 F1500 X71.1 Y127.952 E2999.2383
G1 X71.1 Y95.425 E3000.95878
G1 X71.275 Y95.034 E3000.98144
G1 F1500 E2994.48144
G0 F9000 X71.225 Y95.115
G0 X70.876 Y128.293
G0 X71.056 Y128.473
G1 F1500 E3000.98144
G1 X70.914 Y128.614 E3000.99581
G0 F9000 X70.901 Y128.343
G1 F1500 E2994.49581
;MESH:copri staffa L 30x30x1,8 met??.stl
G0 F9000 X70.883 Y129.877
G0 X93.681 Y130.014
G0 X94.766 Y130.014
G0 X97.335 Y130.014
G0 X98.42 Y130.014
G0 X121.4 Y130.014
;TYPE:WALL-INNER
G1 F1500 E3000.99581
G1 X98.6 Y130.014 E3002.05748
G1 X98.6 Y93.858 E3003.74105
G1 X98.6 Y93.659 E3003.75032
G1 X98.799 Y93.659 E3003.75631
G1 X99.4 Y93.66 E3003.7843
G1 X99.4 Y128.03 E3005.38471
G1 X120.6 Y128.03 E3006.37187
G1 X120.6 Y93.858 E3007.96306
G1 X120.6 Y93.659 E3007.97233
G1 X120.799 Y93.659 E3007.97832
G1 X121.4 Y93.66 E3008.00631
G1 X121.4 Y130.014 E3009.6991
G0 F9000 X121.8 Y130.414
;TYPE:WALL-OUTER
G1 F1500 X98.2 Y130.414 E3010.79802
G1 X98.2 Y93.259 E3012.52811
G1 X99.8 Y93.26 E3012.60261
G1 X99.8 Y127.63 E3014.20303
G1 X120.2 Y127.63 E3015.15293
G1 X120.2 Y93.259 E3016.75339
G1 X121.8 Y93.26 E3016.8279
G1 X121.8 Y130.414 E3018.55794
G0 F9000 X121.53 Y130.144
G0 X121.318 Y127.855
;TYPE:FILL
G1 F3000 X120.679 Y128.026 E3018.58874
G0 F9000 X121.32 Y126.726
G1 F3000 X120.679 Y126.085 E3018.63095
G0 F9000 X120.679 Y121.814
G1 F3000 X121.318 Y121.643 E3018.66175
G0 F9000 X121.32 Y118.241
G1 F3000 X120.679 Y117.6 E3018.70397
G0 F9000 X120.68 Y115.602
G1 F3000 X121.318 Y115.431 E3018.73472
G0 F9000 X121.32 Y109.756
G1 F3000 X120.679 Y109.115 E3018.77693
G0 F9000 X120.679 Y109.391
G1 F3000 X121.319 Y109.219 E3018.80779
G0 F9000 X120.679 Y108.091
G1 F3000 X121.319 Y105.705 E3018.92282
G0 F9000 X120.679 Y103.179
G1 F3000 X121.319 Y103.008 E3018.95367
G0 F9000 X121.32 Y101.271
G1 F3000 X120.679 Y100.629 E3018.99591
G0 F9000 X120.68 Y96.967
G1 F3000 X121.318 Y96.796 E3019.02667
G1 F1500 E3012.52667
G0 F9000 X120.428 Y127.858
G0 X99.572 Y127.858
G0 X99.318 Y96.48
G1 F1500 E3019.02667
G1 F3000 X98.679 Y96.651 E3019.05747
G0 F9000 X99.319 Y96.24
G1 F3000 X98.679 Y95.6 E3019.09961
G0 F9000 X99.319 Y95.08
G1 F3000 X98.68 Y97.467 E3019.21468
G0 F9000 X99.318 Y102.691
G1 F3000 X98.679 Y102.862 E3019.24548
G0 F9000 X98.679 Y104.086
G1 F3000 X99.319 Y104.726 E3019.28762
G0 F9000 X99.318 Y108.903
G1 F3000 X98.679 Y109.074 E3019.31843
G0 F9000 X98.679 Y112.571
G1 F3000 X99.32 Y113.212 E3019.36064
G0 F9000 X99.319 Y115.114
G1 F3000 X98.679 Y115.286 E3019.39149
G0 F9000 X99.319 Y118.262
G1 F3000 X98.679 Y120.651 E3019.50666
G0 F9000 X98.679 Y121.056
G1 F3000 X99.32 Y121.697 E3019.54887
G0 F9000 X99.318 Y121.326
G1 F3000 X98.68 Y121.497 E3019.57963
G0 F9000 X99.318 Y127.538
G1 F3000 X98.68 Y127.709 E3019.61038
G0 F9000 X99.39 Y128.14
G0 X99.39 Y128.42
;TYPE:SKIN
G1 F1500 X120.61 Y128.42 E3020.59848
G1 X120.61 Y128.759 E3020.61426
G1 X121.01 Y128.759 E3020.63289
G1 X121.01 Y129.624 E3020.67316
G1 X98.99 Y129.624 E3021.69851
G1 X98.99 Y128.76 E3021.73874
G1 X99.39 Y128.76 E3021.75736
G1 X99.39 Y128.42 E3021.7732
G0 F9000 X99.39 Y128.14
G0 X98.782 Y128.552
G0 X98.782 Y129.832
G0 X99.482 Y129.904
G0 X99.482 Y129.463
G1 F1500 X99.149 Y129.131 E3021.79509
G0 F9000 X99.503 Y128.919
G1 F1500 X100.047 Y129.463 E3021.83092
G0 F9000 X100.613 Y129.463
G1 F1500 X99.729 Y128.579 E3021.88913
G0 F9000 X100.295 Y128.579
G1 F1500 X101.179 Y129.463 E3021.94734
G0 F9000 X101.744 Y129.463
G1 F1500 X100.861 Y128.579 E3022.00552
G0 F9000 X101.426 Y128.579
G1 F1500 X102.31 Y129.463 E3022.06373
G0 F9000 X102.876 Y129.463
G1 F1500 X101.992 Y128.579 E3022.12195
G0 F9000 X102.558 Y128.579
G1 F1500 X103.441 Y129.463 E3022.18013
G0 F9000 X104.007 Y129.463
G1 F1500 X103.123 Y128.579 E3022.23834
G0 F9000 X103.689 Y128.579
G1 F1500 X104.573 Y129.463 E3022.29655
G0 F9000 X105.139 Y129.463
G1 F1500 X104.255 Y128.579 E3022.35477
G0 F9000 X104.82 Y128.579
G1 F1500 X105.704 Y129.463 E3022.41298
G0 F9000 X106.27 Y129.463
G1 F1500 X105.386 Y128.579 E3022.47119
G0 F9000 X105.952 Y128.579
G1 F1500 X106.836 Y129.463 E3022.5294
G0 F9000 X107.401 Y129.463
G1 F1500 X106.517 Y128.579 E3022.58762
G0 F9000 X107.083 Y128.579
G1 F1500 X107.967 Y129.463 E3022.64583
G0 F9000 X108.533 Y129.463
G1 F1500 X107.649 Y128.579 E3022.70404
G0 F9000 X108.214 Y128.579
G1 F1500 X109.098 Y129.463 E3022.76226
G0 F9000 X109.664 Y129.463
G1 F1500 X108.78 Y128.579 E3022.82047
G0 F9000 X109.346 Y128.579
G1 F1500 X110.23 Y129.463 E3022.87868
G0 F9000 X110.795 Y129.463
G1 F1500 X109.911 Y128.579 E3022.9369
G0 F9000 X110.477 Y128.579
G1 F1500 X111.361 Y129.463 E3022.99511
G0 F9000 X111.927 Y129.463
G1 F1500 X111.043 Y128.579 E3023.05332
G0 F9000 X111.609 Y128.579
G1 F1500 X112.492 Y129.463 E3023.1115
G0 F9000 X113.058 Y129.463
G1 F1500 X112.174 Y128.579 E3023.16971
G0 F9000 X112.74 Y128.579
G1 F1500 X113.624 Y129.463 E3023.22793
G0 F9000 X114.189 Y129.463
G1 F1500 X113.306 Y128.579 E3023.28611
G0 F9000 X113.871 Y128.579
G1 F1500 X114.755 Y129.463 E3023.34432
G0 F9000 X115.321 Y129.463
G1 F1500 X114.437 Y128.579 E3023.40253
G0 F9000 X115.003 Y128.579
G1 F1500 X115.887 Y129.463 E3023.46075
G0 F9000 X116.452 Y129.463
G1 F1500 X115.568 Y128.579 E3023.51896
G0 F9000 X116.134 Y128.579
G1 F1500 X117.018 Y129.463 E3023.57717
G0 F9000 X117.584 Y129.463
G1 F1500 X116.7 Y128.579 E3023.63538
G0 F9000 X117.265 Y128.579
G1 F1500 X118.149 Y129.463 E3023.6936
G0 F9000 X118.715 Y129.463
G1 F1500 X117.831 Y128.579 E3023.75181
G0 F9000 X118.397 Y128.579
G1 F1500 X119.281 Y129.463 E3023.81002
G0 F9000 X119.846 Y129.463
G1 F1500 X118.962 Y128.579 E3023.86824
G0 F9000 X119.528 Y128.579
G1 F1500 X120.412 Y129.463 E3023.92645
G0 F9000 X120.85 Y129.335
G1 F1500 X120.094 Y128.579 E3023.97623
G1 F1500 E3017.47623
G0 F9000 X120.094 Y128.14
G0 X99.572 Y127.858
G0 X99.009 Y95.07
G1 F1500 E3023.97623
G0 F9000 X99.01 Y94.791
G1 F1500 X98.99 Y94.79 E3023.97717
G1 X98.99 Y94.049 E3024.01167
G1 X99.01 Y94.05 E3024.0126
G1 X99.01 Y94.791 E3024.04711
G1 F1500 E3017.54711
G0 F9000 X99.009 Y95.07
G0 X99.572 Y127.858
G0 X120.428 Y127.858
G0 X120.71 Y94.79
G1 F1500 E3024.04711
G0 F9000 X120.99 Y94.79
G1 F1500 X120.99 Y94.049 E3024.08161
G1 X121.01 Y94.05 E3024.08254
G1 X121.01 Y94.791 E3024.11705
G1 X120.99 Y94.79 E3024.11798
G0 F9000 X120.961 Y94.94
;TYPE:SKIN
G1 F1500 X121.224 Y95.203 E3024.12664
G0 F9000 X120.999 Y95.26
G1 F1500 X120.999 Y95.543 E3024.14153
G1 X120.999 Y128.353 E3025.86854
G1 X120.865 Y128.502 E3025.87909
G0 F9000 X120.89 Y128.396
G0 X99.182 Y128.212
G0 X99.007 Y128.14
G1 F1500 X98.983 Y128.399 E3025.89255
G1 X98.842 Y128.54 E3025.90287
G1 X98.999 Y127.566 E3025.95393
G1 X98.999 Y95.322 E3027.62281
G1 X99.204 Y94.961 E3027.6443
G0 F9000 X99.2 Y95.254
G1 F1500 E3021.1443
;MESH:copri staffa L 30x30x1,8 met??.stl(2)
G0 F9000 X99.572 Y127.858
G0 X120.414 Y127.844
G0 X119.347 Y126.777
G0 X119.347 Y92.406
G0 X122.653 Y92.407
G0 X122.835 Y127.844
G0 X123.92 Y127.844
G0 X124.1 Y130.014
;TYPE:WALL-INNER
G1 F1500 E3027.6443
G1 X124.1 Y93.858 E3029.32787
G1 X124.1 Y93.659 E3029.33714
G1 X124.299 Y93.659 E3029.34314
G1 X124.9 Y93.66 E3029.37112
G1 X124.9 Y128.03 E3030.97153
G1 X146.1 Y128.03 E3031.95869
G1 X146.1 Y93.858 E3033.54988
G1 X146.1 Y93.659 E3033.55915
G1 X146.299 Y93.659 E3033.56515
G1 X146.9 Y93.66 E3033.59313
G1 X146.9 Y130.014 E3035.28593
G1 X124.1 Y130.014 E3036.34759
G0 F9000 X123.7 Y130.414
;TYPE:WALL-OUTER
G1 F1500 X123.7 Y93.259 E3038.07768
G1 X125.3 Y93.26 E3038.15218
G1 X125.3 Y127.63 E3039.7526
G1 X145.7 Y127.63 E3040.7025
G1 X145.7 Y93.259 E3042.30296
G1 X147.3 Y93.26 E3042.37747
G1 X147.3 Y130.414 E3044.10751
G1 X123.7 Y130.414 E3045.20643
G0 F9000 X123.97 Y130.144
G0 X124.179 Y127.709
;TYPE:FILL
G1 F3000 X124.818 Y127.538 E3045.23723
G0 F9000 X124.819 Y121.697
G1 F3000 X124.179 Y121.056 E3045.27941
G0 F9000 X124.18 Y120.652
G1 F3000 X124.819 Y118.266 E3045.39442
G0 F9000 X124.18 Y115.285
G1 F3000 X124.819 Y115.114 E3045.42522
G0 F9000 X124.819 Y113.212
G1 F3000 X124.179 Y112.571 E3045.4674
G0 F9000 X124.179 Y109.074
G1 F3000 X124.819 Y108.903 E3045.49825
G0 F9000 X124.819 Y104.726
G1 F3000 X124.179 Y104.086 E3045.54039
G0 F9000 X124.18 Y102.862
G1 F3000 X124.819 Y102.691 E3045.5712
G0 F9000 X124.18 Y97.47
G1 F3000 X124.819 Y95.084 E3045.68621
G0 F9000 X124.179 Y95.6
G1 F3000 X124.819 Y96.241 E3045.72839
G0 F9000 X124.818 Y96.479
G1 F3000 X124.18 Y96.651 E3045.75916
G1 F1500 E3039.25916
G0 F9000 X125.072 Y127.858
G0 X145.928 Y127.858
G0 X146.18 Y96.967
G1 F1500 E3045.75916
G1 F3000 X146.818 Y96.796 E3045.78992
G0 F9000 X146.179 Y100.63
G1 F3000 X146.819 Y101.27 E3045.83206
G0 F9000 X146.819 Y103.008
G1 F3000 X146.179 Y103.179 E3045.86291
G0 F9000 X146.819 Y105.706
G1 F3000 X146.179 Y108.095 E3045.97807
G0 F9000 X146.179 Y109.115
G1 F3000 X146.819 Y109.755 E3046.02022
G0 F9000 X146.818 Y109.22
G1 F3000 X146.179 Y109.391 E3046.05102
G0 F9000 X146.818 Y115.431
G1 F3000 X146.179 Y115.603 E3046.08183
G0 F9000 X146.179 Y117.601
G1 F3000 X146.819 Y118.24 E3046.12394
G0 F9000 X146.819 Y121.643
G1 F3000 X146.179 Y121.814 E3046.15479
G0 F9000 X146.179 Y126.086
G1 F3000 X146.819 Y126.726 E3046.19694
G0 F9000 X146.819 Y127.854
G1 F3000 X146.179 Y128.026 E3046.22779
G0 F9000 X125.072 Y127.858
G0 X124.818 Y121.326
G1 F3000 X124.18 Y121.497 E3046.25855
G0 F9000 X124.89 Y128.14
G0 X124.89 Y128.42
;TYPE:SKIN
G1 F1500 X146.11 Y128.42 E3047.24664
G1 X146.11 Y128.759 E3047.26243
G1 X146.51 Y128.759 E3047.28105
G1 X146.51 Y129.624 E3047.32133
G1 X124.49 Y129.624 E3048.34668
G1 X124.49 Y128.76 E3048.38691
G1 X124.89 Y128.76 E3048.40553
G1 X124.89 Y128.42 E3048.42136
G0 F9000 X124.89 Y128.14
G0 X124.282 Y128.552
G0 X124.282 Y129.832
G0 X124.937 Y129.904
G0 X124.937 Y129.463
G1 F1500 X124.649 Y129.174 E3048.44036
G0 F9000 X124.959 Y128.919
G1 F1500 X125.503 Y129.463 E3048.47619
G0 F9000 X126.069 Y129.463
G1 F1500 X125.186 Y128.58 E3048.53433
G0 F9000 X125.751 Y128.58
G1 F1500 X126.635 Y129.463 E3048.59251
G0 F9000 X127.2 Y129.463
G1 F1500 X126.317 Y128.58 E3048.65066
G0 F9000 X126.883 Y128.58
G1 F1500 X127.766 Y129.463 E3048.70881
G0 F9000 X128.332 Y129.463
G1 F1500 X127.448 Y128.58 E3048.76699
G0 F9000 X128.014 Y128.58
G1 F1500 X128.897 Y129.463 E3048.82513
G0 F9000 X129.463 Y129.463
G1 F1500 X128.58 Y128.58 E3048.88328
G0 F9000 X129.145 Y128.58
G1 F1500 X130.029 Y129.463 E3048.94146
G0 F9000 X130.594 Y129.463
G1 F1500 X129.711 Y128.58 E3048.99961
G0 F9000 X130.277 Y128.58
G1 F1500 X131.16 Y129.463 E3049.05776
G0 F9000 X131.726 Y129.463
G1 F1500 X130.843 Y128.58 E3049.1159
G0 F9000 X131.408 Y128.58
G1 F1500 X132.291 Y129.463 E3049.17405
G0 F9000 X132.857 Y129.463
G1 F1500 X131.974 Y128.58 E3049.2322
G0 F9000 X132.54 Y128.58
G1 F1500 X133.423 Y129.463 E3049.29034
G0 F9000 X133.988 Y129.463
G1 F1500 X133.105 Y128.58 E3049.34849
G0 F9000 X133.671 Y128.58
G1 F1500 X134.554 Y129.463 E3049.40664
G0 F9000 X135.12 Y129.463
G1 F1500 X134.237 Y128.58 E3049.46479
G0 F9000 X134.802 Y128.58
G1 F1500 X135.686 Y129.463 E3049.52297
G0 F9000 X136.251 Y129.463
G1 F1500 X135.368 Y128.58 E3049.58111
G0 F9000 X135.934 Y128.58
G1 F1500 X136.817 Y129.463 E3049.63926
G0 F9000 X137.383 Y129.463
G1 F1500 X136.499 Y128.58 E3049.69744
G0 F9000 X137.065 Y128.58
G1 F1500 X137.948 Y129.463 E3049.75559
G0 F9000 X138.514 Y129.463
G1 F1500 X137.631 Y128.58 E3049.81373
G0 F9000 X138.196 Y128.58
G1 F1500 X139.08 Y129.463 E3049.87191
G0 F9000 X139.645 Y129.463
G1 F1500 X138.762 Y128.58 E3049.93006
G0 F9000 X139.328 Y128.58
G1 F1500 X140.211 Y129.463 E3049.98821
G0 F9000 X140.777 Y129.463
G1 F1500 X139.894 Y128.58 E3050.04635
G0 F9000 X140.459 Y128.58
G1 F1500 X141.342 Y129.463 E3050.1045
G0 F9000 X141.908 Y129.463
G1 F1500 X141.025 Y128.58 E3050.16265
G0 F9000 X141.591 Y128.58
G1 F1500 X142.474 Y129.463 E3050.2208
G0 F9000 X143.039 Y129.463
G1 F1500 X142.156 Y128.58 E3050.27894
G0 F9000 X142.722 Y128.58
G1 F1500 X143.605 Y129.463 E3050.33709
G0 F9000 X144.171 Y129.463
G1 F1500 X143.288 Y128.58 E3050.39524
G0 F9000 X143.853 Y128.58
G1 F1500 X144.736 Y129.463 E3050.45338
G0 F9000 X145.302 Y129.463
G1 F1500 X144.419 Y128.58 E3050.51153
G0 F9000 X144.985 Y128.58
G1 F1500 X145.868 Y129.463 E3050.56968
G0 F9000 X146.349 Y129.378
G1 F1500 X145.55 Y128.58 E3050.62226
G1 F1500 E3044.12226
G0 F9000 X145.55 Y128.14
G0 X125.072 Y127.858
G0 X124.509 Y95.07
G1 F1500 E3050.62226
G0 F9000 X124.51 Y94.791
G1 F1500 X124.49 Y94.79 E3050.62319
G1 X124.49 Y94.049 E3050.6577
G1 X124.51 Y94.05 E3050.65863
G1 X124.51 Y94.791 E3050.69313
G1 F1500 E3044.19313
G0 F9000 X124.509 Y95.07
G0 X125.072 Y127.858
G0 X145.928 Y127.858
G0 X146.21 Y94.79
G1 F1500 E3050.69313
G0 F9000 X146.49 Y94.79
G1 F1500 X146.49 Y94.049 E3050.72764
G1 X146.51 Y94.05 E3050.72857
G1 X146.51 Y94.791 E3050.76307
G1 X146.49 Y94.79 E3050.76401
G0 F9000 X146.57 Y95.093
;TYPE:SKIN
G1 F1500 X146.498 Y95.304 E3050.77577
G1 X146.498 Y128.114 E3052.50648
G1 X146.343 Y128.524 E3052.5296
G0 F9000 X146.39 Y128.44
G0 X124.682 Y128.212
G0 X124.507 Y128.183
G1 F1500 X124.499 Y127.893 E3052.545
G1 X124.499 Y95.366 E3054.27146
G1 X124.682 Y94.983 E3054.29399
G1 F1500 E3047.79399
G0 F9000 X124.638 Y95.07
G0 X124.274 Y128.233
G0 X124.461 Y128.421
G1 F1500 E3054.29399
G1 X124.32 Y128.562 E3054.30941
G0 F9000 X124.3 Y128.298
G1 F1500 E3047.80941
;MESH:copri staffa L 30x30x1,8 met??.stl(3)
G0 F9000 X124.282 Y129.832
G0 X147.086 Y130.2
G0 X148.165 Y130.2
G0 X150.79 Y130.2
G0 X151.875 Y130.2
G0 X152.055 Y132.23
;TYPE:WALL-INNER
G1 F1500 E3054.30941
G1 X152.055 Y96.074 E3055.99299
G1 X152.055 Y95.875 E3056.00225
G1 X152.254 Y95.875 E3056.00825
G1 X152.855 Y95.876 E3056.03623
G1 X152.855 Y130.246 E3057.63664
G1 X174.055 Y130.246 E3058.6238
G1 X174.055 Y96.074 E3060.215
G1 X174.055 Y95.875 E3060.22426
G1 X174.254 Y95.875 E3060.23026
G1 X174.855 Y95.876 E3060.25824
G1 X174.855 Y132.23 E3061.95104
G1 X152.055 Y132.23 E3063.0127
G0 F9000 X151.655 Y132.63
;TYPE:WALL-OUTER
G1 F1500 X151.655 Y95.475 E3064.74279
G1 X153.255 Y95.476 E3064.8173
G1 X153.255 Y129.846 E3066.41771
G1 X173.655 Y129.846 E3067.36762
G1 X173.655 Y95.475 E3068.96807
G1 X175.255 Y95.476 E3069.04258
G1 X175.255 Y132.63 E3070.77262
G1 X151.655 Y132.63 E3071.87154
G0 F9000 X151.925 Y132.36
G0 X152.135 Y129.925
;TYPE:FILL
G1 F3000 X152.773 Y129.754 E3071.90229
G0 F9000 X152.774 Y123.913
G1 F3000 X152.134 Y123.272 E3071.94447
G0 F9000 X152.135 Y122.869
G1 F3000 X152.774 Y120.482 E3072.05953
G0 F9000 X152.134 Y117.502
G1 F3000 X152.774 Y117.331 E3072.09038
G0 F9000 X152.774 Y115.428
G1 F3000 X152.134 Y114.787 E3072.13256
G0 F9000 X152.135 Y111.29
G1 F3000 X152.773 Y111.119 E3072.16331
G0 F9000 X152.774 Y106.942
G1 F3000 X152.134 Y106.302 E3072.20546
G0 F9000 X152.135 Y105.078
G1 F3000 X152.773 Y104.907 E3072.23622
G0 F9000 X152.135 Y99.686
G1 F3000 X152.774 Y97.301 E3072.35119
G0 F9000 X152.134 Y97.816
G1 F3000 X152.774 Y98.457 E3072.39337
G0 F9000 X152.773 Y98.696
G1 F3000 X152.135 Y98.867 E3072.42412
G1 F1500 E3065.92412
G0 F9000 X153.027 Y130.074
G0 X173.883 Y130.074
G0 X174.135 Y99.184
G1 F1500 E3072.42412
G1 F3000 X174.773 Y99.013 E3072.45488
G0 F9000 X174.134 Y102.846
G1 F3000 X174.774 Y103.486 E3072.49703
G0 F9000 X174.774 Y105.224
G1 F3000 X174.134 Y105.395 E3072.52787
G0 F9000 X174.774 Y107.923
G1 F3000 X174.134 Y110.311 E3072.64299
G0 F9000 X174.134 Y111.331
G1 F3000 X174.774 Y111.971 E3072.68514
G0 F9000 X174.774 Y111.436
G1 F3000 X174.134 Y111.607 E3072.71598
G0 F9000 X174.773 Y117.647
G1 F3000 X174.134 Y117.819 E3072.7468
G0 F9000 X174.134 Y119.817
G1 F3000 X174.774 Y120.457 E3072.78894
G0 F9000 X174.773 Y123.859
G1 F3000 X174.135 Y124.03 E3072.8197
G0 F9000 X174.134 Y128.302
G1 F3000 X174.774 Y128.942 E3072.86184
G0 F9000 X174.773 Y130.071
G1 F3000 X174.134 Y130.242 E3072.89264
G0 F9000 X153.027 Y130.074
G0 X152.773 Y123.542
G1 F3000 X152.135 Y123.713 E3072.9234
G0 F9000 X152.845 Y130.356
G0 X152.845 Y130.636
;TYPE:SKIN
G1 F1500 X174.065 Y130.636 E3073.91149
G1 X174.065 Y130.975 E3073.92728
G1 X174.465 Y130.975 E3073.9459
G1 X174.465 Y131.84 E3073.98618
G1 X152.445 Y131.84 E3075.01153
G1 X152.445 Y130.976 E3075.05176
G1 X152.845 Y130.976 E3075.07038
G1 X152.845 Y130.636 E3075.08621
G0 F9000 X152.632 Y131.136
G1 F1500 X153.175 Y131.679 E3075.12197
G0 F9000 X153.741 Y131.679
G1 F1500 X153.004 Y130.942 E3075.1705
G0 F9000 X153.423 Y130.796
G1 F1500 X154.306 Y131.679 E3075.22865
G0 F9000 X154.872 Y131.679
G1 F1500 X153.989 Y130.796 E3075.2868
G0 F9000 X154.555 Y130.796
G1 F1500 X155.438 Y131.679 E3075.34495
G0 F9000 X156.004 Y131.679
G1 F1500 X155.12 Y130.796 E3075.40313
G0 F9000 X155.686 Y130.796
G1 F1500 X156.569 Y131.679 E3075.46127
G0 F9000 X157.135 Y131.679
G1 F1500 X156.252 Y130.796 E3075.51942
G0 F9000 X156.817 Y130.796
G1 F1500 X157.701 Y131.679 E3075.5776
G0 F9000 X158.266 Y131.679
G1 F1500 X157.383 Y130.796 E3075.63575
G0 F9000 X157.949 Y130.796
G1 F1500 X158.832 Y131.679 E3075.69389
G0 F9000 X159.398 Y131.679
G1 F1500 X158.514 Y130.796 E3075.75207
G0 F9000 X159.08 Y130.796
G1 F1500 X159.963 Y131.679 E3075.81022
G0 F9000 X160.529 Y131.679
G1 F1500 X159.646 Y130.796 E3075.86837
G0 F9000 X160.212 Y130.796
G1 F1500 X161.095 Y131.679 E3075.92652
G0 F9000 X161.66 Y131.679
G1 F1500 X160.777 Y130.796 E3075.98466
G0 F9000 X161.343 Y130.796
G1 F1500 X162.226 Y131.679 E3076.04281
G0 F9000 X162.792 Y131.679
G1 F1500 X161.909 Y130.796 E3076.10096
G0 F9000 X162.474 Y130.796
G1 F1500 X163.357 Y131.679 E3076.1591
G0 F9000 X163.923 Y131.679
G1 F1500 X163.04 Y130.796 E3076.21725
G0 F9000 X163.606 Y130.796
G1 F1500 X164.489 Y131.679 E3076.2754
G0 F9000 X165.054 Y131.679
G1 F1500 X164.171 Y130.796 E3076.33354
G0 F9000 X164.737 Y130.796
G1 F1500 X165.62 Y131.679 E3076.39169
G0 F9000 X166.186 Y131.679
G1 F1500 X165.303 Y130.796 E3076.44984
G0 F9000 X165.868 Y130.796
G1 F1500 X166.752 Y131.679 E3076.50802
G0 F9000 X167.317 Y131.679
G1 F1500 X166.434 Y130.796 E3076.56617
G0 F9000 X167 Y130.796
G1 F1500 X167.883 Y131.679 E3076.62431
G0 F9000 X168.449 Y131.679
G1 F1500 X167.565 Y130.796 E3076.68249
G0 F9000 X168.131 Y130.796
G1 F1500 X169.014 Y131.679 E3076.74064
G0 F9000 X169.58 Y131.679
G1 F1500 X168.697 Y130.796 E3076.79879
G0 F9000 X169.262 Y130.796
G1 F1500 X170.146 Y131.679 E3076.85697
G0 F9000 X170.711 Y131.679
G1 F1500 X169.828 Y130.796 E3076.91511
G0 F9000 X170.394 Y130.796
G1 F1500 X171.277 Y131.679 E3076.97326
G0 F9000 X171.843 Y131.679
G1 F1500 X170.96 Y130.796 E3077.03141
G0 F9000 X171.525 Y130.796
G1 F1500 X172.408 Y131.679 E3077.08956
G0 F9000 X172.974 Y131.679
G1 F1500 X172.091 Y130.796 E3077.1477
G0 F9000 X172.657 Y130.796
G1 F1500 X173.54 Y131.679 E3077.20585
G0 F9000 X174.105 Y131.679
G1 F1500 X173.222 Y130.796 E3077.264
G0 F9000 X173.788 Y130.796
G1 F1500 X173.904 Y130.912 E3077.27164
G0 F9000 X174.127 Y131.135
G1 F1500 X174.304 Y131.312 E3077.28329
G1 F1500 E3070.78329
G0 F9000 X174.745 Y131.312
G0 X174.673 Y130.767
G0 X173.883 Y130.074
G0 X153.027 Y130.074
G0 X152.464 Y97.286
G1 F1500 E3077.28329
G0 F9000 X152.465 Y97.007
G1 F1500 X152.445 Y97.006 E3077.28422
G1 X152.445 Y96.265 E3077.31873
G1 X152.465 Y96.266 E3077.31966
G1 X152.465 Y97.007 E3077.35416
G1 F1500 E3070.85416
G0 F9000 X152.464 Y97.286
G0 X153.027 Y130.074
G0 X173.883 Y130.074
G0 X174.165 Y97.006
G1 F1500 E3077.35416
G0 F9000 X174.445 Y97.006
G1 F1500 X174.445 Y96.265 E3077.38867
G1 X174.465 Y96.266 E3077.3896
G1 X174.465 Y97.007 E3077.4241
G1 X174.445 Y97.006 E3077.42504
G0 F9000 X174.525 Y97.309
;TYPE:SKIN
G1 F1500 X174.453 Y97.52 E3077.43684
G1 X174.453 Y130.33 E3079.17394
G1 X174.298 Y130.74 E3079.19715
G0 F9000 X174.345 Y130.656
G0 X152.637 Y130.428
G0 X152.461 Y130.4
G1 F1500 X152.416 Y130.637 E3079.20965
G1 X152.275 Y130.779 E3079.22003
G1 X152.453 Y129.826 E3079.27029
G1 X152.453 Y97.582 E3080.94201
G1 X152.636 Y97.199 E3080.96402
G0 F9000 X152.655 Y97.47
G1 F1500 E3074.46402
;MESH:NONMESH
G0 F300 X152.655 Y97.47 Z3.36
G0 F9000 X151.875 Y130.159
G0 X150.79 Y130.159
G0 X148.153 Y131.267
G0 X97.347 Y131.267
G0 X94.766 Y130.159
G0 X93.681 Y130.159
G1 F1500 E3080.96402
G0 F9000 X93.501 Y130.289
;TIME_ELAPSED:3344.175899
;LAYER:11
;TYPE:WALL-INNER
;MESH:copri staffa L 30x30x1,8 met??.stl(1)
G1 F1500 X70.701 Y130.289 E3082.02568
G1 X70.701 Y93.623 E3083.733
G1 X70.701 Y93.424 E3083.74227
G1 X70.9 Y93.424 E3083.74826
G1 X71.501 Y93.425 E3083.77625
G1 X71.501 Y128.52 E3085.41042
G1 X92.701 Y128.52 E3086.39758
G1 X92.701 Y93.623 E3088.02253
G1 X92.701 Y93.424 E3088.0318
G1 X92.9 Y93.424 E3088.03779
G1 X93.501 Y93.425 E3088.06578
G1 X93.501 Y130.289 E3089.78232
G0 F9000 X93.901 Y130.689
;TYPE:WALL-OUTER
G1 F1500 X70.301 Y130.689 E3090.88124
G1 X70.301 Y93.024 E3092.63508
G1 X71.901 Y93.025 E3092.70958
G1 X71.901 Y128.12 E3094.34375
G1 X92.301 Y128.12 E3095.29366
G1 X92.301 Y93.024 E3096.92787
G1 X93.901 Y93.025 E3097.00238
G1 X93.901 Y130.689 E3098.75617
G0 F9000 X93.631 Y130.419
G0 X93.319 Y128.937
G0 X93.178 Y129.074
;TYPE:FILL
G1 F3000 X93.42 Y128.17 E3098.79975
G0 F9000 X93.42 Y128.105
G1 F3000 X92.78 Y128.276 E3098.83059
G0 F9000 X93.42 Y126.49
G1 F3000 X92.78 Y125.85 E3098.87274
G0 F9000 X92.781 Y122.064
G1 F3000 X93.419 Y121.893 E3098.9035
G0 F9000 X93.42 Y118.005
G1 F3000 X92.78 Y117.365 E3098.94564
G0 F9000 X92.78 Y115.853
G1 F3000 X93.419 Y115.681 E3098.97645
G0 F9000 X92.78 Y109.641
G1 F3000 X93.419 Y109.47 E3099.00726
G0 F9000 X93.42 Y109.52
G1 F3000 X92.78 Y108.88 E3099.0494
G0 F9000 X92.78 Y107.375
G1 F3000 X93.42 Y104.988 E3099.16447
G0 F9000 X92.781 Y103.429
G1 F3000 X93.419 Y103.258 E3099.19523
G0 F9000 X93.42 Y101.034
G1 F3000 X92.78 Y100.395 E3099.23734
G0 F9000 X92.78 Y97.218
G1 F3000 X93.419 Y97.046 E3099.26816
G1 F1500 E3092.76816
G0 F9000 X92.529 Y128.348
G0 X71.673 Y128.348
G0 X71.42 Y96.73
G1 F1500 E3099.26816
G1 F3000 X70.78 Y96.901 E3099.299
G0 F9000 X70.78 Y96.753
G1 F3000 X71.35 Y94.625 E3099.40159
G0 F9000 X70.78 Y95.365
G1 F3000 X71.42 Y96.005 E3099.44373
G0 F9000 X71.419 Y102.941
G1 F3000 X70.78 Y103.113 E3099.47454
G0 F9000 X70.78 Y103.85
G1 F3000 X71.42 Y104.49 E3099.51669
G0 F9000 X71.419 Y109.153
G1 F3000 X70.781 Y109.324 E3099.54745
G0 F9000 X70.78 Y112.335
G1 F3000 X71.42 Y112.975 E3099.58959
G0 F9000 X71.42 Y115.365
G1 F3000 X70.78 Y115.536 E3099.62044
G0 F9000 X71.42 Y117.546
G1 F3000 X70.78 Y119.934 E3099.73556
G0 F9000 X70.78 Y120.821
G1 F3000 X71.42 Y121.461 E3099.7777
G0 F9000 X71.419 Y121.576
G1 F3000 X70.78 Y121.748 E3099.80852
G0 F9000 X71.42 Y127.788
G1 F3000 X70.78 Y127.959 E3099.83936
G0 F9000 X71.491 Y128.63
G0 X71.491 Y128.91
;TYPE:SKIN
G1 F1500 X92.711 Y128.91 E3100.82745
G1 X92.711 Y129.145 E3100.8384
G1 X93.111 Y129.145 E3100.85702
G1 X93.111 Y129.899 E3100.89213
G1 X71.091 Y129.899 E3101.91748
G1 X71.091 Y129.146 E3101.95254
G1 X71.491 Y129.146 E3101.97116
G1 X71.491 Y128.91 E3101.98215
G0 F9000 X71.25 Y129.567
G1 F1500 X71.512 Y129.305 E3101.99941
G0 F9000 X71.651 Y129.167
G1 F1500 X71.749 Y129.068 E3102.00589
G0 F9000 X72.315 Y129.068
G1 F1500 X71.645 Y129.738 E3102.05001
G0 F9000 X72.211 Y129.738
G1 F1500 X72.88 Y129.068 E3102.0941
G0 F9000 X73.446 Y129.068
G1 F1500 X72.776 Y129.738 E3102.13822
G0 F9000 X73.342 Y129.738
G1 F1500 X74.012 Y129.068 E3102.18234
G0 F9000 X74.577 Y129.068
G1 F1500 X73.908 Y129.738 E3102.22643
G0 F9000 X74.473 Y129.738
G1 F1500 X75.143 Y129.068 E3102.27055
G0 F9000 X75.709 Y129.068
G1 F1500 X75.039 Y129.738 E3102.31467
G0 F9000 X75.605 Y129.738
G1 F1500 X76.274 Y129.068 E3102.35876
G0 F9000 X76.84 Y129.068
G1 F1500 X76.17 Y129.738 E3102.40288
G0 F9000 X76.736 Y129.738
G1 F1500 X77.406 Y129.068 E3102.447
G0 F9000 X77.971 Y129.068
G1 F1500 X77.302 Y129.738 E3102.49109
G0 F9000 X77.868 Y129.738
G1 F1500 X78.537 Y129.068 E3102.53518
G0 F9000 X79.103 Y129.068
G1 F1500 X78.433 Y129.738 E3102.5793
G0 F9000 X78.999 Y129.738
G1 F1500 X79.669 Y129.068 E3102.62342
G0 F9000 X80.234 Y129.068
G1 F1500 X79.565 Y129.738 E3102.6675
G0 F9000 X80.13 Y129.738
G1 F1500 X80.8 Y129.068 E3102.71163
G0 F9000 X81.366 Y129.068
G1 F1500 X80.696 Y129.738 E3102.75575
G0 F9000 X81.262 Y129.738
G1 F1500 X81.931 Y129.068 E3102.79983
G0 F9000 X82.497 Y129.068
G1 F1500 X81.827 Y129.738 E3102.84395
G0 F9000 X82.393 Y129.738
G1 F1500 X83.063 Y129.068 E3102.88807
G0 F9000 X83.628 Y129.068
G1 F1500 X82.959 Y129.738 E3102.93216
G0 F9000 X83.524 Y129.738
G1 F1500 X84.194 Y129.068 E3102.97628
G0 F9000 X84.76 Y129.068
G1 F1500 X84.09 Y129.738 E3103.0204
G0 F9000 X84.656 Y129.738
G1 F1500 X85.325 Y129.068 E3103.06449
G0 F9000 X85.891 Y129.068
G1 F1500 X85.221 Y129.738 E3103.10861
G0 F9000 X85.787 Y129.738
G1 F1500 X86.457 Y129.068 E3103.15273
G0 F9000 X87.022 Y129.068
G1 F1500 X86.353 Y129.738 E3103.19682
G0 F9000 X86.918 Y129.738
G1 F1500 X87.588 Y129.068 E3103.24094
G0 F9000 X88.154 Y129.068
G1 F1500 X87.484 Y129.738 E3103.28506
G0 F9000 X88.05 Y129.738
G1 F1500 X88.719 Y129.068 E3103.32915
G0 F9000 X89.285 Y129.068
G1 F1500 X88.616 Y129.738 E3103.37324
G0 F9000 X89.181 Y129.738
G1 F1500 X89.851 Y129.068 E3103.41736
G0 F9000 X90.417 Y129.068
G1 F1500 X89.747 Y129.738 E3103.46148
G0 F9000 X90.313 Y129.738
G1 F1500 X90.982 Y129.068 E3103.50557
G0 F9000 X91.548 Y129.068
G1 F1500 X90.878 Y129.738 E3103.54969
G0 F9000 X91.444 Y129.738
G1 F1500 X92.114 Y129.068 E3103.59381
G0 F9000 X92.55 Y129.198
G1 F1500 X92.01 Y129.738 E3103.62937
G0 F9000 X92.575 Y129.738
G1 F1500 X92.95 Y129.363 E3103.65406
G1 F1500 E3097.15406
G0 F9000 X93.391 Y129.363
G0 X93.319 Y128.937
G0 X92.529 Y128.348
G0 X71.673 Y128.348
G0 X71.11 Y94.835
G1 F1500 E3103.65406
G0 F9000 X71.111 Y94.556
G1 F1500 X71.091 Y94.555 E3103.65499
G1 X71.091 Y93.814 E3103.6895
G1 X71.111 Y93.815 E3103.69043
G1 X71.111 Y94.556 E3103.72494
G1 F1500 E3097.22494
G0 F9000 X71.11 Y94.835
G0 X71.673 Y128.348
G0 X92.529 Y128.348
G0 X92.811 Y94.555
G1 F1500 E3103.72494
G0 F9000 X93.091 Y94.555
G1 F1500 X93.091 Y93.814 E3103.75944
G1 X93.111 Y93.815 E3103.76037
G1 X93.111 Y94.556 E3103.79488
G1 X93.091 Y94.555 E3103.79581
G0 F9000 X93.103 Y94.704
;TYPE:SKIN
G1 F1500 X92.876 Y94.931 E3103.80328
G0 F9000 X93.101 Y94.989
G1 F1500 X93.101 Y95.271 E3103.81813
G1 X93.101 Y128.364 E3105.56005
G1 X93.181 Y128.849 E3105.58593
G0 F9000 X93.326 Y128.705
G0 X71.283 Y128.702
G0 X71.298 Y128.953
G1 F1500 X71.149 Y128.819 E3105.5964
G1 X71.1 Y127.737 E3105.65302
G1 X71.099 Y94.928 E3107.3681
G1 X70.958 Y94.786 E3107.37856
G0 F9000 X70.901 Y95.017
G1 F1500 E3100.87856
;MESH:copri staffa L 30x30x1,8 met??.stl
G0 F9000 X71.673 Y128.348
G0 X93.681 Y128.475
G0 X94.766 Y128.475
G0 X97.335 Y128.475
G0 X98.42 Y128.475
G0 X99.4 Y128.475
;TYPE:WALL-INNER
G1 F1500 E3107.37856
G1 X120.6 Y128.475 E3108.36573
G1 X120.6 Y93.578 E3109.99068
G1 X120.6 Y93.379 E3109.99994
G1 X120.799 Y93.379 E3110.00594
G1 X121.4 Y93.38 E3110.03392
G1 X121.4 Y130.244 E3111.75046
G1 X98.6 Y130.244 E3112.81213
G1 X98.6 Y93.578 E3114.51945
G1 X98.6 Y93.379 E3114.52872
G1 X98.799 Y93.379 E3114.53471
G1 X99.4 Y93.38 E3114.5627
G1 X99.4 Y128.475 E3116.19687
G0 F9000 X99.8 Y128.075
;TYPE:WALL-OUTER
G1 F1500 X120.2 Y128.075 E3117.14678
G1 X120.2 Y92.979 E3118.78099
G1 X121.8 Y92.98 E3118.8555
G1 X121.8 Y130.644 E3120.60929
G1 X98.2 Y130.644 E3121.7082
G1 X98.2 Y92.979 E3123.46205
G1 X99.8 Y92.98 E3123.53655
G1 X99.8 Y128.075 E3125.17072
G0 F9000 X99.319 Y127.742
;TYPE:FILL
G1 F3000 X98.679 Y127.914 E3125.20158
G0 F9000 X98.679 Y121.702
G1 F3000 X99.318 Y121.531 E3125.23238
G0 F9000 X99.32 Y121.417
G1 F3000 X98.679 Y120.776 E3125.27459
G0 F9000 X98.679 Y119.885
G1 F3000 X99.319 Y117.497 E3125.38971
G0 F9000 X98.679 Y115.491
G1 F3000 X99.319 Y115.319 E3125.42057
G0 F9000 X99.32 Y112.932
G1 F3000 X98.679 Y112.291 E3125.46278
G0 F9000 X98.68 Y109.279
G1 F3000 X99.319 Y109.107 E3125.49359
G0 F9000 X99.319 Y104.446
G1 F3000 X98.679 Y103.806 E3125.53574
G0 F9000 X98.679 Y103.067
G1 F3000 X99.318 Y102.896 E3125.56654
G0 F9000 X98.679 Y96.856
G1 F3000 X99.319 Y96.684 E3125.5974
G0 F9000 X98.679 Y96.704
G1 F3000 X99.248 Y94.58 E3125.69979
G0 F9000 X98.679 Y95.32
G1 F3000 X99.319 Y95.96 E3125.74193
G1 F1500 E3119.24193
G0 F9000 X99.572 Y128.303
G0 X120.428 Y128.303
G0 X120.679 Y97.172
G1 F1500 E3125.74193
G1 F3000 X121.318 Y97.001 E3125.77273
G0 F9000 X120.679 Y100.349
G1 F3000 X121.32 Y100.991 E3125.81498
G0 F9000 X121.318 Y103.213
G1 F3000 X120.679 Y103.384 E3125.84578
G0 F9000 X121.319 Y104.939
G1 F3000 X120.68 Y107.325 E3125.9608
G0 F9000 X120.679 Y108.835
G1 F3000 X121.32 Y109.476 E3126.00301
G0 F9000 X121.319 Y109.424
G1 F3000 X120.679 Y109.596 E3126.03387
G0 F9000 X121.318 Y115.636
G1 F3000 X120.679 Y115.807 E3126.06467
G0 F9000 X120.679 Y117.32
G1 F3000 X121.32 Y117.961 E3126.10688
G0 F9000 X121.318 Y121.848
G1 F3000 X120.68 Y122.019 E3126.13763
G0 F9000 X120.679 Y125.805
G1 F3000 X121.32 Y126.446 E3126.17985
G0 F9000 X121.319 Y128.059
G1 F3000 X120.679 Y128.231 E3126.2107
G0 F9000 X121.319 Y128.121
G1 F3000 X121.076 Y129.03 E3126.25452
G0 F9000 X121.01 Y129.1
;TYPE:SKIN
G1 F1500 X121.01 Y129.854 E3126.28963
G1 X98.99 Y129.854 E3127.31497
G1 X98.99 Y129.101 E3127.35003
G1 X99.39 Y129.101 E3127.36866
G1 X99.39 Y128.865 E3127.37965
G1 X120.61 Y128.865 E3128.36774
G1 X120.61 Y129.1 E3128.37868
G1 X121.01 Y129.1 E3128.39731
G0 F9000 X120.773 Y129.259
G1 F1500 X120.339 Y129.693 E3128.42589
G0 F9000 X119.773 Y129.693
G1 F1500 X120.443 Y129.023 E3128.47001
G0 F9000 X119.877 Y129.023
G1 F1500 X119.208 Y129.693 E3128.5141
G0 F9000 X118.642 Y129.693
G1 F1500 X119.312 Y129.023 E3128.55822
G0 F9000 X118.746 Y129.023
G1 F1500 X118.076 Y129.693 E3128.60234
G0 F9000 X117.511 Y129.693
G1 F1500 X118.18 Y129.023 E3128.64642
G0 F9000 X117.615 Y129.023
G1 F1500 X116.945 Y129.693 E3128.69055
G0 F9000 X116.379 Y129.693
G1 F1500 X117.049 Y129.023 E3128.73467
G0 F9000 X116.483 Y129.023
G1 F1500 X115.814 Y129.693 E3128.77875
G0 F9000 X115.248 Y129.693
G1 F1500 X115.918 Y129.023 E3128.82287
G0 F9000 X115.352 Y129.023
G1 F1500 X114.682 Y129.693 E3128.867
G0 F9000 X114.117 Y129.693
G1 F1500 X114.786 Y129.023 E3128.91108
G0 F9000 X114.221 Y129.023
G1 F1500 X113.551 Y129.693 E3128.9552
G0 F9000 X112.985 Y129.693
G1 F1500 X113.655 Y129.023 E3128.99932
G0 F9000 X113.089 Y129.023
G1 F1500 X112.42 Y129.693 E3129.04341
G0 F9000 X111.854 Y129.693
G1 F1500 X112.524 Y129.023 E3129.08753
G0 F9000 X111.958 Y129.023
G1 F1500 X111.288 Y129.693 E3129.13165
G0 F9000 X110.723 Y129.693
G1 F1500 X111.392 Y129.023 E3129.17574
G0 F9000 X110.826 Y129.023
G1 F1500 X110.157 Y129.693 E3129.21983
G0 F9000 X109.591 Y129.693
G1 F1500 X110.261 Y129.023 E3129.26395
G0 F9000 X109.695 Y129.023
G1 F1500 X109.025 Y129.693 E3129.30807
G0 F9000 X108.46 Y129.693
G1 F1500 X109.129 Y129.023 E3129.35216
G0 F9000 X108.564 Y129.023
G1 F1500 X107.894 Y129.693 E3129.39628
G0 F9000 X107.328 Y129.693
G1 F1500 X107.998 Y129.023 E3129.4404
G0 F9000 X107.432 Y129.023
G1 F1500 X106.763 Y129.693 E3129.48449
G0 F9000 X106.197 Y129.693
G1 F1500 X106.867 Y129.023 E3129.52861
G0 F9000 X106.301 Y129.023
G1 F1500 X105.631 Y129.693 E3129.57273
G0 F9000 X105.066 Y129.693
G1 F1500 X105.735 Y129.023 E3129.61682
G0 F9000 X105.17 Y129.023
G1 F1500 X104.5 Y129.693 E3129.66094
G0 F9000 X103.934 Y129.693
G1 F1500 X104.604 Y129.023 E3129.70506
G0 F9000 X104.038 Y129.023
G1 F1500 X103.369 Y129.693 E3129.74914
G0 F9000 X102.803 Y129.693
G1 F1500 X103.473 Y129.023 E3129.79327
G0 F9000 X102.907 Y129.023
G1 F1500 X102.237 Y129.693 E3129.83739
G0 F9000 X101.672 Y129.693
G1 F1500 X102.341 Y129.023 E3129.88147
G0 F9000 X101.776 Y129.023
G1 F1500 X101.106 Y129.693 E3129.92559
G0 F9000 X100.54 Y129.693
G1 F1500 X101.21 Y129.023 E3129.96972
G0 F9000 X100.644 Y129.023
G1 F1500 X99.974 Y129.693 E3130.01384
G0 F9000 X99.409 Y129.693
G1 F1500 X100.078 Y129.023 E3130.05792
G0 F9000 X99.277 Y129.259
G1 F1500 X99.15 Y129.386 E3130.06629
G1 F1500 E3123.56629
G0 F9000 X98.71 Y129.386
G0 X98.782 Y128.893
G0 X99.572 Y128.303
G0 X120.428 Y128.303
G0 X120.71 Y94.51
G1 F1500 E3130.06629
G0 F9000 X120.99 Y94.51
G1 F1500 X120.99 Y93.769 E3130.10079
G1 X121.01 Y93.77 E3130.10172
G1 X121.01 Y94.511 E3130.13623
G1 X120.99 Y94.51 E3130.13716
G1 F1500 E3123.63716
G0 F9000 X120.71 Y94.51
G0 X120.428 Y128.303
G0 X99.572 Y128.303
G0 X99.009 Y94.79
G1 F1500 E3130.13716
G0 F9000 X99.01 Y94.511
G1 F1500 X98.99 Y94.51 E3130.13809
G1 X98.99 Y93.769 E3130.1726
G1 X99.01 Y93.77 E3130.17353
G1 X99.01 Y94.511 E3130.20803
G0 F9000 X98.93 Y94.816
;TYPE:SKIN
G1 F1500 X98.789 Y94.674 E3130.21924
G0 F9000 X98.999 Y95.03
G1 F1500 X98.999 Y95.312 E3130.23418
G1 X98.999 Y128.688 E3132.0031
G1 X99.13 Y128.84 E3132.01374
G0 F9000 X99.021 Y128.821
G0 X120.759 Y128.585
G0 X120.991 Y128.475
G1 F1500 X121.012 Y128.737 E3132.02729
G1 X121.153 Y128.878 E3132.03758
G1 X120.999 Y127.901 E3132.08859
G1 X120.999 Y95.091 E3133.78088
G1 X120.82 Y94.704 E3133.80287
G0 F9000 X120.8 Y94.972
G1 F1500 E3127.30287
;MESH:copri staffa L 30x30x1,8 met??.stl(2)
G0 F9000 X121.58 Y130.244
G0 X123.92 Y130.244
G0 X124.1 Y130.244
;TYPE:WALL-INNER
G1 F1500 E3133.80287
G1 X124.1 Y93.578 E3135.51019
G1 X124.1 Y93.379 E3135.51946
G1 X124.299 Y93.379 E3135.52545
G1 X124.9 Y93.38 E3135.55344
G1 X124.9 Y128.475 E3137.18761
G1 X146.1 Y128.475 E3138.17477
G1 X146.1 Y93.578 E3139.79972
G1 X146.1 Y93.379 E3139.80899
G1 X146.299 Y93.379 E3139.81498
G1 X146.9 Y93.38 E3139.84297
G1 X146.9 Y130.244 E3141.55951
G1 X124.1 Y130.244 E3142.62117
G0 F9000 X123.7 Y130.644
;TYPE:WALL-OUTER
G1 F1500 X123.7 Y92.979 E3144.37501
G1 X125.3 Y92.98 E3144.44952
G1 X125.3 Y128.075 E3146.08369
G1 X145.7 Y128.075 E3147.0336
G1 X145.7 Y92.979 E3148.66781
G1 X147.3 Y92.98 E3148.74232
G1 X147.3 Y130.644 E3150.49611
G1 X123.7 Y130.644 E3151.59502
G0 F9000 X123.97 Y130.374
G0 X124.179 Y127.914
;TYPE:FILL
G1 F3000 X124.819 Y127.743 E3151.62587
G0 F9000 X124.179 Y121.702
G1 F3000 X124.818 Y121.531 E3151.65667
G0 F9000 X124.819 Y121.417
G1 F3000 X124.179 Y120.776 E3151.69885
G0 F9000 X124.179 Y119.889
G1 F3000 X124.819 Y117.501 E3151.81397
G0 F9000 X124.179 Y115.491
G1 F3000 X124.819 Y115.319 E3151.84483
G0 F9000 X124.819 Y112.932
G1 F3000 X124.179 Y112.291 E3151.88701
G0 F9000 X124.179 Y109.279
G1 F3000 X124.819 Y109.108 E3151.91785
G0 F9000 X124.819 Y104.446
G1 F3000 X124.179 Y103.806 E3151.96
G0 F9000 X124.179 Y103.067
G1 F3000 X124.818 Y102.896 E3151.9908
G0 F9000 X124.179 Y96.856
G1 F3000 X124.819 Y96.684 E3152.02166
G0 F9000 X124.179 Y96.708
G1 F3000 X124.749 Y94.58 E3152.12424
G0 F9000 X124.179 Y95.32
G1 F3000 X124.819 Y95.961 E3152.16642
G1 F1500 E3145.66642
G0 F9000 X125.072 Y128.303
G0 X145.928 Y128.303
G0 X146.179 Y97.173
G1 F1500 E3152.16642
G1 F3000 X146.818 Y97.001 E3152.19723
G0 F9000 X146.178 Y100.349
G1 F3000 X146.819 Y100.99 E3152.23944
G0 F9000 X146.818 Y103.213
G1 F3000 X146.179 Y103.384 E3152.27024
G0 F9000 X146.819 Y104.943
G1 F3000 X146.179 Y107.33 E3152.38532
G0 F9000 X146.178 Y108.835
G1 F3000 X146.819 Y109.475 E3152.4275
G0 F9000 X146.819 Y109.425
G1 F3000 X146.179 Y109.596 E3152.45834
G0 F9000 X146.818 Y115.636
G1 F3000 X146.179 Y115.808 E3152.48916
G0 F9000 X146.178 Y117.32
G1 F3000 X146.819 Y117.96 E3152.53133
G0 F9000 X146.818 Y121.848
G1 F3000 X146.179 Y122.019 E3152.56214
G0 F9000 X146.178 Y125.805
G1 F3000 X146.819 Y126.446 E3152.60435
G0 F9000 X146.819 Y128.059
G1 F3000 X146.179 Y128.231 E3152.63521
G0 F9000 X146.819 Y128.125
G1 F3000 X146.577 Y129.029 E3152.67878
G0 F9000 X146.51 Y129.1
;TYPE:SKIN
G1 F1500 X146.51 Y129.854 E3152.71389
G1 X124.49 Y129.854 E3153.73923
G1 X124.49 Y129.101 E3153.7743
G1 X124.89 Y129.101 E3153.79292
G1 X124.89 Y128.865 E3153.80391
G1 X146.11 Y128.865 E3154.792
G1 X146.11 Y129.1 E3154.80295
G1 X146.51 Y129.1 E3154.82157
G0 F9000 X146.228 Y129.259
G1 F1500 X145.794 Y129.693 E3154.85015
G0 F9000 X145.229 Y129.693
G1 F1500 X145.898 Y129.024 E3154.89421
G0 F9000 X145.333 Y129.024
G1 F1500 X144.663 Y129.693 E3154.93829
G0 F9000 X144.097 Y129.693
G1 F1500 X144.767 Y129.024 E3154.98238
G0 F9000 X144.201 Y129.024
G1 F1500 X143.532 Y129.693 E3155.02644
G0 F9000 X142.966 Y129.693
G1 F1500 X143.636 Y129.024 E3155.07052
G0 F9000 X143.07 Y129.024
G1 F1500 X142.4 Y129.693 E3155.11461
G0 F9000 X141.835 Y129.693
G1 F1500 X142.504 Y129.024 E3155.15867
G0 F9000 X141.938 Y129.024
G1 F1500 X141.269 Y129.693 E3155.20272
G0 F9000 X140.703 Y129.693
G1 F1500 X141.373 Y129.024 E3155.24681
G0 F9000 X140.807 Y129.024
G1 F1500 X140.137 Y129.693 E3155.2909
G0 F9000 X139.572 Y129.693
G1 F1500 X140.241 Y129.024 E3155.33495
G0 F9000 X139.676 Y129.024
G1 F1500 X139.006 Y129.693 E3155.37904
G0 F9000 X138.44 Y129.693
G1 F1500 X139.11 Y129.024 E3155.42313
G0 F9000 X138.544 Y129.024
G1 F1500 X137.875 Y129.693 E3155.46718
G0 F9000 X137.309 Y129.693
G1 F1500 X137.979 Y129.024 E3155.51127
G0 F9000 X137.413 Y129.024
G1 F1500 X136.743 Y129.693 E3155.55536
G0 F9000 X136.178 Y129.693
G1 F1500 X136.847 Y129.024 E3155.59941
G0 F9000 X136.282 Y129.024
G1 F1500 X135.612 Y129.693 E3155.6435
G0 F9000 X135.046 Y129.693
G1 F1500 X135.716 Y129.024 E3155.68759
G0 F9000 X135.15 Y129.024
G1 F1500 X134.481 Y129.693 E3155.73164
G0 F9000 X133.915 Y129.693
G1 F1500 X134.585 Y129.024 E3155.77573
G0 F9000 X134.019 Y129.024
G1 F1500 X133.349 Y129.693 E3155.81982
G0 F9000 X132.784 Y129.693
G1 F1500 X133.453 Y129.024 E3155.86387
G0 F9000 X132.887 Y129.024
G1 F1500 X132.218 Y129.693 E3155.90793
G0 F9000 X131.652 Y129.693
G1 F1500 X132.322 Y129.024 E3155.95202
G0 F9000 X131.756 Y129.024
G1 F1500 X131.086 Y129.693 E3155.9961
G0 F9000 X130.521 Y129.693
G1 F1500 X131.19 Y129.024 E3156.04016
G0 F9000 X130.625 Y129.024
G1 F1500 X129.955 Y129.693 E3156.08425
G0 F9000 X129.389 Y129.693
G1 F1500 X130.059 Y129.024 E3156.12833
G0 F9000 X129.493 Y129.024
G1 F1500 X128.824 Y129.693 E3156.17239
G0 F9000 X128.258 Y129.693
G1 F1500 X128.928 Y129.024 E3156.21648
G0 F9000 X128.362 Y129.024
G1 F1500 X127.692 Y129.693 E3156.26056
G0 F9000 X127.127 Y129.693
G1 F1500 X127.796 Y129.024 E3156.30462
G0 F9000 X127.231 Y129.024
G1 F1500 X126.561 Y129.693 E3156.34871
G0 F9000 X125.995 Y129.693
G1 F1500 X126.665 Y129.024 E3156.39279
G0 F9000 X126.099 Y129.024
G1 F1500 X125.43 Y129.693 E3156.43685
G0 F9000 X124.864 Y129.693
G1 F1500 X125.534 Y129.024 E3156.48094
G0 F9000 X124.732 Y129.26
G1 F1500 X124.65 Y129.342 E3156.48634
G1 F1500 E3149.98634
G0 F9000 X124.21 Y129.342
G0 X124.282 Y128.893
G0 X125.072 Y128.303
G0 X145.928 Y128.303
G0 X146.21 Y94.51
G1 F1500 E3156.48634
G0 F9000 X146.49 Y94.51
G1 F1500 X146.49 Y93.769 E3156.52084
G1 X146.51 Y93.77 E3156.52177
G1 X146.51 Y94.511 E3156.55628
G1 X146.49 Y94.51 E3156.55721
G1 F1500 E3150.05721
G0 F9000 X146.21 Y94.51
G0 X145.928 Y128.303
G0 X125.072 Y128.303
G0 X124.509 Y94.79
G1 F1500 E3156.55721
G0 F9000 X124.51 Y94.511
G1 F1500 X124.49 Y94.51 E3156.55814
G1 X124.49 Y93.769 E3156.59265
G1 X124.51 Y93.77 E3156.59358
G1 X124.51 Y94.511 E3156.62808
G0 F9000 X124.408 Y94.794
;TYPE:SKIN
G1 F1500 X124.499 Y94.986 E3156.63931
G1 X124.499 Y128.644 E3158.41735
G1 X124.608 Y128.818 E3158.4282
G0 F9000 X124.74 Y128.585
G0 X146.318 Y128.657
G0 X146.259 Y128.946
G1 F1500 X146.723 Y128.482 E3158.44348
G0 F9000 X146.63 Y128.857
G1 F1500 X146.498 Y128.423 E3158.46701
G1 X146.498 Y95.048 E3160.19822
G1 X146.298 Y94.683 E3160.21981
G0 F9000 X146.3 Y94.659
G1 F1500 E3153.71981
;MESH:copri staffa L 30x30x1,8 met??.stl(3)
G0 F9000 X146.21 Y94.659
G0 X147.086 Y130.43
G0 X148.165 Y130.43
G0 X150.79 Y130.43
G0 X151.875 Y130.43
G0 X152.055 Y132.46
;TYPE:WALL-INNER
G1 F1500 E3160.21981
G1 X152.055 Y95.794 E3161.92713
G1 X152.055 Y95.595 E3161.93639
G1 X152.254 Y95.595 E3161.94239
G1 X152.855 Y95.596 E3161.97037
G1 X152.855 Y130.692 E3163.60459
G1 X174.055 Y130.692 E3164.59175
G1 X174.055 Y95.794 E3166.21675
G1 X174.055 Y95.595 E3166.22602
G1 X174.254 Y95.595 E3166.23201
G1 X174.855 Y95.596 E3166.26
G1 X174.855 Y132.46 E3167.97654
G1 X152.055 Y132.46 E3169.0382
G0 F9000 X151.655 Y132.86
;TYPE:WALL-OUTER
G1 F1500 X151.655 Y95.195 E3170.79204
G1 X153.255 Y95.196 E3170.86654
G1 X153.255 Y130.292 E3172.50076
G1 X173.655 Y130.292 E3173.45067
G1 X173.655 Y95.195 E3175.08493
G1 X175.255 Y95.196 E3175.15944
G1 X175.255 Y132.86 E3176.91323
G1 X151.655 Y132.86 E3178.01215
G0 F9000 X151.925 Y132.59
G0 X152.134 Y130.13
;TYPE:FILL
G1 F3000 X152.774 Y129.959 E3178.04299
G0 F9000 X152.134 Y123.919
G1 F3000 X152.773 Y123.747 E3178.07381
G0 F9000 X152.774 Y123.633
G1 F3000 X152.134 Y122.992 E3178.11598
G0 F9000 X152.134 Y122.105
G1 F3000 X152.774 Y119.717 E3178.2311
G0 F9000 X152.134 Y117.707
G1 F3000 X152.774 Y117.536 E3178.26195
G0 F9000 X152.774 Y115.148
G1 F3000 X152.134 Y114.507 E3178.30413
G0 F9000 X152.135 Y111.495
G1 F3000 X152.773 Y111.324 E3178.33488
G0 F9000 X152.774 Y106.662
G1 F3000 X152.134 Y106.022 E3178.37703
G0 F9000 X152.134 Y105.284
G1 F3000 X152.773 Y105.112 E3178.40784
G0 F9000 X152.134 Y99.072
G1 F3000 X152.774 Y98.901 E3178.43869
G0 F9000 X152.134 Y98.924
G1 F3000 X152.704 Y96.796 E3178.54127
G0 F9000 X152.134 Y97.536
G1 F3000 X152.774 Y98.177 E3178.58345
G1 F1500 E3172.08345
G0 F9000 X153.027 Y130.52
G0 X173.883 Y130.52
G0 X174.134 Y99.389
G1 F1500 E3178.58345
G1 F3000 X174.773 Y99.217 E3178.61426
G0 F9000 X174.134 Y102.566
G1 F3000 X174.774 Y103.206 E3178.65641
G0 F9000 X174.773 Y105.429
G1 F3000 X174.135 Y105.6 E3178.68716
G0 F9000 X174.774 Y107.159
G1 F3000 X174.134 Y109.546 E3178.80224
G0 F9000 X174.134 Y111.051
G1 F3000 X174.774 Y111.691 E3178.84438
G0 F9000 X174.773 Y111.641
G1 F3000 X174.134 Y111.812 E3178.87518
G0 F9000 X174.773 Y117.852
G1 F3000 X174.134 Y118.024 E3178.906
G0 F9000 X174.134 Y119.537
G1 F3000 X174.774 Y120.177 E3178.94814
G0 F9000 X174.773 Y124.064
G1 F3000 X174.135 Y124.235 E3178.9789
G0 F9000 X174.134 Y128.022
G1 F3000 X174.774 Y128.662 E3179.02105
G0 F9000 X174.773 Y130.276
G1 F3000 X174.134 Y130.447 E3179.05185
G0 F9000 X174.774 Y130.341
G1 F3000 X174.532 Y131.245 E3179.09542
G0 F9000 X174.465 Y131.316
;TYPE:SKIN
G1 F1500 X174.465 Y132.07 E3179.13053
G1 X152.445 Y132.07 E3180.15588
G1 X152.445 Y131.317 E3180.19094
G1 X152.845 Y131.317 E3180.20956
G1 X152.845 Y131.082 E3180.22051
G1 X174.065 Y131.082 E3181.2086
G1 X174.065 Y131.316 E3181.21949
G1 X174.465 Y131.316 E3181.23812
G0 F9000 X174.303 Y131.731
G1 F1500 X174.125 Y131.91 E3181.24988
G0 F9000 X173.994 Y131.475
G1 F1500 X173.56 Y131.91 E3181.27849
G0 F9000 X172.994 Y131.91
G1 F1500 X173.662 Y131.241 E3181.32251
G0 F9000 X173.096 Y131.241
G1 F1500 X172.428 Y131.91 E3181.36653
G0 F9000 X171.863 Y131.91
G1 F1500 X172.531 Y131.241 E3181.41055
G0 F9000 X171.965 Y131.241
G1 F1500 X171.297 Y131.91 E3181.45458
G0 F9000 X170.731 Y131.91
G1 F1500 X171.399 Y131.241 E3181.4986
G0 F9000 X170.834 Y131.241
G1 F1500 X170.165 Y131.91 E3181.54265
G0 F9000 X169.6 Y131.91
G1 F1500 X170.268 Y131.241 E3181.58667
G0 F9000 X169.702 Y131.241
G1 F1500 X169.034 Y131.91 E3181.6307
G0 F9000 X168.468 Y131.91
G1 F1500 X169.137 Y131.241 E3181.67475
G0 F9000 X168.571 Y131.241
G1 F1500 X167.903 Y131.91 E3181.71877
G0 F9000 X167.337 Y131.91
G1 F1500 X168.005 Y131.241 E3181.76279
G0 F9000 X167.44 Y131.241
G1 F1500 X166.771 Y131.91 E3181.80685
G0 F9000 X166.206 Y131.91
G1 F1500 X166.874 Y131.241 E3181.85087
G0 F9000 X166.308 Y131.241
G1 F1500 X165.64 Y131.91 E3181.89489
G0 F9000 X165.074 Y131.91
G1 F1500 X165.743 Y131.241 E3181.93895
G0 F9000 X165.177 Y131.241
G1 F1500 X164.509 Y131.91 E3181.98297
G0 F9000 X163.943 Y131.91
G1 F1500 X164.611 Y131.241 E3182.02699
G0 F9000 X164.045 Y131.241
G1 F1500 X163.377 Y131.91 E3182.07101
G0 F9000 X162.812 Y131.91
G1 F1500 X163.48 Y131.241 E3182.11504
G0 F9000 X162.914 Y131.241
G1 F1500 X162.246 Y131.91 E3182.15906
G0 F9000 X161.68 Y131.91
G1 F1500 X162.348 Y131.241 E3182.20308
G0 F9000 X161.783 Y131.241
G1 F1500 X161.114 Y131.91 E3182.24713
G0 F9000 X160.549 Y131.91
G1 F1500 X161.217 Y131.241 E3182.29116
G0 F9000 X160.651 Y131.241
G1 F1500 X159.983 Y131.91 E3182.33518
G0 F9000 X159.417 Y131.91
G1 F1500 X160.086 Y131.241 E3182.37923
G0 F9000 X159.52 Y131.241
G1 F1500 X158.852 Y131.91 E3182.42325
G0 F9000 X158.286 Y131.91
G1 F1500 X158.954 Y131.241 E3182.46728
G0 F9000 X158.389 Y131.241
G1 F1500 X157.72 Y131.91 E3182.51133
G0 F9000 X157.155 Y131.91
G1 F1500 X157.823 Y131.241 E3182.55535
G0 F9000 X157.257 Y131.241
G1 F1500 X156.589 Y131.91 E3182.59937
G0 F9000 X156.023 Y131.91
G1 F1500 X156.692 Y131.241 E3182.64343
G0 F9000 X156.126 Y131.241
G1 F1500 X155.458 Y131.91 E3182.68745
G0 F9000 X154.892 Y131.91
G1 F1500 X155.56 Y131.241 E3182.73147
G0 F9000 X154.994 Y131.241
G1 F1500 X154.326 Y131.91 E3182.77549
G0 F9000 X153.761 Y131.91
G1 F1500 X154.429 Y131.241 E3182.81952
G0 F9000 X153.863 Y131.241
G1 F1500 X153.195 Y131.91 E3182.86354
G0 F9000 X152.629 Y131.91
G1 F1500 X153.297 Y131.241 E3182.90756
G1 F1500 E3176.40756
G0 F9000 X153.297 Y130.802
G0 X173.883 Y130.52
G0 X174.165 Y96.726
G1 F1500 E3182.90756
G0 F9000 X174.445 Y96.726
G1 F1500 X174.445 Y95.985 E3182.94206
G1 X174.465 Y95.986 E3182.943
G1 X174.465 Y96.727 E3182.9775
G1 X174.445 Y96.726 E3182.97843
G1 F1500 E3176.47843
G0 F9000 X174.165 Y96.726
G0 X173.883 Y130.52
G0 X153.027 Y130.52
G0 X152.464 Y97.006
G1 F1500 E3182.97843
G0 F9000 X152.465 Y96.727
G1 F1500 X152.445 Y96.726 E3182.97937
G1 X152.445 Y95.985 E3183.01387
G1 X152.465 Y95.986 E3183.0148
G1 X152.465 Y96.727 E3183.04931
G0 F9000 X152.409 Y97.056
;TYPE:SKIN
G1 F1500 X152.268 Y96.914 E3183.06377
G0 F9000 X152.454 Y97.295
G1 F1500 X152.454 Y97.578 E3183.07878
G1 X152.454 Y130.671 E3184.83366
G1 X152.609 Y131.081 E3184.85691
G0 F9000 X152.524 Y131.037
G0 X174.273 Y130.874
G0 X174.446 Y130.74
G1 F1500 X174.454 Y130.449 E3184.87234
G1 X174.454 Y97.357 E3186.62647
G1 X174.299 Y96.945 E3186.6498
G1 F1500 E3180.1498
G0 F9000 X174.369 Y97.006
G0 X174.679 Y130.79
G0 X174.491 Y130.977
G1 F1500 E3186.6498
G1 X174.633 Y131.119 E3186.66523
G0 F9000 X174.655 Y130.854
G1 F1500 E3180.16523
;MESH:NONMESH
G0 F300 X174.655 Y130.854 Z3.64
G0 F9000 X153.027 Y130.52
G0 X151.875 Y130.389
G0 X150.79 Y130.389
G0 X148.153 Y131.497
G0 X97.347 Y131.497
G0 X94.766 Y130.389
G0 X93.681 Y130.389
G1 F1500 E3186.66523
G0 F9000 X93.501 Y130.519
;TIME_ELAPSED:3492.701378
;LAYER:12
;TYPE:WALL-INNER
;MESH:copri staffa L 30x30x1,8 met??.stl(1)
G1 F1500 X70.701 Y130.519 E3187.72689
G1 X70.701 Y93.343 E3189.45796
G1 X70.701 Y93.144 E3189.46723
G1 X70.9 Y93.144 E3189.47323
G1 X71.501 Y93.145 E3189.50121
G1 X71.501 Y128.966 E3191.16919
G1 X92.701 Y128.966 E3192.15635
G1 X92.701 Y93.343 E3193.8151
G1 X92.701 Y93.144 E3193.82437
G1 X92.9 Y93.144 E3193.83036
G1 X93.501 Y93.145 E3193.85835
G1 X93.501 Y130.519 E3195.59864
G0 F9000 X93.901 Y130.919
;TYPE:WALL-OUTER
G1 F1500 X70.301 Y130.919 E3196.69755
G1 X70.301 Y92.744 E3198.47514
G1 X71.901 Y92.745 E3198.54965
G1 X71.901 Y128.566 E3200.21762
G1 X92.301 Y128.566 E3201.16753
G1 X92.301 Y92.744 E3202.83555
G1 X93.901 Y92.745 E3202.91006
G1 X93.901 Y130.919 E3204.6876
G0 F9000 X93.631 Y130.649
G0 X93.319 Y129.279
G0 X92.961 Y129.237
G0 X92.881 Y129.417
;TYPE:FILL
G1 F3000 X93.42 Y127.404 E3204.78463
G0 F9000 X93.42 Y128.31
G1 F3000 X92.779 Y128.481 E3204.81552
G0 F9000 X93.42 Y126.21
G1 F3000 X92.78 Y125.57 E3204.85767
G0 F9000 X92.78 Y122.269
G1 F3000 X93.42 Y122.098 E3204.88852
G0 F9000 X93.42 Y117.725
G1 F3000 X92.78 Y117.085 E3204.93066
G0 F9000 X92.78 Y116.058
G1 F3000 X93.419 Y115.886 E3204.96147
G0 F9000 X92.78 Y109.846
G1 F3000 X93.42 Y109.675 E3204.99232
G0 F9000 X93.42 Y109.24
G1 F3000 X92.78 Y108.6 E3205.03447
G0 F9000 X92.78 Y106.61
G1 F3000 X93.42 Y104.222 E3205.14959
G0 F9000 X93.42 Y103.463
G1 F3000 X92.781 Y103.634 E3205.18039
G0 F9000 X93.42 Y100.754
G1 F3000 X92.78 Y100.115 E3205.2225
G0 F9000 X92.781 Y97.423
G1 F3000 X93.419 Y97.251 E3205.25327
G1 F1500 E3198.75327
G0 F9000 X92.529 Y128.794
G0 X71.673 Y128.794
G0 X71.419 Y96.935
G1 F1500 E3205.25327
G1 F3000 X70.78 Y97.106 E3205.28407
G0 F9000 X70.78 Y95.986
G1 F3000 X71.22 Y94.344 E3205.36323
G0 F9000 X70.78 Y95.085
G1 F3000 X71.42 Y95.725 E3205.40537
G0 F9000 X71.419 Y103.146
G1 F3000 X70.78 Y103.318 E3205.43618
G0 F9000 X70.78 Y103.57
G1 F3000 X71.42 Y104.21 E3205.47833
G0 F9000 X71.419 Y109.358
G1 F3000 X70.78 Y109.529 E3205.50913
G0 F9000 X70.78 Y112.055
G1 F3000 X71.42 Y112.695 E3205.55128
G0 F9000 X71.419 Y115.57
G1 F3000 X70.78 Y115.741 E3205.58208
G0 F9000 X71.42 Y116.781
G1 F3000 X70.781 Y119.167 E3205.69709
G0 F9000 X70.78 Y120.541
G1 F3000 X71.42 Y121.181 E3205.73924
G0 F9000 X71.42 Y121.781
G1 F3000 X70.78 Y121.953 E3205.7701
G0 F9000 X71.419 Y127.993
G1 F3000 X70.781 Y128.164 E3205.80085
G0 F9000 X70.78 Y129.026
G1 F3000 X71.171 Y129.417 E3205.8266
G0 F9000 X71.091 Y129.488
;TYPE:SKIN
G1 F1500 X71.491 Y129.488 E3205.84523
G1 X71.491 Y129.356 E3205.85138
G1 X92.711 Y129.356 E3206.83947
G1 X92.711 Y129.487 E3206.84557
G1 X93.111 Y129.487 E3206.86419
G1 X93.111 Y130.129 E3206.89409
G1 X71.091 Y130.129 E3207.91943
G1 X71.091 Y129.488 E3207.94928
G0 F9000 X71.381 Y129.647
G1 F1500 X71.702 Y129.968 E3207.97042
G0 F9000 X71.815 Y129.515
G1 F1500 X72.268 Y129.968 E3208.00025
G0 F9000 X72.381 Y129.515
G1 F1500 X72.834 Y129.968 E3208.03008
G0 F9000 X72.947 Y129.515
G1 F1500 X73.399 Y129.968 E3208.05988
G0 F9000 X73.512 Y129.515
G1 F1500 X73.965 Y129.968 E3208.08971
G0 F9000 X74.078 Y129.515
G1 F1500 X74.531 Y129.968 E3208.11954
G0 F9000 X74.644 Y129.515
G1 F1500 X75.096 Y129.968 E3208.14934
G0 F9000 X75.209 Y129.515
G1 F1500 X75.662 Y129.968 E3208.17917
G0 F9000 X75.775 Y129.515
G1 F1500 X76.228 Y129.968 E3208.209
G0 F9000 X76.341 Y129.515
G1 F1500 X76.793 Y129.968 E3208.2388
G0 F9000 X76.907 Y129.515
G1 F1500 X77.359 Y129.968 E3208.26859
G0 F9000 X77.472 Y129.515
G1 F1500 X77.925 Y129.968 E3208.29842
G0 F9000 X78.038 Y129.515
G1 F1500 X78.49 Y129.968 E3208.32822
G0 F9000 X78.604 Y129.515
G1 F1500 X79.056 Y129.968 E3208.35802
G0 F9000 X79.169 Y129.515
G1 F1500 X79.622 Y129.968 E3208.38785
G0 F9000 X79.735 Y129.515
G1 F1500 X80.188 Y129.968 E3208.41768
G0 F9000 X80.301 Y129.515
G1 F1500 X80.753 Y129.968 E3208.44748
G0 F9000 X80.866 Y129.515
G1 F1500 X81.319 Y129.968 E3208.47731
G0 F9000 X81.432 Y129.515
G1 F1500 X81.885 Y129.968 E3208.50714
G0 F9000 X81.998 Y129.515
G1 F1500 X82.45 Y129.968 E3208.53694
G0 F9000 X82.563 Y129.515
G1 F1500 X83.016 Y129.968 E3208.56677
G0 F9000 X83.129 Y129.515
G1 F1500 X83.582 Y129.968 E3208.5966
G0 F9000 X83.695 Y129.515
G1 F1500 X84.147 Y129.968 E3208.6264
G0 F9000 X84.26 Y129.515
G1 F1500 X84.713 Y129.968 E3208.65623
G0 F9000 X84.826 Y129.515
G1 F1500 X85.279 Y129.968 E3208.68606
G0 F9000 X85.392 Y129.515
G1 F1500 X85.844 Y129.968 E3208.71586
G0 F9000 X85.958 Y129.515
G1 F1500 X86.41 Y129.968 E3208.74566
G0 F9000 X86.523 Y129.515
G1 F1500 X86.976 Y129.968 E3208.77549
G0 F9000 X87.089 Y129.515
G1 F1500 X87.541 Y129.968 E3208.80528
G0 F9000 X87.655 Y129.515
G1 F1500 X88.107 Y129.968 E3208.83508
G0 F9000 X88.22 Y129.515
G1 F1500 X88.673 Y129.968 E3208.86491
G0 F9000 X88.786 Y129.515
G1 F1500 X89.238 Y129.968 E3208.89471
G0 F9000 X89.352 Y129.515
G1 F1500 X89.804 Y129.968 E3208.92451
G0 F9000 X89.917 Y129.515
G1 F1500 X90.37 Y129.968 E3208.95434
G0 F9000 X90.483 Y129.515
G1 F1500 X90.936 Y129.968 E3208.98417
G0 F9000 X91.049 Y129.515
G1 F1500 X91.501 Y129.968 E3209.01397
G0 F9000 X91.614 Y129.515
G1 F1500 X92.067 Y129.968 E3209.0438
G0 F9000 X92.18 Y129.515
G1 F1500 X92.633 Y129.968 E3209.07363
G0 F9000 X92.951 Y129.72
G1 F1500 X92.876 Y129.645 E3209.07857
G1 F1500 E3202.57857
G0 F9000 X92.961 Y129.237
G0 X92.529 Y128.794
G0 X71.673 Y128.794
G0 X71.11 Y94.555
G1 F1500 E3209.07857
G0 F9000 X71.111 Y94.276
G1 F1500 X71.091 Y94.275 E3209.0795
G1 X71.091 Y93.534 E3209.11401
G1 X71.111 Y93.535 E3209.11494
G1 X71.111 Y94.276 E3209.14944
G1 F1500 E3202.64944
G0 F9000 X71.11 Y94.555
G0 X71.673 Y128.794
G0 X92.529 Y128.794
G0 X92.811 Y94.275
G1 F1500 E3209.14944
G0 F9000 X93.091 Y94.275
G1 F1500 X93.091 Y93.534 E3209.18395
G1 X93.111 Y93.535 E3209.18488
G1 X93.111 Y94.276 E3209.21938
G1 X93.091 Y94.275 E3209.22032
G0 F9000 X93.168 Y94.582
;TYPE:SKIN
G1 F1500 X93.309 Y94.44 E3209.23178
G0 F9000 X93.1 Y94.797
G1 F1500 X93.1 Y95.08 E3209.24683
G1 X93.1 Y129.021 E3211.05221
G1 X93.003 Y129.207 E3211.06336
G0 F9000 X93.132 Y129.207
G0 X71.283 Y129.148
G0 X71.108 Y129.091
G1 F1500 X71.1 Y128.8 E3211.07875
G1 X71.1 Y94.859 E3212.87284
G1 X71.278 Y94.471 E3212.89541
G1 F1500 E3206.39541
G0 F9000 X71.361 Y94.526
G0 X70.876 Y129.141
G1 F1500 E3212.89541
G1 X71.071 Y129.336 E3212.90183
G0 F9000 X71.029 Y128.894
G1 F1500 E3206.40183
;MESH:copri staffa L 30x30x1,8 met??.stl
G0 F9000 X93.681 Y128.921
G0 X94.766 Y128.921
G0 X97.335 Y128.921
G0 X98.42 Y128.921
G0 X99.4 Y128.921
;TYPE:WALL-INNER
G1 F1500 E3212.90183
G1 X120.6 Y128.921 E3213.88899
G1 X120.6 Y93.298 E3215.54775
G1 X120.6 Y93.099 E3215.55701
G1 X120.799 Y93.099 E3215.56301
G1 X121.4 Y93.1 E3215.59099
G1 X121.4 Y130.474 E3217.33128
G1 X98.6 Y130.474 E3218.39295
G1 X98.6 Y93.298 E3220.12402
G1 X98.6 Y93.099 E3220.13328
G1 X98.799 Y93.099 E3220.13928
G1 X99.4 Y93.1 E3220.16726
G1 X99.4 Y128.921 E3221.83524
G0 F9000 X99.8 Y128.521
;TYPE:WALL-OUTER
G1 F1500 X120.2 Y128.521 E3222.78515
G1 X120.2 Y92.699 E3224.45317
G1 X121.8 Y92.7 E3224.52767
G1 X121.8 Y130.874 E3226.30521
G1 X98.2 Y130.874 E3227.40413
G1 X98.2 Y92.699 E3229.18172
G1 X99.8 Y92.7 E3229.25622
G1 X99.8 Y128.521 E3230.9242
G0 F9000 X99.318 Y127.948
;TYPE:FILL
G1 F3000 X98.68 Y128.119 E3230.95495
G0 F9000 X98.679 Y128.981
G1 F3000 X99.069 Y129.372 E3230.98067
G0 F9000 X99.069 Y129.163
G0 X98.679 Y121.907
G1 F3000 X99.318 Y121.736 E3231.01147
G0 F9000 X99.32 Y121.137
G1 F3000 X98.679 Y120.496 E3231.05368
G0 F9000 X98.679 Y119.121
G1 F3000 X99.319 Y116.734 E3231.16875
G0 F9000 X99.318 Y115.524
G1 F3000 X98.679 Y115.696 E3231.19957
G0 F9000 X99.32 Y112.652
G1 F3000 X98.679 Y112.011 E3231.24178
G0 F9000 X98.68 Y109.484
G1 F3000 X99.318 Y109.313 E3231.27253
G0 F9000 X99.319 Y104.166
G1 F3000 X98.679 Y103.526 E3231.31468
G0 F9000 X98.679 Y103.272
G1 F3000 X99.318 Y103.101 E3231.34548
G0 F9000 X98.679 Y97.061
G1 F3000 X99.318 Y96.89 E3231.37628
G0 F9000 X98.68 Y95.937
G1 F3000 X99.119 Y94.299 E3231.45525
G0 F9000 X98.679 Y95.04
G1 F3000 X99.319 Y95.68 E3231.49739
G1 F1500 E3224.99739
G0 F9000 X99.572 Y128.749
G0 X120.428 Y128.749
G0 X120.68 Y97.377
G1 F1500 E3231.49739
G1 F3000 X121.318 Y97.206 E3231.52815
G0 F9000 X120.679 Y100.069
G1 F3000 X121.32 Y100.711 E3231.57039
G0 F9000 X121.319 Y103.418
G1 F3000 X120.679 Y103.589 E3231.60124
G0 F9000 X121.32 Y104.172
G1 F3000 X120.679 Y106.562 E3231.71646
G0 F9000 X120.679 Y108.555
G1 F3000 X121.32 Y109.196 E3231.75867
G0 F9000 X121.319 Y109.629
G1 F3000 X120.679 Y109.801 E3231.78953
G0 F9000 X121.318 Y115.841
G1 F3000 X120.679 Y116.012 E3231.82033
G0 F9000 X120.679 Y117.04
G1 F3000 X121.32 Y117.681 E3231.86254
G0 F9000 X121.319 Y122.053
G1 F3000 X120.68 Y122.224 E3231.89334
G0 F9000 X120.679 Y125.525
G1 F3000 X121.32 Y126.166 E3231.93555
G0 F9000 X121.32 Y127.354
G1 F3000 X120.779 Y129.371 E3232.03279
G0 F9000 X120.679 Y128.436
G1 F3000 X121.319 Y128.264 E3232.06365
G0 F9000 X121.01 Y129.162
G0 X121.01 Y129.442
;TYPE:SKIN
G1 F1500 X121.01 Y130.084 E3232.09355
G1 X98.99 Y130.084 E3233.11889
G1 X98.99 Y129.443 E3233.14874
G1 X99.39 Y129.443 E3233.16736
G1 X99.39 Y129.311 E3233.17351
G1 X120.61 Y129.311 E3234.1616
G1 X120.61 Y129.442 E3234.1677
G1 X121.01 Y129.442 E3234.18633
G0 F9000 X120.85 Y129.901
G1 F1500 X120.55 Y129.601 E3234.20608
G0 F9000 X120.306 Y129.923
G1 F1500 X119.853 Y129.47 E3234.23591
G0 F9000 X119.74 Y129.923
G1 F1500 X119.288 Y129.47 E3234.26571
G0 F9000 X119.175 Y129.923
G1 F1500 X118.722 Y129.47 E3234.29554
G0 F9000 X118.609 Y129.923
G1 F1500 X118.156 Y129.47 E3234.32537
G0 F9000 X118.043 Y129.923
G1 F1500 X117.591 Y129.47 E3234.35517
G0 F9000 X117.478 Y129.923
G1 F1500 X117.025 Y129.47 E3234.385
G0 F9000 X116.912 Y129.923
G1 F1500 X116.459 Y129.47 E3234.41483
G0 F9000 X116.346 Y129.923
G1 F1500 X115.894 Y129.47 E3234.44463
G0 F9000 X115.78 Y129.923
G1 F1500 X115.328 Y129.47 E3234.47443
G0 F9000 X115.215 Y129.923
G1 F1500 X114.762 Y129.47 E3234.50426
G0 F9000 X114.649 Y129.923
G1 F1500 X114.197 Y129.47 E3234.53406
G0 F9000 X114.083 Y129.923
G1 F1500 X113.631 Y129.47 E3234.56386
G0 F9000 X113.518 Y129.923
G1 F1500 X113.065 Y129.47 E3234.59369
G0 F9000 X112.952 Y129.923
G1 F1500 X112.499 Y129.47 E3234.62352
G0 F9000 X112.386 Y129.923
G1 F1500 X111.934 Y129.47 E3234.65332
G0 F9000 X111.821 Y129.923
G1 F1500 X111.368 Y129.47 E3234.68315
G0 F9000 X111.255 Y129.923
G1 F1500 X110.802 Y129.47 E3234.71298
G0 F9000 X110.689 Y129.923
G1 F1500 X110.237 Y129.47 E3234.74278
G0 F9000 X110.124 Y129.923
G1 F1500 X109.671 Y129.47 E3234.77261
G0 F9000 X109.558 Y129.923
G1 F1500 X109.105 Y129.47 E3234.80244
G0 F9000 X108.992 Y129.923
G1 F1500 X108.54 Y129.47 E3234.83223
G0 F9000 X108.427 Y129.923
G1 F1500 X107.974 Y129.47 E3234.86207
G0 F9000 X107.861 Y129.923
G1 F1500 X107.408 Y129.47 E3234.8919
G0 F9000 X107.295 Y129.923
G1 F1500 X106.843 Y129.47 E3234.92169
G0 F9000 X106.729 Y129.923
G1 F1500 X106.277 Y129.47 E3234.95149
G0 F9000 X106.164 Y129.923
G1 F1500 X105.711 Y129.47 E3234.98132
G0 F9000 X105.598 Y129.923
G1 F1500 X105.146 Y129.47 E3235.01112
G0 F9000 X105.032 Y129.923
G1 F1500 X104.58 Y129.47 E3235.04092
G0 F9000 X104.467 Y129.923
G1 F1500 X104.014 Y129.47 E3235.07075
G0 F9000 X103.901 Y129.923
G1 F1500 X103.449 Y129.47 E3235.10055
G0 F9000 X103.335 Y129.923
G1 F1500 X102.883 Y129.47 E3235.13035
G0 F9000 X102.77 Y129.923
G1 F1500 X102.317 Y129.47 E3235.16018
G0 F9000 X102.204 Y129.923
G1 F1500 X101.751 Y129.47 E3235.19001
G0 F9000 X101.638 Y129.923
G1 F1500 X101.186 Y129.47 E3235.21981
G0 F9000 X101.073 Y129.923
G1 F1500 X100.62 Y129.47 E3235.24964
G0 F9000 X100.507 Y129.923
G1 F1500 X100.054 Y129.47 E3235.27947
G0 F9000 X99.941 Y129.923
G1 F1500 X99.55 Y129.531 E3235.30525
G0 F9000 X99.376 Y129.923
G1 F1500 X99.149 Y129.696 E3235.3202
G1 F1500 E3228.8202
G0 F9000 X98.71 Y129.696
G0 X98.782 Y129.235
G0 X99.572 Y128.749
G0 X120.428 Y128.749
G0 X120.71 Y94.23
G1 F1500 E3235.3202
G0 F9000 X120.99 Y94.23
G1 F1500 X120.99 Y93.489 E3235.3547
G1 X121.01 Y93.49 E3235.35563
G1 X121.01 Y94.231 E3235.39014
G1 X120.99 Y94.23 E3235.39107
G1 F1500 E3228.89107
G0 F9000 X120.71 Y94.23
G0 X120.428 Y128.749
G0 X99.572 Y128.749
G0 X99.009 Y94.51
G1 F1500 E3235.39107
G0 F9000 X99.01 Y94.231
G1 F1500 X98.99 Y94.23 E3235.392
G1 X98.99 Y93.489 E3235.42651
G1 X99.01 Y93.49 E3235.42744
G1 X99.01 Y94.231 E3235.46194
G0 F9000 X99.065 Y94.54
;TYPE:SKIN
G1 F1500 X99.207 Y94.399 E3235.47359
G0 F9000 X98.999 Y94.756
G1 F1500 X98.999 Y95.039 E3235.48865
G1 X98.999 Y128.697 E3237.27955
G1 X98.901 Y129.165 E3237.30499
G0 F9000 X99.028 Y129.163
G0 X120.818 Y129.103
G0 X120.782 Y129.267
G1 F1500 X120.931 Y129.133 E3237.3155
G1 X120.999 Y128.353 E3237.35655
G1 X120.999 Y94.695 E3239.12123
G1 X121.095 Y94.508 E3239.13225
G0 F9000 X121.2 Y94.694
G1 F1500 E3232.63225
;MESH:copri staffa L 30x30x1,8 met??.stl(2)
G0 F9000 X121.58 Y130.474
G0 X123.92 Y130.474
G0 X124.1 Y130.474
;TYPE:WALL-INNER
G1 F1500 E3239.13225
G1 X124.1 Y93.298 E3240.86332
G1 X124.1 Y93.099 E3240.87259
G1 X124.299 Y93.099 E3240.87858
G1 X124.9 Y93.1 E3240.90657
G1 X124.9 Y128.921 E3242.57454
G1 X146.1 Y128.921 E3243.5617
G1 X146.1 Y93.298 E3245.22046
G1 X146.1 Y93.099 E3245.22973
G1 X146.299 Y93.099 E3245.23572
G1 X146.9 Y93.1 E3245.26371
G1 X146.9 Y130.474 E3247.004
G1 X124.1 Y130.474 E3248.06566
G0 F9000 X123.7 Y130.874
;TYPE:WALL-OUTER
G1 F1500 X123.7 Y92.699 E3249.84325
G1 X125.3 Y92.7 E3249.91775
G1 X125.3 Y128.521 E3251.58573
G1 X145.7 Y128.521 E3252.53564
G1 X145.7 Y92.699 E3254.20366
G1 X147.3 Y92.7 E3254.27816
G1 X147.3 Y130.874 E3256.0557
G1 X123.7 Y130.874 E3257.15462
G0 F9000 X123.97 Y130.604
G0 X124.282 Y129.235
G0 X124.569 Y129.163
G0 X124.569 Y129.372
;TYPE:FILL
G1 F3000 X124.179 Y128.981 E3257.18033
G0 F9000 X124.18 Y128.119
G1 F3000 X124.818 Y127.948 E3257.21109
G0 F9000 X124.18 Y121.907
G1 F3000 X124.818 Y121.736 E3257.24184
G0 F9000 X124.819 Y121.137
G1 F3000 X124.179 Y120.496 E3257.28402
G0 F9000 X124.179 Y119.124
G1 F3000 X124.819 Y116.735 E3257.39919
G0 F9000 X124.818 Y115.525
G1 F3000 X124.179 Y115.696 E3257.42999
G0 F9000 X124.819 Y112.652
G1 F3000 X124.179 Y112.011 E3257.47217
G0 F9000 X124.179 Y109.484
G1 F3000 X124.818 Y109.313 E3257.50297
G0 F9000 X124.819 Y104.166
G1 F3000 X124.179 Y103.526 E3257.54511
G0 F9000 X124.18 Y103.272
G1 F3000 X124.818 Y103.101 E3257.57587
G0 F9000 X124.18 Y97.06
G1 F3000 X124.818 Y96.89 E3257.60661
G0 F9000 X124.179 Y95.941
G1 F3000 X124.619 Y94.299 E3257.68577
G0 F9000 X124.179 Y95.04
G1 F3000 X124.819 Y95.681 E3257.72795
G1 F1500 E3251.22795
G0 F9000 X125.072 Y128.749
G0 X145.928 Y128.749
G0 X146.18 Y97.377
G1 F1500 E3257.72795
G1 F3000 X146.818 Y97.206 E3257.7587
G0 F9000 X146.179 Y100.07
G1 F3000 X146.819 Y100.71 E3257.80085
G0 F9000 X146.819 Y103.418
G1 F3000 X146.179 Y103.589 E3257.8317
G0 F9000 X146.819 Y104.176
G1 F3000 X146.179 Y106.566 E3257.94691
G0 F9000 X146.179 Y108.555
G1 F3000 X146.819 Y109.195 E3257.98905
G0 F9000 X146.819 Y109.629
G1 F3000 X146.179 Y109.801 E3258.01991
G0 F9000 X146.818 Y115.841
G1 F3000 X146.18 Y116.012 E3258.05067
G0 F9000 X146.179 Y117.041
G1 F3000 X146.819 Y117.68 E3258.09278
G0 F9000 X146.819 Y122.053
G1 F3000 X146.179 Y122.224 E3258.12362
G0 F9000 X146.179 Y125.526
G1 F3000 X146.819 Y126.166 E3258.16577
G0 F9000 X146.819 Y127.358
G1 F3000 X146.28 Y129.371 E3258.26281
G0 F9000 X146.179 Y128.436
G1 F3000 X146.819 Y128.264 E3258.29366
G0 F9000 X146.51 Y129.162
G0 X146.51 Y129.442
;TYPE:SKIN
G1 F1500 X146.51 Y130.084 E3258.32356
G1 X124.49 Y130.084 E3259.3489
G1 X124.49 Y129.443 E3259.37875
G1 X124.89 Y129.443 E3259.39737
G1 X124.89 Y129.311 E3259.40352
G1 X146.11 Y129.311 E3260.39161
G1 X146.11 Y129.442 E3260.39771
G1 X146.51 Y129.442 E3260.41634
G0 F9000 X146.328 Y129.923
G1 F1500 X146.006 Y129.602 E3260.43751
G0 F9000 X145.949 Y129.544
G1 F1500 X145.876 Y129.471 E3260.44232
G0 F9000 X145.762 Y129.923
G1 F1500 X145.31 Y129.471 E3260.47208
G0 F9000 X145.197 Y129.923
G1 F1500 X144.744 Y129.471 E3260.50188
G0 F9000 X144.631 Y129.923
G1 F1500 X144.179 Y129.471 E3260.53165
G0 F9000 X144.065 Y129.923
G1 F1500 X143.613 Y129.471 E3260.56141
G0 F9000 X143.5 Y129.923
G1 F1500 X143.047 Y129.471 E3260.59121
G0 F9000 X142.934 Y129.923
G1 F1500 X142.482 Y129.471 E3260.62097
G0 F9000 X142.368 Y129.923
G1 F1500 X141.916 Y129.471 E3260.65074
G0 F9000 X141.803 Y129.923
G1 F1500 X141.35 Y129.471 E3260.68054
G0 F9000 X141.237 Y129.923
G1 F1500 X140.784 Y129.471 E3260.71033
G0 F9000 X140.671 Y129.923
G1 F1500 X140.219 Y129.471 E3260.7401
G0 F9000 X140.106 Y129.923
G1 F1500 X139.653 Y129.471 E3260.7699
G0 F9000 X139.54 Y129.923
G1 F1500 X139.087 Y129.471 E3260.79969
G0 F9000 X138.974 Y129.923
G1 F1500 X138.522 Y129.471 E3260.82946
G0 F9000 X138.409 Y129.923
G1 F1500 X137.956 Y129.471 E3260.85926
G0 F9000 X137.843 Y129.923
G1 F1500 X137.39 Y129.471 E3260.88906
G0 F9000 X137.277 Y129.923
G1 F1500 X136.825 Y129.471 E3260.91882
G0 F9000 X136.712 Y129.923
G1 F1500 X136.259 Y129.471 E3260.94862
G0 F9000 X136.146 Y129.923
G1 F1500 X135.693 Y129.471 E3260.97842
G0 F9000 X135.58 Y129.923
G1 F1500 X135.128 Y129.471 E3261.00818
G0 F9000 X135.014 Y129.923
G1 F1500 X134.562 Y129.471 E3261.03795
G0 F9000 X134.449 Y129.923
G1 F1500 X133.996 Y129.471 E3261.06774
G0 F9000 X133.883 Y129.923
G1 F1500 X133.431 Y129.471 E3261.09751
G0 F9000 X133.317 Y129.923
G1 F1500 X132.865 Y129.471 E3261.12727
G0 F9000 X132.752 Y129.923
G1 F1500 X132.299 Y129.471 E3261.15707
G0 F9000 X132.186 Y129.923
G1 F1500 X131.733 Y129.471 E3261.18687
G0 F9000 X131.62 Y129.923
G1 F1500 X131.168 Y129.471 E3261.21663
G0 F9000 X131.055 Y129.923
G1 F1500 X130.602 Y129.471 E3261.24643
G0 F9000 X130.489 Y129.923
G1 F1500 X130.036 Y129.471 E3261.27623
G0 F9000 X129.923 Y129.923
G1 F1500 X129.471 Y129.471 E3261.306
G0 F9000 X129.358 Y129.923
G1 F1500 X128.905 Y129.471 E3261.33579
G0 F9000 X128.792 Y129.923
G1 F1500 X128.339 Y129.471 E3261.36559
G0 F9000 X128.226 Y129.923
G1 F1500 X127.774 Y129.471 E3261.39536
G0 F9000 X127.661 Y129.923
G1 F1500 X127.208 Y129.471 E3261.42515
G0 F9000 X127.095 Y129.923
G1 F1500 X126.642 Y129.471 E3261.45495
G0 F9000 X126.529 Y129.923
G1 F1500 X126.077 Y129.471 E3261.48472
G0 F9000 X125.964 Y129.923
G1 F1500 X125.511 Y129.471 E3261.51452
G0 F9000 X125.398 Y129.923
G1 F1500 X125.049 Y129.575 E3261.53746
G0 F9000 X124.832 Y129.923
G1 F1500 X124.65 Y129.741 E3261.54945
G1 F1500 E3255.04945
G0 F9000 X124.21 Y129.741
G0 X124.282 Y129.235
G0 X125.072 Y128.749
G0 X145.928 Y128.749
G0 X146.21 Y94.23
G1 F1500 E3261.54945
G0 F9000 X146.49 Y94.23
G1 F1500 X146.49 Y93.489 E3261.58395
G1 X146.51 Y93.49 E3261.58489
G1 X146.51 Y94.231 E3261.61939
G1 X146.49 Y94.23 E3261.62032
G1 F1500 E3255.12032
G0 F9000 X146.21 Y94.23
G0 X145.928 Y128.749
G0 X125.072 Y128.749
G0 X124.509 Y94.51
G1 F1500 E3261.62032
G0 F9000 X124.51 Y94.231
G1 F1500 X124.49 Y94.23 E3261.62126
G1 X124.49 Y93.489 E3261.65576
G1 X124.51 Y93.49 E3261.65669
G1 X124.51 Y94.231 E3261.6912
G0 F9000 X124.685 Y94.42
;TYPE:SKIN
G1 F1500 X124.543 Y94.562 E3261.70174
G1 X124.499 Y95.932 E3261.77373
G1 X124.499 Y128.741 E3263.49677
G1 X124.379 Y129.187 E3263.52102
G0 F9000 X124.484 Y129.163
G0 X146.274 Y129.02
G0 X146.409 Y129.155
G1 F1500 X146.498 Y128.962 E3263.5322
G1 X146.498 Y94.738 E3265.33195
G1 X146.573 Y94.53 E3265.34358
G0 F9000 X146.421 Y94.81
G1 F1500 E3258.84358
;MESH:copri staffa L 30x30x1,8 met??.stl(3)
G0 F9000 X147.086 Y130.66
G0 X148.165 Y130.66
G0 X150.79 Y130.66
G0 X151.875 Y130.66
G0 X152.055 Y132.69
;TYPE:WALL-INNER
G1 F1500 E3265.34358
G1 X152.055 Y95.514 E3267.07465
G1 X152.055 Y95.315 E3267.08392
G1 X152.254 Y95.315 E3267.08991
G1 X152.855 Y95.316 E3267.1179
G1 X152.855 Y131.138 E3268.78592
G1 X174.055 Y131.138 E3269.77308
G1 X174.055 Y95.514 E3271.43188
G1 X174.055 Y95.315 E3271.44115
G1 X174.254 Y95.315 E3271.44714
G1 X174.855 Y95.316 E3271.47513
G1 X174.855 Y132.69 E3273.21542
G1 X152.055 Y132.69 E3274.27708
G0 F9000 X151.655 Y133.09
;TYPE:WALL-OUTER
G1 F1500 X151.655 Y94.915 E3276.05467
G1 X153.255 Y94.916 E3276.12917
G1 X153.255 Y130.738 E3277.79719
G1 X173.655 Y130.738 E3278.7471
G1 X173.655 Y94.915 E3280.41517
G1 X175.255 Y94.916 E3280.48968
G1 X175.255 Y133.09 E3282.26722
G1 X151.655 Y133.09 E3283.36613
G0 F9000 X151.925 Y132.82
G0 X152.237 Y131.451
G0 X152.525 Y131.379
G0 X152.525 Y131.589
;TYPE:FILL
G1 F3000 X152.134 Y131.198 E3283.39188
G0 F9000 X152.135 Y130.335
G1 F3000 X152.773 Y130.164 E3283.42264
G0 F9000 X152.134 Y124.124
G1 F3000 X152.773 Y123.952 E3283.45345
G0 F9000 X152.774 Y123.353
G1 F3000 X152.134 Y122.712 E3283.49563
G0 F9000 X152.134 Y121.339
G1 F3000 X152.774 Y118.952 E3283.6107
G0 F9000 X152.773 Y117.741
G1 F3000 X152.134 Y117.912 E3283.6415
G0 F9000 X152.774 Y114.868
G1 F3000 X152.134 Y114.227 E3283.68368
G0 F9000 X152.134 Y111.7
G1 F3000 X152.773 Y111.529 E3283.71448
G0 F9000 X152.774 Y106.382
G1 F3000 X152.134 Y105.742 E3283.75663
G0 F9000 X152.134 Y105.489
G1 F3000 X152.773 Y105.317 E3283.78744
G0 F9000 X152.134 Y99.277
G1 F3000 X152.773 Y99.106 E3283.81824
G0 F9000 X152.134 Y98.157
G1 F3000 X152.574 Y96.515 E3283.8974
G0 F9000 X152.134 Y97.256
G1 F3000 X152.774 Y97.897 E3283.93958
G1 F1500 E3277.43958
G0 F9000 X153.027 Y130.966
G0 X173.883 Y130.966
G0 X174.135 Y99.594
G1 F1500 E3283.93958
G1 F3000 X174.773 Y99.422 E3283.97035
G0 F9000 X174.134 Y102.286
G1 F3000 X174.774 Y102.926 E3284.01249
G0 F9000 X174.774 Y105.634
G1 F3000 X174.135 Y105.805 E3284.04329
G0 F9000 X174.774 Y106.393
G1 F3000 X174.134 Y108.782 E3284.15846
G0 F9000 X174.134 Y110.771
G1 F3000 X174.774 Y111.411 E3284.2006
G0 F9000 X174.774 Y111.846
G1 F3000 X174.134 Y112.017 E3284.23145
G0 F9000 X174.773 Y118.057
G1 F3000 X174.135 Y118.228 E3284.26221
G0 F9000 X174.134 Y119.257
G1 F3000 X174.774 Y119.897 E3284.30435
G0 F9000 X174.774 Y124.269
G1 F3000 X174.135 Y124.44 E3284.33515
G0 F9000 X174.134 Y127.742
G1 F3000 X174.774 Y128.382 E3284.3773
G0 F9000 X174.774 Y129.575
G1 F3000 X174.235 Y131.587 E3284.47429
G0 F9000 X174.134 Y130.652
G1 F3000 X174.774 Y130.481 E3284.50513
G0 F9000 X174.465 Y131.378
G0 X174.465 Y131.658
;TYPE:SKIN
G1 F1500 X174.465 Y132.3 E3284.53503
G1 X152.445 Y132.3 E3285.56037
G1 X152.445 Y131.659 E3285.59022
G1 X152.845 Y131.659 E3285.60885
G1 X152.845 Y131.528 E3285.61495
G1 X174.065 Y131.528 E3286.60304
G1 X174.065 Y131.658 E3286.60909
G1 X174.465 Y131.658 E3286.62772
G0 F9000 X174.304 Y131.878
G1 F1500 X174.244 Y131.818 E3286.63167
G0 F9000 X174 Y132.139
G1 F1500 X173.548 Y131.688 E3286.6614
G0 F9000 X173.434 Y132.139
G1 F1500 X172.983 Y131.688 E3286.6911
G0 F9000 X172.869 Y132.139
G1 F1500 X172.417 Y131.688 E3286.72083
G0 F9000 X172.303 Y132.139
G1 F1500 X171.851 Y131.688 E3286.75056
G0 F9000 X171.737 Y132.139
G1 F1500 X171.286 Y131.688 E3286.78026
G0 F9000 X171.172 Y132.139
G1 F1500 X170.72 Y131.688 E3286.80999
G0 F9000 X170.606 Y132.139
G1 F1500 X170.154 Y131.688 E3286.83973
G0 F9000 X170.04 Y132.139
G1 F1500 X169.588 Y131.688 E3286.86946
G0 F9000 X169.475 Y132.139
G1 F1500 X169.023 Y131.688 E3286.89919
G0 F9000 X168.909 Y132.139
G1 F1500 X168.457 Y131.688 E3286.92892
G0 F9000 X168.343 Y132.139
G1 F1500 X167.891 Y131.688 E3286.95865
G0 F9000 X167.778 Y132.139
G1 F1500 X167.326 Y131.688 E3286.98839
G0 F9000 X167.212 Y132.139
G1 F1500 X166.76 Y131.688 E3287.01812
G0 F9000 X166.646 Y132.139
G1 F1500 X166.194 Y131.688 E3287.04785
G0 F9000 X166.08 Y132.139
G1 F1500 X165.629 Y131.688 E3287.07755
G0 F9000 X165.515 Y132.139
G1 F1500 X165.063 Y131.688 E3287.10728
G0 F9000 X164.949 Y132.139
G1 F1500 X164.497 Y131.688 E3287.13701
G0 F9000 X164.383 Y132.139
G1 F1500 X163.932 Y131.688 E3287.16671
G0 F9000 X163.818 Y132.139
G1 F1500 X163.366 Y131.688 E3287.19645
G0 F9000 X163.252 Y132.139
G1 F1500 X162.8 Y131.688 E3287.22618
G0 F9000 X162.686 Y132.139
G1 F1500 X162.235 Y131.688 E3287.25588
G0 F9000 X162.121 Y132.139
G1 F1500 X161.669 Y131.688 E3287.28561
G0 F9000 X161.555 Y132.139
G1 F1500 X161.103 Y131.688 E3287.31534
G0 F9000 X160.989 Y132.139
G1 F1500 X160.537 Y131.688 E3287.34507
G0 F9000 X160.424 Y132.139
G1 F1500 X159.972 Y131.688 E3287.3748
G0 F9000 X159.858 Y132.139
G1 F1500 X159.406 Y131.688 E3287.40454
G0 F9000 X159.292 Y132.139
G1 F1500 X158.84 Y131.688 E3287.43427
G0 F9000 X158.727 Y132.139
G1 F1500 X158.275 Y131.688 E3287.464
G0 F9000 X158.161 Y132.139
G1 F1500 X157.709 Y131.688 E3287.49373
G0 F9000 X157.595 Y132.139
G1 F1500 X157.143 Y131.688 E3287.52346
G0 F9000 X157.03 Y132.139
G1 F1500 X156.578 Y131.688 E3287.5532
G0 F9000 X156.464 Y132.139
G1 F1500 X156.012 Y131.688 E3287.58293
G0 F9000 X155.898 Y132.139
G1 F1500 X155.446 Y131.688 E3287.61266
G0 F9000 X155.332 Y132.139
G1 F1500 X154.881 Y131.688 E3287.64236
G0 F9000 X154.767 Y132.139
G1 F1500 X154.315 Y131.688 E3287.67209
G0 F9000 X154.201 Y132.139
G1 F1500 X153.749 Y131.688 E3287.70182
G0 F9000 X153.635 Y132.139
G1 F1500 X153.184 Y131.688 E3287.73152
G0 F9000 X152.749 Y131.819
G1 F1500 X153.07 Y132.139 E3287.75263
G1 F1500 E3281.25263
G0 F9000 X153.07 Y132.58
G0 X152.237 Y132.508
G0 X152.237 Y131.451
G0 X154.007 Y130.972
G0 X173.883 Y130.966
G0 X174.165 Y96.446
G1 F1500 E3287.75263
G0 F9000 X174.445 Y96.446
G1 F1500 X174.445 Y95.705 E3287.78713
G1 X174.465 Y95.706 E3287.78807
G1 X174.465 Y96.447 E3287.82257
G1 X174.445 Y96.446 E3287.8235
G1 F1500 E3281.3235
G0 F9000 X174.165 Y96.446
G0 X173.883 Y130.966
G0 X153.027 Y130.966
G0 X152.464 Y96.726
G1 F1500 E3287.8235
G0 F9000 X152.465 Y96.447
G1 F1500 X152.445 Y96.446 E3287.82443
G1 X152.445 Y95.705 E3287.85894
G1 X152.465 Y95.706 E3287.85987
G1 X152.465 Y96.447 E3287.89437
G0 F9000 X152.639 Y96.636
;TYPE:SKIN
G1 F1500 X152.497 Y96.777 E3287.90488
G1 X152.453 Y98.147 E3287.97686
G1 X152.453 Y130.957 E3289.69968
G1 X152.333 Y131.403 E3289.72394
G0 F9000 X152.439 Y131.379
G0 X174.228 Y131.236
G1 F1500 X174.499 Y131.507 E3289.73286
G0 F9000 X174.453 Y131.179
G1 F1500 X174.453 Y130.896 E3289.74792
G1 X174.453 Y96.955 E3291.55407
G1 X174.528 Y96.746 E3291.56589
G0 F9000 X174.376 Y97.026
G1 F1500 E3285.06589
;MESH:NONMESH
G0 F300 X174.376 Y97.026 Z3.92
G0 F9000 X173.883 Y130.966
G0 X153.027 Y130.966
G0 X151.875 Y130.619
G0 X150.79 Y130.619
G0 X148.153 Y131.727
G0 X97.347 Y131.727
G0 X94.766 Y130.619
G0 X93.681 Y130.619
G1 F1500 E3291.56589
G0 F9000 X93.501 Y130.748
;TIME_ELAPSED:3640.209100
;LAYER:13
;TYPE:WALL-INNER
;MESH:copri staffa L 30x30x1,8 met??.stl(1)
G1 F1500 X70.701 Y130.748 E3292.62755
G1 X70.701 Y93.063 E3294.38232
G1 X70.701 Y92.864 E3294.39159
G1 X70.9 Y92.864 E3294.39758
G1 X71.501 Y92.865 E3294.42557
G1 X71.501 Y129.262 E3296.12036
G1 X92.701 Y129.262 E3297.10752
G1 X92.701 Y93.063 E3298.7931
G1 X92.701 Y92.864 E3298.80237
G1 X92.9 Y92.864 E3298.80836
G1 X93.501 Y92.865 E3298.83635
G1 X93.501 Y130.748 E3300.60034
G0 F9000 X93.901 Y131.148
;TYPE:WALL-OUTER
G1 F1500 X70.301 Y131.148 E3301.69925
G1 X70.301 Y92.464 E3303.50054
G1 X71.901 Y92.465 E3303.57505
G1 X71.901 Y128.862 E3305.26984
G1 X92.301 Y128.862 E3306.21975
G1 X92.301 Y92.464 E3307.9146
G1 X93.901 Y92.465 E3307.9891
G1 X93.901 Y131.148 E3309.79034
G0 F9000 X93.631 Y130.878
G0 X92.341 Y130.668
;TYPE:FILL
G1 F3000 X92.423 Y130.361 E3309.80514
G0 F9000 X92.423 Y130.574
G0 X92.919 Y130.501
G0 X92.919 Y129.55
G0 X92.78 Y129.028
G1 F3000 X93.42 Y126.638 E3309.92035
G0 F9000 X93.42 Y125.93
G1 F3000 X92.78 Y125.29 E3309.96249
G0 F9000 X92.781 Y122.474
G1 F3000 X93.419 Y122.303 E3309.99325
G0 F9000 X93.42 Y117.445
G1 F3000 X92.78 Y116.805 E3310.03539
G0 F9000 X92.78 Y116.263
G1 F3000 X93.419 Y116.091 E3310.06621
G0 F9000 X92.78 Y110.051
G1 F3000 X93.419 Y109.88 E3310.09701
G0 F9000 X93.42 Y108.96
G1 F3000 X92.78 Y108.32 E3310.13915
G0 F9000 X92.78 Y105.844
G1 F3000 X93.42 Y103.457 E3310.25423
G0 F9000 X93.419 Y103.668
G1 F3000 X92.781 Y103.839 E3310.28498
G0 F9000 X93.42 Y100.474
G1 F3000 X92.78 Y99.834 E3310.32713
G0 F9000 X92.78 Y97.628
G1 F3000 X93.419 Y97.456 E3310.35794
G1 F1500 E3303.85794
G0 F9000 X92.529 Y129.09
G0 X71.673 Y129.09
G0 X71.42 Y97.14
G1 F1500 E3310.35794
G1 F3000 X70.78 Y97.311 E3310.38879
G0 F9000 X71.421 Y95.445
G1 F3000 X70.78 Y94.805 E3310.43097
G0 F9000 X70.781 Y95.219
G1 F3000 X71.09 Y94.064 E3310.48664
G0 F9000 X71.089 Y94.275
G0 X70.78 Y103.29
G1 F3000 X71.421 Y103.931 E3310.52885
G0 F9000 X71.419 Y103.351
G1 F3000 X70.78 Y103.523 E3310.55967
G0 F9000 X71.419 Y109.563
G1 F3000 X70.781 Y109.734 E3310.59042
G0 F9000 X70.78 Y111.775
G1 F3000 X71.421 Y112.416 E3310.63263
G0 F9000 X71.42 Y115.774
G1 F3000 X70.78 Y115.946 E3310.66349
G0 F9000 X71.42 Y116.014
G1 F3000 X70.78 Y118.402 E3310.77861
G0 F9000 X70.78 Y120.261
G1 F3000 X71.421 Y120.901 E3310.82079
G0 F9000 X71.42 Y121.986
G1 F3000 X70.78 Y122.158 E3310.85165
G0 F9000 X71.419 Y128.198
G1 F3000 X70.78 Y128.369 E3310.88245
G0 F9000 X70.78 Y128.746
G1 F3000 X71.421 Y129.387 E3310.92466
G0 F9000 X71.421 Y129.372
G0 X71.283 Y130.502
G0 X72.397 Y130.574
G0 X72.397 Y130.362
G1 F3000 X72.701 Y130.666 E3310.94468
G0 F9000 X73.706 Y130.667
G1 F3000 X73.787 Y130.362 E3310.95937
G0 F9000 X73.787 Y130.574
G0 X79.917 Y130.667
G1 F3000 X79.999 Y130.362 E3310.97408
G0 F9000 X80.882 Y130.362
G1 F3000 X81.186 Y130.666 E3310.9941
G0 F9000 X85.386 Y130.667
G1 F3000 X86.524 Y130.362 E3311.04896
G0 F9000 X86.211 Y130.362
G1 F3000 X86.129 Y130.668 E3311.06371
G0 F9000 X89.367 Y130.574
G0 X89.367 Y130.362
G1 F3000 X89.671 Y130.666 E3311.08373
G0 F9000 X92.919 Y130.501
G0 X92.919 Y129.646
G0 X92.78 Y128.686
G1 F3000 X93.42 Y128.515 E3311.11458
G0 F9000 X92.711 Y129.372
G0 X92.711 Y129.652
;TYPE:SKIN
G1 F1500 X92.711 Y130.293 E3311.14442
G1 X71.491 Y130.294 E3312.13251
G1 X71.491 Y129.652 E3312.16241
G1 X92.711 Y129.652 E3313.1505
G0 F9000 X92.503 Y129.811
G1 F1500 X92.181 Y130.133 E3313.17171
G0 F9000 X91.937 Y129.811
G1 F1500 X91.615 Y130.133 E3313.19291
G0 F9000 X91.371 Y129.811
G1 F1500 X91.049 Y130.133 E3313.21411
G0 F9000 X90.805 Y129.811
G1 F1500 X90.484 Y130.133 E3313.23529
G0 F9000 X90.24 Y129.811
G1 F1500 X89.918 Y130.133 E3313.25649
G0 F9000 X89.674 Y129.811
G1 F1500 X89.352 Y130.133 E3313.27769
G0 F9000 X89.108 Y129.811
G1 F1500 X88.787 Y130.133 E3313.29887
G0 F9000 X88.543 Y129.811
G1 F1500 X88.221 Y130.133 E3313.32007
G0 F9000 X87.977 Y129.811
G1 F1500 X87.655 Y130.133 E3313.34127
G0 F9000 X87.411 Y129.811
G1 F1500 X87.09 Y130.133 E3313.36244
G0 F9000 X86.846 Y129.811
G1 F1500 X86.524 Y130.133 E3313.38365
G0 F9000 X86.28 Y129.811
G1 F1500 X85.958 Y130.133 E3313.40485
G0 F9000 X85.714 Y129.811
G1 F1500 X85.393 Y130.133 E3313.42602
G0 F9000 X85.149 Y129.811
G1 F1500 X84.827 Y130.133 E3313.44723
G0 F9000 X84.583 Y129.811
G1 F1500 X84.261 Y130.133 E3313.46843
G0 F9000 X84.017 Y129.811
G1 F1500 X83.695 Y130.133 E3313.48964
G0 F9000 X83.452 Y129.811
G1 F1500 X83.13 Y130.133 E3313.51084
G0 F9000 X82.886 Y129.811
G1 F1500 X82.564 Y130.133 E3313.53205
G0 F9000 X82.32 Y129.811
G1 F1500 X81.998 Y130.133 E3313.55325
G0 F9000 X81.754 Y129.811
G1 F1500 X81.433 Y130.133 E3313.57442
G0 F9000 X81.189 Y129.811
G1 F1500 X80.867 Y130.133 E3313.59563
G0 F9000 X80.623 Y129.811
G1 F1500 X80.301 Y130.133 E3313.61683
G0 F9000 X80.057 Y129.811
G1 F1500 X79.736 Y130.133 E3313.638
G0 F9000 X79.492 Y129.811
G1 F1500 X79.17 Y130.133 E3313.65921
G0 F9000 X78.926 Y129.811
G1 F1500 X78.604 Y130.133 E3313.68041
G0 F9000 X78.36 Y129.811
G1 F1500 X78.039 Y130.133 E3313.70158
G0 F9000 X77.795 Y129.811
G1 F1500 X77.473 Y130.133 E3313.72279
G0 F9000 X77.229 Y129.811
G1 F1500 X76.907 Y130.133 E3313.74399
G0 F9000 X76.663 Y129.811
G1 F1500 X76.342 Y130.133 E3313.76516
G0 F9000 X76.098 Y129.811
G1 F1500 X75.776 Y130.133 E3313.78637
G0 F9000 X75.532 Y129.811
G1 F1500 X75.21 Y130.133 E3313.80757
G0 F9000 X74.966 Y129.811
G1 F1500 X74.645 Y130.133 E3313.82874
G0 F9000 X74.401 Y129.811
G1 F1500 X74.079 Y130.133 E3313.84995
G0 F9000 X73.835 Y129.811
G1 F1500 X73.513 Y130.133 E3313.87115
G0 F9000 X73.269 Y129.811
G1 F1500 X72.947 Y130.133 E3313.89235
G0 F9000 X72.704 Y129.811
G1 F1500 X72.382 Y130.133 E3313.91356
G0 F9000 X72.138 Y129.811
G1 F1500 X71.816 Y130.133 E3313.93476
G1 F1500 E3307.43476
G0 F9000 X71.816 Y130.574
G0 X71.283 Y130.502
G0 X71.283 Y129.444
G0 X92.529 Y129.09
G0 X92.811 Y93.995
G1 F1500 E3313.93476
G0 F9000 X93.091 Y93.995
G1 F1500 X93.091 Y93.254 E3313.96927
G1 X93.111 Y93.255 E3313.9702
G1 X93.111 Y93.996 E3314.0047
G1 X93.091 Y93.995 E3314.00564
G1 F1500 E3307.50564
G0 F9000 X92.811 Y93.995
G0 X92.529 Y129.09
G0 X71.673 Y129.09
G0 X71.11 Y94.275
G1 F1500 E3314.00564
G0 F9000 X71.111 Y93.996
G1 F1500 X71.091 Y93.995 E3314.00657
G1 X71.091 Y93.254 E3314.04107
G1 X71.111 Y93.255 E3314.042
G1 X71.111 Y93.996 E3314.07651
G0 F9000 X71.035 Y94.144
;TYPE:SKIN
G1 F1500 X70.876 Y94.304 E3314.08176
G0 F9000 X71.097 Y94.365
G1 F1500 X71.1 Y94.644 E3314.09396
G1 X71.1 Y129.434 E3315.61474
G1 X71.108 Y130.275 E3315.65151
G1 X71.441 Y130.507 E3315.66925
G1 X92.655 Y130.507 E3316.59658
G1 X93.093 Y130.069 E3316.62366
G1 X93.101 Y124.121 E3316.88367
G1 X93.101 Y94.423 E3318.18187
G1 X92.986 Y94.254 E3318.1908
G1 F1500 E3311.6908
G0 F9000 X92.876 Y94.365
G0 X93.326 Y130.119
G1 F1500 E3318.1908
G1 X92.873 Y130.572 E3318.20572
G0 F9000 X93.156 Y130.572
G1 F1500 X93.326 Y130.402 E3318.21132
G0 F9000 X93.301 Y130.402
G1 F1500 E3311.71132
;MESH:copri staffa L 30x30x1,8 met??.stl
G0 F9000 X93.681 Y129.217
G0 X94.766 Y129.217
G0 X97.335 Y129.217
G0 X98.42 Y129.217
G0 X99.4 Y129.217
;TYPE:WALL-INNER
G1 F1500 E3318.21132
G1 X120.6 Y129.217 E3319.19848
G1 X120.6 Y93.018 E3320.88405
G1 X120.6 Y92.819 E3320.89332
G1 X120.799 Y92.819 E3320.89932
G1 X121.4 Y92.82 E3320.9273
G1 X121.4 Y130.703 E3322.69129
G1 X98.6 Y130.703 E3323.75296
G1 X98.6 Y93.018 E3325.50773
G1 X98.6 Y92.819 E3325.51699
G1 X98.799 Y92.819 E3325.52299
G1 X99.4 Y92.82 E3325.55097
G1 X99.4 Y129.217 E3327.24577
G0 F9000 X99.8 Y128.817
;TYPE:WALL-OUTER
G1 F1500 X120.2 Y128.817 E3328.19568
G1 X120.2 Y92.419 E3329.89052
G1 X121.8 Y92.42 E3329.96503
G1 X121.8 Y131.103 E3331.76627
G1 X98.2 Y131.103 E3332.86518
G1 X98.2 Y92.419 E3334.66647
G1 X99.8 Y92.42 E3334.74097
G1 X99.8 Y128.817 E3336.43577
G0 F9000 X99.32 Y129.342
;TYPE:FILL
G1 F3000 X98.679 Y128.701 E3336.47798
G0 F9000 X98.679 Y128.324
G1 F3000 X99.318 Y128.153 E3336.50878
G0 F9000 X99.182 Y129.399
G0 X99.182 Y130.458
G0 X100.297 Y130.53
G0 X100.297 Y130.319
G1 F3000 X100.6 Y130.622 E3336.52874
G0 F9000 X101.604 Y130.623
G1 F3000 X101.685 Y130.318 E3336.54343
G0 F9000 X101.685 Y130.53
G0 X107.816 Y130.622
G1 F3000 X107.897 Y130.318 E3336.55808
G0 F9000 X108.782 Y130.319
G1 F3000 X109.085 Y130.622 E3336.57803
G0 F9000 X113.282 Y130.623
G1 F3000 X114.418 Y130.318 E3336.6328
G0 F9000 X114.109 Y130.318
G1 F3000 X114.027 Y130.623 E3336.64751
G0 F9000 X117.267 Y130.53
G0 X117.267 Y130.319
G1 F3000 X117.57 Y130.622 E3336.66746
G0 F9000 X120.239 Y130.623
G1 F3000 X120.321 Y130.317 E3336.68221
G0 F9000 X120.321 Y130.53
G0 X120.818 Y130.457
G0 X120.818 Y129.505
G0 X120.679 Y128.981
G1 F3000 X121.319 Y126.593 E3336.79733
G0 F9000 X121.319 Y125.886
G1 F3000 X120.679 Y125.246 E3336.83948
G0 F9000 X120.679 Y122.429
G1 F3000 X121.318 Y122.258 E3336.87028
G0 F9000 X121.319 Y117.4
G1 F3000 X120.679 Y116.761 E3336.91239
G0 F9000 X120.679 Y116.217
G1 F3000 X121.318 Y116.046 E3336.94319
G0 F9000 X120.679 Y110.006
G1 F3000 X121.319 Y109.834 E3336.97405
G0 F9000 X121.319 Y108.915
G1 F3000 X120.679 Y108.275 E3337.0162
G0 F9000 X120.679 Y105.797
G1 F3000 X121.319 Y103.41 E3337.13127
G0 F9000 X121.318 Y103.623
G1 F3000 X120.679 Y103.794 E3337.16207
G0 F9000 X121.319 Y100.43
G1 F3000 X120.679 Y99.789 E3337.20425
G0 F9000 X120.679 Y97.582
G1 F3000 X121.318 Y97.411 E3337.23505
G1 F1500 E3330.73505
G0 F9000 X120.428 Y129.045
G0 X99.572 Y129.045
G0 X99.319 Y97.094
G1 F1500 E3337.23505
G1 F3000 X98.679 Y97.266 E3337.26591
G0 F9000 X99.319 Y95.4
G1 F3000 X98.679 Y94.76 E3337.30806
G0 F9000 X98.679 Y95.174
G1 F3000 X98.988 Y94.019 E3337.36373
G0 F9000 X98.987 Y94.23
G0 X98.679 Y103.246
G1 F3000 X99.319 Y103.886 E3337.40588
G0 F9000 X99.318 Y103.306
G1 F3000 X98.679 Y103.477 E3337.43668
G0 F9000 X99.318 Y109.518
G1 F3000 X98.68 Y109.689 E3337.46743
G0 F9000 X98.679 Y111.731
G1 F3000 X99.32 Y112.371 E3337.50961
G0 F9000 X99.319 Y115.729
G1 F3000 X98.679 Y115.901 E3337.54047
G0 F9000 X99.319 Y115.966
G1 F3000 X98.679 Y118.355 E3337.65563
G0 F9000 X98.679 Y120.216
G1 F3000 X99.32 Y120.857 E3337.69785
G0 F9000 X99.318 Y121.941
G1 F3000 X98.679 Y122.112 E3337.72865
G0 F9000 X99.572 Y129.045
G0 X120.428 Y129.045
G0 X120.679 Y128.641
G1 F3000 X121.319 Y128.469 E3337.75951
G0 F9000 X120.61 Y129.327
G0 X120.61 Y129.607
;TYPE:SKIN
G1 F1500 X120.61 Y130.249 E3337.7894
G1 X99.39 Y130.25 E3338.77749
G1 X99.39 Y129.607 E3338.80743
G1 X120.61 Y129.607 E3339.79552
G0 F9000 X120.266 Y129.766
G1 F1500 X119.944 Y130.088 E3339.81673
G0 F9000 X119.701 Y129.766
G1 F1500 X119.378 Y130.088 E3339.83797
G0 F9000 X119.135 Y129.766
G1 F1500 X118.813 Y130.088 E3339.85917
G0 F9000 X118.569 Y129.766
G1 F1500 X118.247 Y130.088 E3339.88037
G0 F9000 X118.004 Y129.766
G1 F1500 X117.681 Y130.088 E3339.90161
G0 F9000 X117.438 Y129.766
G1 F1500 X117.115 Y130.088 E3339.92285
G0 F9000 X116.872 Y129.766
G1 F1500 X116.55 Y130.088 E3339.94405
G0 F9000 X116.307 Y129.766
G1 F1500 X115.984 Y130.088 E3339.96529
G0 F9000 X115.741 Y129.766
G1 F1500 X115.418 Y130.088 E3339.98653
G0 F9000 X115.175 Y129.766
G1 F1500 X114.853 Y130.088 E3340.00773
G0 F9000 X114.609 Y129.766
G1 F1500 X114.287 Y130.088 E3340.02894
G0 F9000 X114.044 Y129.766
G1 F1500 X113.721 Y130.088 E3340.05017
G0 F9000 X113.478 Y129.766
G1 F1500 X113.155 Y130.089 E3340.07144
G0 F9000 X112.912 Y129.766
G1 F1500 X112.589 Y130.089 E3340.09271
G0 F9000 X112.347 Y129.766
G1 F1500 X112.024 Y130.089 E3340.11398
G0 F9000 X111.781 Y129.766
G1 F1500 X111.458 Y130.089 E3340.13525
G0 F9000 X111.215 Y129.766
G1 F1500 X110.892 Y130.089 E3340.15652
G0 F9000 X110.65 Y129.766
G1 F1500 X110.327 Y130.089 E3340.17779
G0 F9000 X110.084 Y129.766
G1 F1500 X109.761 Y130.089 E3340.19906
G0 F9000 X109.518 Y129.766
G1 F1500 X109.195 Y130.089 E3340.22033
G0 F9000 X108.953 Y129.766
G1 F1500 X108.629 Y130.089 E3340.24164
G0 F9000 X108.387 Y129.766
G1 F1500 X108.064 Y130.089 E3340.26291
G0 F9000 X107.821 Y129.766
G1 F1500 X107.498 Y130.089 E3340.28418
G0 F9000 X107.256 Y129.766
G1 F1500 X106.932 Y130.089 E3340.30548
G0 F9000 X106.69 Y129.766
G1 F1500 X106.366 Y130.089 E3340.32678
G0 F9000 X106.124 Y129.766
G1 F1500 X105.8 Y130.089 E3340.34809
G0 F9000 X105.559 Y129.766
G1 F1500 X105.235 Y130.089 E3340.36939
G0 F9000 X104.993 Y129.766
G1 F1500 X104.669 Y130.089 E3340.39069
G0 F9000 X104.427 Y129.766
G1 F1500 X104.103 Y130.089 E3340.412
G0 F9000 X103.861 Y129.766
G1 F1500 X103.538 Y130.089 E3340.43327
G0 F9000 X103.296 Y129.766
G1 F1500 X102.972 Y130.089 E3340.45457
G0 F9000 X102.73 Y129.766
G1 F1500 X102.406 Y130.089 E3340.47587
G0 F9000 X102.164 Y129.766
G1 F1500 X101.841 Y130.089 E3340.49714
G0 F9000 X101.599 Y129.766
G1 F1500 X101.275 Y130.089 E3340.51845
G0 F9000 X101.033 Y129.766
G1 F1500 X100.709 Y130.089 E3340.53975
G0 F9000 X100.467 Y129.766
G1 F1500 X100.143 Y130.089 E3340.56105
G0 F9000 X99.902 Y129.766
G1 F1500 X99.578 Y130.089 E3340.58235
G1 F1500 E3334.08235
G0 F9000 X99.578 Y130.53
G0 X99.182 Y130.458
G0 X99.182 Y129.399
G0 X120.428 Y129.045
G0 X120.71 Y93.95
G1 F1500 E3340.58235
G0 F9000 X120.99 Y93.95
G1 F1500 X120.99 Y93.209 E3340.61686
G1 X121.01 Y93.21 E3340.61779
G1 X121.01 Y93.951 E3340.6523
G1 X120.99 Y93.95 E3340.65323
G1 F1500 E3334.15323
G0 F9000 X120.71 Y93.95
G0 X120.428 Y129.045
G0 X99.572 Y129.045
G0 X99.009 Y94.23
G1 F1500 E3340.65323
G0 F9000 X99.01 Y93.951
G1 F1500 X98.99 Y93.95 E3340.65416
G1 X98.99 Y93.209 E3340.68866
G1 X99.01 Y93.21 E3340.6896
G1 X99.01 Y93.951 E3340.7241
G0 F9000 X98.928 Y94.253
;TYPE:SKIN
G1 F1500 X98.999 Y94.464 E3340.73385
G1 X98.999 Y129.536 E3342.2705
G1 X99.048 Y130.336 E3342.30562
G1 X99.204 Y130.462 E3342.3144
G1 X120.418 Y130.462 E3343.24387
G1 X120.93 Y130.233 E3343.26845
G1 X121.071 Y130.374 E3343.27718
G1 X120.992 Y129.323 E3343.32336
G1 X120.999 Y123.376 E3343.58392
G1 X120.999 Y94.526 E3344.84796
G1 X120.817 Y94.142 E3344.86658
G0 F9000 X120.8 Y94.412
G1 F1500 E3338.36658
;MESH:copri staffa L 30x30x1,8 met??.stl(2)
G0 F9000 X121.58 Y130.703
G0 X123.92 Y130.703
G0 X124.1 Y130.703
;TYPE:WALL-INNER
G1 F1500 E3344.86658
G1 X124.1 Y93.018 E3346.62135
G1 X124.1 Y92.819 E3346.63062
G1 X124.299 Y92.819 E3346.63661
G1 X124.9 Y92.82 E3346.6646
G1 X124.9 Y129.217 E3348.35939
G1 X146.1 Y129.217 E3349.34655
G1 X146.1 Y93.018 E3351.03213
G1 X146.1 Y92.819 E3351.0414
G1 X146.299 Y92.819 E3351.04739
G1 X146.9 Y92.82 E3351.07538
G1 X146.9 Y130.703 E3352.83937
G1 X124.1 Y130.703 E3353.90103
G0 F9000 X123.7 Y131.103
;TYPE:WALL-OUTER
G1 F1500 X123.7 Y92.419 E3355.70232
G1 X125.3 Y92.42 E3355.77682
G1 X125.3 Y128.817 E3357.47162
G1 X145.7 Y128.817 E3358.42153
G1 X145.7 Y92.419 E3360.11637
G1 X147.3 Y92.42 E3360.19088
G1 X147.3 Y131.103 E3361.99212
G1 X123.7 Y131.103 E3363.09103
G0 F9000 X123.97 Y130.833
G0 X124.682 Y129.399
G0 X124.819 Y129.342
;TYPE:FILL
G1 F3000 X124.179 Y128.701 E3363.13321
G0 F9000 X124.179 Y128.324
G1 F3000 X124.818 Y128.153 E3363.16401
G0 F9000 X124.682 Y129.399
G0 X124.682 Y130.458
G0 X125.797 Y130.53
G0 X125.797 Y130.319
G1 F3000 X126.099 Y130.621 E3363.1839
G0 F9000 X127.105 Y130.622
G1 F3000 X127.186 Y130.318 E3363.19855
G0 F9000 X127.186 Y130.53
G0 X133.316 Y130.622
G1 F3000 X133.398 Y130.318 E3363.21321
G0 F9000 X134.282 Y130.319
G1 F3000 X134.584 Y130.621 E3363.2331
G0 F9000 X138.785 Y130.622
G1 F3000 X139.918 Y130.318 E3363.28772
G0 F9000 X139.61 Y130.318
G1 F3000 X139.528 Y130.622 E3363.30238
G0 F9000 X142.767 Y130.53
G0 X142.767 Y130.319
G1 F3000 X143.069 Y130.621 E3363.32227
G0 F9000 X145.74 Y130.623
G1 F3000 X145.821 Y130.317 E3363.33701
G0 F9000 X145.821 Y130.53
G0 X146.318 Y130.457
G0 X146.318 Y129.505
G0 X146.18 Y128.981
G1 F3000 X146.818 Y126.597 E3363.45192
G0 F9000 X146.819 Y125.886
G1 F3000 X146.179 Y125.246 E3363.49407
G0 F9000 X146.179 Y122.429
G1 F3000 X146.818 Y122.258 E3363.52487
G0 F9000 X146.819 Y117.4
G1 F3000 X146.179 Y116.761 E3363.56698
G0 F9000 X146.179 Y116.218
G1 F3000 X146.818 Y116.046 E3363.5978
G0 F9000 X146.179 Y110.006
G1 F3000 X146.819 Y109.834 E3363.62866
G0 F9000 X146.819 Y108.915
G1 F3000 X146.179 Y108.275 E3363.6708
G0 F9000 X146.18 Y105.799
G1 F3000 X146.819 Y103.413 E3363.78582
G0 F9000 X146.818 Y103.623
G1 F3000 X146.179 Y103.794 E3363.81662
G0 F9000 X146.819 Y100.43
G1 F3000 X146.179 Y99.79 E3363.85876
G0 F9000 X146.179 Y97.583
G1 F3000 X146.818 Y97.411 E3363.88958
G1 F1500 E3357.38958
G0 F9000 X145.928 Y129.045
G0 X125.072 Y129.045
G0 X124.819 Y97.094
G1 F1500 E3363.88958
G1 F3000 X124.179 Y97.266 E3363.92044
G0 F9000 X124.819 Y95.401
G1 F3000 X124.179 Y94.76 E3363.96261
G0 F9000 X124.179 Y95.178
G1 F3000 X124.489 Y94.019 E3364.01848
G0 F9000 X124.488 Y94.23
G0 X124.179 Y103.246
G1 F3000 X124.819 Y103.886 E3364.06063
G0 F9000 X124.818 Y103.306
G1 F3000 X124.179 Y103.477 E3364.09143
G0 F9000 X124.818 Y109.518
G1 F3000 X124.18 Y109.689 E3364.12218
G0 F9000 X124.179 Y111.731
G1 F3000 X124.819 Y112.371 E3364.16433
G0 F9000 X124.819 Y115.729
G1 F3000 X124.179 Y115.901 E3364.19519
G0 F9000 X124.819 Y115.97
G1 F3000 X124.179 Y118.359 E3364.31035
G0 F9000 X124.179 Y120.216
G1 F3000 X124.819 Y120.857 E3364.35253
G0 F9000 X124.818 Y121.941
G1 F3000 X124.179 Y122.112 E3364.38333
G0 F9000 X125.072 Y129.045
G0 X145.928 Y129.045
G0 X146.179 Y128.641
G1 F3000 X146.819 Y128.469 E3364.41419
G0 F9000 X146.11 Y129.327
G0 X146.11 Y129.607
;TYPE:SKIN
G1 F1500 X146.11 Y130.249 E3364.44408
G1 X124.89 Y130.25 E3365.43218
G1 X124.89 Y129.607 E3365.46212
G1 X146.11 Y129.607 E3366.45021
G0 F9000 X145.722 Y129.766
G1 F1500 X145.399 Y130.089 E3366.47148
G0 F9000 X145.157 Y129.766
G1 F1500 X144.833 Y130.089 E3366.49278
G0 F9000 X144.591 Y129.766
G1 F1500 X144.268 Y130.089 E3366.51405
G0 F9000 X144.025 Y129.766
G1 F1500 X143.702 Y130.089 E3366.53532
G0 F9000 X143.459 Y129.766
G1 F1500 X143.136 Y130.089 E3366.55659
G0 F9000 X142.894 Y129.766
G1 F1500 X142.571 Y130.089 E3366.57786
G0 F9000 X142.328 Y129.766
G1 F1500 X142.005 Y130.089 E3366.59913
G0 F9000 X141.762 Y129.766
G1 F1500 X141.439 Y130.089 E3366.6204
G0 F9000 X141.197 Y129.766
G1 F1500 X140.874 Y130.089 E3366.64167
G0 F9000 X140.631 Y129.766
G1 F1500 X140.308 Y130.089 E3366.66294
G0 F9000 X140.065 Y129.766
G1 F1500 X139.742 Y130.089 E3366.68421
G0 F9000 X139.5 Y129.766
G1 F1500 X139.176 Y130.089 E3366.70552
G0 F9000 X138.934 Y129.766
G1 F1500 X138.611 Y130.089 E3366.72679
G0 F9000 X138.368 Y129.766
G1 F1500 X138.045 Y130.089 E3366.74806
G0 F9000 X137.803 Y129.766
G1 F1500 X137.479 Y130.089 E3366.76936
G0 F9000 X137.237 Y129.766
G1 F1500 X136.914 Y130.089 E3366.79063
G0 F9000 X136.671 Y129.766
G1 F1500 X136.348 Y130.089 E3366.8119
G0 F9000 X136.106 Y129.766
G1 F1500 X135.782 Y130.089 E3366.8332
G0 F9000 X135.54 Y129.766
G1 F1500 X135.217 Y130.089 E3366.85447
G0 F9000 X134.974 Y129.766
G1 F1500 X134.651 Y130.089 E3366.87574
G0 F9000 X134.408 Y129.766
G1 F1500 X134.085 Y130.089 E3366.89701
G0 F9000 X133.843 Y129.766
G1 F1500 X133.52 Y130.089 E3366.91828
G0 F9000 X133.277 Y129.766
G1 F1500 X132.954 Y130.089 E3366.93955
G0 F9000 X132.711 Y129.766
G1 F1500 X132.388 Y130.089 E3366.96082
G0 F9000 X132.146 Y129.766
G1 F1500 X131.823 Y130.089 E3366.98209
G0 F9000 X131.58 Y129.766
G1 F1500 X131.257 Y130.089 E3367.00336
G0 F9000 X131.014 Y129.766
G1 F1500 X130.691 Y130.089 E3367.02463
G0 F9000 X130.449 Y129.766
G1 F1500 X130.126 Y130.089 E3367.0459
G0 F9000 X129.883 Y129.766
G1 F1500 X129.56 Y130.089 E3367.06717
G0 F9000 X129.317 Y129.766
G1 F1500 X128.994 Y130.089 E3367.08844
G0 F9000 X128.752 Y129.766
G1 F1500 X128.428 Y130.089 E3367.10975
G0 F9000 X128.186 Y129.766
G1 F1500 X127.863 Y130.089 E3367.13102
G0 F9000 X127.62 Y129.766
G1 F1500 X127.297 Y130.089 E3367.15229
G0 F9000 X127.055 Y129.766
G1 F1500 X126.731 Y130.089 E3367.17359
G0 F9000 X126.489 Y129.766
G1 F1500 X126.166 Y130.089 E3367.19486
G0 F9000 X125.923 Y129.766
G1 F1500 X125.6 Y130.089 E3367.21613
G0 F9000 X125.358 Y129.766
G1 F1500 X125.05 Y130.073 E3367.23638
G1 F1500 E3360.73638
G0 F9000 X124.61 Y130.073
G0 X124.682 Y129.399
G0 X145.928 Y129.045
G0 X146.21 Y93.95
G1 F1500 E3367.23638
G0 F9000 X146.49 Y93.95
G1 F1500 X146.49 Y93.209 E3367.27088
G1 X146.51 Y93.21 E3367.27182
G1 X146.51 Y93.951 E3367.30632
G1 X146.49 Y93.95 E3367.30725
G1 F1500 E3360.80725
G0 F9000 X146.21 Y93.95
G0 X145.928 Y129.045
G0 X125.072 Y129.045
G0 X124.509 Y94.23
G1 F1500 E3367.30725
G0 F9000 X124.51 Y93.951
G1 F1500 X124.49 Y93.95 E3367.30818
G1 X124.49 Y93.209 E3367.34269
G1 X124.51 Y93.21 E3367.34362
G1 X124.51 Y93.951 E3367.37813
G0 F9000 X124.537 Y94.1
;TYPE:SKIN
G1 F1500 X124.274 Y94.362 E3367.38677
G0 F9000 X124.499 Y94.42
G1 F1500 X124.499 Y94.703 E3367.39911
G1 X124.499 Y129.493 E3368.91678
G1 X124.526 Y130.314 E3368.95262
G1 X124.668 Y130.455 E3368.96135
G1 X130.6 Y130.462 E3369.22012
G1 X146.156 Y130.462 E3369.89873
G1 X146.491 Y130.128 E3369.91937
G1 X146.498 Y123.897 E3370.19119
G1 X146.498 Y94.482 E3371.47438
G1 X146.295 Y94.12 E3371.49248
G1 F1500 E3364.99248
G0 F9000 X146.21 Y94.099
G0 X146.723 Y130.179
G0 X146.549 Y130.353
G1 F1500 E3371.49248
G1 X146.69 Y130.494 E3371.50611
G0 F9000 X146.7 Y130.461
G1 F1500 E3365.00611
;MESH:copri staffa L 30x30x1,8 met??.stl(3)
G0 F9000 X147.086 Y130.889
G0 X148.165 Y130.889
G0 X150.79 Y130.889
G0 X151.875 Y130.889
G0 X152.055 Y132.919
;TYPE:WALL-INNER
G1 F1500 E3371.50611
G1 X152.055 Y95.234 E3373.26088
G1 X152.055 Y95.035 E3373.27014
G1 X152.254 Y95.035 E3373.27614
G1 X152.855 Y95.036 E3373.30412
G1 X152.855 Y131.434 E3374.99897
G1 X174.055 Y131.434 E3375.98613
G1 X174.055 Y95.234 E3377.67175
G1 X174.055 Y95.035 E3377.68102
G1 X174.254 Y95.035 E3377.68701
G1 X174.855 Y95.036 E3377.715
G1 X174.855 Y132.919 E3379.47899
G1 X152.055 Y132.919 E3380.54065
G0 F9000 X151.655 Y133.319
;TYPE:WALL-OUTER
G1 F1500 X151.655 Y94.635 E3382.34194
G1 X153.255 Y94.636 E3382.41645
G1 X153.255 Y131.034 E3384.11129
G1 X173.655 Y131.034 E3385.0612
G1 X173.655 Y94.635 E3386.75609
G1 X175.255 Y94.636 E3386.83059
G1 X175.255 Y133.319 E3388.63183
G1 X151.655 Y133.319 E3389.73075
G0 F9000 X151.925 Y133.049
G0 X152.637 Y131.616
G0 X152.774 Y131.558
;TYPE:FILL
G1 F3000 X152.134 Y130.917 E3389.77293
G0 F9000 X152.134 Y130.54
G1 F3000 X152.773 Y130.369 E3389.80373
G0 F9000 X152.637 Y131.616
G0 X152.637 Y132.674
G0 X153.751 Y132.746
G0 X153.751 Y132.535
G1 F3000 X154.054 Y132.838 E3389.82368
G0 F9000 X155.06 Y132.838
G1 F3000 X155.141 Y132.534 E3389.83833
G0 F9000 X155.141 Y132.746
G0 X161.272 Y132.838
G1 F3000 X161.353 Y132.534 E3389.85298
G0 F9000 X162.237 Y132.535
G1 F3000 X162.539 Y132.838 E3389.8729
G0 F9000 X166.74 Y132.838
G1 F3000 X167.873 Y132.535 E3389.92751
G0 F9000 X167.565 Y132.534
G1 F3000 X167.483 Y132.839 E3389.94222
G0 F9000 X170.722 Y132.746
G0 X170.722 Y132.535
G1 F3000 X171.025 Y132.838 E3389.96217
G0 F9000 X173.695 Y132.839
G1 F3000 X173.777 Y132.533 E3389.97692
G0 F9000 X173.777 Y132.746
G0 X174.273 Y132.673
G0 X174.273 Y131.722
G0 X174.135 Y131.196
G1 F3000 X174.774 Y128.813 E3390.0918
G0 F9000 X174.774 Y128.102
G1 F3000 X174.134 Y127.462 E3390.13395
G0 F9000 X174.134 Y124.645
G1 F3000 X174.773 Y124.474 E3390.16475
G0 F9000 X174.774 Y119.617
G1 F3000 X174.134 Y118.977 E3390.2069
G0 F9000 X174.134 Y118.434
G1 F3000 X174.773 Y118.262 E3390.23771
G0 F9000 X174.134 Y112.222
G1 F3000 X174.773 Y112.051 E3390.26851
G0 F9000 X174.774 Y111.131
G1 F3000 X174.134 Y110.491 E3390.31066
G0 F9000 X174.135 Y108.015
G1 F3000 X174.774 Y105.629 E3390.42567
G0 F9000 X174.773 Y105.839
G1 F3000 X174.134 Y106.011 E3390.45649
G0 F9000 X174.774 Y102.646
G1 F3000 X174.134 Y102.006 E3390.49863
G0 F9000 X174.134 Y99.799
G1 F3000 X174.773 Y99.627 E3390.52945
G1 F1500 E3384.02945
G0 F9000 X173.883 Y131.262
G0 X153.027 Y131.262
G0 X152.774 Y99.311
G1 F1500 E3390.52945
G1 F3000 X152.134 Y99.482 E3390.56029
G0 F9000 X152.774 Y97.617
G1 F3000 X152.134 Y96.976 E3390.60247
G0 F9000 X152.134 Y97.393
G1 F3000 X152.444 Y96.235 E3390.65829
G0 F9000 X152.443 Y96.446
G0 X152.134 Y105.462
G1 F3000 X152.774 Y106.102 E3390.70044
G0 F9000 X152.773 Y105.522
G1 F3000 X152.134 Y105.694 E3390.73125
G0 F9000 X152.773 Y111.734
G1 F3000 X152.135 Y111.905 E3390.76201
G0 F9000 X152.134 Y113.947
G1 F3000 X152.774 Y114.588 E3390.80418
G0 F9000 X152.774 Y117.946
G1 F3000 X152.134 Y118.117 E3390.83503
G0 F9000 X152.774 Y118.186
G1 F3000 X152.134 Y120.574 E3390.95015
G0 F9000 X152.134 Y122.432
G1 F3000 X152.774 Y123.073 E3390.99233
G0 F9000 X152.774 Y124.157
G1 F3000 X152.134 Y124.329 E3391.02319
G0 F9000 X153.027 Y131.262
G0 X173.883 Y131.262
G0 X174.134 Y130.857
G1 F3000 X174.774 Y130.686 E3391.05403
G0 F9000 X174.065 Y131.544
G0 X174.065 Y131.824
;TYPE:SKIN
G1 F1500 X174.065 Y132.465 E3391.08388
G1 X152.845 Y132.466 E3392.07197
G1 X152.845 Y131.824 E3392.10187
G1 X174.065 Y131.824 E3393.08996
G0 F9000 X173.904 Y132.131
G1 F1500 X173.729 Y132.306 E3393.10148
G0 F9000 X173.486 Y131.983
G1 F1500 X173.164 Y132.306 E3393.12272
G0 F9000 X172.92 Y131.983
G1 F1500 X172.598 Y132.306 E3393.14396
G0 F9000 X172.355 Y131.983
G1 F1500 X172.032 Y132.306 E3393.16523
G0 F9000 X171.789 Y131.983
G1 F1500 X171.467 Y132.306 E3393.18646
G0 F9000 X171.223 Y131.983
G1 F1500 X170.901 Y132.306 E3393.2077
G0 F9000 X170.658 Y131.983
G1 F1500 X170.335 Y132.306 E3393.22897
G0 F9000 X170.092 Y131.983
G1 F1500 X169.769 Y132.306 E3393.25024
G0 F9000 X169.526 Y131.983
G1 F1500 X169.204 Y132.306 E3393.27148
G0 F9000 X168.961 Y131.983
G1 F1500 X168.638 Y132.306 E3393.29275
G0 F9000 X168.395 Y131.983
G1 F1500 X168.072 Y132.306 E3393.31402
G0 F9000 X167.829 Y131.983
G1 F1500 X167.507 Y132.306 E3393.33526
G0 F9000 X167.263 Y131.983
G1 F1500 X166.941 Y132.306 E3393.35649
G0 F9000 X166.698 Y131.983
G1 F1500 X166.375 Y132.306 E3393.37776
G0 F9000 X166.132 Y131.983
G1 F1500 X165.81 Y132.306 E3393.399
G0 F9000 X165.566 Y131.983
G1 F1500 X165.244 Y132.306 E3393.42024
G0 F9000 X165.001 Y131.983
G1 F1500 X164.678 Y132.306 E3393.44151
G0 F9000 X164.435 Y131.983
G1 F1500 X164.113 Y132.306 E3393.46275
G0 F9000 X163.869 Y131.983
G1 F1500 X163.547 Y132.306 E3393.48398
G0 F9000 X163.304 Y131.983
G1 F1500 X162.981 Y132.306 E3393.50525
G0 F9000 X162.738 Y131.983
G1 F1500 X162.416 Y132.306 E3393.52649
G0 F9000 X162.172 Y131.983
G1 F1500 X161.85 Y132.306 E3393.54773
G0 F9000 X161.607 Y131.983
G1 F1500 X161.284 Y132.306 E3393.569
G0 F9000 X161.041 Y131.983
G1 F1500 X160.719 Y132.306 E3393.59023
G0 F9000 X160.475 Y131.983
G1 F1500 X160.153 Y132.306 E3393.61147
G0 F9000 X159.91 Y131.983
G1 F1500 X159.587 Y132.306 E3393.63274
G0 F9000 X159.344 Y131.983
G1 F1500 X159.021 Y132.306 E3393.65401
G0 F9000 X158.778 Y131.983
G1 F1500 X158.456 Y132.306 E3393.67525
G0 F9000 X158.213 Y131.983
G1 F1500 X157.89 Y132.306 E3393.69652
G0 F9000 X157.647 Y131.983
G1 F1500 X157.324 Y132.306 E3393.71779
G0 F9000 X157.081 Y131.983
G1 F1500 X156.759 Y132.306 E3393.73903
G0 F9000 X156.515 Y131.983
G1 F1500 X156.193 Y132.306 E3393.76026
G0 F9000 X155.95 Y131.983
G1 F1500 X155.627 Y132.306 E3393.78153
G0 F9000 X155.384 Y131.983
G1 F1500 X155.062 Y132.306 E3393.80277
G0 F9000 X154.818 Y131.983
G1 F1500 X154.496 Y132.306 E3393.82401
G0 F9000 X154.253 Y131.983
G1 F1500 X153.93 Y132.306 E3393.84528
G0 F9000 X153.687 Y131.983
G1 F1500 X153.365 Y132.306 E3393.86652
G0 F9000 X153.121 Y131.983
G1 F1500 X153.004 Y132.1 E3393.87422
G1 F1500 E3387.37422
G0 F9000 X152.565 Y132.1
G0 X152.637 Y131.616
G0 X173.883 Y131.262
G0 X174.165 Y96.166
G1 F1500 E3393.87422
G0 F9000 X174.445 Y96.166
G1 F1500 X174.445 Y95.425 E3393.90872
G1 X174.465 Y95.426 E3393.90966
G1 X174.465 Y96.167 E3393.94416
G1 X174.445 Y96.166 E3393.94509
G1 F1500 E3387.44509
G0 F9000 X174.165 Y96.166
G0 X173.883 Y131.262
G0 X153.027 Y131.262
G0 X152.464 Y96.446
G1 F1500 E3393.94509
G0 F9000 X152.465 Y96.167
G1 F1500 X152.445 Y96.166 E3393.94603
G1 X152.445 Y95.425 E3393.98053
G1 X152.465 Y95.426 E3393.98146
G1 X152.465 Y96.167 E3394.01597
G0 F9000 X152.407 Y96.494
;TYPE:SKIN
G1 F1500 X152.454 Y96.729 E3394.02651
G1 X152.454 Y131.802 E3395.56954
G1 X152.527 Y132.577 E3395.60379
G1 X152.99 Y132.679 E3395.62465
G1 X173.921 Y132.679 E3396.5455
G1 X174.409 Y132.474 E3396.56879
G1 X174.453 Y130.732 E3396.64545
G1 X174.453 Y96.791 E3398.13868
G1 X174.296 Y96.383 E3398.15792
G1 F1500 E3391.65792
G0 F9000 X174.363 Y96.446
G0 X173.883 Y131.262
G0 X153.027 Y131.262
G0 X152.302 Y96.446
G1 F1500 E3398.15792
G0 F9000 X152.303 Y96.315
G1 F1500 X152.229 Y96.389 E3398.16035
G1 F1500 E3391.66035
G0 F9000 X152.195 Y96.416
G0 X153.027 Y131.262
G0 X174.273 Y131.616
G0 X174.679 Y132.487
G1 F1500 E3398.16035
G1 X174.422 Y132.744 E3398.16881
G0 F9000 X174.527 Y132.719
G1 F1500 E3391.66881
;MESH:NONMESH
G0 F300 X174.527 Y132.719 Z4.2
G0 F9000 X174.273 Y131.616
G0 X153.027 Y131.262
G0 X151.875 Y130.848
G0 X150.79 Y130.848
G0 X148.153 Y131.956
G0 X97.347 Y131.956
G0 X94.766 Y130.848
G0 X93.681 Y130.848
G1 F1500 E3398.16881
G0 F9000 X93.501 Y130.961
;TIME_ELAPSED:3798.266981
;LAYER:14
;TYPE:WALL-INNER
;MESH:copri staffa L 30x30x1,8 met??.stl(1)
G1 F1500 X70.701 Y130.961 E3399.23048
G1 X70.701 Y92.783 E3401.00821
G1 X70.701 Y92.584 E3401.01747
G1 X70.9 Y92.584 E3401.02347
G1 X71.501 Y92.585 E3401.05145
G1 X71.501 Y129.541 E3402.77228
G1 X92.701 Y129.541 E3403.75944
G1 X92.701 Y92.783 E3405.47105
G1 X92.701 Y92.584 E3405.48031
G1 X92.9 Y92.584 E3405.48631
G1 X93.501 Y92.585 E3405.51429
G1 X93.501 Y130.961 E3407.30124
G0 F9000 X93.901 Y131.361
;TYPE:WALL-OUTER
G1 F1500 X70.301 Y131.361 E3408.40015
G1 X70.301 Y92.184 E3410.2244
G1 X71.901 Y92.185 E3410.2989
G1 X71.901 Y129.141 E3412.01973
G1 X92.301 Y129.141 E3412.96964
G1 X92.301 Y92.184 E3414.69051
G1 X93.901 Y92.185 E3414.76501
G1 X93.901 Y131.361 E3416.58921
G0 F9000 X93.631 Y131.091
G0 X92.078 Y130.881
;TYPE:FILL
G1 F3000 X92.416 Y129.619 E3416.65005
G0 F9000 X92.78 Y128.891
G1 F3000 X93.42 Y128.72 E3416.68089
G0 F9000 X92.78 Y128.263
G1 F3000 X93.42 Y125.874 E3416.79606
G0 F9000 X93.42 Y125.65
G1 F3000 X92.78 Y125.01 E3416.8382
G0 F9000 X92.781 Y122.679
G1 F3000 X93.419 Y122.508 E3416.86896
G0 F9000 X93.42 Y117.165
G1 F3000 X92.78 Y116.525 E3416.91111
G0 F9000 X92.781 Y116.467
G1 F3000 X93.42 Y116.296 E3416.94191
G0 F9000 X92.78 Y110.256
G1 F3000 X93.42 Y110.085 E3416.97275
G0 F9000 X93.42 Y108.68
G1 F3000 X92.78 Y108.04 E3417.0149
G0 F9000 X92.78 Y105.08
G1 F3000 X93.42 Y102.692 E3417.13002
G0 F9000 X93.42 Y103.873
G1 F3000 X92.781 Y104.044 E3417.16082
G0 F9000 X93.42 Y100.194
G1 F3000 X92.78 Y99.554 E3417.20296
G0 F9000 X92.781 Y97.832
G1 F3000 X93.419 Y97.661 E3417.23372
G1 F1500 E3410.73372
G0 F9000 X92.529 Y129.369
G0 X71.673 Y129.369
G0 X71.419 Y97.345
G1 F1500 E3417.23372
G1 F3000 X70.78 Y97.516 E3417.26452
G0 F9000 X71.421 Y95.165
G1 F3000 X70.78 Y94.525 E3417.3067
G0 F9000 X70.78 Y94.455
G1 F3000 X70.96 Y93.783 E3417.33909
G0 F9000 X70.811 Y93.783
G0 X70.78 Y103.01
G1 F3000 X71.421 Y103.651 E3417.38131
G0 F9000 X71.42 Y103.556
G1 F3000 X70.78 Y103.728 E3417.41216
G0 F9000 X71.419 Y109.768
G1 F3000 X70.78 Y109.939 E3417.44297
G0 F9000 X70.78 Y111.495
G1 F3000 X71.421 Y112.136 E3417.48518
G0 F9000 X71.42 Y115.252
G1 F3000 X70.78 Y117.638 E3417.60021
G0 F9000 X70.78 Y116.151
G1 F3000 X71.42 Y115.979 E3417.63106
G0 F9000 X70.78 Y119.981
G1 F3000 X71.421 Y120.621 E3417.67324
G0 F9000 X71.42 Y122.191
G1 F3000 X70.78 Y122.363 E3417.7041
G0 F9000 X71.42 Y128.403
G1 F3000 X70.78 Y128.574 E3417.73495
G0 F9000 X70.78 Y128.466
G1 F3000 X71.421 Y129.107 E3417.77716
G0 F9000 X71.934 Y129.62
G1 F3000 X73.194 Y130.88 E3417.86013
G0 F9000 X73.444 Y130.88
G1 F3000 X73.781 Y129.619 E3417.92091
G0 F9000 X79.655 Y130.881
G1 F3000 X79.993 Y129.619 E3417.98175
G0 F9000 X80.419 Y129.62
G1 F3000 X81.68 Y130.88 E3418.06475
G0 F9000 X85.356 Y130.88
G1 F3000 X90.06 Y129.62 E3418.29151
G0 F9000 X88.905 Y129.62
G1 F3000 X90.165 Y130.88 E3418.37448
G0 F9000 X86.205 Y129.619
G1 F3000 X85.867 Y130.88 E3418.43527
G1 F1500 E3411.93527
G0 F9000 X92.529 Y129.369
G0 X92.811 Y93.715
G1 F1500 E3418.43527
G0 F9000 X93.091 Y93.715
;TYPE:SKIN
G1 F1500 X93.091 Y92.974 E3418.46978
G1 X93.111 Y92.975 E3418.47071
G1 X93.111 Y93.716 E3418.50521
G1 X93.091 Y93.715 E3418.50615
G1 F1500 E3412.00615
G0 F9000 X92.811 Y93.715
G0 X92.529 Y129.369
G0 X71.673 Y129.369
G0 X71.11 Y93.995
G1 F1500 E3418.50615
G0 F9000 X71.111 Y93.716
G1 F1500 X71.091 Y93.715 E3418.50708
G1 X71.091 Y92.974 E3418.54158
G1 X71.111 Y92.975 E3418.54252
G1 X71.111 Y93.716 E3418.57702
G0 F9000 X71.282 Y93.909
;TYPE:SKIN
G1 F1500 X71.14 Y94.05 E3418.5875
G1 X71.1 Y95.425 E3418.65957
G1 X71.1 Y129.366 E3420.43767
G1 X70.911 Y129.743 E3420.45976
G0 F9000 X70.948 Y129.78
G0 X92.875 Y129.645
G0 X92.942 Y129.712
G1 F1500 X93.084 Y129.571 E3420.4703
G1 X93.1 Y125.627 E3420.67793
G1 X93.1 Y94.232 E3422.33076
G1 X93.171 Y94.019 E3422.34258
G0 F9000 X93.014 Y94.295
G1 F1500 E3415.84258
;MESH:copri staffa L 30x30x1,8 met??.stl
G0 F9000 X93.681 Y129.497
G0 X94.766 Y129.497
G0 X97.335 Y129.497
G0 X98.42 Y129.497
G0 X99.4 Y129.497
;TYPE:WALL-INNER
G1 F1500 E3422.34258
G1 X120.6 Y129.497 E3423.32974
G1 X120.6 Y92.738 E3425.0414
G1 X120.6 Y92.539 E3425.05066
G1 X120.799 Y92.539 E3425.05666
G1 X121.4 Y92.54 E3425.08464
G1 X121.4 Y130.916 E3426.87159
G1 X98.6 Y130.916 E3427.93325
G1 X98.6 Y92.738 E3429.71098
G1 X98.6 Y92.539 E3429.72025
G1 X98.799 Y92.539 E3429.72624
G1 X99.4 Y92.54 E3429.75423
G1 X99.4 Y129.497 E3431.4751
G0 F9000 X99.8 Y129.097
;TYPE:WALL-OUTER
G1 F1500 X120.2 Y129.097 E3432.42501
G1 X120.2 Y92.139 E3434.14593
G1 X121.8 Y92.14 E3434.22043
G1 X121.8 Y131.316 E3436.04463
G1 X98.2 Y131.316 E3437.14355
G1 X98.2 Y92.139 E3438.96779
G1 X99.8 Y92.14 E3439.04229
G1 X99.8 Y129.097 E3440.76317
G0 F9000 X99.834 Y129.576
;TYPE:FILL
G1 F3000 X101.092 Y130.835 E3440.84604
G0 F9000 X101.342 Y130.835
G1 F3000 X101.679 Y129.575 E3440.90678
G0 F9000 X99.572 Y129.325
G0 X99.32 Y129.062
G1 F3000 X98.679 Y128.421 E3440.94899
G0 F9000 X98.679 Y128.529
G1 F3000 X99.318 Y128.358 E3440.97979
G0 F9000 X98.679 Y122.317
G1 F3000 X99.319 Y122.146 E3441.01063
G0 F9000 X99.32 Y120.577
G1 F3000 X98.679 Y119.936 E3441.05284
G0 F9000 X98.679 Y117.59
G1 F3000 X99.319 Y115.203 E3441.16792
G0 F9000 X99.318 Y115.934
G1 F3000 X98.679 Y116.105 E3441.19872
G0 F9000 X99.32 Y112.091
G1 F3000 X98.679 Y111.451 E3441.2409
G0 F9000 X98.679 Y109.894
G1 F3000 X99.318 Y109.723 E3441.2717
G0 F9000 X98.679 Y103.682
G1 F3000 X99.318 Y103.511 E3441.3025
G0 F9000 X99.319 Y103.605
G1 F3000 X98.679 Y102.966 E3441.34461
G0 F9000 X98.679 Y97.471
G1 F3000 X99.318 Y97.299 E3441.37543
G0 F9000 X99.319 Y95.12
G1 F3000 X98.679 Y94.48 E3441.41757
G0 F9000 X98.68 Y94.407
G1 F3000 X98.859 Y93.738 E3441.44982
G1 F1500 E3434.94982
G0 F9000 X98.71 Y93.738
G0 X99.572 Y129.325
G0 X120.428 Y129.325
G0 X120.68 Y97.787
G1 F1500 E3441.44982
G1 F3000 X121.318 Y97.616 E3441.48058
G0 F9000 X120.679 Y99.509
G1 F3000 X121.32 Y100.151 E3441.52282
G0 F9000 X121.319 Y102.643
G1 F3000 X120.679 Y105.033 E3441.63803
G0 F9000 X120.68 Y103.999
G1 F3000 X121.319 Y103.828 E3441.66883
G0 F9000 X120.679 Y107.995
G1 F3000 X121.32 Y108.636 E3441.71104
G0 F9000 X121.319 Y110.039
G1 F3000 X120.679 Y110.211 E3441.7419
G0 F9000 X121.318 Y116.251
G1 F3000 X120.679 Y116.422 E3441.7727
G0 F9000 X120.679 Y116.48
G1 F3000 X121.32 Y117.121 E3441.81491
G0 F9000 X121.318 Y122.463
G1 F3000 X120.679 Y122.634 E3441.84571
G0 F9000 X120.679 Y124.965
G1 F3000 X121.32 Y125.606 E3441.88793
G0 F9000 X121.319 Y125.827
G1 F3000 X120.679 Y128.215 E3442.00305
G0 F9000 X120.679 Y128.846
G1 F3000 X121.319 Y128.674 E3442.0339
G0 F9000 X120.314 Y129.575
G1 F3000 X119.977 Y130.835 E3442.09464
G0 F9000 X118.063 Y130.835
G1 F3000 X116.804 Y129.576 E3442.17754
G0 F9000 X117.952 Y129.576
G1 F3000 X113.254 Y130.835 E3442.40402
G0 F9000 X113.765 Y130.835
G1 F3000 X114.103 Y129.575 E3442.46477
G0 F9000 X109.578 Y130.835
G1 F3000 X108.319 Y129.576 E3442.54767
G0 F9000 X107.891 Y129.575
G1 F3000 X107.554 Y130.835 E3442.60841
G1 F1500 E3436.10841
G0 F9000 X99.572 Y129.325
G0 X99.009 Y93.95
G1 F1500 E3442.60841
G0 F9000 X99.01 Y93.671
;TYPE:SKIN
G1 F1500 X98.99 Y93.67 E3442.60934
G1 X98.99 Y92.929 E3442.64384
G1 X99.01 Y92.93 E3442.64478
G1 X99.01 Y93.671 E3442.67928
G1 F1500 E3436.17928
G0 F9000 X99.009 Y93.95
G0 X99.572 Y129.325
G0 X120.428 Y129.325
G0 X120.71 Y93.67
G1 F1500 E3442.67928
G0 F9000 X120.99 Y93.67
G1 F1500 X120.99 Y92.929 E3442.71378
G1 X121.01 Y92.93 E3442.71472
G1 X121.01 Y93.671 E3442.74922
G1 X120.99 Y93.67 E3442.75015
G0 F9000 X120.973 Y93.82
;TYPE:SKIN
G1 F1500 X121.224 Y94.072 E3442.75843
G0 F9000 X120.999 Y94.129
G1 F1500 X120.999 Y94.412 E3442.77332
G1 X120.999 Y129.484 E3444.61824
G1 X120.87 Y129.638 E3444.62881
G0 F9000 X120.774 Y129.542
G0 X99.224 Y129.488
G0 X98.999 Y129.263
G1 F1500 X98.999 Y128.98 E3444.64377
G1 X98.999 Y94.191 E3446.48376
G1 X99.209 Y93.835 E3446.50562
G1 F1500 E3440.00562
G0 F9000 X99.29 Y93.821
G0 X98.774 Y129.321
G0 X98.981 Y129.528
G1 F1500 E3446.50562
G1 X98.84 Y129.67 E3446.5236
G0 F9000 X98.8 Y129.604
G1 F1500 E3440.0236
;MESH:copri staffa L 30x30x1,8 met??.stl(2)
G0 F9000 X121.58 Y129.497
G0 X123.92 Y129.497
G0 X124.9 Y129.497
;TYPE:WALL-INNER
G1 F1500 E3446.5236
G1 X146.1 Y129.497 E3447.51076
G1 X146.1 Y92.738 E3449.22242
G1 X146.1 Y92.539 E3449.23168
G1 X146.299 Y92.539 E3449.23768
G1 X146.9 Y92.54 E3449.26566
G1 X146.9 Y130.916 E3451.05261
G1 X124.1 Y130.916 E3452.11427
G1 X124.1 Y92.738 E3453.892
G1 X124.1 Y92.539 E3453.90127
G1 X124.299 Y92.539 E3453.90726
G1 X124.9 Y92.54 E3453.93525
G1 X124.9 Y129.497 E3455.65612
G0 F9000 X125.3 Y129.097
;TYPE:WALL-OUTER
G1 F1500 X145.7 Y129.097 E3456.60603
G1 X145.7 Y92.139 E3458.32695
G1 X147.3 Y92.14 E3458.40145
G1 X147.3 Y131.316 E3460.22565
G1 X123.7 Y131.316 E3461.32457
G1 X123.7 Y92.139 E3463.14881
G1 X125.3 Y92.14 E3463.22331
G1 X125.3 Y129.097 E3464.94419
G0 F9000 X125.333 Y129.576
;TYPE:FILL
G1 F3000 X126.592 Y130.835 E3465.02709
G0 F9000 X126.843 Y130.835
G1 F3000 X127.181 Y129.575 E3465.08784
G0 F9000 X125.072 Y129.325
G0 X124.819 Y129.062
G1 F3000 X124.179 Y128.421 E3465.13002
G0 F9000 X124.179 Y128.529
G1 F3000 X124.818 Y128.358 E3465.16082
G0 F9000 X124.179 Y122.317
G1 F3000 X124.818 Y122.146 E3465.19162
G0 F9000 X124.819 Y120.577
G1 F3000 X124.179 Y119.936 E3465.2338
G0 F9000 X124.179 Y117.594
G1 F3000 X124.819 Y115.207 E3465.34887
G0 F9000 X124.818 Y115.935
G1 F3000 X124.179 Y116.106 E3465.37968
G0 F9000 X124.819 Y112.091
G1 F3000 X124.179 Y111.451 E3465.42182
G0 F9000 X124.179 Y109.894
G1 F3000 X124.818 Y109.723 E3465.45262
G0 F9000 X124.179 Y103.682
G1 F3000 X124.818 Y103.511 E3465.48342
G0 F9000 X124.819 Y103.606
G1 F3000 X124.179 Y102.966 E3465.52557
G0 F9000 X124.179 Y97.471
G1 F3000 X124.818 Y97.3 E3465.55637
G0 F9000 X124.819 Y95.121
G1 F3000 X124.179 Y94.48 E3465.59855
G0 F9000 X124.179 Y94.411
G1 F3000 X124.36 Y93.738 E3465.631
G1 F1500 E3459.131
G0 F9000 X124.21 Y93.738
G0 X125.072 Y129.325
G0 X145.928 Y129.325
G0 X146.18 Y97.787
G1 F1500 E3465.631
G1 F3000 X146.818 Y97.616 E3465.66176
G0 F9000 X146.179 Y99.51
G1 F3000 X146.819 Y100.15 E3465.7039
G0 F9000 X146.819 Y102.647
G1 F3000 X146.179 Y105.035 E3465.81902
G0 F9000 X146.18 Y103.999
G1 F3000 X146.819 Y103.828 E3465.84982
G0 F9000 X146.179 Y107.995
G1 F3000 X146.819 Y108.635 E3465.89197
G0 F9000 X146.819 Y110.039
G1 F3000 X146.179 Y110.211 E3465.92283
G0 F9000 X146.818 Y116.251
G1 F3000 X146.18 Y116.422 E3465.95358
G0 F9000 X146.179 Y116.48
G1 F3000 X146.819 Y117.12 E3465.99573
G0 F9000 X146.818 Y122.463
G1 F3000 X146.18 Y122.634 E3466.02648
G0 F9000 X146.179 Y124.966
G1 F3000 X146.819 Y125.606 E3466.06863
G0 F9000 X146.819 Y125.829
G1 F3000 X146.18 Y128.216 E3466.18369
G0 F9000 X146.179 Y128.846
G1 F3000 X146.819 Y128.674 E3466.21455
G0 F9000 X145.815 Y129.576
G1 F3000 X145.478 Y130.836 E3466.27528
G0 F9000 X143.563 Y130.835
G1 F3000 X142.304 Y129.576 E3466.35819
G0 F9000 X143.455 Y129.576
G1 F3000 X138.754 Y130.835 E3466.5848
G0 F9000 X139.266 Y130.835
G1 F3000 X139.604 Y129.575 E3466.64555
G0 F9000 X135.077 Y130.835
G1 F3000 X133.819 Y129.576 E3466.72842
G0 F9000 X133.392 Y129.575
G1 F3000 X133.054 Y130.836 E3466.78921
G1 F1500 E3460.28921
G0 F9000 X125.072 Y129.325
G0 X124.509 Y93.95
G1 F1500 E3466.78921
G0 F9000 X124.51 Y93.671
;TYPE:SKIN
G1 F1500 X124.49 Y93.67 E3466.79014
G1 X124.49 Y92.929 E3466.82465
G1 X124.51 Y92.93 E3466.82558
G1 X124.51 Y93.671 E3466.86009
G1 F1500 E3460.36009
G0 F9000 X124.509 Y93.95
G0 X125.072 Y129.325
G0 X145.928 Y129.325
G0 X146.21 Y93.67
G1 F1500 E3466.86009
G0 F9000 X146.49 Y93.67
G1 F1500 X146.49 Y92.929 E3466.89459
G1 X146.51 Y92.93 E3466.89552
G1 X146.51 Y93.671 E3466.93003
G1 X146.49 Y93.67 E3466.93096
G0 F9000 X146.576 Y93.967
;TYPE:SKIN
G1 F1500 X146.499 Y94.173 E3466.94257
G1 X146.499 Y129.245 E3468.795
G1 X146.349 Y129.661 E3468.81835
G0 F9000 X146.274 Y129.586
G0 X124.724 Y129.532
G0 X124.499 Y129.307
G1 F1500 X124.499 Y129.024 E3468.83334
G1 X124.499 Y94.234 E3470.67538
G1 X124.687 Y93.857 E3470.69769
G1 F1500 E3464.19769
G0 F9000 X124.649 Y93.95
G0 X124.274 Y129.365
G0 X124.459 Y129.55
G1 F1500 E3470.69769
G1 X124.318 Y129.692 E3470.71278
G0 F9000 X124.3 Y129.648
G1 F1500 E3464.21278
;MESH:copri staffa L 30x30x1,8 met??.stl(3)
G0 F9000 X147.086 Y131.102
G0 X148.165 Y131.102
G0 X150.79 Y131.102
G0 X151.875 Y131.102
G0 X152.055 Y133.132
;TYPE:WALL-INNER
G1 F1500 E3470.71278
G1 X152.055 Y94.954 E3472.49051
G1 X152.055 Y94.755 E3472.49978
G1 X152.254 Y94.755 E3472.50577
G1 X152.855 Y94.756 E3472.53376
G1 X152.855 Y131.713 E3474.25463
G1 X174.055 Y131.713 E3475.24179
G1 X174.055 Y94.954 E3476.95344
G1 X174.055 Y94.755 E3476.96271
G1 X174.254 Y94.755 E3476.9687
G1 X174.855 Y94.756 E3476.99669
G1 X174.855 Y133.132 E3478.78364
G1 X152.055 Y133.132 E3479.8453
G0 F9000 X151.655 Y133.532
;TYPE:WALL-OUTER
G1 F1500 X151.655 Y94.355 E3481.66955
G1 X153.255 Y94.356 E3481.74405
G1 X153.255 Y131.313 E3483.46492
G1 X173.655 Y131.313 E3484.41483
G1 X173.655 Y94.355 E3486.13575
G1 X175.255 Y94.356 E3486.21025
G1 X175.255 Y133.532 E3488.03445
G1 X151.655 Y133.532 E3489.13337
G0 F9000 X151.925 Y133.262
G0 X153.288 Y131.792
;TYPE:FILL
G1 F3000 X154.548 Y133.052 E3489.21634
G0 F9000 X154.798 Y133.051
G1 F3000 X155.135 Y131.791 E3489.27707
G0 F9000 X153.027 Y131.541
G0 X152.774 Y131.278
G1 F3000 X152.134 Y130.637 E3489.31925
G0 F9000 X152.134 Y130.745
G1 F3000 X152.773 Y130.574 E3489.35005
G0 F9000 X152.134 Y124.534
G1 F3000 X152.774 Y124.362 E3489.38091
G0 F9000 X152.774 Y122.793
G1 F3000 X152.134 Y122.152 E3489.42309
G0 F9000 X152.134 Y119.809
G1 F3000 X152.774 Y117.423 E3489.53812
G0 F9000 X152.773 Y118.151
G1 F3000 X152.134 Y118.322 E3489.56892
G0 F9000 X152.774 Y114.308
G1 F3000 X152.134 Y113.667 E3489.6111
G0 F9000 X152.134 Y112.11
G1 F3000 X152.773 Y111.939 E3489.6419
G0 F9000 X152.134 Y105.899
G1 F3000 X152.774 Y105.727 E3489.67276
G0 F9000 X152.774 Y105.822
G1 F3000 X152.134 Y105.182 E3489.7149
G0 F9000 X152.134 Y99.687
G1 F3000 X152.773 Y99.516 E3489.7457
G0 F9000 X152.774 Y97.337
G1 F3000 X152.134 Y96.696 E3489.78788
G0 F9000 X152.134 Y96.626
G1 F3000 X152.315 Y95.954 E3489.82029
G1 F1500 E3483.32029
G0 F9000 X152.165 Y95.954
G0 X153.027 Y131.541
G0 X173.883 Y131.541
G0 X174.134 Y100.004
G1 F1500 E3489.82029
G1 F3000 X174.773 Y99.832 E3489.8511
G0 F9000 X174.134 Y101.726
G1 F3000 X174.774 Y102.366 E3489.89325
G0 F9000 X174.774 Y104.863
G1 F3000 X174.134 Y107.25 E3490.00832
G0 F9000 X174.135 Y106.215
G1 F3000 X174.774 Y106.044 E3490.03912
G0 F9000 X174.134 Y110.211
G1 F3000 X174.774 Y110.851 E3490.08127
G0 F9000 X174.774 Y112.256
G1 F3000 X174.134 Y112.427 E3490.11211
G0 F9000 X174.774 Y118.467
G1 F3000 X174.134 Y118.639 E3490.14297
G0 F9000 X174.134 Y118.697
G1 F3000 X174.774 Y119.336 E3490.18509
G0 F9000 X174.773 Y124.679
G1 F3000 X174.134 Y124.85 E3490.21589
G0 F9000 X174.134 Y127.182
G1 F3000 X174.774 Y127.822 E3490.25803
G0 F9000 X174.774 Y128.045
G1 F3000 X174.135 Y130.431 E3490.37305
G0 F9000 X174.133 Y131.062
G1 F3000 X174.774 Y130.891 E3490.40394
G0 F9000 X173.77 Y131.791
G1 F3000 X173.433 Y133.052 E3490.46472
G0 F9000 X171.518 Y133.052
G1 F3000 X170.259 Y131.792 E3490.54766
G0 F9000 X171.41 Y131.792
G1 F3000 X166.71 Y133.051 E3490.77423
G0 F9000 X167.221 Y133.051
G1 F3000 X167.559 Y131.792 E3490.83493
G0 F9000 X163.033 Y133.052
G1 F3000 X161.774 Y131.792 E3490.91787
G0 F9000 X161.347 Y131.791
G1 F3000 X161.009 Y133.052 E3490.97866
G1 F1500 E3484.47866
G0 F9000 X153.027 Y131.541
G0 X152.464 Y96.166
G1 F1500 E3490.97866
G0 F9000 X152.465 Y95.887
;TYPE:SKIN
G1 F1500 X152.445 Y95.886 E3490.97959
G1 X152.445 Y95.145 E3491.01409
G1 X152.465 Y95.146 E3491.01503
G1 X152.465 Y95.887 E3491.04953
G1 F1500 E3484.54953
G0 F9000 X152.464 Y96.166
G0 X153.027 Y131.541
G0 X173.883 Y131.541
G0 X174.165 Y95.886
G1 F1500 E3491.04953
G0 F9000 X174.445 Y95.886
G1 F1500 X174.445 Y95.145 E3491.08403
G1 X174.465 Y95.146 E3491.08497
G1 X174.465 Y95.887 E3491.11947
G1 X174.445 Y95.886 E3491.1204
G0 F9000 X174.531 Y96.183
;TYPE:SKIN
G1 F1500 X174.453 Y96.389 E3491.13205
G1 X174.453 Y131.461 E3492.98594
G1 X174.303 Y131.877 E3493.00932
G0 F9000 X174.228 Y131.802
G0 X152.679 Y131.748
G0 X152.454 Y131.523
G1 F1500 X152.414 Y131.766 E3493.02205
G1 X152.273 Y131.908 E3493.0324
G1 X152.454 Y130.958 E3493.0824
G1 X152.454 Y96.451 E3494.86652
G1 X152.642 Y96.073 E3494.88835
G0 F9000 X152.655 Y96.35
G1 F1500 E3488.38835
;MESH:NONMESH
G0 F300 X152.655 Y96.35 Z4.48
G0 F9000 X151.875 Y129.821
G0 X150.79 Y129.821
G0 X148.153 Y132.169
G0 X97.347 Y132.169
G0 X94.766 Y129.821
G0 X93.681 Y129.821
G0 X92.701 Y129.821
;TIME_ELAPSED:3928.712928
;LAYER:15
;TYPE:WALL-INNER
;MESH:copri staffa L 30x30x1,8 met??.stl(1)
G1 F1500 E3494.88835
G1 X92.701 Y92.503 E3496.62603
G1 X92.701 Y92.304 E3496.63529
G1 X92.9 Y92.304 E3496.64129
G1 X93.501 Y92.305 E3496.66928
G1 X93.501 Y131.111 E3498.47625
G1 X70.701 Y131.111 E3499.53791
G1 X70.701 Y92.503 E3501.33566
G1 X70.701 Y92.304 E3501.34493
G1 X70.9 Y92.304 E3501.35092
G1 X71.501 Y92.305 E3501.37891
G1 X71.501 Y129.821 E3503.12581
G1 X92.701 Y129.821 E3504.11297
G0 F9000 X92.301 Y129.421
;TYPE:WALL-OUTER
G1 F1500 X92.301 Y91.904 E3505.85992
G1 X93.901 Y91.905 E3505.93442
G1 X93.901 Y131.511 E3507.77864
G1 X70.301 Y131.511 E3508.87756
G1 X70.301 Y91.904 E3510.72182
G1 X71.901 Y91.905 E3510.79633
G1 X71.901 Y129.421 E3512.54323
G1 X92.301 Y129.421 E3513.49314
G0 F9000 X92.136 Y129.9
;TYPE:FILL
G1 F3000 X91.833 Y131.031 E3513.54766
G0 F9000 X90.595 Y131.03
G1 F3000 X89.465 Y129.9 E3513.62207
G0 F9000 X89.778 Y129.9
G1 F3000 X85.561 Y131.03 E3513.82536
G0 F9000 X85.622 Y131.031
G1 F3000 X85.925 Y129.9 E3513.87988
G0 F9000 X82.109 Y131.03
G1 F3000 X80.979 Y129.9 E3513.95429
G0 F9000 X79.713 Y129.899
G1 F3000 X79.41 Y131.03 E3514.00882
G0 F9000 X73.624 Y131.03
G1 F3000 X72.494 Y129.9 E3514.08323
G0 F9000 X73.501 Y129.899
G1 F3000 X73.198 Y131.031 E3514.13779
G0 F9000 X71.673 Y129.649
G0 X71.421 Y128.827
G1 F3000 X70.78 Y128.186 E3514.18001
G0 F9000 X70.78 Y128.779
G1 F3000 X71.419 Y128.608 E3514.21081
G0 F9000 X70.78 Y122.568
G1 F3000 X71.42 Y122.396 E3514.24167
G0 F9000 X71.421 Y120.341
G1 F3000 X70.78 Y119.701 E3514.28384
G0 F9000 X70.78 Y116.872
G1 F3000 X71.42 Y114.485 E3514.39892
G0 F9000 X71.419 Y116.185
G1 F3000 X70.781 Y116.356 E3514.42967
G0 F9000 X71.421 Y111.856
G1 F3000 X70.78 Y111.215 E3514.47189
G0 F9000 X70.78 Y110.144
G1 F3000 X71.419 Y109.973 E3514.50269
G0 F9000 X70.78 Y103.933
G1 F3000 X71.42 Y103.761 E3514.53355
G0 F9000 X71.421 Y103.371
G1 F3000 X70.78 Y102.73 E3514.57576
G0 F9000 X70.78 Y97.721
G1 F3000 X71.42 Y97.549 E3514.60661
G0 F9000 X71.421 Y94.885
G1 F3000 X70.78 Y94.245 E3514.64879
G0 F9000 X70.781 Y93.689
G1 F3000 X70.83 Y93.504 E3514.6577
G1 F1500 E3508.1577
G0 F9000 X70.811 Y93.504
G0 X71.673 Y129.649
G0 X92.529 Y129.649
G0 X92.78 Y98.038
G1 F1500 E3514.6577
G1 F3000 X93.42 Y97.866 E3514.68856
G0 F9000 X92.78 Y99.274
G1 F3000 X93.42 Y99.914 E3514.73071
G0 F9000 X93.42 Y101.928
G1 F3000 X92.78 Y104.314 E3514.84574
G0 F9000 X92.78 Y104.249
G1 F3000 X93.419 Y104.078 E3514.87654
G0 F9000 X92.78 Y107.76
G1 F3000 X93.42 Y108.4 E3514.91868
G0 F9000 X93.419 Y110.29
G1 F3000 X92.78 Y110.461 E3514.94949
G0 F9000 X92.78 Y116.245
G1 F3000 X93.42 Y116.885 E3514.99163
G0 F9000 X93.42 Y116.501
G1 F3000 X92.78 Y116.673 E3515.02249
G0 F9000 X93.419 Y122.713
G1 F3000 X92.78 Y122.884 E3515.05329
G0 F9000 X92.78 Y124.73
G1 F3000 X93.42 Y125.37 E3515.09544
G0 F9000 X93.42 Y125.109
G1 F3000 X92.78 Y127.496 E3515.21051
G0 F9000 X93.419 Y128.925
G1 F3000 X92.781 Y129.096 E3515.24127
G1 F1500 E3508.74127
G0 F9000 X93.11 Y93.715
G1 F1500 E3515.24127
G0 F9000 X93.111 Y93.436
;TYPE:SKIN
G1 F1500 X93.091 Y93.435 E3515.2422
G1 X93.091 Y92.694 E3515.2767
G1 X93.111 Y92.695 E3515.27764
G1 X93.111 Y93.436 E3515.31214
G1 F1500 E3508.81214
G0 F9000 X93.11 Y93.715
G0 X92.529 Y129.649
G0 X71.673 Y129.649
G0 X71.11 Y93.715
G1 F1500 E3515.31214
G0 F9000 X71.111 Y93.436
G1 F1500 X71.091 Y93.435 E3515.31307
G1 X71.091 Y92.694 E3515.34758
G1 X71.111 Y92.695 E3515.34851
G1 X71.111 Y93.436 E3515.38301
G0 F9000 X71.03 Y93.584
;TYPE:SKIN
G1 F1500 X70.876 Y93.738 E3515.38808
G0 F9000 X71.094 Y93.802
G1 F1500 X71.1 Y94.079 E3515.40264
G1 X71.1 Y129.717 E3517.27471
G1 X71.182 Y129.917 E3517.28607
G0 F9000 X71.325 Y129.775
G0 X92.876 Y129.72
G0 X93.101 Y129.495
G1 F1500 X93.101 Y129.778 E3517.30073
G1 X93.214 Y129.948 E3517.31131
G1 X93.101 Y128.93 E3517.36438
G1 X93.101 Y93.857 E3519.18153
G1 X92.984 Y93.691 E3519.19205
G0 F9000 X93.09 Y94.015
G1 F1500 E3512.69205
;MESH:copri staffa L 30x30x1,8 met??.stl
G0 F9000 X93.681 Y129.777
G0 X94.766 Y129.777
G0 X97.335 Y129.777
G0 X98.42 Y129.777
G0 X99.4 Y129.777
;TYPE:WALL-INNER
G1 F1500 E3519.19205
G1 X120.6 Y129.777 E3520.17921
G1 X120.6 Y92.458 E3521.91694
G1 X120.6 Y92.259 E3521.9262
G1 X120.799 Y92.259 E3521.9322
G1 X121.4 Y92.26 E3521.96018
G1 X121.4 Y131.066 E3523.76715
G1 X98.6 Y131.066 E3524.82882
G1 X98.6 Y92.458 E3526.62657
G1 X98.6 Y92.259 E3526.63583
G1 X98.799 Y92.259 E3526.64183
G1 X99.4 Y92.26 E3526.66981
G1 X99.4 Y129.777 E3528.41676
G0 F9000 X99.8 Y129.377
;TYPE:WALL-OUTER
G1 F1500 X120.2 Y129.377 E3529.36667
G1 X120.2 Y91.859 E3531.11367
G1 X121.8 Y91.86 E3531.18817
G1 X121.8 Y131.466 E3533.03239
G1 X98.2 Y131.466 E3534.13131
G1 X98.2 Y91.859 E3535.97557
G1 X99.8 Y91.86 E3536.05008
G1 X99.8 Y129.377 E3537.79703
G0 F9000 X100.394 Y129.856
;TYPE:FILL
G1 F3000 X101.522 Y130.985 E3537.87134
G0 F9000 X101.097 Y130.986
G1 F3000 X101.399 Y129.855 E3537.92585
G0 F9000 X99.572 Y129.605
G0 X99.32 Y128.782
G1 F3000 X98.679 Y128.141 E3537.96806
G0 F9000 X98.679 Y128.734
G1 F3000 X99.318 Y128.563 E3537.99886
G0 F9000 X98.679 Y122.522
G1 F3000 X99.319 Y122.351 E3538.02971
G0 F9000 X99.32 Y120.297
G1 F3000 X98.679 Y119.656 E3538.07192
G0 F9000 X98.679 Y116.824
G1 F3000 X99.319 Y114.437 E3538.18699
G0 F9000 X99.319 Y116.139
G1 F3000 X98.679 Y116.31 E3538.21784
G0 F9000 X99.32 Y111.811
G1 F3000 X98.679 Y111.171 E3538.26002
G0 F9000 X98.68 Y110.099
G1 F3000 X99.319 Y109.927 E3538.29083
G0 F9000 X98.679 Y103.887
G1 F3000 X99.318 Y103.716 E3538.32163
G0 F9000 X99.319 Y103.325
G1 F3000 X98.679 Y102.686 E3538.36374
G0 F9000 X98.679 Y97.676
G1 F3000 X99.319 Y97.504 E3538.3946
G0 F9000 X99.319 Y94.84
G1 F3000 X98.679 Y94.2 E3538.43675
G0 F9000 X98.679 Y93.644
G1 F3000 X98.729 Y93.459 E3538.44567
G1 F1500 E3531.94567
G0 F9000 X98.71 Y93.459
G0 X99.572 Y129.605
G0 X120.428 Y129.605
G0 X120.679 Y97.992
G1 F1500 E3538.44567
G1 F3000 X121.318 Y97.821 E3538.47647
G0 F9000 X120.679 Y99.229
G1 F3000 X121.32 Y99.871 E3538.51872
G0 F9000 X121.319 Y101.88
G1 F3000 X120.68 Y104.266 E3538.63373
G0 F9000 X120.68 Y104.204
G1 F3000 X121.318 Y104.033 E3538.66449
G0 F9000 X120.679 Y107.714
G1 F3000 X121.32 Y108.356 E3538.70673
G0 F9000 X121.319 Y110.244
G1 F3000 X120.679 Y110.416 E3538.73759
G0 F9000 X120.679 Y116.2
G1 F3000 X121.32 Y116.841 E3538.7798
G0 F9000 X121.319 Y116.456
G1 F3000 X120.679 Y116.627 E3538.81065
G0 F9000 X121.318 Y122.668
G1 F3000 X120.68 Y122.839 E3538.84141
G0 F9000 X120.679 Y124.685
G1 F3000 X121.32 Y125.326 E3538.88362
G0 F9000 X121.319 Y125.062
G1 F3000 X120.68 Y127.447 E3538.99859
G0 F9000 X121.319 Y128.879
G1 F3000 X120.679 Y129.051 E3539.02945
G0 F9000 X120.454 Y129.549
G0 X120.035 Y129.855
G1 F3000 X119.732 Y130.985 E3539.08393
G0 F9000 X118.493 Y130.985
G1 F3000 X117.364 Y129.856 E3539.15827
G0 F9000 X117.673 Y129.856
G1 F3000 X113.458 Y130.985 E3539.36146
G0 F9000 X113.52 Y130.985
G1 F3000 X113.823 Y129.855 E3539.41594
G0 F9000 X110.008 Y130.985
G1 F3000 X108.879 Y129.856 E3539.49028
G0 F9000 X107.611 Y129.855
G1 F3000 X107.308 Y130.985 E3539.54476
G1 F1500 E3533.04476
G0 F9000 X99.572 Y129.605
G0 X99.009 Y93.67
G1 F1500 E3539.54476
G0 F9000 X99.01 Y93.391
;TYPE:SKIN
G1 F1500 X98.99 Y93.39 E3539.54569
G1 X98.99 Y92.649 E3539.58019
G1 X99.01 Y92.65 E3539.58113
G1 X99.01 Y93.391 E3539.61563
G1 F1500 E3533.11563
G0 F9000 X99.009 Y93.67
G0 X99.572 Y129.605
G0 X120.428 Y129.605
G0 X120.71 Y93.39
G1 F1500 E3539.61563
G0 F9000 X120.99 Y93.39
G1 F1500 X120.99 Y92.649 E3539.65014
G1 X121.01 Y92.65 E3539.65107
G1 X121.01 Y93.391 E3539.68557
G1 X120.99 Y93.39 E3539.6865
G0 F9000 X120.814 Y93.579
;TYPE:SKIN
G1 F1500 X120.955 Y93.721 E3539.69696
G1 X120.999 Y95.092 E3539.76864
G1 X120.999 Y129.599 E3541.57187
G1 X121.185 Y129.978 E3541.59393
G0 F9000 X121.147 Y130.016
G0 X99.224 Y129.877
G0 X99.155 Y129.946
G1 F1500 X99.013 Y129.805 E3541.60443
G1 X98.999 Y125.294 E3541.84108
G1 X98.999 Y93.898 E3543.48812
G1 X98.925 Y93.69 E3543.4997
G0 F9000 X99.073 Y93.97
G1 F1500 E3536.9997
;MESH:copri staffa L 30x30x1,8 met??.stl(2)
G0 F9000 X99.572 Y129.605
G0 X121.58 Y129.777
G0 X123.92 Y129.777
G0 X124.9 Y129.777
;TYPE:WALL-INNER
G1 F1500 E3543.4997
G1 X146.1 Y129.777 E3544.48686
G1 X146.1 Y92.458 E3546.22459
G1 X146.1 Y92.259 E3546.23386
G1 X146.299 Y92.259 E3546.23985
G1 X146.9 Y92.26 E3546.26784
G1 X146.9 Y131.066 E3548.07481
G1 X124.1 Y131.066 E3549.13647
G1 X124.1 Y92.458 E3550.93422
G1 X124.1 Y92.259 E3550.94349
G1 X124.299 Y92.259 E3550.94948
G1 X124.9 Y92.26 E3550.97747
G1 X124.9 Y129.777 E3552.72442
G0 F9000 X125.3 Y129.377
;TYPE:WALL-OUTER
G1 F1500 X145.7 Y129.377 E3553.67433
G1 X145.7 Y91.859 E3555.42132
G1 X147.3 Y91.86 E3555.49582
G1 X147.3 Y131.466 E3557.34004
G1 X123.7 Y131.466 E3558.43896
G1 X123.7 Y91.859 E3560.28323
G1 X125.3 Y91.86 E3560.35773
G1 X125.3 Y129.377 E3562.10468
G0 F9000 X125.893 Y129.856
;TYPE:FILL
G1 F3000 X127.022 Y130.985 E3562.17903
G0 F9000 X126.597 Y130.986
G1 F3000 X126.9 Y129.856 E3562.2335
G0 F9000 X125.072 Y129.605
G0 X124.819 Y128.782
G1 F3000 X124.179 Y128.141 E3562.27568
G0 F9000 X124.179 Y128.734
G1 F3000 X124.818 Y128.563 E3562.30648
G0 F9000 X124.179 Y122.522
G1 F3000 X124.819 Y122.351 E3562.33733
G0 F9000 X124.819 Y120.297
G1 F3000 X124.179 Y119.656 E3562.37951
G0 F9000 X124.179 Y116.828
G1 F3000 X124.819 Y114.441 E3562.49458
G0 F9000 X124.819 Y116.139
G1 F3000 X124.179 Y116.311 E3562.52544
G0 F9000 X124.819 Y111.811
G1 F3000 X124.179 Y111.171 E3562.56758
G0 F9000 X124.179 Y110.099
G1 F3000 X124.819 Y109.928 E3562.59843
G0 F9000 X124.179 Y103.887
G1 F3000 X124.818 Y103.716 E3562.62923
G0 F9000 X124.819 Y103.326
G1 F3000 X124.179 Y102.686 E3562.67138
G0 F9000 X124.179 Y97.676
G1 F3000 X124.819 Y97.504 E3562.70224
G0 F9000 X124.819 Y94.841
G1 F3000 X124.179 Y94.2 E3562.74441
G0 F9000 X124.179 Y93.647
G1 F3000 X124.23 Y93.458 E3562.75353
G1 F1500 E3556.25353
G0 F9000 X124.21 Y93.458
G0 X125.072 Y129.605
G0 X145.928 Y129.605
G0 X146.179 Y97.993
G1 F1500 E3562.75353
G1 F3000 X146.818 Y97.821 E3562.78434
G0 F9000 X146.179 Y99.23
G1 F3000 X146.819 Y99.87 E3562.82649
G0 F9000 X146.819 Y101.883
G1 F3000 X146.179 Y104.27 E3562.94156
G0 F9000 X146.18 Y104.204
G1 F3000 X146.818 Y104.033 E3562.97232
G0 F9000 X146.179 Y107.715
G1 F3000 X146.819 Y108.355 E3563.01446
G0 F9000 X146.819 Y110.244
G1 F3000 X146.179 Y110.416 E3563.04532
G0 F9000 X146.179 Y116.2
G1 F3000 X146.819 Y116.84 E3563.08747
G0 F9000 X146.818 Y116.456
G1 F3000 X146.179 Y116.627 E3563.11827
G0 F9000 X146.818 Y122.668
G1 F3000 X146.18 Y122.839 E3563.14903
G0 F9000 X146.179 Y124.686
G1 F3000 X146.819 Y125.326 E3563.19117
G0 F9000 X146.819 Y125.066
G1 F3000 X146.179 Y127.452 E3563.3062
G0 F9000 X146.819 Y128.879
G1 F3000 X146.179 Y129.051 E3563.33706
G0 F9000 X145.954 Y129.549
G0 X145.535 Y129.856
G1 F3000 X145.233 Y130.985 E3563.39148
G0 F9000 X143.993 Y130.985
G1 F3000 X142.864 Y129.856 E3563.46582
G0 F9000 X143.173 Y129.856
G1 F3000 X138.96 Y130.985 E3563.66892
G0 F9000 X139.021 Y130.985
G1 F3000 X139.324 Y129.856 E3563.72335
G0 F9000 X135.507 Y130.985
G1 F3000 X134.379 Y129.856 E3563.79767
G0 F9000 X133.112 Y129.855
G1 F3000 X132.809 Y130.985 E3563.85214
G1 F1500 E3557.35214
G0 F9000 X125.072 Y129.605
G0 X124.509 Y93.67
G1 F1500 E3563.85214
G0 F9000 X124.51 Y93.391
;TYPE:SKIN
G1 F1500 X124.49 Y93.39 E3563.85307
G1 X124.49 Y92.649 E3563.88758
G1 X124.51 Y92.65 E3563.88851
G1 X124.51 Y93.391 E3563.92302
G1 F1500 E3557.42302
G0 F9000 X124.509 Y93.67
G0 X125.072 Y129.605
G0 X145.928 Y129.605
G0 X146.21 Y93.39
G1 F1500 E3563.92302
G0 F9000 X146.49 Y93.39
G1 F1500 X146.49 Y92.649 E3563.95752
G1 X146.51 Y92.65 E3563.95845
G1 X146.51 Y93.391 E3563.99296
G1 X146.49 Y93.39 E3563.99389
G0 F9000 X146.433 Y93.699
;TYPE:SKIN
G1 F1500 X146.292 Y93.557 E3564.00558
G0 F9000 X146.498 Y93.917
G1 F1500 X146.498 Y94.199 E3564.02049
G1 X146.498 Y129.555 E3565.88924
G1 X146.663 Y129.956 E3565.91216
G0 F9000 X146.603 Y130.017
G0 X124.724 Y129.833
G1 F1500 X124.542 Y130.016 E3565.91817
G0 F9000 X124.499 Y129.775
G1 F1500 X124.499 Y129.493 E3565.93313
G1 X124.499 Y93.854 E3567.82388
G1 X124.402 Y93.668 E3567.83501
G0 F9000 X124.529 Y93.97
G1 F1500 E3561.33501
;MESH:copri staffa L 30x30x1,8 met??.stl(3)
G0 F9000 X125.072 Y129.605
G0 X147.086 Y131.252
G0 X148.165 Y131.252
G0 X150.79 Y131.252
G0 X151.875 Y131.252
G0 X152.855 Y131.993
;TYPE:WALL-INNER
G1 F1500 E3567.83501
G1 X174.055 Y131.993 E3568.82217
G1 X174.055 Y94.674 E3570.5599
G1 X174.055 Y94.475 E3570.56916
G1 X174.254 Y94.475 E3570.57516
G1 X174.855 Y94.476 E3570.60314
G1 X174.855 Y133.282 E3572.41011
G1 X152.055 Y133.282 E3573.47178
G1 X152.055 Y94.674 E3575.26953
G1 X152.055 Y94.475 E3575.27879
G1 X152.254 Y94.475 E3575.28479
G1 X152.855 Y94.476 E3575.31277
G1 X152.855 Y131.993 E3577.05972
G0 F9000 X153.255 Y131.593
;TYPE:WALL-OUTER
G1 F1500 X173.655 Y131.593 E3578.00963
G1 X173.655 Y94.075 E3579.75663
G1 X175.255 Y94.076 E3579.83113
G1 X175.255 Y133.682 E3581.67535
G1 X151.655 Y133.682 E3582.77427
G1 X151.655 Y94.075 E3584.61853
G1 X153.255 Y94.076 E3584.69304
G1 X153.255 Y131.593 E3586.43999
G0 F9000 X153.848 Y132.072
;TYPE:FILL
G1 F3000 X154.978 Y133.201 E3586.51437
G0 F9000 X154.553 Y133.202
G1 F3000 X154.855 Y132.071 E3586.56887
G0 F9000 X153.027 Y131.821
G0 X152.774 Y130.998
G1 F3000 X152.134 Y130.357 E3586.61105
G0 F9000 X152.134 Y130.95
G1 F3000 X152.773 Y130.779 E3586.64185
G0 F9000 X152.134 Y124.739
G1 F3000 X152.774 Y124.567 E3586.67271
G0 F9000 X152.774 Y122.513
G1 F3000 X152.134 Y121.872 E3586.71489
G0 F9000 X152.134 Y119.044
G1 F3000 X152.774 Y116.656 E3586.83001
G0 F9000 X152.774 Y118.355
G1 F3000 X152.134 Y118.527 E3586.86087
G0 F9000 X152.774 Y114.028
G1 F3000 X152.134 Y113.387 E3586.90305
G0 F9000 X152.134 Y112.315
G1 F3000 X152.773 Y112.144 E3586.93385
G0 F9000 X152.134 Y106.104
G1 F3000 X152.774 Y105.932 E3586.96471
G0 F9000 X152.774 Y105.542
G1 F3000 X152.134 Y104.902 E3587.00685
G0 F9000 X152.134 Y99.892
G1 F3000 X152.774 Y99.72 E3587.03771
G0 F9000 X152.774 Y97.057
G1 F3000 X152.134 Y96.416 E3587.07989
G0 F9000 X152.134 Y95.863
G1 F3000 X152.185 Y95.674 E3587.089
G1 F1500 E3580.589
G0 F9000 X152.165 Y95.674
G0 X153.027 Y131.821
G0 X173.883 Y131.821
G0 X174.134 Y100.209
G1 F1500 E3587.089
G1 F3000 X174.773 Y100.037 E3587.11982
G0 F9000 X174.134 Y101.446
G1 F3000 X174.774 Y102.086 E3587.16196
G0 F9000 X174.774 Y104.1
G1 F3000 X174.134 Y106.485 E3587.27695
G0 F9000 X174.135 Y106.42
G1 F3000 X174.773 Y106.249 E3587.3077
G0 F9000 X174.134 Y109.931
G1 F3000 X174.774 Y110.571 E3587.34985
G0 F9000 X174.773 Y112.461
G1 F3000 X174.134 Y112.632 E3587.38065
G0 F9000 X174.134 Y118.417
G1 F3000 X174.774 Y119.056 E3587.42276
G0 F9000 X174.774 Y118.672
G1 F3000 X174.134 Y118.844 E3587.45362
G0 F9000 X174.773 Y124.884
G1 F3000 X174.135 Y125.055 E3587.48438
G0 F9000 X174.134 Y126.902
G1 F3000 X174.774 Y127.542 E3587.52652
G0 F9000 X174.774 Y127.282
G1 F3000 X174.134 Y129.668 E3587.64155
G0 F9000 X174.773 Y131.096
G1 F3000 X174.135 Y131.267 E3587.67231
G0 F9000 X173.909 Y131.765
G0 X173.49 Y132.071
G1 F3000 X173.187 Y133.202 E3587.72683
G0 F9000 X171.948 Y133.201
G1 F3000 X170.819 Y132.072 E3587.80118
G0 F9000 X171.129 Y132.072
G1 F3000 X166.915 Y133.201 E3588.00432
G0 F9000 X166.976 Y133.202
G1 F3000 X167.279 Y132.072 E3588.05879
G0 F9000 X163.463 Y133.201
G1 F3000 X162.334 Y132.072 E3588.13314
G0 F9000 X161.067 Y132.071
G1 F3000 X160.764 Y133.201 E3588.18762
G1 F1500 E3581.68762
G0 F9000 X153.027 Y131.821
G0 X152.464 Y95.886
G1 F1500 E3588.18762
G0 F9000 X152.465 Y95.607
;TYPE:SKIN
G1 F1500 X152.445 Y95.606 E3588.18855
G1 X152.445 Y94.865 E3588.22305
G1 X152.465 Y94.866 E3588.22399
G1 X152.465 Y95.607 E3588.25849
G1 F1500 E3581.75849
G0 F9000 X152.464 Y95.886
G0 X153.027 Y131.821
G0 X173.883 Y131.821
G0 X174.165 Y95.606
G1 F1500 E3588.25849
G0 F9000 X174.445 Y95.606
G1 F1500 X174.445 Y94.865 E3588.29299
G1 X174.465 Y94.866 E3588.29393
G1 X174.465 Y95.607 E3588.32843
G1 X174.445 Y95.606 E3588.32936
G0 F9000 X174.294 Y95.82
;TYPE:SKIN
G1 F1500 X174.435 Y95.961 E3588.33981
G1 X174.453 Y99.337 E3588.51668
G1 X174.453 Y131.863 E3590.22075
G1 X174.523 Y132.077 E3590.23254
G0 F9000 X174.678 Y131.922
G0 X152.679 Y131.86
G0 X152.493 Y132.046
G1 F1500 X152.454 Y131.802 E3590.2455
G1 X152.454 Y96.164 E3592.11426
G1 X152.263 Y95.789 E3592.13633
G1 F1500 E3585.63633
G0 F9000 X152.296 Y95.886
G0 X152.679 Y132.143
G1 F1500 E3592.13633
G1 X152.59 Y132.232 E3592.13926
G1 F1500 E3585.63926
;MESH:NONMESH
G0 F300 X152.59 Y132.232 Z4.76
G0 F9000 X151.875 Y130.101
G0 X150.79 Y130.101
G0 X148.153 Y132.319
G0 X97.347 Y132.319
G0 X94.766 Y130.101
G0 X93.681 Y130.101
G0 X92.701 Y130.101
;TIME_ELAPSED:4059.516681
;LAYER:16
;TYPE:WALL-INNER
;MESH:copri staffa L 30x30x1,8 met??.stl(1)
G1 F1500 E3592.13926
G1 X92.701 Y92.223 E3593.90302
G1 X92.701 Y92.024 E3593.91228
G1 X92.9 Y92.024 E3593.91828
G1 X93.501 Y92.025 E3593.94626
G1 X93.501 Y131.26 E3595.77321
G1 X70.701 Y131.26 E3596.83487
G1 X70.701 Y92.223 E3598.6526
G1 X70.701 Y92.024 E3598.66187
G1 X70.9 Y92.024 E3598.66786
G1 X71.501 Y92.025 E3598.69585
G1 X71.501 Y130.101 E3600.46882
G1 X92.701 Y130.101 E3601.45598
G0 F9000 X92.301 Y129.701
;TYPE:WALL-OUTER
G1 F1500 X92.301 Y91.624 E3603.22901
G1 X93.901 Y91.625 E3603.30351
G1 X93.901 Y131.66 E3605.16771
G1 X70.301 Y131.66 E3606.26662
G1 X70.301 Y91.624 E3608.13087
G1 X71.901 Y91.625 E3608.20537
G1 X71.901 Y129.701 E3609.97835
G1 X92.301 Y129.701 E3610.92826
G0 F9000 X92.781 Y129.301
;TYPE:FILL
G1 F3000 X93.419 Y129.13 E3610.95901
G0 F9000 X92.529 Y129.929
G0 X91.856 Y130.18
G1 F3000 X91.588 Y131.179 E3611.00718
G0 F9000 X91.023 Y131.178
G1 F3000 X90.025 Y130.18 E3611.0729
G0 F9000 X89.5 Y130.18
G1 F3000 X85.77 Y131.179 E3611.2527
G0 F9000 X85.377 Y131.18
G1 F3000 X85.645 Y130.179 E3611.30096
G0 F9000 X82.538 Y131.178
G1 F3000 X81.54 Y130.18 E3611.36668
G0 F9000 X79.433 Y130.179
G1 F3000 X79.165 Y131.18 E3611.41493
G0 F9000 X74.053 Y131.178
G1 F3000 X73.054 Y130.18 E3611.48068
G0 F9000 X73.221 Y130.18
G1 F3000 X72.954 Y131.179 E3611.52883
G0 F9000 X71.673 Y129.929
G0 X71.419 Y128.813
G1 F3000 X70.781 Y128.984 E3611.55959
G0 F9000 X71.421 Y128.547
G1 F3000 X70.78 Y127.906 E3611.6018
G0 F9000 X70.78 Y122.772
G1 F3000 X71.42 Y122.601 E3611.63265
G0 F9000 X71.421 Y120.061
G1 F3000 X70.78 Y119.421 E3611.67482
G0 F9000 X70.781 Y116.561
G1 F3000 X71.42 Y116.389 E3611.70564
G0 F9000 X70.781 Y116.106
G1 F3000 X71.42 Y113.72 E3611.82065
G0 F9000 X71.421 Y111.576
G1 F3000 X70.78 Y110.935 E3611.86287
G0 F9000 X70.78 Y110.349
G1 F3000 X71.419 Y110.178 E3611.89367
G0 F9000 X70.78 Y104.138
G1 F3000 X71.42 Y103.966 E3611.92453
G0 F9000 X71.421 Y103.091
G1 F3000 X70.78 Y102.45 E3611.96674
G0 F9000 X70.78 Y97.926
G1 F3000 X71.419 Y97.755 E3611.99754
G0 F9000 X71.421 Y94.605
G1 F3000 X70.78 Y93.965 E3612.03972
G1 F1500 E3605.53972
G0 F9000 X71.673 Y129.929
G0 X92.529 Y129.929
G0 X92.78 Y98.243
G1 F1500 E3612.03972
G1 F3000 X93.42 Y98.071 E3612.07057
G0 F9000 X92.78 Y98.994
G1 F3000 X93.42 Y99.634 E3612.11272
G0 F9000 X93.42 Y101.162
G1 F3000 X92.78 Y103.55 E3612.22784
G0 F9000 X92.781 Y104.454
G1 F3000 X93.419 Y104.283 E3612.2586
G0 F9000 X92.78 Y107.48
G1 F3000 X93.42 Y108.12 E3612.30074
G0 F9000 X93.42 Y110.495
G1 F3000 X92.781 Y110.666 E3612.33154
G0 F9000 X92.78 Y115.965
G1 F3000 X93.42 Y116.605 E3612.37369
G0 F9000 X93.42 Y116.706
G1 F3000 X92.78 Y116.878 E3612.40455
G0 F9000 X93.419 Y122.918
G1 F3000 X92.781 Y123.089 E3612.4353
G0 F9000 X92.78 Y124.45
G1 F3000 X93.42 Y125.09 E3612.47745
G0 F9000 X93.42 Y124.344
G1 F3000 X92.78 Y126.733 E3612.59261
G1 F1500 E3606.09261
G0 F9000 X93.11 Y93.435
G1 F1500 E3612.59261
G0 F9000 X93.111 Y93.156
;TYPE:SKIN
G1 F1500 X93.091 Y93.155 E3612.59354
G1 X93.091 Y92.414 E3612.62805
G1 X93.111 Y92.415 E3612.62898
G1 X93.111 Y93.156 E3612.66348
G1 F1500 E3606.16348
G0 F9000 X93.11 Y93.435
G0 X92.529 Y129.929
G0 X71.673 Y129.929
G0 X71.11 Y93.435
G1 F1500 E3612.66348
G0 F9000 X71.111 Y93.156
G1 F1500 X71.091 Y93.155 E3612.66442
G1 X71.091 Y92.414 E3612.69892
G1 X71.111 Y92.415 E3612.69985
G1 X71.111 Y93.156 E3612.73436
G0 F9000 X71.284 Y93.346
;TYPE:SKIN
G1 F1500 X71.143 Y93.487 E3612.7448
G1 X71.1 Y94.859 E3612.81669
G1 X71.1 Y129.931 E3614.65341
G1 X70.909 Y130.306 E3614.67545
G0 F9000 X70.943 Y130.34
G0 X92.875 Y130.21
G0 X92.94 Y130.275
G1 F1500 X93.081 Y130.134 E3614.68595
G1 X93.1 Y126.758 E3614.86362
G1 X93.1 Y93.666 E3616.60517
G1 X93.174 Y93.456 E3616.61688
G0 F9000 X93.02 Y93.735
G1 F1500 E3610.11688
;MESH:copri staffa L 30x30x1,8 met??.stl
G0 F9000 X93.681 Y130.057
G0 X94.766 Y130.057
G0 X97.335 Y130.057
G0 X98.42 Y130.057
G0 X99.4 Y130.057
;TYPE:WALL-INNER
G1 F1500 E3616.61688
G1 X120.6 Y130.057 E3617.60404
G1 X120.6 Y92.178 E3619.36785
G1 X120.6 Y91.979 E3619.37712
G1 X120.799 Y91.979 E3619.38311
G1 X121.4 Y91.98 E3619.4111
G1 X121.4 Y131.215 E3621.23804
G1 X98.6 Y131.215 E3622.29971
G1 X98.6 Y92.178 E3624.11743
G1 X98.6 Y91.979 E3624.1267
G1 X98.799 Y91.979 E3624.13269
G1 X99.4 Y91.98 E3624.16068
G1 X99.4 Y130.057 E3625.9337
G0 F9000 X99.8 Y129.657
;TYPE:WALL-OUTER
G1 F1500 X120.2 Y129.657 E3626.88361
G1 X120.2 Y91.579 E3628.65668
G1 X121.8 Y91.58 E3628.73119
G1 X121.8 Y131.615 E3630.59538
G1 X98.2 Y131.615 E3631.6943
G1 X98.2 Y91.579 E3633.55854
G1 X99.8 Y91.58 E3633.63304
G1 X99.8 Y129.657 E3635.40607
G0 F9000 X99.5 Y129.657
G0 X99.318 Y128.768
;TYPE:FILL
G1 F3000 X98.68 Y128.939 E3635.43683
G0 F9000 X99.32 Y128.502
G1 F3000 X98.679 Y127.861 E3635.47904
G0 F9000 X99.572 Y129.885
G0 X100.954 Y130.136
G1 F3000 X101.952 Y131.134 E3635.54476
G0 F9000 X100.852 Y131.134
G1 F3000 X101.119 Y130.136 E3635.59286
G0 F9000 X107.064 Y131.134
G1 F3000 X107.331 Y130.135 E3635.64101
G0 F9000 X109.439 Y130.136
G1 F3000 X110.437 Y131.134 E3635.70673
G0 F9000 X113.275 Y131.135
G1 F3000 X113.543 Y130.135 E3635.75494
G0 F9000 X113.669 Y131.134
G1 F3000 X117.394 Y130.136 E3635.93451
G0 F9000 X117.924 Y130.136
G1 F3000 X118.922 Y131.134 E3636.00023
G0 F9000 X119.487 Y131.134
G1 F3000 X119.754 Y130.136 E3636.04833
G0 F9000 X120.428 Y129.885
G0 X120.679 Y129.256
G1 F3000 X121.318 Y129.084 E3636.07915
G0 F9000 X120.679 Y126.685
G1 F3000 X121.319 Y124.296 E3636.19431
G0 F9000 X120.679 Y124.405
G1 F3000 X121.319 Y125.046 E3636.23649
G0 F9000 X120.679 Y123.044
G1 F3000 X121.318 Y122.873 E3636.26729
G0 F9000 X120.679 Y116.832
G1 F3000 X121.319 Y116.661 E3636.29814
G0 F9000 X121.319 Y116.56
G1 F3000 X120.679 Y115.92 E3636.34028
G0 F9000 X120.679 Y110.621
G1 F3000 X121.319 Y110.449 E3636.37114
G0 F9000 X121.319 Y108.075
G1 F3000 X120.679 Y107.434 E3636.41332
G0 F9000 X120.68 Y104.409
G1 F3000 X121.318 Y104.238 E3636.44408
G0 F9000 X120.679 Y103.502
G1 F3000 X121.319 Y101.113 E3636.55924
G0 F9000 X121.319 Y99.59
G1 F3000 X120.679 Y98.949 E3636.60142
G0 F9000 X120.68 Y98.197
G1 F3000 X121.318 Y98.026 E3636.63218
G1 F1500 E3630.13218
G0 F9000 X120.428 Y129.885
G0 X99.572 Y129.885
G0 X99.318 Y97.709
G1 F1500 E3636.63218
G1 F3000 X98.679 Y97.88 E3636.66298
G0 F9000 X99.319 Y94.56
G1 F3000 X98.679 Y93.92 E3636.70512
G0 F9000 X98.679 Y102.406
G1 F3000 X99.319 Y103.045 E3636.74723
G0 F9000 X99.319 Y103.921
G1 F3000 X98.679 Y104.092 E3636.77808
G0 F9000 X99.318 Y110.133
G1 F3000 X98.679 Y110.304 E3636.80888
G0 F9000 X98.679 Y110.891
G1 F3000 X99.319 Y111.531 E3636.85103
G0 F9000 X99.319 Y113.674
G1 F3000 X98.679 Y116.06 E3636.96606
G0 F9000 X98.679 Y116.515
G1 F3000 X99.318 Y116.344 E3636.99686
G0 F9000 X98.679 Y119.376
G1 F3000 X99.32 Y120.017 E3637.03907
G0 F9000 X99.318 Y122.556
G1 F3000 X98.679 Y122.727 E3637.06987
G0 F9000 X99.009 Y93.39
G0 X99.01 Y93.111
;TYPE:SKIN
G1 F1500 X98.99 Y93.11 E3637.0708
G1 X98.99 Y92.369 E3637.10531
G1 X99.01 Y92.37 E3637.10624
G1 X99.01 Y93.111 E3637.14074
G1 F1500 E3630.64074
G0 F9000 X99.009 Y93.39
G0 X99.572 Y129.885
G0 X120.428 Y129.885
G0 X120.71 Y93.11
G1 F1500 E3637.14074
G0 F9000 X120.99 Y93.11
G1 F1500 X120.99 Y92.369 E3637.17525
G1 X121.01 Y92.37 E3637.17618
G1 X121.01 Y93.111 E3637.21068
G1 X120.99 Y93.11 E3637.21162
G0 F9000 X120.978 Y93.26
;TYPE:SKIN
G1 F1500 X121.224 Y93.506 E3637.21972
G0 F9000 X120.999 Y93.563
G1 F1500 X120.999 Y93.846 E3637.2346
G1 X120.999 Y130.05 E3639.13861
G1 X120.867 Y130.201 E3639.14916
G0 F9000 X120.774 Y130.108
G0 X99.224 Y130.054
G0 X98.999 Y129.829
G1 F1500 X98.999 Y129.546 E3639.1642
G1 X98.999 Y93.625 E3641.07265
G1 X99.07 Y93.414 E3641.08448
G1 F1500 E3634.58448
G0 F9000 X99.224 Y93.567
G0 X98.774 Y129.887
G0 X98.978 Y130.091
G1 F1500 E3641.08448
G1 X98.837 Y130.232 E3641.10212
G0 F9000 X98.8 Y130.169
G1 F1500 E3634.60212
;MESH:copri staffa L 30x30x1,8 met??.stl(2)
G0 F9000 X121.58 Y130.057
G0 X123.92 Y130.057
G0 X124.9 Y130.057
;TYPE:WALL-INNER
G1 F1500 E3641.10212
G1 X146.1 Y130.057 E3642.08928
G1 X146.1 Y92.178 E3643.85308
G1 X146.1 Y91.979 E3643.86235
G1 X146.299 Y91.979 E3643.86834
G1 X146.9 Y91.98 E3643.89633
G1 X146.9 Y131.215 E3645.72327
G1 X124.1 Y131.215 E3646.78494
G1 X124.1 Y92.178 E3648.60266
G1 X124.1 Y91.979 E3648.61193
G1 X124.299 Y91.979 E3648.61793
G1 X124.9 Y91.98 E3648.64591
G1 X124.9 Y130.057 E3650.41894
G0 F9000 X125.3 Y129.657
;TYPE:WALL-OUTER
G1 F1500 X145.7 Y129.657 E3651.36884
G1 X145.7 Y91.579 E3653.14192
G1 X147.3 Y91.58 E3653.21642
G1 X147.3 Y131.615 E3655.08062
G1 X123.7 Y131.615 E3656.17953
G1 X123.7 Y91.579 E3658.04377
G1 X125.3 Y91.58 E3658.11828
G1 X125.3 Y129.657 E3659.8913
G0 F9000 X125 Y129.657
G0 X124.818 Y128.768
;TYPE:FILL
G1 F3000 X124.18 Y128.939 E3659.92206
G0 F9000 X124.819 Y128.502
G1 F3000 X124.179 Y127.861 E3659.96424
G0 F9000 X125.072 Y129.885
G0 X126.454 Y130.136
G1 F3000 X127.451 Y131.133 E3660.02989
G0 F9000 X126.353 Y131.134
G1 F3000 X126.621 Y130.135 E3660.07805
G0 F9000 X132.564 Y131.134
G1 F3000 X132.832 Y130.135 E3660.12622
G0 F9000 X134.939 Y130.136
G1 F3000 X135.937 Y131.134 E3660.19194
G0 F9000 X138.776 Y131.134
G1 F3000 X139.044 Y130.135 E3660.2401
G0 F9000 X139.169 Y131.134
G1 F3000 X142.895 Y130.136 E3660.41971
G0 F9000 X143.424 Y130.136
G1 F3000 X144.422 Y131.134 E3660.48543
G0 F9000 X144.988 Y131.135
G1 F3000 X145.255 Y130.135 E3660.53363
G0 F9000 X145.928 Y129.885
G0 X146.179 Y129.256
G1 F3000 X146.818 Y129.085 E3660.56443
G0 F9000 X146.179 Y126.688
G1 F3000 X146.819 Y124.299 E3660.67959
G0 F9000 X146.179 Y124.406
G1 F3000 X146.819 Y125.046 E3660.72174
G0 F9000 X146.18 Y123.044
G1 F3000 X146.818 Y122.873 E3660.7525
G0 F9000 X146.18 Y116.832
G1 F3000 X146.818 Y116.661 E3660.78325
G0 F9000 X146.819 Y116.56
G1 F3000 X146.179 Y115.92 E3660.8254
G0 F9000 X146.179 Y110.621
G1 F3000 X146.819 Y110.449 E3660.85626
G0 F9000 X146.819 Y108.075
G1 F3000 X146.179 Y107.435 E3660.8984
G0 F9000 X146.18 Y104.409
G1 F3000 X146.818 Y104.238 E3660.92916
G0 F9000 X146.179 Y103.506
G1 F3000 X146.819 Y101.117 E3661.04432
G0 F9000 X146.819 Y99.59
G1 F3000 X146.179 Y98.95 E3661.08647
G0 F9000 X146.18 Y98.197
G1 F3000 X146.818 Y98.026 E3661.11722
G1 F1500 E3654.61722
G0 F9000 X145.928 Y129.885
G0 X125.072 Y129.885
G0 X124.818 Y97.71
G1 F1500 E3661.11722
G1 F3000 X124.179 Y97.881 E3661.14802
G0 F9000 X124.819 Y94.561
G1 F3000 X124.179 Y93.92 E3661.1902
G0 F9000 X124.179 Y102.406
G1 F3000 X124.819 Y103.046 E3661.23235
G0 F9000 X124.818 Y103.921
G1 F3000 X124.179 Y104.092 E3661.26315
G0 F9000 X124.818 Y110.133
G1 F3000 X124.179 Y110.304 E3661.29395
G0 F9000 X124.179 Y110.891
G1 F3000 X124.819 Y111.531 E3661.3361
G0 F9000 X124.819 Y113.677
G1 F3000 X124.179 Y116.064 E3661.45117
G0 F9000 X124.179 Y116.516
G1 F3000 X124.818 Y116.344 E3661.48198
G0 F9000 X124.179 Y119.376
G1 F3000 X124.819 Y120.017 E3661.52416
G0 F9000 X124.818 Y122.556
G1 F3000 X124.179 Y122.727 E3661.55496
G0 F9000 X124.509 Y93.39
G0 X124.51 Y93.111
;TYPE:SKIN
G1 F1500 X124.49 Y93.11 E3661.5559
G1 X124.49 Y92.369 E3661.5904
G1 X124.51 Y92.37 E3661.59133
G1 X124.51 Y93.111 E3661.62584
G1 F1500 E3655.12584
G0 F9000 X124.509 Y93.39
G0 X125.072 Y129.885
G0 X145.928 Y129.885
G0 X146.21 Y93.11
G1 F1500 E3661.62584
G0 F9000 X146.49 Y93.11
G1 F1500 X146.49 Y92.369 E3661.66034
G1 X146.51 Y92.37 E3661.66127
G1 X146.51 Y93.111 E3661.69578
G1 X146.49 Y93.11 E3661.69671
G0 F9000 X146.579 Y93.405
;TYPE:SKIN
G1 F1500 X146.499 Y93.607 E3661.70818
G1 X146.499 Y129.811 E3663.61951
G1 X146.346 Y130.224 E3663.64276
G0 F9000 X146.274 Y130.152
G0 X124.725 Y130.099
G0 X124.499 Y129.873
G1 F1500 X124.456 Y130.112 E3663.65535
G1 X124.315 Y130.254 E3663.66573
G1 X124.499 Y129.307 E3663.71573
G1 X124.499 Y93.669 E3665.56313
G1 X124.69 Y93.295 E3665.5849
G0 F9000 X124.7 Y93.574
G1 F1500 E3659.0849
;MESH:copri staffa L 30x30x1,8 met??.stl(3)
G0 F9000 X125.072 Y129.885
G0 X147.086 Y131.401
G0 X148.165 Y131.401
G0 X150.79 Y131.401
G0 X151.875 Y131.401
G0 X152.855 Y132.273
;TYPE:WALL-INNER
G1 F1500 E3665.5849
G1 X174.055 Y132.273 E3666.57206
G1 X174.055 Y94.394 E3668.33587
G1 X174.055 Y94.195 E3668.34513
G1 X174.254 Y94.195 E3668.35113
G1 X174.855 Y94.196 E3668.37911
G1 X174.855 Y133.431 E3670.20606
G1 X152.055 Y133.431 E3671.26772
G1 X152.055 Y94.394 E3673.08545
G1 X152.055 Y94.195 E3673.09472
G1 X152.254 Y94.195 E3673.10071
G1 X152.855 Y94.196 E3673.1287
G1 X152.855 Y132.273 E3674.90172
G0 F9000 X153.255 Y131.873
;TYPE:WALL-OUTER
G1 F1500 X173.655 Y131.873 E3675.85163
G1 X173.655 Y93.795 E3677.6247
G1 X175.255 Y93.796 E3677.6992
G1 X175.255 Y133.831 E3679.5634
G1 X151.655 Y133.831 E3680.66232
G1 X151.655 Y93.795 E3682.52656
G1 X153.255 Y93.796 E3682.60106
G1 X153.255 Y131.873 E3684.37409
G0 F9000 X152.955 Y131.873
G0 X152.773 Y130.984
;TYPE:FILL
G1 F3000 X152.135 Y131.155 E3684.40484
G0 F9000 X152.774 Y130.718
G1 F3000 X152.134 Y130.077 E3684.44702
G0 F9000 X153.027 Y132.101
G0 X154.408 Y132.352
G1 F3000 X155.406 Y133.35 E3684.51274
G0 F9000 X154.308 Y133.35
G1 F3000 X154.575 Y132.351 E3684.56089
G0 F9000 X160.519 Y133.35
G1 F3000 X160.787 Y132.351 E3684.60905
G0 F9000 X162.894 Y132.352
G1 F3000 X163.891 Y133.35 E3684.67474
G0 F9000 X166.731 Y133.351
G1 F3000 X166.999 Y132.351 E3684.72295
G0 F9000 X167.124 Y133.35
G1 F3000 X170.85 Y132.352 E3684.90256
G0 F9000 X171.379 Y132.352
G1 F3000 X172.377 Y133.35 E3684.96828
G0 F9000 X172.943 Y133.35
G1 F3000 X173.21 Y132.352 E3685.01639
G0 F9000 X173.883 Y132.101
G0 X174.135 Y131.472
G1 F3000 X174.773 Y131.301 E3685.04714
G0 F9000 X174.134 Y128.905
G1 F3000 X174.774 Y126.515 E3685.16235
G0 F9000 X174.134 Y126.622
G1 F3000 X174.774 Y127.262 E3685.2045
G0 F9000 X174.135 Y125.26
G1 F3000 X174.773 Y125.089 E3685.23526
G0 F9000 X174.135 Y119.048
G1 F3000 X174.774 Y118.877 E3685.26606
G0 F9000 X174.774 Y118.776
G1 F3000 X174.134 Y118.137 E3685.30817
G0 F9000 X174.134 Y112.837
G1 F3000 X174.774 Y112.666 E3685.33902
G0 F9000 X174.774 Y110.291
G1 F3000 X174.134 Y109.651 E3685.38116
G0 F9000 X174.135 Y106.625
G1 F3000 X174.773 Y106.454 E3685.41192
G0 F9000 X174.134 Y105.722
G1 F3000 X174.774 Y103.333 E3685.52708
G0 F9000 X174.774 Y101.806
G1 F3000 X174.134 Y101.166 E3685.56923
G0 F9000 X174.135 Y100.413
G1 F3000 X174.774 Y100.242 E3685.60003
G1 F1500 E3679.10003
G0 F9000 X173.883 Y132.101
G0 X153.027 Y132.101
G0 X152.773 Y99.926
G1 F1500 E3685.60003
G1 F3000 X152.134 Y100.097 E3685.63083
G0 F9000 X152.774 Y96.777
G1 F3000 X152.134 Y96.136 E3685.67301
G0 F9000 X152.134 Y104.622
G1 F3000 X152.774 Y105.262 E3685.71515
G0 F9000 X152.774 Y106.137
G1 F3000 X152.134 Y106.309 E3685.74601
G0 F9000 X152.773 Y112.349
G1 F3000 X152.134 Y112.52 E3685.77681
G0 F9000 X152.134 Y113.107
G1 F3000 X152.774 Y113.748 E3685.81899
G0 F9000 X152.774 Y115.893
G1 F3000 X152.134 Y118.28 E3685.93407
G0 F9000 X152.135 Y118.732
G1 F3000 X152.773 Y118.561 E3685.96482
G0 F9000 X152.134 Y121.592
G1 F3000 X152.774 Y122.233 E3686.007
G0 F9000 X152.773 Y124.772
G1 F3000 X152.134 Y124.943 E3686.0378
G0 F9000 X152.464 Y95.606
G0 X152.465 Y95.327
;TYPE:SKIN
G1 F1500 X152.445 Y95.326 E3686.03873
G1 X152.445 Y94.585 E3686.07324
G1 X152.465 Y94.586 E3686.07417
G1 X152.465 Y95.327 E3686.10867
G1 F1500 E3679.60867
G0 F9000 X152.464 Y95.606
G0 X153.027 Y132.101
G0 X173.883 Y132.101
G0 X174.165 Y95.326
G1 F1500 E3686.10867
G0 F9000 X174.445 Y95.326
G1 F1500 X174.445 Y94.585 E3686.14318
G1 X174.465 Y94.586 E3686.14411
G1 X174.465 Y95.327 E3686.17862
G1 X174.445 Y95.326 E3686.17955
G0 F9000 X174.534 Y95.621
;TYPE:SKIN
G1 F1500 X174.453 Y95.823 E3686.19105
G1 X174.453 Y132.027 E3688.10386
G1 X174.3 Y132.44 E3688.12713
G0 F9000 X174.228 Y132.368
G0 X152.679 Y132.314
G0 X152.454 Y132.089
G1 F1500 X152.454 Y131.806 E3688.14209
G1 X152.454 Y95.885 E3690.04105
G1 X152.645 Y95.51 E3690.06329
G1 F1500 E3683.56329
G0 F9000 X152.61 Y95.606
G0 X152.229 Y132.147
G0 X152.411 Y132.329
G1 F1500 E3690.06329
G1 X152.27 Y132.471 E3690.07799
G0 F9000 X152.255 Y132.43
G1 F1500 E3683.57799
;MESH:NONMESH
G0 F300 X152.255 Y132.43 Z5.04
G0 F9000 X151.875 Y130.283
G0 X150.79 Y130.283
G0 X148.153 Y132.468
G0 X97.347 Y132.468
G0 X94.766 Y130.283
G0 X93.681 Y130.283
G0 X92.701 Y130.283
;TIME_ELAPSED:4188.796329
;LAYER:17
;TYPE:WALL-INNER
;MESH:copri staffa L 30x30x1,8 met??.stl(1)
G1 F1500 E3690.07799
G1 X92.701 Y91.943 E3691.86326
G1 X92.701 Y91.744 E3691.87253
G1 X92.9 Y91.744 E3691.87853
G1 X93.501 Y91.745 E3691.90651
G1 X93.501 Y131.41 E3693.75348
G1 X70.701 Y131.41 E3694.81514
G1 X70.701 Y91.943 E3696.65289
G1 X70.701 Y91.744 E3696.66216
G1 X70.9 Y91.744 E3696.66815
G1 X71.501 Y91.745 E3696.69614
G1 X71.501 Y130.085 E3698.48141
G1 X71.501 Y130.284 E3698.49068
G1 X71.7 Y130.284 E3698.49667
G1 X92.701 Y130.283 E3699.47457
G0 F9000 X92.301 Y129.883
;TYPE:WALL-OUTER
G1 F1500 X92.301 Y91.344 E3701.2691
G1 X93.901 Y91.345 E3701.34361
G1 X93.901 Y131.81 E3703.22783
G1 X70.301 Y131.81 E3704.32674
G1 X70.301 Y91.344 E3706.21101
G1 X71.901 Y91.345 E3706.28551
G1 X71.901 Y129.884 E3708.08005
G1 X92.301 Y129.883 E3709.02996
G0 F9000 X92.781 Y129.506
;TYPE:FILL
G1 F3000 X93.42 Y129.334 E3709.06077
G0 F9000 X92.529 Y130.111
G0 X91.603 Y130.361
G1 F3000 X91.343 Y131.329 E3709.10744
G0 F9000 X91.453 Y131.328
G1 F3000 X90.487 Y130.362 E3709.17105
G0 F9000 X89.584 Y130.362
G1 F3000 X85.975 Y131.329 E3709.34503
G0 F9000 X85.132 Y131.329
G1 F3000 X85.391 Y130.361 E3709.39169
G0 F9000 X82.968 Y131.328
G1 F3000 X82.002 Y130.362 E3709.45531
G0 F9000 X79.179 Y130.362
G1 F3000 X78.92 Y131.33 E3709.50196
G0 F9000 X74.483 Y131.328
G1 F3000 X73.517 Y130.362 E3709.56558
G0 F9000 X72.968 Y130.362
G1 F3000 X72.708 Y131.329 E3709.6122
G0 F9000 X71.673 Y130.112
G0 X71.419 Y129.018
G1 F3000 X70.78 Y129.189 E3709.64301
G0 F9000 X71.421 Y128.267
G1 F3000 X70.78 Y127.626 E3709.68522
G0 F9000 X70.78 Y122.977
G1 F3000 X71.42 Y122.806 E3709.71606
G0 F9000 X71.421 Y119.781
G1 F3000 X70.78 Y119.141 E3709.75824
G0 F9000 X70.781 Y116.766
G1 F3000 X71.419 Y116.595 E3709.789
G0 F9000 X70.78 Y115.343
G1 F3000 X71.42 Y112.954 E3709.90416
G0 F9000 X71.421 Y111.296
G1 F3000 X70.78 Y110.655 E3709.94637
G0 F9000 X70.781 Y110.554
G1 F3000 X71.419 Y110.383 E3709.97713
G0 F9000 X70.78 Y104.342
G1 F3000 X71.42 Y104.171 E3710.00798
G0 F9000 X71.421 Y102.811
G1 F3000 X70.78 Y102.17 E3710.05019
G0 F9000 X70.781 Y98.131
G1 F3000 X71.42 Y97.959 E3710.081
G0 F9000 X71.421 Y94.325
G1 F3000 X70.78 Y93.685 E3710.12318
G1 F1500 E3703.62318
G0 F9000 X71.673 Y130.112
G0 X92.529 Y130.111
G0 X92.78 Y98.448
G1 F1500 E3710.12318
G1 F3000 X93.42 Y98.276 E3710.15404
G0 F9000 X92.78 Y98.714
G1 F3000 X93.42 Y99.354 E3710.19618
G0 F9000 X93.42 Y100.397
G1 F3000 X92.78 Y102.785 E3710.3113
G0 F9000 X93.419 Y104.488
G1 F3000 X92.781 Y104.659 E3710.34206
G0 F9000 X92.78 Y107.2
G1 F3000 X93.42 Y107.84 E3710.3842
G0 F9000 X93.42 Y110.7
G1 F3000 X92.781 Y110.871 E3710.415
G0 F9000 X92.78 Y115.685
G1 F3000 X93.42 Y116.325 E3710.45715
G0 F9000 X93.42 Y116.911
G1 F3000 X92.78 Y117.083 E3710.48801
G0 F9000 X93.419 Y123.123
G1 F3000 X92.781 Y123.294 E3710.51877
G0 F9000 X93.42 Y123.578
G1 F3000 X92.78 Y125.968 E3710.63397
G0 F9000 X93.42 Y124.81
G1 F3000 X92.78 Y124.17 E3710.67612
G1 F1500 E3704.17612
G0 F9000 X93.11 Y93.155
G1 F1500 E3710.67612
G0 F9000 X93.111 Y92.876
;TYPE:SKIN
G1 F1500 X93.091 Y92.875 E3710.67705
G1 X93.091 Y92.134 E3710.71156
G1 X93.111 Y92.135 E3710.71249
G1 X93.111 Y92.876 E3710.74699
G1 F1500 E3704.24699
G0 F9000 X93.11 Y93.155
G0 X92.529 Y130.111
G0 X71.673 Y130.112
G0 X71.11 Y93.155
G1 F1500 E3710.74699
G0 F9000 X71.111 Y92.876
G1 F1500 X71.091 Y92.875 E3710.74793
G1 X71.091 Y92.134 E3710.78243
G1 X71.111 Y92.135 E3710.78336
G1 X71.111 Y92.876 E3710.81787
G0 F9000 X71.024 Y93.024
;TYPE:SKIN
G1 F1500 X70.876 Y93.172 E3710.82274
G0 F9000 X71.091 Y93.239
G1 F1500 X71.1 Y93.513 E3710.83712
G1 X71.1 Y130.282 E3712.76578
G1 X71.234 Y130.431 E3712.77629
G0 F9000 X71.325 Y130.34
G0 X92.875 Y130.287
G0 X93.1 Y130.062
G1 F1500 X93.1 Y129.779 E3712.79129
G1 X93.1 Y93.292 E3714.72517
G1 X92.98 Y93.129 E3714.7359
G1 F1500 E3708.2359
G0 F9000 X92.875 Y93.234
G0 X93.325 Y130.12
G0 X93.124 Y130.321
G1 F1500 E3714.7359
G1 X93.265 Y130.462 E3714.75309
G0 F9000 X93.301 Y130.403
G1 F1500 E3708.25309
;MESH:copri staffa L 30x30x1,8 met??.stl
G0 F9000 X93.681 Y130.24
G0 X94.766 Y130.24
G0 X97.335 Y130.24
G0 X98.42 Y130.24
G0 X99.599 Y130.24
;TYPE:WALL-INNER
G1 F1500 E3714.75309
G1 X120.6 Y130.239 E3715.73098
G1 X120.6 Y91.898 E3717.5163
G1 X120.6 Y91.699 E3717.52557
G1 X120.799 Y91.699 E3717.53156
G1 X121.4 Y91.7 E3717.55955
G1 X121.4 Y131.365 E3719.40652
G1 X98.6 Y131.365 E3720.46818
G1 X98.6 Y91.898 E3722.30593
G1 X98.6 Y91.699 E3722.3152
G1 X98.799 Y91.699 E3722.32119
G1 X99.4 Y91.7 E3722.34918
G1 X99.4 Y130.041 E3724.13449
G1 X99.4 Y130.24 E3724.14376
G1 X99.599 Y130.24 E3724.14975
G0 F9000 X99.8 Y129.84
;TYPE:WALL-OUTER
G1 F1500 X120.2 Y129.839 E3725.09966
G1 X120.2 Y91.299 E3726.89425
G1 X121.8 Y91.3 E3726.96875
G1 X121.8 Y131.765 E3728.85297
G1 X98.2 Y131.765 E3729.95189
G1 X98.2 Y91.299 E3731.83615
G1 X99.8 Y91.3 E3731.91065
G1 X99.8 Y129.84 E3733.70524
G0 F9000 X99.318 Y128.973
;TYPE:FILL
G1 F3000 X98.679 Y129.144 E3733.73604
G0 F9000 X99.32 Y128.222
G1 F3000 X98.679 Y127.581 E3733.77825
G0 F9000 X99.572 Y130.068
G0 X100.866 Y130.318
G1 F3000 X100.606 Y131.285 E3733.82488
G0 F9000 X101.417 Y130.319
G1 F3000 X102.381 Y131.284 E3733.88839
G0 F9000 X106.818 Y131.285
G1 F3000 X107.077 Y130.318 E3733.93501
G0 F9000 X109.902 Y130.319
G1 F3000 X110.867 Y131.284 E3733.99855
G0 F9000 X113.03 Y131.284
G1 F3000 X113.289 Y130.317 E3734.04517
G0 F9000 X113.874 Y131.284
G1 F3000 X117.479 Y130.318 E3734.21895
G0 F9000 X118.387 Y130.319
G1 F3000 X119.352 Y131.284 E3734.2825
G0 F9000 X119.242 Y131.284
G1 F3000 X119.501 Y130.317 E3734.32912
G0 F9000 X120.428 Y130.067
G0 X120.679 Y129.461
G1 F3000 X121.319 Y129.289 E3734.35997
G0 F9000 X120.679 Y125.92
G1 F3000 X121.319 Y123.531 E3734.47514
G0 F9000 X121.318 Y123.078
G1 F3000 X120.679 Y123.249 E3734.50594
G0 F9000 X120.679 Y124.126
G1 F3000 X121.319 Y124.766 E3734.54809
G0 F9000 X120.679 Y117.037
G1 F3000 X121.319 Y116.866 E3734.57893
G0 F9000 X121.319 Y116.28
G1 F3000 X120.679 Y115.64 E3734.62108
G0 F9000 X120.679 Y110.826
G1 F3000 X121.319 Y110.654 E3734.65194
G0 F9000 X121.319 Y107.795
G1 F3000 X120.679 Y107.154 E3734.69411
G0 F9000 X120.679 Y104.614
G1 F3000 X121.318 Y104.443 E3734.72491
G0 F9000 X120.679 Y102.736
G1 F3000 X121.319 Y100.35 E3734.83994
G0 F9000 X121.319 Y99.31
G1 F3000 X120.679 Y98.669 E3734.88212
G0 F9000 X120.679 Y98.402
G1 F3000 X121.319 Y98.231 E3734.91297
G1 F1500 E3728.41297
G0 F9000 X120.428 Y130.067
G0 X99.572 Y130.068
G0 X99.319 Y97.914
G1 F1500 E3734.91297
G1 F3000 X98.679 Y98.085 E3734.94382
G0 F9000 X99.319 Y94.28
G1 F3000 X98.679 Y93.64 E3734.98596
G0 F9000 X98.679 Y102.126
G1 F3000 X99.319 Y102.765 E3735.02807
G0 F9000 X99.319 Y104.126
G1 F3000 X98.679 Y104.297 E3735.05892
G0 F9000 X99.318 Y110.338
G1 F3000 X98.68 Y110.509 E3735.08968
G0 F9000 X98.679 Y110.611
G1 F3000 X99.319 Y111.251 E3735.13182
G0 F9000 X99.319 Y112.907
G1 F3000 X98.679 Y115.296 E3735.24699
G0 F9000 X99.319 Y116.549
G1 F3000 X98.68 Y116.72 E3735.27779
G0 F9000 X98.679 Y119.096
G1 F3000 X99.32 Y119.737 E3735.32
G0 F9000 X99.319 Y122.761
G1 F3000 X98.679 Y122.932 E3735.35084
G1 F1500 E3728.85084
G0 F9000 X99.009 Y93.11
G1 F1500 E3735.35084
G0 F9000 X99.01 Y92.831
;TYPE:SKIN
G1 F1500 X98.99 Y92.83 E3735.35178
G1 X98.99 Y92.089 E3735.38628
G1 X99.01 Y92.09 E3735.38721
G1 X99.01 Y92.831 E3735.42172
G1 F1500 E3728.92172
G0 F9000 X99.009 Y93.11
G0 X99.572 Y130.068
G0 X120.428 Y130.067
G0 X120.71 Y92.83
G1 F1500 E3735.42172
G0 F9000 X120.99 Y92.83
G1 F1500 X120.99 Y92.089 E3735.45622
G1 X121.01 Y92.09 E3735.45715
G1 X121.01 Y92.831 E3735.49166
G1 X120.99 Y92.83 E3735.49259
G0 F9000 X120.812 Y93.016
;TYPE:SKIN
G1 F1500 X120.953 Y93.158 E3735.50305
G1 X120.999 Y94.243 E3735.55982
G1 X120.999 Y130.164 E3737.43761
G1 X121.096 Y130.35 E3737.44858
G0 F9000 X121.224 Y130.222
G0 X99.224 Y130.16
G0 X99.065 Y130.319
G1 F1500 X98.999 Y130.102 E3737.4605
G1 X98.999 Y93.333 E3739.39321
G1 X98.922 Y93.127 E3739.40477
G1 F1500 E3732.90477
G0 F9000 X98.775 Y93.275
G0 X99.224 Y130.443
G1 F1500 E3739.40477
G1 X99.189 Y130.478 E3739.40592
G1 F1500 E3732.90592
;MESH:copri staffa L 30x30x1,8 met??.stl(2)
G0 F9000 X121.58 Y130.24
G0 X123.92 Y130.24
G0 X125.099 Y130.24
;TYPE:WALL-INNER
G1 F1500 E3739.40592
G1 X146.1 Y130.239 E3740.38382
G1 X146.1 Y91.898 E3742.16913
G1 X146.1 Y91.699 E3742.1784
G1 X146.299 Y91.699 E3742.1844
G1 X146.9 Y91.7 E3742.21238
G1 X146.9 Y131.365 E3744.05935
G1 X124.1 Y131.365 E3745.12101
G1 X124.1 Y91.898 E3746.95876
G1 X124.1 Y91.699 E3746.96803
G1 X124.299 Y91.699 E3746.97402
G1 X124.9 Y91.7 E3747.00201
G1 X124.9 Y130.041 E3748.78733
G1 X124.9 Y130.24 E3748.79659
G1 X125.099 Y130.24 E3748.80259
G0 F9000 X125.3 Y129.84
;TYPE:WALL-OUTER
G1 F1500 X145.7 Y129.839 E3749.7525
G1 X145.7 Y91.299 E3751.54708
G1 X147.3 Y91.3 E3751.62158
G1 X147.3 Y131.765 E3753.5058
G1 X123.7 Y131.765 E3754.60472
G1 X123.7 Y91.299 E3756.48898
G1 X125.3 Y91.3 E3756.56349
G1 X125.3 Y129.84 E3758.35807
G0 F9000 X124.818 Y128.973
;TYPE:FILL
G1 F3000 X124.179 Y129.144 E3758.38887
G0 F9000 X124.819 Y128.222
G1 F3000 X124.179 Y127.582 E3758.43102
G0 F9000 X125.072 Y130.068
G0 X126.366 Y130.318
G1 F3000 X126.108 Y131.284 E3758.47758
G0 F9000 X126.917 Y130.319
G1 F3000 X127.881 Y131.284 E3758.54109
G0 F9000 X132.319 Y131.285
G1 F3000 X132.578 Y130.318 E3758.5877
G0 F9000 X135.402 Y130.319
G1 F3000 X136.366 Y131.284 E3758.65122
G0 F9000 X138.531 Y131.284
G1 F3000 X138.79 Y130.318 E3758.69779
G0 F9000 X139.374 Y131.284
G1 F3000 X142.979 Y130.318 E3758.87157
G0 F9000 X143.887 Y130.319
G1 F3000 X144.852 Y131.284 E3758.93512
G0 F9000 X144.743 Y131.284
G1 F3000 X145.002 Y130.317 E3758.98174
G0 F9000 X145.928 Y130.067
G0 X146.178 Y129.461
G1 F3000 X146.819 Y129.289 E3759.01264
G0 F9000 X146.179 Y125.921
G1 F3000 X146.819 Y123.534 E3759.12771
G0 F9000 X146.818 Y123.078
G1 F3000 X146.179 Y123.249 E3759.15851
G0 F9000 X146.179 Y124.126
G1 F3000 X146.819 Y124.766 E3759.20066
G0 F9000 X146.179 Y117.037
G1 F3000 X146.819 Y116.866 E3759.23151
G0 F9000 X146.819 Y116.28
G1 F3000 X146.179 Y115.64 E3759.27365
G0 F9000 X146.179 Y110.826
G1 F3000 X146.819 Y110.654 E3759.30451
G0 F9000 X146.819 Y107.795
G1 F3000 X146.179 Y107.155 E3759.34666
G0 F9000 X146.179 Y104.614
G1 F3000 X146.818 Y104.443 E3759.37746
G0 F9000 X146.179 Y102.739
G1 F3000 X146.819 Y100.353 E3759.49249
G0 F9000 X146.819 Y99.31
G1 F3000 X146.179 Y98.67 E3759.53463
G0 F9000 X146.179 Y98.402
G1 F3000 X146.818 Y98.231 E3759.56543
G1 F1500 E3753.06543
G0 F9000 X145.928 Y130.067
G0 X125.072 Y130.068
G0 X124.819 Y97.914
G1 F1500 E3759.56543
G1 F3000 X124.179 Y98.086 E3759.59629
G0 F9000 X124.819 Y94.281
G1 F3000 X124.179 Y93.64 E3759.63847
G0 F9000 X124.179 Y102.126
G1 F3000 X124.819 Y102.766 E3759.68061
G0 F9000 X124.819 Y104.126
G1 F3000 X124.179 Y104.297 E3759.71146
G0 F9000 X124.818 Y110.338
G1 F3000 X124.18 Y110.509 E3759.74222
G0 F9000 X124.179 Y110.611
G1 F3000 X124.819 Y111.251 E3759.78436
G0 F9000 X124.819 Y112.91
G1 F3000 X124.179 Y115.299 E3759.89953
G0 F9000 X124.819 Y116.549
G1 F3000 X124.179 Y116.721 E3759.93039
G0 F9000 X124.179 Y119.097
G1 F3000 X124.819 Y119.737 E3759.97253
G0 F9000 X124.819 Y122.761
G1 F3000 X124.179 Y122.932 E3760.00338
G1 F1500 E3753.50338
G0 F9000 X124.509 Y93.11
G1 F1500 E3760.00338
G0 F9000 X124.51 Y92.831
;TYPE:SKIN
G1 F1500 X124.49 Y92.83 E3760.00431
G1 X124.49 Y92.089 E3760.03881
G1 X124.51 Y92.09 E3760.03975
G1 X124.51 Y92.831 E3760.07425
G1 F1500 E3753.57425
G0 F9000 X124.509 Y93.11
G0 X125.072 Y130.068
G0 X145.928 Y130.067
G0 X146.21 Y92.83
G1 F1500 E3760.07425
G0 F9000 X146.49 Y92.83
G1 F1500 X146.49 Y92.089 E3760.10875
G1 X146.51 Y92.09 E3760.10969
G1 X146.51 Y92.831 E3760.14419
G1 X146.49 Y92.83 E3760.14512
G0 F9000 X146.43 Y93.136
;TYPE:SKIN
G1 F1500 X146.289 Y92.994 E3760.15642
G0 F9000 X146.498 Y93.351
G1 F1500 X146.498 Y93.634 E3760.17141
G1 X146.498 Y130.12 E3762.10416
G1 X146.573 Y130.328 E3762.11587
G0 F9000 X146.723 Y130.179
G0 X124.724 Y130.116
G0 X124.542 Y130.297
G1 F1500 X124.499 Y130.058 E3762.12865
G1 X124.499 Y93.289 E3764.06312
G1 X124.399 Y93.105 E3764.07414
G1 F1500 E3757.57414
G0 F9000 X124.274 Y93.231
G0 X124.724 Y130.399
G1 F1500 E3764.07414
G1 X124.644 Y130.479 E3764.07678
G1 F1500 E3757.57678
;MESH:copri staffa L 30x30x1,8 met??.stl(3)
G0 F9000 X147.086 Y131.551
G0 X148.165 Y131.551
G0 X150.79 Y131.551
G0 X151.875 Y131.551
G0 X153.054 Y132.456
;TYPE:WALL-INNER
G1 F1500 E3764.07678
G1 X174.055 Y132.455 E3765.05467
G1 X174.055 Y94.114 E3766.83999
G1 X174.055 Y93.915 E3766.84925
G1 X174.254 Y93.915 E3766.85525
G1 X174.855 Y93.916 E3766.88323
G1 X174.855 Y133.581 E3768.7302
G1 X152.055 Y133.581 E3769.79187
G1 X152.055 Y94.114 E3771.62962
G1 X152.055 Y93.915 E3771.63888
G1 X152.254 Y93.915 E3771.64488
G1 X152.855 Y93.916 E3771.67286
G1 X152.855 Y132.257 E3773.45818
G1 X152.855 Y132.456 E3773.46745
G1 X153.054 Y132.456 E3773.47344
G0 F9000 X153.255 Y132.056
;TYPE:WALL-OUTER
G1 F1500 X173.655 Y132.055 E3774.42335
G1 X173.655 Y93.515 E3776.21793
G1 X175.255 Y93.516 E3776.29244
G1 X175.255 Y133.981 E3778.17666
G1 X151.655 Y133.981 E3779.27557
G1 X151.655 Y93.515 E3781.15984
G1 X153.255 Y93.516 E3781.23434
G1 X153.255 Y132.056 E3783.02893
G0 F9000 X152.773 Y131.189
;TYPE:FILL
G1 F3000 X152.134 Y131.36 E3783.05973
G0 F9000 X152.774 Y130.438
G1 F3000 X152.134 Y129.797 E3783.1019
G0 F9000 X153.027 Y132.284
G0 X154.321 Y132.534
G1 F3000 X154.063 Y133.5 E3783.14846
G0 F9000 X154.871 Y132.535
G1 F3000 X155.837 Y133.501 E3783.21207
G0 F9000 X160.274 Y133.501
G1 F3000 X160.533 Y132.534 E3783.25869
G0 F9000 X163.357 Y132.535
G1 F3000 X164.322 Y133.501 E3783.32227
G0 F9000 X166.486 Y133.5
G1 F3000 X166.745 Y132.533 E3783.36888
G0 F9000 X167.329 Y133.5
G1 F3000 X170.934 Y132.534 E3783.54267
G0 F9000 X171.842 Y132.535
G1 F3000 X172.807 Y133.501 E3783.60625
G0 F9000 X172.698 Y133.5
G1 F3000 X172.957 Y132.533 E3783.65286
G0 F9000 X173.883 Y132.283
G0 X174.134 Y131.677
G1 F3000 X174.774 Y131.505 E3783.68372
G0 F9000 X174.135 Y128.137
G1 F3000 X174.774 Y125.749 E3783.79883
G0 F9000 X174.773 Y125.294
G1 F3000 X174.134 Y125.465 E3783.82963
G0 F9000 X174.134 Y126.342
G1 F3000 X174.774 Y126.982 E3783.87178
G0 F9000 X174.134 Y119.254
G1 F3000 X174.774 Y119.082 E3783.90264
G0 F9000 X174.774 Y118.497
G1 F3000 X174.134 Y117.857 E3783.94478
G0 F9000 X174.135 Y113.042
G1 F3000 X174.774 Y112.871 E3783.97558
G0 F9000 X174.774 Y110.012
G1 F3000 X174.134 Y109.371 E3784.01776
G0 F9000 X174.134 Y106.83
G1 F3000 X174.773 Y106.659 E3784.04856
G0 F9000 X174.134 Y104.955
G1 F3000 X174.774 Y102.568 E3784.16364
G0 F9000 X174.774 Y101.527
G1 F3000 X174.134 Y100.886 E3784.20581
G0 F9000 X174.134 Y100.619
G1 F3000 X174.774 Y100.447 E3784.23667
G1 F1500 E3777.73667
G0 F9000 X173.883 Y132.283
G0 X153.027 Y132.284
G0 X152.774 Y100.13
G1 F1500 E3784.23667
G1 F3000 X152.135 Y100.302 E3784.26749
G0 F9000 X152.774 Y96.497
G1 F3000 X152.134 Y95.856 E3784.30966
G0 F9000 X152.134 Y104.342
G1 F3000 X152.774 Y104.982 E3784.35181
G0 F9000 X152.774 Y106.342
G1 F3000 X152.134 Y106.514 E3784.38267
G0 F9000 X152.773 Y112.554
G1 F3000 X152.135 Y112.725 E3784.41342
G0 F9000 X152.134 Y112.827
G1 F3000 X152.774 Y113.468 E3784.4556
G0 F9000 X152.774 Y115.125
G1 F3000 X152.134 Y117.515 E3784.57081
G0 F9000 X152.774 Y118.765
G1 F3000 X152.135 Y118.937 E3784.60163
G0 F9000 X152.134 Y121.312
G1 F3000 X152.774 Y121.953 E3784.6438
G0 F9000 X152.774 Y124.977
G1 F3000 X152.134 Y125.148 E3784.67465
G1 F1500 E3778.17465
G0 F9000 X152.464 Y95.326
G1 F1500 E3784.67465
G0 F9000 X152.465 Y95.047
;TYPE:SKIN
G1 F1500 X152.445 Y95.046 E3784.67558
G1 X152.445 Y94.305 E3784.71009
G1 X152.465 Y94.306 E3784.71102
G1 X152.465 Y95.047 E3784.74552
G1 F1500 E3778.24552
G0 F9000 X152.464 Y95.326
G0 X153.027 Y132.284
G0 X173.883 Y132.283
G0 X174.165 Y95.046
G1 F1500 E3784.74552
G0 F9000 X174.445 Y95.046
G1 F1500 X174.445 Y94.305 E3784.78003
G1 X174.465 Y94.306 E3784.78096
G1 X174.465 Y95.047 E3784.81546
G1 X174.445 Y95.046 E3784.8164
G0 F9000 X174.29 Y95.257
;TYPE:SKIN
G1 F1500 X174.431 Y95.399 E3784.82689
G1 X174.453 Y98.206 E3784.97414
G1 X174.453 Y132.43 E3786.76936
G1 X174.575 Y132.591 E3786.77996
G0 F9000 X174.678 Y132.488
G0 X152.679 Y132.426
G0 X152.544 Y132.561
G1 F1500 X152.454 Y132.368 E3786.79113
G1 X152.454 Y95.598 E3788.71915
G1 X152.26 Y95.226 E3788.74115
G0 F9000 X152.255 Y95.195
G1 F1500 E3782.24115
;MESH:NONMESH
G0 F300 X152.255 Y95.195 Z5.32
G0 F9000 X152.165 Y95.195
G0 X151.875 Y130.459
G0 X150.79 Y130.459
G0 X148.153 Y132.618
G0 X97.347 Y132.618
G0 X94.766 Y130.459
G0 X93.681 Y130.459
G0 X92.701 Y130.459
;TIME_ELAPSED:4321.142057
;LAYER:18
;TYPE:WALL-INNER
;MESH:copri staffa L 30x30x1,8 met??.stl(1)
G1 F1500 E3788.74115
G1 X92.701 Y91.663 E3790.54766
G1 X92.701 Y91.464 E3790.55692
G1 X92.9 Y91.464 E3790.56292
G1 X93.501 Y91.465 E3790.5909
G1 X93.501 Y131.56 E3792.45789
G1 X70.701 Y131.56 E3793.51956
G1 X70.701 Y91.663 E3795.37733
G1 X70.701 Y91.464 E3795.38659
G1 X70.9 Y91.464 E3795.39259
G1 X71.501 Y91.465 E3795.42057
G1 X71.501 Y130.261 E3797.22708
G1 X71.501 Y130.46 E3797.23635
G1 X71.7 Y130.46 E3797.24234
G1 X92.701 Y130.459 E3798.22023
G0 F9000 X92.301 Y130.059
;TYPE:WALL-OUTER
G1 F1500 X92.301 Y91.064 E3800.03601
G1 X93.901 Y91.065 E3800.11051
G1 X93.901 Y131.96 E3802.01475
G1 X70.301 Y131.96 E3803.11367
G1 X70.301 Y91.064 E3805.01795
G1 X71.901 Y91.065 E3805.09246
G1 X71.901 Y130.06 E3806.90823
G1 X92.301 Y130.059 E3807.85814
G0 F9000 X92.781 Y129.711
;TYPE:FILL
G1 F3000 X93.42 Y129.539 E3807.88895
G0 F9000 X92.529 Y130.287
G0 X91.35 Y130.538
G1 F3000 X91.098 Y131.48 E3807.93436
G0 F9000 X91.884 Y131.479
G1 F3000 X90.943 Y130.538 E3807.99632
G0 F9000 X89.693 Y130.538
G1 F3000 X86.18 Y131.48 E3808.16568
G0 F9000 X84.887 Y131.479
G1 F3000 X85.139 Y130.537 E3808.21109
G0 F9000 X83.399 Y131.479
G1 F3000 X82.458 Y130.538 E3808.27305
G0 F9000 X78.927 Y130.537
G1 F3000 X78.675 Y131.479 E3808.31846
G0 F9000 X74.913 Y131.479
G1 F3000 X73.973 Y130.538 E3808.38039
G0 F9000 X72.715 Y130.538
G1 F3000 X72.463 Y131.48 E3808.4258
G0 F9000 X71.673 Y130.288
G0 X71.42 Y129.223
G1 F3000 X70.78 Y129.394 E3808.45665
G0 F9000 X71.421 Y127.987
G1 F3000 X70.78 Y127.346 E3808.49886
G0 F9000 X70.78 Y123.182
G1 F3000 X71.42 Y123.011 E3808.5297
G0 F9000 X71.421 Y119.501
G1 F3000 X70.78 Y118.861 E3808.57188
G0 F9000 X70.78 Y116.971
G1 F3000 X71.419 Y116.8 E3808.60268
G0 F9000 X70.78 Y114.579
G1 F3000 X71.42 Y112.189 E3808.71789
G0 F9000 X71.421 Y111.016
G1 F3000 X70.78 Y110.375 E3808.7601
G0 F9000 X70.78 Y110.759
G1 F3000 X71.419 Y110.588 E3808.79091
G0 F9000 X70.78 Y104.547
G1 F3000 X71.42 Y104.376 E3808.82175
G0 F9000 X71.421 Y102.531
G1 F3000 X70.78 Y101.89 E3808.86396
G0 F9000 X70.78 Y98.336
G1 F3000 X71.419 Y98.165 E3808.89476
G0 F9000 X71.421 Y94.045
G1 F3000 X70.78 Y93.405 E3808.93694
G1 F1500 E3802.43694
G0 F9000 X71.673 Y130.288
G0 X92.529 Y130.287
G0 X92.78 Y98.434
G1 F1500 E3808.93694
G1 F3000 X93.42 Y99.074 E3808.97909
G0 F9000 X93.42 Y99.631
G1 F3000 X92.781 Y102.018 E3809.09415
G0 F9000 X93.419 Y104.693
G1 F3000 X92.781 Y104.864 E3809.12491
G0 F9000 X92.78 Y106.92
G1 F3000 X93.42 Y107.56 E3809.16705
G0 F9000 X93.42 Y110.904
G1 F3000 X92.781 Y111.076 E3809.19786
G0 F9000 X92.78 Y115.405
G1 F3000 X93.421 Y116.046 E3809.24008
G0 F9000 X93.42 Y117.116
G1 F3000 X92.78 Y117.288 E3809.27093
G0 F9000 X93.42 Y122.813
G1 F3000 X92.78 Y125.201 E3809.38605
G0 F9000 X93.421 Y124.531
G1 F3000 X92.78 Y123.89 E3809.42826
G0 F9000 X92.78 Y123.499
G1 F3000 X93.419 Y123.328 E3809.45907
G0 F9000 X92.781 Y98.652
G1 F3000 X93.42 Y98.481 E3809.48987
G0 F9000 X93.11 Y92.875
G0 X93.111 Y92.596
;TYPE:SKIN
G1 F1500 X93.091 Y92.595 E3809.4908
G1 X93.091 Y91.854 E3809.5253
G1 X93.111 Y91.855 E3809.52624
G1 X93.111 Y92.596 E3809.56074
G1 F1500 E3803.06074
G0 F9000 X93.11 Y92.875
G0 X92.529 Y130.287
G0 X71.673 Y130.288
G0 X71.11 Y92.875
G1 F1500 E3809.56074
G0 F9000 X71.111 Y92.596
G1 F1500 X71.091 Y92.595 E3809.56167
G1 X71.091 Y91.854 E3809.59618
G1 X71.111 Y91.855 E3809.59711
G1 X71.111 Y92.596 E3809.63161
G0 F9000 X71.287 Y92.783
;TYPE:SKIN
G1 F1500 X71.145 Y92.924 E3809.64207
G1 X71.1 Y94.011 E3809.69891
G1 X71.1 Y130.214 E3811.59045
G1 X70.947 Y130.626 E3811.61341
G0 F9000 X70.876 Y130.555
G0 X92.875 Y130.493
G1 F1500 X93.08 Y130.698 E3811.62016
G0 F9000 X93.1 Y130.435
G1 F1500 X93.1 Y130.153 E3811.63517
G1 X93.1 Y93.1 E3813.60658
G1 X93.177 Y92.894 E3813.61828
G0 F9000 X93.301 Y93.059
G1 F1500 E3807.11828
;MESH:copri staffa L 30x30x1,8 met??.stl
G0 F9000 X93.681 Y130.416
G0 X94.766 Y130.416
G0 X97.335 Y130.416
G0 X98.42 Y130.416
G0 X99.599 Y130.416
;TYPE:WALL-INNER
G1 F1500 E3813.61828
G1 X120.6 Y130.415 E3814.59617
G1 X120.6 Y91.618 E3816.40272
G1 X120.6 Y91.419 E3816.41199
G1 X120.799 Y91.419 E3816.41798
G1 X121.4 Y91.42 E3816.44597
G1 X121.4 Y131.515 E3818.31296
G1 X98.6 Y131.515 E3819.37462
G1 X98.6 Y91.618 E3821.2324
G1 X98.6 Y91.419 E3821.24166
G1 X98.799 Y91.419 E3821.24766
G1 X99.4 Y91.42 E3821.27564
G1 X99.4 Y130.217 E3823.08219
G1 X99.4 Y130.416 E3823.09146
G1 X99.599 Y130.416 E3823.09745
G0 F9000 X99.8 Y130.016
;TYPE:WALL-OUTER
G1 F1500 X120.2 Y130.015 E3824.04736
G1 X120.2 Y91.019 E3825.86318
G1 X121.8 Y91.02 E3825.93768
G1 X121.8 Y131.915 E3827.84193
G1 X98.2 Y131.915 E3828.94084
G1 X98.2 Y91.019 E3830.84513
G1 X99.8 Y91.02 E3830.91963
G1 X99.8 Y130.016 E3832.73545
G0 F9000 X100.613 Y130.495
;TYPE:FILL
G1 F3000 X100.361 Y131.435 E3832.78077
G0 F9000 X101.872 Y130.495
G1 F3000 X102.811 Y131.434 E3832.8426
G0 F9000 X106.573 Y131.434
G1 F3000 X106.825 Y130.494 E3832.88792
G0 F9000 X110.358 Y130.495
G1 F3000 X111.297 Y131.434 E3832.94975
G0 F9000 X112.785 Y131.435
G1 F3000 X113.037 Y130.494 E3832.99511
G0 F9000 X114.078 Y131.434
G1 F3000 X117.588 Y130.494 E3833.16431
G0 F9000 X118.843 Y130.495
G1 F3000 X119.782 Y131.434 E3833.22615
G0 F9000 X118.996 Y131.435
G1 F3000 X119.248 Y130.494 E3833.27151
G0 F9000 X120.428 Y130.243
G0 X120.68 Y129.665
G1 F3000 X121.319 Y129.494 E3833.30231
G0 F9000 X120.679 Y125.154
G1 F3000 X121.319 Y122.765 E3833.41747
G0 F9000 X121.318 Y123.283
G1 F3000 X120.68 Y123.454 E3833.44823
G0 F9000 X120.679 Y123.845
G1 F3000 X121.319 Y124.486 E3833.49041
G0 F9000 X120.679 Y117.242
G1 F3000 X121.319 Y117.071 E3833.52125
G0 F9000 X121.319 Y116
G1 F3000 X120.679 Y115.36 E3833.5634
G0 F9000 X120.68 Y111.031
G1 F3000 X121.319 Y110.859 E3833.59421
G0 F9000 X121.319 Y107.515
G1 F3000 X120.679 Y106.874 E3833.63639
G0 F9000 X120.68 Y104.819
G1 F3000 X121.318 Y104.648 E3833.66715
G0 F9000 X120.679 Y101.972
G1 F3000 X121.319 Y99.583 E3833.78231
G0 F9000 X121.319 Y99.03
G1 F3000 X120.679 Y98.389 E3833.82449
G0 F9000 X120.68 Y98.607
G1 F3000 X121.319 Y98.436 E3833.85529
G1 F1500 E3827.35529
G0 F9000 X120.428 Y130.243
G0 X99.572 Y130.244
G0 X99.318 Y98.119
G1 F1500 E3833.85529
G1 F3000 X98.68 Y98.29 E3833.88605
G0 F9000 X98.679 Y101.846
G1 F3000 X99.319 Y102.485 E3833.92816
G0 F9000 X99.318 Y104.331
G1 F3000 X98.679 Y104.502 E3833.95896
G0 F9000 X98.679 Y110.331
G1 F3000 X99.319 Y110.971 E3834.00111
G0 F9000 X99.318 Y110.543
G1 F3000 X98.679 Y110.714 E3834.03191
G0 F9000 X99.319 Y112.143
G1 F3000 X98.679 Y114.529 E3834.14694
G0 F9000 X99.318 Y116.754
G1 F3000 X98.68 Y116.925 E3834.17769
G0 F9000 X98.679 Y118.816
G1 F3000 X99.32 Y119.457 E3834.21991
G0 F9000 X99.318 Y122.966
G1 F3000 X98.679 Y123.137 E3834.25071
G0 F9000 X98.679 Y127.301
G1 F3000 X99.32 Y127.942 E3834.29292
G0 F9000 X99.318 Y129.178
G1 F3000 X98.679 Y129.349 E3834.32372
G1 F1500 E3827.82372
G0 F9000 X99.319 Y94
G1 F1500 E3834.32372
G1 F3000 X98.679 Y93.36 E3834.36586
G0 F9000 X98.99 Y92.55
;TYPE:SKIN
G1 F1500 X98.99 Y91.809 E3834.40037
G1 X99.01 Y91.81 E3834.4013
G1 X99.01 Y92.551 E3834.43581
G1 X98.99 Y92.55 E3834.43674
G1 F1500 E3827.93674
G0 F9000 X98.71 Y92.55
G0 X99.572 Y130.244
G0 X120.428 Y130.243
G0 X120.71 Y92.55
G1 F1500 E3834.43674
G0 F9000 X120.99 Y92.55
G1 F1500 X120.99 Y91.809 E3834.47124
G1 X121.01 Y91.81 E3834.47217
G1 X121.01 Y92.551 E3834.50668
G1 X120.99 Y92.55 E3834.50761
G0 F9000 X120.984 Y92.7
;TYPE:SKIN
G1 F1500 X121.224 Y92.94 E3834.51551
G0 F9000 X120.999 Y92.998
G1 F1500 X120.999 Y93.28 E3834.53036
G1 X120.999 Y130.333 E3836.48075
G1 X120.905 Y130.522 E3836.49187
G0 F9000 X121.037 Y130.654
G0 X99.224 Y130.62
G0 X98.999 Y130.394
G1 F1500 X98.999 Y130.112 E3836.50684
G1 X98.999 Y93.059 E3838.47474
G1 X99.073 Y92.851 E3838.48647
G1 F1500 E3831.98647
G0 F9000 X99.224 Y93.002
G0 X98.774 Y130.452
G1 F1500 E3838.48647
G1 X98.977 Y130.655 E3838.49315
G1 F1500 E3831.99315
;MESH:copri staffa L 30x30x1,8 met??.stl(2)
G0 F9000 X121.58 Y130.416
G0 X123.92 Y130.416
G0 X125.099 Y130.416
;TYPE:WALL-INNER
G1 F1500 E3838.49315
G1 X146.1 Y130.415 E3839.47104
G1 X146.1 Y91.618 E3841.2776
G1 X146.1 Y91.419 E3841.28686
G1 X146.299 Y91.419 E3841.29286
G1 X146.9 Y91.42 E3841.32084
G1 X146.9 Y131.515 E3843.18783
G1 X124.1 Y131.515 E3844.2495
G1 X124.1 Y91.618 E3846.10727
G1 X124.1 Y91.419 E3846.11653
G1 X124.299 Y91.419 E3846.12253
G1 X124.9 Y91.42 E3846.15051
G1 X124.9 Y130.217 E3847.95707
G1 X124.9 Y130.416 E3847.96633
G1 X125.099 Y130.416 E3847.97233
G0 F9000 X125.3 Y130.016
;TYPE:WALL-OUTER
G1 F1500 X145.7 Y130.015 E3848.92224
G1 X145.7 Y91.019 E3850.73805
G1 X147.3 Y91.02 E3850.81256
G1 X147.3 Y131.915 E3852.7168
G1 X123.7 Y131.915 E3853.81571
G1 X123.7 Y91.019 E3855.72
G1 X125.3 Y91.02 E3855.79451
G1 X125.3 Y130.016 E3857.61032
G0 F9000 X126.114 Y130.494
;TYPE:FILL
G1 F3000 X125.862 Y131.435 E3857.65568
G0 F9000 X127.372 Y130.495
G1 F3000 X128.312 Y131.434 E3857.71755
G0 F9000 X132.074 Y131.434
G1 F3000 X132.326 Y130.494 E3857.76287
G0 F9000 X135.857 Y130.495
G1 F3000 X136.797 Y131.434 E3857.82473
G0 F9000 X138.286 Y131.434
G1 F3000 X138.538 Y130.493 E3857.8701
G0 F9000 X139.578 Y131.434
G1 F3000 X143.088 Y130.494 E3858.0393
G0 F9000 X144.343 Y130.495
G1 F3000 X145.282 Y131.434 E3858.10113
G0 F9000 X144.497 Y131.435
G1 F3000 X144.749 Y130.494 E3858.14649
G0 F9000 X145.928 Y130.243
G0 X146.18 Y129.666
G1 F3000 X146.819 Y129.494 E3858.1773
G0 F9000 X146.179 Y125.158
G1 F3000 X146.819 Y122.769 E3858.29247
G0 F9000 X146.818 Y123.283
G1 F3000 X146.18 Y123.454 E3858.32323
G0 F9000 X146.178 Y123.845
G1 F3000 X146.819 Y124.486 E3858.36544
G0 F9000 X146.179 Y117.242
G1 F3000 X146.819 Y117.071 E3858.39628
G0 F9000 X146.819 Y116
G1 F3000 X146.178 Y115.36 E3858.43846
G0 F9000 X146.179 Y111.031
G1 F3000 X146.819 Y110.859 E3858.46932
G0 F9000 X146.819 Y107.515
G1 F3000 X146.178 Y106.874 E3858.51153
G0 F9000 X146.18 Y104.819
G1 F3000 X146.818 Y104.648 E3858.54229
G0 F9000 X146.179 Y101.975
G1 F3000 X146.819 Y99.587 E3858.65741
G0 F9000 X146.819 Y99.03
G1 F3000 X146.178 Y98.389 E3858.69962
G0 F9000 X146.18 Y98.607
G1 F3000 X146.819 Y98.436 E3858.73042
G1 F1500 E3852.23042
G0 F9000 X145.928 Y130.243
G0 X125.072 Y130.244
G0 X124.818 Y98.119
G1 F1500 E3858.73042
G1 F3000 X124.179 Y98.291 E3858.76123
G0 F9000 X124.179 Y101.846
G1 F3000 X124.819 Y102.486 E3858.80338
G0 F9000 X124.819 Y104.331
G1 F3000 X124.179 Y104.502 E3858.83422
G0 F9000 X124.179 Y110.331
G1 F3000 X124.819 Y110.971 E3858.87637
G0 F9000 X124.818 Y110.543
G1 F3000 X124.179 Y110.714 E3858.90717
G0 F9000 X124.819 Y112.147
G1 F3000 X124.179 Y114.533 E3859.0222
G0 F9000 X124.819 Y116.754
G1 F3000 X124.18 Y116.926 E3859.05301
G0 F9000 X124.179 Y118.816
G1 F3000 X124.819 Y119.457 E3859.09519
G0 F9000 X124.819 Y122.966
G1 F3000 X124.179 Y123.137 E3859.12604
G0 F9000 X124.179 Y127.301
G1 F3000 X124.819 Y127.942 E3859.16822
G0 F9000 X124.819 Y129.177
G1 F3000 X124.179 Y129.349 E3859.19908
G1 F1500 E3852.69908
G0 F9000 X124.819 Y94.001
G1 F1500 E3859.19908
G1 F3000 X124.179 Y93.36 E3859.24125
G0 F9000 X124.49 Y92.55
;TYPE:SKIN
G1 F1500 X124.49 Y91.809 E3859.27576
G1 X124.51 Y91.81 E3859.27669
G1 X124.51 Y92.551 E3859.31119
G1 X124.49 Y92.55 E3859.31213
G1 F1500 E3852.81213
G0 F9000 X124.21 Y92.55
G0 X125.072 Y130.244
G0 X145.928 Y130.243
G0 X146.21 Y92.55
G1 F1500 E3859.31213
G0 F9000 X146.49 Y92.55
G1 F1500 X146.49 Y91.809 E3859.34663
G1 X146.51 Y91.81 E3859.34756
G1 X146.51 Y92.551 E3859.38207
G1 X146.49 Y92.55 E3859.383
G0 F9000 X146.582 Y92.842
;TYPE:SKIN
G1 F1500 X146.499 Y93.041 E3859.39439
G1 X146.499 Y130.377 E3861.36721
G1 X146.384 Y130.544 E3861.37792
G0 F9000 X146.494 Y130.654
G0 X124.725 Y130.382
G0 X124.499 Y130.156
G1 F1500 X124.499 Y129.873 E3861.39291
G1 X124.499 Y93.103 E3863.34028
G1 X124.693 Y92.731 E3863.3625
G1 F1500 E3856.8625
G0 F9000 X124.76 Y92.801
G0 X124.274 Y130.213
G1 F1500 E3863.3625
G1 X124.715 Y130.654 E3863.37702
G0 F9000 X124.432 Y130.654
G1 F1500 X124.274 Y130.496 E3863.38222
G0 F9000 X124.3 Y130.496
G1 F1500 E3856.88222
;MESH:copri staffa L 30x30x1,8 met??.stl(3)
G0 F9000 X147.086 Y131.701
G0 X148.165 Y131.701
G0 X150.79 Y131.701
G0 X151.875 Y131.701
G0 X153.054 Y132.632
;TYPE:WALL-INNER
G1 F1500 E3863.38222
G1 X174.055 Y132.631 E3864.36012
G1 X174.055 Y93.834 E3866.16667
G1 X174.055 Y93.635 E3866.17593
G1 X174.254 Y93.635 E3866.18193
G1 X174.855 Y93.636 E3866.20991
G1 X174.855 Y133.731 E3868.07691
G1 X152.055 Y133.731 E3869.13857
G1 X152.055 Y93.834 E3870.99634
G1 X152.055 Y93.635 E3871.00561
G1 X152.254 Y93.635 E3871.0116
G1 X152.855 Y93.636 E3871.03959
G1 X152.855 Y132.433 E3872.84614
G1 X152.855 Y132.632 E3872.8554
G1 X153.054 Y132.632 E3872.8614
G0 F9000 X153.255 Y132.232
;TYPE:WALL-OUTER
G1 F1500 X173.655 Y132.231 E3873.81131
G1 X173.655 Y93.235 E3875.62713
G1 X175.255 Y93.236 E3875.70163
G1 X175.255 Y134.131 E3877.60587
G1 X151.655 Y134.131 E3878.70479
G1 X151.655 Y93.235 E3880.60908
G1 X153.255 Y93.236 E3880.68358
G1 X153.255 Y132.232 E3882.4994
G0 F9000 X154.069 Y132.71
;TYPE:FILL
G1 F3000 X153.817 Y133.651 E3882.54476
G0 F9000 X155.328 Y132.711
G1 F3000 X156.267 Y133.65 E3882.60659
G0 F9000 X160.029 Y133.65
G1 F3000 X160.281 Y132.709 E3882.65195
G0 F9000 X163.812 Y132.711
G1 F3000 X164.752 Y133.65 E3882.71382
G0 F9000 X166.241 Y133.65
G1 F3000 X166.493 Y132.709 E3882.75918
G0 F9000 X167.534 Y133.651
G1 F3000 X171.043 Y132.71 E3882.92835
G0 F9000 X172.297 Y132.711
G1 F3000 X173.237 Y133.65 E3882.99022
G0 F9000 X172.452 Y133.651
G1 F3000 X172.704 Y132.71 E3883.03558
G0 F9000 X173.883 Y132.459
G0 X174.135 Y131.882
G1 F3000 X174.774 Y131.71 E3883.06639
G0 F9000 X174.134 Y127.374
G1 F3000 X174.774 Y124.984 E3883.1816
G0 F9000 X174.773 Y125.499
G1 F3000 X174.135 Y125.67 E3883.21236
G0 F9000 X174.134 Y126.062
G1 F3000 X174.774 Y126.702 E3883.2545
G0 F9000 X174.134 Y119.459
G1 F3000 X174.774 Y119.287 E3883.28536
G0 F9000 X174.774 Y118.217
G1 F3000 X174.134 Y117.577 E3883.3275
G0 F9000 X174.135 Y113.247
G1 F3000 X174.774 Y113.075 E3883.35832
G0 F9000 X174.774 Y109.732
G1 F3000 X174.134 Y109.091 E3883.4005
G0 F9000 X174.135 Y107.035
G1 F3000 X174.773 Y106.864 E3883.43125
G0 F9000 X174.134 Y104.192
G1 F3000 X174.774 Y101.802 E3883.54646
G0 F9000 X174.774 Y101.247
G1 F3000 X174.134 Y100.606 E3883.58864
G0 F9000 X174.134 Y100.824
G1 F3000 X174.774 Y100.652 E3883.6195
G1 F1500 E3877.1195
G0 F9000 X173.883 Y132.459
G0 X153.027 Y132.46
G0 X152.773 Y100.336
G1 F1500 E3883.6195
G1 F3000 X152.134 Y100.507 E3883.6503
G0 F9000 X152.134 Y104.062
G1 F3000 X152.774 Y104.702 E3883.69245
G0 F9000 X152.773 Y106.547
G1 F3000 X152.134 Y106.718 E3883.72325
G0 F9000 X152.134 Y112.547
G1 F3000 X152.774 Y113.187 E3883.76539
G0 F9000 X152.773 Y112.759
G1 F3000 X152.134 Y112.93 E3883.79619
G0 F9000 X152.774 Y114.363
G1 F3000 X152.134 Y116.75 E3883.91127
G0 F9000 X152.773 Y118.971
G1 F3000 X152.134 Y119.142 E3883.94207
G0 F9000 X152.134 Y121.032
G1 F3000 X152.774 Y121.673 E3883.98425
G0 F9000 X152.773 Y125.182
G1 F3000 X152.134 Y125.353 E3884.01505
G0 F9000 X152.134 Y129.517
G1 F3000 X152.774 Y130.158 E3884.05723
G0 F9000 X152.774 Y131.394
G1 F3000 X152.134 Y131.565 E3884.08807
G1 F1500 E3877.58807
G0 F9000 X152.774 Y96.217
G1 F1500 E3884.08807
G1 F3000 X152.134 Y95.576 E3884.13025
G0 F9000 X152.445 Y94.766
;TYPE:SKIN
G1 F1500 X152.445 Y94.025 E3884.16476
G1 X152.465 Y94.026 E3884.16569
G1 X152.465 Y94.767 E3884.20019
G1 X152.445 Y94.766 E3884.20112
G1 F1500 E3877.70112
G0 F9000 X152.165 Y94.766
G0 X153.027 Y132.46
G0 X173.883 Y132.459
G0 X174.165 Y94.766
G1 F1500 E3884.20112
G0 F9000 X174.445 Y94.766
G1 F1500 X174.445 Y94.025 E3884.23563
G1 X174.465 Y94.026 E3884.23656
G1 X174.465 Y94.767 E3884.27106
G1 X174.445 Y94.766 E3884.272
G0 F9000 X174.537 Y95.058
;TYPE:SKIN
G1 F1500 X174.453 Y95.258 E3884.28347
G1 X174.453 Y132.593 E3886.25765
G1 X174.338 Y132.761 E3886.26842
G0 F9000 X174.448 Y132.871
G0 X152.679 Y132.597
G0 X152.454 Y132.372
G1 F1500 X152.454 Y132.089 E3886.28337
G1 X152.454 Y95.319 E3888.22648
G1 X152.647 Y94.948 E3888.24858
G1 F1500 E3881.74858
G0 F9000 X152.715 Y95.017
G0 X152.229 Y132.43
G1 F1500 E3888.24858
G1 X152.67 Y132.871 E3888.2631
G0 F9000 X152.387 Y132.871
G1 F1500 X152.229 Y132.713 E3888.2683
G0 F9000 X152.255 Y132.713
G1 F1500 E3881.7683
;MESH:NONMESH
G0 F300 X152.255 Y132.713 Z5.6
G0 F9000 X151.875 Y130.635
G0 X150.79 Y130.635
G0 X148.153 Y132.768
G0 X97.347 Y132.768
G0 X94.766 Y130.635
G0 X93.681 Y130.635
G0 X92.701 Y130.635
;TIME_ELAPSED:4453.923744
;LAYER:19
;TYPE:WALL-INNER
;MESH:copri staffa L 30x30x1,8 met??.stl(1)
G1 F1500 E3888.2683
G1 X92.701 Y91.383 E3890.09604
G1 X92.701 Y91.184 E3890.1053
G1 X92.9 Y91.184 E3890.1113
G1 X93.501 Y91.185 E3890.13928
G1 X93.501 Y131.709 E3892.02625
G1 X70.701 Y131.709 E3893.08792
G1 X70.701 Y91.383 E3894.96566
G1 X70.701 Y91.184 E3894.97493
G1 X70.9 Y91.184 E3894.98092
G1 X71.501 Y91.185 E3895.00891
G1 X71.501 Y130.437 E3896.83665
G1 X71.501 Y130.636 E3896.84591
G1 X71.7 Y130.636 E3896.85191
G1 X92.701 Y130.635 E3897.8298
G0 F9000 X92.301 Y130.235
;TYPE:WALL-OUTER
G1 F1500 X92.301 Y90.784 E3899.66681
G1 X93.901 Y90.785 E3899.74131
G1 X93.901 Y132.109 E3901.66553
G1 X70.301 Y132.109 E3902.76444
G1 X70.301 Y90.784 E3904.68871
G1 X71.901 Y90.785 E3904.76321
G1 X71.901 Y130.236 E3906.60021
G1 X92.301 Y130.235 E3907.55012
G0 F9000 X92.781 Y129.916
;TYPE:FILL
G1 F3000 X93.419 Y129.745 E3907.58088
G0 F9000 X92.313 Y131.628
G1 F3000 X91.399 Y130.715 E3907.64104
G0 F9000 X91.098 Y130.714
G1 F3000 X90.853 Y131.628 E3907.6851
G0 F9000 X89.801 Y130.714
G1 F3000 X86.39 Y131.628 E3907.84953
G0 F9000 X84.641 Y131.629
G1 F3000 X84.887 Y130.714 E3907.89365
G0 F9000 X83.828 Y131.628
G1 F3000 X82.914 Y130.715 E3907.95381
G0 F9000 X78.675 Y130.714
G1 F3000 X78.43 Y131.628 E3907.99787
G0 F9000 X75.342 Y131.628
G1 F3000 X74.429 Y130.715 E3908.05799
G0 F9000 X72.463 Y130.714
G1 F3000 X72.218 Y131.628 E3908.10205
G0 F9000 X71.728 Y130.581
G0 X71.42 Y129.428
G1 F3000 X70.781 Y129.599 E3908.13286
G0 F9000 X71.421 Y127.707
G1 F3000 X70.78 Y127.066 E3908.17507
G0 F9000 X70.78 Y123.387
G1 F3000 X71.42 Y123.216 E3908.20591
G0 F9000 X71.421 Y119.221
G1 F3000 X70.78 Y118.581 E3908.24809
G0 F9000 X70.781 Y117.176
G1 F3000 X71.419 Y117.005 E3908.27885
G0 F9000 X70.78 Y113.812
G1 F3000 X71.42 Y111.424 E3908.39397
G0 F9000 X71.42 Y110.793
G1 F3000 X70.781 Y110.964 E3908.42477
G0 F9000 X71.421 Y110.736
G1 F3000 X70.78 Y110.095 E3908.46698
G0 F9000 X70.78 Y104.752
G1 F3000 X71.42 Y104.581 E3908.49783
G0 F9000 X71.421 Y102.251
G1 F3000 X70.78 Y101.61 E3908.54004
G0 F9000 X70.781 Y98.541
G1 F3000 X71.42 Y98.369 E3908.57085
G0 F9000 X71.421 Y93.765
G1 F3000 X70.78 Y93.125 E3908.61303
G1 F1500 E3902.11303
G0 F9000 X71.673 Y130.464
G0 X92.529 Y130.463
G0 X92.781 Y92.646
G1 F1500 E3908.61303
G1 F3000 X93.419 Y92.475 E3908.64378
G0 F9000 X92.78 Y98.154
G1 F3000 X93.42 Y98.794 E3908.68593
G0 F9000 X93.42 Y98.865
G1 F3000 X92.78 Y101.254 E3908.80109
G0 F9000 X92.78 Y98.858
G1 F3000 X93.42 Y98.686 E3908.83195
G0 F9000 X93.419 Y104.898
G1 F3000 X92.781 Y105.069 E3908.86271
G0 F9000 X92.78 Y106.64
G1 F3000 X93.42 Y107.28 E3908.90485
G0 F9000 X93.419 Y111.11
G1 F3000 X92.781 Y111.281 E3908.93561
G0 F9000 X92.78 Y115.125
G1 F3000 X93.42 Y115.765 E3908.97776
G0 F9000 X93.419 Y117.321
G1 F3000 X92.78 Y117.493 E3909.00857
G0 F9000 X93.42 Y122.049
G1 F3000 X92.781 Y124.435 E3909.12359
G0 F9000 X93.42 Y124.25
G1 F3000 X92.78 Y123.61 E3909.16573
G0 F9000 X92.781 Y123.704
G1 F3000 X93.42 Y123.533 E3909.19653
G1 F1500 E3902.69653
G0 F9000 X93.11 Y92.595
G1 F1500 E3909.19653
G0 F9000 X93.111 Y92.316
;TYPE:SKIN
G1 F1500 X93.091 Y92.315 E3909.19747
G1 X93.091 Y91.574 E3909.23197
G1 X93.111 Y91.575 E3909.2329
G1 X93.111 Y92.316 E3909.26741
G1 F1500 E3902.76741
G0 F9000 X93.11 Y92.595
G0 X92.529 Y130.463
G0 X71.673 Y130.464
G0 X71.11 Y92.595
G1 F1500 E3909.26741
G0 F9000 X71.111 Y92.316
G1 F1500 X71.091 Y92.315 E3909.26834
G1 X71.091 Y91.574 E3909.30284
G1 X71.111 Y91.575 E3909.30378
G1 X71.111 Y92.316 E3909.33828
G0 F9000 X71.018 Y92.464
;TYPE:SKIN
G1 F1500 X70.876 Y92.606 E3909.34296
G0 F9000 X71.088 Y92.676
G1 F1500 X71.1 Y92.947 E3909.3572
G1 X71.1 Y130.565 E3911.33206
G1 X71.199 Y130.749 E3911.34302
G0 F9000 X71.074 Y130.875
G0 X92.875 Y130.852
G0 X93.1 Y130.627
G1 F1500 X93.1 Y130.345 E3911.35797
G1 X93.1 Y92.727 E3913.35111
G1 X92.977 Y92.566 E3913.36185
G1 F1500 E3906.86185
G0 F9000 X92.875 Y92.669
G0 X93.325 Y130.686
G1 F1500 E3913.36185
G1 X93.136 Y130.874 E3913.36805
G1 F1500 E3906.86805
;MESH:copri staffa L 30x30x1,8 met??.stl
G0 F9000 X93.681 Y130.592
G0 X94.766 Y130.592
G0 X97.335 Y130.592
G0 X98.42 Y130.592
G0 X99.599 Y130.592
;TYPE:WALL-INNER
G1 F1500 E3913.36805
G1 X120.6 Y130.591 E3914.34595
G1 X120.6 Y91.338 E3916.17373
G1 X120.6 Y91.139 E3916.183
G1 X120.799 Y91.139 E3916.18899
G1 X121.4 Y91.14 E3916.21698
G1 X121.4 Y131.664 E3918.10395
G1 X98.6 Y131.664 E3919.16561
G1 X98.6 Y91.338 E3921.04336
G1 X98.6 Y91.139 E3921.05262
G1 X98.799 Y91.139 E3921.05862
G1 X99.4 Y91.14 E3921.0866
G1 X99.4 Y130.393 E3922.91439
G1 X99.4 Y130.592 E3922.92365
G1 X99.599 Y130.592 E3922.92965
G0 F9000 X99.8 Y130.192
;TYPE:WALL-OUTER
G1 F1500 X120.2 Y130.191 E3923.87956
G1 X120.2 Y90.739 E3925.71661
G1 X121.8 Y90.74 E3925.79111
G1 X121.8 Y132.064 E3927.71533
G1 X98.2 Y132.064 E3928.81425
G1 X98.2 Y90.739 E3930.73851
G1 X99.8 Y90.74 E3930.81301
G1 X99.8 Y130.192 E3932.65006
G0 F9000 X100.361 Y130.67
;TYPE:FILL
G1 F3000 X100.116 Y131.584 E3932.69413
G0 F9000 X99.627 Y130.537
G0 X99.318 Y129.382
G1 F3000 X98.68 Y129.554 E3932.72489
G0 F9000 X99.319 Y127.661
G1 F3000 X98.679 Y127.021 E3932.76704
G0 F9000 X98.679 Y123.342
G1 F3000 X99.319 Y123.171 E3932.79789
G0 F9000 X99.319 Y119.176
G1 F3000 X98.679 Y118.536 E3932.84003
G0 F9000 X98.68 Y117.13
G1 F3000 X99.319 Y116.959 E3932.87083
G0 F9000 X98.679 Y113.765
G1 F3000 X99.319 Y111.376 E3932.986
G0 F9000 X99.318 Y110.748
G1 F3000 X98.68 Y110.919 E3933.01675
G0 F9000 X99.319 Y110.691
G1 F3000 X98.679 Y110.051 E3933.0589
G0 F9000 X98.679 Y104.707
G1 F3000 X99.319 Y104.536 E3933.08975
G0 F9000 X99.319 Y102.205
G1 F3000 X98.679 Y101.565 E3933.13189
G0 F9000 X98.68 Y98.495
G1 F3000 X99.319 Y98.324 E3933.16269
G0 F9000 X99.319 Y93.72
G1 F3000 X98.679 Y93.08 E3933.20484
G1 F1500 E3926.70484
G0 F9000 X99.572 Y130.42
G0 X120.428 Y130.419
G0 X120.679 Y92.601
G1 F1500 E3933.20484
G1 F3000 X121.318 Y92.429 E3933.23565
G0 F9000 X120.679 Y98.109
G1 F3000 X121.32 Y98.75 E3933.27786
G0 F9000 X121.319 Y98.819
G1 F3000 X120.68 Y101.205 E3933.39288
G0 F9000 X120.679 Y98.812
G1 F3000 X121.319 Y98.641 E3933.42373
G0 F9000 X121.318 Y104.853
G1 F3000 X120.679 Y105.024 E3933.45453
G0 F9000 X120.679 Y106.594
G1 F3000 X121.32 Y107.236 E3933.49677
G0 F9000 X121.318 Y111.064
G1 F3000 X120.68 Y111.235 E3933.52753
G0 F9000 X120.679 Y115.08
G1 F3000 X121.32 Y115.721 E3933.56974
G0 F9000 X121.319 Y117.276
G1 F3000 X120.679 Y117.447 E3933.60058
G0 F9000 X121.319 Y122.001
G1 F3000 X120.68 Y124.387 E3933.7156
G0 F9000 X121.32 Y124.206
G1 F3000 X120.679 Y123.565 E3933.75781
G0 F9000 X120.679 Y123.659
G1 F3000 X121.318 Y123.488 E3933.78861
G0 F9000 X121.318 Y129.699
G1 F3000 X120.679 Y129.871 E3933.81943
G0 F9000 X120.428 Y130.419
G0 X119.298 Y130.67
G1 F3000 X120.211 Y131.583 E3933.87955
G0 F9000 X118.751 Y131.583
G1 F3000 X118.996 Y130.67 E3933.92357
G0 F9000 X117.696 Y130.67
G1 F3000 X114.287 Y131.583 E3934.0879
G0 F9000 X112.54 Y131.584
G1 F3000 X112.785 Y130.67 E3934.13196
G0 F9000 X111.726 Y131.583
G1 F3000 X110.813 Y130.67 E3934.19208
G0 F9000 X106.573 Y130.67
G1 F3000 X106.328 Y131.584 E3934.23615
G0 F9000 X103.241 Y131.583
G1 F3000 X102.328 Y130.671 E3934.29624
G1 F1500 E3927.79624
G0 F9000 X99.572 Y130.42
G0 X99.009 Y92.55
G1 F1500 E3934.29624
G0 F9000 X99.01 Y92.271
;TYPE:SKIN
G1 F1500 X98.99 Y92.27 E3934.29717
G1 X98.99 Y91.529 E3934.33167
G1 X99.01 Y91.53 E3934.33261
G1 X99.01 Y92.271 E3934.36711
G1 F1500 E3927.86711
G0 F9000 X99.009 Y92.55
G0 X99.572 Y130.42
G0 X120.428 Y130.419
G0 X120.71 Y92.27
G1 F1500 E3934.36711
G0 F9000 X120.99 Y92.27
G1 F1500 X120.99 Y91.529 E3934.40161
G1 X121.01 Y91.53 E3934.40255
G1 X121.01 Y92.271 E3934.43705
G1 X120.99 Y92.27 E3934.43798
G0 F9000 X120.95 Y92.595
;TYPE:SKIN
G1 F1500 X120.809 Y92.453 E3934.45173
G0 F9000 X120.999 Y92.828
G1 F1500 X120.999 Y93.111 E3934.46663
G1 X120.999 Y130.446 E3936.43286
G1 X121.203 Y130.809 E3936.45479
G0 F9000 X121.224 Y130.788
G0 X99.224 Y130.726
G0 X99.172 Y130.778
G1 F1500 X99.03 Y130.637 E3936.46527
G1 X98.999 Y128.688 E3936.56741
G1 X98.999 Y92.767 E3938.44953
G1 X98.919 Y92.564 E3938.46096
G0 F9000 X98.8 Y92.732
G1 F1500 E3931.96096
;MESH:copri staffa L 30x30x1,8 met??.stl(2)
G0 F9000 X99.572 Y130.42
G0 X121.58 Y130.592
G0 X123.92 Y130.592
G0 X125.099 Y130.592
;TYPE:WALL-INNER
G1 F1500 E3938.46096
G1 X146.1 Y130.591 E3939.43886
G1 X146.1 Y91.338 E3941.26664
G1 X146.1 Y91.139 E3941.27591
G1 X146.299 Y91.139 E3941.2819
G1 X146.9 Y91.14 E3941.30989
G1 X146.9 Y131.664 E3943.19685
G1 X124.1 Y131.664 E3944.25852
G1 X124.1 Y91.338 E3946.13626
G1 X124.1 Y91.139 E3946.14553
G1 X124.299 Y91.139 E3946.15153
G1 X124.9 Y91.14 E3946.17951
G1 X124.9 Y130.393 E3948.00729
G1 X124.9 Y130.592 E3948.01656
G1 X125.099 Y130.592 E3948.02256
G0 F9000 X125.3 Y130.192
;TYPE:WALL-OUTER
G1 F1500 X145.7 Y130.191 E3948.97247
G1 X145.7 Y90.739 E3950.80952
G1 X147.3 Y90.74 E3950.88402
G1 X147.3 Y132.064 E3952.80824
G1 X123.7 Y132.064 E3953.90715
G1 X123.7 Y90.739 E3955.83142
G1 X125.3 Y90.74 E3955.90592
G1 X125.3 Y130.192 E3957.74297
G0 F9000 X125.862 Y130.671
;TYPE:FILL
G1 F3000 X125.617 Y131.583 E3957.78694
G0 F9000 X125.127 Y130.537
G0 X124.818 Y129.383
G1 F3000 X124.18 Y129.554 E3957.8177
G0 F9000 X124.82 Y127.663
G1 F3000 X124.179 Y127.021 E3957.85994
G0 F9000 X124.179 Y123.342
G1 F3000 X124.819 Y123.171 E3957.89079
G0 F9000 X124.82 Y119.177
G1 F3000 X124.179 Y118.536 E3957.933
G0 F9000 X124.18 Y117.13
G1 F3000 X124.819 Y116.959 E3957.9638
G0 F9000 X124.18 Y113.767
G1 F3000 X124.819 Y111.38 E3958.07886
G0 F9000 X124.818 Y110.748
G1 F3000 X124.18 Y110.919 E3958.10962
G0 F9000 X124.82 Y110.692
G1 F3000 X124.179 Y110.051 E3958.15183
G0 F9000 X124.179 Y104.707
G1 F3000 X124.819 Y104.536 E3958.18268
G0 F9000 X124.82 Y102.207
G1 F3000 X124.179 Y101.565 E3958.22492
G0 F9000 X124.179 Y98.496
G1 F3000 X124.819 Y98.324 E3958.25578
G0 F9000 X124.82 Y93.722
G1 F3000 X124.179 Y93.08 E3958.29802
G1 F1500 E3951.79802
G0 F9000 X125.072 Y130.42
G0 X145.928 Y130.419
G0 X146.179 Y92.601
G1 F1500 E3958.29802
G1 F3000 X146.818 Y92.43 E3958.32883
G0 F9000 X146.179 Y98.11
G1 F3000 X146.819 Y98.75 E3958.37097
G0 F9000 X146.819 Y98.823
G1 F3000 X146.179 Y101.209 E3958.486
G0 F9000 X146.179 Y98.812
G1 F3000 X146.819 Y98.641 E3958.51685
G0 F9000 X146.818 Y104.853
G1 F3000 X146.179 Y105.024 E3958.54765
G0 F9000 X146.179 Y106.595
G1 F3000 X146.819 Y107.235 E3958.58979
G0 F9000 X146.818 Y111.065
G1 F3000 X146.179 Y111.236 E3958.6206
G0 F9000 X146.179 Y115.08
G1 F3000 X146.819 Y115.72 E3958.66274
G0 F9000 X146.819 Y117.276
G1 F3000 X146.179 Y117.447 E3958.69359
G0 F9000 X146.819 Y122.005
G1 F3000 X146.18 Y124.391 E3958.8086
G0 F9000 X146.819 Y124.206
G1 F3000 X146.179 Y123.566 E3958.85075
G0 F9000 X146.179 Y123.659
G1 F3000 X146.818 Y123.488 E3958.88155
G0 F9000 X146.818 Y129.699
G1 F3000 X146.179 Y129.871 E3958.91236
G0 F9000 X145.928 Y130.419
G0 X144.799 Y130.671
G1 F3000 X145.711 Y131.583 E3958.97242
G0 F9000 X144.252 Y131.584
G1 F3000 X144.497 Y130.67 E3959.01648
G0 F9000 X143.196 Y130.67
G1 F3000 X139.787 Y131.583 E3959.18082
G0 F9000 X138.041 Y131.584
G1 F3000 X138.285 Y130.67 E3959.22487
G0 F9000 X137.226 Y131.583
G1 F3000 X136.313 Y130.671 E3959.28496
G0 F9000 X132.074 Y130.67
G1 F3000 X131.829 Y131.583 E3959.32897
G0 F9000 X128.74 Y131.583
G1 F3000 X127.828 Y130.671 E3959.38903
G1 F1500 E3952.88903
G0 F9000 X125.072 Y130.42
G0 X124.509 Y92.55
G1 F1500 E3959.38903
G0 F9000 X124.51 Y92.271
;TYPE:SKIN
G1 F1500 X124.49 Y92.27 E3959.38996
G1 X124.49 Y91.529 E3959.42447
G1 X124.51 Y91.53 E3959.4254
G1 X124.51 Y92.271 E3959.4599
G1 F1500 E3952.9599
G0 F9000 X124.509 Y92.55
G0 X125.072 Y130.42
G0 X145.928 Y130.419
G0 X146.21 Y92.27
G1 F1500 E3959.4599
G0 F9000 X146.49 Y92.27
G1 F1500 X146.49 Y91.529 E3959.49441
G1 X146.51 Y91.53 E3959.49534
G1 X146.51 Y92.271 E3959.52984
G1 X146.49 Y92.27 E3959.53078
G0 F9000 X146.427 Y92.573
;TYPE:SKIN
G1 F1500 X146.498 Y92.785 E3959.54254
G1 X146.498 Y130.403 E3961.52134
G1 X146.68 Y130.787 E3961.54369
G0 F9000 X146.637 Y130.831
G0 X124.724 Y130.682
G1 F1500 X124.575 Y130.831 E3961.54859
G0 F9000 X124.508 Y130.615
G1 F1500 X124.499 Y130.341 E3961.56312
G1 X124.499 Y92.723 E3963.55661
G1 X124.397 Y92.542 E3963.56762
G0 F9000 X124.3 Y92.732
G1 F1500 E3957.06762
;MESH:copri staffa L 30x30x1,8 met??.stl(3)
G0 F9000 X125.072 Y130.42
G0 X147.086 Y131.85
G0 X148.165 Y131.85
G0 X150.79 Y131.85
G0 X151.875 Y131.85
G0 X153.054 Y132.808
;TYPE:WALL-INNER
G1 F1500 E3963.56762
G1 X174.055 Y132.807 E3964.54551
G1 X174.055 Y93.554 E3966.3733
G1 X174.055 Y93.355 E3966.38256
G1 X174.254 Y93.355 E3966.38856
G1 X174.855 Y93.356 E3966.41655
G1 X174.855 Y133.88 E3968.30351
G1 X152.055 Y133.88 E3969.36518
G1 X152.055 Y93.554 E3971.24292
G1 X152.055 Y93.355 E3971.25219
G1 X152.254 Y93.355 E3971.25818
G1 X152.855 Y93.356 E3971.28617
G1 X152.855 Y132.609 E3973.11395
G1 X152.855 Y132.808 E3973.12322
G1 X153.054 Y132.808 E3973.12922
G0 F9000 X153.255 Y132.408
;TYPE:WALL-OUTER
G1 F1500 X173.655 Y132.407 E3974.07913
G1 X173.655 Y92.955 E3975.91618
G1 X175.255 Y92.956 E3975.99068
G1 X175.255 Y134.28 E3977.9149
G1 X151.655 Y134.28 E3979.01381
G1 X151.655 Y92.955 E3980.93808
G1 X153.255 Y92.956 E3981.01258
G1 X153.255 Y132.408 E3982.84963
G0 F9000 X153.817 Y132.886
;TYPE:FILL
G1 F3000 X153.572 Y133.799 E3982.89365
G0 F9000 X153.082 Y132.753
G0 X152.774 Y131.599
G1 F3000 X152.135 Y131.77 E3982.92445
G0 F9000 X152.774 Y129.878
G1 F3000 X152.134 Y129.237 E3982.96663
G0 F9000 X152.134 Y125.558
G1 F3000 X152.774 Y125.387 E3982.99747
G0 F9000 X152.774 Y121.393
G1 F3000 X152.134 Y120.752 E3983.03965
G0 F9000 X152.135 Y119.347
G1 F3000 X152.774 Y119.175 E3983.07046
G0 F9000 X152.135 Y115.983
G1 F3000 X152.774 Y113.596 E3983.18553
G0 F9000 X152.773 Y112.964
G1 F3000 X152.135 Y113.135 E3983.21628
G0 F9000 X152.774 Y112.907
G1 F3000 X152.134 Y112.267 E3983.25843
G0 F9000 X152.134 Y106.923
G1 F3000 X152.774 Y106.752 E3983.28928
G0 F9000 X152.774 Y104.422
G1 F3000 X152.134 Y103.782 E3983.33142
G0 F9000 X152.135 Y100.712
G1 F3000 X152.774 Y100.54 E3983.36223
G0 F9000 X152.774 Y95.937
G1 F3000 X152.134 Y95.296 E3983.40441
G1 F1500 E3976.90441
G0 F9000 X153.027 Y132.636
G0 X173.883 Y132.635
G0 X174.135 Y94.817
G1 F1500 E3983.40441
G1 F3000 X174.773 Y94.646 E3983.43517
G0 F9000 X174.134 Y100.326
G1 F3000 X174.774 Y100.966 E3983.47731
G0 F9000 X174.774 Y101.039
G1 F3000 X174.134 Y103.425 E3983.59234
G0 F9000 X174.134 Y101.029
G1 F3000 X174.774 Y100.857 E3983.6232
G0 F9000 X174.773 Y107.069
G1 F3000 X174.134 Y107.24 E3983.654
G0 F9000 X174.134 Y108.811
G1 F3000 X174.774 Y109.451 E3983.69615
G0 F9000 X174.773 Y113.281
G1 F3000 X174.135 Y113.452 E3983.7269
G0 F9000 X174.134 Y117.296
G1 F3000 X174.774 Y117.936 E3983.76905
G0 F9000 X174.773 Y119.492
G1 F3000 X174.134 Y119.664 E3983.79986
G0 F9000 X174.774 Y124.221
G1 F3000 X174.135 Y126.607 E3983.91488
G0 F9000 X174.774 Y126.422
G1 F3000 X174.134 Y125.782 E3983.95703
G0 F9000 X174.134 Y125.875
G1 F3000 X174.773 Y125.704 E3983.98783
G0 F9000 X174.773 Y131.916
G1 F3000 X174.134 Y132.087 E3984.01863
G0 F9000 X173.883 Y132.635
G0 X172.754 Y132.887
G1 F3000 X173.666 Y133.8 E3984.07872
G0 F9000 X172.207 Y133.799
G1 F3000 X172.452 Y132.886 E3984.12274
G0 F9000 X171.151 Y132.886
G1 F3000 X167.744 Y133.799 E3984.28698
G0 F9000 X165.996 Y133.8
G1 F3000 X166.241 Y132.886 E3984.33104
G0 F9000 X165.181 Y133.8
G1 F3000 X164.269 Y132.887 E3984.39113
G0 F9000 X160.029 Y132.886
G1 F3000 X159.784 Y133.799 E3984.43515
G0 F9000 X156.696 Y133.8
G1 F3000 X155.784 Y132.887 E3984.49524
G1 F1500 E3977.99524
G0 F9000 X153.027 Y132.636
G0 X152.464 Y94.766
G1 F1500 E3984.49524
G0 F9000 X152.465 Y94.487
;TYPE:SKIN
G1 F1500 X152.445 Y94.486 E3984.49617
G1 X152.445 Y93.745 E3984.53067
G1 X152.465 Y93.746 E3984.53161
G1 X152.465 Y94.487 E3984.56611
G1 F1500 E3978.06611
G0 F9000 X152.464 Y94.766
G0 X153.027 Y132.636
G0 X173.883 Y132.635
G0 X174.165 Y94.486
G1 F1500 E3984.56611
G0 F9000 X174.445 Y94.486
G1 F1500 X174.445 Y93.745 E3984.60061
G1 X174.465 Y93.746 E3984.60155
G1 X174.465 Y94.487 E3984.63605
G1 X174.445 Y94.486 E3984.63698
G0 F9000 X174.287 Y94.694
;TYPE:SKIN
G1 F1500 X174.428 Y94.836 E3984.64749
G1 X174.453 Y97.357 E3984.77981
G1 X174.453 Y132.713 E3986.63549
G1 X174.54 Y132.909 E3986.64675
G0 F9000 X174.402 Y133.047
G0 X152.679 Y132.991
G0 X152.65 Y133.019
G1 F1500 X152.509 Y132.878 E3986.65716
G1 X152.454 Y131.802 E3986.71341
G1 X152.454 Y95.032 E3988.63298
G1 X152.257 Y94.663 E3988.65482
G0 F9000 X152.255 Y94.635
G1 F1500 E3982.15482
;MESH:NONMESH
G0 F300 X152.255 Y94.635 Z5.88
G0 F9000 X152.165 Y94.635
G0 X151.875 Y130.811
G0 X150.79 Y130.811
G0 X148.153 Y132.917
G0 X97.347 Y132.917
G0 X94.766 Y130.811
G0 X93.681 Y130.811
G0 X92.701 Y130.811
;TIME_ELAPSED:4589.155719
;LAYER:20
;TYPE:WALL-INNER
;MESH:copri staffa L 30x30x1,8 met??.stl(1)
G1 F1500 E3988.65482
G1 X92.701 Y91.103 E3990.50379
G1 X92.701 Y90.904 E3990.51306
G1 X92.9 Y90.904 E3990.51905
G1 X93.501 Y90.905 E3990.54704
G1 X93.501 Y131.817 E3992.45207
G1 X70.701 Y131.817 E3993.51374
G1 X70.701 Y91.103 E3995.40955
G1 X70.701 Y90.904 E3995.41882
G1 X70.9 Y90.904 E3995.42481
G1 X71.501 Y90.905 E3995.4528
G1 X71.501 Y130.613 E3997.30177
G1 X71.501 Y130.812 E3997.31104
G1 X71.7 Y130.812 E3997.31703
G1 X92.701 Y130.811 E3998.29492
G0 F9000 X92.301 Y130.411
;TYPE:WALL-OUTER
G1 F1500 X92.301 Y90.504 E4000.15316
G1 X93.901 Y90.505 E4000.22766
G1 X93.901 Y132.217 E4002.16995
G1 X70.301 Y132.217 E4003.26886
G1 X70.301 Y90.504 E4005.2112
G1 X71.901 Y90.505 E4005.2857
G1 X71.901 Y130.412 E4007.14394
G1 X92.301 Y130.411 E4008.09385
G0 F9000 X92.781 Y130.121
;TYPE:FILL
G1 F3000 X93.419 Y129.95 E4008.1246
G0 F9000 X92.618 Y130.57
G0 X91.855 Y130.89
G1 F3000 X92.7 Y131.736 E4008.18028
G0 F9000 X90.846 Y130.889
G1 F3000 X90.619 Y131.736 E4008.22111
G0 F9000 X89.909 Y130.89
G1 F3000 X86.751 Y131.736 E4008.37335
G0 F9000 X84.635 Y130.89
G1 F3000 X84.408 Y131.737 E4008.41418
G0 F9000 X84.215 Y131.736
G1 F3000 X83.37 Y130.89 E4008.46986
G0 F9000 X78.423 Y130.89
G1 F3000 X78.196 Y131.736 E4008.51064
G0 F9000 X75.73 Y131.736
G1 F3000 X74.885 Y130.891 E4008.56629
G0 F9000 X72.211 Y130.89
G1 F3000 X71.984 Y131.736 E4008.60707
G0 F9000 X71.42 Y129.633
G1 F3000 X70.78 Y129.804 E4008.63792
G0 F9000 X71.421 Y127.427
G1 F3000 X70.78 Y126.786 E4008.68013
G0 F9000 X70.78 Y123.592
G1 F3000 X71.42 Y123.421 E4008.71098
G0 F9000 X71.421 Y118.941
G1 F3000 X70.78 Y118.301 E4008.75316
G0 F9000 X70.781 Y117.381
G1 F3000 X71.419 Y117.21 E4008.78391
G0 F9000 X70.78 Y113.048
G1 F3000 X71.42 Y110.66 E4008.89903
G0 F9000 X71.421 Y110.456
G1 F3000 X70.78 Y109.815 E4008.94124
G0 F9000 X71.42 Y110.998
G1 F3000 X70.78 Y111.169 E4008.97209
G0 F9000 X70.78 Y104.957
G1 F3000 X71.42 Y104.786 E4009.00294
G0 F9000 X71.421 Y101.971
G1 F3000 X70.78 Y101.33 E4009.04515
G0 F9000 X70.781 Y98.746
G1 F3000 X71.419 Y98.575 E4009.0759
G0 F9000 X71.421 Y93.485
G1 F3000 X70.78 Y92.845 E4009.11808
G0 F9000 X70.78 Y92.534
G1 F3000 X71.419 Y92.363 E4009.14888
G1 F1500 E4002.64888
G0 F9000 X71.673 Y130.64
G0 X92.529 Y130.639
G0 X92.781 Y92.851
G1 F1500 E4009.14888
G1 F3000 X93.419 Y92.68 E4009.17964
G0 F9000 X92.78 Y97.874
G1 F3000 X93.42 Y98.514 E4009.22178
G0 F9000 X93.419 Y98.891
G1 F3000 X92.781 Y99.062 E4009.25254
G0 F9000 X93.42 Y98.102
G1 F3000 X92.781 Y100.488 E4009.36756
G0 F9000 X93.419 Y105.103
G1 F3000 X92.781 Y105.274 E4009.39832
G0 F9000 X92.78 Y106.36
G1 F3000 X93.42 Y107 E4009.44046
G0 F9000 X93.419 Y111.315
G1 F3000 X92.781 Y111.486 E4009.47122
G0 F9000 X92.78 Y114.845
G1 F3000 X93.42 Y115.485 E4009.51336
G0 F9000 X93.419 Y117.526
G1 F3000 X92.78 Y117.697 E4009.54416
G0 F9000 X93.42 Y121.285
G1 F3000 X92.78 Y123.672 E4009.65924
G0 F9000 X92.78 Y123.909
G1 F3000 X93.42 Y123.738 E4009.69008
G0 F9000 X93.42 Y123.97
G1 F3000 X92.78 Y123.33 E4009.73223
G1 F1500 E4003.23223
G0 F9000 X93.11 Y92.315
G1 F1500 E4009.73223
G0 F9000 X93.111 Y92.036
;TYPE:SKIN
G1 F1500 X93.091 Y92.035 E4009.73316
G1 X93.091 Y91.294 E4009.76767
G1 X93.111 Y91.295 E4009.7686
G1 X93.111 Y92.036 E4009.8031
G1 F1500 E4003.3031
G0 F9000 X93.11 Y92.315
G0 X92.529 Y130.639
G0 X71.673 Y130.64
G0 X71.11 Y92.315
G1 F1500 E4009.8031
G0 F9000 X71.111 Y92.036
G1 F1500 X71.091 Y92.035 E4009.80404
G1 X71.091 Y91.294 E4009.83854
G1 X71.111 Y91.295 E4009.83947
G1 X71.111 Y92.036 E4009.87398
G0 F9000 X71.148 Y92.361
;TYPE:SKIN
G1 F1500 X71.1 Y92.596 E4009.88664
G1 X71.1 Y130.78 E4011.90258
G1 X70.982 Y130.944 E4011.91325
G0 F9000 X70.876 Y130.838
G0 X92.875 Y130.776
G0 X93.012 Y130.913
G1 F1500 X93.1 Y130.718 E4011.92454
G1 X93.1 Y92.534 E4013.93983
G1 X93.18 Y92.331 E4013.95135
G1 F1500 E4007.45135
G0 F9000 X93.033 Y92.315
G0 X92.529 Y130.639
G0 X71.673 Y130.64
G0 X71.361 Y92.286
G1 F1500 E4013.95135
G0 F9000 X71.325 Y92.256
G1 F1500 X71.255 Y92.185 E4013.95367
G0 F9000 X71.253 Y92.615
G1 F1500 E4007.45367
;MESH:copri staffa L 30x30x1,8 met??.stl
G0 F9000 X71.673 Y130.64
G0 X93.681 Y130.768
G0 X94.766 Y130.768
G0 X97.335 Y130.768
G0 X98.42 Y130.768
G0 X99.599 Y130.768
;TYPE:WALL-INNER
G1 F1500 E4013.95367
G1 X120.6 Y130.767 E4014.93156
G1 X120.6 Y91.058 E4016.78058
G1 X120.6 Y90.859 E4016.78985
G1 X120.799 Y90.859 E4016.79584
G1 X121.4 Y90.86 E4016.82383
G1 X121.4 Y131.772 E4018.72886
G1 X98.6 Y131.772 E4019.79053
G1 X98.6 Y91.058 E4021.68634
G1 X98.6 Y90.859 E4021.69561
G1 X98.799 Y90.859 E4021.7016
G1 X99.4 Y90.86 E4021.72959
G1 X99.4 Y130.569 E4023.5786
G1 X99.4 Y130.768 E4023.58787
G1 X99.599 Y130.768 E4023.59387
G0 F9000 X99.8 Y130.368
;TYPE:WALL-OUTER
G1 F1500 X120.2 Y130.367 E4024.54378
G1 X120.2 Y90.459 E4026.40206
G1 X121.8 Y90.46 E4026.47656
G1 X121.8 Y132.172 E4028.41885
G1 X98.2 Y132.172 E4029.51776
G1 X98.2 Y90.459 E4031.46009
G1 X99.8 Y90.46 E4031.5346
G1 X99.8 Y130.368 E4033.39288
G0 F9000 X100.109 Y130.846
;TYPE:FILL
G1 F3000 X99.883 Y131.691 E4033.43361
G0 F9000 X99.319 Y129.587
G1 F3000 X98.679 Y129.759 E4033.46447
G0 F9000 X99.32 Y127.382
G1 F3000 X98.679 Y126.741 E4033.50668
G0 F9000 X98.679 Y123.547
G1 F3000 X99.318 Y123.376 E4033.53748
G0 F9000 X99.32 Y118.897
G1 F3000 X98.679 Y118.256 E4033.57969
G0 F9000 X98.68 Y117.335
G1 F3000 X99.318 Y117.164 E4033.61045
G0 F9000 X98.679 Y113
G1 F3000 X99.319 Y110.613 E4033.72552
G0 F9000 X99.319 Y110.411
G1 F3000 X98.679 Y109.771 E4033.76767
G0 F9000 X99.318 Y110.952
G1 F3000 X98.679 Y111.124 E4033.79848
G0 F9000 X98.679 Y104.912
G1 F3000 X99.319 Y104.741 E4033.82933
G0 F9000 X99.319 Y101.925
G1 F3000 X98.679 Y101.285 E4033.87147
G0 F9000 X98.68 Y98.7
G1 F3000 X99.318 Y98.529 E4033.90223
G0 F9000 X99.319 Y93.44
G1 F3000 X98.679 Y92.8 E4033.94438
G0 F9000 X98.679 Y92.489
G1 F3000 X99.318 Y92.318 E4033.97518
G1 F1500 E4027.47518
G0 F9000 X99.572 Y130.596
G0 X120.428 Y130.595
G0 X120.68 Y92.805
G1 F1500 E4033.97518
G1 F3000 X121.318 Y92.634 E4034.00593
G0 F9000 X120.679 Y97.829
G1 F3000 X121.319 Y98.47 E4034.04811
G0 F9000 X121.318 Y98.846
G1 F3000 X120.68 Y99.017 E4034.07887
G0 F9000 X121.319 Y98.053
G1 F3000 X120.679 Y100.442 E4034.19403
G0 F9000 X121.318 Y105.058
G1 F3000 X120.68 Y105.229 E4034.22479
G0 F9000 X120.679 Y106.314
G1 F3000 X121.319 Y106.955 E4034.26697
G0 F9000 X121.318 Y111.269
G1 F3000 X120.68 Y111.44 E4034.29772
G0 F9000 X120.679 Y114.8
G1 F3000 X121.319 Y115.44 E4034.33987
G0 F9000 X121.318 Y117.481
G1 F3000 X120.679 Y117.652 E4034.37067
G0 F9000 X121.319 Y121.235
G1 F3000 X120.679 Y123.624 E4034.48583
G0 F9000 X120.68 Y123.864
G1 F3000 X121.318 Y123.693 E4034.51659
G0 F9000 X121.319 Y123.926
G1 F3000 X120.679 Y123.285 E4034.55877
G0 F9000 X121.318 Y129.904
G1 F3000 X120.68 Y130.075 E4034.58953
G0 F9000 X120.428 Y130.595
G0 X119.755 Y130.847
G1 F3000 X120.599 Y131.691 E4034.6451
G0 F9000 X118.744 Y130.845
G1 F3000 X118.518 Y131.692 E4034.68592
G0 F9000 X117.804 Y130.846
G1 F3000 X114.65 Y131.691 E4034.83797
G0 F9000 X112.532 Y130.846
G1 F3000 X112.306 Y131.691 E4034.8787
G0 F9000 X112.114 Y131.691
G1 F3000 X111.27 Y130.847 E4034.93428
G0 F9000 X106.321 Y130.846
G1 F3000 X106.094 Y131.691 E4034.97502
G0 F9000 X103.629 Y131.691
G1 F3000 X102.785 Y130.847 E4035.0306
G1 F1500 E4028.5306
G0 F9000 X99.572 Y130.596
G0 X99.009 Y92.27
G1 F1500 E4035.0306
G0 F9000 X99.01 Y91.991
;TYPE:SKIN
G1 F1500 X98.99 Y91.99 E4035.03153
G1 X98.99 Y91.249 E4035.06603
G1 X99.01 Y91.25 E4035.06696
G1 X99.01 Y91.991 E4035.10147
G1 F1500 E4028.60147
G0 F9000 X99.009 Y92.27
G0 X99.572 Y130.596
G0 X120.428 Y130.595
G0 X120.71 Y91.99
G1 F1500 E4035.10147
G0 F9000 X120.99 Y91.99
G1 F1500 X120.99 Y91.249 E4035.13597
G1 X121.01 Y91.25 E4035.13691
G1 X121.01 Y91.991 E4035.17141
G1 X120.99 Y91.99 E4035.17234
G0 F9000 X120.99 Y92.14
;TYPE:SKIN
G1 F1500 X121.224 Y92.375 E4035.18006
G0 F9000 X120.999 Y92.432
G1 F1500 X120.999 Y92.715 E4035.1949
G1 X120.999 Y130.616 E4037.18217
G1 X120.798 Y130.98 E4037.20397
G0 F9000 X120.823 Y131.005
G0 X99.225 Y130.903
G0 X98.999 Y130.677
G1 F1500 X98.999 Y130.395 E4037.21896
G1 X98.999 Y92.494 E4039.23341
G1 X99.077 Y92.288 E4039.24512
G1 F1500 E4032.74512
G0 F9000 X98.928 Y92.27
G0 X98.774 Y130.735
G1 F1500 E4039.24512
G1 X99.045 Y131.007 E4039.25406
G1 F1500 E4032.75406
;MESH:copri staffa L 30x30x1,8 met??.stl(2)
G0 F9000 X121.58 Y130.768
G0 X123.92 Y130.768
G0 X125.099 Y130.768
;TYPE:WALL-INNER
G1 F1500 E4039.25406
G1 X146.1 Y130.767 E4040.23195
G1 X146.1 Y91.058 E4042.08097
G1 X146.1 Y90.859 E4042.09023
G1 X146.299 Y90.859 E4042.09623
G1 X146.9 Y90.86 E4042.12422
G1 X146.9 Y131.772 E4044.02925
G1 X124.1 Y131.772 E4045.09091
G1 X124.1 Y91.058 E4046.98673
G1 X124.1 Y90.859 E4046.99599
G1 X124.299 Y90.859 E4047.00199
G1 X124.9 Y90.86 E4047.02997
G1 X124.9 Y130.569 E4048.87899
G1 X124.9 Y130.768 E4048.88826
G1 X125.099 Y130.768 E4048.89425
G0 F9000 X125.3 Y130.368
;TYPE:WALL-OUTER
G1 F1500 X145.7 Y130.367 E4049.84416
G1 X145.7 Y90.459 E4051.70245
G1 X147.3 Y90.46 E4051.77695
G1 X147.3 Y132.172 E4053.71923
G1 X123.7 Y132.172 E4054.81815
G1 X123.7 Y90.459 E4056.76048
G1 X125.3 Y90.46 E4056.83498
G1 X125.3 Y130.368 E4058.69327
G0 F9000 X125.61 Y130.846
;TYPE:FILL
G1 F3000 X125.383 Y131.692 E4058.73405
G0 F9000 X124.818 Y129.588
G1 F3000 X124.179 Y129.759 E4058.76486
G0 F9000 X124.819 Y127.382
G1 F3000 X124.179 Y126.741 E4058.80703
G0 F9000 X124.179 Y123.547
G1 F3000 X124.818 Y123.376 E4058.83783
G0 F9000 X124.819 Y118.897
G1 F3000 X124.179 Y118.256 E4058.88001
G0 F9000 X124.18 Y117.335
G1 F3000 X124.818 Y117.164 E4058.91077
G0 F9000 X124.18 Y113.002
G1 F3000 X124.819 Y110.615 E4059.02583
G0 F9000 X124.819 Y110.411
G1 F3000 X124.179 Y109.771 E4059.06798
G0 F9000 X124.818 Y110.953
G1 F3000 X124.179 Y111.124 E4059.09878
G0 F9000 X124.179 Y104.912
G1 F3000 X124.818 Y104.741 E4059.12958
G0 F9000 X124.819 Y101.926
G1 F3000 X124.179 Y101.285 E4059.17176
G0 F9000 X124.18 Y98.7
G1 F3000 X124.818 Y98.529 E4059.20251
G0 F9000 X124.819 Y93.441
G1 F3000 X124.179 Y92.8 E4059.24469
G0 F9000 X124.179 Y92.489
G1 F3000 X124.818 Y92.318 E4059.27549
G1 F1500 E4052.77549
G0 F9000 X125.072 Y130.596
G0 X145.928 Y130.595
G0 X146.179 Y92.806
G1 F1500 E4059.27549
G1 F3000 X146.819 Y92.634 E4059.30635
G0 F9000 X146.179 Y97.83
G1 F3000 X146.819 Y98.47 E4059.3485
G0 F9000 X146.819 Y98.846
G1 F3000 X146.18 Y99.017 E4059.3793
G0 F9000 X146.819 Y98.057
G1 F3000 X146.179 Y100.446 E4059.49446
G0 F9000 X146.818 Y105.058
G1 F3000 X146.18 Y105.229 E4059.52522
G0 F9000 X146.179 Y106.315
G1 F3000 X146.819 Y106.955 E4059.56737
G0 F9000 X146.818 Y111.27
G1 F3000 X146.18 Y111.441 E4059.59812
G0 F9000 X146.179 Y114.8
G1 F3000 X146.819 Y115.44 E4059.64027
G0 F9000 X146.819 Y117.481
G1 F3000 X146.179 Y117.652 E4059.67111
G0 F9000 X146.819 Y121.239
G1 F3000 X146.179 Y123.628 E4059.78628
G0 F9000 X146.18 Y123.864
G1 F3000 X146.818 Y123.693 E4059.81703
G0 F9000 X146.819 Y123.926
G1 F3000 X146.179 Y123.286 E4059.85918
G0 F9000 X146.818 Y129.904
G1 F3000 X146.18 Y130.076 E4059.88995
G0 F9000 X145.928 Y130.595
G0 X145.255 Y130.847
G1 F3000 X146.098 Y131.69 E4059.94546
G0 F9000 X144.245 Y130.845
G1 F3000 X144.019 Y131.691 E4059.98624
G0 F9000 X143.304 Y130.846
G1 F3000 X140.15 Y131.691 E4060.13828
G0 F9000 X138.033 Y130.846
G1 F3000 X137.807 Y131.691 E4060.17901
G0 F9000 X137.613 Y131.69
G1 F3000 X136.77 Y130.847 E4060.23452
G0 F9000 X131.822 Y130.846
G1 F3000 X131.595 Y131.691 E4060.27526
G0 F9000 X129.128 Y131.69
G1 F3000 X128.284 Y130.847 E4060.33081
G1 F1500 E4053.83081
G0 F9000 X125.072 Y130.596
G0 X124.509 Y92.27
G1 F1500 E4060.33081
G0 F9000 X124.51 Y91.991
;TYPE:SKIN
G1 F1500 X124.49 Y91.99 E4060.33174
G1 X124.49 Y91.249 E4060.36625
G1 X124.51 Y91.25 E4060.36718
G1 X124.51 Y91.991 E4060.40168
G1 F1500 E4053.90168
G0 F9000 X124.509 Y92.27
G0 X125.072 Y130.596
G0 X145.928 Y130.595
G0 X146.21 Y91.99
G1 F1500 E4060.40168
G0 F9000 X146.49 Y91.99
G1 F1500 X146.49 Y91.249 E4060.43619
G1 X146.51 Y91.25 E4060.43712
G1 X146.51 Y91.991 E4060.47162
G1 X146.49 Y91.99 E4060.47256
G0 F9000 X146.585 Y92.279
;TYPE:SKIN
G1 F1500 X146.499 Y92.476 E4060.48392
G1 X146.499 Y130.66 E4062.50217
G1 X146.418 Y130.861 E4062.51362
G0 F9000 X146.274 Y130.717
G0 X124.725 Y130.664
G0 X124.499 Y130.439
G1 F1500 X124.499 Y130.156 E4062.5286
G1 X124.499 Y92.537 E4064.52014
G1 X124.696 Y92.169 E4064.54224
G1 F1500 E4058.04224
G0 F9000 X124.79 Y92.14
G0 X124.274 Y130.497
G1 F1500 E4064.54224
G1 X124.725 Y130.947 E4064.55707
G0 F9000 X124.501 Y131.007
G1 F1500 X124.274 Y130.78 E4064.56454
G0 F9000 X124.3 Y130.78
G1 F1500 E4058.06454
;MESH:copri staffa L 30x30x1,8 met??.stl(3)
G0 F9000 X147.086 Y131.958
G0 X148.165 Y131.958
G0 X150.79 Y131.958
G0 X151.875 Y131.958
G0 X153.054 Y132.984
;TYPE:WALL-INNER
G1 F1500 E4064.56454
G1 X174.055 Y132.983 E4065.54244
G1 X174.055 Y93.274 E4067.39146
G1 X174.055 Y93.075 E4067.40072
G1 X174.254 Y93.075 E4067.40672
G1 X174.855 Y93.076 E4067.4347
G1 X174.855 Y133.988 E4069.33974
G1 X152.055 Y133.988 E4070.4014
G1 X152.055 Y93.274 E4072.29721
G1 X152.055 Y93.075 E4072.30648
G1 X152.254 Y93.075 E4072.31248
G1 X152.855 Y93.076 E4072.34046
G1 X152.855 Y132.785 E4074.18948
G1 X152.855 Y132.984 E4074.19875
G1 X153.054 Y132.984 E4074.20474
G0 F9000 X153.255 Y132.584
;TYPE:WALL-OUTER
G1 F1500 X173.655 Y132.583 E4075.15465
G1 X173.655 Y92.675 E4077.01293
G1 X175.255 Y92.676 E4077.08744
G1 X175.255 Y134.388 E4079.02972
G1 X151.655 Y134.388 E4080.12864
G1 X151.655 Y92.675 E4082.07097
G1 X153.255 Y92.676 E4082.14547
G1 X153.255 Y132.584 E4084.00375
G0 F9000 X153.565 Y133.062
;TYPE:FILL
G1 F3000 X153.338 Y133.907 E4084.0445
G0 F9000 X152.774 Y131.804
G1 F3000 X152.134 Y131.975 E4084.07534
G0 F9000 X152.774 Y129.598
G1 F3000 X152.134 Y128.957 E4084.11752
G0 F9000 X152.134 Y125.763
G1 F3000 X152.773 Y125.592 E4084.14832
G0 F9000 X152.774 Y121.113
G1 F3000 X152.134 Y120.472 E4084.1905
G0 F9000 X152.135 Y119.552
G1 F3000 X152.773 Y119.381 E4084.22126
G0 F9000 X152.134 Y115.219
G1 F3000 X152.774 Y112.831 E4084.33638
G0 F9000 X152.774 Y112.627
G1 F3000 X152.134 Y111.987 E4084.37852
G0 F9000 X152.774 Y113.169
G1 F3000 X152.134 Y113.34 E4084.40937
G0 F9000 X152.134 Y107.128
G1 F3000 X152.773 Y106.957 E4084.44017
G0 F9000 X152.774 Y104.142
G1 F3000 X152.134 Y103.502 E4084.48231
G0 F9000 X152.135 Y100.917
G1 F3000 X152.773 Y100.746 E4084.51307
G0 F9000 X152.774 Y95.657
G1 F3000 X152.134 Y95.016 E4084.55525
G0 F9000 X152.134 Y94.705
G1 F3000 X152.773 Y94.534 E4084.58605
G1 F1500 E4078.08605
G0 F9000 X153.027 Y132.812
G0 X173.883 Y132.811
G0 X174.135 Y95.022
G1 F1500 E4084.58605
G1 F3000 X174.774 Y94.85 E4084.61686
G0 F9000 X174.134 Y100.046
G1 F3000 X174.774 Y100.686 E4084.65901
G0 F9000 X174.774 Y101.062
G1 F3000 X174.135 Y101.233 E4084.68981
G0 F9000 X174.774 Y100.273
G1 F3000 X174.134 Y102.663 E4084.80502
G0 F9000 X174.773 Y107.274
G1 F3000 X174.135 Y107.445 E4084.83578
G0 F9000 X174.134 Y108.531
G1 F3000 X174.774 Y109.171 E4084.87792
G0 F9000 X174.773 Y113.486
G1 F3000 X174.135 Y113.657 E4084.90868
G0 F9000 X174.134 Y117.016
G1 F3000 X174.774 Y117.656 E4084.95082
G0 F9000 X174.774 Y119.697
G1 F3000 X174.134 Y119.869 E4084.98168
G0 F9000 X174.774 Y123.456
G1 F3000 X174.134 Y125.844 E4085.0968
G0 F9000 X174.135 Y126.08
G1 F3000 X174.774 Y125.909 E4085.1276
G0 F9000 X174.774 Y126.142
G1 F3000 X174.134 Y125.502 E4085.16975
G0 F9000 X174.773 Y132.121
G1 F3000 X174.135 Y132.292 E4085.2005
G0 F9000 X173.883 Y132.811
G0 X173.21 Y133.063
G1 F3000 X174.054 Y133.907 E4085.25608
G0 F9000 X172.2 Y133.061
G1 F3000 X171.973 Y133.907 E4085.29687
G0 F9000 X171.259 Y133.062
G1 F3000 X168.105 Y133.907 E4085.44891
G0 F9000 X165.988 Y133.062
G1 F3000 X165.762 Y133.908 E4085.48969
G0 F9000 X165.569 Y133.907
G1 F3000 X164.724 Y133.063 E4085.5453
G0 F9000 X159.777 Y133.062
G1 F3000 X159.55 Y133.907 E4085.58604
G0 F9000 X157.083 Y133.907
G1 F3000 X156.24 Y133.064 E4085.64155
G1 F1500 E4079.14155
G0 F9000 X153.027 Y132.812
G0 X152.464 Y94.486
G1 F1500 E4085.64155
G0 F9000 X152.465 Y94.207
;TYPE:SKIN
G1 F1500 X152.445 Y94.206 E4085.64249
G1 X152.445 Y93.465 E4085.67699
G1 X152.465 Y93.466 E4085.67792
G1 X152.465 Y94.207 E4085.71243
G1 F1500 E4079.21243
G0 F9000 X152.464 Y94.486
G0 X153.027 Y132.812
G0 X173.883 Y132.811
G0 X174.165 Y94.206
G1 F1500 E4085.71243
G0 F9000 X174.445 Y94.206
G1 F1500 X174.445 Y93.465 E4085.74693
G1 X174.465 Y93.466 E4085.74786
G1 X174.465 Y94.207 E4085.78237
G1 X174.445 Y94.206 E4085.7833
G0 F9000 X174.539 Y94.495
;TYPE:SKIN
G1 F1500 X174.453 Y94.692 E4085.79467
G1 X174.453 Y132.876 E4087.81473
G1 X174.373 Y133.078 E4087.82622
G0 F9000 X174.228 Y132.933
G0 X152.679 Y132.88
G0 X152.454 Y132.655
G1 F1500 X152.454 Y132.372 E4087.84117
G1 X152.454 Y94.754 E4089.82826
G1 X152.65 Y94.385 E4089.85033
G1 F1500 E4083.35033
G0 F9000 X152.745 Y94.357
G0 X152.229 Y132.713
G1 F1500 E4089.85033
G1 X152.679 Y133.163 E4089.86515
G0 F9000 X152.457 Y133.223
G1 F1500 X152.229 Y132.996 E4089.87264
G0 F9000 X152.255 Y132.996
G1 F1500 E4083.37264
;MESH:NONMESH
G0 F300 X152.255 Y132.996 Z6.16
G0 F9000 X151.875 Y130.971
G0 X150.79 Y130.971
G0 X148.153 Y133.025
G0 X97.347 Y133.025
G0 X94.766 Y130.971
G0 X93.681 Y130.971
G0 X92.701 Y130.971
;TIME_ELAPSED:4728.716627
;LAYER:21
;TYPE:WALL-INNER
;MESH:copri staffa L 30x30x1,8 met??.stl(1)
G1 F1500 E4089.87264
G1 X92.701 Y90.823 E4091.7421
G1 X92.701 Y90.624 E4091.75136
G1 X92.9 Y90.624 E4091.75736
G1 X93.501 Y90.625 E4091.78534
G1 X93.501 Y131.901 E4093.70733
G1 X70.701 Y131.901 E4094.76899
G1 X70.701 Y90.823 E4096.68176
G1 X70.701 Y90.624 E4096.69102
G1 X70.9 Y90.624 E4096.69702
G1 X71.501 Y90.625 E4096.725
G1 X71.501 Y130.773 E4098.59446
G1 X71.501 Y130.972 E4098.60373
G1 X71.7 Y130.972 E4098.60972
G1 X92.701 Y130.971 E4099.58762
G0 F9000 X92.301 Y130.571
;TYPE:WALL-OUTER
G1 F1500 X92.301 Y90.224 E4101.46634
G1 X93.901 Y90.225 E4101.54084
G1 X93.901 Y132.301 E4103.50008
G1 X70.301 Y132.301 E4104.59899
G1 X70.301 Y90.224 E4106.55828
G1 X71.901 Y90.225 E4106.63278
G1 X71.901 Y130.572 E4108.5115
G1 X92.301 Y130.571 E4109.46141
G0 F9000 X92.295 Y131.05
;TYPE:FILL
G1 F3000 X93.065 Y131.82 E4109.51212
G0 F9000 X92.781 Y130.326
G1 F3000 X93.419 Y130.155 E4109.54288
G0 F9000 X92.529 Y130.799
G0 X90.598 Y131.05
G1 F3000 X90.392 Y131.82 E4109.57999
G0 F9000 X90.076 Y131.05
G1 F3000 X87.203 Y131.82 E4109.71849
G0 F9000 X84.579 Y131.82
G1 F3000 X83.81 Y131.05 E4109.76916
G0 F9000 X84.387 Y131.05
G1 F3000 X84.18 Y131.821 E4109.80634
G0 F9000 X78.175 Y131.05
G1 F3000 X77.969 Y131.82 E4109.84345
G0 F9000 X76.094 Y131.82
G1 F3000 X75.325 Y131.051 E4109.89409
G0 F9000 X71.963 Y131.051
G1 F3000 X71.757 Y131.82 E4109.93116
G0 F9000 X71.42 Y129.838
G1 F3000 X70.78 Y130.009 E4109.96201
G0 F9000 X71.421 Y127.146
G1 F3000 X70.78 Y126.506 E4110.00419
G0 F9000 X70.781 Y123.797
G1 F3000 X71.419 Y123.626 E4110.03494
G0 F9000 X71.421 Y118.661
G1 F3000 X70.78 Y118.021 E4110.07712
G0 F9000 X70.781 Y117.586
G1 F3000 X71.419 Y117.415 E4110.10788
G0 F9000 X70.78 Y112.283
G1 F3000 X71.42 Y109.895 E4110.223
G0 F9000 X71.421 Y110.176
G1 F3000 X70.78 Y109.535 E4110.26521
G0 F9000 X71.42 Y111.203
G1 F3000 X70.78 Y111.374 E4110.29605
G0 F9000 X70.78 Y105.162
G1 F3000 X71.42 Y104.991 E4110.3269
G0 F9000 X71.421 Y101.691
G1 F3000 X70.78 Y101.05 E4110.36911
G0 F9000 X70.781 Y98.951
G1 F3000 X71.42 Y98.779 E4110.39993
G0 F9000 X71.421 Y93.205
G1 F3000 X70.78 Y92.565 E4110.4421
G0 F9000 X70.781 Y92.739
G1 F3000 X71.42 Y92.568 E4110.47291
G1 F1500 E4103.97291
G0 F9000 X71.673 Y130.8
G0 X92.529 Y130.799
G0 X92.781 Y93.056
G1 F1500 E4110.47291
G1 F3000 X93.419 Y92.885 E4110.50366
G0 F9000 X93.42 Y97.335
G1 F3000 X92.78 Y99.724 E4110.61883
G0 F9000 X92.78 Y99.268
G1 F3000 X93.42 Y99.096 E4110.64968
G0 F9000 X93.42 Y98.234
G1 F3000 X92.78 Y97.594 E4110.69183
G0 F9000 X93.42 Y105.308
G1 F3000 X92.78 Y105.479 E4110.72268
G0 F9000 X92.78 Y106.079
G1 F3000 X93.42 Y106.72 E4110.76485
G0 F9000 X93.419 Y111.52
G1 F3000 X92.781 Y111.691 E4110.79561
G0 F9000 X92.78 Y114.565
G1 F3000 X93.421 Y115.206 E4110.83782
G0 F9000 X93.419 Y117.731
G1 F3000 X92.78 Y117.902 E4110.86862
G0 F9000 X93.42 Y120.519
G1 F3000 X92.78 Y122.906 E4110.9837
G0 F9000 X92.78 Y123.05
G1 F3000 X93.421 Y123.691 E4111.02591
G0 F9000 X93.419 Y123.943
G1 F3000 X92.781 Y124.114 E4111.05667
G1 F1500 E4104.55667
G0 F9000 X93.11 Y92.035
G1 F1500 E4111.05667
G0 F9000 X93.111 Y91.756
;TYPE:SKIN
G1 F1500 X93.091 Y91.755 E4111.0576
G1 X93.091 Y91.014 E4111.0921
G1 X93.111 Y91.015 E4111.09303
G1 X93.111 Y91.756 E4111.12754
G1 F1500 E4104.62754
G0 F9000 X93.11 Y92.035
G0 X92.529 Y130.799
G0 X71.673 Y130.8
G0 X71.11 Y92.035
G1 F1500 E4111.12754
G0 F9000 X71.111 Y91.756
G1 F1500 X71.091 Y91.755 E4111.12847
G1 X71.091 Y91.014 E4111.16298
G1 X71.111 Y91.015 E4111.16391
G1 X71.111 Y91.756 E4111.19841
G0 F9000 X70.944 Y91.972
;TYPE:SKIN
G1 F1500 X71.085 Y92.114 E4111.20891
G1 X71.1 Y96.341 E4111.43058
G1 X71.1 Y130.848 E4113.24022
G1 X71.173 Y131.058 E4113.25188
G0 F9000 X71.325 Y130.906
G0 X92.876 Y130.852
G0 X93.1 Y130.627
G1 F1500 X93.1 Y130.344 E4113.26685
G1 X93.1 Y92.161 E4115.28644
G1 X92.974 Y92.003 E4115.29713
G1 F1500 E4108.79713
G0 F9000 X92.875 Y92.103
G0 X93.325 Y130.686
G1 F1500 E4115.29713
G1 X92.876 Y131.135 E4115.31191
G0 F9000 X93.084 Y131.21
G1 F1500 X93.325 Y130.968 E4115.31986
G0 F9000 X93.301 Y130.968
G1 F1500 E4108.81986
;MESH:copri staffa L 30x30x1,8 met??.stl
G0 F9000 X93.681 Y130.928
G0 X94.766 Y130.928
G0 X97.335 Y130.928
G0 X98.42 Y130.928
G0 X99.599 Y130.928
;TYPE:WALL-INNER
G1 F1500 E4115.31986
G1 X120.6 Y130.927 E4116.29776
G1 X120.6 Y90.778 E4118.16726
G1 X120.6 Y90.579 E4118.17653
G1 X120.799 Y90.579 E4118.18252
G1 X121.4 Y90.58 E4118.21051
G1 X121.4 Y131.856 E4120.13249
G1 X98.6 Y131.856 E4121.19415
G1 X98.6 Y90.778 E4123.10692
G1 X98.6 Y90.579 E4123.11618
G1 X98.799 Y90.579 E4123.12218
G1 X99.4 Y90.58 E4123.15017
G1 X99.4 Y130.729 E4125.01967
G1 X99.4 Y130.928 E4125.02894
G1 X99.599 Y130.928 E4125.03493
G0 F9000 X99.8 Y130.528
;TYPE:WALL-OUTER
G1 F1500 X120.2 Y130.527 E4125.98484
G1 X120.2 Y90.179 E4127.86361
G1 X121.8 Y90.18 E4127.93812
G1 X121.8 Y132.256 E4129.89735
G1 X98.2 Y132.256 E4130.99627
G1 X98.2 Y90.179 E4132.95555
G1 X99.8 Y90.18 E4133.03005
G1 X99.8 Y130.528 E4134.90882
G0 F9000 X99.861 Y131.007
;TYPE:FILL
G1 F3000 X99.655 Y131.775 E4134.94585
G0 F9000 X99.319 Y129.792
G1 F3000 X98.679 Y129.964 E4134.97671
G0 F9000 X99.32 Y127.102
G1 F3000 X98.679 Y126.461 E4135.01892
G0 F9000 X98.679 Y123.752
G1 F3000 X99.319 Y123.581 E4135.04976
G0 F9000 X99.32 Y118.617
G1 F3000 X98.679 Y117.976 E4135.09197
G0 F9000 X98.68 Y117.54
G1 F3000 X99.318 Y117.369 E4135.12273
G0 F9000 X98.679 Y112.236
G1 F3000 X99.319 Y109.846 E4135.23794
G0 F9000 X99.319 Y110.131
G1 F3000 X98.679 Y109.491 E4135.28009
G0 F9000 X99.319 Y111.157
G1 F3000 X98.68 Y111.329 E4135.3109
G0 F9000 X98.679 Y105.117
G1 F3000 X99.319 Y104.946 E4135.34175
G0 F9000 X99.319 Y101.645
G1 F3000 X98.679 Y101.005 E4135.38389
G0 F9000 X98.68 Y98.905
G1 F3000 X99.319 Y98.734 E4135.41469
G0 F9000 X99.319 Y93.16
G1 F3000 X98.679 Y92.52 E4135.45684
G0 F9000 X98.68 Y92.694
G1 F3000 X99.318 Y92.523 E4135.48759
G1 F1500 E4128.98759
G0 F9000 X99.572 Y130.756
G0 X120.428 Y130.755
G0 X120.68 Y93.01
G1 F1500 E4135.48759
G1 F3000 X121.318 Y92.839 E4135.51835
G0 F9000 X121.319 Y97.289
G1 F3000 X120.679 Y99.676 E4135.63342
G0 F9000 X120.679 Y99.222
G1 F3000 X121.319 Y99.051 E4135.66427
G0 F9000 X121.319 Y98.19
G1 F3000 X120.679 Y97.549 E4135.70645
G0 F9000 X121.318 Y105.263
G1 F3000 X120.679 Y105.434 E4135.73725
G0 F9000 X120.679 Y106.034
G1 F3000 X121.319 Y106.675 E4135.77943
G0 F9000 X121.318 Y111.474
G1 F3000 X120.679 Y111.646 E4135.81024
G0 F9000 X120.679 Y114.52
G1 F3000 X121.319 Y115.16 E4135.85239
G0 F9000 X121.318 Y117.686
G1 F3000 X120.679 Y117.857 E4135.88319
G0 F9000 X121.319 Y120.47
G1 F3000 X120.68 Y122.857 E4135.99825
G0 F9000 X120.679 Y123.005
G1 F3000 X121.319 Y123.646 E4136.04043
G0 F9000 X121.318 Y123.898
G1 F3000 X120.679 Y124.069 E4136.07123
G0 F9000 X121.318 Y130.109
G1 F3000 X120.679 Y130.281 E4136.10204
G0 F9000 X120.195 Y131.007
G1 F3000 X120.963 Y131.775 E4136.15262
G0 F9000 X118.496 Y131.006
G1 F3000 X118.29 Y131.775 E4136.18969
G0 F9000 X117.97 Y131.006
G1 F3000 X115.101 Y131.775 E4136.328
G0 F9000 X112.478 Y131.775
G1 F3000 X111.71 Y131.007 E4136.37857
G0 F9000 X112.285 Y131.006
G1 F3000 X112.079 Y131.775 E4136.41564
G0 F9000 X106.073 Y131.006
G1 F3000 X105.867 Y131.775 E4136.45271
G0 F9000 X103.992 Y131.775
G1 F3000 X103.224 Y131.007 E4136.50329
G1 F1500 E4130.00329
G0 F9000 X99.572 Y130.756
G0 X99.009 Y91.99
G1 F1500 E4136.50329
G0 F9000 X99.01 Y91.711
;TYPE:SKIN
G1 F1500 X98.99 Y91.71 E4136.50422
G1 X98.99 Y90.969 E4136.53872
G1 X99.01 Y90.97 E4136.53966
G1 X99.01 Y91.711 E4136.57416
G1 F1500 E4130.07416
G0 F9000 X99.009 Y91.99
G0 X99.572 Y130.756
G0 X120.428 Y130.755
G0 X120.71 Y91.71
G1 F1500 E4136.57416
G0 F9000 X120.99 Y91.71
G1 F1500 X120.99 Y90.969 E4136.60866
G1 X121.01 Y90.97 E4136.6096
G1 X121.01 Y91.711 E4136.6441
G1 X120.99 Y91.71 E4136.64503
G0 F9000 X120.947 Y92.033
;TYPE:SKIN
G1 F1500 X120.999 Y92.263 E4136.65747
G1 X120.999 Y130.73 E4138.68685
G1 X121.176 Y131.118 E4138.70935
G0 F9000 X121.224 Y131.071
G0 X99.224 Y131.009
G1 F1500 X99.066 Y131.167 E4138.71455
G0 F9000 X99.003 Y130.946
G1 F1500 X98.999 Y130.668 E4138.72927
G1 X98.999 Y92.201 E4140.76516
G1 X98.916 Y92.001 E4140.77662
G1 F1500 E4134.27662
G0 F9000 X99.057 Y91.99
G0 X99.572 Y130.756
G0 X120.428 Y130.755
G0 X120.74 Y91.96
G1 F1500 E4140.77662
G0 F9000 X120.774 Y91.923
G1 F1500 X120.837 Y91.86 E4140.7787
G0 F9000 X120.8 Y91.86
G1 F1500 E4134.2787
;MESH:copri staffa L 30x30x1,8 met??.stl(2)
G0 F9000 X120.71 Y91.86
G0 X121.58 Y130.928
G0 X123.92 Y130.928
G0 X125.099 Y130.928
;TYPE:WALL-INNER
G1 F1500 E4140.7787
G1 X146.1 Y130.927 E4141.75659
G1 X146.1 Y90.778 E4143.6261
G1 X146.1 Y90.579 E4143.63536
G1 X146.299 Y90.579 E4143.64136
G1 X146.9 Y90.58 E4143.66934
G1 X146.9 Y131.856 E4145.59133
G1 X124.1 Y131.856 E4146.65299
G1 X124.1 Y90.778 E4148.56576
G1 X124.1 Y90.579 E4148.57502
G1 X124.299 Y90.579 E4148.58102
G1 X124.9 Y90.58 E4148.609
G1 X124.9 Y130.729 E4150.47851
G1 X124.9 Y130.928 E4150.48777
G1 X125.099 Y130.928 E4150.49377
G0 F9000 X125.3 Y130.528
;TYPE:WALL-OUTER
G1 F1500 X145.7 Y130.527 E4151.44368
G1 X145.7 Y90.179 E4153.32245
G1 X147.3 Y90.18 E4153.39695
G1 X147.3 Y132.256 E4155.35619
G1 X123.7 Y132.256 E4156.4551
G1 X123.7 Y90.179 E4158.41438
G92 E0
G1 X125.3 Y90.18 E0.0745
G1 X125.3 Y130.528 E1.95327
G0 F9000 X125.362 Y131.007
;TYPE:FILL
G1 F3000 X125.156 Y131.776 E1.99035
G0 F9000 X124.819 Y129.793
G1 F3000 X124.179 Y129.964 E2.02119
G0 F9000 X124.819 Y127.102
G1 F3000 X124.179 Y126.461 E2.06337
G0 F9000 X124.179 Y123.752
G1 F3000 X124.819 Y123.581 E2.09422
G0 F9000 X124.819 Y118.617
G1 F3000 X124.179 Y117.976 E2.13639
G0 F9000 X124.18 Y117.54
G1 F3000 X124.818 Y117.369 E2.16715
G0 F9000 X124.179 Y112.238
G1 F3000 X124.819 Y109.85 E2.28227
G0 F9000 X124.819 Y110.131
G1 F3000 X124.179 Y109.491 E2.32442
G0 F9000 X124.818 Y111.158
G1 F3000 X124.179 Y111.329 E2.35522
G0 F9000 X124.179 Y105.117
G1 F3000 X124.819 Y104.946 E2.38606
G0 F9000 X124.819 Y101.646
G1 F3000 X124.179 Y101.005 E2.42824
G0 F9000 X124.18 Y98.905
G1 F3000 X124.819 Y98.734 E2.45904
G0 F9000 X124.819 Y93.161
G1 F3000 X124.179 Y92.52 E2.50122
G0 F9000 X124.18 Y92.694
G1 F3000 X124.818 Y92.523 E2.53198
G1 F1500 E-3.96802
G0 F9000 X125.072 Y130.756
G0 X145.928 Y130.755
G0 X146.18 Y93.011
G1 F1500 E2.53198
G1 F3000 X146.818 Y92.84 E2.56273
G0 F9000 X146.819 Y97.293
G1 F3000 X146.179 Y99.679 E2.67776
G0 F9000 X146.179 Y99.222
G1 F3000 X146.819 Y99.051 E2.70861
G0 F9000 X146.819 Y98.19
G1 F3000 X146.178 Y97.549 E2.75082
G0 F9000 X146.818 Y105.263
G1 F3000 X146.179 Y105.434 E2.78162
G0 F9000 X146.178 Y106.034
G1 F3000 X146.819 Y106.675 E2.82383
G0 F9000 X146.819 Y111.474
G1 F3000 X146.179 Y111.646 E2.85469
G0 F9000 X146.178 Y114.52
G1 F3000 X146.819 Y115.16 E2.89687
G0 F9000 X146.819 Y117.686
G1 F3000 X146.179 Y117.857 E2.92772
G0 F9000 X146.819 Y120.475
G1 F3000 X146.18 Y122.861 E3.04273
G0 F9000 X146.178 Y123.005
G1 F3000 X146.819 Y123.646 E3.08494
G0 F9000 X146.818 Y123.898
G1 F3000 X146.179 Y124.069 E3.11575
G0 F9000 X146.819 Y130.109
G1 F3000 X146.179 Y130.281 E3.1466
G0 F9000 X145.695 Y131.007
G1 F3000 X146.463 Y131.775 E3.19718
G0 F9000 X143.997 Y131.006
G1 F3000 X143.791 Y131.776 E3.23429
G0 F9000 X143.47 Y131.006
G1 F3000 X140.602 Y131.775 E3.37256
G0 F9000 X137.978 Y131.775
G1 F3000 X137.209 Y131.007 E3.42316
G0 F9000 X137.785 Y131.006
G1 F3000 X137.579 Y131.776 E3.46028
G0 F9000 X131.574 Y131.006
G1 F3000 X131.368 Y131.775 E3.49735
G0 F9000 X129.493 Y131.775
G1 F3000 X128.724 Y131.007 E3.54796
G1 F1500 E-2.95204
G0 F9000 X125.072 Y130.756
G0 X124.509 Y91.99
G1 F1500 E3.54796
G0 F9000 X124.51 Y91.711
;TYPE:SKIN
G1 F1500 X124.49 Y91.71 E3.54889
G1 X124.49 Y90.969 E3.58339
G1 X124.51 Y90.97 E3.58433
G1 X124.51 Y91.711 E3.61883
G1 F1500 E-2.88117
G0 F9000 X124.509 Y91.99
G0 X125.072 Y130.756
G0 X145.928 Y130.755
G0 X146.21 Y91.71
G1 F1500 E3.61883
G0 F9000 X146.49 Y91.71
G1 F1500 X146.49 Y90.969 E3.65333
G1 X146.51 Y90.97 E3.65427
G1 X146.51 Y91.711 E3.68877
G1 X146.49 Y91.71 E3.6897
G0 F9000 X146.425 Y92.011
;TYPE:SKIN
G1 F1500 X146.498 Y92.22 E3.70136
G1 X146.498 Y130.686 E5.72649
G1 X146.653 Y131.097 E5.74961
G0 F9000 X146.723 Y131.027
G0 X124.724 Y130.965
G1 F1500 X124.522 Y131.167 E5.75627
G0 F9000 X124.499 Y130.907
G1 F1500 X124.499 Y130.624 E5.77126
G1 X124.499 Y92.157 E7.80954
G1 X124.394 Y91.979 E7.82049
G0 F9000 X124.512 Y92.29
G1 F1500 E1.32049
;MESH:copri staffa L 30x30x1,8 met??.stl(3)
G0 F9000 X125.072 Y130.756
G0 X147.086 Y132.042
G0 X148.165 Y132.042
G0 X150.79 Y132.042
G0 X151.875 Y132.042
G0 X153.054 Y133.144
;TYPE:WALL-INNER
G1 F1500 E7.82049
G1 X174.055 Y133.143 E8.79838
G1 X174.055 Y92.994 E10.66789
G1 X174.055 Y92.795 E10.67716
G1 X174.254 Y92.795 E10.68315
G1 X174.855 Y92.796 E10.71114
G1 X174.855 Y134.072 E12.63312
G1 X152.055 Y134.072 E13.69478
G1 X152.055 Y92.994 E15.60755
G1 X152.055 Y92.795 E15.61681
G1 X152.254 Y92.795 E15.62281
G1 X152.855 Y92.796 E15.65079
G1 X152.855 Y132.945 E17.5203
G1 X152.855 Y133.144 E17.52957
G1 X153.054 Y133.144 E17.53556
G0 F9000 X153.255 Y132.744
;TYPE:WALL-OUTER
G1 F1500 X173.655 Y132.743 E18.48547
G1 X173.655 Y92.395 E20.36424
G1 X175.255 Y92.396 E20.43875
G1 X175.255 Y134.472 E22.39798
G1 X151.655 Y134.472 E23.4969
G1 X151.655 Y92.395 E25.45618
G1 X153.255 Y92.396 E25.53068
G1 X153.255 Y132.744 E27.40945
G0 F9000 X153.317 Y133.222
;TYPE:FILL
G1 F3000 X153.111 Y133.991 E27.44652
G0 F9000 X152.774 Y132.009
G1 F3000 X152.134 Y132.18 E27.47737
G0 F9000 X152.774 Y129.318
G1 F3000 X152.134 Y128.677 E27.51955
G0 F9000 X152.135 Y125.968
G1 F3000 X152.774 Y125.797 E27.55035
G0 F9000 X152.774 Y120.833
G1 F3000 X152.134 Y120.192 E27.59253
G0 F9000 X152.135 Y119.757
G1 F3000 X152.773 Y119.586 E27.62328
G0 F9000 X152.134 Y114.454
G1 F3000 X152.774 Y112.067 E27.73836
G0 F9000 X152.774 Y112.347
G1 F3000 X152.134 Y111.707 E27.7805
G0 F9000 X152.774 Y113.374
G1 F3000 X152.134 Y113.545 E27.81135
G0 F9000 X152.134 Y107.333
G1 F3000 X152.774 Y107.162 E27.84219
G0 F9000 X152.774 Y103.862
G1 F3000 X152.134 Y103.222 E27.88434
G0 F9000 X152.135 Y101.122
G1 F3000 X152.774 Y100.95 E27.91515
G0 F9000 X152.774 Y95.377
G1 F3000 X152.134 Y94.736 E27.95733
G0 F9000 X152.135 Y94.91
G1 F3000 X152.773 Y94.739 E27.98809
G1 F1500 E21.48809
G0 F9000 X153.027 Y132.972
G0 X173.883 Y132.971
G0 X174.135 Y95.227
G1 F1500 E27.98809
G1 F3000 X174.773 Y95.056 E28.01884
G0 F9000 X174.774 Y99.51
G1 F3000 X174.135 Y101.895 E28.13382
G0 F9000 X174.134 Y101.439
G1 F3000 X174.774 Y101.267 E28.16468
G0 F9000 X174.774 Y100.406
G1 F3000 X174.134 Y99.766 E28.20682
G0 F9000 X174.774 Y107.479
G1 F3000 X174.134 Y107.65 E28.23767
G0 F9000 X174.134 Y108.251
G1 F3000 X174.774 Y108.891 E28.27981
G0 F9000 X174.774 Y113.69
G1 F3000 X174.134 Y113.862 E28.31067
G0 F9000 X174.134 Y116.736
G1 F3000 X174.774 Y117.376 E28.35282
G0 F9000 X174.774 Y119.902
G1 F3000 X174.134 Y120.073 E28.38366
G0 F9000 X174.774 Y122.691
G1 F3000 X174.135 Y125.077 E28.49868
G0 F9000 X174.134 Y125.222
G1 F3000 X174.774 Y125.862 E28.54082
G0 F9000 X174.774 Y126.114
G1 F3000 X174.134 Y126.285 E28.57167
G0 F9000 X174.774 Y132.325
G1 F3000 X174.134 Y132.497 E28.60253
G0 F9000 X173.649 Y133.223
G1 F3000 X174.418 Y133.991 E28.65314
G0 F9000 X171.952 Y133.222
G1 F3000 X171.746 Y133.991 E28.69021
G0 F9000 X171.428 Y133.222
G1 F3000 X168.558 Y133.991 E28.82856
G0 F9000 X165.933 Y133.991
G1 F3000 X165.164 Y133.223 E28.87917
G0 F9000 X165.741 Y133.222
G1 F3000 X165.534 Y133.992 E28.9163
G0 F9000 X159.529 Y133.222
G1 F3000 X159.323 Y133.991 E28.95337
G0 F9000 X157.447 Y133.991
G1 F3000 X156.68 Y133.223 E29.00391
G1 F1500 E22.50391
G0 F9000 X153.027 Y132.972
G0 X152.464 Y94.206
G1 F1500 E29.00391
G0 F9000 X152.465 Y93.927
;TYPE:SKIN
G1 F1500 X152.445 Y93.926 E29.00484
G1 X152.445 Y93.185 E29.03934
G1 X152.465 Y93.186 E29.04028
G1 X152.465 Y93.927 E29.07478
G1 F1500 E22.57478
G0 F9000 X152.464 Y94.206
G0 X153.027 Y132.972
G0 X173.883 Y132.971
G0 X174.165 Y93.926
G1 F1500 E29.07478
G0 F9000 X174.445 Y93.926
G1 F1500 X174.445 Y93.185 E29.10928
G1 X174.465 Y93.186 E29.11022
G1 X174.465 Y93.927 E29.14472
G1 X174.445 Y93.926 E29.14565
G0 F9000 X174.285 Y94.131
;TYPE:SKIN
G1 F1500 X174.426 Y94.273 E29.15609
G1 X174.453 Y96.508 E29.27261
G1 X174.453 Y132.995 E31.17481
G1 X174.655 Y133.359 E31.19651
G0 F9000 X174.632 Y133.382
G0 X152.679 Y133.274
G0 X152.624 Y133.328
G1 F1500 X152.483 Y133.187 E31.20693
G1 X152.454 Y131.236 E31.30893
G1 X152.454 Y94.467 E33.23103
G1 X152.254 Y94.1 E33.25288
G0 F9000 X152.255 Y94.388
G1 F1500 E26.75288
;MESH:NONMESH
G0 F300 X152.255 Y94.388 Z6.44
G0 F9000 X151.875 Y131.069
G0 X150.79 Y131.069
G0 X148.153 Y133.109
G0 X97.347 Y133.109
G0 X94.766 Y131.069
G0 X93.681 Y131.069
G0 X92.701 Y131.069
;TIME_ELAPSED:4950.305686
;LAYER:22
;TYPE:WALL-INNER
;MESH:copri staffa L 30x30x1,8 met??.stl(1)
G1 F1500 E33.25288
G1 X92.701 Y90.543 E35.13994
G1 X92.701 Y90.344 E35.14921
G1 X92.9 Y90.344 E35.1552
G1 X93.501 Y90.345 E35.18319
G1 X93.501 Y131.986 E37.12217
G1 X70.701 Y131.986 E38.18383
G1 X70.701 Y90.543 E40.11359
G1 X70.701 Y90.344 E40.12286
G1 X70.9 Y90.344 E40.12885
G1 X71.501 Y90.345 E40.15684
G1 X71.501 Y130.871 E42.0439
G1 X71.501 Y131.07 E42.05317
G1 X71.7 Y131.07 E42.05916
G1 X92.701 Y131.069 E43.03705
G0 F9000 X92.301 Y130.669
;TYPE:WALL-OUTER
G1 F1500 X92.301 Y89.944 E44.93338
G1 X93.901 Y89.945 E45.00788
G1 X93.901 Y132.386 E46.98411
G1 X70.301 Y132.386 E48.08303
G1 X70.301 Y89.944 E50.05931
G1 X71.901 Y89.945 E50.13381
G1 X71.901 Y130.67 E52.03014
G1 X92.301 Y130.669 E52.98005
G0 F9000 X92.78 Y130.531
;TYPE:FILL
G1 F3000 X93.419 Y130.36 E53.01085
G0 F9000 X92.674 Y131.149
G1 F3000 X93.42 Y131.895 E53.05997
G0 F9000 X90.477 Y131.148
G1 F3000 X87.651 Y131.905 E53.1962
G0 F9000 X90.164 Y131.905
G1 F3000 X90.367 Y131.147 E53.23274
G0 F9000 X84.944 Y131.905
G1 F3000 X84.188 Y131.149 E53.28253
G0 F9000 X84.155 Y131.147
G1 F3000 X83.952 Y131.906 E53.31911
G0 F9000 X77.943 Y131.149
G1 F3000 X77.741 Y131.905 E53.35555
G0 F9000 X76.459 Y131.905
G1 F3000 X75.703 Y131.149 E53.40533
G0 F9000 X71.732 Y131.149
G1 F3000 X71.529 Y131.905 E53.44178
G0 F9000 X70.78 Y130.214
G1 F3000 X71.42 Y130.043 E53.47263
G0 F9000 X71.421 Y126.866
G1 F3000 X70.78 Y126.226 E53.51481
G0 F9000 X70.781 Y124.002
G1 F3000 X71.42 Y123.831 E53.54561
G0 F9000 X71.421 Y118.381
G1 F3000 X70.78 Y117.741 E53.58779
G0 F9000 X70.78 Y117.791
G1 F3000 X71.419 Y117.619 E53.6186
G0 F9000 X70.78 Y111.579
G1 F3000 X71.42 Y111.408 E53.64945
G0 F9000 X70.78 Y111.519
G1 F3000 X71.42 Y109.13 E53.76461
G0 F9000 X70.78 Y109.255
G1 F3000 X71.421 Y109.896 E53.80682
G0 F9000 X70.781 Y105.367
G1 F3000 X71.419 Y105.196 E53.83758
G0 F9000 X71.421 Y101.411
G1 F3000 X70.78 Y100.77 E53.87979
G0 F9000 X70.781 Y99.156
G1 F3000 X71.419 Y98.985 E53.91054
G0 F9000 X71.421 Y92.925
G1 F3000 X70.78 Y92.285 E53.95272
G0 F9000 X70.78 Y92.944
G1 F3000 X71.42 Y92.773 E53.98357
G1 F1500 E47.48357
G0 F9000 X71.673 Y130.898
G0 X92.529 Y130.897
G0 X92.78 Y93.261
G1 F1500 E53.98357
G1 F3000 X93.419 Y93.09 E54.01437
G0 F9000 X93.42 Y96.572
G1 F3000 X92.781 Y98.958 E54.12939
G0 F9000 X92.78 Y99.472
G1 F3000 X93.419 Y99.301 E54.16019
G0 F9000 X93.42 Y97.954
G1 F3000 X92.78 Y97.314 E54.20233
G0 F9000 X93.419 Y105.513
G1 F3000 X92.78 Y105.684 E54.23314
G0 F9000 X92.78 Y105.799
G1 F3000 X93.42 Y106.44 E54.27531
G0 F9000 X93.419 Y111.725
G1 F3000 X92.78 Y111.896 E54.30612
G0 F9000 X92.78 Y114.284
G1 F3000 X93.42 Y114.925 E54.34829
G0 F9000 X93.419 Y117.936
G1 F3000 X92.781 Y118.107 E54.37905
G0 F9000 X93.42 Y119.754
G1 F3000 X92.78 Y122.141 E54.49412
G0 F9000 X92.78 Y122.77
G1 F3000 X93.42 Y123.41 E54.53627
G0 F9000 X93.419 Y124.148
G1 F3000 X92.78 Y124.319 E54.56707
G1 F1500 E48.06707
G0 F9000 X93.11 Y91.755
G1 F1500 E54.56707
G0 F9000 X93.111 Y91.476
;TYPE:SKIN
G1 F1500 X93.091 Y91.475 E54.568
G1 X93.091 Y90.734 E54.60251
G1 X93.111 Y90.735 E54.60344
G1 X93.111 Y91.476 E54.63794
G1 F1500 E48.13794
G0 F9000 X93.11 Y91.755
G0 X92.529 Y130.897
G0 X71.673 Y130.898
G0 X71.11 Y91.755
G1 F1500 E54.63794
G0 F9000 X71.111 Y91.476
G1 F1500 X71.091 Y91.475 E54.63888
G1 X71.091 Y90.734 E54.67338
G1 X71.111 Y90.735 E54.67431
G1 X71.111 Y91.476 E54.70882
G0 F9000 X71.151 Y91.798
;TYPE:SKIN
G1 F1500 X71.292 Y91.657 E54.72242
G0 F9000 X71.1 Y92.031
G1 F1500 X71.1 Y92.314 E54.73738
G1 X71.1 Y131.063 E56.7858
G1 X70.97 Y131.215 E56.79637
G0 F9000 X70.876 Y131.121
G0 X92.874 Y131.058
G1 F1500 X93.124 Y131.308 E56.80461
G0 F9000 X93.099 Y131
G1 F1500 X93.099 Y130.718 E56.81959
G1 X93.099 Y91.968 E58.87811
G1 X93.182 Y91.768 E58.88961
G0 F9000 X93.301 Y91.939
G1 F1500 E52.38961
;MESH:copri staffa L 30x30x1,8 met??.stl
G0 F9000 X93.681 Y131.026
G0 X94.766 Y131.026
G0 X97.335 Y131.026
G0 X98.42 Y131.026
G0 X99.599 Y131.026
;TYPE:WALL-INNER
G1 F1500 E58.88961
G1 X120.6 Y131.025 E59.86751
G1 X120.6 Y90.498 E61.75461
G1 X120.6 Y90.299 E61.76388
G1 X120.799 Y90.299 E61.76987
G1 X121.4 Y90.3 E61.79786
G1 X121.4 Y131.941 E63.73684
G1 X98.6 Y131.941 E64.7985
G1 X98.6 Y90.498 E66.72826
G1 X98.6 Y90.299 E66.73753
G1 X98.799 Y90.299 E66.74352
G1 X99.4 Y90.3 E66.77151
G1 X99.4 Y130.827 E68.65862
G1 X99.4 Y131.026 E68.66788
G1 X99.599 Y131.026 E68.67388
G0 F9000 X99.8 Y130.626
;TYPE:WALL-OUTER
G1 F1500 X120.2 Y130.625 E69.62379
G1 X120.2 Y89.899 E71.52016
G1 X121.8 Y89.9 E71.59466
G1 X121.8 Y132.341 E73.57089
G1 X98.2 Y132.341 E74.66981
G1 X98.2 Y89.899 E76.64609
G1 X99.8 Y89.9 E76.72059
G1 X99.8 Y130.626 E78.61696
G0 F9000 X99.63 Y131.104
;TYPE:FILL
G1 F3000 X99.427 Y131.86 E78.65341
G0 F9000 X98.679 Y130.169
G1 F3000 X99.319 Y129.997 E78.68427
G0 F9000 X99.319 Y126.821
G1 F3000 X98.679 Y126.181 E78.72641
G0 F9000 X98.679 Y123.957
G1 F3000 X99.319 Y123.786 E78.75726
G0 F9000 X99.319 Y118.336
G1 F3000 X98.679 Y117.696 E78.79941
G0 F9000 X98.68 Y117.745
G1 F3000 X99.318 Y117.574 E78.83016
G0 F9000 X98.679 Y111.534
G1 F3000 X99.319 Y111.362 E78.86102
G0 F9000 X98.679 Y111.47
G1 F3000 X99.319 Y109.083 E78.9761
G0 F9000 X98.679 Y109.211
G1 F3000 X99.319 Y109.851 E79.01824
G0 F9000 X98.679 Y105.322
G1 F3000 X99.319 Y105.151 E79.04909
G0 F9000 X99.319 Y101.365
G1 F3000 X98.679 Y100.725 E79.09123
G0 F9000 X98.68 Y99.11
G1 F3000 X99.318 Y98.939 E79.12199
G0 F9000 X99.319 Y92.88
G1 F3000 X98.679 Y92.24 E79.16413
G0 F9000 X98.679 Y92.899
G1 F3000 X99.318 Y92.727 E79.19495
G1 F1500 E72.69495
G0 F9000 X99.572 Y130.854
G0 X120.428 Y130.853
G0 X120.679 Y93.216
G1 F1500 E79.19495
G1 F3000 X121.318 Y93.044 E79.22576
G0 F9000 X121.319 Y96.523
G1 F3000 X120.679 Y98.912 E79.34093
G0 F9000 X120.679 Y99.427
G1 F3000 X121.318 Y99.256 E79.37173
G0 F9000 X121.32 Y97.91
G1 F3000 X120.679 Y97.269 E79.41394
G0 F9000 X121.318 Y105.468
G1 F3000 X120.679 Y105.639 E79.44474
G0 F9000 X120.679 Y105.754
G1 F3000 X121.32 Y106.396 E79.48698
G0 F9000 X121.318 Y111.679
G1 F3000 X120.679 Y111.851 E79.5178
G0 F9000 X120.679 Y114.24
G1 F3000 X121.32 Y114.881 E79.56001
G0 F9000 X121.318 Y117.891
G1 F3000 X120.679 Y118.062 E79.59081
G0 F9000 X121.319 Y119.705
G1 F3000 X120.679 Y122.094 E79.70597
G0 F9000 X120.679 Y122.725
G1 F3000 X121.32 Y123.366 E79.74818
G0 F9000 X121.318 Y124.103
G1 F3000 X120.679 Y124.274 E79.77899
G0 F9000 X121.318 Y130.314
G1 F3000 X120.679 Y130.486 E79.8098
G0 F9000 X120.573 Y131.104
G1 F3000 X121.32 Y131.852 E79.85902
G0 F9000 X118.372 Y131.104
G1 F3000 X115.549 Y131.86 E79.99511
G0 F9000 X118.062 Y131.86
G1 F3000 X118.265 Y131.103 E80.0316
G0 F9000 X112.843 Y131.86
G1 F3000 X112.087 Y131.104 E80.08138
G0 F9000 X112.053 Y131.103
G1 F3000 X111.851 Y131.861 E80.11791
G0 F9000 X105.842 Y131.104
G1 F3000 X105.639 Y131.86 E80.15436
G0 F9000 X104.358 Y131.86
G1 F3000 X103.603 Y131.105 E80.20408
G1 F1500 E73.70408
G0 F9000 X99.572 Y130.854
G0 X99.009 Y91.71
G1 F1500 E80.20408
G0 F9000 X99.01 Y91.431
;TYPE:SKIN
G1 F1500 X98.99 Y91.43 E80.20501
G1 X98.99 Y90.689 E80.23952
G1 X99.01 Y90.69 E80.24045
G1 X99.01 Y91.431 E80.27495
G1 F1500 E73.77495
G0 F9000 X99.009 Y91.71
G0 X99.572 Y130.854
G0 X120.428 Y130.853
G0 X120.71 Y91.43
G1 F1500 E80.27495
G0 F9000 X120.99 Y91.43
G1 F1500 X120.99 Y90.689 E80.30946
G1 X121.01 Y90.69 E80.31039
G1 X121.01 Y91.431 E80.34489
G1 X120.99 Y91.43 E80.34583
G0 F9000 X120.996 Y91.58
;TYPE:SKIN
G1 F1500 X121.224 Y91.809 E80.35335
G0 F9000 X120.998 Y91.866
G1 F1500 X120.998 Y92.149 E80.36826
G1 X120.999 Y112.514 E81.44118
G1 X120.999 Y130.899 E82.40978
G1 X120.928 Y131.11 E82.42151
G0 F9000 X121.082 Y131.264
G0 X99.224 Y131.185
G0 X98.999 Y130.96
G1 F1500 X98.999 Y130.677 E82.43653
G1 X98.999 Y91.928 E84.49285
G1 X99.079 Y91.725 E84.50443
G1 F1500 E78.00443
G0 F9000 X99.224 Y91.87
G0 X98.774 Y131.018
G1 F1500 E84.50443
G1 X99.021 Y131.265 E84.51256
G1 F1500 E78.01256
;MESH:copri staffa L 30x30x1,8 met??.stl(2)
G0 F9000 X121.58 Y131.026
G0 X123.92 Y131.026
G0 X125.099 Y131.026
;TYPE:WALL-INNER
G1 F1500 E84.51256
G1 X146.1 Y131.025 E85.49046
G1 X146.1 Y90.498 E87.37757
G1 X146.1 Y90.299 E87.38683
G1 X146.299 Y90.299 E87.39283
G1 X146.9 Y90.3 E87.42081
G1 X146.9 Y131.941 E89.35979
G1 X124.1 Y131.941 E90.42145
G1 X124.1 Y90.498 E92.35121
G1 X124.1 Y90.299 E92.36048
G1 X124.299 Y90.299 E92.36648
G1 X124.9 Y90.3 E92.39446
G1 X124.9 Y130.827 E94.28157
G1 X124.9 Y131.026 E94.29083
G1 X125.099 Y131.026 E94.29683
G0 F9000 X125.3 Y130.626
;TYPE:WALL-OUTER
G1 F1500 X145.7 Y130.625 E95.24674
G1 X145.7 Y89.899 E97.14311
G1 X147.3 Y89.9 E97.21761
G1 X147.3 Y132.341 E99.19385
G1 X123.7 Y132.341 E100.29276
G1 X123.7 Y89.899 E102.26904
G1 X125.3 Y89.9 E102.34354
G1 X125.3 Y130.626 E104.23991
G0 F9000 X125.131 Y131.104
;TYPE:FILL
G1 F3000 X124.928 Y131.86 E104.27636
G0 F9000 X124.179 Y130.169
G1 F3000 X124.819 Y129.998 E104.30721
G0 F9000 X124.82 Y126.823
G1 F3000 X124.179 Y126.181 E104.34945
G0 F9000 X124.179 Y123.957
G1 F3000 X124.819 Y123.786 E104.3803
G0 F9000 X124.82 Y118.337
G1 F3000 X124.179 Y117.696 E104.42251
G0 F9000 X124.18 Y117.745
G1 F3000 X124.818 Y117.574 E104.45327
G0 F9000 X124.179 Y111.534
G1 F3000 X124.818 Y111.363 E104.48407
G0 F9000 X124.179 Y111.474
G1 F3000 X124.819 Y109.085 E104.59923
G0 F9000 X124.179 Y109.211
G1 F3000 X124.82 Y109.852 E104.64144
G0 F9000 X124.179 Y105.322
G1 F3000 X124.819 Y105.151 E104.67229
G0 F9000 X124.82 Y101.367
G1 F3000 X124.179 Y100.725 E104.71453
G0 F9000 X124.18 Y99.11
G1 F3000 X124.818 Y98.939 E104.74529
G0 F9000 X124.82 Y92.882
G1 F3000 X124.179 Y92.24 E104.78753
G0 F9000 X124.179 Y92.899
G1 F3000 X124.818 Y92.728 E104.81834
G1 F1500 E98.31834
G0 F9000 X125.072 Y130.854
G0 X145.928 Y130.853
G0 X146.18 Y93.216
G1 F1500 E104.81834
G1 F3000 X146.819 Y93.044 E104.84915
G0 F9000 X146.819 Y96.527
G1 F3000 X146.179 Y98.917 E104.96436
G0 F9000 X146.179 Y99.427
G1 F3000 X146.819 Y99.256 E104.99521
G0 F9000 X146.819 Y97.91
G1 F3000 X146.179 Y97.27 E105.03735
G0 F9000 X146.818 Y105.468
G1 F3000 X146.18 Y105.639 E105.06811
G0 F9000 X146.179 Y105.755
G1 F3000 X146.819 Y106.395 E105.11025
G0 F9000 X146.819 Y111.679
G1 F3000 X146.18 Y111.851 E105.14107
G0 F9000 X146.179 Y114.24
G1 F3000 X146.819 Y114.88 E105.18321
G0 F9000 X146.819 Y117.891
G1 F3000 X146.179 Y118.062 E105.21406
G0 F9000 X146.819 Y119.709
G1 F3000 X146.179 Y122.098 E105.32922
G0 F9000 X146.179 Y122.726
G1 F3000 X146.819 Y123.366 E105.37137
G0 F9000 X146.818 Y124.103
G1 F3000 X146.179 Y124.274 E105.40217
G0 F9000 X146.819 Y130.314
G1 F3000 X146.179 Y130.486 E105.43303
G0 F9000 X146.073 Y131.105
G1 F3000 X146.819 Y131.851 E105.48215
G0 F9000 X143.872 Y131.104
G1 F3000 X141.05 Y131.86 E105.61819
G0 F9000 X143.563 Y131.861
G1 F3000 X143.766 Y131.103 E105.65473
G0 F9000 X138.343 Y131.86
G1 F3000 X137.588 Y131.105 E105.70445
G0 F9000 X137.554 Y131.104
G1 F3000 X137.351 Y131.861 E105.74094
G0 F9000 X131.343 Y131.104
G1 F3000 X131.14 Y131.86 E105.77739
G0 F9000 X129.858 Y131.86
G1 F3000 X129.102 Y131.105 E105.82714
G1 F1500 E99.32714
G0 F9000 X125.072 Y130.854
G0 X124.509 Y91.71
G1 F1500 E105.82714
G0 F9000 X124.51 Y91.431
;TYPE:SKIN
G1 F1500 X124.49 Y91.43 E105.82808
G1 X124.49 Y90.689 E105.86258
G1 X124.51 Y90.69 E105.86351
G1 X124.51 Y91.431 E105.89802
G1 F1500 E99.39802
G0 F9000 X124.509 Y91.71
G0 X125.072 Y130.854
G0 X145.928 Y130.853
G0 X146.21 Y91.43
G1 F1500 E105.89802
G0 F9000 X146.49 Y91.43
G1 F1500 X146.49 Y90.689 E105.93252
G1 X146.51 Y90.69 E105.93345
G1 X146.51 Y91.431 E105.96796
G1 X146.49 Y91.43 E105.96889
G0 F9000 X146.587 Y91.716
;TYPE:SKIN
G1 F1500 X146.498 Y91.91 E105.98013
G1 X146.498 Y130.942 E108.03622
G1 X146.406 Y131.132 E108.04734
G0 F9000 X146.538 Y131.265
G0 X124.724 Y131.229
G0 X124.499 Y131.004
G1 F1500 X124.499 Y130.721 E108.0623
G1 X124.499 Y91.972 E110.1106
G1 X124.698 Y91.605 E110.13266
G1 F1500 E103.63266
G0 F9000 X124.79 Y91.58
G0 X124.274 Y131.062
G1 F1500 E110.13266
G1 X124.476 Y131.265 E110.13933
G1 F1500 E103.63933
;MESH:copri staffa L 30x30x1,8 met??.stl(3)
G0 F9000 X147.086 Y132.127
G0 X148.165 Y132.127
G0 X150.79 Y132.127
G0 X151.875 Y132.127
G0 X153.054 Y133.242
;TYPE:WALL-INNER
G1 F1500 E110.13933
G1 X174.055 Y133.241 E111.11723
G1 X174.055 Y92.714 E113.00433
G1 X174.055 Y92.515 E113.0136
G1 X174.254 Y92.515 E113.01959
G1 X174.855 Y92.516 E113.04758
G1 X174.855 Y134.157 E114.98656
G1 X152.055 Y134.157 E116.04822
G1 X152.055 Y92.714 E117.97798
G1 X152.055 Y92.515 E117.98725
G1 X152.254 Y92.515 E117.99324
G1 X152.855 Y92.516 E118.02123
G1 X152.855 Y133.043 E119.90834
G1 X152.855 Y133.242 E119.9176
G1 X153.054 Y133.242 E119.9236
G0 F9000 X153.255 Y132.842
;TYPE:WALL-OUTER
G1 F1500 X173.655 Y132.841 E120.87351
G1 X173.655 Y92.115 E122.76988
G1 X175.255 Y92.116 E122.84438
G1 X175.255 Y134.557 E124.82061
G1 X151.655 Y134.557 E125.91953
G1 X151.655 Y92.115 E127.8958
G1 X153.255 Y92.116 E127.97031
G1 X153.255 Y132.842 E129.86668
G0 F9000 X153.086 Y133.321
;TYPE:FILL
G1 F3000 X152.883 Y134.076 E129.90309
G0 F9000 X152.134 Y132.385
G1 F3000 X152.774 Y132.214 E129.93393
G0 F9000 X152.774 Y129.038
G1 F3000 X152.134 Y128.397 E129.97611
G0 F9000 X152.135 Y126.173
G1 F3000 X152.774 Y126.002 E130.00691
G0 F9000 X152.774 Y120.553
G1 F3000 X152.134 Y119.912 E130.04909
G0 F9000 X152.134 Y119.962
G1 F3000 X152.773 Y119.791 E130.07989
G0 F9000 X152.134 Y113.75
G1 F3000 X152.774 Y113.579 E130.11074
G0 F9000 X152.134 Y113.691
G1 F3000 X152.774 Y111.301 E130.22595
G0 F9000 X152.134 Y111.427
G1 F3000 X152.774 Y112.067 E130.26809
G0 F9000 X152.134 Y107.538
G1 F3000 X152.774 Y107.367 E130.29894
G0 F9000 X152.774 Y103.582
G1 F3000 X152.134 Y102.942 E130.34108
G0 F9000 X152.135 Y101.327
G1 F3000 X152.773 Y101.156 E130.37184
G0 F9000 X152.774 Y95.097
G1 F3000 X152.134 Y94.456 E130.41402
G0 F9000 X152.134 Y95.115
G1 F3000 X152.774 Y94.944 E130.44486
G1 F1500 E123.94486
G0 F9000 X153.027 Y133.07
G0 X173.883 Y133.069
G0 X174.135 Y95.432
G1 F1500 E130.44486
G1 F3000 X174.773 Y95.261 E130.47562
G0 F9000 X174.774 Y98.743
G1 F3000 X174.134 Y101.133 E130.59083
G0 F9000 X174.134 Y101.644
G1 F3000 X174.773 Y101.472 E130.62164
G0 F9000 X174.774 Y100.126
G1 F3000 X174.134 Y99.486 E130.66379
G0 F9000 X174.774 Y107.684
G1 F3000 X174.135 Y107.855 E130.69459
G0 F9000 X174.134 Y107.971
G1 F3000 X174.774 Y108.611 E130.73674
G0 F9000 X174.773 Y113.896
G1 F3000 X174.135 Y114.067 E130.76749
G0 F9000 X174.134 Y116.456
G1 F3000 X174.774 Y117.096 E130.80964
G0 F9000 X174.774 Y120.107
G1 F3000 X174.134 Y120.278 E130.84048
G0 F9000 X174.774 Y121.925
G1 F3000 X174.134 Y124.314 E130.95565
G0 F9000 X174.134 Y124.942
G1 F3000 X174.774 Y125.582 E130.99779
G0 F9000 X174.774 Y126.319
G1 F3000 X174.134 Y126.49 E131.02864
G0 F9000 X174.774 Y132.53
G1 F3000 X174.134 Y132.702 E131.0595
G0 F9000 X174.028 Y133.322
G1 F3000 X174.774 Y134.067 E131.10859
G0 F9000 X171.827 Y133.32
G1 F3000 X169.006 Y134.076 E131.24458
G0 F9000 X171.518 Y134.076
G1 F3000 X171.721 Y133.319 E131.28108
G0 F9000 X166.298 Y134.077
G1 F3000 X165.543 Y133.322 E131.3308
G0 F9000 X165.509 Y133.319
G1 F3000 X165.306 Y134.077 E131.36734
G0 F9000 X159.297 Y133.321
G1 F3000 X159.095 Y134.077 E131.40377
G0 F9000 X157.813 Y134.077
G1 F3000 X157.058 Y133.322 E131.45349
G1 F1500 E124.95349
G0 F9000 X153.027 Y133.07
G0 X152.464 Y93.926
G1 F1500 E131.45349
G0 F9000 X152.465 Y93.647
;TYPE:SKIN
G1 F1500 X152.445 Y93.646 E131.45442
G1 X152.445 Y92.905 E131.48893
G1 X152.465 Y92.906 E131.48986
G1 X152.465 Y93.647 E131.52436
G1 F1500 E125.02436
G0 F9000 X152.464 Y93.926
G0 X153.027 Y133.07
G0 X173.883 Y133.069
G0 X174.165 Y93.646
G1 F1500 E131.52436
G0 F9000 X174.445 Y93.646
G1 F1500 X174.445 Y92.905 E131.55887
G1 X174.465 Y92.906 E131.5598
G1 X174.465 Y93.647 E131.5943
G1 X174.445 Y93.646 E131.59524
G0 F9000 X174.407 Y93.797
;TYPE:SKIN
G1 F1500 X174.679 Y94.069 E131.60419
G0 F9000 X174.453 Y94.126
G1 F1500 X174.453 Y94.409 E131.6191
G1 X174.453 Y133.158 E133.6603
G1 X174.36 Y133.348 E133.67144
G0 F9000 X174.492 Y133.48
G0 X152.679 Y133.446
G0 X152.453 Y133.22
G1 F1500 X152.453 Y132.937 E133.68642
G1 X152.453 Y94.188 E135.73711
G1 X152.653 Y93.822 E135.75918
G1 F1500 E129.25918
G0 F9000 X152.745 Y93.797
G0 X152.228 Y133.278
G1 F1500 E135.75918
G1 X152.432 Y133.481 E135.76588
G1 F1500 E129.26588
;MESH:NONMESH
G0 F300 X152.432 Y133.481 Z6.72
G0 F9000 X151.875 Y131.167
G0 X150.79 Y131.167
G0 X148.153 Y133.194
G0 X97.347 Y133.194
G0 X94.766 Y131.167
G0 X93.681 Y131.167
G0 X92.701 Y131.167
;TIME_ELAPSED:5089.230596
;LAYER:23
;TYPE:WALL-INNER
;MESH:copri staffa L 30x30x1,8 met??.stl(1)
G1 F1500 E135.76588
G1 X92.701 Y90.263 E137.67054
G1 X92.701 Y90.064 E137.67981
G1 X92.9 Y90.064 E137.68581
G1 X93.501 Y90.065 E137.71379
G1 X93.501 Y132.071 E139.66977
G1 X70.701 Y132.071 E140.73143
G1 X70.701 Y90.263 E142.67819
G1 X70.701 Y90.064 E142.68745
G1 X70.9 Y90.064 E142.69345
G1 X71.501 Y90.065 E142.72143
G1 X71.501 Y130.969 E144.62609
G1 X71.501 Y131.168 E144.63536
G1 X71.7 Y131.168 E144.64136
G1 X92.701 Y131.167 E145.61925
G0 F9000 X92.301 Y130.767
;TYPE:WALL-OUTER
G1 F1500 X92.301 Y89.664 E147.53318
G1 X93.901 Y89.665 E147.60768
G1 X93.901 Y132.471 E149.60091
G1 X70.301 Y132.471 E150.69982
G1 X70.301 Y89.664 E152.6931
G1 X71.901 Y89.665 E152.7676
G1 X71.901 Y130.768 E154.68153
G1 X92.301 Y130.767 E155.63144
G0 F9000 X92.781 Y130.736
;TYPE:FILL
G1 F3000 X93.418 Y130.565 E155.66215
G0 F9000 X92.78 Y130.975
G1 F3000 X93.42 Y131.615 E155.70429
G0 F9000 X90.875 Y131.246
G1 F3000 X88.099 Y131.99 E155.83812
G0 F9000 X89.936 Y131.99
G1 F3000 X90.136 Y131.246 E155.87399
G0 F9000 X85.31 Y131.99
G1 F3000 X84.566 Y131.246 E155.92298
G0 F9000 X83.924 Y131.246
G1 F3000 X83.725 Y131.991 E155.95889
G0 F9000 X77.712 Y131.246
G1 F3000 X77.513 Y131.991 E155.9948
G0 F9000 X76.825 Y131.99
G1 F3000 X76.081 Y131.247 E156.04376
G0 F9000 X71.501 Y131.246
G1 F3000 X71.301 Y131.99 E156.07963
G0 F9000 X70.78 Y130.419
G1 F3000 X71.419 Y130.248 E156.11043
G0 F9000 X71.421 Y126.586
G1 F3000 X70.78 Y125.946 E156.15261
G0 F9000 X70.781 Y124.207
G1 F3000 X71.419 Y124.036 E156.18337
G0 F9000 X71.421 Y118.101
G1 F3000 X70.78 Y117.461 E156.22555
G0 F9000 X70.781 Y117.996
G1 F3000 X71.419 Y117.824 E156.25631
G0 F9000 X70.78 Y111.784
G1 F3000 X71.42 Y111.613 E156.28716
G0 F9000 X70.78 Y110.753
G1 F3000 X71.42 Y108.366 E156.40223
G0 F9000 X70.78 Y108.975
G1 F3000 X71.421 Y109.616 E156.44445
G0 F9000 X70.781 Y105.572
G1 F3000 X71.42 Y105.401 E156.47525
G0 F9000 X71.421 Y101.131
G1 F3000 X70.78 Y100.49 E156.51746
G0 F9000 X70.781 Y99.361
G1 F3000 X71.419 Y99.19 E156.54821
G0 F9000 X70.781 Y93.149
G1 F3000 X71.42 Y92.978 E156.57902
G0 F9000 X71.421 Y92.645
G1 F3000 X70.78 Y92.005 E156.62119
G1 F1500 E150.12119
G0 F9000 X71.673 Y130.996
G0 X92.529 Y130.995
G0 X92.781 Y93.466
G1 F1500 E156.62119
G1 F3000 X93.419 Y93.295 E156.65195
G0 F9000 X93.42 Y95.806
G1 F3000 X92.78 Y98.195 E156.76712
G0 F9000 X93.42 Y97.674
G1 F3000 X92.78 Y97.034 E156.80926
G0 F9000 X93.419 Y99.506
G1 F3000 X92.78 Y99.677 E156.84006
G0 F9000 X92.78 Y105.519
G1 F3000 X93.42 Y106.16 E156.88224
G0 F9000 X93.42 Y105.718
G1 F3000 X92.78 Y105.889 E156.91309
G0 F9000 X93.419 Y111.93
G1 F3000 X92.781 Y112.101 E156.94384
G0 F9000 X92.78 Y114.004
G1 F3000 X93.42 Y114.645 E156.98602
G0 F9000 X93.419 Y118.141
G1 F3000 X92.781 Y118.312 E157.01678
G0 F9000 X93.42 Y118.989
G1 F3000 X92.78 Y121.378 E157.13194
G0 F9000 X92.78 Y122.489
G1 F3000 X93.42 Y123.13 E157.17412
G0 F9000 X93.419 Y124.353
G1 F3000 X92.78 Y124.524 E157.20492
G1 F1500 E150.70492
G0 F9000 X93.11 Y91.475
G1 F1500 E157.20492
G0 F9000 X93.111 Y91.196
;TYPE:SKIN
G1 F1500 X93.091 Y91.195 E157.20585
G1 X93.091 Y90.454 E157.24036
G1 X93.111 Y90.455 E157.24129
G1 X93.111 Y91.196 E157.27579
G1 F1500 E150.77579
G0 F9000 X93.11 Y91.475
G0 X92.529 Y130.995
G0 X71.673 Y130.996
G0 X71.11 Y91.475
G1 F1500 E157.27579
G0 F9000 X71.111 Y91.196
G1 F1500 X71.091 Y91.195 E157.27673
G1 X71.091 Y90.454 E157.31123
G1 X71.111 Y90.455 E157.31216
G1 X71.111 Y91.196 E157.34667
G0 F9000 X70.941 Y91.409
;TYPE:SKIN
G1 F1500 X71.082 Y91.551 E157.35715
G1 X71.1 Y94.927 E157.53401
G1 X71.1 Y131.131 E159.43057
G1 X71.216 Y131.298 E159.44122
G0 F9000 X71.108 Y131.407
G0 X92.876 Y131.135
G0 X93.1 Y130.91
G1 F1500 X93.106 Y131.187 E159.45556
G1 X93.247 Y131.328 E159.46589
G1 X93.1 Y130.344 E159.51739
G1 X93.1 Y91.595 E161.5234
G1 X92.971 Y91.44 E161.53384
G0 F9000 X92.901 Y91.657
G1 F1500 E155.03384
;MESH:copri staffa L 30x30x1,8 met??.stl
G0 F9000 X93.681 Y131.123
G0 X94.766 Y131.123
G0 X97.335 Y131.123
G0 X98.42 Y131.123
G0 X99.599 Y131.123
;TYPE:WALL-INNER
G1 F1500 E161.53384
G1 X120.6 Y131.122 E162.51173
G1 X120.6 Y90.218 E164.41639
G1 X120.6 Y90.019 E164.42566
G1 X120.799 Y90.019 E164.43165
G1 X121.4 Y90.02 E164.45964
G1 X121.4 Y132.026 E166.41561
G1 X98.6 Y132.026 E167.47728
G1 X98.6 Y90.218 E169.42403
G1 X98.6 Y90.019 E169.4333
G1 X98.799 Y90.019 E169.4393
G1 X99.4 Y90.02 E169.46728
G1 X99.4 Y130.924 E171.37194
G1 X99.4 Y131.123 E171.38121
G1 X99.599 Y131.123 E171.3872
G0 F9000 X99.8 Y130.723
;TYPE:WALL-OUTER
G1 F1500 X120.2 Y130.722 E172.33711
G1 X120.2 Y89.619 E174.25104
G1 X121.8 Y89.62 E174.32554
G1 X121.8 Y132.426 E176.31877
G1 X98.2 Y132.426 E177.41769
G1 X98.2 Y89.619 E179.41096
G1 X99.8 Y89.62 E179.48546
G1 X99.8 Y130.723 E181.39939
G0 F9000 X99.399 Y131.202
;TYPE:FILL
G1 F3000 X99.2 Y131.945 E181.43521
G0 F9000 X98.679 Y130.374
G1 F3000 X99.318 Y130.203 E181.46601
G0 F9000 X99.32 Y126.542
G1 F3000 X98.679 Y125.901 E181.50822
G0 F9000 X98.68 Y124.162
G1 F3000 X99.318 Y123.991 E181.53897
G0 F9000 X99.32 Y118.057
G1 F3000 X98.679 Y117.416 E181.58119
G0 F9000 X98.68 Y117.95
G1 F3000 X99.318 Y117.779 E181.61194
G0 F9000 X98.68 Y111.738
G1 F3000 X99.319 Y111.567 E181.64274
G0 F9000 X98.68 Y110.704
G1 F3000 X99.319 Y108.317 E181.75781
G0 F9000 X98.679 Y108.931
G1 F3000 X99.319 Y109.571 E181.79995
G0 F9000 X98.679 Y105.527
G1 F3000 X99.319 Y105.356 E181.8308
G0 F9000 X99.319 Y101.085
G1 F3000 X98.679 Y100.445 E181.87294
G0 F9000 X98.68 Y99.315
G1 F3000 X99.318 Y99.144 E181.9037
G0 F9000 X98.68 Y93.104
G1 F3000 X99.319 Y92.932 E181.93451
G0 F9000 X99.319 Y92.6
G1 F3000 X98.679 Y91.96 E181.97666
G1 F1500 E175.47666
G0 F9000 X99.572 Y130.951
G0 X120.428 Y130.95
G0 X120.68 Y93.42
G1 F1500 E181.97666
G1 F3000 X121.318 Y93.249 E182.00741
G0 F9000 X121.319 Y95.759
G1 F3000 X120.679 Y98.146 E182.12249
G0 F9000 X121.32 Y97.63
G1 F3000 X120.679 Y96.989 E182.1647
G0 F9000 X121.318 Y99.461
G1 F3000 X120.679 Y99.632 E182.1955
G0 F9000 X120.679 Y105.474
G1 F3000 X121.32 Y106.116 E182.23775
G0 F9000 X121.319 Y105.673
G1 F3000 X120.679 Y105.844 E182.26859
G0 F9000 X121.318 Y111.884
G1 F3000 X120.68 Y112.055 E182.29935
G0 F9000 X120.679 Y113.96
G1 F3000 X121.32 Y114.601 E182.34156
G0 F9000 X121.318 Y118.096
G1 F3000 X120.679 Y118.267 E182.37236
G0 F9000 X121.319 Y118.941
G1 F3000 X120.679 Y121.329 E182.48748
G0 F9000 X120.679 Y122.445
G1 F3000 X121.32 Y123.086 E182.52969
G0 F9000 X121.318 Y124.308
G1 F3000 X120.679 Y124.479 E182.56049
G0 F9000 X121.317 Y130.519
G1 F3000 X120.68 Y130.69 E182.5912
G0 F9000 X120.679 Y130.93
G1 F3000 X121.32 Y131.572 E182.63345
G0 F9000 X118.774 Y131.201
G1 F3000 X115.997 Y131.945 E182.76732
G0 F9000 X117.835 Y131.945
G1 F3000 X118.034 Y131.201 E182.80318
G0 F9000 X113.208 Y131.945
G1 F3000 X112.465 Y131.202 E182.85211
G0 F9000 X111.822 Y131.201
G1 F3000 X111.623 Y131.946 E182.88801
G0 F9000 X105.611 Y131.201
G1 F3000 X105.411 Y131.945 E182.92389
G0 F9000 X104.723 Y131.945
G1 F3000 X103.98 Y131.202 E182.97281
G1 F1500 E176.47281
G0 F9000 X99.572 Y130.951
G0 X99.009 Y91.43
G1 F1500 E182.97281
G0 F9000 X99.01 Y91.151
;TYPE:SKIN
G1 F1500 X98.99 Y91.15 E182.97375
G1 X98.99 Y90.409 E183.00825
G1 X99.01 Y90.41 E183.00918
G1 X99.01 Y91.151 E183.04369
G1 F1500 E176.54369
G0 F9000 X99.009 Y91.43
G0 X99.572 Y130.951
G0 X120.428 Y130.95
G0 X120.71 Y91.15
G1 F1500 E183.04369
G0 F9000 X120.99 Y91.15
G1 F1500 X120.99 Y90.409 E183.07819
G1 X121.01 Y90.41 E183.07912
G1 X121.01 Y91.151 E183.11363
G1 X120.99 Y91.15 E183.11456
G0 F9000 X120.944 Y91.47
;TYPE:SKIN
G1 F1500 X120.802 Y91.328 E183.12765
G0 F9000 X120.999 Y91.698
G1 F1500 X120.999 Y91.981 E183.14265
G1 X120.999 Y131.013 E185.21157
G1 X121.079 Y131.216 E185.22314
G0 F9000 X120.934 Y131.361
G0 X99.224 Y131.292
G0 X99.189 Y131.327
G1 F1500 X99.047 Y131.185 E185.23365
G1 X98.999 Y130.102 E185.29038
G1 X98.999 Y91.635 E187.30357
G1 X98.913 Y91.439 E187.31477
G0 F9000 X98.8 Y91.612
G1 F1500 E180.81477
;MESH:copri staffa L 30x30x1,8 met??.stl(2)
G0 F9000 X99.572 Y130.951
G0 X121.58 Y131.123
G0 X123.92 Y131.123
G0 X125.099 Y131.123
;TYPE:WALL-INNER
G1 F1500 E187.31477
G1 X146.1 Y131.122 E188.29266
G1 X146.1 Y90.218 E190.19732
G1 X146.1 Y90.019 E190.20659
G1 X146.299 Y90.019 E190.21259
G1 X146.9 Y90.02 E190.24057
G1 X146.9 Y132.026 E192.19655
G1 X124.1 Y132.026 E193.25821
G1 X124.1 Y90.218 E195.20497
G1 X124.1 Y90.019 E195.21423
G1 X124.299 Y90.019 E195.22023
G1 X124.9 Y90.02 E195.24821
G1 X124.9 Y130.924 E197.15287
G1 X124.9 Y131.123 E197.16214
G1 X125.099 Y131.123 E197.16814
G0 F9000 X125.3 Y130.723
;TYPE:WALL-OUTER
G1 F1500 X145.7 Y130.722 E198.11804
G1 X145.7 Y89.619 E200.03197
G1 X147.3 Y89.62 E200.10648
G1 X147.3 Y132.426 E202.0997
G1 X123.7 Y132.426 E203.19862
G1 X123.7 Y89.619 E205.19189
G1 X125.3 Y89.62 E205.26639
G1 X125.3 Y130.723 E207.18032
G0 F9000 X124.9 Y131.202
;TYPE:FILL
G1 F3000 X124.701 Y131.944 E207.21609
G0 F9000 X124.179 Y130.374
G1 F3000 X124.819 Y130.202 E207.24695
G0 F9000 X124.819 Y126.542
G1 F3000 X124.179 Y125.901 E207.28913
G0 F9000 X124.179 Y124.162
G1 F3000 X124.819 Y123.991 E207.31998
G0 F9000 X124.819 Y118.057
G1 F3000 X124.179 Y117.416 E207.36215
G0 F9000 X124.18 Y117.95
G1 F3000 X124.819 Y117.779 E207.39295
G0 F9000 X124.179 Y111.739
G1 F3000 X124.819 Y111.568 E207.4238
G0 F9000 X124.179 Y110.708
G1 F3000 X124.819 Y108.321 E207.53888
G0 F9000 X124.179 Y108.931
G1 F3000 X124.819 Y109.571 E207.58102
G0 F9000 X124.179 Y105.527
G1 F3000 X124.819 Y105.356 E207.61187
G0 F9000 X124.819 Y101.086
G1 F3000 X124.179 Y100.445 E207.65405
G0 F9000 X124.18 Y99.315
G1 F3000 X124.819 Y99.144 E207.68485
G0 F9000 X124.18 Y93.104
G1 F3000 X124.818 Y92.933 E207.7156
G0 F9000 X124.819 Y92.601
G1 F3000 X124.179 Y91.96 E207.75778
G1 F1500 E201.25778
G0 F9000 X125.072 Y130.951
G0 X145.928 Y130.95
G0 X146.18 Y93.421
G1 F1500 E207.75778
G1 F3000 X146.818 Y93.249 E207.78855
G0 F9000 X146.819 Y95.763
G1 F3000 X146.179 Y98.15 E207.90362
G0 F9000 X146.819 Y97.63
G1 F3000 X146.179 Y96.99 E207.94577
G0 F9000 X146.819 Y99.461
G1 F3000 X146.179 Y99.632 E207.97662
G0 F9000 X146.179 Y105.475
G1 F3000 X146.819 Y106.115 E208.01876
G0 F9000 X146.818 Y105.673
G1 F3000 X146.179 Y105.844 E208.04956
G0 F9000 X146.818 Y111.884
G1 F3000 X146.18 Y112.055 E208.08032
G0 F9000 X146.179 Y113.96
G1 F3000 X146.819 Y114.6 E208.12246
G0 F9000 X146.819 Y118.096
G1 F3000 X146.179 Y118.267 E208.15331
G0 F9000 X146.819 Y118.945
G1 F3000 X146.179 Y121.333 E208.26843
G0 F9000 X146.179 Y122.446
G1 F3000 X146.819 Y123.086 E208.31058
G0 F9000 X146.819 Y124.308
G1 F3000 X146.179 Y124.479 E208.34142
G0 F9000 X146.818 Y130.519
G1 F3000 X146.18 Y130.69 E208.37218
G0 F9000 X146.179 Y130.931
G1 F3000 X146.819 Y131.571 E208.41432
G0 F9000 X144.274 Y131.201
G1 F3000 X141.498 Y131.945 E208.54815
G0 F9000 X143.335 Y131.946
G1 F3000 X143.535 Y131.201 E208.58407
G0 F9000 X138.708 Y131.945
G1 F3000 X137.965 Y131.202 E208.63299
G0 F9000 X137.323 Y131.201
G1 F3000 X137.124 Y131.946 E208.6689
G0 F9000 X131.111 Y131.201
G1 F3000 X130.912 Y131.945 E208.70476
G0 F9000 X130.222 Y131.945
G1 F3000 X129.479 Y131.202 E208.75369
G1 F1500 E202.25369
G0 F9000 X125.072 Y130.951
G0 X124.509 Y91.43
G1 F1500 E208.75369
G0 F9000 X124.51 Y91.151
;TYPE:SKIN
G1 F1500 X124.49 Y91.15 E208.75462
G1 X124.49 Y90.409 E208.78913
G1 X124.51 Y90.41 E208.79006
G1 X124.51 Y91.151 E208.82456
G1 F1500 E202.32456
G0 F9000 X124.509 Y91.43
G0 X125.072 Y130.951
G0 X145.928 Y130.95
G0 X146.21 Y91.15
G1 F1500 E208.82456
G0 F9000 X146.49 Y91.15
G1 F1500 X146.49 Y90.409 E208.85907
G1 X146.51 Y90.41 E208.86
G1 X146.51 Y91.151 E208.8945
G1 X146.49 Y91.15 E208.89544
G0 F9000 X146.422 Y91.447
;TYPE:SKIN
G1 F1500 X146.498 Y91.653 E208.90696
G1 X146.498 Y130.968 E210.96979
G1 X146.697 Y131.336 E210.99175
G0 F9000 X146.672 Y131.362
G0 X124.724 Y131.248
G0 X124.667 Y131.305
G1 F1500 X124.525 Y131.163 E211.00226
G1 X124.499 Y128.926 E211.11945
G1 X124.499 Y91.592 E213.07512
G1 X124.391 Y91.417 E213.08589
G0 F9000 X124.3 Y91.612
G1 F1500 E206.58589
;MESH:copri staffa L 30x30x1,8 met??.stl(3)
G0 F9000 X125.072 Y130.951
G0 X147.086 Y132.212
G0 X148.165 Y132.212
G0 X150.79 Y132.212
G0 X151.875 Y132.212
G0 X153.054 Y133.34
;TYPE:WALL-INNER
G1 F1500 E213.08589
G1 X174.055 Y133.339 E214.06379
G1 X174.055 Y92.434 E215.96849
G1 X174.055 Y92.235 E215.97776
G1 X174.254 Y92.235 E215.98376
G1 X174.855 Y92.236 E216.01174
G1 X174.855 Y134.242 E217.96772
G1 X152.055 Y134.242 E219.02938
G1 X152.055 Y92.434 E220.97613
G1 X152.055 Y92.235 E220.9854
G1 X152.254 Y92.235 E220.9914
G1 X152.855 Y92.236 E221.01938
G1 X152.855 Y133.141 E222.92409
G1 X152.855 Y133.34 E222.93336
G1 X153.054 Y133.34 E222.93935
G0 F9000 X153.255 Y132.94
;TYPE:WALL-OUTER
G1 F1500 X173.655 Y132.939 E223.88926
G1 X173.655 Y91.835 E225.80323
G1 X175.255 Y91.836 E225.87774
G1 X175.255 Y134.642 E227.87096
G1 X151.655 Y134.642 E228.96988
G1 X151.655 Y91.835 E230.96315
G1 X153.255 Y91.836 E231.03766
G1 X153.255 Y132.94 E232.95163
G0 F9000 X152.855 Y133.418
;TYPE:FILL
G1 F3000 X152.656 Y134.161 E232.98745
G0 F9000 X152.134 Y132.59
G1 F3000 X152.773 Y132.419 E233.01825
G0 F9000 X152.774 Y128.758
G1 F3000 X152.134 Y128.117 E233.06043
G0 F9000 X152.135 Y126.378
G1 F3000 X152.773 Y126.207 E233.09118
G0 F9000 X152.774 Y120.273
G1 F3000 X152.134 Y119.632 E233.13336
G0 F9000 X152.135 Y120.167
G1 F3000 X152.773 Y119.995 E233.16413
G0 F9000 X152.134 Y113.955
G1 F3000 X152.774 Y113.784 E233.19498
G0 F9000 X152.134 Y112.924
G1 F3000 X152.774 Y110.538 E233.31
G0 F9000 X152.134 Y111.147
G1 F3000 X152.774 Y111.787 E233.35215
G0 F9000 X152.135 Y107.743
G1 F3000 X152.774 Y107.572 E233.38295
G0 F9000 X152.774 Y103.302
G1 F3000 X152.134 Y102.662 E233.4251
G0 F9000 X152.135 Y101.532
G1 F3000 X152.773 Y101.361 E233.45585
G0 F9000 X152.135 Y95.32
G1 F3000 X152.774 Y95.149 E233.48665
G0 F9000 X152.774 Y94.817
G1 F3000 X152.134 Y94.176 E233.52883
G1 F1500 E227.02883
G0 F9000 X153.027 Y133.168
G0 X173.883 Y133.167
G0 X174.135 Y95.637
G1 F1500 E233.52883
G1 F3000 X174.773 Y95.466 E233.55959
G0 F9000 X174.774 Y97.98
G1 F3000 X174.134 Y100.366 E233.67462
G0 F9000 X174.774 Y99.846
G1 F3000 X174.134 Y99.206 E233.71676
G0 F9000 X174.774 Y101.677
G1 F3000 X174.134 Y101.848 E233.74761
G0 F9000 X174.134 Y107.691
G1 F3000 X174.774 Y108.331 E233.78976
G0 F9000 X174.774 Y107.889
G1 F3000 X174.134 Y108.06 E233.8206
G0 F9000 X174.773 Y114.101
G1 F3000 X174.135 Y114.272 E233.85136
G0 F9000 X174.134 Y116.176
G1 F3000 X174.774 Y116.816 E233.8935
G0 F9000 X174.774 Y120.312
G1 F3000 X174.135 Y120.483 E233.9243
G0 F9000 X174.774 Y121.161
G1 F3000 X174.134 Y123.549 E234.03942
G0 F9000 X174.134 Y124.662
G1 F3000 X174.774 Y125.302 E234.08157
G0 F9000 X174.774 Y126.524
G1 F3000 X174.134 Y126.695 E234.11242
G0 F9000 X174.773 Y132.736
G1 F3000 X174.135 Y132.907 E234.14317
G0 F9000 X174.134 Y133.147
G1 F3000 X174.774 Y133.787 E234.18532
G0 F9000 X172.226 Y133.418
G1 F3000 X169.454 Y134.161 E234.31895
G0 F9000 X171.29 Y134.161
G1 F3000 X171.49 Y133.418 E234.35478
G0 F9000 X166.663 Y134.162
G1 F3000 X165.921 Y133.419 E234.40367
G0 F9000 X165.278 Y133.418
G1 F3000 X165.079 Y134.162 E234.43953
G0 F9000 X159.066 Y133.418
G1 F3000 X158.867 Y134.162 E234.4754
G0 F9000 X158.178 Y134.162
G1 F3000 X157.435 Y133.419 E234.52432
G1 F1500 E228.02432
G0 F9000 X153.027 Y133.168
G0 X152.464 Y93.646
G1 F1500 E234.52432
G0 F9000 X152.465 Y93.367
;TYPE:SKIN
G1 F1500 X152.445 Y93.366 E234.52526
G1 X152.445 Y92.625 E234.55976
G1 X152.465 Y92.626 E234.56069
G1 X152.465 Y93.367 E234.5952
G1 F1500 E228.0952
G0 F9000 X152.464 Y93.646
G0 X153.027 Y133.168
G0 X173.883 Y133.167
G0 X174.165 Y93.366
G1 F1500 E234.5952
G0 F9000 X174.445 Y93.366
G1 F1500 X174.445 Y92.625 E234.6297
G1 X174.465 Y92.626 E234.63063
G1 X174.465 Y93.367 E234.66514
G1 X174.445 Y93.366 E234.66607
G0 F9000 X174.282 Y93.569
;TYPE:SKIN
G1 F1500 X174.423 Y93.71 E234.6765
G1 X174.453 Y95.66 E234.77851
G1 X174.453 Y133.278 E236.74621
G1 X174.557 Y133.458 E236.75708
G0 F9000 X174.436 Y133.579
G0 X152.679 Y133.274
G0 X152.526 Y133.427
G1 F1500 X152.454 Y133.216 E236.76877
G1 X152.454 Y93.901 E238.82932
G1 X152.251 Y93.537 E238.85116
G0 F9000 X152.255 Y93.828
G1 F1500 E232.35116
;MESH:NONMESH
G0 F300 X152.255 Y93.828 Z7
G0 F9000 X151.875 Y131.265
G0 X150.79 Y131.265
G0 X148.153 Y133.279
G0 X97.347 Y133.279
G0 X94.766 Y131.265
G0 X93.681 Y131.265
G0 X92.701 Y131.265
;TIME_ELAPSED:5226.853775
;LAYER:24
;TYPE:WALL-INNER
;MESH:copri staffa L 30x30x1,8 met??.stl(1)
G1 F1500 E238.85116
G1 X92.701 Y89.983 E240.77343
G1 X92.701 Y89.784 E240.78269
G1 X92.9 Y89.784 E240.78869
G1 X93.501 Y89.785 E240.81667
G1 X93.501 Y132.156 E242.78964
G1 X70.701 Y132.156 E243.85131
G1 X70.701 Y89.983 E245.81506
G1 X70.701 Y89.784 E245.82432
G1 X70.9 Y89.784 E245.83032
G1 X71.501 Y89.785 E245.8583
G1 X71.501 Y131.067 E247.78057
G1 X71.501 Y131.266 E247.78983
G1 X71.7 Y131.266 E247.79583
G1 X92.701 Y131.265 E248.77372
G0 F9000 X92.301 Y130.865
;TYPE:WALL-OUTER
G1 F1500 X92.301 Y89.384 E250.70525
G1 X93.901 Y89.385 E250.77976
G1 X93.901 Y132.556 E252.78998
G1 X70.301 Y132.556 E253.88889
G1 X70.301 Y89.384 E255.89916
G1 X71.901 Y89.385 E255.97366
G1 X71.901 Y130.866 E257.90519
G1 X92.301 Y130.865 E258.8551
G0 F9000 X92.78 Y130.941
;TYPE:FILL
G1 F3000 X93.419 Y130.77 E258.8859
G0 F9000 X93.42 Y131.335
G1 F3000 X92.78 Y130.695 E258.92805
G0 F9000 X92.555 Y131.053
G0 X91.273 Y131.345
G1 F3000 X88.546 Y132.075 E259.0595
G0 F9000 X89.709 Y132.075
G1 F3000 X89.904 Y131.344 E259.09473
G0 F9000 X85.675 Y132.075
G1 F3000 X84.944 Y131.345 E259.14283
G0 F9000 X83.693 Y131.344
G1 F3000 X83.497 Y132.076 E259.17812
G0 F9000 X77.481 Y131.345
G1 F3000 X77.285 Y132.076 E259.21336
G0 F9000 X77.189 Y132.075
G1 F3000 X76.459 Y131.345 E259.26143
G0 F9000 X71.673 Y131.094
G0 X71.42 Y130.782
G1 F3000 X71.074 Y132.075 E259.32376
G0 F9000 X70.78 Y130.624
G1 F3000 X71.419 Y130.453 E259.35456
G0 F9000 X71.421 Y126.306
G1 F3000 X70.78 Y125.666 E259.39674
G0 F9000 X70.781 Y124.412
G1 F3000 X71.419 Y124.241 E259.4275
G0 F9000 X70.78 Y118.201
G1 F3000 X71.419 Y118.029 E259.45831
G0 F9000 X71.421 Y117.821
G1 F3000 X70.78 Y117.181 E259.50049
G0 F9000 X70.78 Y111.989
G1 F3000 X71.42 Y111.818 E259.53133
G0 F9000 X70.78 Y109.99
G1 F3000 X71.42 Y107.599 E259.64659
G0 F9000 X70.78 Y108.695
G1 F3000 X71.421 Y109.336 E259.6888
G0 F9000 X70.781 Y105.777
G1 F3000 X71.419 Y105.606 E259.71955
G0 F9000 X71.421 Y100.851
G1 F3000 X70.78 Y100.21 E259.76177
G0 F9000 X70.781 Y99.566
G1 F3000 X71.419 Y99.394 E259.79253
G0 F9000 X70.78 Y93.354
G1 F3000 X71.42 Y93.183 E259.82338
G0 F9000 X71.421 Y92.365
G1 F3000 X70.78 Y91.725 E259.86556
G1 F1500 E253.36556
G0 F9000 X71.673 Y131.094
G0 X92.529 Y131.093
G0 X92.78 Y93.671
G1 F1500 E259.86556
G1 F3000 X93.419 Y93.5 E259.89636
G0 F9000 X93.42 Y95.042
G1 F3000 X92.78 Y97.429 E260.01144
G0 F9000 X93.42 Y97.394
G1 F3000 X92.78 Y96.754 E260.05358
G0 F9000 X93.419 Y99.711
G1 F3000 X92.78 Y99.883 E260.08439
G0 F9000 X92.78 Y105.239
G1 F3000 X93.42 Y105.88 E260.12657
G0 F9000 X93.419 Y105.923
G1 F3000 X92.78 Y106.094 E260.15737
G0 F9000 X93.419 Y112.135
G1 F3000 X92.78 Y112.306 E260.18817
G0 F9000 X92.78 Y113.725
G1 F3000 X93.42 Y114.365 E260.23032
G0 F9000 X93.42 Y118.224
G1 F3000 X92.78 Y120.611 E260.34539
G0 F9000 X92.78 Y122.21
G1 F3000 X93.42 Y122.85 E260.38754
G0 F9000 X93.419 Y124.558
G1 F3000 X92.78 Y124.729 E260.41834
G0 F9000 X92.78 Y118.518
G1 F3000 X93.419 Y118.346 E260.44915
G0 F9000 X93.11 Y91.195
G0 X93.111 Y90.916
;TYPE:SKIN
G1 F1500 X93.091 Y90.915 E260.45009
G1 X93.091 Y90.174 E260.48459
G1 X93.111 Y90.175 E260.48552
G1 X93.111 Y90.916 E260.52003
G1 F1500 E254.02003
G0 F9000 X93.11 Y91.195
G0 X92.529 Y131.093
G0 X71.673 Y131.094
G0 X71.11 Y91.195
G1 F1500 E260.52003
G0 F9000 X71.111 Y90.916
G1 F1500 X71.091 Y90.915 E260.52096
G1 X71.091 Y90.174 E260.55546
G1 X71.111 Y90.175 E260.5564
G1 X71.111 Y90.916 E260.5909
G0 F9000 X71.153 Y91.235
;TYPE:SKIN
G1 F1500 X71.295 Y91.094 E260.60413
G0 F9000 X71.1 Y91.465
G1 F1500 X71.1 Y91.748 E260.61907
G1 X71.1 Y131.063 E262.69375
G1 X70.926 Y131.454 E262.71634
G0 F9000 X70.976 Y131.504
G0 X92.875 Y131.342
G1 F1500 X93.037 Y131.504 E262.72167
G0 F9000 X93.097 Y131.281
G1 F1500 X93.1 Y131.001 E262.73655
G1 X93.1 Y91.403 E264.84086
G1 X93.185 Y91.205 E264.85231
G0 F9000 X93.043 Y91.495
G1 F1500 E258.35231
;MESH:copri staffa L 30x30x1,8 met??.stl
G0 F9000 X93.681 Y131.221
G0 X94.766 Y131.221
G0 X97.335 Y131.221
G0 X98.42 Y131.221
G0 X99.599 Y131.221
;TYPE:WALL-INNER
G1 F1500 E264.85231
G1 X120.6 Y131.22 E265.83021
G1 X120.6 Y89.938 E267.75247
G1 X120.6 Y89.739 E267.76174
G1 X120.799 Y89.739 E267.76773
G1 X121.4 Y89.74 E267.79572
G1 X121.4 Y132.111 E269.76869
G1 X98.6 Y132.111 E270.83035
G1 X98.6 Y89.938 E272.7941
G1 X98.6 Y89.739 E272.80337
G1 X98.799 Y89.739 E272.80936
G1 X99.4 Y89.74 E272.83735
G1 X99.4 Y131.022 E274.75961
G1 X99.4 Y131.221 E274.76888
G1 X99.599 Y131.221 E274.77487
G0 F9000 X99.8 Y130.821
;TYPE:WALL-OUTER
G1 F1500 X120.2 Y130.82 E275.72478
G1 X120.2 Y89.339 E277.65631
G1 X121.8 Y89.34 E277.73081
G1 X121.8 Y132.511 E279.74104
G1 X98.2 Y132.511 E280.83995
G1 X98.2 Y89.339 E282.85022
G1 X99.8 Y89.34 E282.92472
G1 X99.8 Y130.821 E284.85625
G0 F9000 X99.318 Y130.737
;TYPE:FILL
G1 F3000 X98.972 Y132.03 E284.91858
G0 F9000 X98.679 Y130.579
G1 F3000 X99.318 Y130.408 E284.94938
G0 F9000 X99.32 Y126.262
G1 F3000 X98.679 Y125.621 E284.99159
G0 F9000 X98.68 Y124.367
G1 F3000 X99.318 Y124.196 E285.02235
G0 F9000 X98.679 Y118.155
G1 F3000 X99.318 Y117.984 E285.05315
G0 F9000 X99.32 Y117.777
G1 F3000 X98.679 Y117.136 E285.09536
G0 F9000 X98.679 Y111.944
G1 F3000 X99.319 Y111.772 E285.12622
G0 F9000 X98.679 Y109.941
G1 F3000 X99.319 Y107.552 E285.24138
G0 F9000 X98.679 Y108.651
G1 F3000 X99.319 Y109.291 E285.28353
G0 F9000 X98.68 Y105.732
G1 F3000 X99.318 Y105.561 E285.31428
G0 F9000 X99.319 Y100.805
G1 F3000 X98.679 Y100.165 E285.35643
G0 F9000 X98.68 Y99.52
G1 F3000 X99.318 Y99.349 E285.38719
G0 F9000 X98.679 Y93.309
G1 F3000 X99.319 Y93.137 E285.41804
G0 F9000 X99.319 Y92.32
G1 F3000 X98.679 Y91.68 E285.46019
G1 F1500 E278.96019
G0 F9000 X99.572 Y131.049
G0 X120.428 Y131.048
G0 X120.679 Y93.626
G1 F1500 E285.46019
G1 F3000 X121.318 Y93.454 E285.491
G0 F9000 X121.319 Y94.993
G1 F3000 X120.679 Y97.383 E285.60621
G0 F9000 X121.32 Y97.35
G1 F3000 X120.679 Y96.709 E285.64842
G0 F9000 X121.318 Y99.666
G1 F3000 X120.678 Y99.837 E285.67927
G0 F9000 X120.679 Y105.194
G1 F3000 X121.32 Y105.836 E285.72151
G0 F9000 X121.318 Y105.878
G1 F3000 X120.679 Y106.049 E285.75232
G0 F9000 X121.318 Y112.089
G1 F3000 X120.679 Y112.261 E285.78313
G0 F9000 X120.679 Y113.68
G1 F3000 X121.32 Y114.321 E285.82534
G0 F9000 X121.319 Y118.175
G1 F3000 X120.679 Y120.565 E285.94055
G0 F9000 X120.679 Y122.165
G1 F3000 X121.32 Y122.806 E285.98276
G0 F9000 X121.318 Y124.513
G1 F3000 X120.679 Y124.684 E286.01356
G0 F9000 X120.679 Y118.472
G1 F3000 X121.318 Y118.301 E286.04436
G0 F9000 X120.679 Y130.65
G1 F3000 X121.32 Y131.292 E286.08661
G0 F9000 X121.318 Y130.724
G1 F3000 X120.679 Y130.896 E286.11742
G0 F9000 X119.172 Y131.299
G1 F3000 X116.442 Y132.031 E286.24903
G0 F9000 X117.607 Y132.03
G1 F3000 X117.803 Y131.298 E286.28432
G0 F9000 X113.573 Y132.03
G1 F3000 X112.842 Y131.299 E286.33245
G0 F9000 X111.591 Y131.298
G1 F3000 X111.395 Y132.031 E286.36779
G0 F9000 X105.379 Y131.299
G1 F3000 X105.184 Y132.03 E286.40301
G0 F9000 X105.088 Y132.03
G1 F3000 X104.357 Y131.299 E286.45115
G1 F1500 E279.95115
G0 F9000 X99.572 Y131.049
G0 X99.009 Y91.15
G1 F1500 E286.45115
G0 F9000 X99.01 Y90.871
;TYPE:SKIN
G1 F1500 X98.99 Y90.87 E286.45208
G1 X98.99 Y90.129 E286.48659
G1 X99.01 Y90.13 E286.48752
G1 X99.01 Y90.871 E286.52202
G1 F1500 E280.02202
G0 F9000 X99.009 Y91.15
G0 X99.572 Y131.049
G0 X120.428 Y131.048
G0 X120.71 Y90.87
G1 F1500 E286.52202
G0 F9000 X120.99 Y90.87
G1 F1500 X120.99 Y90.129 E286.55653
G1 X121.01 Y90.13 E286.55746
G1 X121.01 Y90.871 E286.59197
G1 X120.99 Y90.87 E286.5929
G0 F9000 X121.002 Y91.02
;TYPE:SKIN
G1 F1500 X121.224 Y91.243 E286.60022
G0 F9000 X120.998 Y91.3
G1 F1500 X120.998 Y91.583 E286.61512
G1 X120.999 Y112.231 E287.70186
G1 X120.999 Y131.181 E288.69922
G1 X120.884 Y131.349 E288.70994
G0 F9000 X120.774 Y131.239
G0 X99.224 Y131.185
G0 X98.999 Y130.96
G1 F1500 X98.999 Y130.677 E288.72495
G1 X98.999 Y91.362 E290.81084
G1 X99.082 Y91.162 E290.82233
G1 F1500 E284.32233
G0 F9000 X99.224 Y91.305
G0 X98.774 Y131.018
G1 F1500 E290.82233
G1 X99.216 Y131.46 E290.83689
G0 F9000 X98.933 Y131.46
G1 F1500 X98.774 Y131.301 E290.84212
G0 F9000 X98.8 Y131.301
G1 F1500 E284.34212
;MESH:copri staffa L 30x30x1,8 met??.stl(2)
G0 F9000 X121.58 Y131.221
G0 X123.92 Y131.221
G0 X125.099 Y131.221
;TYPE:WALL-INNER
G1 F1500 E290.84212
G1 X146.1 Y131.22 E291.82002
G1 X146.1 Y89.938 E293.74228
G1 X146.1 Y89.739 E293.75154
G1 X146.299 Y89.739 E293.75754
G1 X146.9 Y89.74 E293.78553
G1 X146.9 Y132.111 E295.7585
G1 X124.1 Y132.111 E296.82016
G1 X124.1 Y89.938 E298.78391
G1 X124.1 Y89.739 E298.79318
G1 X124.299 Y89.739 E298.79917
G1 X124.9 Y89.74 E298.82716
G1 X124.9 Y131.022 E300.74942
G1 X124.9 Y131.221 E300.75869
G1 X125.099 Y131.221 E300.76468
G0 F9000 X125.3 Y130.821
;TYPE:WALL-OUTER
G1 F1500 X145.7 Y130.82 E301.71459
G1 X145.7 Y89.339 E303.64612
G1 X147.3 Y89.34 E303.72062
G1 X147.3 Y132.511 E305.73085
G1 X123.7 Y132.511 E306.82976
G1 X123.7 Y89.339 E308.84003
G1 X125.3 Y89.34 E308.91453
G1 X125.3 Y130.821 E310.84606
G0 F9000 X124.819 Y130.737
;TYPE:FILL
G1 F3000 X124.473 Y132.03 E310.90839
G0 F9000 X124.179 Y130.579
G1 F3000 X124.818 Y130.408 E310.93919
G0 F9000 X124.819 Y126.262
G1 F3000 X124.179 Y125.621 E310.98137
G0 F9000 X124.18 Y124.367
G1 F3000 X124.818 Y124.196 E311.01212
G0 F9000 X124.179 Y118.156
G1 F3000 X124.818 Y117.984 E311.04294
G0 F9000 X124.819 Y117.777
G1 F3000 X124.179 Y117.136 E311.08512
G0 F9000 X124.179 Y111.944
G1 F3000 X124.819 Y111.773 E311.11596
G0 F9000 X124.179 Y109.945
G1 F3000 X124.819 Y107.554 E311.23122
G0 F9000 X124.179 Y108.651
G1 F3000 X124.819 Y109.291 E311.27336
G0 F9000 X124.179 Y105.732
G1 F3000 X124.818 Y105.561 E311.30416
G0 F9000 X124.819 Y100.806
G1 F3000 X124.179 Y100.165 E311.34634
G0 F9000 X124.18 Y99.52
G1 F3000 X124.818 Y99.349 E311.3771
G0 F9000 X124.179 Y93.309
G1 F3000 X124.819 Y93.138 E311.40794
G0 F9000 X124.819 Y92.321
G1 F3000 X124.179 Y91.68 E311.45012
G1 F1500 E304.95012
G0 F9000 X125.072 Y131.049
G0 X145.928 Y131.048
G0 X146.18 Y93.626
G1 F1500 E311.45012
G1 F3000 X146.818 Y93.454 E311.48089
G0 F9000 X146.819 Y94.997
G1 F3000 X146.18 Y97.384 E311.59595
G0 F9000 X146.819 Y97.35
G1 F3000 X146.178 Y96.709 E311.63816
G0 F9000 X146.818 Y99.666
G1 F3000 X146.179 Y99.837 E311.66897
G0 F9000 X146.178 Y105.194
G1 F3000 X146.819 Y105.835 E311.71118
G0 F9000 X146.819 Y105.878
G1 F3000 X146.18 Y106.049 E311.74198
G0 F9000 X146.818 Y112.089
G1 F3000 X146.18 Y112.26 E311.77273
G0 F9000 X146.178 Y113.68
G1 F3000 X146.819 Y114.32 E311.81491
G0 F9000 X146.819 Y118.179
G1 F3000 X146.179 Y120.568 E311.93008
G0 F9000 X146.178 Y122.165
G1 F3000 X146.819 Y122.806 E311.97229
G0 F9000 X146.819 Y124.513
G1 F3000 X146.18 Y124.684 E312.00309
G0 F9000 X146.179 Y118.472
G1 F3000 X146.819 Y118.301 E312.03394
G0 F9000 X146.178 Y130.65
G1 F3000 X146.819 Y131.291 E312.07615
G0 F9000 X146.818 Y130.724
G1 F3000 X146.18 Y130.895 E312.1069
G0 F9000 X144.673 Y131.299
G1 F3000 X141.946 Y132.03 E312.23837
G0 F9000 X143.108 Y132.03
G1 F3000 X143.304 Y131.298 E312.27365
G0 F9000 X139.073 Y132.03
G1 F3000 X138.342 Y131.299 E312.32179
G0 F9000 X137.092 Y131.299
G1 F3000 X136.896 Y132.031 E312.35708
G0 F9000 X130.88 Y131.299
G1 F3000 X130.684 Y132.031 E312.39236
G0 F9000 X130.587 Y132.03
G1 F3000 X129.857 Y131.299 E312.44047
G1 F1500 E305.94047
G0 F9000 X125.072 Y131.049
G0 X124.509 Y91.15
G1 F1500 E312.44047
G0 F9000 X124.51 Y90.871
;TYPE:SKIN
G1 F1500 X124.49 Y90.87 E312.4414
G1 X124.49 Y90.129 E312.4759
G1 X124.51 Y90.13 E312.47684
G1 X124.51 Y90.871 E312.51134
G1 F1500 E306.01134
G0 F9000 X124.509 Y91.15
G0 X125.072 Y131.049
G0 X145.928 Y131.048
G0 X146.21 Y90.87
G1 F1500 E312.51134
G0 F9000 X146.49 Y90.87
G1 F1500 X146.49 Y90.129 E312.54584
G1 X146.51 Y90.13 E312.54678
G1 X146.51 Y90.871 E312.58128
G1 X146.49 Y90.87 E312.58221
G0 F9000 X146.457 Y91.02
;TYPE:SKIN
G1 F1500 X146.723 Y91.286 E312.59097
G0 F9000 X146.498 Y91.344
G1 F1500 X146.498 Y91.627 E312.60581
G1 X146.498 Y131.225 E314.68191
G1 X146.362 Y131.371 E314.69237
G0 F9000 X146.274 Y131.283
G0 X124.724 Y131.229
G0 X124.499 Y131.004
G1 F1500 X124.499 Y130.721 E314.70732
G1 X124.499 Y91.406 E316.78503
G1 X124.701 Y91.043 E316.80698
G1 F1500 E310.30698
G0 F9000 X124.79 Y91.02
G0 X124.274 Y131.062
G0 X124.473 Y131.261
G1 F1500 E316.80698
G1 X124.331 Y131.402 E316.82385
G0 F9000 X124.3 Y131.345
G1 F1500 E310.32385
;MESH:copri staffa L 30x30x1,8 met??.stl(3)
G0 F9000 X147.086 Y132.297
G0 X148.165 Y132.297
G0 X150.79 Y132.297
G0 X151.875 Y132.297
G0 X153.054 Y133.438
;TYPE:WALL-INNER
G1 F1500 E316.82385
G1 X174.055 Y133.437 E317.80174
G1 X174.055 Y92.154 E319.72405
G1 X174.055 Y91.955 E319.73332
G1 X174.254 Y91.955 E319.73931
G1 X174.855 Y91.956 E319.7673
G1 X174.855 Y134.327 E321.74027
G1 X152.055 Y134.327 E322.80193
G1 X152.055 Y92.154 E324.76568
G1 X152.055 Y91.955 E324.77495
G1 X152.254 Y91.955 E324.78095
G1 X152.855 Y91.956 E324.80893
G1 X152.855 Y133.239 E326.73124
G1 X152.855 Y133.438 E326.74051
G1 X153.054 Y133.438 E326.7465
G0 F9000 X153.255 Y133.038
;TYPE:WALL-OUTER
G1 F1500 X173.655 Y133.037 E327.69641
G1 X173.655 Y91.555 E329.62799
G1 X175.255 Y91.556 E329.70249
G1 X175.255 Y134.727 E331.71271
G1 X151.655 Y134.727 E332.81163
G1 X151.655 Y91.555 E334.8219
G1 X153.255 Y91.556 E334.8964
G1 X153.255 Y133.038 E336.82797
G0 F9000 X152.774 Y132.954
;TYPE:FILL
G1 F3000 X152.428 Y134.246 E336.89026
G0 F9000 X152.134 Y132.795
G1 F3000 X152.774 Y132.624 E336.9211
G0 F9000 X152.774 Y128.478
G1 F3000 X152.134 Y127.837 E336.96328
G0 F9000 X152.135 Y126.583
G1 F3000 X152.773 Y126.412 E336.99404
G0 F9000 X152.134 Y120.372
G1 F3000 X152.773 Y120.2 E337.02485
G0 F9000 X152.774 Y119.993
G1 F3000 X152.134 Y119.352 E337.06703
G0 F9000 X152.134 Y114.16
G1 F3000 X152.774 Y113.989 E337.09787
G0 F9000 X152.134 Y112.161
G1 F3000 X152.774 Y109.771 E337.21308
G0 F9000 X152.134 Y110.867
G1 F3000 X152.774 Y111.507 E337.25523
G0 F9000 X152.135 Y107.948
G1 F3000 X152.773 Y107.777 E337.28599
G0 F9000 X152.774 Y103.022
G1 F3000 X152.134 Y102.381 E337.32816
G0 F9000 X152.135 Y101.737
G1 F3000 X152.773 Y101.565 E337.35893
G0 F9000 X152.134 Y95.525
G1 F3000 X152.774 Y95.354 E337.38978
G0 F9000 X152.774 Y94.537
G1 F3000 X152.134 Y93.896 E337.43196
G1 F1500 E330.93196
G0 F9000 X153.027 Y133.266
G0 X173.883 Y133.265
G0 X174.134 Y95.842
G1 F1500 E337.43196
G1 F3000 X174.773 Y95.671 E337.46276
G0 F9000 X174.774 Y97.213
G1 F3000 X174.135 Y99.6 E337.57782
G0 F9000 X174.774 Y99.566
G1 F3000 X174.134 Y98.926 E337.61997
G0 F9000 X174.773 Y101.882
G1 F3000 X174.134 Y102.054 E337.65078
G0 F9000 X174.134 Y107.411
G1 F3000 X174.774 Y108.051 E337.69292
G0 F9000 X174.774 Y108.094
G1 F3000 X174.134 Y108.265 E337.72377
G0 F9000 X174.773 Y114.306
G1 F3000 X174.134 Y114.477 E337.75457
G0 F9000 X174.134 Y115.896
G1 F3000 X174.774 Y116.536 E337.79672
G0 F9000 X174.774 Y120.395
G1 F3000 X174.134 Y122.783 E337.91184
G0 F9000 X174.134 Y124.382
G1 F3000 X174.774 Y125.022 E337.95398
G0 F9000 X174.774 Y126.729
G1 F3000 X174.134 Y126.9 E337.98483
G0 F9000 X174.134 Y120.689
G1 F3000 X174.773 Y120.517 E338.01564
G0 F9000 X174.134 Y132.867
G1 F3000 X174.774 Y133.507 E338.05779
G0 F9000 X174.773 Y132.941
G1 F3000 X174.134 Y133.112 E338.08859
G0 F9000 X172.627 Y133.516
G1 F3000 X169.901 Y134.246 E338.21999
G0 F9000 X171.063 Y134.246
G1 F3000 X171.258 Y133.516 E338.25518
G0 F9000 X167.028 Y134.247
G1 F3000 X166.298 Y133.517 E338.30325
G0 F9000 X165.047 Y133.516
G1 F3000 X164.851 Y134.247 E338.33849
G0 F9000 X158.835 Y133.517
G1 F3000 X158.639 Y134.247 E338.37369
G0 F9000 X158.543 Y134.247
G1 F3000 X157.814 Y133.518 E338.42169
G1 F1500 E331.92169
G0 F9000 X153.027 Y133.266
G0 X152.464 Y93.366
G1 F1500 E338.42169
G0 F9000 X152.465 Y93.087
;TYPE:SKIN
G1 F1500 X152.445 Y93.086 E338.42263
G1 X152.445 Y92.345 E338.45713
G1 X152.465 Y92.346 E338.45806
G1 X152.465 Y93.087 E338.49257
G1 F1500 E331.99257
G0 F9000 X152.464 Y93.366
G0 X153.027 Y133.266
G0 X173.883 Y133.265
G0 X174.165 Y93.086
G1 F1500 E338.49257
G0 F9000 X174.445 Y93.086
G1 F1500 X174.445 Y92.345 E338.52707
G1 X174.465 Y92.346 E338.528
G1 X174.465 Y93.087 E338.56251
G1 X174.445 Y93.086 E338.56344
G0 F9000 X174.545 Y93.369
;TYPE:SKIN
G1 F1500 X174.454 Y93.561 E338.57463
G1 X174.454 Y133.442 E340.67578
G1 X174.317 Y133.588 E340.68633
G0 F9000 X174.229 Y133.5
G0 X152.679 Y133.445
G0 X152.454 Y133.22
G1 F1500 X152.454 Y132.938 E340.70122
G1 X152.454 Y93.622 E342.77689
G1 X152.656 Y93.259 E342.79882
G1 F1500 E336.29882
G0 F9000 X152.745 Y93.236
G0 X152.229 Y133.279
G0 X152.428 Y133.478
G1 F1500 E342.79882
G1 X152.287 Y133.619 E342.81578
G0 F9000 X152.255 Y133.561
G1 F1500 E336.31578
;MESH:NONMESH
G0 F300 X152.255 Y133.561 Z7.28
G0 F9000 X151.875 Y131.363
G0 X150.79 Y131.363
G0 X148.153 Y133.364
G0 X97.347 Y133.364
G0 X94.766 Y131.363
G0 X93.681 Y131.363
G0 X92.701 Y131.363
;TIME_ELAPSED:5367.004104
;LAYER:25
;TYPE:WALL-INNER
;MESH:copri staffa L 30x30x1,8 met??.stl(1)
G1 F1500 E342.81578
G1 X92.701 Y89.703 E344.75564
G1 X92.701 Y89.504 E344.76491
G1 X92.9 Y89.504 E344.7709
G1 X93.501 Y89.505 E344.79889
G1 X93.501 Y132.241 E346.78886
G1 X70.701 Y132.241 E347.85052
G1 X70.701 Y89.703 E349.83127
G1 X70.701 Y89.504 E349.84053
G1 X70.9 Y89.504 E349.84653
G1 X71.501 Y89.505 E349.87451
G1 X71.501 Y131.165 E351.81438
G1 X71.501 Y131.364 E351.82364
G1 X71.7 Y131.364 E351.82964
G1 X92.701 Y131.363 E352.80753
G0 F9000 X92.301 Y130.963
;TYPE:WALL-OUTER
G1 F1500 X92.301 Y89.104 E354.75666
G1 X93.901 Y89.105 E354.83117
G1 X93.901 Y132.641 E356.85839
G1 X70.301 Y132.641 E357.9573
G1 X70.301 Y89.104 E359.98457
G1 X71.901 Y89.105 E360.05907
G1 X71.901 Y130.964 E362.0082
G1 X92.301 Y130.963 E362.95811
G0 F9000 X92.78 Y131.146
;TYPE:FILL
G1 F3000 X93.419 Y130.975 E362.98891
G0 F9000 X93.42 Y131.055
G1 F3000 X92.78 Y130.415 E363.03105
G0 F9000 X92.529 Y131.191
G0 X91.675 Y131.442
G1 F3000 X88.995 Y132.16 E363.16025
G0 F9000 X89.481 Y132.16
G1 F3000 X89.673 Y131.442 E363.19486
G0 F9000 X86.04 Y132.16
G1 F3000 X85.323 Y131.443 E363.24207
G0 F9000 X83.462 Y131.442
G1 F3000 X83.269 Y132.161 E363.27674
G0 F9000 X77.554 Y132.16
G1 F3000 X76.837 Y131.443 E363.32395
G0 F9000 X77.25 Y131.442
G1 F3000 X77.057 Y132.161 E363.35862
G0 F9000 X71.673 Y131.192
G0 X71.42 Y130.658
G1 F3000 X70.78 Y130.829 E363.38946
G0 F9000 X71.42 Y130.018
G1 F3000 X70.846 Y132.16 E363.49272
G0 F9000 X71.421 Y126.026
G1 F3000 X70.78 Y125.386 E363.5349
G0 F9000 X70.781 Y124.617
G1 F3000 X71.419 Y124.446 E363.56566
G0 F9000 X70.781 Y118.405
G1 F3000 X71.42 Y118.234 E363.59646
G0 F9000 X71.421 Y117.541
G1 F3000 X70.78 Y116.901 E363.63864
G0 F9000 X70.78 Y112.194
G1 F3000 X71.42 Y112.023 E363.66948
G0 F9000 X70.78 Y109.223
G1 F3000 X71.42 Y106.837 E363.78451
G0 F9000 X71.419 Y105.811
G1 F3000 X70.781 Y105.982 E363.81527
G0 F9000 X70.78 Y108.415
G1 F3000 X71.421 Y109.056 E363.85748
G0 F9000 X71.421 Y100.571
G1 F3000 X70.78 Y99.93 E363.89969
G0 F9000 X70.781 Y99.771
G1 F3000 X71.419 Y99.599 E363.93046
G0 F9000 X70.78 Y93.559
G1 F3000 X71.419 Y93.388 E363.96126
G0 F9000 X71.421 Y92.085
G1 F3000 X70.78 Y91.445 E364.00344
G1 F1500 E357.50344
G0 F9000 X71.673 Y131.192
G0 X92.529 Y131.191
G0 X92.78 Y93.876
G1 F1500 E364.00344
G1 F3000 X93.419 Y93.705 E364.03424
G0 F9000 X93.42 Y94.276
G1 F3000 X92.78 Y96.665 E364.14941
G0 F9000 X92.78 Y96.474
G1 F3000 X93.42 Y97.114 E364.19155
G0 F9000 X93.419 Y99.916
G1 F3000 X92.781 Y100.087 E364.22231
G0 F9000 X92.78 Y104.959
G1 F3000 X93.42 Y105.6 E364.26449
G0 F9000 X93.42 Y106.128
G1 F3000 X92.78 Y106.299 E364.29533
G0 F9000 X93.419 Y112.34
G1 F3000 X92.78 Y112.511 E364.32613
G0 F9000 X92.78 Y113.444
G1 F3000 X93.42 Y114.085 E364.36831
G0 F9000 X93.42 Y117.459
G1 F3000 X92.78 Y119.847 E364.48343
G0 F9000 X92.781 Y118.722
G1 F3000 X93.419 Y118.551 E364.51419
G0 F9000 X92.78 Y121.929
G1 F3000 X93.42 Y122.57 E364.55637
G0 F9000 X93.419 Y124.763
G1 F3000 X92.78 Y124.934 E364.58717
G1 F1500 E358.08717
G0 F9000 X93.11 Y90.915
G1 F1500 E364.58717
G0 F9000 X93.111 Y90.636
;TYPE:SKIN
G1 F1500 X93.091 Y90.635 E364.5881
G1 X93.091 Y89.894 E364.6226
G1 X93.111 Y89.895 E364.62354
G1 X93.111 Y90.636 E364.65804
G1 F1500 E358.15804
G0 F9000 X93.11 Y90.915
G0 X92.529 Y131.191
G0 X71.673 Y131.192
G0 X71.11 Y90.915
G1 F1500 E364.65804
G0 F9000 X71.111 Y90.636
G1 F1500 X71.091 Y90.635 E364.65897
G1 X71.091 Y89.894 E364.69348
G1 X71.111 Y89.895 E364.69441
G1 X71.111 Y90.636 E364.72891
G0 F9000 X70.939 Y90.846
;TYPE:SKIN
G1 F1500 X71.08 Y90.988 E364.73938
G1 X71.1 Y94.079 E364.90103
G1 X71.1 Y131.131 E366.83877
G1 X71.26 Y131.537 E366.86159
G0 F9000 X71.325 Y131.472
G0 X92.875 Y131.418
G0 X93.1 Y131.193
G1 F1500 X93.1 Y130.91 E366.87657
G1 X93.1 Y91.029 E368.98751
G1 X92.969 Y90.878 E368.99809
G1 F1500 E362.49809
G0 F9000 X92.875 Y90.972
G0 X93.325 Y131.251
G0 X93.149 Y131.426
G1 F1500 E368.99809
G1 X93.291 Y131.568 E369.01193
G0 F9000 X93.301 Y131.534
G1 F1500 E362.51193
;MESH:copri staffa L 30x30x1,8 met??.stl
G0 F9000 X93.681 Y131.319
G0 X94.766 Y131.319
G0 X97.335 Y131.319
G0 X98.42 Y131.319
G0 X99.599 Y131.319
;TYPE:WALL-INNER
G1 F1500 E369.01193
G1 X120.6 Y131.318 E369.98982
G1 X120.6 Y89.658 E371.92969
G1 X120.6 Y89.459 E371.93895
G1 X120.799 Y89.459 E371.94495
G1 X121.4 Y89.46 E371.97293
G1 X121.4 Y132.196 E373.9629
G1 X98.6 Y132.196 E375.02456
G1 X98.6 Y89.658 E377.00531
G1 X98.6 Y89.459 E377.01458
G1 X98.799 Y89.459 E377.02057
G1 X99.4 Y89.46 E377.04856
G1 X99.4 Y131.12 E378.98842
G1 X99.4 Y131.319 E378.99769
G1 X99.599 Y131.319 E379.00368
G0 F9000 X99.8 Y130.919
;TYPE:WALL-OUTER
G1 F1500 X120.2 Y130.918 E379.95359
G1 X120.2 Y89.059 E381.90272
G1 X121.8 Y89.06 E381.97723
G1 X121.8 Y132.596 E384.00445
G1 X98.2 Y132.596 E385.10336
G1 X98.2 Y89.059 E387.13063
G1 X99.8 Y89.06 E387.20513
G1 X99.8 Y130.919 E389.15426
G0 F9000 X99.319 Y130.612
;TYPE:FILL
G1 F3000 X98.679 Y130.784 E389.18512
G0 F9000 X99.319 Y129.969
G1 F3000 X98.744 Y132.115 E389.28857
G0 F9000 X104.735 Y131.398
G1 F3000 X105.452 Y132.115 E389.33578
G0 F9000 X104.956 Y132.115
G1 F3000 X105.148 Y131.397 E389.37039
G0 F9000 X111.167 Y132.116
G1 F3000 X111.36 Y131.397 E389.40506
G0 F9000 X113.221 Y131.398
G1 F3000 X113.938 Y132.115 E389.45227
G0 F9000 X116.891 Y132.116
G1 F3000 X119.57 Y131.398 E389.58142
G0 F9000 X120.679 Y131.101
G1 F3000 X121.318 Y130.929 E389.61223
G0 F9000 X121.32 Y131.012
G1 F3000 X120.679 Y130.371 E389.65445
G0 F9000 X120.428 Y131.146
G0 X117.572 Y131.397
G1 F3000 X117.379 Y132.115 E389.68906
G0 F9000 X120.428 Y131.146
G0 X120.679 Y124.889
G1 F3000 X121.318 Y124.718 E389.71987
G0 F9000 X121.32 Y122.526
G1 F3000 X120.679 Y121.886 E389.76204
G0 F9000 X120.679 Y119.798
G1 F3000 X121.319 Y117.411 E389.87712
G0 F9000 X121.318 Y118.506
G1 F3000 X120.68 Y118.677 E389.90788
G0 F9000 X121.32 Y114.041
G1 F3000 X120.679 Y113.4 E389.95009
G0 F9000 X120.68 Y112.465
G1 F3000 X121.318 Y112.294 E389.98084
G0 F9000 X120.679 Y106.254
G1 F3000 X121.319 Y106.082 E390.0117
G0 F9000 X121.32 Y105.556
G1 F3000 X120.679 Y104.914 E390.05395
G0 F9000 X120.679 Y100.042
G1 F3000 X121.318 Y99.871 E390.08475
G0 F9000 X121.32 Y97.07
G1 F3000 X120.679 Y96.429 E390.12696
G0 F9000 X120.679 Y96.616
G1 F3000 X121.319 Y94.23 E390.24199
G0 F9000 X121.318 Y93.659
G1 F3000 X120.68 Y93.83 E390.27274
G1 F1500 E383.77274
G0 F9000 X120.428 Y131.146
G0 X99.572 Y131.147
G0 X99.318 Y93.343
G1 F1500 E390.27274
G1 F3000 X98.68 Y93.513 E390.30349
G0 F9000 X99.319 Y92.04
G1 F3000 X98.678 Y91.399 E390.3457
G0 F9000 X99.318 Y99.554
G1 F3000 X98.68 Y99.725 E390.37646
G0 F9000 X98.678 Y99.885
G1 F3000 X99.319 Y100.525 E390.41863
G0 F9000 X99.318 Y105.766
G1 F3000 X98.68 Y105.937 E390.44939
G0 F9000 X99.319 Y106.787
G1 F3000 X98.68 Y109.174 E390.56445
G0 F9000 X99.319 Y109.011
G1 F3000 X98.678 Y108.37 E390.60666
G0 F9000 X99.319 Y111.977
G1 F3000 X98.679 Y112.149 E390.63752
G0 F9000 X98.679 Y116.856
G1 F3000 X99.319 Y117.496 E390.67967
G0 F9000 X99.318 Y118.189
G1 F3000 X98.68 Y118.36 E390.71042
G0 F9000 X99.318 Y124.401
G1 F3000 X98.68 Y124.572 E390.74118
G0 F9000 X98.679 Y125.341
G1 F3000 X99.319 Y125.981 E390.78333
G1 F1500 E384.28333
G0 F9000 X99.009 Y90.87
G1 F1500 E390.78333
G0 F9000 X99.01 Y90.591
;TYPE:SKIN
G1 F1500 X98.99 Y90.59 E390.78426
G1 X98.99 Y89.849 E390.81876
G1 X99.01 Y89.85 E390.81969
G1 X99.01 Y90.591 E390.8542
G1 F1500 E384.3542
G0 F9000 X99.009 Y90.87
G0 X99.572 Y131.147
G0 X120.428 Y131.146
G0 X120.71 Y90.59
G1 F1500 E390.8542
G0 F9000 X120.99 Y90.59
G1 F1500 X120.99 Y89.849 E390.8887
G1 X121.01 Y89.85 E390.88964
G1 X121.01 Y90.591 E390.92414
G1 X120.99 Y90.59 E390.92507
G0 F9000 X120.941 Y90.907
;TYPE:SKIN
G1 F1500 X120.8 Y90.765 E390.93777
G0 F9000 X120.999 Y91.132
G1 F1500 X120.999 Y91.415 E390.95273
G1 X120.999 Y131.295 E393.06132
G1 X121.122 Y131.455 E393.07199
G0 F9000 X121.224 Y131.354
G0 X99.224 Y131.292
G0 X99.091 Y131.424
G1 F1500 X98.999 Y131.233 E393.08313
G1 X98.999 Y91.07 E395.19261
G1 X98.911 Y90.876 E395.20379
G0 F9000 X98.8 Y91.052
G1 F1500 E388.70379
;MESH:copri staffa L 30x30x1,8 met??.stl(2)
G0 F9000 X99.572 Y131.147
G0 X121.58 Y131.319
G0 X123.92 Y131.319
G0 X125.099 Y131.319
;TYPE:WALL-INNER
G1 F1500 E395.20379
G1 X146.1 Y131.318 E396.18169
G1 X146.1 Y89.658 E398.12155
G1 X146.1 Y89.459 E398.13082
G1 X146.299 Y89.459 E398.13681
G1 X146.9 Y89.46 E398.1648
G1 X146.9 Y132.196 E400.15477
G1 X124.1 Y132.196 E401.21643
G1 X124.1 Y89.658 E403.19718
G1 X124.1 Y89.459 E403.20644
G1 X124.299 Y89.459 E403.21244
G1 X124.9 Y89.46 E403.24042
G1 X124.9 Y131.12 E405.18029
G1 X124.9 Y131.319 E405.18955
G1 X125.099 Y131.319 E405.19555
G0 F9000 X125.3 Y130.919
;TYPE:WALL-OUTER
G1 F1500 X145.7 Y130.918 E406.14546
G1 X145.7 Y89.059 E408.09459
G1 X147.3 Y89.06 E408.16909
G1 X147.3 Y132.596 E410.19631
G1 X123.7 Y132.596 E411.29523
G1 X123.7 Y89.059 E413.32249
G1 X125.3 Y89.06 E413.39699
G1 X125.3 Y130.919 E415.34612
G0 F9000 X124.819 Y130.612
;TYPE:FILL
G1 F3000 X124.179 Y130.784 E415.37698
G0 F9000 X124.819 Y129.972
G1 F3000 X124.245 Y132.115 E415.48029
G0 F9000 X130.236 Y131.398
G1 F3000 X130.952 Y132.115 E415.52747
G0 F9000 X130.456 Y132.116
G1 F3000 X130.649 Y131.396 E415.56218
G0 F9000 X136.668 Y132.116
G1 F3000 X136.861 Y131.397 E415.59684
G0 F9000 X138.721 Y131.398
G1 F3000 X139.437 Y132.115 E415.64403
G0 F9000 X142.392 Y132.115
G1 F3000 X145.074 Y131.397 E415.77331
G0 F9000 X146.179 Y131.101
G1 F3000 X146.819 Y130.929 E415.80417
G0 F9000 X146.819 Y131.011
G1 F3000 X146.179 Y130.371 E415.84631
G0 F9000 X145.928 Y131.146
G0 X143.072 Y131.397
G1 F3000 X142.88 Y132.115 E415.88092
G0 F9000 X145.928 Y131.146
G0 X146.179 Y124.889
G1 F3000 X146.819 Y124.718 E415.91177
G0 F9000 X146.819 Y122.526
G1 F3000 X146.179 Y121.886 E415.95391
G0 F9000 X146.179 Y119.802
G1 F3000 X146.819 Y117.413 E416.06908
G0 F9000 X146.819 Y118.506
G1 F3000 X146.18 Y118.677 E416.09988
G0 F9000 X146.819 Y114.04
G1 F3000 X146.179 Y113.4 E416.14202
G0 F9000 X146.179 Y112.466
G1 F3000 X146.818 Y112.294 E416.17284
G0 F9000 X146.179 Y106.254
G1 F3000 X146.819 Y106.083 E416.20368
G0 F9000 X146.819 Y105.555
G1 F3000 X146.179 Y104.915 E416.24583
G0 F9000 X146.179 Y100.042
G1 F3000 X146.819 Y99.871 E416.27668
G0 F9000 X146.819 Y97.07
G1 F3000 X146.179 Y96.43 E416.31882
G0 F9000 X146.179 Y96.62
G1 F3000 X146.82 Y94.23 E416.43404
G0 F9000 X146.818 Y93.659
G1 F3000 X146.18 Y93.83 E416.4648
G1 F1500 E409.9648
G0 F9000 X145.928 Y131.146
G0 X125.072 Y131.147
G0 X124.819 Y93.343
G1 F1500 E416.4648
G1 F3000 X124.179 Y93.514 E416.49565
G0 F9000 X124.819 Y92.041
G1 F3000 X124.179 Y91.4 E416.53782
G0 F9000 X124.819 Y99.554
G1 F3000 X124.18 Y99.725 E416.56863
G0 F9000 X124.179 Y99.885
G1 F3000 X124.819 Y100.526 E416.6108
G0 F9000 X124.819 Y105.766
G1 F3000 X124.179 Y105.937 E416.64165
G0 F9000 X124.819 Y106.791
G1 F3000 X124.179 Y109.178 E416.75672
G0 F9000 X124.819 Y109.011
G1 F3000 X124.179 Y108.371 E416.79887
G0 F9000 X124.819 Y111.977
G1 F3000 X124.179 Y112.149 E416.82973
G0 F9000 X124.179 Y116.856
G1 F3000 X124.819 Y117.497 E416.87191
G0 F9000 X124.818 Y118.189
G1 F3000 X124.18 Y118.36 E416.90266
G0 F9000 X124.819 Y124.401
G1 F3000 X124.18 Y124.572 E416.93346
G0 F9000 X124.179 Y125.341
G1 F3000 X124.819 Y125.982 E416.97564
G1 F1500 E410.47564
G0 F9000 X124.509 Y90.87
G1 F1500 E416.97564
G0 F9000 X124.51 Y90.591
;TYPE:SKIN
G1 F1500 X124.49 Y90.59 E416.97657
G1 X124.49 Y89.849 E417.01108
G1 X124.51 Y89.85 E417.01201
G1 X124.51 Y90.591 E417.04651
G1 F1500 E410.54651
G0 F9000 X124.509 Y90.87
G0 X125.072 Y131.147
G0 X145.928 Y131.146
G0 X146.21 Y90.59
G1 F1500 E417.04651
G0 F9000 X146.49 Y90.59
G1 F1500 X146.49 Y89.849 E417.08102
G1 X146.51 Y89.85 E417.08195
G1 X146.51 Y90.591 E417.11646
G1 X146.49 Y90.59 E417.11739
G0 F9000 X146.419 Y90.885
;TYPE:SKIN
G1 F1500 X146.498 Y91.088 E417.12887
G1 X146.498 Y131.252 E419.24531
G1 X146.599 Y131.433 E419.25623
G0 F9000 X146.476 Y131.557
G0 X124.724 Y131.248
G0 X124.569 Y131.403
G1 F1500 X124.499 Y131.19 E419.26802
G1 X124.499 Y91.026 E421.37985
G1 X124.388 Y90.854 E421.39062
G0 F9000 X124.3 Y91.052
G1 F1500 E414.89062
;MESH:copri staffa L 30x30x1,8 met??.stl(3)
G0 F9000 X125.072 Y131.147
G0 X147.086 Y132.382
G0 X148.165 Y132.382
G0 X150.79 Y132.382
G0 X151.875 Y132.382
G0 X153.054 Y133.536
;TYPE:WALL-INNER
G1 F1500 E421.39062
G1 X174.055 Y133.535 E422.36851
G1 X174.055 Y91.874 E424.30842
G1 X174.055 Y91.675 E424.31769
G1 X174.254 Y91.675 E424.32368
G1 X174.855 Y91.676 E424.35167
G1 X174.855 Y134.412 E426.34164
G1 X152.055 Y134.412 E427.4033
G1 X152.055 Y91.874 E429.38405
G1 X152.055 Y91.675 E429.39331
G1 X152.254 Y91.675 E429.39931
G1 X152.855 Y91.676 E429.42729
G1 X152.855 Y133.337 E431.3672
G1 X152.855 Y133.536 E431.37647
G1 X153.054 Y133.536 E431.38247
G0 F9000 X153.255 Y133.136
;TYPE:WALL-OUTER
G1 F1500 X173.655 Y133.135 E432.33237
G1 X173.655 Y91.275 E434.28155
G1 X175.255 Y91.276 E434.35605
G1 X175.255 Y134.812 E436.38327
G1 X151.655 Y134.812 E437.48219
G1 X151.655 Y91.275 E439.50945
G1 X153.255 Y91.276 E439.58396
G1 X153.255 Y133.136 E441.53313
G0 F9000 X152.773 Y132.829
;TYPE:FILL
G1 F3000 X152.134 Y133 E441.56393
G0 F9000 X152.774 Y132.19
G1 F3000 X152.2 Y134.331 E441.66715
G0 F9000 X152.774 Y128.198
G1 F3000 X152.134 Y127.557 E441.70933
G0 F9000 X152.135 Y126.788
G1 F3000 X152.773 Y126.617 E441.74008
G0 F9000 X152.135 Y120.576
G1 F3000 X152.773 Y120.405 E441.77084
G0 F9000 X152.774 Y119.713
G1 F3000 X152.134 Y119.072 E441.81302
G0 F9000 X152.134 Y114.365
G1 F3000 X152.773 Y114.194 E441.84382
G0 F9000 X152.134 Y111.394
G1 F3000 X152.774 Y109.008 E441.95885
G0 F9000 X152.773 Y107.982
G1 F3000 X152.135 Y108.153 E441.98961
G0 F9000 X152.134 Y110.587
G1 F3000 X152.774 Y111.227 E442.03175
G0 F9000 X152.774 Y102.742
G1 F3000 X152.134 Y102.101 E442.07393
G0 F9000 X152.135 Y101.942
G1 F3000 X152.773 Y101.77 E442.1047
G0 F9000 X152.134 Y95.73
G1 F3000 X152.773 Y95.559 E442.1355
G0 F9000 X152.774 Y94.257
G1 F3000 X152.134 Y93.616 E442.17768
G1 F1500 E435.67768
G0 F9000 X153.027 Y133.364
G0 X173.883 Y133.363
G0 X174.135 Y96.047
G1 F1500 E442.17768
G1 F3000 X174.773 Y95.876 E442.20843
G0 F9000 X174.774 Y96.447
G1 F3000 X174.134 Y98.836 E442.3236
G0 F9000 X174.134 Y98.646
G1 F3000 X174.774 Y99.286 E442.36574
G0 F9000 X174.774 Y102.087
G1 F3000 X174.135 Y102.258 E442.39654
G0 F9000 X174.134 Y107.131
G1 F3000 X174.774 Y107.771 E442.43869
G0 F9000 X174.774 Y108.299
G1 F3000 X174.134 Y108.47 E442.46954
G0 F9000 X174.773 Y114.511
G1 F3000 X174.134 Y114.682 E442.50034
G0 F9000 X174.134 Y115.616
G1 F3000 X174.774 Y116.256 E442.54248
G0 F9000 X174.774 Y119.63
G1 F3000 X174.134 Y122.019 E442.65765
G0 F9000 X174.135 Y120.893
G1 F3000 X174.774 Y120.722 E442.68845
G0 F9000 X174.134 Y124.102
G1 F3000 X174.774 Y124.742 E442.73059
G0 F9000 X174.774 Y126.934
G1 F3000 X174.134 Y127.105 E442.76144
G0 F9000 X174.134 Y132.587
G1 F3000 X174.774 Y133.227 E442.80358
G0 F9000 X174.774 Y133.146
G1 F3000 X174.134 Y133.317 E442.83443
G0 F9000 X173.025 Y133.614
G1 F3000 X170.35 Y134.331 E442.96339
G0 F9000 X170.835 Y134.331
G1 F3000 X171.027 Y133.614 E442.99795
G0 F9000 X167.393 Y134.331
G1 F3000 X166.677 Y133.616 E443.04507
G0 F9000 X164.816 Y133.614
G1 F3000 X164.623 Y134.332 E443.07969
G0 F9000 X158.908 Y134.331
G1 F3000 X158.192 Y133.616 E443.1268
G0 F9000 X158.604 Y133.614
G1 F3000 X158.411 Y134.332 E443.16142
G1 F1500 E436.66142
G0 F9000 X153.027 Y133.364
G0 X152.464 Y93.086
G1 F1500 E443.16142
G0 F9000 X152.465 Y92.807
;TYPE:SKIN
G1 F1500 X152.445 Y92.806 E443.16236
G1 X152.445 Y92.065 E443.19686
G1 X152.465 Y92.066 E443.19779
G1 X152.465 Y92.807 E443.2323
G1 F1500 E436.7323
G0 F9000 X152.464 Y93.086
G0 X153.027 Y133.364
G0 X173.883 Y133.363
G0 X174.165 Y92.806
G1 F1500 E443.2323
G0 F9000 X174.445 Y92.806
G1 F1500 X174.445 Y92.065 E443.2668
G1 X174.465 Y92.066 E443.26773
G1 X174.465 Y92.807 E443.30224
G1 X174.445 Y92.806 E443.30317
G0 F9000 X174.279 Y93.006
;TYPE:SKIN
G1 F1500 X174.42 Y93.147 E443.31359
G1 X174.453 Y94.811 E443.40053
G1 X174.453 Y133.278 E445.41001
G1 X174.6 Y133.696 E445.43315
G0 F9000 X174.678 Y133.619
G0 X152.679 Y133.557
G1 F1500 X152.46 Y133.776 E445.44036
G0 F9000 X152.454 Y133.499
G1 F1500 X152.454 Y133.216 E445.4553
G1 X152.454 Y93.335 E447.56
G1 X152.249 Y92.975 E447.58186
G0 F9000 X152.255 Y92.955
G1 F1500 E441.08186
;MESH:NONMESH
G0 F300 X152.255 Y92.955 Z7.56
G0 F9000 X152.165 Y92.955
G0 X151.875 Y131.461
G0 X150.79 Y131.461
G0 X148.153 Y133.449
G0 X97.347 Y133.449
G0 X94.766 Y131.461
G0 X93.681 Y131.461
G0 X92.701 Y131.461
;TIME_ELAPSED:5506.298245
;LAYER:26
;TYPE:WALL-INNER
;MESH:copri staffa L 30x30x1,8 met??.stl(1)
G1 F1500 E447.58186
G1 X92.701 Y89.423 E449.53933
G1 X92.701 Y89.224 E449.5486
G1 X92.9 Y89.224 E449.55459
G1 X93.501 Y89.225 E449.58258
G1 X93.501 Y132.29 E451.58786
G1 X70.701 Y132.29 E452.64953
G1 X70.701 Y89.423 E454.64559
G1 X70.701 Y89.224 E454.65486
G1 X70.9 Y89.224 E454.66086
G1 X71.501 Y89.225 E454.68884
G1 X71.501 Y131.263 E456.64631
G1 X71.501 Y131.462 E456.65557
G1 X71.7 Y131.462 E456.66157
G1 X92.701 Y131.461 E457.63946
G0 F9000 X92.301 Y131.061
;TYPE:WALL-OUTER
G1 F1500 X92.301 Y88.824 E459.60619
G1 X93.901 Y88.825 E459.6807
G1 X93.901 Y132.69 E461.72323
G1 X70.301 Y132.69 E462.82215
G1 X70.301 Y88.824 E464.86473
G1 X71.901 Y88.825 E464.93924
G1 X71.901 Y131.062 E466.90597
G1 X92.301 Y131.061 E467.85588
G0 F9000 X92.073 Y131.54
;TYPE:FILL
G1 F3000 X89.575 Y132.21 E467.97631
G0 F9000 X89.263 Y132.209
G1 F3000 X89.442 Y131.539 E468.0086
G0 F9000 X86.368 Y132.209
G1 F3000 X85.7 Y131.54 E468.05262
G0 F9000 X83.231 Y131.539
G1 F3000 X83.051 Y132.209 E468.08493
G0 F9000 X77.883 Y132.209
G1 F3000 X77.215 Y131.54 E468.12895
G0 F9000 X77.019 Y131.54
G1 F3000 X76.839 Y132.209 E468.16121
G0 F9000 X71.673 Y131.29
G0 X71.419 Y130.863
G1 F3000 X70.781 Y131.034 E468.19196
G0 F9000 X70.78 Y131.64
G1 F3000 X71.42 Y129.254 E468.30699
G0 F9000 X71.421 Y125.746
G1 F3000 X70.78 Y125.106 E468.34917
G0 F9000 X70.78 Y124.822
G1 F3000 X71.419 Y124.651 E468.37997
G0 F9000 X70.78 Y118.611
G1 F3000 X71.42 Y118.439 E468.41083
G0 F9000 X71.421 Y117.261
G1 F3000 X70.78 Y116.621 E468.45301
G0 F9000 X70.78 Y112.399
G1 F3000 X71.419 Y112.228 E468.48381
G0 F9000 X71.421 Y108.776
G1 F3000 X70.78 Y108.135 E468.52602
G0 F9000 X70.78 Y108.459
G1 F3000 X71.42 Y106.07 E468.64119
G0 F9000 X71.419 Y106.016
G1 F3000 X70.781 Y106.187 E468.67194
G0 F9000 X71.421 Y100.291
G1 F3000 X70.78 Y99.65 E468.71415
G0 F9000 X70.78 Y99.976
G1 F3000 X71.419 Y99.804 E468.74497
G0 F9000 X70.78 Y93.764
G1 F3000 X71.42 Y93.593 E468.77581
G0 F9000 X71.421 Y91.805
G1 F3000 X70.78 Y91.165 E468.81799
G1 F1500 E462.31799
G0 F9000 X71.673 Y131.29
G0 X92.529 Y131.289
G0 X92.78 Y94.081
G1 F1500 E468.81799
G1 F3000 X93.419 Y93.91 E468.84879
G0 F9000 X93.42 Y93.512
G1 F3000 X92.78 Y95.899 E468.96387
G0 F9000 X92.78 Y96.194
G1 F3000 X93.42 Y96.834 E469.00601
G0 F9000 X93.419 Y100.121
G1 F3000 X92.781 Y100.292 E469.03677
G0 F9000 X92.78 Y104.679
G1 F3000 X93.42 Y105.32 E469.07895
G0 F9000 X93.419 Y106.333
G1 F3000 X92.78 Y106.504 E469.10975
G0 F9000 X93.419 Y112.545
G1 F3000 X92.78 Y112.716 E469.14055
G0 F9000 X92.78 Y113.164
G1 F3000 X93.421 Y113.806 E469.18279
G0 F9000 X93.42 Y116.693
G1 F3000 X92.78 Y119.083 E469.298
G0 F9000 X92.781 Y118.927
G1 F3000 X93.419 Y118.756 E469.32876
G0 F9000 X92.78 Y121.649
G1 F3000 X93.421 Y122.291 E469.371
G0 F9000 X93.42 Y124.968
G1 F3000 X92.78 Y125.139 E469.40185
G0 F9000 X92.78 Y130.135
G1 F3000 X93.421 Y130.776 E469.44406
G0 F9000 X93.42 Y131.179
G1 F3000 X92.781 Y131.351 E469.47487
G1 F1500 E462.97487
G0 F9000 X93.11 Y90.635
G1 F1500 E469.47487
G0 F9000 X93.111 Y90.356
;TYPE:SKIN
G1 F1500 X93.091 Y90.355 E469.47581
G1 X93.091 Y89.614 E469.51031
G1 X93.111 Y89.615 E469.51124
G1 X93.111 Y90.356 E469.54575
G1 F1500 E463.04575
G0 F9000 X93.11 Y90.635
G0 X92.529 Y131.289
G0 X71.673 Y131.29
G0 X71.11 Y90.635
G1 F1500 E469.54575
G0 F9000 X71.111 Y90.356
G1 F1500 X71.091 Y90.355 E469.54668
G1 X71.091 Y89.614 E469.58118
G1 X71.111 Y89.615 E469.58212
G1 X71.111 Y90.356 E469.61662
G0 F9000 X71.156 Y90.673
;TYPE:SKIN
G1 F1500 X71.1 Y90.899 E469.62891
G1 X71.1 Y131.346 E471.76422
G1 X71.024 Y131.552 E471.77582
G0 F9000 X70.876 Y131.404
G0 X92.874 Y131.341
G0 X93.053 Y131.52
G1 F1500 X93.1 Y131.283 E471.78857
G1 X93.1 Y90.837 E473.92407
G1 X93.188 Y90.642 E473.93536
G1 F1500 E467.43536
G0 F9000 X93.05 Y90.635
G0 X92.529 Y131.289
G0 X71.673 Y131.29
G0 X71.361 Y90.606
G1 F1500 E473.93536
G0 F9000 X71.325 Y90.559
G1 F1500 X71.272 Y90.505 E473.93712
G1 F1500 E467.43712
G0 F9000 X71.391 Y90.505
G0 X71.673 Y131.29
G0 X92.874 Y131.624
G1 F1500 E473.93712
G1 X92.95 Y131.7 E473.93963
G1 F1500 E467.43963
;MESH:copri staffa L 30x30x1,8 met??.stl
G0 F9000 X93.681 Y131.417
G0 X94.766 Y131.417
G0 X97.335 Y131.417
G0 X98.42 Y131.417
G0 X99.599 Y131.417
;TYPE:WALL-INNER
G1 F1500 E473.93963
G1 X120.6 Y131.416 E474.91752
G1 X120.6 Y89.378 E476.87499
G1 X120.6 Y89.179 E476.88425
G1 X120.799 Y89.179 E476.89025
G1 X121.4 Y89.18 E476.91823
G1 X121.4 Y132.245 E478.92352
G1 X98.6 Y132.245 E479.98518
G1 X98.6 Y89.378 E481.98125
G1 X98.6 Y89.179 E481.99052
G1 X98.799 Y89.179 E481.99651
G1 X99.4 Y89.18 E482.0245
G1 X99.4 Y131.218 E483.98196
G1 X99.4 Y131.417 E483.99123
G1 X99.599 Y131.417 E483.99722
G0 F9000 X99.8 Y131.017
;TYPE:WALL-OUTER
G1 F1500 X120.2 Y131.016 E484.94713
G1 X120.2 Y88.779 E486.91386
G1 X121.8 Y88.78 E486.98837
G1 X121.8 Y132.645 E489.0309
G1 X98.2 Y132.645 E490.12982
G1 X98.2 Y88.779 E492.1724
G1 X99.8 Y88.78 E492.24691
G1 X99.8 Y131.017 E494.21364
G0 F9000 X99.318 Y130.818
;TYPE:FILL
G1 F3000 X98.679 Y130.989 E494.24444
G0 F9000 X98.679 Y131.592
G1 F3000 X99.319 Y129.205 E494.35951
G0 F9000 X99.32 Y125.702
G1 F3000 X98.679 Y125.061 E494.40173
G0 F9000 X98.679 Y124.777
G1 F3000 X99.318 Y124.606 E494.43253
G0 F9000 X98.679 Y118.565
G1 F3000 X99.318 Y118.394 E494.46333
G0 F9000 X99.32 Y117.217
G1 F3000 X98.679 Y116.576 E494.50554
G0 F9000 X98.679 Y112.354
G1 F3000 X99.319 Y112.182 E494.5364
G0 F9000 X99.319 Y108.731
G1 F3000 X98.678 Y108.09 E494.57861
G0 F9000 X98.679 Y108.41
G1 F3000 X99.319 Y106.022 E494.69373
G0 F9000 X99.318 Y105.971
G1 F3000 X98.68 Y106.142 E494.72448
G0 F9000 X99.319 Y100.245
G1 F3000 X98.678 Y99.605 E494.76666
G0 F9000 X98.679 Y99.93
G1 F3000 X99.318 Y99.759 E494.79746
G0 F9000 X98.679 Y93.719
G1 F3000 X99.319 Y93.547 E494.82832
G0 F9000 X99.319 Y91.76
G1 F3000 X98.678 Y91.119 E494.87053
G1 F1500 E488.37053
G0 F9000 X99.572 Y131.245
G0 X120.428 Y131.244
G0 X120.679 Y94.036
G1 F1500 E494.87053
G1 F3000 X121.318 Y93.864 E494.90135
G0 F9000 X121.319 Y93.464
G1 F3000 X120.679 Y95.854 E495.01656
G0 F9000 X120.679 Y96.149
G1 F3000 X121.319 Y96.79 E495.05873
G0 F9000 X121.318 Y100.076
G1 F3000 X120.68 Y100.247 E495.08949
G0 F9000 X120.679 Y104.634
G1 F3000 X121.319 Y105.275 E495.13167
G0 F9000 X121.319 Y106.287
G1 F3000 X120.679 Y106.459 E495.16253
G0 F9000 X121.318 Y112.499
G1 F3000 X120.679 Y112.671 E495.19334
G0 F9000 X120.679 Y113.12
G1 F3000 X121.319 Y113.76 E495.23549
G0 F9000 X121.319 Y116.647
G1 F3000 X120.679 Y119.035 E495.35061
G0 F9000 X120.68 Y118.882
G1 F3000 X121.318 Y118.711 E495.38136
G0 F9000 X120.679 Y121.605
G1 F3000 X121.319 Y122.246 E495.42354
G0 F9000 X121.319 Y124.922
G1 F3000 X120.679 Y125.094 E495.4544
G0 F9000 X120.679 Y130.09
G1 F3000 X121.319 Y130.731 E495.49658
G0 F9000 X121.318 Y131.134
G1 F3000 X120.68 Y131.305 E495.52733
G0 F9000 X119.972 Y131.495
G1 F3000 X117.474 Y132.164 E495.64775
G0 F9000 X117.161 Y132.165
G1 F3000 X117.34 Y131.495 E495.68004
G0 F9000 X114.267 Y132.163
G1 F3000 X113.599 Y131.496 E495.724
G0 F9000 X111.128 Y131.495
G1 F3000 X110.949 Y132.165 E495.75629
G0 F9000 X105.781 Y132.163
G1 F3000 X105.114 Y131.496 E495.80021
G0 F9000 X104.917 Y131.496
G1 F3000 X104.738 Y132.164 E495.83242
G1 F1500 E489.33242
G0 F9000 X99.572 Y131.245
G0 X99.009 Y90.59
G1 F1500 E495.83242
G0 F9000 X99.01 Y90.311
;TYPE:SKIN
G1 F1500 X98.99 Y90.31 E495.83335
G1 X98.99 Y89.569 E495.86785
G1 X99.01 Y89.57 E495.86879
G1 X99.01 Y90.311 E495.90329
G1 F1500 E489.40329
G0 F9000 X99.009 Y90.59
G0 X99.572 Y131.245
G0 X120.428 Y131.244
G0 X120.71 Y90.31
G1 F1500 E495.90329
G0 F9000 X120.99 Y90.31
G1 F1500 X120.99 Y89.569 E495.93779
G1 X121.01 Y89.57 E495.93873
G1 X121.01 Y90.311 E495.97323
G1 X120.99 Y90.31 E495.97416
G0 F9000 X121.007 Y90.46
;TYPE:SKIN
G1 F1500 X121.224 Y90.677 E495.98131
G0 F9000 X120.998 Y90.734
G1 F1500 X120.998 Y91.017 E495.99619
G1 X120.998 Y131.181 E498.10812
G1 X120.839 Y131.587 E498.13105
G0 F9000 X120.906 Y131.654
G0 X99.225 Y131.469
G0 X98.999 Y131.243
G1 F1500 X98.999 Y130.96 E498.14608
G1 X98.999 Y90.797 E500.2788
G1 X99.085 Y90.6 E500.29022
G1 F1500 E493.79022
G0 F9000 X98.945 Y90.59
G0 X98.774 Y131.301
G0 X98.951 Y131.478
G1 F1500 E500.29022
G1 X98.81 Y131.62 E500.30426
G0 F9000 X98.8 Y131.584
G1 F1500 E493.80426
;MESH:copri staffa L 30x30x1,8 met??.stl(2)
G0 F9000 X121.58 Y131.417
G0 X123.92 Y131.417
G0 X125.099 Y131.417
;TYPE:WALL-INNER
G1 F1500 E500.30426
G1 X146.1 Y131.416 E501.28216
G1 X146.1 Y89.378 E503.23962
G1 X146.1 Y89.179 E503.24889
G1 X146.299 Y89.179 E503.25489
G1 X146.9 Y89.18 E503.28287
G1 X146.9 Y132.245 E505.28816
G1 X124.1 Y132.245 E506.34982
G1 X124.1 Y89.378 E508.34589
G1 X124.1 Y89.179 E508.35515
G1 X124.299 Y89.179 E508.36115
G1 X124.9 Y89.18 E508.38914
G1 X124.9 Y131.218 E510.3466
G1 X124.9 Y131.417 E510.35587
G1 X125.099 Y131.417 E510.36186
G0 F9000 X125.3 Y131.017
;TYPE:WALL-OUTER
G1 F1500 X145.7 Y131.016 E511.31177
G1 X145.7 Y88.779 E513.2785
G1 X147.3 Y88.78 E513.35301
G1 X147.3 Y132.645 E515.39554
G1 X123.7 Y132.645 E516.49446
G1 X123.7 Y88.779 E518.53704
G1 X125.3 Y88.78 E518.61155
G1 X125.3 Y131.017 E520.57828
G0 F9000 X124.818 Y130.818
;TYPE:FILL
G1 F3000 X124.179 Y130.989 E520.60908
G0 F9000 X124.179 Y131.596
G1 F3000 X124.819 Y129.209 E520.72415
G0 F9000 X124.819 Y125.702
G1 F3000 X124.179 Y125.061 E520.76633
G0 F9000 X124.179 Y124.777
G1 F3000 X124.818 Y124.606 E520.79713
G0 F9000 X124.179 Y118.566
G1 F3000 X124.818 Y118.394 E520.82795
G0 F9000 X124.819 Y117.217
G1 F3000 X124.179 Y116.576 E520.87012
G0 F9000 X124.179 Y112.354
G1 F3000 X124.819 Y112.182 E520.90098
G0 F9000 X124.819 Y108.731
G1 F3000 X124.179 Y108.091 E520.94313
G0 F9000 X124.179 Y108.414
G1 F3000 X124.819 Y106.025 E521.05829
G0 F9000 X124.818 Y105.971
G1 F3000 X124.18 Y106.142 E521.08905
G0 F9000 X124.819 Y100.246
G1 F3000 X124.179 Y99.605 E521.13123
G0 F9000 X124.179 Y99.931
G1 F3000 X124.818 Y99.759 E521.16204
G0 F9000 X124.179 Y93.719
G1 F3000 X124.819 Y93.548 E521.19289
G0 F9000 X124.819 Y91.761
G1 F3000 X124.179 Y91.12 E521.23507
G1 F1500 E514.73507
G0 F9000 X125.072 Y131.245
G0 X145.928 Y131.244
G0 X146.179 Y94.036
G1 F1500 E521.23507
G1 F3000 X146.818 Y93.864 E521.26588
G0 F9000 X146.819 Y93.467
G1 F3000 X146.18 Y95.854 E521.38094
G0 F9000 X146.179 Y96.15
G1 F3000 X146.819 Y96.79 E521.42309
G0 F9000 X146.818 Y100.076
G1 F3000 X146.179 Y100.247 E521.45389
G0 F9000 X146.179 Y104.635
G1 F3000 X146.819 Y105.275 E521.49603
G0 F9000 X146.819 Y106.288
G1 F3000 X146.179 Y106.459 E521.52688
G0 F9000 X146.818 Y112.499
G1 F3000 X146.179 Y112.671 E521.55769
G0 F9000 X146.179 Y113.12
G1 F3000 X146.819 Y113.76 E521.59984
G0 F9000 X146.819 Y116.648
G1 F3000 X146.179 Y119.038 E521.71505
G0 F9000 X146.18 Y118.882
G1 F3000 X146.818 Y118.711 E521.7458
G0 F9000 X146.179 Y121.606
G1 F3000 X146.819 Y122.246 E521.78795
G0 F9000 X146.819 Y124.923
G1 F3000 X146.179 Y125.094 E521.8188
G0 F9000 X146.179 Y130.091
G1 F3000 X146.819 Y130.731 E521.86094
G0 F9000 X146.818 Y131.134
G1 F3000 X146.18 Y131.305 E521.8917
G0 F9000 X145.472 Y131.495
G1 F3000 X142.974 Y132.164 E522.01211
G0 F9000 X142.662 Y132.165
G1 F3000 X142.841 Y131.494 E522.04445
G0 F9000 X139.767 Y132.164
G1 F3000 X139.099 Y131.496 E522.08844
G0 F9000 X136.63 Y131.495
G1 F3000 X136.45 Y132.164 E522.1207
G0 F9000 X131.282 Y132.164
G1 F3000 X130.613 Y131.496 E522.16472
G0 F9000 X130.418 Y131.495
G1 F3000 X130.239 Y132.164 E522.19697
G1 F1500 E515.69697
G0 F9000 X125.072 Y131.245
G0 X124.509 Y90.59
G1 F1500 E522.19697
G0 F9000 X124.51 Y90.311
;TYPE:SKIN
G1 F1500 X124.49 Y90.31 E522.1979
G1 X124.49 Y89.569 E522.23241
G1 X124.51 Y89.57 E522.23334
G1 X124.51 Y90.311 E522.26784
G1 F1500 E515.76784
G0 F9000 X124.509 Y90.59
G0 X125.072 Y131.245
G0 X145.928 Y131.244
G0 X146.21 Y90.31
G1 F1500 E522.26784
G0 F9000 X146.49 Y90.31
G1 F1500 X146.49 Y89.569 E522.30235
G1 X146.51 Y89.57 E522.30328
G1 X146.51 Y90.311 E522.33778
G1 X146.49 Y90.31 E522.33871
G0 F9000 X146.463 Y90.46
;TYPE:SKIN
G1 F1500 X146.724 Y90.721 E522.34731
G0 F9000 X146.499 Y90.779
G1 F1500 X146.499 Y91.062 E522.36216
G1 X146.499 Y131.225 E524.46992
G1 X146.318 Y131.61 E524.49225
G0 F9000 X146.363 Y131.655
G0 X124.725 Y131.513
G0 X124.499 Y131.287
G1 F1500 X124.499 Y131.005 E524.50716
G1 X124.499 Y90.84 E526.63147
G1 X124.704 Y90.48 E526.65338
G1 F1500 E520.15338
G0 F9000 X124.76 Y90.561
G0 X124.274 Y131.345
G1 F1500 E526.65338
G1 X124.585 Y131.656 E526.66362
G1 F1500 E520.16362
;MESH:copri staffa L 30x30x1,8 met??.stl(3)
G0 F9000 X147.086 Y132.431
G0 X148.165 Y132.431
G0 X150.79 Y132.431
G0 X151.875 Y132.431
G0 X153.054 Y133.634
;TYPE:WALL-INNER
G1 F1500 E526.66362
G1 X174.055 Y133.633 E527.64151
G1 X174.055 Y91.594 E529.59902
G1 X174.055 Y91.395 E529.60829
G1 X174.254 Y91.395 E529.61429
G1 X174.855 Y91.396 E529.64227
G1 X174.855 Y134.461 E531.64756
G1 X152.055 Y134.461 E532.70922
G1 X152.055 Y91.594 E534.70529
G1 X152.055 Y91.395 E534.71455
G1 X152.254 Y91.395 E534.72055
G1 X152.855 Y91.396 E534.74854
G1 X152.855 Y133.435 E536.70605
G1 X152.855 Y133.634 E536.71531
G1 X153.054 Y133.634 E536.72131
G0 F9000 X153.255 Y133.234
;TYPE:WALL-OUTER
G1 F1500 X173.655 Y133.233 E537.67122
G1 X173.655 Y90.995 E539.638
G1 X175.255 Y90.996 E539.7125
G1 X175.255 Y134.861 E541.75504
G1 X151.655 Y134.861 E542.85395
G1 X151.655 Y90.995 E544.89654
G1 X153.255 Y90.996 E544.97104
G1 X153.255 Y133.234 E546.93782
G0 F9000 X152.773 Y133.034
;TYPE:FILL
G1 F3000 X152.134 Y133.205 E546.96862
G0 F9000 X152.134 Y133.811
G1 F3000 X152.775 Y131.422 E547.0838
G0 F9000 X152.774 Y127.918
G1 F3000 X152.134 Y127.277 E547.12597
G0 F9000 X152.134 Y126.993
G1 F3000 X152.773 Y126.822 E547.15678
G0 F9000 X152.134 Y120.782
G1 F3000 X152.774 Y120.61 E547.18763
G0 F9000 X152.774 Y119.433
G1 F3000 X152.134 Y118.792 E547.22981
G0 F9000 X152.134 Y114.57
G1 F3000 X152.773 Y114.399 E547.26061
G0 F9000 X152.774 Y110.947
G1 F3000 X152.134 Y110.307 E547.30276
G0 F9000 X152.134 Y110.629
G1 F3000 X152.775 Y108.24 E547.41793
G0 F9000 X152.773 Y108.187
G1 F3000 X152.135 Y108.358 E547.44869
G0 F9000 X152.774 Y102.462
G1 F3000 X152.134 Y101.821 E547.49087
G0 F9000 X152.134 Y102.147
G1 F3000 X152.773 Y101.975 E547.52168
G0 F9000 X152.134 Y95.935
G1 F3000 X152.774 Y95.764 E547.55253
G0 F9000 X152.774 Y93.977
G1 F3000 X152.134 Y93.336 E547.59471
G1 F1500 E541.09471
G0 F9000 X153.027 Y133.462
G0 X173.883 Y133.461
G0 X174.134 Y96.252
G1 F1500 E547.59471
G1 F3000 X174.773 Y96.081 E547.62551
G0 F9000 X174.774 Y95.683
G1 F3000 X174.135 Y98.07 E547.74057
G0 F9000 X174.134 Y98.366
G1 F3000 X174.774 Y99.006 E547.78272
G0 F9000 X174.773 Y102.292
G1 F3000 X174.135 Y102.463 E547.81347
G0 F9000 X174.134 Y106.851
G1 F3000 X174.774 Y107.491 E547.85562
G0 F9000 X174.773 Y108.504
G1 F3000 X174.134 Y108.675 E547.88642
G0 F9000 X174.773 Y114.716
G1 F3000 X174.134 Y114.887 E547.91722
G0 F9000 X174.134 Y115.336
G1 F3000 X174.774 Y115.976 E547.95937
G0 F9000 X174.774 Y118.864
G1 F3000 X174.134 Y121.253 E548.07453
G0 F9000 X174.135 Y121.098
G1 F3000 X174.773 Y120.927 E548.10529
G0 F9000 X174.134 Y123.822
G1 F3000 X174.774 Y124.462 E548.14743
G0 F9000 X174.774 Y127.139
G1 F3000 X174.134 Y127.31 E548.17828
G0 F9000 X174.134 Y132.307
G1 F3000 X174.774 Y132.947 E548.22042
G0 F9000 X174.774 Y133.35
G1 F3000 X174.135 Y133.522 E548.25124
G0 F9000 X173.424 Y133.712
G1 F3000 X170.929 Y134.381 E548.37152
G0 F9000 X170.617 Y134.38
G1 F3000 X170.796 Y133.712 E548.40372
G0 F9000 X167.722 Y134.381
G1 F3000 X167.055 Y133.713 E548.44768
G0 F9000 X164.584 Y133.711
G1 F3000 X164.405 Y134.38 E548.47992
G0 F9000 X159.237 Y134.381
G1 F3000 X158.57 Y133.713 E548.52388
G0 F9000 X158.373 Y133.712
G1 F3000 X158.194 Y134.38 E548.55608
G1 F1500 E542.05608
G0 F9000 X153.027 Y133.462
G0 X152.464 Y92.806
G1 F1500 E548.55608
G0 F9000 X152.465 Y92.527
;TYPE:SKIN
G1 F1500 X152.445 Y92.526 E548.55702
G1 X152.445 Y91.785 E548.59152
G1 X152.465 Y91.786 E548.59245
G1 X152.465 Y92.527 E548.62696
G1 F1500 E542.12696
G0 F9000 X152.464 Y92.806
G0 X153.027 Y133.462
G0 X173.883 Y133.461
G0 X174.165 Y92.526
G1 F1500 E548.62696
G0 F9000 X174.445 Y92.526
G1 F1500 X174.445 Y91.785 E548.66146
G1 X174.465 Y91.786 E548.66239
G1 X174.465 Y92.527 E548.6969
G1 X174.445 Y92.526 E548.69783
G0 F9000 X174.418 Y92.676
;TYPE:SKIN
G1 F1500 X174.678 Y92.937 E548.70641
G0 F9000 X174.453 Y92.995
G1 F1500 X174.453 Y93.277 E548.72119
G1 X174.453 Y133.441 E550.82676
G1 X174.273 Y133.827 E550.84909
G0 F9000 X174.319 Y133.872
G0 X152.679 Y133.728
G0 X152.454 Y133.503
G1 F1500 X152.385 Y133.717 E550.86073
G1 X152.244 Y133.859 E550.87109
G1 X152.454 Y133.22 E550.90592
G1 X152.454 Y93.057 E552.98545
G1 X152.659 Y92.696 E553.00695
G0 F9000 X152.655 Y92.676
G1 F1500 E546.50695
;MESH:NONMESH
G0 F300 X152.655 Y92.676 Z7.84
G0 F9000 X152.745 Y92.676
G0 X151.875 Y131.498
G0 X150.79 Y131.498
G0 X148.153 Y133.498
G0 X97.347 Y133.498
G0 X94.766 Y131.498
G0 X93.681 Y131.498
G0 X92.701 Y131.498
;TIME_ELAPSED:5648.603607
;LAYER:27
;TYPE:WALL-INNER
;MESH:copri staffa L 30x30x1,8 met??.stl(1)
G1 F1500 E553.00695
G1 X92.701 Y89.143 E554.97918
G1 X92.701 Y88.944 E554.98844
G1 X92.9 Y88.944 E554.99444
G1 X93.501 Y88.945 E555.02242
G1 X93.501 Y132.318 E557.04205
G1 X70.701 Y132.318 E558.10371
G1 X70.701 Y89.143 E560.11412
G1 X70.701 Y88.944 E560.12339
G1 X70.9 Y88.944 E560.12938
G1 X71.501 Y88.945 E560.15737
G1 X71.501 Y131.3 E562.1296
G1 X71.501 Y131.499 E562.13886
G1 X71.7 Y131.499 E562.14486
G1 X92.701 Y131.498 E563.12275
G0 F9000 X92.301 Y131.098
;TYPE:WALL-OUTER
G1 F1500 X92.301 Y88.544 E565.10424
G1 X93.901 Y88.545 E565.17875
G1 X93.901 Y132.718 E567.23563
G1 X70.301 Y132.718 E568.33454
G1 X70.301 Y88.544 E570.39147
G1 X71.901 Y88.545 E570.46597
G1 X71.901 Y131.099 E572.44746
G1 X92.301 Y131.098 E573.39737
G0 F9000 X92.699 Y131.578
;TYPE:FILL
G1 F3000 X90.236 Y132.237 E573.51609
G0 F9000 X89.05 Y132.237
G1 F3000 X89.227 Y131.577 E573.54791
G0 F9000 X86.677 Y132.237
G1 F3000 X86.017 Y131.577 E573.59137
G0 F9000 X83.015 Y131.577
G1 F3000 X82.839 Y132.237 E573.62318
G0 F9000 X78.191 Y132.237
G1 F3000 X77.532 Y131.578 E573.66658
G0 F9000 X76.804 Y131.577
G1 F3000 X76.627 Y132.237 E573.6984
G0 F9000 X71.673 Y131.327
G0 X71.42 Y131.068
G1 F3000 X70.781 Y131.239 E573.7292
G0 F9000 X70.78 Y130.876
G1 F3000 X71.42 Y128.488 E573.84432
G0 F9000 X71.421 Y125.466
G1 F3000 X70.78 Y124.826 E573.88649
G0 F9000 X70.78 Y125.027
G1 F3000 X71.419 Y124.856 E573.9173
G0 F9000 X70.78 Y118.816
G1 F3000 X71.42 Y118.644 E573.94815
G0 F9000 X71.421 Y116.981
G1 F3000 X70.78 Y116.34 E573.99037
G0 F9000 X70.78 Y112.604
G1 F3000 X71.419 Y112.433 E574.02117
G0 F9000 X71.421 Y108.496
G1 F3000 X70.78 Y107.855 E574.06338
G0 F9000 X70.78 Y107.692
G1 F3000 X71.42 Y105.307 E574.17836
G0 F9000 X71.419 Y106.221
G1 F3000 X70.78 Y106.392 E574.20916
G0 F9000 X70.78 Y100.181
G1 F3000 X71.42 Y100.009 E574.24002
G0 F9000 X71.421 Y100.011
G1 F3000 X70.78 Y99.37 E574.28223
G0 F9000 X70.779 Y93.969
G1 F3000 X71.419 Y93.798 E574.31308
G0 F9000 X71.421 Y91.525
G1 F3000 X70.78 Y90.885 E574.35526
G1 F1500 E567.85526
G0 F9000 X71.673 Y131.327
G0 X92.529 Y131.326
G0 X92.78 Y94.286
G1 F1500 E574.35526
G1 F3000 X93.419 Y94.115 E574.38606
G0 F9000 X92.78 Y95.135
G1 F3000 X93.42 Y92.746 E574.50122
G0 F9000 X92.78 Y95.914
G1 F3000 X93.42 Y96.554 E574.54337
G0 F9000 X93.42 Y100.326
G1 F3000 X92.781 Y100.497 E574.57417
G0 F9000 X92.78 Y104.399
G1 F3000 X93.42 Y105.04 E574.61635
G0 F9000 X93.42 Y106.538
G1 F3000 X92.78 Y106.709 E574.6472
G0 F9000 X93.42 Y112.749
G1 F3000 X92.78 Y112.921 E574.67805
G0 F9000 X92.78 Y112.884
G1 F3000 X93.421 Y113.525 E574.72026
G0 F9000 X93.42 Y115.928
G1 F3000 X92.78 Y118.316 E574.83538
G0 F9000 X92.781 Y119.132
G1 F3000 X93.42 Y118.961 E574.86619
G0 F9000 X92.78 Y121.369
G1 F3000 X93.421 Y122.011 E574.90843
G0 F9000 X93.42 Y125.173
G1 F3000 X92.78 Y125.344 E574.93928
G0 F9000 X92.78 Y129.855
G1 F3000 X93.421 Y130.496 E574.98149
G0 F9000 X93.42 Y131.384
G1 F3000 X92.78 Y131.556 E575.01235
G1 F1500 E568.51235
G0 F9000 X93.11 Y90.355
G1 F1500 E575.01235
G0 F9000 X93.111 Y90.076
;TYPE:SKIN
G1 F1500 X93.091 Y90.075 E575.01328
G1 X93.091 Y89.334 E575.04778
G1 X93.111 Y89.335 E575.04871
G1 X93.111 Y90.076 E575.08322
G1 F1500 E568.58322
G0 F9000 X93.11 Y90.355
G0 X92.529 Y131.326
G0 X71.673 Y131.327
G0 X71.11 Y90.355
G1 F1500 E575.08322
G0 F9000 X71.111 Y90.076
G1 F1500 X71.091 Y90.075 E575.08415
G1 X71.091 Y89.334 E575.11866
G1 X71.111 Y89.335 E575.11959
G1 X71.111 Y90.076 E575.15409
G0 F9000 X70.936 Y90.283
;TYPE:SKIN
G1 F1500 X71.077 Y90.425 E575.16458
G1 X71.1 Y93.23 E575.31153
G1 X71.1 Y131.414 E577.31197
G1 X71.192 Y131.605 E577.32308
G0 F9000 X71.325 Y131.472
G0 X92.876 Y131.417
G0 X93.1 Y131.192
G1 F1500 X93.1 Y130.91 E577.33798
G1 X93.1 Y90.464 E579.47557
G1 X92.966 Y90.315 E579.48616
G1 F1500 E572.98616
G0 F9000 X92.875 Y90.406
G0 X93.325 Y131.251
G1 F1500 E579.48616
G1 X92.876 Y131.7 E579.50094
G0 F9000 X93.122 Y131.737
G1 F1500 X93.325 Y131.534 E579.50763
G0 F9000 X93.301 Y131.534
G1 F1500 E573.00763
;MESH:copri staffa L 30x30x1,8 met??.stl
G0 F9000 X93.681 Y131.454
G0 X94.766 Y131.454
G0 X97.335 Y131.454
G0 X98.42 Y131.454
G0 X99.599 Y131.454
;TYPE:WALL-INNER
G1 F1500 E579.50763
G1 X120.6 Y131.453 E580.48552
G1 X120.6 Y89.098 E582.45775
G1 X120.6 Y88.899 E582.46701
G1 X120.799 Y88.899 E582.47301
G1 X121.4 Y88.9 E582.501
G1 X121.4 Y132.273 E584.52062
G1 X98.6 Y132.273 E585.58229
G1 X98.6 Y89.098 E587.5927
G1 X98.6 Y88.899 E587.60196
G1 X98.799 Y88.899 E587.60796
G1 X99.4 Y88.9 E587.63594
G1 X99.4 Y131.255 E589.60817
G1 X99.4 Y131.454 E589.61744
G1 X99.599 Y131.454 E589.62343
G0 F9000 X99.8 Y131.054
;TYPE:WALL-OUTER
G1 F1500 X120.2 Y131.053 E590.57334
G1 X120.2 Y88.499 E592.55483
G1 X121.8 Y88.5 E592.62934
G1 X121.8 Y132.673 E594.68621
G1 X98.2 Y132.673 E595.78513
G1 X98.2 Y88.499 E597.84206
G1 X99.8 Y88.5 E597.91656
G1 X99.8 Y131.054 E599.89805
G0 F9000 X99.319 Y131.022
;TYPE:FILL
G1 F3000 X98.679 Y131.194 E599.92891
G0 F9000 X98.679 Y130.828
G1 F3000 X99.319 Y128.439 E600.04407
G0 F9000 X99.32 Y125.422
G1 F3000 X98.678 Y124.781 E600.08632
G0 F9000 X98.679 Y124.982
G1 F3000 X99.318 Y124.811 E600.11712
G0 F9000 X98.679 Y118.77
G1 F3000 X99.319 Y118.599 E600.14797
G0 F9000 X99.32 Y116.937
G1 F3000 X98.678 Y116.295 E600.19024
G0 F9000 X98.679 Y112.559
G1 F3000 X99.318 Y112.388 E600.22104
G0 F9000 X99.319 Y108.451
G1 F3000 X98.678 Y107.81 E600.26326
G0 F9000 X98.679 Y107.645
G1 F3000 X99.319 Y105.257 E600.37838
G0 F9000 X99.318 Y106.176
G1 F3000 X98.679 Y106.347 E600.40918
G0 F9000 X98.679 Y100.135
G1 F3000 X99.318 Y99.964 E600.43998
G0 F9000 X99.319 Y99.965
G1 F3000 X98.678 Y99.325 E600.48216
G0 F9000 X98.679 Y93.924
G1 F3000 X99.318 Y93.753 E600.51296
G0 F9000 X99.319 Y91.48
G1 F3000 X98.678 Y90.839 E600.55517
G1 F1500 E594.05517
G0 F9000 X99.572 Y131.282
G0 X120.428 Y131.281
G0 X120.68 Y94.24
G1 F1500 E600.55517
G1 F3000 X121.318 Y94.069 E600.58593
G0 F9000 X120.679 Y95.086
G1 F3000 X121.319 Y92.7 E600.70095
G0 F9000 X120.679 Y95.869
G1 F3000 X121.319 Y96.51 E600.74313
G0 F9000 X121.319 Y100.281
G1 F3000 X120.68 Y100.452 E600.77393
G0 F9000 X120.679 Y104.354
G1 F3000 X121.319 Y104.995 E600.81611
G0 F9000 X121.319 Y106.492
G1 F3000 X120.679 Y106.664 E600.84697
G0 F9000 X121.318 Y112.704
G1 F3000 X120.679 Y112.876 E600.87778
G0 F9000 X120.679 Y112.84
G1 F3000 X121.319 Y113.48 E600.91993
G0 F9000 X121.319 Y115.881
G1 F3000 X120.68 Y118.268 E601.03499
G0 F9000 X120.68 Y119.087
G1 F3000 X121.319 Y118.916 E601.06579
G0 F9000 X120.679 Y121.325
G1 F3000 X121.319 Y121.966 E601.10797
G0 F9000 X121.319 Y125.127
G1 F3000 X120.679 Y125.299 E601.13883
G0 F9000 X120.679 Y129.81
G1 F3000 X121.319 Y130.451 E601.18101
G0 F9000 X121.319 Y131.339
G1 F3000 X120.679 Y131.51 E601.21185
G0 F9000 X120.598 Y131.532
G1 F3000 X118.135 Y132.192 E601.33059
G0 F9000 X116.948 Y132.192
G1 F3000 X117.125 Y131.532 E601.36241
G0 F9000 X114.575 Y132.192
G1 F3000 X113.916 Y131.533 E601.4058
G0 F9000 X110.914 Y131.532
G1 F3000 X110.737 Y132.193 E601.43767
G0 F9000 X106.09 Y132.192
G1 F3000 X105.431 Y131.533 E601.48106
G0 F9000 X104.702 Y131.532
G1 F3000 X104.525 Y132.192 E601.51288
G1 F1500 E595.01288
G0 F9000 X99.572 Y131.282
G0 X99.009 Y90.31
G1 F1500 E601.51288
G0 F9000 X99.01 Y90.031
;TYPE:SKIN
G1 F1500 X98.99 Y90.03 E601.51381
G1 X98.99 Y89.289 E601.54832
G1 X99.01 Y89.29 E601.54925
G1 X99.01 Y90.031 E601.58375
G1 F1500 E595.08375
G0 F9000 X99.009 Y90.31
G0 X99.572 Y131.282
G0 X120.428 Y131.281
G0 X120.71 Y90.03
G1 F1500 E601.58375
G0 F9000 X120.99 Y90.03
G1 F1500 X120.99 Y89.289 E601.61826
G1 X121.01 Y89.29 E601.61919
G1 X121.01 Y90.031 E601.65369
G1 X120.99 Y90.03 E601.65463
G0 F9000 X120.938 Y90.344
;TYPE:SKIN
G1 F1500 X120.797 Y90.203 E601.66697
G0 F9000 X120.999 Y90.566
G1 F1500 X120.999 Y90.849 E601.68192
G1 X120.999 Y131.295 E603.81823
G1 X121.196 Y131.664 E603.84032
G0 F9000 X121.169 Y131.692
G0 X99.224 Y131.574
G0 X99.164 Y131.633
G1 F1500 X99.023 Y131.492 E603.85077
G1 X98.999 Y128.971 E603.98287
G1 X98.999 Y90.504 E605.99834
G1 X98.908 Y90.313 E606.00942
G0 F9000 X99.039 Y90.61
G1 F1500 E599.50942
;MESH:copri staffa L 30x30x1,8 met??.stl(2)
G0 F9000 X99.572 Y131.282
G0 X121.58 Y131.454
G0 X123.92 Y131.454
G0 X125.099 Y131.454
;TYPE:WALL-INNER
G1 F1500 E606.00942
G1 X146.1 Y131.453 E606.98732
G1 X146.1 Y89.098 E608.95954
G1 X146.1 Y88.899 E608.96881
G1 X146.299 Y88.899 E608.9748
G1 X146.9 Y88.9 E609.00279
G1 X146.9 Y132.273 E611.02242
G1 X124.1 Y132.273 E612.08408
G1 X124.1 Y89.098 E614.09449
G1 X124.1 Y88.899 E614.10376
G1 X124.299 Y88.899 E614.10975
G1 X124.9 Y88.9 E614.13774
G1 X124.9 Y131.255 E616.10996
G1 X124.9 Y131.454 E616.11923
G1 X125.099 Y131.454 E616.12523
G0 F9000 X125.3 Y131.054
;TYPE:WALL-OUTER
G1 F1500 X145.7 Y131.053 E617.07513
G1 X145.7 Y88.499 E619.05663
G1 X147.3 Y88.5 E619.13113
G1 X147.3 Y132.673 E621.18801
G1 X123.7 Y132.673 E622.28692
G1 X123.7 Y88.499 E624.34385
G1 X125.3 Y88.5 E624.41835
G1 X125.3 Y131.054 E626.39985
G0 F9000 X124.819 Y131.022
;TYPE:FILL
G1 F3000 X124.179 Y131.194 E626.43071
G0 F9000 X124.179 Y130.832
G1 F3000 X124.819 Y128.443 E626.54587
G0 F9000 X124.819 Y125.422
G1 F3000 X124.179 Y124.781 E626.58805
G0 F9000 X124.18 Y124.982
G1 F3000 X124.818 Y124.811 E626.6188
G0 F9000 X124.179 Y118.771
G1 F3000 X124.818 Y118.599 E626.64962
G0 F9000 X124.819 Y116.937
G1 F3000 X124.179 Y116.296 E626.6918
G0 F9000 X124.179 Y112.559
G1 F3000 X124.819 Y112.387 E626.72265
G0 F9000 X124.819 Y108.451
G1 F3000 X124.179 Y107.811 E626.7648
G0 F9000 X124.179 Y107.648
G1 F3000 X124.819 Y105.262 E626.87983
G0 F9000 X124.819 Y106.176
G1 F3000 X124.18 Y106.347 E626.91063
G0 F9000 X124.18 Y100.135
G1 F3000 X124.818 Y99.964 E626.94139
G0 F9000 X124.819 Y99.966
G1 F3000 X124.179 Y99.325 E626.98356
G0 F9000 X124.18 Y93.924
G1 F3000 X124.819 Y93.752 E627.01438
G0 F9000 X124.819 Y91.481
G1 F3000 X124.179 Y90.84 E627.05656
G1 F1500 E620.55656
G0 F9000 X125.072 Y131.282
G0 X145.928 Y131.281
G0 X146.18 Y94.24
G1 F1500 E627.05656
G1 F3000 X146.818 Y94.069 E627.08731
G0 F9000 X146.179 Y95.09
G1 F3000 X146.819 Y92.701 E627.20248
G0 F9000 X146.178 Y95.869
G1 F3000 X146.819 Y96.51 E627.24469
G0 F9000 X146.819 Y100.281
G1 F3000 X146.18 Y100.452 E627.27549
G0 F9000 X146.178 Y104.354
G1 F3000 X146.819 Y104.995 E627.3177
G0 F9000 X146.819 Y106.493
G1 F3000 X146.179 Y106.664 E627.34855
G0 F9000 X146.818 Y112.704
G1 F3000 X146.179 Y112.876 E627.37936
G0 F9000 X146.178 Y112.84
G1 F3000 X146.819 Y113.48 E627.42154
G0 F9000 X146.819 Y115.883
G1 F3000 X146.179 Y118.272 E627.5367
G0 F9000 X146.18 Y119.087
G1 F3000 X146.819 Y118.916 E627.5675
G0 F9000 X146.178 Y121.325
G1 F3000 X146.819 Y121.966 E627.60972
G0 F9000 X146.819 Y125.128
G1 F3000 X146.179 Y125.299 E627.64056
G0 F9000 X146.178 Y129.81
G1 F3000 X146.819 Y130.451 E627.68277
G0 F9000 X146.818 Y131.339
G1 F3000 X146.179 Y131.511 E627.71359
G0 F9000 X146.098 Y131.532
G1 F3000 X143.635 Y132.192 E627.83232
G0 F9000 X142.449 Y132.193
G1 F3000 X142.627 Y131.531 E627.86424
G0 F9000 X140.075 Y132.192
G1 F3000 X139.416 Y131.533 E627.90764
G0 F9000 X136.415 Y131.532
G1 F3000 X136.238 Y132.192 E627.93946
G0 F9000 X131.59 Y132.192
G1 F3000 X130.93 Y131.533 E627.98288
G0 F9000 X130.203 Y131.532
G1 F3000 X130.026 Y132.192 E628.0147
G1 F1500 E621.5147
G0 F9000 X125.072 Y131.282
G0 X124.509 Y90.31
G1 F1500 E628.0147
G0 F9000 X124.51 Y90.031
;TYPE:SKIN
G1 F1500 X124.49 Y90.03 E628.01564
G1 X124.49 Y89.289 E628.05014
G1 X124.51 Y89.29 E628.05107
G1 X124.51 Y90.031 E628.08558
G1 F1500 E621.58558
G0 F9000 X124.509 Y90.31
G0 X125.072 Y131.282
G0 X145.928 Y131.281
G0 X146.21 Y90.03
G1 F1500 E628.08558
G0 F9000 X146.49 Y90.03
G1 F1500 X146.49 Y89.289 E628.12008
G1 X146.51 Y89.29 E628.12101
G1 X146.51 Y90.031 E628.15552
G1 X146.49 Y90.03 E628.15645
G0 F9000 X146.416 Y90.322
;TYPE:SKIN
G1 F1500 X146.498 Y90.522 E628.1678
G1 X146.498 Y131.251 E630.30574
G1 X146.673 Y131.642 E630.32823
G0 F9000 X146.723 Y131.593
G0 X124.724 Y131.531
G1 F1500 X124.561 Y131.693 E630.33358
G0 F9000 X124.501 Y131.47
G1 F1500 X124.499 Y131.19 E630.3484
G1 X124.499 Y90.46 E632.50472
G1 X124.385 Y90.291 E632.51551
G0 F9000 X124.495 Y90.61
G1 F1500 E626.01551
;MESH:copri staffa L 30x30x1,8 met??.stl(3)
G0 F9000 X125.072 Y131.282
G0 X147.086 Y132.459
G0 X148.165 Y132.459
G0 X150.79 Y132.459
G0 X151.875 Y132.459
G0 X153.054 Y133.671
;TYPE:WALL-INNER
G1 F1500 E632.51551
G1 X174.055 Y133.67 E633.49341
G1 X174.055 Y91.314 E635.46568
G1 X174.055 Y91.115 E635.47494
G1 X174.254 Y91.115 E635.48094
G1 X174.855 Y91.116 E635.50893
G1 X174.855 Y134.489 E637.52855
G1 X152.055 Y134.489 E638.59022
G1 X152.055 Y91.314 E640.60063
G1 X152.055 Y91.115 E640.60989
G1 X152.254 Y91.115 E640.61589
G1 X152.855 Y91.116 E640.64387
G1 X152.855 Y133.472 E642.61615
G1 X152.855 Y133.671 E642.62541
G1 X153.054 Y133.671 E642.63141
G0 F9000 X153.255 Y133.271
;TYPE:WALL-OUTER
G1 F1500 X173.655 Y133.27 E643.58132
G1 X173.655 Y90.715 E645.56286
G1 X175.255 Y90.716 E645.63736
G1 X175.255 Y134.889 E647.69424
G1 X151.655 Y134.889 E648.79315
G1 X151.655 Y90.715 E650.85008
G1 X153.255 Y90.716 E650.92458
G1 X153.255 Y133.271 E652.90612
G0 F9000 X152.774 Y133.239
;TYPE:FILL
G1 F3000 X152.135 Y133.41 E652.93692
G0 F9000 X152.134 Y133.047
G1 F3000 X152.774 Y130.66 E653.052
G0 F9000 X152.774 Y127.638
G1 F3000 X152.134 Y126.997 E653.09418
G0 F9000 X152.134 Y127.198
G1 F3000 X152.773 Y127.027 E653.12498
G0 F9000 X152.134 Y120.987
G1 F3000 X152.774 Y120.815 E653.15584
G0 F9000 X152.774 Y119.153
G1 F3000 X152.134 Y118.512 E653.19801
G0 F9000 X152.134 Y114.775
G1 F3000 X152.774 Y114.604 E653.22886
G0 F9000 X152.774 Y110.667
G1 F3000 X152.134 Y110.027 E653.271
G0 F9000 X152.134 Y109.863
G1 F3000 X152.774 Y107.478 E653.38599
G0 F9000 X152.773 Y108.392
G1 F3000 X152.134 Y108.563 E653.41679
G0 F9000 X152.134 Y102.352
G1 F3000 X152.774 Y102.18 E653.44765
G0 F9000 X152.774 Y102.182
G1 F3000 X152.134 Y101.541 E653.48983
G0 F9000 X152.133 Y96.14
G1 F3000 X152.773 Y95.969 E653.52067
G0 F9000 X152.774 Y93.697
G1 F3000 X152.134 Y93.056 E653.56285
G1 F1500 E647.06285
G0 F9000 X153.027 Y133.499
G0 X173.883 Y133.498
G0 X174.134 Y96.457
G1 F1500 E653.56285
G1 F3000 X174.773 Y96.286 E653.59365
G0 F9000 X174.134 Y97.306
G1 F3000 X174.774 Y94.917 E653.70882
G0 F9000 X174.134 Y98.086
G1 F3000 X174.774 Y98.726 E653.75096
G0 F9000 X174.774 Y102.497
G1 F3000 X174.135 Y102.668 E653.78176
G0 F9000 X174.134 Y106.571
G1 F3000 X174.774 Y107.212 E653.82394
G0 F9000 X174.774 Y108.709
G1 F3000 X174.134 Y108.88 E653.85479
G0 F9000 X174.774 Y114.92
G1 F3000 X174.134 Y115.092 E653.88565
G0 F9000 X174.134 Y115.056
G1 F3000 X174.774 Y115.697 E653.92783
G0 F9000 X174.774 Y118.1
G1 F3000 X174.134 Y120.488 E654.04295
G0 F9000 X174.135 Y121.303
G1 F3000 X174.774 Y121.132 E654.07375
G0 F9000 X174.134 Y123.542
G1 F3000 X174.774 Y124.182 E654.11589
G0 F9000 X174.774 Y127.344
G1 F3000 X174.134 Y127.515 E654.14674
G0 F9000 X174.134 Y132.027
G1 F3000 X174.774 Y132.668 E654.18892
G0 F9000 X174.774 Y133.555
G1 F3000 X174.134 Y133.727 E654.21977
G0 F9000 X174.049 Y133.75
G1 F3000 X171.59 Y134.409 E654.33832
G0 F9000 X170.404 Y134.408
G1 F3000 X170.581 Y133.749 E654.37009
G0 F9000 X168.03 Y134.408
G1 F3000 X167.372 Y133.75 E654.41342
G0 F9000 X164.369 Y133.749
G1 F3000 X164.193 Y134.409 E654.44523
G0 F9000 X159.545 Y134.408
G1 F3000 X158.887 Y133.751 E654.48852
G0 F9000 X158.158 Y133.749
G1 F3000 X157.981 Y134.408 E654.5203
G1 F1500 E648.0203
G0 F9000 X153.027 Y133.499
G0 X152.464 Y92.526
G1 F1500 E654.5203
G0 F9000 X152.465 Y92.247
;TYPE:SKIN
G1 F1500 X152.445 Y92.246 E654.52123
G1 X152.445 Y91.505 E654.55573
G1 X152.465 Y91.506 E654.55667
G1 X152.465 Y92.247 E654.59117
G1 F1500 E648.09117
G0 F9000 X152.464 Y92.526
G0 X153.027 Y133.499
G0 X173.883 Y133.498
G0 X174.165 Y92.246
G1 F1500 E654.59117
G0 F9000 X174.445 Y92.246
G1 F1500 X174.445 Y91.505 E654.62567
G1 X174.465 Y91.506 E654.62661
G1 X174.465 Y92.247 E654.66111
G1 X174.445 Y92.246 E654.66204
G0 F9000 X174.276 Y92.443
;TYPE:SKIN
G1 F1500 X174.418 Y92.584 E654.67251
G1 X174.453 Y94.245 E654.75942
G1 X174.453 Y133.561 E656.8161
G1 X174.533 Y133.764 E656.82751
G0 F9000 X174.678 Y133.619
G0 X152.679 Y133.557
G0 X152.502 Y133.734
G1 F1500 X152.454 Y133.499 E656.84008
G1 X152.454 Y92.77 E658.97377
G1 X152.246 Y92.412 E658.99547
G1 F1500 E652.49547
G0 F9000 X152.165 Y92.395
G0 X152.679 Y133.84
G1 F1500 E658.99547
G1 X152.608 Y133.911 E658.9978
G1 F1500 E652.4978
;MESH:NONMESH
G0 F300 X152.608 Y133.911 Z8.12
G0 F9000 X151.875 Y131.53
G0 X150.79 Y131.53
G0 X148.153 Y133.526
G0 X97.347 Y133.526
G0 X94.766 Y131.53
G0 X93.681 Y131.53
G0 X92.701 Y131.53
;TIME_ELAPSED:5789.290279
;LAYER:28
;TYPE:WALL-INNER
;MESH:copri staffa L 30x30x1,8 met??.stl(1)
G1 F1500 E658.9978
G1 X92.701 Y88.863 E660.98456
G1 X92.701 Y88.664 E660.99382
G1 X92.9 Y88.664 E660.99982
G1 X93.501 Y88.665 E661.0278
G1 X93.501 Y132.345 E663.06173
G1 X70.701 Y132.345 E664.12339
G1 X70.701 Y88.863 E666.1481
G1 X70.701 Y88.664 E666.15736
G1 X70.9 Y88.664 E666.16336
G1 X71.501 Y88.665 E666.19134
G1 X71.501 Y131.332 E668.1781
G1 X71.501 Y131.531 E668.18736
G1 X71.7 Y131.531 E668.19336
G1 X92.701 Y131.53 E669.17125
G0 F9000 X92.301 Y131.13
;TYPE:WALL-OUTER
G1 F1500 X92.301 Y88.264 E671.16727
G1 X93.901 Y88.265 E671.24178
G1 X93.901 Y132.745 E673.31295
G1 X70.301 Y132.745 E674.41187
G1 X70.301 Y88.264 E676.48309
G1 X71.901 Y88.265 E676.55759
G1 X71.901 Y131.131 E678.55361
G1 X92.301 Y131.13 E679.50352
G0 F9000 X92.601 Y131.13
G0 X92.883 Y88.846
G0 X93.319 Y88.847
G0 X93.391 Y131.92
G0 X93.091 Y131.92
;TYPE:SKIN
G1 F1500 X93.091 Y89.054 E681.49954
G1 X93.111 Y89.055 E681.50047
G1 X93.111 Y131.955 E683.49808
G1 X71.091 Y131.955 E684.52342
G1 X71.091 Y89.054 E686.52107
G1 X71.111 Y89.055 E686.522
G1 X71.111 Y131.921 E688.51802
G1 X93.091 Y131.92 E689.5415
G0 F9000 X93.301 Y131.92
G1 F1500 E683.0415
;MESH:copri staffa L 30x30x1,8 met??.stl
G0 F9000 X93.391 Y131.92
G0 X93.681 Y131.486
G0 X94.766 Y131.486
G0 X97.335 Y131.486
G0 X98.42 Y131.486
G0 X98.782 Y88.801
G0 X99.218 Y88.802
G0 X99.599 Y131.486
;TYPE:WALL-INNER
G1 F1500 E689.5415
G1 X120.6 Y131.485 E690.5194
G1 X120.6 Y88.818 E692.50615
G1 X120.6 Y88.619 E692.51542
G1 X120.799 Y88.619 E692.52141
G1 X121.4 Y88.62 E692.5494
G1 X121.4 Y132.3 E694.58332
G1 X98.6 Y132.3 E695.64499
G1 X98.6 Y88.818 E697.66969
G1 X98.6 Y88.619 E697.67896
G1 X98.799 Y88.619 E697.68495
G1 X99.4 Y88.62 E697.71294
G1 X99.4 Y131.287 E699.69969
G1 X99.4 Y131.486 E699.70896
G1 X99.599 Y131.486 E699.71495
G0 F9000 X99.8 Y131.086
;TYPE:WALL-OUTER
G1 F1500 X120.2 Y131.085 E700.66486
G1 X120.2 Y88.219 E702.66088
G1 X121.8 Y88.22 E702.73539
G1 X121.8 Y132.7 E704.80656
G1 X98.2 Y132.7 E705.90548
G1 X98.2 Y88.219 E707.9767
G1 X99.8 Y88.22 E708.0512
G1 X99.8 Y131.086 E710.04722
G0 F9000 X99.5 Y131.086
G0 X99.218 Y88.802
G0 X98.782 Y88.801
G0 X98.71 Y131.876
G0 X99.01 Y131.876
;TYPE:SKIN
G1 F1500 X120.99 Y131.875 E711.0707
G1 X120.99 Y89.009 E713.06672
G1 X121.01 Y89.01 E713.06765
G1 X121.01 Y131.91 E715.06526
G1 X98.99 Y131.91 E716.0906
G1 X98.99 Y89.009 E718.08825
G1 X99.01 Y89.01 E718.08918
G1 X99.01 Y131.876 E720.08521
G0 F9000 X98.8 Y131.876
G1 F1500 E713.58521
;MESH:copri staffa L 30x30x1,8 met??.stl(2)
G0 F9000 X98.71 Y131.876
G0 X98.782 Y88.801
G0 X99.218 Y88.802
G0 X99.218 Y131.668
G0 X120.769 Y131.498
G0 X120.782 Y88.801
G0 X121.218 Y88.802
G0 X121.58 Y131.486
G0 X123.92 Y131.486
G0 X124.282 Y88.801
G0 X124.718 Y88.802
G0 X125.099 Y131.486
;TYPE:WALL-INNER
G1 F1500 E720.08521
G1 X146.1 Y131.485 E721.0631
G1 X146.1 Y88.818 E723.04985
G1 X146.1 Y88.619 E723.05912
G1 X146.299 Y88.619 E723.06512
G1 X146.9 Y88.62 E723.0931
G1 X146.9 Y132.3 E725.12702
G1 X124.1 Y132.3 E726.18869
G1 X124.1 Y88.818 E728.21339
G1 X124.1 Y88.619 E728.22266
G1 X124.299 Y88.619 E728.22865
G1 X124.9 Y88.62 E728.25664
G1 X124.9 Y131.287 E730.24339
G1 X124.9 Y131.486 E730.25266
G1 X125.099 Y131.486 E730.25865
G0 F9000 X125.3 Y131.086
;TYPE:WALL-OUTER
G1 F1500 X145.7 Y131.085 E731.20856
G1 X145.7 Y88.219 E733.20458
G1 X147.3 Y88.22 E733.27909
G1 X147.3 Y132.7 E735.35026
G1 X123.7 Y132.7 E736.44918
G1 X123.7 Y88.219 E738.5204
G1 X125.3 Y88.22 E738.5949
G1 X125.3 Y131.086 E740.59092
G0 F9000 X125 Y131.086
G0 X124.718 Y88.802
G0 X124.282 Y88.801
G0 X124.21 Y131.876
G0 X124.51 Y131.876
;TYPE:SKIN
G1 F1500 X146.49 Y131.875 E741.6144
G1 X146.49 Y89.009 E743.61042
G1 X146.51 Y89.01 E743.61136
G1 X146.51 Y131.91 E745.60896
G1 X124.49 Y131.91 E746.6343
G1 X124.49 Y89.009 E748.63195
G1 X124.51 Y89.01 E748.63289
G1 X124.51 Y131.876 E750.62891
G0 F9000 X124.3 Y131.876
G1 F1500 E744.12891
;MESH:copri staffa L 30x30x1,8 met??.stl(3)
G0 F9000 X124.21 Y131.876
G0 X147.086 Y132.486
G0 X148.165 Y132.486
G0 X150.79 Y132.486
G0 X151.875 Y132.486
G0 X152.237 Y91.017
G0 X152.673 Y91.018
G0 X153.054 Y133.702
;TYPE:WALL-INNER
G1 F1500 E750.62891
G1 X174.055 Y133.701 E751.6068
G1 X174.055 Y91.034 E753.59356
G1 X174.055 Y90.835 E753.60282
G1 X174.254 Y90.835 E753.60882
G1 X174.855 Y90.836 E753.6368
G1 X174.855 Y134.516 E755.67073
G1 X152.055 Y134.516 E756.73239
G1 X152.055 Y91.034 E758.75709
G1 X152.055 Y90.835 E758.76636
G1 X152.254 Y90.835 E758.77235
G1 X152.855 Y90.836 E758.80034
G1 X152.855 Y133.503 E760.78709
G1 X152.855 Y133.702 E760.79636
G1 X153.054 Y133.702 E760.80236
G0 F9000 X153.255 Y133.302
;TYPE:WALL-OUTER
G1 F1500 X173.655 Y133.301 E761.75226
G1 X173.655 Y90.435 E763.74829
G1 X175.255 Y90.436 E763.82279
G1 X175.255 Y134.916 E765.89396
G1 X151.655 Y134.916 E766.99288
G1 X151.655 Y90.435 E769.0641
G1 X153.255 Y90.436 E769.1386
G1 X153.255 Y133.302 E771.13462
G0 F9000 X152.955 Y133.302
G0 X152.673 Y91.018
G0 X152.237 Y91.017
G0 X152.165 Y134.092
G0 X152.465 Y134.092
;TYPE:SKIN
G1 F1500 X174.445 Y134.091 E772.1581
G1 X174.445 Y91.225 E774.15412
G1 X174.465 Y91.226 E774.15506
G1 X174.465 Y134.126 E776.15266
G1 X152.445 Y134.126 E777.178
G1 X152.445 Y91.225 E779.17565
G1 X152.465 Y91.226 E779.17659
G1 X152.465 Y134.092 E781.17261
G0 F9000 X152.255 Y134.092
G1 F1500 E774.67261
;MESH:NONMESH
G0 F300 X152.255 Y134.092 Z8.4
G0 F9000 X152.165 Y134.092
G0 X151.875 Y131.561
G0 X150.79 Y131.561
G0 X148.153 Y133.553
G0 X97.347 Y133.553
G0 X94.766 Y131.561
G0 X93.681 Y131.561
G0 X92.701 Y131.561
;TIME_ELAPSED:5912.237350
;LAYER:29
;TYPE:WALL-INNER
;MESH:copri staffa L 30x30x1,8 met??.stl(1)
G1 F1500 E781.17261
G1 X92.701 Y88.583 E783.17384
G1 X92.701 Y88.384 E783.18311
G1 X92.9 Y88.384 E783.1891
G1 X93.501 Y88.385 E783.21709
G1 X93.501 Y132.373 E785.26536
G1 X70.701 Y132.373 E786.32702
G1 X70.701 Y88.583 E788.36606
G1 X70.701 Y88.384 E788.37533
G1 X70.9 Y88.384 E788.38133
G1 X71.501 Y88.385 E788.40931
G1 X71.501 Y131.363 E790.41055
G1 X71.501 Y131.562 E790.41981
G1 X71.7 Y131.562 E790.42581
G1 X92.701 Y131.561 E791.4037
G0 F9000 X92.301 Y131.161
;TYPE:WALL-OUTER
G1 F1500 X92.301 Y87.984 E793.4142
G1 X93.901 Y87.985 E793.48871
G1 X93.901 Y132.773 E795.57422
G1 X70.301 Y132.773 E796.67314
G1 X70.301 Y87.984 E798.7587
G1 X71.901 Y87.985 E798.83321
G1 X71.901 Y131.162 E800.84371
G1 X92.301 Y131.161 E801.79362
G0 F9000 X92.601 Y131.161
G0 X92.883 Y88.566
G0 X93.319 Y88.567
G0 X93.391 Y131.951
G0 X93.091 Y131.951
;TYPE:SKIN
G1 F1500 X93.091 Y88.774 E803.80412
G1 X93.111 Y88.775 E803.80505
G1 X93.111 Y131.983 E805.817
G1 X71.091 Y131.983 E806.84234
G1 X71.091 Y88.774 E808.85433
G1 X71.111 Y88.775 E808.85526
G1 X71.111 Y131.952 E810.86577
G1 X93.091 Y131.951 E811.88925
G0 F9000 X93.301 Y131.951
G1 F1500 E805.38925
;MESH:copri staffa L 30x30x1,8 met??.stl
G0 F9000 X93.391 Y131.951
G0 X93.681 Y131.517
G0 X94.766 Y131.517
G0 X97.335 Y131.517
G0 X98.42 Y131.517
G0 X98.782 Y88.521
G0 X99.218 Y88.522
G0 X99.599 Y131.517
;TYPE:WALL-INNER
G1 F1500 E811.88925
G1 X120.6 Y131.516 E812.86714
G1 X120.6 Y88.538 E814.86838
G1 X120.6 Y88.339 E814.87764
G1 X120.799 Y88.339 E814.88364
G1 X121.4 Y88.34 E814.91162
G1 X121.4 Y132.328 E816.95989
G1 X98.6 Y132.328 E818.02155
G1 X98.6 Y88.538 E820.0606
G1 X98.6 Y88.339 E820.06987
G1 X98.799 Y88.339 E820.07586
G1 X99.4 Y88.34 E820.10385
G1 X99.4 Y131.318 E822.10508
G1 X99.4 Y131.517 E822.11435
G1 X99.599 Y131.517 E822.12034
G0 F9000 X99.8 Y131.117
;TYPE:WALL-OUTER
G1 F1500 X120.2 Y131.116 E823.07025
G1 X120.2 Y87.939 E825.08075
G1 X121.8 Y87.94 E825.15526
G1 X121.8 Y132.728 E827.24077
G1 X98.2 Y132.728 E828.33969
G1 X98.2 Y87.939 E830.42525
G1 X99.8 Y87.94 E830.49976
G1 X99.8 Y131.117 E832.51026
G0 F9000 X99.5 Y131.117
G0 X99.218 Y88.522
G0 X98.782 Y88.521
G0 X98.71 Y131.907
G0 X99.01 Y131.907
;TYPE:SKIN
G1 F1500 X120.99 Y131.906 E833.53374
G1 X120.99 Y88.729 E835.54424
G1 X121.01 Y88.73 E835.54517
G1 X121.01 Y131.938 E837.55712
G1 X98.99 Y131.938 E838.58246
G1 X98.99 Y88.729 E840.59445
G1 X99.01 Y88.73 E840.59539
G1 X99.01 Y131.907 E842.60589
G0 F9000 X98.8 Y131.907
G1 F1500 E836.10589
;MESH:copri staffa L 30x30x1,8 met??.stl(2)
G0 F9000 X98.71 Y131.907
G0 X98.782 Y88.521
G0 X99.218 Y88.522
G0 X99.218 Y131.699
G0 X120.77 Y131.529
G0 X120.782 Y88.521
G0 X121.218 Y88.522
G0 X121.58 Y131.517
G0 X123.92 Y131.517
G0 X124.282 Y88.521
G0 X124.718 Y88.522
G0 X125.099 Y131.517
;TYPE:WALL-INNER
G1 F1500 E842.60589
G1 X146.1 Y131.516 E843.58378
G1 X146.1 Y88.538 E845.58502
G1 X146.1 Y88.339 E845.59428
G1 X146.299 Y88.339 E845.60028
G1 X146.9 Y88.34 E845.62827
G1 X146.9 Y132.328 E847.67653
G1 X124.1 Y132.328 E848.73819
G1 X124.1 Y88.538 E850.77724
G1 X124.1 Y88.339 E850.78651
G1 X124.299 Y88.339 E850.7925
G1 X124.9 Y88.34 E850.82049
G1 X124.9 Y131.318 E852.82172
G1 X124.9 Y131.517 E852.83099
G1 X125.099 Y131.517 E852.83698
G0 F9000 X125.3 Y131.117
;TYPE:WALL-OUTER
G1 F1500 X145.7 Y131.116 E853.78689
G1 X145.7 Y87.939 E855.7974
G1 X147.3 Y87.94 E855.8719
G1 X147.3 Y132.728 E857.95741
G1 X123.7 Y132.728 E859.05633
G1 X123.7 Y87.939 E861.14189
G1 X125.3 Y87.94 E861.2164
G1 X125.3 Y131.117 E863.2269
G0 F9000 X125 Y131.117
G0 X124.718 Y88.522
G0 X124.282 Y88.521
G0 X124.21 Y131.907
G0 X124.51 Y131.907
;TYPE:SKIN
G1 F1500 X146.49 Y131.906 E864.25038
G1 X146.49 Y88.729 E866.26088
G1 X146.51 Y88.73 E866.26181
G1 X146.51 Y131.938 E868.27376
G1 X124.49 Y131.938 E869.2991
G1 X124.49 Y88.729 E871.31109
G1 X124.51 Y88.73 E871.31203
G1 X124.51 Y131.907 E873.32253
G0 F9000 X124.3 Y131.907
G1 F1500 E866.82253
;MESH:copri staffa L 30x30x1,8 met??.stl(3)
G0 F9000 X124.21 Y131.907
G0 X147.086 Y132.514
G0 X148.165 Y132.514
G0 X150.79 Y132.514
G0 X151.875 Y132.514
G0 X152.237 Y90.737
G0 X152.673 Y90.738
G0 X153.054 Y133.734
;TYPE:WALL-INNER
G1 F1500 E873.32253
G1 X174.055 Y133.733 E874.30042
G1 X174.055 Y90.754 E876.30171
G1 X174.055 Y90.555 E876.31097
G1 X174.254 Y90.555 E876.31697
G1 X174.855 Y90.556 E876.34495
G1 X174.855 Y134.544 E878.39322
G1 X152.055 Y134.544 E879.45488
G1 X152.055 Y90.754 E881.49393
G1 X152.055 Y90.555 E881.50319
G1 X152.254 Y90.555 E881.50919
G1 X152.855 Y90.556 E881.53717
G1 X152.855 Y133.535 E883.53846
G1 X152.855 Y133.734 E883.54772
G1 X153.054 Y133.734 E883.55372
G0 F9000 X153.255 Y133.334
;TYPE:WALL-OUTER
G1 F1500 X173.655 Y133.333 E884.50363
G1 X173.655 Y90.155 E886.51418
G1 X175.255 Y90.156 E886.58868
G1 X175.255 Y134.944 E888.67419
G1 X151.655 Y134.944 E889.77311
G1 X151.655 Y90.155 E891.85867
G1 X153.255 Y90.156 E891.93318
G1 X153.255 Y133.334 E893.94372
G0 F9000 X152.955 Y133.334
G0 X152.673 Y90.738
G0 X152.237 Y90.737
G0 X152.165 Y134.124
G0 X152.465 Y134.124
;TYPE:SKIN
G1 F1500 X174.445 Y134.123 E894.96721
G1 X174.445 Y90.945 E896.97775
G1 X174.465 Y90.946 E896.97869
G1 X174.465 Y134.154 E898.99063
G1 X152.445 Y134.154 E900.01598
G1 X152.445 Y90.945 E902.02797
G1 X152.465 Y90.946 E902.0289
G1 X152.465 Y134.124 E904.03945
G0 F9000 X152.255 Y134.124
G1 F1500 E897.53945
;MESH:NONMESH
G0 F300 X152.255 Y134.124 Z8.68
G0 F9000 X152.165 Y134.124
G0 X151.875 Y131.593
G0 X150.79 Y131.593
G0 X148.153 Y133.581
G0 X97.347 Y133.581
G0 X94.766 Y131.593
G0 X93.681 Y131.593
G0 X92.701 Y131.593
;TIME_ELAPSED:6035.816797
;LAYER:30
;TYPE:WALL-INNER
;MESH:copri staffa L 30x30x1,8 met??.stl(1)
G1 F1500 E904.03945
G1 X92.701 Y88.303 E906.05521
G1 X92.701 Y88.104 E906.06448
G1 X92.9 Y88.104 E906.07047
G1 X93.501 Y88.105 E906.09846
G1 X93.501 Y132.4 E908.16102
G1 X70.701 Y132.4 E909.22268
G1 X70.701 Y88.303 E911.27602
G1 X70.701 Y88.104 E911.28529
G1 X70.9 Y88.104 E911.29129
G1 X71.501 Y88.105 E911.31927
G1 X71.501 Y131.395 E913.33503
G1 X71.501 Y131.594 E913.3443
G1 X71.7 Y131.594 E913.3503
G1 X92.701 Y131.593 E914.32819
G0 F9000 X92.301 Y131.193
;TYPE:WALL-OUTER
G1 F1500 X92.301 Y87.704 E916.35322
G1 X93.901 Y87.705 E916.42772
G1 X93.901 Y132.8 E918.52754
G1 X70.301 Y132.8 E919.62645
G1 X70.301 Y87.704 E921.72631
G1 X71.901 Y87.705 E921.80081
G1 X71.901 Y131.194 E923.82584
G1 X92.301 Y131.193 E924.77575
G0 F9000 X92.601 Y131.193
G0 X92.883 Y88.286
G0 X93.319 Y88.287
G0 X93.391 Y131.983
G0 X93.091 Y131.983
;TYPE:SKIN
G1 F1500 X93.091 Y88.494 E926.80078
G1 X93.111 Y88.495 E926.80171
G1 X93.111 Y132.01 E928.82795
G1 X71.091 Y132.01 E929.8533
G1 X71.091 Y88.494 E931.87958
G1 X71.111 Y88.495 E931.88052
G1 X71.111 Y131.984 E933.90555
G1 X93.091 Y131.983 E934.92903
G0 F9000 X93.301 Y131.983
G1 F1500 E928.42903
;MESH:copri staffa L 30x30x1,8 met??.stl
G0 F9000 X93.391 Y131.983
G0 X93.681 Y131.549
G0 X94.766 Y131.549
G0 X97.335 Y131.549
G0 X98.42 Y131.549
G0 X98.782 Y88.241
G0 X99.218 Y88.242
G0 X99.599 Y131.549
;TYPE:WALL-INNER
G1 F1500 E934.92903
G1 X120.6 Y131.548 E935.90692
G1 X120.6 Y88.258 E937.92269
G1 X120.6 Y88.059 E937.93195
G1 X120.799 Y88.059 E937.93795
G1 X121.4 Y88.06 E937.96593
G1 X121.4 Y132.355 E940.02849
G1 X98.6 Y132.355 E941.09016
G1 X98.6 Y88.258 E943.1435
G1 X98.6 Y88.059 E943.15276
G1 X98.799 Y88.059 E943.15876
G1 X99.4 Y88.06 E943.18675
G1 X99.4 Y131.35 E945.20251
G1 X99.4 Y131.549 E945.21178
G1 X99.599 Y131.549 E945.21777
G0 F9000 X99.8 Y131.149
;TYPE:WALL-OUTER
G1 F1500 X120.2 Y131.148 E946.16768
G1 X120.2 Y87.659 E948.19271
G1 X121.8 Y87.66 E948.26721
G1 X121.8 Y132.755 E950.36702
G1 X98.2 Y132.755 E951.46594
G1 X98.2 Y87.659 E953.5658
G1 X99.8 Y87.66 E953.6403
G1 X99.8 Y131.149 E955.66533
G0 F9000 X99.5 Y131.149
G0 X99.218 Y88.242
G0 X98.782 Y88.241
G0 X98.71 Y131.939
G0 X99.01 Y131.939
;TYPE:SKIN
G1 F1500 X120.99 Y131.938 E956.68881
G1 X120.99 Y88.449 E958.71384
G1 X121.01 Y88.45 E958.71477
G1 X121.01 Y131.965 E960.74101
G1 X98.99 Y131.965 E961.76636
G1 X98.99 Y88.449 E963.79265
G1 X99.01 Y88.45 E963.79358
G1 X99.01 Y131.939 E965.81861
G0 F9000 X98.8 Y131.939
G1 F1500 E959.31861
;MESH:copri staffa L 30x30x1,8 met??.stl(2)
G0 F9000 X98.71 Y131.939
G0 X98.782 Y88.241
G0 X99.218 Y88.242
G0 X99.218 Y131.731
G0 X120.769 Y131.561
G0 X120.782 Y88.241
G0 X121.218 Y88.242
G0 X121.58 Y131.549
G0 X123.92 Y131.549
G0 X124.282 Y88.241
G0 X124.718 Y88.242
G0 X125.099 Y131.549
;TYPE:WALL-INNER
G1 F1500 E965.81861
G1 X146.1 Y131.548 E966.7965
G1 X146.1 Y88.258 E968.81227
G1 X146.1 Y88.059 E968.82153
G1 X146.299 Y88.059 E968.82753
G1 X146.9 Y88.06 E968.85551
G1 X146.9 Y132.355 E970.91807
G1 X124.1 Y132.355 E971.97974
G1 X124.1 Y88.258 E974.03308
G1 X124.1 Y88.059 E974.04234
G1 X124.299 Y88.059 E974.04834
G1 X124.9 Y88.06 E974.07632
G1 X124.9 Y131.35 E976.09209
G1 X124.9 Y131.549 E976.10135
G1 X125.099 Y131.549 E976.10735
G0 F9000 X125.3 Y131.149
;TYPE:WALL-OUTER
G1 F1500 X145.7 Y131.148 E977.05726
G1 X145.7 Y87.659 E979.08229
G1 X147.3 Y87.66 E979.15679
G1 X147.3 Y132.755 E981.2566
G1 X123.7 Y132.755 E982.35552
G1 X123.7 Y87.659 E984.45538
G1 X125.3 Y87.66 E984.52988
G1 X125.3 Y131.149 E986.55491
G0 F9000 X125 Y131.149
G0 X124.718 Y88.242
G0 X124.282 Y88.241
G0 X124.21 Y131.939
G0 X124.51 Y131.939
;TYPE:SKIN
G1 F1500 X146.49 Y131.938 E987.57839
G1 X146.49 Y88.449 E989.60342
G1 X146.51 Y88.45 E989.60435
G1 X146.51 Y131.965 E991.63059
G1 X124.49 Y131.965 E992.65594
G1 X124.49 Y88.449 E994.68223
G1 X124.51 Y88.45 E994.68316
G1 X124.51 Y131.939 E996.70819
G0 F9000 X124.3 Y131.939
G1 F1500 E990.20819
;MESH:copri staffa L 30x30x1,8 met??.stl(3)
G0 F9000 X124.21 Y131.939
G0 X147.086 Y132.541
G0 X148.165 Y132.541
G0 X150.79 Y132.541
G0 X151.875 Y132.541
G0 X152.237 Y90.457
G0 X152.673 Y90.458
G0 X153.054 Y133.765
;TYPE:WALL-INNER
G1 F1500 E996.70819
G1 X174.055 Y133.764 E997.68608
G1 X174.055 Y90.474 E999.70185
G1 X174.055 Y90.275 E999.71111
G1 X174.254 Y90.275 E999.71711
G1 X174.855 Y90.276 E999.74509
G1 X174.855 Y134.571 E1001.80765
G1 X152.055 Y134.571 E1002.86932
G1 X152.055 Y90.474 E1004.92266
G1 X152.055 Y90.275 E1004.93192
G1 X152.254 Y90.275 E1004.93792
G1 X152.855 Y90.276 E1004.9659
G1 X152.855 Y133.566 E1006.98167
G1 X152.855 Y133.765 E1006.99093
G1 X153.054 Y133.765 E1006.99693
G0 F9000 X153.255 Y133.365
;TYPE:WALL-OUTER
G1 F1500 X173.655 Y133.364 E1007.94684
G1 X173.655 Y89.875 E1009.97187
G1 X175.255 Y89.876 E1010.04637
G1 X175.255 Y134.971 E1012.14618
G1 X151.655 Y134.971 E1013.2451
G1 X151.655 Y89.875 E1015.34496
G1 X153.255 Y89.876 E1015.41946
G1 X153.255 Y133.365 E1017.44449
G0 F9000 X152.955 Y133.365
G0 X152.673 Y90.458
G0 X152.237 Y90.457
G0 X152.165 Y134.155
G0 X152.465 Y134.155
;TYPE:SKIN
G1 F1500 X174.445 Y134.154 E1018.46797
G1 X174.445 Y90.665 E1020.493
G1 X174.465 Y90.666 E1020.49393
G1 X174.465 Y134.181 E1022.52017
G1 X152.445 Y134.181 E1023.54552
G1 X152.445 Y90.665 E1025.57181
G1 X152.465 Y90.666 E1025.57274
G1 X152.465 Y134.155 E1027.59777
G0 F9000 X152.255 Y134.155
G1 F1500 E1021.09777
;MESH:NONMESH
G0 F300 X152.255 Y134.155 Z8.96
G0 F9000 X152.165 Y134.155
G0 X151.875 Y131.624
G0 X150.79 Y131.624
G0 X148.153 Y133.608
G0 X97.347 Y133.608
G0 X94.766 Y131.624
G0 X93.681 Y131.624
G0 X92.701 Y131.624
;TIME_ELAPSED:6160.028050
;LAYER:31
;TYPE:WALL-INNER
;MESH:copri staffa L 30x30x1,8 met??.stl(1)
G1 F1500 E1027.59777
G1 X92.701 Y88.023 E1029.62801
G1 X92.701 Y87.824 E1029.63728
G1 X92.9 Y87.824 E1029.64327
G1 X93.501 Y87.825 E1029.67126
G1 X93.501 Y132.428 E1031.74816
G1 X70.701 Y132.428 E1032.80983
G1 X70.701 Y88.023 E1034.87751
G1 X70.701 Y87.824 E1034.88677
G1 X70.9 Y87.824 E1034.89277
G1 X71.501 Y87.825 E1034.92076
G1 X71.501 Y131.426 E1036.951
G1 X71.501 Y131.625 E1036.96027
G1 X71.7 Y131.625 E1036.96626
G1 X92.701 Y131.624 E1037.94416
G0 F9000 X92.301 Y131.224
;TYPE:WALL-OUTER
G1 F1500 X92.301 Y87.424 E1039.98367
G1 X93.901 Y87.425 E1040.05817
G1 X93.901 Y132.828 E1042.17232
G1 X70.301 Y132.828 E1043.27124
G1 X70.301 Y87.424 E1045.38544
G1 X71.901 Y87.425 E1045.45994
G1 X71.901 Y131.225 E1047.49945
G1 X92.301 Y131.224 E1048.44936
G0 F9000 X92.601 Y131.224
G0 X92.883 Y88.006
G0 X93.319 Y88.007
G0 X93.391 Y132.014
G0 X93.091 Y132.014
;TYPE:SKIN
G1 F1500 X93.091 Y88.214 E1050.48887
G1 X93.111 Y88.215 E1050.48981
G1 X93.111 Y132.038 E1052.53039
G1 X71.091 Y132.038 E1053.55573
G1 X71.091 Y88.214 E1055.59636
G1 X71.111 Y88.215 E1055.59729
G1 X71.111 Y132.015 E1057.63681
G1 X93.091 Y132.014 E1058.66029
G0 F9000 X93.301 Y132.014
G1 F1500 E1052.16029
;MESH:copri staffa L 30x30x1,8 met??.stl
G0 F9000 X93.391 Y132.014
G0 X93.681 Y131.58
G0 X94.766 Y131.58
G0 X97.335 Y131.58
G0 X98.42 Y131.58
G0 X98.782 Y87.961
G0 X99.218 Y87.962
G0 X99.599 Y131.58
;TYPE:WALL-INNER
G1 F1500 E1058.66029
G1 X120.6 Y131.579 E1059.63818
G1 X120.6 Y87.978 E1061.66843
G1 X120.6 Y87.779 E1061.67769
G1 X120.799 Y87.779 E1061.68369
G1 X121.4 Y87.78 E1061.71167
G1 X121.4 Y132.383 E1063.78858
G1 X98.6 Y132.383 E1064.85024
G1 X98.6 Y87.978 E1066.91792
G1 X98.6 Y87.779 E1066.92719
G1 X98.799 Y87.779 E1066.93318
G1 X99.4 Y87.78 E1066.96117
G1 X99.4 Y131.381 E1068.99141
G1 X99.4 Y131.58 E1069.00068
G1 X99.599 Y131.58 E1069.00668
G0 F9000 X99.8 Y131.18
;TYPE:WALL-OUTER
G1 F1500 X120.2 Y131.179 E1069.95658
G1 X120.2 Y87.379 E1071.9961
G1 X121.8 Y87.38 E1072.0706
G1 X121.8 Y132.783 E1074.18475
G1 X98.2 Y132.783 E1075.28367
G1 X98.2 Y87.379 E1077.39787
G1 X99.8 Y87.38 E1077.47237
G1 X99.8 Y131.18 E1079.51188
G0 F9000 X99.5 Y131.18
G0 X99.218 Y87.962
G0 X98.782 Y87.961
G0 X98.71 Y131.97
G0 X99.01 Y131.97
;TYPE:SKIN
G1 F1500 X120.99 Y131.969 E1080.53536
G1 X120.99 Y88.169 E1082.57487
G1 X121.01 Y88.17 E1082.57581
G1 X121.01 Y131.993 E1084.61639
G1 X98.99 Y131.993 E1085.64173
G1 X98.99 Y88.169 E1087.68236
G1 X99.01 Y88.17 E1087.68329
G1 X99.01 Y131.97 E1089.72281
G0 F9000 X98.8 Y131.97
G1 F1500 E1083.22281
;MESH:copri staffa L 30x30x1,8 met??.stl(2)
G0 F9000 X98.71 Y131.97
G0 X98.782 Y87.961
G0 X99.218 Y87.962
G0 X99.218 Y131.762
G0 X120.77 Y131.592
G0 X120.782 Y87.961
G0 X121.218 Y87.962
G0 X121.58 Y131.58
G0 X123.92 Y131.58
G0 X124.282 Y87.961
G0 X124.718 Y87.962
G0 X125.099 Y131.58
;TYPE:WALL-INNER
G1 F1500 E1089.72281
G1 X146.1 Y131.579 E1090.7007
G1 X146.1 Y87.978 E1092.73095
G1 X146.1 Y87.779 E1092.74021
G1 X146.299 Y87.779 E1092.74621
G1 X146.9 Y87.78 E1092.77419
G1 X146.9 Y132.383 E1094.8511
G1 X124.1 Y132.383 E1095.91276
G1 X124.1 Y87.978 E1097.98044
G1 X124.1 Y87.779 E1097.98971
G1 X124.299 Y87.779 E1097.9957
G1 X124.9 Y87.78 E1098.02369
G1 X124.9 Y131.381 E1100.05393
G1 X124.9 Y131.58 E1100.0632
G1 X125.099 Y131.58 E1100.06919
G0 F9000 X125.3 Y131.18
;TYPE:WALL-OUTER
G1 F1500 X145.7 Y131.179 E1101.0191
G1 X145.7 Y87.379 E1103.05862
G1 X147.3 Y87.38 E1103.13312
G1 X147.3 Y132.783 E1105.24727
G1 X123.7 Y132.783 E1106.34619
G1 X123.7 Y87.379 E1108.46039
G1 X125.3 Y87.38 E1108.53489
G1 X125.3 Y131.18 E1110.5744
G0 F9000 X125 Y131.18
G0 X124.718 Y87.962
G0 X124.282 Y87.961
G0 X124.21 Y131.97
G0 X124.51 Y131.97
;TYPE:SKIN
G1 F1500 X146.49 Y131.969 E1111.59788
G1 X146.49 Y88.169 E1113.63739
G1 X146.51 Y88.17 E1113.63833
G1 X146.51 Y131.993 E1115.67891
G1 X124.49 Y131.993 E1116.70425
G1 X124.49 Y88.169 E1118.74488
G1 X124.51 Y88.17 E1118.74581
G1 X124.51 Y131.97 E1120.78533
G0 F9000 X124.3 Y131.97
G1 F1500 E1114.28533
;MESH:copri staffa L 30x30x1,8 met??.stl(3)
G0 F9000 X124.21 Y131.97
G0 X147.086 Y132.569
G0 X148.165 Y132.569
G0 X150.79 Y132.569
G0 X151.875 Y132.569
G0 X152.237 Y90.177
G0 X152.673 Y90.178
G0 X153.054 Y133.797
;TYPE:WALL-INNER
G1 F1500 E1120.78533
G1 X174.055 Y133.796 E1121.76322
G1 X174.055 Y90.194 E1123.79351
G1 X174.055 Y89.995 E1123.80278
G1 X174.254 Y89.995 E1123.80877
G1 X174.855 Y89.996 E1123.83676
G1 X174.855 Y134.599 E1125.91366
G1 X152.055 Y134.599 E1126.97532
G1 X152.055 Y90.194 E1129.04301
G1 X152.055 Y89.995 E1129.05227
G1 X152.254 Y89.995 E1129.05827
G1 X152.855 Y89.996 E1129.08625
G1 X152.855 Y133.598 E1131.11655
G1 X152.855 Y133.797 E1131.12581
G1 X153.054 Y133.797 E1131.13181
G0 F9000 X153.255 Y133.397
;TYPE:WALL-OUTER
G1 F1500 X173.655 Y133.396 E1132.08172
G1 X173.655 Y89.595 E1134.12127
G1 X175.255 Y89.596 E1134.19578
G1 X175.255 Y134.999 E1136.30993
G1 X151.655 Y134.999 E1137.40885
G1 X151.655 Y89.595 E1139.52305
G1 X153.255 Y89.596 E1139.59755
G1 X153.255 Y133.397 E1141.63711
G0 F9000 X152.955 Y133.397
G0 X152.673 Y90.178
G0 X152.237 Y90.177
G0 X152.165 Y134.187
G0 X152.465 Y134.187
;TYPE:SKIN
G1 F1500 X174.445 Y134.186 E1142.66059
G1 X174.445 Y90.385 E1144.70015
G1 X174.465 Y90.386 E1144.70108
G1 X174.465 Y134.209 E1146.74166
G1 X152.445 Y134.209 E1147.767
G1 X152.445 Y90.385 E1149.80763
G1 X152.465 Y90.386 E1149.80857
G1 X152.465 Y134.187 E1151.84812
G0 F9000 X152.255 Y134.187
;TIME_ELAPSED:6283.398874
G1 F1500 E1145.34812
M140 S0
M107
G91 ;Relative positioning
G1 E-2 F2700 ;Retract a bit
G1 E-2 Z0.2 F2400 ;Retract and raise Z
G1 X5 Y5 F3000 ;Wipe out
G1 Z10 ;Raise Z more
G90 ;Absolute positioning

G1 X0 Y220 ;Present print
M106 S0 ;Turn-off fan
M104 S0 ;Turn-off hotend
M140 S0 ;Turn-off bed

M84 X Y E ;Disable all steppers but Z

M82 ;absolute extrusion mode
M104 S0
;End of Gcode
