;FLAVOR:Marlin
;TIME:9889
;Filament used: 23.827m
;Layer height: 0.4
;MINX:50.4
;MINY:47.4
;MINZ:0.4
;MAXX:190.7
;MAXY:172.6
;MAXZ:8.8
;Generated with Cura_SteamEngine 4.11.0
M140 S80
M105
M190 S80
M104 S245
M105
M109 S245
M82 ;absolute extrusion mode
; Ender 3 Custom Start G-code
G92 E0 ; Reset Extruder
G28 ; Home all axes
G1 Z2.0 F3000 ; Move Z Axis up little to prevent scratching of Heat Bed
G1 X0.1 Y20 Z0.3 F5000.0 ; Move to start position
G1 X0.1 Y200.0 Z0.3 F1500.0 E15 ; Draw the first line
G1 X0.4 Y200.0 Z0.3 F5000.0 ; Move to side a little
G1 X0.4 Y20 Z0.3 F1500.0 E30 ; Draw the second line
G92 E0 ; Reset Extruder
G1 Z2.0 F3000 ; Move Z Axis up little to prevent scratching of Heat Bed
G1 X5 Y20 Z0.3 F5000.0 ; Move over to prevent blob squish
G92 E0
G92 E0
G1 F1500 E-6.5
;LAYER_COUNT:23
;LAYER:0
M107
G0 F6000 X52.626 Y49.86 Z0.4
;TYPE:SKIRT
G1 F1500 E0
G1 F1200 X52.86 Y49.626 E0.04403
G1 X53.439 Y49.104 E0.14774
G1 X54.068 Y48.644 E0.25141
G1 X54.741 Y48.25 E0.35516
G1 X55.451 Y47.928 E0.45888
G1 X56.19 Y47.68 E0.56259
G1 X56.95 Y47.509 E0.66623
G1 X57.724 Y47.417 E0.76993
G1 X58.234 Y47.4 E0.83781
G1 X60.266 Y47.4 E1.10815
G1 X60.578 Y47.416 E1.14972
G1 X69.725 Y47.417 E2.36664
G1 X70.234 Y47.4 E2.43439
G1 X77.366 Y47.4 E3.38324
G1 X78.144 Y47.44 E3.48688
G1 X78.356 Y47.473 E3.51543
G1 X78.824 Y47.417 E3.57813
G1 X79.334 Y47.4 E3.64602
G1 X86.466 Y47.4 E4.59487
G1 X86.778 Y47.416 E4.63643
G1 X95.925 Y47.417 E5.85335
G1 X96.434 Y47.4 E5.92111
G1 X98.466 Y47.4 E6.19144
G1 X99.244 Y47.44 E6.29509
G1 X99.456 Y47.473 E6.32363
G1 X99.924 Y47.417 E6.38634
G1 X100.434 Y47.4 E6.45423
G1 X102.466 Y47.4 E6.72456
G1 X102.778 Y47.416 E6.76613
G1 X111.925 Y47.417 E7.98305
G1 X112.434 Y47.4 E8.05081
G1 X119.566 Y47.4 E8.99965
G1 X120.344 Y47.44 E9.10329
G1 X120.556 Y47.473 E9.13184
G1 X121.024 Y47.417 E9.19454
G1 X121.534 Y47.4 E9.26243
G1 X123.566 Y47.4 E9.53277
G1 X123.878 Y47.416 E9.57433
G1 X133.025 Y47.417 E10.79126
G1 X133.534 Y47.4 E10.85901
G1 X140.666 Y47.4 E11.80786
G1 X141.444 Y47.44 E11.9115
G1 X141.656 Y47.473 E11.94004
G1 X142.124 Y47.417 E12.00275
G1 X142.634 Y47.4 E12.07064
G1 X144.666 Y47.4 E12.34098
G1 X144.978 Y47.416 E12.38254
G1 X154.125 Y47.417 E13.59946
G1 X154.634 Y47.4 E13.66722
G1 X161.766 Y47.4 E14.61606
G1 X162.544 Y47.44 E14.7197
G1 X162.756 Y47.473 E14.74825
G1 X163.224 Y47.417 E14.81096
G1 X163.734 Y47.4 E14.87884
G1 X165.766 Y47.4 E15.14918
G1 X166.078 Y47.416 E15.19075
G1 X175.225 Y47.417 E16.40767
G1 X175.734 Y47.4 E16.47542
G1 X182.866 Y47.4 E17.42427
G1 X183.644 Y47.44 E17.52791
G1 X184.415 Y47.559 E17.6317
G1 X185.169 Y47.757 E17.73541
G1 X185.898 Y48.031 E17.83902
G1 X186.596 Y48.378 E17.94273
G1 X187.255 Y48.795 E18.04648
G1 X187.867 Y49.278 E18.1502
G1 X188.24 Y49.626 E18.21807
G1 X188.474 Y49.86 E18.2621
G1 X188.996 Y50.439 E18.36581
G1 X189.456 Y51.068 E18.46948
G1 X189.85 Y51.741 E18.57324
G1 X190.172 Y52.451 E18.67696
G1 X190.42 Y53.19 E18.78066
G1 X190.591 Y53.95 E18.8843
G1 X190.683 Y54.724 E18.988
G1 X190.7 Y55.234 E19.05589
G1 X190.7 Y164.766 E33.62808
G1 X190.66 Y165.544 E33.73172
G1 X190.541 Y166.315 E33.83551
G1 X190.343 Y167.069 E33.93923
G1 X190.069 Y167.798 E34.04284
G1 X189.722 Y168.496 E34.14654
G1 X189.305 Y169.155 E34.25029
G1 X188.822 Y169.767 E34.35402
G1 X188.474 Y170.14 E34.42189
G1 X188.24 Y170.374 E34.46591
G1 X187.661 Y170.896 E34.56963
G1 X187.032 Y171.356 E34.6733
G1 X186.359 Y171.75 E34.77705
G1 X185.649 Y172.072 E34.88077
G1 X184.91 Y172.32 E34.98448
G1 X184.15 Y172.491 E35.08811
G1 X183.376 Y172.583 E35.19181
G1 X182.866 Y172.6 E35.2597
G1 X175.734 Y172.6 E36.20855
G1 X175.422 Y172.584 E36.25011
G1 X166.275 Y172.583 E37.46703
G1 X165.766 Y172.6 E37.53479
G1 X163.734 Y172.6 E37.80512
G1 X162.956 Y172.56 E37.90877
G1 X162.744 Y172.527 E37.93731
G1 X162.276 Y172.583 E38.00002
G1 X161.766 Y172.6 E38.06791
G1 X154.634 Y172.6 E39.01675
G1 X154.322 Y172.584 E39.05832
G1 X145.175 Y172.583 E40.27524
G1 X144.666 Y172.6 E40.34299
G1 X142.634 Y172.6 E40.61333
G1 X141.856 Y172.56 E40.71697
G1 X141.644 Y172.527 E40.74552
G1 X141.176 Y172.583 E40.80822
G1 X140.666 Y172.6 E40.87611
G1 X133.534 Y172.6 E41.82496
G1 X133.222 Y172.584 E41.86652
G1 X124.075 Y172.583 E43.08344
G1 X123.566 Y172.6 E43.1512
G1 X121.534 Y172.6 E43.42154
G1 X120.756 Y172.56 E43.52518
G1 X120.544 Y172.527 E43.55372
G1 X120.076 Y172.583 E43.61643
G1 X119.566 Y172.6 E43.68432
G1 X112.434 Y172.6 E44.63316
G1 X112.122 Y172.584 E44.67473
G1 X102.975 Y172.583 E45.89165
G1 X102.466 Y172.6 E45.9594
G1 X100.434 Y172.6 E46.22974
G1 X99.656 Y172.56 E46.33338
G1 X99.444 Y172.527 E46.36193
G1 X98.976 Y172.583 E46.42464
G1 X98.466 Y172.6 E46.49252
G1 X96.434 Y172.6 E46.76286
G1 X96.122 Y172.584 E46.80443
G1 X86.975 Y172.583 E48.02135
G1 X86.466 Y172.6 E48.0891
G1 X79.334 Y172.6 E49.03795
G1 X78.556 Y172.56 E49.14159
G1 X78.344 Y172.527 E49.17013
G1 X77.876 Y172.583 E49.23284
G1 X77.366 Y172.6 E49.30073
G1 X70.234 Y172.6 E50.24958
G1 X69.922 Y172.584 E50.29114
G1 X60.775 Y172.583 E51.50806
G1 X60.266 Y172.6 E51.57582
G1 X58.234 Y172.6 E51.84615
G1 X57.456 Y172.56 E51.9498
G1 X56.685 Y172.441 E52.05359
G1 X55.931 Y172.243 E52.1573
G1 X55.202 Y171.969 E52.26091
G1 X54.504 Y171.622 E52.36461
G1 X53.845 Y171.205 E52.46837
G1 X53.233 Y170.722 E52.57209
G1 X52.86 Y170.374 E52.63996
G1 X52.626 Y170.14 E52.68398
G1 X52.104 Y169.561 E52.7877
G1 X51.644 Y168.932 E52.89137
G1 X51.25 Y168.259 E52.99512
G1 X50.928 Y167.549 E53.09884
G1 X50.68 Y166.81 E53.20255
G1 X50.509 Y166.05 E53.30619
G1 X50.417 Y165.276 E53.40988
G1 X50.4 Y164.766 E53.47777
G1 X50.4 Y55.234 E68.04997
G1 X50.44 Y54.456 E68.15361
G1 X50.559 Y53.685 E68.2574
G1 X50.757 Y52.931 E68.36111
G1 X51.031 Y52.202 E68.46472
G1 X51.378 Y51.504 E68.56843
G1 X51.795 Y50.845 E68.67218
G1 X52.278 Y50.233 E68.7759
G1 X52.626 Y49.86 E68.84377
G0 F6000 X53.192 Y50.426
G1 F1200 X53.426 Y50.192 E68.8878
G1 X53.975 Y49.699 E68.98597
G1 X54.573 Y49.269 E69.08396
G1 X55.215 Y48.907 E69.18201
G1 X55.893 Y48.616 E69.28017
G1 X56.598 Y48.4 E69.37827
G1 X57.322 Y48.261 E69.47635
G1 X58.234 Y48.2 E69.59795
G1 X60.266 Y48.2 E69.86829
G1 X60.561 Y48.216 E69.90759
G1 X69.98 Y48.217 E71.1607
G1 X70.234 Y48.2 E71.19457
G1 X77.366 Y48.2 E72.14342
G1 X78.102 Y48.24 E72.24148
G1 X78.422 Y48.261 E72.28414
G1 X79.334 Y48.2 E72.40575
G1 X86.466 Y48.2 E73.35459
G1 X86.761 Y48.216 E73.3939
G1 X96.18 Y48.217 E74.64701
G1 X96.434 Y48.2 E74.68087
G1 X98.466 Y48.2 E74.95121
G1 X99.202 Y48.24 E75.04927
G1 X99.522 Y48.261 E75.09194
G1 X100.434 Y48.2 E75.21354
G1 X102.466 Y48.2 E75.48388
G1 X102.761 Y48.216 E75.52319
G1 X112.18 Y48.217 E76.77629
G1 X112.434 Y48.2 E76.81016
G1 X119.566 Y48.2 E77.75901
G1 X120.302 Y48.24 E77.85707
G1 X120.622 Y48.261 E77.89973
G1 X121.534 Y48.2 E78.02134
G1 X123.566 Y48.2 E78.29168
G1 X123.861 Y48.216 E78.33098
G1 X133.28 Y48.217 E79.58409
G1 X133.534 Y48.2 E79.61796
G1 X140.666 Y48.2 E80.5668
G1 X141.402 Y48.24 E80.66487
G1 X141.722 Y48.261 E80.70753
G1 X142.634 Y48.2 E80.82913
G1 X144.666 Y48.2 E81.09947
G1 X144.961 Y48.216 E81.13878
G1 X154.38 Y48.217 E82.39189
G1 X154.634 Y48.2 E82.42575
G1 X161.766 Y48.2 E83.3746
G1 X162.502 Y48.24 E83.47266
G1 X162.822 Y48.261 E83.51533
G1 X163.734 Y48.2 E83.63693
G1 X165.766 Y48.2 E83.90727
G1 X166.061 Y48.216 E83.94657
G1 X175.48 Y48.217 E85.19968
G1 X175.734 Y48.2 E85.23355
G1 X182.866 Y48.2 E86.1824
G1 X183.602 Y48.24 E86.28046
G1 X184.33 Y48.359 E86.3786
G1 X185.04 Y48.557 E86.47666
G1 X185.725 Y48.83 E86.57476
G1 X186.376 Y49.176 E86.67285
G1 X186.986 Y49.59 E86.77093
G1 X187.674 Y50.192 E86.89255
G1 X187.908 Y50.426 E86.93658
G1 X188.401 Y50.975 E87.03474
G1 X188.831 Y51.573 E87.13273
G1 X189.193 Y52.215 E87.23079
G1 X189.484 Y52.893 E87.32895
G1 X189.7 Y53.598 E87.42704
G1 X189.839 Y54.322 E87.52513
G1 X189.9 Y55.234 E87.64673
G1 X189.9 Y164.766 E102.21893
G1 X189.86 Y165.502 E102.31699
G1 X189.741 Y166.23 E102.41513
G1 X189.543 Y166.94 E102.51319
G1 X189.27 Y167.625 E102.61129
G1 X188.924 Y168.276 E102.70938
G1 X188.51 Y168.886 E102.80746
G1 X187.908 Y169.574 E102.92908
G1 X187.674 Y169.808 E102.97311
G1 X187.125 Y170.301 E103.07127
G1 X186.527 Y170.731 E103.16926
G1 X185.885 Y171.093 E103.26732
G1 X185.207 Y171.384 E103.36548
G1 X184.502 Y171.6 E103.46357
G1 X183.778 Y171.739 E103.56166
G1 X182.866 Y171.8 E103.68326
G1 X175.734 Y171.8 E104.6321
G1 X175.439 Y171.784 E104.67141
G1 X166.02 Y171.783 E105.92452
G1 X165.766 Y171.8 E105.95839
G1 X163.734 Y171.8 E106.22872
G1 X162.998 Y171.76 E106.32679
G1 X162.678 Y171.739 E106.36945
G1 X161.766 Y171.8 E106.49106
G1 X154.634 Y171.8 E107.4399
G1 X154.339 Y171.784 E107.47921
G1 X144.92 Y171.783 E108.73231
G1 X144.666 Y171.8 E108.76618
G1 X142.634 Y171.8 E109.03652
G1 X141.898 Y171.76 E109.13458
G1 X141.578 Y171.739 E109.17725
G1 X140.666 Y171.8 E109.29885
G1 X133.534 Y171.8 E110.2477
G1 X133.239 Y171.784 E110.287
G1 X123.82 Y171.783 E111.54011
G1 X123.566 Y171.8 E111.57398
G1 X121.534 Y171.8 E111.84432
G1 X120.798 Y171.76 E111.94238
G1 X120.478 Y171.739 E111.98504
G1 X119.566 Y171.8 E112.10665
G1 X112.434 Y171.8 E113.05549
G1 X112.139 Y171.784 E113.0948
G1 X102.72 Y171.783 E114.34791
G1 X102.466 Y171.8 E114.38177
G1 X100.434 Y171.8 E114.65211
G1 X99.698 Y171.76 E114.75017
G1 X99.378 Y171.739 E114.79284
G1 X98.466 Y171.8 E114.91444
G1 X96.434 Y171.8 E115.18478
G1 X96.139 Y171.784 E115.22409
G1 X86.72 Y171.783 E116.47719
G1 X86.466 Y171.8 E116.51106
G1 X79.334 Y171.8 E117.45991
G1 X78.598 Y171.76 E117.55797
G1 X78.278 Y171.739 E117.60063
G1 X77.366 Y171.8 E117.72224
G1 X70.234 Y171.8 E118.67108
G1 X69.939 Y171.784 E118.71039
G1 X60.52 Y171.783 E119.9635
G1 X60.266 Y171.8 E119.99737
G1 X58.234 Y171.8 E120.2677
G1 X57.498 Y171.76 E120.36577
G1 X56.77 Y171.641 E120.46391
G1 X56.06 Y171.443 E120.56197
G1 X55.375 Y171.17 E120.66007
G1 X54.724 Y170.824 E120.75815
G1 X54.114 Y170.41 E120.85623
G1 X53.426 Y169.808 E120.97786
G1 X53.192 Y169.574 E121.02189
G1 X52.699 Y169.025 E121.12005
G1 X52.269 Y168.427 E121.21804
G1 X51.907 Y167.785 E121.3161
G1 X51.616 Y167.107 E121.41426
G1 X51.4 Y166.402 E121.51235
G1 X51.261 Y165.678 E121.61043
G1 X51.2 Y164.766 E121.73204
G1 X51.2 Y55.234 E136.30423
G1 X51.24 Y54.498 E136.4023
G1 X51.359 Y53.77 E136.50044
G1 X51.557 Y53.06 E136.5985
G1 X51.83 Y52.375 E136.6966
G1 X52.176 Y51.724 E136.79468
G1 X52.59 Y51.114 E136.89276
G1 X53.192 Y50.426 E137.01439
G0 F6000 X53.757 Y50.991
G1 F1200 X53.991 Y50.757 E137.05842
G1 X54.508 Y50.297 E137.15048
G1 X55.075 Y49.899 E137.24265
G1 X55.684 Y49.569 E137.3348
G1 X56.327 Y49.311 E137.42697
G1 X56.995 Y49.129 E137.51908
G1 X57.68 Y49.026 E137.61124
G1 X58.234 Y49 E137.68503
G1 X60.266 Y49 E137.95536
G1 X60.543 Y49.016 E137.99228
G1 X69.873 Y49.017 E139.23355
G1 X70.234 Y49 E139.28163
G1 X77.366 Y49 E140.23047
G1 X78.057 Y49.04 E140.32256
G1 X78.349 Y49.091 E140.36199
G1 X78.78 Y49.026 E140.41998
G1 X79.334 Y49 E140.49377
G1 X86.466 Y49 E141.44261
G1 X86.743 Y49.016 E141.47953
G1 X96.073 Y49.017 E142.72079
G1 X96.434 Y49 E142.76887
G1 X98.466 Y49 E143.03921
G1 X99.157 Y49.04 E143.1313
G1 X99.449 Y49.091 E143.17073
G1 X99.88 Y49.026 E143.22872
G1 X100.434 Y49 E143.30251
G1 X102.466 Y49 E143.57285
G1 X102.743 Y49.016 E143.60976
G1 X112.073 Y49.017 E144.85103
G1 X112.434 Y49 E144.89911
G1 X119.566 Y49 E145.84795
G1 X120.257 Y49.04 E145.94004
G1 X120.549 Y49.091 E145.97948
G1 X120.98 Y49.026 E146.03746
G1 X121.534 Y49 E146.11125
G1 X123.566 Y49 E146.38159
G1 X123.843 Y49.016 E146.4185
G1 X133.173 Y49.017 E147.65977
G1 X133.534 Y49 E147.70785
G1 X140.666 Y49 E148.6567
G1 X141.357 Y49.04 E148.74878
G1 X141.649 Y49.091 E148.78822
G1 X142.08 Y49.026 E148.84621
G1 X142.634 Y49 E148.91999
G1 X144.666 Y49 E149.19033
G1 X144.943 Y49.016 E149.22724
G1 X154.273 Y49.017 E150.46851
G1 X154.634 Y49 E150.51659
G1 X161.766 Y49 E151.46544
G1 X162.457 Y49.04 E151.55752
G1 X162.749 Y49.091 E151.59696
G1 X163.18 Y49.026 E151.65495
G1 X163.734 Y49 E151.72873
G1 X165.766 Y49 E151.99907
G1 X166.043 Y49.016 E152.03599
G1 X175.373 Y49.017 E153.27725
G1 X175.734 Y49 E153.32533
G1 X182.866 Y49 E154.27418
G1 X183.557 Y49.04 E154.36626
G1 X184.24 Y49.159 E154.4585
G1 X184.903 Y49.357 E154.55056
G1 X185.54 Y49.629 E154.6427
G1 X186.141 Y49.973 E154.73483
G1 X186.699 Y50.384 E154.82703
G1 X187.109 Y50.757 E154.90078
G1 X187.343 Y50.991 E154.9448
G1 X187.803 Y51.508 E155.03687
G1 X188.201 Y52.075 E155.12903
G1 X188.531 Y52.684 E155.22118
G1 X188.789 Y53.327 E155.31336
G1 X188.971 Y53.995 E155.40547
G1 X189.074 Y54.68 E155.49763
G1 X189.1 Y55.234 E155.57141
G1 X189.1 Y164.766 E170.14361
G1 X189.06 Y165.457 E170.23569
G1 X188.941 Y166.14 E170.32793
G1 X188.743 Y166.803 E170.41998
G1 X188.471 Y167.44 E170.51213
G1 X188.127 Y168.041 E170.60426
G1 X187.716 Y168.599 E170.69646
G1 X187.343 Y169.009 E170.77021
G1 X187.109 Y169.243 E170.81423
G1 X186.592 Y169.703 E170.9063
G1 X186.025 Y170.101 E170.99846
G1 X185.416 Y170.431 E171.09061
G1 X184.773 Y170.689 E171.18279
G1 X184.105 Y170.871 E171.2749
G1 X183.42 Y170.974 E171.36706
G1 X182.866 Y171 E171.44084
G1 X175.734 Y171 E172.38969
G1 X175.457 Y170.984 E172.4266
G1 X166.127 Y170.983 E173.66787
G1 X165.766 Y171 E173.71595
G1 X163.734 Y171 E173.98629
G1 X163.043 Y170.96 E174.07837
G1 X162.751 Y170.909 E174.11781
G1 X162.32 Y170.974 E174.1758
G1 X161.766 Y171 E174.24958
G1 X154.634 Y171 E175.19843
G1 X154.357 Y170.984 E175.23534
G1 X145.027 Y170.983 E176.47661
G1 X144.666 Y171 E176.52469
G1 X142.634 Y171 E176.79503
G1 X141.943 Y170.96 E176.88711
G1 X141.651 Y170.909 E176.92655
G1 X141.22 Y170.974 E176.98454
G1 X140.666 Y171 E177.05832
G1 X133.534 Y171 E178.00717
G1 X133.257 Y170.984 E178.04408
G1 X123.927 Y170.983 E179.28535
G1 X123.566 Y171 E179.33343
G1 X121.534 Y171 E179.60377
G1 X120.843 Y170.96 E179.69586
G1 X120.551 Y170.909 E179.73529
G1 X120.12 Y170.974 E179.79328
G1 X119.566 Y171 E179.86707
G1 X112.434 Y171 E180.81591
G1 X112.157 Y170.984 E180.85282
G1 X102.827 Y170.983 E182.09409
G1 X102.466 Y171 E182.14217
G1 X100.434 Y171 E182.41251
G1 X99.743 Y170.96 E182.5046
G1 X99.451 Y170.909 E182.54403
G1 X99.02 Y170.974 E182.60202
G1 X98.466 Y171 E182.67581
G1 X96.434 Y171 E182.94615
G1 X96.157 Y170.984 E182.98306
G1 X86.827 Y170.983 E184.22433
G1 X86.466 Y171 E184.27241
G1 X79.334 Y171 E185.22125
G1 X78.643 Y170.96 E185.31334
G1 X78.351 Y170.909 E185.35277
G1 X77.92 Y170.974 E185.41076
G1 X77.366 Y171 E185.48455
G1 X70.234 Y171 E186.43339
G1 X69.957 Y170.984 E186.47031
G1 X60.627 Y170.983 E187.71158
G1 X60.266 Y171 E187.75966
G1 X58.234 Y171 E188.03
G1 X57.543 Y170.96 E188.12208
G1 X56.86 Y170.841 E188.21432
G1 X56.197 Y170.643 E188.30637
G1 X55.56 Y170.371 E188.39852
G1 X54.959 Y170.027 E188.49065
G1 X54.401 Y169.616 E188.58285
G1 X53.991 Y169.243 E188.65659
G1 X53.757 Y169.009 E188.70062
G1 X53.297 Y168.492 E188.79268
G1 X52.899 Y167.925 E188.88485
G1 X52.569 Y167.316 E188.977
G1 X52.311 Y166.673 E189.06917
G1 X52.129 Y166.005 E189.16128
G1 X52.026 Y165.32 E189.25344
G1 X52 Y164.766 E189.32723
G1 X52 Y55.234 E203.89942
G1 X52.04 Y54.543 E203.99151
G1 X52.159 Y53.86 E204.08374
G1 X52.357 Y53.197 E204.1758
G1 X52.629 Y52.56 E204.26795
G1 X52.973 Y51.959 E204.36008
G1 X53.384 Y51.401 E204.45228
G1 X53.757 Y50.991 E204.52602
G0 F6000 X54.323 Y51.557
G1 F1200 X54.557 Y51.323 E204.57005
G1 X55.04 Y50.896 E204.65582
G1 X55.573 Y50.533 E204.74161
G1 X56.146 Y50.238 E204.82735
G1 X56.751 Y50.016 E204.91309
G1 X57.379 Y49.871 E204.99884
G1 X58.234 Y49.8 E205.11298
G1 X60.266 Y49.8 E205.38332
G1 X60.524 Y49.816 E205.41771
G1 X70.03 Y49.817 E206.68239
G1 X70.234 Y49.8 E206.70962
G1 X77.366 Y49.8 E207.65847
G1 X78.009 Y49.84 E207.74418
G1 X78.342 Y49.903 E207.78927
G1 X78.479 Y49.871 E207.80799
G1 X79.334 Y49.8 E207.92213
G1 X86.466 Y49.8 E208.87097
G1 X86.724 Y49.816 E208.90536
G1 X96.23 Y49.817 E210.17005
G1 X96.434 Y49.8 E210.19728
G1 X98.466 Y49.8 E210.46762
G1 X99.109 Y49.84 E210.55333
G1 X99.442 Y49.903 E210.59842
G1 X99.579 Y49.871 E210.61713
G1 X100.434 Y49.8 E210.73128
G1 X102.466 Y49.8 E211.00161
G1 X102.724 Y49.816 E211.036
G1 X112.23 Y49.817 E212.30069
G1 X112.434 Y49.8 E212.32792
G1 X119.566 Y49.8 E213.27677
G1 X120.209 Y49.84 E213.36248
G1 X120.542 Y49.903 E213.40757
G1 X120.679 Y49.871 E213.42628
G1 X121.534 Y49.8 E213.54042
G1 X123.566 Y49.8 E213.81076
G1 X123.824 Y49.816 E213.84515
G1 X133.33 Y49.817 E215.10984
G1 X133.534 Y49.8 E215.13707
G1 X140.666 Y49.8 E216.08592
G1 X141.309 Y49.84 E216.17163
G1 X141.642 Y49.903 E216.21672
G1 X141.779 Y49.871 E216.23543
G1 X142.634 Y49.8 E216.34957
G1 X144.666 Y49.8 E216.61991
G1 X144.924 Y49.816 E216.6543
G1 X154.43 Y49.817 E217.91899
G1 X154.634 Y49.8 E217.94622
G1 X161.766 Y49.8 E218.89507
G1 X162.409 Y49.84 E218.98078
G1 X162.742 Y49.903 E219.02586
G1 X162.879 Y49.871 E219.04458
G1 X163.734 Y49.8 E219.15872
G1 X165.766 Y49.8 E219.42906
G1 X166.024 Y49.816 E219.46345
G1 X175.53 Y49.817 E220.72813
G1 X175.734 Y49.8 E220.75537
G1 X182.866 Y49.8 E221.70421
G1 X183.509 Y49.84 E221.78992
G1 X184.143 Y49.959 E221.87575
G1 X184.757 Y50.156 E221.96153
G1 X185.342 Y50.427 E222.04731
G1 X185.889 Y50.769 E222.13313
G1 X186.543 Y51.323 E222.24716
G1 X186.777 Y51.557 E222.29119
G1 X187.204 Y52.04 E222.37696
G1 X187.567 Y52.573 E222.46275
G1 X187.862 Y53.146 E222.5485
G1 X188.084 Y53.751 E222.63423
G1 X188.229 Y54.379 E222.71998
G1 X188.3 Y55.234 E222.83412
G1 X188.3 Y164.766 E237.40632
G1 X188.26 Y165.409 E237.49203
G1 X188.141 Y166.043 E237.57785
G1 X187.944 Y166.657 E237.66364
G1 X187.673 Y167.242 E237.74941
G1 X187.331 Y167.789 E237.83524
G1 X186.777 Y168.443 E237.94927
G1 X186.543 Y168.677 E237.99329
G1 X186.06 Y169.104 E238.07906
G1 X185.527 Y169.467 E238.16486
G1 X184.954 Y169.762 E238.2506
G1 X184.349 Y169.984 E238.33634
G1 X183.721 Y170.129 E238.42208
G1 X182.866 Y170.2 E238.53623
G1 X175.734 Y170.2 E239.48507
G1 X175.476 Y170.184 E239.51946
G1 X165.97 Y170.183 E240.78414
G1 X165.766 Y170.2 E240.81138
G1 X163.734 Y170.2 E241.08172
G1 X163.091 Y170.16 E241.16743
G1 X162.758 Y170.097 E241.21252
G1 X162.621 Y170.129 E241.23123
G1 X161.766 Y170.2 E241.34537
G1 X154.634 Y170.2 E242.29422
G1 X154.376 Y170.184 E242.32861
G1 X144.87 Y170.183 E243.59329
G1 X144.666 Y170.2 E243.62053
G1 X142.634 Y170.2 E243.89087
G1 X141.991 Y170.16 E243.97658
G1 X141.658 Y170.097 E244.02166
G1 X141.521 Y170.129 E244.04038
G1 X140.666 Y170.2 E244.15452
G1 X133.534 Y170.2 E245.10337
G1 X133.276 Y170.184 E245.13776
G1 X123.77 Y170.183 E246.40244
G1 X123.566 Y170.2 E246.42968
G1 X121.534 Y170.2 E246.70001
G1 X120.891 Y170.16 E246.78573
G1 X120.558 Y170.097 E246.83081
G1 X120.421 Y170.129 E246.84953
G1 X119.566 Y170.2 E246.96367
G1 X112.434 Y170.2 E247.91252
G1 X112.176 Y170.184 E247.94691
G1 X102.67 Y170.183 E249.21159
G1 X102.466 Y170.2 E249.23883
G1 X100.434 Y170.2 E249.50916
G1 X99.791 Y170.16 E249.59487
G1 X99.458 Y170.097 E249.63996
G1 X99.321 Y170.129 E249.65868
G1 X98.466 Y170.2 E249.77282
G1 X96.434 Y170.2 E250.04316
G1 X96.176 Y170.184 E250.07755
G1 X86.67 Y170.183 E251.34223
G1 X86.466 Y170.2 E251.36947
G1 X79.334 Y170.2 E252.31831
G1 X78.691 Y170.16 E252.40402
G1 X78.358 Y170.097 E252.44911
G1 X78.221 Y170.129 E252.46783
G1 X77.366 Y170.2 E252.58197
G1 X70.234 Y170.2 E253.53081
G1 X69.976 Y170.184 E253.56521
G1 X60.47 Y170.183 E254.82989
G1 X60.266 Y170.2 E254.85712
G1 X58.234 Y170.2 E255.12746
G1 X57.591 Y170.16 E255.21317
G1 X56.957 Y170.041 E255.29899
G1 X56.343 Y169.844 E255.38478
G1 X55.758 Y169.573 E255.47055
G1 X55.211 Y169.231 E255.55638
G1 X54.557 Y168.677 E255.67041
G1 X54.323 Y168.443 E255.71444
G1 X53.896 Y167.96 E255.80021
G1 X53.533 Y167.427 E255.886
G1 X53.238 Y166.854 E255.97174
G1 X53.016 Y166.249 E256.05748
G1 X52.871 Y165.621 E256.14323
G1 X52.8 Y164.766 E256.25737
G1 X52.8 Y55.234 E270.82957
G1 X52.84 Y54.591 E270.91528
G1 X52.959 Y53.957 E271.0011
G1 X53.156 Y53.343 E271.08688
G1 X53.427 Y52.758 E271.17266
G1 X53.769 Y52.211 E271.25849
G1 X54.323 Y51.557 E271.37252
G0 F6000 X54.889 Y52.123
G1 F1200 X55.123 Y51.889 E271.41654
G1 X55.569 Y51.499 E271.49536
G1 X56.064 Y51.172 E271.57429
G1 X56.599 Y50.915 E271.65325
G1 X57.163 Y50.732 E271.73214
G1 X57.746 Y50.627 E271.81095
G1 X58.234 Y50.6 E271.87597
G1 X60.266 Y50.6 E272.14631
G1 X60.503 Y50.616 E272.17791
G1 X69.927 Y50.617 E273.43169
G1 X70.234 Y50.6 E273.47259
G1 X77.366 Y50.6 E274.42144
G1 X77.958 Y50.64 E274.50038
G1 X78.339 Y50.718 E274.55212
G1 X78.846 Y50.627 E274.62065
G1 X79.334 Y50.6 E274.68567
G1 X86.466 Y50.6 E275.63452
G1 X86.703 Y50.616 E275.66612
G1 X96.127 Y50.617 E276.91989
G1 X96.434 Y50.6 E276.9608
G1 X98.466 Y50.6 E277.23114
G1 X99.058 Y50.64 E277.31008
G1 X99.439 Y50.718 E277.36182
G1 X99.946 Y50.627 E277.43035
G1 X100.434 Y50.6 E277.49537
G1 X102.466 Y50.6 E277.76571
G1 X102.703 Y50.616 E277.79731
G1 X112.127 Y50.617 E279.05108
G1 X112.434 Y50.6 E279.09199
G1 X119.566 Y50.6 E280.04084
G1 X120.158 Y50.64 E280.11978
G1 X120.539 Y50.718 E280.17151
G1 X121.046 Y50.627 E280.24004
G1 X121.534 Y50.6 E280.30507
G1 X123.566 Y50.6 E280.57541
G1 X123.803 Y50.616 E280.60701
G1 X133.227 Y50.617 E281.86078
G1 X133.534 Y50.6 E281.90169
G1 X140.666 Y50.6 E282.85053
G1 X141.258 Y50.64 E282.92947
G1 X141.639 Y50.718 E282.98121
G1 X142.146 Y50.627 E283.04974
G1 X142.634 Y50.6 E283.11477
G1 X144.666 Y50.6 E283.3851
G1 X144.903 Y50.616 E283.41671
G1 X154.327 Y50.617 E284.67048
G1 X154.634 Y50.6 E284.71139
G1 X161.766 Y50.6 E285.66023
G1 X162.358 Y50.64 E285.73917
G1 X162.739 Y50.718 E285.79091
G1 X163.246 Y50.627 E285.85944
G1 X163.734 Y50.6 E285.92446
G1 X165.766 Y50.6 E286.1948
G1 X166.003 Y50.616 E286.2264
G1 X175.427 Y50.617 E287.48018
G1 X175.734 Y50.6 E287.52108
G1 X182.866 Y50.6 E288.46993
G1 X183.458 Y50.64 E288.54887
G1 X184.038 Y50.759 E288.62764
G1 X184.598 Y50.955 E288.70657
G1 X185.126 Y51.225 E288.78547
G1 X185.613 Y51.563 E288.86434
G1 X185.977 Y51.889 E288.92935
G1 X186.211 Y52.123 E288.97337
G1 X186.601 Y52.569 E289.0522
G1 X186.928 Y53.064 E289.13112
G1 X187.185 Y53.599 E289.21009
G1 X187.368 Y54.163 E289.28897
G1 X187.473 Y54.746 E289.36778
G1 X187.5 Y55.234 E289.4328
G1 X187.5 Y164.766 E304.005
G1 X187.46 Y165.358 E304.08394
G1 X187.341 Y165.938 E304.16271
G1 X187.145 Y166.498 E304.24165
G1 X186.875 Y167.026 E304.32054
G1 X186.537 Y167.513 E304.39941
G1 X186.211 Y167.877 E304.46442
G1 X185.977 Y168.111 E304.50845
G1 X185.531 Y168.501 E304.58727
G1 X185.036 Y168.828 E304.66619
G1 X184.501 Y169.085 E304.74516
G1 X183.937 Y169.268 E304.82404
G1 X183.354 Y169.373 E304.90285
G1 X182.866 Y169.4 E304.96788
G1 X175.734 Y169.4 E305.91672
G1 X175.497 Y169.384 E305.94832
G1 X166.073 Y169.383 E307.2021
G1 X165.766 Y169.4 E307.243
G1 X163.734 Y169.4 E307.51334
G1 X163.142 Y169.36 E307.59228
G1 X162.761 Y169.282 E307.64402
G1 X162.254 Y169.373 E307.71255
G1 X161.766 Y169.4 E307.77758
G1 X154.634 Y169.4 E308.72642
G1 X154.397 Y169.384 E308.75802
G1 X144.973 Y169.383 E310.0118
G1 X144.666 Y169.4 E310.0527
G1 X142.634 Y169.4 E310.32304
G1 X142.042 Y169.36 E310.40198
G1 X141.661 Y169.282 E310.45372
G1 X141.154 Y169.373 E310.52225
G1 X140.666 Y169.4 E310.58727
G1 X133.534 Y169.4 E311.53612
G1 X133.297 Y169.384 E311.56772
G1 X123.873 Y169.383 E312.82149
G1 X123.566 Y169.4 E312.8624
G1 X121.534 Y169.4 E313.13274
G1 X120.942 Y169.36 E313.21168
G1 X120.561 Y169.282 E313.26342
G1 X120.054 Y169.373 E313.33195
G1 X119.566 Y169.4 E313.39697
G1 X112.434 Y169.4 E314.34582
G1 X112.197 Y169.384 E314.37742
G1 X102.773 Y169.383 E315.63119
G1 X102.466 Y169.4 E315.6721
G1 X100.434 Y169.4 E315.94244
G1 X99.842 Y169.36 E316.02138
G1 X99.461 Y169.282 E316.07312
G1 X98.954 Y169.373 E316.14165
G1 X98.466 Y169.4 E316.20667
G1 X96.434 Y169.4 E316.47701
G1 X96.197 Y169.384 E316.50861
G1 X86.773 Y169.383 E317.76238
G1 X86.466 Y169.4 E317.80329
G1 X79.334 Y169.4 E318.75213
G1 X78.742 Y169.36 E318.83107
G1 X78.361 Y169.282 E318.88281
G1 X77.854 Y169.373 E318.95134
G1 X77.366 Y169.4 E319.01637
G1 X70.234 Y169.4 E319.96521
G1 X69.997 Y169.384 E319.99681
G1 X60.573 Y169.383 E321.25059
G1 X60.266 Y169.4 E321.29149
G1 X58.234 Y169.4 E321.56183
G1 X57.642 Y169.36 E321.64077
G1 X57.062 Y169.241 E321.71954
G1 X56.502 Y169.045 E321.79848
G1 X55.974 Y168.775 E321.87737
G1 X55.487 Y168.437 E321.95624
G1 X55.123 Y168.111 E322.02125
G1 X54.889 Y167.877 E322.06528
G1 X54.499 Y167.431 E322.1441
G1 X54.172 Y166.936 E322.22303
G1 X53.915 Y166.401 E322.30199
G1 X53.732 Y165.837 E322.38087
G1 X53.627 Y165.254 E322.45969
G1 X53.6 Y164.766 E322.52471
G1 X53.6 Y55.234 E337.0969
G1 X53.64 Y54.642 E337.17584
G1 X53.759 Y54.062 E337.25462
G1 X53.955 Y53.502 E337.33355
G1 X54.225 Y52.974 E337.41245
G1 X54.563 Y52.487 E337.49131
G1 X54.889 Y52.123 E337.55632
G0 F6000 X55.454 Y52.688
G1 F1200 X55.688 Y52.454 E337.60035
G1 X56.095 Y52.105 E337.67168
G1 X56.549 Y51.819 E337.74306
G1 X57.04 Y51.604 E337.81437
G1 X57.558 Y51.464 E337.88576
G1 X58.234 Y51.4 E337.9761
G1 X60.266 Y51.4 E338.24644
G1 X60.48 Y51.416 E338.27499
G1 X70.055 Y51.417 E339.54885
G1 X70.234 Y51.4 E339.57277
G1 X77.366 Y51.4 E340.52162
G1 X77.901 Y51.44 E340.59299
G1 X78.36 Y51.544 E340.65561
G1 X78.658 Y51.464 E340.69666
G1 X79.334 Y51.4 E340.78699
G1 X86.466 Y51.4 E341.73584
G1 X86.68 Y51.416 E341.76439
G1 X96.255 Y51.417 E343.03825
G1 X96.434 Y51.4 E343.06217
G1 X98.466 Y51.4 E343.33251
G1 X99.001 Y51.44 E343.40389
G1 X99.46 Y51.544 E343.4665
G1 X99.758 Y51.464 E343.50755
G1 X100.434 Y51.4 E343.59789
G1 X102.466 Y51.4 E343.86823
G1 X102.68 Y51.416 E343.89678
G1 X112.255 Y51.417 E345.17064
G1 X112.434 Y51.4 E345.19456
G1 X119.566 Y51.4 E346.14341
G1 X120.101 Y51.44 E346.21478
G1 X120.56 Y51.544 E346.2774
G1 X120.858 Y51.464 E346.31845
G1 X121.534 Y51.4 E346.40878
G1 X123.566 Y51.4 E346.67912
G1 X123.78 Y51.416 E346.70767
G1 X133.355 Y51.417 E347.98154
G1 X133.534 Y51.4 E348.00546
G1 X140.666 Y51.4 E348.9543
G1 X141.201 Y51.44 E349.02568
G1 X141.66 Y51.544 E349.08829
G1 X141.958 Y51.464 E349.12934
G1 X142.634 Y51.4 E349.21968
G1 X144.666 Y51.4 E349.49002
G1 X144.88 Y51.416 E349.51857
G1 X154.455 Y51.417 E350.79243
G1 X154.634 Y51.4 E350.81635
G1 X161.766 Y51.4 E351.7652
G1 X162.301 Y51.44 E351.83657
G1 X162.76 Y51.544 E351.89919
G1 X163.058 Y51.464 E351.94024
G1 X163.734 Y51.4 E352.03057
G1 X165.766 Y51.4 E352.30091
G1 X165.98 Y51.416 E352.32946
G1 X175.555 Y51.417 E353.60332
G1 X175.734 Y51.4 E353.62725
G1 X182.866 Y51.4 E354.57609
G1 X183.401 Y51.44 E354.64747
G1 X183.924 Y51.559 E354.71882
G1 X184.423 Y51.754 E354.7901
G1 X184.888 Y52.022 E354.8615
G1 X185.412 Y52.454 E354.95185
G1 X185.646 Y52.688 E354.99588
G1 X185.995 Y53.095 E355.06721
G1 X186.281 Y53.549 E355.1386
G1 X186.496 Y54.04 E355.20991
G1 X186.636 Y54.558 E355.28129
G1 X186.7 Y55.234 E355.37163
G1 X186.7 Y164.766 E369.94383
G1 X186.66 Y165.301 E370.0152
G1 X186.541 Y165.824 E370.08656
G1 X186.346 Y166.323 E370.15784
G1 X186.078 Y166.788 E370.22924
G1 X185.646 Y167.312 E370.31959
G1 X185.412 Y167.546 E370.36362
G1 X185.005 Y167.895 E370.43495
G1 X184.551 Y168.181 E370.50633
G1 X184.06 Y168.396 E370.57764
G1 X183.542 Y168.536 E370.64903
G1 X182.866 Y168.6 E370.73937
G1 X175.734 Y168.6 E371.68821
G1 X175.52 Y168.584 E371.71676
G1 X165.945 Y168.583 E372.99063
G1 X165.766 Y168.6 E373.01455
G1 X163.734 Y168.6 E373.28489
G1 X163.199 Y168.56 E373.35626
G1 X162.74 Y168.456 E373.41888
G1 X162.442 Y168.536 E373.45993
G1 X161.766 Y168.6 E373.55026
G1 X154.634 Y168.6 E374.49911
G1 X154.42 Y168.584 E374.52766
G1 X144.845 Y168.583 E375.80152
G1 X144.666 Y168.6 E375.82544
G1 X142.634 Y168.6 E376.09578
G1 X142.099 Y168.56 E376.16716
G1 X141.64 Y168.456 E376.22977
G1 X141.342 Y168.536 E376.27082
G1 X140.666 Y168.6 E376.36116
G1 X133.534 Y168.6 E377.31
G1 X133.32 Y168.584 E377.33855
G1 X123.745 Y168.583 E378.61242
G1 X123.566 Y168.6 E378.63634
G1 X121.534 Y168.6 E378.90668
G1 X120.999 Y168.56 E378.97805
G1 X120.54 Y168.456 E379.04067
G1 X120.242 Y168.536 E379.08172
G1 X119.566 Y168.6 E379.17205
G1 X112.434 Y168.6 E380.1209
G1 X112.22 Y168.584 E380.14945
G1 X102.645 Y168.583 E381.42331
G1 X102.466 Y168.6 E381.44723
G1 X100.434 Y168.6 E381.71757
G1 X99.899 Y168.56 E381.78895
G1 X99.44 Y168.456 E381.85156
G1 X99.142 Y168.536 E381.89261
G1 X98.466 Y168.6 E381.98295
G1 X96.434 Y168.6 E382.25329
G1 X96.22 Y168.584 E382.28184
G1 X86.645 Y168.583 E383.5557
G1 X86.466 Y168.6 E383.57962
G1 X79.334 Y168.6 E384.52847
G1 X78.799 Y168.56 E384.59984
G1 X78.34 Y168.456 E384.66245
G1 X78.042 Y168.536 E384.7035
G1 X77.366 Y168.6 E384.79384
G1 X70.234 Y168.6 E385.74269
G1 X70.02 Y168.584 E385.77124
G1 X60.445 Y168.583 E387.0451
G1 X60.266 Y168.6 E387.06902
G1 X58.234 Y168.6 E387.33936
G1 X57.699 Y168.56 E387.41074
G1 X57.176 Y168.441 E387.48209
G1 X56.677 Y168.246 E387.55337
G1 X56.212 Y167.978 E387.62477
G1 X55.688 Y167.546 E387.71512
G1 X55.454 Y167.312 E387.75915
G1 X55.105 Y166.905 E387.83048
G1 X54.819 Y166.451 E387.90187
G1 X54.604 Y165.96 E387.97318
G1 X54.464 Y165.442 E388.04456
G1 X54.4 Y164.766 E388.1349
G1 X54.4 Y55.234 E402.7071
G1 X54.44 Y54.699 E402.77847
G1 X54.559 Y54.176 E402.84983
G1 X54.754 Y53.677 E402.92111
G1 X55.022 Y53.212 E402.99251
G1 X55.454 Y52.688 E403.08286
G0 F6000 X56.02 Y53.254
G1 F1200 X56.254 Y53.02 E403.12689
G1 X56.616 Y52.715 E403.18986
G1 X57.023 Y52.475 E403.25272
G1 X57.465 Y52.308 E403.31559
G1 X57.929 Y52.217 E403.37849
G1 X58.234 Y52.2 E403.41913
G1 X60.266 Y52.2 E403.68947
G1 X60.455 Y52.216 E403.71471
G1 X69.93 Y52.217 E404.97526
G1 X70.234 Y52.2 E405.01577
G1 X77.366 Y52.2 E405.96462
G1 X77.837 Y52.24 E406.02751
G1 X78.295 Y52.359 E406.09046
G1 X78.357 Y52.387 E406.09951
G1 X78.565 Y52.308 E406.12911
G1 X79.029 Y52.217 E406.19202
G1 X79.334 Y52.2 E406.23266
G1 X86.466 Y52.2 E407.1815
G1 X86.655 Y52.216 E407.20674
G1 X96.13 Y52.217 E408.4673
G1 X96.434 Y52.2 E408.50781
G1 X98.466 Y52.2 E408.77814
G1 X98.937 Y52.24 E408.84103
G1 X99.395 Y52.359 E408.90399
G1 X99.457 Y52.387 E408.91304
G1 X99.665 Y52.308 E408.94264
G1 X100.129 Y52.217 E409.00555
G1 X100.434 Y52.2 E409.04619
G1 X102.466 Y52.2 E409.31653
G1 X102.655 Y52.216 E409.34176
G1 X112.13 Y52.217 E410.60232
G1 X112.434 Y52.2 E410.64283
G1 X119.566 Y52.2 E411.59167
G1 X120.037 Y52.24 E411.65456
G1 X120.495 Y52.359 E411.71752
G1 X120.557 Y52.387 E411.72657
G1 X120.765 Y52.308 E411.75617
G1 X121.229 Y52.217 E411.81907
G1 X121.534 Y52.2 E411.85971
G1 X123.566 Y52.2 E412.13005
G1 X123.755 Y52.216 E412.15529
G1 X133.23 Y52.217 E413.41585
G1 X133.534 Y52.2 E413.45635
G1 X140.666 Y52.2 E414.4052
G1 X141.137 Y52.24 E414.46809
G1 X141.595 Y52.359 E414.53104
G1 X141.657 Y52.387 E414.54009
G1 X141.865 Y52.308 E414.56969
G1 X142.329 Y52.217 E414.6326
G1 X142.634 Y52.2 E414.67324
G1 X144.666 Y52.2 E414.94358
G1 X144.855 Y52.216 E414.96881
G1 X154.33 Y52.217 E416.22937
G1 X154.634 Y52.2 E416.26988
G1 X161.766 Y52.2 E417.21873
G1 X162.237 Y52.24 E417.28161
G1 X162.695 Y52.359 E417.34457
G1 X162.757 Y52.387 E417.35362
G1 X162.965 Y52.308 E417.38322
G1 X163.429 Y52.217 E417.44613
G1 X163.734 Y52.2 E417.48677
G1 X165.766 Y52.2 E417.75711
G1 X165.955 Y52.216 E417.78234
G1 X175.43 Y52.217 E419.0429
G1 X175.734 Y52.2 E419.08341
G1 X182.866 Y52.2 E420.03225
G1 X183.337 Y52.24 E420.09514
G1 X183.795 Y52.359 E420.1581
G1 X184.226 Y52.553 E420.22098
G1 X184.619 Y52.816 E420.28389
G1 X184.846 Y53.02 E420.32449
G1 X185.08 Y53.254 E420.36852
G1 X185.385 Y53.616 E420.4315
G1 X185.625 Y54.023 E420.49436
G1 X185.792 Y54.465 E420.55722
G1 X185.883 Y54.929 E420.62013
G1 X185.9 Y55.234 E420.66077
G1 X185.9 Y164.766 E435.23296
G1 X185.86 Y165.237 E435.29585
G1 X185.741 Y165.695 E435.35881
G1 X185.547 Y166.126 E435.42169
G1 X185.284 Y166.519 E435.4846
G1 X185.08 Y166.746 E435.5252
G1 X184.846 Y166.98 E435.56923
G1 X184.484 Y167.285 E435.63221
G1 X184.077 Y167.525 E435.69507
G1 X183.635 Y167.692 E435.75793
G1 X183.171 Y167.783 E435.82083
G1 X182.866 Y167.8 E435.86147
G1 X175.734 Y167.8 E436.81032
G1 X175.545 Y167.784 E436.83555
G1 X166.07 Y167.783 E438.09611
G1 X165.766 Y167.8 E438.13662
G1 X163.734 Y167.8 E438.40696
G1 X163.263 Y167.76 E438.46985
G1 X162.805 Y167.641 E438.5328
G1 X162.743 Y167.613 E438.54185
G1 X162.535 Y167.692 E438.57145
G1 X162.071 Y167.783 E438.63436
G1 X161.766 Y167.8 E438.675
G1 X154.634 Y167.8 E439.62385
G1 X154.445 Y167.784 E439.64908
G1 X144.97 Y167.783 E440.90964
G1 X144.666 Y167.8 E440.95015
G1 X142.634 Y167.8 E441.22049
G1 X142.163 Y167.76 E441.28337
G1 X141.705 Y167.641 E441.34633
G1 X141.643 Y167.613 E441.35538
G1 X141.435 Y167.692 E441.38498
G1 X140.971 Y167.783 E441.44789
G1 X140.666 Y167.8 E441.48853
G1 X133.534 Y167.8 E442.43737
G1 X133.345 Y167.784 E442.46261
G1 X123.87 Y167.783 E443.72317
G1 X123.566 Y167.8 E443.76367
G1 X121.534 Y167.8 E444.03401
G1 X121.063 Y167.76 E444.0969
G1 X120.605 Y167.641 E444.15986
G1 X120.543 Y167.613 E444.16891
G1 X120.335 Y167.692 E444.19851
G1 X119.871 Y167.783 E444.26142
G1 X119.566 Y167.8 E444.30206
G1 X112.434 Y167.8 E445.2509
G1 X112.245 Y167.784 E445.27614
G1 X102.77 Y167.783 E446.53669
G1 X102.466 Y167.8 E446.5772
G1 X100.434 Y167.8 E446.84754
G1 X99.963 Y167.76 E446.91043
G1 X99.505 Y167.641 E446.97338
G1 X99.443 Y167.613 E446.98243
G1 X99.235 Y167.692 E447.01204
G1 X98.771 Y167.783 E447.07494
G1 X98.466 Y167.8 E447.11558
G1 X96.434 Y167.8 E447.38592
G1 X96.245 Y167.784 E447.41116
G1 X86.77 Y167.783 E448.67171
G1 X86.466 Y167.8 E448.71222
G1 X79.334 Y167.8 E449.66107
G1 X78.863 Y167.76 E449.72396
G1 X78.405 Y167.641 E449.78691
G1 X78.343 Y167.613 E449.79596
G1 X78.135 Y167.692 E449.82556
G1 X77.671 Y167.783 E449.88847
G1 X77.366 Y167.8 E449.92911
G1 X70.234 Y167.8 E450.87796
G1 X70.045 Y167.784 E450.90319
G1 X60.57 Y167.783 E452.16375
G1 X60.266 Y167.8 E452.20426
G1 X58.234 Y167.8 E452.47459
G1 X57.763 Y167.76 E452.53748
G1 X57.305 Y167.641 E452.60044
G1 X56.874 Y167.447 E452.66332
G1 X56.481 Y167.184 E452.72623
G1 X56.254 Y166.98 E452.76684
G1 X56.02 Y166.746 E452.81086
G1 X55.715 Y166.384 E452.87384
G1 X55.475 Y165.977 E452.9367
G1 X55.308 Y165.535 E452.99956
G1 X55.217 Y165.071 E453.06247
G1 X55.2 Y164.766 E453.10311
G1 X55.2 Y55.234 E467.6753
G1 X55.24 Y54.763 E467.73819
G1 X55.359 Y54.305 E467.80115
G1 X55.553 Y53.874 E467.86403
G1 X55.816 Y53.481 E467.92694
G1 X56.02 Y53.254 E467.96754
G0 F6000 X56.586 Y53.82
G1 F1200 X56.82 Y53.586 E468.01157
G1 X57.129 Y53.333 E468.0647
G1 X57.482 Y53.147 E468.11779
G1 X57.866 Y53.034 E468.17104
G1 X58.234 Y53 E468.22021
G1 X60.266 Y53 E468.49055
G1 X60.425 Y53.016 E468.51181
G1 X70.05 Y53.017 E469.79232
G1 X70.234 Y53 E469.8169
G1 X77.366 Y53 E470.76575
G1 X77.764 Y53.04 E470.81897
G1 X78.145 Y53.158 E470.87203
G1 X78.349 Y53.27 E470.90299
G1 X78.582 Y53.147 E470.93804
G1 X78.966 Y53.034 E470.9913
G1 X79.334 Y53 E471.04047
G1 X86.466 Y53 E471.98931
G1 X86.625 Y53.016 E472.01057
G1 X96.25 Y53.017 E473.29109
G1 X96.434 Y53 E473.31567
G1 X98.466 Y53 E473.58601
G1 X98.864 Y53.04 E473.63923
G1 X99.245 Y53.158 E473.69229
G1 X99.449 Y53.27 E473.72325
G1 X99.682 Y53.147 E473.7583
G1 X100.066 Y53.034 E473.81156
G1 X100.434 Y53 E473.86072
G1 X102.466 Y53 E474.13106
G1 X102.625 Y53.016 E474.15232
G1 X112.25 Y53.017 E475.43284
G1 X112.434 Y53 E475.45742
G1 X119.566 Y53 E476.40627
G1 X119.964 Y53.04 E476.45948
G1 X120.345 Y53.158 E476.51255
G1 X120.549 Y53.27 E476.54351
G1 X120.782 Y53.147 E476.57856
G1 X121.166 Y53.034 E476.63182
G1 X121.534 Y53 E476.68098
G1 X123.566 Y53 E476.95132
G1 X123.725 Y53.016 E476.97258
G1 X133.35 Y53.017 E478.2531
G1 X133.534 Y53 E478.27768
G1 X140.666 Y53 E479.22653
G1 X141.064 Y53.04 E479.27974
G1 X141.445 Y53.158 E479.33281
G1 X141.649 Y53.27 E479.36377
G1 X141.882 Y53.147 E479.39882
G1 X142.266 Y53.034 E479.45207
G1 X142.634 Y53 E479.50124
G1 X144.666 Y53 E479.77158
G1 X144.825 Y53.016 E479.79284
G1 X154.45 Y53.017 E481.07336
G1 X154.634 Y53 E481.09794
G1 X161.766 Y53 E482.04678
G1 X162.164 Y53.04 E482.1
G1 X162.545 Y53.158 E482.15307
G1 X162.749 Y53.27 E482.18403
G1 X162.982 Y53.147 E482.21908
G1 X163.366 Y53.034 E482.27233
G1 X163.734 Y53 E482.3215
G1 X165.766 Y53 E482.59184
G1 X165.925 Y53.016 E482.6131
G1 X175.55 Y53.017 E483.89361
G1 X175.734 Y53 E483.9182
G1 X182.866 Y53 E484.86704
G1 X183.264 Y53.04 E484.92026
G1 X183.645 Y53.158 E484.97332
G1 X183.996 Y53.35 E485.02655
G1 X184.28 Y53.586 E485.07568
G1 X184.514 Y53.82 E485.1197
G1 X184.767 Y54.129 E485.17284
G1 X184.953 Y54.482 E485.22592
G1 X185.066 Y54.866 E485.27917
G1 X185.1 Y55.234 E485.32834
G1 X185.1 Y164.766 E499.90054
G1 X185.06 Y165.164 E499.95375
G1 X184.942 Y165.545 E500.00682
G1 X184.75 Y165.896 E500.06004
G1 X184.514 Y166.18 E500.10917
G1 X184.28 Y166.414 E500.1532
G1 X183.971 Y166.667 E500.20633
G1 X183.618 Y166.853 E500.25941
G1 X183.234 Y166.966 E500.31267
G1 X182.866 Y167 E500.36183
G1 X175.734 Y167 E501.31068
G1 X175.575 Y166.984 E501.33194
G1 X165.95 Y166.983 E502.61245
G1 X165.766 Y167 E502.63704
G1 X163.734 Y167 E502.90738
G1 X163.336 Y166.96 E502.96059
G1 X162.955 Y166.842 E503.01366
G1 X162.751 Y166.73 E503.04462
G1 X162.518 Y166.853 E503.07967
G1 X162.134 Y166.966 E503.13292
G1 X161.766 Y167 E503.18209
G1 X154.634 Y167 E504.13094
G1 X154.475 Y166.984 E504.1522
G1 X144.85 Y166.983 E505.43271
G1 X144.666 Y167 E505.4573
G1 X142.634 Y167 E505.72764
G1 X142.236 Y166.96 E505.78085
G1 X141.855 Y166.842 E505.83392
G1 X141.651 Y166.73 E505.86488
G1 X141.418 Y166.853 E505.89993
G1 X141.034 Y166.966 E505.95318
G1 X140.666 Y167 E506.00235
G1 X133.534 Y167 E506.9512
G1 X133.375 Y166.984 E506.97246
G1 X123.75 Y166.983 E508.25297
G1 X123.566 Y167 E508.27756
G1 X121.534 Y167 E508.54789
G1 X121.136 Y166.96 E508.60111
G1 X120.755 Y166.842 E508.65417
G1 X120.551 Y166.73 E508.68514
G1 X120.318 Y166.853 E508.72019
G1 X119.934 Y166.966 E508.77344
G1 X119.566 Y167 E508.82261
G1 X112.434 Y167 E509.77145
G1 X112.275 Y166.984 E509.79272
G1 X102.65 Y166.983 E511.07323
G1 X102.466 Y167 E511.09781
G1 X100.434 Y167 E511.36815
G1 X100.036 Y166.96 E511.42137
G1 X99.655 Y166.842 E511.47443
G1 X99.451 Y166.73 E511.50539
G1 X99.218 Y166.853 E511.54045
G1 X98.834 Y166.966 E511.5937
G1 X98.466 Y167 E511.64287
G1 X96.434 Y167 E511.91321
G1 X96.275 Y166.984 E511.93447
G1 X86.65 Y166.983 E513.21498
G1 X86.466 Y167 E513.23957
G1 X79.334 Y167 E514.18841
G1 X78.936 Y166.96 E514.24163
G1 X78.555 Y166.842 E514.29469
G1 X78.351 Y166.73 E514.32565
G1 X78.118 Y166.853 E514.36071
G1 X77.734 Y166.966 E514.41396
G1 X77.366 Y167 E514.46313
G1 X70.234 Y167 E515.41197
G1 X70.075 Y166.984 E515.43323
G1 X60.45 Y166.983 E516.71375
G1 X60.266 Y167 E516.73833
G1 X58.234 Y167 E517.00867
G1 X57.836 Y166.96 E517.06189
G1 X57.455 Y166.842 E517.11495
G1 X57.104 Y166.65 E517.16818
G1 X56.82 Y166.414 E517.2173
G1 X56.586 Y166.18 E517.26133
G1 X56.333 Y165.871 E517.31446
G1 X56.147 Y165.518 E517.36755
G1 X56.034 Y165.134 E517.4208
G1 X56 Y164.766 E517.46997
G1 X56 Y55.234 E532.04216
G1 X56.04 Y54.836 E532.09538
G1 X56.158 Y54.455 E532.14844
G1 X56.35 Y54.104 E532.20167
G1 X56.586 Y53.82 E532.2508
G0 F6000 X57.151 Y54.385
G1 F1200 X57.385 Y54.151 E532.29482
G1 X57.63 Y53.963 E532.33591
G1 X57.915 Y53.843 E532.37705
G1 X58.234 Y53.8 E532.41987
G1 X60.266 Y53.8 E532.69021
G1 X60.389 Y53.816 E532.70671
G1 X70.108 Y53.817 E533.99973
G1 X70.234 Y53.8 E534.01665
G1 X77.366 Y53.8 E534.96549
G1 X77.673 Y53.84 E535.00668
G1 X77.959 Y53.957 E535.04779
G1 X78.215 Y54.151 E535.09053
G1 X78.35 Y54.286 E535.11593
G1 X78.485 Y54.151 E535.14133
G1 X78.73 Y53.963 E535.18241
G1 X79.015 Y53.843 E535.22355
G1 X79.334 Y53.8 E535.26638
G1 X86.466 Y53.8 E536.21522
G1 X86.589 Y53.816 E536.23172
G1 X96.308 Y53.817 E537.52474
G1 X96.434 Y53.8 E537.54166
G1 X98.466 Y53.8 E537.812
G1 X98.773 Y53.84 E537.85319
G1 X99.059 Y53.957 E537.8943
G1 X99.315 Y54.151 E537.93703
G1 X99.45 Y54.286 E537.96243
G1 X99.585 Y54.151 E537.98783
G1 X99.83 Y53.963 E538.02892
G1 X100.115 Y53.843 E538.07006
G1 X100.434 Y53.8 E538.11288
G1 X102.466 Y53.8 E538.38322
G1 X102.589 Y53.816 E538.39972
G1 X112.308 Y53.817 E539.69274
G1 X112.434 Y53.8 E539.70966
G1 X119.566 Y53.8 E540.6585
G1 X119.873 Y53.84 E540.69969
G1 X120.159 Y53.957 E540.7408
G1 X120.415 Y54.151 E540.78353
G1 X120.55 Y54.286 E540.80893
G1 X120.685 Y54.151 E540.83433
G1 X120.93 Y53.963 E540.87542
G1 X121.215 Y53.843 E540.91656
G1 X121.534 Y53.8 E540.95938
G1 X123.566 Y53.8 E541.22972
G1 X123.689 Y53.816 E541.24622
G1 X133.408 Y53.817 E542.53924
G1 X133.534 Y53.8 E542.55616
G1 X140.666 Y53.8 E543.505
G1 X140.973 Y53.84 E543.54619
G1 X141.259 Y53.957 E543.5873
G1 X141.515 Y54.151 E543.63004
G1 X141.65 Y54.286 E543.65544
G1 X141.785 Y54.151 E543.68084
G1 X142.03 Y53.963 E543.72192
G1 X142.315 Y53.843 E543.76306
G1 X142.634 Y53.8 E543.80589
G1 X144.666 Y53.8 E544.07622
G1 X144.789 Y53.816 E544.09273
G1 X154.508 Y53.817 E545.38575
G1 X154.634 Y53.8 E545.40266
G1 X161.766 Y53.8 E546.35151
G1 X162.073 Y53.84 E546.3927
G1 X162.359 Y53.957 E546.43381
G1 X162.615 Y54.151 E546.47654
G1 X162.75 Y54.286 E546.50194
G1 X162.885 Y54.151 E546.52734
G1 X163.13 Y53.963 E546.56842
G1 X163.415 Y53.843 E546.60957
G1 X163.734 Y53.8 E546.65239
G1 X165.766 Y53.8 E546.92273
G1 X165.889 Y53.816 E546.93923
G1 X175.608 Y53.817 E548.23225
G1 X175.734 Y53.8 E548.24917
G1 X182.866 Y53.8 E549.19801
G1 X183.173 Y53.84 E549.2392
G1 X183.459 Y53.957 E549.28031
G1 X183.715 Y54.151 E549.32304
G1 X183.949 Y54.385 E549.36707
G1 X184.137 Y54.63 E549.40815
G1 X184.257 Y54.915 E549.4493
G1 X184.3 Y55.234 E549.49212
G1 X184.3 Y164.766 E564.06432
G1 X184.26 Y165.073 E564.1055
G1 X184.143 Y165.359 E564.14661
G1 X183.949 Y165.615 E564.18935
G1 X183.715 Y165.849 E564.23337
G1 X183.47 Y166.037 E564.27446
G1 X183.185 Y166.157 E564.3156
G1 X182.866 Y166.2 E564.35842
G1 X175.734 Y166.2 E565.30727
G1 X175.611 Y166.184 E565.32377
G1 X165.892 Y166.183 E566.61679
G1 X165.766 Y166.2 E566.63371
G1 X163.734 Y166.2 E566.90405
G1 X163.427 Y166.16 E566.94523
G1 X163.141 Y166.043 E566.98634
G1 X162.885 Y165.849 E567.02908
G1 X162.75 Y165.714 E567.05448
G1 X162.615 Y165.849 E567.07988
G1 X162.37 Y166.037 E567.12096
G1 X162.085 Y166.157 E567.1621
G1 X161.766 Y166.2 E567.20493
G1 X154.634 Y166.2 E568.15377
G1 X154.511 Y166.184 E568.17027
G1 X144.792 Y166.183 E569.4633
G1 X144.666 Y166.2 E569.48021
G1 X142.634 Y166.2 E569.75055
G1 X142.327 Y166.16 E569.79174
G1 X142.041 Y166.043 E569.83285
G1 X141.785 Y165.849 E569.87558
G1 X141.65 Y165.714 E569.90098
G1 X141.515 Y165.849 E569.92638
G1 X141.27 Y166.037 E569.96747
G1 X140.985 Y166.157 E570.00861
G1 X140.666 Y166.2 E570.05143
G1 X133.534 Y166.2 E571.00028
G1 X133.411 Y166.184 E571.01678
G1 X123.692 Y166.183 E572.3098
G1 X123.566 Y166.2 E572.32671
G1 X121.534 Y166.2 E572.59705
G1 X121.227 Y166.16 E572.63824
G1 X120.941 Y166.043 E572.67935
G1 X120.685 Y165.849 E572.72208
G1 X120.55 Y165.714 E572.74748
G1 X120.415 Y165.849 E572.77288
G1 X120.17 Y166.037 E572.81397
G1 X119.885 Y166.157 E572.85511
G1 X119.566 Y166.2 E572.89793
G1 X112.434 Y166.2 E573.84678
G1 X112.311 Y166.184 E573.86328
G1 X102.592 Y166.183 E575.1563
G1 X102.466 Y166.2 E575.17322
G1 X100.434 Y166.2 E575.44355
G1 X100.127 Y166.16 E575.48474
G1 X99.841 Y166.043 E575.52585
G1 X99.585 Y165.849 E575.56859
G1 X99.45 Y165.714 E575.59399
G1 X99.315 Y165.849 E575.61939
G1 X99.07 Y166.037 E575.66047
G1 X98.785 Y166.157 E575.70161
G1 X98.466 Y166.2 E575.74444
G1 X96.434 Y166.2 E576.01478
G1 X96.311 Y166.184 E576.03128
G1 X86.592 Y166.183 E577.3243
G1 X86.466 Y166.2 E577.34121
G1 X79.334 Y166.2 E578.29006
G1 X79.027 Y166.16 E578.33125
G1 X78.741 Y166.043 E578.37236
G1 X78.485 Y165.849 E578.41509
G1 X78.35 Y165.714 E578.44049
G1 X78.215 Y165.849 E578.46589
G1 X77.97 Y166.037 E578.50698
G1 X77.685 Y166.157 E578.54812
G1 X77.366 Y166.2 E578.59094
G1 X70.234 Y166.2 E579.53978
G1 X70.111 Y166.184 E579.55629
G1 X60.392 Y166.183 E580.84931
G1 X60.266 Y166.2 E580.86622
G1 X58.234 Y166.2 E581.13656
G1 X57.927 Y166.16 E581.17775
G1 X57.641 Y166.043 E581.21886
G1 X57.385 Y165.849 E581.26159
G1 X57.151 Y165.615 E581.30562
G1 X56.963 Y165.37 E581.34671
G1 X56.843 Y165.085 E581.38785
G1 X56.8 Y164.766 E581.43067
G1 X56.8 Y55.234 E596.00287
G1 X56.84 Y54.927 E596.04405
G1 X56.957 Y54.641 E596.08517
G1 X57.151 Y54.385 E596.1279
G0 F6000 X57.717 Y54.951
G1 F1200 X57.951 Y54.717 E596.17192
G1 X58.102 Y54.623 E596.19559
G1 X58.234 Y54.6 E596.21341
G1 X60.266 Y54.6 E596.48375
G1 X60.335 Y54.616 E596.49318
G1 X70.136 Y54.617 E597.79711
G1 X70.234 Y54.6 E597.81034
G1 X77.366 Y54.6 E598.75918
G1 X77.539 Y54.64 E598.78281
G1 X77.649 Y54.717 E598.80067
G1 X77.883 Y54.951 E598.8447
G1 X77.977 Y55.102 E598.86836
G1 X78 Y55.234 E598.88619
G1 X78 Y164.766 E613.45838
G1 X77.961 Y164.939 E613.48198
G1 X77.883 Y165.049 E613.49992
G1 X77.649 Y165.283 E613.54394
G1 X77.498 Y165.377 E613.56761
G1 X77.366 Y165.4 E613.58543
G1 X70.234 Y165.4 E614.53428
G1 X70.163 Y165.384 E614.54396
G1 X60.364 Y165.383 E615.84763
G1 X60.266 Y165.4 E615.86086
G1 X58.234 Y165.4 E616.1312
G1 X58.061 Y165.361 E616.15479
G1 X57.951 Y165.283 E616.17273
G1 X57.717 Y165.049 E616.21676
G1 X57.623 Y164.898 E616.24042
G1 X57.6 Y164.766 E616.25825
G1 X57.6 Y55.234 E630.83044
G1 X57.64 Y55.061 E630.85407
G1 X57.717 Y54.951 E630.87193
G1 F1500 E624.37193
G0 F6000 X57.96 Y54.339
G0 X77.64 Y54.339
G0 X78.261 Y54.96
G0 X78.265 Y55.234
G0 X78.7 Y55.234
G1 F1500 E630.87193
G1 F1200 X78.74 Y55.061 E630.89555
G1 X78.817 Y54.951 E630.91342
G1 X79.051 Y54.717 E630.95744
G1 X79.202 Y54.623 E630.98111
G1 X79.334 Y54.6 E630.99893
G1 X86.466 Y54.6 E631.94778
G1 X86.535 Y54.616 E631.9572
G1 X96.336 Y54.617 E633.26113
G1 X96.434 Y54.6 E633.27436
G1 X98.466 Y54.6 E633.5447
G1 X98.639 Y54.64 E633.56833
G1 X98.749 Y54.717 E633.58619
G1 X98.983 Y54.951 E633.63022
G1 X99.077 Y55.102 E633.65388
G1 X99.1 Y55.234 E633.67171
G1 X99.1 Y164.766 E648.2439
G1 X99.061 Y164.939 E648.2675
G1 X98.983 Y165.049 E648.28544
G1 X98.749 Y165.283 E648.32946
G1 X98.598 Y165.377 E648.35313
G1 X98.466 Y165.4 E648.37095
G1 X96.434 Y165.4 E648.64129
G1 X96.363 Y165.384 E648.65097
G1 X86.564 Y165.383 E649.95464
G1 X86.466 Y165.4 E649.96787
G1 X79.334 Y165.4 E650.91672
G1 X79.161 Y165.361 E650.94031
G1 X79.051 Y165.283 E650.95825
G1 X78.817 Y165.049 E651.00228
G1 X78.723 Y164.898 E651.02594
G1 X78.7 Y164.766 E651.04377
G1 X78.7 Y55.234 E665.61596
G1 F1500 E659.11596
G0 F6000 X78.435 Y55.234
G0 X78.439 Y54.96
G0 X79.06 Y54.339
G0 X98.74 Y54.339
G0 X99.361 Y54.96
G0 X99.365 Y55.234
G0 X99.8 Y55.234
G1 F1500 E665.61596
G1 F1200 X99.84 Y55.061 E665.63959
G1 X99.917 Y54.951 E665.65745
G1 X100.151 Y54.717 E665.70148
G1 X100.302 Y54.623 E665.72514
G1 X100.434 Y54.6 E665.74297
G1 X102.466 Y54.6 E666.0133
G1 X102.535 Y54.616 E666.02273
G1 X112.336 Y54.617 E667.32666
G1 X112.434 Y54.6 E667.33989
G1 X119.566 Y54.6 E668.28874
G1 X119.739 Y54.64 E668.31236
G1 X119.849 Y54.717 E668.33022
G1 X120.083 Y54.951 E668.37425
G1 X120.177 Y55.102 E668.39791
G1 X120.2 Y55.234 E668.41574
G1 X120.2 Y164.766 E682.98793
G1 X120.161 Y164.939 E683.01153
G1 X120.083 Y165.049 E683.02947
G1 X119.849 Y165.283 E683.0735
G1 X119.698 Y165.377 E683.09716
G1 X119.566 Y165.4 E683.11498
G1 X112.434 Y165.4 E684.06383
G1 X112.363 Y165.384 E684.07351
G1 X102.564 Y165.383 E685.37718
G1 X102.466 Y165.4 E685.39041
G1 X100.434 Y165.4 E685.66075
G1 X100.261 Y165.361 E685.68434
G1 X100.151 Y165.283 E685.70228
G1 X99.917 Y165.049 E685.74631
G1 X99.823 Y164.898 E685.76997
G1 X99.8 Y164.766 E685.7878
G1 X99.8 Y55.234 E700.35999
G1 F1500 E693.85999
G0 F6000 X99.535 Y55.234
G0 X99.539 Y54.96
G0 X100.16 Y54.339
G0 X119.84 Y54.339
G0 X120.461 Y54.96
G0 X120.465 Y55.234
G0 X120.9 Y55.234
G1 F1500 E700.35999
G1 F1200 X120.94 Y55.061 E700.38362
G1 X121.017 Y54.951 E700.40148
G1 X121.251 Y54.717 E700.44551
G1 X121.402 Y54.623 E700.46917
G1 X121.534 Y54.6 E700.487
G1 X123.566 Y54.6 E700.75734
G1 X123.635 Y54.616 E700.76676
G1 X133.436 Y54.617 E702.07069
G1 X133.534 Y54.6 E702.08392
G1 X140.666 Y54.6 E703.03277
G1 X140.839 Y54.64 E703.05639
G1 X140.949 Y54.717 E703.07425
G1 X141.183 Y54.951 E703.11828
G1 X141.277 Y55.102 E703.14194
G1 X141.3 Y55.234 E703.15977
G1 X141.3 Y164.766 E717.73197
G1 X141.261 Y164.939 E717.75556
G1 X141.183 Y165.049 E717.7735
G1 X140.949 Y165.283 E717.81753
G1 X140.798 Y165.377 E717.84119
G1 X140.666 Y165.4 E717.85902
G1 X133.534 Y165.4 E718.80786
G1 X133.463 Y165.384 E718.81754
G1 X123.664 Y165.383 E720.12121
G1 X123.566 Y165.4 E720.13444
G1 X121.534 Y165.4 E720.40478
G1 X121.361 Y165.361 E720.42837
G1 X121.251 Y165.283 E720.44631
G1 X121.017 Y165.049 E720.49034
G1 X120.923 Y164.898 E720.514
G1 X120.9 Y164.766 E720.53183
G1 X120.9 Y55.234 E735.10403
G1 F1500 E728.60403
G0 F6000 X120.635 Y55.234
G0 X120.639 Y54.96
G0 X121.26 Y54.339
G0 X140.94 Y54.339
G0 X141.561 Y54.96
G0 X141.565 Y55.234
G0 X142 Y55.234
G1 F1500 E735.10403
G1 F1200 X142.04 Y55.061 E735.12765
G1 X142.117 Y54.951 E735.14551
G1 X142.351 Y54.717 E735.18954
G1 X142.502 Y54.623 E735.2132
G1 X142.634 Y54.6 E735.23103
G1 X144.666 Y54.6 E735.50137
G1 X144.735 Y54.616 E735.51079
G1 X154.536 Y54.617 E736.81472
G1 X154.634 Y54.6 E736.82795
G1 X161.766 Y54.6 E737.7768
G1 X161.939 Y54.64 E737.80042
G1 X162.049 Y54.717 E737.81829
G1 X162.283 Y54.951 E737.86231
G1 X162.377 Y55.102 E737.88598
G1 X162.4 Y55.234 E737.9038
G1 X162.4 Y164.766 E752.476
G1 X162.361 Y164.939 E752.49959
G1 X162.283 Y165.049 E752.51753
G1 X162.049 Y165.283 E752.56156
G1 X161.898 Y165.377 E752.58522
G1 X161.766 Y165.4 E752.60305
G1 X154.634 Y165.4 E753.55189
G1 X154.563 Y165.384 E753.56158
G1 X144.764 Y165.383 E754.86524
G1 X144.666 Y165.4 E754.87847
G1 X142.634 Y165.4 E755.14881
G1 X142.461 Y165.361 E755.17241
G1 X142.351 Y165.283 E755.19035
G1 X142.117 Y165.049 E755.23437
G1 X142.023 Y164.898 E755.25804
G1 X142 Y164.766 E755.27586
G1 X142 Y55.234 E769.84806
G1 F1500 E763.34806
G0 F6000 X141.735 Y55.234
G0 X141.739 Y54.96
G0 X142.36 Y54.339
G0 X162.04 Y54.339
G0 X162.661 Y54.96
G0 X162.665 Y55.234
G0 X163.1 Y55.234
G1 F1500 E769.84806
G1 F1200 X163.14 Y55.061 E769.87168
G1 X163.217 Y54.951 E769.88955
G1 X163.451 Y54.717 E769.93357
G1 X163.602 Y54.623 E769.95724
G1 X163.734 Y54.6 E769.97506
G1 X165.766 Y54.6 E770.2454
G1 X165.835 Y54.616 E770.25482
G1 X175.636 Y54.617 E771.55875
G1 X175.734 Y54.6 E771.57199
G1 X182.866 Y54.6 E772.52083
G1 X183.039 Y54.64 E772.54445
G1 X183.149 Y54.717 E772.56232
G1 X183.383 Y54.951 E772.60635
G1 X183.477 Y55.102 E772.63001
G1 X183.5 Y55.234 E772.64783
G1 X183.5 Y164.766 E787.22003
G1 X183.461 Y164.939 E787.24362
G1 X183.383 Y165.049 E787.26156
G1 X183.149 Y165.283 E787.30559
G1 X182.998 Y165.377 E787.32926
G1 X182.866 Y165.4 E787.34708
G1 X175.734 Y165.4 E788.29593
G1 X175.663 Y165.384 E788.30561
G1 X165.864 Y165.383 E789.60927
G1 X165.766 Y165.4 E789.62251
G1 X163.734 Y165.4 E789.89284
G1 X163.561 Y165.361 E789.91644
G1 X163.451 Y165.283 E789.93438
G1 X163.217 Y165.049 E789.9784
G1 X163.123 Y164.898 E790.00207
G1 X163.1 Y164.766 E790.01989
G1 X163.1 Y55.234 E804.59209
G1 F1500 E798.09209
;MESH:zanza fissa prolunga mobile.stl(3)
G0 F6000 X162.665 Y55.234
G0 X162.661 Y54.96
G0 X162.04 Y54.339
G0 X79.06 Y54.339
G0 X78.439 Y54.96
G0 X78.265 Y55.814
G0 X76.786 Y55.814
G0 X76.7 Y164.13
G1 F1500 E804.59209
G0 F6000 X77.2 Y164.6
;TYPE:WALL-OUTER
G1 F1200 X70.4 Y164.6 E805.49677
G1 X70.4 Y164.584 E805.4989
G1 X60.1 Y164.583 E806.86921
G1 X60.1 Y164.6 E806.87147
G1 X58.4 Y164.6 E807.09764
G1 X58.4 Y55.4 E821.62567
G1 X60.1 Y55.4 E821.85184
G1 X60.1 Y55.416 E821.85397
G1 X70.4 Y55.417 E823.22429
G1 X70.4 Y55.4 E823.22655
G1 X77.2 Y55.4 E824.13122
G1 X77.2 Y164.6 E838.65925
G0 F6000 X76.73 Y164.13
G0 X76.4 Y163.8
;TYPE:WALL-INNER
G1 F1200 X71.2 Y163.8 E839.35106
G1 X71.2 Y163.784 E839.35319
G1 X59.3 Y163.783 E840.93637
G1 X59.2 Y163.8 E840.94987
G1 X59.2 Y163.783
G1 X59.2 Y56.216 E855.26064
G1 X59.2 Y56.2 E855.26277
G1 X59.3 Y56.216 E855.26974
G1 X71.2 Y56.217 E856.85292
G1 X71.2 Y56.2 E856.85518
G1 X76.4 Y56.2 E857.54699
G1 X76.4 Y163.8 E871.86215
G0 F6000 X75.6 Y163
G1 F1200 X72 Y163 E872.3411
G1 X72 Y162.984 E872.34323
G1 X60 Y162.983 E873.93972
G1 X60 Y57.415 E887.98454
G1 X60 Y57.016 E888.03762
G1 X60.399 Y57.016 E888.07195
G1 X72 Y57.017 E889.61535
G1 X72 Y57 E889.61761
G1 X75.6 Y57 E890.09656
G1 X75.6 Y163 E904.19886
G0 F6000 X75.29 Y162.21
G0 X74.81 Y162.21
;TYPE:SKIN
G1 F1200 X72.79 Y162.21 E904.4676
G1 X72.79 Y162.194 E904.46973
G1 X60.79 Y162.193 E906.06621
G1 X60.79 Y57.806 E919.95392
G1 X72.79 Y57.807 E921.5504
G1 X72.79 Y57.79 E921.55266
G1 X74.81 Y57.79 E921.82141
G1 X74.81 Y162.21 E935.7135
G0 F6000 X75.29 Y162.21
G0 X75.218 Y162.618
G0 X62.31 Y162.673
G0 X62.311 Y161.872
G1 F1200 X61.109 Y160.67 E935.93965
G0 F6000 X60.31 Y160.67
G0 X60.31 Y159.538
G0 X61.109 Y159.538
G1 F1200 X63.443 Y161.872 E936.37879
G0 F6000 X63.442 Y162.673
G0 X64.573 Y162.673
G0 X64.574 Y161.872
G1 F1200 X61.109 Y158.407 E937.03072
G0 F6000 X60.31 Y158.407
G0 X60.31 Y157.276
G0 X61.109 Y157.276
G1 F1200 X65.705 Y161.872 E937.89545
G0 F6000 X65.704 Y162.673
G0 X66.836 Y162.673
G0 X66.837 Y161.872
G1 F1200 X61.109 Y156.144 E938.97316
G0 F6000 X60.31 Y156.144
G0 X60.31 Y155.013
G0 X61.109 Y155.013
G1 F1200 X67.968 Y161.872 E940.26366
G0 F6000 X67.967 Y162.673
G0 X69.098 Y162.673
G0 X69.099 Y161.872
G1 F1200 X61.109 Y153.881 E941.76706
G0 F6000 X60.31 Y153.881
G0 X60.31 Y152.75
G0 X61.109 Y152.75
G1 F1200 X70.231 Y161.872 E943.48334
G0 F6000 X70.23 Y162.673
G0 X71.361 Y162.673
G0 X71.362 Y161.872
G1 F1200 X61.109 Y151.619 E945.41242
G0 F6000 X60.31 Y151.619
G0 X60.31 Y150.487
G0 X61.109 Y150.487
G1 F1200 X72.494 Y161.872 E947.55448
G0 F6000 X72.34 Y162.644
G0 X73.642 Y162.69
G0 X73.642 Y161.889
G1 F1200 X61.109 Y149.356 E949.91254
G0 F6000 X60.31 Y149.356
G0 X60.31 Y148.225
G0 X61.109 Y148.225
G1 F1200 X74.489 Y161.605 E952.42995
G0 F6000 X75.29 Y161.605
G0 X75.29 Y160.473
G0 X74.489 Y160.473
G1 F1200 X61.109 Y147.093 E954.94737
G0 F6000 X60.31 Y147.093
G0 X60.31 Y145.962
G0 X61.109 Y145.962
G1 F1200 X74.489 Y159.342 E957.46479
G0 F6000 X75.29 Y159.342
G0 X75.29 Y158.21
G0 X74.489 Y158.21
G1 F1200 X61.109 Y144.831 E959.98211
G0 F6000 X60.31 Y144.831
G0 X60.31 Y143.699
G0 X61.109 Y143.699
G1 F1200 X74.489 Y157.079 E962.49953
G0 F6000 X75.29 Y157.079
G0 X75.29 Y155.948
G0 X74.489 Y155.948
G1 F1200 X61.109 Y142.568 E965.01694
G0 F6000 X60.31 Y142.568
G0 X60.31 Y141.436
G0 X61.109 Y141.436
G1 F1200 X74.489 Y154.816 E967.53436
G0 F6000 X75.29 Y154.816
G0 X75.29 Y153.685
G0 X74.489 Y153.685
G1 F1200 X61.109 Y140.305 E970.05178
G0 F6000 X60.31 Y140.305
G0 X60.31 Y139.174
G0 X61.109 Y139.174
G1 F1200 X74.489 Y152.554 E972.56919
G0 F6000 X75.29 Y152.554
G0 X75.29 Y151.422
G0 X74.489 Y151.422
G1 F1200 X61.109 Y138.042 E975.08661
G0 F6000 X60.31 Y138.042
G0 X60.31 Y136.911
G0 X61.109 Y136.911
G1 F1200 X74.489 Y150.291 E977.60403
G0 F6000 X75.29 Y150.291
G0 X75.29 Y149.159
G0 X74.489 Y149.159
G1 F1200 X61.109 Y135.78 E980.12135
G0 F6000 X60.31 Y135.78
G0 X60.31 Y134.648
G0 X61.109 Y134.648
G1 F1200 X74.489 Y148.028 E982.63877
G0 F6000 X75.29 Y148.028
G0 X75.29 Y146.897
G0 X74.489 Y146.897
G1 F1200 X61.109 Y133.517 E985.15618
G0 F6000 X60.31 Y133.517
G0 X60.31 Y132.385
G0 X61.109 Y132.385
G1 F1200 X74.489 Y145.765 E987.6736
G0 F6000 X75.29 Y145.765
G0 X75.29 Y144.634
G0 X74.489 Y144.634
G1 F1200 X61.109 Y131.254 E990.19102
G0 F6000 X60.31 Y131.254
G0 X60.31 Y130.123
G0 X61.109 Y130.123
G1 F1200 X74.489 Y143.503 E992.70843
G0 F6000 X75.29 Y143.503
G0 X75.29 Y142.371
G0 X74.489 Y142.371
G1 F1200 X61.109 Y128.991 E995.22585
G0 F6000 X60.31 Y128.991
G0 X60.31 Y127.86
G0 X61.109 Y127.86
G1 F1200 X74.489 Y141.24 E997.74327
G0 F6000 X75.29 Y141.24
G0 X75.29 Y140.108
G0 X74.489 Y140.108
G1 F1200 X61.109 Y126.729 E1000.26059
G0 F6000 X60.31 Y126.729
G0 X60.31 Y125.597
G0 X61.109 Y125.597
G1 F1200 X74.489 Y138.977 E1002.77801
G0 F6000 X75.29 Y138.977
G0 X75.29 Y137.846
G0 X74.489 Y137.846
G1 F1200 X61.109 Y124.466 E1005.29542
G0 F6000 X60.31 Y124.466
G0 X60.31 Y123.334
G0 X61.109 Y123.334
G1 F1200 X74.489 Y136.714 E1007.81284
G0 F6000 X75.29 Y136.714
G0 X75.29 Y135.583
G0 X74.489 Y135.583
G1 F1200 X61.109 Y122.203 E1010.33026
G0 F6000 X60.31 Y122.203
G0 X60.31 Y121.072
G0 X61.109 Y121.072
G1 F1200 X74.489 Y134.452 E1012.84767
G0 F6000 X75.29 Y134.452
G0 X75.29 Y133.32
G0 X74.489 Y133.32
G1 F1200 X61.109 Y119.94 E1015.36509
G0 F6000 X60.31 Y119.94
G0 X60.31 Y118.809
G0 X61.109 Y118.809
G1 F1200 X74.489 Y132.189 E1017.88251
G0 F6000 X75.29 Y132.189
G0 X75.29 Y131.057
G0 X74.489 Y131.057
G1 F1200 X61.109 Y117.678 E1020.39983
G0 F6000 X60.31 Y117.678
G0 X60.31 Y116.546
G0 X61.109 Y116.546
G1 F1200 X74.489 Y129.926 E1022.91725
G0 F6000 X75.29 Y129.926
G0 X75.29 Y128.795
G0 X74.489 Y128.795
G1 F1200 X61.109 Y115.415 E1025.43466
G0 F6000 X60.31 Y115.415
G0 X60.31 Y114.284
G0 X61.109 Y114.284
G1 F1200 X74.489 Y127.663 E1027.95199
G0 F6000 X75.29 Y127.663
G0 X75.29 Y126.532
G0 X74.489 Y126.532
G1 F1200 X61.109 Y113.152 E1030.4694
G0 F6000 X60.31 Y113.152
G0 X60.31 Y112.021
G0 X61.109 Y112.021
G1 F1200 X74.489 Y125.401 E1032.98682
G0 F6000 X75.29 Y125.401
G0 X75.29 Y124.269
G0 X74.489 Y124.269
G1 F1200 X61.109 Y110.889 E1035.50424
G0 F6000 X60.31 Y110.889
G0 X60.31 Y109.758
G0 X61.109 Y109.758
G1 F1200 X74.489 Y123.138 E1038.02165
G0 F6000 X75.29 Y123.138
G0 X75.29 Y122.007
G0 X74.489 Y122.007
G1 F1200 X61.109 Y108.627 E1040.53907
G0 F6000 X60.31 Y108.627
G0 X60.31 Y107.495
G0 X61.109 Y107.495
G1 F1200 X74.489 Y120.875 E1043.05649
G0 F6000 X75.29 Y120.875
G0 X75.29 Y119.744
G0 X74.489 Y119.744
G1 F1200 X61.109 Y106.364 E1045.5739
G0 F6000 X60.31 Y106.364
G0 X60.31 Y105.233
G0 X61.109 Y105.233
G1 F1200 X74.489 Y118.612 E1048.09123
G0 F6000 X75.29 Y118.612
G0 X75.29 Y117.481
G0 X74.489 Y117.481
G1 F1200 X61.109 Y104.101 E1050.60864
G0 F6000 X60.31 Y104.101
G0 X60.31 Y102.97
G0 X61.109 Y102.97
G1 F1200 X74.489 Y116.35 E1053.12606
G0 F6000 X75.29 Y116.35
G0 X75.29 Y115.218
G0 X74.489 Y115.218
G1 F1200 X61.109 Y101.838 E1055.64348
G0 F6000 X60.31 Y101.838
G0 X60.31 Y100.707
G0 X61.109 Y100.707
G1 F1200 X74.489 Y114.087 E1058.16089
G0 F6000 X75.29 Y114.087
G0 X75.29 Y112.956
G0 X74.489 Y112.956
G1 F1200 X61.109 Y99.576 E1060.67831
G0 F6000 X60.31 Y99.576
G0 X60.31 Y98.444
G0 X61.109 Y98.444
G1 F1200 X74.489 Y111.824 E1063.19573
G0 F6000 X75.29 Y111.824
G0 X75.29 Y110.693
G0 X74.489 Y110.693
G1 F1200 X61.109 Y97.313 E1065.71314
G0 F6000 X60.31 Y97.313
G0 X60.31 Y96.182
G0 X61.109 Y96.182
G1 F1200 X74.489 Y109.561 E1068.23046
G0 F6000 X75.29 Y109.561
G0 X75.29 Y108.43
G0 X74.489 Y108.43
G1 F1200 X61.109 Y95.05 E1070.74788
G0 F6000 X60.31 Y95.05
G0 X60.31 Y93.919
G0 X61.109 Y93.919
G1 F1200 X74.489 Y107.299 E1073.2653
G0 F6000 X75.29 Y107.299
G0 X75.29 Y106.167
G0 X74.489 Y106.167
G1 F1200 X61.109 Y92.787 E1075.78271
G0 F6000 X60.31 Y92.787
G0 X60.31 Y91.656
G0 X61.109 Y91.656
G1 F1200 X74.489 Y105.036 E1078.30013
G0 F6000 X75.29 Y105.036
G0 X75.29 Y103.905
G0 X74.489 Y103.905
G1 F1200 X61.109 Y90.525 E1080.81755
G0 F6000 X60.31 Y90.525
G0 X60.31 Y89.393
G0 X61.109 Y89.393
G1 F1200 X74.489 Y102.773 E1083.33497
G0 F6000 X75.29 Y102.773
G0 X75.29 Y101.642
G0 X74.489 Y101.642
G1 F1200 X61.109 Y88.262 E1085.85238
G0 F6000 X60.31 Y88.262
G0 X60.31 Y87.131
G0 X61.109 Y87.131
G1 F1200 X74.489 Y100.51 E1088.3697
G0 F6000 X75.29 Y100.51
G0 X75.29 Y99.379
G0 X74.489 Y99.379
G1 F1200 X61.109 Y85.999 E1090.88712
G0 F6000 X60.31 Y85.999
G0 X60.31 Y84.868
G0 X61.109 Y84.868
G1 F1200 X74.489 Y98.248 E1093.40454
G0 F6000 X75.29 Y98.248
G0 X75.29 Y97.116
G0 X74.489 Y97.116
G1 F1200 X61.109 Y83.736 E1095.92195
G0 F6000 X60.31 Y83.736
G0 X60.31 Y82.605
G0 X61.109 Y82.605
G1 F1200 X74.489 Y95.985 E1098.43937
G0 F6000 X75.29 Y95.985
G0 X75.29 Y94.854
G0 X74.489 Y94.854
G1 F1200 X61.109 Y81.474 E1100.95679
G0 F6000 X60.31 Y81.474
G0 X60.31 Y80.342
G0 X61.109 Y80.342
G1 F1200 X74.489 Y93.722 E1103.4742
G0 F6000 X75.29 Y93.722
G0 X75.29 Y92.591
G0 X74.489 Y92.591
G1 F1200 X61.109 Y79.211 E1105.99162
G0 F6000 X60.31 Y79.211
G0 X60.31 Y78.08
G0 X61.109 Y78.08
G1 F1200 X74.489 Y91.46 E1108.50904
G0 F6000 X75.29 Y91.46
G0 X75.29 Y90.328
G0 X74.489 Y90.328
G1 F1200 X61.109 Y76.948 E1111.02645
G0 F6000 X60.31 Y76.948
G0 X60.31 Y75.817
G0 X61.109 Y75.817
G1 F1200 X74.489 Y89.197 E1113.54387
G0 F6000 X75.29 Y89.197
G0 X75.29 Y88.065
G0 X74.489 Y88.065
G1 F1200 X61.109 Y74.686 E1116.06119
G0 F6000 X60.31 Y74.686
G0 X60.31 Y73.554
G0 X61.109 Y73.554
G1 F1200 X74.489 Y86.934 E1118.57861
G0 F6000 X75.29 Y86.934
G0 X75.29 Y85.803
G0 X74.489 Y85.803
G1 F1200 X61.109 Y72.423 E1121.09603
G0 F6000 X60.31 Y72.423
G0 X60.31 Y71.291
G0 X61.109 Y71.291
G1 F1200 X74.489 Y84.671 E1123.61344
G0 F6000 X75.29 Y84.671
G0 X75.29 Y83.54
G0 X74.489 Y83.54
G1 F1200 X61.109 Y70.16 E1126.13086
G0 F6000 X60.31 Y70.16
G0 X60.31 Y69.029
G0 X61.109 Y69.029
G1 F1200 X74.489 Y82.409 E1128.64828
G0 F6000 X75.29 Y82.409
G0 X75.29 Y81.277
G0 X74.489 Y81.277
G1 F1200 X61.109 Y67.897 E1131.16569
G0 F6000 X60.31 Y67.897
G0 X60.31 Y66.766
G0 X61.109 Y66.766
G1 F1200 X74.489 Y80.146 E1133.68311
G0 F6000 X75.29 Y80.146
G0 X75.29 Y79.014
G0 X74.489 Y79.014
G1 F1200 X61.109 Y65.635 E1136.20043
G0 F6000 X60.31 Y65.635
G0 X60.31 Y64.503
G0 X61.109 Y64.503
G1 F1200 X74.489 Y77.883 E1138.71785
G0 F6000 X75.29 Y77.883
G0 X75.29 Y76.752
G0 X74.489 Y76.752
G1 F1200 X61.109 Y63.372 E1141.23527
G0 F6000 X60.31 Y63.372
G0 X60.31 Y62.24
G0 X61.109 Y62.24
G1 F1200 X74.489 Y75.62 E1143.75268
G0 F6000 X75.29 Y75.62
G0 X75.29 Y74.489
G0 X74.489 Y74.489
G1 F1200 X61.109 Y61.109 E1146.2701
G0 F6000 X60.31 Y61.109
G0 X60.31 Y59.978
G0 X61.109 Y59.978
G1 F1200 X74.489 Y73.358 E1148.78752
G0 F6000 X75.29 Y73.358
G0 X75.29 Y72.226
G0 X74.489 Y72.226
G1 F1200 X61.109 Y58.846 E1151.30493
G0 F6000 X61.52 Y58.126
G1 F1200 X74.489 Y71.095 E1153.74502
G0 F6000 X75.29 Y71.095
G0 X75.29 Y69.963
G0 X74.489 Y69.963
G1 F1200 X62.651 Y58.126 E1155.97222
G0 F6000 X62.652 Y57.327
G0 X63.784 Y57.327
G0 X63.783 Y58.126
G1 F1200 X74.489 Y68.832 E1157.98653
G0 F6000 X75.29 Y68.832
G0 X75.29 Y67.701
G0 X74.489 Y67.701
G1 F1200 X64.914 Y58.126 E1159.78805
G0 F6000 X64.915 Y57.327
G0 X66.046 Y57.327
G0 X66.045 Y58.126
G1 F1200 X74.489 Y66.569 E1161.37667
G0 F6000 X75.29 Y66.569
G0 X75.29 Y65.438
G0 X74.489 Y65.438
G1 F1200 X67.177 Y58.127 E1162.75231
G0 F6000 X67.178 Y57.327
G0 X68.31 Y57.327
G0 X68.309 Y58.127
G1 F1200 X74.489 Y64.307 E1163.91507
G0 F6000 X75.29 Y64.307
G0 X75.29 Y63.175
G0 X74.489 Y63.175
G1 F1200 X69.44 Y58.127 E1164.86493
G0 F6000 X69.441 Y57.327
G0 X70.573 Y57.327
G0 X70.572 Y58.127
G1 F1200 X74.489 Y62.044 E1165.6019
G0 F6000 X75.29 Y62.044
G0 X75.29 Y60.913
G0 X74.489 Y60.913
G1 F1200 X71.703 Y58.127 E1166.12608
G0 F6000 X71.704 Y57.327
G0 X72.834 Y57.31
G0 X72.834 Y58.127
G1 F1200 X74.489 Y59.781 E1166.43737
G0 F6000 X75.29 Y59.781
G0 X75.29 Y58.65
G0 X74.489 Y58.65
G1 F1200 X73.949 Y58.11 E1166.53897
G0 F6000 X73.949 Y57.31
G0 X59.762 Y55.916
G0 X59.763 Y55.804
;TYPE:SKIN
G1 F1200 X59.695 Y55.735 E1166.54542
G1 F1500 E1160.04542
G0 F6000 X59.695 Y55.9
G0 X59.45 Y164.1
G1 F1500 E1166.54542
G0 F6000 X59.45 Y164.102
G1 F1200 X59.612 Y164.264 E1166.56066
G0 F6000 X59.135 Y163.618
G1 F1500 E1160.06066
;MESH:zanza fissa prolunga mobile.stl(2)
G0 F6000 X76.78 Y164.13
G0 X79.92 Y164.13
G0 X97.8 Y164.13
G1 F1500 E1166.56066
G0 F6000 X98.3 Y164.6
;TYPE:WALL-OUTER
G1 F1200 X96.6 Y164.6 E1166.78683
G1 X96.6 Y164.584 E1166.78896
G1 X86.3 Y164.583 E1168.15927
G1 X86.3 Y164.6 E1168.16154
G1 X79.5 Y164.6 E1169.06621
G1 X79.5 Y55.4 E1183.59424
G1 X86.3 Y55.4 E1184.49891
G1 X86.3 Y55.416 E1184.50104
G1 X96.6 Y55.417 E1185.87136
G1 X96.6 Y55.4 E1185.87362
G1 X98.3 Y55.4 E1186.09979
G1 X98.3 Y164.6 E1200.62782
G0 F6000 X97.83 Y164.13
G0 X97.5 Y163.8
;TYPE:WALL-INNER
G1 F1200 X97.4 Y163.784 E1200.64129
G1 X85.5 Y163.783 E1202.22447
G1 X85.5 Y163.8 E1202.22673
G1 X80.3 Y163.8 E1202.91855
G1 X80.3 Y56.2 E1217.23371
G1 X85.5 Y56.2 E1217.92552
G1 X85.5 Y56.216 E1217.92765
G1 X97.4 Y56.217 E1219.51083
G1 X97.5 Y56.2 E1219.52432
G1 X97.5 Y56.217
G1 X97.5 Y163.784 E1233.82887
G1 X97.5 Y163.8
G0 F6000 X96.7 Y162.984
G1 F1200 X96.301 Y162.984 E1233.88195
G1 X84.7 Y162.983 E1235.42535
G1 X84.7 Y163 E1235.42761
G1 X81.1 Y163 E1235.90656
G1 X81.1 Y57 E1250.00886
G1 X84.7 Y57 E1250.4878
G1 X84.7 Y57.016 E1250.48993
G1 X96.7 Y57.017 E1252.08642
G1 X96.7 Y162.585 E1266.13124
G1 X96.7 Y162.984 E1266.16557
G0 F6000 X95.909 Y162.673
G0 X95.91 Y162.194
;TYPE:SKIN
G1 F1200 X83.91 Y162.193 E1267.76205
G1 X83.91 Y162.21 E1267.76431
G1 X81.89 Y162.21 E1268.03306
G1 X81.89 Y57.79 E1281.92515
G1 X83.91 Y57.79 E1282.19389
G1 X83.91 Y57.806 E1282.19602
G1 X95.91 Y57.807 E1283.79251
G1 X95.91 Y162.194 E1297.68021
G0 F6000 X95.909 Y162.673
G0 X82.693 Y162.69
G0 X82.693 Y161.889
G1 F1200 X82.209 Y161.405 E1297.77127
G0 F6000 X81.41 Y161.405
G0 X81.41 Y160.274
G0 X82.209 Y160.274
G1 F1200 X83.807 Y161.872 E1298.07193
G0 F6000 X83.807 Y162.69
G0 X84.938 Y162.673
G0 X84.939 Y161.872
G1 F1200 X82.209 Y159.142 E1298.58558
G0 F6000 X81.41 Y159.142
G0 X81.41 Y158.011
G0 X82.209 Y158.011
G1 F1200 X86.07 Y161.872 E1299.31201
G0 F6000 X86.069 Y162.673
G0 X87.2 Y162.673
G0 X87.201 Y161.872
G1 F1200 X82.209 Y156.88 E1300.25125
G0 F6000 X81.41 Y156.88
G0 X81.41 Y155.748
G0 X82.209 Y155.748
G1 F1200 X88.333 Y161.872 E1301.40346
G0 F6000 X88.332 Y162.673
G0 X89.463 Y162.673
G0 X89.464 Y161.872
G1 F1200 X82.209 Y154.617 E1302.76848
G0 F6000 X81.41 Y154.617
G0 X81.41 Y153.486
G0 X82.209 Y153.486
G1 F1200 X90.595 Y161.872 E1304.34628
G0 F6000 X90.594 Y162.673
G0 X91.726 Y162.673
G0 X91.727 Y161.872
G1 F1200 X82.209 Y152.354 E1306.13707
G0 F6000 X81.41 Y152.354
G0 X81.41 Y151.223
G0 X82.209 Y151.223
G1 F1200 X92.858 Y161.872 E1308.14066
G0 F6000 X92.857 Y162.673
G0 X93.989 Y162.673
G0 X93.99 Y161.872
G1 F1200 X82.209 Y150.091 E1310.35723
G0 F6000 X81.41 Y150.091
G0 X81.41 Y148.96
G0 X82.209 Y148.96
G1 F1200 X95.121 Y161.872 E1312.78659
G0 F6000 X95.59 Y161.209
G1 F1200 X82.209 Y147.829 E1315.3041
G0 F6000 X81.41 Y147.829
G0 X81.41 Y146.697
G0 X82.209 Y146.697
G1 F1200 X95.59 Y160.078 E1317.82171
G0 F6000 X96.39 Y160.078
G0 X96.39 Y158.946
G0 X95.59 Y158.946
G1 F1200 X82.209 Y145.566 E1320.33922
G0 F6000 X81.41 Y145.566
G0 X81.41 Y144.435
G0 X82.209 Y144.435
G1 F1200 X95.59 Y157.815 E1322.85673
G0 F6000 X96.39 Y157.815
G0 X96.39 Y156.684
G0 X95.59 Y156.684
G1 F1200 X82.209 Y143.303 E1325.37433
G0 F6000 X81.41 Y143.303
G0 X81.41 Y142.172
G0 X82.209 Y142.172
G1 F1200 X95.59 Y155.552 E1327.89184
G0 F6000 X96.39 Y155.552
G0 X96.39 Y154.421
G0 X95.59 Y154.421
G1 F1200 X82.209 Y141.04 E1330.40945
G0 F6000 X81.41 Y141.04
G0 X81.41 Y139.909
G0 X82.209 Y139.909
G1 F1200 X95.59 Y153.29 E1332.92705
G0 F6000 X96.39 Y153.29
G0 X96.39 Y152.158
G0 X95.59 Y152.158
G1 F1200 X82.209 Y138.778 E1335.44456
G0 F6000 X81.41 Y138.778
G0 X81.41 Y137.646
G0 X82.209 Y137.646
G1 F1200 X95.59 Y151.027 E1337.96217
G0 F6000 X96.39 Y151.027
G0 X96.39 Y149.896
G0 X95.59 Y149.896
G1 F1200 X82.209 Y136.515 E1340.47977
G0 F6000 X81.41 Y136.515
G0 X81.41 Y135.384
G0 X82.209 Y135.384
G1 F1200 X95.59 Y148.764 E1342.99728
G0 F6000 X96.39 Y148.764
G0 X96.39 Y147.633
G0 X95.59 Y147.633
G1 F1200 X82.209 Y134.252 E1345.51489
G0 F6000 X81.41 Y134.252
G0 X81.41 Y133.121
G0 X82.209 Y133.121
G1 F1200 X95.59 Y146.501 E1348.0324
G0 F6000 X96.39 Y146.501
G0 X96.39 Y145.37
G0 X95.59 Y145.37
G1 F1200 X82.209 Y131.989 E1350.55001
G0 F6000 X81.41 Y131.989
G0 X81.41 Y130.858
G0 X82.209 Y130.858
G1 F1200 X95.59 Y144.239 E1353.06761
G0 F6000 X96.39 Y144.239
G0 X96.39 Y143.107
G0 X95.59 Y143.107
G1 F1200 X82.209 Y129.727 E1355.58512
G0 F6000 X81.41 Y129.727
G0 X81.41 Y128.595
G0 X82.209 Y128.595
G1 F1200 X95.59 Y141.976 E1358.10273
G0 F6000 X96.39 Y141.976
G0 X96.39 Y140.845
G0 X95.59 Y140.845
G1 F1200 X82.209 Y127.464 E1360.62033
G0 F6000 X81.41 Y127.464
G0 X81.41 Y126.333
G0 X82.209 Y126.333
G1 F1200 X95.59 Y139.713 E1363.13784
G0 F6000 X96.39 Y139.713
G0 X96.39 Y138.582
G0 X95.59 Y138.582
G1 F1200 X82.209 Y125.201 E1365.65545
G0 F6000 X81.41 Y125.201
G0 X81.41 Y124.07
G0 X82.209 Y124.07
G1 F1200 X95.59 Y137.45 E1368.17296
G0 F6000 X96.39 Y137.45
G0 X96.39 Y136.319
G0 X95.59 Y136.319
G1 F1200 X82.209 Y122.938 E1370.69056
G0 F6000 X81.41 Y122.938
G0 X81.41 Y121.807
G0 X82.209 Y121.807
G1 F1200 X95.59 Y135.188 E1373.20817
G0 F6000 X96.39 Y135.188
G0 X96.39 Y134.056
G0 X95.59 Y134.056
G1 F1200 X82.209 Y120.676 E1375.72568
G0 F6000 X81.41 Y120.676
G0 X81.41 Y119.544
G0 X82.209 Y119.544
G1 F1200 X95.59 Y132.925 E1378.24328
G0 F6000 X96.39 Y132.925
G0 X96.39 Y131.794
G0 X95.59 Y131.794
G1 F1200 X82.209 Y118.413 E1380.76089
G0 F6000 X81.41 Y118.413
G0 X81.41 Y117.282
G0 X82.209 Y117.282
G1 F1200 X95.59 Y130.662 E1383.2784
G0 F6000 X96.39 Y130.662
G0 X96.39 Y129.531
G0 X95.59 Y129.531
G1 F1200 X82.209 Y116.15 E1385.796
G0 F6000 X81.41 Y116.15
G0 X81.41 Y115.019
G0 X82.209 Y115.019
G1 F1200 X95.59 Y128.399 E1388.31351
G0 F6000 X96.39 Y128.399
G0 X96.39 Y127.268
G0 X95.59 Y127.268
G1 F1200 X82.209 Y113.888 E1390.83102
G0 F6000 X81.41 Y113.888
G0 X81.41 Y112.756
G0 X82.209 Y112.756
G1 F1200 X95.59 Y126.137 E1393.34863
G0 F6000 X96.39 Y126.137
G0 X96.39 Y125.005
G0 X95.59 Y125.005
G1 F1200 X82.209 Y111.625 E1395.86614
G0 F6000 X81.41 Y111.625
G0 X81.41 Y110.493
G0 X82.209 Y110.493
G1 F1200 X95.59 Y123.874 E1398.38374
G0 F6000 X96.39 Y123.874
G0 X96.39 Y122.743
G0 X95.59 Y122.743
G1 F1200 X82.209 Y109.362 E1400.90135
G0 F6000 X81.41 Y109.362
G0 X81.41 Y108.231
G0 X82.209 Y108.231
G1 F1200 X95.59 Y121.611 E1403.41886
G0 F6000 X96.39 Y121.611
G0 X96.39 Y120.48
G0 X95.59 Y120.48
G1 F1200 X82.209 Y107.099 E1405.93647
G0 F6000 X81.41 Y107.099
G0 X81.41 Y105.968
G0 X82.209 Y105.968
G1 F1200 X95.59 Y119.349 E1408.45407
G0 F6000 X96.39 Y119.349
G0 X96.39 Y118.217
G0 X95.59 Y118.217
G1 F1200 X82.209 Y104.837 E1410.97158
G0 F6000 X81.41 Y104.837
G0 X81.41 Y103.705
G0 X82.209 Y103.705
G1 F1200 X95.59 Y117.086 E1413.48919
G0 F6000 X96.39 Y117.086
G0 X96.39 Y115.954
G0 X95.59 Y115.954
G1 F1200 X82.209 Y102.574 E1416.0067
G0 F6000 X81.41 Y102.574
G0 X81.41 Y101.442
G0 X82.209 Y101.442
G1 F1200 X95.59 Y114.823 E1418.5243
G0 F6000 X96.39 Y114.823
G0 X96.39 Y113.692
G0 X95.59 Y113.692
G1 F1200 X82.209 Y100.311 E1421.04191
G0 F6000 X81.41 Y100.311
G0 X81.41 Y99.18
G0 X82.209 Y99.18
G1 F1200 X95.59 Y112.56 E1423.55942
G0 F6000 X96.39 Y112.56
G0 X96.39 Y111.429
G0 X95.59 Y111.429
G1 F1200 X82.209 Y98.048 E1426.07702
G0 F6000 X81.41 Y98.048
G0 X81.41 Y96.917
G0 X82.209 Y96.917
G1 F1200 X95.59 Y110.298 E1428.59463
G0 F6000 X96.39 Y110.298
G0 X96.39 Y109.166
G0 X95.59 Y109.166
G1 F1200 X82.209 Y95.786 E1431.11214
G0 F6000 X81.41 Y95.786
G0 X81.41 Y94.654
G0 X82.209 Y94.654
G1 F1200 X95.59 Y108.035 E1433.62974
G0 F6000 X96.39 Y108.035
G0 X96.39 Y106.903
G0 X95.59 Y106.903
G1 F1200 X82.209 Y93.523 E1436.14725
G0 F6000 X81.41 Y93.523
G0 X81.41 Y92.391
G0 X82.209 Y92.391
G1 F1200 X95.59 Y105.772 E1438.66486
G0 F6000 X96.39 Y105.772
G0 X96.39 Y104.641
G0 X95.59 Y104.641
G1 F1200 X82.209 Y91.26 E1441.18246
G0 F6000 X81.41 Y91.26
G0 X81.41 Y90.129
G0 X82.209 Y90.129
G1 F1200 X95.59 Y103.509 E1443.69997
G0 F6000 X96.39 Y103.509
G0 X96.39 Y102.378
G0 X95.59 Y102.378
G1 F1200 X82.209 Y88.997 E1446.21758
G0 F6000 X81.41 Y88.997
G0 X81.41 Y87.866
G0 X82.209 Y87.866
G1 F1200 X95.59 Y101.247 E1448.73518
G0 F6000 X96.39 Y101.247
G0 X96.39 Y100.115
G0 X95.59 Y100.115
G1 F1200 X82.209 Y86.735 E1451.25269
G0 F6000 X81.41 Y86.735
G0 X81.41 Y85.603
G0 X82.209 Y85.603
G1 F1200 X95.59 Y98.984 E1453.7703
G0 F6000 X96.39 Y98.984
G0 X96.39 Y97.852
G0 X95.59 Y97.852
G1 F1200 X82.209 Y84.472 E1456.28781
G0 F6000 X81.41 Y84.472
G0 X81.41 Y83.341
G0 X82.209 Y83.341
G1 F1200 X95.59 Y96.721 E1458.80532
G0 F6000 X96.39 Y96.721
G0 X96.39 Y95.59
G0 X95.59 Y95.59
G1 F1200 X82.209 Y82.209 E1461.32293
G0 F6000 X81.41 Y82.209
G0 X81.41 Y81.078
G0 X82.209 Y81.078
G1 F1200 X95.59 Y94.458 E1463.84044
G0 F6000 X96.39 Y94.458
G0 X96.39 Y93.327
G0 X95.59 Y93.327
G1 F1200 X82.209 Y79.946 E1466.35804
G0 F6000 X81.41 Y79.946
G0 X81.41 Y78.815
G0 X82.209 Y78.815
G1 F1200 X95.59 Y92.196 E1468.87565
G0 F6000 X96.39 Y92.196
G0 X96.39 Y91.064
G0 X95.59 Y91.064
G1 F1200 X82.209 Y77.684 E1471.39316
G0 F6000 X81.41 Y77.684
G0 X81.41 Y76.552
G0 X82.209 Y76.552
G1 F1200 X95.59 Y89.933 E1473.91076
G0 F6000 X96.39 Y89.933
G0 X96.39 Y88.802
G0 X95.59 Y88.802
G1 F1200 X82.209 Y75.421 E1476.42837
G0 F6000 X81.41 Y75.421
G0 X81.41 Y74.29
G0 X82.209 Y74.29
G1 F1200 X95.59 Y87.67 E1478.94588
G0 F6000 X96.39 Y87.67
G0 X96.39 Y86.539
G0 X95.59 Y86.539
G1 F1200 X82.209 Y73.158 E1481.46348
G0 F6000 X81.41 Y73.158
G0 X81.41 Y72.027
G0 X82.209 Y72.027
G1 F1200 X95.59 Y85.407 E1483.98099
G0 F6000 X96.39 Y85.407
G0 X96.39 Y84.276
G0 X95.59 Y84.276
G1 F1200 X82.209 Y70.895 E1486.4986
G0 F6000 X81.41 Y70.895
G0 X81.41 Y69.764
G0 X82.209 Y69.764
G1 F1200 X95.59 Y83.145 E1489.0162
G0 F6000 X96.39 Y83.145
G0 X96.39 Y82.013
G0 X95.59 Y82.013
G1 F1200 X82.209 Y68.633 E1491.53371
G0 F6000 X81.41 Y68.633
G0 X81.41 Y67.501
G0 X82.209 Y67.501
G1 F1200 X95.59 Y80.882 E1494.05132
G0 F6000 X96.39 Y80.882
G0 X96.39 Y79.751
G0 X95.59 Y79.751
G1 F1200 X82.209 Y66.37 E1496.56892
G0 F6000 X81.41 Y66.37
G0 X81.41 Y65.239
G0 X82.209 Y65.239
G1 F1200 X95.59 Y78.619 E1499.08643
G0 F6000 X96.39 Y78.619
G0 X96.39 Y77.488
G0 X95.59 Y77.488
G1 F1200 X82.209 Y64.107 E1501.60404
G0 F6000 X81.41 Y64.107
G0 X81.41 Y62.976
G0 X82.209 Y62.976
G1 F1200 X95.59 Y76.356 E1504.12155
G0 F6000 X96.39 Y76.356
G0 X96.39 Y75.225
G0 X95.59 Y75.225
G1 F1200 X82.209 Y61.844 E1506.63915
G0 F6000 X81.41 Y61.844
G0 X81.41 Y60.713
G0 X82.209 Y60.713
G1 F1200 X95.59 Y74.094 E1509.15676
G0 F6000 X96.39 Y74.094
G0 X96.39 Y72.962
G0 X95.59 Y72.962
G1 F1200 X82.209 Y59.582 E1511.67427
G0 F6000 X81.41 Y59.582
G0 X81.41 Y58.45
G0 X82.209 Y58.45
G1 F1200 X95.59 Y71.831 E1514.19188
G0 F6000 X96.39 Y71.831
G0 X96.39 Y70.7
G0 X95.59 Y70.7
G1 F1200 X83 Y58.11 E1516.56066
G0 F6000 X83 Y57.31
G0 X84.36 Y57.356
G0 X84.148 Y58.127
G1 F1200 X95.59 Y69.568 E1518.71335
G0 F6000 X96.39 Y69.568
G0 X96.39 Y68.437
G0 X95.59 Y68.437
G1 F1200 X85.279 Y58.127 E1520.65324
G0 F6000 X85.28 Y57.327
G0 X86.412 Y57.327
G0 X86.411 Y58.127
G1 F1200 X95.59 Y67.305 E1522.38016
G0 F6000 X96.39 Y67.305
G0 X96.39 Y66.174
G0 X95.59 Y66.174
G1 F1200 X87.542 Y58.127 E1523.89428
G0 F6000 X87.543 Y57.327
G0 X88.675 Y57.327
G0 X88.674 Y58.127
G1 F1200 X95.59 Y65.043 E1525.19551
G0 F6000 X96.39 Y65.043
G0 X96.39 Y63.911
G0 X95.59 Y63.911
G1 F1200 X89.805 Y58.127 E1526.28385
G0 F6000 X89.806 Y57.327
G0 X90.937 Y57.327
G0 X90.936 Y58.127
G1 F1200 X95.59 Y62.78 E1527.15939
G0 F6000 X96.39 Y62.78
G0 X96.39 Y61.649
G0 X95.59 Y61.649
G1 F1200 X92.068 Y58.127 E1527.82205
G0 F6000 X92.069 Y57.327
G0 X93.2 Y57.327
G0 X93.199 Y58.127
G1 F1200 X95.59 Y60.517 E1528.27182
G0 F6000 X96.39 Y60.517
G0 X96.39 Y59.386
G0 X95.59 Y59.386
G1 F1200 X94.33 Y58.127 E1528.50879
G0 F6000 X94.331 Y57.327
G0 X95.463 Y57.327
G0 X95.462 Y58.127
G1 F1200 X95.59 Y58.254 E1528.53278
G0 F6000 X96.39 Y58.254
G0 X97.191 Y55.9
G0 X97.191 Y55.896
;TYPE:SKIN
G1 F1200 X97.029 Y55.734 E1528.54802
G1 F1500 E1522.04802
G0 F6000 X97.029 Y55.9
G0 X97.352 Y164.1
G1 F1500 E1528.54802
G0 F6000 X97.352 Y164.103
G1 F1200 X97.453 Y164.204 E1528.55752
G0 F6000 X97.1 Y163.4
G1 F1500 E1522.05752
;MESH:zanza fissa prolunga mobile.stl
G0 F6000 X97.88 Y164.084
G0 X101.02 Y164.084
G0 X112.601 Y164.084
G1 F1500 E1528.55752
G0 F6000 X112.6 Y164.584
;TYPE:WALL-OUTER
G1 F1200 X102.3 Y164.583 E1529.92784
G1 X102.3 Y164.6 E1529.9301
G1 X100.6 Y164.6 E1530.15627
G1 X100.6 Y55.4 E1544.68429
G1 X102.3 Y55.4 E1544.91046
G1 X102.3 Y55.416 E1544.91259
G1 X112.6 Y55.417 E1546.28291
G1 X112.6 Y55.4 E1546.28517
G1 X119.4 Y55.4 E1547.18985
G1 X119.4 Y164.6 E1561.71787
G1 X112.6 Y164.6 E1562.62255
G1 X112.6 Y164.584 E1562.62468
G0 F6000 X113.222 Y163.72
G0 X113.4 Y163.8
;TYPE:WALL-INNER
G1 F1200 X113.4 Y163.784 E1562.62681
G1 X101.5 Y163.783 E1564.20999
G1 X101.4 Y163.8 E1564.22348
G1 X101.4 Y163.783
G1 X101.4 Y56.216 E1578.53426
G1 X101.4 Y56.2 E1578.53638
G1 X101.5 Y56.216 E1578.54336
G1 X113.4 Y56.217 E1580.12654
G1 X113.4 Y56.2 E1580.1288
G1 X118.6 Y56.2 E1580.82061
G1 X118.6 Y163.8 E1595.13577
G1 X113.4 Y163.8 E1595.82758
G0 F6000 X114.2 Y163
G1 F1200 X114.2 Y162.984 E1595.82971
G1 X102.2 Y162.983 E1597.4262
G1 X102.2 Y57.415 E1611.47102
G1 X102.2 Y57.016 E1611.52411
G1 X102.599 Y57.016 E1611.55843
G1 X114.2 Y57.017 E1613.10183
G1 X114.2 Y57 E1613.10409
G1 X117.8 Y57 E1613.58304
G1 X117.8 Y163 E1627.68534
G1 X114.2 Y163 E1628.16428
G0 F6000 X114.99 Y162.69
G0 X114.99 Y162.21
;TYPE:SKIN
G1 F1200 X114.99 Y162.194 E1628.16641
G1 X102.99 Y162.193 E1629.7629
G1 X102.99 Y57.806 E1643.6506
G1 X114.99 Y57.807 E1645.24709
G1 X114.99 Y57.79 E1645.24935
G1 X117.01 Y57.79 E1645.51809
G1 X117.01 Y162.21 E1659.41019
G1 X114.99 Y162.21 E1659.67893
G0 F6000 X114.99 Y162.69
G0 X104.171 Y162.673
G0 X104.172 Y161.872
G1 F1200 X103.309 Y161.008 E1659.84139
G0 F6000 X102.51 Y161.008
G0 X102.51 Y159.877
G0 X103.309 Y159.877
G1 F1200 X105.303 Y161.872 E1660.21665
G0 F6000 X105.302 Y162.673
G0 X106.434 Y162.673
G0 X106.435 Y161.872
G1 F1200 X103.309 Y158.746 E1660.8048
G0 F6000 X102.51 Y158.746
G0 X102.51 Y157.614
G0 X103.309 Y157.614
G1 F1200 X107.566 Y161.872 E1661.60584
G0 F6000 X107.565 Y162.673
G0 X108.696 Y162.673
G0 X108.697 Y161.872
G1 F1200 X103.309 Y156.483 E1662.61968
G0 F6000 X102.51 Y156.483
G0 X102.51 Y155.352
G0 X103.309 Y155.352
G1 F1200 X109.829 Y161.872 E1663.8464
G0 F6000 X109.828 Y162.673
G0 X110.959 Y162.673
G0 X110.96 Y161.872
G1 F1200 X103.309 Y154.22 E1665.28601
G0 F6000 X102.51 Y154.22
G0 X102.51 Y153.089
G0 X103.309 Y153.089
G1 F1200 X112.091 Y161.872 E1666.93842
G0 F6000 X112.09 Y162.673
G0 X113.222 Y162.673
G0 X113.223 Y161.872
G1 F1200 X103.309 Y151.957 E1668.80381
G0 F6000 X102.51 Y151.957
G0 X102.51 Y150.826
G0 X103.309 Y150.826
G1 F1200 X114.354 Y161.872 E1670.882
G0 F6000 X114.353 Y162.673
G0 X115.503 Y162.69
G0 X115.503 Y161.889
G1 F1200 X103.309 Y149.695 E1673.17627
G0 F6000 X102.51 Y149.695
G0 X102.51 Y148.563
G0 X103.309 Y148.563
G1 F1200 X116.634 Y161.889 E1675.68343
G0 F6000 X116.634 Y162.69
G0 X117.418 Y162.618
G0 X117.49 Y160.813
G0 X116.689 Y160.813
G1 F1200 X103.309 Y147.432 E1678.20094
G0 F6000 X102.51 Y147.432
G0 X102.51 Y146.301
G0 X103.309 Y146.301
G1 F1200 X116.689 Y159.681 E1680.71836
G0 F6000 X117.49 Y159.681
G0 X117.49 Y158.55
G0 X116.689 Y158.55
G1 F1200 X103.309 Y145.169 E1683.23587
G0 F6000 X102.51 Y145.169
G0 X102.51 Y144.038
G0 X103.309 Y144.038
G1 F1200 X116.689 Y157.418 E1685.75329
G0 F6000 X117.49 Y157.418
G0 X117.49 Y156.287
G0 X116.689 Y156.287
G1 F1200 X103.309 Y142.906 E1688.2708
G0 F6000 X102.51 Y142.906
G0 X102.51 Y141.775
G0 X103.309 Y141.775
G1 F1200 X116.689 Y155.156 E1690.78831
G0 F6000 X117.49 Y155.156
G0 X117.49 Y154.024
G0 X116.689 Y154.024
G1 F1200 X103.309 Y140.644 E1693.30573
G0 F6000 X102.51 Y140.644
G0 X102.51 Y139.512
G0 X103.309 Y139.512
G1 F1200 X116.689 Y152.893 E1695.82324
G0 F6000 X117.49 Y152.893
G0 X117.49 Y151.762
G0 X116.689 Y151.762
G1 F1200 X103.309 Y138.381 E1698.34075
G0 F6000 X102.51 Y138.381
G0 X102.51 Y137.25
G0 X103.309 Y137.25
G1 F1200 X116.689 Y150.63 E1700.85816
G0 F6000 X117.49 Y150.63
G0 X117.49 Y149.499
G0 X116.689 Y149.499
G1 F1200 X103.309 Y136.118 E1703.37567
G0 F6000 X102.51 Y136.118
G0 X102.51 Y134.987
G0 X103.309 Y134.987
G1 F1200 X116.689 Y148.367 E1705.89309
G0 F6000 X117.49 Y148.367
G0 X117.49 Y147.236
G0 X116.689 Y147.236
G1 F1200 X103.309 Y133.856 E1708.41051
G0 F6000 X102.51 Y133.856
G0 X102.51 Y132.724
G0 X103.309 Y132.724
G1 F1200 X116.689 Y146.105 E1710.92802
G0 F6000 X117.49 Y146.105
G0 X117.49 Y144.973
G0 X116.689 Y144.973
G1 F1200 X103.309 Y131.593 E1713.44544
G0 F6000 X102.51 Y131.593
G0 X102.51 Y130.461
G0 X103.309 Y130.461
G1 F1200 X116.689 Y143.842 E1715.96295
G0 F6000 X117.49 Y143.842
G0 X117.49 Y142.711
G0 X116.689 Y142.711
G1 F1200 X103.309 Y129.33 E1718.48046
G0 F6000 X102.51 Y129.33
G0 X102.51 Y128.199
G0 X103.309 Y128.199
G1 F1200 X116.689 Y141.579 E1720.99787
G0 F6000 X117.49 Y141.579
G0 X117.49 Y140.448
G0 X116.689 Y140.448
G1 F1200 X103.309 Y127.067 E1723.51538
G0 F6000 X102.51 Y127.067
G0 X102.51 Y125.936
G0 X103.309 Y125.936
G1 F1200 X116.689 Y139.317 E1726.0329
G0 F6000 X117.49 Y139.317
G0 X117.49 Y138.185
G0 X116.689 Y138.185
G1 F1200 X103.309 Y124.805 E1728.55031
G0 F6000 X102.51 Y124.805
G0 X102.51 Y123.673
G0 X103.309 Y123.673
G1 F1200 X116.689 Y137.054 E1731.06782
G0 F6000 X117.49 Y137.054
G0 X117.49 Y135.922
G0 X116.689 Y135.922
G1 F1200 X103.309 Y122.542 E1733.58524
G0 F6000 X102.51 Y122.542
G0 X102.51 Y121.41
G0 X103.309 Y121.41
G1 F1200 X116.689 Y134.791 E1736.10275
G0 F6000 X117.49 Y134.791
G0 X117.49 Y133.66
G0 X116.689 Y133.66
G1 F1200 X103.309 Y120.279 E1738.62026
G0 F6000 X102.51 Y120.279
G0 X102.51 Y119.148
G0 X103.309 Y119.148
G1 F1200 X116.689 Y132.528 E1741.13768
G0 F6000 X117.49 Y132.528
G0 X117.49 Y131.397
G0 X116.689 Y131.397
G1 F1200 X103.309 Y118.016 E1743.65519
G0 F6000 X102.51 Y118.016
G0 X102.51 Y116.885
G0 X103.309 Y116.885
G1 F1200 X116.689 Y130.266 E1746.1727
G0 F6000 X117.49 Y130.266
G0 X117.49 Y129.134
G0 X116.689 Y129.134
G1 F1200 X103.309 Y115.754 E1748.69012
G0 F6000 X102.51 Y115.754
G0 X102.51 Y114.622
G0 X103.309 Y114.622
G1 F1200 X116.689 Y128.003 E1751.20763
G0 F6000 X117.49 Y128.003
G0 X117.49 Y126.871
G0 X116.689 Y126.871
G1 F1200 X103.309 Y113.491 E1753.72504
G0 F6000 X102.51 Y113.491
G0 X102.51 Y112.359
G0 X103.309 Y112.359
G1 F1200 X116.689 Y125.74 E1756.24255
G0 F6000 X117.49 Y125.74
G0 X117.49 Y124.609
G0 X116.689 Y124.609
G1 F1200 X103.309 Y111.228 E1758.76007
G0 F6000 X102.51 Y111.228
G0 X102.51 Y110.097
G0 X103.309 Y110.097
G1 F1200 X116.689 Y123.477 E1761.27748
G0 F6000 X117.49 Y123.477
G0 X117.49 Y122.346
G0 X116.689 Y122.346
G1 F1200 X103.309 Y108.965 E1763.79499
G0 F6000 X102.51 Y108.965
G0 X102.51 Y107.834
G0 X103.309 Y107.834
G1 F1200 X116.689 Y121.215 E1766.3125
G0 F6000 X117.49 Y121.215
G0 X117.49 Y120.083
G0 X116.689 Y120.083
G1 F1200 X103.309 Y106.703 E1768.82992
G0 F6000 X102.51 Y106.703
G0 X102.51 Y105.571
G0 X103.309 Y105.571
G1 F1200 X116.689 Y118.952 E1771.34743
G0 F6000 X117.49 Y118.952
G0 X117.49 Y117.82
G0 X116.689 Y117.82
G1 F1200 X103.309 Y104.44 E1773.86485
G0 F6000 X102.51 Y104.44
G0 X102.51 Y103.309
G0 X103.309 Y103.309
G1 F1200 X116.689 Y116.689 E1776.38226
G0 F6000 X117.49 Y116.689
G0 X117.49 Y115.558
G0 X116.689 Y115.558
G1 F1200 X103.309 Y102.177 E1778.89978
G0 F6000 X102.51 Y102.177
G0 X102.51 Y101.046
G0 X103.309 Y101.046
G1 F1200 X116.689 Y114.426 E1781.41719
G0 F6000 X117.49 Y114.426
G0 X117.49 Y113.295
G0 X116.689 Y113.295
G1 F1200 X103.309 Y99.914 E1783.9347
G0 F6000 X102.51 Y99.914
G0 X102.51 Y98.783
G0 X103.309 Y98.783
G1 F1200 X116.689 Y112.164 E1786.45221
G0 F6000 X117.49 Y112.164
G0 X117.49 Y111.032
G0 X116.689 Y111.032
G1 F1200 X103.309 Y97.652 E1788.96963
G0 F6000 X102.51 Y97.652
G0 X102.51 Y96.52
G0 X103.309 Y96.52
G1 F1200 X116.689 Y109.901 E1791.48714
G0 F6000 X117.49 Y109.901
G0 X117.49 Y108.769
G0 X116.689 Y108.769
G1 F1200 X103.309 Y95.389 E1794.00456
G0 F6000 X102.51 Y95.389
G0 X102.51 Y94.258
G0 X103.309 Y94.258
G1 F1200 X116.689 Y107.638 E1796.52197
G0 F6000 X117.49 Y107.638
G0 X117.49 Y106.507
G0 X116.689 Y106.507
G1 F1200 X103.309 Y93.126 E1799.03949
G0 F6000 X102.51 Y93.126
G0 X102.51 Y91.995
G0 X103.309 Y91.995
G1 F1200 X116.689 Y105.375 E1801.5569
G0 F6000 X117.49 Y105.375
G0 X117.49 Y104.244
G0 X116.689 Y104.244
G1 F1200 X103.309 Y90.863 E1804.07441
G0 F6000 X102.51 Y90.863
G0 X102.51 Y89.732
G0 X103.309 Y89.732
G1 F1200 X116.689 Y103.113 E1806.59192
G0 F6000 X117.49 Y103.113
G0 X117.49 Y101.981
G0 X116.689 Y101.981
G1 F1200 X103.309 Y88.601 E1809.10934
G0 F6000 X102.51 Y88.601
G0 X102.51 Y87.469
G0 X103.309 Y87.469
G1 F1200 X116.689 Y100.85 E1811.62685
G0 F6000 X117.49 Y100.85
G0 X117.49 Y99.719
G0 X116.689 Y99.719
G1 F1200 X103.309 Y86.338 E1814.14436
G0 F6000 X102.51 Y86.338
G0 X102.51 Y85.207
G0 X103.309 Y85.207
G1 F1200 X116.689 Y98.587 E1816.66178
G0 F6000 X117.49 Y98.587
G0 X117.49 Y97.456
G0 X116.689 Y97.456
G1 F1200 X103.309 Y84.075 E1819.17929
G0 F6000 X102.51 Y84.075
G0 X102.51 Y82.944
G0 X103.309 Y82.944
G1 F1200 X116.689 Y96.324 E1821.69671
G0 F6000 X117.49 Y96.324
G0 X117.49 Y95.193
G0 X116.689 Y95.193
G1 F1200 X103.309 Y81.812 E1824.21422
G0 F6000 X102.51 Y81.812
G0 X102.51 Y80.681
G0 X103.309 Y80.681
G1 F1200 X116.689 Y94.062 E1826.73173
G0 F6000 X117.49 Y94.062
G0 X117.49 Y92.93
G0 X116.689 Y92.93
G1 F1200 X103.309 Y79.55 E1829.24914
G0 F6000 X102.51 Y79.55
G0 X102.51 Y78.418
G0 X103.309 Y78.418
G1 F1200 X116.689 Y91.799 E1831.76665
G0 F6000 X117.49 Y91.799
G0 X117.49 Y90.668
G0 X116.689 Y90.668
G1 F1200 X103.309 Y77.287 E1834.28417
G0 F6000 X102.51 Y77.287
G0 X102.51 Y76.156
G0 X103.309 Y76.156
G1 F1200 X116.689 Y89.536 E1836.80158
G0 F6000 X117.49 Y89.536
G0 X117.49 Y88.405
G0 X116.689 Y88.405
G1 F1200 X103.309 Y75.024 E1839.31909
G0 F6000 X102.51 Y75.024
G0 X102.51 Y73.893
G0 X103.309 Y73.893
G1 F1200 X116.689 Y87.273 E1841.83651
G0 F6000 X117.49 Y87.273
G0 X117.49 Y86.142
G0 X116.689 Y86.142
G1 F1200 X103.309 Y72.761 E1844.35402
G0 F6000 X102.51 Y72.761
G0 X102.51 Y71.63
G0 X103.309 Y71.63
G1 F1200 X116.689 Y85.011 E1846.87153
G0 F6000 X117.49 Y85.011
G0 X117.49 Y83.879
G0 X116.689 Y83.879
G1 F1200 X103.309 Y70.499 E1849.38895
G0 F6000 X102.51 Y70.499
G0 X102.51 Y69.367
G0 X103.309 Y69.367
G1 F1200 X116.689 Y82.748 E1851.90646
G0 F6000 X117.49 Y82.748
G0 X117.49 Y81.617
G0 X116.689 Y81.617
G1 F1200 X103.309 Y68.236 E1854.42397
G0 F6000 X102.51 Y68.236
G0 X102.51 Y67.105
G0 X103.309 Y67.105
G1 F1200 X116.689 Y80.485 E1856.94139
G0 F6000 X117.49 Y80.485
G0 X117.49 Y79.354
G0 X116.689 Y79.354
G1 F1200 X103.309 Y65.973 E1859.4589
G0 F6000 X102.51 Y65.973
G0 X102.51 Y64.842
G0 X103.309 Y64.842
G1 F1200 X116.689 Y78.222 E1861.97631
G0 F6000 X117.49 Y78.222
G0 X117.49 Y77.091
G0 X116.689 Y77.091
G1 F1200 X103.309 Y63.711 E1864.49373
G0 F6000 X102.51 Y63.711
G0 X102.51 Y62.579
G0 X103.309 Y62.579
G1 F1200 X116.689 Y75.96 E1867.01124
G0 F6000 X117.49 Y75.96
G0 X117.49 Y74.828
G0 X116.689 Y74.828
G1 F1200 X103.309 Y61.448 E1869.52866
G0 F6000 X102.51 Y61.448
G0 X102.51 Y60.316
G0 X103.309 Y60.316
G1 F1200 X116.689 Y73.697 E1872.04617
G0 F6000 X117.49 Y73.697
G0 X117.49 Y72.566
G0 X116.689 Y72.566
G1 F1200 X103.309 Y59.185 E1874.56368
G0 F6000 X102.51 Y59.185
G0 X102.582 Y57.398
G0 X103.382 Y57.327
G0 X103.381 Y58.127
G1 F1200 X116.689 Y71.434 E1877.06746
G0 F6000 X117.49 Y71.434
G0 X117.49 Y70.303
G0 X116.689 Y70.303
G1 F1200 X104.513 Y58.127 E1879.35834
G0 F6000 X104.514 Y57.327
G0 X105.645 Y57.327
G0 X105.644 Y58.127
G1 F1200 X116.689 Y69.172 E1881.43643
G0 F6000 X117.49 Y69.172
G0 X117.49 Y68.04
G0 X116.689 Y68.04
G1 F1200 X106.775 Y58.127 E1883.30164
G0 F6000 X106.776 Y57.327
G0 X107.908 Y57.327
G0 X107.907 Y58.127
G1 F1200 X116.689 Y66.909 E1884.95395
G0 F6000 X117.49 Y66.909
G0 X117.49 Y65.777
G0 X116.689 Y65.777
G1 F1200 X109.038 Y58.127 E1886.39337
G0 F6000 X109.039 Y57.327
G0 X110.171 Y57.327
G0 X110.17 Y58.127
G1 F1200 X116.689 Y64.646 E1887.61991
G0 F6000 X117.49 Y64.646
G0 X117.49 Y63.515
G0 X116.689 Y63.515
G1 F1200 X111.301 Y58.127 E1888.63365
G0 F6000 X111.302 Y57.327
G0 X112.433 Y57.327
G0 X112.432 Y58.127
G1 F1200 X116.689 Y62.383 E1889.4345
G0 F6000 X117.49 Y62.383
G0 X117.49 Y61.252
G0 X116.689 Y61.252
G1 F1200 X113.564 Y58.127 E1890.02246
G0 F6000 X113.565 Y57.327
G0 X114.54 Y57.357
G0 X114.695 Y58.127
G1 F1200 X116.689 Y60.121 E1890.39763
G0 F6000 X117.49 Y60.121
G0 X117.49 Y58.989
G0 X116.689 Y58.989
G1 F1200 X115.809 Y58.11 E1890.5631
G0 F6000 X115.809 Y57.31
G0 X101.716 Y55.9
G0 X101.716 Y55.896
;TYPE:SKIN
G1 F1200 X101.555 Y55.734 E1890.5783
G1 F1500 E1884.0783
G0 F6000 X101.555 Y55.9
G0 X101.83 Y164.113
G1 F1500 E1890.5783
G0 F6000 X101.877 Y164.102
G1 F1200 X101.965 Y164.19 E1890.58658
G0 F6000 X101.966 Y163.384
G1 F1500 E1884.08658
;MESH:zanza fissa prolunga mobile.stl(1)
G0 F6000 X118.98 Y164.084
G0 X122.12 Y164.084
G0 X123.401 Y164.084
G1 F1500 E1890.58658
G0 F6000 X123.4 Y164.583
;TYPE:WALL-OUTER
G1 F1200 X123.4 Y164.6 E1890.58884
G1 X121.7 Y164.6 E1890.81501
G1 X121.7 Y55.4 E1905.34303
G1 X123.4 Y55.4 E1905.5692
G1 X123.4 Y55.416 E1905.57133
G1 X133.7 Y55.417 E1906.94165
G1 X133.7 Y55.4 E1906.94391
G1 X140.5 Y55.4 E1907.84859
G1 X140.5 Y164.6 E1922.37661
G1 X133.7 Y164.6 E1923.28129
G1 X133.7 Y164.584 E1923.28342
G1 X123.4 Y164.583 E1924.65374
G0 F6000 X122.778 Y163.72
G0 X122.6 Y163.783
;TYPE:WALL-INNER
G1 F1200 X122.5 Y163.8 E1924.66723
G1 X122.5 Y163.783
G1 X122.5 Y56.216 E1938.978
G1 X122.5 Y56.2 E1938.98013
G1 X122.6 Y56.216 E1938.9871
G1 X134.5 Y56.217 E1940.57028
G1 X134.5 Y56.2 E1940.57255
G1 X139.7 Y56.2 E1941.26436
G1 X139.7 Y163.8 E1955.57952
G1 X134.5 Y163.8 E1956.27133
G1 X134.5 Y163.784 E1956.27346
G1 X122.6 Y163.783 E1957.85664
G0 F6000 X123.3 Y162.983
G1 F1200 X123.3 Y57.415 E1971.90146
G1 X123.3 Y57.016 E1971.95455
G1 X123.699 Y57.016 E1971.98887
G1 X135.3 Y57.017 E1973.53227
G1 X135.3 Y57 E1973.53454
G1 X138.9 Y57 E1974.01348
G1 X138.9 Y163 E1988.11578
G1 X135.3 Y163 E1988.59473
G1 X135.3 Y162.984 E1988.59685
G1 X123.3 Y162.983 E1990.19334
G0 F6000 X123.61 Y162.193
G0 X124.09 Y162.193
;TYPE:SKIN
G1 F1200 X124.09 Y57.806 E2004.08104
G1 X136.09 Y57.807 E2005.67753
G1 X136.09 Y57.79 E2005.67979
G1 X138.11 Y57.79 E2005.94853
G1 X138.11 Y162.21 E2019.84063
G1 X136.09 Y162.21 E2020.10937
G1 X136.09 Y162.194 E2020.1115
G1 X124.09 Y162.193 E2021.70798
G0 F6000 X124.537 Y161.872
G1 F1200 X124.409 Y161.744 E2021.73207
G0 F6000 X123.61 Y161.744
G0 X123.61 Y160.612
G0 X124.409 Y160.612
G1 F1200 X125.668 Y161.872 E2021.96904
G0 F6000 X125.667 Y162.673
G0 X126.798 Y162.673
G0 X126.799 Y161.872
G1 F1200 X124.409 Y159.481 E2022.41881
G0 F6000 X123.61 Y159.481
G0 X123.61 Y158.35
G0 X124.409 Y158.35
G1 F1200 X127.931 Y161.872 E2023.08146
G0 F6000 X127.93 Y162.673
G0 X129.061 Y162.673
G0 X129.062 Y161.872
G1 F1200 X124.409 Y157.218 E2023.95701
G0 F6000 X123.61 Y157.218
G0 X123.61 Y156.087
G0 X124.409 Y156.087
G1 F1200 X130.193 Y161.872 E2025.04535
G0 F6000 X130.192 Y162.673
G0 X131.324 Y162.673
G0 X131.325 Y161.872
G1 F1200 X124.409 Y154.956 E2026.34658
G0 F6000 X123.61 Y154.956
G0 X123.61 Y153.824
G0 X124.409 Y153.824
G1 F1200 X132.456 Y161.872 E2027.8607
G0 F6000 X132.455 Y162.673
G0 X133.587 Y162.673
G0 X133.588 Y161.872
G1 F1200 X124.409 Y152.693 E2029.58771
G0 F6000 X123.61 Y152.693
G0 X123.61 Y151.561
G0 X124.409 Y151.561
G1 F1200 X134.719 Y161.872 E2031.5276
G0 F6000 X134.718 Y162.673
G0 X135.64 Y162.644
G0 X135.85 Y161.872
G1 F1200 X124.409 Y150.43 E2033.68029
G0 F6000 X123.61 Y150.43
G0 X123.61 Y149.299
G0 X124.409 Y149.299
G1 F1200 X136.999 Y161.889 E2036.04907
G0 F6000 X137.789 Y161.548
G1 F1200 X124.409 Y148.167 E2038.56659
G0 F6000 X123.61 Y148.167
G0 X123.61 Y147.036
G0 X124.409 Y147.036
G1 F1200 X137.789 Y160.417 E2041.0841
G0 F6000 X138.59 Y160.417
G0 X138.59 Y159.285
G0 X137.789 Y159.285
G1 F1200 X124.409 Y145.905 E2043.60151
G0 F6000 X123.61 Y145.905
G0 X123.61 Y144.773
G0 X124.409 Y144.773
G1 F1200 X137.789 Y158.154 E2046.11902
G0 F6000 X138.59 Y158.154
G0 X138.59 Y157.022
G0 X137.789 Y157.022
G1 F1200 X124.409 Y143.642 E2048.63644
G0 F6000 X123.61 Y143.642
G0 X123.61 Y142.511
G0 X124.409 Y142.511
G1 F1200 X137.789 Y155.891 E2051.15386
G0 F6000 X138.59 Y155.891
G0 X138.59 Y154.76
G0 X137.789 Y154.76
G1 F1200 X124.409 Y141.379 E2053.67137
G0 F6000 X123.61 Y141.379
G0 X123.61 Y140.248
G0 X124.409 Y140.248
G1 F1200 X137.789 Y153.628 E2056.18878
G0 F6000 X138.59 Y153.628
G0 X138.59 Y152.497
G0 X137.789 Y152.497
G1 F1200 X124.409 Y139.116 E2058.7063
G0 F6000 X123.61 Y139.116
G0 X123.61 Y137.985
G0 X124.409 Y137.985
G1 F1200 X137.789 Y151.366 E2061.22381
G0 F6000 X138.59 Y151.366
G0 X138.59 Y150.234
G0 X137.789 Y150.234
G1 F1200 X124.409 Y136.854 E2063.74122
G0 F6000 X123.61 Y136.854
G0 X123.61 Y135.722
G0 X124.409 Y135.722
G1 F1200 X137.789 Y149.103 E2066.25873
G0 F6000 X138.59 Y149.103
G0 X138.59 Y147.971
G0 X137.789 Y147.971
G1 F1200 X124.409 Y134.591 E2068.77615
G0 F6000 X123.61 Y134.591
G0 X123.61 Y133.46
G0 X124.409 Y133.46
G1 F1200 X137.789 Y146.84 E2071.29357
G0 F6000 X138.59 Y146.84
G0 X138.59 Y145.709
G0 X137.789 Y145.709
G1 F1200 X124.409 Y132.328 E2073.81108
G0 F6000 X123.61 Y132.328
G0 X123.61 Y131.197
G0 X124.409 Y131.197
G1 F1200 X137.789 Y144.577 E2076.32849
G0 F6000 X138.59 Y144.577
G0 X138.59 Y143.446
G0 X137.789 Y143.446
G1 F1200 X124.409 Y130.065 E2078.84601
G0 F6000 X123.61 Y130.065
G0 X123.61 Y128.934
G0 X124.409 Y128.934
G1 F1200 X137.789 Y142.315 E2081.36352
G0 F6000 X138.59 Y142.315
G0 X138.59 Y141.183
G0 X137.789 Y141.183
G1 F1200 X124.409 Y127.803 E2083.88093
G0 F6000 X123.61 Y127.803
G0 X123.61 Y126.671
G0 X124.409 Y126.671
G1 F1200 X137.789 Y140.052 E2086.39844
G0 F6000 X138.59 Y140.052
G0 X138.59 Y138.921
G0 X137.789 Y138.921
G1 F1200 X124.409 Y125.54 E2088.91595
G0 F6000 X123.61 Y125.54
G0 X123.61 Y124.409
G0 X124.409 Y124.409
G1 F1200 X137.789 Y137.789 E2091.43337
G0 F6000 X138.59 Y137.789
G0 X138.59 Y136.658
G0 X137.789 Y136.658
G1 F1200 X124.409 Y123.277 E2093.95088
G0 F6000 X123.61 Y123.277
G0 X123.61 Y122.146
G0 X124.409 Y122.146
G1 F1200 X137.789 Y135.526 E2096.4683
G0 F6000 X138.59 Y135.526
G0 X138.59 Y134.395
G0 X137.789 Y134.395
G1 F1200 X124.409 Y121.014 E2098.98581
G0 F6000 X123.61 Y121.014
G0 X123.61 Y119.883
G0 X124.409 Y119.883
G1 F1200 X137.789 Y133.264 E2101.50332
G0 F6000 X138.59 Y133.264
G0 X138.59 Y132.132
G0 X137.789 Y132.132
G1 F1200 X124.409 Y118.752 E2104.02074
G0 F6000 X123.61 Y118.752
G0 X123.61 Y117.62
G0 X124.409 Y117.62
G1 F1200 X137.789 Y131.001 E2106.53825
G0 F6000 X138.59 Y131.001
G0 X138.59 Y129.87
G0 X137.789 Y129.87
G1 F1200 X124.409 Y116.489 E2109.05576
G0 F6000 X123.61 Y116.489
G0 X123.61 Y115.358
G0 X124.409 Y115.358
G1 F1200 X137.789 Y128.738 E2111.57318
G0 F6000 X138.59 Y128.738
G0 X138.59 Y127.607
G0 X137.789 Y127.607
G1 F1200 X124.409 Y114.226 E2114.09069
G0 F6000 X123.61 Y114.226
G0 X123.61 Y113.095
G0 X124.409 Y113.095
G1 F1200 X137.789 Y126.475 E2116.6081
G0 F6000 X138.59 Y126.475
G0 X138.59 Y125.344
G0 X137.789 Y125.344
G1 F1200 X124.409 Y111.963 E2119.12561
G0 F6000 X123.61 Y111.963
G0 X123.61 Y110.832
G0 X124.409 Y110.832
G1 F1200 X137.789 Y124.213 E2121.64312
G0 F6000 X138.59 Y124.213
G0 X138.59 Y123.081
G0 X137.789 Y123.081
G1 F1200 X124.409 Y109.701 E2124.16054
G0 F6000 X123.61 Y109.701
G0 X123.61 Y108.569
G0 X124.409 Y108.569
G1 F1200 X137.789 Y121.95 E2126.67805
G0 F6000 X138.59 Y121.95
G0 X138.59 Y120.819
G0 X137.789 Y120.819
G1 F1200 X124.409 Y107.438 E2129.19556
G0 F6000 X123.61 Y107.438
G0 X123.61 Y106.307
G0 X124.409 Y106.307
G1 F1200 X137.789 Y119.687 E2131.71298
G0 F6000 X138.59 Y119.687
G0 X138.59 Y118.556
G0 X137.789 Y118.556
G1 F1200 X124.409 Y105.175 E2134.23049
G0 F6000 X123.61 Y105.175
G0 X123.61 Y104.044
G0 X124.409 Y104.044
G1 F1200 X137.789 Y117.424 E2136.74791
G0 F6000 X138.59 Y117.424
G0 X138.59 Y116.293
G0 X137.789 Y116.293
G1 F1200 X124.409 Y102.913 E2139.26532
G0 F6000 X123.61 Y102.913
G0 X123.61 Y101.781
G0 X124.409 Y101.781
G1 F1200 X137.789 Y115.162 E2141.78283
G0 F6000 X138.59 Y115.162
G0 X138.59 Y114.03
G0 X137.789 Y114.03
G1 F1200 X124.409 Y100.65 E2144.30025
G0 F6000 X123.61 Y100.65
G0 X123.61 Y99.518
G0 X124.409 Y99.518
G1 F1200 X137.789 Y112.899 E2146.81776
G0 F6000 X138.59 Y112.899
G0 X138.59 Y111.768
G0 X137.789 Y111.768
G1 F1200 X124.409 Y98.387 E2149.33527
G0 F6000 X123.61 Y98.387
G0 X123.61 Y97.256
G0 X124.409 Y97.256
G1 F1200 X137.789 Y110.636 E2151.85269
G0 F6000 X138.59 Y110.636
G0 X138.59 Y109.505
G0 X137.789 Y109.505
G1 F1200 X124.409 Y96.124 E2154.3702
G0 F6000 X123.61 Y96.124
G0 X123.61 Y94.993
G0 X124.409 Y94.993
G1 F1200 X137.789 Y108.374 E2156.88771
G0 F6000 X138.59 Y108.374
G0 X138.59 Y107.242
G0 X137.789 Y107.242
G1 F1200 X124.409 Y93.862 E2159.40513
G0 F6000 X123.61 Y93.862
G0 X123.61 Y92.73
G0 X124.409 Y92.73
G1 F1200 X137.789 Y106.111 E2161.92264
G0 F6000 X138.59 Y106.111
G0 X138.59 Y104.979
G0 X137.789 Y104.979
G1 F1200 X124.409 Y91.599 E2164.44006
G0 F6000 X123.61 Y91.599
G0 X123.61 Y90.467
G0 X124.409 Y90.467
G1 F1200 X137.789 Y103.848 E2166.95757
G0 F6000 X138.59 Y103.848
G0 X138.59 Y102.717
G0 X137.789 Y102.717
G1 F1200 X124.409 Y89.336 E2169.47508
G0 F6000 X123.61 Y89.336
G0 X123.61 Y88.205
G0 X124.409 Y88.205
G1 F1200 X137.789 Y101.585 E2171.99249
G0 F6000 X138.59 Y101.585
G0 X138.59 Y100.454
G0 X137.789 Y100.454
G1 F1200 X124.409 Y87.073 E2174.51
G0 F6000 X123.61 Y87.073
G0 X123.61 Y85.942
G0 X124.409 Y85.942
G1 F1200 X137.789 Y99.323 E2177.02752
G0 F6000 X138.59 Y99.323
G0 X138.59 Y98.191
G0 X137.789 Y98.191
G1 F1200 X124.409 Y84.811 E2179.54493
G0 F6000 X123.61 Y84.811
G0 X123.61 Y83.679
G0 X124.409 Y83.679
G1 F1200 X137.789 Y97.06 E2182.06244
G0 F6000 X138.59 Y97.06
G0 X138.59 Y95.928
G0 X137.789 Y95.928
G1 F1200 X124.409 Y82.548 E2184.57986
G0 F6000 X123.61 Y82.548
G0 X123.61 Y81.416
G0 X124.409 Y81.416
G1 F1200 X137.789 Y94.797 E2187.09737
G0 F6000 X138.59 Y94.797
G0 X138.59 Y93.666
G0 X137.789 Y93.666
G1 F1200 X124.409 Y80.285 E2189.61488
G0 F6000 X123.61 Y80.285
G0 X123.61 Y79.154
G0 X124.409 Y79.154
G1 F1200 X137.789 Y92.534 E2192.1323
G0 F6000 X138.59 Y92.534
G0 X138.59 Y91.403
G0 X137.789 Y91.403
G1 F1200 X124.409 Y78.022 E2194.64981
G0 F6000 X123.61 Y78.022
G0 X123.61 Y76.891
G0 X124.409 Y76.891
G1 F1200 X137.789 Y90.272 E2197.16732
G0 F6000 X138.59 Y90.272
G0 X138.59 Y89.14
G0 X137.789 Y89.14
G1 F1200 X124.409 Y75.76 E2199.68474
G0 F6000 X123.61 Y75.76
G0 X123.61 Y74.628
G0 X124.409 Y74.628
G1 F1200 X137.789 Y88.009 E2202.20225
G0 F6000 X138.59 Y88.009
G0 X138.59 Y86.877
G0 X137.789 Y86.877
G1 F1200 X124.409 Y73.497 E2204.71966
G0 F6000 X123.61 Y73.497
G0 X123.61 Y72.366
G0 X124.409 Y72.366
G1 F1200 X137.789 Y85.746 E2207.23708
G0 F6000 X138.59 Y85.746
G0 X138.59 Y84.615
G0 X137.789 Y84.615
G1 F1200 X124.409 Y71.234 E2209.75459
G0 F6000 X123.61 Y71.234
G0 X123.61 Y70.103
G0 X124.409 Y70.103
G1 F1200 X137.789 Y83.483 E2212.27201
G0 F6000 X138.59 Y83.483
G0 X138.59 Y82.352
G0 X137.789 Y82.352
G1 F1200 X124.409 Y68.971 E2214.78952
G0 F6000 X123.61 Y68.971
G0 X123.61 Y67.84
G0 X124.409 Y67.84
G1 F1200 X137.789 Y81.221 E2217.30703
G0 F6000 X138.59 Y81.221
G0 X138.59 Y80.089
G0 X137.789 Y80.089
G1 F1200 X124.409 Y66.709 E2219.82445
G0 F6000 X123.61 Y66.709
G0 X123.61 Y65.577
G0 X124.409 Y65.577
G1 F1200 X137.789 Y78.958 E2222.34196
G0 F6000 X138.59 Y78.958
G0 X138.59 Y77.827
G0 X137.789 Y77.827
G1 F1200 X124.409 Y64.446 E2224.85947
G0 F6000 X123.61 Y64.446
G0 X123.61 Y63.315
G0 X124.409 Y63.315
G1 F1200 X137.789 Y76.695 E2227.37688
G0 F6000 X138.59 Y76.695
G0 X138.59 Y75.564
G0 X137.789 Y75.564
G1 F1200 X124.409 Y62.183 E2229.8944
G0 F6000 X123.61 Y62.183
G0 X123.61 Y61.052
G0 X124.409 Y61.052
G1 F1200 X137.789 Y74.432 E2232.41181
G0 F6000 X138.59 Y74.432
G0 X138.59 Y73.301
G0 X137.789 Y73.301
G1 F1200 X124.409 Y59.92 E2234.92932
G0 F6000 X123.61 Y59.92
G0 X123.61 Y58.789
G0 X124.409 Y58.789
G1 F1200 X137.789 Y72.17 E2237.44683
G0 F6000 X138.59 Y72.17
G0 X138.59 Y71.038
G0 X137.789 Y71.038
G1 F1200 X124.877 Y58.127 E2239.8761
G0 F6000 X124.878 Y57.327
G0 X126.01 Y57.327
G0 X126.009 Y58.127
G1 F1200 X137.789 Y69.907 E2242.09248
G0 F6000 X138.59 Y69.907
G0 X138.59 Y68.776
G0 X137.789 Y68.776
G1 F1200 X127.14 Y58.127 E2244.09607
G0 F6000 X127.141 Y57.327
G0 X128.272 Y57.327
G0 X128.271 Y58.127
G1 F1200 X137.789 Y67.644 E2245.88676
G0 F6000 X138.59 Y67.644
G0 X138.59 Y66.513
G0 X137.789 Y66.513
G1 F1200 X129.403 Y58.127 E2247.46457
G0 F6000 X129.404 Y57.327
G0 X130.535 Y57.327
G0 X130.534 Y58.127
G1 F1200 X137.789 Y65.381 E2248.82949
G0 F6000 X138.59 Y65.381
G0 X138.59 Y64.25
G0 X137.789 Y64.25
G1 F1200 X131.666 Y58.127 E2249.98152
G0 F6000 X131.667 Y57.327
G0 X132.798 Y57.327
G0 X132.797 Y58.127
G1 F1200 X137.789 Y63.119 E2250.92075
G0 F6000 X138.59 Y63.119
G0 X138.59 Y61.987
G0 X137.789 Y61.987
G1 F1200 X133.928 Y58.127 E2251.6471
G0 F6000 X133.929 Y57.327
G0 X135.061 Y57.327
G0 X135.06 Y58.127
G1 F1200 X137.789 Y60.856 E2252.16055
G0 F6000 X138.59 Y60.856
G0 X138.59 Y59.725
G0 X137.789 Y59.725
G1 F1200 X136.191 Y58.127 E2252.46121
G0 F6000 X136.191 Y57.31
G0 X137.305 Y57.31
G0 X137.305 Y58.11
G1 F1200 X137.789 Y58.593 E2252.55218
G0 F6000 X138.59 Y58.593
G0 X138.518 Y57.382
G0 X122.646 Y55.9
G0 X122.646 Y55.896
;TYPE:SKIN
G1 F1200 X122.545 Y55.794 E2252.56173
G1 F1500 E2246.06173
G0 F6000 X122.545 Y55.9
G0 X122.807 Y164.1
G1 F1500 E2252.56173
G0 F6000 X122.807 Y164.102
G1 F1200 X122.968 Y164.263 E2252.57687
G0 F6000 X122.435 Y163.618
G1 F1500 E2246.07687
;MESH:zanza fissa prolunga mobile.stl(4)
G0 F6000 X140.08 Y164.084
G0 X143.22 Y164.084
G0 X144.501 Y164.084
G1 F1500 E2252.57687
G0 F6000 X144.5 Y164.583
;TYPE:WALL-OUTER
G1 F1200 X144.5 Y164.6 E2252.57914
G1 X142.8 Y164.6 E2252.80531
G1 X142.8 Y55.4 E2267.33333
G1 X144.5 Y55.4 E2267.5595
G1 X144.5 Y55.416 E2267.56163
G1 X154.8 Y55.417 E2268.93195
G1 X154.8 Y55.4 E2268.93421
G1 X161.6 Y55.4 E2269.83889
G1 X161.6 Y164.6 E2284.36691
G1 X154.8 Y164.6 E2285.27159
G1 X154.8 Y164.584 E2285.27372
G1 X144.5 Y164.583 E2286.64403
G0 F6000 X143.878 Y163.72
G0 X143.7 Y163.783
;TYPE:WALL-INNER
G1 F1200 X143.6 Y163.8 E2286.65753
G1 X143.6 Y163.783
G1 X143.6 Y56.216 E2300.9683
G1 X143.6 Y56.2 E2300.97043
G1 X143.7 Y56.216 E2300.9774
G1 X155.6 Y56.217 E2302.56058
G1 X155.6 Y56.2 E2302.56284
G1 X160.8 Y56.2 E2303.25465
G1 X160.8 Y163.8 E2317.56982
G1 X155.6 Y163.8 E2318.26163
G1 X155.6 Y163.784 E2318.26376
G1 X143.7 Y163.783 E2319.84694
G0 F6000 X144.4 Y162.983
G1 F1200 X144.4 Y57.415 E2333.89176
G1 X144.4 Y57.016 E2333.94485
G1 X144.799 Y57.016 E2333.97917
G1 X156.4 Y57.017 E2335.52257
G1 X156.4 Y57 E2335.52484
G1 X160 Y57 E2336.00378
G1 X160 Y163 E2350.10608
G1 X156.4 Y163 E2350.58502
G1 X156.4 Y162.984 E2350.58715
G1 X144.4 Y162.983 E2352.18364
G0 F6000 X144.71 Y162.193
G0 X145.19 Y162.193
;TYPE:SKIN
G1 F1200 X145.19 Y57.806 E2366.07134
G1 X157.19 Y57.807 E2367.66783
G1 X157.19 Y57.79 E2367.67009
G1 X159.21 Y57.79 E2367.93883
G1 X159.21 Y162.21 E2381.83093
G1 X157.19 Y162.21 E2382.09967
G1 X157.19 Y162.194 E2382.1018
G1 X145.19 Y162.193 E2383.69828
G0 F6000 X146.033 Y161.872
G1 F1200 X145.509 Y161.348 E2383.79687
G0 F6000 X144.71 Y161.348
G0 X144.71 Y160.216
G0 X145.509 Y160.216
G1 F1200 X147.164 Y161.872 E2384.10835
G0 F6000 X147.163 Y162.673
G0 X148.294 Y162.673
G0 X148.295 Y161.872
G1 F1200 X145.509 Y159.085 E2384.63262
G0 F6000 X144.71 Y159.085
G0 X144.71 Y157.954
G0 X145.509 Y157.954
G1 F1200 X149.427 Y161.872 E2385.36979
G0 F6000 X149.426 Y162.673
G0 X150.557 Y162.673
G0 X150.558 Y161.872
G1 F1200 X145.509 Y156.822 E2386.31984
G0 F6000 X144.71 Y156.822
G0 X144.71 Y155.691
G0 X145.509 Y155.691
G1 F1200 X151.689 Y161.872 E2387.48269
G0 F6000 X151.688 Y162.673
G0 X152.82 Y162.673
G0 X152.821 Y161.872
G1 F1200 X145.509 Y154.56 E2388.85842
G0 F6000 X144.71 Y154.56
G0 X144.71 Y153.428
G0 X145.509 Y153.428
G1 F1200 X153.952 Y161.872 E2390.44705
G0 F6000 X153.951 Y162.673
G0 X155.083 Y162.673
G0 X155.084 Y161.872
G1 F1200 X145.509 Y152.297 E2392.24856
G0 F6000 X144.71 Y152.297
G0 X144.71 Y151.165
G0 X145.509 Y151.165
G1 F1200 X156.215 Y161.872 E2394.26297
G0 F6000 X156.214 Y162.673
G0 X157.346 Y162.69
G0 X157.346 Y161.872
G1 F1200 X145.509 Y150.034 E2396.49017
G0 F6000 X144.71 Y150.034
G0 X144.71 Y148.903
G0 X145.509 Y148.903
G1 F1200 X158.495 Y161.889 E2398.93345
G0 F6000 X158.889 Y161.152
G1 F1200 X145.509 Y147.771 E2401.45096
G0 F6000 X144.71 Y147.771
G0 X144.71 Y146.64
G0 X145.509 Y146.64
G1 F1200 X158.889 Y160.021 E2403.96847
G0 F6000 X159.69 Y160.021
G0 X159.69 Y158.889
G0 X158.889 Y158.889
G1 F1200 X145.509 Y145.509 E2406.48589
G0 F6000 X144.71 Y145.509
G0 X144.71 Y144.377
G0 X145.509 Y144.377
G1 F1200 X158.889 Y157.758 E2409.0034
G0 F6000 X159.69 Y157.758
G0 X159.69 Y156.626
G0 X158.889 Y156.626
G1 F1200 X145.509 Y143.246 E2411.52082
G0 F6000 X144.71 Y143.246
G0 X144.71 Y142.115
G0 X145.509 Y142.115
G1 F1200 X158.889 Y155.495 E2414.03823
G0 F6000 X159.69 Y155.495
G0 X159.69 Y154.364
G0 X158.889 Y154.364
G1 F1200 X145.509 Y140.983 E2416.55574
G0 F6000 X144.71 Y140.983
G0 X144.71 Y139.852
G0 X145.509 Y139.852
G1 F1200 X158.889 Y153.232 E2419.07316
G0 F6000 X159.69 Y153.232
G0 X159.69 Y152.101
G0 X158.889 Y152.101
G1 F1200 X145.509 Y138.72 E2421.59067
G0 F6000 X144.71 Y138.72
G0 X144.71 Y137.589
G0 X145.509 Y137.589
G1 F1200 X158.889 Y150.97 E2424.10818
G0 F6000 X159.69 Y150.97
G0 X159.69 Y149.838
G0 X158.889 Y149.838
G1 F1200 X145.509 Y136.458 E2426.6256
G0 F6000 X144.71 Y136.458
G0 X144.71 Y135.326
G0 X145.509 Y135.326
G1 F1200 X158.889 Y148.707 E2429.14311
G0 F6000 X159.69 Y148.707
G0 X159.69 Y147.576
G0 X158.889 Y147.576
G1 F1200 X145.509 Y134.195 E2431.66062
G0 F6000 X144.71 Y134.195
G0 X144.71 Y133.064
G0 X145.509 Y133.064
G1 F1200 X158.889 Y146.444 E2434.17804
G0 F6000 X159.69 Y146.444
G0 X159.69 Y145.313
G0 X158.889 Y145.313
G1 F1200 X145.509 Y131.932 E2436.69555
G0 F6000 X144.71 Y131.932
G0 X144.71 Y130.801
G0 X145.509 Y130.801
G1 F1200 X158.889 Y144.181 E2439.21297
G0 F6000 X159.69 Y144.181
G0 X159.69 Y143.05
G0 X158.889 Y143.05
G1 F1200 X145.509 Y129.669 E2441.73048
G0 F6000 X144.71 Y129.669
G0 X144.71 Y128.538
G0 X145.509 Y128.538
G1 F1200 X158.889 Y141.919 E2444.24799
G0 F6000 X159.69 Y141.919
G0 X159.69 Y140.787
G0 X158.889 Y140.787
G1 F1200 X145.509 Y127.407 E2446.7654
G0 F6000 X144.71 Y127.407
G0 X144.71 Y126.275
G0 X145.509 Y126.275
G1 F1200 X158.889 Y139.656 E2449.28291
G0 F6000 X159.69 Y139.656
G0 X159.69 Y138.525
G0 X158.889 Y138.525
G1 F1200 X145.509 Y125.144 E2451.80043
G0 F6000 X144.71 Y125.144
G0 X144.71 Y124.013
G0 X145.509 Y124.013
G1 F1200 X158.889 Y137.393 E2454.31784
G0 F6000 X159.69 Y137.393
G0 X159.69 Y136.262
G0 X158.889 Y136.262
G1 F1200 X145.509 Y122.881 E2456.83535
G0 F6000 X144.71 Y122.881
G0 X144.71 Y121.75
G0 X145.509 Y121.75
G1 F1200 X158.889 Y135.13 E2459.35277
G0 F6000 X159.69 Y135.13
G0 X159.69 Y133.999
G0 X158.889 Y133.999
G1 F1200 X145.509 Y120.618 E2461.87028
G0 F6000 X144.71 Y120.618
G0 X144.71 Y119.487
G0 X145.509 Y119.487
G1 F1200 X158.889 Y132.868 E2464.38779
G0 F6000 X159.69 Y132.868
G0 X159.69 Y131.736
G0 X158.889 Y131.736
G1 F1200 X145.509 Y118.356 E2466.90521
G0 F6000 X144.71 Y118.356
G0 X144.71 Y117.224
G0 X145.509 Y117.224
G1 F1200 X158.889 Y130.605 E2469.42272
G0 F6000 X159.69 Y130.605
G0 X159.69 Y129.474
G0 X158.889 Y129.474
G1 F1200 X145.509 Y116.093 E2471.94023
G0 F6000 X144.71 Y116.093
G0 X144.71 Y114.962
G0 X145.509 Y114.962
G1 F1200 X158.889 Y128.342 E2474.45765
G0 F6000 X159.69 Y128.342
G0 X159.69 Y127.211
G0 X158.889 Y127.211
G1 F1200 X145.509 Y113.83 E2476.97516
G0 F6000 X144.71 Y113.83
G0 X144.71 Y112.699
G0 X145.509 Y112.699
G1 F1200 X158.889 Y126.079 E2479.49257
G0 F6000 X159.69 Y126.079
G0 X159.69 Y124.948
G0 X158.889 Y124.948
G1 F1200 X145.509 Y111.568 E2482.00999
G0 F6000 X144.71 Y111.568
G0 X144.71 Y110.436
G0 X145.509 Y110.436
G1 F1200 X158.889 Y123.817 E2484.5275
G0 F6000 X159.69 Y123.817
G0 X159.69 Y122.685
G0 X158.889 Y122.685
G1 F1200 X145.509 Y109.305 E2487.04492
G0 F6000 X144.71 Y109.305
G0 X144.71 Y108.173
G0 X145.509 Y108.173
G1 F1200 X158.889 Y121.554 E2489.56243
G0 F6000 X159.69 Y121.554
G0 X159.69 Y120.423
G0 X158.889 Y120.423
G1 F1200 X145.509 Y107.042 E2492.07994
G0 F6000 X144.71 Y107.042
G0 X144.71 Y105.911
G0 X145.509 Y105.911
G1 F1200 X158.889 Y119.291 E2494.59736
G0 F6000 X159.69 Y119.291
G0 X159.69 Y118.16
G0 X158.889 Y118.16
G1 F1200 X145.509 Y104.779 E2497.11487
G0 F6000 X144.71 Y104.779
G0 X144.71 Y103.648
G0 X145.509 Y103.648
G1 F1200 X158.889 Y117.029 E2499.63238
G0 F6000 X159.69 Y117.029
G0 X159.69 Y115.897
G0 X158.889 Y115.897
G1 F1200 X145.509 Y102.517 E2502.14979
G0 F6000 X144.71 Y102.517
G0 X144.71 Y101.385
G0 X145.509 Y101.385
G1 F1200 X158.889 Y114.766 E2504.66731
G0 F6000 X159.69 Y114.766
G0 X159.69 Y113.634
G0 X158.889 Y113.634
G1 F1200 X145.509 Y100.254 E2507.18472
G0 F6000 X144.71 Y100.254
G0 X144.71 Y99.122
G0 X145.509 Y99.122
G1 F1200 X158.889 Y112.503 E2509.70223
G0 F6000 X159.69 Y112.503
G0 X159.69 Y111.372
G0 X158.889 Y111.372
G1 F1200 X145.509 Y97.991 E2512.21974
G0 F6000 X144.71 Y97.991
G0 X144.71 Y96.86
G0 X145.509 Y96.86
G1 F1200 X158.889 Y110.24 E2514.73716
G0 F6000 X159.69 Y110.24
G0 X159.69 Y109.109
G0 X158.889 Y109.109
G1 F1200 X145.509 Y95.728 E2517.25467
G0 F6000 X144.71 Y95.728
G0 X144.71 Y94.597
G0 X145.509 Y94.597
G1 F1200 X158.889 Y107.978 E2519.77218
G0 F6000 X159.69 Y107.978
G0 X159.69 Y106.846
G0 X158.889 Y106.846
G1 F1200 X145.509 Y93.466 E2522.2896
G0 F6000 X144.71 Y93.466
G0 X144.71 Y92.334
G0 X145.509 Y92.334
G1 F1200 X158.889 Y105.715 E2524.80711
G0 F6000 X159.69 Y105.715
G0 X159.69 Y104.583
G0 X158.889 Y104.583
G1 F1200 X145.509 Y91.203 E2527.32453
G0 F6000 X144.71 Y91.203
G0 X144.71 Y90.071
G0 X145.509 Y90.071
G1 F1200 X158.889 Y103.452 E2529.84204
G0 F6000 X159.69 Y103.452
G0 X159.69 Y102.321
G0 X158.889 Y102.321
G1 F1200 X145.509 Y88.94 E2532.35955
G0 F6000 X144.71 Y88.94
G0 X144.71 Y87.809
G0 X145.509 Y87.809
G1 F1200 X158.889 Y101.189 E2534.87696
G0 F6000 X159.69 Y101.189
G0 X159.69 Y100.058
G0 X158.889 Y100.058
G1 F1200 X145.509 Y86.677 E2537.39448
G0 F6000 X144.71 Y86.677
G0 X144.71 Y85.546
G0 X145.509 Y85.546
G1 F1200 X158.889 Y98.927 E2539.91199
G0 F6000 X159.69 Y98.927
G0 X159.69 Y97.795
G0 X158.889 Y97.795
G1 F1200 X145.509 Y84.415 E2542.4294
G0 F6000 X144.71 Y84.415
G0 X144.71 Y83.283
G0 X145.509 Y83.283
G1 F1200 X158.889 Y96.664 E2544.94691
G0 F6000 X159.69 Y96.664
G0 X159.69 Y95.532
G0 X158.889 Y95.532
G1 F1200 X145.509 Y82.152 E2547.46433
G0 F6000 X144.71 Y82.152
G0 X144.71 Y81.021
G0 X145.509 Y81.021
G1 F1200 X158.889 Y94.401 E2549.98175
G0 F6000 X159.69 Y94.401
G0 X159.69 Y93.27
G0 X158.889 Y93.27
G1 F1200 X145.509 Y79.889 E2552.49926
G0 F6000 X144.71 Y79.889
G0 X144.71 Y78.758
G0 X145.509 Y78.758
G1 F1200 X158.889 Y92.138 E2555.01667
G0 F6000 X159.69 Y92.138
G0 X159.69 Y91.007
G0 X158.889 Y91.007
G1 F1200 X145.509 Y77.626 E2557.53419
G0 F6000 X144.71 Y77.626
G0 X144.71 Y76.495
G0 X145.509 Y76.495
G1 F1200 X158.889 Y89.876 E2560.0517
G0 F6000 X159.69 Y89.876
G0 X159.69 Y88.744
G0 X158.889 Y88.744
G1 F1200 X145.509 Y75.364 E2562.56911
G0 F6000 X144.71 Y75.364
G0 X144.71 Y74.232
G0 X145.509 Y74.232
G1 F1200 X158.889 Y87.613 E2565.08662
G0 F6000 X159.69 Y87.613
G0 X159.69 Y86.481
G0 X158.889 Y86.481
G1 F1200 X145.509 Y73.101 E2567.60404
G0 F6000 X144.71 Y73.101
G0 X144.71 Y71.97
G0 X145.509 Y71.97
G1 F1200 X158.889 Y85.35 E2570.12146
G0 F6000 X159.69 Y85.35
G0 X159.69 Y84.219
G0 X158.889 Y84.219
G1 F1200 X145.509 Y70.838 E2572.63897
G0 F6000 X144.71 Y70.838
G0 X144.71 Y69.707
G0 X145.509 Y69.707
G1 F1200 X158.889 Y83.087 E2575.15638
G0 F6000 X159.69 Y83.087
G0 X159.69 Y81.956
G0 X158.889 Y81.956
G1 F1200 X145.509 Y68.575 E2577.6739
G0 F6000 X144.71 Y68.575
G0 X144.71 Y67.444
G0 X145.509 Y67.444
G1 F1200 X158.889 Y80.825 E2580.19141
G0 F6000 X159.69 Y80.825
G0 X159.69 Y79.693
G0 X158.889 Y79.693
G1 F1200 X145.509 Y66.313 E2582.70882
G0 F6000 X144.71 Y66.313
G0 X144.71 Y65.181
G0 X145.509 Y65.181
G1 F1200 X158.889 Y78.562 E2585.22633
G0 F6000 X159.69 Y78.562
G0 X159.69 Y77.431
G0 X158.889 Y77.431
G1 F1200 X145.509 Y64.05 E2587.74384
G0 F6000 X144.71 Y64.05
G0 X144.71 Y62.919
G0 X145.509 Y62.919
G1 F1200 X158.889 Y76.299 E2590.26126
G0 F6000 X159.69 Y76.299
G0 X159.69 Y75.168
G0 X158.889 Y75.168
G1 F1200 X145.509 Y61.787 E2592.77877
G0 F6000 X144.71 Y61.787
G0 X144.71 Y60.656
G0 X145.509 Y60.656
G1 F1200 X158.889 Y74.036 E2595.29619
G0 F6000 X159.69 Y74.036
G0 X159.69 Y72.905
G0 X158.889 Y72.905
G1 F1200 X145.509 Y59.524 E2597.8137
G0 F6000 X144.71 Y59.524
G0 X144.71 Y58.393
G0 X145.509 Y58.393
G1 F1200 X158.889 Y71.774 E2600.33121
G0 F6000 X159.69 Y71.774
G0 X159.69 Y70.642
G0 X158.889 Y70.642
G1 F1200 X146.373 Y58.127 E2602.68597
G0 F6000 X146.374 Y57.327
G0 X147.506 Y57.327
G0 X147.505 Y58.127
G1 F1200 X158.889 Y69.511 E2604.82785
G0 F6000 X159.69 Y69.511
G0 X159.69 Y68.38
G0 X158.889 Y68.38
G1 F1200 X148.636 Y58.127 E2606.75693
G0 F6000 X148.637 Y57.327
G0 X149.769 Y57.327
G0 X149.768 Y58.127
G1 F1200 X158.889 Y67.248 E2608.47302
G0 F6000 X159.69 Y67.248
G0 X159.69 Y66.117
G0 X158.889 Y66.117
G1 F1200 X150.899 Y58.127 E2609.97632
G0 F6000 X150.9 Y57.327
G0 X152.031 Y57.327
G0 X152.03 Y58.127
G1 F1200 X158.889 Y64.985 E2611.26673
G0 F6000 X159.69 Y64.985
G0 X159.69 Y63.854
G0 X158.889 Y63.854
G1 F1200 X153.162 Y58.127 E2612.34425
G0 F6000 X153.163 Y57.327
G0 X154.294 Y57.327
G0 X154.293 Y58.127
G1 F1200 X158.889 Y62.723 E2613.20898
G0 F6000 X159.69 Y62.723
G0 X159.69 Y61.591
G0 X158.889 Y61.591
G1 F1200 X155.424 Y58.127 E2613.86082
G0 F6000 X155.425 Y57.327
G0 X156.557 Y57.327
G0 X156.556 Y58.127
G1 F1200 X158.889 Y60.46 E2614.29977
G0 F6000 X159.69 Y60.46
G0 X159.69 Y59.329
G0 X158.889 Y59.329
G1 F1200 X157.67 Y58.11 E2614.52912
G0 F6000 X157.67 Y57.31
G0 X144.143 Y55.916
G0 X144.143 Y55.896
;TYPE:SKIN
G1 F1200 X143.981 Y55.734 E2614.54436
G1 F1500 E2608.04436
G0 F6000 X143.981 Y55.9
G0 X143.737 Y164.1
G1 F1500 E2614.54436
G0 F6000 X143.737 Y164.102
G1 F1200 X143.899 Y164.263 E2614.55955
G0 F6000 X144 Y163.4
G1 F1500 E2608.05955
;MESH:zanza fissa prolunga mobile.stl(5)
G0 F6000 X161.18 Y164.084
G0 X164.32 Y164.084
G0 X165.601 Y164.084
G1 F1500 E2614.55955
G0 F6000 X165.6 Y164.583
;TYPE:WALL-OUTER
G1 F1200 X165.6 Y164.6 E2614.56182
G1 X163.9 Y164.6 E2614.78798
G1 X163.9 Y55.4 E2629.31601
G1 X165.6 Y55.4 E2629.54218
G1 X165.6 Y55.416 E2629.54431
G1 X175.9 Y55.417 E2630.91463
G1 X175.9 Y55.4 E2630.91689
G1 X182.7 Y55.4 E2631.82156
G1 X182.7 Y164.6 E2646.34959
G1 X175.9 Y164.6 E2647.25427
G1 X175.9 Y164.584 E2647.25639
G1 X165.6 Y164.583 E2648.62671
G0 F6000 X164.978 Y163.72
G0 X164.8 Y163.783
;TYPE:WALL-INNER
G1 F1200 X164.7 Y163.8 E2648.64021
G1 X164.7 Y163.783
G1 X164.7 Y56.216 E2662.95098
G1 X164.7 Y56.2 E2662.95311
G1 X164.8 Y56.216 E2662.96008
G1 X176.7 Y56.217 E2664.54326
G1 X176.7 Y56.2 E2664.54552
G1 X181.9 Y56.2 E2665.23733
G1 X181.9 Y163.8 E2679.5525
G1 X176.7 Y163.8 E2680.24431
G1 X176.7 Y163.784 E2680.24643
G1 X164.8 Y163.783 E2681.82962
G0 F6000 X165.5 Y162.983
G1 F1200 X165.5 Y57.415 E2695.87444
G1 X165.5 Y57.016 E2695.92752
G1 X165.899 Y57.016 E2695.96185
G1 X177.5 Y57.017 E2697.50525
G1 X177.5 Y57 E2697.50751
G1 X181.1 Y57 E2697.98646
G1 X181.1 Y163 E2712.08876
G1 X177.5 Y163 E2712.5677
G1 X177.5 Y162.984 E2712.56983
G1 X165.5 Y162.983 E2714.16632
G0 F6000 X165.81 Y162.193
G0 X166.29 Y162.193
;TYPE:SKIN
G1 F1200 X166.29 Y57.806 E2728.05402
G1 X178.29 Y57.807 E2729.65051
G1 X178.29 Y57.79 E2729.65277
G1 X180.31 Y57.79 E2729.92151
G1 X180.31 Y162.21 E2743.8136
G1 X178.29 Y162.21 E2744.08235
G1 X178.29 Y162.194 E2744.08447
G1 X166.29 Y162.193 E2745.68096
G0 F6000 X165.81 Y162.193
G0 X165.882 Y162.601
G0 X167.528 Y162.673
G0 X167.529 Y161.873
G1 F1200 X166.609 Y160.952 E2745.85415
G0 F6000 X165.81 Y160.952
G0 X165.81 Y159.82
G0 X166.609 Y159.82
G1 F1200 X168.661 Y161.873 E2746.24032
G0 F6000 X168.66 Y162.673
G0 X169.791 Y162.673
G0 X169.792 Y161.873
G1 F1200 X166.609 Y158.689 E2746.83929
G0 F6000 X165.81 Y158.689
G0 X165.81 Y157.558
G0 X166.609 Y157.558
G1 F1200 X170.923 Y161.873 E2747.65106
G0 F6000 X170.922 Y162.673
G0 X172.054 Y162.673
G0 X172.055 Y161.873
G1 F1200 X166.609 Y156.426 E2748.6758
G0 F6000 X165.81 Y156.426
G0 X165.81 Y155.295
G0 X166.609 Y155.295
G1 F1200 X173.186 Y161.873 E2749.91334
G0 F6000 X173.185 Y162.673
G0 X174.317 Y162.673
G0 X174.318 Y161.873
G1 F1200 X166.609 Y154.164 E2751.36378
G0 F6000 X165.81 Y154.164
G0 X165.81 Y153.032
G0 X166.609 Y153.032
G1 F1200 X175.449 Y161.873 E2753.0271
G0 F6000 X175.448 Y162.673
G0 X176.579 Y162.673
G0 X176.58 Y161.873
G1 F1200 X166.609 Y151.901 E2754.90321
G0 F6000 X165.81 Y151.901
G0 X165.81 Y150.77
G0 X166.609 Y150.77
G1 F1200 X177.712 Y161.873 E2756.99221
G0 F6000 X177.711 Y162.673
G0 X178.86 Y162.69
G0 X178.86 Y161.889
G1 F1200 X166.609 Y149.638 E2759.29721
G0 F6000 X165.81 Y149.638
G0 X165.81 Y148.507
G0 X166.609 Y148.507
G1 F1200 X179.989 Y161.887 E2761.81463
G0 F6000 X180.79 Y161.887
G0 X180.79 Y160.756
G0 X179.989 Y160.756
G1 F1200 X166.609 Y147.375 E2764.33214
G0 F6000 X165.81 Y147.375
G0 X165.81 Y146.244
G0 X166.609 Y146.244
G1 F1200 X179.989 Y159.625 E2766.84965
G0 F6000 X180.79 Y159.625
G0 X180.79 Y158.493
G0 X179.989 Y158.493
G1 F1200 X166.609 Y145.113 E2769.36707
G0 F6000 X165.81 Y145.113
G0 X165.81 Y143.981
G0 X166.609 Y143.981
G1 F1200 X179.989 Y157.362 E2771.88458
G0 F6000 X180.79 Y157.362
G0 X180.79 Y156.231
G0 X179.989 Y156.231
G1 F1200 X166.609 Y142.85 E2774.40209
G0 F6000 X165.81 Y142.85
G0 X165.81 Y141.719
G0 X166.609 Y141.719
G1 F1200 X179.989 Y155.099 E2776.91951
G0 F6000 X180.79 Y155.099
G0 X180.79 Y153.968
G0 X179.989 Y153.968
G1 F1200 X166.609 Y140.587 E2779.43702
G0 F6000 X165.81 Y140.587
G0 X165.81 Y139.456
G0 X166.609 Y139.456
G1 F1200 X179.989 Y152.836 E2781.95443
G0 F6000 X180.79 Y152.836
G0 X180.79 Y151.705
G0 X179.989 Y151.705
G1 F1200 X166.609 Y138.324 E2784.47194
G0 F6000 X165.81 Y138.324
G0 X165.81 Y137.193
G0 X166.609 Y137.193
G1 F1200 X179.989 Y150.574 E2786.98946
G0 F6000 X180.79 Y150.574
G0 X180.79 Y149.442
G0 X179.989 Y149.442
G1 F1200 X166.609 Y136.062 E2789.50687
G0 F6000 X165.81 Y136.062
G0 X165.81 Y134.93
G0 X166.609 Y134.93
G1 F1200 X179.989 Y148.311 E2792.02438
G0 F6000 X180.79 Y148.311
G0 X180.79 Y147.18
G0 X179.989 Y147.18
G1 F1200 X166.609 Y133.799 E2794.54189
G0 F6000 X165.81 Y133.799
G0 X165.81 Y132.668
G0 X166.609 Y132.668
G1 F1200 X179.989 Y146.048 E2797.05931
G0 F6000 X180.79 Y146.048
G0 X180.79 Y144.917
G0 X179.989 Y144.917
G1 F1200 X166.609 Y131.536 E2799.57682
G0 F6000 X165.81 Y131.536
G0 X165.81 Y130.405
G0 X166.609 Y130.405
G1 F1200 X179.989 Y143.785 E2802.09424
G0 F6000 X180.79 Y143.785
G0 X180.79 Y142.654
G0 X179.989 Y142.654
G1 F1200 X166.609 Y129.273 E2804.61175
G0 F6000 X165.81 Y129.273
G0 X165.81 Y128.142
G0 X166.609 Y128.142
G1 F1200 X179.989 Y141.523 E2807.12926
G0 F6000 X180.79 Y141.523
G0 X180.79 Y140.391
G0 X179.989 Y140.391
G1 F1200 X166.609 Y127.011 E2809.64668
G0 F6000 X165.81 Y127.011
G0 X165.81 Y125.879
G0 X166.609 Y125.879
G1 F1200 X179.989 Y139.26 E2812.16419
G0 F6000 X180.79 Y139.26
G0 X180.79 Y138.129
G0 X179.989 Y138.129
G1 F1200 X166.609 Y124.748 E2814.6817
G0 F6000 X165.81 Y124.748
G0 X165.81 Y123.617
G0 X166.609 Y123.617
G1 F1200 X179.989 Y136.997 E2817.19911
G0 F6000 X180.79 Y136.997
G0 X180.79 Y135.866
G0 X179.989 Y135.866
G1 F1200 X166.609 Y122.485 E2819.71663
G0 F6000 X165.81 Y122.485
G0 X165.81 Y121.354
G0 X166.609 Y121.354
G1 F1200 X179.989 Y134.734 E2822.23404
G0 F6000 X180.79 Y134.734
G0 X180.79 Y133.603
G0 X179.989 Y133.603
G1 F1200 X166.609 Y120.223 E2824.75146
G0 F6000 X165.81 Y120.223
G0 X165.81 Y119.091
G0 X166.609 Y119.091
G1 F1200 X179.989 Y132.472 E2827.26897
G0 F6000 X180.79 Y132.472
G0 X180.79 Y131.34
G0 X179.989 Y131.34
G1 F1200 X166.609 Y117.96 E2829.78639
G0 F6000 X165.81 Y117.96
G0 X165.81 Y116.828
G0 X166.609 Y116.828
G1 F1200 X179.989 Y130.209 E2832.3039
G0 F6000 X180.79 Y130.209
G0 X180.79 Y129.078
G0 X179.989 Y129.078
G1 F1200 X166.609 Y115.697 E2834.82141
G0 F6000 X165.81 Y115.697
G0 X165.81 Y114.566
G0 X166.609 Y114.566
G1 F1200 X179.989 Y127.946 E2837.33882
G0 F6000 X180.79 Y127.946
G0 X180.79 Y126.815
G0 X179.989 Y126.815
G1 F1200 X166.609 Y113.434 E2839.85634
G0 F6000 X165.81 Y113.434
G0 X165.81 Y112.303
G0 X166.609 Y112.303
G1 F1200 X179.989 Y125.683 E2842.37375
G0 F6000 X180.79 Y125.683
G0 X180.79 Y124.552
G0 X179.989 Y124.552
G1 F1200 X166.609 Y111.172 E2844.89117
G0 F6000 X165.81 Y111.172
G0 X165.81 Y110.04
G0 X166.609 Y110.04
G1 F1200 X179.989 Y123.421 E2847.40868
G0 F6000 X180.79 Y123.421
G0 X180.79 Y122.289
G0 X179.989 Y122.289
G1 F1200 X166.609 Y108.909 E2849.9261
G0 F6000 X165.81 Y108.909
G0 X165.81 Y107.777
G0 X166.609 Y107.777
G1 F1200 X179.989 Y121.158 E2852.44361
G0 F6000 X180.79 Y121.158
G0 X180.79 Y120.027
G0 X179.989 Y120.027
G1 F1200 X166.609 Y106.646 E2854.96112
G0 F6000 X165.81 Y106.646
G0 X165.81 Y105.515
G0 X166.609 Y105.515
G1 F1200 X179.989 Y118.895 E2857.47853
G0 F6000 X180.79 Y118.895
G0 X180.79 Y117.764
G0 X179.989 Y117.764
G1 F1200 X166.609 Y104.383 E2859.99605
G0 F6000 X165.81 Y104.383
G0 X165.81 Y103.252
G0 X166.609 Y103.252
G1 F1200 X179.989 Y116.633 E2862.51356
G0 F6000 X180.79 Y116.633
G0 X180.79 Y115.501
G0 X179.989 Y115.501
G1 F1200 X166.609 Y102.121 E2865.03097
G0 F6000 X165.81 Y102.121
G0 X165.81 Y100.989
G0 X166.609 Y100.989
G1 F1200 X179.989 Y114.37 E2867.54848
G0 F6000 X180.79 Y114.37
G0 X180.79 Y113.238
G0 X179.989 Y113.238
G1 F1200 X166.609 Y99.858 E2870.0659
G0 F6000 X165.81 Y99.858
G0 X165.81 Y98.726
G0 X166.609 Y98.726
G1 F1200 X179.989 Y112.107 E2872.58341
G0 F6000 X180.79 Y112.107
G0 X180.79 Y110.976
G0 X179.989 Y110.976
G1 F1200 X166.609 Y97.595 E2875.10092
G0 F6000 X165.81 Y97.595
G0 X165.81 Y96.464
G0 X166.609 Y96.464
G1 F1200 X179.989 Y109.844 E2877.61834
G0 F6000 X180.79 Y109.844
G0 X180.79 Y108.713
G0 X179.989 Y108.713
G1 F1200 X166.609 Y95.332 E2880.13585
G0 F6000 X165.81 Y95.332
G0 X165.81 Y94.201
G0 X166.609 Y94.201
G1 F1200 X179.989 Y107.582 E2882.65336
G0 F6000 X180.79 Y107.582
G0 X180.79 Y106.45
G0 X179.989 Y106.45
G1 F1200 X166.609 Y93.07 E2885.17078
G0 F6000 X165.81 Y93.07
G0 X165.81 Y91.938
G0 X166.609 Y91.938
G1 F1200 X179.989 Y105.319 E2887.68829
G0 F6000 X180.79 Y105.319
G0 X180.79 Y104.187
G0 X179.989 Y104.187
G1 F1200 X166.609 Y90.807 E2890.2057
G0 F6000 X165.81 Y90.807
G0 X165.81 Y89.675
G0 X166.609 Y89.675
G1 F1200 X179.989 Y103.056 E2892.72321
G0 F6000 X180.79 Y103.056
G0 X180.79 Y101.925
G0 X179.989 Y101.925
G1 F1200 X166.609 Y88.544 E2895.24073
G0 F6000 X165.81 Y88.544
G0 X165.81 Y87.413
G0 X166.609 Y87.413
G1 F1200 X179.989 Y100.793 E2897.75814
G0 F6000 X180.79 Y100.793
G0 X180.79 Y99.662
G0 X179.989 Y99.662
G1 F1200 X166.609 Y86.281 E2900.27565
G0 F6000 X165.81 Y86.281
G0 X165.81 Y85.15
G0 X166.609 Y85.15
G1 F1200 X179.989 Y98.531 E2902.79316
G0 F6000 X180.79 Y98.531
G0 X180.79 Y97.399
G0 X179.989 Y97.399
G1 F1200 X166.609 Y84.019 E2905.31058
G0 F6000 X165.81 Y84.019
G0 X165.81 Y82.887
G0 X166.609 Y82.887
G1 F1200 X179.989 Y96.268 E2907.82809
G0 F6000 X180.79 Y96.268
G0 X180.79 Y95.136
G0 X179.989 Y95.136
G1 F1200 X166.609 Y81.756 E2910.34551
G0 F6000 X165.81 Y81.756
G0 X165.81 Y80.625
G0 X166.609 Y80.625
G1 F1200 X179.989 Y94.005 E2912.86292
G0 F6000 X180.79 Y94.005
G0 X180.79 Y92.874
G0 X179.989 Y92.874
G1 F1200 X166.609 Y79.493 E2915.38044
G0 F6000 X165.81 Y79.493
G0 X165.81 Y78.362
G0 X166.609 Y78.362
G1 F1200 X179.989 Y91.742 E2917.89785
G0 F6000 X180.79 Y91.742
G0 X180.79 Y90.611
G0 X179.989 Y90.611
G1 F1200 X166.609 Y77.23 E2920.41536
G0 F6000 X165.81 Y77.23
G0 X165.81 Y76.099
G0 X166.609 Y76.099
G1 F1200 X179.989 Y89.48 E2922.93287
G0 F6000 X180.79 Y89.48
G0 X180.79 Y88.348
G0 X179.989 Y88.348
G1 F1200 X166.609 Y74.968 E2925.45029
G0 F6000 X165.81 Y74.968
G0 X165.81 Y73.836
G0 X166.609 Y73.836
G1 F1200 X179.989 Y87.217 E2927.9678
G0 F6000 X180.79 Y87.217
G0 X180.79 Y86.086
G0 X179.989 Y86.086
G1 F1200 X166.609 Y72.705 E2930.48531
G0 F6000 X165.81 Y72.705
G0 X165.81 Y71.574
G0 X166.609 Y71.574
G1 F1200 X179.989 Y84.954 E2933.00273
G0 F6000 X180.79 Y84.954
G0 X180.79 Y83.823
G0 X179.989 Y83.823
G1 F1200 X166.609 Y70.442 E2935.52024
G0 F6000 X165.81 Y70.442
G0 X165.81 Y69.311
G0 X166.609 Y69.311
G1 F1200 X179.989 Y82.691 E2938.03766
G0 F6000 X180.79 Y82.691
G0 X180.79 Y81.56
G0 X179.989 Y81.56
G1 F1200 X166.609 Y68.179 E2940.55517
G0 F6000 X165.81 Y68.179
G0 X165.81 Y67.048
G0 X166.609 Y67.048
G1 F1200 X179.989 Y80.429 E2943.07268
G0 F6000 X180.79 Y80.429
G0 X180.79 Y79.297
G0 X179.989 Y79.297
G1 F1200 X166.609 Y65.917 E2945.59009
G0 F6000 X165.81 Y65.917
G0 X165.81 Y64.785
G0 X166.609 Y64.785
G1 F1200 X179.989 Y78.166 E2948.10761
G0 F6000 X180.79 Y78.166
G0 X180.79 Y77.035
G0 X179.989 Y77.035
G1 F1200 X166.609 Y63.654 E2950.62512
G0 F6000 X165.81 Y63.654
G0 X165.81 Y62.523
G0 X166.609 Y62.523
G1 F1200 X179.989 Y75.903 E2953.14253
G0 F6000 X180.79 Y75.903
G0 X180.79 Y74.772
G0 X179.989 Y74.772
G1 F1200 X166.609 Y61.391 E2955.66004
G0 F6000 X165.81 Y61.391
G0 X165.81 Y60.26
G0 X166.609 Y60.26
G1 F1200 X179.989 Y73.64 E2958.17746
G0 F6000 X180.79 Y73.64
G0 X180.79 Y72.509
G0 X179.989 Y72.509
G1 F1200 X166.609 Y59.128 E2960.69497
G0 F6000 X165.81 Y59.128
G0 X165.882 Y57.398
G0 X166.739 Y57.327
G0 X166.738 Y58.127
G1 F1200 X179.989 Y71.378 E2963.18812
G0 F6000 X180.79 Y71.378
G0 X180.79 Y70.246
G0 X179.989 Y70.246
G1 F1200 X167.869 Y58.127 E2965.46837
G0 F6000 X167.87 Y57.327
G0 X169.002 Y57.327
G0 X169.001 Y58.127
G1 F1200 X179.989 Y69.115 E2967.53574
G0 F6000 X180.79 Y69.115
G0 X180.79 Y67.984
G0 X179.989 Y67.984
G1 F1200 X170.132 Y58.127 E2969.39031
G0 F6000 X170.133 Y57.327
G0 X171.265 Y57.327
G0 X171.264 Y58.127
G1 F1200 X179.989 Y66.852 E2971.0319
G0 F6000 X180.79 Y66.852
G0 X180.79 Y65.721
G0 X179.989 Y65.721
G1 F1200 X172.395 Y58.127 E2972.4607
G0 F6000 X172.396 Y57.327
G0 X173.527 Y57.327
G0 X173.526 Y58.127
G1 F1200 X179.989 Y64.589 E2973.6766
G0 F6000 X180.79 Y64.589
G0 X180.79 Y63.458
G0 X179.989 Y63.458
G1 F1200 X174.658 Y58.127 E2974.67962
G0 F6000 X174.659 Y57.327
G0 X175.79 Y57.327
G0 X175.789 Y58.127
G1 F1200 X179.989 Y62.327 E2975.46984
G0 F6000 X180.79 Y62.327
G0 X180.79 Y61.195
G0 X179.989 Y61.195
G1 F1200 X176.92 Y58.127 E2976.04717
G0 F6000 X176.921 Y57.327
G0 X177.84 Y57.357
G0 X178.052 Y58.127
G1 F1200 X179.989 Y60.064 E2976.41161
G0 F6000 X180.79 Y60.064
G0 X180.79 Y58.933
G0 X179.989 Y58.933
G1 F1200 X179.166 Y58.11 E2976.56646
G0 F6000 X179.166 Y57.31
G0 X165.073 Y55.9
G0 X165.073 Y55.896
;TYPE:SKIN
G1 F1200 X164.912 Y55.734 E2976.58165
G1 F1500 E2970.08165
G0 F6000 X164.912 Y55.9
G0 X164.737 Y164.1
G1 F1500 E2976.58165
G0 F6000 X164.737 Y164.171
G1 F1200 X164.83 Y164.264 E2976.5904
G0 F6000 X165.1 Y163.4
G1 F1500 E2970.0904
;MESH:NONMESH
G0 F300 X165.1 Y163.4 Z0.8
G0 F6000 X164.32 Y163
G0 X162.835 Y163
G0 X162.661 Y165.04
G0 X162.04 Y165.661
G0 X79.06 Y165.661
G0 X78.439 Y165.04
G0 X78.265 Y163
G0 X76.78 Y163
G0 X75.6 Y163
;TIME_ELAPSED:1286.513276
;LAYER:1
;TYPE:WALL-INNER
;MESH:zanza fissa prolunga mobile.stl(3)
G1 F1500 E2976.5904
G1 F1350 X72 Y163 E2977.06934
G1 X72 Y162.931 E2977.07852
G1 X60 Y162.93 E2978.67501
G1 X60 Y57.468 E2992.70573
G1 X60 Y57.069 E2992.75881
G1 X60.399 Y57.069 E2992.79314
G1 X72 Y57.07 E2994.33654
G1 X72 Y57 E2994.34586
G1 X75.6 Y57 E2994.8248
G1 X75.6 Y163 E3008.9271
G0 F7500 X76.4 Y163.8
G1 F1350 X71.2 Y163.8 E3009.61891
G1 X71.2 Y163.731 E3009.62809
G1 X59.3 Y163.73 E3011.21127
G1 X59.3 Y163.8 E3011.22058
G1 X59.2 Y163.8 E3011.23389
G1 X59.2 Y163.73 E3011.23505
G1 X59.2 Y56.269 E3025.53172
G1 X59.2 Y56.2 E3025.5409
G1 X59.3 Y56.2 E3025.54835
G1 X59.3 Y56.269 E3025.5495
G1 X71.2 Y56.27 E3027.13268
G1 X71.2 Y56.2 E3027.14199
G1 X76.4 Y56.2 E3027.8338
G1 X76.4 Y163.8 E3042.14896
G0 F7500 X76.73 Y164.13
G0 X77.2 Y164.6
;TYPE:WALL-OUTER
G1 F1350 X70.4 Y164.6 E3043.05364
G1 X70.4 Y164.531 E3043.06282
G1 X60.1 Y164.53 E3044.43314
G1 X60.1 Y164.6 E3044.44245
G1 X58.4 Y164.6 E3044.66862
G1 X58.4 Y55.4 E3059.19665
G1 X60.1 Y55.4 E3059.42281
G1 X60.1 Y55.469 E3059.43199
G1 X70.4 Y55.47 E3060.80231
G1 X70.4 Y55.4 E3060.81162
G1 X77.2 Y55.4 E3061.7163
G1 X77.2 Y164.6 E3076.24433
G0 F7500 X76.73 Y164.13
G0 X75.29 Y162.21
G0 X74.81 Y162.21
;TYPE:SKIN
G1 F1350 X72.79 Y162.21 E3076.51307
G1 X72.79 Y162.141 E3076.52225
G1 X60.79 Y162.14 E3078.11874
G1 X60.79 Y57.859 E3091.99234
G1 X72.79 Y57.86 E3093.58882
G1 X72.79 Y57.79 E3093.59813
G1 X74.81 Y57.79 E3093.86688
G1 X74.81 Y162.21 E3107.75897
G0 F7500 X75.29 Y162.21
G0 X75.218 Y162.618
G0 X73.435 Y162.69
G0 X73.435 Y161.889
G1 F1350 X74.489 Y160.835 E3107.95728
G0 F7500 X75.29 Y160.835
G0 X75.29 Y159.704
G0 X74.489 Y159.704
G1 F1350 X72.373 Y161.82 E3108.3554
G0 F7500 X72.372 Y162.62
G0 X71.24 Y162.62
G0 X71.241 Y161.82
G1 F1350 X74.489 Y158.572 E3108.9665
G0 F7500 X75.29 Y158.572
G0 X75.29 Y157.441
G0 X74.489 Y157.441
G1 F1350 X70.11 Y161.82 E3109.7904
G0 F7500 X70.109 Y162.62
G0 X68.977 Y162.62
G0 X68.978 Y161.82
G1 F1350 X74.489 Y156.31 E3110.82719
G0 F7500 X75.29 Y156.31
G0 X75.29 Y155.178
G0 X74.489 Y155.178
G1 F1350 X67.847 Y161.82 E3112.07687
G0 F7500 X67.846 Y162.62
G0 X66.715 Y162.62
G0 X66.716 Y161.819
G1 F1350 X74.489 Y154.047 E3113.53924
G0 F7500 X75.29 Y154.047
G0 X75.29 Y152.916
G0 X74.489 Y152.916
G1 F1350 X65.585 Y161.819 E3115.21442
G0 F7500 X65.584 Y162.62
G0 X64.453 Y162.62
G0 X64.454 Y161.819
G1 F1350 X74.489 Y151.784 E3117.10248
G0 F7500 X75.29 Y151.784
G0 X75.29 Y150.653
G0 X74.489 Y150.653
G1 F1350 X63.322 Y161.819 E3119.20343
G0 F7500 X63.321 Y162.62
G0 X62.19 Y162.62
G0 X62.191 Y161.819
G1 F1350 X74.489 Y149.521 E3121.51727
G0 F7500 X75.29 Y149.521
G0 X75.29 Y148.39
G0 X74.489 Y148.39
G1 F1350 X61.11 Y161.769 E3124.0345
G0 F7500 X60.31 Y161.769
G0 X60.31 Y160.638
G0 X61.11 Y160.638
G1 F1350 X74.489 Y147.259 E3126.55173
G0 F7500 X75.29 Y147.259
G0 X75.29 Y146.127
G0 X74.489 Y146.127
G1 F1350 X61.11 Y159.507 E3129.06905
G0 F7500 X60.31 Y159.507
G0 X60.31 Y158.375
G0 X61.11 Y158.375
G1 F1350 X74.489 Y144.996 E3131.58628
G0 F7500 X75.29 Y144.996
G0 X75.29 Y143.865
G0 X74.489 Y143.865
G1 F1350 X61.11 Y157.244 E3134.10351
G0 F7500 X60.31 Y157.244
G0 X60.31 Y156.112
G0 X61.11 Y156.112
G1 F1350 X74.489 Y142.733 E3136.62074
G0 F7500 X75.29 Y142.733
G0 X75.29 Y141.602
G0 X74.489 Y141.602
G1 F1350 X61.11 Y154.981 E3139.13797
G0 F7500 X60.31 Y154.981
G0 X60.31 Y153.85
G0 X61.11 Y153.85
G1 F1350 X74.489 Y140.471 E3141.6552
G0 F7500 X75.29 Y140.471
G0 X75.29 Y139.339
G0 X74.489 Y139.339
G1 F1350 X61.11 Y152.718 E3144.17242
G0 F7500 X60.31 Y152.718
G0 X60.31 Y151.587
G0 X61.11 Y151.587
G1 F1350 X74.489 Y138.208 E3146.68965
G0 F7500 X75.29 Y138.208
G0 X75.29 Y137.076
G0 X74.489 Y137.076
G1 F1350 X61.11 Y150.456 E3149.20698
G0 F7500 X60.31 Y150.456
G0 X60.31 Y149.324
G0 X61.11 Y149.324
G1 F1350 X74.489 Y135.945 E3151.7242
G0 F7500 X75.29 Y135.945
G0 X75.29 Y134.814
G0 X74.489 Y134.814
G1 F1350 X61.11 Y148.193 E3154.24143
G0 F7500 X60.31 Y148.193
G0 X60.31 Y147.061
G0 X61.11 Y147.061
G1 F1350 X74.489 Y133.682 E3156.75866
G0 F7500 X75.29 Y133.682
G0 X75.29 Y132.551
G0 X74.489 Y132.551
G1 F1350 X61.11 Y145.93 E3159.27589
G0 F7500 X60.31 Y145.93
G0 X60.31 Y144.799
G0 X61.11 Y144.799
G1 F1350 X74.489 Y131.42 E3161.79312
G0 F7500 X75.29 Y131.42
G0 X75.29 Y130.288
G0 X74.489 Y130.288
G1 F1350 X61.11 Y143.667 E3164.31035
G0 F7500 X60.31 Y143.667
G0 X60.31 Y142.536
G0 X61.11 Y142.536
G1 F1350 X74.489 Y129.157 E3166.82758
G0 F7500 X75.29 Y129.157
G0 X75.29 Y128.025
G0 X74.489 Y128.025
G1 F1350 X61.11 Y141.405 E3169.3449
G0 F7500 X60.31 Y141.405
G0 X60.31 Y140.273
G0 X61.11 Y140.273
G1 F1350 X74.489 Y126.894 E3171.86213
G0 F7500 X75.29 Y126.894
G0 X75.29 Y125.763
G0 X74.489 Y125.763
G1 F1350 X61.11 Y139.142 E3174.37936
G0 F7500 X60.31 Y139.142
G0 X60.31 Y138.01
G0 X61.11 Y138.01
G1 F1350 X74.489 Y124.631 E3176.89658
G0 F7500 X75.29 Y124.631
G0 X75.29 Y123.5
G0 X74.489 Y123.5
G1 F1350 X61.11 Y136.879 E3179.41381
G0 F7500 X60.31 Y136.879
G0 X60.31 Y135.748
G0 X61.11 Y135.748
G1 F1350 X74.489 Y122.369 E3181.93104
G0 F7500 X75.29 Y122.369
G0 X75.29 Y121.237
G0 X74.489 Y121.237
G1 F1350 X61.11 Y134.616 E3184.44827
G0 F7500 X60.31 Y134.616
G0 X60.31 Y133.485
G0 X61.11 Y133.485
G1 F1350 X74.489 Y120.106 E3186.9655
G0 F7500 X75.29 Y120.106
G0 X75.29 Y118.974
G0 X74.489 Y118.974
G1 F1350 X61.11 Y132.354 E3189.48282
G0 F7500 X60.31 Y132.354
G0 X60.31 Y131.222
G0 X61.11 Y131.222
G1 F1350 X74.489 Y117.843 E3192.00005
G0 F7500 X75.29 Y117.843
G0 X75.29 Y116.712
G0 X74.489 Y116.712
G1 F1350 X61.11 Y130.091 E3194.51728
G0 F7500 X60.31 Y130.091
G0 X60.31 Y128.96
G0 X61.11 Y128.96
G1 F1350 X74.489 Y115.58 E3197.0346
G0 F7500 X75.29 Y115.58
G0 X75.29 Y114.449
G0 X74.489 Y114.449
G1 F1350 X61.11 Y127.828 E3199.55183
G0 F7500 X60.31 Y127.828
G0 X60.31 Y126.697
G0 X61.11 Y126.697
G1 F1350 X74.489 Y113.318 E3202.06906
G0 F7500 X75.29 Y113.318
G0 X75.29 Y112.186
G0 X74.489 Y112.186
G1 F1350 X61.11 Y125.565 E3204.58629
G0 F7500 X60.31 Y125.565
G0 X60.31 Y124.434
G0 X61.11 Y124.434
G1 F1350 X74.489 Y111.055 E3207.10351
G0 F7500 X75.29 Y111.055
G0 X75.29 Y109.923
G0 X74.489 Y109.923
G1 F1350 X61.11 Y123.303 E3209.62084
G0 F7500 X60.31 Y123.303
G0 X60.31 Y122.171
G0 X61.11 Y122.171
G1 F1350 X74.489 Y108.792 E3212.13807
G0 F7500 X75.29 Y108.792
G0 X75.29 Y107.661
G0 X74.489 Y107.661
G1 F1350 X61.11 Y121.04 E3214.65529
G0 F7500 X60.31 Y121.04
G0 X60.31 Y119.909
G0 X61.11 Y119.909
G1 F1350 X74.489 Y106.529 E3217.17262
G0 F7500 X75.29 Y106.529
G0 X75.29 Y105.398
G0 X74.489 Y105.398
G1 F1350 X61.11 Y118.777 E3219.68985
G0 F7500 X60.31 Y118.777
G0 X60.31 Y117.646
G0 X61.11 Y117.646
G1 F1350 X74.489 Y104.267 E3222.20707
G0 F7500 X75.29 Y104.267
G0 X75.29 Y103.135
G0 X74.489 Y103.135
G1 F1350 X61.11 Y116.514 E3224.7243
G0 F7500 X60.31 Y116.514
G0 X60.31 Y115.383
G0 X61.11 Y115.383
G1 F1350 X74.489 Y102.004 E3227.24153
G0 F7500 X75.29 Y102.004
G0 X75.29 Y100.873
G0 X74.489 Y100.873
G1 F1350 X61.11 Y114.252 E3229.75876
G0 F7500 X60.31 Y114.252
G0 X60.31 Y113.12
G0 X61.11 Y113.12
G1 F1350 X74.489 Y99.741 E3232.27599
G0 F7500 X75.29 Y99.741
G0 X75.29 Y98.61
G0 X74.489 Y98.61
G1 F1350 X61.11 Y111.989 E3234.79322
G0 F7500 X60.31 Y111.989
G0 X60.31 Y110.858
G0 X61.11 Y110.858
G1 F1350 X74.489 Y97.478 E3237.31054
G0 F7500 X75.29 Y97.478
G0 X75.29 Y96.347
G0 X74.489 Y96.347
G1 F1350 X61.11 Y109.726 E3239.82777
G0 F7500 X60.31 Y109.726
G0 X60.31 Y108.595
G0 X61.11 Y108.595
G1 F1350 X74.489 Y95.216 E3242.345
G0 F7500 X75.29 Y95.216
G0 X75.29 Y94.084
G0 X74.489 Y94.084
G1 F1350 X61.11 Y107.463 E3244.86223
G0 F7500 X60.31 Y107.463
G0 X60.31 Y106.332
G0 X61.11 Y106.332
G1 F1350 X74.489 Y92.953 E3247.37945
G0 F7500 X75.29 Y92.953
G0 X75.29 Y91.822
G0 X74.489 Y91.822
G1 F1350 X61.11 Y105.201 E3249.89668
G0 F7500 X60.31 Y105.201
G0 X60.31 Y104.069
G0 X61.11 Y104.069
G1 F1350 X74.489 Y90.69 E3252.41391
G0 F7500 X75.29 Y90.69
G0 X75.29 Y89.559
G0 X74.489 Y89.559
G1 F1350 X61.11 Y102.938 E3254.93114
G0 F7500 X60.31 Y102.938
G0 X60.31 Y101.807
G0 X61.11 Y101.807
G1 F1350 X74.489 Y88.427 E3257.44846
G0 F7500 X75.29 Y88.427
G0 X75.29 Y87.296
G0 X74.489 Y87.296
G1 F1350 X61.11 Y100.675 E3259.96569
G0 F7500 X60.31 Y100.675
G0 X60.31 Y99.544
G0 X61.11 Y99.544
G1 F1350 X74.489 Y86.165 E3262.48292
G0 F7500 X75.29 Y86.165
G0 X75.29 Y85.033
G0 X74.489 Y85.033
G1 F1350 X61.11 Y98.413 E3265.00024
G0 F7500 X60.31 Y98.413
G0 X60.31 Y97.281
G0 X61.11 Y97.281
G1 F1350 X74.489 Y83.902 E3267.51747
G0 F7500 X75.29 Y83.902
G0 X75.29 Y82.771
G0 X74.489 Y82.771
G1 F1350 X61.11 Y96.15 E3270.0347
G0 F7500 X60.31 Y96.15
G0 X60.31 Y95.018
G0 X61.11 Y95.018
G1 F1350 X74.489 Y81.639 E3272.55193
G0 F7500 X75.29 Y81.639
G0 X75.29 Y80.508
G0 X74.489 Y80.508
G1 F1350 X61.11 Y93.887 E3275.06916
G0 F7500 X60.31 Y93.887
G0 X60.31 Y92.756
G0 X61.11 Y92.756
G1 F1350 X74.489 Y79.376 E3277.58648
G0 F7500 X75.29 Y79.376
G0 X75.29 Y78.245
G0 X74.489 Y78.245
G1 F1350 X61.11 Y91.624 E3280.10371
G0 F7500 X60.31 Y91.624
G0 X60.31 Y90.493
G0 X61.11 Y90.493
G1 F1350 X74.489 Y77.114 E3282.62094
G0 F7500 X75.29 Y77.114
G0 X75.29 Y75.982
G0 X74.489 Y75.982
G1 F1350 X61.11 Y89.362 E3285.13826
G0 F7500 X60.31 Y89.362
G0 X60.31 Y88.23
G0 X61.11 Y88.23
G1 F1350 X74.489 Y74.851 E3287.65549
G0 F7500 X75.29 Y74.851
G0 X75.29 Y73.72
G0 X74.489 Y73.72
G1 F1350 X61.11 Y87.099 E3290.17272
G0 F7500 X60.31 Y87.099
G0 X60.31 Y85.967
G0 X61.11 Y85.967
G1 F1350 X74.489 Y72.588 E3292.68994
G0 F7500 X75.29 Y72.588
G0 X75.29 Y71.457
G0 X74.489 Y71.457
G1 F1350 X61.11 Y84.836 E3295.20717
G0 F7500 X60.31 Y84.836
G0 X60.31 Y83.705
G0 X61.11 Y83.705
G1 F1350 X74.489 Y70.326 E3297.7244
G0 F7500 X75.29 Y70.326
G0 X75.29 Y69.194
G0 X74.489 Y69.194
G1 F1350 X61.11 Y82.573 E3300.24163
G0 F7500 X60.31 Y82.573
G0 X60.31 Y81.442
G0 X61.11 Y81.442
G1 F1350 X74.489 Y68.063 E3302.75886
G0 F7500 X75.29 Y68.063
G0 X75.29 Y66.931
G0 X74.489 Y66.931
G1 F1350 X61.11 Y80.311 E3305.27618
G0 F7500 X60.31 Y80.311
G0 X60.31 Y79.179
G0 X61.11 Y79.179
G1 F1350 X74.489 Y65.8 E3307.79341
G0 F7500 X75.29 Y65.8
G0 X75.29 Y64.669
G0 X74.489 Y64.669
G1 F1350 X61.11 Y78.048 E3310.31064
G0 F7500 X60.31 Y78.048
G0 X60.31 Y76.916
G0 X61.11 Y76.916
G1 F1350 X74.489 Y63.537 E3312.82787
G0 F7500 X75.29 Y63.537
G0 X75.29 Y62.406
G0 X74.489 Y62.406
G1 F1350 X61.11 Y75.785 E3315.3451
G0 F7500 X60.31 Y75.785
G0 X60.31 Y74.654
G0 X61.11 Y74.654
G1 F1350 X74.489 Y61.275 E3317.86232
G0 F7500 X75.29 Y61.275
G0 X75.29 Y60.143
G0 X74.489 Y60.143
G1 F1350 X61.11 Y73.522 E3320.37955
G0 F7500 X60.31 Y73.522
G0 X60.31 Y72.391
G0 X61.11 Y72.391
G1 F1350 X74.489 Y59.012 E3322.89678
G0 F7500 X74.26 Y58.11
G1 F1350 X61.11 Y71.26 E3325.37092
G0 F7500 X60.31 Y71.26
G0 X60.31 Y70.128
G0 X61.11 Y70.128
G1 F1350 X73.059 Y58.179 E3327.6191
G0 F7500 X73.059 Y57.31
G0 X71.929 Y57.38
G0 X71.928 Y58.179
G1 F1350 X61.11 Y68.997 E3329.65448
G0 F7500 X60.31 Y68.997
G0 X60.31 Y67.865
G0 X61.11 Y67.865
G1 F1350 X70.796 Y58.179 E3331.47688
G0 F7500 X70.797 Y57.38
G0 X69.666 Y57.38
G0 X69.665 Y58.179
G1 F1350 X61.11 Y66.734 E3333.08649
G0 F7500 X60.31 Y66.734
G0 X60.31 Y65.603
G0 X61.11 Y65.603
G1 F1350 X68.534 Y58.179 E3334.4833
G0 F7500 X68.535 Y57.38
G0 X67.403 Y57.38
G0 X67.402 Y58.179
G1 F1350 X61.11 Y64.471 E3335.66712
G0 F7500 X60.31 Y64.471
G0 X60.31 Y63.34
G0 X61.11 Y63.34
G1 F1350 X66.271 Y58.179 E3336.63815
G0 F7500 X66.272 Y57.38
G0 X65.141 Y57.38
G0 X65.14 Y58.179
G1 F1350 X61.11 Y62.209 E3337.39639
G0 F7500 X60.31 Y62.209
G0 X60.31 Y61.077
G0 X61.11 Y61.077
G1 F1350 X64.008 Y58.179 E3337.94164
G0 F7500 X64.009 Y57.38
G0 X62.878 Y57.38
G0 X62.877 Y58.179
G1 F1350 X61.11 Y59.946 E3338.2741
G0 F7500 X60.31 Y59.946
G0 X60.31 Y58.815
G0 X61.11 Y58.815
G1 F1350 X61.745 Y58.179 E3338.39366
G0 F7500 X61.746 Y56.68
G1 F1500 E3331.89366
;MESH:zanza fissa prolunga mobile.stl(2)
G0 F7500 X75.218 Y57.382
G0 X76.78 Y162.931
G0 X79.92 Y162.931
G0 X96.7 Y162.931
;TYPE:WALL-INNER
G1 F1500 E3338.39366
G1 F1350 X96.301 Y162.931 E3338.44675
G1 X84.7 Y162.93 E3339.99015
G1 X84.7 Y163 E3339.99946
G1 X81.1 Y163 E3340.47841
G1 X81.1 Y57 E3354.58071
G1 X84.7 Y57 E3355.05965
G1 X84.7 Y57.069 E3355.06883
G1 X96.7 Y57.07 E3356.66532
G1 X96.7 Y162.532 E3370.69604
G1 X96.7 Y162.931 E3370.73036
G0 F7500 X97.5 Y163.8
G1 F1350 X97.4 Y163.8 E3370.74367
G1 X97.4 Y163.731 E3370.74699
G1 X85.5 Y163.73 E3372.33017
G1 X85.5 Y163.8 E3372.33948
G1 X80.3 Y163.8 E3373.03129
G1 X80.3 Y56.2 E3387.34646
G1 X85.5 Y56.2 E3388.03827
G1 X85.5 Y56.269 E3388.04745
G1 X97.4 Y56.27 E3389.63063
G1 X97.4 Y56.2 E3389.63994
G1 X97.5 Y56.2 E3389.65325
G1 X97.5 Y56.27 E3389.65441
G1 X97.5 Y163.731 E3403.94522
G1 X97.5 Y163.8 E3403.94637
G0 F7500 X97.83 Y164.13
G0 X98.3 Y164.6
;TYPE:WALL-OUTER
G1 F1350 X96.6 Y164.6 E3404.17254
G1 X96.6 Y164.531 E3404.18172
G1 X86.3 Y164.53 E3405.55203
G1 X86.3 Y164.6 E3405.56135
G1 X79.5 Y164.6 E3406.46602
G1 X79.5 Y55.4 E3420.99405
G1 X86.3 Y55.4 E3421.89873
G1 X86.3 Y55.469 E3421.90791
G1 X96.6 Y55.47 E3423.27822
G1 X96.6 Y55.4 E3423.28754
G1 X98.3 Y55.4 E3423.5137
G1 X98.3 Y164.6 E3438.04173
G0 F7500 X97.83 Y164.13
G0 X95.909 Y162.62
G0 X95.91 Y162.141
;TYPE:SKIN
G1 F1350 X83.91 Y162.14 E3439.63822
G1 X83.91 Y162.21 E3439.64753
G1 X81.89 Y162.21 E3439.91627
G1 X81.89 Y57.79 E3453.80837
G1 X83.91 Y57.79 E3454.07711
G1 X83.91 Y57.859 E3454.08629
G1 X95.91 Y57.86 E3455.68277
G1 X95.91 Y162.141 E3469.55637
G0 F7500 X95 Y161.82
G1 F1350 X95.589 Y161.231 E3469.66719
G0 F7500 X96.39 Y161.231
G0 X96.39 Y160.1
G0 X95.589 Y160.1
G1 F1350 X93.869 Y161.82 E3469.99081
G0 F7500 X93.868 Y162.62
G0 X92.736 Y162.62
G0 X92.737 Y161.82
G1 F1350 X95.589 Y158.968 E3470.52741
G0 F7500 X96.39 Y158.968
G0 X96.39 Y157.837
G0 X95.589 Y157.837
G1 F1350 X91.606 Y161.82 E3471.2768
G0 F7500 X91.605 Y162.62
G0 X90.474 Y162.62
G0 X90.475 Y161.82
G1 F1350 X95.589 Y156.706 E3472.23899
G0 F7500 X96.39 Y156.706
G0 X96.39 Y155.574
G0 X95.589 Y155.574
G1 F1350 X89.344 Y161.819 E3473.41397
G0 F7500 X89.343 Y162.62
G0 X88.211 Y162.62
G0 X88.212 Y161.819
G1 F1350 X95.589 Y154.443 E3474.80184
G0 F7500 X96.39 Y154.443
G0 X96.39 Y153.312
G0 X95.589 Y153.312
G1 F1350 X87.081 Y161.819 E3476.40251
G0 F7500 X87.08 Y162.62
G0 X85.949 Y162.62
G0 X85.95 Y161.819
G1 F1350 X95.589 Y152.18 E3478.21606
G0 F7500 X96.39 Y152.18
G0 X96.39 Y151.049
G0 X95.589 Y151.049
G1 F1350 X84.818 Y161.819 E3480.24251
G0 F7500 X84.817 Y162.62
G0 X83.687 Y162.69
G0 X83.687 Y161.819
G1 F1350 X95.589 Y149.917 E3482.48184
G0 F7500 X96.39 Y149.917
G0 X96.39 Y148.786
G0 X95.589 Y148.786
G1 F1350 X82.486 Y161.889 E3484.94714
G0 F7500 X82.209 Y161.035
G1 F1350 X95.589 Y147.655 E3487.46456
G0 F7500 X96.39 Y147.655
G0 X96.39 Y146.523
G0 X95.589 Y146.523
G1 F1350 X82.209 Y159.903 E3489.98198
G0 F7500 X81.41 Y159.903
G0 X81.41 Y158.772
G0 X82.209 Y158.772
G1 F1350 X95.589 Y145.392 E3492.49939
G0 F7500 X96.39 Y145.392
G0 X96.39 Y144.261
G0 X95.589 Y144.261
G1 F1350 X82.209 Y157.64 E3495.01671
G0 F7500 X81.41 Y157.64
G0 X81.41 Y156.509
G0 X82.209 Y156.509
G1 F1350 X95.589 Y143.129 E3497.53413
G0 F7500 X96.39 Y143.129
G0 X96.39 Y141.998
G0 X95.589 Y141.998
G1 F1350 X82.209 Y155.378 E3500.05155
G0 F7500 X81.41 Y155.378
G0 X81.41 Y154.246
G0 X82.209 Y154.246
G1 F1350 X95.589 Y140.866 E3502.56896
G0 F7500 X96.39 Y140.866
G0 X96.39 Y139.735
G0 X95.589 Y139.735
G1 F1350 X82.209 Y153.115 E3505.08638
G0 F7500 X81.41 Y153.115
G0 X81.41 Y151.984
G0 X82.209 Y151.984
G1 F1350 X95.589 Y138.604 E3507.6038
G0 F7500 X96.39 Y138.604
G0 X96.39 Y137.472
G0 X95.589 Y137.472
G1 F1350 X82.209 Y150.852 E3510.12121
G0 F7500 X81.41 Y150.852
G0 X81.41 Y149.721
G0 X82.209 Y149.721
G1 F1350 X95.589 Y136.341 E3512.63863
G0 F7500 X96.39 Y136.341
G0 X96.39 Y135.21
G0 X95.589 Y135.21
G1 F1350 X82.209 Y148.59 E3515.15605
G0 F7500 X81.41 Y148.59
G0 X81.41 Y147.458
G0 X82.209 Y147.458
G1 F1350 X95.589 Y134.078 E3517.67347
G0 F7500 X96.39 Y134.078
G0 X96.39 Y132.947
G0 X95.589 Y132.947
G1 F1350 X82.209 Y146.327 E3520.19088
G0 F7500 X81.41 Y146.327
G0 X81.41 Y145.195
G0 X82.209 Y145.195
G1 F1350 X95.589 Y131.816 E3522.7082
G0 F7500 X96.39 Y131.816
G0 X96.39 Y130.684
G0 X95.589 Y130.684
G1 F1350 X82.209 Y144.064 E3525.22562
G0 F7500 X81.41 Y144.064
G0 X81.41 Y142.933
G0 X82.209 Y142.933
G1 F1350 X95.589 Y129.553 E3527.74304
G0 F7500 X96.39 Y129.553
G0 X96.39 Y128.421
G0 X95.589 Y128.421
G1 F1350 X82.209 Y141.801 E3530.26045
G0 F7500 X81.41 Y141.801
G0 X81.41 Y140.67
G0 X82.209 Y140.67
G1 F1350 X95.589 Y127.29 E3532.77787
G0 F7500 X96.39 Y127.29
G0 X96.39 Y126.159
G0 X95.589 Y126.159
G1 F1350 X82.209 Y139.539 E3535.29529
G0 F7500 X81.41 Y139.539
G0 X81.41 Y138.407
G0 X82.209 Y138.407
G1 F1350 X95.589 Y125.027 E3537.8127
G0 F7500 X96.39 Y125.027
G0 X96.39 Y123.896
G0 X95.589 Y123.896
G1 F1350 X82.209 Y137.276 E3540.33012
G0 F7500 X81.41 Y137.276
G0 X81.41 Y136.144
G0 X82.209 Y136.144
G1 F1350 X95.589 Y122.765 E3542.84744
G0 F7500 X96.39 Y122.765
G0 X96.39 Y121.633
G0 X95.589 Y121.633
G1 F1350 X82.209 Y135.013 E3545.36486
G0 F7500 X81.41 Y135.013
G0 X81.41 Y133.882
G0 X82.209 Y133.882
G1 F1350 X95.589 Y120.502 E3547.88228
G0 F7500 X96.39 Y120.502
G0 X96.39 Y119.37
G0 X95.589 Y119.37
G1 F1350 X82.209 Y132.75 E3550.39969
G0 F7500 X81.41 Y132.75
G0 X81.41 Y131.619
G0 X82.209 Y131.619
G1 F1350 X95.589 Y118.239 E3552.91711
G0 F7500 X96.39 Y118.239
G0 X96.39 Y117.108
G0 X95.589 Y117.108
G1 F1350 X82.209 Y130.488 E3555.43453
G0 F7500 X81.41 Y130.488
G0 X81.41 Y129.356
G0 X82.209 Y129.356
G1 F1350 X95.589 Y115.976 E3557.95194
G0 F7500 X96.39 Y115.976
G0 X96.39 Y114.845
G0 X95.589 Y114.845
G1 F1350 X82.209 Y128.225 E3560.46936
G0 F7500 X81.41 Y128.225
G0 X81.41 Y127.093
G0 X82.209 Y127.093
G1 F1350 X95.589 Y113.714 E3562.98668
G0 F7500 X96.39 Y113.714
G0 X96.39 Y112.582
G0 X95.589 Y112.582
G1 F1350 X82.209 Y125.962 E3565.5041
G0 F7500 X81.41 Y125.962
G0 X81.41 Y124.831
G0 X82.209 Y124.831
G1 F1350 X95.589 Y111.451 E3568.02152
G0 F7500 X96.39 Y111.451
G0 X96.39 Y110.319
G0 X95.589 Y110.319
G1 F1350 X82.209 Y123.699 E3570.53893
G0 F7500 X81.41 Y123.699
G0 X81.41 Y122.568
G0 X82.209 Y122.568
G1 F1350 X95.588 Y109.189 E3573.05616
G0 F7500 X96.39 Y109.189
G0 X96.39 Y108.057
G0 X95.588 Y108.057
G1 F1350 X82.209 Y121.437 E3575.57349
G0 F7500 X81.41 Y121.437
G0 X81.41 Y120.305
G0 X82.209 Y120.305
G1 F1350 X95.588 Y106.926 E3578.09071
G0 F7500 X96.39 Y106.926
G0 X96.39 Y105.795
G0 X95.588 Y105.795
G1 F1350 X82.209 Y119.174 E3580.60794
G0 F7500 X81.41 Y119.174
G0 X81.41 Y118.042
G0 X82.209 Y118.042
G1 F1350 X95.588 Y104.663 E3583.12517
G0 F7500 X96.39 Y104.663
G0 X96.39 Y103.532
G0 X95.588 Y103.532
G1 F1350 X82.209 Y116.911 E3585.6424
G0 F7500 X81.41 Y116.911
G0 X81.41 Y115.78
G0 X82.209 Y115.78
G1 F1350 X95.588 Y102.401 E3588.15963
G0 F7500 X96.39 Y102.401
G0 X96.39 Y101.269
G0 X95.588 Y101.269
G1 F1350 X82.209 Y114.648 E3590.67686
G0 F7500 X81.41 Y114.648
G0 X81.41 Y113.517
G0 X82.209 Y113.517
G1 F1350 X95.588 Y100.138 E3593.19408
G0 F7500 X96.39 Y100.138
G0 X96.39 Y99.006
G0 X95.588 Y99.006
G1 F1350 X82.209 Y112.386 E3595.71141
G0 F7500 X81.41 Y112.386
G0 X81.41 Y111.254
G0 X82.209 Y111.254
G1 F1350 X95.588 Y97.875 E3598.22864
G0 F7500 X96.39 Y97.875
G0 X96.39 Y96.744
G0 X95.588 Y96.744
G1 F1350 X82.209 Y110.123 E3600.74586
G0 F7500 X81.41 Y110.123
G0 X81.41 Y108.992
G0 X82.209 Y108.992
G1 F1350 X95.588 Y95.612 E3603.26319
G0 F7500 X96.39 Y95.612
G0 X96.39 Y94.481
G0 X95.588 Y94.481
G1 F1350 X82.209 Y107.86 E3605.78042
G0 F7500 X81.41 Y107.86
G0 X81.41 Y106.729
G0 X82.209 Y106.729
G1 F1350 X95.588 Y93.35 E3608.29764
G0 F7500 X96.39 Y93.35
G0 X96.39 Y92.218
G0 X95.588 Y92.218
G1 F1350 X82.209 Y105.597 E3610.81487
G0 F7500 X81.41 Y105.597
G0 X81.41 Y104.466
G0 X82.209 Y104.466
G1 F1350 X95.588 Y91.087 E3613.3321
G0 F7500 X96.39 Y91.087
G0 X96.39 Y89.956
G0 X95.588 Y89.956
G1 F1350 X82.209 Y103.335 E3615.84933
G0 F7500 X81.41 Y103.335
G0 X81.41 Y102.203
G0 X82.209 Y102.203
G1 F1350 X95.588 Y88.824 E3618.36656
G0 F7500 X96.39 Y88.824
G0 X96.39 Y87.693
G0 X95.588 Y87.693
G1 F1350 X82.209 Y101.072 E3620.88379
G0 F7500 X81.41 Y101.072
G0 X81.41 Y99.941
G0 X82.209 Y99.941
G1 F1350 X95.588 Y86.561 E3623.40111
G0 F7500 X96.39 Y86.561
G0 X96.39 Y85.43
G0 X95.588 Y85.43
G1 F1350 X82.209 Y98.809 E3625.91834
G0 F7500 X81.41 Y98.809
G0 X81.41 Y97.678
G0 X82.209 Y97.678
G1 F1350 X95.588 Y84.299 E3628.43557
G0 F7500 X96.39 Y84.299
G0 X96.39 Y83.167
G0 X95.588 Y83.167
G1 F1350 X82.209 Y96.546 E3630.9528
G0 F7500 X81.41 Y96.546
G0 X81.41 Y95.415
G0 X82.209 Y95.415
G1 F1350 X95.588 Y82.036 E3633.47002
G0 F7500 X96.39 Y82.036
G0 X96.39 Y80.905
G0 X95.588 Y80.905
G1 F1350 X82.209 Y94.284 E3635.98725
G0 F7500 X81.41 Y94.284
G0 X81.41 Y93.152
G0 X82.209 Y93.152
G1 F1350 X95.588 Y79.773 E3638.50448
G0 F7500 X96.39 Y79.773
G0 X96.39 Y78.642
G0 X95.588 Y78.642
G1 F1350 X82.209 Y92.021 E3641.02171
G0 F7500 X81.41 Y92.021
G0 X81.41 Y90.89
G0 X82.209 Y90.89
G1 F1350 X95.588 Y77.51 E3643.53903
G0 F7500 X96.39 Y77.51
G0 X96.39 Y76.379
G0 X95.588 Y76.379
G1 F1350 X82.209 Y89.758 E3646.05626
G0 F7500 X81.41 Y89.758
G0 X81.41 Y88.627
G0 X82.209 Y88.627
G1 F1350 X95.588 Y75.248 E3648.57349
G0 F7500 X96.39 Y75.248
G0 X96.39 Y74.116
G0 X95.588 Y74.116
G1 F1350 X82.209 Y87.495 E3651.09072
G0 F7500 X81.41 Y87.495
G0 X81.41 Y86.364
G0 X82.209 Y86.364
G1 F1350 X95.588 Y72.985 E3653.60795
G0 F7500 X96.39 Y72.985
G0 X96.39 Y71.854
G0 X95.588 Y71.854
G1 F1350 X82.209 Y85.233 E3656.12518
G0 F7500 X81.41 Y85.233
G0 X81.41 Y84.101
G0 X82.209 Y84.101
G1 F1350 X95.588 Y70.722 E3658.6424
G0 F7500 X96.39 Y70.722
G0 X96.39 Y69.591
G0 X95.588 Y69.591
G1 F1350 X82.209 Y82.97 E3661.15963
G0 F7500 X81.41 Y82.97
G0 X81.41 Y81.839
G0 X82.209 Y81.839
G1 F1350 X95.588 Y68.459 E3663.67696
G0 F7500 X96.39 Y68.459
G0 X96.39 Y67.328
G0 X95.588 Y67.328
G1 F1350 X82.209 Y80.707 E3666.19418
G0 F7500 X81.41 Y80.707
G0 X81.41 Y79.576
G0 X82.209 Y79.576
G1 F1350 X95.588 Y66.197 E3668.71141
G0 F7500 X96.39 Y66.197
G0 X96.39 Y65.065
G0 X95.588 Y65.065
G1 F1350 X82.209 Y78.445 E3671.22873
G0 F7500 X81.41 Y78.445
G0 X81.41 Y77.313
G0 X82.209 Y77.313
G1 F1350 X95.588 Y63.934 E3673.74596
G0 F7500 X96.39 Y63.934
G0 X96.39 Y62.803
G0 X95.588 Y62.803
G1 F1350 X82.209 Y76.182 E3676.26319
G0 F7500 X81.41 Y76.182
G0 X81.41 Y75.05
G0 X82.209 Y75.05
G1 F1350 X95.588 Y61.671 E3678.78042
G0 F7500 X96.39 Y61.671
G0 X96.39 Y60.54
G0 X95.588 Y60.54
G1 F1350 X82.209 Y73.919 E3681.29765
G0 F7500 X81.41 Y73.919
G0 X81.41 Y72.788
G0 X82.209 Y72.788
G1 F1350 X95.588 Y59.408 E3683.81497
G0 F7500 X96.39 Y59.408
G0 X96.39 Y58.277
G0 X95.588 Y58.277
G1 F1350 X82.209 Y71.656 E3686.3322
G0 F7500 X81.41 Y71.656
G0 X81.41 Y70.525
G0 X82.209 Y70.525
G1 F1350 X94.555 Y58.179 E3688.65507
G0 F7500 X94.556 Y57.38
G0 X93.425 Y57.38
G0 X93.424 Y58.179
G1 F1350 X82.209 Y69.394 E3690.76515
G0 F7500 X81.41 Y69.394
G0 X81.41 Y68.262
G0 X82.209 Y68.262
G1 F1350 X92.292 Y58.179 E3692.66224
G0 F7500 X92.293 Y57.38
G0 X91.162 Y57.38
G0 X91.161 Y58.179
G1 F1350 X82.209 Y67.131 E3694.34654
G0 F7500 X81.41 Y67.131
G0 X81.41 Y65.999
G0 X82.209 Y65.999
G1 F1350 X90.03 Y58.179 E3695.81795
G0 F7500 X90.031 Y57.38
G0 X88.9 Y57.38
G0 X88.899 Y58.178
G1 F1350 X82.209 Y64.868 E3697.07666
G0 F7500 X81.41 Y64.868
G0 X81.41 Y63.737
G0 X82.209 Y63.737
G1 F1350 X87.768 Y58.178 E3698.12257
G0 F7500 X87.769 Y57.38
G0 X86.637 Y57.38
G0 X86.636 Y58.178
G1 F1350 X82.209 Y62.605 E3698.9555
G0 F7500 X81.41 Y62.605
G0 X81.41 Y61.474
G0 X82.209 Y61.474
G1 F1350 X85.505 Y58.178 E3699.57564
G0 F7500 X85.506 Y57.38
G0 X84.375 Y57.38
G0 X84.374 Y58.178
G1 F1350 X82.209 Y60.343 E3699.98298
G0 F7500 X81.41 Y60.343
G0 X81.41 Y59.211
G0 X82.209 Y59.211
G1 F1350 X83.311 Y58.11 E3700.19022
G0 F7500 X83.311 Y56.61
G1 F1500 E3693.69022
;MESH:zanza fissa prolunga mobile.stl
G0 F7500 X96.318 Y57.452
G0 X97.88 Y163
G0 X101.02 Y163
G0 X114.2 Y163
;TYPE:WALL-INNER
G1 F1500 E3700.19022
G1 F1350 X114.2 Y162.931 E3700.1994
G1 X102.2 Y162.93 E3701.79589
G1 X102.2 Y57.468 E3715.82661
G1 X102.2 Y57.069 E3715.87969
G1 X102.599 Y57.069 E3715.91402
G1 X114.2 Y57.07 E3717.45742
G1 X114.2 Y57 E3717.46673
G1 X117.8 Y57 E3717.94568
G1 X117.8 Y163 E3732.04798
G1 X114.2 Y163 E3732.52692
G0 F7500 X113.4 Y163.8
G1 F1350 X113.4 Y163.731 E3732.5361
G1 X101.5 Y163.73 E3734.11928
G1 X101.5 Y163.8 E3734.1286
G1 X101.4 Y163.8 E3734.1419
G1 X101.4 Y163.73 E3734.14307
G1 X101.4 Y56.269 E3748.43974
G1 X101.4 Y56.2 E3748.44892
G1 X101.5 Y56.2 E3748.45636
G1 X101.5 Y56.269 E3748.45751
G1 X113.4 Y56.27 E3750.04069
G1 X113.4 Y56.2 E3750.05
G1 X118.6 Y56.2 E3750.74181
G1 X118.6 Y163.8 E3765.05698
G1 X113.4 Y163.8 E3765.74879
G0 F7500 X112.601 Y164.031
G0 X112.6 Y164.531
;TYPE:WALL-OUTER
G1 F1350 X102.3 Y164.53 E3767.1191
G1 X102.3 Y164.6 E3767.12842
G1 X100.6 Y164.6 E3767.35459
G1 X100.6 Y55.4 E3781.88261
G1 X102.3 Y55.4 E3782.10878
G1 X102.3 Y55.469 E3782.11796
G1 X112.6 Y55.47 E3783.48828
G1 X112.6 Y55.4 E3783.49759
G1 X119.4 Y55.4 E3784.40227
G1 X119.4 Y164.6 E3798.9303
G1 X112.6 Y164.6 E3799.83497
G1 X112.6 Y164.531 E3799.84415
G0 F7500 X113.222 Y163.72
G0 X114.99 Y162.69
G0 X114.99 Y162.21
;TYPE:SKIN
G1 F1350 X114.99 Y162.141 E3799.85333
G1 X102.99 Y162.14 E3801.44982
G1 X102.99 Y57.859 E3815.32342
G1 X114.99 Y57.86 E3816.9199
G1 X114.99 Y57.79 E3816.92922
G1 X117.01 Y57.79 E3817.19796
G1 X117.01 Y162.21 E3831.09005
G1 X114.99 Y162.21 E3831.35879
G0 F7500 X114.99 Y162.69
G0 X116.427 Y162.69
G0 X116.427 Y161.889
G1 F1350 X116.689 Y161.627 E3831.40809
G0 F7500 X117.49 Y161.627
G0 X117.49 Y160.496
G0 X116.689 Y160.496
G1 F1350 X115.31 Y161.875 E3831.66754
G0 F7500 X115.31 Y162.69
G0 X114.232 Y162.62
G0 X114.233 Y161.82
G1 F1350 X116.689 Y159.364 E3832.12964
G0 F7500 X117.49 Y159.364
G0 X117.49 Y158.233
G0 X116.689 Y158.233
G1 F1350 X113.102 Y161.82 E3832.80452
G0 F7500 X113.101 Y162.62
G0 X111.97 Y162.62
G0 X111.971 Y161.82
G1 F1350 X116.689 Y157.102 E3833.6922
G0 F7500 X117.49 Y157.102
G0 X117.49 Y155.97
G0 X116.689 Y155.97
G1 F1350 X110.839 Y161.82 E3834.79287
G0 F7500 X110.838 Y162.62
G0 X109.707 Y162.62
G0 X109.708 Y161.82
G1 F1350 X116.689 Y154.839 E3836.10633
G0 F7500 X117.49 Y154.839
G0 X117.49 Y153.708
G0 X116.689 Y153.708
G1 F1350 X108.577 Y161.819 E3837.63249
G0 F7500 X108.576 Y162.62
G0 X107.445 Y162.62
G0 X107.446 Y161.819
G1 F1350 X116.689 Y152.576 E3839.37154
G0 F7500 X117.49 Y152.576
G0 X117.49 Y151.445
G0 X116.689 Y151.445
G1 F1350 X106.314 Y161.819 E3841.32347
G0 F7500 X106.313 Y162.62
G0 X105.182 Y162.62
G0 X105.183 Y161.819
G1 F1350 X116.689 Y150.313 E3843.4883
G0 F7500 X117.49 Y150.313
G0 X117.49 Y149.182
G0 X116.689 Y149.182
G1 F1350 X104.052 Y161.819 E3845.86593
G0 F7500 X103.31 Y161.43
G1 F1350 X116.689 Y148.051 E3848.38315
G0 F7500 X117.49 Y148.051
G0 X117.49 Y146.919
G0 X116.689 Y146.919
G1 F1350 X103.31 Y160.298 E3850.90038
G0 F7500 X102.51 Y160.298
G0 X102.51 Y159.167
G0 X103.31 Y159.167
G1 F1350 X116.689 Y145.788 E3853.41761
G0 F7500 X117.49 Y145.788
G0 X117.49 Y144.657
G0 X116.689 Y144.657
G1 F1350 X103.31 Y158.036 E3855.93484
G0 F7500 X102.51 Y158.036
G0 X102.51 Y156.904
G0 X103.31 Y156.904
G1 F1350 X116.689 Y143.525 E3858.45207
G0 F7500 X117.49 Y143.525
G0 X117.49 Y142.394
G0 X116.689 Y142.394
G1 F1350 X103.31 Y155.773 E3860.9693
G0 F7500 X102.51 Y155.773
G0 X102.51 Y154.642
G0 X103.31 Y154.642
G1 F1350 X116.689 Y141.262 E3863.48662
G0 F7500 X117.49 Y141.262
G0 X117.49 Y140.131
G0 X116.689 Y140.131
G1 F1350 X103.31 Y153.51 E3866.00385
G0 F7500 X102.51 Y153.51
G0 X102.51 Y152.379
G0 X103.31 Y152.379
G1 F1350 X116.689 Y139 E3868.52108
G0 F7500 X117.49 Y139
G0 X117.49 Y137.868
G0 X116.689 Y137.868
G1 F1350 X103.31 Y151.248 E3871.0384
G0 F7500 X102.51 Y151.248
G0 X102.51 Y150.116
G0 X103.31 Y150.116
G1 F1350 X116.689 Y136.737 E3873.55563
G0 F7500 X117.49 Y136.737
G0 X117.49 Y135.606
G0 X116.689 Y135.606
G1 F1350 X103.31 Y148.985 E3876.07286
G0 F7500 X102.51 Y148.985
G0 X102.51 Y147.853
G0 X103.31 Y147.853
G1 F1350 X116.689 Y134.474 E3878.59008
G0 F7500 X117.49 Y134.474
G0 X117.49 Y133.343
G0 X116.689 Y133.343
G1 F1350 X103.31 Y146.722 E3881.10731
G0 F7500 X102.51 Y146.722
G0 X102.51 Y145.591
G0 X103.31 Y145.591
G1 F1350 X116.689 Y132.211 E3883.62464
G0 F7500 X117.49 Y132.211
G0 X117.49 Y131.08
G0 X116.689 Y131.08
G1 F1350 X103.31 Y144.459 E3886.14186
G0 F7500 X102.51 Y144.459
G0 X102.51 Y143.328
G0 X103.31 Y143.328
G1 F1350 X116.689 Y129.949 E3888.65909
G0 F7500 X117.49 Y129.949
G0 X117.49 Y128.817
G0 X116.689 Y128.817
G1 F1350 X103.31 Y142.197 E3891.17642
G0 F7500 X102.51 Y142.197
G0 X102.51 Y141.065
G0 X103.31 Y141.065
G1 F1350 X116.689 Y127.686 E3893.69364
G0 F7500 X117.49 Y127.686
G0 X117.49 Y126.555
G0 X116.689 Y126.555
G1 F1350 X103.31 Y139.934 E3896.21087
G0 F7500 X102.51 Y139.934
G0 X102.51 Y138.802
G0 X103.31 Y138.802
G1 F1350 X116.689 Y125.423 E3898.7281
G0 F7500 X117.49 Y125.423
G0 X117.49 Y124.292
G0 X116.689 Y124.292
G1 F1350 X103.31 Y137.671 E3901.24533
G0 F7500 X102.51 Y137.671
G0 X102.51 Y136.54
G0 X103.31 Y136.54
G1 F1350 X116.689 Y123.161 E3903.76256
G0 F7500 X117.49 Y123.161
G0 X117.49 Y122.029
G0 X116.689 Y122.029
G1 F1350 X103.31 Y135.408 E3906.27979
G0 F7500 X102.51 Y135.408
G0 X102.51 Y134.277
G0 X103.31 Y134.277
G1 F1350 X116.689 Y120.898 E3908.79702
G0 F7500 X117.49 Y120.898
G0 X117.49 Y119.766
G0 X116.689 Y119.766
G1 F1350 X103.31 Y133.146 E3911.31434
G0 F7500 X102.51 Y133.146
G0 X102.51 Y132.014
G0 X103.31 Y132.014
G1 F1350 X116.689 Y118.635 E3913.83157
G0 F7500 X117.49 Y118.635
G0 X117.49 Y117.504
G0 X116.689 Y117.504
G1 F1350 X103.31 Y130.883 E3916.3488
G0 F7500 X102.51 Y130.883
G0 X102.51 Y129.751
G0 X103.31 Y129.751
G1 F1350 X116.689 Y116.372 E3918.86602
G0 F7500 X117.49 Y116.372
G0 X117.49 Y115.241
G0 X116.689 Y115.241
G1 F1350 X103.31 Y128.62 E3921.38325
G0 F7500 X102.51 Y128.62
G0 X102.51 Y127.489
G0 X103.31 Y127.489
G1 F1350 X116.689 Y114.11 E3923.90048
G0 F7500 X117.49 Y114.11
G0 X117.49 Y112.978
G0 X116.689 Y112.978
G1 F1350 X103.31 Y126.357 E3926.41771
G0 F7500 X102.51 Y126.357
G0 X102.51 Y125.226
G0 X103.31 Y125.226
G1 F1350 X116.689 Y111.847 E3928.93494
G0 F7500 X117.49 Y111.847
G0 X117.49 Y110.715
G0 X116.689 Y110.715
G1 F1350 X103.31 Y124.095 E3931.45226
G0 F7500 X102.51 Y124.095
G0 X102.51 Y122.963
G0 X103.31 Y122.963
G1 F1350 X116.689 Y109.584 E3933.96949
G0 F7500 X117.49 Y109.584
G0 X117.49 Y108.453
G0 X116.689 Y108.453
G1 F1350 X103.31 Y121.832 E3936.48672
G0 F7500 X102.51 Y121.832
G0 X102.51 Y120.701
G0 X103.31 Y120.701
G1 F1350 X116.689 Y107.321 E3939.00404
G0 F7500 X117.49 Y107.321
G0 X117.49 Y106.19
G0 X116.689 Y106.19
G1 F1350 X103.31 Y119.569 E3941.52127
G0 F7500 X102.51 Y119.569
G0 X102.51 Y118.438
G0 X103.31 Y118.438
G1 F1350 X116.689 Y105.059 E3944.0385
G0 F7500 X117.49 Y105.059
G0 X117.49 Y103.927
G0 X116.689 Y103.927
G1 F1350 X103.31 Y117.306 E3946.55573
G0 F7500 X102.51 Y117.306
G0 X102.51 Y116.175
G0 X103.31 Y116.175
G1 F1350 X116.689 Y102.796 E3949.07296
G0 F7500 X117.49 Y102.796
G0 X117.49 Y101.664
G0 X116.689 Y101.664
G1 F1350 X103.31 Y115.044 E3951.59028
G0 F7500 X102.51 Y115.044
G0 X102.51 Y113.912
G0 X103.31 Y113.912
G1 F1350 X116.689 Y100.533 E3954.10751
G0 F7500 X117.49 Y100.533
G0 X117.49 Y99.402
G0 X116.689 Y99.402
G1 F1350 X103.31 Y112.781 E3956.62473
G0 F7500 X102.51 Y112.781
G0 X102.51 Y111.65
G0 X103.31 Y111.65
G1 F1350 X116.689 Y98.27 E3959.14206
G0 F7500 X117.49 Y98.27
G0 X117.49 Y97.139
G0 X116.689 Y97.139
G1 F1350 X103.31 Y110.518 E3961.65929
G0 F7500 X102.51 Y110.518
G0 X102.51 Y109.388
G0 X103.309 Y109.388
G1 F1350 X116.689 Y96.008 E3964.1767
G0 F7500 X117.49 Y96.008
G0 X117.49 Y94.876
G0 X116.689 Y94.876
G1 F1350 X103.309 Y108.256 E3966.69412
G0 F7500 X102.51 Y108.256
G0 X102.51 Y107.125
G0 X103.309 Y107.125
G1 F1350 X116.689 Y93.745 E3969.21154
G0 F7500 X117.49 Y93.745
G0 X117.49 Y92.614
G0 X116.689 Y92.614
G1 F1350 X103.309 Y105.993 E3971.72886
G0 F7500 X102.51 Y105.993
G0 X102.51 Y104.862
G0 X103.309 Y104.862
G1 F1350 X116.689 Y91.482 E3974.24628
G0 F7500 X117.49 Y91.482
G0 X117.49 Y90.351
G0 X116.689 Y90.351
G1 F1350 X103.309 Y103.731 E3976.76369
G0 F7500 X102.51 Y103.731
G0 X102.51 Y102.599
G0 X103.309 Y102.599
G1 F1350 X116.689 Y89.219 E3979.28111
G0 F7500 X117.49 Y89.219
G0 X117.49 Y88.088
G0 X116.689 Y88.088
G1 F1350 X103.309 Y101.468 E3981.79853
G0 F7500 X102.51 Y101.468
G0 X102.51 Y100.337
G0 X103.309 Y100.337
G1 F1350 X116.689 Y86.957 E3984.31594
G0 F7500 X117.49 Y86.957
G0 X117.49 Y85.825
G0 X116.689 Y85.825
G1 F1350 X103.309 Y99.205 E3986.83336
G0 F7500 X102.51 Y99.205
G0 X102.51 Y98.074
G0 X103.309 Y98.074
G1 F1350 X116.689 Y84.694 E3989.35078
G0 F7500 X117.49 Y84.694
G0 X117.49 Y83.563
G0 X116.689 Y83.563
G1 F1350 X103.309 Y96.942 E3991.8681
G0 F7500 X102.51 Y96.942
G0 X102.51 Y95.811
G0 X103.309 Y95.811
G1 F1350 X116.689 Y82.431 E3994.38552
G0 F7500 X117.49 Y82.431
G0 X117.49 Y81.3
G0 X116.689 Y81.3
G1 F1350 X103.309 Y94.68 E3996.90293
G0 F7500 X102.51 Y94.68
G0 X102.51 Y93.548
G0 X103.309 Y93.548
G1 F1350 X116.689 Y80.168 E3999.42035
G0 F7500 X117.49 Y80.168
G0 X117.49 Y79.037
G0 X116.689 Y79.037
G1 F1350 X103.309 Y92.417 E4001.93777
G0 F7500 X102.51 Y92.417
G0 X102.51 Y91.286
G0 X103.309 Y91.286
G1 F1350 X116.689 Y77.906 E4004.45518
G0 F7500 X117.49 Y77.906
G0 X117.49 Y76.774
G0 X116.689 Y76.774
G1 F1350 X103.309 Y90.154 E4006.9726
G0 F7500 X102.51 Y90.154
G0 X102.51 Y89.023
G0 X103.309 Y89.023
G1 F1350 X116.689 Y75.643 E4009.49002
G0 F7500 X117.49 Y75.643
G0 X117.49 Y74.512
G0 X116.689 Y74.512
G1 F1350 X103.309 Y87.891 E4012.00734
G0 F7500 X102.51 Y87.891
G0 X102.51 Y86.76
G0 X103.309 Y86.76
G1 F1350 X116.689 Y73.38 E4014.52475
G0 F7500 X117.49 Y73.38
G0 X117.49 Y72.249
G0 X116.689 Y72.249
G1 F1350 X103.309 Y85.629 E4017.04217
G0 F7500 X102.51 Y85.629
G0 X102.51 Y84.497
G0 X103.309 Y84.497
G1 F1350 X116.689 Y71.117 E4019.55959
G0 F7500 X117.49 Y71.117
G0 X117.49 Y69.986
G0 X116.689 Y69.986
G1 F1350 X103.309 Y83.366 E4022.077
G0 F7500 X102.51 Y83.366
G0 X102.51 Y82.235
G0 X103.309 Y82.235
G1 F1350 X116.689 Y68.855 E4024.59442
G0 F7500 X117.49 Y68.855
G0 X117.49 Y67.723
G0 X116.689 Y67.723
G1 F1350 X103.309 Y81.103 E4027.11184
G0 F7500 X102.51 Y81.103
G0 X102.51 Y79.972
G0 X103.309 Y79.972
G1 F1350 X116.689 Y66.592 E4029.62925
G0 F7500 X117.49 Y66.592
G0 X117.49 Y65.461
G0 X116.689 Y65.461
G1 F1350 X103.309 Y78.84 E4032.14658
G0 F7500 X102.51 Y78.84
G0 X102.51 Y77.709
G0 X103.309 Y77.709
G1 F1350 X116.689 Y64.329 E4034.66399
G0 F7500 X117.49 Y64.329
G0 X117.49 Y63.198
G0 X116.689 Y63.198
G1 F1350 X103.309 Y76.578 E4037.18141
G0 F7500 X102.51 Y76.578
G0 X102.51 Y75.446
G0 X103.309 Y75.446
G1 F1350 X116.689 Y62.067 E4039.69873
G0 F7500 X117.49 Y62.067
G0 X117.49 Y60.935
G0 X116.689 Y60.935
G1 F1350 X103.309 Y74.315 E4042.21615
G0 F7500 X102.51 Y74.315
G0 X102.51 Y73.184
G0 X103.309 Y73.184
G1 F1350 X116.689 Y59.804 E4044.73357
G0 F7500 X117.49 Y59.804
G0 X117.49 Y58.672
G0 X116.689 Y58.672
G1 F1350 X103.309 Y72.052 E4047.25098
G0 F7500 X102.51 Y72.052
G0 X102.51 Y70.921
G0 X103.309 Y70.921
G1 F1350 X116.121 Y58.11 E4049.66144
G0 F7500 X116.121 Y57.31
G0 X114.54 Y57.41
G0 X114.921 Y58.178
G1 F1350 X103.309 Y69.79 E4051.84621
G0 F7500 X102.51 Y69.79
G0 X102.51 Y68.658
G0 X103.309 Y68.658
G1 F1350 X113.789 Y58.178 E4053.818
G0 F7500 X113.79 Y57.38
G0 X112.659 Y57.38
G0 X112.658 Y58.178
G1 F1350 X103.309 Y67.527 E4055.57699
G0 F7500 X102.51 Y67.527
G0 X102.51 Y66.395
G0 X103.309 Y66.395
G1 F1350 X111.527 Y58.178 E4057.1231
G0 F7500 X111.528 Y57.38
G0 X110.396 Y57.38
G0 X110.395 Y58.178
G1 F1350 X103.309 Y65.264 E4058.45631
G0 F7500 X102.51 Y65.264
G0 X102.51 Y64.133
G0 X103.309 Y64.133
G1 F1350 X109.264 Y58.178 E4059.57673
G0 F7500 X109.265 Y57.38
G0 X108.133 Y57.38
G0 X108.132 Y58.178
G1 F1350 X103.309 Y63.001 E4060.48417
G0 F7500 X102.51 Y63.001
G0 X102.51 Y61.87
G0 X103.309 Y61.87
G1 F1350 X107.001 Y58.178 E4061.17881
G0 F7500 X107.002 Y57.38
G0 X105.871 Y57.38
G0 X105.87 Y58.178
G1 F1350 X103.309 Y60.739 E4061.66065
G0 F7500 X102.51 Y60.739
G0 X102.51 Y59.607
G0 X103.309 Y59.607
G1 F1350 X104.738 Y58.178 E4061.92952
G0 F7500 X104.739 Y57.38
G0 X103.608 Y57.38
G0 X103.607 Y58.178
G1 F1350 X103.309 Y58.476 E4061.98559
G0 F7500 X101.81 Y58.476
G1 F1500 E4055.48559
;MESH:zanza fissa prolunga mobile.stl(1)
G0 F7500 X102.582 Y57.451
G0 X117.418 Y57.382
G0 X118.98 Y162.93
G0 X122.12 Y162.93
G0 X123.3 Y162.93
;TYPE:WALL-INNER
G1 F1500 E4061.98559
G1 F1350 X123.3 Y57.468 E4076.01631
G1 X123.3 Y57.069 E4076.06939
G1 X123.699 Y57.069 E4076.10371
G1 X135.3 Y57.07 E4077.64712
G1 X135.3 Y57 E4077.65643
G1 X138.9 Y57 E4078.13538
G1 X138.9 Y163 E4092.23767
G1 X135.3 Y163 E4092.71662
G1 X135.3 Y162.931 E4092.7258
G1 X123.3 Y162.93 E4094.32229
G0 F7500 X122.6 Y163.8
G1 F1350 X122.5 Y163.8 E4094.33559
G1 X122.5 Y163.73 E4094.33905
G1 X122.5 Y56.269 E4108.63572
G1 X122.5 Y56.2 E4108.6449
G1 X122.6 Y56.2 E4108.65234
G1 X122.6 Y56.269 E4108.65349
G1 X134.5 Y56.27 E4110.23667
G1 X134.5 Y56.2 E4110.24599
G1 X139.7 Y56.2 E4110.9378
G1 X139.7 Y163.8 E4125.25296
G1 X134.5 Y163.8 E4125.94477
G1 X134.5 Y163.731 E4125.95395
G1 X122.6 Y163.73 E4127.53713
G1 X122.6 Y163.8 E4127.5383
G0 F7500 X123.401 Y164.031
G0 X123.4 Y164.53
;TYPE:WALL-OUTER
G1 F1350 X123.4 Y164.6 E4127.54761
G1 X121.7 Y164.6 E4127.77378
G1 X121.7 Y55.4 E4142.30181
G1 X123.4 Y55.4 E4142.52798
G1 X123.4 Y55.469 E4142.53716
G1 X133.7 Y55.47 E4143.90747
G1 X133.7 Y55.4 E4143.91679
G1 X140.5 Y55.4 E4144.82146
G1 X140.5 Y164.6 E4159.34949
G92 E0
G1 X133.7 Y164.6 E0.90468
G1 X133.7 Y164.531 E0.91386
G1 X123.4 Y164.53 E2.28417
G0 F7500 X122.778 Y163.72
G0 X123.61 Y162.14
G0 X124.09 Y162.14
;TYPE:SKIN
G1 F1350 X124.09 Y57.859 E16.15777
G1 X136.09 Y57.86 E17.75426
G1 X136.09 Y57.79 E17.76357
G1 X138.11 Y57.79 E18.03231
G1 X138.11 Y162.21 E31.92441
G1 X136.09 Y162.21 E32.19315
G1 X136.09 Y162.141 E32.20233
G1 X124.09 Y162.14 E33.79882
G0 F7500 X123.61 Y162.14
G0 X123.682 Y162.548
G0 X136.792 Y162.69
G0 X136.792 Y161.889
G1 F1350 X137.789 Y160.892 E33.9864
G0 F7500 X138.59 Y160.892
G0 X138.59 Y159.76
G0 X137.789 Y159.76
G1 F1350 X135.729 Y161.82 E34.37398
G0 F7500 X135.64 Y162.591
G0 X134.597 Y162.62
G0 X134.598 Y161.82
G1 F1350 X137.789 Y158.629 E34.97436
G0 F7500 X138.59 Y158.629
G0 X138.59 Y157.498
G0 X137.789 Y157.498
G1 F1350 X133.467 Y161.82 E35.78754
G0 F7500 X133.466 Y162.62
G0 X132.334 Y162.62
G0 X132.335 Y161.82
G1 F1350 X137.789 Y156.366 E36.8137
G0 F7500 X138.59 Y156.366
G0 X138.59 Y155.235
G0 X137.789 Y155.235
G1 F1350 X131.204 Y161.82 E38.05265
G0 F7500 X131.203 Y162.62
G0 X130.072 Y162.62
G0 X130.073 Y161.819
G1 F1350 X137.789 Y154.104 E39.5043
G0 F7500 X138.59 Y154.104
G0 X138.59 Y152.972
G0 X137.789 Y152.972
G1 F1350 X128.942 Y161.819 E41.16885
G0 F7500 X128.941 Y162.62
G0 X127.809 Y162.62
G0 X127.81 Y161.819
G1 F1350 X137.789 Y151.841 E43.04628
G0 F7500 X138.59 Y151.841
G0 X138.59 Y150.709
G0 X137.789 Y150.709
G1 F1350 X126.679 Y161.819 E45.1366
G0 F7500 X126.678 Y162.62
G0 X125.547 Y162.62
G0 X125.548 Y161.819
G1 F1350 X137.789 Y149.578 E47.43972
G0 F7500 X138.59 Y149.578
G0 X138.59 Y148.447
G0 X137.789 Y148.447
G1 F1350 X124.416 Y161.819 E49.95572
G0 F7500 X124.415 Y162.62
G0 X123.682 Y162.548
G0 X123.61 Y160.694
G0 X124.41 Y160.694
G1 F1350 X137.789 Y147.315 E52.47295
G0 F7500 X138.59 Y147.315
G0 X138.59 Y146.184
G0 X137.789 Y146.184
G1 F1350 X124.41 Y159.563 E54.99018
G0 F7500 X123.61 Y159.563
G0 X123.61 Y158.432
G0 X124.41 Y158.432
G1 F1350 X137.789 Y145.053 E57.50741
G0 F7500 X138.59 Y145.053
G0 X138.59 Y143.921
G0 X137.789 Y143.921
G1 F1350 X124.41 Y157.3 E60.02464
G0 F7500 X123.61 Y157.3
G0 X123.61 Y156.169
G0 X124.41 Y156.169
G1 F1350 X137.789 Y142.79 E62.54186
G0 F7500 X138.59 Y142.79
G0 X138.59 Y141.658
G0 X137.789 Y141.658
G1 F1350 X124.41 Y155.038 E65.05919
G0 F7500 X123.61 Y155.038
G0 X123.61 Y153.906
G0 X124.41 Y153.906
G1 F1350 X137.789 Y140.527 E67.57641
G0 F7500 X138.59 Y140.527
G0 X138.59 Y139.396
G0 X137.789 Y139.396
G1 F1350 X124.41 Y152.775 E70.09364
G0 F7500 X123.61 Y152.775
G0 X123.61 Y151.643
G0 X124.41 Y151.643
G1 F1350 X137.789 Y138.264 E72.61087
G0 F7500 X138.59 Y138.264
G0 X138.59 Y137.133
G0 X137.789 Y137.133
G1 F1350 X124.41 Y150.512 E75.1281
G0 F7500 X123.61 Y150.512
G0 X123.61 Y149.381
G0 X124.41 Y149.381
G1 F1350 X137.789 Y136.002 E77.64533
G0 F7500 X138.59 Y136.002
G0 X138.59 Y134.87
G0 X137.789 Y134.87
G1 F1350 X124.41 Y148.249 E80.16256
G0 F7500 X123.61 Y148.249
G0 X123.61 Y147.118
G0 X124.41 Y147.118
G1 F1350 X137.789 Y133.739 E82.67979
G0 F7500 X138.59 Y133.739
G0 X138.59 Y132.607
G0 X137.789 Y132.607
G1 F1350 X124.41 Y145.987 E85.19711
G0 F7500 X123.61 Y145.987
G0 X123.61 Y144.855
G0 X124.41 Y144.855
G1 F1350 X137.789 Y131.476 E87.71434
G0 F7500 X138.59 Y131.476
G0 X138.59 Y130.345
G0 X137.789 Y130.345
G1 F1350 X124.41 Y143.724 E90.23157
G0 F7500 X123.61 Y143.724
G0 X123.61 Y142.593
G0 X124.41 Y142.593
G1 F1350 X137.789 Y129.213 E92.74889
G0 F7500 X138.59 Y129.213
G0 X138.59 Y128.082
G0 X137.789 Y128.082
G1 F1350 X124.41 Y141.461 E95.26612
G0 F7500 X123.61 Y141.461
G0 X123.61 Y140.33
G0 X124.41 Y140.33
G1 F1350 X137.789 Y126.951 E97.78335
G0 F7500 X138.59 Y126.951
G0 X138.59 Y125.819
G0 X137.789 Y125.819
G1 F1350 X124.41 Y139.198 E100.30057
G0 F7500 X123.61 Y139.198
G0 X123.61 Y138.067
G0 X124.41 Y138.067
G1 F1350 X137.789 Y124.688 E102.8178
G0 F7500 X138.59 Y124.688
G0 X138.59 Y123.557
G0 X137.789 Y123.557
G1 F1350 X124.41 Y136.936 E105.33503
G0 F7500 X123.61 Y136.936
G0 X123.61 Y135.804
G0 X124.41 Y135.804
G1 F1350 X137.789 Y122.425 E107.85226
G0 F7500 X138.59 Y122.425
G0 X138.59 Y121.294
G0 X137.789 Y121.294
G1 F1350 X124.41 Y134.673 E110.36949
G0 F7500 X123.61 Y134.673
G0 X123.61 Y133.542
G0 X124.41 Y133.542
G1 F1350 X137.789 Y120.162 E112.88681
G0 F7500 X138.59 Y120.162
G0 X138.59 Y119.031
G0 X137.789 Y119.031
G1 F1350 X124.41 Y132.41 E115.40404
G0 F7500 X123.61 Y132.41
G0 X123.61 Y131.279
G0 X124.41 Y131.279
G1 F1350 X137.789 Y117.9 E117.92127
G0 F7500 X138.59 Y117.9
G0 X138.59 Y116.768
G0 X137.789 Y116.768
G1 F1350 X124.41 Y130.147 E120.4385
G0 F7500 X123.61 Y130.147
G0 X123.61 Y129.016
G0 X124.41 Y129.016
G1 F1350 X137.789 Y115.637 E122.95573
G0 F7500 X138.59 Y115.637
G0 X138.59 Y114.506
G0 X137.789 Y114.506
G1 F1350 X124.41 Y127.885 E125.47295
G0 F7500 X123.61 Y127.885
G0 X123.61 Y126.753
G0 X124.41 Y126.753
G1 F1350 X137.789 Y113.374 E127.99018
G0 F7500 X138.59 Y113.374
G0 X138.59 Y112.243
G0 X137.789 Y112.243
G1 F1350 X124.41 Y125.622 E130.50741
G0 F7500 X123.61 Y125.622
G0 X123.61 Y124.491
G0 X124.41 Y124.491
G1 F1350 X137.789 Y111.111 E133.02473
G0 F7500 X138.59 Y111.111
G0 X138.59 Y109.98
G0 X137.789 Y109.98
G1 F1350 X124.41 Y123.359 E135.54196
G0 F7500 X123.61 Y123.359
G0 X123.61 Y122.228
G0 X124.41 Y122.228
G1 F1350 X137.789 Y108.849 E138.05919
G0 F7500 X138.59 Y108.849
G0 X138.59 Y107.717
G0 X137.789 Y107.717
G1 F1350 X124.41 Y121.096 E140.57642
G0 F7500 X123.61 Y121.096
G0 X123.61 Y119.965
G0 X124.41 Y119.965
G1 F1350 X137.789 Y106.586 E143.09365
G0 F7500 X138.59 Y106.586
G0 X138.59 Y105.455
G0 X137.789 Y105.455
G1 F1350 X124.41 Y118.834 E145.61088
G0 F7500 X123.61 Y118.834
G0 X123.61 Y117.702
G0 X124.41 Y117.702
G1 F1350 X137.789 Y104.323 E148.12811
G0 F7500 X138.59 Y104.323
G0 X138.59 Y103.192
G0 X137.789 Y103.192
G1 F1350 X124.41 Y116.571 E150.64533
G0 F7500 X123.61 Y116.571
G0 X123.61 Y115.44
G0 X124.41 Y115.44
G1 F1350 X137.789 Y102.06 E153.16266
G0 F7500 X138.59 Y102.06
G0 X138.59 Y100.929
G0 X137.789 Y100.929
G1 F1350 X124.41 Y114.308 E155.67988
G0 F7500 X123.61 Y114.308
G0 X123.61 Y113.177
G0 X124.41 Y113.177
G1 F1350 X137.789 Y99.798 E158.19711
G0 F7500 X138.59 Y99.798
G0 X138.59 Y98.666
G0 X137.789 Y98.666
G1 F1350 X124.41 Y112.046 E160.71444
G0 F7500 X123.61 Y112.046
G0 X123.61 Y110.914
G0 X124.41 Y110.914
G1 F1350 X137.789 Y97.535 E163.23166
G0 F7500 X138.59 Y97.535
G0 X138.59 Y96.404
G0 X137.789 Y96.404
G1 F1350 X124.409 Y109.783 E165.74899
G0 F7500 X123.61 Y109.783
G0 X123.61 Y108.652
G0 X124.409 Y108.652
G1 F1350 X137.789 Y95.272 E168.2664
G0 F7500 X138.59 Y95.272
G0 X138.59 Y94.141
G0 X137.789 Y94.141
G1 F1350 X124.409 Y107.521 E170.78382
G0 F7500 X123.61 Y107.521
G0 X123.61 Y106.389
G0 X124.409 Y106.389
G1 F1350 X137.789 Y93.009 E173.30124
G0 F7500 X138.59 Y93.009
G0 X138.59 Y91.878
G0 X137.789 Y91.878
G1 F1350 X124.409 Y105.258 E175.81865
G0 F7500 X123.61 Y105.258
G0 X123.61 Y104.127
G0 X124.409 Y104.127
G1 F1350 X137.789 Y90.747 E178.33607
G0 F7500 X138.59 Y90.747
G0 X138.59 Y89.615
G0 X137.789 Y89.615
G1 F1350 X124.409 Y102.995 E180.85349
G0 F7500 X123.61 Y102.995
G0 X123.61 Y101.864
G0 X124.409 Y101.864
G1 F1350 X137.789 Y88.484 E183.3709
G0 F7500 X138.59 Y88.484
G0 X138.59 Y87.353
G0 X137.789 Y87.353
G1 F1350 X124.409 Y100.733 E185.88832
G0 F7500 X123.61 Y100.733
G0 X123.61 Y99.601
G0 X124.409 Y99.601
G1 F1350 X137.789 Y86.221 E188.40574
G0 F7500 X138.59 Y86.221
G0 X138.59 Y85.09
G0 X137.789 Y85.09
G1 F1350 X124.409 Y98.47 E190.92315
G0 F7500 X123.61 Y98.47
G0 X123.61 Y97.338
G0 X124.409 Y97.338
G1 F1350 X137.789 Y83.959 E193.44048
G0 F7500 X138.59 Y83.959
G0 X138.59 Y82.827
G0 X137.789 Y82.827
G1 F1350 X124.409 Y96.207 E195.95789
G0 F7500 X123.61 Y96.207
G0 X123.61 Y95.076
G0 X124.409 Y95.076
G1 F1350 X137.789 Y81.696 E198.47531
G0 F7500 X138.59 Y81.696
G0 X138.59 Y80.564
G0 X137.789 Y80.564
G1 F1350 X124.409 Y93.944 E200.99273
G0 F7500 X123.61 Y93.944
G0 X123.61 Y92.813
G0 X124.409 Y92.813
G1 F1350 X137.789 Y79.433 E203.51014
G0 F7500 X138.59 Y79.433
G0 X138.59 Y78.302
G0 X137.789 Y78.302
G1 F1350 X124.409 Y91.682 E206.02756
G0 F7500 X123.61 Y91.682
G0 X123.61 Y90.55
G0 X124.409 Y90.55
G1 F1350 X137.789 Y77.17 E208.54498
G0 F7500 X138.59 Y77.17
G0 X138.59 Y76.039
G0 X137.789 Y76.039
G1 F1350 X124.409 Y89.419 E211.06239
G0 F7500 X123.61 Y89.419
G0 X123.61 Y88.287
G0 X124.409 Y88.287
G1 F1350 X137.789 Y74.908 E213.57972
G0 F7500 X138.59 Y74.908
G0 X138.59 Y73.776
G0 X137.789 Y73.776
G1 F1350 X124.409 Y87.156 E216.09713
G0 F7500 X123.61 Y87.156
G0 X123.61 Y86.025
G0 X124.409 Y86.025
G1 F1350 X137.789 Y72.645 E218.61455
G0 F7500 X138.59 Y72.645
G0 X138.59 Y71.513
G0 X137.789 Y71.513
G1 F1350 X124.409 Y84.893 E221.13197
G0 F7500 X123.61 Y84.893
G0 X123.61 Y83.762
G0 X124.409 Y83.762
G1 F1350 X137.789 Y70.382 E223.64938
G0 F7500 X138.59 Y70.382
G0 X138.59 Y69.251
G0 X137.789 Y69.251
G1 F1350 X124.409 Y82.631 E226.1668
G0 F7500 X123.61 Y82.631
G0 X123.61 Y81.499
G0 X124.409 Y81.499
G1 F1350 X137.789 Y68.119 E228.68422
G0 F7500 X138.59 Y68.119
G0 X138.59 Y66.988
G0 X137.789 Y66.988
G1 F1350 X124.409 Y80.368 E231.20163
G0 F7500 X123.61 Y80.368
G0 X123.61 Y79.236
G0 X124.409 Y79.236
G1 F1350 X137.789 Y65.857 E233.71896
G0 F7500 X138.59 Y65.857
G0 X138.59 Y64.725
G0 X137.789 Y64.725
G1 F1350 X124.409 Y78.105 E236.23637
G0 F7500 X123.61 Y78.105
G0 X123.61 Y76.974
G0 X124.409 Y76.974
G1 F1350 X137.789 Y63.594 E238.75379
G0 F7500 X138.59 Y63.594
G0 X138.59 Y62.462
G0 X137.789 Y62.462
G1 F1350 X124.409 Y75.842 E241.27121
G0 F7500 X123.61 Y75.842
G0 X123.61 Y74.711
G0 X124.409 Y74.711
G1 F1350 X137.789 Y61.331 E243.78862
G0 F7500 X138.59 Y61.331
G0 X138.59 Y60.2
G0 X137.789 Y60.2
G1 F1350 X124.409 Y73.58 E246.30604
G0 F7500 X123.61 Y73.58
G0 X123.61 Y72.448
G0 X124.409 Y72.448
G1 F1350 X137.789 Y59.068 E248.82346
G0 F7500 X137.617 Y58.11
G1 F1350 X124.409 Y71.317 E251.30842
G0 F7500 X123.61 Y71.317
G0 X123.61 Y70.186
G0 X124.409 Y70.186
G1 F1350 X136.485 Y58.11 E253.58049
G0 F7500 X136.485 Y57.31
G0 X135.286 Y57.38
G0 X135.285 Y58.179
G1 F1350 X124.409 Y69.054 E255.62669
G0 F7500 X123.61 Y69.054
G0 X123.61 Y67.923
G0 X124.409 Y67.923
G1 F1350 X134.153 Y58.179 E257.46
G0 F7500 X134.154 Y57.38
G0 X133.023 Y57.38
G0 X133.022 Y58.179
G1 F1350 X124.409 Y66.791 E259.08042
G0 F7500 X123.61 Y66.791
G0 X123.61 Y65.66
G0 X124.409 Y65.66
G1 F1350 X131.89 Y58.179 E260.48796
G0 F7500 X131.891 Y57.38
G0 X130.76 Y57.38
G0 X130.759 Y58.179
G1 F1350 X124.409 Y64.529 E261.6827
G0 F7500 X123.61 Y64.529
G0 X123.61 Y63.397
G0 X124.409 Y63.397
G1 F1350 X129.628 Y58.178 E262.66464
G0 F7500 X129.629 Y57.38
G0 X128.498 Y57.38
G0 X128.497 Y58.178
G1 F1350 X124.409 Y62.266 E263.43379
G0 F7500 X123.61 Y62.266
G0 X123.61 Y61.135
G0 X124.409 Y61.135
G1 F1350 X127.366 Y58.178 E263.99014
G0 F7500 X127.367 Y57.38
G0 X126.235 Y57.38
G0 X126.234 Y58.178
G1 F1350 X124.409 Y60.003 E264.33351
G0 F7500 X123.61 Y60.003
G0 X123.61 Y58.872
G0 X124.409 Y58.872
G1 F1350 X125.103 Y58.178 E264.46408
G0 F7500 X125.104 Y56.68
G1 F1500 E257.96408
;MESH:zanza fissa prolunga mobile.stl(4)
G0 F7500 X138.518 Y57.382
G0 X140.08 Y162.93
G0 X143.22 Y162.93
G0 X144.4 Y162.93
;TYPE:WALL-INNER
G1 F1500 E264.46408
G1 F1350 X144.4 Y57.468 E278.49481
G1 X144.4 Y57.069 E278.54789
G1 X144.799 Y57.069 E278.58221
G1 X156.4 Y57.07 E280.12562
G1 X156.4 Y57 E280.13493
G1 X160 Y57 E280.61388
G1 X160 Y163 E294.71617
G1 X156.4 Y163 E295.19512
G1 X156.4 Y162.931 E295.2043
G1 X144.4 Y162.93 E296.80078
G0 F7500 X143.7 Y163.8
G1 F1350 X143.6 Y163.8 E296.81409
G1 X143.6 Y163.73 E296.81755
G1 X143.6 Y56.269 E311.11422
G1 X143.6 Y56.2 E311.1234
G1 X143.7 Y56.2 E311.13084
G1 X143.7 Y56.269 E311.13199
G1 X155.6 Y56.27 E312.71517
G1 X155.6 Y56.2 E312.72449
G1 X160.8 Y56.2 E313.4163
G1 X160.8 Y163.8 E327.73146
G1 X155.6 Y163.8 E328.42327
G1 X155.6 Y163.731 E328.43245
G1 X143.7 Y163.73 E330.01563
G1 X143.7 Y163.8 E330.0168
G0 F7500 X144.501 Y164.031
G0 X144.5 Y164.53
;TYPE:WALL-OUTER
G1 F1350 X144.5 Y164.6 E330.02611
G1 X142.8 Y164.6 E330.25228
G1 X142.8 Y55.4 E344.78031
G1 X144.5 Y55.4 E345.00647
G1 X144.5 Y55.469 E345.01565
G1 X154.8 Y55.47 E346.38597
G1 X154.8 Y55.4 E346.39528
G1 X161.6 Y55.4 E347.29996
G1 X161.6 Y164.6 E361.82799
G1 X154.8 Y164.6 E362.73266
G1 X154.8 Y164.531 E362.74184
G1 X144.5 Y164.53 E364.11216
G0 F7500 X143.878 Y163.72
G0 X144.71 Y162.14
G0 X145.19 Y162.14
;TYPE:SKIN
G1 F1350 X145.19 Y57.859 E377.98576
G1 X157.19 Y57.86 E379.58225
G1 X157.19 Y57.79 E379.59156
G1 X159.21 Y57.79 E379.8603
G1 X159.21 Y162.21 E393.7524
G1 X157.19 Y162.21 E394.02114
G1 X157.19 Y162.141 E394.03032
G1 X145.19 Y162.14 E395.6268
G0 F7500 X144.71 Y162.14
G0 X144.782 Y162.548
G0 X158.288 Y162.69
G0 X158.288 Y161.889
G1 F1350 X158.889 Y161.288 E395.73988
G0 F7500 X159.69 Y161.288
G0 X159.69 Y160.156
G0 X158.889 Y160.156
G1 F1350 X157.225 Y161.82 E396.05296
G0 F7500 X157.225 Y162.69
G0 X156.093 Y162.62
G0 X156.094 Y161.82
G1 F1350 X158.889 Y159.025 E396.57883
G0 F7500 X159.69 Y159.025
G0 X159.69 Y157.894
G0 X158.889 Y157.894
G1 F1350 X154.963 Y161.82 E397.3175
G0 F7500 X154.962 Y162.62
G0 X153.83 Y162.62
G0 X153.831 Y161.82
G1 F1350 X158.889 Y156.762 E398.26915
G0 F7500 X159.69 Y156.762
G0 X159.69 Y155.631
G0 X158.889 Y155.631
G1 F1350 X152.7 Y161.82 E399.4336
G0 F7500 X152.699 Y162.62
G0 X151.568 Y162.62
G0 X151.569 Y161.82
G1 F1350 X158.889 Y154.5 E400.81084
G0 F7500 X159.69 Y154.5
G0 X159.69 Y153.368
G0 X158.889 Y153.368
G1 F1350 X150.438 Y161.819 E402.40087
G0 F7500 X150.437 Y162.62
G0 X149.306 Y162.62
G0 X149.307 Y161.819
G1 F1350 X158.889 Y152.237 E404.20371
G0 F7500 X159.69 Y152.237
G0 X159.69 Y151.105
G0 X158.889 Y151.105
G1 F1350 X148.175 Y161.819 E406.21952
G0 F7500 X148.174 Y162.62
G0 X147.043 Y162.62
G0 X147.044 Y161.819
G1 F1350 X158.889 Y149.974 E408.44813
G0 F7500 X159.69 Y149.974
G0 X159.69 Y148.843
G0 X158.889 Y148.843
G1 F1350 X145.912 Y161.819 E410.88963
G0 F7500 X145.51 Y161.09
G1 F1350 X158.889 Y147.711 E413.40686
G0 F7500 X159.69 Y147.711
G0 X159.69 Y146.58
G0 X158.889 Y146.58
G1 F1350 X145.51 Y159.959 E415.92409
G0 F7500 X144.71 Y159.959
G0 X144.71 Y158.828
G0 X145.51 Y158.828
G1 F1350 X158.889 Y145.449 E418.44132
G0 F7500 X159.69 Y145.449
G0 X159.69 Y144.317
G0 X158.889 Y144.317
G1 F1350 X145.51 Y157.696 E420.95854
G0 F7500 X144.71 Y157.696
G0 X144.71 Y156.565
G0 X145.51 Y156.565
G1 F1350 X158.889 Y143.186 E423.47577
G0 F7500 X159.69 Y143.186
G0 X159.69 Y142.054
G0 X158.889 Y142.054
G1 F1350 X145.51 Y155.434 E425.9931
G0 F7500 X144.71 Y155.434
G0 X144.71 Y154.302
G0 X145.51 Y154.302
G1 F1350 X158.889 Y140.923 E428.51032
G0 F7500 X159.69 Y140.923
G0 X159.69 Y139.792
G0 X158.889 Y139.792
G1 F1350 X145.51 Y153.171 E431.02755
G0 F7500 X144.71 Y153.171
G0 X144.71 Y152.039
G0 X145.51 Y152.039
G1 F1350 X158.889 Y138.66 E433.54478
G0 F7500 X159.69 Y138.66
G0 X159.69 Y137.529
G0 X158.889 Y137.529
G1 F1350 X145.51 Y150.908 E436.06201
G0 F7500 X144.71 Y150.908
G0 X144.71 Y149.777
G0 X145.51 Y149.777
G1 F1350 X158.889 Y136.398 E438.57924
G0 F7500 X159.69 Y136.398
G0 X159.69 Y135.266
G0 X158.889 Y135.266
G1 F1350 X145.51 Y148.645 E441.09647
G0 F7500 X144.71 Y148.645
G0 X144.71 Y147.514
G0 X145.51 Y147.514
G1 F1350 X158.889 Y134.135 E443.6137
G0 F7500 X159.69 Y134.135
G0 X159.69 Y133.003
G0 X158.889 Y133.003
G1 F1350 X145.51 Y146.383 E446.13102
G0 F7500 X144.71 Y146.383
G0 X144.71 Y145.251
G0 X145.51 Y145.251
G1 F1350 X158.889 Y131.872 E448.64825
G0 F7500 X159.69 Y131.872
G0 X159.69 Y130.741
G0 X158.889 Y130.741
G1 F1350 X145.51 Y144.12 E451.16548
G0 F7500 X144.71 Y144.12
G0 X144.71 Y142.989
G0 X145.51 Y142.989
G1 F1350 X158.889 Y129.609 E453.6828
G0 F7500 X159.69 Y129.609
G0 X159.69 Y128.478
G0 X158.889 Y128.478
G1 F1350 X145.51 Y141.857 E456.20003
G0 F7500 X144.71 Y141.857
G0 X144.71 Y140.726
G0 X145.51 Y140.726
G1 F1350 X158.889 Y127.347 E458.71725
G0 F7500 X159.69 Y127.347
G0 X159.69 Y126.215
G0 X158.889 Y126.215
G1 F1350 X145.51 Y139.594 E461.23448
G0 F7500 X144.71 Y139.594
G0 X144.71 Y138.463
G0 X145.51 Y138.463
G1 F1350 X158.889 Y125.084 E463.75171
G0 F7500 X159.69 Y125.084
G0 X159.69 Y123.952
G0 X158.889 Y123.952
G1 F1350 X145.51 Y137.332 E466.26903
G0 F7500 X144.71 Y137.332
G0 X144.71 Y136.2
G0 X145.51 Y136.2
G1 F1350 X158.889 Y122.821 E468.78626
G0 F7500 X159.69 Y122.821
G0 X159.69 Y121.69
G0 X158.889 Y121.69
G1 F1350 X145.51 Y135.069 E471.30349
G0 F7500 X144.71 Y135.069
G0 X144.71 Y133.938
G0 X145.51 Y133.938
G1 F1350 X158.889 Y120.558 E473.82081
G0 F7500 X159.69 Y120.558
G0 X159.69 Y119.427
G0 X158.889 Y119.427
G1 F1350 X145.51 Y132.806 E476.33804
G0 F7500 X144.71 Y132.806
G0 X144.71 Y131.675
G0 X145.51 Y131.675
G1 F1350 X158.889 Y118.296 E478.85527
G0 F7500 X159.69 Y118.296
G0 X159.69 Y117.164
G0 X158.889 Y117.164
G1 F1350 X145.51 Y130.543 E481.3725
G0 F7500 X144.71 Y130.543
G0 X144.71 Y129.412
G0 X145.51 Y129.412
G1 F1350 X158.889 Y116.033 E483.88973
G0 F7500 X159.69 Y116.033
G0 X159.69 Y114.902
G0 X158.889 Y114.902
G1 F1350 X145.51 Y128.281 E486.40696
G0 F7500 X144.71 Y128.281
G0 X144.71 Y127.149
G0 X145.51 Y127.149
G1 F1350 X158.889 Y113.77 E488.92419
G0 F7500 X159.69 Y113.77
G0 X159.69 Y112.639
G0 X158.889 Y112.639
G1 F1350 X145.51 Y126.018 E491.44141
G0 F7500 X144.71 Y126.018
G0 X144.71 Y124.887
G0 X145.51 Y124.887
G1 F1350 X158.889 Y111.507 E493.95874
G0 F7500 X159.69 Y111.507
G0 X159.69 Y110.376
G0 X158.889 Y110.376
G1 F1350 X145.51 Y123.755 E496.47597
G0 F7500 X144.71 Y123.755
G0 X144.71 Y122.624
G0 X145.51 Y122.624
G1 F1350 X158.889 Y109.245 E498.99319
G0 F7500 X159.69 Y109.245
G0 X159.69 Y108.113
G0 X158.889 Y108.113
G1 F1350 X145.51 Y121.492 E501.51042
G0 F7500 X144.71 Y121.492
G0 X144.71 Y120.361
G0 X145.51 Y120.361
G1 F1350 X158.889 Y106.982 E504.02765
G0 F7500 X159.69 Y106.982
G0 X159.69 Y105.851
G0 X158.889 Y105.851
G1 F1350 X145.51 Y119.23 E506.54488
G0 F7500 X144.71 Y119.23
G0 X144.71 Y118.098
G0 X145.51 Y118.098
G1 F1350 X158.889 Y104.719 E509.06211
G0 F7500 X159.69 Y104.719
G0 X159.69 Y103.588
G0 X158.889 Y103.588
G1 F1350 X145.51 Y116.967 E511.57934
G0 F7500 X144.71 Y116.967
G0 X144.71 Y115.836
G0 X145.51 Y115.836
G1 F1350 X158.889 Y102.456 E514.09666
G0 F7500 X159.69 Y102.456
G0 X159.69 Y101.325
G0 X158.889 Y101.325
G1 F1350 X145.51 Y114.704 E516.61389
G0 F7500 X144.71 Y114.704
G0 X144.71 Y113.573
G0 X145.51 Y113.573
G1 F1350 X158.889 Y100.194 E519.13112
G0 F7500 X159.69 Y100.194
G0 X159.69 Y99.062
G0 X158.889 Y99.062
G1 F1350 X145.51 Y112.441 E521.64835
G0 F7500 X144.71 Y112.441
G0 X144.71 Y111.31
G0 X145.51 Y111.31
G1 F1350 X158.889 Y97.931 E524.16557
G0 F7500 X159.69 Y97.931
G0 X159.69 Y96.8
G0 X158.889 Y96.8
G1 F1350 X145.51 Y110.179 E526.6828
G0 F7500 X144.71 Y110.179
G0 X144.71 Y109.048
G0 X145.509 Y109.048
G1 F1350 X158.889 Y95.668 E529.20022
G0 F7500 X159.69 Y95.668
G0 X159.69 Y94.537
G0 X158.889 Y94.537
G1 F1350 X145.509 Y107.917 E531.71764
G0 F7500 X144.71 Y107.917
G0 X144.71 Y106.785
G0 X145.509 Y106.785
G1 F1350 X158.889 Y93.405 E534.23505
G0 F7500 X159.69 Y93.405
G0 X159.69 Y92.274
G0 X158.889 Y92.274
G1 F1350 X145.509 Y105.654 E536.75247
G0 F7500 X144.71 Y105.654
G0 X144.71 Y104.523
G0 X145.509 Y104.523
G1 F1350 X158.889 Y91.143 E539.26989
G0 F7500 X159.69 Y91.143
G0 X159.69 Y90.011
G0 X158.889 Y90.011
G1 F1350 X145.509 Y103.391 E541.7873
G0 F7500 X144.71 Y103.391
G0 X144.71 Y102.26
G0 X145.509 Y102.26
G1 F1350 X158.889 Y88.88 E544.30472
G0 F7500 X159.69 Y88.88
G0 X159.69 Y87.749
G0 X158.889 Y87.749
G1 F1350 X145.509 Y101.128 E546.82204
G0 F7500 X144.71 Y101.128
G0 X144.71 Y99.997
G0 X145.509 Y99.997
G1 F1350 X158.889 Y86.617 E549.33946
G0 F7500 X159.69 Y86.617
G0 X159.69 Y85.486
G0 X158.889 Y85.486
G1 F1350 X145.509 Y98.866 E551.85688
G0 F7500 X144.71 Y98.866
G0 X144.71 Y97.734
G0 X145.509 Y97.734
G1 F1350 X158.889 Y84.355 E554.3742
G0 F7500 X159.69 Y84.355
G0 X159.69 Y83.223
G0 X158.889 Y83.223
G1 F1350 X145.509 Y96.603 E556.89161
G0 F7500 X144.71 Y96.603
G0 X144.71 Y95.472
G0 X145.509 Y95.472
G1 F1350 X158.889 Y82.092 E559.40903
G0 F7500 X159.69 Y82.092
G0 X159.69 Y80.96
G0 X158.889 Y80.96
G1 F1350 X145.509 Y94.34 E561.92645
G0 F7500 X144.71 Y94.34
G0 X144.71 Y93.209
G0 X145.509 Y93.209
G1 F1350 X158.889 Y79.829 E564.44386
G0 F7500 X159.69 Y79.829
G0 X159.69 Y78.698
G0 X158.889 Y78.698
G1 F1350 X145.509 Y92.078 E566.96128
G0 F7500 X144.71 Y92.078
G0 X144.71 Y90.946
G0 X145.509 Y90.946
G1 F1350 X158.889 Y77.566 E569.4787
G0 F7500 X159.69 Y77.566
G0 X159.69 Y76.435
G0 X158.889 Y76.435
G1 F1350 X145.509 Y89.815 E571.99612
G0 F7500 X144.71 Y89.815
G0 X144.71 Y88.683
G0 X145.509 Y88.683
G1 F1350 X158.889 Y75.304 E574.51344
G0 F7500 X159.69 Y75.304
G0 X159.69 Y74.172
G0 X158.889 Y74.172
G1 F1350 X145.509 Y87.552 E577.03085
G0 F7500 X144.71 Y87.552
G0 X144.71 Y86.421
G0 X145.509 Y86.421
G1 F1350 X158.889 Y73.041 E579.54827
G0 F7500 X159.69 Y73.041
G0 X159.69 Y71.909
G0 X158.889 Y71.909
G1 F1350 X145.509 Y85.289 E582.06569
G0 F7500 X144.71 Y85.289
G0 X144.71 Y84.158
G0 X145.509 Y84.158
G1 F1350 X158.889 Y70.778 E584.5831
G0 F7500 X159.69 Y70.778
G0 X159.69 Y69.647
G0 X158.889 Y69.647
G1 F1350 X145.509 Y83.027 E587.10052
G0 F7500 X144.71 Y83.027
G0 X144.71 Y81.895
G0 X145.509 Y81.895
G1 F1350 X158.889 Y68.515 E589.61794
G0 F7500 X159.69 Y68.515
G0 X159.69 Y67.384
G0 X158.889 Y67.384
G1 F1350 X145.509 Y80.764 E592.13535
G0 F7500 X144.71 Y80.764
G0 X144.71 Y79.632
G0 X145.509 Y79.632
G1 F1350 X158.889 Y66.253 E594.65268
G0 F7500 X159.69 Y66.253
G0 X159.69 Y65.121
G0 X158.889 Y65.121
G1 F1350 X145.509 Y78.501 E597.17009
G0 F7500 X144.71 Y78.501
G0 X144.71 Y77.37
G0 X145.509 Y77.37
G1 F1350 X158.889 Y63.99 E599.68751
G0 F7500 X159.69 Y63.99
G0 X159.69 Y62.858
G0 X158.889 Y62.858
G1 F1350 X145.509 Y76.238 E602.20493
G0 F7500 X144.71 Y76.238
G0 X144.71 Y75.107
G0 X145.509 Y75.107
G1 F1350 X158.889 Y61.727 E604.72234
G0 F7500 X159.69 Y61.727
G0 X159.69 Y60.596
G0 X158.889 Y60.596
G1 F1350 X145.509 Y73.976 E607.23976
G0 F7500 X144.71 Y73.976
G0 X144.71 Y72.844
G0 X145.509 Y72.844
G1 F1350 X158.889 Y59.464 E609.75718
G0 F7500 X159.69 Y59.464
G0 X159.69 Y58.333
G0 X158.889 Y58.333
G1 F1350 X145.509 Y71.713 E612.27459
G0 F7500 X144.71 Y71.713
G0 X144.71 Y70.581
G0 X145.509 Y70.581
G1 F1350 X157.981 Y58.11 E614.62108
G0 F7500 X157.981 Y57.31
G0 X156.782 Y57.38
G0 X156.781 Y58.179
G1 F1350 X145.509 Y69.45 E616.74179
G0 F7500 X144.71 Y69.45
G0 X144.71 Y68.319
G0 X145.509 Y68.319
G1 F1350 X155.649 Y58.179 E618.6496
G0 F7500 X155.65 Y57.38
G0 X154.519 Y57.38
G0 X154.518 Y58.179
G1 F1350 X145.509 Y67.187 E620.34453
G0 F7500 X144.71 Y67.187
G0 X144.71 Y66.056
G0 X145.509 Y66.056
G1 F1350 X153.387 Y58.179 E621.82667
G0 F7500 X153.388 Y57.38
G0 X152.256 Y57.38
G0 X152.255 Y58.179
G1 F1350 X145.509 Y64.925 E623.09591
G0 F7500 X144.71 Y64.925
G0 X144.71 Y63.793
G0 X145.509 Y63.793
G1 F1350 X151.124 Y58.178 E624.15236
G0 F7500 X151.125 Y57.38
G0 X149.994 Y57.38
G0 X149.993 Y58.178
G1 F1350 X145.509 Y62.662 E624.99602
G0 F7500 X144.71 Y62.662
G0 X144.71 Y61.531
G0 X145.509 Y61.531
G1 F1350 X148.862 Y58.178 E625.62687
G0 F7500 X148.863 Y57.38
G0 X147.731 Y57.38
G0 X147.73 Y58.178
G1 F1350 X145.509 Y60.399 E626.04475
G0 F7500 X144.71 Y60.399
G0 X144.71 Y59.268
G0 X145.509 Y59.268
G1 F1350 X146.599 Y58.178 E626.24983
G0 F7500 X146.6 Y56.68
G1 F1500 E619.74983
;MESH:zanza fissa prolunga mobile.stl(5)
G0 F7500 X159.618 Y57.382
G0 X161.18 Y162.93
G0 X164.32 Y162.93
G0 X165.5 Y162.93
;TYPE:WALL-INNER
G1 F1500 E626.24983
G1 F1350 X165.5 Y57.468 E640.28055
G1 X165.5 Y57.069 E640.33364
G1 X165.899 Y57.069 E640.36796
G1 X177.5 Y57.07 E641.91136
G1 X177.5 Y57 E641.92068
G1 X181.1 Y57 E642.39962
G1 X181.1 Y163 E656.50192
G1 X177.5 Y163 E656.98087
G1 X177.5 Y162.931 E656.99005
G1 X165.5 Y162.93 E658.58653
G0 F7500 X164.8 Y163.8
G1 F1350 X164.7 Y163.8 E658.59984
G1 X164.7 Y163.73 E658.6033
G1 X164.7 Y56.269 E672.89997
G1 X164.7 Y56.2 E672.90915
G1 X164.8 Y56.2 E672.91659
G1 X164.8 Y56.269 E672.91774
G1 X176.7 Y56.27 E674.50092
G1 X176.7 Y56.2 E674.51023
G1 X181.9 Y56.2 E675.20204
G1 X181.9 Y163.8 E689.51721
G1 X176.7 Y163.8 E690.20902
G1 X176.7 Y163.731 E690.2182
G1 X164.8 Y163.73 E691.80138
G1 X164.8 Y163.8 E691.80254
G0 F7500 X165.601 Y164.031
G0 X165.6 Y164.53
;TYPE:WALL-OUTER
G1 F1350 X165.6 Y164.6 E691.81186
G1 X163.9 Y164.6 E692.03803
G1 X163.9 Y55.4 E706.56605
G1 X165.6 Y55.4 E706.79222
G1 X165.6 Y55.469 E706.8014
G1 X175.9 Y55.47 E708.17172
G1 X175.9 Y55.4 E708.18103
G1 X182.7 Y55.4 E709.08571
G1 X182.7 Y164.6 E723.61374
G1 X175.9 Y164.6 E724.51841
G1 X175.9 Y164.531 E724.52759
G1 X165.6 Y164.53 E725.89791
G0 F7500 X164.978 Y163.72
G0 X165.81 Y162.14
G0 X166.29 Y162.14
;TYPE:SKIN
G1 F1350 X166.29 Y57.859 E739.77151
G1 X178.29 Y57.86 E741.368
G1 X178.29 Y57.79 E741.37731
G1 X180.31 Y57.79 E741.64605
G1 X180.31 Y162.21 E755.53814
G1 X178.29 Y162.21 E755.80689
G1 X178.29 Y162.141 E755.81606
G1 X166.29 Y162.14 E757.41255
G0 F7500 X165.81 Y162.14
G0 X165.882 Y162.548
G0 X179.784 Y162.69
G0 X179.784 Y161.889
G1 F1350 X179.989 Y161.684 E757.45112
G0 F7500 X180.79 Y161.684
G0 X180.79 Y160.553
G0 X179.989 Y160.553
G1 F1350 X178.652 Y161.889 E757.70258
G0 F7500 X178.652 Y162.69
G0 X177.588 Y162.62
G0 X177.589 Y161.821
G1 F1350 X179.989 Y159.422 E758.15404
G0 F7500 X180.79 Y159.422
G0 X180.79 Y158.29
G0 X179.989 Y158.29
G1 F1350 X176.458 Y161.821 E758.81839
G0 F7500 X176.457 Y162.62
G0 X175.326 Y162.62
G0 X175.327 Y161.821
G1 F1350 X179.989 Y157.159 E759.69554
G0 F7500 X180.79 Y157.159
G0 X180.79 Y156.028
G0 X179.989 Y156.028
G1 F1350 X174.195 Y161.821 E760.78557
G0 F7500 X174.194 Y162.62
G0 X173.063 Y162.62
G0 X173.064 Y161.821
G1 F1350 X179.989 Y154.896 E762.08849
G0 F7500 X180.79 Y154.896
G0 X180.79 Y153.765
G0 X179.989 Y153.765
G1 F1350 X171.933 Y161.82 E763.60412
G0 F7500 X171.932 Y162.62
G0 X170.801 Y162.62
G0 X170.802 Y161.82
G1 F1350 X179.989 Y152.633 E765.33263
G0 F7500 X180.79 Y152.633
G0 X180.79 Y151.502
G0 X179.989 Y151.502
G1 F1350 X169.67 Y161.82 E767.27403
G0 F7500 X169.669 Y162.62
G0 X168.538 Y162.62
G0 X168.539 Y161.82
G1 F1350 X179.989 Y150.371 E769.42823
G0 F7500 X180.79 Y150.371
G0 X180.79 Y149.239
G0 X179.989 Y149.239
G1 F1350 X167.408 Y161.82 E771.79532
G0 F7500 X166.609 Y161.487
G1 F1350 X179.989 Y148.108 E774.31264
G0 F7500 X180.79 Y148.108
G0 X180.79 Y146.977
G0 X179.989 Y146.977
G1 F1350 X166.609 Y160.356 E776.82996
G0 F7500 X165.81 Y160.356
G0 X165.81 Y159.224
G0 X166.609 Y159.224
G1 F1350 X179.989 Y145.845 E779.34728
G0 F7500 X180.79 Y145.845
G0 X180.79 Y144.714
G0 X179.989 Y144.714
G1 F1350 X166.609 Y158.093 E781.86461
G0 F7500 X165.81 Y158.093
G0 X165.81 Y156.962
G0 X166.609 Y156.962
G1 F1350 X179.989 Y143.582 E784.38202
G0 F7500 X180.79 Y143.582
G0 X180.79 Y142.451
G0 X179.989 Y142.451
G1 F1350 X166.609 Y155.83 E786.89935
G0 F7500 X165.81 Y155.83
G0 X165.81 Y154.699
G0 X166.609 Y154.699
G1 F1350 X179.989 Y141.32 E789.41667
G0 F7500 X180.79 Y141.32
G0 X180.79 Y140.188
G0 X179.989 Y140.188
G1 F1350 X166.609 Y153.568 E791.93409
G0 F7500 X165.81 Y153.568
G0 X165.81 Y152.436
G0 X166.609 Y152.436
G1 F1350 X179.989 Y139.057 E794.45141
G0 F7500 X180.79 Y139.057
G0 X180.79 Y137.926
G0 X179.989 Y137.926
G1 F1350 X166.609 Y151.305 E796.96873
G0 F7500 X165.81 Y151.305
G0 X165.81 Y150.173
G0 X166.609 Y150.173
G1 F1350 X179.989 Y136.794 E799.48605
G0 F7500 X180.79 Y136.794
G0 X180.79 Y135.663
G0 X179.989 Y135.663
G1 F1350 X166.609 Y149.042 E802.00338
G0 F7500 X165.81 Y149.042
G0 X165.81 Y147.911
G0 X166.609 Y147.911
G1 F1350 X179.989 Y134.532 E804.5207
G0 F7500 X180.79 Y134.532
G0 X180.79 Y133.4
G0 X179.989 Y133.4
G1 F1350 X166.609 Y146.779 E807.03802
G0 F7500 X165.81 Y146.779
G0 X165.81 Y145.648
G0 X166.609 Y145.648
G1 F1350 X179.989 Y132.269 E809.55534
G0 F7500 X180.79 Y132.269
G0 X180.79 Y131.137
G0 X179.989 Y131.137
G1 F1350 X166.609 Y144.517 E812.07276
G0 F7500 X165.81 Y144.517
G0 X165.81 Y143.385
G0 X166.609 Y143.385
G1 F1350 X179.989 Y130.006 E814.59008
G0 F7500 X180.79 Y130.006
G0 X180.79 Y128.875
G0 X179.989 Y128.875
G1 F1350 X166.609 Y142.254 E817.10741
G0 F7500 X165.81 Y142.254
G0 X165.81 Y141.122
G0 X166.609 Y141.122
G1 F1350 X179.989 Y127.743 E819.62473
G0 F7500 X180.79 Y127.743
G0 X180.79 Y126.612
G0 X179.989 Y126.612
G1 F1350 X166.609 Y139.991 E822.14205
G0 F7500 X165.81 Y139.991
G0 X165.81 Y138.86
G0 X166.609 Y138.86
G1 F1350 X179.989 Y125.481 E824.65937
G0 F7500 X180.79 Y125.481
G0 X180.79 Y124.349
G0 X179.989 Y124.349
G1 F1350 X166.609 Y137.728 E827.1767
G0 F7500 X165.81 Y137.728
G0 X165.81 Y136.597
G0 X166.609 Y136.597
G1 F1350 X179.989 Y123.218 E829.69402
G0 F7500 X180.79 Y123.218
G0 X180.79 Y122.086
G0 X179.989 Y122.086
G1 F1350 X166.609 Y135.466 E832.21144
G0 F7500 X165.81 Y135.466
G0 X165.81 Y134.334
G0 X166.609 Y134.334
G1 F1350 X179.989 Y120.955 E834.72876
G0 F7500 X180.79 Y120.955
G0 X180.79 Y119.824
G0 X179.989 Y119.824
G1 F1350 X166.609 Y133.203 E837.24608
G0 F7500 X165.81 Y133.203
G0 X165.81 Y132.071
G0 X166.609 Y132.071
G1 F1350 X179.989 Y118.692 E839.7634
G0 F7500 X180.79 Y118.692
G0 X180.79 Y117.561
G0 X179.989 Y117.561
G1 F1350 X166.609 Y130.94 E842.28073
G0 F7500 X165.81 Y130.94
G0 X165.81 Y129.809
G0 X166.609 Y129.809
G1 F1350 X179.989 Y116.43 E844.79805
G0 F7500 X180.79 Y116.43
G0 X180.79 Y115.298
G0 X179.989 Y115.298
G1 F1350 X166.609 Y128.677 E847.31537
G0 F7500 X165.81 Y128.677
G0 X165.81 Y127.546
G0 X166.609 Y127.546
G1 F1350 X179.989 Y114.167 E849.8327
G0 F7500 X180.79 Y114.167
G0 X180.79 Y113.035
G0 X179.989 Y113.035
G1 F1350 X166.609 Y126.415 E852.35011
G0 F7500 X165.81 Y126.415
G0 X165.81 Y125.283
G0 X166.609 Y125.283
G1 F1350 X179.989 Y111.904 E854.86743
G0 F7500 X180.79 Y111.904
G0 X180.79 Y110.773
G0 X179.989 Y110.773
G1 F1350 X166.609 Y124.152 E857.38476
G0 F7500 X165.81 Y124.152
G0 X165.81 Y123.021
G0 X166.609 Y123.021
G1 F1350 X179.989 Y109.641 E859.90217
G0 F7500 X180.79 Y109.641
G0 X180.79 Y108.51
G0 X179.989 Y108.51
G1 F1350 X166.609 Y121.889 E862.4195
G0 F7500 X165.81 Y121.889
G0 X165.81 Y120.758
G0 X166.609 Y120.758
G1 F1350 X179.989 Y107.379 E864.93682
G0 F7500 X180.79 Y107.379
G0 X180.79 Y106.247
G0 X179.989 Y106.247
G1 F1350 X166.609 Y119.626 E867.45414
G0 F7500 X165.81 Y119.626
G0 X165.81 Y118.495
G0 X166.609 Y118.495
G1 F1350 X179.989 Y105.116 E869.97146
G0 F7500 X180.79 Y105.116
G0 X180.79 Y103.985
G0 X179.989 Y103.985
G1 F1350 X166.609 Y117.364 E872.48879
G0 F7500 X165.81 Y117.364
G0 X165.81 Y116.232
G0 X166.609 Y116.232
G1 F1350 X179.989 Y102.853 E875.00611
G0 F7500 X180.79 Y102.853
G0 X180.79 Y101.722
G0 X179.989 Y101.722
G1 F1350 X166.609 Y115.101 E877.52343
G0 F7500 X165.81 Y115.101
G0 X165.81 Y113.97
G0 X166.609 Y113.97
G1 F1350 X179.989 Y100.59 E880.04085
G0 F7500 X180.79 Y100.59
G0 X180.79 Y99.459
G0 X179.989 Y99.459
G1 F1350 X166.609 Y112.838 E882.55817
G0 F7500 X165.81 Y112.838
G0 X165.81 Y111.707
G0 X166.609 Y111.707
G1 F1350 X179.989 Y98.328 E885.07549
G0 F7500 X180.79 Y98.328
G0 X180.79 Y97.196
G0 X179.989 Y97.196
G1 F1350 X166.609 Y110.575 E887.59282
G0 F7500 X165.81 Y110.575
G0 X165.81 Y109.444
G0 X166.609 Y109.444
G1 F1350 X179.989 Y96.065 E890.11014
G0 F7500 X180.79 Y96.065
G0 X180.79 Y94.934
G0 X179.989 Y94.934
G1 F1350 X166.609 Y108.313 E892.62746
G0 F7500 X165.81 Y108.313
G0 X165.81 Y107.181
G0 X166.609 Y107.181
G1 F1350 X179.989 Y93.802 E895.14478
G0 F7500 X180.79 Y93.802
G0 X180.79 Y92.671
G0 X179.989 Y92.671
G1 F1350 X166.609 Y106.05 E897.66211
G0 F7500 X165.81 Y106.05
G0 X165.81 Y104.919
G0 X166.609 Y104.919
G1 F1350 X179.989 Y91.539 E900.17952
G0 F7500 X180.79 Y91.539
G0 X180.79 Y90.408
G0 X179.989 Y90.408
G1 F1350 X166.609 Y103.787 E902.69685
G0 F7500 X165.81 Y103.787
G0 X165.81 Y102.656
G0 X166.609 Y102.656
G1 F1350 X179.989 Y89.277 E905.21417
G0 F7500 X180.79 Y89.277
G0 X180.79 Y88.145
G0 X179.989 Y88.145
G1 F1350 X166.609 Y101.524 E907.73149
G0 F7500 X165.81 Y101.524
G0 X165.81 Y100.393
G0 X166.609 Y100.393
G1 F1350 X179.989 Y87.014 E910.24881
G0 F7500 X180.79 Y87.014
G0 X180.79 Y85.883
G0 X179.989 Y85.883
G1 F1350 X166.609 Y99.262 E912.76614
G0 F7500 X165.81 Y99.262
G0 X165.81 Y98.13
G0 X166.609 Y98.13
G1 F1350 X179.989 Y84.751 E915.28346
G0 F7500 X180.79 Y84.751
G0 X180.79 Y83.62
G0 X179.989 Y83.62
G1 F1350 X166.609 Y96.999 E917.80078
G0 F7500 X165.81 Y96.999
G0 X165.81 Y95.868
G0 X166.609 Y95.868
G1 F1350 X179.989 Y82.488 E920.3182
G0 F7500 X180.79 Y82.488
G0 X180.79 Y81.357
G0 X179.989 Y81.357
G1 F1350 X166.609 Y94.736 E922.83552
G0 F7500 X165.81 Y94.736
G0 X165.81 Y93.605
G0 X166.609 Y93.605
G1 F1350 X179.989 Y80.226 E925.35284
G0 F7500 X180.79 Y80.226
G0 X180.79 Y79.094
G0 X179.989 Y79.094
G1 F1350 X166.609 Y92.474 E927.87026
G0 F7500 X165.81 Y92.474
G0 X165.81 Y91.342
G0 X166.609 Y91.342
G1 F1350 X179.989 Y77.963 E930.38758
G0 F7500 X180.79 Y77.963
G0 X180.79 Y76.832
G0 X179.989 Y76.832
G1 F1350 X166.609 Y90.211 E932.90491
G0 F7500 X165.81 Y90.211
G0 X165.81 Y89.079
G0 X166.609 Y89.079
G1 F1350 X179.989 Y75.7 E935.42223
G0 F7500 X180.79 Y75.7
G0 X180.79 Y74.569
G0 X179.989 Y74.569
G1 F1350 X166.609 Y87.948 E937.93955
G0 F7500 X165.81 Y87.948
G0 X165.81 Y86.817
G0 X166.609 Y86.817
G1 F1350 X179.989 Y73.437 E940.45697
G0 F7500 X180.79 Y73.437
G0 X180.79 Y72.306
G0 X179.989 Y72.306
G1 F1350 X166.609 Y85.685 E942.97429
G0 F7500 X165.81 Y85.685
G0 X165.81 Y84.554
G0 X166.609 Y84.554
G1 F1350 X179.989 Y71.175 E945.49161
G0 F7500 X180.79 Y71.175
G0 X180.79 Y70.043
G0 X179.989 Y70.043
G1 F1350 X166.609 Y83.423 E948.00903
G0 F7500 X165.81 Y83.423
G0 X165.81 Y82.291
G0 X166.609 Y82.291
G1 F1350 X179.989 Y68.912 E950.52635
G0 F7500 X180.79 Y68.912
G0 X180.79 Y67.781
G0 X179.989 Y67.781
G1 F1350 X166.609 Y81.16 E953.04368
G0 F7500 X165.81 Y81.16
G0 X165.81 Y80.028
G0 X166.609 Y80.028
G1 F1350 X179.989 Y66.649 E955.561
G0 F7500 X180.79 Y66.649
G0 X180.79 Y65.518
G0 X179.989 Y65.518
G1 F1350 X166.609 Y78.897 E958.07832
G0 F7500 X165.81 Y78.897
G0 X165.81 Y77.766
G0 X166.609 Y77.766
G1 F1350 X179.989 Y64.387 E960.59564
G0 F7500 X180.79 Y64.387
G0 X180.79 Y63.255
G0 X179.989 Y63.255
G1 F1350 X166.609 Y76.634 E963.11297
G0 F7500 X165.81 Y76.634
G0 X165.81 Y75.503
G0 X166.609 Y75.503
G1 F1350 X179.989 Y62.124 E965.63029
G0 F7500 X180.79 Y62.124
G0 X180.79 Y60.992
G0 X179.989 Y60.992
G1 F1350 X166.609 Y74.372 E968.14771
G0 F7500 X165.81 Y74.372
G0 X165.81 Y73.24
G0 X166.609 Y73.24
G1 F1350 X179.989 Y59.861 E970.66503
G0 F7500 X180.79 Y59.861
G0 X180.79 Y58.73
G0 X179.989 Y58.73
G1 F1350 X166.609 Y72.109 E973.18235
G0 F7500 X165.81 Y72.109
G0 X165.81 Y70.977
G0 X166.609 Y70.977
G1 F1350 X179.477 Y58.11 E975.60334
G0 F7500 X179.477 Y57.31
G0 X178.277 Y57.31
G0 X178.277 Y58.179
G1 F1350 X166.609 Y69.846 E977.79856
G0 F7500 X165.81 Y69.846
G0 X165.81 Y68.715
G0 X166.609 Y68.715
G1 F1350 X177.145 Y58.179 E979.78088
G0 F7500 X177.146 Y57.38
G0 X176.015 Y57.38
G0 X176.014 Y58.179
G1 F1350 X166.609 Y67.583 E981.55032
G0 F7500 X165.81 Y67.583
G0 X165.81 Y66.452
G0 X166.609 Y66.452
G1 F1350 X174.883 Y58.179 E983.10696
G0 F7500 X174.884 Y57.38
G0 X173.752 Y57.38
G0 X173.751 Y58.179
G1 F1350 X166.609 Y65.321 E984.45071
G0 F7500 X165.81 Y65.321
G0 X165.81 Y64.189
G0 X166.609 Y64.189
G1 F1350 X172.62 Y58.179 E985.58157
G0 F7500 X172.621 Y57.38
G0 X171.49 Y57.38
G0 X171.489 Y58.178
G1 F1350 X166.609 Y63.058 E986.49973
G0 F7500 X165.81 Y63.058
G0 X165.81 Y61.926
G0 X166.609 Y61.926
G1 F1350 X170.358 Y58.178 E987.205
G0 F7500 X170.359 Y57.38
G0 X169.227 Y57.38
G0 X169.226 Y58.178
G1 F1350 X166.609 Y60.795 E987.69738
G0 F7500 X165.81 Y60.795
G0 X165.81 Y59.664
G0 X166.609 Y59.664
G1 F1350 X168.095 Y58.178 E987.97697
G0 F7500 X168.096 Y57.38
G0 X166.965 Y57.38
G0 X166.964 Y58.178
G1 F1350 X166.609 Y58.532 E988.04367
G0 F7500 X165.11 Y58.532
G1 F1500 E981.54367
;MESH:NONMESH
G0 F300 X165.11 Y58.532 Z1.2
G0 F7500 X164.32 Y163
G0 X162.835 Y163
G0 X162.661 Y165.04
G0 X162.04 Y165.661
G0 X79.06 Y165.661
G0 X78.439 Y165.04
G0 X78.265 Y163
G0 X76.78 Y163
G0 X75.6 Y163
;TIME_ELAPSED:2246.252860
;LAYER:2
;TYPE:WALL-INNER
;MESH:zanza fissa prolunga mobile.stl(3)
G1 F1500 E988.04367
G1 X72 Y163 E988.52262
G1 X72 Y162.879 E988.53871
G1 X60 Y162.878 E990.1352
G1 X60 Y57.52 E1004.15209
G1 X60 Y57.121 E1004.20517
G1 X60.399 Y57.121 E1004.23949
G1 X72 Y57.122 E1005.7829
G1 X72 Y57 E1005.79913
G1 X75.6 Y57 E1006.27807
G1 X75.6 Y163 E1020.38037
G0 F9000 X76.4 Y163.8
G1 F1500 X71.2 Y163.8 E1021.07218
G1 X71.2 Y163.679 E1021.08828
G1 X59.3 Y163.678 E1022.67146
G1 X59.3 Y163.8 E1022.68769
G1 X59.2 Y163.8 E1022.701
G1 X59.2 Y163.678 E1022.70303
G1 X59.2 Y56.321 E1036.98586
G1 X59.2 Y56.2 E1037.00196
G1 X59.3 Y56.2 E1037.0085
G1 X59.3 Y56.321 E1037.01052
G1 X71.2 Y56.322 E1038.5937
G1 X71.2 Y56.2 E1038.60993
G1 X76.4 Y56.2 E1039.30174
G1 X76.4 Y163.8 E1053.61691
G0 F9000 X76.73 Y164.13
G0 X77.2 Y164.6
;TYPE:WALL-OUTER
G1 F1500 X70.4 Y164.6 E1054.52158
G1 X70.4 Y164.479 E1054.53768
G1 X60.1 Y164.478 E1055.908
G1 X60.1 Y164.6 E1055.92423
G1 X58.4 Y164.6 E1056.1504
G1 X58.4 Y55.4 E1070.67842
G1 X60.1 Y55.4 E1070.90459
G1 X60.1 Y55.521 E1070.92069
G1 X70.4 Y55.522 E1072.29101
G1 X70.4 Y55.4 E1072.30724
G1 X77.2 Y55.4 E1073.21191
G1 X77.2 Y164.6 E1087.73994
G0 F9000 X76.73 Y164.13
G0 X75.29 Y162.21
G0 X74.81 Y162.21
;TYPE:SKIN
G1 F1500 X72.79 Y162.21 E1088.00868
G1 X72.79 Y162.089 E1088.02478
G1 X60.79 Y162.088 E1089.62127
G1 X60.79 Y57.911 E1103.48103
G1 X72.79 Y57.912 E1105.07752
G1 X72.79 Y57.79 E1105.09375
G1 X74.81 Y57.79 E1105.36249
G1 X74.81 Y162.21 E1119.25458
G0 F9000 X75.29 Y162.21
G0 X75.218 Y162.618
G0 X62.205 Y162.568
G0 X62.206 Y161.766
G1 F1500 X61.109 Y160.67 E1119.46089
G0 F9000 X60.31 Y160.67
G0 X60.31 Y159.538
G0 X61.109 Y159.538
G1 F1500 X63.337 Y161.766 E1119.88008
G0 F9000 X63.336 Y162.568
G0 X64.468 Y162.568
G0 X64.469 Y161.766
G1 F1500 X61.109 Y158.407 E1120.51216
G0 F9000 X60.31 Y158.407
G0 X60.31 Y157.276
G0 X61.109 Y157.276
G1 F1500 X65.6 Y161.766 E1121.35704
G0 F9000 X65.599 Y162.568
G0 X66.73 Y162.568
G0 X66.731 Y161.766
G1 F1500 X61.109 Y156.144 E1122.41481
G0 F9000 X60.31 Y156.144
G0 X60.31 Y155.013
G0 X61.109 Y155.013
G1 F1500 X67.863 Y161.767 E1123.68556
G0 F9000 X67.862 Y162.568
G0 X68.994 Y162.568
G0 X68.995 Y161.767
G1 F1500 X61.109 Y153.881 E1125.16929
G0 F9000 X60.31 Y153.881
G0 X60.31 Y152.75
G0 X61.109 Y152.75
G1 F1500 X70.126 Y161.767 E1126.86582
G0 F9000 X70.125 Y162.568
G0 X71.256 Y162.568
G0 X71.257 Y161.767
G1 F1500 X61.109 Y151.619 E1128.77514
G0 F9000 X60.31 Y151.619
G0 X60.31 Y150.487
G0 X61.109 Y150.487
G1 F1500 X72.389 Y161.767 E1130.89745
G0 F9000 X72.388 Y162.568
G0 X73.642 Y162.69
G0 X73.642 Y161.889
G1 F1500 X61.109 Y149.356 E1133.2555
G0 F9000 X60.31 Y149.356
G0 X60.31 Y148.225
G0 X61.109 Y148.225
G1 F1500 X74.489 Y161.605 E1135.77292
G0 F9000 X75.29 Y161.605
G0 X75.29 Y160.473
G0 X74.489 Y160.473
G1 F1500 X61.109 Y147.093 E1138.29034
G0 F9000 X60.31 Y147.093
G0 X60.31 Y145.962
G0 X61.109 Y145.962
G1 F1500 X74.489 Y159.342 E1140.80775
G0 F9000 X75.29 Y159.342
G0 X75.29 Y158.21
G0 X74.489 Y158.21
G1 F1500 X61.109 Y144.831 E1143.32508
G0 F9000 X60.31 Y144.831
G0 X60.31 Y143.699
G0 X61.109 Y143.699
G1 F1500 X74.489 Y157.079 E1145.84249
G0 F9000 X75.29 Y157.079
G0 X75.29 Y155.948
G0 X74.489 Y155.948
G1 F1500 X61.109 Y142.568 E1148.35991
G0 F9000 X60.31 Y142.568
G0 X60.31 Y141.436
G0 X61.109 Y141.436
G1 F1500 X74.489 Y154.816 E1150.87733
G0 F9000 X75.29 Y154.816
G0 X75.29 Y153.685
G0 X74.489 Y153.685
G1 F1500 X61.109 Y140.305 E1153.39474
G0 F9000 X60.31 Y140.305
G0 X60.31 Y139.174
G0 X61.109 Y139.174
G1 F1500 X74.489 Y152.554 E1155.91216
G0 F9000 X75.29 Y152.554
G0 X75.29 Y151.422
G0 X74.489 Y151.422
G1 F1500 X61.109 Y138.042 E1158.42958
G0 F9000 X60.31 Y138.042
G0 X60.31 Y136.911
G0 X61.109 Y136.911
G1 F1500 X74.489 Y150.291 E1160.94699
G0 F9000 X75.29 Y150.291
G0 X75.29 Y149.159
G0 X74.489 Y149.159
G1 F1500 X61.109 Y135.78 E1163.46432
G0 F9000 X60.31 Y135.78
G0 X60.31 Y134.648
G0 X61.109 Y134.648
G1 F1500 X74.489 Y148.028 E1165.98173
G0 F9000 X75.29 Y148.028
G0 X75.29 Y146.897
G0 X74.489 Y146.897
G1 F1500 X61.109 Y133.517 E1168.49915
G0 F9000 X60.31 Y133.517
G0 X60.31 Y132.385
G0 X61.109 Y132.385
G1 F1500 X74.489 Y145.765 E1171.01657
G0 F9000 X75.29 Y145.765
G0 X75.29 Y144.634
G0 X74.489 Y144.634
G1 F1500 X61.109 Y131.254 E1173.53398
G0 F9000 X60.31 Y131.254
G0 X60.31 Y130.123
G0 X61.109 Y130.123
G1 F1500 X74.489 Y143.503 E1176.0514
G0 F9000 X75.29 Y143.503
G0 X75.29 Y142.371
G0 X74.489 Y142.371
G1 F1500 X61.109 Y128.991 E1178.56882
G0 F9000 X60.31 Y128.991
G0 X60.31 Y127.86
G0 X61.109 Y127.86
G1 F1500 X74.489 Y141.24 E1181.08623
G0 F9000 X75.29 Y141.24
G0 X75.29 Y140.108
G0 X74.489 Y140.108
G1 F1500 X61.109 Y126.729 E1183.60356
G0 F9000 X60.31 Y126.729
G0 X60.31 Y125.597
G0 X61.109 Y125.597
G1 F1500 X74.489 Y138.977 E1186.12097
G0 F9000 X75.29 Y138.977
G0 X75.29 Y137.846
G0 X74.489 Y137.846
G1 F1500 X61.109 Y124.466 E1188.63839
G0 F9000 X60.31 Y124.466
G0 X60.31 Y123.334
G0 X61.109 Y123.334
G1 F1500 X74.489 Y136.714 E1191.15581
G0 F9000 X75.29 Y136.714
G0 X75.29 Y135.583
G0 X74.489 Y135.583
G1 F1500 X61.109 Y122.203 E1193.67322
G0 F9000 X60.31 Y122.203
G0 X60.31 Y121.072
G0 X61.109 Y121.072
G1 F1500 X74.489 Y134.452 E1196.19064
G0 F9000 X75.29 Y134.452
G0 X75.29 Y133.32
G0 X74.489 Y133.32
G1 F1500 X61.109 Y119.94 E1198.70806
G0 F9000 X60.31 Y119.94
G0 X60.31 Y118.809
G0 X61.109 Y118.809
G1 F1500 X74.489 Y132.189 E1201.22547
G0 F9000 X75.29 Y132.189
G0 X75.29 Y131.057
G0 X74.489 Y131.057
G1 F1500 X61.109 Y117.678 E1203.7428
G0 F9000 X60.31 Y117.678
G0 X60.31 Y116.546
G0 X61.109 Y116.546
G1 F1500 X74.489 Y129.926 E1206.26021
G0 F9000 X75.29 Y129.926
G0 X75.29 Y128.795
G0 X74.489 Y128.795
G1 F1500 X61.109 Y115.415 E1208.77763
G0 F9000 X60.31 Y115.415
G0 X60.31 Y114.284
G0 X61.109 Y114.284
G1 F1500 X74.489 Y127.663 E1211.29495
G0 F9000 X75.29 Y127.663
G0 X75.29 Y126.532
G0 X74.489 Y126.532
G1 F1500 X61.109 Y113.152 E1213.81237
G0 F9000 X60.31 Y113.152
G0 X60.31 Y112.021
G0 X61.109 Y112.021
G1 F1500 X74.489 Y125.401 E1216.32979
G0 F9000 X75.29 Y125.401
G0 X75.29 Y124.269
G0 X74.489 Y124.269
G1 F1500 X61.109 Y110.889 E1218.8472
G0 F9000 X60.31 Y110.889
G0 X60.31 Y109.757
G0 X61.108 Y109.757
G1 F1500 X74.489 Y123.138 E1221.36481
G0 F9000 X75.29 Y123.138
G0 X75.29 Y122.007
G0 X74.489 Y122.007
G1 F1500 X61.108 Y108.626 E1223.88241
G0 F9000 X60.31 Y108.626
G0 X60.31 Y107.495
G0 X61.108 Y107.495
G1 F1500 X74.489 Y120.875 E1226.39992
G0 F9000 X75.29 Y120.875
G0 X75.29 Y119.744
G0 X74.489 Y119.744
G1 F1500 X61.108 Y106.363 E1228.91753
G0 F9000 X60.31 Y106.363
G0 X60.31 Y105.232
G0 X61.108 Y105.232
G1 F1500 X74.489 Y118.612 E1231.43504
G0 F9000 X75.29 Y118.612
G0 X75.29 Y117.481
G0 X74.489 Y117.481
G1 F1500 X61.108 Y104.1 E1233.95264
G0 F9000 X60.31 Y104.1
G0 X60.31 Y102.969
G0 X61.108 Y102.969
G1 F1500 X74.489 Y116.35 E1236.47025
G0 F9000 X75.29 Y116.35
G0 X75.29 Y115.218
G0 X74.489 Y115.218
G1 F1500 X61.108 Y101.838 E1238.98776
G0 F9000 X60.31 Y101.838
G0 X60.31 Y100.706
G0 X61.108 Y100.706
G1 F1500 X74.489 Y114.087 E1241.50536
G0 F9000 X75.29 Y114.087
G0 X75.29 Y112.956
G0 X74.489 Y112.956
G1 F1500 X61.108 Y99.575 E1244.02297
G0 F9000 X60.31 Y99.575
G0 X60.31 Y98.444
G0 X61.108 Y98.444
G1 F1500 X74.489 Y111.824 E1246.54048
G0 F9000 X75.29 Y111.824
G0 X75.29 Y110.693
G0 X74.489 Y110.693
G1 F1500 X61.108 Y97.312 E1249.05808
G0 F9000 X60.31 Y97.312
G0 X60.31 Y96.181
G0 X61.108 Y96.181
G1 F1500 X74.489 Y109.561 E1251.5756
G0 F9000 X75.29 Y109.561
G0 X75.29 Y108.43
G0 X74.489 Y108.43
G1 F1500 X61.108 Y95.05 E1254.09311
G0 F9000 X60.31 Y95.05
G0 X60.31 Y93.918
G0 X61.108 Y93.918
G1 F1500 X74.489 Y107.299 E1256.61071
G0 F9000 X75.29 Y107.299
G0 X75.29 Y106.167
G0 X74.489 Y106.167
G1 F1500 X61.108 Y92.787 E1259.12822
G0 F9000 X60.31 Y92.787
G0 X60.31 Y91.655
G0 X61.108 Y91.655
G1 F1500 X74.489 Y105.036 E1261.64583
G0 F9000 X75.29 Y105.036
G0 X75.29 Y103.905
G0 X74.489 Y103.905
G1 F1500 X61.108 Y90.524 E1264.16343
G0 F9000 X60.31 Y90.524
G0 X60.31 Y89.393
G0 X61.108 Y89.393
G1 F1500 X74.489 Y102.773 E1266.68094
G0 F9000 X75.29 Y102.773
G0 X75.29 Y101.642
G0 X74.489 Y101.642
G1 F1500 X61.108 Y88.261 E1269.19855
G0 F9000 X60.31 Y88.261
G0 X60.31 Y87.13
G0 X61.108 Y87.13
G1 F1500 X74.489 Y100.51 E1271.71606
G0 F9000 X75.29 Y100.51
G0 X75.29 Y99.379
G0 X74.489 Y99.379
G1 F1500 X61.108 Y85.999 E1274.23357
G0 F9000 X60.31 Y85.999
G0 X60.31 Y84.867
G0 X61.108 Y84.867
G1 F1500 X74.489 Y98.248 E1276.75117
G0 F9000 X75.29 Y98.248
G0 X75.29 Y97.116
G0 X74.489 Y97.116
G1 F1500 X61.108 Y83.736 E1279.26868
G0 F9000 X60.31 Y83.736
G0 X60.31 Y82.604
G0 X61.108 Y82.604
G1 F1500 X74.489 Y95.985 E1281.78629
G0 F9000 X75.29 Y95.985
G0 X75.29 Y94.854
G0 X74.489 Y94.854
G1 F1500 X61.108 Y81.473 E1284.30389
G0 F9000 X60.31 Y81.473
G0 X60.31 Y80.342
G0 X61.108 Y80.342
G1 F1500 X74.489 Y93.722 E1286.8214
G0 F9000 X75.29 Y93.722
G0 X75.29 Y92.591
G0 X74.489 Y92.591
G1 F1500 X61.108 Y79.21 E1289.33901
G0 F9000 X60.31 Y79.21
G0 X60.31 Y78.079
G0 X61.108 Y78.079
G1 F1500 X74.489 Y91.46 E1291.85661
G0 F9000 X75.29 Y91.46
G0 X75.29 Y90.328
G0 X74.489 Y90.328
G1 F1500 X61.108 Y76.948 E1294.37413
G0 F9000 X60.31 Y76.948
G0 X60.31 Y75.816
G0 X61.108 Y75.816
G1 F1500 X74.489 Y89.197 E1296.89173
G0 F9000 X75.29 Y89.197
G0 X75.29 Y88.065
G0 X74.489 Y88.065
G1 F1500 X61.108 Y74.685 E1299.40924
G0 F9000 X60.31 Y74.685
G0 X60.31 Y73.553
G0 X61.108 Y73.553
G1 F1500 X74.489 Y86.934 E1301.92685
G0 F9000 X75.29 Y86.934
G0 X75.29 Y85.803
G0 X74.489 Y85.803
G1 F1500 X61.108 Y72.422 E1304.44445
G0 F9000 X60.31 Y72.422
G0 X60.31 Y71.291
G0 X61.108 Y71.291
G1 F1500 X74.489 Y84.671 E1306.96196
G0 F9000 X75.29 Y84.671
G0 X75.29 Y83.54
G0 X74.489 Y83.54
G1 F1500 X61.108 Y70.159 E1309.47957
G0 F9000 X60.31 Y70.159
G0 X60.31 Y69.028
G0 X61.108 Y69.028
G1 F1500 X74.489 Y82.409 E1311.99717
G0 F9000 X75.29 Y82.409
G0 X75.29 Y81.277
G0 X74.489 Y81.277
G1 F1500 X61.108 Y67.897 E1314.51468
G0 F9000 X60.31 Y67.897
G0 X60.31 Y66.765
G0 X61.108 Y66.765
G1 F1500 X74.489 Y80.146 E1317.03229
G0 F9000 X75.29 Y80.146
G0 X75.29 Y79.014
G0 X74.489 Y79.014
G1 F1500 X61.108 Y65.634 E1319.5498
G0 F9000 X60.31 Y65.634
G0 X60.31 Y64.502
G0 X61.108 Y64.502
G1 F1500 X74.489 Y77.883 E1322.0674
G0 F9000 X75.29 Y77.883
G0 X75.29 Y76.752
G0 X74.489 Y76.752
G1 F1500 X61.108 Y63.371 E1324.58501
G0 F9000 X60.31 Y63.371
G0 X60.31 Y62.24
G0 X61.108 Y62.24
G1 F1500 X74.489 Y75.62 E1327.10252
G0 F9000 X75.29 Y75.62
G0 X75.29 Y74.489
G0 X74.489 Y74.489
G1 F1500 X61.108 Y61.108 E1329.62012
G0 F9000 X60.31 Y61.108
G0 X60.31 Y59.977
G0 X61.108 Y59.977
G1 F1500 X74.489 Y73.358 E1332.13773
G0 F9000 X75.29 Y73.358
G0 X75.29 Y72.226
G0 X74.489 Y72.226
G1 F1500 X61.108 Y58.846 E1334.65524
G0 F9000 X61.625 Y58.231
G1 F1500 X74.489 Y71.095 E1337.07557
G0 F9000 X75.29 Y71.095
G0 X75.29 Y69.963
G0 X74.489 Y69.963
G1 F1500 X62.757 Y58.231 E1339.28292
G0 F9000 X62.758 Y57.432
G0 X63.889 Y57.432
G0 X63.888 Y58.231
G1 F1500 X74.489 Y68.832 E1341.27747
G0 F9000 X75.29 Y68.832
G0 X75.29 Y67.701
G0 X74.489 Y67.701
G1 F1500 X65.019 Y58.231 E1343.05923
G0 F9000 X65.02 Y57.432
G0 X66.152 Y57.432
G0 X66.151 Y58.231
G1 F1500 X74.489 Y66.569 E1344.62801
G0 F9000 X75.29 Y66.569
G0 X75.29 Y65.438
G0 X74.489 Y65.438
G1 F1500 X67.282 Y58.231 E1345.98399
G0 F9000 X67.283 Y57.432
G0 X68.414 Y57.432
G0 X68.413 Y58.231
G1 F1500 X74.489 Y64.307 E1347.12718
G0 F9000 X75.29 Y64.307
G0 X75.29 Y63.175
G0 X74.489 Y63.175
G1 F1500 X69.545 Y58.231 E1348.05738
G0 F9000 X69.546 Y57.432
G0 X70.677 Y57.432
G0 X70.676 Y58.231
G1 F1500 X74.489 Y62.044 E1348.77479
G0 F9000 X75.29 Y62.044
G0 X75.29 Y60.913
G0 X74.489 Y60.913
G1 F1500 X71.808 Y58.231 E1349.2793
G0 F9000 X71.809 Y57.432
G0 X72.939 Y57.31
G0 X72.939 Y58.231
G1 F1500 X74.489 Y59.781 E1349.57093
G0 F9000 X75.29 Y59.781
G0 X75.29 Y58.65
G0 X74.489 Y58.65
G1 F1500 X73.949 Y58.11 E1349.67253
G0 F9000 X73.949 Y56.61
G1 F1500 E1343.17253
;MESH:zanza fissa prolunga mobile.stl(2)
G0 F9000 X75.218 Y57.382
G0 X76.78 Y162.879
G0 X79.92 Y162.879
G0 X96.7 Y162.879
;TYPE:WALL-INNER
G1 F1500 E1349.67253
G1 X96.301 Y162.879 E1349.72562
G1 X84.7 Y162.878 E1351.26902
G1 X84.7 Y163 E1351.28525
G1 X81.1 Y163 E1351.7642
G1 X81.1 Y57 E1365.86649
G1 X84.7 Y57 E1366.34544
G1 X84.7 Y57.121 E1366.36154
G1 X96.7 Y57.122 E1367.95802
G1 X96.7 Y162.48 E1381.97491
G1 X96.7 Y162.879 E1382.00923
G0 F9000 X97.5 Y163.8
G1 F1500 X97.4 Y163.8 E1382.02254
G1 X97.4 Y163.679 E1382.03314
G1 X85.5 Y163.678 E1383.61632
G1 X85.5 Y163.8 E1383.63255
G1 X80.3 Y163.8 E1384.32436
G1 X80.3 Y56.2 E1398.63952
G1 X85.5 Y56.2 E1399.33133
G1 X85.5 Y56.321 E1399.34743
G1 X97.4 Y56.322 E1400.93061
G1 X97.4 Y56.2 E1400.94684
G1 X97.5 Y56.2 E1400.96015
G1 X97.5 Y56.322 E1400.96218
G1 X97.5 Y163.679 E1415.23825
G1 X97.5 Y163.8 E1415.24027
G0 F9000 X97.83 Y164.13
G0 X98.3 Y164.6
;TYPE:WALL-OUTER
G1 F1500 X96.6 Y164.6 E1415.46644
G1 X96.6 Y164.479 E1415.48254
G1 X86.3 Y164.478 E1416.85285
G1 X86.3 Y164.6 E1416.86908
G1 X79.5 Y164.6 E1417.77376
G1 X79.5 Y55.4 E1432.30179
G1 X86.3 Y55.4 E1433.20646
G1 X86.3 Y55.521 E1433.22256
G1 X96.6 Y55.522 E1434.59288
G1 X96.6 Y55.4 E1434.60911
G1 X98.3 Y55.4 E1434.83528
G1 X98.3 Y164.6 E1449.3633
G0 F9000 X97.83 Y164.13
G0 X95.909 Y162.568
G0 X95.91 Y162.089
;TYPE:SKIN
G1 F1500 X83.91 Y162.088 E1450.95979
G1 X83.91 Y162.21 E1450.97602
G1 X81.89 Y162.21 E1451.24476
G1 X81.89 Y57.79 E1465.13686
G1 X83.91 Y57.79 E1465.4056
G1 X83.91 Y57.911 E1465.4217
G1 X95.91 Y57.912 E1467.01818
G1 X95.91 Y162.089 E1480.87795
G0 F9000 X95.909 Y162.568
G0 X82.693 Y162.69
G0 X82.693 Y161.889
G1 F1500 X82.209 Y161.405 E1480.96901
G0 F9000 X81.41 Y161.405
G0 X81.41 Y160.274
G0 X82.209 Y160.274
G1 F1500 X83.703 Y161.767 E1481.25001
G0 F9000 X83.703 Y162.69
G0 X84.833 Y162.568
G0 X84.834 Y161.767
G1 F1500 X82.209 Y159.142 E1481.7439
G0 F9000 X81.41 Y159.142
G0 X81.41 Y158.011
G0 X82.209 Y158.011
G1 F1500 X85.965 Y161.767 E1482.45058
G0 F9000 X85.964 Y162.568
G0 X87.096 Y162.568
G0 X87.097 Y161.767
G1 F1500 X82.209 Y156.88 E1483.37015
G0 F9000 X81.41 Y156.88
G0 X81.41 Y155.748
G0 X82.209 Y155.748
G1 F1500 X88.228 Y161.767 E1484.50261
G0 F9000 X88.227 Y162.568
G0 X89.358 Y162.568
G0 X89.359 Y161.767
G1 F1500 X82.209 Y154.617 E1485.84787
G0 F9000 X81.41 Y154.617
G0 X81.41 Y153.486
G0 X82.209 Y153.486
G1 F1500 X90.491 Y161.767 E1487.40602
G0 F9000 X90.49 Y162.568
G0 X91.621 Y162.568
G0 X91.622 Y161.767
G1 F1500 X82.209 Y152.354 E1489.17705
G0 F9000 X81.41 Y152.354
G0 X81.41 Y151.223
G0 X82.209 Y151.223
G1 F1500 X92.754 Y161.767 E1491.16097
G0 F9000 X92.753 Y162.568
G0 X93.884 Y162.568
G0 X93.885 Y161.767
G1 F1500 X82.209 Y150.091 E1493.35779
G0 F9000 X81.41 Y150.091
G0 X81.41 Y148.96
G0 X82.209 Y148.96
G1 F1500 X95.016 Y161.767 E1495.76739
G0 F9000 X95.59 Y161.209
G1 F1500 X82.209 Y147.829 E1498.28491
G0 F9000 X81.41 Y147.829
G0 X81.41 Y146.697
G0 X82.209 Y146.697
G1 F1500 X95.59 Y160.078 E1500.80251
G0 F9000 X96.39 Y160.078
G0 X96.39 Y158.946
G0 X95.59 Y158.946
G1 F1500 X82.209 Y145.566 E1503.32002
G0 F9000 X81.41 Y145.566
G0 X81.41 Y144.435
G0 X82.209 Y144.435
G1 F1500 X95.59 Y157.815 E1505.83753
G0 F9000 X96.39 Y157.815
G0 X96.39 Y156.684
G0 X95.59 Y156.684
G1 F1500 X82.209 Y143.303 E1508.35514
G0 F9000 X81.41 Y143.303
G0 X81.41 Y142.172
G0 X82.209 Y142.172
G1 F1500 X95.59 Y155.552 E1510.87265
G0 F9000 X96.39 Y155.552
G0 X96.39 Y154.421
G0 X95.59 Y154.421
G1 F1500 X82.209 Y141.04 E1513.39025
G0 F9000 X81.41 Y141.04
G0 X81.41 Y139.909
G0 X82.209 Y139.909
G1 F1500 X95.59 Y153.29 E1515.90786
G0 F9000 X96.39 Y153.29
G0 X96.39 Y152.158
G0 X95.59 Y152.158
G1 F1500 X82.209 Y138.778 E1518.42537
G0 F9000 X81.41 Y138.778
G0 X81.41 Y137.646
G0 X82.209 Y137.646
G1 F1500 X95.59 Y151.027 E1520.94297
G0 F9000 X96.39 Y151.027
G0 X96.39 Y149.896
G0 X95.59 Y149.896
G1 F1500 X82.209 Y136.515 E1523.46058
G0 F9000 X81.41 Y136.515
G0 X81.41 Y135.384
G0 X82.209 Y135.384
G1 F1500 X95.59 Y148.764 E1525.97809
G0 F9000 X96.39 Y148.764
G0 X96.39 Y147.633
G0 X95.59 Y147.633
G1 F1500 X82.209 Y134.252 E1528.49569
G0 F9000 X81.41 Y134.252
G0 X81.41 Y133.121
G0 X82.209 Y133.121
G1 F1500 X95.59 Y146.501 E1531.0132
G0 F9000 X96.39 Y146.501
G0 X96.39 Y145.37
G0 X95.59 Y145.37
G1 F1500 X82.209 Y131.989 E1533.53081
G0 F9000 X81.41 Y131.989
G0 X81.41 Y130.858
G0 X82.209 Y130.858
G1 F1500 X95.59 Y144.239 E1536.04841
G0 F9000 X96.39 Y144.239
G0 X96.39 Y143.107
G0 X95.59 Y143.107
G1 F1500 X82.209 Y129.727 E1538.56592
G0 F9000 X81.41 Y129.727
G0 X81.41 Y128.595
G0 X82.209 Y128.595
G1 F1500 X95.59 Y141.976 E1541.08353
G0 F9000 X96.39 Y141.976
G0 X96.39 Y140.845
G0 X95.59 Y140.845
G1 F1500 X82.209 Y127.464 E1543.60113
G0 F9000 X81.41 Y127.464
G0 X81.41 Y126.333
G0 X82.209 Y126.333
G1 F1500 X95.59 Y139.713 E1546.11865
G0 F9000 X96.39 Y139.713
G0 X96.39 Y138.582
G0 X95.59 Y138.582
G1 F1500 X82.209 Y125.201 E1548.63625
G0 F9000 X81.41 Y125.201
G0 X81.41 Y124.07
G0 X82.209 Y124.07
G1 F1500 X95.59 Y137.45 E1551.15376
G0 F9000 X96.39 Y137.45
G0 X96.39 Y136.319
G0 X95.59 Y136.319
G1 F1500 X82.209 Y122.938 E1553.67137
G0 F9000 X81.41 Y122.938
G0 X81.41 Y121.807
G0 X82.209 Y121.807
G1 F1500 X95.59 Y135.188 E1556.18897
G0 F9000 X96.39 Y135.188
G0 X96.39 Y134.056
G0 X95.59 Y134.056
G1 F1500 X82.209 Y120.676 E1558.70648
G0 F9000 X81.41 Y120.676
G0 X81.41 Y119.544
G0 X82.209 Y119.544
G1 F1500 X95.59 Y132.925 E1561.22409
G0 F9000 X96.39 Y132.925
G0 X96.39 Y131.794
G0 X95.59 Y131.794
G1 F1500 X82.209 Y118.413 E1563.74169
G0 F9000 X81.41 Y118.413
G0 X81.41 Y117.282
G0 X82.209 Y117.282
G1 F1500 X95.59 Y130.662 E1566.2592
G0 F9000 X96.39 Y130.662
G0 X96.39 Y129.531
G0 X95.59 Y129.531
G1 F1500 X82.209 Y116.15 E1568.77681
G0 F9000 X81.41 Y116.15
G0 X81.41 Y115.019
G0 X82.209 Y115.019
G1 F1500 X95.59 Y128.399 E1571.29432
G0 F9000 X96.39 Y128.399
G0 X96.39 Y127.268
G0 X95.59 Y127.268
G1 F1500 X82.209 Y113.888 E1573.81183
G0 F9000 X81.41 Y113.888
G0 X81.41 Y112.756
G0 X82.209 Y112.756
G1 F1500 X95.59 Y126.137 E1576.32943
G0 F9000 X96.39 Y126.137
G0 X96.39 Y125.005
G0 X95.59 Y125.005
G1 F1500 X82.209 Y111.625 E1578.84694
G0 F9000 X81.41 Y111.625
G0 X81.41 Y110.493
G0 X82.209 Y110.493
G1 F1500 X95.59 Y123.874 E1581.36455
G0 F9000 X96.39 Y123.874
G0 X96.39 Y122.743
G0 X95.59 Y122.743
G1 F1500 X82.209 Y109.362 E1583.88215
G0 F9000 X81.41 Y109.362
G0 X81.41 Y108.231
G0 X82.209 Y108.231
G1 F1500 X95.59 Y121.611 E1586.39966
G0 F9000 X96.39 Y121.611
G0 X96.39 Y120.48
G0 X95.59 Y120.48
G1 F1500 X82.209 Y107.099 E1588.91727
G0 F9000 X81.41 Y107.099
G0 X81.41 Y105.968
G0 X82.209 Y105.968
G1 F1500 X95.59 Y119.349 E1591.43487
G0 F9000 X96.39 Y119.349
G0 X96.39 Y118.217
G0 X95.59 Y118.217
G1 F1500 X82.209 Y104.837 E1593.95239
G0 F9000 X81.41 Y104.837
G0 X81.41 Y103.705
G0 X82.209 Y103.705
G1 F1500 X95.59 Y117.086 E1596.46999
G0 F9000 X96.39 Y117.086
G0 X96.39 Y115.954
G0 X95.59 Y115.954
G1 F1500 X82.209 Y102.574 E1598.9875
G0 F9000 X81.41 Y102.574
G0 X81.41 Y101.442
G0 X82.209 Y101.442
G1 F1500 X95.59 Y114.823 E1601.50511
G0 F9000 X96.39 Y114.823
G0 X96.39 Y113.692
G0 X95.59 Y113.692
G1 F1500 X82.209 Y100.311 E1604.02271
G0 F9000 X81.41 Y100.311
G0 X81.41 Y99.18
G0 X82.209 Y99.18
G1 F1500 X95.59 Y112.56 E1606.54022
G0 F9000 X96.39 Y112.56
G0 X96.39 Y111.429
G0 X95.59 Y111.429
G1 F1500 X82.209 Y98.048 E1609.05783
G0 F9000 X81.41 Y98.048
G0 X81.41 Y96.917
G0 X82.209 Y96.917
G1 F1500 X95.59 Y110.298 E1611.57543
G0 F9000 X96.39 Y110.298
G0 X96.39 Y109.166
G0 X95.59 Y109.166
G1 F1500 X82.209 Y95.786 E1614.09294
G0 F9000 X81.41 Y95.786
G0 X81.41 Y94.654
G0 X82.209 Y94.654
G1 F1500 X95.59 Y108.035 E1616.61055
G0 F9000 X96.39 Y108.035
G0 X96.39 Y106.903
G0 X95.59 Y106.903
G1 F1500 X82.209 Y93.523 E1619.12806
G0 F9000 X81.41 Y93.523
G0 X81.41 Y92.391
G0 X82.209 Y92.391
G1 F1500 X95.59 Y105.772 E1621.64566
G0 F9000 X96.39 Y105.772
G0 X96.39 Y104.641
G0 X95.59 Y104.641
G1 F1500 X82.209 Y91.26 E1624.16327
G0 F9000 X81.41 Y91.26
G0 X81.41 Y90.129
G0 X82.209 Y90.129
G1 F1500 X95.59 Y103.509 E1626.68078
G0 F9000 X96.39 Y103.509
G0 X96.39 Y102.378
G0 X95.59 Y102.378
G1 F1500 X82.209 Y88.997 E1629.19838
G0 F9000 X81.41 Y88.997
G0 X81.41 Y87.866
G0 X82.209 Y87.866
G1 F1500 X95.59 Y101.247 E1631.71599
G0 F9000 X96.39 Y101.247
G0 X96.39 Y100.115
G0 X95.59 Y100.115
G1 F1500 X82.209 Y86.735 E1634.2335
G0 F9000 X81.41 Y86.735
G0 X81.41 Y85.603
G0 X82.209 Y85.603
G1 F1500 X95.59 Y98.984 E1636.7511
G0 F9000 X96.39 Y98.984
G0 X96.39 Y97.852
G0 X95.59 Y97.852
G1 F1500 X82.209 Y84.472 E1639.26861
G0 F9000 X81.41 Y84.472
G0 X81.41 Y83.341
G0 X82.209 Y83.341
G1 F1500 X95.59 Y96.721 E1641.78612
G0 F9000 X96.39 Y96.721
G0 X96.39 Y95.59
G0 X95.59 Y95.59
G1 F1500 X82.209 Y82.209 E1644.30373
G0 F9000 X81.41 Y82.209
G0 X81.41 Y81.078
G0 X82.209 Y81.078
G1 F1500 X95.59 Y94.458 E1646.82124
G0 F9000 X96.39 Y94.458
G0 X96.39 Y93.327
G0 X95.59 Y93.327
G1 F1500 X82.209 Y79.946 E1649.33885
G0 F9000 X81.41 Y79.946
G0 X81.41 Y78.815
G0 X82.209 Y78.815
G1 F1500 X95.59 Y92.196 E1651.85645
G0 F9000 X96.39 Y92.196
G0 X96.39 Y91.064
G0 X95.59 Y91.064
G1 F1500 X82.209 Y77.684 E1654.37396
G0 F9000 X81.41 Y77.684
G0 X81.41 Y76.552
G0 X82.209 Y76.552
G1 F1500 X95.59 Y89.933 E1656.89157
G0 F9000 X96.39 Y89.933
G0 X96.39 Y88.802
G0 X95.59 Y88.802
G1 F1500 X82.209 Y75.421 E1659.40917
G0 F9000 X81.41 Y75.421
G0 X81.41 Y74.29
G0 X82.209 Y74.29
G1 F1500 X95.59 Y87.67 E1661.92668
G0 F9000 X96.39 Y87.67
G0 X96.39 Y86.539
G0 X95.59 Y86.539
G1 F1500 X82.209 Y73.158 E1664.44429
G0 F9000 X81.41 Y73.158
G0 X81.41 Y72.027
G0 X82.209 Y72.027
G1 F1500 X95.59 Y85.407 E1666.9618
G0 F9000 X96.39 Y85.407
G0 X96.39 Y84.276
G0 X95.59 Y84.276
G1 F1500 X82.209 Y70.895 E1669.4794
G0 F9000 X81.41 Y70.895
G0 X81.41 Y69.764
G0 X82.209 Y69.764
G1 F1500 X95.59 Y83.145 E1671.99701
G0 F9000 X96.39 Y83.145
G0 X96.39 Y82.013
G0 X95.59 Y82.013
G1 F1500 X82.209 Y68.633 E1674.51452
G0 F9000 X81.41 Y68.633
G0 X81.41 Y67.501
G0 X82.209 Y67.501
G1 F1500 X95.59 Y80.882 E1677.03212
G0 F9000 X96.39 Y80.882
G0 X96.39 Y79.751
G0 X95.59 Y79.751
G1 F1500 X82.209 Y66.37 E1679.54973
G0 F9000 X81.41 Y66.37
G0 X81.41 Y65.239
G0 X82.209 Y65.239
G1 F1500 X95.59 Y78.619 E1682.06724
G0 F9000 X96.39 Y78.619
G0 X96.39 Y77.488
G0 X95.59 Y77.488
G1 F1500 X82.209 Y64.107 E1684.58484
G0 F9000 X81.41 Y64.107
G0 X81.41 Y62.976
G0 X82.209 Y62.976
G1 F1500 X95.59 Y76.356 E1687.10235
G0 F9000 X96.39 Y76.356
G0 X96.39 Y75.225
G0 X95.59 Y75.225
G1 F1500 X82.209 Y61.844 E1689.61996
G0 F9000 X81.41 Y61.844
G0 X81.41 Y60.713
G0 X82.209 Y60.713
G1 F1500 X95.59 Y74.094 E1692.13756
G0 F9000 X96.39 Y74.094
G0 X96.39 Y72.962
G0 X95.59 Y72.962
G1 F1500 X82.209 Y59.582 E1694.65507
G0 F9000 X81.41 Y59.582
G0 X81.41 Y58.45
G0 X82.209 Y58.45
G1 F1500 X95.59 Y71.831 E1697.17268
G0 F9000 X96.39 Y71.831
G0 X96.39 Y70.7
G0 X95.59 Y70.7
G1 F1500 X83 Y58.11 E1699.54146
G0 F9000 X83 Y57.31
G0 X84.318 Y57.382
G0 X84.253 Y58.231
G1 F1500 X95.59 Y69.568 E1701.67449
G0 F9000 X96.39 Y69.568
G0 X96.39 Y68.437
G0 X95.59 Y68.437
G1 F1500 X85.384 Y58.231 E1703.59473
G0 F9000 X85.385 Y57.432
G0 X86.516 Y57.432
G0 X86.515 Y58.231
G1 F1500 X95.59 Y67.305 E1705.30207
G0 F9000 X96.39 Y67.305
G0 X96.39 Y66.174
G0 X95.59 Y66.174
G1 F1500 X87.647 Y58.231 E1706.79653
G0 F9000 X87.648 Y57.432
G0 X88.779 Y57.432
G0 X88.778 Y58.231
G1 F1500 X95.59 Y65.043 E1708.07819
G0 F9000 X96.39 Y65.043
G0 X96.39 Y63.911
G0 X95.59 Y63.911
G1 F1500 X89.91 Y58.231 E1709.14687
G0 F9000 X89.911 Y57.432
G0 X91.042 Y57.432
G0 X91.041 Y58.231
G1 F1500 X95.59 Y62.78 E1710.00276
G0 F9000 X96.39 Y62.78
G0 X96.39 Y61.649
G0 X95.59 Y61.649
G1 F1500 X92.172 Y58.231 E1710.64584
G0 F9000 X92.173 Y57.432
G0 X93.305 Y57.432
G0 X93.304 Y58.231
G1 F1500 X95.59 Y60.517 E1711.07595
G0 F9000 X96.39 Y60.517
G0 X96.39 Y59.386
G0 X95.59 Y59.386
G1 F1500 X94.435 Y58.231 E1711.29326
G0 F9000 X94.436 Y56.732
G1 F1500 E1704.79326
;MESH:zanza fissa prolunga mobile.stl
G0 F9000 X96.318 Y57.504
G0 X97.88 Y163
G0 X101.02 Y163
G0 X114.2 Y163
;TYPE:WALL-INNER
G1 F1500 E1711.29326
G1 X114.2 Y162.879 E1711.30936
G1 X102.2 Y162.878 E1712.90585
G1 X102.2 Y57.52 E1726.92273
G1 X102.2 Y57.121 E1726.97581
G1 X102.599 Y57.121 E1727.01014
G1 X114.2 Y57.122 E1728.55354
G1 X114.2 Y57 E1728.56977
G1 X117.8 Y57 E1729.04872
G1 X117.8 Y163 E1743.15102
G1 X114.2 Y163 E1743.62996
G0 F9000 X113.4 Y163.8
G1 F1500 X113.4 Y163.679 E1743.64606
G1 X101.5 Y163.678 E1745.22924
G1 X101.5 Y163.8 E1745.24547
G1 X101.4 Y163.8 E1745.25878
G1 X101.4 Y163.678 E1745.26081
G1 X101.4 Y56.321 E1759.54364
G1 X101.4 Y56.2 E1759.55974
G1 X101.5 Y56.2 E1759.56628
G1 X101.5 Y56.321 E1759.5683
G1 X113.4 Y56.322 E1761.15148
G1 X113.4 Y56.2 E1761.16771
G1 X118.6 Y56.2 E1761.85952
G1 X118.6 Y163.8 E1776.17469
G1 X113.4 Y163.8 E1776.8665
G0 F9000 X112.601 Y163.979
G0 X112.6 Y164.479
;TYPE:WALL-OUTER
G1 F1500 X102.3 Y164.478 E1778.23681
G1 X102.3 Y164.6 E1778.25304
G1 X100.6 Y164.6 E1778.47921
G1 X100.6 Y55.4 E1793.00724
G1 X102.3 Y55.4 E1793.23341
G1 X102.3 Y55.521 E1793.24951
G1 X112.6 Y55.522 E1794.61982
G1 X112.6 Y55.4 E1794.63606
G1 X119.4 Y55.4 E1795.54073
G1 X119.4 Y164.6 E1810.06876
G1 X112.6 Y164.6 E1810.97343
G1 X112.6 Y164.479 E1810.98953
G0 F9000 X112.601 Y163.979
G0 X114.99 Y162.69
G0 X114.99 Y162.21
;TYPE:SKIN
G1 F1500 X114.99 Y162.089 E1811.00563
G1 X102.99 Y162.088 E1812.60212
G1 X102.99 Y57.911 E1826.46188
G1 X114.99 Y57.912 E1828.05837
G1 X114.99 Y57.79 E1828.0746
G1 X117.01 Y57.79 E1828.34334
G1 X117.01 Y162.21 E1842.23543
G1 X114.99 Y162.21 E1842.50418
G0 F9000 X114.99 Y162.69
G0 X104.066 Y162.568
G0 X104.067 Y161.767
G1 F1500 X103.309 Y161.008 E1842.64689
G0 F9000 X102.51 Y161.008
G0 X102.51 Y159.877
G0 X103.309 Y159.877
G1 F1500 X105.199 Y161.767 E1843.00248
G0 F9000 X105.198 Y162.568
G0 X106.329 Y162.568
G0 X106.33 Y161.767
G1 F1500 X103.309 Y158.746 E1843.57088
G0 F9000 X102.51 Y158.746
G0 X102.51 Y157.614
G0 X103.309 Y157.614
G1 F1500 X107.461 Y161.767 E1844.35216
G0 F9000 X107.46 Y162.568
G0 X108.592 Y162.568
G0 X108.593 Y161.767
G1 F1500 X103.309 Y156.483 E1845.34633
G0 F9000 X102.51 Y156.483
G0 X102.51 Y155.352
G0 X103.309 Y155.352
G1 F1500 X109.724 Y161.767 E1846.5533
G0 F9000 X109.723 Y162.568
G0 X110.854 Y162.568
G0 X110.855 Y161.767
G1 F1500 X103.309 Y154.22 E1847.97316
G0 F9000 X102.51 Y154.22
G0 X102.51 Y153.089
G0 X103.309 Y153.089
G1 F1500 X111.987 Y161.767 E1849.60591
G0 F9000 X111.986 Y162.568
G0 X113.117 Y162.568
G0 X113.118 Y161.767
G1 F1500 X103.309 Y151.957 E1851.45154
G0 F9000 X102.51 Y151.957
G0 X102.51 Y150.826
G0 X103.309 Y150.826
G1 F1500 X114.25 Y161.767 E1853.51007
G0 F9000 X114.249 Y162.568
G0 X115.503 Y162.69
G0 X115.503 Y161.889
G1 F1500 X103.309 Y149.695 E1855.80434
G0 F9000 X102.51 Y149.695
G0 X102.51 Y148.563
G0 X103.309 Y148.563
G1 F1500 X116.634 Y161.889 E1858.3115
G0 F9000 X116.634 Y162.69
G0 X117.418 Y162.618
G0 X117.49 Y160.813
G0 X116.689 Y160.813
G1 F1500 X103.309 Y147.432 E1860.82901
G0 F9000 X102.51 Y147.432
G0 X102.51 Y146.301
G0 X103.309 Y146.301
G1 F1500 X116.689 Y159.681 E1863.34643
G0 F9000 X117.49 Y159.681
G0 X117.49 Y158.55
G0 X116.689 Y158.55
G1 F1500 X103.309 Y145.169 E1865.86394
G0 F9000 X102.51 Y145.169
G0 X102.51 Y144.038
G0 X103.309 Y144.038
G1 F1500 X116.689 Y157.418 E1868.38136
G0 F9000 X117.49 Y157.418
G0 X117.49 Y156.287
G0 X116.689 Y156.287
G1 F1500 X103.309 Y142.906 E1870.89887
G0 F9000 X102.51 Y142.906
G0 X102.51 Y141.775
G0 X103.309 Y141.775
G1 F1500 X116.689 Y155.156 E1873.41638
G0 F9000 X117.49 Y155.156
G0 X117.49 Y154.024
G0 X116.689 Y154.024
G1 F1500 X103.309 Y140.644 E1875.93379
G0 F9000 X102.51 Y140.644
G0 X102.51 Y139.512
G0 X103.309 Y139.512
G1 F1500 X116.689 Y152.893 E1878.45131
G0 F9000 X117.49 Y152.893
G0 X117.49 Y151.762
G0 X116.689 Y151.762
G1 F1500 X103.309 Y138.381 E1880.96882
G0 F9000 X102.51 Y138.381
G0 X102.51 Y137.25
G0 X103.309 Y137.25
G1 F1500 X116.689 Y150.63 E1883.48623
G0 F9000 X117.49 Y150.63
G0 X117.49 Y149.499
G0 X116.689 Y149.499
G1 F1500 X103.309 Y136.118 E1886.00374
G0 F9000 X102.51 Y136.118
G0 X102.51 Y134.987
G0 X103.309 Y134.987
G1 F1500 X116.689 Y148.367 E1888.52116
G0 F9000 X117.49 Y148.367
G0 X117.49 Y147.236
G0 X116.689 Y147.236
G1 F1500 X103.309 Y133.856 E1891.03858
G0 F9000 X102.51 Y133.856
G0 X102.51 Y132.724
G0 X103.309 Y132.724
G1 F1500 X116.689 Y146.105 E1893.55609
G0 F9000 X117.49 Y146.105
G0 X117.49 Y144.973
G0 X116.689 Y144.973
G1 F1500 X103.309 Y131.593 E1896.0735
G0 F9000 X102.51 Y131.593
G0 X102.51 Y130.461
G0 X103.309 Y130.461
G1 F1500 X116.689 Y143.842 E1898.59102
G0 F9000 X117.49 Y143.842
G0 X117.49 Y142.711
G0 X116.689 Y142.711
G1 F1500 X103.309 Y129.33 E1901.10853
G0 F9000 X102.51 Y129.33
G0 X102.51 Y128.199
G0 X103.309 Y128.199
G1 F1500 X116.689 Y141.579 E1903.62594
G0 F9000 X117.49 Y141.579
G0 X117.49 Y140.448
G0 X116.689 Y140.448
G1 F1500 X103.309 Y127.067 E1906.14345
G0 F9000 X102.51 Y127.067
G0 X102.51 Y125.936
G0 X103.309 Y125.936
G1 F1500 X116.689 Y139.317 E1908.66096
G0 F9000 X117.49 Y139.317
G0 X117.49 Y138.185
G0 X116.689 Y138.185
G1 F1500 X103.309 Y124.805 E1911.17838
G0 F9000 X102.51 Y124.805
G0 X102.51 Y123.673
G0 X103.309 Y123.673
G1 F1500 X116.689 Y137.054 E1913.69589
G0 F9000 X117.49 Y137.054
G0 X117.49 Y135.922
G0 X116.689 Y135.922
G1 F1500 X103.309 Y122.542 E1916.21331
G0 F9000 X102.51 Y122.542
G0 X102.51 Y121.41
G0 X103.309 Y121.41
G1 F1500 X116.689 Y134.791 E1918.73082
G0 F9000 X117.49 Y134.791
G0 X117.49 Y133.66
G0 X116.689 Y133.66
G1 F1500 X103.309 Y120.279 E1921.24833
G0 F9000 X102.51 Y120.279
G0 X102.51 Y119.148
G0 X103.309 Y119.148
G1 F1500 X116.689 Y132.528 E1923.76575
G0 F9000 X117.49 Y132.528
G0 X117.49 Y131.397
G0 X116.689 Y131.397
G1 F1500 X103.309 Y118.016 E1926.28326
G0 F9000 X102.51 Y118.016
G0 X102.51 Y116.885
G0 X103.309 Y116.885
G1 F1500 X116.689 Y130.266 E1928.80077
G0 F9000 X117.49 Y130.266
G0 X117.49 Y129.134
G0 X116.689 Y129.134
G1 F1500 X103.309 Y115.754 E1931.31819
G0 F9000 X102.51 Y115.754
G0 X102.51 Y114.622
G0 X103.309 Y114.622
G1 F1500 X116.689 Y128.003 E1933.8357
G0 F9000 X117.49 Y128.003
G0 X117.49 Y126.871
G0 X116.689 Y126.871
G1 F1500 X103.309 Y113.491 E1936.35311
G0 F9000 X102.51 Y113.491
G0 X102.51 Y112.359
G0 X103.309 Y112.359
G1 F1500 X116.689 Y125.74 E1938.87062
G0 F9000 X117.49 Y125.74
G0 X117.49 Y124.609
G0 X116.689 Y124.609
G1 F1500 X103.309 Y111.228 E1941.38813
G0 F9000 X102.51 Y111.228
G0 X102.51 Y110.097
G0 X103.309 Y110.097
G1 F1500 X116.689 Y123.477 E1943.90555
G0 F9000 X117.49 Y123.477
G0 X117.49 Y122.346
G0 X116.689 Y122.346
G1 F1500 X103.309 Y108.965 E1946.42306
G0 F9000 X102.51 Y108.965
G0 X102.51 Y107.834
G0 X103.309 Y107.834
G1 F1500 X116.689 Y121.215 E1948.94057
G0 F9000 X117.49 Y121.215
G0 X117.49 Y120.083
G0 X116.689 Y120.083
G1 F1500 X103.309 Y106.703 E1951.45799
G0 F9000 X102.51 Y106.703
G0 X102.51 Y105.571
G0 X103.309 Y105.571
G1 F1500 X116.689 Y118.952 E1953.9755
G0 F9000 X117.49 Y118.952
G0 X117.49 Y117.82
G0 X116.689 Y117.82
G1 F1500 X103.309 Y104.44 E1956.49292
G0 F9000 X102.51 Y104.44
G0 X102.51 Y103.309
G0 X103.309 Y103.309
G1 F1500 X116.689 Y116.689 E1959.01033
G0 F9000 X117.49 Y116.689
G0 X117.49 Y115.558
G0 X116.689 Y115.558
G1 F1500 X103.309 Y102.177 E1961.52784
G0 F9000 X102.51 Y102.177
G0 X102.51 Y101.046
G0 X103.309 Y101.046
G1 F1500 X116.689 Y114.426 E1964.04526
G0 F9000 X117.49 Y114.426
G0 X117.49 Y113.295
G0 X116.689 Y113.295
G1 F1500 X103.309 Y99.914 E1966.56277
G0 F9000 X102.51 Y99.914
G0 X102.51 Y98.783
G0 X103.309 Y98.783
G1 F1500 X116.689 Y112.164 E1969.08028
G0 F9000 X117.49 Y112.164
G0 X117.49 Y111.032
G0 X116.689 Y111.032
G1 F1500 X103.309 Y97.652 E1971.5977
G0 F9000 X102.51 Y97.652
G0 X102.51 Y96.52
G0 X103.309 Y96.52
G1 F1500 X116.689 Y109.901 E1974.11521
G0 F9000 X117.49 Y109.901
G0 X117.49 Y108.769
G0 X116.689 Y108.769
G1 F1500 X103.309 Y95.389 E1976.63263
G0 F9000 X102.51 Y95.389
G0 X102.51 Y94.258
G0 X103.309 Y94.258
G1 F1500 X116.689 Y107.638 E1979.15004
G0 F9000 X117.49 Y107.638
G0 X117.49 Y106.507
G0 X116.689 Y106.507
G1 F1500 X103.309 Y93.126 E1981.66755
G0 F9000 X102.51 Y93.126
G0 X102.51 Y91.995
G0 X103.309 Y91.995
G1 F1500 X116.689 Y105.375 E1984.18497
G0 F9000 X117.49 Y105.375
G0 X117.49 Y104.244
G0 X116.689 Y104.244
G1 F1500 X103.309 Y90.863 E1986.70248
G0 F9000 X102.51 Y90.863
G0 X102.51 Y89.732
G0 X103.309 Y89.732
G1 F1500 X116.689 Y103.113 E1989.21999
G0 F9000 X117.49 Y103.113
G0 X117.49 Y101.981
G0 X116.689 Y101.981
G1 F1500 X103.309 Y88.601 E1991.73741
G0 F9000 X102.51 Y88.601
G0 X102.51 Y87.469
G0 X103.309 Y87.469
G1 F1500 X116.689 Y100.85 E1994.25492
G0 F9000 X117.49 Y100.85
G0 X117.49 Y99.719
G0 X116.689 Y99.719
G1 F1500 X103.309 Y86.338 E1996.77243
G0 F9000 X102.51 Y86.338
G0 X102.51 Y85.207
G0 X103.309 Y85.207
G1 F1500 X116.689 Y98.587 E1999.28985
G0 F9000 X117.49 Y98.587
G0 X117.49 Y97.456
G0 X116.689 Y97.456
G1 F1500 X103.309 Y84.075 E2001.80736
G0 F9000 X102.51 Y84.075
G0 X102.51 Y82.944
G0 X103.309 Y82.944
G1 F1500 X116.689 Y96.324 E2004.32478
G0 F9000 X117.49 Y96.324
G0 X117.49 Y95.193
G0 X116.689 Y95.193
G1 F1500 X103.309 Y81.812 E2006.84229
G0 F9000 X102.51 Y81.812
G0 X102.51 Y80.681
G0 X103.309 Y80.681
G1 F1500 X116.689 Y94.062 E2009.3598
G0 F9000 X117.49 Y94.062
G0 X117.49 Y92.93
G0 X116.689 Y92.93
G1 F1500 X103.309 Y79.55 E2011.87721
G0 F9000 X102.51 Y79.55
G0 X102.51 Y78.418
G0 X103.309 Y78.418
G1 F1500 X116.689 Y91.799 E2014.39472
G0 F9000 X117.49 Y91.799
G0 X117.49 Y90.668
G0 X116.689 Y90.668
G1 F1500 X103.309 Y77.287 E2016.91223
G0 F9000 X102.51 Y77.287
G0 X102.51 Y76.156
G0 X103.309 Y76.156
G1 F1500 X116.689 Y89.536 E2019.42965
G0 F9000 X117.49 Y89.536
G0 X117.49 Y88.405
G0 X116.689 Y88.405
G1 F1500 X103.309 Y75.024 E2021.94716
G0 F9000 X102.51 Y75.024
G0 X102.51 Y73.893
G0 X103.309 Y73.893
G1 F1500 X116.689 Y87.273 E2024.46458
G0 F9000 X117.49 Y87.273
G0 X117.49 Y86.142
G0 X116.689 Y86.142
G1 F1500 X103.309 Y72.761 E2026.98209
G0 F9000 X102.51 Y72.761
G0 X102.51 Y71.63
G0 X103.309 Y71.63
G1 F1500 X116.689 Y85.011 E2029.4996
G0 F9000 X117.49 Y85.011
G0 X117.49 Y83.879
G0 X116.689 Y83.879
G1 F1500 X103.309 Y70.499 E2032.01702
G0 F9000 X102.51 Y70.499
G0 X102.51 Y69.367
G0 X103.309 Y69.367
G1 F1500 X116.689 Y82.748 E2034.53453
G0 F9000 X117.49 Y82.748
G0 X117.49 Y81.617
G0 X116.689 Y81.617
G1 F1500 X103.309 Y68.236 E2037.05204
G0 F9000 X102.51 Y68.236
G0 X102.51 Y67.105
G0 X103.309 Y67.105
G1 F1500 X116.689 Y80.485 E2039.56946
G0 F9000 X117.49 Y80.485
G0 X117.49 Y79.354
G0 X116.689 Y79.354
G1 F1500 X103.309 Y65.973 E2042.08697
G0 F9000 X102.51 Y65.973
G0 X102.51 Y64.842
G0 X103.309 Y64.842
G1 F1500 X116.689 Y78.222 E2044.60438
G0 F9000 X117.49 Y78.222
G0 X117.49 Y77.091
G0 X116.689 Y77.091
G1 F1500 X103.309 Y63.711 E2047.1218
G0 F9000 X102.51 Y63.711
G0 X102.51 Y62.579
G0 X103.309 Y62.579
G1 F1500 X116.689 Y75.96 E2049.63931
G0 F9000 X117.49 Y75.96
G0 X117.49 Y74.828
G0 X116.689 Y74.828
G1 F1500 X103.309 Y61.448 E2052.15673
G0 F9000 X102.51 Y61.448
G0 X102.51 Y60.316
G0 X103.309 Y60.316
G1 F1500 X116.689 Y73.697 E2054.67424
G0 F9000 X117.49 Y73.697
G0 X117.49 Y72.566
G0 X116.689 Y72.566
G1 F1500 X103.309 Y59.185 E2057.19175
G0 F9000 X103.486 Y58.231
G1 F1500 X116.689 Y71.434 E2059.67586
G0 F9000 X117.49 Y71.434
G0 X117.49 Y70.303
G0 X116.689 Y70.303
G1 F1500 X104.617 Y58.231 E2061.94718
G0 F9000 X104.618 Y57.432
G0 X105.75 Y57.432
G0 X105.749 Y58.231
G1 F1500 X116.689 Y69.172 E2064.00561
G0 F9000 X117.49 Y69.172
G0 X117.49 Y68.04
G0 X116.689 Y68.04
G1 F1500 X106.88 Y58.231 E2065.85115
G0 F9000 X106.881 Y57.432
G0 X108.012 Y57.432
G0 X108.011 Y58.231
G1 F1500 X116.689 Y66.909 E2067.4839
G0 F9000 X117.49 Y66.909
G0 X117.49 Y65.777
G0 X116.689 Y65.777
G1 F1500 X109.143 Y58.231 E2068.90366
G0 F9000 X109.144 Y57.432
G0 X110.275 Y57.432
G0 X110.274 Y58.231
G1 F1500 X116.689 Y64.646 E2070.11063
G0 F9000 X117.49 Y64.646
G0 X117.49 Y63.515
G0 X116.689 Y63.515
G1 F1500 X111.406 Y58.231 E2071.10471
G0 F9000 X111.407 Y57.432
G0 X112.538 Y57.432
G0 X112.537 Y58.231
G1 F1500 X116.689 Y62.383 E2071.8859
G0 F9000 X117.49 Y62.383
G0 X117.49 Y61.252
G0 X116.689 Y61.252
G1 F1500 X113.668 Y58.231 E2072.45429
G0 F9000 X113.669 Y57.432
G0 X114.54 Y57.462
G0 X114.8 Y58.231
G1 F1500 X116.689 Y60.121 E2072.8098
G0 F9000 X117.49 Y60.121
G0 X117.49 Y58.989
G0 X116.689 Y58.989
G1 F1500 X115.809 Y58.11 E2072.97527
G0 F9000 X115.809 Y56.61
G1 F1500 E2066.47527
;MESH:zanza fissa prolunga mobile.stl(1)
G0 F9000 X117.418 Y57.382
G0 X118.98 Y162.878
G0 X122.12 Y162.878
G0 X123.3 Y162.878
;TYPE:WALL-INNER
G1 F1500 E2072.97527
G1 X123.3 Y57.52 E2086.99216
G1 X123.3 Y57.121 E2087.04524
G1 X123.699 Y57.121 E2087.07957
G1 X135.3 Y57.122 E2088.62297
G1 X135.3 Y57 E2088.6392
G1 X138.9 Y57 E2089.11815
G1 X138.9 Y163 E2103.22044
G1 X135.3 Y163 E2103.69939
G1 X135.3 Y162.879 E2103.71549
G1 X123.3 Y162.878 E2105.31198
G0 F9000 X122.6 Y163.8
G1 F1500 X122.5 Y163.8 E2105.32528
G1 X122.5 Y163.678 E2105.33602
G1 X122.5 Y56.321 E2119.61885
G1 X122.5 Y56.2 E2119.63495
G1 X122.6 Y56.2 E2119.6415
G1 X122.6 Y56.321 E2119.64351
G1 X134.5 Y56.322 E2121.22669
G1 X134.5 Y56.2 E2121.24292
G1 X139.7 Y56.2 E2121.93473
G1 X139.7 Y163.8 E2136.2499
G1 X134.5 Y163.8 E2136.94171
G1 X134.5 Y163.679 E2136.95781
G1 X122.6 Y163.678 E2138.54099
G1 X122.6 Y163.8 E2138.54302
G0 F9000 X123.401 Y163.979
G0 X123.4 Y164.478
;TYPE:WALL-OUTER
G1 F1500 X123.4 Y164.6 E2138.55925
G1 X121.7 Y164.6 E2138.78542
G1 X121.7 Y55.4 E2153.31345
G1 X123.4 Y55.4 E2153.53961
G1 X123.4 Y55.521 E2153.55571
G1 X133.7 Y55.522 E2154.92603
G1 X133.7 Y55.4 E2154.94226
G1 X140.5 Y55.4 E2155.84694
G1 X140.5 Y164.6 E2170.37496
G1 X133.7 Y164.6 E2171.27964
G1 X133.7 Y164.479 E2171.29574
G1 X123.4 Y164.478 E2172.66605
G0 F9000 X123.401 Y163.979
G0 X123.61 Y162.088
G0 X124.09 Y162.088
;TYPE:SKIN
G1 F1500 X124.09 Y57.911 E2186.52582
G1 X136.09 Y57.912 E2188.12231
G1 X136.09 Y57.79 E2188.13854
G1 X138.11 Y57.79 E2188.40728
G1 X138.11 Y162.21 E2202.29937
G1 X136.09 Y162.21 E2202.56811
G1 X136.09 Y162.089 E2202.58421
G1 X124.09 Y162.088 E2204.1807
G0 F9000 X123.61 Y162.088
G0 X123.682 Y162.496
G0 X125.562 Y162.568
G0 X125.563 Y161.767
G1 F1500 X124.409 Y160.612 E2204.39791
G0 F9000 X123.61 Y160.612
G0 X123.61 Y159.481
G0 X124.409 Y159.481
G1 F1500 X126.695 Y161.767 E2204.82802
G0 F9000 X126.694 Y162.568
G0 X127.825 Y162.568
G0 X127.826 Y161.767
G1 F1500 X124.409 Y158.35 E2205.47092
G0 F9000 X123.61 Y158.35
G0 X123.61 Y157.218
G0 X124.409 Y157.218
G1 F1500 X128.957 Y161.767 E2206.32671
G0 F9000 X128.956 Y162.568
G0 X130.088 Y162.568
G0 X130.089 Y161.767
G1 F1500 X124.409 Y156.087 E2207.39539
G0 F9000 X123.61 Y156.087
G0 X123.61 Y154.956
G0 X124.409 Y154.956
G1 F1500 X131.22 Y161.767 E2208.67686
G0 F9000 X131.219 Y162.568
G0 X132.351 Y162.568
G0 X132.352 Y161.767
G1 F1500 X124.409 Y153.824 E2210.17132
G0 F9000 X123.61 Y153.824
G0 X123.61 Y152.693
G0 X124.409 Y152.693
G1 F1500 X133.483 Y161.767 E2211.87857
G0 F9000 X133.482 Y162.568
G0 X134.613 Y162.568
G0 X134.614 Y161.767
G1 F1500 X124.409 Y151.561 E2213.79872
G0 F9000 X123.61 Y151.561
G0 X123.61 Y150.43
G0 X124.409 Y150.43
G1 F1500 X135.746 Y161.767 E2215.93175
G0 F9000 X135.64 Y162.539
G0 X136.999 Y162.69
G0 X136.999 Y161.889
G1 F1500 X124.409 Y149.299 E2218.30053
G0 F9000 X123.61 Y149.299
G0 X123.61 Y148.167
G0 X124.409 Y148.167
G1 F1500 X137.789 Y161.548 E2220.81804
G0 F9000 X138.59 Y161.548
G0 X138.59 Y160.417
G0 X137.789 Y160.417
G1 F1500 X124.409 Y147.036 E2223.33555
G0 F9000 X123.61 Y147.036
G0 X123.61 Y145.905
G0 X124.409 Y145.905
G1 F1500 X137.789 Y159.285 E2225.85297
G0 F9000 X138.59 Y159.285
G0 X138.59 Y158.154
G0 X137.789 Y158.154
G1 F1500 X124.409 Y144.773 E2228.37048
G0 F9000 X123.61 Y144.773
G0 X123.61 Y143.642
G0 X124.409 Y143.642
G1 F1500 X137.789 Y157.022 E2230.88789
G0 F9000 X138.59 Y157.022
G0 X138.59 Y155.891
G0 X137.789 Y155.891
G1 F1500 X124.409 Y142.511 E2233.40531
G0 F9000 X123.61 Y142.511
G0 X123.61 Y141.379
G0 X124.409 Y141.379
G1 F1500 X137.789 Y154.76 E2235.92282
G0 F9000 X138.59 Y154.76
G0 X138.59 Y153.628
G0 X137.789 Y153.628
G1 F1500 X124.409 Y140.248 E2238.44024
G0 F9000 X123.61 Y140.248
G0 X123.61 Y139.116
G0 X124.409 Y139.116
G1 F1500 X137.789 Y152.497 E2240.95775
G0 F9000 X138.59 Y152.497
G0 X138.59 Y151.366
G0 X137.789 Y151.366
G1 F1500 X124.409 Y137.985 E2243.47526
G0 F9000 X123.61 Y137.985
G0 X123.61 Y136.854
G0 X124.409 Y136.854
G1 F1500 X137.789 Y150.234 E2245.99268
G0 F9000 X138.59 Y150.234
G0 X138.59 Y149.103
G0 X137.789 Y149.103
G1 F1500 X124.409 Y135.722 E2248.51019
G0 F9000 X123.61 Y135.722
G0 X123.61 Y134.591
G0 X124.409 Y134.591
G1 F1500 X137.789 Y147.971 E2251.0276
G0 F9000 X138.59 Y147.971
G0 X138.59 Y146.84
G0 X137.789 Y146.84
G1 F1500 X124.409 Y133.46 E2253.54502
G0 F9000 X123.61 Y133.46
G0 X123.61 Y132.328
G0 X124.409 Y132.328
G1 F1500 X137.789 Y145.709 E2256.06253
G0 F9000 X138.59 Y145.709
G0 X138.59 Y144.577
G0 X137.789 Y144.577
G1 F1500 X124.409 Y131.197 E2258.57995
G0 F9000 X123.61 Y131.197
G0 X123.61 Y130.065
G0 X124.409 Y130.065
G1 F1500 X137.789 Y143.446 E2261.09746
G0 F9000 X138.59 Y143.446
G0 X138.59 Y142.315
G0 X137.789 Y142.315
G1 F1500 X124.409 Y128.934 E2263.61497
G0 F9000 X123.61 Y128.934
G0 X123.61 Y127.803
G0 X124.409 Y127.803
G1 F1500 X137.789 Y141.183 E2266.13239
G0 F9000 X138.59 Y141.183
G0 X138.59 Y140.052
G0 X137.789 Y140.052
G1 F1500 X124.409 Y126.671 E2268.6499
G0 F9000 X123.61 Y126.671
G0 X123.61 Y125.54
G0 X124.409 Y125.54
G1 F1500 X137.789 Y138.921 E2271.16741
G0 F9000 X138.59 Y138.921
G0 X138.59 Y137.789
G0 X137.789 Y137.789
G1 F1500 X124.409 Y124.409 E2273.68482
G0 F9000 X123.61 Y124.409
G0 X123.61 Y123.277
G0 X124.409 Y123.277
G1 F1500 X137.789 Y136.658 E2276.20233
G0 F9000 X138.59 Y136.658
G0 X138.59 Y135.526
G0 X137.789 Y135.526
G1 F1500 X124.409 Y122.146 E2278.71975
G0 F9000 X123.61 Y122.146
G0 X123.61 Y121.014
G0 X124.409 Y121.014
G1 F1500 X137.789 Y134.395 E2281.23726
G0 F9000 X138.59 Y134.395
G0 X138.59 Y133.264
G0 X137.789 Y133.264
G1 F1500 X124.409 Y119.883 E2283.75477
G0 F9000 X123.61 Y119.883
G0 X123.61 Y118.752
G0 X124.409 Y118.752
G1 F1500 X137.789 Y132.132 E2286.27219
G0 F9000 X138.59 Y132.132
G0 X138.59 Y131.001
G0 X137.789 Y131.001
G1 F1500 X124.409 Y117.62 E2288.7897
G0 F9000 X123.61 Y117.62
G0 X123.61 Y116.489
G0 X124.409 Y116.489
G1 F1500 X137.789 Y129.87 E2291.30721
G0 F9000 X138.59 Y129.87
G0 X138.59 Y128.738
G0 X137.789 Y128.738
G1 F1500 X124.409 Y115.358 E2293.82463
G0 F9000 X123.61 Y115.358
G0 X123.61 Y114.226
G0 X124.409 Y114.226
G1 F1500 X137.789 Y127.607 E2296.34214
G0 F9000 X138.59 Y127.607
G0 X138.59 Y126.475
G0 X137.789 Y126.475
G1 F1500 X124.409 Y113.095 E2298.85956
G0 F9000 X123.61 Y113.095
G0 X123.61 Y111.963
G0 X124.409 Y111.963
G1 F1500 X137.789 Y125.344 E2301.37707
G0 F9000 X138.59 Y125.344
G0 X138.59 Y124.213
G0 X137.789 Y124.213
G1 F1500 X124.409 Y110.832 E2303.89458
G0 F9000 X123.61 Y110.832
G0 X123.61 Y109.701
G0 X124.409 Y109.701
G1 F1500 X137.789 Y123.081 E2306.41199
G0 F9000 X138.59 Y123.081
G0 X138.59 Y121.95
G0 X137.789 Y121.95
G1 F1500 X124.409 Y108.569 E2308.9295
G0 F9000 X123.61 Y108.569
G0 X123.61 Y107.438
G0 X124.409 Y107.438
G1 F1500 X137.789 Y120.819 E2311.44702
G0 F9000 X138.59 Y120.819
G0 X138.59 Y119.687
G0 X137.789 Y119.687
G1 F1500 X124.409 Y106.307 E2313.96443
G0 F9000 X123.61 Y106.307
G0 X123.61 Y105.175
G0 X124.409 Y105.175
G1 F1500 X137.789 Y118.556 E2316.48194
G0 F9000 X138.59 Y118.556
G0 X138.59 Y117.424
G0 X137.789 Y117.424
G1 F1500 X124.409 Y104.044 E2318.99936
G0 F9000 X123.61 Y104.044
G0 X123.61 Y102.913
G0 X124.409 Y102.913
G1 F1500 X137.789 Y116.293 E2321.51678
G0 F9000 X138.59 Y116.293
G0 X138.59 Y115.162
G0 X137.789 Y115.162
G1 F1500 X124.409 Y101.781 E2324.03429
G0 F9000 X123.61 Y101.781
G0 X123.61 Y100.65
G0 X124.409 Y100.65
G1 F1500 X137.789 Y114.03 E2326.5517
G0 F9000 X138.59 Y114.03
G0 X138.59 Y112.899
G0 X137.789 Y112.899
G1 F1500 X124.409 Y99.518 E2329.06921
G0 F9000 X123.61 Y99.518
G0 X123.61 Y98.387
G0 X124.409 Y98.387
G1 F1500 X137.789 Y111.768 E2331.58673
G0 F9000 X138.59 Y111.768
G0 X138.59 Y110.636
G0 X137.789 Y110.636
G1 F1500 X124.409 Y97.256 E2334.10414
G0 F9000 X123.61 Y97.256
G0 X123.61 Y96.124
G0 X124.409 Y96.124
G1 F1500 X137.789 Y109.505 E2336.62165
G0 F9000 X138.59 Y109.505
G0 X138.59 Y108.374
G0 X137.789 Y108.374
G1 F1500 X124.409 Y94.993 E2339.13916
G0 F9000 X123.61 Y94.993
G0 X123.61 Y93.862
G0 X124.409 Y93.862
G1 F1500 X137.789 Y107.242 E2341.65658
G0 F9000 X138.59 Y107.242
G0 X138.59 Y106.111
G0 X137.789 Y106.111
G1 F1500 X124.409 Y92.73 E2344.17409
G0 F9000 X123.61 Y92.73
G0 X123.61 Y91.599
G0 X124.409 Y91.599
G1 F1500 X137.789 Y104.979 E2346.69151
G0 F9000 X138.59 Y104.979
G0 X138.59 Y103.848
G0 X137.789 Y103.848
G1 F1500 X124.409 Y90.467 E2349.20902
G0 F9000 X123.61 Y90.467
G0 X123.61 Y89.336
G0 X124.409 Y89.336
G1 F1500 X137.789 Y102.717 E2351.72653
G0 F9000 X138.59 Y102.717
G0 X138.59 Y101.585
G0 X137.789 Y101.585
G1 F1500 X124.409 Y88.205 E2354.24395
G0 F9000 X123.61 Y88.205
G0 X123.61 Y87.073
G0 X124.409 Y87.073
G1 F1500 X137.789 Y100.454 E2356.76146
G0 F9000 X138.59 Y100.454
G0 X138.59 Y99.323
G0 X137.789 Y99.323
G1 F1500 X124.409 Y85.942 E2359.27897
G0 F9000 X123.61 Y85.942
G0 X123.61 Y84.811
G0 X124.409 Y84.811
G1 F1500 X137.789 Y98.191 E2361.79638
G0 F9000 X138.59 Y98.191
G0 X138.59 Y97.06
G0 X137.789 Y97.06
G1 F1500 X124.409 Y83.679 E2364.3139
G0 F9000 X123.61 Y83.679
G0 X123.61 Y82.548
G0 X124.409 Y82.548
G1 F1500 X137.789 Y95.928 E2366.83131
G0 F9000 X138.59 Y95.928
G0 X138.59 Y94.797
G0 X137.789 Y94.797
G1 F1500 X124.409 Y81.416 E2369.34882
G0 F9000 X123.61 Y81.416
G0 X123.61 Y80.285
G0 X124.409 Y80.285
G1 F1500 X137.789 Y93.666 E2371.86633
G0 F9000 X138.59 Y93.666
G0 X138.59 Y92.534
G0 X137.789 Y92.534
G1 F1500 X124.409 Y79.154 E2374.38375
G0 F9000 X123.61 Y79.154
G0 X123.61 Y78.022
G0 X124.409 Y78.022
G1 F1500 X137.789 Y91.403 E2376.90126
G0 F9000 X138.59 Y91.403
G0 X138.59 Y90.272
G0 X137.789 Y90.272
G1 F1500 X124.409 Y76.891 E2379.41877
G0 F9000 X123.61 Y76.891
G0 X123.61 Y75.76
G0 X124.409 Y75.76
G1 F1500 X137.789 Y89.14 E2381.93619
G0 F9000 X138.59 Y89.14
G0 X138.59 Y88.009
G0 X137.789 Y88.009
G1 F1500 X124.409 Y74.628 E2384.4537
G0 F9000 X123.61 Y74.628
G0 X123.61 Y73.497
G0 X124.409 Y73.497
G1 F1500 X137.789 Y86.877 E2386.97112
G0 F9000 X138.59 Y86.877
G0 X138.59 Y85.746
G0 X137.789 Y85.746
G1 F1500 X124.409 Y72.366 E2389.48853
G0 F9000 X123.61 Y72.366
G0 X123.61 Y71.234
G0 X124.409 Y71.234
G1 F1500 X137.789 Y84.615 E2392.00604
G0 F9000 X138.59 Y84.615
G0 X138.59 Y83.483
G0 X137.789 Y83.483
G1 F1500 X124.409 Y70.103 E2394.52346
G0 F9000 X123.61 Y70.103
G0 X123.61 Y68.971
G0 X124.409 Y68.971
G1 F1500 X137.789 Y82.352 E2397.04097
G0 F9000 X138.59 Y82.352
G0 X138.59 Y81.221
G0 X137.789 Y81.221
G1 F1500 X124.409 Y67.84 E2399.55848
G0 F9000 X123.61 Y67.84
G0 X123.61 Y66.709
G0 X124.409 Y66.709
G1 F1500 X137.789 Y80.089 E2402.0759
G0 F9000 X138.59 Y80.089
G0 X138.59 Y78.958
G0 X137.789 Y78.958
G1 F1500 X124.409 Y65.577 E2404.59341
G0 F9000 X123.61 Y65.577
G0 X123.61 Y64.446
G0 X124.409 Y64.446
G1 F1500 X137.789 Y77.827 E2407.11092
G0 F9000 X138.59 Y77.827
G0 X138.59 Y76.695
G0 X137.789 Y76.695
G1 F1500 X124.409 Y63.315 E2409.62834
G0 F9000 X123.61 Y63.315
G0 X123.61 Y62.183
G0 X124.409 Y62.183
G1 F1500 X137.789 Y75.564 E2412.14585
G0 F9000 X138.59 Y75.564
G0 X138.59 Y74.432
G0 X137.789 Y74.432
G1 F1500 X124.409 Y61.052 E2414.66326
G0 F9000 X123.61 Y61.052
G0 X123.61 Y59.92
G0 X124.409 Y59.92
G1 F1500 X137.789 Y73.301 E2417.18077
G0 F9000 X138.59 Y73.301
G0 X138.59 Y72.17
G0 X137.789 Y72.17
G1 F1500 X124.409 Y58.789 E2419.69829
G0 F9000 X124.982 Y58.231
G1 F1500 X137.789 Y71.038 E2422.10789
G0 F9000 X138.59 Y71.038
G0 X138.59 Y69.907
G0 X137.789 Y69.907
G1 F1500 X126.113 Y58.231 E2424.30471
G0 F9000 X126.114 Y57.432
G0 X127.246 Y57.432
G0 X127.245 Y58.231
G1 F1500 X137.789 Y68.776 E2426.28863
G0 F9000 X138.59 Y68.776
G0 X138.59 Y67.644
G0 X137.789 Y67.644
G1 F1500 X128.376 Y58.231 E2428.05967
G0 F9000 X128.377 Y57.432
G0 X129.509 Y57.432
G0 X129.508 Y58.231
G1 F1500 X137.789 Y66.513 E2429.61781
G0 F9000 X138.59 Y66.513
G0 X138.59 Y65.381
G0 X137.789 Y65.381
G1 F1500 X130.639 Y58.231 E2430.96307
G0 F9000 X130.64 Y57.432
G0 X131.771 Y57.432
G0 X131.77 Y58.231
G1 F1500 X137.789 Y64.25 E2432.09553
G0 F9000 X138.59 Y64.25
G0 X138.59 Y63.119
G0 X137.789 Y63.119
G1 F1500 X132.902 Y58.231 E2433.0151
G0 F9000 X132.903 Y57.432
G0 X134.034 Y57.432
G0 X134.033 Y58.231
G1 F1500 X137.789 Y61.987 E2433.72178
G0 F9000 X138.59 Y61.987
G0 X138.59 Y60.856
G0 X137.789 Y60.856
G1 F1500 X135.164 Y58.231 E2434.21567
G0 F9000 X135.165 Y57.432
G0 X136.296 Y57.31
G0 X136.296 Y58.231
G1 F1500 X137.789 Y59.725 E2434.49667
G0 F9000 X138.59 Y59.725
G0 X138.59 Y58.593
G0 X137.789 Y58.593
G1 F1500 X137.305 Y58.11 E2434.58764
G0 F9000 X137.305 Y56.61
G1 F1500 E2428.08764
;MESH:zanza fissa prolunga mobile.stl(4)
G0 F9000 X138.518 Y57.382
G0 X140.08 Y162.878
G0 X143.22 Y162.878
G0 X144.4 Y162.878
;TYPE:WALL-INNER
G1 F1500 E2434.58764
G1 X144.4 Y57.52 E2448.60452
G1 X144.4 Y57.121 E2448.65761
G1 X144.799 Y57.121 E2448.69193
G1 X156.4 Y57.122 E2450.23534
G1 X156.4 Y57 E2450.25157
G1 X160 Y57 E2450.73051
G1 X160 Y163 E2464.83281
G1 X156.4 Y163 E2465.31176
G1 X156.4 Y162.879 E2465.32785
G1 X144.4 Y162.878 E2466.92434
G0 F9000 X143.7 Y163.8
G1 F1500 X143.6 Y163.8 E2466.93764
G1 X143.6 Y163.678 E2466.94838
G1 X143.6 Y56.321 E2481.23122
G1 X143.6 Y56.2 E2481.24732
G1 X143.7 Y56.2 E2481.25386
G1 X143.7 Y56.321 E2481.25587
G1 X155.6 Y56.322 E2482.83906
G1 X155.6 Y56.2 E2482.85529
G1 X160.8 Y56.2 E2483.5471
G1 X160.8 Y163.8 E2497.86226
G1 X155.6 Y163.8 E2498.55407
G1 X155.6 Y163.679 E2498.57017
G1 X143.7 Y163.678 E2500.15335
G1 X143.7 Y163.8 E2500.15538
G0 F9000 X144.501 Y163.979
G0 X144.5 Y164.478
;TYPE:WALL-OUTER
G1 F1500 X144.5 Y164.6 E2500.17161
G1 X142.8 Y164.6 E2500.39778
G1 X142.8 Y55.4 E2514.92581
G1 X144.5 Y55.4 E2515.15198
G1 X144.5 Y55.521 E2515.16808
G1 X154.8 Y55.522 E2516.53839
G1 X154.8 Y55.4 E2516.55463
G1 X161.6 Y55.4 E2517.4593
G1 X161.6 Y164.6 E2531.98733
G1 X154.8 Y164.6 E2532.892
G1 X154.8 Y164.479 E2532.9081
G1 X144.5 Y164.478 E2534.27842
G0 F9000 X144.501 Y163.979
G0 X144.71 Y162.088
G0 X145.19 Y162.088
;TYPE:SKIN
G1 F1500 X145.19 Y57.911 E2548.13818
G1 X157.19 Y57.912 E2549.73467
G1 X157.19 Y57.79 E2549.7509
G1 X159.21 Y57.79 E2550.01964
G1 X159.21 Y162.21 E2563.91174
G1 X157.19 Y162.21 E2564.18048
G1 X157.19 Y162.089 E2564.19658
G1 X145.19 Y162.088 E2565.79306
G0 F9000 X145.928 Y161.767
G1 F1500 X145.509 Y161.348 E2565.8719
G0 F9000 X144.71 Y161.348
G0 X144.71 Y160.216
G0 X145.509 Y160.216
G1 F1500 X147.059 Y161.767 E2566.16362
G0 F9000 X147.058 Y162.568
G0 X148.19 Y162.568
G0 X148.191 Y161.767
G1 F1500 X145.509 Y159.085 E2566.66823
G0 F9000 X144.71 Y159.085
G0 X144.71 Y157.954
G0 X145.509 Y157.954
G1 F1500 X149.322 Y161.767 E2567.38564
G0 F9000 X149.321 Y162.568
G0 X150.452 Y162.568
G0 X150.453 Y161.767
G1 F1500 X145.509 Y156.822 E2568.31594
G0 F9000 X144.71 Y156.822
G0 X144.71 Y155.691
G0 X145.509 Y155.691
G1 F1500 X151.585 Y161.767 E2569.45912
G0 F9000 X151.584 Y162.568
G0 X152.715 Y162.568
G0 X152.716 Y161.767
G1 F1500 X145.509 Y154.56 E2570.8151
G0 F9000 X144.71 Y154.56
G0 X144.71 Y153.428
G0 X145.509 Y153.428
G1 F1500 X153.848 Y161.767 E2572.38407
G0 F9000 X153.847 Y162.568
G0 X154.978 Y162.568
G0 X154.979 Y161.767
G1 F1500 X145.509 Y152.297 E2574.16583
G0 F9000 X144.71 Y152.297
G0 X144.71 Y151.165
G0 X145.509 Y151.165
G1 F1500 X156.11 Y161.767 E2576.16047
G0 F9000 X156.109 Y162.568
G0 X157.242 Y162.69
G0 X157.242 Y161.767
G1 F1500 X145.509 Y150.034 E2578.36801
G0 F9000 X144.71 Y150.034
G0 X144.71 Y148.903
G0 X145.509 Y148.903
G1 F1500 X158.495 Y161.889 E2580.8113
G0 F9000 X158.889 Y161.152
G1 F1500 X145.509 Y147.771 E2583.32881
G0 F9000 X144.71 Y147.771
G0 X144.71 Y146.64
G0 X145.509 Y146.64
G1 F1500 X158.889 Y160.021 E2585.84632
G0 F9000 X159.69 Y160.021
G0 X159.69 Y158.889
G0 X158.889 Y158.889
G1 F1500 X145.509 Y145.509 E2588.36374
G0 F9000 X144.71 Y145.509
G0 X144.71 Y144.377
G0 X145.509 Y144.377
G1 F1500 X158.889 Y157.758 E2590.88125
G0 F9000 X159.69 Y157.758
G0 X159.69 Y156.626
G0 X158.889 Y156.626
G1 F1500 X145.509 Y143.246 E2593.39866
G0 F9000 X144.71 Y143.246
G0 X144.71 Y142.115
G0 X145.509 Y142.115
G1 F1500 X158.889 Y155.495 E2595.91608
G0 F9000 X159.69 Y155.495
G0 X159.69 Y154.364
G0 X158.889 Y154.364
G1 F1500 X145.509 Y140.983 E2598.43359
G0 F9000 X144.71 Y140.983
G0 X144.71 Y139.852
G0 X145.509 Y139.852
G1 F1500 X158.889 Y153.232 E2600.95101
G0 F9000 X159.69 Y153.232
G0 X159.69 Y152.101
G0 X158.889 Y152.101
G1 F1500 X145.509 Y138.72 E2603.46852
G0 F9000 X144.71 Y138.72
G0 X144.71 Y137.589
G0 X145.509 Y137.589
G1 F1500 X158.889 Y150.97 E2605.98603
G0 F9000 X159.69 Y150.97
G0 X159.69 Y149.838
G0 X158.889 Y149.838
G1 F1500 X145.509 Y136.458 E2608.50345
G0 F9000 X144.71 Y136.458
G0 X144.71 Y135.326
G0 X145.509 Y135.326
G1 F1500 X158.889 Y148.707 E2611.02096
G0 F9000 X159.69 Y148.707
G0 X159.69 Y147.576
G0 X158.889 Y147.576
G1 F1500 X145.509 Y134.195 E2613.53847
G0 F9000 X144.71 Y134.195
G0 X144.71 Y133.064
G0 X145.509 Y133.064
G1 F1500 X158.889 Y146.444 E2616.05588
G0 F9000 X159.69 Y146.444
G0 X159.69 Y145.313
G0 X158.889 Y145.313
G1 F1500 X145.509 Y131.932 E2618.57339
G0 F9000 X144.71 Y131.932
G0 X144.71 Y130.801
G0 X145.509 Y130.801
G1 F1500 X158.889 Y144.181 E2621.09081
G0 F9000 X159.69 Y144.181
G0 X159.69 Y143.05
G0 X158.889 Y143.05
G1 F1500 X145.509 Y129.669 E2623.60832
G0 F9000 X144.71 Y129.669
G0 X144.71 Y128.538
G0 X145.509 Y128.538
G1 F1500 X158.889 Y141.919 E2626.12583
G0 F9000 X159.69 Y141.919
G0 X159.69 Y140.787
G0 X158.889 Y140.787
G1 F1500 X145.509 Y127.407 E2628.64325
G0 F9000 X144.71 Y127.407
G0 X144.71 Y126.275
G0 X145.509 Y126.275
G1 F1500 X158.889 Y139.656 E2631.16076
G0 F9000 X159.69 Y139.656
G0 X159.69 Y138.525
G0 X158.889 Y138.525
G1 F1500 X145.509 Y125.144 E2633.67827
G0 F9000 X144.71 Y125.144
G0 X144.71 Y124.013
G0 X145.509 Y124.013
G1 F1500 X158.889 Y137.393 E2636.19569
G0 F9000 X159.69 Y137.393
G0 X159.69 Y136.262
G0 X158.889 Y136.262
G1 F1500 X145.509 Y122.881 E2638.7132
G0 F9000 X144.71 Y122.881
G0 X144.71 Y121.75
G0 X145.509 Y121.75
G1 F1500 X158.889 Y135.13 E2641.23062
G0 F9000 X159.69 Y135.13
G0 X159.69 Y133.999
G0 X158.889 Y133.999
G1 F1500 X145.509 Y120.618 E2643.74813
G0 F9000 X144.71 Y120.618
G0 X144.71 Y119.487
G0 X145.509 Y119.487
G1 F1500 X158.889 Y132.868 E2646.26564
G0 F9000 X159.69 Y132.868
G0 X159.69 Y131.736
G0 X158.889 Y131.736
G1 F1500 X145.509 Y118.356 E2648.78305
G0 F9000 X144.71 Y118.356
G0 X144.71 Y117.224
G0 X145.509 Y117.224
G1 F1500 X158.889 Y130.605 E2651.30056
G0 F9000 X159.69 Y130.605
G0 X159.69 Y129.474
G0 X158.889 Y129.474
G1 F1500 X145.509 Y116.093 E2653.81808
G0 F9000 X144.71 Y116.093
G0 X144.71 Y114.962
G0 X145.509 Y114.962
G1 F1500 X158.889 Y128.342 E2656.33549
G0 F9000 X159.69 Y128.342
G0 X159.69 Y127.211
G0 X158.889 Y127.211
G1 F1500 X145.509 Y113.83 E2658.853
G0 F9000 X144.71 Y113.83
G0 X144.71 Y112.699
G0 X145.509 Y112.699
G1 F1500 X158.889 Y126.079 E2661.37042
G0 F9000 X159.69 Y126.079
G0 X159.69 Y124.948
G0 X158.889 Y124.948
G1 F1500 X145.509 Y111.568 E2663.88784
G0 F9000 X144.71 Y111.568
G0 X144.71 Y110.436
G0 X145.509 Y110.436
G1 F1500 X158.889 Y123.817 E2666.40535
G0 F9000 X159.69 Y123.817
G0 X159.69 Y122.685
G0 X158.889 Y122.685
G1 F1500 X145.509 Y109.305 E2668.92276
G0 F9000 X144.71 Y109.305
G0 X144.71 Y108.173
G0 X145.509 Y108.173
G1 F1500 X158.889 Y121.554 E2671.44027
G0 F9000 X159.69 Y121.554
G0 X159.69 Y120.423
G0 X158.889 Y120.423
G1 F1500 X145.509 Y107.042 E2673.95779
G0 F9000 X144.71 Y107.042
G0 X144.71 Y105.911
G0 X145.509 Y105.911
G1 F1500 X158.889 Y119.291 E2676.4752
G0 F9000 X159.69 Y119.291
G0 X159.69 Y118.16
G0 X158.889 Y118.16
G1 F1500 X145.509 Y104.779 E2678.99271
G0 F9000 X144.71 Y104.779
G0 X144.71 Y103.648
G0 X145.509 Y103.648
G1 F1500 X158.889 Y117.029 E2681.51022
G0 F9000 X159.69 Y117.029
G0 X159.69 Y115.897
G0 X158.889 Y115.897
G1 F1500 X145.509 Y102.517 E2684.02764
G0 F9000 X144.71 Y102.517
G0 X144.71 Y101.385
G0 X145.509 Y101.385
G1 F1500 X158.889 Y114.766 E2686.54515
G0 F9000 X159.69 Y114.766
G0 X159.69 Y113.634
G0 X158.889 Y113.634
G1 F1500 X145.509 Y100.254 E2689.06257
G0 F9000 X144.71 Y100.254
G0 X144.71 Y99.122
G0 X145.509 Y99.122
G1 F1500 X158.889 Y112.503 E2691.58008
G0 F9000 X159.69 Y112.503
G0 X159.69 Y111.372
G0 X158.889 Y111.372
G1 F1500 X145.509 Y97.991 E2694.09759
G0 F9000 X144.71 Y97.991
G0 X144.71 Y96.86
G0 X145.509 Y96.86
G1 F1500 X158.889 Y110.24 E2696.61501
G0 F9000 X159.69 Y110.24
G0 X159.69 Y109.109
G0 X158.889 Y109.109
G1 F1500 X145.509 Y95.728 E2699.13252
G0 F9000 X144.71 Y95.728
G0 X144.71 Y94.597
G0 X145.509 Y94.597
G1 F1500 X158.889 Y107.978 E2701.65003
G0 F9000 X159.69 Y107.978
G0 X159.69 Y106.846
G0 X158.889 Y106.846
G1 F1500 X145.509 Y93.466 E2704.16744
G0 F9000 X144.71 Y93.466
G0 X144.71 Y92.334
G0 X145.509 Y92.334
G1 F1500 X158.889 Y105.715 E2706.68496
G0 F9000 X159.69 Y105.715
G0 X159.69 Y104.583
G0 X158.889 Y104.583
G1 F1500 X145.509 Y91.203 E2709.20237
G0 F9000 X144.71 Y91.203
G0 X144.71 Y90.071
G0 X145.509 Y90.071
G1 F1500 X158.889 Y103.452 E2711.71988
G0 F9000 X159.69 Y103.452
G0 X159.69 Y102.321
G0 X158.889 Y102.321
G1 F1500 X145.509 Y88.94 E2714.23739
G0 F9000 X144.71 Y88.94
G0 X144.71 Y87.809
G0 X145.509 Y87.809
G1 F1500 X158.889 Y101.189 E2716.75481
G0 F9000 X159.69 Y101.189
G0 X159.69 Y100.058
G0 X158.889 Y100.058
G1 F1500 X145.509 Y86.677 E2719.27232
G0 F9000 X144.71 Y86.677
G0 X144.71 Y85.546
G0 X145.509 Y85.546
G1 F1500 X158.889 Y98.927 E2721.78983
G0 F9000 X159.69 Y98.927
G0 X159.69 Y97.795
G0 X158.889 Y97.795
G1 F1500 X145.509 Y84.415 E2724.30725
G0 F9000 X144.71 Y84.415
G0 X144.71 Y83.283
G0 X145.509 Y83.283
G1 F1500 X158.889 Y96.664 E2726.82476
G0 F9000 X159.69 Y96.664
G0 X159.69 Y95.532
G0 X158.889 Y95.532
G1 F1500 X145.509 Y82.152 E2729.34218
G0 F9000 X144.71 Y82.152
G0 X144.71 Y81.021
G0 X145.509 Y81.021
G1 F1500 X158.889 Y94.401 E2731.85959
G0 F9000 X159.69 Y94.401
G0 X159.69 Y93.27
G0 X158.889 Y93.27
G1 F1500 X145.509 Y79.889 E2734.3771
G0 F9000 X144.71 Y79.889
G0 X144.71 Y78.758
G0 X145.509 Y78.758
G1 F1500 X158.889 Y92.138 E2736.89452
G0 F9000 X159.69 Y92.138
G0 X159.69 Y91.007
G0 X158.889 Y91.007
G1 F1500 X145.509 Y77.626 E2739.41203
G0 F9000 X144.71 Y77.626
G0 X144.71 Y76.495
G0 X145.509 Y76.495
G1 F1500 X158.889 Y89.876 E2741.92954
G0 F9000 X159.69 Y89.876
G0 X159.69 Y88.744
G0 X158.889 Y88.744
G1 F1500 X145.509 Y75.364 E2744.44696
G0 F9000 X144.71 Y75.364
G0 X144.71 Y74.232
G0 X145.509 Y74.232
G1 F1500 X158.889 Y87.613 E2746.96447
G0 F9000 X159.69 Y87.613
G0 X159.69 Y86.481
G0 X158.889 Y86.481
G1 F1500 X145.509 Y73.101 E2749.48189
G0 F9000 X144.71 Y73.101
G0 X144.71 Y71.97
G0 X145.509 Y71.97
G1 F1500 X158.889 Y85.35 E2751.9993
G0 F9000 X159.69 Y85.35
G0 X159.69 Y84.219
G0 X158.889 Y84.219
G1 F1500 X145.509 Y70.838 E2754.51681
G0 F9000 X144.71 Y70.838
G0 X144.71 Y69.707
G0 X145.509 Y69.707
G1 F1500 X158.889 Y83.087 E2757.03423
G0 F9000 X159.69 Y83.087
G0 X159.69 Y81.956
G0 X158.889 Y81.956
G1 F1500 X145.509 Y68.575 E2759.55174
G0 F9000 X144.71 Y68.575
G0 X144.71 Y67.444
G0 X145.509 Y67.444
G1 F1500 X158.889 Y80.825 E2762.06925
G0 F9000 X159.69 Y80.825
G0 X159.69 Y79.693
G0 X158.889 Y79.693
G1 F1500 X145.509 Y66.313 E2764.58667
G0 F9000 X144.71 Y66.313
G0 X144.71 Y65.181
G0 X145.509 Y65.181
G1 F1500 X158.889 Y78.562 E2767.10418
G0 F9000 X159.69 Y78.562
G0 X159.69 Y77.431
G0 X158.889 Y77.431
G1 F1500 X145.509 Y64.05 E2769.62169
G0 F9000 X144.71 Y64.05
G0 X144.71 Y62.919
G0 X145.509 Y62.919
G1 F1500 X158.889 Y76.299 E2772.13911
G0 F9000 X159.69 Y76.299
G0 X159.69 Y75.168
G0 X158.889 Y75.168
G1 F1500 X145.509 Y61.787 E2774.65662
G0 F9000 X144.71 Y61.787
G0 X144.71 Y60.656
G0 X145.509 Y60.656
G1 F1500 X158.889 Y74.036 E2777.17403
G0 F9000 X159.69 Y74.036
G0 X159.69 Y72.905
G0 X158.889 Y72.905
G1 F1500 X145.509 Y59.524 E2779.69155
G0 F9000 X144.71 Y59.524
G0 X144.71 Y58.393
G0 X145.509 Y58.393
G1 F1500 X158.889 Y71.774 E2782.20906
G0 F9000 X159.69 Y71.774
G0 X159.69 Y70.642
G0 X158.889 Y70.642
G1 F1500 X146.478 Y58.231 E2784.54416
G0 F9000 X146.479 Y57.432
G0 X147.61 Y57.432
G0 X147.609 Y58.231
G1 F1500 X158.889 Y69.511 E2786.66646
G0 F9000 X159.69 Y69.511
G0 X159.69 Y68.38
G0 X158.889 Y68.38
G1 F1500 X148.741 Y58.231 E2788.57588
G0 F9000 X148.742 Y57.432
G0 X149.873 Y57.432
G0 X149.872 Y58.231
G1 F1500 X158.889 Y67.248 E2790.27241
G0 F9000 X159.69 Y67.248
G0 X159.69 Y66.117
G0 X158.889 Y66.117
G1 F1500 X151.004 Y58.231 E2791.75605
G0 F9000 X151.005 Y57.432
G0 X152.136 Y57.432
G0 X152.135 Y58.231
G1 F1500 X158.889 Y64.985 E2793.0268
G0 F9000 X159.69 Y64.985
G0 X159.69 Y63.854
G0 X158.889 Y63.854
G1 F1500 X153.266 Y58.231 E2794.08475
G0 F9000 X153.267 Y57.432
G0 X154.399 Y57.432
G0 X154.398 Y58.231
G1 F1500 X158.889 Y62.723 E2794.92982
G0 F9000 X159.69 Y62.723
G0 X159.69 Y61.591
G0 X158.889 Y61.591
G1 F1500 X155.529 Y58.231 E2795.56199
G0 F9000 X155.53 Y57.432
G0 X156.661 Y57.432
G0 X156.66 Y58.231
G1 F1500 X158.889 Y60.46 E2795.98138
G0 F9000 X159.69 Y60.46
G0 X159.69 Y59.329
G0 X158.889 Y59.329
G1 F1500 X157.67 Y58.11 E2796.21073
G0 F9000 X157.67 Y56.61
G1 F1500 E2789.71073
;MESH:zanza fissa prolunga mobile.stl(5)
G0 F9000 X159.618 Y57.382
G0 X161.18 Y162.878
G0 X164.32 Y162.878
G0 X165.5 Y162.878
;TYPE:WALL-INNER
G1 F1500 E2796.21073
G1 X165.5 Y57.52 E2810.22761
G1 X165.5 Y57.121 E2810.2807
G1 X165.899 Y57.121 E2810.31502
G1 X177.5 Y57.122 E2811.85842
G1 X177.5 Y57 E2811.87466
G1 X181.1 Y57 E2812.3536
G1 X181.1 Y163 E2826.4559
G1 X177.5 Y163 E2826.93484
G1 X177.5 Y162.879 E2826.95094
G1 X165.5 Y162.878 E2828.54743
G0 F9000 X164.8 Y163.8
G1 F1500 X164.7 Y163.8 E2828.56073
G1 X164.7 Y163.678 E2828.57147
G1 X164.7 Y56.321 E2842.85431
G1 X164.7 Y56.2 E2842.8704
G1 X164.8 Y56.2 E2842.87695
G1 X164.8 Y56.321 E2842.87896
G1 X176.7 Y56.322 E2844.46215
G1 X176.7 Y56.2 E2844.47838
G1 X181.9 Y56.2 E2845.17019
G1 X181.9 Y163.8 E2859.48535
G1 X176.7 Y163.8 E2860.17716
G1 X176.7 Y163.679 E2860.19326
G1 X164.8 Y163.678 E2861.77644
G1 X164.8 Y163.8 E2861.77847
G0 F9000 X165.601 Y163.979
G0 X165.6 Y164.478
;TYPE:WALL-OUTER
G1 F1500 X165.6 Y164.6 E2861.7947
G1 X163.9 Y164.6 E2862.02087
G1 X163.9 Y55.4 E2876.5489
G1 X165.6 Y55.4 E2876.77507
G1 X165.6 Y55.521 E2876.79117
G1 X175.9 Y55.522 E2878.16148
G1 X175.9 Y55.4 E2878.17771
G1 X182.7 Y55.4 E2879.08239
G1 X182.7 Y164.6 E2893.61042
G1 X175.9 Y164.6 E2894.51509
G1 X175.9 Y164.479 E2894.53119
G1 X165.6 Y164.478 E2895.90151
G0 F9000 X165.601 Y163.979
G0 X165.81 Y162.088
G0 X166.29 Y162.088
;TYPE:SKIN
G1 F1500 X166.29 Y57.911 E2909.76127
G1 X178.29 Y57.912 E2911.35776
G1 X178.29 Y57.79 E2911.37399
G1 X180.31 Y57.79 E2911.64273
G1 X180.31 Y162.21 E2925.53483
G1 X178.29 Y162.21 E2925.80357
G1 X178.29 Y162.089 E2925.81967
G1 X166.29 Y162.088 E2927.41615
G0 F9000 X165.81 Y162.088
G0 X165.882 Y162.496
G0 X167.424 Y162.568
G0 X167.425 Y161.768
G1 F1500 X166.609 Y160.952 E2927.56968
G0 F9000 X165.81 Y160.952
G0 X165.81 Y159.82
G0 X166.609 Y159.82
G1 F1500 X168.556 Y161.768 E2927.9361
G0 F9000 X168.555 Y162.568
G0 X169.686 Y162.568
G0 X169.687 Y161.768
G1 F1500 X166.609 Y158.689 E2928.51531
G0 F9000 X165.81 Y158.689
G0 X165.81 Y157.558
G0 X166.609 Y157.558
G1 F1500 X170.819 Y161.768 E2929.30741
G0 F9000 X170.818 Y162.568
G0 X171.949 Y162.568
G0 X171.95 Y161.768
G1 F1500 X166.609 Y156.426 E2930.3124
G0 F9000 X165.81 Y156.426
G0 X165.81 Y155.295
G0 X166.609 Y155.295
G1 F1500 X173.082 Y161.768 E2931.53028
G0 F9000 X173.081 Y162.568
G0 X174.212 Y162.568
G0 X174.213 Y161.768
G1 F1500 X166.609 Y154.164 E2932.96096
G0 F9000 X165.81 Y154.164
G0 X165.81 Y153.032
G0 X166.609 Y153.032
G1 F1500 X175.344 Y161.768 E2934.60452
G0 F9000 X175.343 Y162.568
G0 X176.475 Y162.568
G0 X176.476 Y161.768
G1 F1500 X166.609 Y151.901 E2936.46098
G0 F9000 X165.81 Y151.901
G0 X165.81 Y150.77
G0 X166.609 Y150.77
G1 F1500 X177.607 Y161.768 E2938.53023
G0 F9000 X177.606 Y162.568
G0 X178.86 Y162.69
G0 X178.86 Y161.889
G1 F1500 X166.609 Y149.638 E2940.83522
G0 F9000 X165.81 Y149.638
G0 X165.81 Y148.507
G0 X166.609 Y148.507
G1 F1500 X179.989 Y161.887 E2943.35264
G0 F9000 X180.79 Y161.887
G0 X180.79 Y160.756
G0 X179.989 Y160.756
G1 F1500 X166.609 Y147.375 E2945.87015
G0 F9000 X165.81 Y147.375
G0 X165.81 Y146.244
G0 X166.609 Y146.244
G1 F1500 X179.989 Y159.625 E2948.38766
G0 F9000 X180.79 Y159.625
G0 X180.79 Y158.493
G0 X179.989 Y158.493
G1 F1500 X166.609 Y145.113 E2950.90508
G0 F9000 X165.81 Y145.113
G0 X165.81 Y143.981
G0 X166.609 Y143.981
G1 F1500 X179.989 Y157.362 E2953.42259
G0 F9000 X180.79 Y157.362
G0 X180.79 Y156.231
G0 X179.989 Y156.231
G1 F1500 X166.609 Y142.85 E2955.9401
G0 F9000 X165.81 Y142.85
G0 X165.81 Y141.719
G0 X166.609 Y141.719
G1 F1500 X179.989 Y155.099 E2958.45752
G0 F9000 X180.79 Y155.099
G0 X180.79 Y153.968
G0 X179.989 Y153.968
G1 F1500 X166.609 Y140.587 E2960.97503
G0 F9000 X165.81 Y140.587
G0 X165.81 Y139.456
G0 X166.609 Y139.456
G1 F1500 X179.989 Y152.836 E2963.49245
G0 F9000 X180.79 Y152.836
G0 X180.79 Y151.705
G0 X179.989 Y151.705
G1 F1500 X166.609 Y138.324 E2966.00996
G0 F9000 X165.81 Y138.324
G0 X165.81 Y137.193
G0 X166.609 Y137.193
G1 F1500 X179.989 Y150.574 E2968.52747
G0 F9000 X180.79 Y150.574
G0 X180.79 Y149.442
G0 X179.989 Y149.442
G1 F1500 X166.609 Y136.062 E2971.04488
G0 F9000 X165.81 Y136.062
G0 X165.81 Y134.93
G0 X166.609 Y134.93
G1 F1500 X179.989 Y148.311 E2973.56239
G0 F9000 X180.79 Y148.311
G0 X180.79 Y147.18
G0 X179.989 Y147.18
G1 F1500 X166.609 Y133.799 E2976.07991
G0 F9000 X165.81 Y133.799
G0 X165.81 Y132.668
G0 X166.609 Y132.668
G1 F1500 X179.989 Y146.048 E2978.59732
G0 F9000 X180.79 Y146.048
G0 X180.79 Y144.917
G0 X179.989 Y144.917
G1 F1500 X166.609 Y131.536 E2981.11483
G0 F9000 X165.81 Y131.536
G0 X165.81 Y130.405
G0 X166.609 Y130.405
G1 F1500 X179.989 Y143.785 E2983.63225
G0 F9000 X180.79 Y143.785
G0 X180.79 Y142.654
G0 X179.989 Y142.654
G1 F1500 X166.609 Y129.273 E2986.14976
G0 F9000 X165.81 Y129.273
G0 X165.81 Y128.142
G0 X166.609 Y128.142
G1 F1500 X179.989 Y141.523 E2988.66727
G0 F9000 X180.79 Y141.523
G0 X180.79 Y140.391
G0 X179.989 Y140.391
G1 F1500 X166.609 Y127.011 E2991.18469
G0 F9000 X165.81 Y127.011
G0 X165.81 Y125.879
G0 X166.609 Y125.879
G1 F1500 X179.989 Y139.26 E2993.7022
G0 F9000 X180.79 Y139.26
G0 X180.79 Y138.129
G0 X179.989 Y138.129
G1 F1500 X166.609 Y124.748 E2996.21971
G0 F9000 X165.81 Y124.748
G0 X165.81 Y123.617
G0 X166.609 Y123.617
G1 F1500 X179.989 Y136.997 E2998.73713
G0 F9000 X180.79 Y136.997
G0 X180.79 Y135.866
G0 X179.989 Y135.866
G1 F1500 X166.609 Y122.485 E3001.25464
G0 F9000 X165.81 Y122.485
G0 X165.81 Y121.354
G0 X166.609 Y121.354
G1 F1500 X179.989 Y134.734 E3003.77205
G0 F9000 X180.79 Y134.734
G0 X180.79 Y133.603
G0 X179.989 Y133.603
G1 F1500 X166.609 Y120.223 E3006.28947
G0 F9000 X165.81 Y120.223
G0 X165.81 Y119.091
G0 X166.609 Y119.091
G1 F1500 X179.989 Y132.472 E3008.80698
G0 F9000 X180.79 Y132.472
G0 X180.79 Y131.34
G0 X179.989 Y131.34
G1 F1500 X166.609 Y117.96 E3011.3244
G0 F9000 X165.81 Y117.96
G0 X165.81 Y116.828
G0 X166.609 Y116.828
G1 F1500 X179.989 Y130.209 E3013.84191
G0 F9000 X180.79 Y130.209
G0 X180.79 Y129.078
G0 X179.989 Y129.078
G1 F1500 X166.609 Y115.697 E3016.35942
G0 F9000 X165.81 Y115.697
G0 X165.81 Y114.566
G0 X166.609 Y114.566
G1 F1500 X179.989 Y127.946 E3018.87684
G0 F9000 X180.79 Y127.946
G0 X180.79 Y126.815
G0 X179.989 Y126.815
G1 F1500 X166.609 Y113.434 E3021.39435
G0 F9000 X165.81 Y113.434
G0 X165.81 Y112.303
G0 X166.609 Y112.303
G1 F1500 X179.989 Y125.683 E3023.91176
G0 F9000 X180.79 Y125.683
G0 X180.79 Y124.552
G0 X179.989 Y124.552
G1 F1500 X166.609 Y111.172 E3026.42918
G0 F9000 X165.81 Y111.172
G0 X165.81 Y110.04
G0 X166.609 Y110.04
G1 F1500 X179.989 Y123.421 E3028.94669
G0 F9000 X180.79 Y123.421
G0 X180.79 Y122.289
G0 X179.989 Y122.289
G1 F1500 X166.609 Y108.909 E3031.46411
G0 F9000 X165.81 Y108.909
G0 X165.81 Y107.777
G0 X166.609 Y107.777
G1 F1500 X179.989 Y121.158 E3033.98162
G0 F9000 X180.79 Y121.158
G0 X180.79 Y120.027
G0 X179.989 Y120.027
G1 F1500 X166.609 Y106.646 E3036.49913
G0 F9000 X165.81 Y106.646
G0 X165.81 Y105.515
G0 X166.609 Y105.515
G1 F1500 X179.989 Y118.895 E3039.01655
G0 F9000 X180.79 Y118.895
G0 X180.79 Y117.764
G0 X179.989 Y117.764
G1 F1500 X166.609 Y104.383 E3041.53406
G0 F9000 X165.81 Y104.383
G0 X165.81 Y103.252
G0 X166.609 Y103.252
G1 F1500 X179.989 Y116.633 E3044.05157
G0 F9000 X180.79 Y116.633
G0 X180.79 Y115.501
G0 X179.989 Y115.501
G1 F1500 X166.609 Y102.121 E3046.56898
G0 F9000 X165.81 Y102.121
G0 X165.81 Y100.989
G0 X166.609 Y100.989
G1 F1500 X179.989 Y114.37 E3049.0865
G0 F9000 X180.79 Y114.37
G0 X180.79 Y113.238
G0 X179.989 Y113.238
G1 F1500 X166.609 Y99.858 E3051.60391
G0 F9000 X165.81 Y99.858
G0 X165.81 Y98.726
G0 X166.609 Y98.726
G1 F1500 X179.989 Y112.107 E3054.12142
G0 F9000 X180.79 Y112.107
G0 X180.79 Y110.976
G0 X179.989 Y110.976
G1 F1500 X166.609 Y97.595 E3056.63893
G0 F9000 X165.81 Y97.595
G0 X165.81 Y96.464
G0 X166.609 Y96.464
G1 F1500 X179.989 Y109.844 E3059.15635
G0 F9000 X180.79 Y109.844
G0 X180.79 Y108.713
G0 X179.989 Y108.713
G1 F1500 X166.609 Y95.332 E3061.67386
G0 F9000 X165.81 Y95.332
G0 X165.81 Y94.201
G0 X166.609 Y94.201
G1 F1500 X179.989 Y107.582 E3064.19137
G0 F9000 X180.79 Y107.582
G0 X180.79 Y106.45
G0 X179.989 Y106.45
G1 F1500 X166.609 Y93.07 E3066.70879
G0 F9000 X165.81 Y93.07
G0 X165.81 Y91.938
G0 X166.609 Y91.938
G1 F1500 X179.989 Y105.319 E3069.2263
G0 F9000 X180.79 Y105.319
G0 X180.79 Y104.187
G0 X179.989 Y104.187
G1 F1500 X166.609 Y90.807 E3071.74372
G0 F9000 X165.81 Y90.807
G0 X165.81 Y89.675
G0 X166.609 Y89.675
G1 F1500 X179.989 Y103.056 E3074.26123
G0 F9000 X180.79 Y103.056
G0 X180.79 Y101.925
G0 X179.989 Y101.925
G1 F1500 X166.609 Y88.544 E3076.77874
G0 F9000 X165.81 Y88.544
G0 X165.81 Y87.413
G0 X166.609 Y87.413
G1 F1500 X179.989 Y100.793 E3079.29615
G0 F9000 X180.79 Y100.793
G0 X180.79 Y99.662
G0 X179.989 Y99.662
G1 F1500 X166.609 Y86.281 E3081.81366
G0 F9000 X165.81 Y86.281
G0 X165.81 Y85.15
G0 X166.609 Y85.15
G1 F1500 X179.989 Y98.531 E3084.33118
G0 F9000 X180.79 Y98.531
G0 X180.79 Y97.399
G0 X179.989 Y97.399
G1 F1500 X166.609 Y84.019 E3086.84859
G0 F9000 X165.81 Y84.019
G0 X165.81 Y82.887
G0 X166.609 Y82.887
G1 F1500 X179.989 Y96.268 E3089.3661
G0 F9000 X180.79 Y96.268
G0 X180.79 Y95.136
G0 X179.989 Y95.136
G1 F1500 X166.609 Y81.756 E3091.88352
G0 F9000 X165.81 Y81.756
G0 X165.81 Y80.625
G0 X166.609 Y80.625
G1 F1500 X179.989 Y94.005 E3094.40094
G0 F9000 X180.79 Y94.005
G0 X180.79 Y92.874
G0 X179.989 Y92.874
G1 F1500 X166.609 Y79.493 E3096.91845
G0 F9000 X165.81 Y79.493
G0 X165.81 Y78.362
G0 X166.609 Y78.362
G1 F1500 X179.989 Y91.742 E3099.43586
G0 F9000 X180.79 Y91.742
G0 X180.79 Y90.611
G0 X179.989 Y90.611
G1 F1500 X166.609 Y77.23 E3101.95337
G0 F9000 X165.81 Y77.23
G0 X165.81 Y76.099
G0 X166.609 Y76.099
G1 F1500 X179.989 Y89.48 E3104.47089
G0 F9000 X180.79 Y89.48
G0 X180.79 Y88.348
G0 X179.989 Y88.348
G1 F1500 X166.609 Y74.968 E3106.9883
G0 F9000 X165.81 Y74.968
G0 X165.81 Y73.836
G0 X166.609 Y73.836
G1 F1500 X179.989 Y87.217 E3109.50581
G0 F9000 X180.79 Y87.217
G0 X180.79 Y86.086
G0 X179.989 Y86.086
G1 F1500 X166.609 Y72.705 E3112.02332
G0 F9000 X165.81 Y72.705
G0 X165.81 Y71.574
G0 X166.609 Y71.574
G1 F1500 X179.989 Y84.954 E3114.54074
G0 F9000 X180.79 Y84.954
G0 X180.79 Y83.823
G0 X179.989 Y83.823
G1 F1500 X166.609 Y70.442 E3117.05825
G0 F9000 X165.81 Y70.442
G0 X165.81 Y69.311
G0 X166.609 Y69.311
G1 F1500 X179.989 Y82.691 E3119.57567
G0 F9000 X180.79 Y82.691
G0 X180.79 Y81.56
G0 X179.989 Y81.56
G1 F1500 X166.609 Y68.179 E3122.09318
G0 F9000 X165.81 Y68.179
G0 X165.81 Y67.048
G0 X166.609 Y67.048
G1 F1500 X179.989 Y80.429 E3124.61069
G0 F9000 X180.79 Y80.429
G0 X180.79 Y79.297
G0 X179.989 Y79.297
G1 F1500 X166.609 Y65.917 E3127.12811
G0 F9000 X165.81 Y65.917
G0 X165.81 Y64.785
G0 X166.609 Y64.785
G1 F1500 X179.989 Y78.166 E3129.64562
G0 F9000 X180.79 Y78.166
G0 X180.79 Y77.035
G0 X179.989 Y77.035
G1 F1500 X166.609 Y63.654 E3132.16313
G0 F9000 X165.81 Y63.654
G0 X165.81 Y62.523
G0 X166.609 Y62.523
G1 F1500 X179.989 Y75.903 E3134.68054
G0 F9000 X180.79 Y75.903
G0 X180.79 Y74.772
G0 X179.989 Y74.772
G1 F1500 X166.609 Y61.391 E3137.19806
G0 F9000 X165.81 Y61.391
G0 X165.81 Y60.26
G0 X166.609 Y60.26
G1 F1500 X179.989 Y73.64 E3139.71547
G0 F9000 X180.79 Y73.64
G0 X180.79 Y72.509
G0 X179.989 Y72.509
G1 F1500 X166.609 Y59.128 E3142.23298
G0 F9000 X166.843 Y58.231
G1 F1500 X179.989 Y71.378 E3144.70647
G0 F9000 X180.79 Y71.378
G0 X180.79 Y70.246
G0 X179.989 Y70.246
G1 F1500 X167.974 Y58.231 E3146.96706
G0 F9000 X167.975 Y57.432
G0 X169.107 Y57.432
G0 X169.106 Y58.231
G1 F1500 X179.989 Y69.115 E3149.01477
G0 F9000 X180.79 Y69.115
G0 X180.79 Y67.984
G0 X179.989 Y67.984
G1 F1500 X170.237 Y58.231 E3150.84968
G0 F9000 X170.238 Y57.432
G0 X171.369 Y57.432
G0 X171.368 Y58.231
G1 F1500 X179.989 Y66.852 E3152.4717
G0 F9000 X180.79 Y66.852
G0 X180.79 Y65.721
G0 X179.989 Y65.721
G1 F1500 X172.5 Y58.231 E3153.88083
G0 F9000 X172.501 Y57.432
G0 X173.632 Y57.432
G0 X173.631 Y58.231
G1 F1500 X179.989 Y64.589 E3155.07708
G0 F9000 X180.79 Y64.589
G0 X180.79 Y63.458
G0 X179.989 Y63.458
G1 F1500 X174.762 Y58.231 E3156.06052
G0 F9000 X174.763 Y57.432
G0 X175.895 Y57.432
G0 X175.894 Y58.231
G1 F1500 X179.989 Y62.327 E3156.83108
G0 F9000 X180.79 Y62.327
G0 X180.79 Y61.195
G0 X179.989 Y61.195
G1 F1500 X177.025 Y58.231 E3157.38875
G0 F9000 X177.026 Y57.432
G0 X177.84 Y57.462
G0 X178.156 Y58.231
G1 F1500 X179.989 Y60.064 E3157.73363
G0 F9000 X180.79 Y60.064
G0 X180.79 Y58.933
G0 X179.989 Y58.933
G1 F1500 X179.166 Y58.11 E3157.88847
G0 F9000 X179.166 Y56.61
G1 F1500 E3151.38847
;MESH:NONMESH
G0 F300 X179.166 Y56.61 Z1.6
G0 F9000 X165.882 Y57.503
G0 X164.32 Y163
G0 X162.835 Y163
G0 X162.661 Y165.04
G0 X162.04 Y165.661
G0 X79.06 Y165.661
G0 X78.439 Y165.04
G0 X78.265 Y163
G0 X76.78 Y163
G0 X75.099 Y163
;TIME_ELAPSED:3052.520278
;LAYER:3
;TYPE:WALL-INNER
;MESH:zanza fissa prolunga mobile.stl(3)
G1 F1500 E3157.88847
G1 X72 Y163 E3158.30077
G1 X72 Y162.826 E3158.32392
G1 X60 Y162.825 E3159.9204
G1 X60 Y57.573 E3173.92319
G1 X60 Y57.174 E3173.97627
G1 X60.399 Y57.174 E3174.01059
G1 X72 Y57.175 E3175.554
G1 X72 Y57 E3175.57728
G1 X75.099 Y57 E3175.98957
G1 X75.099 Y163 E3190.09187
G0 F9000 X75.899 Y163.8
G1 F1500 X71.2 Y163.8 E3190.71703
G1 X71.2 Y163.626 E3190.74017
G1 X59.3 Y163.625 E3192.32336
G1 X59.3 Y163.8 E3192.34664
G1 X59.2 Y163.8 E3192.35994
G1 X59.2 Y163.625 E3192.36286
G1 X59.2 Y56.374 E3206.63159
G1 X59.2 Y56.2 E3206.65474
G1 X59.3 Y56.2 E3206.65864
G1 X59.3 Y56.374 E3206.66154
G1 X71.2 Y56.375 E3208.24472
G1 X71.2 Y56.2 E3208.268
G1 X75.899 Y56.2 E3208.89316
G1 X75.899 Y163.8 E3223.20832
G0 F9000 X76.229 Y164.13
G0 X76.699 Y164.6
;TYPE:WALL-OUTER
G1 F1500 X70.4 Y164.6 E3224.04634
G1 X70.4 Y164.426 E3224.06949
G1 X60.1 Y164.425 E3225.43981
G1 X60.1 Y164.6 E3225.46309
G1 X58.4 Y164.6 E3225.68926
G1 X58.4 Y55.4 E3240.21729
G1 X60.1 Y55.4 E3240.44346
G1 X60.1 Y55.574 E3240.46661
G1 X70.4 Y55.575 E3241.83692
G1 X70.4 Y55.4 E3241.86021
G1 X76.699 Y55.4 E3242.69823
G1 X76.699 Y164.6 E3257.22625
G0 F9000 X76.229 Y164.13
G0 X74.789 Y162.21
G0 X74.309 Y162.21
;TYPE:SKIN
G1 F1500 X72.79 Y162.21 E3257.42834
G1 X72.79 Y162.036 E3257.45149
G1 X60.79 Y162.035 E3259.04798
G1 X60.79 Y57.964 E3272.89364
G1 X72.79 Y57.965 E3274.49013
G1 X72.79 Y57.79 E3274.51341
G1 X74.309 Y57.79 E3274.7155
G1 X74.309 Y162.21 E3288.60759
G0 F9000 X73.435 Y161.889
G1 F1500 X73.988 Y161.336 E3288.71164
G0 F9000 X74.789 Y161.336
G0 X74.789 Y160.204
G0 X73.988 Y160.204
G1 F1500 X72.478 Y161.715 E3288.99583
G0 F9000 X72.34 Y162.486
G0 X71.346 Y162.515
G0 X71.347 Y161.715
G1 F1500 X73.988 Y159.073 E3289.49283
G0 F9000 X74.789 Y159.073
G0 X74.789 Y157.942
G0 X73.988 Y157.942
G1 F1500 X70.215 Y161.715 E3290.20271
G0 F9000 X70.214 Y162.515
G0 X69.083 Y162.515
G0 X69.084 Y161.715
G1 F1500 X73.988 Y156.81 E3291.12548
G0 F9000 X74.789 Y156.81
G0 X74.789 Y155.679
G0 X73.988 Y155.679
G1 F1500 X67.952 Y161.715 E3292.26114
G0 F9000 X67.951 Y162.515
G0 X66.82 Y162.515
G0 X66.821 Y161.715
G1 F1500 X73.988 Y154.548 E3293.60959
G0 F9000 X74.789 Y154.548
G0 X74.789 Y153.416
G0 X73.988 Y153.416
G1 F1500 X65.69 Y161.715 E3295.17094
G0 F9000 X65.689 Y162.515
G0 X64.557 Y162.515
G0 X64.558 Y161.715
G1 F1500 X73.988 Y152.285 E3296.94517
G0 F9000 X74.789 Y152.285
G0 X74.789 Y151.153
G0 X73.988 Y151.153
G1 F1500 X63.427 Y161.715 E3298.93229
G0 F9000 X63.426 Y162.515
G0 X62.295 Y162.515
G0 X62.296 Y161.715
G1 F1500 X73.988 Y150.022 E3301.13221
G0 F9000 X74.789 Y150.022
G0 X74.789 Y148.891
G0 X73.988 Y148.891
G1 F1500 X61.164 Y161.715 E3303.54502
G0 F9000 X61.163 Y162.515
G0 X60.382 Y162.443
G0 X60.31 Y160.638
G0 X61.11 Y160.638
G1 F1500 X73.988 Y147.759 E3305.96808
G0 F9000 X74.789 Y147.759
G0 X74.789 Y146.628
G0 X73.988 Y146.628
G1 F1500 X61.11 Y159.507 E3308.39114
G0 F9000 X60.31 Y159.507
G0 X60.31 Y158.375
G0 X61.11 Y158.375
G1 F1500 X73.988 Y145.497 E3310.8141
G0 F9000 X74.789 Y145.497
G0 X74.789 Y144.365
G0 X73.988 Y144.365
G1 F1500 X61.11 Y157.244 E3313.23717
G0 F9000 X60.31 Y157.244
G0 X60.31 Y156.112
G0 X61.11 Y156.112
G1 F1500 X73.988 Y143.234 E3315.66013
G0 F9000 X74.789 Y143.234
G0 X74.789 Y142.103
G0 X73.988 Y142.103
G1 F1500 X61.11 Y154.981 E3318.0831
G0 F9000 X60.31 Y154.981
G0 X60.31 Y153.85
G0 X61.11 Y153.85
G1 F1500 X73.988 Y140.971 E3320.50616
G0 F9000 X74.789 Y140.971
G0 X74.789 Y139.84
G0 X73.988 Y139.84
G1 F1500 X61.11 Y152.718 E3322.92913
G0 F9000 X60.31 Y152.718
G0 X60.31 Y151.587
G0 X61.11 Y151.587
G1 F1500 X73.988 Y138.708 E3325.35219
G0 F9000 X74.789 Y138.708
G0 X74.789 Y137.577
G0 X73.988 Y137.577
G1 F1500 X61.11 Y150.456 E3327.77525
G0 F9000 X60.31 Y150.456
G0 X60.31 Y149.324
G0 X61.11 Y149.324
G1 F1500 X73.988 Y136.446 E3330.19821
G0 F9000 X74.789 Y136.446
G0 X74.789 Y135.314
G0 X73.988 Y135.314
G1 F1500 X61.11 Y148.193 E3332.62127
G0 F9000 X60.31 Y148.193
G0 X60.31 Y147.061
G0 X61.11 Y147.061
G1 F1500 X73.988 Y134.183 E3335.04424
G0 F9000 X74.789 Y134.183
G0 X74.789 Y133.052
G0 X73.988 Y133.052
G1 F1500 X61.11 Y145.93 E3337.46721
G0 F9000 X60.31 Y145.93
G0 X60.31 Y144.799
G0 X61.11 Y144.799
G1 F1500 X73.988 Y131.92 E3339.89027
G0 F9000 X74.789 Y131.92
G0 X74.789 Y130.789
G0 X73.988 Y130.789
G1 F1500 X61.11 Y143.667 E3342.31323
G0 F9000 X60.31 Y143.667
G0 X60.31 Y142.536
G0 X61.11 Y142.536
G1 F1500 X73.988 Y129.657 E3344.73629
G0 F9000 X74.789 Y129.657
G0 X74.789 Y128.526
G0 X73.988 Y128.526
G1 F1500 X61.11 Y141.405 E3347.15936
G0 F9000 X60.31 Y141.405
G0 X60.31 Y140.273
G0 X61.11 Y140.273
G1 F1500 X73.988 Y127.395 E3349.58232
G0 F9000 X74.789 Y127.395
G0 X74.789 Y126.263
G0 X73.988 Y126.263
G1 F1500 X61.11 Y139.142 E3352.00538
G0 F9000 X60.31 Y139.142
G0 X60.31 Y138.01
G0 X61.11 Y138.01
G1 F1500 X73.988 Y125.132 E3354.42835
G0 F9000 X74.789 Y125.132
G0 X74.789 Y124.001
G0 X73.988 Y124.001
G1 F1500 X61.11 Y136.879 E3356.85132
G0 F9000 X60.31 Y136.879
G0 X60.31 Y135.748
G0 X61.11 Y135.748
G1 F1500 X73.988 Y122.869 E3359.27438
G0 F9000 X74.789 Y122.869
G0 X74.789 Y121.738
G0 X73.988 Y121.738
G1 F1500 X61.11 Y134.616 E3361.69734
G0 F9000 X60.31 Y134.616
G0 X60.31 Y133.485
G0 X61.11 Y133.485
G1 F1500 X73.988 Y120.606 E3364.1204
G0 F9000 X74.789 Y120.606
G0 X74.789 Y119.475
G0 X73.988 Y119.475
G1 F1500 X61.11 Y132.354 E3366.54346
G0 F9000 X60.31 Y132.354
G0 X60.31 Y131.222
G0 X61.11 Y131.222
G1 F1500 X73.988 Y118.344 E3368.96643
G0 F9000 X74.789 Y118.344
G0 X74.789 Y117.212
G0 X73.988 Y117.212
G1 F1500 X61.11 Y130.091 E3371.38949
G0 F9000 X60.31 Y130.091
G0 X60.31 Y128.96
G0 X61.11 Y128.96
G1 F1500 X73.988 Y116.081 E3373.81255
G0 F9000 X74.789 Y116.081
G0 X74.789 Y114.95
G0 X73.988 Y114.95
G1 F1500 X61.11 Y127.828 E3376.23552
G0 F9000 X60.31 Y127.828
G0 X60.31 Y126.697
G0 X61.11 Y126.697
G1 F1500 X73.988 Y113.818 E3378.65858
G0 F9000 X74.789 Y113.818
G0 X74.789 Y112.687
G0 X73.988 Y112.687
G1 F1500 X61.11 Y125.565 E3381.08155
G0 F9000 X60.31 Y125.565
G0 X60.31 Y124.434
G0 X61.11 Y124.434
G1 F1500 X73.988 Y111.555 E3383.50461
G0 F9000 X74.789 Y111.555
G0 X74.789 Y110.424
G0 X73.988 Y110.424
G1 F1500 X61.11 Y123.303 E3385.92767
G0 F9000 X60.31 Y123.303
G0 X60.31 Y122.171
G0 X61.11 Y122.171
G1 F1500 X73.988 Y109.293 E3388.35063
G0 F9000 X74.789 Y109.293
G0 X74.789 Y108.161
G0 X73.988 Y108.161
G1 F1500 X61.11 Y121.04 E3390.77369
G0 F9000 X60.31 Y121.04
G0 X60.31 Y119.909
G0 X61.11 Y119.909
G1 F1500 X73.988 Y107.03 E3393.19675
G0 F9000 X74.789 Y107.03
G0 X74.789 Y105.899
G0 X73.988 Y105.899
G1 F1500 X61.11 Y118.777 E3395.61972
G0 F9000 X60.31 Y118.777
G0 X60.31 Y117.646
G0 X61.11 Y117.646
G1 F1500 X73.988 Y104.767 E3398.04278
G0 F9000 X74.789 Y104.767
G0 X74.789 Y103.636
G0 X73.988 Y103.636
G1 F1500 X61.11 Y116.514 E3400.46575
G0 F9000 X60.31 Y116.514
G0 X60.31 Y115.383
G0 X61.11 Y115.383
G1 F1500 X73.988 Y102.505 E3402.88871
G0 F9000 X74.789 Y102.505
G0 X74.789 Y101.373
G0 X73.988 Y101.373
G1 F1500 X61.11 Y114.252 E3405.31178
G0 F9000 X60.31 Y114.252
G0 X60.31 Y113.12
G0 X61.11 Y113.12
G1 F1500 X73.988 Y100.242 E3407.73474
G0 F9000 X74.789 Y100.242
G0 X74.789 Y99.11
G0 X73.988 Y99.11
G1 F1500 X61.11 Y111.989 E3410.1578
G0 F9000 X60.31 Y111.989
G0 X60.31 Y110.858
G0 X61.11 Y110.858
G1 F1500 X73.988 Y97.979 E3412.58086
G0 F9000 X74.789 Y97.979
G0 X74.789 Y96.848
G0 X73.988 Y96.848
G1 F1500 X61.11 Y109.726 E3415.00383
G0 F9000 X60.31 Y109.726
G0 X60.31 Y108.595
G0 X61.11 Y108.595
G1 F1500 X73.988 Y95.716 E3417.42689
G0 F9000 X74.789 Y95.716
G0 X74.789 Y94.585
G0 X73.988 Y94.585
G1 F1500 X61.11 Y107.463 E3419.84986
G0 F9000 X60.31 Y107.463
G0 X60.31 Y106.332
G0 X61.11 Y106.332
G1 F1500 X73.988 Y93.454 E3422.27282
G0 F9000 X74.789 Y93.454
G0 X74.789 Y92.322
G0 X73.988 Y92.322
G1 F1500 X61.11 Y105.201 E3424.69588
G0 F9000 X60.31 Y105.201
G0 X60.31 Y104.069
G0 X61.11 Y104.069
G1 F1500 X73.988 Y91.191 E3427.11885
G0 F9000 X74.789 Y91.191
G0 X74.789 Y90.059
G0 X73.988 Y90.059
G1 F1500 X61.11 Y102.938 E3429.54191
G0 F9000 X60.31 Y102.938
G0 X60.31 Y101.807
G0 X61.11 Y101.807
G1 F1500 X73.988 Y88.928 E3431.96497
G0 F9000 X74.789 Y88.928
G0 X74.789 Y87.797
G0 X73.988 Y87.797
G1 F1500 X61.11 Y100.675 E3434.38794
G0 F9000 X60.31 Y100.675
G0 X60.31 Y99.544
G0 X61.11 Y99.544
G1 F1500 X73.988 Y86.665 E3436.811
G0 F9000 X74.789 Y86.665
G0 X74.789 Y85.534
G0 X73.988 Y85.534
G1 F1500 X61.11 Y98.413 E3439.23406
G0 F9000 X60.31 Y98.413
G0 X60.31 Y97.281
G0 X61.11 Y97.281
G1 F1500 X73.988 Y84.403 E3441.65703
G0 F9000 X74.789 Y84.403
G0 X74.789 Y83.271
G0 X73.988 Y83.271
G1 F1500 X61.11 Y96.15 E3444.08009
G0 F9000 X60.31 Y96.15
G0 X60.31 Y95.018
G0 X61.11 Y95.018
G1 F1500 X73.988 Y82.14 E3446.50305
G0 F9000 X74.789 Y82.14
G0 X74.789 Y81.008
G0 X73.988 Y81.008
G1 F1500 X61.11 Y93.887 E3448.92611
G0 F9000 X60.31 Y93.887
G0 X60.31 Y92.756
G0 X61.11 Y92.756
G1 F1500 X73.988 Y79.877 E3451.34917
G0 F9000 X74.789 Y79.877
G0 X74.789 Y78.746
G0 X73.988 Y78.746
G1 F1500 X61.11 Y91.624 E3453.77214
G0 F9000 X60.31 Y91.624
G0 X60.31 Y90.493
G0 X61.11 Y90.493
G1 F1500 X73.988 Y77.614 E3456.1952
G0 F9000 X74.789 Y77.614
G0 X74.789 Y76.483
G0 X73.988 Y76.483
G1 F1500 X61.11 Y89.362 E3458.61826
G0 F9000 X60.31 Y89.362
G0 X60.31 Y88.23
G0 X61.11 Y88.23
G1 F1500 X73.988 Y75.352 E3461.04123
G0 F9000 X74.789 Y75.352
G0 X74.789 Y74.22
G0 X73.988 Y74.22
G1 F1500 X61.11 Y87.099 E3463.46429
G0 F9000 X60.31 Y87.099
G0 X60.31 Y85.967
G0 X61.11 Y85.967
G1 F1500 X73.988 Y73.089 E3465.88726
G0 F9000 X74.789 Y73.089
G0 X74.789 Y71.958
G0 X73.988 Y71.958
G1 F1500 X61.11 Y84.836 E3468.31022
G0 F9000 X60.31 Y84.836
G0 X60.31 Y83.705
G0 X61.11 Y83.705
G1 F1500 X73.988 Y70.826 E3470.73328
G0 F9000 X74.789 Y70.826
G0 X74.789 Y69.695
G0 X73.988 Y69.695
G1 F1500 X61.11 Y82.573 E3473.15625
G0 F9000 X60.31 Y82.573
G0 X60.31 Y81.442
G0 X61.11 Y81.442
G1 F1500 X73.988 Y68.563 E3475.57931
G0 F9000 X74.789 Y68.563
G0 X74.789 Y67.432
G0 X73.988 Y67.432
G1 F1500 X61.11 Y80.311 E3478.00237
G0 F9000 X60.31 Y80.311
G0 X60.31 Y79.179
G0 X61.11 Y79.179
G1 F1500 X73.988 Y66.301 E3480.42534
G0 F9000 X74.789 Y66.301
G0 X74.789 Y65.169
G0 X73.988 Y65.169
G1 F1500 X61.11 Y78.048 E3482.8484
G0 F9000 X60.31 Y78.048
G0 X60.31 Y76.916
G0 X61.11 Y76.916
G1 F1500 X73.988 Y64.038 E3485.27136
G0 F9000 X74.789 Y64.038
G0 X74.789 Y62.907
G0 X73.988 Y62.907
G1 F1500 X61.11 Y75.785 E3487.69433
G0 F9000 X60.31 Y75.785
G0 X60.31 Y74.654
G0 X61.11 Y74.654
G1 F1500 X73.988 Y61.775 E3490.11739
G0 F9000 X74.789 Y61.775
G0 X74.789 Y60.644
G0 X73.988 Y60.644
G1 F1500 X61.11 Y73.522 E3492.54036
G0 F9000 X60.31 Y73.522
G0 X60.31 Y72.391
G0 X61.11 Y72.391
G1 F1500 X73.988 Y59.512 E3494.96342
G0 F9000 X74.789 Y59.512
G0 X74.789 Y58.381
G0 X73.988 Y58.381
G1 F1500 X61.11 Y71.26 E3497.38648
G0 F9000 X60.31 Y71.26
G0 X60.31 Y70.128
G0 X61.11 Y70.128
G1 F1500 X72.954 Y58.284 E3499.6149
G0 F9000 X72.954 Y57.31
G0 X71.823 Y57.485
G0 X71.822 Y58.284
G1 F1500 X61.11 Y68.997 E3501.63043
G0 F9000 X60.31 Y68.997
G0 X60.31 Y67.865
G0 X61.11 Y67.865
G1 F1500 X70.691 Y58.284 E3503.43308
G0 F9000 X70.692 Y57.485
G0 X69.561 Y57.485
G0 X69.56 Y58.284
G1 F1500 X61.11 Y66.734 E3505.02293
G0 F9000 X60.31 Y66.734
G0 X60.31 Y65.603
G0 X61.11 Y65.603
G1 F1500 X68.428 Y58.284 E3506.39989
G0 F9000 X68.429 Y57.485
G0 X67.298 Y57.485
G0 X67.297 Y58.284
G1 F1500 X61.11 Y64.471 E3507.56396
G0 F9000 X60.31 Y64.471
G0 X60.31 Y63.34
G0 X61.11 Y63.34
G1 F1500 X66.166 Y58.283 E3508.51532
G0 F9000 X66.167 Y57.485
G0 X65.036 Y57.485
G0 X65.035 Y58.283
G1 F1500 X61.11 Y62.209 E3509.2539
G0 F9000 X60.31 Y62.209
G0 X60.31 Y61.077
G0 X61.11 Y61.077
G1 F1500 X63.904 Y58.283 E3509.77958
G0 F9000 X63.905 Y57.485
G0 X62.773 Y57.485
G0 X62.772 Y58.283
G1 F1500 X61.11 Y59.946 E3510.09238
G0 F9000 X60.31 Y59.946
G0 X60.31 Y58.815
G0 X61.11 Y58.815
G1 F1500 X61.641 Y58.283 E3510.19238
G0 F9000 X61.642 Y56.785
G1 F1500 E3503.69238
;MESH:zanza fissa prolunga mobile.stl(2)
G0 F9000 X74.717 Y57.382
G0 X76.279 Y162.826
G0 X80.421 Y162.826
G0 X96.7 Y162.826
;TYPE:WALL-INNER
G1 F1500 E3510.19238
G1 X96.301 Y162.826 E3510.24546
G1 X84.7 Y162.825 E3511.78887
G1 X84.7 Y163 E3511.81215
G1 X81.601 Y163 E3512.22444
G1 X81.601 Y57 E3526.32674
G1 X84.7 Y57 E3526.73903
G1 X84.7 Y57.174 E3526.76218
G1 X96.7 Y57.175 E3528.35867
G1 X96.7 Y162.427 E3542.36145
G1 X96.7 Y162.826 E3542.39577
G0 F9000 X97.5 Y163.8
G1 F1500 X97.4 Y163.8 E3542.40908
G1 X97.4 Y163.626 E3542.42713
G1 X85.5 Y163.625 E3544.01031
G1 X85.5 Y163.8 E3544.0336
G1 X80.801 Y163.8 E3544.65875
G1 X80.801 Y56.2 E3558.97392
G1 X85.5 Y56.2 E3559.59907
G1 X85.5 Y56.374 E3559.62222
G1 X97.4 Y56.375 E3561.2054
G1 X97.4 Y56.2 E3561.22869
G1 X97.5 Y56.2 E3561.24199
G1 X97.5 Y56.375 E3561.2449
G1 X97.5 Y163.626 E3575.50423
G1 X97.5 Y163.8 E3575.50713
G0 F9000 X97.83 Y164.13
G0 X98.3 Y164.6
;TYPE:WALL-OUTER
G1 F1500 X96.6 Y164.6 E3575.7333
G1 X96.6 Y164.426 E3575.75645
G1 X86.3 Y164.425 E3577.12677
G1 X86.3 Y164.6 E3577.15005
G1 X80.001 Y164.6 E3577.98807
G1 X80.001 Y55.4 E3592.5161
G1 X86.3 Y55.4 E3593.35412
G1 X86.3 Y55.574 E3593.37727
G1 X96.6 Y55.575 E3594.74759
G1 X96.6 Y55.4 E3594.77087
G1 X98.3 Y55.4 E3594.99704
G1 X98.3 Y164.6 E3609.52507
G0 F9000 X97.83 Y164.13
G0 X95.909 Y162.515
G0 X95.91 Y162.036
;TYPE:SKIN
G1 F1500 X83.91 Y162.035 E3611.12155
G1 X83.91 Y162.21 E3611.14483
G1 X82.391 Y162.21 E3611.34692
G1 X82.391 Y57.79 E3625.23902
G1 X83.91 Y57.79 E3625.4411
G1 X83.91 Y57.964 E3625.46425
G1 X95.91 Y57.965 E3627.06074
G1 X95.91 Y162.036 E3640.9064
G0 F9000 X95.105 Y161.715
G1 F1500 X95.589 Y161.231 E3640.99747
G0 F9000 X96.39 Y161.231
G0 X96.39 Y160.1
G0 X95.589 Y160.1
G1 F1500 X93.974 Y161.715 E3641.30132
G0 F9000 X93.973 Y162.515
G0 X92.842 Y162.515
G0 X92.843 Y161.715
G1 F1500 X95.589 Y158.968 E3641.81807
G0 F9000 X96.39 Y158.968
G0 X96.39 Y157.837
G0 X95.589 Y157.837
G1 F1500 X91.711 Y161.715 E3642.54771
G0 F9000 X91.71 Y162.515
G0 X90.579 Y162.515
G0 X90.58 Y161.715
G1 F1500 X95.589 Y156.706 E3643.49014
G0 F9000 X96.39 Y156.706
G0 X96.39 Y155.574
G0 X95.589 Y155.574
G1 F1500 X89.449 Y161.714 E3644.64537
G0 F9000 X89.448 Y162.515
G0 X88.317 Y162.515
G0 X88.318 Y161.714
G1 F1500 X95.589 Y154.443 E3646.01339
G0 F9000 X96.39 Y154.443
G0 X96.39 Y153.312
G0 X95.589 Y153.312
G1 F1500 X87.186 Y161.714 E3647.5943
G0 F9000 X87.185 Y162.515
G0 X86.054 Y162.515
G0 X86.055 Y161.714
G1 F1500 X95.589 Y152.18 E3649.3881
G0 F9000 X96.39 Y152.18
G0 X96.39 Y151.049
G0 X95.589 Y151.049
G1 F1500 X84.924 Y161.714 E3651.3947
G0 F9000 X84.923 Y162.515
G0 X84.36 Y162.485
G0 X83.792 Y161.714
G1 F1500 X95.589 Y149.917 E3653.61428
G0 F9000 X96.39 Y149.917
G0 X96.39 Y148.786
G0 X95.589 Y148.786
G1 F1500 X82.71 Y161.665 E3656.03743
G0 F9000 X81.911 Y161.665
G0 X81.911 Y160.533
G0 X82.71 Y160.533
G1 F1500 X95.589 Y147.655 E3658.46049
G0 F9000 X96.39 Y147.655
G0 X96.39 Y146.523
G0 X95.589 Y146.523
G1 F1500 X82.71 Y159.402 E3660.88365
G0 F9000 X81.911 Y159.402
G0 X81.911 Y158.271
G0 X82.71 Y158.271
G1 F1500 X95.589 Y145.392 E3663.3068
G0 F9000 X96.39 Y145.392
G0 X96.39 Y144.261
G0 X95.589 Y144.261
G1 F1500 X82.71 Y157.139 E3665.72986
G0 F9000 X81.911 Y157.139
G0 X81.911 Y156.008
G0 X82.71 Y156.008
G1 F1500 X95.589 Y143.129 E3668.15302
G0 F9000 X96.39 Y143.129
G0 X96.39 Y141.998
G0 X95.589 Y141.998
G1 F1500 X82.71 Y154.876 E3670.57608
G0 F9000 X81.911 Y154.876
G0 X81.911 Y153.745
G0 X82.71 Y153.745
G1 F1500 X95.589 Y140.866 E3672.99923
G0 F9000 X96.39 Y140.866
G0 X96.39 Y139.735
G0 X95.589 Y139.735
G1 F1500 X82.71 Y152.614 E3675.42239
G0 F9000 X81.911 Y152.614
G0 X81.911 Y151.482
G0 X82.71 Y151.482
G1 F1500 X95.589 Y138.604 E3677.84545
G0 F9000 X96.39 Y138.604
G0 X96.39 Y137.472
G0 X95.589 Y137.472
G1 F1500 X82.71 Y150.351 E3680.2686
G0 F9000 X81.911 Y150.351
G0 X81.911 Y149.22
G0 X82.71 Y149.22
G1 F1500 X95.589 Y136.341 E3682.69176
G0 F9000 X96.39 Y136.341
G0 X96.39 Y135.21
G0 X95.589 Y135.21
G1 F1500 X82.71 Y148.088 E3685.11482
G0 F9000 X81.911 Y148.088
G0 X81.911 Y146.957
G0 X82.71 Y146.957
G1 F1500 X95.589 Y134.078 E3687.53797
G0 F9000 X96.39 Y134.078
G0 X96.39 Y132.947
G0 X95.589 Y132.947
G1 F1500 X82.71 Y145.825 E3689.96103
G0 F9000 X81.911 Y145.825
G0 X81.911 Y144.694
G0 X82.71 Y144.694
G1 F1500 X95.589 Y131.816 E3692.38409
G0 F9000 X96.39 Y131.816
G0 X96.39 Y130.684
G0 X95.589 Y130.684
G1 F1500 X82.71 Y143.563 E3694.80725
G0 F9000 X81.911 Y143.563
G0 X81.911 Y142.431
G0 X82.71 Y142.431
G1 F1500 X95.589 Y129.553 E3697.23031
G0 F9000 X96.39 Y129.553
G0 X96.39 Y128.421
G0 X95.589 Y128.421
G1 F1500 X82.71 Y141.3 E3699.65346
G0 F9000 X81.911 Y141.3
G0 X81.911 Y140.169
G0 X82.71 Y140.169
G1 F1500 X95.589 Y127.29 E3702.07662
G0 F9000 X96.39 Y127.29
G0 X96.39 Y126.159
G0 X95.589 Y126.159
G1 F1500 X82.71 Y139.037 E3704.49968
G0 F9000 X81.911 Y139.037
G0 X81.911 Y137.906
G0 X82.71 Y137.906
G1 F1500 X95.589 Y125.027 E3706.92283
G0 F9000 X96.39 Y125.027
G0 X96.39 Y123.896
G0 X95.589 Y123.896
G1 F1500 X82.71 Y136.774 E3709.34589
G0 F9000 X81.911 Y136.774
G0 X81.911 Y135.643
G0 X82.71 Y135.643
G1 F1500 X95.589 Y122.765 E3711.76895
G0 F9000 X96.39 Y122.765
G0 X96.39 Y121.633
G0 X95.589 Y121.633
G1 F1500 X82.71 Y134.512 E3714.19211
G0 F9000 X81.911 Y134.512
G0 X81.911 Y133.38
G0 X82.71 Y133.38
G1 F1500 X95.589 Y120.502 E3716.61517
G0 F9000 X96.39 Y120.502
G0 X96.39 Y119.37
G0 X95.589 Y119.37
G1 F1500 X82.71 Y132.249 E3719.03832
G0 F9000 X81.911 Y132.249
G0 X81.911 Y131.118
G0 X82.71 Y131.118
G1 F1500 X95.589 Y118.239 E3721.46148
G0 F9000 X96.39 Y118.239
G0 X96.39 Y117.108
G0 X95.589 Y117.108
G1 F1500 X82.71 Y129.986 E3723.88454
G0 F9000 X81.911 Y129.986
G0 X81.911 Y128.855
G0 X82.71 Y128.855
G1 F1500 X95.589 Y115.976 E3726.30769
G0 F9000 X96.39 Y115.976
G0 X96.39 Y114.845
G0 X95.589 Y114.845
G1 F1500 X82.71 Y127.723 E3728.73075
G0 F9000 X81.911 Y127.723
G0 X81.911 Y126.592
G0 X82.71 Y126.592
G1 F1500 X95.589 Y113.714 E3731.15382
G0 F9000 X96.39 Y113.714
G0 X96.39 Y112.582
G0 X95.589 Y112.582
G1 F1500 X82.71 Y125.461 E3733.57697
G0 F9000 X81.911 Y125.461
G0 X81.911 Y124.329
G0 X82.71 Y124.329
G1 F1500 X95.589 Y111.451 E3736.00003
G0 F9000 X96.39 Y111.451
G0 X96.39 Y110.319
G0 X95.589 Y110.319
G1 F1500 X82.71 Y123.198 E3738.42319
G0 F9000 X81.911 Y123.198
G0 X81.911 Y122.067
G0 X82.71 Y122.067
G1 F1500 X95.589 Y109.188 E3740.84634
G0 F9000 X96.39 Y109.188
G0 X96.39 Y108.057
G0 X95.589 Y108.057
G1 F1500 X82.71 Y120.935 E3743.2694
G0 F9000 X81.911 Y120.935
G0 X81.911 Y119.804
G0 X82.71 Y119.804
G1 F1500 X95.589 Y106.925 E3745.69256
G0 F9000 X96.39 Y106.925
G0 X96.39 Y105.794
G0 X95.589 Y105.794
G1 F1500 X82.71 Y118.673 E3748.11571
G0 F9000 X81.911 Y118.673
G0 X81.911 Y117.541
G0 X82.71 Y117.541
G1 F1500 X95.589 Y104.663 E3750.53877
G0 F9000 X96.39 Y104.663
G0 X96.39 Y103.531
G0 X95.589 Y103.531
G1 F1500 X82.71 Y116.41 E3752.96193
G0 F9000 X81.911 Y116.41
G0 X81.911 Y115.278
G0 X82.71 Y115.278
G1 F1500 X95.589 Y102.4 E3755.38499
G0 F9000 X96.39 Y102.4
G0 X96.39 Y101.269
G0 X95.589 Y101.269
G1 F1500 X82.71 Y114.147 E3757.80805
G0 F9000 X81.911 Y114.147
G0 X81.911 Y113.016
G0 X82.71 Y113.016
G1 F1500 X95.589 Y100.137 E3760.2312
G0 F9000 X96.39 Y100.137
G0 X96.39 Y99.006
G0 X95.589 Y99.006
G1 F1500 X82.71 Y111.884 E3762.65426
G0 F9000 X81.911 Y111.884
G0 X81.911 Y110.753
G0 X82.71 Y110.753
G1 F1500 X95.589 Y97.874 E3765.07742
G0 F9000 X96.39 Y97.874
G0 X96.39 Y96.743
G0 X95.589 Y96.743
G1 F1500 X82.71 Y109.622 E3767.50057
G0 F9000 X81.911 Y109.622
G0 X81.911 Y108.49
G0 X82.71 Y108.49
G1 F1500 X95.589 Y95.612 E3769.92363
G0 F9000 X96.39 Y95.612
G0 X96.39 Y94.48
G0 X95.589 Y94.48
G1 F1500 X82.71 Y107.359 E3772.34679
G0 F9000 X81.911 Y107.359
G0 X81.911 Y106.227
G0 X82.71 Y106.227
G1 F1500 X95.589 Y93.349 E3774.76985
G0 F9000 X96.39 Y93.349
G0 X96.39 Y92.218
G0 X95.589 Y92.218
G1 F1500 X82.71 Y105.096 E3777.19291
G0 F9000 X81.911 Y105.096
G0 X81.911 Y103.965
G0 X82.71 Y103.965
G1 F1500 X95.589 Y91.086 E3779.61606
G0 F9000 X96.39 Y91.086
G0 X96.39 Y89.955
G0 X95.589 Y89.955
G1 F1500 X82.71 Y102.833 E3782.03912
G0 F9000 X81.911 Y102.833
G0 X81.911 Y101.702
G0 X82.71 Y101.702
G1 F1500 X95.589 Y88.823 E3784.46228
G0 F9000 X96.39 Y88.823
G0 X96.39 Y87.692
G0 X95.589 Y87.692
G1 F1500 X82.71 Y100.571 E3786.88543
G0 F9000 X81.911 Y100.571
G0 X81.911 Y99.439
G0 X82.71 Y99.439
G1 F1500 X95.589 Y86.561 E3789.30849
G0 F9000 X96.39 Y86.561
G0 X96.39 Y85.429
G0 X95.589 Y85.429
G1 F1500 X82.71 Y98.308 E3791.73165
G0 F9000 X81.911 Y98.308
G0 X81.911 Y97.176
G0 X82.71 Y97.176
G1 F1500 X95.589 Y84.298 E3794.15471
G0 F9000 X96.39 Y84.298
G0 X96.39 Y83.167
G0 X95.589 Y83.167
G1 F1500 X82.71 Y96.045 E3796.57777
G0 F9000 X81.911 Y96.045
G0 X81.911 Y94.914
G0 X82.71 Y94.914
G1 F1500 X95.589 Y82.035 E3799.00092
G0 F9000 X96.39 Y82.035
G0 X96.39 Y80.904
G0 X95.589 Y80.904
G1 F1500 X82.71 Y93.782 E3801.42398
G0 F9000 X81.911 Y93.782
G0 X81.911 Y92.651
G0 X82.71 Y92.651
G1 F1500 X95.589 Y79.772 E3803.84714
G0 F9000 X96.39 Y79.772
G0 X96.39 Y78.641
G0 X95.589 Y78.641
G1 F1500 X82.71 Y91.52 E3806.27029
G0 F9000 X81.911 Y91.52
G0 X81.911 Y90.388
G0 X82.71 Y90.388
G1 F1500 X95.589 Y77.51 E3808.69335
G0 F9000 X96.39 Y77.51
G0 X96.39 Y76.378
G0 X95.589 Y76.378
G1 F1500 X82.71 Y89.257 E3811.11651
G0 F9000 X81.911 Y89.257
G0 X81.911 Y88.126
G0 X82.71 Y88.126
G1 F1500 X95.589 Y75.247 E3813.53966
G0 F9000 X96.39 Y75.247
G0 X96.39 Y74.116
G0 X95.589 Y74.116
G1 F1500 X82.71 Y86.994 E3815.96272
G0 F9000 X81.911 Y86.994
G0 X81.911 Y85.863
G0 X82.71 Y85.863
G1 F1500 X95.589 Y72.984 E3818.38588
G0 F9000 X96.39 Y72.984
G0 X96.39 Y71.853
G0 X95.589 Y71.853
G1 F1500 X82.71 Y84.731 E3820.80894
G0 F9000 X81.911 Y84.731
G0 X81.911 Y83.6
G0 X82.71 Y83.6
G1 F1500 X95.589 Y70.721 E3823.23209
G0 F9000 X96.39 Y70.721
G0 X96.39 Y69.59
G0 X95.589 Y69.59
G1 F1500 X82.71 Y82.469 E3825.65525
G0 F9000 X81.911 Y82.469
G0 X81.911 Y81.337
G0 X82.71 Y81.337
G1 F1500 X95.589 Y68.459 E3828.07831
G0 F9000 X96.39 Y68.459
G0 X96.39 Y67.327
G0 X95.589 Y67.327
G1 F1500 X82.71 Y80.206 E3830.50146
G0 F9000 X81.911 Y80.206
G0 X81.911 Y79.075
G0 X82.71 Y79.075
G1 F1500 X95.589 Y66.196 E3832.92462
G0 F9000 X96.39 Y66.196
G0 X96.39 Y65.065
G0 X95.589 Y65.065
G1 F1500 X82.71 Y77.943 E3835.34768
G0 F9000 X81.911 Y77.943
G0 X81.911 Y76.812
G0 X82.71 Y76.812
G1 F1500 X95.589 Y63.933 E3837.77083
G0 F9000 X96.39 Y63.933
G0 X96.39 Y62.802
G0 X95.589 Y62.802
G1 F1500 X82.71 Y75.68 E3840.1939
G0 F9000 X81.911 Y75.68
G0 X81.911 Y74.549
G0 X82.71 Y74.549
G1 F1500 X95.589 Y61.671 E3842.61696
G0 F9000 X96.39 Y61.671
G0 X96.39 Y60.539
G0 X95.589 Y60.539
G1 F1500 X82.71 Y73.418 E3845.04011
G0 F9000 X81.911 Y73.418
G0 X81.911 Y72.286
G0 X82.71 Y72.286
G1 F1500 X95.589 Y59.408 E3847.46317
G0 F9000 X96.39 Y59.408
G0 X96.318 Y57.557
G0 X95.582 Y57.485
G0 X95.581 Y58.284
G1 F1500 X82.71 Y71.155 E3849.88482
G0 F9000 X81.911 Y71.155
G0 X81.911 Y70.024
G0 X82.71 Y70.024
G1 F1500 X94.45 Y58.284 E3852.09368
G0 F9000 X94.451 Y57.485
G0 X93.32 Y57.485
G0 X93.319 Y58.284
G1 F1500 X82.71 Y68.892 E3854.08964
G0 F9000 X81.911 Y68.892
G0 X81.911 Y67.761
G0 X82.71 Y67.761
G1 F1500 X92.187 Y58.284 E3855.87272
G0 F9000 X92.188 Y57.485
G0 X91.057 Y57.485
G0 X91.056 Y58.284
G1 F1500 X82.71 Y66.629 E3857.4429
G0 F9000 X81.911 Y66.629
G0 X81.911 Y65.498
G0 X82.71 Y65.498
G1 F1500 X89.924 Y58.284 E3858.8002
G0 F9000 X89.925 Y57.485
G0 X88.795 Y57.485
G0 X88.794 Y58.283
G1 F1500 X82.71 Y64.367 E3859.94489
G0 F9000 X81.911 Y64.367
G0 X81.911 Y63.235
G0 X82.71 Y63.235
G1 F1500 X87.662 Y58.283 E3860.8766
G0 F9000 X87.663 Y57.485
G0 X86.532 Y57.485
G0 X86.531 Y58.283
G1 F1500 X82.71 Y62.104 E3861.59551
G0 F9000 X81.911 Y62.104
G0 X81.911 Y60.973
G0 X82.71 Y60.973
G1 F1500 X85.4 Y58.283 E3862.10163
G0 F9000 X85.401 Y57.485
G0 X84.36 Y57.514
G0 X84.268 Y58.283
G1 F1500 X82.71 Y59.841 E3862.39476
G0 F9000 X81.911 Y59.841
G0 X81.911 Y58.71
G0 X82.71 Y58.71
G1 F1500 X83.311 Y58.11 E3862.50775
G0 F9000 X83.311 Y56.61
G1 F1500 E3856.00775
;MESH:zanza fissa prolunga mobile.stl
G0 F9000 X96.318 Y57.557
G0 X97.88 Y163
G0 X101.02 Y163
G0 X114.2 Y163
;TYPE:WALL-INNER
G1 F1500 E3862.50775
G1 X114.2 Y162.826 E3862.5309
G1 X102.2 Y162.825 E3864.12738
G1 X102.2 Y57.573 E3878.13017
G1 X102.2 Y57.174 E3878.18325
G1 X102.599 Y57.174 E3878.21757
G1 X114.2 Y57.175 E3879.76098
G1 X114.2 Y57 E3879.78426
G1 X117.299 Y57 E3880.19655
G1 X117.299 Y163 E3894.29885
G1 X114.2 Y163 E3894.71114
G0 F9000 X113.4 Y163.8
G1 F1500 X113.4 Y163.626 E3894.73429
G1 X101.5 Y163.625 E3896.31747
G1 X101.5 Y163.8 E3896.34075
G1 X101.4 Y163.8 E3896.35406
G1 X101.4 Y163.625 E3896.35697
G1 X101.4 Y56.374 E3910.6257
G1 X101.4 Y56.2 E3910.64885
G1 X101.5 Y56.2 E3910.65275
G1 X101.5 Y56.374 E3910.65565
G1 X113.4 Y56.375 E3912.23883
G1 X113.4 Y56.2 E3912.26212
G1 X118.099 Y56.2 E3912.88727
G1 X118.099 Y163.8 E3927.20244
G1 X113.4 Y163.8 E3927.82759
G0 F9000 X112.601 Y163.926
G0 X112.6 Y164.426
;TYPE:WALL-OUTER
G1 F1500 X102.3 Y164.425 E3929.19791
G1 X102.3 Y164.6 E3929.22119
G1 X100.6 Y164.6 E3929.44736
G1 X100.6 Y55.4 E3943.97539
G1 X102.3 Y55.4 E3944.20156
G1 X102.3 Y55.574 E3944.22471
G1 X112.6 Y55.575 E3945.59502
G1 X112.6 Y55.4 E3945.61831
G1 X118.899 Y55.4 E3946.45633
G1 X118.899 Y164.6 E3960.98436
G1 X112.6 Y164.6 E3961.82238
G1 X112.6 Y164.426 E3961.84553
G0 F9000 X112.601 Y163.926
G0 X114.99 Y162.69
G0 X114.99 Y162.21
;TYPE:SKIN
G1 F1500 X114.99 Y162.036 E3961.86868
G1 X102.99 Y162.035 E3963.46516
G1 X102.99 Y57.964 E3977.31083
G1 X114.99 Y57.965 E3978.90731
G1 X114.99 Y57.79 E3978.93059
G1 X116.509 Y57.79 E3979.13268
G1 X116.509 Y162.21 E3993.02478
G1 X114.99 Y162.21 E3993.22686
G0 F9000 X115.31 Y161.875
G1 F1500 X116.188 Y160.996 E3993.39215
G0 F9000 X116.989 Y160.996
G0 X116.989 Y159.865
G0 X116.188 Y159.865
G1 F1500 X114.339 Y161.714 E3993.74004
G0 F9000 X114.338 Y162.515
G0 X113.207 Y162.515
G0 X113.208 Y161.714
G1 F1500 X116.188 Y158.734 E3994.30072
G0 F9000 X116.989 Y158.734
G0 X116.989 Y157.602
G0 X116.188 Y157.602
G1 F1500 X112.077 Y161.714 E3995.07429
G0 F9000 X112.076 Y162.515
G0 X110.944 Y162.515
G0 X110.945 Y161.714
G1 F1500 X116.188 Y156.471 E3996.06075
G0 F9000 X116.989 Y156.471
G0 X116.989 Y155.34
G0 X116.188 Y155.34
G1 F1500 X109.814 Y161.714 E3997.26
G0 F9000 X109.813 Y162.515
G0 X108.682 Y162.515
G0 X108.683 Y161.714
G1 F1500 X116.188 Y154.208 E3998.67214
G0 F9000 X116.989 Y154.208
G0 X116.989 Y153.077
G0 X116.188 Y153.077
G1 F1500 X107.551 Y161.714 E4000.29717
G0 F9000 X107.55 Y162.515
G0 X106.419 Y162.515
G0 X106.42 Y161.714
G1 F1500 X116.188 Y151.945 E4002.1351
G0 F9000 X116.989 Y151.945
G0 X116.989 Y150.814
G0 X116.188 Y150.814
G1 F1500 X105.288 Y161.714 E4004.18591
G0 F9000 X105.287 Y162.515
G0 X104.156 Y162.515
G0 X104.157 Y161.714
G1 F1500 X116.188 Y149.683 E4006.44951
G0 F9000 X116.989 Y149.683
G0 X116.989 Y148.551
G0 X116.188 Y148.551
G1 F1500 X103.309 Y161.431 E4008.87276
G0 F9000 X102.51 Y161.431
G0 X102.51 Y160.299
G0 X103.309 Y160.299
G1 F1500 X116.188 Y147.42 E4011.29591
G0 F9000 X116.989 Y147.42
G0 X116.989 Y146.289
G0 X116.188 Y146.289
G1 F1500 X103.309 Y159.168 E4013.71907
G0 F9000 X102.51 Y159.168
G0 X102.51 Y158.036
G0 X103.309 Y158.036
G1 F1500 X116.188 Y145.157 E4016.14222
G0 F9000 X116.989 Y145.157
G0 X116.989 Y144.026
G0 X116.188 Y144.026
G1 F1500 X103.309 Y156.905 E4018.56538
G0 F9000 X102.51 Y156.905
G0 X102.51 Y155.774
G0 X103.309 Y155.774
G1 F1500 X116.188 Y142.894 E4020.98863
G0 F9000 X116.989 Y142.894
G0 X116.989 Y141.763
G0 X116.188 Y141.763
G1 F1500 X103.309 Y154.642 E4023.41178
G0 F9000 X102.51 Y154.642
G0 X102.51 Y153.511
G0 X103.309 Y153.511
G1 F1500 X116.188 Y140.632 E4025.83494
G0 F9000 X116.989 Y140.632
G0 X116.989 Y139.5
G0 X116.188 Y139.5
G1 F1500 X103.309 Y152.38 E4028.25819
G0 F9000 X102.51 Y152.38
G0 X102.51 Y151.248
G0 X103.309 Y151.248
G1 F1500 X116.188 Y138.369 E4030.68134
G0 F9000 X116.989 Y138.369
G0 X116.989 Y137.238
G0 X116.188 Y137.238
G1 F1500 X103.309 Y150.117 E4033.10449
G0 F9000 X102.51 Y150.117
G0 X102.51 Y148.985
G0 X103.309 Y148.985
G1 F1500 X116.188 Y136.106 E4035.52765
G0 F9000 X116.989 Y136.106
G0 X116.989 Y134.975
G0 X116.188 Y134.975
G1 F1500 X103.309 Y147.854 E4037.9508
G0 F9000 X102.51 Y147.854
G0 X102.51 Y146.723
G0 X103.309 Y146.723
G1 F1500 X116.188 Y133.843 E4040.37405
G0 F9000 X116.989 Y133.843
G0 X116.989 Y132.712
G0 X116.188 Y132.712
G1 F1500 X103.309 Y145.591 E4042.79721
G0 F9000 X102.51 Y145.591
G0 X102.51 Y144.46
G0 X103.309 Y144.46
G1 F1500 X116.188 Y131.581 E4045.22036
G0 F9000 X116.989 Y131.581
G0 X116.989 Y130.449
G0 X116.188 Y130.449
G1 F1500 X103.309 Y143.329 E4047.64361
G0 F9000 X102.51 Y143.329
G0 X102.51 Y142.197
G0 X103.309 Y142.197
G1 F1500 X116.188 Y129.318 E4050.06677
G0 F9000 X116.989 Y129.318
G0 X116.989 Y128.187
G0 X116.188 Y128.187
G1 F1500 X103.309 Y141.066 E4052.48992
G0 F9000 X102.51 Y141.066
G0 X102.51 Y139.935
G0 X103.309 Y139.935
G1 F1500 X116.188 Y127.055 E4054.91317
G0 F9000 X116.989 Y127.055
G0 X116.989 Y125.924
G0 X116.188 Y125.924
G1 F1500 X103.309 Y138.803 E4057.33632
G0 F9000 X102.51 Y138.803
G0 X102.51 Y137.672
G0 X103.309 Y137.672
G1 F1500 X116.188 Y124.793 E4059.75948
G0 F9000 X116.989 Y124.793
G0 X116.989 Y123.661
G0 X116.188 Y123.661
G1 F1500 X103.309 Y136.54 E4062.18263
G0 F9000 X102.51 Y136.54
G0 X102.51 Y135.409
G0 X103.309 Y135.409
G1 F1500 X116.188 Y122.53 E4064.60579
G0 F9000 X116.989 Y122.53
G0 X116.989 Y121.398
G0 X116.188 Y121.398
G1 F1500 X103.309 Y134.278 E4067.02904
G0 F9000 X102.51 Y134.278
G0 X102.51 Y133.146
G0 X103.309 Y133.146
G1 F1500 X116.188 Y120.267 E4069.45219
G0 F9000 X116.989 Y120.267
G0 X116.989 Y119.136
G0 X116.188 Y119.136
G1 F1500 X103.309 Y132.015 E4071.87535
G0 F9000 X102.51 Y132.015
G0 X102.51 Y130.884
G0 X103.309 Y130.884
G1 F1500 X116.188 Y118.004 E4074.29859
G0 F9000 X116.989 Y118.004
G0 X116.989 Y116.873
G0 X116.188 Y116.873
G1 F1500 X103.309 Y129.752 E4076.72175
G0 F9000 X102.51 Y129.752
G0 X102.51 Y128.621
G0 X103.309 Y128.621
G1 F1500 X116.188 Y115.742 E4079.1449
G0 F9000 X116.989 Y115.742
G0 X116.989 Y114.61
G0 X116.188 Y114.61
G1 F1500 X103.309 Y127.489 E4081.56806
G0 F9000 X102.51 Y127.489
G0 X102.51 Y126.358
G0 X103.309 Y126.358
G1 F1500 X116.188 Y113.479 E4083.99121
G0 F9000 X116.989 Y113.479
G0 X116.989 Y112.347
G0 X116.188 Y112.347
G1 F1500 X103.309 Y125.227 E4086.41446
G0 F9000 X102.51 Y125.227
G0 X102.51 Y124.095
G0 X103.309 Y124.095
G1 F1500 X116.188 Y111.216 E4088.83762
G0 F9000 X116.989 Y111.216
G0 X116.989 Y110.085
G0 X116.188 Y110.085
G1 F1500 X103.309 Y122.964 E4091.26077
G0 F9000 X102.51 Y122.964
G0 X102.51 Y121.833
G0 X103.309 Y121.833
G1 F1500 X116.188 Y108.953 E4093.68402
G0 F9000 X116.989 Y108.953
G0 X116.989 Y107.822
G0 X116.188 Y107.822
G1 F1500 X103.309 Y120.701 E4096.10718
G0 F9000 X102.51 Y120.701
G0 X102.51 Y119.57
G0 X103.309 Y119.57
G1 F1500 X116.188 Y106.691 E4098.53033
G0 F9000 X116.989 Y106.691
G0 X116.989 Y105.559
G0 X116.188 Y105.559
G1 F1500 X103.309 Y118.438 E4100.95348
G0 F9000 X102.51 Y118.438
G0 X102.51 Y117.307
G0 X103.309 Y117.307
G1 F1500 X116.188 Y104.428 E4103.37664
G0 F9000 X116.989 Y104.428
G0 X116.989 Y103.296
G0 X116.188 Y103.296
G1 F1500 X103.309 Y116.176 E4105.79989
G0 F9000 X102.51 Y116.176
G0 X102.51 Y115.044
G0 X103.309 Y115.044
G1 F1500 X116.188 Y102.165 E4108.22304
G0 F9000 X116.989 Y102.165
G0 X116.989 Y101.034
G0 X116.188 Y101.034
G1 F1500 X103.309 Y113.913 E4110.6462
G0 F9000 X102.51 Y113.913
G0 X102.51 Y112.782
G0 X103.309 Y112.782
G1 F1500 X116.188 Y99.902 E4113.06945
G0 F9000 X116.989 Y99.902
G0 X116.989 Y98.771
G0 X116.188 Y98.771
G1 F1500 X103.309 Y111.65 E4115.4926
G0 F9000 X102.51 Y111.65
G0 X102.51 Y110.519
G0 X103.309 Y110.519
G1 F1500 X116.188 Y97.64 E4117.91576
G0 F9000 X116.989 Y97.64
G0 X116.989 Y96.508
G0 X116.188 Y96.508
G1 F1500 X103.309 Y109.388 E4120.339
G0 F9000 X102.51 Y109.388
G0 X102.51 Y108.256
G0 X103.309 Y108.256
G1 F1500 X116.188 Y95.377 E4122.76216
G0 F9000 X116.989 Y95.377
G0 X116.989 Y94.246
G0 X116.188 Y94.246
G1 F1500 X103.309 Y107.125 E4125.18531
G0 F9000 X102.51 Y107.125
G0 X102.51 Y105.993
G0 X103.309 Y105.993
G1 F1500 X116.188 Y93.114 E4127.60847
G0 F9000 X116.989 Y93.114
G0 X116.989 Y91.983
G0 X116.188 Y91.983
G1 F1500 X103.309 Y104.862 E4130.03162
G0 F9000 X102.51 Y104.862
G0 X102.51 Y103.731
G0 X103.309 Y103.731
G1 F1500 X116.188 Y90.851 E4132.45487
G0 F9000 X116.989 Y90.851
G0 X116.989 Y89.72
G0 X116.188 Y89.72
G1 F1500 X103.309 Y102.599 E4134.87803
G0 F9000 X102.51 Y102.599
G0 X102.51 Y101.468
G0 X103.309 Y101.468
G1 F1500 X116.188 Y88.589 E4137.30118
G0 F9000 X116.989 Y88.589
G0 X116.989 Y87.457
G0 X116.188 Y87.457
G1 F1500 X103.309 Y100.337 E4139.72443
G0 F9000 X102.51 Y100.337
G0 X102.51 Y99.205
G0 X103.309 Y99.205
G1 F1500 X116.188 Y86.326 E4142.14758
G0 F9000 X116.989 Y86.326
G0 X116.989 Y85.195
G0 X116.188 Y85.195
G1 F1500 X103.309 Y98.074 E4144.57074
G0 F9000 X102.51 Y98.074
G0 X102.51 Y96.942
G0 X103.309 Y96.942
G1 F1500 X116.188 Y84.063 E4146.99389
G0 F9000 X116.989 Y84.063
G0 X116.989 Y82.932
G0 X116.188 Y82.932
G1 F1500 X103.309 Y95.811 E4149.41705
G0 F9000 X102.51 Y95.811
G0 X102.51 Y94.68
G0 X103.309 Y94.68
G1 F1500 X116.188 Y81.8 E4151.8403
G0 F9000 X116.989 Y81.8
G0 X116.989 Y80.669
G0 X116.188 Y80.669
G1 F1500 X103.309 Y93.548 E4154.26345
G0 F9000 X102.51 Y93.548
G0 X102.51 Y92.417
G0 X103.309 Y92.417
G1 F1500 X116.188 Y79.538 E4156.68661
G0 F9000 X116.989 Y79.538
G0 X116.989 Y78.406
G0 X116.188 Y78.406
G1 F1500 X103.309 Y91.286 E4159.10986
G0 F9000 X102.51 Y91.286
G0 X102.51 Y90.154
G0 X103.309 Y90.154
G92 E0
G1 F1500 X116.188 Y77.275 E2.42315
G0 F9000 X116.989 Y77.275
G0 X116.989 Y76.144
G0 X116.188 Y76.144
G1 F1500 X103.309 Y89.023 E4.84631
G0 F9000 X102.51 Y89.023
G0 X102.51 Y87.891
G0 X103.309 Y87.891
G1 F1500 X116.188 Y75.012 E7.26946
G0 F9000 X116.989 Y75.012
G0 X116.989 Y73.881
G0 X116.188 Y73.881
G1 F1500 X103.309 Y86.76 E9.69262
G0 F9000 X102.51 Y86.76
G0 X102.51 Y85.629
G0 X103.309 Y85.629
G1 F1500 X116.188 Y72.749 E12.11587
G0 F9000 X116.989 Y72.749
G0 X116.989 Y71.618
G0 X116.188 Y71.618
G1 F1500 X103.309 Y84.497 E14.53902
G0 F9000 X102.51 Y84.497
G0 X102.51 Y83.366
G0 X103.309 Y83.366
G1 F1500 X116.188 Y70.487 E16.96218
G0 F9000 X116.989 Y70.487
G0 X116.989 Y69.355
G0 X116.188 Y69.355
G1 F1500 X103.309 Y82.235 E19.38543
G0 F9000 X102.51 Y82.235
G0 X102.51 Y81.103
G0 X103.309 Y81.103
G1 F1500 X116.188 Y68.224 E21.80858
G0 F9000 X116.989 Y68.224
G0 X116.989 Y67.093
G0 X116.188 Y67.093
G1 F1500 X103.309 Y79.972 E24.23174
G0 F9000 X102.51 Y79.972
G0 X102.51 Y78.84
G0 X103.309 Y78.84
G1 F1500 X116.188 Y65.961 E26.65489
G0 F9000 X116.989 Y65.961
G0 X116.989 Y64.83
G0 X116.188 Y64.83
G1 F1500 X103.309 Y77.709 E29.07804
G0 F9000 X102.51 Y77.709
G0 X102.51 Y76.578
G0 X103.309 Y76.578
G1 F1500 X116.188 Y63.699 E31.5012
G0 F9000 X116.989 Y63.699
G0 X116.989 Y62.567
G0 X116.188 Y62.567
G1 F1500 X103.309 Y75.446 E33.92435
G0 F9000 X102.51 Y75.446
G0 X102.51 Y74.315
G0 X103.309 Y74.315
G1 F1500 X116.188 Y61.436 E36.34751
G0 F9000 X116.989 Y61.436
G0 X116.989 Y60.304
G0 X116.188 Y60.304
G1 F1500 X103.309 Y73.184 E38.77076
G0 F9000 X102.51 Y73.184
G0 X102.51 Y72.052
G0 X103.309 Y72.052
G1 F1500 X116.188 Y59.173 E41.19391
G0 F9000 X116.989 Y59.173
G0 X116.917 Y57.382
G0 X116.121 Y57.31
G0 X116.121 Y58.11
G1 F1500 X103.309 Y70.921 E43.60437
G0 F9000 X102.51 Y70.921
G0 X102.51 Y69.79
G0 X103.309 Y69.79
G1 F1500 X114.815 Y58.284 E45.76919
G0 F9000 X114.54 Y57.515
G0 X113.684 Y57.485
G0 X113.683 Y58.284
G1 F1500 X103.309 Y68.658 E47.72104
G0 F9000 X102.51 Y68.658
G0 X102.51 Y67.527
G0 X103.309 Y67.527
G1 F1500 X112.552 Y58.284 E49.46009
G0 F9000 X112.553 Y57.485
G0 X111.421 Y57.485
G0 X111.42 Y58.284
G1 F1500 X103.309 Y66.395 E50.98616
G0 F9000 X102.51 Y66.395
G0 X102.51 Y65.264
G0 X103.309 Y65.264
G1 F1500 X110.289 Y58.284 E52.29943
G0 F9000 X110.29 Y57.485
G0 X109.159 Y57.485
G0 X109.158 Y58.283
G1 F1500 X103.309 Y64.133 E53.4
G0 F9000 X102.51 Y64.133
G0 X102.51 Y63.001
G0 X103.309 Y63.001
G1 F1500 X108.027 Y58.283 E54.28768
G0 F9000 X108.028 Y57.485
G0 X106.897 Y57.485
G0 X106.896 Y58.283
G1 F1500 X103.309 Y61.87 E54.96256
G0 F9000 X102.51 Y61.87
G0 X102.51 Y60.739
G0 X103.309 Y60.739
G1 F1500 X105.764 Y58.283 E55.42456
G0 F9000 X105.765 Y57.485
G0 X104.634 Y57.485
G0 X104.633 Y58.283
G1 F1500 X103.309 Y59.607 E55.67367
G0 F9000 X102.51 Y59.607
G0 X102.51 Y58.476
G0 X103.309 Y58.476
G1 F1500 X103.502 Y58.283 E55.70998
G0 F9000 X103.503 Y56.785
G1 F1500 E49.20998
;MESH:zanza fissa prolunga mobile.stl(1)
G0 F9000 X116.917 Y57.382
G0 X118.479 Y162.825
G0 X122.12 Y162.825
G0 X123.3 Y162.825
;TYPE:WALL-INNER
G1 F1500 E55.70998
G1 X123.3 Y57.573 E69.71276
G1 X123.3 Y57.174 E69.76585
G1 X123.699 Y57.174 E69.80017
G1 X135.3 Y57.175 E71.34357
G1 X135.3 Y57 E71.36686
G1 X138.399 Y57 E71.77915
G1 X138.399 Y163 E85.88145
G1 X135.3 Y163 E86.29374
G1 X135.3 Y162.826 E86.31689
G1 X123.3 Y162.825 E87.91337
G0 F9000 X122.6 Y163.8
G1 F1500 X122.5 Y163.8 E87.92668
G1 X122.5 Y163.625 E87.94487
G1 X122.5 Y56.374 E102.2136
G1 X122.5 Y56.2 E102.23675
G1 X122.6 Y56.2 E102.24066
G1 X122.6 Y56.374 E102.24355
G1 X134.5 Y56.375 E103.82674
G1 X134.5 Y56.2 E103.85002
G1 X139.199 Y56.2 E104.47518
G1 X139.199 Y163.8 E118.79034
G1 X134.5 Y163.8 E119.4155
G1 X134.5 Y163.626 E119.43864
G1 X122.6 Y163.625 E121.02183
G1 X122.6 Y163.8 E121.02474
G0 F9000 X123.401 Y163.926
G0 X123.4 Y164.425
;TYPE:WALL-OUTER
G1 F1500 X123.4 Y164.6 E121.04802
G1 X121.7 Y164.6 E121.27419
G1 X121.7 Y55.4 E135.80222
G1 X123.4 Y55.4 E136.02839
G1 X123.4 Y55.574 E136.05154
G1 X133.7 Y55.575 E137.42185
G1 X133.7 Y55.4 E137.44514
G1 X139.999 Y55.4 E138.28316
G1 X139.999 Y164.6 E152.81119
G1 X133.7 Y164.6 E153.64921
G1 X133.7 Y164.426 E153.67236
G1 X123.4 Y164.425 E155.04267
G0 F9000 X123.401 Y163.926
G0 X123.61 Y162.035
G0 X124.09 Y162.035
;TYPE:SKIN
G1 F1500 X124.09 Y57.964 E168.88834
G1 X136.09 Y57.965 E170.48482
G1 X136.09 Y57.79 E170.50811
G1 X137.609 Y57.79 E170.71019
G1 X137.609 Y162.21 E184.60229
G1 X136.09 Y162.21 E184.80438
G1 X136.09 Y162.036 E184.82752
G1 X124.09 Y162.035 E186.42401
G0 F9000 X123.61 Y162.035
G0 X123.682 Y162.443
G0 X136.792 Y162.69
G0 X136.792 Y161.889
G1 F1500 X137.288 Y161.393 E186.51733
G0 F9000 X138.089 Y161.393
G0 X138.089 Y160.262
G0 X137.288 Y160.262
G1 F1500 X135.835 Y161.715 E186.79071
G0 F9000 X135.64 Y162.486
G0 X134.702 Y162.515
G0 X134.703 Y161.715
G1 F1500 X137.288 Y159.13 E187.27707
G0 F9000 X138.089 Y159.13
G0 X138.089 Y157.999
G0 X137.288 Y157.999
G1 F1500 X133.572 Y161.715 E187.97623
G0 F9000 X133.571 Y162.515
G0 X132.44 Y162.515
G0 X132.441 Y161.715
G1 F1500 X137.288 Y156.868 E188.88818
G0 F9000 X138.089 Y156.868
G0 X138.089 Y155.736
G0 X137.288 Y155.736
G1 F1500 X131.309 Y161.715 E190.01312
G0 F9000 X131.308 Y162.515
G0 X130.178 Y162.515
G0 X130.179 Y161.714
G1 F1500 X137.288 Y154.605 E191.35066
G0 F9000 X138.089 Y154.605
G0 X138.089 Y153.473
G0 X137.288 Y153.473
G1 F1500 X129.047 Y161.714 E192.90118
G0 F9000 X129.046 Y162.515
G0 X127.915 Y162.515
G0 X127.916 Y161.714
G1 F1500 X137.288 Y152.342 E194.66451
G0 F9000 X138.089 Y152.342
G0 X138.089 Y151.211
G0 X137.288 Y151.211
G1 F1500 X126.784 Y161.714 E196.64072
G0 F9000 X126.783 Y162.515
G0 X125.652 Y162.515
G0 X125.653 Y161.714
G1 F1500 X137.288 Y150.079 E198.82981
G0 F9000 X138.089 Y150.079
G0 X138.089 Y148.948
G0 X137.288 Y148.948
G1 F1500 X124.522 Y161.714 E201.23171
G0 F9000 X124.521 Y162.515
G0 X123.682 Y162.443
G0 X123.61 Y160.695
G0 X124.409 Y160.695
G1 F1500 X137.288 Y147.817 E203.65477
G0 F9000 X138.089 Y147.817
G0 X138.089 Y146.685
G0 X137.288 Y146.685
G1 F1500 X124.409 Y159.564 E206.07792
G0 F9000 X123.61 Y159.564
G0 X123.61 Y158.432
G0 X124.409 Y158.432
G1 F1500 X137.288 Y145.554 E208.50098
G0 F9000 X138.089 Y145.554
G0 X138.089 Y144.423
G0 X137.288 Y144.423
G1 F1500 X124.409 Y157.301 E210.92404
G0 F9000 X123.61 Y157.301
G0 X123.61 Y156.17
G0 X124.409 Y156.17
G1 F1500 X137.288 Y143.291 E213.3472
G0 F9000 X138.089 Y143.291
G0 X138.089 Y142.16
G0 X137.288 Y142.16
G1 F1500 X124.409 Y155.038 E215.77026
G0 F9000 X123.61 Y155.038
G0 X123.61 Y153.907
G0 X124.409 Y153.907
G1 F1500 X137.288 Y141.028 E218.19341
G0 F9000 X138.089 Y141.028
G0 X138.089 Y139.897
G0 X137.288 Y139.897
G1 F1500 X124.409 Y152.776 E220.61657
G0 F9000 X123.61 Y152.776
G0 X123.61 Y151.644
G0 X124.409 Y151.644
G1 F1500 X137.288 Y138.766 E223.03963
G0 F9000 X138.089 Y138.766
G0 X138.089 Y137.634
G0 X137.288 Y137.634
G1 F1500 X124.409 Y150.513 E225.46278
G0 F9000 X123.61 Y150.513
G0 X123.61 Y149.381
G0 X124.409 Y149.381
G1 F1500 X137.288 Y136.503 E227.88585
G0 F9000 X138.089 Y136.503
G0 X138.089 Y135.372
G0 X137.288 Y135.372
G1 F1500 X124.409 Y148.25 E230.30891
G0 F9000 X123.61 Y148.25
G0 X123.61 Y147.119
G0 X124.409 Y147.119
G1 F1500 X137.288 Y134.24 E232.73206
G0 F9000 X138.089 Y134.24
G0 X138.089 Y133.109
G0 X137.288 Y133.109
G1 F1500 X124.409 Y145.987 E235.15512
G0 F9000 X123.61 Y145.987
G0 X123.61 Y144.856
G0 X124.409 Y144.856
G1 F1500 X137.288 Y131.977 E237.57828
G0 F9000 X138.089 Y131.977
G0 X138.089 Y130.846
G0 X137.288 Y130.846
G1 F1500 X124.409 Y143.725 E240.00143
G0 F9000 X123.61 Y143.725
G0 X123.61 Y142.593
G0 X124.409 Y142.593
G1 F1500 X137.288 Y129.715 E242.42449
G0 F9000 X138.089 Y129.715
G0 X138.089 Y128.583
G0 X137.288 Y128.583
G1 F1500 X124.409 Y141.462 E244.84765
G0 F9000 X123.61 Y141.462
G0 X123.61 Y140.33
G0 X124.409 Y140.33
G1 F1500 X137.288 Y127.452 E247.27071
G0 F9000 X138.089 Y127.452
G0 X138.089 Y126.321
G0 X137.288 Y126.321
G1 F1500 X124.409 Y139.199 E249.69377
G0 F9000 X123.61 Y139.199
G0 X123.61 Y138.068
G0 X124.409 Y138.068
G1 F1500 X137.288 Y125.189 E252.11692
G0 F9000 X138.089 Y125.189
G0 X138.089 Y124.058
G0 X137.288 Y124.058
G1 F1500 X124.409 Y136.936 E254.53998
G0 F9000 X123.61 Y136.936
G0 X123.61 Y135.805
G0 X124.409 Y135.805
G1 F1500 X137.288 Y122.926 E256.96314
G0 F9000 X138.089 Y122.926
G0 X138.089 Y121.795
G0 X137.288 Y121.795
G1 F1500 X124.409 Y134.674 E259.38629
G0 F9000 X123.61 Y134.674
G0 X123.61 Y133.542
G0 X124.409 Y133.542
G1 F1500 X137.288 Y120.664 E261.80935
G0 F9000 X138.089 Y120.664
G0 X138.089 Y119.532
G0 X137.288 Y119.532
G1 F1500 X124.409 Y132.411 E264.23251
G0 F9000 X123.61 Y132.411
G0 X123.61 Y131.28
G0 X124.409 Y131.28
G1 F1500 X137.288 Y118.401 E266.65566
G0 F9000 X138.089 Y118.401
G0 X138.089 Y117.27
G0 X137.288 Y117.27
G1 F1500 X124.409 Y130.148 E269.07872
G0 F9000 X123.61 Y130.148
G0 X123.61 Y129.017
G0 X124.409 Y129.017
G1 F1500 X137.288 Y116.138 E271.50188
G0 F9000 X138.089 Y116.138
G0 X138.089 Y115.007
G0 X137.288 Y115.007
G1 F1500 X124.409 Y127.885 E273.92494
G0 F9000 X123.61 Y127.885
G0 X123.61 Y126.754
G0 X124.409 Y126.754
G1 F1500 X137.288 Y113.876 E276.348
G0 F9000 X138.089 Y113.876
G0 X138.089 Y112.744
G0 X137.288 Y112.744
G1 F1500 X124.409 Y125.623 E278.77115
G0 F9000 X123.61 Y125.623
G0 X123.61 Y124.491
G0 X124.409 Y124.491
G1 F1500 X137.288 Y111.613 E281.19421
G0 F9000 X138.089 Y111.613
G0 X138.089 Y110.481
G0 X137.288 Y110.481
G1 F1500 X124.409 Y123.36 E283.61737
G0 F9000 X123.61 Y123.36
G0 X123.61 Y122.229
G0 X124.409 Y122.229
G1 F1500 X137.288 Y109.35 E286.04052
G0 F9000 X138.089 Y109.35
G0 X138.089 Y108.219
G0 X137.288 Y108.219
G1 F1500 X124.409 Y121.097 E288.46358
G0 F9000 X123.61 Y121.097
G0 X123.61 Y119.966
G0 X124.409 Y119.966
G1 F1500 X137.288 Y107.087 E290.88674
G0 F9000 X138.089 Y107.087
G0 X138.089 Y105.956
G0 X137.288 Y105.956
G1 F1500 X124.409 Y118.834 E293.3098
G0 F9000 X123.61 Y118.834
G0 X123.61 Y117.703
G0 X124.409 Y117.703
G1 F1500 X137.288 Y104.825 E295.73286
G0 F9000 X138.089 Y104.825
G0 X138.089 Y103.693
G0 X137.288 Y103.693
G1 F1500 X124.409 Y116.572 E298.15601
G0 F9000 X123.61 Y116.572
G0 X123.61 Y115.44
G0 X124.409 Y115.44
G1 F1500 X137.288 Y102.562 E300.57908
G0 F9000 X138.089 Y102.562
G0 X138.089 Y101.43
G0 X137.288 Y101.43
G1 F1500 X124.409 Y114.309 E303.00223
G0 F9000 X123.61 Y114.309
G0 X123.61 Y113.178
G0 X124.409 Y113.178
G1 F1500 X137.288 Y100.299 E305.42538
G0 F9000 X138.089 Y100.299
G0 X138.089 Y99.168
G0 X137.288 Y99.168
G1 F1500 X124.409 Y112.046 E307.84845
G0 F9000 X123.61 Y112.046
G0 X123.61 Y110.915
G0 X124.409 Y110.915
G1 F1500 X137.288 Y98.036 E310.2716
G0 F9000 X138.089 Y98.036
G0 X138.089 Y96.905
G0 X137.288 Y96.905
G1 F1500 X124.409 Y109.783 E312.69466
G0 F9000 X123.61 Y109.783
G0 X123.61 Y108.652
G0 X124.409 Y108.652
G1 F1500 X137.288 Y95.774 E315.11772
G0 F9000 X138.089 Y95.774
G0 X138.089 Y94.642
G0 X137.288 Y94.642
G1 F1500 X124.409 Y107.521 E317.54088
G0 F9000 X123.61 Y107.521
G0 X123.61 Y106.389
G0 X124.409 Y106.389
G1 F1500 X137.288 Y93.511 E319.96394
G0 F9000 X138.089 Y93.511
G0 X138.089 Y92.379
G0 X137.288 Y92.379
G1 F1500 X124.409 Y105.258 E322.38709
G0 F9000 X123.61 Y105.258
G0 X123.61 Y104.127
G0 X124.409 Y104.127
G1 F1500 X137.288 Y91.248 E324.81025
G0 F9000 X138.089 Y91.248
G0 X138.089 Y90.117
G0 X137.288 Y90.117
G1 F1500 X124.409 Y102.995 E327.23331
G0 F9000 X123.61 Y102.995
G0 X123.61 Y101.864
G0 X124.409 Y101.864
G1 F1500 X137.288 Y88.985 E329.65646
G0 F9000 X138.089 Y88.985
G0 X138.089 Y87.854
G0 X137.288 Y87.854
G1 F1500 X124.409 Y100.733 E332.07962
G0 F9000 X123.61 Y100.733
G0 X123.61 Y99.601
G0 X124.409 Y99.601
G1 F1500 X137.288 Y86.723 E334.50268
G0 F9000 X138.089 Y86.723
G0 X138.089 Y85.591
G0 X137.288 Y85.591
G1 F1500 X124.409 Y98.47 E336.92583
G0 F9000 X123.61 Y98.47
G0 X123.61 Y97.338
G0 X124.409 Y97.338
G1 F1500 X137.288 Y84.46 E339.34889
G0 F9000 X138.089 Y84.46
G0 X138.089 Y83.328
G0 X137.288 Y83.328
G1 F1500 X124.409 Y96.207 E341.77205
G0 F9000 X123.61 Y96.207
G0 X123.61 Y95.076
G0 X124.409 Y95.076
G1 F1500 X137.288 Y82.197 E344.1952
G0 F9000 X138.089 Y82.197
G0 X138.089 Y81.066
G0 X137.288 Y81.066
G1 F1500 X124.409 Y93.944 E346.61826
G0 F9000 X123.61 Y93.944
G0 X123.61 Y92.813
G0 X124.409 Y92.813
G1 F1500 X137.288 Y79.934 E349.04142
G0 F9000 X138.089 Y79.934
G0 X138.089 Y78.803
G0 X137.288 Y78.803
G1 F1500 X124.409 Y91.682 E351.46457
G0 F9000 X123.61 Y91.682
G0 X123.61 Y90.55
G0 X124.409 Y90.55
G1 F1500 X137.288 Y77.672 E353.88763
G0 F9000 X138.089 Y77.672
G0 X138.089 Y76.54
G0 X137.288 Y76.54
G1 F1500 X124.409 Y89.419 E356.31079
G0 F9000 X123.61 Y89.419
G0 X123.61 Y88.287
G0 X124.409 Y88.287
G1 F1500 X137.288 Y75.409 E358.73385
G0 F9000 X138.089 Y75.409
G0 X138.089 Y74.278
G0 X137.288 Y74.278
G1 F1500 X124.409 Y87.156 E361.15691
G0 F9000 X123.61 Y87.156
G0 X123.61 Y86.025
G0 X124.409 Y86.025
G1 F1500 X137.288 Y73.146 E363.58006
G0 F9000 X138.089 Y73.146
G0 X138.089 Y72.015
G0 X137.288 Y72.015
G1 F1500 X124.409 Y84.893 E366.00312
G0 F9000 X123.61 Y84.893
G0 X123.61 Y83.762
G0 X124.409 Y83.762
G1 F1500 X137.288 Y70.883 E368.42628
G0 F9000 X138.089 Y70.883
G0 X138.089 Y69.752
G0 X137.288 Y69.752
G1 F1500 X124.409 Y82.631 E370.84943
G0 F9000 X123.61 Y82.631
G0 X123.61 Y81.499
G0 X124.409 Y81.499
G1 F1500 X137.288 Y68.621 E373.27249
G0 F9000 X138.089 Y68.621
G0 X138.089 Y67.489
G0 X137.288 Y67.489
G1 F1500 X124.409 Y80.368 E375.69565
G0 F9000 X123.61 Y80.368
G0 X123.61 Y79.236
G0 X124.409 Y79.236
G1 F1500 X137.288 Y66.358 E378.11871
G0 F9000 X138.089 Y66.358
G0 X138.089 Y65.227
G0 X137.288 Y65.227
G1 F1500 X124.409 Y78.105 E380.54177
G0 F9000 X123.61 Y78.105
G0 X123.61 Y76.974
G0 X124.409 Y76.974
G1 F1500 X137.288 Y64.095 E382.96492
G0 F9000 X138.089 Y64.095
G0 X138.089 Y62.964
G0 X137.288 Y62.964
G1 F1500 X124.409 Y75.842 E385.38798
G0 F9000 X123.61 Y75.842
G0 X123.61 Y74.711
G0 X124.409 Y74.711
G1 F1500 X137.288 Y61.832 E387.81114
G0 F9000 X138.089 Y61.832
G0 X138.089 Y60.701
G0 X137.288 Y60.701
G1 F1500 X124.409 Y73.58 E390.23429
G0 F9000 X123.61 Y73.58
G0 X123.61 Y72.448
G0 X124.409 Y72.448
G1 F1500 X137.288 Y59.57 E392.65735
G0 F9000 X138.089 Y59.57
G0 X138.089 Y58.438
G0 X137.288 Y58.438
G1 F1500 X124.409 Y71.317 E395.08051
G0 F9000 X123.61 Y71.317
G0 X123.61 Y70.186
G0 X124.409 Y70.186
G1 F1500 X136.311 Y58.284 E397.31984
G0 F9000 X136.311 Y57.31
G0 X135.18 Y57.485
G0 X135.179 Y58.284
G1 F1500 X124.409 Y69.054 E399.34619
G0 F9000 X123.61 Y69.054
G0 X123.61 Y67.923
G0 X124.409 Y67.923
G1 F1500 X134.048 Y58.284 E401.15975
G0 F9000 X134.049 Y57.485
G0 X132.917 Y57.485
G0 X132.916 Y58.284
G1 F1500 X124.409 Y66.791 E402.76032
G0 F9000 X123.61 Y66.791
G0 X123.61 Y65.66
G0 X124.409 Y65.66
G1 F1500 X131.785 Y58.284 E404.1481
G0 F9000 X131.786 Y57.485
G0 X130.655 Y57.485
G0 X130.654 Y58.284
G1 F1500 X124.409 Y64.529 E405.32308
G0 F9000 X123.61 Y64.529
G0 X123.61 Y63.397
G0 X124.409 Y63.397
G1 F1500 X129.523 Y58.283 E406.28527
G0 F9000 X129.524 Y57.485
G0 X128.393 Y57.485
G0 X128.392 Y58.283
G1 F1500 X124.409 Y62.266 E407.03466
G0 F9000 X123.61 Y62.266
G0 X123.61 Y61.135
G0 X124.409 Y61.135
G1 F1500 X127.26 Y58.283 E407.57117
G0 F9000 X127.261 Y57.485
G0 X126.13 Y57.485
G0 X126.129 Y58.283
G1 F1500 X124.409 Y60.003 E407.89478
G0 F9000 X123.61 Y60.003
G0 X123.61 Y58.872
G0 X124.409 Y58.872
G1 F1500 X124.998 Y58.283 E408.0056
G0 F9000 X124.999 Y56.785
G1 F1500 E401.5056
;MESH:zanza fissa prolunga mobile.stl(4)
G0 F9000 X138.017 Y57.382
G0 X139.579 Y162.825
G0 X143.22 Y162.825
G0 X144.4 Y162.825
;TYPE:WALL-INNER
G1 F1500 E408.0056
G1 X144.4 Y57.573 E422.00838
G1 X144.4 Y57.174 E422.06147
G1 X144.799 Y57.174 E422.09579
G1 X156.4 Y57.175 E423.63919
G1 X156.4 Y57 E423.66248
G1 X159.499 Y57 E424.07477
G1 X159.499 Y163 E438.17707
G1 X156.4 Y163 E438.58936
G1 X156.4 Y162.826 E438.61251
G1 X144.4 Y162.825 E440.20899
G0 F9000 X143.7 Y163.8
G1 F1500 X143.6 Y163.8 E440.2223
G1 X143.6 Y163.625 E440.24049
G1 X143.6 Y56.374 E454.50922
G1 X143.6 Y56.2 E454.53237
G1 X143.7 Y56.2 E454.53628
G1 X143.7 Y56.374 E454.53917
G1 X155.6 Y56.375 E456.12236
G1 X155.6 Y56.2 E456.14564
G1 X160.299 Y56.2 E456.7708
G1 X160.299 Y163.8 E471.08596
G1 X155.6 Y163.8 E471.71111
G1 X155.6 Y163.626 E471.73426
G1 X143.7 Y163.625 E473.31745
G1 X143.7 Y163.8 E473.32036
G0 F9000 X144.501 Y163.926
G0 X144.5 Y164.425
;TYPE:WALL-OUTER
G1 F1500 X144.5 Y164.6 E473.34364
G1 X142.8 Y164.6 E473.56981
G1 X142.8 Y55.4 E488.09784
G1 X144.5 Y55.4 E488.32401
G1 X144.5 Y55.574 E488.34716
G1 X154.8 Y55.575 E489.71747
G1 X154.8 Y55.4 E489.74076
G1 X161.099 Y55.4 E490.57878
G1 X161.099 Y164.6 E505.10681
G1 X154.8 Y164.6 E505.94483
G1 X154.8 Y164.426 E505.96798
G1 X144.5 Y164.425 E507.33829
G0 F9000 X144.501 Y163.926
G0 X144.71 Y162.035
G0 X145.19 Y162.035
;TYPE:SKIN
G1 F1500 X145.19 Y57.964 E521.18396
G1 X157.19 Y57.965 E522.78044
G1 X157.19 Y57.79 E522.80372
G1 X158.709 Y57.79 E523.00581
G1 X158.709 Y162.21 E536.89791
G1 X157.19 Y162.21 E537.1
G1 X157.19 Y162.036 E537.12314
G1 X145.19 Y162.035 E538.71963
G0 F9000 X144.71 Y162.035
G0 X144.782 Y162.443
G0 X156.74 Y162.486
G0 X157.331 Y161.715
G1 F1500 X158.388 Y160.658 E538.9185
G0 F9000 X159.189 Y160.658
G0 X159.189 Y159.526
G0 X158.388 Y159.526
G1 F1500 X156.199 Y161.715 E539.33036
G0 F9000 X156.198 Y162.515
G0 X155.067 Y162.515
G0 X155.068 Y161.715
G1 F1500 X158.388 Y158.395 E539.95501
G0 F9000 X159.189 Y158.395
G0 X159.189 Y157.264
G0 X158.388 Y157.264
G1 F1500 X153.937 Y161.715 E540.79245
G0 F9000 X153.936 Y162.515
G0 X152.804 Y162.515
G0 X152.805 Y161.715
G1 F1500 X158.388 Y156.132 E541.84288
G0 F9000 X159.189 Y156.132
G0 X159.189 Y155.001
G0 X158.388 Y155.001
G1 F1500 X151.674 Y161.715 E543.10611
G0 F9000 X151.673 Y162.515
G0 X150.542 Y162.515
G0 X150.543 Y161.714
G1 F1500 X158.388 Y153.869 E544.58213
G0 F9000 X159.189 Y153.869
G0 X159.189 Y152.738
G0 X158.388 Y152.738
G1 F1500 X149.412 Y161.714 E546.27094
G0 F9000 X149.411 Y162.515
G0 X148.279 Y162.515
G0 X148.28 Y161.714
G1 F1500 X158.388 Y151.607 E548.17264
G0 F9000 X159.189 Y151.607
G0 X159.189 Y150.475
G0 X158.388 Y150.475
G1 F1500 X147.149 Y161.714 E550.28724
G0 F9000 X147.148 Y162.515
G0 X146.017 Y162.515
G0 X146.018 Y161.714
G1 F1500 X158.388 Y149.344 E552.61462
G0 F9000 X159.189 Y149.344
G0 X159.189 Y148.213
G0 X158.388 Y148.213
G1 F1500 X145.509 Y161.091 E555.03768
G0 F9000 X144.71 Y161.091
G0 X144.71 Y159.96
G0 X145.509 Y159.96
G1 F1500 X158.388 Y147.081 E557.46084
G0 F9000 X159.189 Y147.081
G0 X159.189 Y145.95
G0 X158.388 Y145.95
G1 F1500 X145.509 Y158.828 E559.8839
G0 F9000 X144.71 Y158.828
G0 X144.71 Y157.697
G0 X145.509 Y157.697
G1 F1500 X158.388 Y144.819 E562.30696
G0 F9000 X159.189 Y144.819
G0 X159.189 Y143.687
G0 X158.388 Y143.687
G1 F1500 X145.509 Y156.566 E564.73011
G0 F9000 X144.71 Y156.566
G0 X144.71 Y155.434
G0 X145.509 Y155.434
G1 F1500 X158.388 Y142.556 E567.15318
G0 F9000 X159.189 Y142.556
G0 X159.189 Y141.424
G0 X158.388 Y141.424
G1 F1500 X145.509 Y154.303 E569.57633
G0 F9000 X144.71 Y154.303
G0 X144.71 Y153.172
G0 X145.509 Y153.172
G1 F1500 X158.388 Y140.293 E571.99948
G0 F9000 X159.189 Y140.293
G0 X159.189 Y139.162
G0 X158.388 Y139.162
G1 F1500 X145.509 Y152.04 E574.42255
G0 F9000 X144.71 Y152.04
G0 X144.71 Y150.909
G0 X145.509 Y150.909
G1 F1500 X158.388 Y138.03 E576.8457
G0 F9000 X159.189 Y138.03
G0 X159.189 Y136.899
G0 X158.388 Y136.899
G1 F1500 X145.509 Y149.777 E579.26876
G0 F9000 X144.71 Y149.777
G0 X144.71 Y148.646
G0 X145.509 Y148.646
G1 F1500 X158.388 Y135.768 E581.69182
G0 F9000 X159.189 Y135.768
G0 X159.189 Y134.636
G0 X158.388 Y134.636
G1 F1500 X145.509 Y147.515 E584.11498
G0 F9000 X144.71 Y147.515
G0 X144.71 Y146.383
G0 X145.509 Y146.383
G1 F1500 X158.388 Y133.505 E586.53804
G0 F9000 X159.189 Y133.505
G0 X159.189 Y132.373
G0 X158.388 Y132.373
G1 F1500 X145.509 Y145.252 E588.96119
G0 F9000 X144.71 Y145.252
G0 X144.71 Y144.121
G0 X145.509 Y144.121
G1 F1500 X158.388 Y131.242 E591.38435
G0 F9000 X159.189 Y131.242
G0 X159.189 Y130.111
G0 X158.388 Y130.111
G1 F1500 X145.509 Y142.989 E593.80741
G0 F9000 X144.71 Y142.989
G0 X144.71 Y141.858
G0 X145.509 Y141.858
G1 F1500 X158.388 Y128.979 E596.23056
G0 F9000 X159.189 Y128.979
G0 X159.189 Y127.848
G0 X158.388 Y127.848
G1 F1500 X145.509 Y140.726 E598.65362
G0 F9000 X144.71 Y140.726
G0 X144.71 Y139.595
G0 X145.509 Y139.595
G1 F1500 X158.388 Y126.717 E601.07668
G0 F9000 X159.189 Y126.717
G0 X159.189 Y125.585
G0 X158.388 Y125.585
G1 F1500 X145.509 Y138.464 E603.49984
G0 F9000 X144.71 Y138.464
G0 X144.71 Y137.332
G0 X145.509 Y137.332
G1 F1500 X158.388 Y124.454 E605.9229
G0 F9000 X159.189 Y124.454
G0 X159.189 Y123.322
G0 X158.388 Y123.322
G1 F1500 X145.509 Y136.201 E608.34605
G0 F9000 X144.71 Y136.201
G0 X144.71 Y135.07
G0 X145.509 Y135.07
G1 F1500 X158.388 Y122.191 E610.76921
G0 F9000 X159.189 Y122.191
G0 X159.189 Y121.06
G0 X158.388 Y121.06
G1 F1500 X145.509 Y133.938 E613.19227
G0 F9000 X144.71 Y133.938
G0 X144.71 Y132.807
G0 X145.509 Y132.807
G1 F1500 X158.388 Y119.928 E615.61542
G0 F9000 X159.189 Y119.928
G0 X159.189 Y118.797
G0 X158.388 Y118.797
G1 F1500 X145.509 Y131.676 E618.03858
G0 F9000 X144.71 Y131.676
G0 X144.71 Y130.544
G0 X145.509 Y130.544
G1 F1500 X158.388 Y117.666 E620.46164
G0 F9000 X159.189 Y117.666
G0 X159.189 Y116.534
G0 X158.388 Y116.534
G1 F1500 X145.509 Y129.413 E622.88479
G0 F9000 X144.71 Y129.413
G0 X144.71 Y128.281
G0 X145.509 Y128.281
G1 F1500 X158.388 Y115.403 E625.30785
G0 F9000 X159.189 Y115.403
G0 X159.189 Y114.271
G0 X158.388 Y114.271
G1 F1500 X145.509 Y127.15 E627.73101
G0 F9000 X144.71 Y127.15
G0 X144.71 Y126.019
G0 X145.509 Y126.019
G1 F1500 X158.388 Y113.14 E630.15416
G0 F9000 X159.189 Y113.14
G0 X159.189 Y112.009
G0 X158.388 Y112.009
G1 F1500 X145.509 Y124.887 E632.57722
G0 F9000 X144.71 Y124.887
G0 X144.71 Y123.756
G0 X145.509 Y123.756
G1 F1500 X158.388 Y110.877 E635.00038
G0 F9000 X159.189 Y110.877
G0 X159.189 Y109.747
G0 X158.387 Y109.747
G1 F1500 X145.509 Y122.625 E637.42334
G0 F9000 X144.71 Y122.625
G0 X144.71 Y121.493
G0 X145.509 Y121.493
G1 F1500 X158.387 Y108.615 E639.84631
G0 F9000 X159.189 Y108.615
G0 X159.189 Y107.484
G0 X158.387 Y107.484
G1 F1500 X145.509 Y120.362 E642.26928
G0 F9000 X144.71 Y120.362
G0 X144.71 Y119.23
G0 X145.509 Y119.23
G1 F1500 X158.387 Y106.353 E644.69215
G0 F9000 X159.189 Y106.353
G0 X159.189 Y105.221
G0 X158.387 Y105.221
G1 F1500 X145.509 Y118.099 E647.11512
G0 F9000 X144.71 Y118.099
G0 X144.71 Y116.968
G0 X145.509 Y116.968
G1 F1500 X158.387 Y104.09 E649.53808
G0 F9000 X159.189 Y104.09
G0 X159.189 Y102.958
G0 X158.387 Y102.958
G1 F1500 X145.509 Y115.836 E651.96105
G0 F9000 X144.71 Y115.836
G0 X144.71 Y114.705
G0 X145.509 Y114.705
G1 F1500 X158.387 Y101.827 E654.38402
G0 F9000 X159.189 Y101.827
G0 X159.189 Y100.696
G0 X158.387 Y100.696
G1 F1500 X145.509 Y113.574 E656.80698
G0 F9000 X144.71 Y113.574
G0 X144.71 Y112.442
G0 X145.509 Y112.442
G1 F1500 X158.387 Y99.564 E659.22995
G0 F9000 X159.189 Y99.564
G0 X159.189 Y98.433
G0 X158.387 Y98.433
G1 F1500 X145.509 Y111.311 E661.65292
G0 F9000 X144.71 Y111.311
G0 X144.71 Y110.179
G0 X145.509 Y110.179
G1 F1500 X158.387 Y97.302 E664.07579
G0 F9000 X159.189 Y97.302
G0 X159.189 Y96.17
G0 X158.387 Y96.17
G1 F1500 X145.509 Y109.048 E666.49875
G0 F9000 X144.71 Y109.048
G0 X144.71 Y107.917
G0 X145.509 Y107.917
G1 F1500 X158.387 Y95.039 E668.92172
G0 F9000 X159.189 Y95.039
G0 X159.189 Y93.908
G0 X158.387 Y93.908
G1 F1500 X145.509 Y106.785 E671.34459
G0 F9000 X144.71 Y106.785
G0 X144.71 Y105.654
G0 X145.509 Y105.654
G1 F1500 X158.387 Y92.776 E673.76756
G0 F9000 X159.189 Y92.776
G0 X159.189 Y91.645
G0 X158.387 Y91.645
G1 F1500 X145.509 Y104.523 E676.19053
G0 F9000 X144.71 Y104.523
G0 X144.71 Y103.391
G0 X145.509 Y103.391
G1 F1500 X158.387 Y90.513 E678.61349
G0 F9000 X159.189 Y90.513
G0 X159.189 Y89.382
G0 X158.387 Y89.382
G1 F1500 X145.509 Y102.26 E681.03646
G0 F9000 X144.71 Y102.26
G0 X144.71 Y101.128
G0 X145.509 Y101.128
G1 F1500 X158.387 Y88.251 E683.45933
G0 F9000 X159.189 Y88.251
G0 X159.189 Y87.119
G0 X158.387 Y87.119
G1 F1500 X145.509 Y99.997 E685.8823
G0 F9000 X144.71 Y99.997
G0 X144.71 Y98.866
G0 X145.509 Y98.866
G1 F1500 X158.387 Y85.988 E688.30527
G0 F9000 X159.189 Y85.988
G0 X159.189 Y84.857
G0 X158.387 Y84.857
G1 F1500 X145.509 Y97.734 E690.72814
G0 F9000 X144.71 Y97.734
G0 X144.71 Y96.603
G0 X145.509 Y96.603
G1 F1500 X158.387 Y83.725 E693.1511
G0 F9000 X159.189 Y83.725
G0 X159.189 Y82.594
G0 X158.387 Y82.594
G1 F1500 X145.509 Y95.472 E695.57407
G0 F9000 X144.71 Y95.472
G0 X144.71 Y94.34
G0 X145.509 Y94.34
G1 F1500 X158.387 Y81.462 E697.99704
G0 F9000 X159.189 Y81.462
G0 X159.189 Y80.331
G0 X158.387 Y80.331
G1 F1500 X145.509 Y93.209 E700.42
G0 F9000 X144.71 Y93.209
G0 X144.71 Y92.078
G0 X145.509 Y92.078
G1 F1500 X158.387 Y79.2 E702.84297
G0 F9000 X159.189 Y79.2
G0 X159.189 Y78.068
G0 X158.387 Y78.068
G1 F1500 X145.509 Y90.946 E705.26594
G0 F9000 X144.71 Y90.946
G0 X144.71 Y89.815
G0 X145.509 Y89.815
G1 F1500 X158.387 Y76.937 E707.6889
G0 F9000 X159.189 Y76.937
G0 X159.189 Y75.806
G0 X158.387 Y75.806
G1 F1500 X145.509 Y88.683 E710.11178
G0 F9000 X144.71 Y88.683
G0 X144.71 Y87.552
G0 X145.509 Y87.552
G1 F1500 X158.387 Y74.674 E712.53474
G0 F9000 X159.189 Y74.674
G0 X159.189 Y73.543
G0 X158.387 Y73.543
G1 F1500 X145.509 Y86.421 E714.95771
G0 F9000 X144.71 Y86.421
G0 X144.71 Y85.289
G0 X145.509 Y85.289
G1 F1500 X158.387 Y72.411 E717.38068
G0 F9000 X159.189 Y72.411
G0 X159.189 Y71.28
G0 X158.387 Y71.28
G1 F1500 X145.509 Y84.158 E719.80364
G0 F9000 X144.71 Y84.158
G0 X144.71 Y83.027
G0 X145.509 Y83.027
G1 F1500 X158.387 Y70.149 E722.22661
G0 F9000 X159.189 Y70.149
G0 X159.189 Y69.017
G0 X158.387 Y69.017
G1 F1500 X145.509 Y81.895 E724.64958
G0 F9000 X144.71 Y81.895
G0 X144.71 Y80.764
G0 X145.509 Y80.764
G1 F1500 X158.387 Y67.886 E727.07254
G0 F9000 X159.189 Y67.886
G0 X159.189 Y66.755
G0 X158.387 Y66.755
G1 F1500 X145.509 Y79.632 E729.49541
G0 F9000 X144.71 Y79.632
G0 X144.71 Y78.501
G0 X145.509 Y78.501
G1 F1500 X158.387 Y65.623 E731.91838
G0 F9000 X159.189 Y65.623
G0 X159.189 Y64.492
G0 X158.387 Y64.492
G1 F1500 X145.509 Y77.37 E734.34135
G0 F9000 X144.71 Y77.37
G0 X144.71 Y76.238
G0 X145.509 Y76.238
G1 F1500 X158.387 Y63.361 E736.76422
G0 F9000 X159.189 Y63.361
G0 X159.189 Y62.229
G0 X158.387 Y62.229
G1 F1500 X145.509 Y75.107 E739.18719
G0 F9000 X144.71 Y75.107
G0 X144.71 Y73.976
G0 X145.509 Y73.976
G1 F1500 X158.387 Y61.098 E741.61015
G0 F9000 X159.189 Y61.098
G0 X159.189 Y59.966
G0 X158.387 Y59.966
G1 F1500 X145.509 Y72.844 E744.03312
G0 F9000 X144.71 Y72.844
G0 X144.71 Y71.713
G0 X145.509 Y71.713
G1 F1500 X158.387 Y58.835 E746.45609
G0 F9000 X157.981 Y58.11
G1 F1500 X145.509 Y70.581 E748.80257
G0 F9000 X144.71 Y70.581
G0 X144.71 Y69.45
G0 X145.509 Y69.45
G1 F1500 X156.675 Y58.284 E750.90343
G0 F9000 X156.676 Y57.485
G0 X155.545 Y57.485
G0 X155.544 Y58.284
G1 F1500 X145.509 Y68.319 E752.79149
G0 F9000 X144.71 Y68.319
G0 X144.71 Y67.187
G0 X145.509 Y67.187
G1 F1500 X154.413 Y58.284 E754.46666
G0 F9000 X154.414 Y57.485
G0 X153.282 Y57.485
G0 X153.281 Y58.284
G1 F1500 X145.509 Y66.056 E755.92895
G0 F9000 X144.71 Y66.056
G0 X144.71 Y64.925
G0 X145.509 Y64.925
G1 F1500 X152.15 Y58.284 E757.17844
G0 F9000 X152.151 Y57.485
G0 X151.02 Y57.485
G0 X151.019 Y58.283
G1 F1500 X145.509 Y63.793 E758.21513
G0 F9000 X144.71 Y63.793
G0 X144.71 Y62.662
G0 X145.509 Y62.662
G1 F1500 X149.888 Y58.283 E759.03903
G0 F9000 X149.889 Y57.485
G0 X148.757 Y57.485
G0 X148.756 Y58.283
G1 F1500 X145.509 Y61.531 E759.65004
G0 F9000 X144.71 Y61.531
G0 X144.71 Y60.399
G0 X145.509 Y60.399
G1 F1500 X147.625 Y58.283 E760.04816
G0 F9000 X147.626 Y57.485
G0 X146.495 Y57.485
G0 X146.494 Y58.283
G1 F1500 X145.509 Y59.268 E760.23349
G0 F9000 X144.01 Y59.268
G1 F1500 E753.73349
;MESH:zanza fissa prolunga mobile.stl(5)
G0 F9000 X144.782 Y57.556
G0 X156.782 Y57.382
G0 X159.117 Y57.382
G0 X160.679 Y162.825
G0 X164.32 Y162.825
G0 X165.5 Y162.825
;TYPE:WALL-INNER
G1 F1500 E760.23349
G1 X165.5 Y57.573 E774.23627
G1 X165.5 Y57.174 E774.28935
G1 X165.899 Y57.174 E774.32368
G1 X177.5 Y57.175 E775.86708
G1 X177.5 Y57 E775.89036
G1 X180.599 Y57 E776.30266
G1 X180.599 Y163 E790.40495
G1 X177.5 Y163 E790.81725
G1 X177.5 Y162.826 E790.84039
G1 X165.5 Y162.825 E792.43688
G0 F9000 X164.8 Y163.8
G1 F1500 X164.7 Y163.8 E792.45018
G1 X164.7 Y163.625 E792.46838
G1 X164.7 Y56.374 E806.73711
G1 X164.7 Y56.2 E806.76026
G1 X164.8 Y56.2 E806.76416
G1 X164.8 Y56.374 E806.76706
G1 X176.7 Y56.375 E808.35024
G1 X176.7 Y56.2 E808.37352
G1 X181.399 Y56.2 E808.99868
G1 X181.399 Y163.8 E823.31384
G1 X176.7 Y163.8 E823.939
G1 X176.7 Y163.626 E823.96215
G1 X164.8 Y163.625 E825.54533
G1 X164.8 Y163.8 E825.54825
G0 F9000 X165.601 Y163.926
G0 X165.6 Y164.425
;TYPE:WALL-OUTER
G1 F1500 X165.6 Y164.6 E825.57153
G1 X163.9 Y164.6 E825.7977
G1 X163.9 Y55.4 E840.32572
G1 X165.6 Y55.4 E840.55189
G1 X165.6 Y55.574 E840.57504
G1 X175.9 Y55.575 E841.94536
G1 X175.9 Y55.4 E841.96864
G1 X182.199 Y55.4 E842.80666
G1 X182.199 Y164.6 E857.33469
G1 X175.9 Y164.6 E858.17271
G1 X175.9 Y164.426 E858.19586
G1 X165.6 Y164.425 E859.56618
G0 F9000 X165.601 Y163.926
G0 X165.81 Y162.035
G0 X166.29 Y162.035
;TYPE:SKIN
G1 F1500 X166.29 Y57.964 E873.41184
G1 X178.29 Y57.965 E875.00833
G1 X178.29 Y57.79 E875.03161
G1 X179.809 Y57.79 E875.2337
G1 X179.809 Y162.21 E889.12579
G1 X178.29 Y162.21 E889.32788
G1 X178.29 Y162.036 E889.35103
G1 X166.29 Y162.035 E890.94752
G0 F9000 X165.81 Y162.035
G0 X165.882 Y162.443
G0 X177.882 Y162.618
G0 X180.217 Y162.618
G0 X180.289 Y161.054
G0 X179.487 Y161.054
G1 F1500 X178.652 Y161.889 E891.10462
G0 F9000 X177.695 Y161.716
G1 F1500 X179.487 Y159.923 E891.44188
G0 F9000 X180.289 Y159.923
G0 X180.289 Y158.792
G0 X179.487 Y158.792
G1 F1500 X176.563 Y161.716 E891.99202
G0 F9000 X176.562 Y162.515
G0 X175.431 Y162.515
G0 X175.432 Y161.716
G1 F1500 X179.487 Y157.66 E892.75505
G0 F9000 X180.289 Y157.66
G0 X180.289 Y156.529
G0 X179.487 Y156.529
G1 F1500 X174.301 Y161.716 E893.73088
G0 F9000 X174.3 Y162.515
G0 X173.168 Y162.515
G0 X173.169 Y161.716
G1 F1500 X179.487 Y155.398 E894.9196
G0 F9000 X180.289 Y155.398
G0 X180.289 Y154.266
G0 X179.487 Y154.266
G1 F1500 X172.039 Y161.715 E896.32102
G0 F9000 X172.038 Y162.515
G0 X170.906 Y162.515
G0 X170.907 Y161.715
G1 F1500 X179.487 Y153.135 E897.93532
G0 F9000 X180.289 Y153.135
G0 X180.289 Y152.003
G0 X179.487 Y152.003
G1 F1500 X169.776 Y161.715 E899.76252
G0 F9000 X169.775 Y162.515
G0 X168.643 Y162.515
G0 X168.644 Y161.715
G1 F1500 X179.487 Y150.872 E901.80261
G0 F9000 X180.289 Y150.872
G0 X180.289 Y149.741
G0 X179.487 Y149.741
G1 F1500 X167.513 Y161.715 E904.05549
G0 F9000 X166.609 Y161.487
G1 F1500 X179.487 Y148.609 E906.47845
G0 F9000 X180.289 Y148.609
G0 X180.289 Y147.478
G0 X179.487 Y147.478
G1 F1500 X166.609 Y160.356 E908.90142
G0 F9000 X165.81 Y160.356
G0 X165.81 Y159.224
G0 X166.609 Y159.224
G1 F1500 X179.487 Y146.347 E911.32429
G0 F9000 X180.289 Y146.347
G0 X180.289 Y145.215
G0 X179.487 Y145.215
G1 F1500 X166.609 Y158.093 E913.74726
G0 F9000 X165.81 Y158.093
G0 X165.81 Y156.962
G0 X166.609 Y156.962
G1 F1500 X179.487 Y144.084 E916.17023
G0 F9000 X180.289 Y144.084
G0 X180.289 Y142.952
G0 X179.487 Y142.952
G1 F1500 X166.609 Y155.83 E918.59319
G0 F9000 X165.81 Y155.83
G0 X165.81 Y154.699
G0 X166.609 Y154.699
G1 F1500 X179.487 Y141.821 E921.01616
G0 F9000 X180.289 Y141.821
G0 X180.289 Y140.69
G0 X179.487 Y140.69
G1 F1500 X166.609 Y153.568 E923.43913
G0 F9000 X165.81 Y153.568
G0 X165.81 Y152.436
G0 X166.609 Y152.436
G1 F1500 X179.487 Y139.558 E925.86209
G0 F9000 X180.289 Y139.558
G0 X180.289 Y138.427
G0 X179.487 Y138.427
G1 F1500 X166.609 Y151.305 E928.28506
G0 F9000 X165.81 Y151.305
G0 X165.81 Y150.173
G0 X166.609 Y150.173
G1 F1500 X179.487 Y137.296 E930.70793
G0 F9000 X180.289 Y137.296
G0 X180.289 Y136.164
G0 X179.487 Y136.164
G1 F1500 X166.609 Y149.042 E933.1309
G0 F9000 X165.81 Y149.042
G0 X165.81 Y147.911
G0 X166.609 Y147.911
G1 F1500 X179.487 Y135.033 E935.55386
G0 F9000 X180.289 Y135.033
G0 X180.289 Y133.901
G0 X179.487 Y133.901
G1 F1500 X166.609 Y146.779 E937.97683
G0 F9000 X165.81 Y146.779
G0 X165.81 Y145.648
G0 X166.609 Y145.648
G1 F1500 X179.487 Y132.77 E940.3998
G0 F9000 X180.289 Y132.77
G0 X180.289 Y131.639
G0 X179.487 Y131.639
G1 F1500 X166.609 Y144.517 E942.82276
G0 F9000 X165.81 Y144.517
G0 X165.81 Y143.385
G0 X166.609 Y143.385
G1 F1500 X179.487 Y130.507 E945.24573
G0 F9000 X180.289 Y130.507
G0 X180.289 Y129.376
G0 X179.487 Y129.376
G1 F1500 X166.609 Y142.254 E947.6687
G0 F9000 X165.81 Y142.254
G0 X165.81 Y141.122
G0 X166.609 Y141.122
G1 F1500 X179.487 Y128.245 E950.09157
G0 F9000 X180.289 Y128.245
G0 X180.289 Y127.113
G0 X179.487 Y127.113
G1 F1500 X166.609 Y139.991 E952.51454
G0 F9000 X165.81 Y139.991
G0 X165.81 Y138.86
G0 X166.609 Y138.86
G1 F1500 X179.487 Y125.982 E954.9375
G0 F9000 X180.289 Y125.982
G0 X180.289 Y124.851
G0 X179.487 Y124.851
G1 F1500 X166.609 Y137.728 E957.36038
G0 F9000 X165.81 Y137.728
G0 X165.81 Y136.597
G0 X166.609 Y136.597
G1 F1500 X179.487 Y123.719 E959.78334
G0 F9000 X180.289 Y123.719
G0 X180.289 Y122.588
G0 X179.487 Y122.588
G1 F1500 X166.609 Y135.466 E962.20631
G0 F9000 X165.81 Y135.466
G0 X165.81 Y134.334
G0 X166.609 Y134.334
G1 F1500 X179.487 Y121.456 E964.62928
G0 F9000 X180.289 Y121.456
G0 X180.289 Y120.325
G0 X179.487 Y120.325
G1 F1500 X166.609 Y133.203 E967.05224
G0 F9000 X165.81 Y133.203
G0 X165.81 Y132.071
G0 X166.609 Y132.071
G1 F1500 X179.487 Y119.194 E969.47511
G0 F9000 X180.289 Y119.194
G0 X180.289 Y118.062
G0 X179.487 Y118.062
G1 F1500 X166.609 Y130.94 E971.89808
G0 F9000 X165.81 Y130.94
G0 X165.81 Y129.809
G0 X166.609 Y129.809
G1 F1500 X179.487 Y116.931 E974.32105
G0 F9000 X180.289 Y116.931
G0 X180.289 Y115.8
G0 X179.487 Y115.8
G1 F1500 X166.609 Y128.677 E976.74392
G0 F9000 X165.81 Y128.677
G0 X165.81 Y127.546
G0 X166.609 Y127.546
G1 F1500 X179.487 Y114.668 E979.16689
G0 F9000 X180.289 Y114.668
G0 X180.289 Y113.537
G0 X179.487 Y113.537
G1 F1500 X166.609 Y126.415 E981.58985
G0 F9000 X165.81 Y126.415
G0 X165.81 Y125.283
G0 X166.609 Y125.283
G1 F1500 X179.487 Y112.405 E984.01282
G0 F9000 X180.289 Y112.405
G0 X180.289 Y111.274
G0 X179.487 Y111.274
G1 F1500 X166.609 Y124.152 E986.43579
G0 F9000 X165.81 Y124.152
G0 X165.81 Y123.021
G0 X166.609 Y123.021
G1 F1500 X179.487 Y110.143 E988.85875
G0 F9000 X180.289 Y110.143
G0 X180.289 Y109.011
G0 X179.487 Y109.011
G1 F1500 X166.609 Y121.889 E991.28172
G0 F9000 X165.81 Y121.889
G0 X165.81 Y120.758
G0 X166.609 Y120.758
G1 F1500 X179.487 Y107.88 E993.70469
G0 F9000 X180.289 Y107.88
G0 X180.289 Y106.749
G0 X179.487 Y106.749
G1 F1500 X166.609 Y119.626 E996.12756
G0 F9000 X165.81 Y119.626
G0 X165.81 Y118.495
G0 X166.609 Y118.495
G1 F1500 X179.487 Y105.617 E998.55052
G0 F9000 X180.289 Y105.617
G0 X180.289 Y104.486
G0 X179.487 Y104.486
G1 F1500 X166.609 Y117.364 E1000.97349
G0 F9000 X165.81 Y117.364
G0 X165.81 Y116.232
G0 X166.609 Y116.232
G1 F1500 X179.487 Y103.354 E1003.39646
G0 F9000 X180.289 Y103.354
G0 X180.289 Y102.223
G0 X179.487 Y102.223
G1 F1500 X166.609 Y115.101 E1005.81942
G0 F9000 X165.81 Y115.101
G0 X165.81 Y113.97
G0 X166.609 Y113.97
G1 F1500 X179.487 Y101.092 E1008.24239
G0 F9000 X180.289 Y101.092
G0 X180.289 Y99.96
G0 X179.487 Y99.96
G1 F1500 X166.609 Y112.838 E1010.66536
G0 F9000 X165.81 Y112.838
G0 X165.81 Y111.707
G0 X166.609 Y111.707
G1 F1500 X179.487 Y98.829 E1013.08832
G0 F9000 X180.289 Y98.829
G0 X180.289 Y97.698
G0 X179.487 Y97.698
G1 F1500 X166.609 Y110.575 E1015.5112
G0 F9000 X165.81 Y110.575
G0 X165.81 Y109.444
G0 X166.609 Y109.444
G1 F1500 X179.487 Y96.566 E1017.93416
G0 F9000 X180.289 Y96.566
G0 X180.289 Y95.435
G0 X179.487 Y95.435
G1 F1500 X166.609 Y108.313 E1020.35713
G0 F9000 X165.81 Y108.313
G0 X165.81 Y107.181
G0 X166.609 Y107.181
G1 F1500 X179.487 Y94.304 E1022.78
G0 F9000 X180.289 Y94.304
G0 X180.289 Y93.172
G0 X179.487 Y93.172
G1 F1500 X166.609 Y106.05 E1025.20297
G0 F9000 X165.81 Y106.05
G0 X165.81 Y104.919
G0 X166.609 Y104.919
G1 F1500 X179.487 Y92.041 E1027.62594
G0 F9000 X180.289 Y92.041
G0 X180.289 Y90.909
G0 X179.487 Y90.909
G1 F1500 X166.609 Y103.787 E1030.0489
G0 F9000 X165.81 Y103.787
G0 X165.81 Y102.656
G0 X166.609 Y102.656
G1 F1500 X179.487 Y89.778 E1032.47187
G0 F9000 X180.289 Y89.778
G0 X180.289 Y88.647
G0 X179.487 Y88.647
G1 F1500 X166.609 Y101.524 E1034.89474
G0 F9000 X165.81 Y101.524
G0 X165.81 Y100.393
G0 X166.609 Y100.393
G1 F1500 X179.487 Y87.515 E1037.31771
G0 F9000 X180.289 Y87.515
G0 X180.289 Y86.384
G0 X179.487 Y86.384
G1 F1500 X166.609 Y99.262 E1039.74067
G0 F9000 X165.81 Y99.262
G0 X165.81 Y98.13
G0 X166.609 Y98.13
G1 F1500 X179.487 Y85.253 E1042.16355
G0 F9000 X180.289 Y85.253
G0 X180.289 Y84.121
G0 X179.487 Y84.121
G1 F1500 X166.609 Y96.999 E1044.58651
G0 F9000 X165.81 Y96.999
G0 X165.81 Y95.868
G0 X166.609 Y95.868
G1 F1500 X179.487 Y82.99 E1047.00948
G0 F9000 X180.289 Y82.99
G0 X180.289 Y81.858
G0 X179.487 Y81.858
G1 F1500 X166.609 Y94.736 E1049.43245
G0 F9000 X165.81 Y94.736
G0 X165.81 Y93.605
G0 X166.609 Y93.605
G1 F1500 X179.487 Y80.727 E1051.85541
G0 F9000 X180.289 Y80.727
G0 X180.289 Y79.596
G0 X179.487 Y79.596
G1 F1500 X166.609 Y92.474 E1054.27838
G0 F9000 X165.81 Y92.474
G0 X165.81 Y91.342
G0 X166.609 Y91.342
G1 F1500 X179.487 Y78.464 E1056.70135
G0 F9000 X180.289 Y78.464
G0 X180.289 Y77.333
G0 X179.487 Y77.333
G1 F1500 X166.609 Y90.211 E1059.12431
G0 F9000 X165.81 Y90.211
G0 X165.81 Y89.079
G0 X166.609 Y89.079
G1 F1500 X179.487 Y76.202 E1061.54718
G0 F9000 X180.289 Y76.202
G0 X180.289 Y75.07
G0 X179.487 Y75.07
G1 F1500 X166.609 Y87.948 E1063.97015
G0 F9000 X165.81 Y87.948
G0 X165.81 Y86.817
G0 X166.609 Y86.817
G1 F1500 X179.487 Y73.939 E1066.39312
G0 F9000 X180.289 Y73.939
G0 X180.289 Y72.807
G0 X179.487 Y72.807
G1 F1500 X166.609 Y85.685 E1068.81608
G0 F9000 X165.81 Y85.685
G0 X165.81 Y84.554
G0 X166.609 Y84.554
G1 F1500 X179.487 Y71.676 E1071.23905
G0 F9000 X180.289 Y71.676
G0 X180.289 Y70.545
G0 X179.487 Y70.545
G1 F1500 X166.609 Y83.423 E1073.66202
G0 F9000 X165.81 Y83.423
G0 X165.81 Y82.291
G0 X166.609 Y82.291
G1 F1500 X179.487 Y69.413 E1076.08498
G0 F9000 X180.289 Y69.413
G0 X180.289 Y68.282
G0 X179.487 Y68.282
G1 F1500 X166.609 Y81.16 E1078.50795
G0 F9000 X165.81 Y81.16
G0 X165.81 Y80.028
G0 X166.609 Y80.028
G1 F1500 X179.487 Y67.151 E1080.93082
G0 F9000 X180.289 Y67.151
G0 X180.289 Y66.019
G0 X179.487 Y66.019
G1 F1500 X166.609 Y78.897 E1083.35379
G0 F9000 X165.81 Y78.897
G0 X165.81 Y77.766
G0 X166.609 Y77.766
G1 F1500 X179.487 Y64.888 E1085.77676
G0 F9000 X180.289 Y64.888
G0 X180.289 Y63.756
G0 X179.487 Y63.756
G1 F1500 X166.609 Y76.634 E1088.19972
G0 F9000 X165.81 Y76.634
G0 X165.81 Y75.503
G0 X166.609 Y75.503
G1 F1500 X179.487 Y62.625 E1090.62269
G0 F9000 X180.289 Y62.625
G0 X180.289 Y61.494
G0 X179.487 Y61.494
G1 F1500 X166.609 Y74.372 E1093.04566
G0 F9000 X165.81 Y74.372
G0 X165.81 Y73.24
G0 X166.609 Y73.24
G1 F1500 X179.487 Y60.362 E1095.46862
G0 F9000 X180.289 Y60.362
G0 X180.289 Y59.231
G0 X179.487 Y59.231
G1 F1500 X166.609 Y72.109 E1097.89159
G0 F9000 X165.81 Y72.109
G0 X165.81 Y70.977
G0 X166.609 Y70.977
G1 F1500 X179.477 Y58.11 E1100.31258
G0 F9000 X179.477 Y57.31
G0 X177.882 Y57.382
G0 X178.171 Y58.284
G1 F1500 X166.609 Y69.846 E1102.48794
G0 F9000 X165.81 Y69.846
G0 X165.81 Y68.715
G0 X166.609 Y68.715
G1 F1500 X177.04 Y58.284 E1104.45051
G0 F9000 X177.041 Y57.485
G0 X175.91 Y57.485
G0 X175.909 Y58.284
G1 F1500 X166.609 Y67.583 E1106.20019
G0 F9000 X165.81 Y67.583
G0 X165.81 Y66.452
G0 X166.609 Y66.452
G1 F1500 X174.777 Y58.284 E1107.73698
G0 F9000 X174.778 Y57.485
G0 X173.647 Y57.485
G0 X173.646 Y58.284
G1 F1500 X166.609 Y65.321 E1109.06098
G0 F9000 X165.81 Y65.321
G0 X165.81 Y64.189
G0 X166.609 Y64.189
G1 F1500 X172.515 Y58.283 E1110.17218
G0 F9000 X172.516 Y57.485
G0 X171.385 Y57.485
G0 X171.384 Y58.283
G1 F1500 X166.609 Y63.058 E1111.07059
G0 F9000 X165.81 Y63.058
G0 X165.81 Y61.926
G0 X166.609 Y61.926
G1 F1500 X170.252 Y58.283 E1111.75601
G0 F9000 X170.253 Y57.485
G0 X169.122 Y57.485
G0 X169.121 Y58.283
G1 F1500 X166.609 Y60.795 E1112.22863
G0 F9000 X165.81 Y60.795
G0 X165.81 Y59.664
G0 X166.609 Y59.664
G1 F1500 X167.99 Y58.283 E1112.48847
G0 F9000 X167.991 Y57.485
G0 X166.859 Y57.485
G0 X166.858 Y58.283
G1 F1500 X166.609 Y58.532 E1112.53532
G0 F9000 X165.11 Y58.532
G1 F1500 E1106.03532
;MESH:NONMESH
G0 F300 X165.11 Y58.532 Z2
G0 F9000 X164.32 Y163
G0 X162.835 Y163
G0 X162.16 Y165.04
G0 X161.539 Y165.661
G0 X79.561 Y165.661
G0 X79.003 Y165.103
G0 X77.764 Y163
G0 X76.279 Y163
G0 X73.999 Y163
;TIME_ELAPSED:3925.585370
;LAYER:4
;TYPE:WALL-INNER
;MESH:zanza fissa prolunga mobile.stl(3)
G1 F1500 E1112.53532
G1 X72 Y163 E1112.80126
G1 X72 Y162.694 E1112.84197
G1 X60 Y162.694 E1114.43846
G1 X60 Y57.306 E1128.45934
G1 X72 Y57.306 E1130.05582
G1 X72 Y57 E1130.09653
G1 X73.999 Y57 E1130.36248
G1 X73.999 Y163 E1144.46478
G0 F9000 X74.799 Y163.8
G1 F1500 X71.2 Y163.8 E1144.94359
G1 X71.2 Y163.494 E1144.9843
G1 X59.3 Y163.494 E1146.56748
G1 X59.3 Y163.8 E1146.60819
G1 X59.2 Y163.8
G1 X59.2 Y163.494 E1146.61329
G1 X59.2 Y56.506 E1160.84703
G1 X59.2 Y56.2 E1160.88774
G1 X59.3 Y56.2
G1 X59.3 Y56.506 E1160.89284
G1 X71.2 Y56.506 E1162.47602
G1 X71.2 Y56.2 E1162.51673
G1 X74.799 Y56.2 E1162.99554
G1 X74.799 Y163.8 E1177.3107
G0 F9000 X75.129 Y164.13
G0 X75.599 Y164.6
;TYPE:WALL-OUTER
G1 F1500 X70.4 Y164.6 E1178.00238
G1 X70.4 Y164.294 E1178.04309
G1 X60.1 Y164.294 E1179.41341
G1 X60.1 Y164.6 E1179.45412
G1 X58.4 Y164.6 E1179.68029
G1 X58.4 Y55.4 E1194.20832
G1 X60.1 Y55.4 E1194.43449
G1 X60.1 Y55.706 E1194.4752
G1 X70.4 Y55.706 E1195.84551
G1 X70.4 Y55.4 E1195.88622
G1 X75.599 Y55.4 E1196.5779
G1 X75.599 Y164.6 E1211.10593
G0 F9000 X75.129 Y164.13
G0 X73.689 Y162.21
G0 X73.209 Y162.21
;TYPE:SKIN
G1 F1500 X72.79 Y162.21 E1211.16167
G1 X72.79 Y161.904 E1211.20238
G1 X60.79 Y161.904 E1212.79887
G1 X60.79 Y58.096 E1226.60954
G1 X72.79 Y58.096 E1228.20603
G1 X72.79 Y57.79 E1228.24674
G1 X73.209 Y57.79 E1228.30248
G1 X73.209 Y162.21 E1242.19458
G0 F9000 X73.689 Y162.21
G0 X73.617 Y162.618
G0 X62.022 Y162.384
G0 X62.022 Y161.583
G1 F1500 X61.109 Y160.67 E1242.36636
G0 F9000 X60.31 Y160.67
G0 X60.31 Y159.538
G0 X61.109 Y159.538
G1 F1500 X63.153 Y161.583 E1242.75102
G0 F9000 X63.153 Y162.384
G0 X64.285 Y162.384
G0 X64.285 Y161.583
G1 F1500 X61.109 Y158.407 E1243.34858
G0 F9000 X60.31 Y158.407
G0 X60.31 Y157.276
G0 X61.109 Y157.276
G1 F1500 X65.416 Y161.583 E1244.15893
G0 F9000 X65.416 Y162.384
G0 X66.547 Y162.384
G0 X66.547 Y161.583
G1 F1500 X61.109 Y156.144 E1245.18217
G0 F9000 X60.31 Y156.144
G0 X60.31 Y155.013
G0 X61.109 Y155.013
G1 F1500 X67.679 Y161.583 E1246.4183
G0 F9000 X67.679 Y162.384
G0 X68.81 Y162.384
G0 X68.81 Y161.583
G1 F1500 X61.109 Y153.881 E1247.86732
G0 F9000 X60.31 Y153.881
G0 X60.31 Y152.75
G0 X61.109 Y152.75
G1 F1500 X69.942 Y161.583 E1249.52923
G0 F9000 X69.942 Y162.384
G0 X71.073 Y162.384
G0 X71.073 Y161.583
G1 F1500 X61.109 Y151.619 E1251.40394
G0 F9000 X60.31 Y151.619
G0 X60.31 Y150.487
G0 X61.109 Y150.487
G1 F1500 X72.204 Y161.583 E1253.49153
G0 F9000 X72.889 Y161.136
G1 F1500 X61.109 Y149.356 E1255.70791
G0 F9000 X60.31 Y149.356
G0 X60.31 Y148.225
G0 X61.109 Y148.225
G1 F1500 X72.889 Y160.004 E1257.9242
G0 F9000 X73.689 Y160.004
G0 X73.689 Y158.873
G0 X72.889 Y158.873
G1 F1500 X61.109 Y147.093 E1260.14058
G0 F9000 X60.31 Y147.093
G0 X60.31 Y145.962
G0 X61.109 Y145.962
G1 F1500 X72.889 Y157.742 E1262.35696
G0 F9000 X73.689 Y157.742
G0 X73.689 Y156.61
G0 X72.889 Y156.61
G1 F1500 X61.109 Y144.831 E1264.57324
G0 F9000 X60.31 Y144.831
G0 X60.31 Y143.699
G0 X61.109 Y143.699
G1 F1500 X72.889 Y155.479 E1266.78962
G0 F9000 X73.689 Y155.479
G0 X73.689 Y154.347
G0 X72.889 Y154.347
G1 F1500 X61.109 Y142.568 E1269.00591
G0 F9000 X60.31 Y142.568
G0 X60.31 Y141.436
G0 X61.109 Y141.436
G1 F1500 X72.889 Y153.216 E1271.22229
G0 F9000 X73.689 Y153.216
G0 X73.689 Y152.085
G0 X72.889 Y152.085
G1 F1500 X61.109 Y140.305 E1273.43867
G0 F9000 X60.31 Y140.305
G0 X60.31 Y139.174
G0 X61.109 Y139.174
G1 F1500 X72.889 Y150.953 E1275.65496
G0 F9000 X73.689 Y150.953
G0 X73.689 Y149.822
G0 X72.889 Y149.822
G1 F1500 X61.109 Y138.042 E1277.87134
G0 F9000 X60.31 Y138.042
G0 X60.31 Y136.911
G0 X61.109 Y136.911
G1 F1500 X72.889 Y148.691 E1280.08772
G0 F9000 X73.689 Y148.691
G0 X73.689 Y147.559
G0 X72.889 Y147.559
G1 F1500 X61.109 Y135.78 E1282.304
G0 F9000 X60.31 Y135.78
G0 X60.31 Y134.648
G0 X61.109 Y134.648
G1 F1500 X72.889 Y146.428 E1284.52039
G0 F9000 X73.689 Y146.428
G0 X73.689 Y145.297
G0 X72.889 Y145.297
G1 F1500 X61.109 Y133.517 E1286.73677
G0 F9000 X60.31 Y133.517
G0 X60.31 Y132.385
G0 X61.109 Y132.385
G1 F1500 X72.889 Y144.165 E1288.95315
G0 F9000 X73.689 Y144.165
G0 X73.689 Y143.034
G0 X72.889 Y143.034
G1 F1500 X61.109 Y131.254 E1291.16953
G0 F9000 X60.31 Y131.254
G0 X60.31 Y130.123
G0 X61.109 Y130.123
G1 F1500 X72.889 Y141.902 E1293.38581
G0 F9000 X73.689 Y141.902
G0 X73.689 Y140.771
G0 X72.889 Y140.771
G1 F1500 X61.109 Y128.991 E1295.60219
G0 F9000 X60.31 Y128.991
G0 X60.31 Y127.86
G0 X61.109 Y127.86
G1 F1500 X72.889 Y139.64 E1297.81857
G0 F9000 X73.689 Y139.64
G0 X73.689 Y138.508
G0 X72.889 Y138.508
G1 F1500 X61.109 Y126.729 E1300.03486
G0 F9000 X60.31 Y126.729
G0 X60.31 Y125.597
G0 X61.109 Y125.597
G1 F1500 X72.889 Y137.377 E1302.25124
G0 F9000 X73.689 Y137.377
G0 X73.689 Y136.246
G0 X72.889 Y136.246
G1 F1500 X61.109 Y124.466 E1304.46762
G0 F9000 X60.31 Y124.466
G0 X60.31 Y123.334
G0 X61.109 Y123.334
G1 F1500 X72.889 Y135.114 E1306.684
G0 F9000 X73.689 Y135.114
G0 X73.689 Y133.983
G0 X72.889 Y133.983
G1 F1500 X61.109 Y122.203 E1308.90038
G0 F9000 X60.31 Y122.203
G0 X60.31 Y121.072
G0 X61.109 Y121.072
G1 F1500 X72.889 Y132.851 E1311.11667
G0 F9000 X73.689 Y132.851
G0 X73.689 Y131.72
G0 X72.889 Y131.72
G1 F1500 X61.109 Y119.94 E1313.33305
G0 F9000 X60.31 Y119.94
G0 X60.31 Y118.809
G0 X61.109 Y118.809
G1 F1500 X72.889 Y130.589 E1315.54943
G0 F9000 X73.689 Y130.589
G0 X73.689 Y129.457
G0 X72.889 Y129.457
G1 F1500 X61.109 Y117.678 E1317.76571
G0 F9000 X60.31 Y117.678
G0 X60.31 Y116.546
G0 X61.109 Y116.546
G1 F1500 X72.889 Y128.326 E1319.98209
G0 F9000 X73.689 Y128.326
G0 X73.689 Y127.195
G0 X72.889 Y127.195
G1 F1500 X61.109 Y115.415 E1322.19847
G0 F9000 X60.31 Y115.415
G0 X60.31 Y114.284
G0 X61.109 Y114.284
G1 F1500 X72.889 Y126.063 E1324.41476
G0 F9000 X73.689 Y126.063
G0 X73.689 Y124.932
G0 X72.889 Y124.932
G1 F1500 X61.109 Y113.152 E1326.63114
G0 F9000 X60.31 Y113.152
G0 X60.31 Y112.021
G0 X61.109 Y112.021
G1 F1500 X72.889 Y123.8 E1328.84743
G0 F9000 X73.689 Y123.8
G0 X73.689 Y122.669
G0 X72.889 Y122.669
G1 F1500 X61.109 Y110.889 E1331.06381
G0 F9000 X60.31 Y110.889
G0 X60.31 Y109.757
G0 X61.108 Y109.757
G1 F1500 X72.889 Y121.538 E1333.28038
G0 F9000 X73.689 Y121.538
G0 X73.689 Y120.406
G0 X72.889 Y120.406
G1 F1500 X61.108 Y108.626 E1335.49685
G0 F9000 X60.31 Y108.626
G0 X60.31 Y107.495
G0 X61.108 Y107.495
G1 F1500 X72.889 Y119.275 E1337.71332
G0 F9000 X73.689 Y119.275
G0 X73.689 Y118.144
G0 X72.889 Y118.144
G1 F1500 X61.108 Y106.363 E1339.92989
G0 F9000 X60.31 Y106.363
G0 X60.31 Y105.232
G0 X61.108 Y105.232
G1 F1500 X72.889 Y117.012 E1342.14637
G0 F9000 X73.689 Y117.012
G0 X73.689 Y115.881
G0 X72.889 Y115.881
G1 F1500 X61.108 Y104.1 E1344.36294
G0 F9000 X60.31 Y104.1
G0 X60.31 Y102.969
G0 X61.108 Y102.969
G1 F1500 X72.889 Y114.749 E1346.57941
G0 F9000 X73.689 Y114.749
G0 X73.689 Y113.618
G0 X72.889 Y113.618
G1 F1500 X61.108 Y101.838 E1348.79589
G0 F9000 X60.31 Y101.838
G0 X60.31 Y100.706
G0 X61.108 Y100.706
G1 F1500 X72.889 Y112.487 E1351.01245
G0 F9000 X73.689 Y112.487
G0 X73.689 Y111.355
G0 X72.889 Y111.355
G1 F1500 X61.108 Y99.575 E1353.22893
G0 F9000 X60.31 Y99.575
G0 X60.31 Y98.444
G0 X61.108 Y98.444
G1 F1500 X72.889 Y110.224 E1355.4454
G0 F9000 X73.689 Y110.224
G0 X73.689 Y109.092
G0 X72.888 Y109.092
G1 F1500 X61.108 Y97.312 E1357.66178
G0 F9000 X60.31 Y97.312
G0 X60.31 Y96.181
G0 X61.108 Y96.181
G1 F1500 X72.888 Y107.961 E1359.87816
G0 F9000 X73.689 Y107.961
G0 X73.689 Y106.829
G0 X72.888 Y106.829
G1 F1500 X61.108 Y95.05 E1362.09445
G0 F9000 X60.31 Y95.05
G0 X60.31 Y93.918
G0 X61.108 Y93.918
G1 F1500 X72.888 Y105.698 E1364.31083
G0 F9000 X73.689 Y105.698
G0 X73.689 Y104.566
G0 X72.888 Y104.566
G1 F1500 X61.108 Y92.787 E1366.52712
G0 F9000 X60.31 Y92.787
G0 X60.31 Y91.655
G0 X61.108 Y91.655
G1 F1500 X72.888 Y103.435 E1368.7435
G0 F9000 X73.689 Y103.435
G0 X73.689 Y102.304
G0 X72.888 Y102.304
G1 F1500 X61.108 Y90.524 E1370.95988
G0 F9000 X60.31 Y90.524
G0 X60.31 Y89.393
G0 X61.108 Y89.393
G1 F1500 X72.888 Y101.172 E1373.17616
G0 F9000 X73.689 Y101.172
G0 X73.689 Y100.041
G0 X72.888 Y100.041
G1 F1500 X61.108 Y88.261 E1375.39254
G0 F9000 X60.31 Y88.261
G0 X60.31 Y87.13
G0 X61.108 Y87.13
G1 F1500 X72.888 Y98.91 E1377.60892
G0 F9000 X73.689 Y98.91
G0 X73.689 Y97.778
G0 X72.888 Y97.778
G1 F1500 X61.108 Y85.999 E1379.82521
G0 F9000 X60.31 Y85.999
G0 X60.31 Y84.867
G0 X61.108 Y84.867
G1 F1500 X72.888 Y96.647 E1382.04159
G0 F9000 X73.689 Y96.647
G0 X73.689 Y95.515
G0 X72.888 Y95.515
G1 F1500 X61.108 Y83.736 E1384.25788
G0 F9000 X60.31 Y83.736
G0 X60.31 Y82.604
G0 X61.108 Y82.604
G1 F1500 X72.888 Y94.384 E1386.47426
G0 F9000 X73.689 Y94.384
G0 X73.689 Y93.253
G0 X72.888 Y93.253
G1 F1500 X61.108 Y81.473 E1388.69064
G0 F9000 X60.31 Y81.473
G0 X60.31 Y80.342
G0 X61.108 Y80.342
G1 F1500 X72.888 Y92.121 E1390.90692
G0 F9000 X73.689 Y92.121
G0 X73.689 Y90.99
G0 X72.888 Y90.99
G1 F1500 X61.108 Y79.21 E1393.1233
G0 F9000 X60.31 Y79.21
G0 X60.31 Y78.079
G0 X61.108 Y78.079
G1 F1500 X72.888 Y89.859 E1395.33968
G0 F9000 X73.689 Y89.859
G0 X73.689 Y88.727
G0 X72.888 Y88.727
G1 F1500 X61.108 Y76.948 E1397.55597
G0 F9000 X60.31 Y76.948
G0 X60.31 Y75.816
G0 X61.108 Y75.816
G1 F1500 X72.888 Y87.596 E1399.77235
G0 F9000 X73.689 Y87.596
G0 X73.689 Y86.465
G0 X72.888 Y86.465
G1 F1500 X61.108 Y74.685 E1401.98873
G0 F9000 X60.31 Y74.685
G0 X60.31 Y73.553
G0 X61.108 Y73.553
G1 F1500 X72.888 Y85.333 E1404.20511
G0 F9000 X73.689 Y85.333
G0 X73.689 Y84.202
G0 X72.888 Y84.202
G1 F1500 X61.108 Y72.422 E1406.42149
G0 F9000 X60.31 Y72.422
G0 X60.31 Y71.291
G0 X61.108 Y71.291
G1 F1500 X72.888 Y83.07 E1408.63778
G0 F9000 X73.689 Y83.07
G0 X73.689 Y81.939
G0 X72.888 Y81.939
G1 F1500 X61.108 Y70.159 E1410.85416
G0 F9000 X60.31 Y70.159
G0 X60.31 Y69.028
G0 X61.108 Y69.028
G1 F1500 X72.888 Y80.808 E1413.07054
G0 F9000 X73.689 Y80.808
G0 X73.689 Y79.676
G0 X72.888 Y79.676
G1 F1500 X61.108 Y67.897 E1415.28682
G0 F9000 X60.31 Y67.897
G0 X60.31 Y66.765
G0 X61.108 Y66.765
G1 F1500 X72.888 Y78.545 E1417.50321
G0 F9000 X73.689 Y78.545
G0 X73.689 Y77.414
G0 X72.888 Y77.414
G1 F1500 X61.108 Y65.634 E1419.71959
G0 F9000 X60.31 Y65.634
G0 X60.31 Y64.502
G0 X61.108 Y64.502
G1 F1500 X72.888 Y76.282 E1421.93597
G0 F9000 X73.689 Y76.282
G0 X73.689 Y75.151
G0 X72.888 Y75.151
G1 F1500 X61.108 Y63.371 E1424.15235
G0 F9000 X60.31 Y63.371
G0 X60.31 Y62.24
G0 X61.108 Y62.24
G1 F1500 X72.888 Y74.019 E1426.36863
G0 F9000 X73.689 Y74.019
G0 X73.689 Y72.888
G0 X72.888 Y72.888
G1 F1500 X61.108 Y61.108 E1428.58501
G0 F9000 X60.31 Y61.108
G0 X60.31 Y59.977
G0 X61.108 Y59.977
G1 F1500 X72.888 Y71.757 E1430.80139
G0 F9000 X73.689 Y71.757
G0 X73.689 Y70.625
G0 X72.888 Y70.625
G1 F1500 X61.108 Y58.846 E1433.01768
G0 F9000 X61.81 Y58.416
G1 F1500 X72.888 Y69.494 E1435.10198
G0 F9000 X73.689 Y69.494
G0 X73.689 Y68.363
G0 X72.888 Y68.363
G1 F1500 X62.941 Y58.416 E1436.97349
G0 F9000 X62.941 Y57.616
G0 X64.073 Y57.616
G0 X64.073 Y58.416
G1 F1500 X72.888 Y67.231 E1438.63201
G0 F9000 X73.689 Y67.231
G0 X73.689 Y66.1
G0 X72.888 Y66.1
G1 F1500 X65.204 Y58.416 E1440.07774
G0 F9000 X65.204 Y57.616
G0 X66.335 Y57.616
G0 X66.335 Y58.416
G1 F1500 X72.888 Y64.968 E1441.31057
G0 F9000 X73.689 Y64.968
G0 X73.689 Y63.837
G0 X72.888 Y63.837
G1 F1500 X67.467 Y58.416 E1442.33052
G0 F9000 X67.467 Y57.616
G0 X68.598 Y57.616
G0 X68.598 Y58.416
G1 F1500 X72.888 Y62.706 E1443.13768
G0 F9000 X73.689 Y62.706
G0 X73.689 Y61.574
G0 X72.888 Y61.574
G1 F1500 X69.729 Y58.416 E1443.73194
G0 F9000 X69.729 Y57.616
G0 X70.861 Y57.616
G0 X70.861 Y58.416
G1 F1500 X72.888 Y60.443 E1444.11332
G0 F9000 X73.689 Y60.443
G0 X73.689 Y59.312
G0 X72.888 Y59.312
G1 F1500 X71.992 Y58.416 E1444.2819
G0 F9000 X71.845 Y56.845
G1 F1500 E1437.7819
;MESH:zanza fissa prolunga mobile.stl(2)
G0 F9000 X73.617 Y57.382
G0 X75.179 Y162.694
G0 X76.664 Y162.694
G0 X80.036 Y162.694
G0 X81.521 Y162.694
G0 X96.7 Y162.694
;TYPE:WALL-INNER
G1 F1500 E1444.2819
G1 X84.7 Y162.694 E1445.87838
G1 X84.7 Y163 E1445.91909
G1 X82.701 Y163 E1446.18504
G1 X82.701 Y57 E1460.28734
G1 X84.7 Y57 E1460.55329
G1 X84.7 Y57.306 E1460.594
G1 X96.7 Y57.306 E1462.19048
G1 X96.7 Y162.694 E1476.21136
G0 F9000 X97.5 Y163.8
G1 F1500 X97.4 Y163.8 E1476.22466
G1 X97.4 Y163.494 E1476.26133
G1 X85.5 Y163.494 E1477.84451
G1 X85.5 Y163.8 E1477.88523
G1 X81.901 Y163.8 E1478.36404
G1 X81.901 Y56.2 E1492.6792
G1 X85.5 Y56.2 E1493.15801
G1 X85.5 Y56.506 E1493.19872
G1 X97.4 Y56.506 E1494.78191
G1 X97.4 Y56.2 E1494.82262
G1 X97.5 Y56.2
G1 X97.5 Y56.506 E1494.82771
G1 X97.5 Y163.494 E1509.04646
G1 X97.5 Y163.8 E1509.05156
G0 F9000 X97.83 Y164.13
G0 X98.3 Y164.6
;TYPE:WALL-OUTER
G1 F1500 X96.6 Y164.6 E1509.27772
G1 X96.6 Y164.294 E1509.31843
G1 X86.3 Y164.294 E1510.68875
G1 X86.3 Y164.6 E1510.72946
G1 X81.101 Y164.6 E1511.42114
G1 X81.101 Y55.4 E1525.94917
G1 X86.3 Y55.4 E1526.64084
G1 X86.3 Y55.706 E1526.68156
G1 X96.6 Y55.706 E1528.05187
G1 X96.6 Y55.4 E1528.09258
G1 X98.3 Y55.4 E1528.31875
G1 X98.3 Y164.6 E1542.84678
G0 F9000 X97.83 Y164.13
G0 X96.39 Y161.904
G0 X95.91 Y161.904
;TYPE:SKIN
G1 F1500 X83.91 Y161.904 E1544.44327
G1 X83.91 Y162.21 E1544.48398
G1 X83.491 Y162.21 E1544.53972
G1 X83.491 Y57.79 E1558.43181
G1 X83.91 Y57.79 E1558.48756
G1 X83.91 Y58.096 E1558.52827
G1 X95.91 Y58.096 E1560.12475
G1 X95.91 Y161.904 E1573.93543
G0 F9000 X96.39 Y161.904
G0 X96.318 Y162.312
G0 X84.649 Y162.384
G0 X84.649 Y161.583
G1 F1500 X83.81 Y160.743 E1574.09338
G0 F9000 X83.011 Y160.743
G0 X83.011 Y159.612
G0 X83.81 Y159.612
G1 F1500 X85.781 Y161.583 E1574.46422
G0 F9000 X85.781 Y162.384
G0 X86.912 Y162.384
G0 X86.912 Y161.583
G1 F1500 X83.81 Y158.481 E1575.04785
G0 F9000 X83.011 Y158.481
G0 X83.011 Y157.349
G0 X83.81 Y157.349
G1 F1500 X88.043 Y161.583 E1575.84437
G0 F9000 X88.043 Y162.384
G0 X89.175 Y162.384
G0 X89.175 Y161.583
G1 F1500 X83.81 Y156.218 E1576.85379
G0 F9000 X83.011 Y156.218
G0 X83.011 Y155.086
G0 X83.81 Y155.086
G1 F1500 X90.306 Y161.583 E1578.07609
G0 F9000 X90.306 Y162.384
G0 X91.438 Y162.384
G0 X91.438 Y161.583
G1 F1500 X83.81 Y153.955 E1579.51128
G0 F9000 X83.011 Y153.955
G0 X83.011 Y152.824
G0 X83.81 Y152.824
G1 F1500 X92.569 Y161.583 E1581.15926
G0 F9000 X92.569 Y162.384
G0 X93.7 Y162.384
G0 X93.7 Y161.583
G1 F1500 X83.81 Y151.692 E1583.02014
G0 F9000 X83.011 Y151.692
G0 X83.011 Y150.561
G0 X83.81 Y150.561
G1 F1500 X94.832 Y161.583 E1585.0939
G0 F9000 X95.59 Y161.209
G1 F1500 X83.81 Y149.43 E1587.31019
G0 F9000 X83.011 Y149.43
G0 X83.011 Y148.298
G0 X83.81 Y148.298
G1 F1500 X95.59 Y160.078 E1589.52657
G0 F9000 X96.39 Y160.078
G0 X96.39 Y158.946
G0 X95.59 Y158.946
G1 F1500 X83.81 Y147.167 E1591.74286
G0 F9000 X83.011 Y147.167
G0 X83.011 Y146.035
G0 X83.81 Y146.035
G1 F1500 X95.59 Y157.815 E1593.95924
G0 F9000 X96.39 Y157.815
G0 X96.39 Y156.684
G0 X95.59 Y156.684
G1 F1500 X83.81 Y144.904 E1596.17562
G0 F9000 X83.011 Y144.904
G0 X83.011 Y143.773
G0 X83.81 Y143.773
G1 F1500 X95.59 Y155.552 E1598.3919
G0 F9000 X96.39 Y155.552
G0 X96.39 Y154.421
G0 X95.59 Y154.421
G1 F1500 X83.81 Y142.641 E1600.60828
G0 F9000 X83.011 Y142.641
G0 X83.011 Y141.51
G0 X83.81 Y141.51
G1 F1500 X95.59 Y153.29 E1602.82466
G0 F9000 X96.39 Y153.29
G0 X96.39 Y152.158
G0 X95.59 Y152.158
G1 F1500 X83.81 Y140.379 E1605.04095
G0 F9000 X83.011 Y140.379
G0 X83.011 Y139.247
G0 X83.81 Y139.247
G1 F1500 X95.59 Y151.027 E1607.25733
G0 F9000 X96.39 Y151.027
G0 X96.39 Y149.896
G0 X95.59 Y149.896
G1 F1500 X83.81 Y138.116 E1609.47371
G0 F9000 X83.011 Y138.116
G0 X83.011 Y136.984
G0 X83.81 Y136.984
G1 F1500 X95.59 Y148.764 E1611.69009
G0 F9000 X96.39 Y148.764
G0 X96.39 Y147.633
G0 X95.59 Y147.633
G1 F1500 X83.81 Y135.853 E1613.90647
G0 F9000 X83.011 Y135.853
G0 X83.011 Y134.722
G0 X83.81 Y134.722
G1 F1500 X95.59 Y146.501 E1616.12276
G0 F9000 X96.39 Y146.501
G0 X96.39 Y145.37
G0 X95.59 Y145.37
G1 F1500 X83.81 Y133.59 E1618.33914
G0 F9000 X83.011 Y133.59
G0 X83.011 Y132.459
G0 X83.81 Y132.459
G1 F1500 X95.59 Y144.239 E1620.55552
G0 F9000 X96.39 Y144.239
G0 X96.39 Y143.107
G0 X95.59 Y143.107
G1 F1500 X83.81 Y131.328 E1622.77181
G0 F9000 X83.011 Y131.328
G0 X83.011 Y130.196
G0 X83.81 Y130.196
G1 F1500 X95.59 Y141.976 E1624.98819
G0 F9000 X96.39 Y141.976
G0 X96.39 Y140.845
G0 X95.59 Y140.845
G1 F1500 X83.81 Y129.065 E1627.20457
G0 F9000 X83.011 Y129.065
G0 X83.011 Y127.934
G0 X83.81 Y127.934
G1 F1500 X95.59 Y139.713 E1629.42085
G0 F9000 X96.39 Y139.713
G0 X96.39 Y138.582
G0 X95.59 Y138.582
G1 F1500 X83.81 Y126.802 E1631.63723
G0 F9000 X83.011 Y126.802
G0 X83.011 Y125.671
G0 X83.81 Y125.671
G1 F1500 X95.59 Y137.45 E1633.85352
G0 F9000 X96.39 Y137.45
G0 X96.39 Y136.319
G0 X95.59 Y136.319
G1 F1500 X83.81 Y124.539 E1636.0699
G0 F9000 X83.011 Y124.539
G0 X83.011 Y123.408
G0 X83.81 Y123.408
G1 F1500 X95.59 Y135.188 E1638.28628
G0 F9000 X96.39 Y135.188
G0 X96.39 Y134.056
G0 X95.59 Y134.056
G1 F1500 X83.81 Y122.277 E1640.50257
G0 F9000 X83.011 Y122.277
G0 X83.011 Y121.145
G0 X83.81 Y121.145
G1 F1500 X95.59 Y132.925 E1642.71895
G0 F9000 X96.39 Y132.925
G0 X96.39 Y131.794
G0 X95.59 Y131.794
G1 F1500 X83.81 Y120.014 E1644.93533
G0 F9000 X83.011 Y120.014
G0 X83.011 Y118.883
G0 X83.81 Y118.883
G1 F1500 X95.59 Y130.662 E1647.15161
G0 F9000 X96.39 Y130.662
G0 X96.39 Y129.531
G0 X95.59 Y129.531
G1 F1500 X83.81 Y117.751 E1649.36799
G0 F9000 X83.011 Y117.751
G0 X83.011 Y116.62
G0 X83.81 Y116.62
G1 F1500 X95.59 Y128.399 E1651.58428
G0 F9000 X96.39 Y128.399
G0 X96.39 Y127.268
G0 X95.59 Y127.268
G1 F1500 X83.81 Y115.488 E1653.80066
G0 F9000 X83.011 Y115.488
G0 X83.011 Y114.357
G0 X83.81 Y114.357
G1 F1500 X95.59 Y126.137 E1656.01704
G0 F9000 X96.39 Y126.137
G0 X96.39 Y125.005
G0 X95.59 Y125.005
G1 F1500 X83.81 Y113.226 E1658.23333
G0 F9000 X83.011 Y113.226
G0 X83.011 Y112.094
G0 X83.81 Y112.094
G1 F1500 X95.59 Y123.874 E1660.44971
G0 F9000 X96.39 Y123.874
G0 X96.39 Y122.743
G0 X95.59 Y122.743
G1 F1500 X83.81 Y110.963 E1662.66609
G0 F9000 X83.011 Y110.963
G0 X83.011 Y109.831
G0 X83.809 Y109.831
G1 F1500 X95.59 Y121.611 E1664.88256
G0 F9000 X96.39 Y121.611
G0 X96.39 Y120.48
G0 X95.59 Y120.48
G1 F1500 X83.809 Y108.699 E1667.09913
G0 F9000 X83.011 Y108.699
G0 X83.011 Y107.568
G0 X83.809 Y107.568
G1 F1500 X95.59 Y119.349 E1669.3157
G0 F9000 X96.39 Y119.349
G0 X96.39 Y118.217
G0 X95.59 Y118.217
G1 F1500 X83.809 Y106.437 E1671.53217
G0 F9000 X83.011 Y106.437
G0 X83.011 Y105.305
G0 X83.809 Y105.305
G1 F1500 X95.59 Y117.086 E1673.74874
G0 F9000 X96.39 Y117.086
G0 X96.39 Y115.954
G0 X95.59 Y115.954
G1 F1500 X83.809 Y104.174 E1675.96522
G0 F9000 X83.011 Y104.174
G0 X83.011 Y103.043
G0 X83.809 Y103.043
G1 F1500 X95.59 Y114.823 E1678.18169
G0 F9000 X96.39 Y114.823
G0 X96.39 Y113.692
G0 X95.59 Y113.692
G1 F1500 X83.809 Y101.911 E1680.39826
G0 F9000 X83.011 Y101.911
G0 X83.011 Y100.78
G0 X83.809 Y100.78
G1 F1500 X95.59 Y112.56 E1682.61473
G0 F9000 X96.39 Y112.56
G0 X96.39 Y111.429
G0 X95.59 Y111.429
G1 F1500 X83.809 Y99.649 E1684.83121
G0 F9000 X83.011 Y99.649
G0 X83.011 Y98.517
G0 X83.809 Y98.517
G1 F1500 X95.59 Y110.298 E1687.04778
G0 F9000 X96.39 Y110.298
G0 X96.39 Y109.165
G0 X95.589 Y109.165
G1 F1500 X83.809 Y97.386 E1689.26406
G0 F9000 X83.011 Y97.386
G0 X83.011 Y96.254
G0 X83.809 Y96.254
G1 F1500 X95.589 Y108.034 E1691.48044
G0 F9000 X96.39 Y108.034
G0 X96.39 Y106.903
G0 X95.589 Y106.903
G1 F1500 X83.809 Y95.123 E1693.69682
G0 F9000 X83.011 Y95.123
G0 X83.011 Y93.992
G0 X83.809 Y93.992
G1 F1500 X95.589 Y105.771 E1695.91311
G0 F9000 X96.39 Y105.771
G0 X96.39 Y104.64
G0 X95.589 Y104.64
G1 F1500 X83.809 Y92.86 E1698.12949
G0 F9000 X83.011 Y92.86
G0 X83.011 Y91.729
G0 X83.809 Y91.729
G1 F1500 X95.589 Y103.509 E1700.34587
G0 F9000 X96.39 Y103.509
G0 X96.39 Y102.377
G0 X95.589 Y102.377
G1 F1500 X83.809 Y90.598 E1702.56216
G0 F9000 X83.011 Y90.598
G0 X83.011 Y89.466
G0 X83.809 Y89.466
G1 F1500 X95.589 Y101.246 E1704.77854
G0 F9000 X96.39 Y101.246
G0 X96.39 Y100.115
G0 X95.589 Y100.115
G1 F1500 X83.809 Y88.335 E1706.99492
G0 F9000 X83.011 Y88.335
G0 X83.011 Y87.203
G0 X83.809 Y87.203
G1 F1500 X95.589 Y98.983 E1709.2113
G0 F9000 X96.39 Y98.983
G0 X96.39 Y97.852
G0 X95.589 Y97.852
G1 F1500 X83.809 Y86.072 E1711.42768
G0 F9000 X83.011 Y86.072
G0 X83.011 Y84.941
G0 X83.809 Y84.941
G1 F1500 X95.589 Y96.72 E1713.64396
G0 F9000 X96.39 Y96.72
G0 X96.39 Y95.589
G0 X95.589 Y95.589
G1 F1500 X83.809 Y83.809 E1715.86034
G0 F9000 X83.011 Y83.809
G0 X83.011 Y82.678
G0 X83.809 Y82.678
G1 F1500 X95.589 Y94.458 E1718.07672
G0 F9000 X96.39 Y94.458
G0 X96.39 Y93.326
G0 X95.589 Y93.326
G1 F1500 X83.809 Y81.547 E1720.29301
G0 F9000 X83.011 Y81.547
G0 X83.011 Y80.415
G0 X83.809 Y80.415
G1 F1500 X95.589 Y92.195 E1722.50939
G0 F9000 X96.39 Y92.195
G0 X96.39 Y91.064
G0 X95.589 Y91.064
G1 F1500 X83.809 Y79.284 E1724.72577
G0 F9000 X83.011 Y79.284
G0 X83.011 Y78.152
G0 X83.809 Y78.152
G1 F1500 X95.589 Y89.932 E1726.94215
G0 F9000 X96.39 Y89.932
G0 X96.39 Y88.801
G0 X95.589 Y88.801
G1 F1500 X83.809 Y77.021 E1729.15853
G0 F9000 X83.011 Y77.021
G0 X83.011 Y75.89
G0 X83.809 Y75.89
G1 F1500 X95.589 Y87.669 E1731.37482
G0 F9000 X96.39 Y87.669
G0 X96.39 Y86.538
G0 X95.589 Y86.538
G1 F1500 X83.809 Y74.758 E1733.5912
G0 F9000 X83.011 Y74.758
G0 X83.011 Y73.627
G0 X83.809 Y73.627
G1 F1500 X95.589 Y85.407 E1735.80758
G0 F9000 X96.39 Y85.407
G0 X96.39 Y84.275
G0 X95.589 Y84.275
G1 F1500 X83.809 Y72.496 E1738.02387
G0 F9000 X83.011 Y72.496
G0 X83.011 Y71.364
G0 X83.809 Y71.364
G1 F1500 X95.589 Y83.144 E1740.24025
G0 F9000 X96.39 Y83.144
G0 X96.39 Y82.013
G0 X95.589 Y82.013
G1 F1500 X83.809 Y70.233 E1742.45663
G0 F9000 X83.011 Y70.233
G0 X83.011 Y69.102
G0 X83.809 Y69.102
G1 F1500 X95.589 Y80.881 E1744.67291
G0 F9000 X96.39 Y80.881
G0 X96.39 Y79.75
G0 X95.589 Y79.75
G1 F1500 X83.809 Y67.97 E1746.88929
G0 F9000 X83.011 Y67.97
G0 X83.011 Y66.839
G0 X83.809 Y66.839
G1 F1500 X95.589 Y78.618 E1749.10558
G0 F9000 X96.39 Y78.618
G0 X96.39 Y77.487
G0 X95.589 Y77.487
G1 F1500 X83.809 Y65.707 E1751.32196
G0 F9000 X83.011 Y65.707
G0 X83.011 Y64.576
G0 X83.809 Y64.576
G1 F1500 X95.589 Y76.356 E1753.53834
G0 F9000 X96.39 Y76.356
G0 X96.39 Y75.224
G0 X95.589 Y75.224
G1 F1500 X83.809 Y63.445 E1755.75463
G0 F9000 X83.011 Y63.445
G0 X83.011 Y62.313
G0 X83.809 Y62.313
G1 F1500 X95.589 Y74.093 E1757.97101
G0 F9000 X96.39 Y74.093
G0 X96.39 Y72.962
G0 X95.589 Y72.962
G1 F1500 X83.809 Y61.182 E1760.18739
G0 F9000 X83.011 Y61.182
G0 X83.011 Y60.051
G0 X83.809 Y60.051
G1 F1500 X95.589 Y71.83 E1762.40367
G0 F9000 X96.39 Y71.83
G0 X96.39 Y70.699
G0 X95.589 Y70.699
G1 F1500 X83.809 Y58.919 E1764.62005
G0 F9000 X84.437 Y58.416
G1 F1500 X95.589 Y69.567 E1766.71818
G0 F9000 X96.39 Y69.567
G0 X96.39 Y68.436
G0 X95.589 Y68.436
G1 F1500 X85.569 Y58.416 E1768.60342
G0 F9000 X85.569 Y57.616
G0 X86.7 Y57.616
G0 X86.7 Y58.416
G1 F1500 X95.589 Y67.305 E1770.27587
G0 F9000 X96.39 Y67.305
G0 X96.39 Y66.173
G0 X95.589 Y66.173
G1 F1500 X87.831 Y58.416 E1771.73542
G0 F9000 X87.831 Y57.616
G0 X88.963 Y57.616
G0 X88.963 Y58.416
G1 F1500 X95.589 Y65.042 E1772.98209
G0 F9000 X96.39 Y65.042
G0 X96.39 Y63.911
G0 X95.589 Y63.911
G1 F1500 X90.094 Y58.416 E1774.01596
G0 F9000 X90.094 Y57.616
G0 X91.225 Y57.616
G0 X91.225 Y58.416
G1 F1500 X95.589 Y62.779 E1774.83695
G0 F9000 X96.39 Y62.779
G0 X96.39 Y61.648
G0 X95.589 Y61.648
G1 F1500 X92.357 Y58.416 E1775.44504
G0 F9000 X92.357 Y57.616
G0 X93.488 Y57.616
G0 X93.488 Y58.416
G1 F1500 X95.589 Y60.517 E1775.84034
G0 F9000 X96.39 Y60.517
G0 X96.39 Y59.385
G0 X95.589 Y59.385
G1 F1500 X94.62 Y58.416 E1776.02265
G0 F9000 X94.62 Y56.916
G1 F1500 E1769.52265
;MESH:zanza fissa prolunga mobile.stl
G0 F9000 X96.318 Y57.688
G0 X97.88 Y163
G0 X101.02 Y163
G0 X114.2 Y163
;TYPE:WALL-INNER
G1 F1500 E1776.02265
G1 X114.2 Y162.694 E1776.06336
G1 X102.2 Y162.694 E1777.65985
G1 X102.2 Y57.306 E1791.68073
G1 X114.2 Y57.306 E1793.27721
G1 X114.2 Y57 E1793.31792
G1 X116.199 Y57 E1793.58387
G1 X116.199 Y163 E1807.68617
G1 X114.2 Y163 E1807.95212
G0 F9000 X113.4 Y163.8
G1 F1500 X113.4 Y163.494 E1807.99283
G1 X101.5 Y163.494 E1809.57601
G1 X101.5 Y163.8 E1809.61672
G1 X101.4 Y163.8
G1 X101.4 Y163.494 E1809.62181
G1 X101.4 Y56.506 E1823.85556
G1 X101.4 Y56.2 E1823.89627
G1 X101.5 Y56.2
G1 X101.5 Y56.506 E1823.90136
G1 X113.4 Y56.506 E1825.48454
G1 X113.4 Y56.2 E1825.52525
G1 X116.999 Y56.2 E1826.00407
G1 X116.999 Y163.8 E1840.31923
G1 X113.4 Y163.8 E1840.79804
G0 F9000 X112.6 Y164.294
;TYPE:WALL-OUTER
G1 F1500 X102.3 Y164.294 E1842.16836
G1 X102.3 Y164.6 E1842.20907
G1 X100.6 Y164.6 E1842.43524
G1 X100.6 Y55.4 E1856.96327
G1 X102.3 Y55.4 E1857.18943
G1 X102.3 Y55.706 E1857.23015
G1 X112.6 Y55.706 E1858.60046
G1 X112.6 Y55.4 E1858.64117
G1 X117.799 Y55.4 E1859.33285
G1 X117.799 Y164.6 E1873.86088
G1 X112.6 Y164.6 E1874.55256
G1 X112.6 Y164.294 E1874.59327
G0 F9000 X112.6 Y163.794
G0 X114.99 Y162.69
G0 X114.99 Y162.21
;TYPE:SKIN
G1 F1500 X114.99 Y161.904 E1874.63398
G1 X102.99 Y161.904 E1876.23046
G1 X102.99 Y58.096 E1890.04114
G1 X114.99 Y58.096 E1891.63762
G1 X114.99 Y57.79 E1891.67833
G1 X115.409 Y57.79 E1891.73408
G1 X115.409 Y162.21 E1905.62617
G1 X114.99 Y162.21 E1905.68191
G0 F9000 X114.99 Y162.69
G0 X103.883 Y162.384
G0 X103.883 Y161.583
G1 F1500 X103.309 Y161.009 E1905.78991
G0 F9000 X102.51 Y161.009
G0 X102.51 Y159.878
G0 X103.309 Y159.878
G1 F1500 X105.014 Y161.583 E1906.1107
G0 F9000 X105.014 Y162.384
G0 X106.145 Y162.384
G0 X106.145 Y161.583
G1 F1500 X103.309 Y158.746 E1906.64438
G0 F9000 X102.51 Y158.746
G0 X102.51 Y157.615
G0 X103.309 Y157.615
G1 F1500 X107.277 Y161.583 E1907.39095
G0 F9000 X107.277 Y162.384
G0 X108.408 Y162.384
G0 X108.408 Y161.583
G1 F1500 X103.309 Y156.484 E1908.35032
G0 F9000 X102.51 Y156.484
G0 X102.51 Y155.352
G0 X103.309 Y155.352
G1 F1500 X109.54 Y161.583 E1909.52267
G0 F9000 X109.54 Y162.384
G0 X110.671 Y162.384
G0 X110.671 Y161.583
G1 F1500 X103.309 Y154.221 E1910.90781
G0 F9000 X102.51 Y154.221
G0 X102.51 Y153.09
G0 X103.309 Y153.09
G1 F1500 X111.802 Y161.583 E1912.50575
G0 F9000 X111.802 Y162.384
G0 X112.934 Y162.384
G0 X112.934 Y161.583
G1 F1500 X103.309 Y151.958 E1914.31667
G0 F9000 X102.51 Y151.958
G0 X102.51 Y150.827
G0 X103.309 Y150.827
G1 F1500 X114.065 Y161.583 E1916.34039
G0 F9000 X114.065 Y162.384
G0 X114.582 Y162.618
G0 X115.817 Y162.618
G0 X115.889 Y161.475
G0 X115.089 Y161.475
G1 F1500 X103.309 Y149.695 E1918.55677
G0 F9000 X102.51 Y149.695
G0 X102.51 Y148.564
G0 X103.309 Y148.564
G1 F1500 X115.089 Y160.344 E1920.77315
G0 F9000 X115.889 Y160.344
G0 X115.889 Y159.212
G0 X115.089 Y159.212
G1 F1500 X103.309 Y147.433 E1922.98944
G0 F9000 X102.51 Y147.433
G0 X102.51 Y146.301
G0 X103.309 Y146.301
G1 F1500 X115.089 Y158.081 E1925.20582
G0 F9000 X115.889 Y158.081
G0 X115.889 Y156.95
G0 X115.089 Y156.95
G1 F1500 X103.309 Y145.17 E1927.4222
G0 F9000 X102.51 Y145.17
G0 X102.51 Y144.039
G0 X103.309 Y144.039
G1 F1500 X115.089 Y155.818 E1929.63848
G0 F9000 X115.889 Y155.818
G0 X115.889 Y154.687
G0 X115.089 Y154.687
G1 F1500 X103.309 Y142.907 E1931.85486
G0 F9000 X102.51 Y142.907
G0 X102.51 Y141.776
G0 X103.309 Y141.776
G1 F1500 X115.089 Y153.556 E1934.07124
G0 F9000 X115.889 Y153.556
G0 X115.889 Y152.424
G0 X115.089 Y152.424
G1 F1500 X103.309 Y140.644 E1936.28762
G0 F9000 X102.51 Y140.644
G0 X102.51 Y139.513
G0 X103.309 Y139.513
G1 F1500 X115.089 Y151.293 E1938.504
G0 F9000 X115.889 Y151.293
G0 X115.889 Y150.161
G0 X115.089 Y150.161
G1 F1500 X103.309 Y138.382 E1940.72029
G0 F9000 X102.51 Y138.382
G0 X102.51 Y137.25
G0 X103.309 Y137.25
G1 F1500 X115.089 Y149.03 E1942.93667
G0 F9000 X115.889 Y149.03
G0 X115.889 Y147.899
G0 X115.089 Y147.899
G1 F1500 X103.309 Y136.119 E1945.15305
G0 F9000 X102.51 Y136.119
G0 X102.51 Y134.988
G0 X103.309 Y134.988
G1 F1500 X115.089 Y146.767 E1947.36934
G0 F9000 X115.889 Y146.767
G0 X115.889 Y145.636
G0 X115.089 Y145.636
G1 F1500 X103.309 Y133.856 E1949.58572
G0 F9000 X102.51 Y133.856
G0 X102.51 Y132.725
G0 X103.309 Y132.725
G1 F1500 X115.089 Y144.505 E1951.8021
G0 F9000 X115.889 Y144.505
G0 X115.889 Y143.373
G0 X115.089 Y143.373
G1 F1500 X103.309 Y131.593 E1954.01848
G0 F9000 X102.51 Y131.593
G0 X102.51 Y130.462
G0 X103.309 Y130.462
G1 F1500 X115.089 Y142.242 E1956.23486
G0 F9000 X115.889 Y142.242
G0 X115.889 Y141.11
G0 X115.089 Y141.11
G1 F1500 X103.309 Y129.331 E1958.45114
G0 F9000 X102.51 Y129.331
G0 X102.51 Y128.199
G0 X103.309 Y128.199
G1 F1500 X115.089 Y139.979 E1960.66752
G0 F9000 X115.889 Y139.979
G0 X115.889 Y138.848
G0 X115.089 Y138.848
G1 F1500 X103.309 Y127.068 E1962.88391
G0 F9000 X102.51 Y127.068
G0 X102.51 Y125.937
G0 X103.309 Y125.937
G1 F1500 X115.089 Y137.716 E1965.10019
G0 F9000 X115.889 Y137.716
G0 X115.889 Y136.585
G0 X115.089 Y136.585
G1 F1500 X103.309 Y124.805 E1967.31657
G0 F9000 X102.51 Y124.805
G0 X102.51 Y123.674
G0 X103.309 Y123.674
G1 F1500 X115.089 Y135.454 E1969.53295
G0 F9000 X115.889 Y135.454
G0 X115.889 Y134.322
G0 X115.089 Y134.322
G1 F1500 X103.309 Y122.543 E1971.74924
G0 F9000 X102.51 Y122.543
G0 X102.51 Y121.411
G0 X103.309 Y121.411
G1 F1500 X115.089 Y133.191 E1973.96562
G0 F9000 X115.889 Y133.191
G0 X115.889 Y132.059
G0 X115.089 Y132.059
G1 F1500 X103.309 Y120.28 E1976.18191
G0 F9000 X102.51 Y120.28
G0 X102.51 Y119.148
G0 X103.309 Y119.148
G1 F1500 X115.089 Y130.928 E1978.39829
G0 F9000 X115.889 Y130.928
G0 X115.889 Y129.797
G0 X115.089 Y129.797
G1 F1500 X103.309 Y118.017 E1980.61467
G0 F9000 X102.51 Y118.017
G0 X102.51 Y116.886
G0 X103.309 Y116.886
G1 F1500 X115.089 Y128.665 E1982.83095
G0 F9000 X115.889 Y128.665
G0 X115.889 Y127.534
G0 X115.089 Y127.534
G1 F1500 X103.309 Y115.754 E1985.04733
G0 F9000 X102.51 Y115.754
G0 X102.51 Y114.623
G0 X103.309 Y114.623
G1 F1500 X115.089 Y126.403 E1987.26371
G0 F9000 X115.889 Y126.403
G0 X115.889 Y125.271
G0 X115.089 Y125.271
G1 F1500 X103.309 Y113.492 E1989.48
G0 F9000 X102.51 Y113.492
G0 X102.51 Y112.36
G0 X103.309 Y112.36
G1 F1500 X115.089 Y124.14 E1991.69638
G0 F9000 X115.889 Y124.14
G0 X115.889 Y123.009
G0 X115.089 Y123.009
G1 F1500 X103.309 Y111.229 E1993.91276
G0 F9000 X102.51 Y111.229
G0 X102.51 Y110.097
G0 X103.309 Y110.097
G1 F1500 X115.089 Y121.877 E1996.12914
G0 F9000 X115.889 Y121.877
G0 X115.889 Y120.746
G0 X115.089 Y120.746
G1 F1500 X103.309 Y108.965 E1998.34561
G0 F9000 X102.51 Y108.965
G0 X102.51 Y107.834
G0 X103.309 Y107.834
G1 F1500 X115.089 Y119.614 E2000.56199
G0 F9000 X115.889 Y119.614
G0 X115.889 Y118.483
G0 X115.089 Y118.483
G1 F1500 X103.309 Y106.703 E2002.77837
G0 F9000 X102.51 Y106.703
G0 X102.51 Y105.571
G0 X103.309 Y105.571
G1 F1500 X115.089 Y117.352 E2004.99485
G0 F9000 X115.889 Y117.352
G0 X115.889 Y116.22
G0 X115.089 Y116.22
G1 F1500 X103.309 Y104.44 E2007.21123
G0 F9000 X102.51 Y104.44
G0 X102.51 Y103.309
G0 X103.309 Y103.309
G1 F1500 X115.089 Y115.089 E2009.42761
G0 F9000 X115.889 Y115.089
G0 X115.889 Y113.958
G0 X115.089 Y113.958
G1 F1500 X103.309 Y102.177 E2011.64408
G0 F9000 X102.51 Y102.177
G0 X102.51 Y101.046
G0 X103.309 Y101.046
G1 F1500 X115.089 Y112.826 E2013.86046
G0 F9000 X115.889 Y112.826
G0 X115.889 Y111.695
G0 X115.089 Y111.695
G1 F1500 X103.309 Y99.914 E2016.07694
G0 F9000 X102.51 Y99.914
G0 X102.51 Y98.783
G0 X103.309 Y98.783
G1 F1500 X115.089 Y110.563 E2018.29332
G0 F9000 X115.889 Y110.563
G0 X115.889 Y109.431
G0 X115.088 Y109.431
G1 F1500 X103.309 Y97.652 E2020.50951
G0 F9000 X102.51 Y97.652
G0 X102.51 Y96.52
G0 X103.309 Y96.52
G1 F1500 X115.088 Y108.3 E2022.7258
G0 F9000 X115.889 Y108.3
G0 X115.889 Y107.169
G0 X115.088 Y107.169
G1 F1500 X103.309 Y95.389 E2024.94208
G0 F9000 X102.51 Y95.389
G0 X102.51 Y94.258
G0 X103.309 Y94.258
G1 F1500 X115.088 Y106.037 E2027.15828
G0 F9000 X115.889 Y106.037
G0 X115.889 Y104.906
G0 X115.088 Y104.906
G1 F1500 X103.309 Y93.126 E2029.37456
G0 F9000 X102.51 Y93.126
G0 X102.51 Y91.995
G0 X103.309 Y91.995
G1 F1500 X115.088 Y103.774 E2031.59075
G0 F9000 X115.889 Y103.774
G0 X115.889 Y102.643
G0 X115.088 Y102.643
G1 F1500 X103.309 Y90.863 E2033.80704
G0 F9000 X102.51 Y90.863
G0 X102.51 Y89.732
G0 X103.309 Y89.732
G1 F1500 X115.088 Y101.512 E2036.02333
G0 F9000 X115.889 Y101.512
G0 X115.889 Y100.38
G0 X115.088 Y100.38
G1 F1500 X103.309 Y88.601 E2038.23952
G0 F9000 X102.51 Y88.601
G0 X102.51 Y87.469
G0 X103.309 Y87.469
G1 F1500 X115.088 Y99.249 E2040.45581
G0 F9000 X115.889 Y99.249
G0 X115.889 Y98.118
G0 X115.088 Y98.118
G1 F1500 X103.309 Y86.338 E2042.67209
G0 F9000 X102.51 Y86.338
G0 X102.51 Y85.207
G0 X103.309 Y85.207
G1 F1500 X115.088 Y96.986 E2044.88828
G0 F9000 X115.889 Y96.986
G0 X115.889 Y95.855
G0 X115.088 Y95.855
G1 F1500 X103.309 Y84.075 E2047.10457
G0 F9000 X102.51 Y84.075
G0 X102.51 Y82.944
G0 X103.309 Y82.944
G1 F1500 X115.088 Y94.724 E2049.32086
G0 F9000 X115.889 Y94.724
G0 X115.889 Y93.592
G0 X115.088 Y93.592
G1 F1500 X103.309 Y81.812 E2051.53714
G0 F9000 X102.51 Y81.812
G0 X102.51 Y80.681
G0 X103.309 Y80.681
G1 F1500 X115.088 Y92.461 E2053.75343
G0 F9000 X115.889 Y92.461
G0 X115.889 Y91.329
G0 X115.088 Y91.329
G1 F1500 X103.309 Y79.55 E2055.96962
G0 F9000 X102.51 Y79.55
G0 X102.51 Y78.418
G0 X103.309 Y78.418
G1 F1500 X115.088 Y90.198 E2058.18591
G0 F9000 X115.889 Y90.198
G0 X115.889 Y89.067
G0 X115.088 Y89.067
G1 F1500 X103.309 Y77.287 E2060.40219
G0 F9000 X102.51 Y77.287
G0 X102.51 Y76.156
G0 X103.309 Y76.156
G1 F1500 X115.088 Y87.935 E2062.61839
G0 F9000 X115.889 Y87.935
G0 X115.889 Y86.804
G0 X115.088 Y86.804
G1 F1500 X103.309 Y75.024 E2064.83467
G0 F9000 X102.51 Y75.024
G0 X102.51 Y73.893
G0 X103.309 Y73.893
G1 F1500 X115.088 Y85.673 E2067.05096
G0 F9000 X115.889 Y85.673
G0 X115.889 Y84.541
G0 X115.088 Y84.541
G1 F1500 X103.309 Y72.761 E2069.26724
G0 F9000 X102.51 Y72.761
G0 X102.51 Y71.63
G0 X103.309 Y71.63
G1 F1500 X115.088 Y83.41 E2071.48353
G0 F9000 X115.889 Y83.41
G0 X115.889 Y82.278
G0 X115.088 Y82.278
G1 F1500 X103.309 Y70.499 E2073.69972
G0 F9000 X102.51 Y70.499
G0 X102.51 Y69.367
G0 X103.309 Y69.367
G1 F1500 X115.088 Y81.147 E2075.91601
G0 F9000 X115.889 Y81.147
G0 X115.889 Y80.016
G0 X115.088 Y80.016
G1 F1500 X103.309 Y68.236 E2078.1323
G0 F9000 X102.51 Y68.236
G0 X102.51 Y67.105
G0 X103.309 Y67.105
G1 F1500 X115.088 Y78.884 E2080.34849
G0 F9000 X115.889 Y78.884
G0 X115.889 Y77.753
G0 X115.088 Y77.753
G1 F1500 X103.309 Y65.973 E2082.56477
G0 F9000 X102.51 Y65.973
G0 X102.51 Y64.842
G0 X103.309 Y64.842
G1 F1500 X115.088 Y76.622 E2084.78106
G0 F9000 X115.889 Y76.622
G0 X115.889 Y75.49
G0 X115.088 Y75.49
G1 F1500 X103.309 Y63.711 E2086.99725
G0 F9000 X102.51 Y63.711
G0 X102.51 Y62.579
G0 X103.309 Y62.579
G1 F1500 X115.088 Y74.359 E2089.21354
G0 F9000 X115.889 Y74.359
G0 X115.889 Y73.227
G0 X115.088 Y73.227
G1 F1500 X103.309 Y61.448 E2091.42973
G0 F9000 X102.51 Y61.448
G0 X102.51 Y60.316
G0 X103.309 Y60.316
G1 F1500 X115.088 Y72.096 E2093.64602
G0 F9000 X115.889 Y72.096
G0 X115.889 Y70.965
G0 X115.088 Y70.965
G1 F1500 X103.309 Y59.185 E2095.8623
G0 F9000 X103.671 Y58.416
G1 F1500 X115.088 Y69.833 E2098.01039
G0 F9000 X115.889 Y69.833
G0 X115.889 Y68.702
G0 X115.088 Y68.702
G1 F1500 X104.802 Y58.416 E2099.94567
G0 F9000 X104.802 Y57.616
G0 X105.933 Y57.616
G0 X105.933 Y58.416
G1 F1500 X115.088 Y67.571 E2101.66817
G0 F9000 X115.889 Y67.571
G0 X115.889 Y66.439
G0 X115.088 Y66.439
G1 F1500 X107.065 Y58.416 E2103.17768
G0 F9000 X107.065 Y57.616
G0 X108.196 Y57.616
G0 X108.196 Y58.416
G1 F1500 X115.088 Y65.308 E2104.47439
G0 F9000 X115.889 Y65.308
G0 X115.889 Y64.177
G0 X115.088 Y64.177
G1 F1500 X109.327 Y58.416 E2105.55831
G0 F9000 X109.327 Y57.616
G0 X110.459 Y57.616
G0 X110.459 Y58.416
G1 F1500 X115.088 Y63.045 E2106.42925
G0 F9000 X115.889 Y63.045
G0 X115.889 Y61.914
G0 X115.088 Y61.914
G1 F1500 X111.59 Y58.416 E2107.08739
G0 F9000 X111.59 Y57.616
G0 X112.722 Y57.616
G0 X112.722 Y58.416
G1 F1500 X115.088 Y60.782 E2107.53254
G0 F9000 X115.889 Y60.782
G0 X115.889 Y59.651
G0 X115.088 Y59.651
G1 F1500 X113.853 Y58.416 E2107.76491
G0 F9000 X113.853 Y56.916
G1 F1500 E2101.26491
;MESH:zanza fissa prolunga mobile.stl(1)
G0 F9000 X115.817 Y57.382
G0 X117.379 Y162.694
G0 X118.864 Y162.694
G0 X120.635 Y162.694
G0 X122.12 Y162.694
G0 X123.3 Y162.694
;TYPE:WALL-INNER
G1 F1500 E2107.76491
G1 X123.3 Y57.306 E2121.78578
G1 X135.3 Y57.306 E2123.38227
G1 X135.3 Y57 E2123.42298
G1 X137.299 Y57 E2123.68893
G1 X137.299 Y163 E2137.79122
G1 X135.3 Y163 E2138.05717
G1 X135.3 Y162.694 E2138.09788
G1 X123.3 Y162.694 E2139.69437
G0 F9000 X122.6 Y163.8
G1 F1500 X122.5 Y163.8 E2139.70767
G1 X122.5 Y163.494 E2139.74434
G1 X122.5 Y56.506 E2153.97808
G1 X122.5 Y56.2 E2154.01879
G1 X122.6 Y56.2
G1 X122.6 Y56.506 E2154.02389
G1 X134.5 Y56.506 E2155.60707
G1 X134.5 Y56.2 E2155.64778
G1 X138.099 Y56.2 E2156.12659
G1 X138.099 Y163.8 E2170.44176
G1 X134.5 Y163.8 E2170.92057
G1 X134.5 Y163.494 E2170.96128
G1 X122.6 Y163.494 E2172.52947
G1 X122.6 Y163.8 E2172.53457
G0 F9000 X123.4 Y164.294
;TYPE:WALL-OUTER
G1 F1500 X123.4 Y164.6 E2172.57528
G1 X121.7 Y164.6 E2172.80144
G1 X121.7 Y55.4 E2187.32947
G1 X123.4 Y55.4 E2187.55564
G1 X123.4 Y55.706 E2187.59635
G1 X133.7 Y55.706 E2188.96667
G1 X133.7 Y55.4 E2189.00738
G1 X138.899 Y55.4 E2189.69906
G1 X138.899 Y164.6 E2204.22708
G1 X133.7 Y164.6 E2204.91876
G1 X133.7 Y164.294 E2204.95947
G1 X123.4 Y164.294 E2206.32979
G0 F9000 X123.4 Y163.794
G0 X123.61 Y161.904
G0 X124.09 Y161.904
;TYPE:SKIN
G1 F1500 X124.09 Y58.096 E2220.14046
G1 X136.09 Y58.096 E2221.73695
G1 X136.09 Y57.79 E2221.77766
G1 X136.509 Y57.79 E2221.8334
G1 X136.509 Y162.21 E2235.7255
G1 X136.09 Y162.21 E2235.78124
G1 X136.09 Y161.904 E2235.82195
G1 X124.09 Y161.904 E2237.41844
G0 F9000 X123.61 Y161.904
G0 X123.682 Y162.312
G0 X125.379 Y162.384
G0 X125.379 Y161.583
G1 F1500 X124.409 Y160.613 E2237.60094
G0 F9000 X123.61 Y160.613
G0 X123.61 Y159.482
G0 X124.409 Y159.482
G1 F1500 X126.51 Y161.583 E2237.99624
G0 F9000 X126.51 Y162.384
G0 X127.641 Y162.384
G0 X127.641 Y161.583
G1 F1500 X124.409 Y158.35 E2238.60443
G0 F9000 X123.61 Y158.35
G0 X123.61 Y157.219
G0 X124.409 Y157.219
G1 F1500 X128.773 Y161.583 E2239.4255
G0 F9000 X128.773 Y162.384
G0 X129.904 Y162.384
G0 X129.904 Y161.583
G1 F1500 X124.409 Y156.088 E2240.45937
G0 F9000 X123.61 Y156.088
G0 X123.61 Y154.956
G0 X124.409 Y154.956
G1 F1500 X131.036 Y161.583 E2241.70623
G0 F9000 X131.036 Y162.384
G0 X132.167 Y162.384
G0 X132.167 Y161.583
G1 F1500 X124.409 Y153.825 E2243.16588
G0 F9000 X123.61 Y153.825
G0 X123.61 Y152.694
G0 X124.409 Y152.694
G1 F1500 X133.298 Y161.583 E2244.83832
G0 F9000 X133.298 Y162.384
G0 X134.43 Y162.384
G0 X134.43 Y161.583
G1 F1500 X124.409 Y151.562 E2246.72375
G0 F9000 X123.61 Y151.562
G0 X123.61 Y150.431
G0 X124.409 Y150.431
G1 F1500 X135.561 Y161.583 E2248.82198
G0 F9000 X136.189 Y161.079
G1 F1500 X124.409 Y149.299 E2251.03836
G0 F9000 X123.61 Y149.299
G0 X123.61 Y148.168
G0 X124.409 Y148.168
G1 F1500 X136.189 Y159.948 E2253.25474
G0 F9000 X136.989 Y159.948
G0 X136.989 Y158.816
G0 X136.189 Y158.816
G1 F1500 X124.409 Y147.037 E2255.47102
G0 F9000 X123.61 Y147.037
G0 X123.61 Y145.905
G0 X124.409 Y145.905
G1 F1500 X136.189 Y157.685 E2257.6874
G0 F9000 X136.989 Y157.685
G0 X136.989 Y156.554
G0 X136.189 Y156.554
G1 F1500 X124.409 Y144.774 E2259.90378
G0 F9000 X123.61 Y144.774
G0 X123.61 Y143.643
G0 X124.409 Y143.643
G1 F1500 X136.189 Y155.422 E2262.12007
G0 F9000 X136.989 Y155.422
G0 X136.989 Y154.291
G0 X136.189 Y154.291
G1 F1500 X124.409 Y142.511 E2264.33645
G0 F9000 X123.61 Y142.511
G0 X123.61 Y141.38
G0 X124.409 Y141.38
G1 F1500 X136.189 Y153.16 E2266.55283
G0 F9000 X136.989 Y153.16
G0 X136.989 Y152.028
G0 X136.189 Y152.028
G1 F1500 X124.409 Y140.248 E2268.76921
G0 F9000 X123.61 Y140.248
G0 X123.61 Y139.117
G0 X124.409 Y139.117
G1 F1500 X136.189 Y150.897 E2270.98559
G0 F9000 X136.989 Y150.897
G0 X136.989 Y149.765
G0 X136.189 Y149.765
G1 F1500 X124.409 Y137.986 E2273.20188
G0 F9000 X123.61 Y137.986
G0 X123.61 Y136.854
G0 X124.409 Y136.854
G1 F1500 X136.189 Y148.634 E2275.41826
G0 F9000 X136.989 Y148.634
G0 X136.989 Y147.503
G0 X136.189 Y147.503
G1 F1500 X124.409 Y135.723 E2277.63464
G0 F9000 X123.61 Y135.723
G0 X123.61 Y134.592
G0 X124.409 Y134.592
G1 F1500 X136.189 Y146.371 E2279.85093
G0 F9000 X136.989 Y146.371
G0 X136.989 Y145.24
G0 X136.189 Y145.24
G1 F1500 X124.409 Y133.46 E2282.06731
G0 F9000 X123.61 Y133.46
G0 X123.61 Y132.329
G0 X124.409 Y132.329
G1 F1500 X136.189 Y144.109 E2284.28369
G0 F9000 X136.989 Y144.109
G0 X136.989 Y142.977
G0 X136.189 Y142.977
G1 F1500 X124.409 Y131.198 E2286.49997
G0 F9000 X123.61 Y131.198
G0 X123.61 Y130.066
G0 X124.409 Y130.066
G1 F1500 X136.189 Y141.846 E2288.71635
G0 F9000 X136.989 Y141.846
G0 X136.989 Y140.714
G0 X136.189 Y140.714
G1 F1500 X124.409 Y128.935 E2290.93264
G0 F9000 X123.61 Y128.935
G0 X123.61 Y127.803
G0 X124.409 Y127.803
G1 F1500 X136.189 Y139.583 E2293.14902
G0 F9000 X136.989 Y139.583
G0 X136.989 Y138.452
G0 X136.189 Y138.452
G1 F1500 X124.409 Y126.672 E2295.3654
G0 F9000 X123.61 Y126.672
G0 X123.61 Y125.541
G0 X124.409 Y125.541
G1 F1500 X136.189 Y137.32 E2297.58169
G0 F9000 X136.989 Y137.32
G0 X136.989 Y136.189
G0 X136.189 Y136.189
G1 F1500 X124.409 Y124.409 E2299.79807
G0 F9000 X123.61 Y124.409
G0 X123.61 Y123.278
G0 X124.409 Y123.278
G1 F1500 X136.189 Y135.058 E2302.01445
G0 F9000 X136.989 Y135.058
G0 X136.989 Y133.926
G0 X136.189 Y133.926
G1 F1500 X124.409 Y122.147 E2304.23073
G0 F9000 X123.61 Y122.147
G0 X123.61 Y121.015
G0 X124.409 Y121.015
G1 F1500 X136.189 Y132.795 E2306.44711
G0 F9000 X136.989 Y132.795
G0 X136.989 Y131.663
G0 X136.189 Y131.663
G1 F1500 X124.409 Y119.884 E2308.6634
G0 F9000 X123.61 Y119.884
G0 X123.61 Y118.752
G0 X124.409 Y118.752
G1 F1500 X136.189 Y130.532 E2310.87978
G0 F9000 X136.989 Y130.532
G0 X136.989 Y129.401
G0 X136.189 Y129.401
G1 F1500 X124.409 Y117.621 E2313.09616
G0 F9000 X123.61 Y117.621
G0 X123.61 Y116.49
G0 X124.409 Y116.49
G1 F1500 X136.189 Y128.269 E2315.31245
G0 F9000 X136.989 Y128.269
G0 X136.989 Y127.138
G0 X136.189 Y127.138
G1 F1500 X124.409 Y115.358 E2317.52883
G0 F9000 X123.61 Y115.358
G0 X123.61 Y114.227
G0 X124.409 Y114.227
G1 F1500 X136.189 Y126.007 E2319.74521
G0 F9000 X136.989 Y126.007
G0 X136.989 Y124.875
G0 X136.189 Y124.875
G1 F1500 X124.409 Y113.096 E2321.96149
G0 F9000 X123.61 Y113.096
G0 X123.61 Y111.964
G0 X124.409 Y111.964
G1 F1500 X136.189 Y123.744 E2324.17787
G0 F9000 X136.989 Y123.744
G0 X136.989 Y122.613
G0 X136.189 Y122.613
G1 F1500 X124.409 Y110.833 E2326.39425
G0 F9000 X123.61 Y110.833
G0 X123.61 Y109.701
G0 X124.409 Y109.701
G1 F1500 X136.189 Y121.481 E2328.61063
G0 F9000 X136.989 Y121.481
G0 X136.989 Y120.35
G0 X136.189 Y120.35
G1 F1500 X124.409 Y108.569 E2330.82711
G0 F9000 X123.61 Y108.569
G0 X123.61 Y107.438
G0 X124.409 Y107.438
G1 F1500 X136.189 Y119.218 E2333.04349
G0 F9000 X136.989 Y119.218
G0 X136.989 Y118.087
G0 X136.189 Y118.087
G1 F1500 X124.409 Y106.307 E2335.25987
G0 F9000 X123.61 Y106.307
G0 X123.61 Y105.175
G0 X124.409 Y105.175
G1 F1500 X136.189 Y116.956 E2337.47634
G0 F9000 X136.989 Y116.956
G0 X136.989 Y115.824
G0 X136.189 Y115.824
G1 F1500 X124.409 Y104.044 E2339.69272
G0 F9000 X123.61 Y104.044
G0 X123.61 Y102.913
G0 X124.409 Y102.913
G1 F1500 X136.189 Y114.693 E2341.9091
G0 F9000 X136.989 Y114.693
G0 X136.989 Y113.562
G0 X136.189 Y113.562
G1 F1500 X124.409 Y101.781 E2344.12558
G0 F9000 X123.61 Y101.781
G0 X123.61 Y100.65
G0 X124.409 Y100.65
G1 F1500 X136.189 Y112.43 E2346.34196
G0 F9000 X136.989 Y112.43
G0 X136.989 Y111.299
G0 X136.189 Y111.299
G1 F1500 X124.409 Y99.518 E2348.55843
G0 F9000 X123.61 Y99.518
G0 X123.61 Y98.387
G0 X124.409 Y98.387
G1 F1500 X136.189 Y110.167 E2350.77481
G0 F9000 X136.989 Y110.167
G0 X136.989 Y109.035
G0 X136.188 Y109.035
G1 F1500 X124.409 Y97.256 E2352.99101
G0 F9000 X123.61 Y97.256
G0 X123.61 Y96.124
G0 X124.409 Y96.124
G1 F1500 X136.188 Y107.904 E2355.20729
G0 F9000 X136.989 Y107.904
G0 X136.989 Y106.773
G0 X136.188 Y106.773
G1 F1500 X124.409 Y94.993 E2357.42358
G0 F9000 X123.61 Y94.993
G0 X123.61 Y93.862
G0 X124.409 Y93.862
G1 F1500 X136.188 Y105.641 E2359.63977
G0 F9000 X136.989 Y105.641
G0 X136.989 Y104.51
G0 X136.188 Y104.51
G1 F1500 X124.409 Y92.73 E2361.85606
G0 F9000 X123.61 Y92.73
G0 X123.61 Y91.599
G0 X124.409 Y91.599
G1 F1500 X136.188 Y103.379 E2364.07234
G0 F9000 X136.989 Y103.379
G0 X136.989 Y102.247
G0 X136.188 Y102.247
G1 F1500 X124.409 Y90.467 E2366.28863
G0 F9000 X123.61 Y90.467
G0 X123.61 Y89.336
G0 X124.409 Y89.336
G1 F1500 X136.188 Y101.116 E2368.50492
G0 F9000 X136.989 Y101.116
G0 X136.989 Y99.984
G0 X136.188 Y99.984
G1 F1500 X124.409 Y88.205 E2370.72111
G0 F9000 X123.61 Y88.205
G0 X123.61 Y87.073
G0 X124.409 Y87.073
G1 F1500 X136.188 Y98.853 E2372.93739
G0 F9000 X136.989 Y98.853
G0 X136.989 Y97.722
G0 X136.188 Y97.722
G1 F1500 X124.409 Y85.942 E2375.15368
G0 F9000 X123.61 Y85.942
G0 X123.61 Y84.811
G0 X124.409 Y84.811
G1 F1500 X136.188 Y96.59 E2377.36987
G0 F9000 X136.989 Y96.59
G0 X136.989 Y95.459
G0 X136.188 Y95.459
G1 F1500 X124.409 Y83.679 E2379.58616
G0 F9000 X123.61 Y83.679
G0 X123.61 Y82.548
G0 X124.409 Y82.548
G1 F1500 X136.188 Y94.328 E2381.80245
G0 F9000 X136.989 Y94.328
G0 X136.989 Y93.196
G0 X136.188 Y93.196
G1 F1500 X124.409 Y81.416 E2384.01873
G0 F9000 X123.61 Y81.416
G0 X123.61 Y80.285
G0 X124.409 Y80.285
G1 F1500 X136.188 Y92.065 E2386.23502
G0 F9000 X136.989 Y92.065
G0 X136.989 Y90.933
G0 X136.188 Y90.933
G1 F1500 X124.409 Y79.154 E2388.45121
G0 F9000 X123.61 Y79.154
G0 X123.61 Y78.022
G0 X124.409 Y78.022
G1 F1500 X136.188 Y89.802 E2390.6675
G0 F9000 X136.989 Y89.802
G0 X136.989 Y88.671
G0 X136.188 Y88.671
G1 F1500 X124.409 Y76.891 E2392.88378
G0 F9000 X123.61 Y76.891
G0 X123.61 Y75.76
G0 X124.409 Y75.76
G1 F1500 X136.188 Y87.539 E2395.09997
G0 F9000 X136.989 Y87.539
G0 X136.989 Y86.408
G0 X136.188 Y86.408
G1 F1500 X124.409 Y74.628 E2397.31626
G0 F9000 X123.61 Y74.628
G0 X123.61 Y73.497
G0 X124.409 Y73.497
G1 F1500 X136.188 Y85.277 E2399.53255
G0 F9000 X136.989 Y85.277
G0 X136.989 Y84.145
G0 X136.188 Y84.145
G1 F1500 X124.409 Y72.366 E2401.74874
G0 F9000 X123.61 Y72.366
G0 X123.61 Y71.234
G0 X124.409 Y71.234
G1 F1500 X136.188 Y83.014 E2403.96503
G0 F9000 X136.989 Y83.014
G0 X136.989 Y81.882
G0 X136.188 Y81.882
G1 F1500 X124.409 Y70.103 E2406.18122
G0 F9000 X123.61 Y70.103
G0 X123.61 Y68.971
G0 X124.409 Y68.971
G1 F1500 X136.188 Y80.751 E2408.3975
G0 F9000 X136.989 Y80.751
G0 X136.989 Y79.62
G0 X136.188 Y79.62
G1 F1500 X124.409 Y67.84 E2410.61379
G0 F9000 X123.61 Y67.84
G0 X123.61 Y66.709
G0 X124.409 Y66.709
G1 F1500 X136.188 Y78.488 E2412.82998
G0 F9000 X136.989 Y78.488
G0 X136.989 Y77.357
G0 X136.188 Y77.357
G1 F1500 X124.409 Y65.577 E2415.04627
G0 F9000 X123.61 Y65.577
G0 X123.61 Y64.446
G0 X124.409 Y64.446
G1 F1500 X136.188 Y76.226 E2417.26255
G0 F9000 X136.989 Y76.226
G0 X136.989 Y75.094
G0 X136.188 Y75.094
G1 F1500 X124.409 Y63.315 E2419.47875
G0 F9000 X123.61 Y63.315
G0 X123.61 Y62.183
G0 X124.409 Y62.183
G1 F1500 X136.188 Y73.963 E2421.69503
G0 F9000 X136.989 Y73.963
G0 X136.989 Y72.831
G0 X136.188 Y72.831
G1 F1500 X124.409 Y61.052 E2423.91123
G0 F9000 X123.61 Y61.052
G0 X123.61 Y59.92
G0 X124.409 Y59.92
G1 F1500 X136.188 Y71.7 E2426.12751
G0 F9000 X136.989 Y71.7
G0 X136.989 Y70.569
G0 X136.188 Y70.569
G1 F1500 X124.409 Y58.789 E2428.3438
G0 F9000 X125.167 Y58.416
G1 F1500 X136.188 Y69.437 E2430.41737
G0 F9000 X136.989 Y69.437
G0 X136.989 Y68.306
G0 X136.188 Y68.306
G1 F1500 X126.298 Y58.416 E2432.27816
G0 F9000 X126.298 Y57.616
G0 X127.429 Y57.616
G0 X127.429 Y58.416
G1 F1500 X136.188 Y67.175 E2433.92614
G0 F9000 X136.989 Y67.175
G0 X136.989 Y66.043
G0 X136.188 Y66.043
G1 F1500 X128.561 Y58.416 E2435.36114
G0 F9000 X128.561 Y57.616
G0 X129.692 Y57.616
G0 X129.692 Y58.416
G1 F1500 X136.188 Y64.912 E2436.58335
G0 F9000 X136.989 Y64.912
G0 X136.989 Y63.781
G0 X136.188 Y63.781
G1 F1500 X130.823 Y58.416 E2437.59276
G0 F9000 X130.823 Y57.616
G0 X131.955 Y57.616
G0 X131.955 Y58.416
G1 F1500 X136.188 Y62.649 E2438.38919
G0 F9000 X136.989 Y62.649
G0 X136.989 Y61.518
G0 X136.188 Y61.518
G1 F1500 X133.086 Y58.416 E2438.97283
G0 F9000 X133.086 Y57.616
G0 X134.218 Y57.616
G0 X134.218 Y58.416
G1 F1500 X136.188 Y60.386 E2439.34348
G0 F9000 X136.989 Y60.386
G0 X136.989 Y59.255
G0 X136.188 Y59.255
G1 F1500 X135.349 Y58.416 E2439.50134
G0 F9000 X135.145 Y56.845
G1 F1500 E2433.00134
;MESH:zanza fissa prolunga mobile.stl(4)
G0 F9000 X136.917 Y57.382
G0 X138.479 Y162.694
G0 X139.964 Y162.694
G0 X141.735 Y162.694
G0 X143.22 Y162.694
G0 X144.4 Y162.694
;TYPE:WALL-INNER
G1 F1500 E2439.50134
G1 X144.4 Y57.306 E2453.52221
G1 X156.4 Y57.306 E2455.1187
G1 X156.4 Y57 E2455.15941
G1 X158.399 Y57 E2455.42536
G1 X158.399 Y163 E2469.52765
G1 X156.4 Y163 E2469.7936
G1 X156.4 Y162.694 E2469.83431
G1 X144.4 Y162.694 E2471.4308
G0 F9000 X143.7 Y163.8
G1 F1500 X143.6 Y163.8 E2471.4441
G1 X143.6 Y163.494 E2471.48077
G1 X143.6 Y56.506 E2485.71451
G1 X143.6 Y56.2 E2485.75522
G1 X143.7 Y56.2
G1 X143.7 Y56.506 E2485.76032
G1 X155.6 Y56.506 E2487.3435
G1 X155.6 Y56.2 E2487.38421
G1 X159.199 Y56.2 E2487.86302
G1 X159.199 Y163.8 E2502.17819
G1 X155.6 Y163.8 E2502.657
G1 X155.6 Y163.494 E2502.69771
G1 X143.7 Y163.494 E2504.2659
G1 X143.7 Y163.8 E2504.27099
G0 F9000 X144.5 Y164.294
;TYPE:WALL-OUTER
G1 F1500 X144.5 Y164.6 E2504.3117
G1 X142.8 Y164.6 E2504.53787
G1 X142.8 Y55.4 E2519.0659
G1 X144.5 Y55.4 E2519.29207
G1 X144.5 Y55.706 E2519.33278
G1 X154.8 Y55.706 E2520.7031
G1 X154.8 Y55.4 E2520.74381
G1 X159.999 Y55.4 E2521.43549
G1 X159.999 Y164.6 E2535.96351
G1 X154.8 Y164.6 E2536.65519
G1 X154.8 Y164.294 E2536.6959
G1 X144.5 Y164.294 E2538.06622
G0 F9000 X144.5 Y163.794
G0 X144.71 Y161.904
G0 X145.19 Y161.904
;TYPE:SKIN
G1 F1500 X145.19 Y58.096 E2551.87689
G1 X157.19 Y58.096 E2553.47338
G1 X157.19 Y57.79 E2553.51409
G1 X157.609 Y57.79 E2553.56983
G1 X157.609 Y162.21 E2567.46192
G1 X157.19 Y162.21 E2567.51767
G1 X157.19 Y161.904 E2567.55838
G1 X145.19 Y161.904 E2569.15487
G0 F9000 X145.744 Y161.583
G1 F1500 X145.509 Y161.348 E2569.19908
G0 F9000 X144.71 Y161.348
G0 X144.71 Y160.216
G0 X145.509 Y160.216
G1 F1500 X146.875 Y161.583 E2569.45618
G0 F9000 X146.875 Y162.384
G0 X148.007 Y162.384
G0 X148.007 Y161.583
G1 F1500 X145.509 Y159.085 E2569.92618
G0 F9000 X144.71 Y159.085
G0 X144.71 Y157.954
G0 X145.509 Y157.954
G1 F1500 X149.138 Y161.583 E2570.60897
G0 F9000 X149.138 Y162.384
G0 X150.27 Y162.384
G0 X150.27 Y161.583
G1 F1500 X145.509 Y156.822 E2571.50474
G0 F9000 X144.71 Y156.822
G0 X144.71 Y155.691
G0 X145.509 Y155.691
G1 F1500 X151.401 Y161.583 E2572.6133
G0 F9000 X151.401 Y162.384
G0 X152.532 Y162.384
G0 X152.532 Y161.583
G1 F1500 X145.509 Y154.56 E2573.93466
G0 F9000 X144.71 Y154.56
G0 X144.71 Y153.428
G0 X145.509 Y153.428
G1 F1500 X153.664 Y161.583 E2575.46901
G0 F9000 X153.664 Y162.384
G0 X154.795 Y162.384
G0 X154.795 Y161.583
G1 F1500 X145.509 Y152.297 E2577.21615
G0 F9000 X144.71 Y152.297
G0 X144.71 Y151.165
G0 X145.509 Y151.165
G1 F1500 X155.926 Y161.583 E2579.17618
G0 F9000 X155.926 Y162.384
G0 X156.74 Y162.354
G0 X157.058 Y161.583
G1 F1500 X145.509 Y150.034 E2581.3491
G0 F9000 X144.71 Y150.034
G0 X144.71 Y148.903
G0 X145.509 Y148.903
G1 F1500 X157.288 Y160.682 E2583.56529
G0 F9000 X158.089 Y160.682
G0 X158.089 Y159.551
G0 X157.288 Y159.551
G1 F1500 X145.509 Y147.771 E2585.78158
G0 F9000 X144.71 Y147.771
G0 X144.71 Y146.64
G0 X145.509 Y146.64
G1 F1500 X157.288 Y158.42 E2587.99786
G0 F9000 X158.089 Y158.42
G0 X158.089 Y157.288
G0 X157.288 Y157.288
G1 F1500 X145.509 Y145.509 E2590.21405
G0 F9000 X144.71 Y145.509
G0 X144.71 Y144.377
G0 X145.509 Y144.377
G1 F1500 X157.288 Y156.157 E2592.43034
G0 F9000 X158.089 Y156.157
G0 X158.089 Y155.026
G0 X157.288 Y155.026
G1 F1500 X145.509 Y143.246 E2594.64663
G0 F9000 X144.71 Y143.246
G0 X144.71 Y142.115
G0 X145.509 Y142.115
G1 F1500 X157.288 Y153.894 E2596.86282
G0 F9000 X158.089 Y153.894
G0 X158.089 Y152.763
G0 X157.288 Y152.763
G1 F1500 X145.509 Y140.983 E2599.0791
G0 F9000 X144.71 Y140.983
G0 X144.71 Y139.852
G0 X145.509 Y139.852
G1 F1500 X157.288 Y151.631 E2601.2953
G0 F9000 X158.089 Y151.631
G0 X158.089 Y150.5
G0 X157.288 Y150.5
G1 F1500 X145.509 Y138.72 E2603.51158
G0 F9000 X144.71 Y138.72
G0 X144.71 Y137.589
G0 X145.509 Y137.589
G1 F1500 X157.288 Y149.369 E2605.72787
G0 F9000 X158.089 Y149.369
G0 X158.089 Y148.237
G0 X157.288 Y148.237
G1 F1500 X145.509 Y136.458 E2607.94406
G0 F9000 X144.71 Y136.458
G0 X144.71 Y135.326
G0 X145.509 Y135.326
G1 F1500 X157.288 Y147.106 E2610.16035
G0 F9000 X158.089 Y147.106
G0 X158.089 Y145.975
G0 X157.288 Y145.975
G1 F1500 X145.509 Y134.195 E2612.37663
G0 F9000 X144.71 Y134.195
G0 X144.71 Y133.064
G0 X145.509 Y133.064
G1 F1500 X157.288 Y144.843 E2614.59283
G0 F9000 X158.089 Y144.843
G0 X158.089 Y143.712
G0 X157.288 Y143.712
G1 F1500 X145.509 Y131.932 E2616.80911
G0 F9000 X144.71 Y131.932
G0 X144.71 Y130.801
G0 X145.509 Y130.801
G1 F1500 X157.288 Y142.581 E2619.0254
G0 F9000 X158.089 Y142.581
G0 X158.089 Y141.449
G0 X157.288 Y141.449
G1 F1500 X145.509 Y129.669 E2621.24169
G0 F9000 X144.71 Y129.669
G0 X144.71 Y128.538
G0 X145.509 Y128.538
G1 F1500 X157.288 Y140.318 E2623.45797
G0 F9000 X158.089 Y140.318
G0 X158.089 Y139.186
G0 X157.288 Y139.186
G1 F1500 X145.509 Y127.407 E2625.67416
G0 F9000 X144.71 Y127.407
G0 X144.71 Y126.275
G0 X145.509 Y126.275
G1 F1500 X157.288 Y138.055 E2627.89045
G0 F9000 X158.089 Y138.055
G0 X158.089 Y136.924
G0 X157.288 Y136.924
G1 F1500 X145.509 Y125.144 E2630.10674
G0 F9000 X144.71 Y125.144
G0 X144.71 Y124.013
G0 X145.509 Y124.013
G1 F1500 X157.288 Y135.792 E2632.32293
G0 F9000 X158.089 Y135.792
G0 X158.089 Y134.661
G0 X157.288 Y134.661
G1 F1500 X145.509 Y122.881 E2634.53921
G0 F9000 X144.71 Y122.881
G0 X144.71 Y121.75
G0 X145.509 Y121.75
G1 F1500 X157.288 Y133.53 E2636.7555
G0 F9000 X158.089 Y133.53
G0 X158.089 Y132.398
G0 X157.288 Y132.398
G1 F1500 X145.509 Y120.618 E2638.97179
G0 F9000 X144.71 Y120.618
G0 X144.71 Y119.487
G0 X145.509 Y119.487
G1 F1500 X157.288 Y131.267 E2641.18807
G0 F9000 X158.089 Y131.267
G0 X158.089 Y130.135
G0 X157.288 Y130.135
G1 F1500 X145.509 Y118.356 E2643.40427
G0 F9000 X144.71 Y118.356
G0 X144.71 Y117.224
G0 X145.509 Y117.224
G1 F1500 X157.288 Y129.004 E2645.62055
G0 F9000 X158.089 Y129.004
G0 X158.089 Y127.873
G0 X157.288 Y127.873
G1 F1500 X145.509 Y116.093 E2647.83684
G0 F9000 X144.71 Y116.093
G0 X144.71 Y114.962
G0 X145.509 Y114.962
G1 F1500 X157.288 Y126.741 E2650.05303
G0 F9000 X158.089 Y126.741
G0 X158.089 Y125.61
G0 X157.288 Y125.61
G1 F1500 X145.509 Y113.83 E2652.26932
G0 F9000 X144.71 Y113.83
G0 X144.71 Y112.699
G0 X145.509 Y112.699
G1 F1500 X157.288 Y124.479 E2654.4856
G0 F9000 X158.089 Y124.479
G0 X158.089 Y123.347
G0 X157.288 Y123.347
G1 F1500 X145.509 Y111.568 E2656.70179
G0 F9000 X144.71 Y111.568
G0 X144.71 Y110.436
G0 X145.509 Y110.436
G1 F1500 X157.288 Y122.216 E2658.91808
G0 F9000 X158.089 Y122.216
G0 X158.089 Y121.084
G0 X157.288 Y121.084
G1 F1500 X145.509 Y109.305 E2661.13427
G0 F9000 X144.71 Y109.305
G0 X144.71 Y108.173
G0 X145.509 Y108.173
G1 F1500 X157.288 Y119.953 E2663.35056
G0 F9000 X158.089 Y119.953
G0 X158.089 Y118.822
G0 X157.288 Y118.822
G1 F1500 X145.509 Y107.042 E2665.56685
G0 F9000 X144.71 Y107.042
G0 X144.71 Y105.911
G0 X145.509 Y105.911
G1 F1500 X157.288 Y117.69 E2667.78304
G0 F9000 X158.089 Y117.69
G0 X158.089 Y116.559
G0 X157.288 Y116.559
G1 F1500 X145.509 Y104.779 E2669.99932
G0 F9000 X144.71 Y104.779
G0 X144.71 Y103.648
G0 X145.509 Y103.648
G1 F1500 X157.288 Y115.428 E2672.21561
G0 F9000 X158.089 Y115.428
G0 X158.089 Y114.296
G0 X157.288 Y114.296
G1 F1500 X145.509 Y102.517 E2674.4318
G0 F9000 X144.71 Y102.517
G0 X144.71 Y101.385
G0 X145.509 Y101.385
G1 F1500 X157.288 Y113.165 E2676.64809
G0 F9000 X158.089 Y113.165
G0 X158.089 Y112.033
G0 X157.288 Y112.033
G1 F1500 X145.509 Y100.254 E2678.86428
G0 F9000 X144.71 Y100.254
G0 X144.71 Y99.122
G0 X145.509 Y99.122
G1 F1500 X157.288 Y110.902 E2681.08057
G0 F9000 X158.089 Y110.902
G0 X158.089 Y109.771
G0 X157.288 Y109.771
G1 F1500 X145.509 Y97.991 E2683.29685
G0 F9000 X144.71 Y97.991
G0 X144.71 Y96.86
G0 X145.509 Y96.86
G1 F1500 X157.288 Y108.639 E2685.51305
G0 F9000 X158.089 Y108.639
G0 X158.089 Y107.508
G0 X157.288 Y107.508
G1 F1500 X145.509 Y95.728 E2687.72933
G0 F9000 X144.71 Y95.728
G0 X144.71 Y94.597
G0 X145.509 Y94.597
G1 F1500 X157.288 Y106.377 E2689.94562
G0 F9000 X158.089 Y106.377
G0 X158.089 Y105.245
G0 X157.288 Y105.245
G1 F1500 X145.509 Y93.466 E2692.16181
G0 F9000 X144.71 Y93.466
G0 X144.71 Y92.334
G0 X145.509 Y92.334
G1 F1500 X157.288 Y104.114 E2694.3781
G0 F9000 X158.089 Y104.114
G0 X158.089 Y102.983
G0 X157.288 Y102.983
G1 F1500 X145.509 Y91.203 E2696.59438
G0 F9000 X144.71 Y91.203
G0 X144.71 Y90.071
G0 X145.509 Y90.071
G1 F1500 X157.288 Y101.851 E2698.81067
G0 F9000 X158.089 Y101.851
G0 X158.089 Y100.72
G0 X157.288 Y100.72
G1 F1500 X145.509 Y88.94 E2701.02696
G0 F9000 X144.71 Y88.94
G0 X144.71 Y87.809
G0 X145.509 Y87.809
G1 F1500 X157.288 Y99.588 E2703.24315
G0 F9000 X158.089 Y99.588
G0 X158.089 Y98.457
G0 X157.288 Y98.457
G1 F1500 X145.509 Y86.677 E2705.45943
G0 F9000 X144.71 Y86.677
G0 X144.71 Y85.546
G0 X145.509 Y85.546
G1 F1500 X157.288 Y97.326 E2707.67572
G0 F9000 X158.089 Y97.326
G0 X158.089 Y96.194
G0 X157.288 Y96.194
G1 F1500 X145.509 Y84.415 E2709.89191
G0 F9000 X144.71 Y84.415
G0 X144.71 Y83.283
G0 X145.509 Y83.283
G1 F1500 X157.288 Y95.063 E2712.1082
G0 F9000 X158.089 Y95.063
G0 X158.089 Y93.932
G0 X157.288 Y93.932
G1 F1500 X145.509 Y82.152 E2714.32449
G0 F9000 X144.71 Y82.152
G0 X144.71 Y81.021
G0 X145.509 Y81.021
G1 F1500 X157.288 Y92.8 E2716.54068
G0 F9000 X158.089 Y92.8
G0 X158.089 Y91.669
G0 X157.288 Y91.669
G1 F1500 X145.509 Y79.889 E2718.75696
G0 F9000 X144.71 Y79.889
G0 X144.71 Y78.758
G0 X145.509 Y78.758
G1 F1500 X157.288 Y90.537 E2720.97316
G0 F9000 X158.089 Y90.537
G0 X158.089 Y89.406
G0 X157.288 Y89.406
G1 F1500 X145.509 Y77.626 E2723.18944
G0 F9000 X144.71 Y77.626
G0 X144.71 Y76.495
G0 X145.509 Y76.495
G1 F1500 X157.288 Y88.275 E2725.40573
G0 F9000 X158.089 Y88.275
G0 X158.089 Y87.143
G0 X157.288 Y87.143
G1 F1500 X145.509 Y75.364 E2727.62192
G0 F9000 X144.71 Y75.364
G0 X144.71 Y74.232
G0 X145.509 Y74.232
G1 F1500 X157.288 Y86.012 E2729.83821
G0 F9000 X158.089 Y86.012
G0 X158.089 Y84.881
G0 X157.288 Y84.881
G1 F1500 X145.509 Y73.101 E2732.05449
G0 F9000 X144.71 Y73.101
G0 X144.71 Y71.97
G0 X145.509 Y71.97
G1 F1500 X157.288 Y83.749 E2734.27069
G0 F9000 X158.089 Y83.749
G0 X158.089 Y82.618
G0 X157.288 Y82.618
G1 F1500 X145.509 Y70.838 E2736.48697
G0 F9000 X144.71 Y70.838
G0 X144.71 Y69.707
G0 X145.509 Y69.707
G1 F1500 X157.288 Y81.486 E2738.70316
G0 F9000 X158.089 Y81.486
G0 X158.089 Y80.355
G0 X157.288 Y80.355
G1 F1500 X145.509 Y68.575 E2740.91945
G0 F9000 X144.71 Y68.575
G0 X144.71 Y67.444
G0 X145.509 Y67.444
G1 F1500 X157.288 Y79.224 E2743.13574
G0 F9000 X158.089 Y79.224
G0 X158.089 Y78.092
G0 X157.288 Y78.092
G1 F1500 X145.509 Y66.313 E2745.35193
G0 F9000 X144.71 Y66.313
G0 X144.71 Y65.181
G0 X145.509 Y65.181
G1 F1500 X157.288 Y76.961 E2747.56821
G0 F9000 X158.089 Y76.961
G0 X158.089 Y75.83
G0 X157.288 Y75.83
G1 F1500 X145.509 Y64.05 E2749.7845
G0 F9000 X144.71 Y64.05
G0 X144.71 Y62.919
G0 X145.509 Y62.919
G1 F1500 X157.288 Y74.698 E2752.00069
G0 F9000 X158.089 Y74.698
G0 X158.089 Y73.567
G0 X157.288 Y73.567
G1 F1500 X145.509 Y61.787 E2754.21698
G0 F9000 X144.71 Y61.787
G0 X144.71 Y60.656
G0 X145.509 Y60.656
G1 F1500 X157.288 Y72.436 E2756.43327
G0 F9000 X158.089 Y72.436
G0 X158.089 Y71.304
G0 X157.288 Y71.304
G1 F1500 X145.509 Y59.524 E2758.64955
G0 F9000 X144.71 Y59.524
G0 X144.782 Y57.688
G0 X145.531 Y57.616
G0 X145.531 Y58.416
G1 F1500 X157.288 Y70.173 E2760.8616
G0 F9000 X158.089 Y70.173
G0 X158.089 Y69.041
G0 X157.288 Y69.041
G1 F1500 X146.663 Y58.416 E2762.86067
G0 F9000 X146.663 Y57.616
G0 X147.794 Y57.616
G0 X147.794 Y58.416
G1 F1500 X157.288 Y67.91 E2764.64695
G0 F9000 X158.089 Y67.91
G0 X158.089 Y66.779
G0 X157.288 Y66.779
G1 F1500 X148.925 Y58.416 E2766.22043
G0 F9000 X148.925 Y57.616
G0 X150.057 Y57.616
G0 X150.057 Y58.416
G1 F1500 X157.288 Y65.647 E2767.58092
G0 F9000 X158.089 Y65.647
G0 X158.089 Y64.516
G0 X157.288 Y64.516
G1 F1500 X151.188 Y58.416 E2768.72863
G0 F9000 X151.188 Y57.616
G0 X152.319 Y57.616
G0 X152.319 Y58.416
G1 F1500 X157.288 Y63.385 E2769.66353
G0 F9000 X158.089 Y63.385
G0 X158.089 Y62.253
G0 X157.288 Y62.253
G1 F1500 X153.451 Y58.416 E2770.38545
G0 F9000 X153.451 Y57.616
G0 X154.582 Y57.616
G0 X154.582 Y58.416
G1 F1500 X157.288 Y61.122 E2770.89458
G0 F9000 X158.089 Y61.122
G0 X158.089 Y59.99
G0 X157.288 Y59.99
G1 F1500 X155.714 Y58.416 E2771.19073
G0 F9000 X155.714 Y57.616
G0 X156.74 Y57.646
G0 X156.845 Y58.416
G1 F1500 X157.288 Y58.859 E2771.27408
G0 F9000 X158.789 Y58.859
G1 F1500 E2764.77408
;MESH:zanza fissa prolunga mobile.stl(5)
G0 F9000 X159.579 Y162.694
G0 X161.064 Y162.694
G0 X162.835 Y162.694
G0 X164.32 Y162.694
G0 X165.5 Y162.694
;TYPE:WALL-INNER
G1 F1500 E2771.27408
G1 X165.5 Y57.306 E2785.29495
G1 X177.5 Y57.306 E2786.89144
G1 X177.5 Y57 E2786.93215
G1 X179.499 Y57 E2787.1981
G1 X179.499 Y163 E2801.3004
G1 X177.5 Y163 E2801.56634
G1 X177.5 Y162.694 E2801.60705
G1 X165.5 Y162.694 E2803.20354
G0 F9000 X164.8 Y163.8
G1 F1500 X164.7 Y163.8 E2803.21684
G1 X164.7 Y163.494 E2803.25351
G1 X164.7 Y56.506 E2817.48725
G1 X164.7 Y56.2 E2817.52796
G1 X164.8 Y56.2
G1 X164.8 Y56.506 E2817.53306
G1 X176.7 Y56.506 E2819.11624
G1 X176.7 Y56.2 E2819.15695
G1 X180.299 Y56.2 E2819.63577
G1 X180.299 Y163.8 E2833.95093
G1 X176.7 Y163.8 E2834.42974
G1 X176.7 Y163.494 E2834.47045
G1 X164.8 Y163.494 E2836.03864
G1 X164.8 Y163.8 E2836.04374
G0 F9000 X165.6 Y164.294
;TYPE:WALL-OUTER
G1 F1500 X165.6 Y164.6 E2836.08445
G1 X163.9 Y164.6 E2836.31062
G1 X163.9 Y55.4 E2850.83864
G1 X165.6 Y55.4 E2851.06481
G1 X165.6 Y55.706 E2851.10552
G1 X175.9 Y55.706 E2852.47584
G1 X175.9 Y55.4 E2852.51655
G1 X181.099 Y55.4 E2853.20823
G1 X181.099 Y164.6 E2867.73625
G1 X175.9 Y164.6 E2868.42793
G1 X175.9 Y164.294 E2868.46864
G1 X165.6 Y164.294 E2869.83896
G0 F9000 X165.6 Y163.794
G0 X165.81 Y161.904
G0 X166.29 Y161.904
;TYPE:SKIN
G1 F1500 X166.29 Y58.096 E2883.64963
G1 X178.29 Y58.096 E2885.24612
G1 X178.29 Y57.79 E2885.28683
G1 X178.709 Y57.79 E2885.34257
G1 X178.709 Y162.21 E2899.23467
G1 X178.29 Y162.21 E2899.29041
G1 X178.29 Y161.904 E2899.33112
G1 X166.29 Y161.904 E2900.92761
G0 F9000 X165.81 Y161.904
G0 X165.882 Y162.312
G0 X167.241 Y162.384
G0 X167.241 Y161.584
G1 F1500 X166.609 Y160.952 E2901.04652
G0 F9000 X165.81 Y160.952
G0 X165.81 Y159.82
G0 X166.609 Y159.82
G1 F1500 X168.372 Y161.584 E2901.37832
G0 F9000 X168.372 Y162.384
G0 X169.504 Y162.384
G0 X169.504 Y161.584
G1 F1500 X166.609 Y158.689 E2901.923
G0 F9000 X165.81 Y158.689
G0 X165.81 Y157.558
G0 X166.609 Y157.558
G1 F1500 X170.635 Y161.584 E2902.68049
G0 F9000 X170.635 Y162.384
G0 X171.766 Y162.384
G0 X171.766 Y161.584
G1 F1500 X166.609 Y156.426 E2903.65086
G0 F9000 X165.81 Y156.426
G0 X165.81 Y155.295
G0 X166.609 Y155.295
G1 F1500 X172.898 Y161.584 E2904.83412
G0 F9000 X172.898 Y162.384
G0 X174.029 Y162.384
G0 X174.029 Y161.584
G1 F1500 X166.609 Y154.164 E2906.23018
G0 F9000 X165.81 Y154.164
G0 X165.81 Y153.032
G0 X166.609 Y153.032
G1 F1500 X175.16 Y161.584 E2907.83912
G0 F9000 X175.16 Y162.384
G0 X176.292 Y162.384
G0 X176.292 Y161.584
G1 F1500 X166.609 Y151.901 E2909.66096
G0 F9000 X165.81 Y151.901
G0 X165.81 Y150.77
G0 X166.609 Y150.77
G1 F1500 X177.423 Y161.584 E2911.69558
G0 F9000 X178.388 Y161.417
G1 F1500 X166.609 Y149.638 E2913.91178
G0 F9000 X165.81 Y149.638
G0 X165.81 Y148.507
G0 X166.609 Y148.507
G1 F1500 X178.388 Y160.286 E2916.12797
G0 F9000 X179.189 Y160.286
G0 X179.189 Y159.154
G0 X178.388 Y159.154
G1 F1500 X166.609 Y147.375 E2918.34416
G0 F9000 X165.81 Y147.375
G0 X165.81 Y146.244
G0 X166.609 Y146.244
G1 F1500 X178.388 Y158.023 E2920.56035
G0 F9000 X179.189 Y158.023
G0 X179.189 Y156.892
G0 X178.388 Y156.892
G1 F1500 X166.609 Y145.113 E2922.77655
G0 F9000 X165.81 Y145.113
G0 X165.81 Y143.981
G0 X166.609 Y143.981
G1 F1500 X178.388 Y155.76 E2924.99274
G0 F9000 X179.189 Y155.76
G0 X179.189 Y154.629
G0 X178.388 Y154.629
G1 F1500 X166.609 Y142.85 E2927.20893
G0 F9000 X165.81 Y142.85
G0 X165.81 Y141.719
G0 X166.609 Y141.719
G1 F1500 X178.388 Y153.498 E2929.42512
G0 F9000 X179.189 Y153.498
G0 X179.189 Y152.366
G0 X178.388 Y152.366
G1 F1500 X166.609 Y140.587 E2931.64131
G0 F9000 X165.81 Y140.587
G0 X165.81 Y139.456
G0 X166.609 Y139.456
G1 F1500 X178.388 Y151.235 E2933.85751
G0 F9000 X179.189 Y151.235
G0 X179.189 Y150.103
G0 X178.388 Y150.103
G1 F1500 X166.609 Y138.324 E2936.0737
G0 F9000 X165.81 Y138.324
G0 X165.81 Y137.193
G0 X166.609 Y137.193
G1 F1500 X178.388 Y148.972 E2938.28989
G0 F9000 X179.189 Y148.972
G0 X179.189 Y147.841
G0 X178.388 Y147.841
G1 F1500 X166.609 Y136.062 E2940.50608
G0 F9000 X165.81 Y136.062
G0 X165.81 Y134.93
G0 X166.609 Y134.93
G1 F1500 X178.388 Y146.709 E2942.72228
G0 F9000 X179.189 Y146.709
G0 X179.189 Y145.578
G0 X178.388 Y145.578
G1 F1500 X166.609 Y133.799 E2944.93847
G0 F9000 X165.81 Y133.799
G0 X165.81 Y132.668
G0 X166.609 Y132.668
G1 F1500 X178.388 Y144.447 E2947.15466
G0 F9000 X179.189 Y144.447
G0 X179.189 Y143.315
G0 X178.388 Y143.315
G1 F1500 X166.609 Y131.536 E2949.37085
G0 F9000 X165.81 Y131.536
G0 X165.81 Y130.405
G0 X166.609 Y130.405
G1 F1500 X178.388 Y142.184 E2951.58704
G0 F9000 X179.189 Y142.184
G0 X179.189 Y141.052
G0 X178.388 Y141.052
G1 F1500 X166.609 Y129.273 E2953.80324
G0 F9000 X165.81 Y129.273
G0 X165.81 Y128.142
G0 X166.609 Y128.142
G1 F1500 X178.388 Y139.921 E2956.01943
G0 F9000 X179.189 Y139.921
G0 X179.189 Y138.79
G0 X178.388 Y138.79
G1 F1500 X166.609 Y127.011 E2958.23562
G0 F9000 X165.81 Y127.011
G0 X165.81 Y125.879
G0 X166.609 Y125.879
G1 F1500 X178.388 Y137.658 E2960.45181
G0 F9000 X179.189 Y137.658
G0 X179.189 Y136.527
G0 X178.388 Y136.527
G1 F1500 X166.609 Y124.748 E2962.668
G0 F9000 X165.81 Y124.748
G0 X165.81 Y123.617
G0 X166.609 Y123.617
G1 F1500 X178.388 Y135.396 E2964.8842
G0 F9000 X179.189 Y135.396
G0 X179.189 Y134.264
G0 X178.388 Y134.264
G1 F1500 X166.609 Y122.485 E2967.10039
G0 F9000 X165.81 Y122.485
G0 X165.81 Y121.354
G0 X166.609 Y121.354
G1 F1500 X178.388 Y133.133 E2969.31658
G0 F9000 X179.189 Y133.133
G0 X179.189 Y132.001
G0 X178.388 Y132.001
G1 F1500 X166.609 Y120.223 E2971.53268
G0 F9000 X165.81 Y120.223
G0 X165.81 Y119.091
G0 X166.609 Y119.091
G1 F1500 X178.388 Y130.87 E2973.74887
G0 F9000 X179.189 Y130.87
G0 X179.189 Y129.739
G0 X178.388 Y129.739
G1 F1500 X166.609 Y117.96 E2975.96506
G0 F9000 X165.81 Y117.96
G0 X165.81 Y116.828
G0 X166.609 Y116.828
G1 F1500 X178.388 Y128.607 E2978.18126
G0 F9000 X179.189 Y128.607
G0 X179.189 Y127.476
G0 X178.388 Y127.476
G1 F1500 X166.609 Y115.697 E2980.39745
G0 F9000 X165.81 Y115.697
G0 X165.81 Y114.566
G0 X166.609 Y114.566
G1 F1500 X178.388 Y126.345 E2982.61364
G0 F9000 X179.189 Y126.345
G0 X179.189 Y125.213
G0 X178.388 Y125.213
G1 F1500 X166.609 Y113.434 E2984.82983
G0 F9000 X165.81 Y113.434
G0 X165.81 Y112.303
G0 X166.609 Y112.303
G1 F1500 X178.388 Y124.082 E2987.04602
G0 F9000 X179.189 Y124.082
G0 X179.189 Y122.951
G0 X178.388 Y122.951
G1 F1500 X166.609 Y111.172 E2989.26222
G0 F9000 X165.81 Y111.172
G0 X165.81 Y110.04
G0 X166.609 Y110.04
G1 F1500 X178.388 Y121.819 E2991.47841
G0 F9000 X179.189 Y121.819
G0 X179.189 Y120.688
G0 X178.388 Y120.688
G1 F1500 X166.609 Y108.909 E2993.6946
G0 F9000 X165.81 Y108.909
G0 X165.81 Y107.777
G0 X166.609 Y107.777
G1 F1500 X178.388 Y119.556 E2995.91079
G0 F9000 X179.189 Y119.556
G0 X179.189 Y118.425
G0 X178.388 Y118.425
G1 F1500 X166.609 Y106.646 E2998.12699
G0 F9000 X165.81 Y106.646
G0 X165.81 Y105.515
G0 X166.609 Y105.515
G1 F1500 X178.388 Y117.294 E3000.34318
G0 F9000 X179.189 Y117.294
G0 X179.189 Y116.162
G0 X178.388 Y116.162
G1 F1500 X166.609 Y104.383 E3002.55937
G0 F9000 X165.81 Y104.383
G0 X165.81 Y103.252
G0 X166.609 Y103.252
G1 F1500 X178.388 Y115.031 E3004.77556
G0 F9000 X179.189 Y115.031
G0 X179.189 Y113.9
G0 X178.388 Y113.9
G1 F1500 X166.609 Y102.121 E3006.99175
G0 F9000 X165.81 Y102.121
G0 X165.81 Y100.989
G0 X166.609 Y100.989
G1 F1500 X178.388 Y112.768 E3009.20795
G0 F9000 X179.189 Y112.768
G0 X179.189 Y111.637
G0 X178.388 Y111.637
G1 F1500 X166.609 Y99.858 E3011.42414
G0 F9000 X165.81 Y99.858
G0 X165.81 Y98.726
G0 X166.609 Y98.726
G1 F1500 X178.388 Y110.505 E3013.64033
G0 F9000 X179.189 Y110.505
G0 X179.189 Y109.374
G0 X178.388 Y109.374
G1 F1500 X166.609 Y97.595 E3015.85652
G0 F9000 X165.81 Y97.595
G0 X165.81 Y96.464
G0 X166.609 Y96.464
G1 F1500 X178.388 Y108.243 E3018.07272
G0 F9000 X179.189 Y108.243
G0 X179.189 Y107.111
G0 X178.388 Y107.111
G1 F1500 X166.609 Y95.332 E3020.28891
G0 F9000 X165.81 Y95.332
G0 X165.81 Y94.201
G0 X166.609 Y94.201
G1 F1500 X178.388 Y105.98 E3022.5051
G0 F9000 X179.189 Y105.98
G0 X179.189 Y104.849
G0 X178.388 Y104.849
G1 F1500 X166.609 Y93.07 E3024.72129
G0 F9000 X165.81 Y93.07
G0 X165.81 Y91.938
G0 X166.609 Y91.938
G1 F1500 X178.388 Y103.717 E3026.93748
G0 F9000 X179.189 Y103.717
G0 X179.189 Y102.586
G0 X178.388 Y102.586
G1 F1500 X166.609 Y90.807 E3029.15368
G0 F9000 X165.81 Y90.807
G0 X165.81 Y89.675
G0 X166.609 Y89.675
G1 F1500 X178.388 Y101.454 E3031.36987
G0 F9000 X179.189 Y101.454
G0 X179.189 Y100.323
G0 X178.388 Y100.323
G1 F1500 X166.609 Y88.544 E3033.58606
G0 F9000 X165.81 Y88.544
G0 X165.81 Y87.413
G0 X166.609 Y87.413
G1 F1500 X178.388 Y99.192 E3035.80225
G0 F9000 X179.189 Y99.192
G0 X179.189 Y98.06
G0 X178.388 Y98.06
G1 F1500 X166.609 Y86.281 E3038.01845
G0 F9000 X165.81 Y86.281
G0 X165.81 Y85.15
G0 X166.609 Y85.15
G1 F1500 X178.388 Y96.929 E3040.23464
G0 F9000 X179.189 Y96.929
G0 X179.189 Y95.798
G0 X178.388 Y95.798
G1 F1500 X166.609 Y84.019 E3042.45083
G0 F9000 X165.81 Y84.019
G0 X165.81 Y82.887
G0 X166.609 Y82.887
G1 F1500 X178.388 Y94.666 E3044.66702
G0 F9000 X179.189 Y94.666
G0 X179.189 Y93.535
G0 X178.388 Y93.535
G1 F1500 X166.609 Y81.756 E3046.88321
G0 F9000 X165.81 Y81.756
G0 X165.81 Y80.625
G0 X166.609 Y80.625
G1 F1500 X178.388 Y92.404 E3049.09941
G0 F9000 X179.189 Y92.404
G0 X179.189 Y91.272
G0 X178.388 Y91.272
G1 F1500 X166.609 Y79.493 E3051.3156
G0 F9000 X165.81 Y79.493
G0 X165.81 Y78.362
G0 X166.609 Y78.362
G1 F1500 X178.388 Y90.141 E3053.53179
G0 F9000 X179.189 Y90.141
G0 X179.189 Y89.009
G0 X178.388 Y89.009
G1 F1500 X166.609 Y77.23 E3055.74798
G0 F9000 X165.81 Y77.23
G0 X165.81 Y76.099
G0 X166.609 Y76.099
G1 F1500 X178.388 Y87.878 E3057.96417
G0 F9000 X179.189 Y87.878
G0 X179.189 Y86.747
G0 X178.388 Y86.747
G1 F1500 X166.609 Y74.968 E3060.18037
G0 F9000 X165.81 Y74.968
G0 X165.81 Y73.836
G0 X166.609 Y73.836
G1 F1500 X178.388 Y85.615 E3062.39656
G0 F9000 X179.189 Y85.615
G0 X179.189 Y84.484
G0 X178.388 Y84.484
G1 F1500 X166.609 Y72.705 E3064.61275
G0 F9000 X165.81 Y72.705
G0 X165.81 Y71.574
G0 X166.609 Y71.574
G1 F1500 X178.388 Y83.353 E3066.82894
G0 F9000 X179.189 Y83.353
G0 X179.189 Y82.221
G0 X178.388 Y82.221
G1 F1500 X166.609 Y70.442 E3069.04514
G0 F9000 X165.81 Y70.442
G0 X165.81 Y69.311
G0 X166.609 Y69.311
G1 F1500 X178.388 Y81.09 E3071.26133
G0 F9000 X179.189 Y81.09
G0 X179.189 Y79.958
G0 X178.388 Y79.958
G1 F1500 X166.609 Y68.179 E3073.47752
G0 F9000 X165.81 Y68.179
G0 X165.81 Y67.048
G0 X166.609 Y67.048
G1 F1500 X178.388 Y78.827 E3075.69371
G0 F9000 X179.189 Y78.827
G0 X179.189 Y77.696
G0 X178.388 Y77.696
G1 F1500 X166.609 Y65.917 E3077.9099
G0 F9000 X165.81 Y65.917
G0 X165.81 Y64.785
G0 X166.609 Y64.785
G1 F1500 X178.388 Y76.564 E3080.1261
G0 F9000 X179.189 Y76.564
G0 X179.189 Y75.433
G0 X178.388 Y75.433
G1 F1500 X166.609 Y63.654 E3082.34229
G0 F9000 X165.81 Y63.654
G0 X165.81 Y62.523
G0 X166.609 Y62.523
G1 F1500 X178.388 Y74.302 E3084.55848
G0 F9000 X179.189 Y74.302
G0 X179.189 Y73.17
G0 X178.388 Y73.17
G1 F1500 X166.609 Y61.391 E3086.77467
G0 F9000 X165.81 Y61.391
G0 X165.81 Y60.26
G0 X166.609 Y60.26
G1 F1500 X178.388 Y72.039 E3088.99087
G0 F9000 X179.189 Y72.039
G0 X179.189 Y70.907
G0 X178.388 Y70.907
G1 F1500 X166.609 Y59.128 E3091.20706
G0 F9000 X167.027 Y58.416
G1 F1500 X178.388 Y69.776 E3093.34451
G0 F9000 X179.189 Y69.776
G0 X179.189 Y68.645
G0 X178.388 Y68.645
G1 F1500 X168.159 Y58.416 E3095.26907
G0 F9000 X168.159 Y57.616
G0 X169.29 Y57.616
G0 X169.29 Y58.416
G1 F1500 X178.388 Y67.513 E3096.98075
G0 F9000 X179.189 Y67.513
G0 X179.189 Y66.382
G0 X178.388 Y66.382
G1 F1500 X170.421 Y58.416 E3098.47963
G0 F9000 X170.421 Y57.616
G0 X171.553 Y57.616
G0 X171.553 Y58.416
G1 F1500 X178.388 Y65.251 E3099.76562
G0 F9000 X179.189 Y65.251
G0 X179.189 Y64.119
G0 X178.388 Y64.119
G1 F1500 X172.684 Y58.416 E3100.83872
G0 F9000 X172.684 Y57.616
G0 X173.816 Y57.616
G0 X173.816 Y58.416
G1 F1500 X178.388 Y62.988 E3101.69893
G0 F9000 X179.189 Y62.988
G0 X179.189 Y61.856
G0 X178.388 Y61.856
G1 F1500 X174.947 Y58.416 E3102.34625
G0 F9000 X174.947 Y57.616
G0 X176.078 Y57.616
G0 X176.078 Y58.416
G1 F1500 X178.388 Y60.725 E3102.78078
G0 F9000 X179.189 Y60.725
G0 X179.189 Y59.594
G0 X178.388 Y59.594
G1 F1500 X177.21 Y58.416 E3103.00242
G0 F9000 X177.21 Y56.916
G1 F1500 E3096.50242
;MESH:NONMESH
G0 F300 X177.21 Y56.916 Z2.4
G0 F9000 X165.882 Y57.688
G0 X164.32 Y163.8
G0 X162.835 Y163.8
G0 X160.439 Y165.661
G0 X80.661 Y165.661
G0 X76.664 Y163.8
G0 X75.179 Y163.8
G0 X71.3 Y163.8
;TIME_ELAPSED:4675.574532
;LAYER:5
;TYPE:WALL-INNER
;MESH:zanza fissa prolunga mobile.stl(3)
G1 F1500 E3103.00242
G1 X71.2 Y163.8 E3103.01572
G1 X71.2 Y56.2 E3117.33088
G1 X71.3 Y56.2 E3117.34419
G1 X71.3 Y163.8 E3119.13582
G0 F9000 X71.63 Y164.13
G0 X72.1 Y164.6
;TYPE:WALL-OUTER
G1 F1500 X70.4 Y164.6 E3119.36199
G1 X70.4 Y55.4 E3133.89002
G1 X72.1 Y55.4 E3134.11619
G1 X72.1 Y164.6 E3148.64421
G0 F9000 X71.6 Y163.635
G1 F1500 E3142.14421
G0 F9000 X70.82 Y163.33
G0 X69.335 Y163.33
G0 X67.676 Y163.33
G0 X66.191 Y163.33
G0 X65.811 Y163.33
;TYPE:WALL-INNER
G1 F1500 E3148.64421
G1 X65.412 Y163.33 E3148.6973
G1 X64.7 Y163.329 E3148.79202
G1 X64.7 Y56.67 E3162.98199
G1 X65.811 Y56.67 E3163.1298
G1 X65.811 Y162.931 E3177.26682
G1 X65.811 Y163.33 E3177.30114
G0 F9000 X66.141 Y163.66
G0 X66.611 Y164.13
;TYPE:WALL-OUTER
G1 F1500 X63.9 Y164.129 E3177.66182
G1 X63.9 Y55.87 E3192.06465
G1 X66.611 Y55.87 E3192.42533
G1 X66.611 Y164.13 E3206.8283
G0 F9000 X66.141 Y163.66
G0 X65.034 Y162.936
G0 X65.254 Y162.715
;TYPE:SKIN
G1 F1500 X65.254 Y162.15 E3206.86987
G1 X65.254 Y57.498 E3214.57034
G1 X65.108 Y57.078 E3214.60306
G0 F9000 X65.1 Y57.153
G1 F1500 E3208.10306
G0 F9000 X64.314 Y163.715
G0 X62.835 Y163.715
G0 X61.165 Y163.715
G0 X59.68 Y163.715
G0 X59.3 Y163.8
;TYPE:WALL-INNER
G1 F1500 E3214.60306
G1 X59.2 Y163.8 E3214.61636
G1 X59.2 Y56.2 E3228.93152
G1 X59.3 Y56.2 E3228.94483
G1 X59.3 Y163.8 E3230.73646
G0 F9000 X59.63 Y164.13
G0 X60.1 Y164.6
;TYPE:WALL-OUTER
G1 F1500 X58.4 Y164.6 E3230.96263
G1 X58.4 Y55.4 E3245.49066
G1 X60.1 Y55.4 E3245.71683
G1 X60.1 Y164.6 E3260.24485
G0 F9000 X59.6 Y163.635
G1 F1500 E3253.74485
;MESH:zanza fissa prolunga mobile.stl(2)
G0 F9000 X61.165 Y163.8
G0 X63.46 Y165.19
G0 X69.96 Y165.661
G0 X86.74 Y165.661
G0 X93.24 Y165.191
G0 X95.535 Y163.8
G0 X97.02 Y163.8
G0 X97.5 Y163.8
;TYPE:WALL-INNER
G1 F1500 E3260.24485
G1 X97.4 Y163.8 E3260.25816
G1 X97.4 Y56.2 E3274.57332
G1 X97.5 Y56.2 E3274.58662
G1 X97.5 Y163.8 E3276.37826
G0 F9000 X97.83 Y164.13
G0 X98.3 Y164.6
;TYPE:WALL-OUTER
G1 F1500 X96.6 Y164.6 E3276.60443
G1 X96.6 Y55.4 E3291.13245
G1 X98.3 Y55.4 E3291.35862
G1 X98.3 Y164.6 E3305.88665
G0 F9000 X97.8 Y163.635
G1 F1500 E3299.38665
G0 F9000 X97.02 Y163.33
G0 X95.535 Y163.33
G0 X93.865 Y163.33
G0 X92.38 Y163.33
G0 X92 Y163.33
;TYPE:WALL-INNER
G1 F1500 E3305.88665
G1 X90.889 Y163.33 E3306.03446
G1 X90.889 Y57.069 E3320.17148
G1 X90.889 Y56.67 E3320.22456
G1 X91.288 Y56.67 E3320.25889
G1 X92 Y56.671 E3320.35361
G1 X92 Y163.33 E3334.54358
G0 F9000 X92.33 Y163.66
G0 X92.8 Y164.13
;TYPE:WALL-OUTER
G1 F1500 X90.089 Y164.13 E3334.90426
G1 X90.089 Y55.87 E3349.30722
G1 X92.8 Y55.871 E3349.6679
G1 X92.8 Y164.13 E3364.07073
G0 F9000 X92.33 Y163.66
G0 X91.664 Y162.894
G0 X91.614 Y162.943
;TYPE:SKIN
G1 F1500 X91.443 Y162.548 E3364.10231
G1 X91.443 Y57.33 E3371.82151
G0 F9000 X91.6 Y57.11
G1 F1500 E3365.32151
G0 F9000 X90.503 Y163.716
G0 X89.024 Y163.716
G0 X87.365 Y163.716
G0 X85.88 Y163.716
G0 X85.5 Y163.8
;TYPE:WALL-INNER
G1 F1500 E3371.82151
G1 X85.4 Y163.8 E3371.83481
G1 X85.4 Y56.2 E3386.14998
G1 X85.5 Y56.2 E3386.16328
G1 X85.5 Y163.8 E3387.95492
G0 F9000 X85.83 Y164.13
G0 X86.3 Y164.6
;TYPE:WALL-OUTER
G1 F1500 X84.6 Y164.6 E3388.18108
G1 X84.6 Y55.4 E3402.70911
G1 X86.3 Y55.4 E3402.93528
G1 X86.3 Y164.6 E3417.46331
G0 F9000 X85.8 Y163.635
G1 F1500 E3410.96331
;MESH:zanza fissa prolunga mobile.stl
G0 F9000 X87.365 Y163.8
G0 X89.649 Y165.191
G0 X96.16 Y165.661
G0 X102.74 Y165.661
G0 X109.251 Y165.191
G0 X111.535 Y163.8
G0 X113.02 Y163.8
G0 X113.4 Y163.8
;TYPE:WALL-INNER
G1 F1500 E3417.46331
G1 X113.4 Y56.2 E3431.77847
G1 X113.5 Y56.2 E3431.79177
G1 X113.5 Y163.8 E3433.58341
G1 X113.4 Y163.8 E3433.59671
G0 F9000 X113.07 Y164.13
G0 X112.6 Y164.6
;TYPE:WALL-OUTER
G1 F1500 X112.6 Y55.4 E3448.12474
G1 X114.3 Y55.4 E3448.35091
G1 X114.3 Y164.6 E3462.87894
G1 X112.6 Y164.6 E3463.1051
G0 F9000 X113.1 Y163.635
G1 F1500 E3456.6051
G0 F9000 X113.02 Y163.33
G0 X111.535 Y163.33
G0 X109.876 Y163.33
G0 X108.391 Y163.33
G0 X108.011 Y163.33
;TYPE:WALL-INNER
G1 F1500 E3463.1051
G1 X107.612 Y163.33 E3463.15819
G1 X106.9 Y163.329 E3463.25291
G1 X106.9 Y56.67 E3477.44288
G1 X108.011 Y56.67 E3477.59069
G1 X108.011 Y162.931 E3491.72771
G1 X108.011 Y163.33 E3491.76204
G0 F9000 X108.341 Y163.66
G0 X108.811 Y164.13
;TYPE:WALL-OUTER
G1 F1500 X106.1 Y164.129 E3492.12271
G1 X106.1 Y55.87 E3506.52555
G1 X108.811 Y55.87 E3506.88622
G1 X108.811 Y164.13 E3521.28919
G0 F9000 X108.341 Y163.66
G0 X107.675 Y162.722
G0 X107.539 Y162.857
;TYPE:SKIN
G1 F1500 X107.454 Y162.376 E3521.32504
G1 X107.454 Y57.724 E3529.00677
G1 X107.421 Y57.192 E3529.0459
G0 F9000 X107.608 Y57.07
G1 F1500 E3522.5459
G0 F9000 X106.514 Y163.715
G0 X105.035 Y163.715
G0 X103.365 Y163.715
G0 X101.88 Y163.715
G0 X101.5 Y163.8
;TYPE:WALL-INNER
G1 F1500 E3529.0459
G1 X101.4 Y163.8 E3529.0592
G1 X101.4 Y56.2 E3543.37436
G1 X101.5 Y56.2 E3543.38767
G1 X101.5 Y163.8 E3545.1793
G0 F9000 X101.83 Y164.13
G0 X102.3 Y164.6
;TYPE:WALL-OUTER
G1 F1500 X100.6 Y164.6 E3545.40547
G1 X100.6 Y55.4 E3559.9335
G1 X102.3 Y55.4 E3560.15967
G1 X102.3 Y164.6 E3574.68769
G0 F9000 X101.8 Y163.635
G1 F1500 E3568.18769
;MESH:zanza fissa prolunga mobile.stl(1)
G0 F9000 X103.365 Y163.8
G0 X105.66 Y165.19
G0 X112.16 Y165.661
G0 X114.74 Y165.661
G0 X120.635 Y163.8
G0 X122.12 Y163.8
G0 X122.5 Y163.8
;TYPE:WALL-INNER
G1 F1500 E3574.68769
G1 X122.5 Y56.2 E3589.00286
G1 X122.6 Y56.2 E3589.01616
G1 X122.6 Y163.8 E3590.80779
G1 X122.5 Y163.8 E3590.8211
G0 F9000 X122.17 Y164.13
G0 X121.7 Y164.6
;TYPE:WALL-OUTER
G1 F1500 X121.7 Y55.4 E3605.34913
G1 X123.4 Y55.4 E3605.57529
G1 X123.4 Y164.6 E3620.10332
G1 X121.7 Y164.6 E3620.32949
G0 F9000 X122.2 Y163.635
G1 F1500 E3613.82949
G0 F9000 X122.98 Y163.329
G0 X124.465 Y163.329
G0 X126.135 Y163.329
G0 X127.62 Y163.329
G0 X128 Y163.329
;TYPE:WALL-INNER
G1 F1500 E3620.32949
G1 X128 Y56.67 E3634.51946
G1 X129.111 Y56.67 E3634.66727
G1 X129.111 Y162.931 E3648.80429
G1 X129.111 Y163.33 E3648.85737
G1 X128.712 Y163.33 E3648.8917
G1 X128 Y163.329 E3648.98642
G0 F9000 X127.67 Y163.659
G0 X127.2 Y164.129
;TYPE:WALL-OUTER
G1 F1500 X127.2 Y55.87 E3663.38926
G1 X129.911 Y55.87 E3663.74993
G1 X129.911 Y164.13 E3678.1529
G1 X127.2 Y164.129 E3678.51357
G0 F9000 X127.67 Y163.659
G0 X128.334 Y162.993
G0 X128.554 Y162.772
;TYPE:SKIN
G1 F1500 X128.554 Y162.206 E3678.55524
G1 X128.554 Y57.555 E3686.25938
G1 X128.436 Y57.107 E3686.29349
G0 F9000 X128.4 Y57.209
G1 F1500 E3679.79349
G0 F9000 X129.497 Y163.716
G0 X130.976 Y163.716
G0 X132.635 Y163.716
G0 X134.12 Y163.716
G0 X134.5 Y163.8
;TYPE:WALL-INNER
G1 F1500 E3686.29349
G1 X134.5 Y56.2 E3700.60865
G1 X134.6 Y56.2 E3700.62195
G1 X134.6 Y163.8 E3702.41359
G1 X134.5 Y163.8 E3702.42689
G0 F9000 X134.17 Y164.13
G0 X133.7 Y164.6
;TYPE:WALL-OUTER
G1 F1500 X133.7 Y55.4 E3716.95492
G1 X135.4 Y55.4 E3717.18109
G1 X135.4 Y164.6 E3731.70911
G1 X133.7 Y164.6 E3731.93528
G0 F9000 X134.2 Y163.635
G1 F1500 E3725.43528
;MESH:zanza fissa prolunga mobile.stl(4)
G0 F9000 X134.98 Y163.8
G0 X136.465 Y163.8
G0 X141.735 Y163.8
G0 X143.22 Y163.8
G0 X143.6 Y163.8
;TYPE:WALL-INNER
G1 F1500 E3731.93528
G1 X143.6 Y56.2 E3746.25045
G1 X143.7 Y56.2 E3746.26375
G1 X143.7 Y163.8 E3748.05538
G1 X143.6 Y163.8 E3748.06869
G0 F9000 X143.27 Y164.13
G0 X142.8 Y164.6
;TYPE:WALL-OUTER
G1 F1500 X142.8 Y55.4 E3762.59672
G1 X144.5 Y55.4 E3762.82288
G1 X144.5 Y164.6 E3777.35091
G1 X142.8 Y164.6 E3777.57708
G0 F9000 X143.3 Y163.635
G1 F1500 E3771.07708
G0 F9000 X144.08 Y163.329
G0 X145.565 Y163.329
G0 X147.235 Y163.329
G0 X148.72 Y163.329
G0 X149.1 Y163.329
;TYPE:WALL-INNER
G1 F1500 E3777.57708
G1 X149.1 Y56.67 E3791.76705
G1 X150.211 Y56.67 E3791.91486
G1 X150.211 Y162.931 E3806.05188
G1 X150.211 Y163.33 E3806.10496
G1 X149.812 Y163.33 E3806.13929
G1 X149.1 Y163.329 E3806.23401
G0 F9000 X148.77 Y163.659
G0 X148.3 Y164.129
;TYPE:WALL-OUTER
G1 F1500 X148.3 Y55.87 E3820.63685
G1 X151.011 Y55.87 E3820.99752
G1 X151.011 Y164.13 E3835.40049
G1 X148.3 Y164.129 E3835.76116
G0 F9000 X148.77 Y163.659
G0 X149.434 Y162.823
G0 X149.654 Y162.602
;TYPE:SKIN
G1 F1500 X149.654 Y162.037 E3835.80281
G1 X149.654 Y57.385 E3843.51762
G0 F9000 X149.811 Y57.166
G1 F1500 E3837.01762
G0 F9000 X150.597 Y163.716
G0 X152.076 Y163.716
G0 X153.735 Y163.716
G0 X155.22 Y163.716
G0 X155.6 Y163.8
;TYPE:WALL-INNER
G1 F1500 E3843.51762
G1 X155.6 Y56.2 E3857.83278
G1 X155.7 Y56.2 E3857.84608
G1 X155.7 Y163.8 E3859.63772
G1 X155.6 Y163.8 E3859.65102
G0 F9000 X155.27 Y164.13
G0 X154.8 Y164.6
;TYPE:WALL-OUTER
G1 F1500 X154.8 Y55.4 E3874.17905
G1 X156.5 Y55.4 E3874.40522
G1 X156.5 Y164.6 E3888.93324
G1 X154.8 Y164.6 E3889.15941
G0 F9000 X155.3 Y163.635
G1 F1500 E3882.65941
;MESH:zanza fissa prolunga mobile.stl(5)
G0 F9000 X156.08 Y163.8
G0 X157.565 Y163.8
G0 X162.835 Y163.8
G0 X164.32 Y163.8
G0 X164.7 Y163.8
;TYPE:WALL-INNER
G1 F1500 E3889.15941
G1 X164.7 Y56.2 E3903.47457
G1 X164.8 Y56.2 E3903.48788
G1 X164.8 Y163.8 E3905.27951
G1 X164.7 Y163.8 E3905.29282
G0 F9000 X164.37 Y164.13
G0 X163.9 Y164.6
;TYPE:WALL-OUTER
G1 F1500 X163.9 Y55.4 E3919.82084
G1 X165.6 Y55.4 E3920.04701
G1 X165.6 Y164.6 E3934.57504
G1 X163.9 Y164.6 E3934.80121
G0 F9000 X164.4 Y163.635
G1 F1500 E3928.30121
G0 F9000 X165.18 Y163.329
G0 X166.665 Y163.329
G0 X168.335 Y163.329
G0 X169.82 Y163.329
G0 X170.2 Y163.329
;TYPE:WALL-INNER
G1 F1500 E3934.80121
G1 X170.2 Y56.67 E3948.99118
G1 X171.311 Y56.67 E3949.13899
G1 X171.311 Y162.931 E3963.27601
G1 X171.311 Y163.33 E3963.32909
G1 X170.912 Y163.33 E3963.36342
G1 X170.2 Y163.329 E3963.45814
G0 F9000 X169.87 Y163.659
G0 X169.4 Y164.129
;TYPE:WALL-OUTER
G1 F1500 X169.4 Y55.87 E3977.86098
G1 X172.111 Y55.87 E3978.22165
G1 X172.111 Y164.13 E3992.62462
G1 X169.4 Y164.129 E3992.98529
G0 F9000 X169.87 Y163.659
G0 X170.759 Y162.995
G0 X170.866 Y162.887
;TYPE:SKIN
G1 F1500 X170.754 Y162.433 E3993.01963
G1 X170.754 Y57.782 E4000.70499
G1 X170.75 Y57.22 E4000.74627
G0 F9000 X170.911 Y57.07
G1 F1500 E3994.24627
G0 F9000 X171.697 Y163.716
G0 X173.176 Y163.716
G0 X174.835 Y163.716
G0 X176.32 Y163.716
G0 X176.7 Y163.8
;TYPE:WALL-INNER
G1 F1500 E4000.74627
G1 X176.7 Y56.2 E4015.06143
G1 X176.8 Y56.2 E4015.07473
G1 X176.8 Y163.8 E4016.86637
G1 X176.7 Y163.8 E4016.87967
G0 F9000 X176.37 Y164.13
G0 X175.9 Y164.6
;TYPE:WALL-OUTER
G1 F1500 X175.9 Y55.4 E4031.4077
G1 X177.6 Y55.4 E4031.63387
G1 X177.6 Y164.6 E4046.16189
G1 X175.9 Y164.6 E4046.38806
G0 F9000 X176.4 Y163.635
G1 F1500 E4039.88806
;MESH:NONMESH
G0 F300 X176.4 Y163.635 Z2.8
G0 F9000 X174.835 Y163.8
G0 X172.551 Y165.191
G0 X166.04 Y165.661
G0 X84.16 Y165.661
G0 X73.165 Y163.8
G0 X71.68 Y163.8
G0 X71.3 Y163.8
;TIME_ELAPSED:5044.838476
;LAYER:6
;TYPE:WALL-INNER
;MESH:zanza fissa prolunga mobile.stl(3)
G1 F1500 E4046.38806
G1 X71.2 Y163.8 E4046.40137
G1 X71.2 Y56.2 E4060.71653
G1 X71.3 Y56.2 E4060.72983
G1 X71.3 Y163.8 E4062.52147
G0 F9000 X71.63 Y164.13
G0 X72.1 Y164.6
;TYPE:WALL-OUTER
G1 F1500 X70.4 Y164.6 E4062.74764
G1 X70.4 Y55.4 E4077.27566
G1 X72.1 Y55.4 E4077.50183
G1 X72.1 Y164.6 E4092.02986
G0 F9000 X71.6 Y163.635
G1 F1500 E4085.52986
G0 F9000 X70.82 Y163.135
G0 X69.335 Y163.135
G0 X67.676 Y163.135
G0 X66.191 Y163.135
G0 X65.811 Y163.135
;TYPE:WALL-INNER
G1 F1500 E4092.02986
G1 X65.412 Y163.135 E4092.08294
G1 X64.7 Y163.134 E4092.17767
G1 X64.7 Y56.865 E4106.31575
G1 X65.811 Y56.865 E4106.46356
G1 X65.811 Y162.736 E4120.5487
G1 X65.811 Y163.135 E4120.58302
G0 F9000 X66.141 Y163.465
G0 X66.611 Y163.935
;TYPE:WALL-OUTER
G1 F1500 X63.9 Y163.934 E4120.94369
G1 X63.9 Y56.065 E4135.29464
G1 X66.611 Y56.065 E4135.65532
G1 X66.611 Y163.935 E4150.0064
G0 F9000 X66.141 Y163.465
G0 X65.475 Y162.773
G0 X65.254 Y162.552
;TYPE:SKIN
G1 F1500 X65.254 Y161.987 E4150.0481
G1 X65.254 Y57.901 E4157.72988
G92 E0
G1 X65.297 Y57.377 E0.0388
G0 F9000 X65.119 Y57.265
G1 F1500 E-6.4612
G0 F9000 X64.314 Y163.52
G0 X62.835 Y163.52
G0 X61.165 Y163.52
G0 X59.68 Y163.52
G0 X59.3 Y163.8
;TYPE:WALL-INNER
G1 F1500 E0.0388
G1 X59.2 Y163.8 E0.05211
G1 X59.2 Y56.2 E14.36727
G1 X59.3 Y56.2 E14.38057
G1 X59.3 Y163.8 E16.17221
G0 F9000 X59.63 Y164.13
G0 X60.1 Y164.6
;TYPE:WALL-OUTER
G1 F1500 X58.4 Y164.6 E16.39838
G1 X58.4 Y55.4 E30.9264
G1 X60.1 Y55.4 E31.15257
G1 X60.1 Y164.6 E45.6806
G0 F9000 X59.6 Y163.635
G1 F1500 E39.1806
;MESH:zanza fissa prolunga mobile.stl(2)
G0 F9000 X61.165 Y163.8
G0 X63.46 Y164.995
G0 X69.96 Y165.661
G0 X86.74 Y165.661
G0 X93.24 Y164.996
G0 X95.535 Y163.8
G0 X97.02 Y163.8
G0 X97.5 Y163.8
;TYPE:WALL-INNER
G1 F1500 E45.6806
G1 X97.4 Y163.8 E45.6939
G1 X97.4 Y56.2 E60.00907
G1 X97.5 Y56.2 E60.02237
G1 X97.5 Y163.8 E61.814
G0 F9000 X97.83 Y164.13
G0 X98.3 Y164.6
;TYPE:WALL-OUTER
G1 F1500 X96.6 Y164.6 E62.04017
G1 X96.6 Y55.4 E76.5682
G1 X98.3 Y55.4 E76.79437
G1 X98.3 Y164.6 E91.3224
G0 F9000 X97.8 Y163.635
G1 F1500 E84.8224
G0 F9000 X97.02 Y163.135
G0 X95.535 Y163.135
G0 X93.865 Y163.135
G0 X92.38 Y163.135
G0 X92 Y163.135
;TYPE:WALL-INNER
G1 F1500 E91.3224
G1 X90.889 Y163.135 E91.4702
G1 X90.889 Y57.264 E105.55534
G1 X90.889 Y56.865 E105.60842
G1 X91.288 Y56.865 E105.64275
G1 X92 Y56.866 E105.73747
G1 X92 Y163.135 E119.87556
G0 F9000 X92.33 Y163.465
G0 X92.8 Y163.935
;TYPE:WALL-OUTER
G1 F1500 X90.089 Y163.935 E120.23623
G1 X90.089 Y56.065 E134.58731
G1 X92.8 Y56.066 E134.94799
G1 X92.8 Y163.935 E149.29894
G0 F9000 X92.33 Y163.465
G0 X91.522 Y162.799
G0 X91.372 Y162.649
;TYPE:SKIN
G1 F1500 X91.443 Y162.154 E149.33576
G1 X91.443 Y57.502 E157.0421
G0 F9000 X91.289 Y57.282
G1 F1500 E150.5421
G0 F9000 X90.503 Y163.521
G0 X89.024 Y163.521
G0 X87.365 Y163.521
G0 X85.88 Y163.521
G0 X85.5 Y163.8
;TYPE:WALL-INNER
G1 F1500 E157.0421
G1 X85.4 Y163.8 E157.05541
G1 X85.4 Y56.2 E171.37057
G1 X85.5 Y56.2 E171.38387
G1 X85.5 Y163.8 E173.17551
G0 F9000 X85.83 Y164.13
G0 X86.3 Y164.6
;TYPE:WALL-OUTER
G1 F1500 X84.6 Y164.6 E173.40168
G1 X84.6 Y55.4 E187.9297
G1 X86.3 Y55.4 E188.15587
G1 X86.3 Y164.6 E202.6839
G0 F9000 X85.8 Y163.635
G1 F1500 E196.1839
;MESH:zanza fissa prolunga mobile.stl
G0 F9000 X87.365 Y163.8
G0 X89.649 Y164.996
G0 X96.16 Y165.661
G0 X102.74 Y165.661
G0 X109.251 Y164.996
G0 X111.535 Y163.8
G0 X113.02 Y163.8
G0 X113.4 Y163.8
;TYPE:WALL-INNER
G1 F1500 E202.6839
G1 X113.4 Y56.2 E216.99906
G1 X113.5 Y56.2 E217.01237
G1 X113.5 Y163.8 E218.804
G1 X113.4 Y163.8 E218.81731
G0 F9000 X113.07 Y164.13
G0 X112.6 Y164.6
;TYPE:WALL-OUTER
G1 F1500 X112.6 Y55.4 E233.34533
G1 X114.3 Y55.4 E233.5715
G1 X114.3 Y164.6 E248.09953
G1 X112.6 Y164.6 E248.3257
G0 F9000 X113.1 Y163.635
G1 F1500 E241.8257
G0 F9000 X113.02 Y163.135
G0 X111.535 Y163.135
G0 X109.876 Y163.135
G0 X108.391 Y163.135
G0 X108.011 Y163.135
;TYPE:WALL-INNER
G1 F1500 E248.3257
G1 X107.612 Y163.135 E248.37878
G1 X106.9 Y163.134 E248.47351
G1 X106.9 Y56.865 E262.61159
G1 X108.011 Y56.865 E262.7594
G1 X108.011 Y162.736 E276.84453
G1 X108.011 Y163.135 E276.87886
G0 F9000 X108.341 Y163.465
G0 X108.811 Y163.935
;TYPE:WALL-OUTER
G1 F1500 X106.1 Y163.934 E277.23953
G1 X106.1 Y56.065 E291.59048
G1 X108.811 Y56.065 E291.95115
G1 X108.811 Y163.935 E306.30224
G0 F9000 X108.341 Y163.465
G0 X107.676 Y162.547
G0 X107.455 Y162.326
;TYPE:SKIN
G1 F1500 X107.455 Y161.76 E306.34393
G1 X107.454 Y107.454 E310.34461
G1 X107.454 Y57.674 E314.01187
G1 X107.61 Y57.264 E314.04418
G1 F1500 E307.54418
G0 F9000 X107.675 Y57.329
G0 X107.234 Y162.672
G1 F1500 E314.04418
G1 X107.36 Y162.797 E314.05599
G0 F9000 X107.36 Y162.735
G1 F1500 E307.55599
G0 F9000 X106.514 Y163.52
G0 X105.035 Y163.52
G0 X103.365 Y163.52
G0 X101.88 Y163.52
G0 X101.5 Y163.8
;TYPE:WALL-INNER
G1 F1500 E314.05599
G1 X101.4 Y163.8 E314.06929
G1 X101.4 Y56.2 E328.38446
G1 X101.5 Y56.2 E328.39776
G1 X101.5 Y163.8 E330.1894
G0 F9000 X101.83 Y164.13
G0 X102.3 Y164.6
;TYPE:WALL-OUTER
G1 F1500 X100.6 Y164.6 E330.41556
G1 X100.6 Y55.4 E344.94359
G1 X102.3 Y55.4 E345.16976
G1 X102.3 Y164.6 E359.69779
G0 F9000 X101.8 Y163.635
G1 F1500 E353.19779
;MESH:zanza fissa prolunga mobile.stl(1)
G0 F9000 X103.365 Y163.8
G0 X105.66 Y164.995
G0 X112.16 Y165.661
G0 X114.74 Y165.661
G0 X120.635 Y163.8
G0 X122.12 Y163.8
G0 X122.5 Y163.8
;TYPE:WALL-INNER
G1 F1500 E359.69779
G1 X122.5 Y56.2 E374.01295
G1 X122.6 Y56.2 E374.02625
G1 X122.6 Y163.8 E375.81789
G1 X122.5 Y163.8 E375.83119
G0 F9000 X122.17 Y164.13
G0 X121.7 Y164.6
;TYPE:WALL-OUTER
G1 F1500 X121.7 Y55.4 E390.35922
G1 X123.4 Y55.4 E390.58539
G1 X123.4 Y164.6 E405.11341
G1 X121.7 Y164.6 E405.33958
G0 F9000 X122.2 Y163.635
G1 F1500 E398.83958
G0 F9000 X122.98 Y163.134
G0 X124.465 Y163.134
G0 X126.135 Y163.134
G0 X127.62 Y163.134
G0 X128 Y163.134
;TYPE:WALL-INNER
G1 F1500 E405.33958
G1 X128 Y56.865 E419.47767
G1 X129.111 Y56.865 E419.62548
G1 X129.111 Y162.736 E433.71061
G1 X129.111 Y163.135 E433.7637
G1 X128.712 Y163.135 E433.79802
G1 X128 Y163.134 E433.89274
G0 F9000 X127.67 Y163.464
G0 X127.2 Y163.934
;TYPE:WALL-OUTER
G1 F1500 X127.2 Y56.065 E448.24369
G1 X129.911 Y56.065 E448.60437
G1 X129.911 Y163.935 E462.95545
G1 X127.2 Y163.934 E463.31612
G0 F9000 X127.67 Y163.464
G0 X128.776 Y162.717
G0 X128.555 Y162.496
;TYPE:SKIN
G1 F1500 X128.555 Y161.93 E463.35788
G1 X128.554 Y57.844 E471.03733
G1 X128.625 Y57.349 E471.07423
G0 F9000 X128.711 Y57.499
G1 F1500 E464.57423
G0 F9000 X129.497 Y163.521
G0 X130.976 Y163.521
G0 X132.635 Y163.521
G0 X134.12 Y163.521
G0 X134.5 Y163.8
;TYPE:WALL-INNER
G1 F1500 E471.07423
G1 X134.5 Y56.2 E485.38939
G1 X134.6 Y56.2 E485.40269
G1 X134.6 Y163.8 E487.19433
G1 X134.5 Y163.8 E487.20763
G0 F9000 X134.17 Y164.13
G0 X133.7 Y164.6
;TYPE:WALL-OUTER
G1 F1500 X133.7 Y55.4 E501.73566
G1 X135.4 Y55.4 E501.96183
G1 X135.4 Y164.6 E516.48986
G1 X133.7 Y164.6 E516.71603
G0 F9000 X134.2 Y163.635
G1 F1500 E510.21603
;MESH:zanza fissa prolunga mobile.stl(4)
G0 F9000 X134.98 Y163.8
G0 X136.465 Y163.8
G0 X141.735 Y163.8
G0 X143.22 Y163.8
G0 X143.6 Y163.8
;TYPE:WALL-INNER
G1 F1500 E516.71603
G1 X143.6 Y56.2 E531.03119
G1 X143.7 Y56.2 E531.04449
G1 X143.7 Y163.8 E532.83613
G1 X143.6 Y163.8 E532.84943
G0 F9000 X143.27 Y164.13
G0 X142.8 Y164.6
;TYPE:WALL-OUTER
G1 F1500 X142.8 Y55.4 E547.37746
G1 X144.5 Y55.4 E547.60363
G1 X144.5 Y164.6 E562.13165
G1 X142.8 Y164.6 E562.35782
G0 F9000 X143.3 Y163.635
G1 F1500 E555.85782
G0 F9000 X144.08 Y163.134
G0 X145.565 Y163.134
G0 X147.235 Y163.134
G0 X148.72 Y163.134
G0 X149.1 Y163.134
;TYPE:WALL-INNER
G1 F1500 E562.35782
G1 X149.1 Y56.865 E576.49591
G1 X150.211 Y56.865 E576.64372
G1 X150.211 Y162.736 E590.72885
G1 X150.211 Y163.135 E590.78193
G1 X149.812 Y163.135 E590.81626
G1 X149.1 Y163.134 E590.91098
G0 F9000 X148.77 Y163.464
G0 X148.3 Y163.934
;TYPE:WALL-OUTER
G1 F1500 X148.3 Y56.065 E605.26193
G1 X151.011 Y56.065 E605.62261
G1 X151.011 Y163.935 E619.97369
G1 X148.3 Y163.934 E620.33436
G0 F9000 X148.77 Y163.464
G0 X149.787 Y162.798
G0 X149.61 Y162.621
;TYPE:SKIN
G1 F1500 X149.655 Y162.1 E620.37298
G1 X149.654 Y57.447 E628.10116
G0 F9000 X149.5 Y57.265
G1 F1500 E621.60116
G0 F9000 X150.597 Y163.521
G0 X152.076 Y163.521
G0 X153.735 Y163.521
G0 X155.22 Y163.521
G0 X155.6 Y163.8
;TYPE:WALL-INNER
G1 F1500 E628.10116
G1 X155.6 Y56.2 E642.41632
G1 X155.7 Y56.2 E642.42962
G1 X155.7 Y163.8 E644.22126
G1 X155.6 Y163.8 E644.23456
G0 F9000 X155.27 Y164.13
G0 X154.8 Y164.6
;TYPE:WALL-OUTER
G1 F1500 X154.8 Y55.4 E658.76259
G1 X156.5 Y55.4 E658.98876
G1 X156.5 Y164.6 E673.51679
G1 X154.8 Y164.6 E673.74296
G0 F9000 X155.3 Y163.635
G1 F1500 E667.24296
;MESH:zanza fissa prolunga mobile.stl(5)
G0 F9000 X156.08 Y163.8
G0 X157.565 Y163.8
G0 X162.835 Y163.8
G0 X164.32 Y163.8
G0 X164.7 Y163.8
;TYPE:WALL-INNER
G1 F1500 E673.74296
G1 X164.7 Y56.2 E688.05812
G1 X164.8 Y56.2 E688.07142
G1 X164.8 Y163.8 E689.86306
G1 X164.7 Y163.8 E689.87636
G0 F9000 X164.37 Y164.13
G0 X163.9 Y164.6
;TYPE:WALL-OUTER
G1 F1500 X163.9 Y55.4 E704.40439
G1 X165.6 Y55.4 E704.63056
G1 X165.6 Y164.6 E719.15858
G1 X163.9 Y164.6 E719.38475
G0 F9000 X164.4 Y163.635
G1 F1500 E712.88475
G0 F9000 X165.18 Y163.134
G0 X166.665 Y163.134
G0 X168.335 Y163.134
G0 X169.82 Y163.134
G0 X170.2 Y163.134
;TYPE:WALL-INNER
G1 F1500 E719.38475
G1 X170.2 Y56.865 E733.52284
G1 X171.311 Y56.865 E733.67065
G1 X171.311 Y162.736 E747.75578
G1 X171.311 Y163.135 E747.80886
G1 X170.912 Y163.135 E747.84319
G1 X170.2 Y163.134 E747.93791
G0 F9000 X169.87 Y163.464
G0 X169.4 Y163.934
;TYPE:WALL-OUTER
G1 F1500 X169.4 Y56.065 E762.28886
G1 X172.111 Y56.065 E762.64954
G1 X172.111 Y163.935 E777.00062
G1 X169.4 Y163.934 E777.36129
G0 F9000 X169.87 Y163.464
G0 X170.533 Y162.614
G0 X170.625 Y162.706
;TYPE:SKIN
G1 F1500 X170.754 Y162.269 E777.39476
G1 X170.754 Y57.617 E785.08272
G1 X170.938 Y57.235 E785.11386
G0 F9000 X170.911 Y57.272
G1 F1500 E778.61386
G0 F9000 X171.697 Y163.521
G0 X173.176 Y163.521
G0 X174.835 Y163.521
G0 X176.32 Y163.521
G0 X176.7 Y163.8
;TYPE:WALL-INNER
G1 F1500 E785.11386
G1 X176.7 Y56.2 E799.42903
G1 X176.8 Y56.2 E799.44233
G1 X176.8 Y163.8 E801.23397
G1 X176.7 Y163.8 E801.24727
G0 F9000 X176.37 Y164.13
G0 X175.9 Y164.6
;TYPE:WALL-OUTER
G1 F1500 X175.9 Y55.4 E815.7753
G1 X177.6 Y55.4 E816.00147
G1 X177.6 Y164.6 E830.52949
G1 X175.9 Y164.6 E830.75566
G0 F9000 X176.4 Y163.635
G1 F1500 E824.25566
;MESH:NONMESH
G0 F300 X176.4 Y163.635 Z3.2
G0 F9000 X174.835 Y163.8
G0 X172.551 Y164.996
G0 X166.04 Y165.661
G0 X84.16 Y165.661
G0 X73.165 Y163.8
G0 X71.68 Y163.8
G0 X71.3 Y163.8
;TIME_ELAPSED:5497.493190
;LAYER:7
;TYPE:WALL-INNER
;MESH:zanza fissa prolunga mobile.stl(3)
G1 F1500 E830.75566
G1 X71.2 Y163.8 E830.76897
G1 X71.2 Y56.2 E845.08413
G1 X71.3 Y56.2 E845.09743
G1 X71.3 Y163.8 E846.88907
G0 F9000 X71.63 Y164.13
G0 X72.1 Y164.6
;TYPE:WALL-OUTER
G1 F1500 X70.4 Y164.6 E847.11524
G1 X70.4 Y55.4 E861.64326
G1 X72.1 Y55.4 E861.86943
G1 X72.1 Y164.6 E876.39746
G0 F9000 X71.6 Y163.635
G1 F1500 E869.89746
G0 F9000 X70.82 Y162.842
G0 X69.335 Y162.842
G0 X67.676 Y162.842
G0 X66.191 Y162.842
G0 X65.811 Y162.842
;TYPE:WALL-INNER
G1 F1500 E876.39746
G1 X65.412 Y162.842 E876.45054
G1 X64.7 Y162.841 E876.54527
G1 X64.7 Y57.557 E890.55231
G1 X64.7 Y57.158 E890.60539
G1 X65.099 Y57.158 E890.63971
G1 X65.811 Y57.159 E890.73444
G1 X65.811 Y162.443 E904.74148
G1 X65.811 Y162.842 E904.7758
G0 F9000 X66.141 Y163.172
G0 X66.611 Y163.642
;TYPE:WALL-OUTER
G1 F1500 X63.9 Y163.641 E905.13648
G1 X63.9 Y56.358 E919.40946
G1 X66.611 Y56.359 E919.77014
G1 X66.611 Y163.642 E934.04313
G0 F9000 X66.141 Y163.172
G0 X65.034 Y162.37
G0 X65.254 Y162.15
;TYPE:SKIN
G1 F1500 X65.254 Y161.584 E934.0848
G1 X65.254 Y58.064 E941.70766
G1 X65.147 Y57.606 E941.74229
G0 F9000 X65.1 Y57.719
G1 F1500 E935.24229
G0 F9000 X64.314 Y163.227
G0 X62.835 Y163.227
G0 X61.165 Y163.227
G0 X59.68 Y163.227
G0 X59.3 Y163.8
;TYPE:WALL-INNER
G1 F1500 E941.74229
G1 X59.2 Y163.8 E941.75559
G1 X59.2 Y56.2 E956.07076
G1 X59.3 Y56.2 E956.08406
G1 X59.3 Y163.8 E957.8757
G0 F9000 X59.63 Y164.13
G0 X60.1 Y164.6
;TYPE:WALL-OUTER
G1 F1500 X58.4 Y164.6 E958.10186
G1 X58.4 Y55.4 E972.62989
G1 X60.1 Y55.4 E972.85606
G1 X60.1 Y164.6 E987.38409
G0 F9000 X59.6 Y163.635
G1 F1500 E980.88409
;MESH:zanza fissa prolunga mobile.stl(2)
G0 F9000 X61.165 Y163.8
G0 X63.46 Y164.702
G0 X69.96 Y165.661
G0 X86.74 Y165.661
G0 X93.24 Y164.703
G0 X95.535 Y163.8
G0 X97.02 Y163.8
G0 X97.5 Y163.8
;TYPE:WALL-INNER
G1 F1500 E987.38409
G1 X97.4 Y163.8 E987.39739
G1 X97.4 Y56.2 E1001.71255
G1 X97.5 Y56.2 E1001.72586
G1 X97.5 Y163.8 E1003.51749
G0 F9000 X97.83 Y164.13
G0 X98.3 Y164.6
;TYPE:WALL-OUTER
G1 F1500 X96.6 Y164.6 E1003.74366
G1 X96.6 Y55.4 E1018.27169
G1 X98.3 Y55.4 E1018.49786
G1 X98.3 Y164.6 E1033.02588
G0 F9000 X97.8 Y163.635
G1 F1500 E1026.52588
G0 F9000 X97.02 Y162.842
G0 X95.535 Y162.842
G0 X93.865 Y162.842
G0 X92.38 Y162.842
G0 X92 Y162.842
;TYPE:WALL-INNER
G1 F1500 E1033.02588
G1 X91.601 Y162.842 E1033.07897
G1 X90.889 Y162.841 E1033.17369
G1 X90.889 Y57.557 E1047.18073
G1 X90.889 Y57.158 E1047.23382
G1 X91.288 Y57.158 E1047.26814
G1 X92 Y57.159 E1047.36286
G1 X92 Y162.443 E1061.36991
G1 X92 Y162.842 E1061.40423
G0 F9000 X92.33 Y163.172
G0 X92.8 Y163.642
;TYPE:WALL-OUTER
G1 F1500 X90.089 Y163.641 E1061.7649
G1 X90.089 Y56.358 E1076.03789
G1 X92.8 Y56.359 E1076.39856
G1 X92.8 Y163.642 E1090.67155
G0 F9000 X92.33 Y163.172
G0 X91.664 Y162.328
G0 X91.575 Y162.416
;TYPE:SKIN
G1 F1500 X91.444 Y161.982 E1090.7047
G1 X91.443 Y57.896 E1098.31626
G1 X91.252 Y57.521 E1098.34703
G0 F9000 X91.289 Y57.558
G1 F1500 E1091.84703
G0 F9000 X90.503 Y163.227
G0 X89.024 Y163.227
G0 X87.365 Y163.227
G0 X85.88 Y163.227
G0 X85.5 Y163.8
;TYPE:WALL-INNER
G1 F1500 E1098.34703
G1 X85.4 Y163.8 E1098.36034
G1 X85.4 Y56.2 E1112.6755
G1 X85.5 Y56.2 E1112.6888
G1 X85.5 Y163.8 E1114.48044
G0 F9000 X85.83 Y164.13
G0 X86.3 Y164.6
;TYPE:WALL-OUTER
G1 F1500 X84.6 Y164.6 E1114.70661
G1 X84.6 Y55.4 E1129.23463
G1 X86.3 Y55.4 E1129.4608
G1 X86.3 Y164.6 E1143.98883
G0 F9000 X85.8 Y163.635
G1 F1500 E1137.48883
;MESH:zanza fissa prolunga mobile.stl
G0 F9000 X87.365 Y163.8
G0 X89.649 Y164.702
G0 X96.16 Y165.661
G0 X102.74 Y165.661
G0 X109.251 Y164.703
G0 X111.535 Y163.8
G0 X113.02 Y163.8
G0 X113.4 Y163.8
;TYPE:WALL-INNER
G1 F1500 E1143.98883
G1 X113.4 Y56.2 E1158.30399
G1 X113.5 Y56.2 E1158.31729
G1 X113.5 Y163.8 E1160.10893
G1 X113.4 Y163.8 E1160.12223
G0 F9000 X113.07 Y164.13
G0 X112.6 Y164.6
;TYPE:WALL-OUTER
G1 F1500 X112.6 Y55.4 E1174.65026
G1 X114.3 Y55.4 E1174.87643
G1 X114.3 Y164.6 E1189.40446
G1 X112.6 Y164.6 E1189.63062
G0 F9000 X113.1 Y163.635
G1 F1500 E1183.13062
G0 F9000 X113.02 Y162.842
G0 X111.535 Y162.842
G0 X109.876 Y162.842
G0 X108.391 Y162.842
G0 X108.011 Y162.842
;TYPE:WALL-INNER
G1 F1500 E1189.63062
G1 X107.612 Y162.842 E1189.68371
G1 X106.9 Y162.841 E1189.77843
G1 X106.9 Y57.557 E1203.78547
G1 X106.9 Y57.158 E1203.83856
G1 X107.299 Y57.158 E1203.87288
G1 X108.011 Y57.159 E1203.96761
G1 X108.011 Y162.443 E1217.97465
G1 X108.011 Y162.842 E1218.00897
G0 F9000 X108.341 Y163.172
G0 X108.811 Y163.642
;TYPE:WALL-OUTER
G1 F1500 X106.1 Y163.641 E1218.36964
G1 X106.1 Y56.358 E1232.64263
G1 X108.811 Y56.359 E1233.0033
G1 X108.811 Y163.642 E1247.27629
G0 F9000 X108.341 Y163.172
G0 X107.326 Y162.505
G0 X107.5 Y162.33
;TYPE:SKIN
G1 F1500 X107.454 Y161.81 E1247.31474
G1 X107.454 Y57.724 E1254.98129
G0 F9000 X107.611 Y57.558
G1 F1500 E1248.48129
G0 F9000 X106.514 Y163.227
G0 X105.035 Y163.227
G0 X103.365 Y163.227
G0 X101.88 Y163.227
G0 X101.5 Y163.8
;TYPE:WALL-INNER
G1 F1500 E1254.98129
G1 X101.4 Y163.8 E1254.99459
G1 X101.4 Y56.2 E1269.30976
G1 X101.5 Y56.2 E1269.32306
G1 X101.5 Y163.8 E1271.11469
G0 F9000 X101.83 Y164.13
G0 X102.3 Y164.6
;TYPE:WALL-OUTER
G1 F1500 X100.6 Y164.6 E1271.34086
G1 X100.6 Y55.4 E1285.86889
G1 X102.3 Y55.4 E1286.09506
G1 X102.3 Y164.6 E1300.62309
G0 F9000 X101.8 Y163.635
G1 F1500 E1294.12309
;MESH:zanza fissa prolunga mobile.stl(1)
G0 F9000 X103.365 Y163.8
G0 X105.66 Y164.702
G0 X112.16 Y165.661
G0 X114.74 Y165.661
G0 X120.635 Y163.8
G0 X122.12 Y163.8
G0 X122.5 Y163.8
;TYPE:WALL-INNER
G1 F1500 E1300.62309
G1 X122.5 Y56.2 E1314.93825
G1 X122.6 Y56.2 E1314.95155
G1 X122.6 Y163.8 E1316.74319
G1 X122.5 Y163.8 E1316.75649
G0 F9000 X122.17 Y164.13
G0 X121.7 Y164.6
;TYPE:WALL-OUTER
G1 F1500 X121.7 Y55.4 E1331.28452
G1 X123.4 Y55.4 E1331.51069
G1 X123.4 Y164.6 E1346.03871
G1 X121.7 Y164.6 E1346.26488
G0 F9000 X122.2 Y163.635
G1 F1500 E1339.76488
G0 F9000 X122.98 Y162.841
G0 X124.465 Y162.841
G0 X126.135 Y162.841
G0 X127.62 Y162.841
G0 X128 Y162.841
;TYPE:WALL-INNER
G1 F1500 E1346.26488
G1 X128 Y57.557 E1360.27192
G1 X128 Y57.158 E1360.32501
G1 X128.399 Y57.158 E1360.35933
G1 X129.111 Y57.159 E1360.45406
G1 X129.111 Y162.443 E1374.4611
G1 X129.111 Y162.842 E1374.51418
G1 X128.712 Y162.842 E1374.5485
G1 X128 Y162.841 E1374.64323
G0 F9000 X127.67 Y163.171
G0 X127.2 Y163.641
;TYPE:WALL-OUTER
G1 F1500 X127.2 Y56.358 E1388.91622
G1 X129.911 Y56.359 E1389.27689
G1 X129.911 Y163.642 E1403.54988
G1 X127.2 Y163.641 E1403.91055
G0 F9000 X127.67 Y163.171
G0 X128.334 Y162.427
G0 X128.554 Y162.206
;TYPE:SKIN
G1 F1500 X128.554 Y161.641 E1403.95215
G1 X128.554 Y58.121 E1411.57405
G1 X128.475 Y57.634 E1411.61038
G0 F9000 X128.4 Y57.775
G1 F1500 E1405.11038
G0 F9000 X129.497 Y163.228
G0 X130.976 Y163.228
G0 X132.635 Y163.228
G0 X134.12 Y163.228
G0 X134.5 Y163.8
;TYPE:WALL-INNER
G1 F1500 E1411.61038
G1 X134.5 Y56.2 E1425.92554
G1 X134.6 Y56.2 E1425.93884
G1 X134.6 Y163.8 E1427.73048
G1 X134.5 Y163.8 E1427.74378
G0 F9000 X134.17 Y164.13
G0 X133.7 Y164.6
;TYPE:WALL-OUTER
G1 F1500 X133.7 Y55.4 E1442.27181
G1 X135.4 Y55.4 E1442.49798
G1 X135.4 Y164.6 E1457.02601
G1 X133.7 Y164.6 E1457.25217
G0 F9000 X134.2 Y163.635
G1 F1500 E1450.75217
;MESH:zanza fissa prolunga mobile.stl(4)
G0 F9000 X134.98 Y163.8
G0 X136.465 Y163.8
G0 X141.735 Y163.8
G0 X143.22 Y163.8
G0 X143.6 Y163.8
;TYPE:WALL-INNER
G1 F1500 E1457.25217
G1 X143.6 Y56.2 E1471.56734
G1 X143.7 Y56.2 E1471.58064
G1 X143.7 Y163.8 E1473.37228
G1 X143.6 Y163.8 E1473.38558
G0 F9000 X143.27 Y164.13
G0 X142.8 Y164.6
;TYPE:WALL-OUTER
G1 F1500 X142.8 Y55.4 E1487.91361
G1 X144.5 Y55.4 E1488.13978
G1 X144.5 Y164.6 E1502.6678
G1 X142.8 Y164.6 E1502.89397
G0 F9000 X143.3 Y163.635
G1 F1500 E1496.39397
G0 F9000 X144.08 Y162.841
G0 X145.565 Y162.841
G0 X147.235 Y162.841
G0 X148.72 Y162.841
G0 X149.1 Y162.841
;TYPE:WALL-INNER
G1 F1500 E1502.89397
G1 X149.1 Y57.557 E1516.90101
G1 X149.1 Y57.158 E1516.95409
G1 X149.499 Y57.158 E1516.98842
G1 X150.211 Y57.159 E1517.08314
G1 X150.211 Y162.443 E1531.09018
G1 X150.211 Y162.842 E1531.14327
G1 X149.812 Y162.842 E1531.17759
G1 X149.1 Y162.841 E1531.27232
G0 F9000 X148.77 Y163.171
G0 X148.3 Y163.641
;TYPE:WALL-OUTER
G1 F1500 X148.3 Y56.358 E1545.54531
G1 X151.011 Y56.359 E1545.90598
G1 X151.011 Y163.642 E1560.17897
G1 X148.3 Y163.641 E1560.53964
G0 F9000 X148.77 Y163.171
G0 X149.434 Y162.257
G0 X149.654 Y162.037
;TYPE:SKIN
G1 F1500 X149.654 Y161.471 E1560.58125
G1 X149.654 Y57.951 E1568.19174
G1 X149.49 Y57.549 E1568.22365
G1 F1500 E1561.72365
G0 F9000 X149.434 Y57.605
G0 X149.875 Y162.382
G1 F1500 E1568.22365
G1 X149.751 Y162.506 E1568.23532
G0 F9000 X149.751 Y162.442
G1 F1500 E1561.73532
G0 F9000 X150.597 Y163.228
G0 X152.076 Y163.228
G0 X153.735 Y163.228
G0 X155.22 Y163.228
G0 X155.6 Y163.8
;TYPE:WALL-INNER
G1 F1500 E1568.23532
G1 X155.6 Y56.2 E1582.55048
G1 X155.7 Y56.2 E1582.56379
G1 X155.7 Y163.8 E1584.35542
G1 X155.6 Y163.8 E1584.36872
G0 F9000 X155.27 Y164.13
G0 X154.8 Y164.6
;TYPE:WALL-OUTER
G1 F1500 X154.8 Y55.4 E1598.89675
G1 X156.5 Y55.4 E1599.12292
G1 X156.5 Y164.6 E1613.65095
G1 X154.8 Y164.6 E1613.87712
G0 F9000 X155.3 Y163.635
G1 F1500 E1607.37712
;MESH:zanza fissa prolunga mobile.stl(5)
G0 F9000 X156.08 Y163.8
G0 X157.565 Y163.8
G0 X162.835 Y163.8
G0 X164.32 Y163.8
G0 X164.7 Y163.8
;TYPE:WALL-INNER
G1 F1500 E1613.87712
G1 X164.7 Y56.2 E1628.19228
G1 X164.8 Y56.2 E1628.20558
G1 X164.8 Y163.8 E1629.99722
G1 X164.7 Y163.8 E1630.01052
G0 F9000 X164.37 Y164.13
G0 X163.9 Y164.6
;TYPE:WALL-OUTER
G1 F1500 X163.9 Y55.4 E1644.53855
G1 X165.6 Y55.4 E1644.76472
G1 X165.6 Y164.6 E1659.29274
G1 X163.9 Y164.6 E1659.51891
G0 F9000 X164.4 Y163.635
G1 F1500 E1653.01891
G0 F9000 X165.18 Y162.841
G0 X166.665 Y162.841
G0 X168.335 Y162.841
G0 X169.82 Y162.841
G0 X170.2 Y162.841
;TYPE:WALL-INNER
G1 F1500 E1659.51891
G1 X170.2 Y57.557 E1673.52595
G1 X170.2 Y57.158 E1673.57904
G1 X170.599 Y57.158 E1673.61336
G1 X171.311 Y57.159 E1673.70809
G1 X171.311 Y162.443 E1687.71513
G1 X171.311 Y162.842 E1687.76821
G1 X170.912 Y162.842 E1687.80253
G1 X170.2 Y162.841 E1687.89726
G0 F9000 X169.87 Y163.171
G0 X169.4 Y163.641
;TYPE:WALL-OUTER
G1 F1500 X169.4 Y56.358 E1702.17025
G1 X172.111 Y56.359 E1702.53092
G1 X172.111 Y163.642 E1716.80391
G1 X169.4 Y163.641 E1717.16458
G0 F9000 X169.87 Y163.171
G0 X170.682 Y162.506
G0 X170.828 Y162.359
;TYPE:SKIN
G1 F1500 X170.754 Y161.868 E1717.20109
G1 X170.754 Y57.782 E1724.85507
G0 F9000 X170.911 Y57.562
G1 F1500 E1718.35507
G0 F9000 X171.697 Y163.228
G0 X173.176 Y163.228
G0 X174.835 Y163.228
G0 X176.32 Y163.228
G0 X176.7 Y163.8
;TYPE:WALL-INNER
G1 F1500 E1724.85507
G1 X176.7 Y56.2 E1739.17023
G1 X176.8 Y56.2 E1739.18354
G1 X176.8 Y163.8 E1740.97517
G1 X176.7 Y163.8 E1740.98848
G0 F9000 X176.37 Y164.13
G0 X175.9 Y164.6
;TYPE:WALL-OUTER
G1 F1500 X175.9 Y55.4 E1755.5165
G1 X177.6 Y55.4 E1755.74267
G1 X177.6 Y164.6 E1770.2707
G1 X175.9 Y164.6 E1770.49687
G0 F9000 X176.4 Y163.635
G1 F1500 E1763.99687
;MESH:NONMESH
G0 F300 X176.4 Y163.635 Z3.6
G0 F9000 X174.835 Y163.8
G0 X172.551 Y164.703
G0 X166.04 Y165.661
G0 X84.16 Y165.661
G0 X73.165 Y163.8
G0 X71.68 Y163.8
G0 X71.3 Y163.8
;TIME_ELAPSED:5866.314450
;LAYER:8
;TYPE:WALL-INNER
;MESH:zanza fissa prolunga mobile.stl(3)
G1 F1500 E1770.49687
G1 X71.2 Y163.8 E1770.51017
G1 X71.2 Y56.2 E1784.82533
G1 X71.3 Y56.2 E1784.83864
G1 X71.3 Y163.8 E1786.63027
G0 F9000 X71.63 Y164.13
G0 X72.1 Y164.6
;TYPE:WALL-OUTER
G1 F1500 X70.4 Y164.6 E1786.85644
G1 X70.4 Y55.4 E1801.38447
G1 X72.1 Y55.4 E1801.61064
G1 X72.1 Y164.6 E1816.13866
G0 F9000 X71.6 Y163.635
G1 F1500 E1809.63866
G0 F9000 X70.82 Y162.536
G0 X69.335 Y162.536
G0 X67.676 Y162.536
G0 X66.191 Y162.536
G0 X65.811 Y162.536
;TYPE:WALL-INNER
G1 F1500 E1816.13866
G1 X65.412 Y162.536 E1816.19175
G1 X64.7 Y162.535 E1816.28647
G1 X64.7 Y57.863 E1830.21209
G1 X64.7 Y57.464 E1830.26517
G1 X65.099 Y57.464 E1830.2995
G1 X65.811 Y57.465 E1830.39422
G1 X65.811 Y162.137 E1844.31984
G1 X65.811 Y162.536 E1844.35417
G0 F9000 X66.141 Y162.866
G0 X66.611 Y163.336
;TYPE:WALL-OUTER
G1 F1500 X63.9 Y163.335 E1844.71484
G1 X63.9 Y56.664 E1858.90641
G1 X66.611 Y56.665 E1859.26708
G1 X66.611 Y163.336 E1873.45865
G0 F9000 X66.141 Y162.866
G0 X65.467 Y162.199
G0 X65.25 Y161.982
;TYPE:SKIN
G1 F1500 X65.254 Y161.421 E1873.50008
G1 X65.254 Y58.466 E1881.10401
G1 X65.314 Y57.96 E1881.14165
G0 F9000 X65.153 Y57.864
G1 F1500 E1874.64165
G0 F9000 X64.314 Y162.921
G0 X62.835 Y162.921
G0 X61.165 Y162.921
G0 X59.68 Y162.921
G0 X59.3 Y163.8
;TYPE:WALL-INNER
G1 F1500 E1881.14165
G1 X59.2 Y163.8 E1881.15495
G1 X59.2 Y56.2 E1895.47011
G1 X59.3 Y56.2 E1895.48342
G1 X59.3 Y163.8 E1897.27505
G0 F9000 X59.63 Y164.13
G0 X60.1 Y164.6
;TYPE:WALL-OUTER
G1 F1500 X58.4 Y164.6 E1897.50122
G1 X58.4 Y55.4 E1912.02925
G1 X60.1 Y55.4 E1912.25542
G1 X60.1 Y164.6 E1926.78344
G0 F9000 X59.6 Y163.635
G1 F1500 E1920.28344
;MESH:zanza fissa prolunga mobile.stl(2)
G0 F9000 X61.165 Y163.8
G0 X63.46 Y164.396
G0 X69.96 Y165.661
G0 X86.74 Y165.661
G0 X92.59 Y164.524
G0 X95.535 Y163.8
G0 X97.02 Y163.8
G0 X97.5 Y163.8
;TYPE:WALL-INNER
G1 F1500 E1926.78344
G1 X97.4 Y163.8 E1926.79675
G1 X97.4 Y56.2 E1941.11191
G1 X97.5 Y56.2 E1941.12521
G1 X97.5 Y163.8 E1942.91685
G0 F9000 X97.83 Y164.13
G0 X98.3 Y164.6
;TYPE:WALL-OUTER
G1 F1500 X96.6 Y164.6 E1943.14302
G1 X96.6 Y55.4 E1957.67104
G1 X98.3 Y55.4 E1957.89721
G1 X98.3 Y164.6 E1972.42524
G0 F9000 X97.8 Y163.635
G1 F1500 E1965.92524
G0 F9000 X97.02 Y162.536
G0 X95.535 Y162.536
G0 X93.865 Y162.536
G0 X92.38 Y162.536
G0 X92 Y162.536
;TYPE:WALL-INNER
G1 F1500 E1972.42524
G1 X91.601 Y162.536 E1972.47832
G1 X90.889 Y162.535 E1972.57305
G1 X90.889 Y57.863 E1986.49867
G1 X90.889 Y57.464 E1986.55175
G1 X91.288 Y57.464 E1986.58608
G1 X92 Y57.465 E1986.6808
G1 X92 Y162.137 E2000.60642
G1 X92 Y162.536 E2000.64074
G0 F9000 X92.33 Y162.866
G0 X92.8 Y163.336
;TYPE:WALL-OUTER
G1 F1500 X90.089 Y163.335 E2001.00142
G1 X90.089 Y56.664 E2015.19298
G1 X92.8 Y56.665 E2015.55366
G1 X92.8 Y163.336 E2029.74523
G0 F9000 X92.33 Y162.866
G0 X91.489 Y162.199
G0 X91.356 Y162.066
;TYPE:SKIN
G1 F1500 X91.444 Y161.589 E2029.781
G1 X91.444 Y58.068 E2037.4171
G0 F9000 X91.289 Y57.864
G1 F1500 E2030.9171
G0 F9000 X90.503 Y162.921
G0 X89.024 Y162.921
G0 X87.365 Y162.921
G0 X85.88 Y162.921
G0 X85.5 Y163.8
;TYPE:WALL-INNER
G1 F1500 E2037.4171
G1 X85.4 Y163.8 E2037.4304
G1 X85.4 Y56.2 E2051.74556
G1 X85.5 Y56.2 E2051.75887
G1 X85.5 Y163.8 E2053.5505
G0 F9000 X85.83 Y164.13
G0 X86.3 Y164.6
;TYPE:WALL-OUTER
G1 F1500 X84.6 Y164.6 E2053.77667
G1 X84.6 Y55.4 E2068.3047
G1 X86.3 Y55.4 E2068.53087
G1 X86.3 Y164.6 E2083.05889
G0 F9000 X85.8 Y163.635
G1 F1500 E2076.55889
;MESH:zanza fissa prolunga mobile.stl
G0 F9000 X87.365 Y163.8
G0 X89.649 Y164.396
G0 X96.16 Y165.661
G0 X102.74 Y165.661
G0 X108.599 Y164.524
G0 X111.535 Y163.8
G0 X113.02 Y163.8
G0 X113.4 Y163.8
;TYPE:WALL-INNER
G1 F1500 E2083.05889
G1 X113.4 Y56.2 E2097.37406
G1 X113.5 Y56.2 E2097.38736
G1 X113.5 Y163.8 E2099.17899
G1 X113.4 Y163.8 E2099.1923
G0 F9000 X113.07 Y164.13
G0 X112.6 Y164.6
;TYPE:WALL-OUTER
G1 F1500 X112.6 Y55.4 E2113.72033
G1 X114.3 Y55.4 E2113.94649
G1 X114.3 Y164.6 E2128.47452
G1 X112.6 Y164.6 E2128.70069
G0 F9000 X113.1 Y163.635
G1 F1500 E2122.20069
G0 F9000 X113.02 Y162.536
G0 X111.535 Y162.536
G0 X109.876 Y162.536
G0 X108.391 Y162.536
G0 X108.011 Y162.536
;TYPE:WALL-INNER
G1 F1500 E2128.70069
G1 X107.612 Y162.536 E2128.75377
G1 X106.9 Y162.535 E2128.8485
G1 X106.9 Y57.863 E2142.77412
G1 X106.9 Y57.464 E2142.8272
G1 X107.299 Y57.464 E2142.86153
G1 X108.011 Y57.465 E2142.95625
G1 X108.011 Y162.137 E2156.88187
G1 X108.011 Y162.536 E2156.91619
G0 F9000 X108.341 Y162.866
G0 X108.811 Y163.336
;TYPE:WALL-OUTER
G1 F1500 X106.1 Y163.335 E2157.27687
G1 X106.1 Y56.664 E2171.46844
G1 X108.811 Y56.665 E2171.82911
G1 X108.811 Y163.336 E2186.02068
G0 F9000 X108.341 Y162.866
G0 X107.676 Y161.981
G0 X107.455 Y161.76
;TYPE:SKIN
G1 F1500 X107.455 Y161.195 E2186.06239
G1 X107.455 Y58.24 E2193.6642
G1 X107.628 Y57.847 E2193.69591
G1 F1500 E2187.19591
G0 F9000 X107.676 Y57.895
G0 X107.234 Y162.105
G1 F1500 E2193.69591
G1 X107.328 Y162.199 E2193.70475
G0 F9000 X107.328 Y162.136
G1 F1500 E2187.20475
G0 F9000 X106.514 Y162.921
G0 X105.035 Y162.921
G0 X103.365 Y162.921
G0 X101.88 Y162.921
G0 X101.5 Y163.8
;TYPE:WALL-INNER
G1 F1500 E2193.70475
G1 X101.4 Y163.8 E2193.71805
G1 X101.4 Y56.2 E2208.03322
G1 X101.5 Y56.2 E2208.04652
G1 X101.5 Y163.8 E2209.83815
G0 F9000 X101.83 Y164.13
G0 X102.3 Y164.6
;TYPE:WALL-OUTER
G1 F1500 X100.6 Y164.6 E2210.06432
G1 X100.6 Y55.4 E2224.59235
G1 X102.3 Y55.4 E2224.81852
G1 X102.3 Y164.6 E2239.34655
G0 F9000 X101.8 Y163.635
G1 F1500 E2232.84655
;MESH:zanza fissa prolunga mobile.stl(1)
G0 F9000 X103.365 Y163.8
G0 X105.66 Y164.396
G0 X112.16 Y165.661
G0 X114.74 Y165.661
G0 X120.635 Y163.8
G0 X122.12 Y163.8
G0 X122.5 Y163.8
;TYPE:WALL-INNER
G1 F1500 E2239.34655
G1 X122.5 Y56.2 E2253.66171
G1 X122.6 Y56.2 E2253.67501
G1 X122.6 Y163.8 E2255.46665
G1 X122.5 Y163.8 E2255.47995
G0 F9000 X122.17 Y164.13
G0 X121.7 Y164.6
;TYPE:WALL-OUTER
G1 F1500 X121.7 Y55.4 E2270.00798
G1 X123.4 Y55.4 E2270.23415
G1 X123.4 Y164.6 E2284.76217
G1 X121.7 Y164.6 E2284.98834
G0 F9000 X122.2 Y163.635
G1 F1500 E2278.48834
G0 F9000 X122.98 Y162.535
G0 X124.465 Y162.535
G0 X126.135 Y162.535
G0 X127.62 Y162.535
G0 X128 Y162.535
;TYPE:WALL-INNER
G1 F1500 E2284.98834
G1 X128 Y57.863 E2298.91396
G1 X128 Y57.464 E2298.96705
G1 X128.399 Y57.464 E2299.00137
G1 X129.111 Y57.465 E2299.09609
G1 X129.111 Y162.137 E2313.02171
G1 X129.111 Y162.536 E2313.0748
G1 X128.712 Y162.536 E2313.10912
G1 X128 Y162.535 E2313.20385
G0 F9000 X127.67 Y162.865
G0 X127.2 Y163.335
;TYPE:WALL-OUTER
G1 F1500 X127.2 Y56.664 E2327.39541
G1 X129.911 Y56.665 E2327.75609
G1 X129.911 Y163.336 E2341.94765
G1 X127.2 Y163.335 E2342.30833
G0 F9000 X127.67 Y162.865
G0 X128.775 Y162.15
G0 X128.554 Y161.929
;TYPE:SKIN
G1 F1500 X128.554 Y161.364 E2342.35
G1 X128.554 Y58.409 E2349.94285
G1 X128.642 Y57.931 E2349.9787
G0 F9000 X128.711 Y58.064
G1 F1500 E2343.4787
G0 F9000 X129.497 Y162.922
G0 X130.976 Y162.922
G0 X132.635 Y162.922
G0 X134.12 Y162.922
G0 X134.5 Y163.8
;TYPE:WALL-INNER
G1 F1500 E2349.9787
G1 X134.5 Y56.2 E2364.29386
G1 X134.6 Y56.2 E2364.30716
G1 X134.6 Y163.8 E2366.0988
G1 X134.5 Y163.8 E2366.1121
G0 F9000 X134.17 Y164.13
G0 X133.7 Y164.6
;TYPE:WALL-OUTER
G1 F1500 X133.7 Y55.4 E2380.64013
G1 X135.4 Y55.4 E2380.8663
G1 X135.4 Y164.6 E2395.39433
G1 X133.7 Y164.6 E2395.62049
G0 F9000 X134.2 Y163.635
G1 F1500 E2389.12049
;MESH:zanza fissa prolunga mobile.stl(4)
G0 F9000 X134.98 Y163.8
G0 X136.465 Y163.8
G0 X141.735 Y163.8
G0 X143.22 Y163.8
G0 X143.6 Y163.8
;TYPE:WALL-INNER
G1 F1500 E2395.62049
G1 X143.6 Y56.2 E2409.93566
G1 X143.7 Y56.2 E2409.94896
G1 X143.7 Y163.8 E2411.7406
G1 X143.6 Y163.8 E2411.7539
G0 F9000 X143.27 Y164.13
G0 X142.8 Y164.6
;TYPE:WALL-OUTER
G1 F1500 X142.8 Y55.4 E2426.28193
G1 X144.5 Y55.4 E2426.5081
G1 X144.5 Y164.6 E2441.03612
G1 X142.8 Y164.6 E2441.26229
G0 F9000 X143.3 Y163.635
G1 F1500 E2434.76229
G0 F9000 X144.08 Y162.535
G0 X145.565 Y162.535
G0 X147.235 Y162.535
G0 X148.72 Y162.535
G0 X149.1 Y162.535
;TYPE:WALL-INNER
G1 F1500 E2441.26229
G1 X149.1 Y57.863 E2455.18791
G1 X149.1 Y57.464 E2455.24099
G1 X149.499 Y57.464 E2455.27532
G1 X150.211 Y57.465 E2455.37004
G1 X150.211 Y162.137 E2469.29566
G1 X150.211 Y162.536 E2469.34875
G1 X149.812 Y162.536 E2469.38307
G1 X149.1 Y162.535 E2469.4778
G0 F9000 X148.77 Y162.865
G0 X148.3 Y163.335
;TYPE:WALL-OUTER
G1 F1500 X148.3 Y56.664 E2483.66936
G1 X151.011 Y56.665 E2484.03004
G1 X151.011 Y163.336 E2498.2216
G1 X148.3 Y163.335 E2498.58228
G0 F9000 X148.77 Y162.865
G0 X149.754 Y162.199
G0 X149.594 Y162.039
;TYPE:SKIN
G1 F1500 X149.654 Y161.533 E2498.61983
G1 X149.657 Y58.016 E2506.24966
G0 F9000 X149.5 Y57.864
G1 F1500 E2499.74966
G0 F9000 X150.597 Y162.922
G0 X152.076 Y162.922
G0 X153.735 Y162.922
G0 X155.22 Y162.922
G0 X155.6 Y163.8
;TYPE:WALL-INNER
G1 F1500 E2506.24966
G1 X155.6 Y56.2 E2520.56482
G1 X155.7 Y56.2 E2520.57813
G1 X155.7 Y163.8 E2522.36976
G1 X155.6 Y163.8 E2522.38307
G0 F9000 X155.27 Y164.13
G0 X154.8 Y164.6
;TYPE:WALL-OUTER
G1 F1500 X154.8 Y55.4 E2536.91109
G1 X156.5 Y55.4 E2537.13726
G1 X156.5 Y164.6 E2551.66529
G1 X154.8 Y164.6 E2551.89146
G0 F9000 X155.3 Y163.635
G1 F1500 E2545.39146
;MESH:zanza fissa prolunga mobile.stl(5)
G0 F9000 X156.08 Y163.8
G0 X157.565 Y163.8
G0 X162.835 Y163.8
G0 X164.32 Y163.8
G0 X164.7 Y163.8
;TYPE:WALL-INNER
G1 F1500 E2551.89146
G1 X164.7 Y56.2 E2566.20662
G1 X164.8 Y56.2 E2566.21992
G1 X164.8 Y163.8 E2568.01156
G1 X164.7 Y163.8 E2568.02486
G0 F9000 X164.37 Y164.13
G0 X163.9 Y164.6
;TYPE:WALL-OUTER
G1 F1500 X163.9 Y55.4 E2582.55289
G1 X165.6 Y55.4 E2582.77906
G1 X165.6 Y164.6 E2597.30709
G1 X163.9 Y164.6 E2597.53325
G0 F9000 X164.4 Y163.635
G1 F1500 E2591.03325
G0 F9000 X165.18 Y162.535
G0 X166.665 Y162.535
G0 X168.335 Y162.535
G0 X169.82 Y162.535
G0 X170.2 Y162.535
;TYPE:WALL-INNER
G1 F1500 E2597.53325
G1 X170.2 Y57.863 E2611.45887
G1 X170.2 Y57.464 E2611.51196
G1 X170.599 Y57.464 E2611.54628
G1 X171.311 Y57.465 E2611.64101
G1 X171.311 Y162.137 E2625.56663
G1 X171.311 Y162.536 E2625.61971
G1 X170.912 Y162.536 E2625.65403
G1 X170.2 Y162.535 E2625.74876
G0 F9000 X169.87 Y162.865
G0 X169.4 Y163.335
;TYPE:WALL-OUTER
G1 F1500 X169.4 Y56.664 E2639.94033
G1 X172.111 Y56.665 E2640.301
G1 X172.111 Y163.336 E2654.49257
G1 X169.4 Y163.335 E2654.85324
G0 F9000 X169.87 Y162.865
G0 X170.685 Y162.2
G0 X170.609 Y162.124
;TYPE:SKIN
G1 F1500 X170.754 Y161.703 E2654.88598
G1 X170.754 Y58.183 E2662.49751
G0 F9000 X170.6 Y57.962
G1 F1500 E2655.99751
G0 F9000 X171.697 Y162.922
G0 X173.176 Y162.922
G0 X174.835 Y162.922
G0 X176.32 Y162.922
G0 X176.7 Y163.8
;TYPE:WALL-INNER
G1 F1500 E2662.49751
G1 X176.7 Y56.2 E2676.81267
G1 X176.8 Y56.2 E2676.82598
G1 X176.8 Y163.8 E2678.61761
G1 X176.7 Y163.8 E2678.63091
G0 F9000 X176.37 Y164.13
G0 X175.9 Y164.6
;TYPE:WALL-OUTER
G1 F1500 X175.9 Y55.4 E2693.15894
G1 X177.6 Y55.4 E2693.38511
G1 X177.6 Y164.6 E2707.91314
G1 X175.9 Y164.6 E2708.13931
G0 F9000 X176.4 Y163.635
G1 F1500 E2701.63931
;MESH:NONMESH
G0 F300 X176.4 Y163.635 Z4
G0 F9000 X174.835 Y163.8
G0 X172.551 Y164.397
G0 X166.04 Y165.661
G0 X84.16 Y165.661
G0 X73.165 Y163.8
G0 X71.68 Y163.8
G0 X71.3 Y163.8
;TIME_ELAPSED:6234.522293
;LAYER:9
;TYPE:WALL-INNER
;MESH:zanza fissa prolunga mobile.stl(3)
G1 F1500 E2708.13931
G1 X71.2 Y163.8 E2708.15261
G1 X71.2 Y56.2 E2722.46777
G1 X71.3 Y56.2 E2722.48108
G1 X71.3 Y163.8 E2724.27271
G0 F9000 X71.63 Y164.13
G0 X72.1 Y164.6
;TYPE:WALL-OUTER
G1 F1500 X70.4 Y164.6 E2724.49888
G1 X70.4 Y55.4 E2739.02691
G1 X72.1 Y55.4 E2739.25308
G1 X72.1 Y164.6 E2753.7811
G0 F9000 X71.6 Y163.635
G1 F1500 E2747.2811
G0 F9000 X70.82 Y162.184
G0 X69.335 Y162.184
G0 X67.676 Y162.184
G0 X66.191 Y162.184
G0 X65.811 Y162.184
;TYPE:WALL-INNER
G1 F1500 E2753.7811
G1 X65.412 Y162.184 E2753.83419
G1 X64.7 Y162.183 E2753.92891
G1 X64.7 Y58.215 E2767.76087
G1 X64.7 Y57.816 E2767.81395
G1 X65.099 Y57.816 E2767.84828
G1 X65.811 Y57.817 E2767.943
G1 X65.811 Y161.785 E2781.77496
G1 X65.811 Y162.184 E2781.80929
G0 F9000 X66.141 Y162.514
G0 X66.611 Y162.984
;TYPE:WALL-OUTER
G1 F1500 X63.9 Y162.983 E2782.16996
G1 X63.9 Y57.016 E2796.26787
G1 X66.611 Y57.017 E2796.62854
G1 X66.611 Y162.984 E2810.72645
G0 F9000 X66.141 Y162.514
G0 X65.034 Y161.805
G0 X65.254 Y161.584
;TYPE:SKIN
G1 F1500 X65.254 Y161.018 E2810.76809
G1 X65.254 Y58.629 E2818.30183
G1 X65.101 Y58.217 E2818.33416
G0 F9000 X65.1 Y58.284
G1 F1500 E2811.83416
G0 F9000 X64.314 Y162.569
G0 X62.835 Y162.569
G0 X61.165 Y162.569
G0 X59.68 Y162.569
G0 X59.3 Y163.8
;TYPE:WALL-INNER
G1 F1500 E2818.33416
G1 X59.2 Y163.8 E2818.34747
G1 X59.2 Y56.2 E2832.66263
G1 X59.3 Y56.2 E2832.67593
G1 X59.3 Y163.8 E2834.46757
G0 F9000 X59.63 Y164.13
G0 X60.1 Y164.6
;TYPE:WALL-OUTER
G1 F1500 X58.4 Y164.6 E2834.69374
G1 X58.4 Y55.4 E2849.22176
G1 X60.1 Y55.4 E2849.44793
G1 X60.1 Y164.6 E2863.97596
G0 F9000 X59.6 Y163.635
G1 F1500 E2857.47596
;MESH:zanza fissa prolunga mobile.stl(2)
G0 F9000 X61.165 Y163.8
G0 X69.96 Y165.661
G0 X86.74 Y165.661
G0 X95.535 Y163.8
G0 X97.02 Y163.8
G0 X97.5 Y163.8
;TYPE:WALL-INNER
G1 F1500 E2863.97596
G1 X97.4 Y163.8 E2863.98926
G1 X97.4 Y56.2 E2878.30443
G1 X97.5 Y56.2 E2878.31773
G1 X97.5 Y163.8 E2880.10937
G0 F9000 X97.83 Y164.13
G0 X98.3 Y164.6
;TYPE:WALL-OUTER
G1 F1500 X96.6 Y164.6 E2880.33553
G1 X96.6 Y55.4 E2894.86356
G1 X98.3 Y55.4 E2895.08973
G1 X98.3 Y164.6 E2909.61776
G0 F9000 X97.8 Y163.635
G1 F1500 E2903.11776
G0 F9000 X97.02 Y162.184
G0 X95.535 Y162.184
G0 X93.865 Y162.184
G0 X92.38 Y162.184
G0 X92 Y162.184
;TYPE:WALL-INNER
G1 F1500 E2909.61776
G1 X91.601 Y162.184 E2909.67084
G1 X90.889 Y162.183 E2909.76557
G1 X90.889 Y58.215 E2923.59752
G1 X90.889 Y57.816 E2923.65061
G1 X91.288 Y57.816 E2923.68493
G1 X92 Y57.817 E2923.77966
G1 X92 Y161.785 E2937.61162
G1 X92 Y162.184 E2937.64594
G0 F9000 X92.33 Y162.514
G0 X92.8 Y162.984
;TYPE:WALL-OUTER
G1 F1500 X90.089 Y162.983 E2938.00661
G1 X90.089 Y57.016 E2952.10452
G1 X92.8 Y57.017 E2952.46519
G1 X92.8 Y162.984 E2966.5631
G0 F9000 X92.33 Y162.514
G0 X91.578 Y161.848
G0 X91.621 Y161.805
;TYPE:SKIN
G1 F1500 X91.443 Y161.417 E2966.59442
G1 X91.443 Y58.462 E2974.14936
G0 F9000 X91.6 Y58.242
G1 F1500 E2967.64936
G0 F9000 X90.503 Y162.569
G0 X89.024 Y162.569
G0 X87.365 Y162.569
G0 X85.88 Y162.569
G0 X85.5 Y163.8
;TYPE:WALL-INNER
G1 F1500 E2974.14936
G1 X85.4 Y163.8 E2974.16267
G1 X85.4 Y56.2 E2988.47783
G1 X85.5 Y56.2 E2988.49113
G1 X85.5 Y163.8 E2990.28277
G0 F9000 X85.83 Y164.13
G0 X86.3 Y164.6
;TYPE:WALL-OUTER
G1 F1500 X84.6 Y164.6 E2990.50894
G1 X84.6 Y55.4 E3005.03696
G1 X86.3 Y55.4 E3005.26313
G1 X86.3 Y164.6 E3019.79116
G0 F9000 X85.8 Y163.635
G1 F1500 E3013.29116
;MESH:zanza fissa prolunga mobile.stl
G0 F9000 X87.365 Y163.8
G0 X96.16 Y165.661
G0 X102.74 Y165.661
G0 X111.535 Y163.8
G0 X113.02 Y163.8
G0 X113.4 Y163.8
;TYPE:WALL-INNER
G1 F1500 E3019.79116
G1 X113.4 Y56.2 E3034.10632
G1 X113.5 Y56.2 E3034.11963
G1 X113.5 Y163.8 E3035.91126
G1 X113.4 Y163.8 E3035.92457
G0 F9000 X113.07 Y164.13
G0 X112.6 Y164.6
;TYPE:WALL-OUTER
G1 F1500 X112.6 Y55.4 E3050.45259
G1 X114.3 Y55.4 E3050.67876
G1 X114.3 Y164.6 E3065.20679
G1 X112.6 Y164.6 E3065.43296
G0 F9000 X113.1 Y163.635
G1 F1500 E3058.93296
G0 F9000 X113.02 Y162.184
G0 X111.535 Y162.184
G0 X109.876 Y162.184
G0 X108.391 Y162.184
G0 X108.011 Y162.184
;TYPE:WALL-INNER
G1 F1500 E3065.43296
G1 X107.612 Y162.184 E3065.48604
G1 X106.9 Y162.183 E3065.58077
G1 X106.9 Y58.215 E3079.41272
G1 X106.9 Y57.816 E3079.46581
G1 X107.299 Y57.816 E3079.50013
G1 X108.011 Y57.817 E3079.59486
G1 X108.011 Y161.785 E3093.42682
G1 X108.011 Y162.184 E3093.46114
G0 F9000 X108.341 Y162.514
G0 X108.811 Y162.984
;TYPE:WALL-OUTER
G1 F1500 X106.1 Y162.983 E3093.82181
G1 X106.1 Y57.016 E3107.91972
G1 X108.811 Y57.017 E3108.28039
G1 X108.811 Y162.984 E3122.3783
G0 F9000 X108.341 Y162.514
G0 X107.418 Y161.848
G0 X107.546 Y161.719
;TYPE:SKIN
G1 F1500 X107.454 Y161.245 E3122.41379
G1 X107.454 Y58.856 E3129.94038
G1 X107.414 Y58.33 E3129.97916
G0 F9000 X107.594 Y58.216
G1 F1500 E3123.47916
G0 F9000 X106.514 Y162.569
G0 X105.035 Y162.569
G0 X103.365 Y162.569
G0 X101.88 Y162.569
G0 X101.5 Y163.8
;TYPE:WALL-INNER
G1 F1500 E3129.97916
G1 X101.4 Y163.8 E3129.99246
G1 X101.4 Y56.2 E3144.30762
G1 X101.5 Y56.2 E3144.32093
G1 X101.5 Y163.8 E3146.11256
G0 F9000 X101.83 Y164.13
G0 X102.3 Y164.6
;TYPE:WALL-OUTER
G1 F1500 X100.6 Y164.6 E3146.33873
G1 X100.6 Y55.4 E3160.86676
G1 X102.3 Y55.4 E3161.09293
G1 X102.3 Y164.6 E3175.62096
G0 F9000 X101.8 Y163.635
G1 F1500 E3169.12096
;MESH:zanza fissa prolunga mobile.stl(1)
G0 F9000 X103.365 Y163.8
G0 X112.16 Y165.661
G0 X114.74 Y165.661
G0 X120.635 Y163.8
G0 X122.12 Y163.8
G0 X122.5 Y163.8
;TYPE:WALL-INNER
G1 F1500 E3175.62096
G1 X122.5 Y56.2 E3189.93612
G1 X122.6 Y56.2 E3189.94942
G1 X122.6 Y163.8 E3191.74106
G1 X122.5 Y163.8 E3191.75436
G0 F9000 X122.17 Y164.13
G0 X121.7 Y164.6
;TYPE:WALL-OUTER
G1 F1500 X121.7 Y55.4 E3206.28239
G1 X123.4 Y55.4 E3206.50856
G1 X123.4 Y164.6 E3221.03658
G1 X121.7 Y164.6 E3221.26275
G0 F9000 X122.2 Y163.635
G1 F1500 E3214.76275
G0 F9000 X122.98 Y162.183
G0 X124.465 Y162.183
G0 X126.135 Y162.183
G0 X127.62 Y162.183
G0 X128 Y162.183
;TYPE:WALL-INNER
G1 F1500 E3221.26275
G1 X128 Y58.215 E3235.09471
G1 X128 Y57.816 E3235.14779
G1 X128.399 Y57.816 E3235.18212
G1 X129.111 Y57.817 E3235.27684
G1 X129.111 Y161.785 E3249.1088
G1 X129.111 Y162.184 E3249.16189
G1 X128.712 Y162.184 E3249.19621
G1 X128 Y162.183 E3249.29094
G0 F9000 X127.67 Y162.513
G0 X127.2 Y162.983
;TYPE:WALL-OUTER
G1 F1500 X127.2 Y57.016 E3263.38884
G1 X129.911 Y57.017 E3263.74952
G1 X129.911 Y162.984 E3277.84742
G1 X127.2 Y162.983 E3278.20809
G0 F9000 X127.67 Y162.513
G0 X128.348 Y161.848
G0 X128.561 Y161.634
;TYPE:SKIN
G1 F1500 X128.554 Y161.075 E3278.24924
G1 X128.554 Y58.686 E3285.78475
G1 X128.429 Y58.246 E3285.81841
G0 F9000 X128.4 Y58.341
G1 F1500 E3279.31841
G0 F9000 X129.497 Y162.57
G0 X130.976 Y162.57
G0 X132.635 Y162.57
G0 X134.12 Y162.57
G0 X134.5 Y163.8
;TYPE:WALL-INNER
G1 F1500 E3285.81841
G1 X134.5 Y56.2 E3300.13357
G1 X134.6 Y56.2 E3300.14688
G1 X134.6 Y163.8 E3301.93851
G1 X134.5 Y163.8 E3301.95182
G0 F9000 X134.17 Y164.13
G0 X133.7 Y164.6
;TYPE:WALL-OUTER
G1 F1500 X133.7 Y55.4 E3316.47984
G1 X135.4 Y55.4 E3316.70601
G1 X135.4 Y164.6 E3331.23404
G1 X133.7 Y164.6 E3331.46021
G0 F9000 X134.2 Y163.635
G1 F1500 E3324.96021
;MESH:zanza fissa prolunga mobile.stl(4)
G0 F9000 X134.98 Y163.8
G0 X136.465 Y163.8
G0 X141.735 Y163.8
G0 X143.22 Y163.8
G0 X143.6 Y163.8
;TYPE:WALL-INNER
G1 F1500 E3331.46021
G1 X143.6 Y56.2 E3345.77537
G1 X143.7 Y56.2 E3345.78867
G1 X143.7 Y163.8 E3347.58031
G1 X143.6 Y163.8 E3347.59361
G0 F9000 X143.27 Y164.13
G0 X142.8 Y164.6
;TYPE:WALL-OUTER
G1 F1500 X142.8 Y55.4 E3362.12164
G1 X144.5 Y55.4 E3362.34781
G1 X144.5 Y164.6 E3376.87584
G1 X142.8 Y164.6 E3377.102
G0 F9000 X143.3 Y163.635
G1 F1500 E3370.602
G0 F9000 X144.08 Y162.183
G0 X145.565 Y162.183
G0 X147.235 Y162.183
G0 X148.72 Y162.183
G0 X149.1 Y162.183
;TYPE:WALL-INNER
G1 F1500 E3377.102
G1 X149.1 Y58.215 E3390.93396
G1 X149.1 Y57.816 E3390.98705
G1 X149.499 Y57.816 E3391.02137
G1 X150.211 Y57.817 E3391.1161
G1 X150.211 Y161.785 E3404.94806
G1 X150.211 Y162.184 E3405.00114
G1 X149.812 Y162.184 E3405.03546
G1 X149.1 Y162.183 E3405.13019
G0 F9000 X148.77 Y162.513
G0 X148.3 Y162.983
;TYPE:WALL-OUTER
G1 F1500 X148.3 Y57.016 E3419.22809
G1 X151.011 Y57.017 E3419.58877
G1 X151.011 Y162.984 E3433.68667
G1 X148.3 Y162.983 E3434.04735
G0 F9000 X148.77 Y162.513
G0 X149.434 Y161.691
G0 X149.654 Y161.471
;TYPE:SKIN
G1 F1500 X149.654 Y160.905 E3434.0891
G1 X149.654 Y58.516 E3441.64255
G0 F9000 X149.811 Y58.296
G1 F1500 E3435.14255
G0 F9000 X150.597 Y162.57
G0 X152.076 Y162.57
G0 X153.735 Y162.57
G0 X155.22 Y162.57
G0 X155.6 Y163.8
;TYPE:WALL-INNER
G1 F1500 E3441.64255
G1 X155.6 Y56.2 E3455.95771
G1 X155.7 Y56.2 E3455.97101
G1 X155.7 Y163.8 E3457.76265
G1 X155.6 Y163.8 E3457.77595
G0 F9000 X155.27 Y164.13
G0 X154.8 Y164.6
;TYPE:WALL-OUTER
G1 F1500 X154.8 Y55.4 E3472.30398
G1 X156.5 Y55.4 E3472.53015
G1 X156.5 Y164.6 E3487.05818
G1 X154.8 Y164.6 E3487.28435
G0 F9000 X155.3 Y163.635
G1 F1500 E3480.78435
;MESH:zanza fissa prolunga mobile.stl(5)
G0 F9000 X156.08 Y163.8
G0 X157.565 Y163.8
G0 X162.835 Y163.8
G0 X164.32 Y163.8
G0 X164.7 Y163.8
;TYPE:WALL-INNER
G1 F1500 E3487.28435
G1 X164.7 Y56.2 E3501.59951
G1 X164.8 Y56.2 E3501.61281
G1 X164.8 Y163.8 E3503.40445
G1 X164.7 Y163.8 E3503.41775
G0 F9000 X164.37 Y164.13
G0 X163.9 Y164.6
;TYPE:WALL-OUTER
G1 F1500 X163.9 Y55.4 E3517.94578
G1 X165.6 Y55.4 E3518.17195
G1 X165.6 Y164.6 E3532.69997
G1 X163.9 Y164.6 E3532.92614
G0 F9000 X164.4 Y163.635
G1 F1500 E3526.42614
G0 F9000 X165.18 Y162.183
G0 X166.665 Y162.183
G0 X168.335 Y162.183
G0 X169.82 Y162.183
G0 X170.2 Y162.183
;TYPE:WALL-INNER
G1 F1500 E3532.92614
G1 X170.2 Y58.215 E3546.7581
G1 X170.2 Y57.816 E3546.81118
G1 X170.599 Y57.816 E3546.84551
G1 X171.311 Y57.817 E3546.94023
G1 X171.311 Y161.785 E3560.77219
G1 X171.311 Y162.184 E3560.82528
G1 X170.912 Y162.184 E3560.8596
G1 X170.2 Y162.183 E3560.95433
G0 F9000 X169.87 Y162.513
G0 X169.4 Y162.983
;TYPE:WALL-OUTER
G1 F1500 X169.4 Y57.016 E3575.05223
G1 X172.111 Y57.017 E3575.41291
G1 X172.111 Y162.984 E3589.51081
G1 X169.4 Y162.983 E3589.87148
G0 F9000 X169.87 Y162.513
G0 X170.774 Y161.848
G0 X170.874 Y161.748
;TYPE:SKIN
G1 F1500 X170.754 Y161.302 E3589.90539
G1 X170.754 Y58.913 E3597.42284
G1 X170.742 Y58.359 E3597.46353
G0 F9000 X170.911 Y58.216
G1 F1500 E3590.96353
G0 F9000 X171.697 Y162.57
G0 X173.176 Y162.57
G0 X174.835 Y162.57
G0 X176.32 Y162.57
G0 X176.7 Y163.8
;TYPE:WALL-INNER
G1 F1500 E3597.46353
G1 X176.7 Y56.2 E3611.77869
G1 X176.8 Y56.2 E3611.79199
G1 X176.8 Y163.8 E3613.58363
G1 X176.7 Y163.8 E3613.59693
G0 F9000 X176.37 Y164.13
G0 X175.9 Y164.6
;TYPE:WALL-OUTER
G1 F1500 X175.9 Y55.4 E3628.12496
G1 X177.6 Y55.4 E3628.35113
G1 X177.6 Y164.6 E3642.87916
G1 X175.9 Y164.6 E3643.10533
G0 F9000 X176.4 Y163.635
G1 F1500 E3636.60533
;MESH:NONMESH
G0 F300 X176.4 Y163.635 Z4.4
G0 F9000 X174.835 Y163.8
G0 X166.04 Y165.661
G0 X84.16 Y165.661
G0 X73.165 Y163.8
G0 X71.68 Y163.8
G0 X71.3 Y163.8
;TIME_ELAPSED:6601.399229
;LAYER:10
;TYPE:WALL-INNER
;MESH:zanza fissa prolunga mobile.stl(3)
G1 F1500 E3643.10533
G1 X71.2 Y163.8 E3643.11863
G1 X71.2 Y56.2 E3657.43379
G1 X71.3 Y56.2 E3657.4471
G1 X71.3 Y163.8 E3659.23873
G0 F9000 X71.63 Y164.13
G0 X72.1 Y164.6
;TYPE:WALL-OUTER
G1 F1500 X70.4 Y164.6 E3659.4649
G1 X70.4 Y55.4 E3673.99293
G1 X72.1 Y55.4 E3674.2191
G1 X72.1 Y164.6 E3688.74712
G0 F9000 X71.6 Y163.635
G1 F1500 E3682.24712
G0 F9000 X70.82 Y161.663
G0 X69.335 Y161.663
G0 X67.676 Y161.663
G0 X66.191 Y161.663
G0 X65.811 Y161.663
;TYPE:WALL-INNER
G1 F1500 E3688.74712
G1 X65.412 Y161.663 E3688.80021
G1 X64.7 Y161.662 E3688.89493
G1 X64.7 Y58.736 E3702.58826
G1 X64.7 Y58.337 E3702.64134
G1 X65.099 Y58.337 E3702.67567
G1 X65.811 Y58.338 E3702.77039
G1 X65.811 Y161.264 E3716.46372
G1 X65.811 Y161.663 E3716.49805
G0 F9000 X66.141 Y161.993
G0 X66.611 Y162.463
;TYPE:WALL-OUTER
G1 F1500 X63.9 Y162.462 E3716.85872
G1 X63.9 Y57.537 E3730.818
G1 X66.611 Y57.538 E3731.17867
G1 X66.611 Y162.463 E3745.13795
G0 F9000 X66.141 Y161.993
G0 X65.475 Y161.076
G0 X65.254 Y160.855
;TYPE:SKIN
G1 F1500 X65.254 Y160.29 E3745.17968
G1 X65.254 Y59.032 E3752.65836
G1 F1500 E3746.15836
G0 F9000 X65.034 Y58.812
G0 X65.034 Y161.201
G1 F1500 E3752.65836
G1 X65.159 Y161.326 E3752.67011
G0 F9000 X65.159 Y161.263
G1 F1500 E3746.17011
G0 F9000 X64.314 Y162.048
G0 X62.835 Y162.048
G0 X61.165 Y162.048
G0 X59.68 Y162.048
G0 X59.3 Y163.8
;TYPE:WALL-INNER
G1 F1500 E3752.67011
G1 X59.2 Y163.8 E3752.68342
G1 X59.2 Y56.2 E3766.99858
G1 X59.3 Y56.2 E3767.01188
G1 X59.3 Y163.8 E3768.80352
G0 F9000 X59.63 Y164.13
G0 X60.1 Y164.6
;TYPE:WALL-OUTER
G1 F1500 X58.4 Y164.6 E3769.02969
G1 X58.4 Y55.4 E3783.55772
G1 X60.1 Y55.4 E3783.78388
G1 X60.1 Y164.6 E3798.31191
G0 F9000 X59.6 Y163.635
G1 F1500 E3791.81191
;MESH:zanza fissa prolunga mobile.stl(2)
G0 F9000 X61.165 Y163.8
G0 X69.96 Y165.661
G0 X86.74 Y165.661
G0 X95.535 Y163.8
G0 X97.02 Y163.8
G0 X97.5 Y163.8
;TYPE:WALL-INNER
G1 F1500 E3798.31191
G1 X97.4 Y163.8 E3798.32522
G1 X97.4 Y56.2 E3812.64038
G1 X97.5 Y56.2 E3812.65368
G1 X97.5 Y163.8 E3814.44532
G0 F9000 X97.83 Y164.13
G0 X98.3 Y164.6
;TYPE:WALL-OUTER
G1 F1500 X96.6 Y164.6 E3814.67149
G1 X96.6 Y55.4 E3829.19951
G1 X98.3 Y55.4 E3829.42568
G1 X98.3 Y164.6 E3843.95371
G0 F9000 X97.8 Y163.635
G1 F1500 E3837.45371
G0 F9000 X97.02 Y161.663
G0 X95.535 Y161.663
G0 X93.865 Y161.663
G0 X92.38 Y161.663
G0 X92 Y161.663
;TYPE:WALL-INNER
G1 F1500 E3843.95371
G1 X91.601 Y161.663 E3844.00679
G1 X90.889 Y161.662 E3844.10152
G1 X90.889 Y58.736 E3857.79485
G1 X90.889 Y58.337 E3857.84793
G1 X91.288 Y58.337 E3857.88225
G1 X92 Y58.338 E3857.97698
G1 X92 Y161.264 E3871.67031
G1 X92 Y161.663 E3871.70463
G0 F9000 X92.33 Y161.993
G0 X92.8 Y162.463
;TYPE:WALL-OUTER
G1 F1500 X90.089 Y162.462 E3872.06531
G1 X90.089 Y57.537 E3886.02459
G1 X92.8 Y57.538 E3886.38526
G1 X92.8 Y162.463 E3900.34454
G0 F9000 X92.33 Y161.993
G0 X91.665 Y161.244
G0 X91.444 Y161.023
;TYPE:SKIN
G1 F1500 X91.444 Y160.457 E3900.38637
G1 X91.444 Y59.2 E3907.86956
G1 X91.574 Y58.764 E3907.90318
G0 F9000 X91.6 Y58.855
G1 F1500 E3901.40318
G0 F9000 X90.503 Y162.048
G0 X89.024 Y162.048
G0 X87.365 Y162.048
G0 X85.88 Y162.048
G0 X85.5 Y163.8
;TYPE:WALL-INNER
G1 F1500 E3907.90318
G1 X85.4 Y163.8 E3907.91649
G1 X85.4 Y56.2 E3922.23165
G1 X85.5 Y56.2 E3922.24495
G1 X85.5 Y163.8 E3924.03659
G0 F9000 X85.83 Y164.13
G0 X86.3 Y164.6
;TYPE:WALL-OUTER
G1 F1500 X84.6 Y164.6 E3924.26276
G1 X84.6 Y55.4 E3938.79079
G1 X86.3 Y55.4 E3939.01695
G1 X86.3 Y164.6 E3953.54498
G0 F9000 X85.8 Y163.635
G1 F1500 E3947.04498
;MESH:zanza fissa prolunga mobile.stl
G0 F9000 X87.365 Y163.8
G0 X96.16 Y165.661
G0 X102.74 Y165.661
G0 X111.535 Y163.8
G0 X113.02 Y163.8
G0 X113.4 Y163.8
;TYPE:WALL-INNER
G1 F1500 E3953.54498
G1 X113.4 Y56.2 E3967.86014
G1 X113.5 Y56.2 E3967.87345
G1 X113.5 Y163.8 E3969.66508
G1 X113.4 Y163.8 E3969.67839
G0 F9000 X113.07 Y164.13
G0 X112.6 Y164.6
;TYPE:WALL-OUTER
G1 F1500 X112.6 Y55.4 E3984.20641
G1 X114.3 Y55.4 E3984.43258
G1 X114.3 Y164.6 E3998.96061
G1 X112.6 Y164.6 E3999.18678
G0 F9000 X113.1 Y163.635
G1 F1500 E3992.68678
G0 F9000 X113.02 Y161.663
G0 X111.535 Y161.663
G0 X109.876 Y161.663
G0 X108.391 Y161.663
G0 X108.011 Y161.663
;TYPE:WALL-INNER
G1 F1500 E3999.18678
G1 X107.612 Y161.663 E3999.23986
G1 X106.9 Y161.662 E3999.33459
G1 X106.9 Y58.736 E4013.02792
G1 X106.9 Y58.337 E4013.081
G1 X107.299 Y58.337 E4013.11532
G1 X108.011 Y58.338 E4013.21005
G1 X108.011 Y161.264 E4026.90338
G1 X108.011 Y161.663 E4026.9377
G0 F9000 X108.341 Y161.993
G0 X108.811 Y162.463
;TYPE:WALL-OUTER
G1 F1500 X106.1 Y162.462 E4027.29838
G1 X106.1 Y57.537 E4041.25766
G1 X108.811 Y57.538 E4041.61833
G1 X108.811 Y162.463 E4055.57761
G0 F9000 X108.341 Y161.993
G0 X107.586 Y161.326
G0 X107.41 Y161.15
;TYPE:SKIN
G1 F1500 X107.455 Y160.629 E4055.61623
G1 X107.455 Y59.371 E4063.09565
G1 X107.498 Y58.849 E4063.13433
G0 F9000 X107.321 Y58.737
G1 F1500 E4056.63433
G0 F9000 X106.514 Y162.048
G0 X105.035 Y162.048
G0 X103.365 Y162.048
G0 X101.88 Y162.048
G0 X101.5 Y163.8
;TYPE:WALL-INNER
G1 F1500 E4063.13433
G1 X101.4 Y163.8 E4063.14764
G1 X101.4 Y56.2 E4077.4628
G1 X101.5 Y56.2 E4077.4761
G1 X101.5 Y163.8 E4079.26774
G0 F9000 X101.83 Y164.13
G0 X102.3 Y164.6
;TYPE:WALL-OUTER
G1 F1500 X100.6 Y164.6 E4079.49391
G1 X100.6 Y55.4 E4094.02194
G1 X102.3 Y55.4 E4094.2481
G1 X102.3 Y164.6 E4108.77613
G0 F9000 X101.8 Y163.635
G1 F1500 E4102.27613
;MESH:zanza fissa prolunga mobile.stl(1)
G0 F9000 X103.365 Y163.8
G0 X112.16 Y165.661
G0 X114.74 Y165.661
G0 X120.635 Y163.8
G0 X122.12 Y163.8
G0 X122.5 Y163.8
;TYPE:WALL-INNER
G1 F1500 E4108.77613
G1 X122.5 Y56.2 E4123.09129
G1 X122.6 Y56.2 E4123.1046
G1 X122.6 Y163.8 E4124.89623
G1 X122.5 Y163.8 E4124.90954
G0 F9000 X122.17 Y164.13
G0 X121.7 Y164.6
;TYPE:WALL-OUTER
G1 F1500 X121.7 Y55.4 E4139.43756
G1 X123.4 Y55.4 E4139.66373
G1 X123.4 Y164.6 E4154.19176
G1 X121.7 Y164.6 E4154.41793
G0 F9000 X122.2 Y163.635
G1 F1500 E4147.91793
G0 F9000 X122.98 Y161.662
G0 X124.465 Y161.662
G0 X126.135 Y161.662
G0 X127.62 Y161.662
G0 X128 Y161.662
;TYPE:WALL-INNER
G1 F1500 E4154.41793
G92 E0
G1 X128 Y58.736 E13.69333
G1 X128 Y58.337 E13.74641
G1 X128.399 Y58.337 E13.78074
G1 X129.111 Y58.338 E13.87546
G1 X129.111 Y161.264 E27.56879
G1 X129.111 Y161.663 E27.62188
G1 X128.712 Y161.663 E27.6562
G1 X128 Y161.662 E27.75093
G0 F9000 X127.67 Y161.992
G0 X127.2 Y162.462
;TYPE:WALL-OUTER
G1 F1500 X127.2 Y57.537 E41.71021
G1 X129.911 Y57.538 E42.07088
G1 X129.911 Y162.463 E56.03016
G1 X127.2 Y162.462 E56.39083
G0 F9000 X127.67 Y161.992
G0 X128.515 Y161.325
G0 X128.424 Y161.234
;TYPE:SKIN
G1 F1500 X128.555 Y160.799 E56.42434
G1 X128.555 Y58.975 E63.93499
G0 F9000 X128.4 Y58.754
G1 F1500 E57.43499
G0 F9000 X129.497 Y162.049
G0 X130.976 Y162.049
G0 X132.635 Y162.049
G0 X134.12 Y162.049
G0 X134.5 Y163.8
;TYPE:WALL-INNER
G1 F1500 E63.93499
G1 X134.5 Y56.2 E78.25015
G1 X134.6 Y56.2 E78.26345
G1 X134.6 Y163.8 E80.05509
G1 X134.5 Y163.8 E80.06839
G0 F9000 X134.17 Y164.13
G0 X133.7 Y164.6
;TYPE:WALL-OUTER
G1 F1500 X133.7 Y55.4 E94.59642
G1 X135.4 Y55.4 E94.82259
G1 X135.4 Y164.6 E109.35061
G1 X133.7 Y164.6 E109.57678
G0 F9000 X134.2 Y163.635
G1 F1500 E103.07678
;MESH:zanza fissa prolunga mobile.stl(4)
G0 F9000 X134.98 Y163.8
G0 X136.465 Y163.8
G0 X141.735 Y163.8
G0 X143.22 Y163.8
G0 X143.6 Y163.8
;TYPE:WALL-INNER
G1 F1500 E109.57678
G1 X143.6 Y56.2 E123.89194
G1 X143.7 Y56.2 E123.90525
G1 X143.7 Y163.8 E125.69688
G1 X143.6 Y163.8 E125.71019
G0 F9000 X143.27 Y164.13
G0 X142.8 Y164.6
;TYPE:WALL-OUTER
G1 F1500 X142.8 Y55.4 E140.23821
G1 X144.5 Y55.4 E140.46438
G1 X144.5 Y164.6 E154.99241
G1 X142.8 Y164.6 E155.21858
G0 F9000 X143.3 Y163.635
G1 F1500 E148.71858
G0 F9000 X144.08 Y161.662
G0 X145.565 Y161.662
G0 X147.235 Y161.662
G0 X148.72 Y161.662
G0 X149.1 Y161.662
;TYPE:WALL-INNER
G1 F1500 E155.21858
G1 X149.1 Y58.736 E168.91191
G1 X149.1 Y58.337 E168.96499
G1 X149.499 Y58.337 E168.99932
G1 X150.211 Y58.338 E169.09404
G1 X150.211 Y161.264 E182.78737
G1 X150.211 Y161.663 E182.84046
G1 X149.812 Y161.663 E182.87478
G1 X149.1 Y161.662 E182.96951
G0 F9000 X148.77 Y161.992
G0 X148.3 Y162.462
;TYPE:WALL-OUTER
G1 F1500 X148.3 Y57.537 E196.92878
G1 X151.011 Y57.538 E197.28946
G1 X151.011 Y162.463 E211.24874
G1 X148.3 Y162.462 E211.60941
G0 F9000 X148.77 Y161.992
G0 X149.876 Y161.189
G0 X149.655 Y160.968
;TYPE:SKIN
G1 F1500 X149.655 Y160.403 E211.65114
G1 X149.655 Y59.145 E219.13065
G1 X149.812 Y58.736 E219.16301
G0 F9000 X149.811 Y58.8
G1 F1500 E212.66301
G0 F9000 X150.597 Y162.049
G0 X152.076 Y162.049
G0 X153.735 Y162.049
G0 X155.22 Y162.049
G0 X155.6 Y163.8
;TYPE:WALL-INNER
G1 F1500 E219.16301
G1 X155.6 Y56.2 E233.47817
G1 X155.7 Y56.2 E233.49148
G1 X155.7 Y163.8 E235.28311
G1 X155.6 Y163.8 E235.29642
G0 F9000 X155.27 Y164.13
G0 X154.8 Y164.6
;TYPE:WALL-OUTER
G1 F1500 X154.8 Y55.4 E249.82444
G1 X156.5 Y55.4 E250.05061
G1 X156.5 Y164.6 E264.57864
G1 X154.8 Y164.6 E264.80481
G0 F9000 X155.3 Y163.635
G1 F1500 E258.30481
;MESH:zanza fissa prolunga mobile.stl(5)
G0 F9000 X156.08 Y163.8
G0 X157.565 Y163.8
G0 X162.835 Y163.8
G0 X164.32 Y163.8
G0 X164.7 Y163.8
;TYPE:WALL-INNER
G1 F1500 E264.80481
G1 X164.7 Y56.2 E279.11997
G1 X164.8 Y56.2 E279.13327
G1 X164.8 Y163.8 E280.92491
G1 X164.7 Y163.8 E280.93821
G0 F9000 X164.37 Y164.13
G0 X163.9 Y164.6
;TYPE:WALL-OUTER
G1 F1500 X163.9 Y55.4 E295.46624
G1 X165.6 Y55.4 E295.69241
G1 X165.6 Y164.6 E310.22044
G1 X163.9 Y164.6 E310.44661
G0 F9000 X164.4 Y163.635
G1 F1500 E303.94661
G0 F9000 X165.18 Y161.662
G0 X166.665 Y161.662
G0 X168.335 Y161.662
G0 X169.82 Y161.662
G0 X170.2 Y161.662
;TYPE:WALL-INNER
G1 F1500 E310.44661
G1 X170.2 Y58.736 E324.13994
G1 X170.2 Y58.337 E324.19302
G1 X170.599 Y58.337 E324.22734
G1 X171.311 Y58.338 E324.32207
G1 X171.311 Y161.264 E338.0154
G1 X171.311 Y161.663 E338.06848
G1 X170.912 Y161.663 E338.10281
G1 X170.2 Y161.662 E338.19753
G0 F9000 X169.87 Y161.992
G0 X169.4 Y162.462
;TYPE:WALL-OUTER
G1 F1500 X169.4 Y57.537 E352.15681
G1 X172.111 Y57.538 E352.51748
G1 X172.111 Y162.463 E366.47676
G1 X169.4 Y162.462 E366.83743
G0 F9000 X169.87 Y161.992
G0 X170.943 Y161.327
G0 X170.738 Y161.122
;TYPE:SKIN
G1 F1500 X170.754 Y160.572 E366.87801
G1 X170.754 Y59.314 E374.3452
G1 X170.826 Y58.82 E374.38201
G0 F9000 X170.911 Y58.969
G1 F1500 E367.88201
G0 F9000 X171.697 Y162.049
G0 X173.176 Y162.049
G0 X174.835 Y162.049
G0 X176.32 Y162.049
G0 X176.7 Y163.8
;TYPE:WALL-INNER
G1 F1500 E374.38201
G1 X176.7 Y56.2 E388.69718
G1 X176.8 Y56.2 E388.71048
G1 X176.8 Y163.8 E390.50211
G1 X176.7 Y163.8 E390.51542
G0 F9000 X176.37 Y164.13
G0 X175.9 Y164.6
;TYPE:WALL-OUTER
G1 F1500 X175.9 Y55.4 E405.04345
G1 X177.6 Y55.4 E405.26961
G1 X177.6 Y164.6 E419.79764
G1 X175.9 Y164.6 E420.02381
G0 F9000 X176.4 Y163.635
G1 F1500 E413.52381
;MESH:NONMESH
G0 F300 X176.4 Y163.635 Z4.8
G0 F9000 X174.835 Y163.8
G0 X166.04 Y165.661
G0 X84.16 Y165.661
G0 X73.165 Y163.8
G0 X71.68 Y163.8
G0 X71.3 Y163.8
;TIME_ELAPSED:7046.605450
;LAYER:11
;TYPE:WALL-INNER
;MESH:zanza fissa prolunga mobile.stl(3)
G1 F1500 E420.02381
G1 X71.2 Y163.8 E420.03711
G1 X71.2 Y56.2 E434.35228
G1 X71.3 Y56.2 E434.36558
G1 X71.3 Y163.8 E436.15722
G0 F9000 X71.63 Y164.13
G0 X72.1 Y164.6
;TYPE:WALL-OUTER
G1 F1500 X70.4 Y164.6 E436.38338
G1 X70.4 Y55.4 E450.91141
G1 X72.1 Y55.4 E451.13758
G1 X72.1 Y164.6 E465.66561
G0 F9000 X71.6 Y163.635
G1 F1500 E459.16561
G0 F9000 X70.82 Y161.071
G0 X69.335 Y161.071
G0 X67.676 Y161.071
G0 X66.191 Y161.071
G0 X65.811 Y161.071
;TYPE:WALL-INNER
G1 F1500 E465.66561
G1 X65.412 Y161.071 E465.71869
G1 X64.7 Y161.07 E465.81342
G1 X64.7 Y58.93 E479.40218
G1 X65.811 Y58.93 E479.54998
G1 X65.811 Y160.672 E493.08579
G1 X65.811 Y161.071 E493.12012
G0 F9000 X66.141 Y161.401
G0 X66.611 Y161.871
;TYPE:WALL-OUTER
G1 F1500 X63.9 Y161.87 E493.48079
G1 X63.9 Y58.13 E507.28242
G1 X66.611 Y58.13 E507.64309
G1 X66.611 Y161.871 E521.44485
G0 F9000 X66.141 Y161.401
G0 X65.034 Y160.673
G0 X65.254 Y160.452
;TYPE:SKIN
G1 F1500 X65.254 Y159.887 E521.48646
G1 X65.254 Y59.761 E528.86037
G1 X65.11 Y59.34 E528.89313
G0 F9000 X65.1 Y59.416
G1 F1500 E522.39313
G0 F9000 X64.314 Y161.456
G0 X62.835 Y161.456
G0 X61.165 Y161.456
G0 X59.68 Y161.456
G0 X59.3 Y163.8
;TYPE:WALL-INNER
G1 F1500 E528.89313
G1 X59.2 Y163.8 E528.90644
G1 X59.2 Y56.2 E543.2216
G1 X59.3 Y56.2 E543.2349
G1 X59.3 Y163.8 E545.02654
G0 F9000 X59.63 Y164.13
G0 X60.1 Y164.6
;TYPE:WALL-OUTER
G1 F1500 X58.4 Y164.6 E545.25271
G1 X58.4 Y55.4 E559.78074
G1 X60.1 Y55.4 E560.0069
G1 X60.1 Y164.6 E574.53493
G0 F9000 X59.6 Y163.635
G1 F1500 E568.03493
;MESH:zanza fissa prolunga mobile.stl(2)
G0 F9000 X61.165 Y163.8
G0 X69.96 Y165.661
G0 X86.74 Y165.661
G0 X95.535 Y163.8
G0 X97.02 Y163.8
G0 X97.5 Y163.8
;TYPE:WALL-INNER
G1 F1500 E574.53493
G1 X97.4 Y163.8 E574.54824
G1 X97.4 Y56.2 E588.8634
G1 X97.5 Y56.2 E588.8767
G1 X97.5 Y163.8 E590.66834
G0 F9000 X97.83 Y164.13
G0 X98.3 Y164.6
;TYPE:WALL-OUTER
G1 F1500 X96.6 Y164.6 E590.89451
G1 X96.6 Y55.4 E605.42253
G1 X98.3 Y55.4 E605.6487
G1 X98.3 Y164.6 E620.17673
G0 F9000 X97.8 Y163.635
G1 F1500 E613.67673
G0 F9000 X97.02 Y161.07
G0 X95.535 Y161.07
G0 X93.865 Y161.07
G0 X92.38 Y161.07
G0 X92 Y161.07
;TYPE:WALL-INNER
G1 F1500 E620.17673
G1 X90.889 Y161.07 E620.32454
G1 X90.889 Y59.328 E633.86035
G1 X90.889 Y58.929 E633.91343
G1 X91.288 Y58.929 E633.94775
G1 X92 Y58.93 E634.04248
G1 X92 Y161.07 E647.63124
G0 F9000 X92.33 Y161.4
G0 X92.8 Y161.87
;TYPE:WALL-OUTER
G1 F1500 X90.089 Y161.87 E647.99191
G1 X90.089 Y58.129 E661.79367
G1 X92.8 Y58.13 E662.15434
G1 X92.8 Y161.87 E675.95597
G0 F9000 X92.33 Y161.4
G0 X91.664 Y160.631
G0 X91.612 Y160.682
;TYPE:SKIN
G1 F1500 X91.443 Y160.285 E675.98763
G1 X91.443 Y59.593 E683.37615
G0 F9000 X91.6 Y59.373
G1 F1500 E676.87615
G0 F9000 X90.503 Y161.456
G0 X89.024 Y161.456
G0 X87.365 Y161.456
G0 X85.88 Y161.456
G0 X85.5 Y163.8
;TYPE:WALL-INNER
G1 F1500 E683.37615
G1 X85.4 Y163.8 E683.38946
G1 X85.4 Y56.2 E697.70462
G1 X85.5 Y56.2 E697.71792
G1 X85.5 Y163.8 E699.50956
G0 F9000 X85.83 Y164.13
G0 X86.3 Y164.6
;TYPE:WALL-OUTER
G1 F1500 X84.6 Y164.6 E699.73573
G1 X84.6 Y55.4 E714.26375
G1 X86.3 Y55.4 E714.48992
G1 X86.3 Y164.6 E729.01795
G0 F9000 X85.8 Y163.635
G1 F1500 E722.51795
;MESH:zanza fissa prolunga mobile.stl
G0 F9000 X87.365 Y163.8
G0 X96.16 Y165.661
G0 X102.74 Y165.661
G0 X111.535 Y163.8
G0 X113.02 Y163.8
G0 X113.4 Y163.8
;TYPE:WALL-INNER
G1 F1500 E729.01795
G1 X113.4 Y56.2 E743.33311
G1 X113.5 Y56.2 E743.34642
G1 X113.5 Y163.8 E745.13805
G1 X113.4 Y163.8 E745.15135
G0 F9000 X113.07 Y164.13
G0 X112.6 Y164.6
;TYPE:WALL-OUTER
G1 F1500 X112.6 Y55.4 E759.67938
G1 X114.3 Y55.4 E759.90555
G1 X114.3 Y164.6 E774.43358
G1 X112.6 Y164.6 E774.65975
G0 F9000 X113.1 Y163.635
G1 F1500 E768.15975
G0 F9000 X113.02 Y161.071
G0 X111.535 Y161.071
G0 X109.876 Y161.071
G0 X108.391 Y161.071
G0 X108.011 Y161.071
;TYPE:WALL-INNER
G1 F1500 E774.65975
G1 X107.612 Y161.071 E774.71283
G1 X106.9 Y161.07 E774.80755
G1 X106.9 Y58.93 E788.39632
G1 X108.011 Y58.93 E788.54412
G1 X108.011 Y160.672 E802.07993
G1 X108.011 Y161.071 E802.11426
G0 F9000 X108.341 Y161.401
G0 X108.811 Y161.871
;TYPE:WALL-OUTER
G1 F1500 X106.1 Y161.87 E802.47493
G1 X106.1 Y58.13 E816.27656
G1 X108.811 Y58.13 E816.63723
G1 X108.811 Y161.871 E830.43899
G0 F9000 X108.341 Y161.401
G0 X107.399 Y160.735
G0 X107.537 Y160.597
;TYPE:SKIN
G1 F1500 X107.454 Y160.113 E830.47511
G1 X107.454 Y59.987 E837.83928
G1 X107.422 Y59.453 E837.87862
G0 F9000 X107.611 Y59.33
G1 F1500 E831.37862
G0 F9000 X106.514 Y161.456
G0 X105.035 Y161.456
G0 X103.365 Y161.456
G0 X101.88 Y161.456
G0 X101.5 Y163.8
;TYPE:WALL-INNER
G1 F1500 E837.87862
G1 X101.4 Y163.8 E837.89193
G1 X101.4 Y56.2 E852.20709
G1 X101.5 Y56.2 E852.22039
G1 X101.5 Y163.8 E854.01203
G0 F9000 X101.83 Y164.13
G0 X102.3 Y164.6
;TYPE:WALL-OUTER
G1 F1500 X100.6 Y164.6 E854.2382
G1 X100.6 Y55.4 E868.76622
G1 X102.3 Y55.4 E868.99239
G1 X102.3 Y164.6 E883.52042
G0 F9000 X101.8 Y163.635
G1 F1500 E877.02042
;MESH:zanza fissa prolunga mobile.stl(1)
G0 F9000 X103.365 Y163.8
G0 X112.16 Y165.661
G0 X114.74 Y165.661
G0 X120.635 Y163.8
G0 X122.12 Y163.8
G0 X122.5 Y163.8
;TYPE:WALL-INNER
G1 F1500 E883.52042
G1 X122.5 Y56.2 E897.83558
G1 X122.6 Y56.2 E897.84888
G1 X122.6 Y163.8 E899.64052
G1 X122.5 Y163.8 E899.65382
G0 F9000 X122.17 Y164.13
G0 X121.7 Y164.6
;TYPE:WALL-OUTER
G1 F1500 X121.7 Y55.4 E914.18185
G1 X123.4 Y55.4 E914.40802
G1 X123.4 Y164.6 E928.93605
G1 X121.7 Y164.6 E929.16221
G0 F9000 X122.2 Y163.635
G1 F1500 E922.66221
G0 F9000 X122.98 Y161.07
G0 X124.465 Y161.07
G0 X126.135 Y161.07
G0 X127.62 Y161.07
G0 X128 Y161.07
;TYPE:WALL-INNER
G1 F1500 E929.16221
G1 X128 Y58.93 E942.75098
G1 X129.111 Y58.93 E942.89878
G1 X129.111 Y160.672 E956.43459
G1 X129.111 Y161.071 E956.48768
G1 X128.712 Y161.071 E956.522
G1 X128 Y161.07 E956.61673
G0 F9000 X127.67 Y161.4
G0 X127.2 Y161.87
;TYPE:WALL-OUTER
G1 F1500 X127.2 Y58.13 E970.41835
G1 X129.911 Y58.13 E970.77903
G1 X129.911 Y161.871 E984.58078
G1 X127.2 Y161.87 E984.94146
G0 F9000 X127.67 Y161.4
G0 X128.334 Y160.73
G0 X128.554 Y160.509
;TYPE:SKIN
G1 F1500 X128.554 Y159.944 E984.98306
G1 X128.554 Y59.817 E992.35638
G1 X128.438 Y59.368 E992.39053
G0 F9000 X128.4 Y59.472
G1 F1500 E985.89053
G0 F9000 X129.497 Y161.457
G0 X130.976 Y161.457
G0 X132.635 Y161.457
G0 X134.12 Y161.457
G0 X134.5 Y163.8
;TYPE:WALL-INNER
G1 F1500 E992.39053
G1 X134.5 Y56.2 E1006.70569
G1 X134.6 Y56.2 E1006.71899
G1 X134.6 Y163.8 E1008.51063
G1 X134.5 Y163.8 E1008.52393
G0 F9000 X134.17 Y164.13
G0 X133.7 Y164.6
;TYPE:WALL-OUTER
G1 F1500 X133.7 Y55.4 E1023.05196
G1 X135.4 Y55.4 E1023.27813
G1 X135.4 Y164.6 E1037.80616
G1 X133.7 Y164.6 E1038.03232
G0 F9000 X134.2 Y163.635
G1 F1500 E1031.53232
;MESH:zanza fissa prolunga mobile.stl(4)
G0 F9000 X134.98 Y163.8
G0 X136.465 Y163.8
G0 X141.735 Y163.8
G0 X143.22 Y163.8
G0 X143.6 Y163.8
;TYPE:WALL-INNER
G1 F1500 E1038.03232
G1 X143.6 Y56.2 E1052.34749
G1 X143.7 Y56.2 E1052.36079
G1 X143.7 Y163.8 E1054.15243
G1 X143.6 Y163.8 E1054.16573
G0 F9000 X143.27 Y164.13
G0 X142.8 Y164.6
;TYPE:WALL-OUTER
G1 F1500 X142.8 Y55.4 E1068.69376
G1 X144.5 Y55.4 E1068.91993
G1 X144.5 Y164.6 E1083.44795
G1 X142.8 Y164.6 E1083.67412
G0 F9000 X143.3 Y163.635
G1 F1500 E1077.17412
G0 F9000 X144.08 Y161.07
G0 X145.565 Y161.07
G0 X147.235 Y161.07
G0 X148.72 Y161.07
G0 X149.1 Y161.07
;TYPE:WALL-INNER
G1 F1500 E1083.67412
G1 X149.1 Y58.93 E1097.26288
G1 X150.211 Y58.93 E1097.41069
G1 X150.211 Y160.672 E1110.9465
G1 X150.211 Y161.071 E1110.99958
G1 X149.812 Y161.071 E1111.03391
G1 X149.1 Y161.07 E1111.12863
G0 F9000 X148.77 Y161.4
G0 X148.3 Y161.87
;TYPE:WALL-OUTER
G1 F1500 X148.3 Y58.13 E1124.93026
G1 X151.011 Y58.13 E1125.29093
G1 X151.011 Y161.871 E1139.09269
G1 X148.3 Y161.87 E1139.45336
G0 F9000 X148.77 Y161.4
G0 X149.434 Y160.56
G0 X149.654 Y160.34
;TYPE:SKIN
G1 F1500 X149.654 Y159.774 E1139.49513
G1 X149.654 Y59.648 E1146.88293
G0 F9000 X149.811 Y59.428
G1 F1500 E1140.38293
G0 F9000 X150.597 Y161.457
G0 X152.076 Y161.457
G0 X153.735 Y161.457
G0 X155.22 Y161.457
G0 X155.6 Y163.8
;TYPE:WALL-INNER
G1 F1500 E1146.88293
G1 X155.6 Y56.2 E1161.19809
G1 X155.7 Y56.2 E1161.21139
G1 X155.7 Y163.8 E1163.00303
G1 X155.6 Y163.8 E1163.01633
G0 F9000 X155.27 Y164.13
G0 X154.8 Y164.6
;TYPE:WALL-OUTER
G1 F1500 X154.8 Y55.4 E1177.54436
G1 X156.5 Y55.4 E1177.77053
G1 X156.5 Y164.6 E1192.29855
G1 X154.8 Y164.6 E1192.52472
G0 F9000 X155.3 Y163.635
G1 F1500 E1186.02472
;MESH:zanza fissa prolunga mobile.stl(5)
G0 F9000 X156.08 Y163.8
G0 X157.565 Y163.8
G0 X162.835 Y163.8
G0 X164.32 Y163.8
G0 X164.7 Y163.8
;TYPE:WALL-INNER
G1 F1500 E1192.52472
G1 X164.7 Y56.2 E1206.83988
G1 X164.8 Y56.2 E1206.85319
G1 X164.8 Y163.8 E1208.64482
G1 X164.7 Y163.8 E1208.65813
G0 F9000 X164.37 Y164.13
G0 X163.9 Y164.6
;TYPE:WALL-OUTER
G1 F1500 X163.9 Y55.4 E1223.18615
G1 X165.6 Y55.4 E1223.41232
G1 X165.6 Y164.6 E1237.94035
G1 X163.9 Y164.6 E1238.16652
G0 F9000 X164.4 Y163.635
G1 F1500 E1231.66652
G0 F9000 X165.18 Y161.07
G0 X166.665 Y161.07
G0 X168.335 Y161.07
G0 X169.82 Y161.07
G0 X170.2 Y161.07
;TYPE:WALL-INNER
G1 F1500 E1238.16652
G1 X170.2 Y58.93 E1251.75528
G1 X171.311 Y58.93 E1251.90309
G1 X171.311 Y160.672 E1265.4389
G1 X171.311 Y161.071 E1265.49198
G1 X170.912 Y161.071 E1265.52631
G1 X170.2 Y161.07 E1265.62103
G0 F9000 X169.87 Y161.4
G0 X169.4 Y161.87
;TYPE:WALL-OUTER
G1 F1500 X169.4 Y58.13 E1279.42266
G1 X172.111 Y58.13 E1279.78333
G1 X172.111 Y161.871 E1293.58509
G1 X169.4 Y161.87 E1293.94576
G0 F9000 X169.87 Y161.4
G0 X170.755 Y160.735
G0 X170.864 Y160.625
;TYPE:SKIN
G1 F1500 X170.754 Y160.171 E1293.98008
G1 X170.751 Y59.481 E1301.37641
G0 F9000 X170.911 Y59.33
G1 F1500 E1294.87641
G0 F9000 X171.697 Y161.457
G0 X173.176 Y161.457
G0 X174.835 Y161.457
G0 X176.32 Y161.457
G0 X176.7 Y163.8
;TYPE:WALL-INNER
G1 F1500 E1301.37641
G1 X176.7 Y56.2 E1315.69157
G1 X176.8 Y56.2 E1315.70488
G1 X176.8 Y163.8 E1317.49651
G1 X176.7 Y163.8 E1317.50982
G0 F9000 X176.37 Y164.13
G0 X175.9 Y164.6
;TYPE:WALL-OUTER
G1 F1500 X175.9 Y55.4 E1332.03784
G1 X177.6 Y55.4 E1332.26401
G1 X177.6 Y164.6 E1346.79204
G1 X175.9 Y164.6 E1347.01821
G0 F9000 X176.4 Y163.635
G1 F1500 E1340.51821
;MESH:NONMESH
G0 F300 X176.4 Y163.635 Z5.2
G0 F9000 X174.835 Y163.8
G0 X166.04 Y165.661
G0 X84.16 Y165.661
G0 X73.165 Y163.8
G0 X71.68 Y163.8
G0 X71.3 Y163.8
;TIME_ELAPSED:7411.156055
;LAYER:12
;TYPE:WALL-INNER
;MESH:zanza fissa prolunga mobile.stl(3)
G1 F1500 E1347.01821
G1 X71.2 Y163.8 E1347.03151
G1 X71.2 Y56.2 E1361.34667
G1 X71.3 Y56.2 E1361.35998
G1 X71.3 Y163.8 E1363.15161
G0 F9000 X71.63 Y164.13
G0 X72.1 Y164.6
;TYPE:WALL-OUTER
G1 F1500 X70.4 Y164.6 E1363.37778
G1 X70.4 Y55.4 E1377.90581
G1 X72.1 Y55.4 E1378.13198
G1 X72.1 Y164.6 E1392.66
G0 F9000 X71.6 Y163.635
G1 F1500 E1386.16
G0 F9000 X70.82 Y160.104
G0 X69.335 Y160.104
G0 X67.676 Y160.104
G0 X66.191 Y160.104
G0 X65.811 Y160.104
;TYPE:WALL-INNER
G1 F1500 E1392.66
G1 X65.412 Y160.104 E1392.71309
G1 X64.7 Y160.103 E1392.80781
G1 X64.7 Y59.897 E1406.13927
G1 X65.811 Y59.897 E1406.28708
G1 X65.811 Y159.705 E1419.56559
G1 X65.811 Y160.104 E1419.59992
G0 F9000 X66.141 Y160.434
G0 X66.611 Y160.904
;TYPE:WALL-OUTER
G1 F1500 X63.9 Y160.903 E1419.96059
G1 X63.9 Y59.097 E1433.50491
G1 X66.611 Y59.097 E1433.86559
G1 X66.611 Y160.904 E1447.41004
G0 F9000 X66.141 Y160.434
G0 X65.298 Y159.767
G0 X65.166 Y159.635
;TYPE:SKIN
G1 F1500 X65.254 Y159.158 E1447.44569
G1 X65.254 Y60.729 E1454.67814
G1 X65.399 Y60.308 E1454.71086
G0 F9000 X65.411 Y60.384
G1 F1500 E1448.21086
G0 F9000 X64.314 Y160.489
G0 X62.835 Y160.489
G0 X61.165 Y160.489
G0 X59.68 Y160.489
G0 X59.3 Y163.8
;TYPE:WALL-INNER
G1 F1500 E1454.71086
G1 X59.2 Y163.8 E1454.72417
G1 X59.2 Y56.2 E1469.03933
G1 X59.3 Y56.2 E1469.05263
G1 X59.3 Y163.8 E1470.84427
G0 F9000 X59.63 Y164.13
G0 X60.1 Y164.6
;TYPE:WALL-OUTER
G1 F1500 X58.4 Y164.6 E1471.07044
G1 X58.4 Y55.4 E1485.59846
G1 X60.1 Y55.4 E1485.82463
G1 X60.1 Y164.6 E1500.35266
G0 F9000 X59.6 Y163.635
G1 F1500 E1493.85266
;MESH:zanza fissa prolunga mobile.stl(2)
G0 F9000 X61.165 Y163.8
G0 X69.96 Y165.661
G0 X86.74 Y165.661
G0 X95.535 Y163.8
G0 X97.02 Y163.8
G0 X97.5 Y163.8
;TYPE:WALL-INNER
G1 F1500 E1500.35266
G1 X97.4 Y163.8 E1500.36596
G1 X97.4 Y56.2 E1514.68113
G1 X97.5 Y56.2 E1514.69443
G1 X97.5 Y163.8 E1516.48606
G0 F9000 X97.83 Y164.13
G0 X98.3 Y164.6
;TYPE:WALL-OUTER
G1 F1500 X96.6 Y164.6 E1516.71223
G1 X96.6 Y55.4 E1531.24026
G1 X98.3 Y55.4 E1531.46643
G1 X98.3 Y164.6 E1545.99446
G0 F9000 X97.8 Y163.635
G1 F1500 E1539.49446
G0 F9000 X97.02 Y160.103
G0 X95.535 Y160.103
G0 X93.865 Y160.103
G0 X92.38 Y160.103
G0 X92 Y160.103
;TYPE:WALL-INNER
G1 F1500 E1545.99446
G1 X90.889 Y160.103 E1546.14226
G1 X90.889 Y60.295 E1559.42077
G1 X90.889 Y59.896 E1559.47386
G1 X91.288 Y59.896 E1559.50818
G1 X92 Y59.897 E1559.60291
G1 X92 Y160.103 E1572.93437
G0 F9000 X92.33 Y160.433
G0 X92.8 Y160.903
;TYPE:WALL-OUTER
G1 F1500 X90.089 Y160.903 E1573.29504
G1 X90.089 Y59.096 E1586.8395
G1 X92.8 Y59.097 E1587.20017
G1 X92.8 Y160.903 E1600.7445
G0 F9000 X92.33 Y160.433
G0 X91.664 Y159.546
G0 X91.443 Y159.326
;TYPE:SKIN
G1 F1500 X91.443 Y158.76 E1600.78625
G1 X91.443 Y60.896 E1608.00508
G1 X91.504 Y60.391 E1608.0426
G1 F1500 E1601.5426
G0 F9000 X91.344 Y60.231
G0 X91.223 Y159.671
G1 F1500 E1608.0426
G1 X91.319 Y159.767 E1608.05163
G0 F9000 X91.319 Y159.703
G1 F1500 E1601.55163
G0 F9000 X90.503 Y160.489
G0 X89.024 Y160.489
G0 X87.365 Y160.489
G0 X85.88 Y160.489
G0 X85.5 Y163.8
;TYPE:WALL-INNER
G1 F1500 E1608.05163
G1 X85.4 Y163.8 E1608.06494
G1 X85.4 Y56.2 E1622.3801
G1 X85.5 Y56.2 E1622.3934
G1 X85.5 Y163.8 E1624.18504
G0 F9000 X85.83 Y164.13
G0 X86.3 Y164.6
;TYPE:WALL-OUTER
G1 F1500 X84.6 Y164.6 E1624.41121
G1 X84.6 Y55.4 E1638.93924
G1 X86.3 Y55.4 E1639.1654
G1 X86.3 Y164.6 E1653.69343
G0 F9000 X85.8 Y163.635
G1 F1500 E1647.19343
;MESH:zanza fissa prolunga mobile.stl
G0 F9000 X87.365 Y163.8
G0 X96.16 Y165.661
G0 X102.74 Y165.661
G0 X111.535 Y163.8
G0 X113.02 Y163.8
G0 X113.4 Y163.8
;TYPE:WALL-INNER
G1 F1500 E1653.69343
G1 X113.4 Y56.2 E1668.00859
G1 X113.5 Y56.2 E1668.0219
G1 X113.5 Y163.8 E1669.81353
G1 X113.4 Y163.8 E1669.82684
G0 F9000 X113.07 Y164.13
G0 X112.6 Y164.6
;TYPE:WALL-OUTER
G1 F1500 X112.6 Y55.4 E1684.35486
G1 X114.3 Y55.4 E1684.58103
G1 X114.3 Y164.6 E1699.10906
G1 X112.6 Y164.6 E1699.33523
G0 F9000 X113.1 Y163.635
G1 F1500 E1692.83523
G0 F9000 X113.02 Y160.104
G0 X111.535 Y160.104
G0 X109.876 Y160.104
G0 X108.391 Y160.104
G0 X108.011 Y160.104
;TYPE:WALL-INNER
G1 F1500 E1699.33523
G1 X107.612 Y160.104 E1699.38831
G1 X106.9 Y160.103 E1699.48304
G1 X106.9 Y59.897 E1712.8145
G1 X108.011 Y59.897 E1712.9623
G1 X108.011 Y159.705 E1726.24081
G1 X108.011 Y160.104 E1726.27514
G0 F9000 X108.341 Y160.434
G0 X108.811 Y160.904
;TYPE:WALL-OUTER
G1 F1500 X106.1 Y160.903 E1726.63581
G1 X106.1 Y59.097 E1740.18014
G1 X108.811 Y59.097 E1740.54081
G1 X108.811 Y160.904 E1754.08527
G0 F9000 X108.341 Y160.434
G0 X107.676 Y159.719
G0 X107.455 Y159.498
;TYPE:SKIN
G1 F1500 X107.455 Y158.932 E1754.12709
G1 X107.454 Y106.889 E1757.97292
G1 X107.454 Y60.502 E1761.40078
G0 F9000 X107.3 Y60.297
G1 F1500 E1754.90078
G0 F9000 X106.514 Y160.489
G0 X105.035 Y160.489
G0 X103.365 Y160.489
G0 X101.88 Y160.489
G0 X101.5 Y163.8
;TYPE:WALL-INNER
G1 F1500 E1761.40078
G1 X101.4 Y163.8 E1761.41408
G1 X101.4 Y56.2 E1775.72925
G1 X101.5 Y56.2 E1775.74255
G1 X101.5 Y163.8 E1777.53419
G0 F9000 X101.83 Y164.13
G0 X102.3 Y164.6
;TYPE:WALL-OUTER
G1 F1500 X100.6 Y164.6 E1777.76035
G1 X100.6 Y55.4 E1792.28838
G1 X102.3 Y55.4 E1792.51455
G1 X102.3 Y164.6 E1807.04258
G0 F9000 X101.8 Y163.635
G1 F1500 E1800.54258
;MESH:zanza fissa prolunga mobile.stl(1)
G0 F9000 X103.365 Y163.8
G0 X112.16 Y165.661
G0 X114.74 Y165.661
G0 X120.635 Y163.8
G0 X122.12 Y163.8
G0 X122.5 Y163.8
;TYPE:WALL-INNER
G1 F1500 E1807.04258
G1 X122.5 Y56.2 E1821.35774
G1 X122.6 Y56.2 E1821.37104
G1 X122.6 Y163.8 E1823.16268
G1 X122.5 Y163.8 E1823.17598
G0 F9000 X122.17 Y164.13
G0 X121.7 Y164.6
;TYPE:WALL-OUTER
G1 F1500 X121.7 Y55.4 E1837.70401
G1 X123.4 Y55.4 E1837.93018
G1 X123.4 Y164.6 E1852.4582
G1 X121.7 Y164.6 E1852.68437
G0 F9000 X122.2 Y163.635
G1 F1500 E1846.18437
G0 F9000 X122.98 Y160.103
G0 X124.465 Y160.103
G0 X126.135 Y160.103
G0 X127.62 Y160.103
G0 X128 Y160.103
;TYPE:WALL-INNER
G1 F1500 E1852.68437
G1 X128 Y59.897 E1866.01583
G1 X129.111 Y59.897 E1866.16364
G1 X129.111 Y159.705 E1879.44215
G1 X129.111 Y160.104 E1879.49524
G1 X128.712 Y160.104 E1879.52956
G1 X128 Y160.103 E1879.62428
G0 F9000 X127.67 Y160.433
G0 X127.2 Y160.903
;TYPE:WALL-OUTER
G1 F1500 X127.2 Y59.097 E1893.16861
G1 X129.911 Y59.097 E1893.52928
G1 X129.911 Y160.904 E1907.07374
G1 X127.2 Y160.903 E1907.43441
G0 F9000 X127.67 Y160.433
G0 X128.334 Y159.447
G0 X128.494 Y159.607
;TYPE:SKIN
G1 F1500 X128.555 Y159.102 E1907.47172
G1 X128.554 Y106.493 E1911.33024
G1 X128.554 Y60.672 E1914.6909
G1 X128.727 Y60.279 E1914.7224
G0 F9000 X128.711 Y60.327
G1 F1500 E1908.2224
G0 F9000 X129.497 Y160.49
G0 X130.976 Y160.49
G0 X132.635 Y160.49
G0 X134.12 Y160.49
G0 X134.5 Y163.8
;TYPE:WALL-INNER
G1 F1500 E1914.7224
G1 X134.5 Y56.2 E1929.03756
G1 X134.6 Y56.2 E1929.05086
G1 X134.6 Y163.8 E1930.8425
G1 X134.5 Y163.8 E1930.8558
G0 F9000 X134.17 Y164.13
G0 X133.7 Y164.6
;TYPE:WALL-OUTER
G1 F1500 X133.7 Y55.4 E1945.38383
G1 X135.4 Y55.4 E1945.61
G1 X135.4 Y164.6 E1960.13802
G1 X133.7 Y164.6 E1960.36419
G0 F9000 X134.2 Y163.635
G1 F1500 E1953.86419
;MESH:zanza fissa prolunga mobile.stl(4)
G0 F9000 X134.98 Y163.8
G0 X136.465 Y163.8
G0 X141.735 Y163.8
G0 X143.22 Y163.8
G0 X143.6 Y163.8
;TYPE:WALL-INNER
G1 F1500 E1960.36419
G1 X143.6 Y56.2 E1974.67936
G1 X143.7 Y56.2 E1974.69266
G1 X143.7 Y163.8 E1976.48429
G1 X143.6 Y163.8 E1976.4976
G0 F9000 X143.27 Y164.13
G0 X142.8 Y164.6
;TYPE:WALL-OUTER
G1 F1500 X142.8 Y55.4 E1991.02563
G1 X144.5 Y55.4 E1991.25179
G1 X144.5 Y164.6 E2005.77982
G1 X142.8 Y164.6 E2006.00599
G0 F9000 X143.3 Y163.635
G1 F1500 E1999.50599
G0 F9000 X144.08 Y160.103
G0 X145.565 Y160.103
G0 X147.235 Y160.103
G0 X148.72 Y160.103
G0 X149.1 Y160.103
;TYPE:WALL-INNER
G1 F1500 E2006.00599
G1 X149.1 Y59.897 E2019.33745
G1 X150.211 Y59.897 E2019.48526
G1 X150.211 Y159.705 E2032.76377
G1 X150.211 Y160.104 E2032.81685
G1 X149.812 Y160.104 E2032.85118
G1 X149.1 Y160.103 E2032.9459
G0 F9000 X148.77 Y160.433
G0 X148.3 Y160.903
;TYPE:WALL-OUTER
G1 F1500 X148.3 Y59.097 E2046.49023
G1 X151.011 Y59.097 E2046.8509
G1 X151.011 Y160.904 E2060.39536
G1 X148.3 Y160.903 E2060.75603
G0 F9000 X148.77 Y160.433
G0 X149.584 Y159.767
G0 X149.509 Y159.691
;TYPE:SKIN
G1 F1500 X149.655 Y159.271 E2060.78873
G1 X149.654 Y106.662 E2064.65699
G1 X149.654 Y60.841 E2068.02614
G1 X149.742 Y60.364 E2068.0618
G0 F9000 X149.811 Y60.497
G1 F1500 E2061.5618
G0 F9000 X150.597 Y160.49
G0 X152.076 Y160.49
G0 X153.735 Y160.49
G0 X155.22 Y160.49
G0 X155.6 Y163.8
;TYPE:WALL-INNER
G1 F1500 E2068.0618
G1 X155.6 Y56.2 E2082.37697
G1 X155.7 Y56.2 E2082.39027
G1 X155.7 Y163.8 E2084.18191
G1 X155.6 Y163.8 E2084.19521
G0 F9000 X155.27 Y164.13
G0 X154.8 Y164.6
;TYPE:WALL-OUTER
G1 F1500 X154.8 Y55.4 E2098.72324
G1 X156.5 Y55.4 E2098.94941
G1 X156.5 Y164.6 E2113.47743
G1 X154.8 Y164.6 E2113.7036
G0 F9000 X155.3 Y163.635
G1 F1500 E2107.2036
;MESH:zanza fissa prolunga mobile.stl(5)
G0 F9000 X156.08 Y163.8
G0 X157.565 Y163.8
G0 X162.835 Y163.8
G0 X164.32 Y163.8
G0 X164.7 Y163.8
;TYPE:WALL-INNER
G1 F1500 E2113.7036
G1 X164.7 Y56.2 E2128.01876
G1 X164.8 Y56.2 E2128.03207
G1 X164.8 Y163.8 E2129.8237
G1 X164.7 Y163.8 E2129.83701
G0 F9000 X164.37 Y164.13
G0 X163.9 Y164.6
;TYPE:WALL-OUTER
G1 F1500 X163.9 Y55.4 E2144.36503
G1 X165.6 Y55.4 E2144.5912
G1 X165.6 Y164.6 E2159.11923
G1 X163.9 Y164.6 E2159.3454
G0 F9000 X164.4 Y163.635
G1 F1500 E2152.8454
G0 F9000 X165.18 Y160.103
G0 X166.665 Y160.103
G0 X168.335 Y160.103
G0 X169.82 Y160.103
G0 X170.2 Y160.103
;TYPE:WALL-INNER
G1 F1500 E2159.3454
G1 X170.2 Y59.897 E2172.67686
G1 X171.311 Y59.897 E2172.82467
G1 X171.311 Y159.705 E2186.10318
G1 X171.311 Y160.104 E2186.15626
G1 X170.912 Y160.104 E2186.19058
G1 X170.2 Y160.103 E2186.28531
G0 F9000 X169.87 Y160.433
G0 X169.4 Y160.903
;TYPE:WALL-OUTER
G1 F1500 X169.4 Y59.097 E2199.82963
G1 X172.111 Y59.097 E2200.19031
G1 X172.111 Y160.904 E2213.73477
G1 X169.4 Y160.903 E2214.09544
G0 F9000 X169.87 Y160.433
G0 X170.975 Y159.661
G0 X170.754 Y159.44
;TYPE:SKIN
G1 F1500 X170.754 Y158.875 E2214.13729
G1 X170.757 Y60.449 E2221.4284
G0 F9000 X170.6 Y60.297
G1 F1500 E2214.9284
G0 F9000 X171.697 Y160.49
G0 X173.176 Y160.49
G0 X174.835 Y160.49
G0 X176.32 Y160.49
G0 X176.7 Y163.8
;TYPE:WALL-INNER
G1 F1500 E2221.4284
G1 X176.7 Y56.2 E2235.74356
G1 X176.8 Y56.2 E2235.75687
G1 X176.8 Y163.8 E2237.5485
G1 X176.7 Y163.8 E2237.5618
G0 F9000 X176.37 Y164.13
G0 X175.9 Y164.6
;TYPE:WALL-OUTER
G1 F1500 X175.9 Y55.4 E2252.08983
G1 X177.6 Y55.4 E2252.316
G1 X177.6 Y164.6 E2266.84403
G1 X175.9 Y164.6 E2267.0702
G0 F9000 X176.4 Y163.635
G1 F1500 E2260.5702
;MESH:NONMESH
G0 F300 X176.4 Y163.635 Z5.6
G0 F9000 X174.835 Y163.8
G0 X166.04 Y165.661
G0 X84.16 Y165.661
G0 X73.165 Y163.8
G0 X71.68 Y163.8
G0 X71.3 Y163.8
;TIME_ELAPSED:7774.298445
;LAYER:13
;TYPE:WALL-INNER
;MESH:zanza fissa prolunga mobile.stl(3)
G1 F1500 E2267.0702
G1 X71.2 Y163.8 E2267.0835
G1 X71.2 Y56.2 E2281.39866
G1 X71.3 Y56.2 E2281.41197
G1 X71.3 Y163.8 E2283.2036
G0 F9000 X71.63 Y164.13
G0 X72.1 Y164.6
;TYPE:WALL-OUTER
G1 F1500 X70.4 Y164.6 E2283.42977
G1 X70.4 Y55.4 E2297.9578
G1 X72.1 Y55.4 E2298.18397
G1 X72.1 Y164.6 E2312.71199
G0 F9000 X71.6 Y163.635
G1 F1500 E2306.21199
G0 F9000 X70.82 Y163.8
G0 X69.335 Y163.8
G0 X61.165 Y163.8
G0 X59.68 Y163.8
G0 X59.3 Y163.8
;TYPE:WALL-INNER
G1 F1500 E2312.71199
G1 X59.2 Y163.8 E2312.7253
G1 X59.2 Y56.2 E2327.04046
G1 X59.3 Y56.2 E2327.05376
G1 X59.3 Y163.8 E2328.8454
G0 F9000 X59.63 Y164.13
G0 X60.1 Y164.6
;TYPE:WALL-OUTER
G1 F1500 X58.4 Y164.6 E2329.07157
G1 X58.4 Y55.4 E2343.59959
G1 X60.1 Y55.4 E2343.82576
G1 X60.1 Y164.6 E2358.35379
G0 F9000 X59.6 Y163.635
G1 F1500 E2351.85379
;MESH:zanza fissa prolunga mobile.stl(2)
G0 F9000 X61.165 Y163.8
G0 X69.96 Y165.661
G0 X86.74 Y165.661
G0 X95.535 Y163.8
G0 X97.02 Y163.8
G0 X97.5 Y163.8
;TYPE:WALL-INNER
G1 F1500 E2358.35379
G1 X97.4 Y163.8 E2358.36709
G1 X97.4 Y56.2 E2372.68226
G1 X97.5 Y56.2 E2372.69556
G1 X97.5 Y163.8 E2374.4872
G0 F9000 X97.83 Y164.13
G0 X98.3 Y164.6
;TYPE:WALL-OUTER
G1 F1500 X96.6 Y164.6 E2374.71336
G1 X96.6 Y55.4 E2389.24139
G1 X98.3 Y55.4 E2389.46756
G1 X98.3 Y164.6 E2403.99559
G0 F9000 X97.8 Y163.635
G1 F1500 E2397.49559
G0 F9000 X97.02 Y163.8
G0 X95.535 Y163.8
G0 X87.365 Y163.8
G0 X85.88 Y163.8
G0 X85.5 Y163.8
;TYPE:WALL-INNER
G1 F1500 E2403.99559
G1 X85.4 Y163.8 E2404.00889
G1 X85.4 Y56.2 E2418.32405
G1 X85.5 Y56.2 E2418.33736
G1 X85.5 Y163.8 E2420.12899
G0 F9000 X85.83 Y164.13
G0 X86.3 Y164.6
;TYPE:WALL-OUTER
G1 F1500 X84.6 Y164.6 E2420.35516
G1 X84.6 Y55.4 E2434.88319
G1 X86.3 Y55.4 E2435.10936
G1 X86.3 Y164.6 E2449.63738
G0 F9000 X85.8 Y163.635
G1 F1500 E2443.13738
;MESH:zanza fissa prolunga mobile.stl
G0 F9000 X87.365 Y163.8
G0 X96.16 Y165.661
G0 X102.74 Y165.661
G0 X111.535 Y163.8
G0 X113.02 Y163.8
G0 X113.4 Y163.8
;TYPE:WALL-INNER
G1 F1500 E2449.63738
G1 X113.4 Y56.2 E2463.95255
G1 X113.5 Y56.2 E2463.96585
G1 X113.5 Y163.8 E2465.75748
G1 X113.4 Y163.8 E2465.77079
G0 F9000 X113.07 Y164.13
G0 X112.6 Y164.6
;TYPE:WALL-OUTER
G1 F1500 X112.6 Y55.4 E2480.29882
G1 X114.3 Y55.4 E2480.52498
G1 X114.3 Y164.6 E2495.05301
G1 X112.6 Y164.6 E2495.27918
G0 F9000 X113.1 Y163.635
G1 F1500 E2488.77918
G0 F9000 X111.535 Y163.8
G0 X103.365 Y163.8
G0 X101.88 Y163.8
G0 X101.5 Y163.8
;TYPE:WALL-INNER
G1 F1500 E2495.27918
G1 X101.4 Y163.8 E2495.29248
G1 X101.4 Y56.2 E2509.60765
G1 X101.5 Y56.2 E2509.62095
G1 X101.5 Y163.8 E2511.41259
G0 F9000 X101.83 Y164.13
G0 X102.3 Y164.6
;TYPE:WALL-OUTER
G1 F1500 X100.6 Y164.6 E2511.63875
G1 X100.6 Y55.4 E2526.16678
G1 X102.3 Y55.4 E2526.39295
G1 X102.3 Y164.6 E2540.92098
G0 F9000 X101.8 Y163.635
G1 F1500 E2534.42098
;MESH:zanza fissa prolunga mobile.stl(1)
G0 F9000 X103.365 Y163.8
G0 X112.16 Y165.661
G0 X114.74 Y165.661
G0 X120.635 Y163.8
G0 X122.12 Y163.8
G0 X122.5 Y163.8
;TYPE:WALL-INNER
G1 F1500 E2540.92098
G1 X122.5 Y56.2 E2555.23614
G1 X122.6 Y56.2 E2555.24944
G1 X122.6 Y163.8 E2557.04108
G1 X122.5 Y163.8 E2557.05438
G0 F9000 X122.17 Y164.13
G0 X121.7 Y164.6
;TYPE:WALL-OUTER
G1 F1500 X121.7 Y55.4 E2571.58241
G1 X123.4 Y55.4 E2571.80858
G1 X123.4 Y164.6 E2586.33661
G1 X121.7 Y164.6 E2586.56277
G0 F9000 X122.2 Y163.635
G1 F1500 E2580.06277
G0 F9000 X122.98 Y163.8
G0 X124.465 Y163.8
G0 X132.635 Y163.8
G0 X134.12 Y163.8
G0 X134.5 Y163.8
;TYPE:WALL-INNER
G1 F1500 E2586.56277
G1 X134.5 Y56.2 E2600.87794
G1 X134.6 Y56.2 E2600.89124
G1 X134.6 Y163.8 E2602.68288
G1 X134.5 Y163.8 E2602.69618
G0 F9000 X134.17 Y164.13
G0 X133.7 Y164.6
;TYPE:WALL-OUTER
G1 F1500 X133.7 Y55.4 E2617.22421
G1 X135.4 Y55.4 E2617.45038
G1 X135.4 Y164.6 E2631.9784
G1 X133.7 Y164.6 E2632.20457
G0 F9000 X134.2 Y163.635
G1 F1500 E2625.70457
;MESH:zanza fissa prolunga mobile.stl(4)
G0 F9000 X134.98 Y163.8
G0 X136.465 Y163.8
G0 X141.735 Y163.8
G0 X143.22 Y163.8
G0 X143.6 Y163.8
;TYPE:WALL-INNER
G1 F1500 E2632.20457
G1 X143.6 Y56.2 E2646.51973
G1 X143.7 Y56.2 E2646.53304
G1 X143.7 Y163.8 E2648.32467
G1 X143.6 Y163.8 E2648.33798
G0 F9000 X143.27 Y164.13
G0 X142.8 Y164.6
;TYPE:WALL-OUTER
G1 F1500 X142.8 Y55.4 E2662.866
G1 X144.5 Y55.4 E2663.09217
G1 X144.5 Y164.6 E2677.6202
G1 X142.8 Y164.6 E2677.84637
G0 F9000 X143.3 Y163.635
G1 F1500 E2671.34637
G0 F9000 X144.08 Y163.8
G0 X145.565 Y163.8
G0 X153.735 Y163.8
G0 X155.22 Y163.8
G0 X155.6 Y163.8
;TYPE:WALL-INNER
G1 F1500 E2677.84637
G1 X155.6 Y56.2 E2692.16153
G1 X155.7 Y56.2 E2692.17483
G1 X155.7 Y163.8 E2693.96647
G1 X155.6 Y163.8 E2693.97977
G0 F9000 X155.27 Y164.13
G0 X154.8 Y164.6
;TYPE:WALL-OUTER
G1 F1500 X154.8 Y55.4 E2708.5078
G1 X156.5 Y55.4 E2708.73397
G1 X156.5 Y164.6 E2723.262
G1 X154.8 Y164.6 E2723.48816
G0 F9000 X155.3 Y163.635
G1 F1500 E2716.98816
;MESH:zanza fissa prolunga mobile.stl(5)
G0 F9000 X156.08 Y163.8
G0 X157.565 Y163.8
G0 X162.835 Y163.8
G0 X164.32 Y163.8
G0 X164.7 Y163.8
;TYPE:WALL-INNER
G1 F1500 E2723.48816
G1 X164.7 Y56.2 E2737.80333
G1 X164.8 Y56.2 E2737.81663
G1 X164.8 Y163.8 E2739.60827
G1 X164.7 Y163.8 E2739.62157
G0 F9000 X164.37 Y164.13
G0 X163.9 Y164.6
;TYPE:WALL-OUTER
G1 F1500 X163.9 Y55.4 E2754.1496
G1 X165.6 Y55.4 E2754.37577
G1 X165.6 Y164.6 E2768.90379
G1 X163.9 Y164.6 E2769.12996
G0 F9000 X164.4 Y163.635
G1 F1500 E2762.62996
G0 F9000 X165.18 Y163.8
G0 X166.665 Y163.8
G0 X174.835 Y163.8
G0 X176.32 Y163.8
G0 X176.7 Y163.8
;TYPE:WALL-INNER
G1 F1500 E2769.12996
G1 X176.7 Y56.2 E2783.44512
G1 X176.8 Y56.2 E2783.45843
G1 X176.8 Y163.8 E2785.25006
G1 X176.7 Y163.8 E2785.26337
G0 F9000 X176.37 Y164.13
G0 X175.9 Y164.6
;TYPE:WALL-OUTER
G1 F1500 X175.9 Y55.4 E2799.79139
G1 X177.6 Y55.4 E2800.01756
G1 X177.6 Y164.6 E2814.54559
G1 X175.9 Y164.6 E2814.77176
G0 F9000 X176.4 Y163.635
G1 F1500 E2808.27176
;MESH:NONMESH
G0 F300 X176.4 Y163.635 Z6
G0 F9000 X174.835 Y163.8
G0 X166.04 Y165.661
G0 X84.16 Y165.661
G0 X73.165 Y163.8
G0 X71.68 Y163.8
G0 X71.3 Y163.8
;TIME_ELAPSED:8000.264731
;LAYER:14
;TYPE:WALL-INNER
;MESH:zanza fissa prolunga mobile.stl(3)
G1 F1500 E2814.77176
G1 X71.2 Y163.8 E2814.78506
G1 X71.2 Y56.2 E2829.10022
G1 X71.3 Y56.2 E2829.11353
G1 X71.3 Y163.8 E2830.90516
G0 F9000 X71.63 Y164.13
G0 X72.1 Y164.6
;TYPE:WALL-OUTER
G1 F1500 X70.4 Y164.6 E2831.13133
G1 X70.4 Y55.4 E2845.65936
G1 X72.1 Y55.4 E2845.88553
G1 X72.1 Y164.6 E2860.41356
G0 F9000 X71.6 Y163.635
G1 F1500 E2853.91356
G0 F9000 X70.82 Y163.8
G0 X69.335 Y163.8
G0 X61.165 Y163.8
G0 X59.68 Y163.8
G0 X59.3 Y163.8
;TYPE:WALL-INNER
G1 F1500 E2860.41356
G1 X59.2 Y163.8 E2860.42686
G1 X59.2 Y56.2 E2874.74202
G1 X59.3 Y56.2 E2874.75533
G1 X59.3 Y163.8 E2876.54696
G0 F9000 X59.63 Y164.13
G0 X60.1 Y164.6
;TYPE:WALL-OUTER
G1 F1500 X58.4 Y164.6 E2876.77313
G1 X58.4 Y55.4 E2891.30116
G1 X60.1 Y55.4 E2891.52733
G1 X60.1 Y164.6 E2906.05535
G0 F9000 X59.6 Y163.635
G1 F1500 E2899.55535
;MESH:zanza fissa prolunga mobile.stl(2)
G0 F9000 X61.165 Y163.8
G0 X69.96 Y165.661
G0 X86.74 Y165.661
G0 X95.535 Y163.8
G0 X97.02 Y163.8
G0 X97.5 Y163.8
;TYPE:WALL-INNER
G1 F1500 E2906.05535
G1 X97.4 Y163.8 E2906.06866
G1 X97.4 Y56.2 E2920.38382
G1 X97.5 Y56.2 E2920.39712
G1 X97.5 Y163.8 E2922.18876
G0 F9000 X97.83 Y164.13
G0 X98.3 Y164.6
;TYPE:WALL-OUTER
G1 F1500 X96.6 Y164.6 E2922.41493
G1 X96.6 Y55.4 E2936.94295
G1 X98.3 Y55.4 E2937.16912
G1 X98.3 Y164.6 E2951.69715
G0 F9000 X97.8 Y163.635
G1 F1500 E2945.19715
G0 F9000 X97.02 Y163.8
G0 X95.535 Y163.8
G0 X87.365 Y163.8
G0 X85.88 Y163.8
G0 X85.5 Y163.8
;TYPE:WALL-INNER
G1 F1500 E2951.69715
G1 X85.4 Y163.8 E2951.71045
G1 X85.4 Y56.2 E2966.02562
G1 X85.5 Y56.2 E2966.03892
G1 X85.5 Y163.8 E2967.83055
G0 F9000 X85.83 Y164.13
G0 X86.3 Y164.6
;TYPE:WALL-OUTER
G1 F1500 X84.6 Y164.6 E2968.05672
G1 X84.6 Y55.4 E2982.58475
G1 X86.3 Y55.4 E2982.81092
G1 X86.3 Y164.6 E2997.33895
G0 F9000 X85.8 Y163.635
G1 F1500 E2990.83895
;MESH:zanza fissa prolunga mobile.stl
G0 F9000 X87.365 Y163.8
G0 X96.16 Y165.661
G0 X102.74 Y165.661
G0 X111.535 Y163.8
G0 X113.02 Y163.8
G0 X113.4 Y163.8
;TYPE:WALL-INNER
G1 F1500 E2997.33895
G1 X113.4 Y56.2 E3011.65411
G1 X113.5 Y56.2 E3011.66741
G1 X113.5 Y163.8 E3013.45905
G1 X113.4 Y163.8 E3013.47235
G0 F9000 X113.07 Y164.13
G0 X112.6 Y164.6
;TYPE:WALL-OUTER
G1 F1500 X112.6 Y55.4 E3028.00038
G1 X114.3 Y55.4 E3028.22655
G1 X114.3 Y164.6 E3042.75457
G1 X112.6 Y164.6 E3042.98074
G0 F9000 X113.1 Y163.635
G1 F1500 E3036.48074
G0 F9000 X111.535 Y163.8
G0 X103.365 Y163.8
G0 X101.88 Y163.8
G0 X101.5 Y163.8
;TYPE:WALL-INNER
G1 F1500 E3042.98074
G1 X101.4 Y163.8 E3042.99405
G1 X101.4 Y56.2 E3057.30921
G1 X101.5 Y56.2 E3057.32251
G1 X101.5 Y163.8 E3059.11415
G0 F9000 X101.83 Y164.13
G0 X102.3 Y164.6
;TYPE:WALL-OUTER
G1 F1500 X100.6 Y164.6 E3059.34032
G1 X100.6 Y55.4 E3073.86834
G1 X102.3 Y55.4 E3074.09451
G1 X102.3 Y164.6 E3088.62254
G0 F9000 X101.8 Y163.635
G1 F1500 E3082.12254
;MESH:zanza fissa prolunga mobile.stl(1)
G0 F9000 X103.365 Y163.8
G0 X112.16 Y165.661
G0 X114.74 Y165.661
G0 X120.635 Y163.8
G0 X122.12 Y163.8
G0 X122.5 Y163.8
;TYPE:WALL-INNER
G1 F1500 E3088.62254
G1 X122.5 Y56.2 E3102.9377
G1 X122.6 Y56.2 E3102.95101
G1 X122.6 Y163.8 E3104.74264
G1 X122.5 Y163.8 E3104.75595
G0 F9000 X122.17 Y164.13
G0 X121.7 Y164.6
;TYPE:WALL-OUTER
G1 F1500 X121.7 Y55.4 E3119.28397
G1 X123.4 Y55.4 E3119.51014
G1 X123.4 Y164.6 E3134.03817
G1 X121.7 Y164.6 E3134.26434
G0 F9000 X122.2 Y163.635
G1 F1500 E3127.76434
G0 F9000 X122.98 Y163.8
G0 X124.465 Y163.8
G0 X132.635 Y163.8
G0 X134.12 Y163.8
G0 X134.5 Y163.8
;TYPE:WALL-INNER
G1 F1500 E3134.26434
G1 X134.5 Y56.2 E3148.5795
G1 X134.6 Y56.2 E3148.5928
G1 X134.6 Y163.8 E3150.38444
G1 X134.5 Y163.8 E3150.39774
G0 F9000 X134.17 Y164.13
G0 X133.7 Y164.6
;TYPE:WALL-OUTER
G1 F1500 X133.7 Y55.4 E3164.92577
G1 X135.4 Y55.4 E3165.15194
G1 X135.4 Y164.6 E3179.67996
G1 X133.7 Y164.6 E3179.90613
G0 F9000 X134.2 Y163.635
G1 F1500 E3173.40613
;MESH:zanza fissa prolunga mobile.stl(4)
G0 F9000 X134.98 Y163.8
G0 X136.465 Y163.8
G0 X141.735 Y163.8
G0 X143.22 Y163.8
G0 X143.6 Y163.8
;TYPE:WALL-INNER
G1 F1500 E3179.90613
G1 X143.6 Y56.2 E3194.2213
G1 X143.7 Y56.2 E3194.2346
G1 X143.7 Y163.8 E3196.02623
G1 X143.6 Y163.8 E3196.03954
G0 F9000 X143.27 Y164.13
G0 X142.8 Y164.6
;TYPE:WALL-OUTER
G1 F1500 X142.8 Y55.4 E3210.56757
G1 X144.5 Y55.4 E3210.79373
G1 X144.5 Y164.6 E3225.32176
G1 X142.8 Y164.6 E3225.54793
G0 F9000 X143.3 Y163.635
G1 F1500 E3219.04793
G0 F9000 X144.08 Y163.8
G0 X145.565 Y163.8
G0 X153.735 Y163.8
G0 X155.22 Y163.8
G0 X155.6 Y163.8
;TYPE:WALL-INNER
G1 F1500 E3225.54793
G1 X155.6 Y56.2 E3239.86309
G1 X155.7 Y56.2 E3239.8764
G1 X155.7 Y163.8 E3241.66803
G1 X155.6 Y163.8 E3241.68134
G0 F9000 X155.27 Y164.13
G0 X154.8 Y164.6
;TYPE:WALL-OUTER
G1 F1500 X154.8 Y55.4 E3256.20936
G1 X156.5 Y55.4 E3256.43553
G1 X156.5 Y164.6 E3270.96356
G1 X154.8 Y164.6 E3271.18973
G0 F9000 X155.3 Y163.635
G1 F1500 E3264.68973
;MESH:zanza fissa prolunga mobile.stl(5)
G0 F9000 X156.08 Y163.8
G0 X157.565 Y163.8
G0 X162.835 Y163.8
G0 X164.32 Y163.8
G0 X164.7 Y163.8
;TYPE:WALL-INNER
G1 F1500 E3271.18973
G1 X164.7 Y56.2 E3285.50489
G1 X164.8 Y56.2 E3285.51819
G1 X164.8 Y163.8 E3287.30983
G1 X164.7 Y163.8 E3287.32313
G0 F9000 X164.37 Y164.13
G0 X163.9 Y164.6
;TYPE:WALL-OUTER
G1 F1500 X163.9 Y55.4 E3301.85116
G1 X165.6 Y55.4 E3302.07733
G1 X165.6 Y164.6 E3316.60536
G1 X163.9 Y164.6 E3316.83152
G0 F9000 X164.4 Y163.635
G1 F1500 E3310.33152
G0 F9000 X165.18 Y163.8
G0 X166.665 Y163.8
G0 X174.835 Y163.8
G0 X176.32 Y163.8
G0 X176.7 Y163.8
;TYPE:WALL-INNER
G1 F1500 E3316.83152
G1 X176.7 Y56.2 E3331.14669
G1 X176.8 Y56.2 E3331.15999
G1 X176.8 Y163.8 E3332.95163
G1 X176.7 Y163.8 E3332.96493
G0 F9000 X176.37 Y164.13
G0 X175.9 Y164.6
;TYPE:WALL-OUTER
G1 F1500 X175.9 Y55.4 E3347.49296
G1 X177.6 Y55.4 E3347.71913
G1 X177.6 Y164.6 E3362.24715
G1 X175.9 Y164.6 E3362.47332
G0 F9000 X176.4 Y163.635
G1 F1500 E3355.97332
;MESH:NONMESH
G0 F300 X176.4 Y163.635 Z6.4
G0 F9000 X174.835 Y163.8
G0 X166.04 Y165.661
G0 X84.16 Y165.661
G0 X73.165 Y163.8
G0 X71.68 Y163.8
G0 X71.3 Y163.8
;TIME_ELAPSED:8226.231017
;LAYER:15
;TYPE:WALL-INNER
;MESH:zanza fissa prolunga mobile.stl(3)
G1 F1500 E3362.47332
G1 X71.2 Y163.8 E3362.48663
G1 X71.2 Y56.2 E3376.80179
G1 X71.3 Y56.2 E3376.81509
G1 X71.3 Y163.8 E3378.60673
G0 F9000 X71.63 Y164.13
G0 X72.1 Y164.6
;TYPE:WALL-OUTER
G1 F1500 X70.4 Y164.6 E3378.8329
G1 X70.4 Y55.4 E3393.36092
G1 X72.1 Y55.4 E3393.58709
G1 X72.1 Y164.6 E3408.11512
G0 F9000 X71.6 Y163.635
G1 F1500 E3401.61512
G0 F9000 X70.82 Y163.8
G0 X69.335 Y163.8
G0 X61.165 Y163.8
G0 X59.68 Y163.8
G0 X59.3 Y163.8
;TYPE:WALL-INNER
G1 F1500 E3408.11512
G1 X59.2 Y163.8 E3408.12842
G1 X59.2 Y56.2 E3422.44358
G1 X59.3 Y56.2 E3422.45689
G1 X59.3 Y163.8 E3424.24852
G0 F9000 X59.63 Y164.13
G0 X60.1 Y164.6
;TYPE:WALL-OUTER
G1 F1500 X58.4 Y164.6 E3424.47469
G1 X58.4 Y55.4 E3439.00272
G1 X60.1 Y55.4 E3439.22889
G1 X60.1 Y164.6 E3453.75692
G0 F9000 X59.6 Y163.635
G1 F1500 E3447.25692
;MESH:zanza fissa prolunga mobile.stl(2)
G0 F9000 X61.165 Y163.8
G0 X69.96 Y165.661
G0 X86.74 Y165.661
G0 X95.535 Y163.8
G0 X97.02 Y163.8
G0 X97.5 Y163.8
;TYPE:WALL-INNER
G1 F1500 E3453.75692
G1 X97.4 Y163.8 E3453.77022
G1 X97.4 Y56.2 E3468.08538
G1 X97.5 Y56.2 E3468.09869
G1 X97.5 Y163.8 E3469.89032
G0 F9000 X97.83 Y164.13
G0 X98.3 Y164.6
;TYPE:WALL-OUTER
G1 F1500 X96.6 Y164.6 E3470.11649
G1 X96.6 Y55.4 E3484.64452
G1 X98.3 Y55.4 E3484.87068
G1 X98.3 Y164.6 E3499.39871
G0 F9000 X97.8 Y163.635
G1 F1500 E3492.89871
G0 F9000 X97.02 Y163.8
G0 X95.535 Y163.8
G0 X87.365 Y163.8
G0 X85.88 Y163.8
G0 X85.5 Y163.8
;TYPE:WALL-INNER
G1 F1500 E3499.39871
G1 X85.4 Y163.8 E3499.41202
G1 X85.4 Y56.2 E3513.72718
G1 X85.5 Y56.2 E3513.74048
G1 X85.5 Y163.8 E3515.53212
G0 F9000 X85.83 Y164.13
G0 X86.3 Y164.6
;TYPE:WALL-OUTER
G1 F1500 X84.6 Y164.6 E3515.75829
G1 X84.6 Y55.4 E3530.28631
G1 X86.3 Y55.4 E3530.51248
G1 X86.3 Y164.6 E3545.04051
G0 F9000 X85.8 Y163.635
G1 F1500 E3538.54051
;MESH:zanza fissa prolunga mobile.stl
G0 F9000 X87.365 Y163.8
G0 X96.16 Y165.661
G0 X102.74 Y165.661
G0 X111.535 Y163.8
G0 X113.02 Y163.8
G0 X113.4 Y163.8
;TYPE:WALL-INNER
G1 F1500 E3545.04051
G1 X113.4 Y56.2 E3559.35567
G1 X113.5 Y56.2 E3559.36897
G1 X113.5 Y163.8 E3561.16061
G1 X113.4 Y163.8 E3561.17391
G0 F9000 X113.07 Y164.13
G0 X112.6 Y164.6
;TYPE:WALL-OUTER
G1 F1500 X112.6 Y55.4 E3575.70194
G1 X114.3 Y55.4 E3575.92811
G1 X114.3 Y164.6 E3590.45614
G1 X112.6 Y164.6 E3590.68231
G0 F9000 X113.1 Y163.635
G1 F1500 E3584.18231
G0 F9000 X111.535 Y163.8
G0 X103.365 Y163.8
G0 X101.88 Y163.8
G0 X101.5 Y163.8
;TYPE:WALL-INNER
G1 F1500 E3590.68231
G1 X101.4 Y163.8 E3590.69561
G1 X101.4 Y56.2 E3605.01077
G1 X101.5 Y56.2 E3605.02408
G1 X101.5 Y163.8 E3606.81571
G0 F9000 X101.83 Y164.13
G0 X102.3 Y164.6
;TYPE:WALL-OUTER
G1 F1500 X100.6 Y164.6 E3607.04188
G1 X100.6 Y55.4 E3621.56991
G1 X102.3 Y55.4 E3621.79608
G1 X102.3 Y164.6 E3636.3241
G0 F9000 X101.8 Y163.635
G1 F1500 E3629.8241
;MESH:zanza fissa prolunga mobile.stl(1)
G0 F9000 X103.365 Y163.8
G0 X112.16 Y165.661
G0 X114.74 Y165.661
G0 X120.635 Y163.8
G0 X122.12 Y163.8
G0 X122.5 Y163.8
;TYPE:WALL-INNER
G1 F1500 E3636.3241
G1 X122.5 Y56.2 E3650.63926
G1 X122.6 Y56.2 E3650.65257
G1 X122.6 Y163.8 E3652.4442
G1 X122.5 Y163.8 E3652.45751
G0 F9000 X122.17 Y164.13
G0 X121.7 Y164.6
;TYPE:WALL-OUTER
G1 F1500 X121.7 Y55.4 E3666.98553
G1 X123.4 Y55.4 E3667.2117
G1 X123.4 Y164.6 E3681.73973
G1 X121.7 Y164.6 E3681.9659
G0 F9000 X122.2 Y163.635
G1 F1500 E3675.4659
G0 F9000 X122.98 Y163.8
G0 X124.465 Y163.8
G0 X132.635 Y163.8
G0 X134.12 Y163.8
G0 X134.5 Y163.8
;TYPE:WALL-INNER
G1 F1500 E3681.9659
G1 X134.5 Y56.2 E3696.28106
G1 X134.6 Y56.2 E3696.29437
G1 X134.6 Y163.8 E3698.086
G1 X134.5 Y163.8 E3698.0993
G0 F9000 X134.17 Y164.13
G0 X133.7 Y164.6
;TYPE:WALL-OUTER
G1 F1500 X133.7 Y55.4 E3712.62733
G1 X135.4 Y55.4 E3712.8535
G1 X135.4 Y164.6 E3727.38153
G1 X133.7 Y164.6 E3727.6077
G0 F9000 X134.2 Y163.635
G1 F1500 E3721.1077
;MESH:zanza fissa prolunga mobile.stl(4)
G0 F9000 X134.98 Y163.8
G0 X136.465 Y163.8
G0 X141.735 Y163.8
G0 X143.22 Y163.8
G0 X143.6 Y163.8
;TYPE:WALL-INNER
G1 F1500 E3727.6077
G1 X143.6 Y56.2 E3741.92286
G1 X143.7 Y56.2 E3741.93616
G1 X143.7 Y163.8 E3743.7278
G1 X143.6 Y163.8 E3743.7411
G0 F9000 X143.27 Y164.13
G0 X142.8 Y164.6
;TYPE:WALL-OUTER
G1 F1500 X142.8 Y55.4 E3758.26913
G1 X144.5 Y55.4 E3758.4953
G1 X144.5 Y164.6 E3773.02332
G1 X142.8 Y164.6 E3773.24949
G0 F9000 X143.3 Y163.635
G1 F1500 E3766.74949
G0 F9000 X144.08 Y163.8
G0 X145.565 Y163.8
G0 X153.735 Y163.8
G0 X155.22 Y163.8
G0 X155.6 Y163.8
;TYPE:WALL-INNER
G1 F1500 E3773.24949
G1 X155.6 Y56.2 E3787.56466
G1 X155.7 Y56.2 E3787.57796
G1 X155.7 Y163.8 E3789.36959
G1 X155.6 Y163.8 E3789.3829
G0 F9000 X155.27 Y164.13
G0 X154.8 Y164.6
;TYPE:WALL-OUTER
G1 F1500 X154.8 Y55.4 E3803.91093
G1 X156.5 Y55.4 E3804.13709
G1 X156.5 Y164.6 E3818.66512
G1 X154.8 Y164.6 E3818.89129
G0 F9000 X155.3 Y163.635
G1 F1500 E3812.39129
;MESH:zanza fissa prolunga mobile.stl(5)
G0 F9000 X156.08 Y163.8
G0 X157.565 Y163.8
G0 X162.835 Y163.8
G0 X164.32 Y163.8
G0 X164.7 Y163.8
;TYPE:WALL-INNER
G1 F1500 E3818.89129
G1 X164.7 Y56.2 E3833.20645
G1 X164.8 Y56.2 E3833.21976
G1 X164.8 Y163.8 E3835.01139
G1 X164.7 Y163.8 E3835.0247
G0 F9000 X164.37 Y164.13
G0 X163.9 Y164.6
;TYPE:WALL-OUTER
G1 F1500 X163.9 Y55.4 E3849.55272
G1 X165.6 Y55.4 E3849.77889
G1 X165.6 Y164.6 E3864.30692
G1 X163.9 Y164.6 E3864.53309
G0 F9000 X164.4 Y163.635
G1 F1500 E3858.03309
G0 F9000 X165.18 Y163.8
G0 X166.665 Y163.8
G0 X174.835 Y163.8
G0 X176.32 Y163.8
G0 X176.7 Y163.8
;TYPE:WALL-INNER
G1 F1500 E3864.53309
G1 X176.7 Y56.2 E3878.84825
G1 X176.8 Y56.2 E3878.86155
G1 X176.8 Y163.8 E3880.65319
G1 X176.7 Y163.8 E3880.66649
G0 F9000 X176.37 Y164.13
G0 X175.9 Y164.6
;TYPE:WALL-OUTER
G1 F1500 X175.9 Y55.4 E3895.19452
G1 X177.6 Y55.4 E3895.42069
G1 X177.6 Y164.6 E3909.94871
G1 X175.9 Y164.6 E3910.17488
G0 F9000 X176.4 Y163.635
G1 F1500 E3903.67488
;MESH:NONMESH
G0 F300 X176.4 Y163.635 Z6.8
G0 F9000 X174.835 Y163.8
G0 X166.04 Y165.661
G0 X84.16 Y165.661
G0 X73.165 Y163.8
G0 X71.68 Y163.8
G0 X71.3 Y163.8
;TIME_ELAPSED:8452.197303
;LAYER:16
;TYPE:WALL-INNER
;MESH:zanza fissa prolunga mobile.stl(3)
G1 F1500 E3910.17488
G1 X71.2 Y163.8 E3910.18819
G1 X71.2 Y56.2 E3924.50335
G1 X71.3 Y56.2 E3924.51665
G1 X71.3 Y163.8 E3926.30829
G0 F9000 X71.63 Y164.13
G0 X72.1 Y164.6
;TYPE:WALL-OUTER
G1 F1500 X70.4 Y164.6 E3926.53446
G1 X70.4 Y55.4 E3941.06248
G1 X72.1 Y55.4 E3941.28865
G1 X72.1 Y164.6 E3955.81668
G0 F9000 X71.6 Y163.635
G1 F1500 E3949.31668
G0 F9000 X70.82 Y163.8
G0 X69.335 Y163.8
G0 X61.165 Y163.8
G0 X59.68 Y163.8
G0 X59.3 Y163.8
;TYPE:WALL-INNER
G1 F1500 E3955.81668
G1 X59.2 Y163.8 E3955.82998
G1 X59.2 Y56.2 E3970.14515
G1 X59.3 Y56.2 E3970.15845
G1 X59.3 Y163.8 E3971.95009
G0 F9000 X59.63 Y164.13
G0 X60.1 Y164.6
;TYPE:WALL-OUTER
G1 F1500 X58.4 Y164.6 E3972.17625
G1 X58.4 Y55.4 E3986.70428
G1 X60.1 Y55.4 E3986.93045
G1 X60.1 Y164.6 E4001.45848
G0 F9000 X59.6 Y163.635
G1 F1500 E3994.95848
;MESH:zanza fissa prolunga mobile.stl(2)
G0 F9000 X61.165 Y163.8
G0 X69.96 Y165.661
G0 X86.74 Y165.661
G0 X95.535 Y163.8
G0 X97.02 Y163.8
G0 X97.5 Y163.8
;TYPE:WALL-INNER
G1 F1500 E4001.45848
G1 X97.4 Y163.8 E4001.47178
G1 X97.4 Y56.2 E4015.78694
G1 X97.5 Y56.2 E4015.80025
G1 X97.5 Y163.8 E4017.59188
G0 F9000 X97.83 Y164.13
G0 X98.3 Y164.6
;TYPE:WALL-OUTER
G1 F1500 X96.6 Y164.6 E4017.81805
G1 X96.6 Y55.4 E4032.34608
G1 X98.3 Y55.4 E4032.57225
G1 X98.3 Y164.6 E4047.10027
G0 F9000 X97.8 Y163.635
G1 F1500 E4040.60027
G0 F9000 X97.02 Y163.8
G0 X95.535 Y163.8
G0 X87.365 Y163.8
G0 X85.88 Y163.8
G0 X85.5 Y163.8
;TYPE:WALL-INNER
G1 F1500 E4047.10027
G1 X85.4 Y163.8 E4047.11358
G1 X85.4 Y56.2 E4061.42874
G1 X85.5 Y56.2 E4061.44204
G1 X85.5 Y163.8 E4063.23368
G0 F9000 X85.83 Y164.13
G0 X86.3 Y164.6
;TYPE:WALL-OUTER
G1 F1500 X84.6 Y164.6 E4063.45985
G1 X84.6 Y55.4 E4077.98788
G1 X86.3 Y55.4 E4078.21404
G1 X86.3 Y164.6 E4092.74207
G0 F9000 X85.8 Y163.635
G1 F1500 E4086.24207
;MESH:zanza fissa prolunga mobile.stl
G0 F9000 X87.365 Y163.8
G0 X96.16 Y165.661
G0 X102.74 Y165.661
G0 X111.535 Y163.8
G0 X113.02 Y163.8
G0 X113.4 Y163.8
;TYPE:WALL-INNER
G1 F1500 E4092.74207
G1 X113.4 Y56.2 E4107.05723
G1 X113.5 Y56.2 E4107.07054
G1 X113.5 Y163.8 E4108.86217
G1 X113.4 Y163.8 E4108.87548
G0 F9000 X113.07 Y164.13
G0 X112.6 Y164.6
;TYPE:WALL-OUTER
G1 F1500 X112.6 Y55.4 E4123.4035
G1 X114.3 Y55.4 E4123.62967
G1 X114.3 Y164.6 E4138.1577
G1 X112.6 Y164.6 E4138.38387
G0 F9000 X113.1 Y163.635
G1 F1500 E4131.88387
G0 F9000 X111.535 Y163.8
G0 X103.365 Y163.8
G0 X101.88 Y163.8
G0 X101.5 Y163.8
;TYPE:WALL-INNER
G1 F1500 E4138.38387
G1 X101.4 Y163.8 E4138.39717
G1 X101.4 Y56.2 E4152.71233
G1 X101.5 Y56.2 E4152.72564
G1 X101.5 Y163.8 E4154.51727
G0 F9000 X101.83 Y164.13
G0 X102.3 Y164.6
;TYPE:WALL-OUTER
G1 F1500 X100.6 Y164.6 E4154.74344
G1 X100.6 Y55.4 E4169.27147
G92 E0
G1 X102.3 Y55.4 E0.22617
G1 X102.3 Y164.6 E14.7542
G0 F9000 X101.8 Y163.635
G1 F1500 E8.2542
;MESH:zanza fissa prolunga mobile.stl(1)
G0 F9000 X103.365 Y163.8
G0 X112.16 Y165.661
G0 X114.74 Y165.661
G0 X120.635 Y163.8
G0 X122.12 Y163.8
G0 X122.5 Y163.8
;TYPE:WALL-INNER
G1 F1500 E14.7542
G1 X122.5 Y56.2 E29.06936
G1 X122.6 Y56.2 E29.08266
G1 X122.6 Y163.8 E30.8743
G1 X122.5 Y163.8 E30.8876
G0 F9000 X122.17 Y164.13
G0 X121.7 Y164.6
;TYPE:WALL-OUTER
G1 F1500 X121.7 Y55.4 E45.41563
G1 X123.4 Y55.4 E45.6418
G1 X123.4 Y164.6 E60.16982
G1 X121.7 Y164.6 E60.39599
G0 F9000 X122.2 Y163.635
G1 F1500 E53.89599
G0 F9000 X122.98 Y163.8
G0 X124.465 Y163.8
G0 X132.635 Y163.8
G0 X134.12 Y163.8
G0 X134.5 Y163.8
;TYPE:WALL-INNER
G1 F1500 E60.39599
G1 X134.5 Y56.2 E74.71115
G1 X134.6 Y56.2 E74.72446
G1 X134.6 Y163.8 E76.51609
G1 X134.5 Y163.8 E76.5294
G0 F9000 X134.17 Y164.13
G0 X133.7 Y164.6
;TYPE:WALL-OUTER
G1 F1500 X133.7 Y55.4 E91.05742
G1 X135.4 Y55.4 E91.28359
G1 X135.4 Y164.6 E105.81162
G1 X133.7 Y164.6 E106.03779
G0 F9000 X134.2 Y163.635
G1 F1500 E99.53779
;MESH:zanza fissa prolunga mobile.stl(4)
G0 F9000 X134.98 Y163.8
G0 X136.465 Y163.8
G0 X141.735 Y163.8
G0 X143.22 Y163.8
G0 X143.6 Y163.8
;TYPE:WALL-INNER
G1 F1500 E106.03779
G1 X143.6 Y56.2 E120.35295
G1 X143.7 Y56.2 E120.36626
G1 X143.7 Y163.8 E122.15789
G1 X143.6 Y163.8 E122.17119
G0 F9000 X143.27 Y164.13
G0 X142.8 Y164.6
;TYPE:WALL-OUTER
G1 F1500 X142.8 Y55.4 E136.69922
G1 X144.5 Y55.4 E136.92539
G1 X144.5 Y164.6 E151.45342
G1 X142.8 Y164.6 E151.67959
G0 F9000 X143.3 Y163.635
G1 F1500 E145.17959
G0 F9000 X144.08 Y163.8
G0 X145.565 Y163.8
G0 X153.735 Y163.8
G0 X155.22 Y163.8
G0 X155.6 Y163.8
;TYPE:WALL-INNER
G1 F1500 E151.67959
G1 X155.6 Y56.2 E165.99475
G1 X155.7 Y56.2 E166.00805
G1 X155.7 Y163.8 E167.79969
G1 X155.6 Y163.8 E167.81299
G0 F9000 X155.27 Y164.13
G0 X154.8 Y164.6
;TYPE:WALL-OUTER
G1 F1500 X154.8 Y55.4 E182.34102
G1 X156.5 Y55.4 E182.56719
G1 X156.5 Y164.6 E197.09521
G1 X154.8 Y164.6 E197.32138
G0 F9000 X155.3 Y163.635
G1 F1500 E190.82138
;MESH:zanza fissa prolunga mobile.stl(5)
G0 F9000 X156.08 Y163.8
G0 X157.565 Y163.8
G0 X162.835 Y163.8
G0 X164.32 Y163.8
G0 X164.7 Y163.8
;TYPE:WALL-INNER
G1 F1500 E197.32138
G1 X164.7 Y56.2 E211.63655
G1 X164.8 Y56.2 E211.64985
G1 X164.8 Y163.8 E213.44148
G1 X164.7 Y163.8 E213.45479
G0 F9000 X164.37 Y164.13
G0 X163.9 Y164.6
;TYPE:WALL-OUTER
G1 F1500 X163.9 Y55.4 E227.98282
G1 X165.6 Y55.4 E228.20898
G1 X165.6 Y164.6 E242.73701
G1 X163.9 Y164.6 E242.96318
G0 F9000 X164.4 Y163.635
G1 F1500 E236.46318
G0 F9000 X165.18 Y163.8
G0 X166.665 Y163.8
G0 X174.835 Y163.8
G0 X176.32 Y163.8
G0 X176.7 Y163.8
;TYPE:WALL-INNER
G1 F1500 E242.96318
G1 X176.7 Y56.2 E257.27834
G1 X176.8 Y56.2 E257.29165
G1 X176.8 Y163.8 E259.08328
G1 X176.7 Y163.8 E259.09659
G0 F9000 X176.37 Y164.13
G0 X175.9 Y164.6
;TYPE:WALL-OUTER
G1 F1500 X175.9 Y55.4 E273.62461
G1 X177.6 Y55.4 E273.85078
G1 X177.6 Y164.6 E288.37881
G1 X175.9 Y164.6 E288.60498
G0 F9000 X176.4 Y163.635
G1 F1500 E282.10498
;MESH:NONMESH
G0 F300 X176.4 Y163.635 Z7.2
G0 F9000 X174.835 Y163.8
G0 X166.04 Y165.661
G0 X84.16 Y165.661
G0 X73.165 Y163.8
G0 X71.68 Y163.8
G0 X71.3 Y163.8
;TIME_ELAPSED:8761.475020
;LAYER:17
;TYPE:WALL-INNER
;MESH:zanza fissa prolunga mobile.stl(3)
G1 F1500 E288.60498
G1 X71.2 Y163.8 E288.61828
G1 X71.2 Y56.2 E302.93344
G1 X71.3 Y56.2 E302.94675
G1 X71.3 Y163.8 E304.73838
G0 F9000 X71.63 Y164.13
G0 X72.1 Y164.6
;TYPE:WALL-OUTER
G1 F1500 X70.4 Y164.6 E304.96455
G1 X70.4 Y55.4 E319.49258
G1 X72.1 Y55.4 E319.71875
G1 X72.1 Y164.6 E334.24677
G0 F9000 X71.6 Y163.635
G1 F1500 E327.74677
G0 F9000 X70.82 Y163.8
G0 X69.335 Y163.8
G0 X61.165 Y163.8
G0 X59.68 Y163.8
G0 X59.3 Y163.8
;TYPE:WALL-INNER
G1 F1500 E334.24677
G1 X59.2 Y163.8 E334.26008
G1 X59.2 Y56.2 E348.57524
G1 X59.3 Y56.2 E348.58854
G1 X59.3 Y163.8 E350.38018
G0 F9000 X59.63 Y164.13
G0 X60.1 Y164.6
;TYPE:WALL-OUTER
G1 F1500 X58.4 Y164.6 E350.60635
G1 X58.4 Y55.4 E365.13438
G1 X60.1 Y55.4 E365.36054
G1 X60.1 Y164.6 E379.88857
G0 F9000 X59.6 Y163.635
G1 F1500 E373.38857
;MESH:zanza fissa prolunga mobile.stl(2)
G0 F9000 X61.165 Y163.8
G0 X69.96 Y165.661
G0 X86.74 Y165.661
G0 X95.535 Y163.8
G0 X97.02 Y163.8
G0 X97.5 Y163.8
;TYPE:WALL-INNER
G1 F1500 E379.88857
G1 X97.4 Y163.8 E379.90187
G1 X97.4 Y56.2 E394.21704
G1 X97.5 Y56.2 E394.23034
G1 X97.5 Y163.8 E396.02198
G0 F9000 X97.83 Y164.13
G0 X98.3 Y164.6
;TYPE:WALL-OUTER
G1 F1500 X96.6 Y164.6 E396.24814
G1 X96.6 Y55.4 E410.77617
G1 X98.3 Y55.4 E411.00234
G1 X98.3 Y164.6 E425.53037
G0 F9000 X97.8 Y163.635
G1 F1500 E419.03037
G0 F9000 X97.02 Y163.8
G0 X95.535 Y163.8
G0 X87.365 Y163.8
G0 X85.88 Y163.8
G0 X85.5 Y163.8
;TYPE:WALL-INNER
G1 F1500 E425.53037
G1 X85.4 Y163.8 E425.54367
G1 X85.4 Y56.2 E439.85883
G1 X85.5 Y56.2 E439.87214
G1 X85.5 Y163.8 E441.66377
G0 F9000 X85.83 Y164.13
G0 X86.3 Y164.6
;TYPE:WALL-OUTER
G1 F1500 X84.6 Y164.6 E441.88994
G1 X84.6 Y55.4 E456.41797
G1 X86.3 Y55.4 E456.64414
G1 X86.3 Y164.6 E471.17216
G0 F9000 X85.8 Y163.635
G1 F1500 E464.67216
;MESH:zanza fissa prolunga mobile.stl
G0 F9000 X87.365 Y163.8
G0 X96.16 Y165.661
G0 X102.74 Y165.661
G0 X111.535 Y163.8
G0 X113.02 Y163.8
G0 X113.4 Y163.8
;TYPE:WALL-INNER
G1 F1500 E471.17216
G1 X113.4 Y56.2 E485.48733
G1 X113.5 Y56.2 E485.50063
G1 X113.5 Y163.8 E487.29227
G1 X113.4 Y163.8 E487.30557
G0 F9000 X113.07 Y164.13
G0 X112.6 Y164.6
;TYPE:WALL-OUTER
G1 F1500 X112.6 Y55.4 E501.8336
G1 X114.3 Y55.4 E502.05977
G1 X114.3 Y164.6 E516.58779
G1 X112.6 Y164.6 E516.81396
G0 F9000 X113.1 Y163.635
G1 F1500 E510.31396
G0 F9000 X111.535 Y163.8
G0 X103.365 Y163.8
G0 X101.88 Y163.8
G0 X101.5 Y163.8
;TYPE:WALL-INNER
G1 F1500 E516.81396
G1 X101.4 Y163.8 E516.82727
G1 X101.4 Y56.2 E531.14243
G1 X101.5 Y56.2 E531.15573
G1 X101.5 Y163.8 E532.94737
G0 F9000 X101.83 Y164.13
G0 X102.3 Y164.6
;TYPE:WALL-OUTER
G1 F1500 X100.6 Y164.6 E533.17354
G1 X100.6 Y55.4 E547.70156
G1 X102.3 Y55.4 E547.92773
G1 X102.3 Y164.6 E562.45576
G0 F9000 X101.8 Y163.635
G1 F1500 E555.95576
;MESH:zanza fissa prolunga mobile.stl(1)
G0 F9000 X103.365 Y163.8
G0 X112.16 Y165.661
G0 X114.74 Y165.661
G0 X120.635 Y163.8
G0 X122.12 Y163.8
G0 X122.5 Y163.8
;TYPE:WALL-INNER
G1 F1500 E562.45576
G1 X122.5 Y56.2 E576.77092
G1 X122.6 Y56.2 E576.78422
G1 X122.6 Y163.8 E578.57586
G1 X122.5 Y163.8 E578.58916
G0 F9000 X122.17 Y164.13
G0 X121.7 Y164.6
;TYPE:WALL-OUTER
G1 F1500 X121.7 Y55.4 E593.11719
G1 X123.4 Y55.4 E593.34336
G1 X123.4 Y164.6 E607.87139
G1 X121.7 Y164.6 E608.09756
G0 F9000 X122.2 Y163.635
G1 F1500 E601.59756
G0 F9000 X122.98 Y163.8
G0 X124.465 Y163.8
G0 X132.635 Y163.8
G0 X134.12 Y163.8
G0 X134.5 Y163.8
;TYPE:WALL-INNER
G1 F1500 E608.09756
G1 X134.5 Y56.2 E622.41272
G1 X134.6 Y56.2 E622.42602
G1 X134.6 Y163.8 E624.21766
G1 X134.5 Y163.8 E624.23096
G0 F9000 X134.17 Y164.13
G0 X133.7 Y164.6
;TYPE:WALL-OUTER
G1 F1500 X133.7 Y55.4 E638.75899
G1 X135.4 Y55.4 E638.98516
G1 X135.4 Y164.6 E653.51318
G1 X133.7 Y164.6 E653.73935
G0 F9000 X134.2 Y163.635
G1 F1500 E647.23935
;MESH:zanza fissa prolunga mobile.stl(4)
G0 F9000 X134.98 Y163.8
G0 X136.465 Y163.8
G0 X141.735 Y163.8
G0 X143.22 Y163.8
G0 X143.6 Y163.8
;TYPE:WALL-INNER
G1 F1500 E653.73935
G1 X143.6 Y56.2 E668.05451
G1 X143.7 Y56.2 E668.06782
G1 X143.7 Y163.8 E669.85945
G1 X143.6 Y163.8 E669.87276
G0 F9000 X143.27 Y164.13
G0 X142.8 Y164.6
;TYPE:WALL-OUTER
G1 F1500 X142.8 Y55.4 E684.40078
G1 X144.5 Y55.4 E684.62695
G1 X144.5 Y164.6 E699.15498
G1 X142.8 Y164.6 E699.38115
G0 F9000 X143.3 Y163.635
G1 F1500 E692.88115
G0 F9000 X144.08 Y163.8
G0 X145.565 Y163.8
G0 X153.735 Y163.8
G0 X155.22 Y163.8
G0 X155.6 Y163.8
;TYPE:WALL-INNER
G1 F1500 E699.38115
G1 X155.6 Y56.2 E713.69631
G1 X155.7 Y56.2 E713.70962
G1 X155.7 Y163.8 E715.50125
G1 X155.6 Y163.8 E715.51455
G0 F9000 X155.27 Y164.13
G0 X154.8 Y164.6
;TYPE:WALL-OUTER
G1 F1500 X154.8 Y55.4 E730.04258
G1 X156.5 Y55.4 E730.26875
G1 X156.5 Y164.6 E744.79678
G1 X154.8 Y164.6 E745.02295
G0 F9000 X155.3 Y163.635
G1 F1500 E738.52295
;MESH:zanza fissa prolunga mobile.stl(5)
G0 F9000 X156.08 Y163.8
G0 X157.565 Y163.8
G0 X162.835 Y163.8
G0 X164.32 Y163.8
G0 X164.7 Y163.8
;TYPE:WALL-INNER
G1 F1500 E745.02295
G1 X164.7 Y56.2 E759.33811
G1 X164.8 Y56.2 E759.35141
G1 X164.8 Y163.8 E761.14305
G1 X164.7 Y163.8 E761.15635
G0 F9000 X164.37 Y164.13
G0 X163.9 Y164.6
;TYPE:WALL-OUTER
G1 F1500 X163.9 Y55.4 E775.68438
G1 X165.6 Y55.4 E775.91055
G1 X165.6 Y164.6 E790.43857
G1 X163.9 Y164.6 E790.66474
G0 F9000 X164.4 Y163.635
G1 F1500 E784.16474
G0 F9000 X165.18 Y163.8
G0 X166.665 Y163.8
G0 X174.835 Y163.8
G0 X176.32 Y163.8
G0 X176.7 Y163.8
;TYPE:WALL-INNER
G1 F1500 E790.66474
G1 X176.7 Y56.2 E804.9799
G1 X176.8 Y56.2 E804.99321
G1 X176.8 Y163.8 E806.78484
G1 X176.7 Y163.8 E806.79815
G0 F9000 X176.37 Y164.13
G0 X175.9 Y164.6
;TYPE:WALL-OUTER
G1 F1500 X175.9 Y55.4 E821.32617
G1 X177.6 Y55.4 E821.55234
G1 X177.6 Y164.6 E836.08037
G1 X175.9 Y164.6 E836.30654
G0 F9000 X176.4 Y163.635
G1 F1500 E829.80654
;MESH:NONMESH
G0 F300 X176.4 Y163.635 Z7.6
G0 F9000 X174.835 Y163.8
G0 X166.04 Y165.661
G0 X84.16 Y165.661
G0 X73.165 Y163.8
G0 X71.68 Y163.8
G0 X71.3 Y163.8
;TIME_ELAPSED:8987.441306
;LAYER:18
;TYPE:WALL-INNER
;MESH:zanza fissa prolunga mobile.stl(3)
G1 F1500 E836.30654
G1 X71.2 Y163.8 E836.31984
G1 X71.2 Y56.2 E850.63501
G1 X71.3 Y56.2 E850.64831
G1 X71.3 Y163.8 E852.43994
G0 F9000 X71.63 Y164.13
G0 X72.1 Y164.6
;TYPE:WALL-OUTER
G1 F1500 X70.4 Y164.6 E852.66611
G1 X70.4 Y55.4 E867.19414
G1 X72.1 Y55.4 E867.42031
G1 X72.1 Y164.6 E881.94834
G0 F9000 X71.6 Y163.635
G1 F1500 E875.44834
G0 F9000 X70.82 Y163.8
G0 X69.335 Y163.8
G0 X61.165 Y163.8
G0 X59.68 Y163.8
G0 X59.3 Y163.8
;TYPE:WALL-INNER
G1 F1500 E881.94834
G1 X59.2 Y163.8 E881.96164
G1 X59.2 Y56.2 E896.2768
G1 X59.3 Y56.2 E896.29011
G1 X59.3 Y163.8 E898.08174
G0 F9000 X59.63 Y164.13
G0 X60.1 Y164.6
;TYPE:WALL-OUTER
G1 F1500 X58.4 Y164.6 E898.30791
G1 X58.4 Y55.4 E912.83594
G1 X60.1 Y55.4 E913.06211
G1 X60.1 Y164.6 E927.59013
G0 F9000 X59.6 Y163.635
G1 F1500 E921.09013
;MESH:zanza fissa prolunga mobile.stl(2)
G0 F9000 X61.165 Y163.8
G0 X69.96 Y165.661
G0 X86.74 Y165.661
G0 X95.535 Y163.8
G0 X97.02 Y163.8
G0 X97.5 Y163.8
;TYPE:WALL-INNER
G1 F1500 E927.59013
G1 X97.4 Y163.8 E927.60344
G1 X97.4 Y56.2 E941.9186
G1 X97.5 Y56.2 E941.9319
G1 X97.5 Y163.8 E943.72354
G0 F9000 X97.83 Y164.13
G0 X98.3 Y164.6
;TYPE:WALL-OUTER
G1 F1500 X96.6 Y164.6 E943.94971
G1 X96.6 Y55.4 E958.47773
G1 X98.3 Y55.4 E958.7039
G1 X98.3 Y164.6 E973.23193
G0 F9000 X97.8 Y163.635
G1 F1500 E966.73193
G0 F9000 X97.02 Y163.8
G0 X95.535 Y163.8
G0 X87.365 Y163.8
G0 X85.88 Y163.8
G0 X85.5 Y163.8
;TYPE:WALL-INNER
G1 F1500 E973.23193
G1 X85.4 Y163.8 E973.24523
G1 X85.4 Y56.2 E987.5604
G1 X85.5 Y56.2 E987.5737
G1 X85.5 Y163.8 E989.36534
G0 F9000 X85.83 Y164.13
G0 X86.3 Y164.6
;TYPE:WALL-OUTER
G1 F1500 X84.6 Y164.6 E989.5915
G1 X84.6 Y55.4 E1004.11953
G1 X86.3 Y55.4 E1004.3457
G1 X86.3 Y164.6 E1018.87373
G0 F9000 X85.8 Y163.635
G1 F1500 E1012.37373
;MESH:zanza fissa prolunga mobile.stl
G0 F9000 X87.365 Y163.8
G0 X96.16 Y165.661
G0 X102.74 Y165.661
G0 X111.535 Y163.8
G0 X113.02 Y163.8
G0 X113.4 Y163.8
;TYPE:WALL-INNER
G1 F1500 E1018.87373
G1 X113.4 Y56.2 E1033.18889
G1 X113.5 Y56.2 E1033.20219
G1 X113.5 Y163.8 E1034.99383
G1 X113.4 Y163.8 E1035.00713
G0 F9000 X113.07 Y164.13
G0 X112.6 Y164.6
;TYPE:WALL-OUTER
G1 F1500 X112.6 Y55.4 E1049.53516
G1 X114.3 Y55.4 E1049.76133
G1 X114.3 Y164.6 E1064.28936
G1 X112.6 Y164.6 E1064.51552
G0 F9000 X113.1 Y163.635
G1 F1500 E1058.01552
G0 F9000 X111.535 Y163.8
G0 X103.365 Y163.8
G0 X101.88 Y163.8
G0 X101.5 Y163.8
;TYPE:WALL-INNER
G1 F1500 E1064.51552
G1 X101.4 Y163.8 E1064.52883
G1 X101.4 Y56.2 E1078.84399
G1 X101.5 Y56.2 E1078.85729
G1 X101.5 Y163.8 E1080.64893
G0 F9000 X101.83 Y164.13
G0 X102.3 Y164.6
;TYPE:WALL-OUTER
G1 F1500 X100.6 Y164.6 E1080.8751
G1 X100.6 Y55.4 E1095.40313
G1 X102.3 Y55.4 E1095.62929
G1 X102.3 Y164.6 E1110.15732
G0 F9000 X101.8 Y163.635
G1 F1500 E1103.65732
;MESH:zanza fissa prolunga mobile.stl(1)
G0 F9000 X103.365 Y163.8
G0 X112.16 Y165.661
G0 X114.74 Y165.661
G0 X120.635 Y163.8
G0 X122.12 Y163.8
G0 X122.5 Y163.8
;TYPE:WALL-INNER
G1 F1500 E1110.15732
G1 X122.5 Y56.2 E1124.47248
G1 X122.6 Y56.2 E1124.48579
G1 X122.6 Y163.8 E1126.27742
G1 X122.5 Y163.8 E1126.29073
G0 F9000 X122.17 Y164.13
G0 X121.7 Y164.6
;TYPE:WALL-OUTER
G1 F1500 X121.7 Y55.4 E1140.81875
G1 X123.4 Y55.4 E1141.04492
G1 X123.4 Y164.6 E1155.57295
G1 X121.7 Y164.6 E1155.79912
G0 F9000 X122.2 Y163.635
G1 F1500 E1149.29912
G0 F9000 X122.98 Y163.8
G0 X124.465 Y163.8
G0 X132.635 Y163.8
G0 X134.12 Y163.8
G0 X134.5 Y163.8
;TYPE:WALL-INNER
G1 F1500 E1155.79912
G1 X134.5 Y56.2 E1170.11428
G1 X134.6 Y56.2 E1170.12758
G1 X134.6 Y163.8 E1171.91922
G1 X134.5 Y163.8 E1171.93252
G0 F9000 X134.17 Y164.13
G0 X133.7 Y164.6
;TYPE:WALL-OUTER
G1 F1500 X133.7 Y55.4 E1186.46055
G1 X135.4 Y55.4 E1186.68672
G1 X135.4 Y164.6 E1201.21475
G1 X133.7 Y164.6 E1201.44091
G0 F9000 X134.2 Y163.635
G1 F1500 E1194.94091
;MESH:zanza fissa prolunga mobile.stl(4)
G0 F9000 X134.98 Y163.8
G0 X136.465 Y163.8
G0 X141.735 Y163.8
G0 X143.22 Y163.8
G0 X143.6 Y163.8
;TYPE:WALL-INNER
G1 F1500 E1201.44091
G1 X143.6 Y56.2 E1215.75608
G1 X143.7 Y56.2 E1215.76938
G1 X143.7 Y163.8 E1217.56102
G1 X143.6 Y163.8 E1217.57432
G0 F9000 X143.27 Y164.13
G0 X142.8 Y164.6
;TYPE:WALL-OUTER
G1 F1500 X142.8 Y55.4 E1232.10235
G1 X144.5 Y55.4 E1232.32852
G1 X144.5 Y164.6 E1246.85654
G1 X142.8 Y164.6 E1247.08271
G0 F9000 X143.3 Y163.635
G1 F1500 E1240.58271
G0 F9000 X144.08 Y163.8
G0 X145.565 Y163.8
G0 X153.735 Y163.8
G0 X155.22 Y163.8
G0 X155.6 Y163.8
;TYPE:WALL-INNER
G1 F1500 E1247.08271
G1 X155.6 Y56.2 E1261.39787
G1 X155.7 Y56.2 E1261.41118
G1 X155.7 Y163.8 E1263.20281
G1 X155.6 Y163.8 E1263.21612
G0 F9000 X155.27 Y164.13
G0 X154.8 Y164.6
;TYPE:WALL-OUTER
G1 F1500 X154.8 Y55.4 E1277.74414
G1 X156.5 Y55.4 E1277.97031
G1 X156.5 Y164.6 E1292.49834
G1 X154.8 Y164.6 E1292.72451
G0 F9000 X155.3 Y163.635
G1 F1500 E1286.22451
;MESH:zanza fissa prolunga mobile.stl(5)
G0 F9000 X156.08 Y163.8
G0 X157.565 Y163.8
G0 X162.835 Y163.8
G0 X164.32 Y163.8
G0 X164.7 Y163.8
;TYPE:WALL-INNER
G1 F1500 E1292.72451
G1 X164.7 Y56.2 E1307.03967
G1 X164.8 Y56.2 E1307.05297
G1 X164.8 Y163.8 E1308.84461
G1 X164.7 Y163.8 E1308.85791
G0 F9000 X164.37 Y164.13
G0 X163.9 Y164.6
;TYPE:WALL-OUTER
G1 F1500 X163.9 Y55.4 E1323.38594
G1 X165.6 Y55.4 E1323.61211
G1 X165.6 Y164.6 E1338.14014
G1 X163.9 Y164.6 E1338.36631
G0 F9000 X164.4 Y163.635
G1 F1500 E1331.86631
G0 F9000 X165.18 Y163.8
G0 X166.665 Y163.8
G0 X174.835 Y163.8
G0 X176.32 Y163.8
G0 X176.7 Y163.8
;TYPE:WALL-INNER
G1 F1500 E1338.36631
G1 X176.7 Y56.2 E1352.68147
G1 X176.8 Y56.2 E1352.69477
G1 X176.8 Y163.8 E1354.48641
G1 X176.7 Y163.8 E1354.49971
G0 F9000 X176.37 Y164.13
G0 X175.9 Y164.6
;TYPE:WALL-OUTER
G1 F1500 X175.9 Y55.4 E1369.02774
G1 X177.6 Y55.4 E1369.25391
G1 X177.6 Y164.6 E1383.78193
G1 X175.9 Y164.6 E1384.0081
G0 F9000 X176.4 Y163.635
G1 F1500 E1377.5081
;MESH:NONMESH
G0 F300 X176.4 Y163.635 Z8
G0 F9000 X174.835 Y163.8
G0 X166.04 Y165.661
G0 X84.16 Y165.661
G0 X73.165 Y163.8
G0 X71.68 Y163.8
G0 X71.3 Y163.8
;TIME_ELAPSED:9213.407592
;LAYER:19
;TYPE:WALL-INNER
;MESH:zanza fissa prolunga mobile.stl(3)
G1 F1500 E1384.0081
G1 X71.2 Y163.8 E1384.02141
G1 X71.2 Y56.2 E1398.33657
G1 X71.3 Y56.2 E1398.34987
G1 X71.3 Y163.8 E1400.14151
G0 F9000 X71.63 Y164.13
G0 X72.1 Y164.6
;TYPE:WALL-OUTER
G1 F1500 X70.4 Y164.6 E1400.36768
G1 X70.4 Y55.4 E1414.8957
G1 X72.1 Y55.4 E1415.12187
G1 X72.1 Y164.6 E1429.6499
G0 F9000 X71.6 Y163.635
G1 F1500 E1423.1499
G0 F9000 X70.82 Y163.8
G0 X69.335 Y163.8
G0 X61.165 Y163.8
G0 X59.68 Y163.8
G0 X59.3 Y163.8
;TYPE:WALL-INNER
G1 F1500 E1429.6499
G1 X59.2 Y163.8 E1429.6632
G1 X59.2 Y56.2 E1443.97837
G1 X59.3 Y56.2 E1443.99167
G1 X59.3 Y163.8 E1445.7833
G0 F9000 X59.63 Y164.13
G0 X60.1 Y164.6
;TYPE:WALL-OUTER
G1 F1500 X58.4 Y164.6 E1446.00947
G1 X58.4 Y55.4 E1460.5375
G1 X60.1 Y55.4 E1460.76367
G1 X60.1 Y164.6 E1475.2917
G0 F9000 X59.6 Y163.635
G1 F1500 E1468.7917
;MESH:zanza fissa prolunga mobile.stl(2)
G0 F9000 X61.165 Y163.8
G0 X69.96 Y165.661
G0 X86.74 Y165.661
G0 X95.535 Y163.8
G0 X97.02 Y163.8
G0 X97.5 Y163.8
;TYPE:WALL-INNER
G1 F1500 E1475.2917
G1 X97.4 Y163.8 E1475.305
G1 X97.4 Y56.2 E1489.62016
G1 X97.5 Y56.2 E1489.63347
G1 X97.5 Y163.8 E1491.4251
G0 F9000 X97.83 Y164.13
G0 X98.3 Y164.6
;TYPE:WALL-OUTER
G1 F1500 X96.6 Y164.6 E1491.65127
G1 X96.6 Y55.4 E1506.1793
G1 X98.3 Y55.4 E1506.40547
G1 X98.3 Y164.6 E1520.93349
G0 F9000 X97.8 Y163.635
G1 F1500 E1514.43349
G0 F9000 X97.02 Y163.8
G0 X95.535 Y163.8
G0 X87.365 Y163.8
G0 X85.88 Y163.8
G0 X85.5 Y163.8
;TYPE:WALL-INNER
G1 F1500 E1520.93349
G1 X85.4 Y163.8 E1520.9468
G1 X85.4 Y56.2 E1535.26196
G1 X85.5 Y56.2 E1535.27526
G1 X85.5 Y163.8 E1537.0669
G0 F9000 X85.83 Y164.13
G0 X86.3 Y164.6
;TYPE:WALL-OUTER
G1 F1500 X84.6 Y164.6 E1537.29307
G1 X84.6 Y55.4 E1551.82109
G1 X86.3 Y55.4 E1552.04726
G1 X86.3 Y164.6 E1566.57529
G0 F9000 X85.8 Y163.635
G1 F1500 E1560.07529
;MESH:zanza fissa prolunga mobile.stl
G0 F9000 X87.365 Y163.8
G0 X96.16 Y165.661
G0 X102.74 Y165.661
G0 X111.535 Y163.8
G0 X113.02 Y163.8
G0 X113.4 Y163.8
;TYPE:WALL-INNER
G1 F1500 E1566.57529
G1 X113.4 Y56.2 E1580.89045
G1 X113.5 Y56.2 E1580.90376
G1 X113.5 Y163.8 E1582.69539
G1 X113.4 Y163.8 E1582.70869
G0 F9000 X113.07 Y164.13
G0 X112.6 Y164.6
;TYPE:WALL-OUTER
G1 F1500 X112.6 Y55.4 E1597.23672
G1 X114.3 Y55.4 E1597.46289
G1 X114.3 Y164.6 E1611.99092
G1 X112.6 Y164.6 E1612.21709
G0 F9000 X113.1 Y163.635
G1 F1500 E1605.71709
G0 F9000 X111.535 Y163.8
G0 X103.365 Y163.8
G0 X101.88 Y163.8
G0 X101.5 Y163.8
;TYPE:WALL-INNER
G1 F1500 E1612.21709
G1 X101.4 Y163.8 E1612.23039
G1 X101.4 Y56.2 E1626.54555
G1 X101.5 Y56.2 E1626.55886
G1 X101.5 Y163.8 E1628.35049
G0 F9000 X101.83 Y164.13
G0 X102.3 Y164.6
;TYPE:WALL-OUTER
G1 F1500 X100.6 Y164.6 E1628.57666
G1 X100.6 Y55.4 E1643.10469
G1 X102.3 Y55.4 E1643.33086
G1 X102.3 Y164.6 E1657.85888
G0 F9000 X101.8 Y163.635
G1 F1500 E1651.35888
;MESH:zanza fissa prolunga mobile.stl(1)
G0 F9000 X103.365 Y163.8
G0 X112.16 Y165.661
G0 X114.74 Y165.661
G0 X120.635 Y163.8
G0 X122.12 Y163.8
G0 X122.5 Y163.8
;TYPE:WALL-INNER
G1 F1500 E1657.85888
G1 X122.5 Y56.2 E1672.17405
G1 X122.6 Y56.2 E1672.18735
G1 X122.6 Y163.8 E1673.97898
G1 X122.5 Y163.8 E1673.99229
G0 F9000 X122.17 Y164.13
G0 X121.7 Y164.6
;TYPE:WALL-OUTER
G1 F1500 X121.7 Y55.4 E1688.52032
G1 X123.4 Y55.4 E1688.74648
G1 X123.4 Y164.6 E1703.27451
G1 X121.7 Y164.6 E1703.50068
G0 F9000 X122.2 Y163.635
G1 F1500 E1697.00068
G0 F9000 X122.98 Y163.8
G0 X124.465 Y163.8
G0 X132.635 Y163.8
G0 X134.12 Y163.8
G0 X134.5 Y163.8
;TYPE:WALL-INNER
G1 F1500 E1703.50068
G1 X134.5 Y56.2 E1717.81584
G1 X134.6 Y56.2 E1717.82915
G1 X134.6 Y163.8 E1719.62078
G1 X134.5 Y163.8 E1719.63409
G0 F9000 X134.17 Y164.13
G0 X133.7 Y164.6
;TYPE:WALL-OUTER
G1 F1500 X133.7 Y55.4 E1734.16211
G1 X135.4 Y55.4 E1734.38828
G1 X135.4 Y164.6 E1748.91631
G1 X133.7 Y164.6 E1749.14248
G0 F9000 X134.2 Y163.635
G1 F1500 E1742.64248
;MESH:zanza fissa prolunga mobile.stl(4)
G0 F9000 X134.98 Y163.8
G0 X136.465 Y163.8
G0 X141.735 Y163.8
G0 X143.22 Y163.8
G0 X143.6 Y163.8
;TYPE:WALL-INNER
G1 F1500 E1749.14248
G1 X143.6 Y56.2 E1763.45764
G1 X143.7 Y56.2 E1763.47094
G1 X143.7 Y163.8 E1765.26258
G1 X143.6 Y163.8 E1765.27588
G0 F9000 X143.27 Y164.13
G0 X142.8 Y164.6
;TYPE:WALL-OUTER
G1 F1500 X142.8 Y55.4 E1779.80391
G1 X144.5 Y55.4 E1780.03008
G1 X144.5 Y164.6 E1794.55811
G1 X142.8 Y164.6 E1794.78427
G0 F9000 X143.3 Y163.635
G1 F1500 E1788.28427
G0 F9000 X144.08 Y163.8
G0 X145.565 Y163.8
G0 X153.735 Y163.8
G0 X155.22 Y163.8
G0 X155.6 Y163.8
;TYPE:WALL-INNER
G1 F1500 E1794.78427
G1 X155.6 Y56.2 E1809.09944
G1 X155.7 Y56.2 E1809.11274
G1 X155.7 Y163.8 E1810.90438
G1 X155.6 Y163.8 E1810.91768
G0 F9000 X155.27 Y164.13
G0 X154.8 Y164.6
;TYPE:WALL-OUTER
G1 F1500 X154.8 Y55.4 E1825.44571
G1 X156.5 Y55.4 E1825.67188
G1 X156.5 Y164.6 E1840.1999
G1 X154.8 Y164.6 E1840.42607
G0 F9000 X155.3 Y163.635
G1 F1500 E1833.92607
;MESH:zanza fissa prolunga mobile.stl(5)
G0 F9000 X156.08 Y163.8
G0 X157.565 Y163.8
G0 X162.835 Y163.8
G0 X164.32 Y163.8
G0 X164.7 Y163.8
;TYPE:WALL-INNER
G1 F1500 E1840.42607
G1 X164.7 Y56.2 E1854.74123
G1 X164.8 Y56.2 E1854.75454
G1 X164.8 Y163.8 E1856.54617
G1 X164.7 Y163.8 E1856.55948
G0 F9000 X164.37 Y164.13
G0 X163.9 Y164.6
;TYPE:WALL-OUTER
G1 F1500 X163.9 Y55.4 E1871.0875
G1 X165.6 Y55.4 E1871.31367
G1 X165.6 Y164.6 E1885.8417
G1 X163.9 Y164.6 E1886.06787
G0 F9000 X164.4 Y163.635
G1 F1500 E1879.56787
G0 F9000 X165.18 Y163.8
G0 X166.665 Y163.8
G0 X174.835 Y163.8
G0 X176.32 Y163.8
G0 X176.7 Y163.8
;TYPE:WALL-INNER
G1 F1500 E1886.06787
G1 X176.7 Y56.2 E1900.38303
G1 X176.8 Y56.2 E1900.39633
G1 X176.8 Y163.8 E1902.18797
G1 X176.7 Y163.8 E1902.20127
G0 F9000 X176.37 Y164.13
G0 X175.9 Y164.6
;TYPE:WALL-OUTER
G1 F1500 X175.9 Y55.4 E1916.7293
G1 X177.6 Y55.4 E1916.95547
G1 X177.6 Y164.6 E1931.4835
G1 X175.9 Y164.6 E1931.70966
G0 F9000 X176.4 Y163.635
G1 F1500 E1925.20966
;MESH:NONMESH
G0 F300 X176.4 Y163.635 Z8.4
G0 F9000 X174.835 Y163.8
G0 X166.04 Y165.661
G0 X84.16 Y165.661
G0 X73.165 Y163.8
G0 X71.68 Y163.8
G0 X71.3 Y163.8
;TIME_ELAPSED:9439.373878
;LAYER:20
;TYPE:WALL-INNER
;MESH:zanza fissa prolunga mobile.stl(3)
G1 F1500 E1931.70966
G1 X71.2 Y163.8 E1931.72297
G1 X71.2 Y56.2 E1946.03813
G1 X71.3 Y56.2 E1946.05144
G1 X71.3 Y163.8 E1947.84307
G0 F9000 X71.63 Y164.13
G0 X72.1 Y164.6
;TYPE:WALL-OUTER
G1 F1500 X70.4 Y164.6 E1948.06924
G1 X70.4 Y55.4 E1962.59727
G1 X72.1 Y55.4 E1962.82343
G1 X72.1 Y164.6 E1977.35146
G0 F9000 X71.6 Y163.635
G1 F1500 E1970.85146
G0 F9000 X70.82 Y163.8
G0 X69.335 Y163.8
G0 X61.165 Y163.8
G0 X59.68 Y163.8
G0 X59.3 Y163.8
;TYPE:WALL-INNER
G1 F1500 E1977.35146
G1 X59.2 Y163.8 E1977.36477
G1 X59.2 Y56.2 E1991.67993
G1 X59.3 Y56.2 E1991.69323
G1 X59.3 Y163.8 E1993.48487
G0 F9000 X59.63 Y164.13
G0 X60.1 Y164.6
;TYPE:WALL-OUTER
G1 F1500 X58.4 Y164.6 E1993.71104
G1 X58.4 Y55.4 E2008.23906
G1 X60.1 Y55.4 E2008.46523
G1 X60.1 Y164.6 E2022.99326
G0 F9000 X59.6 Y163.635
G1 F1500 E2016.49326
;MESH:zanza fissa prolunga mobile.stl(2)
G0 F9000 X61.165 Y163.8
G0 X69.96 Y165.661
G0 X86.74 Y165.661
G0 X95.535 Y163.8
G0 X97.02 Y163.8
G0 X97.5 Y163.8
;TYPE:WALL-INNER
G1 F1500 E2022.99326
G1 X97.4 Y163.8 E2023.00656
G1 X97.4 Y56.2 E2037.32172
G1 X97.5 Y56.2 E2037.33503
G1 X97.5 Y163.8 E2039.12666
G0 F9000 X97.83 Y164.13
G0 X98.3 Y164.6
;TYPE:WALL-OUTER
G1 F1500 X96.6 Y164.6 E2039.35283
G1 X96.6 Y55.4 E2053.88086
G1 X98.3 Y55.4 E2054.10703
G1 X98.3 Y164.6 E2068.63506
G0 F9000 X97.8 Y163.635
G1 F1500 E2062.13506
G0 F9000 X97.02 Y163.8
G0 X95.535 Y163.8
G0 X87.365 Y163.8
G0 X85.88 Y163.8
G0 X85.5 Y163.8
;TYPE:WALL-INNER
G1 F1500 E2068.63506
G1 X85.4 Y163.8 E2068.64836
G1 X85.4 Y56.2 E2082.96352
G1 X85.5 Y56.2 E2082.97683
G1 X85.5 Y163.8 E2084.76846
G0 F9000 X85.83 Y164.13
G0 X86.3 Y164.6
;TYPE:WALL-OUTER
G1 F1500 X84.6 Y164.6 E2084.99463
G1 X84.6 Y55.4 E2099.52266
G1 X86.3 Y55.4 E2099.74883
G1 X86.3 Y164.6 E2114.27685
G0 F9000 X85.8 Y163.635
G1 F1500 E2107.77685
;MESH:zanza fissa prolunga mobile.stl
G0 F9000 X87.365 Y163.8
G0 X96.16 Y165.661
G0 X102.74 Y165.661
G0 X111.535 Y163.8
G0 X113.02 Y163.8
G0 X113.4 Y163.8
;TYPE:WALL-INNER
G1 F1500 E2114.27685
G1 X113.4 Y56.2 E2128.59201
G1 X113.5 Y56.2 E2128.60532
G1 X113.5 Y163.8 E2130.39695
G1 X113.4 Y163.8 E2130.41026
G0 F9000 X113.07 Y164.13
G0 X112.6 Y164.6
;TYPE:WALL-OUTER
G1 F1500 X112.6 Y55.4 E2144.93828
G1 X114.3 Y55.4 E2145.16445
G1 X114.3 Y164.6 E2159.69248
G1 X112.6 Y164.6 E2159.91865
G0 F9000 X113.1 Y163.635
G1 F1500 E2153.41865
G0 F9000 X111.535 Y163.8
G0 X103.365 Y163.8
G0 X101.88 Y163.8
G0 X101.5 Y163.8
;TYPE:WALL-INNER
G1 F1500 E2159.91865
G1 X101.4 Y163.8 E2159.93195
G1 X101.4 Y56.2 E2174.24712
G1 X101.5 Y56.2 E2174.26042
G1 X101.5 Y163.8 E2176.05205
G0 F9000 X101.83 Y164.13
G0 X102.3 Y164.6
;TYPE:WALL-OUTER
G1 F1500 X100.6 Y164.6 E2176.27822
G1 X100.6 Y55.4 E2190.80625
G1 X102.3 Y55.4 E2191.03242
G1 X102.3 Y164.6 E2205.56045
G0 F9000 X101.8 Y163.635
G1 F1500 E2199.06045
;MESH:zanza fissa prolunga mobile.stl(1)
G0 F9000 X103.365 Y163.8
G0 X112.16 Y165.661
G0 X114.74 Y165.661
G0 X120.635 Y163.8
G0 X122.12 Y163.8
G0 X122.5 Y163.8
;TYPE:WALL-INNER
G1 F1500 E2205.56045
G1 X122.5 Y56.2 E2219.87561
G1 X122.6 Y56.2 E2219.88891
G1 X122.6 Y163.8 E2221.68055
G1 X122.5 Y163.8 E2221.69385
G0 F9000 X122.17 Y164.13
G0 X121.7 Y164.6
;TYPE:WALL-OUTER
G1 F1500 X121.7 Y55.4 E2236.22188
G1 X123.4 Y55.4 E2236.44805
G1 X123.4 Y164.6 E2250.97607
G1 X121.7 Y164.6 E2251.20224
G0 F9000 X122.2 Y163.635
G1 F1500 E2244.70224
G0 F9000 X122.98 Y163.8
G0 X124.465 Y163.8
G0 X132.635 Y163.8
G0 X134.12 Y163.8
G0 X134.5 Y163.8
;TYPE:WALL-INNER
G1 F1500 E2251.20224
G1 X134.5 Y56.2 E2265.51741
G1 X134.6 Y56.2 E2265.53071
G1 X134.6 Y163.8 E2267.32234
G1 X134.5 Y163.8 E2267.33565
G0 F9000 X134.17 Y164.13
G0 X133.7 Y164.6
;TYPE:WALL-OUTER
G1 F1500 X133.7 Y55.4 E2281.86368
G1 X135.4 Y55.4 E2282.08984
G1 X135.4 Y164.6 E2296.61787
G1 X133.7 Y164.6 E2296.84404
G0 F9000 X134.2 Y163.635
G1 F1500 E2290.34404
;MESH:zanza fissa prolunga mobile.stl(4)
G0 F9000 X134.98 Y163.8
G0 X136.465 Y163.8
G0 X141.735 Y163.8
G0 X143.22 Y163.8
G0 X143.6 Y163.8
;TYPE:WALL-INNER
G1 F1500 E2296.84404
G1 X143.6 Y56.2 E2311.1592
G1 X143.7 Y56.2 E2311.17251
G1 X143.7 Y163.8 E2312.96414
G1 X143.6 Y163.8 E2312.97744
G0 F9000 X143.27 Y164.13
G0 X142.8 Y164.6
;TYPE:WALL-OUTER
G1 F1500 X142.8 Y55.4 E2327.50547
G1 X144.5 Y55.4 E2327.73164
G1 X144.5 Y164.6 E2342.25967
G1 X142.8 Y164.6 E2342.48584
G0 F9000 X143.3 Y163.635
G1 F1500 E2335.98584
G0 F9000 X144.08 Y163.8
G0 X145.565 Y163.8
G0 X153.735 Y163.8
G0 X155.22 Y163.8
G0 X155.6 Y163.8
;TYPE:WALL-INNER
G1 F1500 E2342.48584
G1 X155.6 Y56.2 E2356.801
G1 X155.7 Y56.2 E2356.8143
G1 X155.7 Y163.8 E2358.60594
G1 X155.6 Y163.8 E2358.61924
G0 F9000 X155.27 Y164.13
G0 X154.8 Y164.6
;TYPE:WALL-OUTER
G1 F1500 X154.8 Y55.4 E2373.14727
G1 X156.5 Y55.4 E2373.37344
G1 X156.5 Y164.6 E2387.90146
G1 X154.8 Y164.6 E2388.12763
G0 F9000 X155.3 Y163.635
G1 F1500 E2381.62763
;MESH:zanza fissa prolunga mobile.stl(5)
G0 F9000 X156.08 Y163.8
G0 X157.565 Y163.8
G0 X162.835 Y163.8
G0 X164.32 Y163.8
G0 X164.7 Y163.8
;TYPE:WALL-INNER
G1 F1500 E2388.12763
G1 X164.7 Y56.2 E2402.4428
G1 X164.8 Y56.2 E2402.4561
G1 X164.8 Y163.8 E2404.24773
G1 X164.7 Y163.8 E2404.26104
G0 F9000 X164.37 Y164.13
G0 X163.9 Y164.6
;TYPE:WALL-OUTER
G1 F1500 X163.9 Y55.4 E2418.78907
G1 X165.6 Y55.4 E2419.01523
G1 X165.6 Y164.6 E2433.54326
G1 X163.9 Y164.6 E2433.76943
G0 F9000 X164.4 Y163.635
G1 F1500 E2427.26943
G0 F9000 X165.18 Y163.8
G0 X166.665 Y163.8
G0 X174.835 Y163.8
G0 X176.32 Y163.8
G0 X176.7 Y163.8
;TYPE:WALL-INNER
G1 F1500 E2433.76943
G1 X176.7 Y56.2 E2448.08459
G1 X176.8 Y56.2 E2448.0979
G1 X176.8 Y163.8 E2449.88953
G1 X176.7 Y163.8 E2449.90284
G0 F9000 X176.37 Y164.13
G0 X175.9 Y164.6
;TYPE:WALL-OUTER
G1 F1500 X175.9 Y55.4 E2464.43086
G1 X177.6 Y55.4 E2464.65703
G1 X177.6 Y164.6 E2479.18506
G1 X175.9 Y164.6 E2479.41123
G0 F9000 X176.4 Y163.635
G1 F1500 E2472.91123
;MESH:NONMESH
G0 F300 X176.4 Y163.635 Z8.8
G0 F9000 X174.835 Y163.8
G0 X166.04 Y165.661
G0 X84.16 Y165.661
G0 X73.165 Y163.8
G0 X71.68 Y163.8
G0 X71.3 Y163.8
;TIME_ELAPSED:9665.340164
;LAYER:21
;TYPE:WALL-INNER
;MESH:zanza fissa prolunga mobile.stl(3)
G1 F1500 E2479.41123
G1 X71.2 Y163.8 E2479.42453
G1 X71.2 Y56.2 E2493.73969
G1 X71.3 Y56.2 E2493.753
G1 X71.3 Y163.8 E2495.54463
G0 F9000 X71.63 Y164.13
G0 X72.1 Y164.6
;TYPE:WALL-OUTER
G1 F1500 X70.4 Y164.6 E2495.7708
G1 X70.4 Y55.4 E2510.29883
G1 X72.1 Y55.4 E2510.525
G1 X72.1 Y164.6 E2525.05302
G0 F9000 X71.6 Y163.635
G1 F1500 E2518.55302
G0 F9000 X70.82 Y163.8
G0 X69.335 Y163.8
G0 X61.165 Y163.8
G0 X59.68 Y163.8
G0 X59.3 Y163.8
;TYPE:WALL-INNER
G1 F1500 E2525.05302
G1 X59.2 Y163.8 E2525.06633
G1 X59.2 Y56.2 E2539.38149
G1 X59.3 Y56.2 E2539.39479
G1 X59.3 Y163.8 E2541.18643
G0 F9000 X59.63 Y164.13
G0 X60.1 Y164.6
;TYPE:WALL-OUTER
G1 F1500 X58.4 Y164.6 E2541.4126
G1 X58.4 Y55.4 E2555.94063
G1 X60.1 Y55.4 E2556.16679
G1 X60.1 Y164.6 E2570.69482
G0 F9000 X59.6 Y163.635
G1 F1500 E2564.19482
;MESH:zanza fissa prolunga mobile.stl(2)
G0 F9000 X61.165 Y163.8
G0 X69.96 Y165.661
G0 X86.74 Y165.661
G0 X95.535 Y163.8
G0 X97.02 Y163.8
G0 X97.5 Y163.8
;TYPE:WALL-INNER
G1 F1500 E2570.69482
G1 X97.4 Y163.8 E2570.70813
G1 X97.4 Y56.2 E2585.02329
G1 X97.5 Y56.2 E2585.03659
G1 X97.5 Y163.8 E2586.82823
G0 F9000 X97.83 Y164.13
G0 X98.3 Y164.6
;TYPE:WALL-OUTER
G1 F1500 X96.6 Y164.6 E2587.0544
G1 X96.6 Y55.4 E2601.58242
G1 X98.3 Y55.4 E2601.80859
G1 X98.3 Y164.6 E2616.33662
G0 F9000 X97.8 Y163.635
G1 F1500 E2609.83662
G0 F9000 X97.02 Y163.8
G0 X95.535 Y163.8
G0 X87.365 Y163.8
G0 X85.88 Y163.8
G0 X85.5 Y163.8
;TYPE:WALL-INNER
G1 F1500 E2616.33662
G1 X85.4 Y163.8 E2616.34992
G1 X85.4 Y56.2 E2630.66508
G1 X85.5 Y56.2 E2630.67839
G1 X85.5 Y163.8 E2632.47002
G0 F9000 X85.83 Y164.13
G0 X86.3 Y164.6
;TYPE:WALL-OUTER
G1 F1500 X84.6 Y164.6 E2632.69619
G1 X84.6 Y55.4 E2647.22422
G1 X86.3 Y55.4 E2647.45039
G1 X86.3 Y164.6 E2661.97841
G0 F9000 X85.8 Y163.635
G1 F1500 E2655.47841
;MESH:zanza fissa prolunga mobile.stl
G0 F9000 X87.365 Y163.8
G0 X96.16 Y165.661
G0 X102.74 Y165.661
G0 X111.535 Y163.8
G0 X113.02 Y163.8
G0 X113.4 Y163.8
;TYPE:WALL-INNER
G1 F1500 E2661.97841
G1 X113.4 Y56.2 E2676.29358
G1 X113.5 Y56.2 E2676.30688
G1 X113.5 Y163.8 E2678.09852
G1 X113.4 Y163.8 E2678.11182
G0 F9000 X113.07 Y164.13
G0 X112.6 Y164.6
;TYPE:WALL-OUTER
G1 F1500 X112.6 Y55.4 E2692.63985
G1 X114.3 Y55.4 E2692.86602
G1 X114.3 Y164.6 E2707.39404
G1 X112.6 Y164.6 E2707.62021
G0 F9000 X113.1 Y163.635
G1 F1500 E2701.12021
G0 F9000 X111.535 Y163.8
G0 X103.365 Y163.8
G0 X101.88 Y163.8
G0 X101.5 Y163.8
;TYPE:WALL-INNER
G1 F1500 E2707.62021
G1 X101.4 Y163.8 E2707.63352
G1 X101.4 Y56.2 E2721.94868
G1 X101.5 Y56.2 E2721.96198
G1 X101.5 Y163.8 E2723.75362
G0 F9000 X101.83 Y164.13
G0 X102.3 Y164.6
;TYPE:WALL-OUTER
G1 F1500 X100.6 Y164.6 E2723.97979
G1 X100.6 Y55.4 E2738.50781
G1 X102.3 Y55.4 E2738.73398
G1 X102.3 Y164.6 E2753.26201
G0 F9000 X101.8 Y163.635
G1 F1500 E2746.76201
;MESH:zanza fissa prolunga mobile.stl(1)
G0 F9000 X103.365 Y163.8
G0 X112.16 Y165.661
G0 X114.74 Y165.661
G0 X120.635 Y163.8
G0 X122.12 Y163.8
G0 X122.5 Y163.8
;TYPE:WALL-INNER
G1 F1500 E2753.26201
G1 X122.5 Y56.2 E2767.57717
G1 X122.6 Y56.2 E2767.59047
G1 X122.6 Y163.8 E2769.38211
G1 X122.5 Y163.8 E2769.39541
G0 F9000 X122.17 Y164.13
G0 X121.7 Y164.6
;TYPE:WALL-OUTER
G1 F1500 X121.7 Y55.4 E2783.92344
G1 X123.4 Y55.4 E2784.14961
G1 X123.4 Y164.6 E2798.67764
G1 X121.7 Y164.6 E2798.90381
G0 F9000 X122.2 Y163.635
G1 F1500 E2792.40381
G0 F9000 X122.98 Y163.8
G0 X124.465 Y163.8
G0 X132.635 Y163.8
G0 X134.12 Y163.8
G0 X134.5 Y163.8
;TYPE:WALL-INNER
G1 F1500 E2798.90381
G1 X134.5 Y56.2 E2813.21897
G1 X134.6 Y56.2 E2813.23227
G1 X134.6 Y163.8 E2815.02391
G1 X134.5 Y163.8 E2815.03721
G0 F9000 X134.17 Y164.13
G0 X133.7 Y164.6
;TYPE:WALL-OUTER
G1 F1500 X133.7 Y55.4 E2829.56524
G1 X135.4 Y55.4 E2829.79141
G1 X135.4 Y164.6 E2844.31943
G1 X133.7 Y164.6 E2844.5456
G0 F9000 X134.2 Y163.635
G1 F1500 E2838.0456
;MESH:zanza fissa prolunga mobile.stl(4)
G0 F9000 X134.98 Y163.8
G0 X136.465 Y163.8
G0 X141.735 Y163.8
G0 X143.22 Y163.8
G0 X143.6 Y163.8
;TYPE:WALL-INNER
G1 F1500 E2844.5456
G1 X143.6 Y56.2 E2858.86076
G1 X143.7 Y56.2 E2858.87407
G1 X143.7 Y163.8 E2860.6657
G1 X143.6 Y163.8 E2860.67901
G0 F9000 X143.27 Y164.13
G0 X142.8 Y164.6
;TYPE:WALL-OUTER
G1 F1500 X142.8 Y55.4 E2875.20703
G1 X144.5 Y55.4 E2875.4332
G1 X144.5 Y164.6 E2889.96123
G1 X142.8 Y164.6 E2890.1874
G0 F9000 X143.3 Y163.635
G1 F1500 E2883.6874
G0 F9000 X144.08 Y163.8
G0 X145.565 Y163.8
G0 X153.735 Y163.8
G0 X155.22 Y163.8
G0 X155.6 Y163.8
;TYPE:WALL-INNER
G1 F1500 E2890.1874
G1 X155.6 Y56.2 E2904.50256
G1 X155.7 Y56.2 E2904.51587
G1 X155.7 Y163.8 E2906.3075
G1 X155.6 Y163.8 E2906.3208
G0 F9000 X155.27 Y164.13
G0 X154.8 Y164.6
;TYPE:WALL-OUTER
G1 F1500 X154.8 Y55.4 E2920.84883
G1 X156.5 Y55.4 E2921.075
G1 X156.5 Y164.6 E2935.60303
G1 X154.8 Y164.6 E2935.8292
G0 F9000 X155.3 Y163.635
G1 F1500 E2929.3292
;MESH:zanza fissa prolunga mobile.stl(5)
G0 F9000 X156.08 Y163.8
G0 X157.565 Y163.8
G0 X162.835 Y163.8
G0 X164.32 Y163.8
G0 X164.7 Y163.8
;TYPE:WALL-INNER
G1 F1500 E2935.8292
G1 X164.7 Y56.2 E2950.14436
G1 X164.8 Y56.2 E2950.15766
G1 X164.8 Y163.8 E2951.9493
G1 X164.7 Y163.8 E2951.9626
G0 F9000 X164.37 Y164.13
G0 X163.9 Y164.6
;TYPE:WALL-OUTER
G1 F1500 X163.9 Y55.4 E2966.49063
G1 X165.6 Y55.4 E2966.7168
G1 X165.6 Y164.6 E2981.24482
G1 X163.9 Y164.6 E2981.47099
G0 F9000 X164.4 Y163.635
G1 F1500 E2974.97099
G0 F9000 X165.18 Y163.8
G0 X166.665 Y163.8
G0 X174.835 Y163.8
G0 X176.32 Y163.8
G0 X176.7 Y163.8
;TYPE:WALL-INNER
G1 F1500 E2981.47099
G1 X176.7 Y56.2 E2995.78616
G1 X176.8 Y56.2 E2995.79946
G1 X176.8 Y163.8 E2997.59109
G1 X176.7 Y163.8 E2997.6044
G0 F9000 X176.37 Y164.13
G0 X175.9 Y164.6
;TYPE:WALL-OUTER
G1 F1500 X175.9 Y55.4 E3012.13243
G1 X177.6 Y55.4 E3012.35859
G1 X177.6 Y164.6 E3026.88662
G1 X175.9 Y164.6 E3027.11279
G0 F9000 X176.4 Y163.635
;TIME_ELAPSED:9889.773097
G1 F1500 E3020.61279
M140 S0
G91 ;Relative positioning
G1 E-2 F2700 ;Retract a bit
G1 E-2 Z0.2 F2400 ;Retract and raise Z
G1 X5 Y5 F3000 ;Wipe out
G1 Z10 ;Raise Z more
G90 ;Absolute positioning

G1 X0 Y220 ;Present print
M106 S0 ;Turn-off fan
M104 S0 ;Turn-off hotend
M140 S0 ;Turn-off bed

M84 X Y E ;Disable all steppers but Z

M82 ;absolute extrusion mode
M104 S0
;End of Gcode
;SETTING_3 {"global_quality": "[general]\\nversion = 4\\nname = Draft Quality #2
;SETTING_3 \\ndefinition = creality_ender3pro\\n\\n[metadata]\\ntype = quality_c
;SETTING_3 hanges\\nquality_type = draft\\nsetting_version = 17\\n\\n[values]\\n
;SETTING_3 adhesion_type = brim\\nlayer_height = 0.4\\nlayer_height_0 = 0.4\\nsu
;SETTING_3 pport_enable = True\\n\\n", "extruder_quality": ["[general]\\nversion
;SETTING_3  = 4\\nname = Draft Quality #2\\ndefinition = creality_ender3pro\\n\\
;SETTING_3 n[metadata]\\ntype = quality_changes\\nquality_type = draft\\nsetting
;SETTING_3 _version = 17\\nposition = 0\\n\\n[values]\\nbrim_outside_only = Fals
;SETTING_3 e\\ncool_fan_enabled = False\\ninfill_sparse_density = 100\\nmaterial
;SETTING_3 _print_temperature = 245.0\\n\\n"]}
